# Blender 4.4.3
# www.blender.org
mtllib left_arm_link7.mtl
o left_arm_link7
v 0.006000 -0.019700 -0.000000
v 0.006300 -0.020000 -0.000000
v 0.006300 -0.019499 0.004450
v 0.006300 -0.016844 0.010783
v 0.006000 -0.015402 0.012283
v 0.006000 -0.017749 0.008548
v 0.006000 -0.019206 0.004384
v 0.006300 -0.018764 0.006922
v 0.006300 -0.018019 0.008678
v 0.006300 -0.015637 0.012470
v 0.006300 -0.014629 0.013638
v 0.006000 -0.012283 0.015402
v 0.006300 -0.012470 0.015637
v 0.006300 -0.011855 0.016108
v 0.006000 -0.008548 0.017749
v 0.006300 -0.008678 0.018019
v 0.006300 -0.007831 0.018403
v 0.006000 -0.004384 0.019206
v 0.006300 -0.000000 0.020000
v 0.006000 -0.000000 0.019700
v 0.006300 -0.003388 0.019711
v 0.006300 -0.004450 0.019499
v 0.006000 -0.014722 -0.013538
v 0.006150 -0.014675 -0.013588
v 0.006000 -0.011855 -0.016108
v 0.006300 -0.014629 -0.013638
v 0.006300 -0.012470 -0.015637
v 0.006000 -0.014722 0.013538
v 0.006000 -0.011855 0.016108
v 0.006150 -0.014675 0.013588
v 0.006300 -0.011855 -0.016108
v 0.006300 -0.008678 -0.018019
v 0.006000 -0.007831 -0.018403
v 0.006300 0.000000 -0.020000
v 0.006000 0.001238 -0.019962
v 0.006000 -0.003388 -0.019711
v 0.006300 -0.007831 -0.018403
v 0.006300 -0.004450 -0.019499
v 0.006300 -0.003388 -0.019711
v 0.006300 0.001238 -0.019962
v 0.006300 0.001465 -0.019946
v 0.006000 0.005797 -0.019141
v 0.006300 0.005797 -0.019141
v 0.006300 0.005981 -0.019085
v 0.006000 0.010045 -0.017294
v 0.006300 0.010181 -0.017215
v 0.006300 0.013843 -0.014435
v 0.006000 0.013754 -0.014520
v 0.006300 0.016773 -0.010893
v 0.006000 0.016726 -0.010966
v 0.006300 0.018818 -0.006775
v 0.006000 0.018800 -0.006824
v 0.006300 0.019867 -0.002299
v 0.006000 0.019865 -0.002316
v 0.006000 0.020000 0.000000
v 0.006300 0.020000 0.000000
v 0.006000 0.019865 0.002316
v 0.006300 0.019867 0.002299
v 0.006300 0.018818 0.006775
v 0.006000 0.018800 0.006824
v 0.006300 0.016773 0.010893
v 0.006000 0.016726 0.010966
v 0.006300 0.013843 0.014435
v 0.006000 0.013754 0.014520
v 0.006300 0.010181 0.017215
v 0.006000 0.010045 0.017295
v 0.006000 0.005797 0.019142
v 0.006300 0.005981 0.019085
v 0.006300 0.005797 0.019142
v 0.006000 0.001238 0.019962
v 0.006300 0.001465 0.019946
v 0.006300 0.001238 0.019962
v 0.006000 -0.003388 0.019711
v 0.006000 -0.007831 0.018403
v 0.006000 0.001443 0.019647
v 0.006000 0.000000 -0.019700
v 0.006000 0.001443 -0.019647
v 0.006000 0.005891 0.018799
v 0.006000 0.010028 0.016957
v 0.006000 0.013635 0.014219
v 0.006000 0.016522 0.010729
v 0.006000 0.018535 0.006673
v 0.006000 0.019569 0.002264
v 0.006000 0.019700 0.000000
v 0.006000 0.019569 -0.002264
v 0.006000 0.018535 -0.006673
v 0.006000 0.016522 -0.010729
v 0.006000 0.013635 -0.014219
v 0.006000 0.010028 -0.016957
v 0.006000 0.005891 -0.018798
v 0.006731 -0.017631 0.013690
v 0.006730 -0.017677 0.013748
v 0.006000 -0.017834 0.013310
v 0.006639 -0.015746 0.013048
v 0.006670 -0.016112 0.013009
v 0.006001 -0.016010 0.012788
v 0.006694 -0.016433 0.013029
v 0.006000 -0.016674 0.012747
v 0.006727 -0.017092 0.013248
v 0.006000 -0.017187 0.012868
v 0.006000 -0.017348 0.012941
v 0.006567 -0.015074 0.013301
v 0.006500 -0.014569 0.013702
v 0.006590 -0.015275 0.013198
v 0.006000 -0.015433 0.012996
v 0.006000 -0.015245 0.013103
v 0.000000 -0.018581 -0.008703
v 0.000000 -0.017205 -0.011180
v 0.000500 -0.017499 -0.010713
v 0.006000 -0.017047 -0.011420
v 0.006000 -0.018581 -0.008703
v 0.005037 -0.017171 -0.011231
v 0.003500 -0.017499 -0.010713
v 0.003500 -0.017500 0.010712
v 0.006000 -0.018581 0.008703
v 0.004627 -0.017245 0.011118
v 0.006000 -0.017047 0.011420
v 0.000500 -0.017500 0.010712
v -0.000000 -0.018581 0.008703
v 0.000005 -0.017208 0.011175
v -0.000000 -0.017205 0.011180
v 0.000000 -0.020028 0.004458
v 0.006000 -0.020028 0.004458
v 0.006000 -0.020518 -0.000000
v 0.000000 -0.020518 -0.000000
v 0.000000 -0.020028 -0.004458
v 0.006000 -0.020028 -0.004458
v 0.006787 -0.018224 -0.014327
v 0.003500 -0.018834 -0.011830
v 0.006813 -0.018824 -0.014665
v 0.003500 -0.019732 -0.012029
v 0.006825 -0.019749 -0.014880
v 0.003500 -0.020969 -0.012001
v 0.006824 -0.020969 -0.014849
v 0.006730 -0.017677 -0.013748
v 0.006000 -0.017834 -0.013310
v 0.006780 -0.018134 -0.014255
v 0.003500 -0.017548 -0.010792
v 0.006000 -0.017499 -0.012854
v 0.003500 -0.018080 -0.011401
v 0.003500 -0.018224 -0.011511
v 0.003500 -0.018334 -0.011584
v 0.006000 -0.017084 -0.011668
v 0.006000 -0.017373 -0.012613
v 0.000500 -0.017762 0.011086
v 0.000500 -0.018367 0.011604
v -0.000000 -0.017784 0.011804
v -0.000000 -0.017380 0.011408
v 0.000500 -0.020969 0.012000
v -0.000000 -0.021031 0.012496
v 0.000500 -0.019924 0.012043
v -0.000000 -0.019897 0.012543
v 0.000500 -0.019005 0.011887
v -0.000000 -0.018782 0.012341
v -0.000000 -0.018259 0.012118
v -0.000000 0.020414 0.002064
v -0.000000 0.020518 0.000000
v -0.000000 -0.013933 0.015062
v 0.000000 -0.013933 -0.015062
v 0.000000 -0.015179 -0.013805
v 0.000000 0.014791 -0.014220
v 0.000000 -0.010280 -0.017757
v -0.000000 -0.015179 0.013805
v -0.000000 0.020414 -0.002064
v 0.000000 0.019461 -0.006501
v 0.000000 0.017556 -0.010620
v 0.000000 -0.017340 -0.011361
v 0.000000 -0.017954 -0.011932
v 0.000000 -0.019735 -0.012532
v 0.000000 -0.019565 -0.012514
v 0.000000 -0.018678 -0.012306
v -0.000000 -0.036123 0.010365
v 0.000000 -0.036927 0.009905
v -0.000000 -0.041000 0.017153
v 0.000000 -0.037620 -0.009279
v 0.000000 -0.036937 -0.009899
v 0.000000 -0.041000 -0.017154
v 0.000000 -0.036134 -0.010361
v -0.000000 0.014791 0.014220
v -0.000000 0.017556 0.010620
v -0.000000 0.019461 0.006501
v 0.000000 0.011303 -0.017124
v 0.000000 0.007262 -0.019190
v 0.000000 -0.006125 -0.019582
v 0.000000 0.002866 -0.020317
v 0.000000 -0.001670 -0.020450
v -0.000000 -0.015489 0.014075
v -0.000000 -0.020704 0.019289
v -0.000000 -0.035257 0.010668
v 0.000000 -0.037614 0.009286
v 0.000000 -0.038144 0.008531
v 0.000000 -0.038504 0.007677
v 0.000000 -0.038701 -0.006770
v 0.000000 -0.038507 -0.007666
v 0.000000 -0.038150 -0.008521
v -0.000000 -0.010281 0.017757
v -0.000000 -0.006125 0.019582
v -0.000000 -0.001671 0.020450
v -0.000000 0.002866 0.020317
v -0.000000 0.007262 0.019190
v -0.000000 0.011303 0.017124
v 0.000000 -0.035264 -0.010667
v 0.000000 -0.034352 -0.010840
v 0.000000 -0.021534 -0.019575
v 0.000000 -0.020704 -0.019290
v 0.000000 -0.021086 -0.019528
v -0.000000 -0.021083 0.019527
v -0.000000 -0.021534 0.019574
v -0.000000 -0.034352 0.010840
v 0.000000 -0.015489 -0.014075
v 0.000000 -0.021031 -0.012497
v 0.000000 -0.038700 0.006777
v 0.000000 -0.038760 0.005850
v 0.000000 -0.038760 -0.005850
v 0.000500 -0.018334 -0.011584
v 0.000500 -0.018101 -0.011418
v 0.000500 -0.018943 -0.011868
v 0.000500 -0.019738 -0.012030
v 0.000500 -0.020969 -0.012001
v 0.000500 -0.034290 0.010343
v 0.001000 -0.019997 -0.019997
v 0.001000 -0.020761 -0.020474
v 0.001000 -0.021658 -0.020567
v 0.001000 -0.020756 0.020472
v 0.001000 -0.019996 0.019996
v 0.001000 -0.021657 0.020567
v 0.005000 -0.021658 -0.020567
v 0.004935 -0.021150 -0.020565
v 0.004796 -0.020759 -0.020473
v 0.004229 -0.019997 -0.019997
v 0.004673 -0.020530 -0.020378
v 0.004229 -0.019996 0.019996
v 0.004649 -0.020491 0.020358
v 0.004791 -0.020749 0.020470
v 0.004906 -0.021046 0.020549
v 0.005000 -0.021657 0.020567
v 0.001000 -0.014782 -0.014782
v 0.004000 -0.014782 -0.014782
v 0.004000 -0.019791 -0.019791
v -0.002610 -0.046785 -0.017442
v -0.002626 -0.046634 -0.017461
v -0.001145 -0.045721 -0.017575
v 0.005000 -0.002848 -0.022906
v 0.006000 -0.002848 -0.022906
v 0.006000 -0.047123 -0.017400
v 0.001633 -0.053609 -0.016594
v 0.000309 -0.054000 -0.016545
v -0.002237 -0.050448 -0.016987
v -0.001000 -0.054123 -0.016530
v -0.001875 -0.054123 -0.016530
v 0.005461 -0.049817 -0.017065
v 0.005864 -0.048497 -0.017230
v 0.000012 -0.044421 -0.017736
v 0.001000 -0.041123 -0.018146
v 0.000748 -0.042845 -0.017932
v 0.004807 -0.051033 -0.016914
v 0.003926 -0.052096 -0.016782
v 0.002855 -0.052967 -0.016674
v -0.001144 -0.045721 0.017574
v -0.002626 -0.046634 0.017461
v 0.003950 -0.052073 0.016784
v -0.002244 -0.050372 0.016996
v 0.006000 -0.047123 0.017400
v 0.006000 -0.002849 0.022906
v 0.005000 -0.002849 0.022906
v 0.004821 -0.051013 0.016916
v 0.005466 -0.049802 0.017066
v 0.000012 -0.044421 0.017736
v 0.005865 -0.048489 0.017230
v 0.000748 -0.042845 0.017932
v 0.001000 -0.041123 0.018146
v -0.001875 -0.054123 0.016529
v -0.001000 -0.054123 0.016529
v 0.000366 -0.053989 0.016546
v 0.001679 -0.053591 0.016595
v 0.002889 -0.052944 0.016676
v -0.000210 -0.042435 -0.016940
v -0.001787 -0.044831 -0.016582
v -0.003022 -0.045592 -0.016469
v -0.001782 -0.044828 -0.016583
v -0.001464 -0.044535 -0.016626
v -0.000823 -0.043748 -0.016744
v -0.000300 -0.042706 -0.016899
v 0.005000 0.002031 -0.022993
v 0.006000 0.000000 -0.023083
v 0.005000 0.000000 -0.023083
v 0.006000 -0.000031 -0.023083
v 0.005000 -0.001704 -0.023020
v 0.005000 0.023083 0.000000
v 0.006000 0.023083 0.000000
v 0.005000 0.022944 -0.002526
v 0.006000 0.022910 -0.002818
v 0.005000 0.022567 -0.004853
v 0.006000 0.022567 -0.004853
v 0.005000 0.021845 -0.007456
v 0.006000 0.021841 -0.007469
v 0.005000 0.021042 -0.009488
v 0.006000 0.021042 -0.009488
v 0.005000 0.019700 -0.012030
v 0.006000 0.019838 -0.011800
v 0.005000 0.018577 -0.013700
v 0.006000 0.018577 -0.013700
v 0.005000 0.016611 -0.016027
v 0.006000 0.016988 -0.015627
v 0.005000 0.015282 -0.017300
v 0.006000 0.015282 -0.017300
v 0.005000 0.012727 -0.019257
v 0.006000 0.013412 -0.018787
v 0.005000 0.011303 -0.020126
v 0.006000 0.011303 -0.020126
v 0.005000 0.008233 -0.021564
v 0.006000 0.009262 -0.021143
v 0.005000 0.006819 -0.022052
v 0.006000 0.006819 -0.022052
v 0.005000 0.003345 -0.022839
v 0.006000 0.004716 -0.022596
v 0.006000 0.002031 -0.022993
v 0.006000 0.022908 0.002835
v 0.005000 -0.001704 0.023020
v 0.005000 -0.000000 0.023083
v 0.005000 0.022944 0.002526
v 0.005000 0.021845 0.007457
v 0.006000 0.021826 0.007512
v 0.005000 0.019838 0.011800
v 0.006000 0.019800 0.011864
v 0.005000 0.019700 0.012030
v 0.006000 0.016918 0.015703
v 0.006000 -0.000249 0.023081
v 0.006000 -0.000000 0.023083
v 0.005000 0.003344 0.022839
v 0.006000 0.004531 0.022634
v 0.005000 0.004716 0.022596
v 0.006000 0.004716 0.022596
v 0.005000 0.008233 0.021565
v 0.006000 0.009114 0.021207
v 0.005000 0.009262 0.021143
v 0.006000 0.009262 0.021143
v 0.005000 0.012726 0.019257
v 0.006000 0.013304 0.018863
v 0.005000 0.013411 0.018787
v 0.006000 0.013411 0.018787
v 0.005000 0.016611 0.016028
v 0.005000 0.016988 0.015628
v 0.004000 -0.002725 0.021914
v 0.004000 -0.001365 0.022040
v 0.004000 -0.000000 0.022083
v 0.004000 0.003199 0.021850
v 0.004000 0.007876 0.020630
v 0.004000 0.012175 0.018423
v 0.004000 0.015891 0.015333
v 0.004000 0.018846 0.011509
v 0.004000 0.020899 0.007134
v 0.004000 0.021950 0.002417
v 0.004000 0.022083 0.000000
v 0.004000 0.021950 -0.002416
v 0.004000 0.020899 -0.007133
v 0.004000 0.018846 -0.011509
v 0.004000 0.015892 -0.015333
v 0.004000 0.012175 -0.018423
v 0.004000 0.007876 -0.020630
v 0.004000 0.003200 -0.021849
v 0.004000 -0.002725 -0.021914
v 0.004000 -0.001630 -0.022022
v 0.004000 0.000000 -0.022083
v 0.007000 0.001465 -0.019946
v 0.007000 0.000000 -0.020000
v 0.006500 0.000000 -0.020000
v 0.006500 0.001734 0.019925
v 0.006500 -0.000000 0.020000
v 0.007000 -0.000000 0.020000
v 0.007000 0.001465 0.019946
v 0.007000 0.005981 0.019085
v 0.006500 0.005981 0.019085
v 0.006500 0.006198 0.019015
v 0.007000 0.010181 0.017215
v 0.006500 0.010341 0.017119
v 0.007000 0.013843 0.014435
v 0.006500 0.013947 0.014334
v 0.007000 0.016773 0.010893
v 0.006500 0.016830 0.010806
v 0.007000 0.018818 0.006775
v 0.006500 0.018839 0.006716
v 0.007000 0.019867 0.002299
v 0.006500 0.019870 0.002278
v 0.006500 0.020000 0.000000
v 0.007000 0.020000 0.000000
v 0.006500 0.019870 -0.002278
v 0.007000 0.019867 -0.002299
v 0.007000 0.018818 -0.006775
v 0.006500 0.018839 -0.006716
v 0.007000 0.016773 -0.010893
v 0.006500 0.016830 -0.010806
v 0.007000 0.013843 -0.014435
v 0.006500 0.013947 -0.014334
v 0.007000 0.010181 -0.017215
v 0.006500 0.001734 -0.019925
v 0.006500 0.005981 -0.019085
v 0.007000 0.005981 -0.019085
v 0.006500 0.006198 -0.019015
v 0.006500 0.010341 -0.017119
v 0.003500 -0.036497 -0.009594
v 0.006792 -0.036492 -0.012418
v 0.003500 -0.036271 -0.009731
v 0.006807 -0.035983 -0.012713
v 0.003500 -0.034290 -0.010344
v 0.006819 -0.035167 -0.013019
v 0.006824 -0.034290 -0.013193
v 0.006687 -0.037729 -0.010979
v 0.006741 -0.037306 -0.011655
v 0.006782 -0.036711 -0.012256
v 0.003500 -0.037521 -0.008593
v 0.003500 -0.037737 -0.008234
v 0.006683 -0.037750 -0.010937
v 0.006617 -0.038045 -0.010137
v 0.003500 -0.038168 -0.006944
v 0.003500 -0.038259 -0.005850
v 0.006500 -0.038259 -0.008421
v 0.000500 -0.038168 -0.006944
v 0.000500 -0.038259 -0.005850
v 0.000500 -0.037711 -0.008282
v 0.000500 -0.037521 -0.008593
v 0.000500 -0.036628 -0.009505
v 0.000500 -0.036271 -0.009731
v 0.000500 -0.035137 -0.010183
v 0.000500 -0.034290 -0.010344
v 0.004000 -0.014482 0.014535
v 0.001000 -0.014482 0.014535
v 0.004000 -0.014782 0.014782
v 0.001000 -0.014782 0.014782
v -0.005000 -0.046000 0.016915
v -0.004601 -0.047072 0.017829
v -0.004014 -0.045902 0.016549
v -0.003614 -0.046982 0.017523
v -0.003296 -0.045701 0.016462
v -0.003021 -0.045592 0.016468
v -0.053182 -0.046000 0.016737
v -0.053114 -0.046000 0.012452
v -0.055526 -0.046000 0.012791
v -0.044419 -0.046000 -0.024868
v -0.040829 -0.046000 -0.025739
v -0.039396 -0.046000 -0.027259
v -0.005716 -0.046000 0.011108
v -0.006063 -0.046000 0.011543
v -0.006296 -0.046000 0.012452
v -0.008788 -0.046000 -0.014598
v -0.008598 -0.046000 -0.013460
v -0.006296 -0.046000 -0.012453
v -0.006842 -0.046000 -0.011816
v -0.006217 -0.046000 -0.011648
v -0.007254 -0.046000 0.018604
v -0.006222 -0.046000 0.017626
v -0.009329 -0.046000 0.015601
v -0.006842 -0.046000 0.009315
v -0.007000 -0.046000 -0.000000
v -0.007540 -0.046000 0.004899
v -0.006564 -0.046000 0.011784
v -0.008598 -0.046000 0.013460
v -0.008788 -0.046000 0.014598
v -0.007120 -0.046000 0.011784
v -0.007622 -0.046000 0.011543
v -0.009032 -0.046000 0.011771
v -0.007969 -0.046000 0.011108
v -0.009342 -0.046000 0.010565
v -0.008092 -0.046000 0.010565
v -0.009108 -0.046000 0.009509
v -0.007925 -0.046000 0.009940
v -0.007467 -0.046000 0.009483
v -0.007533 -0.046000 -0.004870
v -0.006296 -0.046000 -0.000000
v -0.007467 -0.046000 -0.011648
v -0.007925 -0.046000 -0.011191
v -0.009032 -0.046000 -0.011772
v -0.008092 -0.046000 -0.010566
v -0.009342 -0.046000 -0.010566
v -0.007968 -0.046000 -0.010023
v -0.009108 -0.046000 -0.009509
v -0.007622 -0.046000 -0.009588
v -0.007120 -0.046000 -0.009347
v -0.006564 -0.046000 -0.009347
v -0.006283 -0.046000 -0.017673
v -0.007202 -0.046000 -0.018544
v -0.009329 -0.046000 -0.015601
v -0.007254 -0.046000 -0.018605
v -0.011506 -0.046000 -0.018069
v -0.008607 -0.046000 -0.020112
v -0.014888 -0.046000 -0.020899
v -0.012832 -0.046000 -0.023731
v -0.018707 -0.046000 -0.023104
v -0.019260 -0.046000 -0.025739
v -0.028627 -0.046000 -0.024613
v -0.027403 -0.046000 -0.025194
v -0.030499 -0.046000 -0.024492
v -0.030899 -0.046000 -0.025882
v -0.030553 -0.046000 -0.025447
v -0.031461 -0.046000 -0.022415
v -0.030357 -0.046000 -0.022783
v -0.030835 -0.046000 -0.023982
v -0.030429 -0.046000 -0.024905
v -0.032859 -0.046000 -0.024492
v -0.032929 -0.046000 -0.024905
v -0.029539 -0.046000 -0.023612
v -0.026074 -0.046000 -0.025269
v -0.022849 -0.046000 -0.024617
v -0.051061 -0.046000 -0.014965
v -0.050604 -0.046000 -0.015422
v -0.052653 -0.046000 -0.017463
v -0.048893 -0.046000 -0.021562
v -0.049354 -0.046000 -0.015422
v -0.040829 -0.046000 -0.019622
v -0.048896 -0.046000 -0.014965
v -0.049979 -0.046000 -0.015590
v -0.051229 -0.046000 -0.014340
v -0.055561 -0.046000 -0.012721
v -0.051105 -0.046000 -0.013797
v -0.049199 -0.046000 -0.013362
v -0.049701 -0.046000 -0.013121
v -0.048796 -0.046000 -0.012137
v -0.053114 -0.046000 -0.012453
v -0.050758 -0.046000 -0.013362
v -0.050257 -0.046000 -0.013121
v -0.048852 -0.046000 -0.013797
v -0.047931 -0.046000 -0.012906
v -0.048729 -0.046000 -0.014340
v -0.045888 -0.046000 -0.015417
v -0.042624 -0.046000 -0.018276
v -0.040881 -0.046000 -0.019409
v -0.038872 -0.046000 -0.020455
v -0.053096 -0.046000 -0.009668
v -0.052355 -0.046000 -0.010793
v -0.051244 -0.046000 -0.011554
v -0.049928 -0.046000 -0.011840
v -0.055686 -0.046000 -0.012462
v -0.057510 -0.046000 -0.007511
v -0.054170 -0.046000 -0.006453
v -0.054911 -0.046000 -0.002133
v -0.058429 -0.046000 -0.002025
v -0.055000 -0.046000 -0.000000
v -0.058500 -0.046000 -0.000000
v -0.054900 -0.046000 0.002251
v -0.058428 -0.046000 0.002036
v -0.054140 -0.046000 0.006568
v -0.057499 -0.046000 0.007554
v -0.053096 -0.046000 0.009667
v -0.051252 -0.046000 0.011551
v -0.049928 -0.046000 0.011840
v -0.048796 -0.046000 0.012137
v -0.052367 -0.046000 0.010780
v -0.051229 -0.046000 0.014339
v -0.051061 -0.046000 0.013714
v -0.050604 -0.046000 0.013257
v -0.049979 -0.046000 0.013089
v -0.049354 -0.046000 0.013257
v -0.047931 -0.046000 0.012905
v -0.048896 -0.046000 0.013714
v -0.045874 -0.046000 0.015431
v -0.048729 -0.046000 0.014339
v -0.042587 -0.046000 0.018302
v -0.048853 -0.046000 0.014881
v -0.051105 -0.046000 0.014881
v -0.050758 -0.046000 0.015316
v -0.052585 -0.046000 0.017552
v -0.050257 -0.046000 0.015558
v -0.048784 -0.046000 0.021659
v -0.049701 -0.046000 0.015558
v -0.049199 -0.046000 0.015316
v -0.040879 -0.046000 0.026674
v -0.040881 -0.046000 0.019409
v -0.044265 -0.046000 0.024960
v -0.033766 -0.046000 0.028684
v -0.029500 -0.046000 0.029000
v -0.031374 -0.046000 0.026117
v -0.030836 -0.046000 0.025827
v -0.028177 -0.046000 0.028970
v -0.030499 -0.046000 0.025318
v -0.022638 -0.046000 0.028176
v -0.026074 -0.046000 0.025269
v -0.027403 -0.046000 0.025193
v -0.032805 -0.046000 0.024362
v -0.032458 -0.046000 0.023927
v -0.034677 -0.046000 0.021896
v -0.031461 -0.046000 0.022414
v -0.008323 -0.046000 0.019812
v -0.011562 -0.046000 0.018124
v -0.012522 -0.046000 0.023511
v -0.014910 -0.046000 0.020913
v -0.017354 -0.046000 0.026334
v -0.018684 -0.046000 0.023092
v -0.022773 -0.046000 0.024597
v -0.030429 -0.046000 0.024905
v -0.028627 -0.046000 0.024613
v -0.030553 -0.046000 0.024362
v -0.029540 -0.046000 0.023611
v -0.030900 -0.046000 0.023927
v -0.030363 -0.046000 0.022779
v -0.031401 -0.046000 0.023686
v -0.031957 -0.046000 0.023686
v -0.031984 -0.046000 0.026117
v -0.032522 -0.046000 0.025827
v -0.039196 -0.046000 0.027331
v -0.032859 -0.046000 0.025317
v -0.032929 -0.046000 0.024905
v -0.038807 -0.046000 0.020485
v -0.005592 -0.046000 0.010565
v -0.005000 -0.046000 0.012452
v -0.005000 -0.046000 -0.000000
v -0.006217 -0.046000 0.009483
v -0.005760 -0.046000 0.009940
v -0.005760 -0.046000 -0.011191
v -0.005000 -0.046000 -0.012453
v -0.005592 -0.046000 -0.010566
v -0.005716 -0.046000 -0.010023
v -0.006063 -0.046000 -0.009588
v -0.034010 -0.046000 -0.028647
v -0.017670 -0.046000 -0.026477
v -0.022943 -0.046000 -0.028249
v -0.028457 -0.046000 -0.028981
v -0.031401 -0.046000 -0.026124
v -0.029500 -0.046000 -0.029000
v -0.031957 -0.046000 -0.026124
v -0.032458 -0.046000 -0.025882
v -0.032805 -0.046000 -0.025447
v -0.031373 -0.046000 -0.023693
v -0.031984 -0.046000 -0.023693
v -0.034772 -0.046000 -0.021874
v -0.032522 -0.046000 -0.023982
v -0.005205 -0.046000 -0.017009
v -0.005103 -0.046000 -0.016961
v -0.005000 -0.046000 -0.016915
v -0.004601 -0.047072 -0.017829
v -0.003860 -0.047028 -0.017576
v -0.004260 -0.045945 -0.016613
v -0.003656 -0.046991 -0.017531
v -0.003507 -0.045772 -0.016473
v -0.003109 -0.046839 -0.017461
v 0.007000 -0.002725 0.021914
v 0.007000 -0.005679 0.021546
v 0.007000 -0.002329 0.022160
v 0.007000 -0.002329 -0.022160
v 0.007000 -0.005679 -0.021546
v 0.007000 -0.002725 -0.021914
v 0.007000 -0.000030 -0.022083
v 0.007000 0.000000 -0.022083
v 0.007000 0.002329 -0.022160
v 0.007000 0.004512 -0.021617
v 0.007000 0.006886 -0.021192
v 0.007000 0.008861 -0.020227
v 0.007000 0.011141 -0.019297
v 0.007000 0.012830 -0.017973
v 0.007000 0.014910 -0.016559
v 0.007000 0.016252 -0.014950
v 0.007000 0.018027 -0.013097
v 0.007000 0.018979 -0.011289
v 0.007000 0.020356 -0.009063
v 0.007000 0.020895 -0.007145
v 0.007000 0.021795 -0.004633
v 0.007000 0.021917 -0.002696
v 0.007000 0.022282 0.000000
v 0.007000 0.022083 0.000000
v 0.007000 0.021915 0.002712
v 0.007000 0.021795 0.004633
v 0.007000 0.020881 0.007186
v 0.007000 0.020356 0.009063
v 0.007000 0.018942 0.011350
v 0.007000 0.018027 0.013097
v 0.007000 0.016185 0.015023
v 0.007000 0.014910 0.016559
v 0.007000 0.012728 0.018046
v 0.007000 0.011141 0.019297
v 0.007000 0.008720 0.020288
v 0.007000 0.006886 0.021192
v 0.007000 0.004334 0.021653
v 0.007000 0.002329 0.022160
v 0.007000 -0.000000 0.022083
v 0.007000 -0.000238 0.022081
v -0.001000 -0.055000 -0.015538
v -0.001000 -0.055000 -0.005628
v -0.001294 -0.055000 -0.006954
v -0.003367 -0.055000 -0.015836
v -0.003140 -0.055000 -0.015727
v -0.003202 -0.055000 -0.012343
v -0.002390 -0.055000 -0.015540
v -0.002303 -0.055000 -0.015538
v -0.006250 -0.055000 -0.018959
v -0.006128 -0.055000 -0.017253
v -0.010324 -0.055000 -0.023072
v -0.009958 -0.055000 -0.021496
v -0.015112 -0.055000 -0.026325
v -0.014546 -0.055000 -0.024906
v -0.020435 -0.055000 -0.028598
v -0.019712 -0.055000 -0.027352
v -0.026096 -0.055000 -0.029807
v -0.005060 -0.055000 -0.017399
v -0.004460 -0.055000 -0.016677
v -0.004233 -0.055000 -0.016458
v -0.025257 -0.055000 -0.028739
v -0.029500 -0.055000 -0.029051
v -0.031884 -0.055000 -0.029905
v -0.030966 -0.055000 -0.029014
v -0.037583 -0.055000 -0.028891
v -0.036619 -0.055000 -0.028165
v -0.042981 -0.055000 -0.026801
v -0.041996 -0.055000 -0.026226
v -0.047877 -0.055000 -0.023713
v -0.046889 -0.055000 -0.023271
v -0.052089 -0.055000 -0.019742
v -0.051109 -0.055000 -0.019416
v -0.055460 -0.055000 -0.015036
v -0.054493 -0.055000 -0.014809
v -0.057864 -0.055000 -0.009771
v -0.056908 -0.055000 -0.009628
v -0.057956 -0.055000 -0.009500
v -0.056953 -0.055000 -0.009500
v -0.003046 -0.053989 -0.016682
v -0.003851 -0.053862 -0.016956
v -0.004109 -0.053844 -0.017074
v -0.004615 -0.053836 -0.017357
v -0.005299 -0.053878 -0.017875
v -0.005887 -0.053958 -0.018505
v -0.058269 -0.054000 -0.008505
v -0.058547 -0.052000 -0.007500
v -0.058547 -0.053000 -0.007500
v -0.058543 -0.053264 -0.007518
v -0.058485 -0.053942 -0.007736
v -0.058183 -0.054871 -0.008791
v -0.058363 -0.054501 -0.008179
v -0.058547 -0.047000 -0.007500
v -0.058476 -0.047000 -0.007770
v -0.058547 -0.048725 -0.007500
v -0.057864 -0.047000 -0.009771
v -0.058547 -0.049275 -0.007500
v -0.006452 -0.047402 -0.019204
v -0.006166 -0.050672 -0.018855
v -0.007887 -0.047000 -0.020806
v -0.006487 -0.047000 -0.019247
v -0.006469 -0.047201 -0.019225
v -0.010324 -0.047000 -0.023072
v -0.012257 -0.047000 -0.024550
v -0.017262 -0.047000 -0.027390
v -0.015112 -0.047000 -0.026325
v -0.022716 -0.047000 -0.029223
v -0.020435 -0.047000 -0.028598
v -0.031884 -0.047000 -0.029905
v -0.029500 -0.047000 -0.030000
v -0.028421 -0.047000 -0.029981
v -0.026096 -0.047000 -0.029807
v -0.034165 -0.047000 -0.029635
v -0.037583 -0.047000 -0.028891
v -0.039738 -0.047000 -0.028199
v -0.042981 -0.047000 -0.026801
v -0.044933 -0.047000 -0.025726
v -0.047877 -0.047000 -0.023713
v -0.049561 -0.047000 -0.022306
v -0.052089 -0.047000 -0.019742
v -0.053451 -0.047000 -0.018065
v -0.055460 -0.047000 -0.015036
v -0.056460 -0.047000 -0.013160
v -0.002302 -0.055000 0.015537
v -0.003046 -0.053989 0.016681
v -0.003839 -0.053864 0.016950
v -0.004079 -0.053846 0.017058
v -0.003808 -0.055000 0.016110
v -0.003005 -0.055000 0.015672
v -0.004614 -0.053836 0.017356
v -0.005298 -0.053878 0.017874
v -0.004648 -0.055000 0.016879
v -0.005887 -0.053958 0.018504
v -0.005060 -0.055000 0.017398
v -0.010324 -0.055000 0.023071
v -0.006250 -0.055000 0.018959
v -0.007592 -0.047000 0.020495
v -0.006183 -0.050470 0.018876
v -0.006487 -0.047000 0.019246
v -0.058547 -0.047000 0.007500
v -0.058547 -0.048725 0.007500
v -0.058464 -0.047000 0.007815
v -0.057864 -0.047000 0.009770
v -0.058547 -0.052000 0.007500
v -0.058547 -0.053000 0.007500
v -0.058269 -0.054000 0.008505
v -0.058257 -0.054758 0.008546
v -0.058081 -0.054964 0.009118
v -0.057956 -0.055000 0.009500
v -0.057864 -0.055000 0.009770
v -0.058547 -0.049275 0.007500
v -0.058514 -0.053700 0.007626
v -0.058417 -0.054310 0.007989
v -0.056424 -0.047000 0.013232
v -0.055460 -0.055000 0.015036
v -0.055460 -0.047000 0.015036
v -0.053381 -0.047000 0.018157
v -0.052089 -0.055000 0.019742
v -0.052089 -0.047000 0.019742
v -0.049449 -0.047000 0.022406
v -0.047877 -0.055000 0.023712
v -0.047877 -0.047000 0.023712
v -0.044774 -0.047000 0.025820
v -0.042981 -0.055000 0.026800
v -0.042981 -0.047000 0.026800
v -0.039530 -0.047000 0.028273
v -0.037583 -0.055000 0.028890
v -0.037583 -0.047000 0.028890
v -0.033913 -0.047000 0.029673
v -0.031884 -0.055000 0.029905
v -0.031884 -0.047000 0.029905
v -0.029500 -0.047000 0.030000
v -0.026096 -0.055000 0.029806
v -0.028132 -0.047000 0.029969
v -0.020435 -0.055000 0.028598
v -0.022401 -0.047000 0.029148
v -0.026096 -0.047000 0.029806
v -0.015112 -0.055000 0.026324
v -0.016935 -0.047000 0.027242
v -0.020435 -0.047000 0.028598
v -0.010324 -0.047000 0.023071
v -0.011937 -0.047000 0.024321
v -0.015112 -0.047000 0.026324
v -0.003382 -0.055000 0.012720
v -0.001406 -0.055000 0.007392
v -0.001000 -0.055000 0.015537
v -0.001000 -0.055000 0.005628
v -0.056953 -0.055000 0.009500
v -0.056912 -0.055000 0.009618
v -0.054515 -0.055000 0.014770
v -0.051162 -0.055000 0.019357
v -0.046979 -0.055000 0.023203
v -0.042128 -0.055000 0.026162
v -0.036794 -0.055000 0.028120
v -0.006358 -0.055000 0.017560
v -0.031181 -0.055000 0.029001
v -0.029500 -0.055000 0.029050
v -0.025503 -0.055000 0.028774
v -0.019978 -0.055000 0.027445
v -0.014818 -0.055000 0.025067
v -0.010219 -0.055000 0.021729
v 0.003500 -0.037911 0.007855
v 0.006528 -0.038245 0.008898
v 0.003500 -0.038131 0.007130
v 0.006500 -0.038260 0.008421
v 0.003500 -0.038260 0.005850
v 0.003500 -0.037896 0.007891
v 0.006651 -0.037911 0.010555
v 0.006618 -0.038042 0.010149
v 0.003500 -0.036980 0.009218
v 0.006767 -0.036979 0.012020
v 0.006757 -0.037115 0.011880
v 0.003500 -0.037787 0.008135
v 0.003500 -0.037244 0.008949
v 0.006699 -0.037651 0.011129
v 0.006740 -0.037311 0.011649
v 0.003500 -0.036922 0.009271
v 0.003500 -0.036500 0.009591
v 0.006791 -0.036487 0.012421
v 0.003500 -0.035532 0.010062
v 0.006815 -0.035511 0.012910
v 0.003500 -0.035423 0.010098
v 0.003500 -0.034290 0.010344
v 0.006824 -0.034290 0.013192
v 0.007000 -0.038759 -0.008421
v 0.007000 -0.038760 0.008421
v -0.051504 -0.052000 -0.014340
v -0.051229 -0.051725 -0.014340
v -0.051299 -0.052000 -0.013577
v -0.051061 -0.051725 -0.013715
v -0.050741 -0.052000 -0.013019
v -0.050758 -0.051725 -0.013362
v -0.050604 -0.051725 -0.013257
v -0.049979 -0.052000 -0.012815
v -0.050257 -0.051725 -0.013121
v -0.049979 -0.051725 -0.013090
v -0.049701 -0.051725 -0.013121
v -0.049216 -0.052000 -0.013019
v -0.048729 -0.051725 -0.014340
v -0.048454 -0.052000 -0.014340
v -0.048896 -0.051725 -0.013715
v -0.048658 -0.052000 -0.013577
v -0.049199 -0.051725 -0.013362
v -0.049354 -0.051725 -0.013257
v -0.036930 -0.052000 0.027618
v -0.042211 -0.052000 0.025620
v -0.036702 -0.052000 0.025876
v -0.036702 -0.052000 0.024386
v -0.051100 -0.052000 0.018745
v -0.046127 -0.052000 0.017857
v -0.046997 -0.052000 0.022623
v -0.003740 -0.052000 -0.012425
v -0.006159 -0.052000 -0.012453
v -0.006683 -0.052000 -0.017244
v -0.043699 -0.052000 -0.022245
v -0.043800 -0.052000 -0.021651
v -0.046127 -0.052000 -0.021616
v -0.043132 -0.052000 0.017900
v -0.045821 -0.052000 0.015488
v -0.045888 -0.052000 -0.015417
v -0.046127 -0.052000 -0.017858
v -0.042624 -0.052000 -0.018276
v -0.056655 -0.052000 -0.008977
v -0.054362 -0.052000 -0.014137
v -0.053252 -0.052000 -0.012453
v -0.057099 -0.052000 0.007500
v -0.058547 -0.052000 -0.000000
v -0.049979 -0.052000 0.012814
v -0.050741 -0.052000 0.013018
v -0.053252 -0.052000 0.012452
v -0.051299 -0.052000 0.013577
v -0.049216 -0.052000 0.013018
v -0.048796 -0.052000 0.012137
v -0.048658 -0.052000 0.013577
v -0.047931 -0.052000 0.012905
v -0.048454 -0.052000 0.014339
v -0.050930 -0.052000 0.015531
v -0.051353 -0.052000 0.015001
v -0.054362 -0.052000 0.014136
v -0.051504 -0.052000 0.014339
v -0.050318 -0.052000 0.015826
v -0.049639 -0.052000 0.015826
v -0.049028 -0.052000 0.015531
v -0.048605 -0.052000 0.015001
v -0.051245 -0.052000 0.011554
v -0.052355 -0.052000 0.010792
v -0.053096 -0.052000 0.009667
v -0.049928 -0.052000 0.011840
v -0.055223 -0.052000 0.012502
v -0.056655 -0.052000 0.008976
v -0.054520 -0.052000 0.004926
v -0.057099 -0.052000 -0.007500
v -0.055000 -0.052000 -0.000000
v -0.054519 -0.052000 -0.004927
v -0.053096 -0.052000 -0.009668
v -0.051244 -0.052000 -0.011554
v -0.049928 -0.052000 -0.011840
v -0.048796 -0.052000 -0.012137
v -0.052355 -0.052000 -0.010793
v -0.053354 -0.052000 -0.015778
v -0.047931 -0.052000 -0.012906
v -0.049639 -0.052000 -0.015826
v -0.050318 -0.052000 -0.015826
v -0.051100 -0.052000 -0.018746
v -0.050929 -0.052000 -0.015532
v -0.051353 -0.052000 -0.015001
v -0.049028 -0.052000 -0.015532
v -0.048605 -0.052000 -0.015001
v -0.041100 -0.052000 -0.020092
v -0.038872 -0.052000 -0.020455
v -0.043559 -0.052000 -0.020751
v -0.042900 -0.052000 -0.020092
v -0.042000 -0.052000 -0.019851
v -0.033118 -0.052000 -0.024401
v -0.036702 -0.052000 -0.021615
v -0.033204 -0.052000 -0.024905
v -0.036930 -0.052000 -0.027618
v -0.033053 -0.052000 -0.025567
v -0.030305 -0.052000 -0.025567
v -0.030728 -0.052000 -0.026097
v -0.025717 -0.052000 -0.028349
v -0.040441 -0.052000 -0.020751
v -0.035540 -0.052000 -0.021674
v -0.034772 -0.052000 -0.021874
v -0.032708 -0.052000 -0.023779
v -0.031461 -0.052000 -0.022415
v -0.031360 -0.052000 -0.028540
v -0.031339 -0.052000 -0.026392
v -0.032018 -0.052000 -0.026392
v -0.032630 -0.052000 -0.026097
v -0.032051 -0.052000 -0.023426
v -0.031306 -0.052000 -0.023426
v -0.030363 -0.052000 -0.022779
v -0.030650 -0.052000 -0.023779
v -0.029539 -0.052000 -0.023612
v -0.030239 -0.052000 -0.024401
v -0.026074 -0.052000 -0.025269
v -0.027403 -0.052000 -0.025194
v -0.022753 -0.052000 -0.024592
v -0.020221 -0.052000 -0.027053
v -0.018641 -0.052000 -0.023073
v -0.030154 -0.052000 -0.024905
v -0.028627 -0.052000 -0.024613
v -0.014850 -0.052000 -0.020872
v -0.010515 -0.052000 -0.021390
v -0.015087 -0.052000 -0.024703
v -0.008730 -0.052000 -0.014413
v -0.009329 -0.052000 -0.015601
v -0.011492 -0.052000 -0.018055
v -0.008598 -0.052000 -0.013460
v -0.008621 -0.052000 -0.013062
v -0.007793 -0.052000 -0.011758
v -0.009032 -0.052000 -0.011772
v -0.008216 -0.052000 -0.011227
v -0.009341 -0.052000 -0.010649
v -0.008367 -0.052000 -0.010566
v -0.009342 -0.052000 -0.010566
v -0.009108 -0.052000 -0.009509
v -0.008216 -0.052000 -0.009904
v -0.007949 -0.052000 -0.006465
v -0.008216 -0.052000 0.011227
v -0.007793 -0.052000 0.011758
v -0.008621 -0.052000 0.013062
v -0.006159 -0.052000 -0.000000
v -0.005891 -0.052000 0.009373
v -0.006503 -0.052000 0.009079
v -0.009032 -0.052000 0.011771
v -0.009341 -0.052000 0.010642
v -0.008367 -0.052000 0.010565
v -0.009342 -0.052000 0.010565
v -0.008216 -0.052000 0.009904
v -0.009108 -0.052000 0.009509
v -0.007793 -0.052000 0.009373
v -0.007949 -0.052000 0.006465
v -0.007182 -0.052000 0.009079
v -0.007106 -0.052000 0.002182
v -0.007000 -0.052000 -0.000000
v -0.007106 -0.052000 -0.002182
v -0.003740 -0.052000 0.012425
v -0.006683 -0.052000 0.017243
v -0.006159 -0.052000 0.012452
v -0.008730 -0.052000 0.014413
v -0.007182 -0.052000 0.012052
v -0.008598 -0.052000 0.013460
v -0.018684 -0.052000 0.023092
v -0.014910 -0.052000 0.020913
v -0.015087 -0.052000 0.024703
v -0.010515 -0.052000 0.021390
v -0.011562 -0.052000 0.018124
v -0.009329 -0.052000 0.015601
v -0.019261 -0.052000 0.025876
v -0.030650 -0.052000 0.026030
v -0.030240 -0.052000 0.025408
v -0.031340 -0.052000 0.023418
v -0.032018 -0.052000 0.023418
v -0.031461 -0.052000 0.022414
v -0.034753 -0.052000 0.021878
v -0.032630 -0.052000 0.023712
v -0.030728 -0.052000 0.023712
v -0.030363 -0.052000 0.022779
v -0.030305 -0.052000 0.024243
v -0.029540 -0.052000 0.023611
v -0.028634 -0.052000 0.024608
v -0.030154 -0.052000 0.024905
v -0.027419 -0.052000 0.025189
v -0.026074 -0.052000 0.025269
v -0.022773 -0.052000 0.024597
v -0.019261 -0.052000 0.024386
v -0.043559 -0.052000 0.022550
v -0.040441 -0.052000 0.022550
v -0.040200 -0.052000 0.021650
v -0.038831 -0.052000 0.020474
v -0.042900 -0.052000 0.023209
v -0.042000 -0.052000 0.023450
v -0.041100 -0.052000 0.023209
v -0.040378 -0.052000 0.020869
v -0.040878 -0.052000 0.020243
v -0.042566 -0.052000 0.018317
v -0.041599 -0.052000 0.019895
v -0.042401 -0.052000 0.019895
v -0.043122 -0.052000 0.020243
v -0.043622 -0.052000 0.020869
v -0.043800 -0.052000 0.021650
v -0.042211 -0.052000 -0.025620
v -0.042440 -0.052000 -0.023396
v -0.046171 -0.052000 -0.023239
v -0.043214 -0.052000 -0.022980
v -0.040200 -0.052000 -0.021651
v -0.040301 -0.052000 -0.022245
v -0.040785 -0.052000 -0.022980
v -0.041560 -0.052000 -0.023396
v -0.020221 -0.052000 0.027053
v -0.025717 -0.052000 0.028348
v -0.031306 -0.052000 0.026383
v -0.031360 -0.052000 0.028539
v -0.032052 -0.052000 0.026383
v -0.032708 -0.052000 0.026030
v -0.033053 -0.052000 0.024243
v -0.033204 -0.052000 0.024905
v -0.033118 -0.052000 0.025408
v -0.005317 -0.052000 0.010565
v -0.001801 -0.052000 0.007122
v -0.005468 -0.052000 0.011227
v -0.005891 -0.052000 0.011758
v -0.006503 -0.052000 0.012052
v -0.005468 -0.052000 0.009904
v -0.000942 -0.052000 0.001542
v -0.000900 -0.052000 0.000015
v -0.001801 -0.052000 -0.007122
v -0.005317 -0.052000 -0.010566
v -0.005468 -0.052000 -0.011227
v -0.005891 -0.052000 -0.011758
v -0.006503 -0.052000 -0.012052
v -0.007182 -0.052000 -0.012052
v -0.000942 -0.052000 -0.001542
v -0.000900 -0.052000 -0.000000
v -0.007793 -0.052000 -0.009373
v -0.007182 -0.052000 -0.009079
v -0.006503 -0.052000 -0.009079
v -0.005891 -0.052000 -0.009373
v -0.005468 -0.052000 -0.009904
v -0.046997 -0.052000 -0.022624
v -0.026141 -0.051500 0.024773
v -0.026141 -0.046500 0.024773
v -0.022905 -0.051500 0.024114
v -0.022905 -0.046500 0.024114
v -0.021418 -0.051500 0.023658
v -0.021418 -0.046500 0.023658
v -0.018896 -0.051500 0.022639
v -0.018896 -0.046500 0.022639
v -0.017000 -0.051500 0.021650
v -0.017000 -0.046500 0.021650
v -0.015196 -0.051500 0.020503
v -0.015196 -0.046500 0.020503
v -0.013053 -0.051500 0.018828
v -0.013053 -0.046500 0.018828
v -0.011914 -0.051500 0.017769
v -0.011914 -0.046500 0.017769
v -0.009725 -0.051500 0.015295
v -0.009725 -0.046500 0.015295
v -0.047521 -0.051500 0.012618
v -0.047521 -0.046500 0.012618
v -0.045458 -0.051500 0.015144
v -0.045510 -0.046500 0.015088
v -0.044363 -0.051500 0.016220
v -0.044363 -0.046500 0.016220
v -0.042275 -0.051500 0.017910
v -0.042296 -0.046500 0.017896
v -0.040500 -0.051500 0.019052
v -0.040500 -0.046500 0.019052
v -0.038623 -0.051500 0.020019
v -0.038600 -0.046500 0.020029
v -0.036116 -0.051500 0.020982
v -0.036116 -0.046500 0.020982
v -0.034636 -0.051500 0.021392
v -0.034562 -0.046500 0.021410
v -0.031417 -0.051500 0.021916
v -0.031417 -0.046500 0.021916
v -0.049918 -0.051500 0.011340
v -0.049918 -0.046500 0.011340
v -0.048567 -0.046500 0.011692
v -0.048559 -0.046500 0.011696
v -0.048559 -0.051500 0.011696
v -0.052634 -0.046500 -0.009478
v -0.052634 -0.051500 -0.009478
v -0.051998 -0.046500 -0.010442
v -0.051998 -0.051500 -0.010442
v -0.051046 -0.046500 -0.011095
v -0.051046 -0.051500 -0.011095
v -0.049918 -0.046500 -0.011340
v -0.049918 -0.051500 -0.011340
v -0.048567 -0.046500 -0.011693
v -0.048559 -0.051500 -0.011697
v -0.048559 -0.046500 -0.011697
v -0.047521 -0.051500 -0.012619
v -0.047521 -0.046500 -0.012619
v -0.029111 -0.046500 -0.023353
v -0.029111 -0.051500 -0.023353
v -0.028330 -0.051500 -0.024212
v -0.028330 -0.046500 -0.024212
v -0.027280 -0.051500 -0.024709
v -0.027280 -0.046500 -0.024709
v -0.026141 -0.051500 -0.024774
v -0.026141 -0.046500 -0.024774
v -0.009470 -0.051500 -0.012013
v -0.009470 -0.046500 -0.012013
v -0.009118 -0.046500 -0.013112
v -0.009725 -0.046500 -0.015295
v -0.009725 -0.051500 -0.015295
v -0.009261 -0.046500 -0.014435
v -0.009211 -0.051500 -0.014277
v -0.009207 -0.046500 -0.014263
v -0.009098 -0.046500 -0.013460
v -0.009098 -0.051500 -0.013460
v -0.009117 -0.051500 -0.013119
v -0.009842 -0.046500 -0.010566
v -0.009841 -0.051500 -0.010666
v -0.009842 -0.051500 -0.010566
v -0.009561 -0.051500 -0.009298
v -0.009561 -0.046500 -0.009298
v -0.009561 -0.046500 0.009297
v -0.009561 -0.051500 0.009297
v -0.009842 -0.046500 0.010565
v -0.009842 -0.051500 0.010565
v -0.009470 -0.051500 0.012013
v -0.009470 -0.046500 0.012013
v -0.009841 -0.051500 0.010657
v -0.058547 -0.050525 0.006000
v -0.058272 -0.050250 0.006000
v -0.058547 -0.050374 0.005338
v -0.058272 -0.050126 0.005457
v -0.058547 -0.049951 0.004807
v -0.058272 -0.049779 0.005022
v -0.058547 -0.049339 0.004513
v -0.058272 -0.049278 0.004781
v -0.058547 -0.048661 0.004513
v -0.058272 -0.048722 0.004781
v -0.058547 -0.048049 0.004807
v -0.058272 -0.047750 0.006000
v -0.058547 -0.047475 0.006000
v -0.058272 -0.047874 0.005457
v -0.058547 -0.047626 0.005338
v -0.058272 -0.048157 0.005077
v -0.058272 -0.048221 0.005022
v -0.058547 -0.047679 -0.005238
v -0.058547 -0.047475 -0.006000
v -0.058272 -0.047750 -0.006000
v -0.058272 -0.047820 -0.005587
v -0.058272 -0.047918 -0.005375
v -0.058547 -0.048238 -0.004680
v -0.058272 -0.048157 -0.005078
v -0.058272 -0.048375 -0.004918
v -0.058547 -0.049000 -0.004475
v -0.058272 -0.048695 -0.004788
v -0.058272 -0.049000 -0.004750
v -0.058272 -0.049305 -0.004788
v -0.058547 -0.049763 -0.004680
v -0.058272 -0.050250 -0.006000
v -0.058547 -0.050525 -0.006000
v -0.058272 -0.050083 -0.005375
v -0.058547 -0.050321 -0.005238
v -0.058272 -0.049843 -0.005078
v -0.058272 -0.049625 -0.004918
v -0.043500 -0.051700 0.021650
v -0.043500 -0.048500 0.021650
v -0.043299 -0.051700 0.022400
v -0.043416 -0.048500 0.022146
v -0.043012 -0.048500 0.022758
v -0.040584 -0.048500 0.022146
v -0.040500 -0.048500 0.021650
v -0.040500 -0.051700 0.021650
v -0.040701 -0.051700 0.022400
v -0.040988 -0.051700 0.022758
v -0.040988 -0.048500 0.022758
v -0.041250 -0.051700 0.022949
v -0.041634 -0.048500 0.023105
v -0.041634 -0.051700 0.023105
v -0.042000 -0.051700 0.023150
v -0.042367 -0.048500 0.023105
v -0.042367 -0.051700 0.023105
v -0.042750 -0.051700 0.022949
v -0.043012 -0.051700 0.022758
v -0.040701 -0.048500 0.020900
v -0.042000 -0.048500 0.020150
v -0.041250 -0.048500 0.020351
v -0.042750 -0.048500 0.020351
v -0.043299 -0.048500 0.020900
v -0.040500 -0.048500 -0.021651
v -0.040500 -0.051700 -0.021651
v -0.040701 -0.048500 -0.020901
v -0.040701 -0.051700 -0.020901
v -0.041250 -0.048500 -0.020352
v -0.041250 -0.051700 -0.020352
v -0.042000 -0.048500 -0.020151
v -0.042000 -0.051700 -0.020151
v -0.042750 -0.048500 -0.020352
v -0.042750 -0.051700 -0.020352
v -0.043299 -0.048500 -0.020901
v -0.043299 -0.051700 -0.020901
v -0.043500 -0.048500 -0.021651
v -0.043500 -0.051700 -0.021651
v -0.043416 -0.048500 -0.022146
v -0.040584 -0.048500 -0.022146
v -0.041633 -0.048500 -0.023105
v -0.040988 -0.048500 -0.022758
v -0.042366 -0.048500 -0.023105
v -0.043012 -0.048500 -0.022758
v 0.010500 -0.012320 -0.014218
v 0.010500 -0.010896 -0.015337
v 0.010500 0.004641 0.018232
v 0.010500 0.017794 0.006109
v 0.010500 0.017738 0.006270
v 0.010500 0.018422 -0.003821
v 0.010500 0.001554 0.018750
v 0.010500 0.000848 0.018795
v 0.010500 -0.017727 -0.006300
v 0.010500 -0.016093 -0.009745
v 0.010500 -0.014218 -0.012320
v 0.010500 -0.013782 -0.012807
v 0.010500 0.018582 -0.002943
v 0.010500 0.018814 0.000000
v 0.010500 0.018601 0.002822
v 0.010500 -0.001554 0.018750
v 0.010500 -0.002984 0.018576
v 0.010500 -0.018052 -0.005300
v 0.010500 -0.017114 -0.007816
v 0.010500 -0.010171 -0.015827
v 0.010500 -0.007528 -0.017242
v 0.010500 -0.005300 -0.018052
v 0.010500 -0.003821 -0.018422
v 0.010500 -0.002677 -0.018622
v 0.010500 0.000000 -0.018814
v 0.010500 0.002626 -0.018630
v 0.010500 0.002943 -0.018582
v 0.010500 0.005814 -0.017893
v 0.010500 0.006301 -0.017727
v 0.010500 0.008541 -0.016763
v 0.010500 0.009745 -0.016093
v 0.010500 0.011058 -0.015221
v 0.010500 0.012807 -0.013782
v 0.010500 0.013303 -0.013303
v 0.010500 0.017242 -0.007528
v 0.010500 0.017893 -0.005814
v 0.010500 0.007557 0.017229
v 0.010500 0.016546 0.008954
v 0.010500 0.016203 0.009562
v 0.010500 0.014847 0.011556
v 0.010500 0.014019 0.012546
v 0.010500 0.012742 0.013842
v 0.010500 0.011433 0.014941
v 0.010500 0.010290 0.015750
v 0.010500 0.008219 0.016924
v 0.010500 -0.017371 0.007224
v 0.010500 -0.016546 0.008954
v 0.010500 -0.015686 0.010387
v 0.010500 0.018557 0.003097
v 0.010500 -0.017794 0.006109
v 0.010500 -0.018421 0.003826
v 0.010500 -0.018557 0.003097
v 0.010500 0.015337 -0.010896
v 0.010500 0.016763 -0.008541
v 0.010500 -0.004619 0.018238
v 0.010500 -0.013255 0.013351
v 0.010500 -0.014847 0.011556
v 0.010500 -0.006723 0.017572
v 0.010500 -0.007557 0.017229
v 0.010500 -0.012742 0.013842
v 0.010500 -0.010197 0.015811
v 0.010500 -0.018814 0.000000
v 0.010500 -0.018630 -0.002626
v 0.010442 -0.018512 -0.005436
v 0.010442 -0.019097 -0.002746
v 0.010442 -0.019294 0.000000
v 0.010442 -0.014581 -0.012635
v 0.010442 -0.012635 -0.014581
v 0.010442 -0.010431 -0.016231
v 0.010442 -0.008015 -0.017550
v 0.010442 -0.005436 -0.018512
v 0.010442 -0.002746 -0.019097
v 0.010442 0.000000 -0.019294
v 0.010267 -0.019751 0.000000
v 0.010267 -0.019550 -0.002811
v 0.010267 -0.019256 -0.004395
v 0.010267 -0.018951 -0.005564
v 0.010442 -0.017550 -0.008015
v 0.010442 -0.016231 -0.010431
v 0.010267 -0.017966 -0.008205
v 0.010267 -0.017795 -0.008570
v 0.010267 -0.016615 -0.010678
v 0.010267 -0.015442 -0.012314
v 0.010267 -0.014927 -0.012934
v 0.010267 -0.012934 -0.014927
v 0.010267 -0.012314 -0.015442
v 0.010267 -0.010678 -0.016615
v 0.010267 -0.008570 -0.017795
v 0.010267 -0.008205 -0.017966
v 0.010267 0.000000 -0.019751
v 0.010267 -0.002811 -0.019550
v 0.010267 -0.004395 -0.019256
v 0.010267 -0.005564 -0.018951
v 0.010442 0.017191 -0.008759
v 0.010442 0.008759 -0.017191
v 0.010442 0.003018 -0.019056
v 0.010442 0.005962 -0.018349
v 0.010442 0.011341 -0.015609
v 0.010442 0.013643 -0.013643
v 0.010442 0.015609 -0.011341
v 0.010442 0.018349 -0.005962
v 0.010442 0.019056 -0.003018
v 0.010442 0.019294 0.000000
v 0.010267 0.003090 -0.019508
v 0.010267 0.004395 -0.019256
v 0.010267 0.006103 -0.018784
v 0.010267 0.008570 -0.017795
v 0.010267 0.008967 -0.017598
v 0.010267 0.011609 -0.015979
v 0.010267 0.012314 -0.015442
v 0.010267 0.013966 -0.013966
v 0.010267 0.015442 -0.012314
v 0.010267 0.015979 -0.011609
v 0.010267 0.017598 -0.008967
v 0.010267 0.017795 -0.008570
v 0.010267 0.018784 -0.006103
v 0.010267 0.019751 0.000000
v 0.010267 0.019508 -0.003090
v 0.010267 0.019256 -0.004395
v 0.010441 0.015225 0.011851
v 0.010442 0.019031 0.003176
v 0.010442 0.018248 0.006265
v 0.010441 0.016968 0.009183
v 0.010441 0.013067 0.014195
v 0.010441 0.010553 0.016152
v 0.010441 0.007750 0.017669
v 0.010441 0.004736 0.018703
v 0.010441 0.001593 0.019228
v 0.010441 -0.004736 0.018703
v 0.010441 -0.001593 0.019228
v 0.010442 -0.013067 0.014195
v 0.010441 -0.010553 0.016152
v 0.010441 -0.007750 0.017669
v 0.010442 -0.015225 0.011850
v 0.010442 -0.016968 0.009183
v 0.010442 -0.018248 0.006265
v 0.010442 -0.019031 0.003176
v 0.010267 0.019482 0.003251
v 0.010267 0.019256 0.004395
v 0.010267 0.018681 0.006413
v 0.010267 0.015586 0.012131
v 0.010267 0.017370 0.009400
v 0.010267 0.017795 0.008570
v 0.010267 0.015442 0.012315
v 0.010267 0.013377 0.014531
v 0.010267 0.012314 0.015442
v 0.010267 0.010803 0.016535
v 0.010267 0.008570 0.017795
v 0.010267 0.007934 0.018087
v 0.010267 0.004849 0.019147
v 0.010267 0.004395 0.019256
v 0.010267 0.001631 0.019683
v 0.010267 -0.000000 0.019751
v 0.010267 -0.001631 0.019683
v 0.010267 -0.004395 0.019256
v 0.010267 -0.004849 0.019147
v 0.010267 -0.007934 0.018087
v 0.010267 -0.008570 0.017795
v 0.010267 -0.010803 0.016535
v 0.010267 -0.012314 0.015442
v 0.010267 -0.013377 0.014531
v 0.010267 -0.015442 0.012314
v 0.010267 -0.015586 0.012131
v 0.010267 -0.017370 0.009400
v 0.010267 -0.017795 0.008570
v 0.010267 -0.018681 0.006413
v 0.010267 -0.019482 0.003251
v 0.010267 -0.019256 0.004395
v 0.008641 -0.020557 -0.009900
v 0.008641 -0.021080 -0.008732
v 0.008641 -0.022817 0.000000
v 0.008641 -0.022621 -0.002978
v 0.008641 -0.022244 -0.005077
v 0.008641 -0.022039 -0.005905
v 0.008641 -0.019760 -0.011408
v 0.008641 -0.018102 -0.013890
v 0.008641 -0.017839 -0.014226
v 0.008641 -0.016134 -0.016134
v 0.008641 -0.014226 -0.017839
v 0.008641 -0.013890 -0.018102
v 0.008641 -0.011408 -0.019760
v 0.008641 -0.009900 -0.020557
v 0.008641 -0.008731 -0.021080
v 0.008641 -0.005905 -0.022039
v 0.008641 -0.005077 -0.022244
v 0.008641 -0.002978 -0.022621
v 0.008641 0.000000 -0.022817
v 0.008641 0.001957 -0.022732
v 0.008641 0.005077 -0.022244
v 0.008641 0.005883 -0.022045
v 0.008641 0.007804 -0.021441
v 0.008641 0.009629 -0.020685
v 0.008641 0.009900 -0.020557
v 0.008641 0.011408 -0.019760
v 0.008641 0.014226 -0.017839
v 0.008641 0.014666 -0.017478
v 0.008641 0.016134 -0.016134
v 0.008641 0.017479 -0.014666
v 0.008641 0.017839 -0.014226
v 0.008641 0.019760 -0.011408
v 0.008641 0.020557 -0.009900
v 0.008641 0.020685 -0.009629
v 0.008641 0.021441 -0.007804
v 0.008641 0.022045 -0.005883
v 0.008641 0.022245 -0.005077
v 0.008641 0.022733 -0.001957
v 0.008641 0.022817 0.000000
v 0.008641 0.018459 0.013411
v 0.008641 0.017839 0.014226
v 0.008641 0.022536 0.003569
v 0.008641 0.022245 0.005077
v 0.008641 0.021700 0.007051
v 0.008641 0.020557 0.009900
v 0.008641 0.020330 0.010359
v 0.008641 0.016134 0.016134
v 0.008641 0.014226 0.017839
v 0.008641 0.005077 0.022245
v 0.008641 0.007051 0.021700
v 0.008641 0.009900 0.020557
v 0.008641 0.010359 0.020330
v 0.008641 0.013411 0.018459
v 0.008641 -0.022536 0.003569
v 0.008641 -0.022244 0.005077
v 0.008641 -0.021700 0.007051
v 0.008641 -0.020557 0.009900
v 0.008641 -0.020330 0.010359
v 0.008641 -0.018459 0.013411
v 0.008641 -0.017839 0.014226
v 0.008641 -0.016134 0.016134
v 0.008641 -0.014226 0.017839
v 0.008641 -0.013411 0.018459
v 0.008641 -0.010359 0.020330
v 0.008641 -0.009900 0.020557
v 0.008641 -0.007051 0.021700
v 0.008641 -0.005077 0.022245
v 0.008641 -0.003569 0.022536
v 0.008641 -0.000000 0.022817
v 0.008641 0.003569 0.022536
v 0.008522 -0.022182 -0.005944
v 0.008522 -0.022768 -0.002997
v 0.008434 -0.022827 -0.003005
v 0.008522 -0.016238 -0.016238
v 0.008522 -0.022965 0.000000
v 0.008522 -0.018219 -0.013980
v 0.008522 -0.019888 -0.011482
v 0.008522 -0.013980 -0.018219
v 0.008522 -0.011482 -0.019888
v 0.008522 -0.008788 -0.021216
v 0.008522 -0.002997 -0.022768
v 0.008522 -0.005944 -0.022182
v 0.008434 -0.021271 -0.008811
v 0.008434 -0.019939 -0.011512
v 0.008434 -0.018266 -0.014016
v 0.008434 -0.003005 -0.022827
v 0.008434 -0.005959 -0.022239
v 0.008434 -0.008811 -0.021271
v 0.008434 -0.011512 -0.019939
v 0.008434 -0.014016 -0.018266
v 0.008434 -0.016280 -0.016280
v 0.008434 -0.023024 0.000000
v 0.008199 -0.023082 0.000000
v 0.008199 -0.022885 -0.003013
v 0.008522 -0.021216 -0.008788
v 0.008434 -0.022239 -0.005959
v 0.008199 -0.022578 -0.004799
v 0.008199 -0.022296 -0.005974
v 0.008199 -0.021325 -0.008833
v 0.008199 -0.021087 -0.009388
v 0.008199 -0.019990 -0.011541
v 0.008199 -0.018674 -0.013567
v 0.008199 -0.018312 -0.014052
v 0.008199 -0.016322 -0.016322
v 0.008199 -0.015445 -0.017153
v 0.008199 -0.014052 -0.018312
v 0.008199 -0.011541 -0.019990
v 0.008199 -0.008833 -0.021325
v 0.008199 -0.007133 -0.021953
v 0.008199 -0.005974 -0.022296
v 0.008199 -0.003013 -0.022885
v 0.008199 -0.002413 -0.022956
v 0.008522 0.000000 -0.022965
v 0.008434 0.000000 -0.023024
v 0.008199 0.000000 -0.023082
v 0.008331 0.020910 -0.009733
v 0.008331 0.019975 -0.011532
v 0.008199 0.019990 -0.011541
v 0.008199 0.022997 -0.001980
v 0.008199 0.023082 0.000000
v 0.008434 0.023024 0.000000
v 0.008564 0.005911 -0.022149
v 0.008564 0.003981 -0.022576
v 0.008564 0.001966 -0.022840
v 0.008331 0.001978 -0.022980
v 0.008199 0.002413 -0.022956
v 0.008331 0.004005 -0.022714
v 0.008199 0.004008 -0.022732
v 0.008331 0.005947 -0.022285
v 0.008199 0.007133 -0.021953
v 0.008331 0.007889 -0.021674
v 0.008199 0.009741 -0.020926
v 0.008564 0.009674 -0.020783
v 0.008564 0.007841 -0.021542
v 0.008564 0.011462 -0.019853
v 0.008564 0.013143 -0.018783
v 0.008564 0.014736 -0.017561
v 0.008199 0.018912 -0.013233
v 0.008331 0.018898 -0.013223
v 0.008199 0.018674 -0.013567
v 0.008331 0.017669 -0.014826
v 0.008199 0.016322 -0.016322
v 0.008331 0.016309 -0.016309
v 0.008199 0.015445 -0.017153
v 0.008331 0.014826 -0.017669
v 0.008199 0.013233 -0.018912
v 0.008331 0.013223 -0.018898
v 0.008199 0.011541 -0.019990
v 0.008331 0.011532 -0.019975
v 0.008331 0.009734 -0.020910
v 0.008564 0.020783 -0.009674
v 0.008564 0.019853 -0.011462
v 0.008564 0.018783 -0.013143
v 0.008564 0.017561 -0.014735
v 0.008564 0.016210 -0.016210
v 0.008564 0.022840 -0.001966
v 0.008564 0.022576 -0.003981
v 0.008564 0.022149 -0.005911
v 0.008564 0.021542 -0.007841
v 0.008457 0.001974 -0.022926
v 0.008457 0.003996 -0.022661
v 0.008457 0.005933 -0.022233
v 0.008457 0.007870 -0.021623
v 0.008457 0.009711 -0.020861
v 0.008457 0.011505 -0.019928
v 0.008457 0.013192 -0.018854
v 0.008457 0.014791 -0.017627
v 0.008457 0.016271 -0.016271
v 0.008457 0.017627 -0.014791
v 0.008457 0.018854 -0.013192
v 0.008457 0.019928 -0.011505
v 0.008457 0.020861 -0.009711
v 0.008457 0.021623 -0.007870
v 0.008457 0.022233 -0.005933
v 0.008457 0.022661 -0.003996
v 0.008457 0.022926 -0.001974
v 0.008331 0.022980 -0.001978
v 0.008331 0.022714 -0.004005
v 0.008331 0.022285 -0.005947
v 0.008331 0.021674 -0.007889
v 0.008199 0.020926 -0.009741
v 0.008199 0.021087 -0.009388
v 0.008199 0.021690 -0.007895
v 0.008199 0.022578 -0.004799
v 0.008521 0.022965 0.000000
v 0.008522 -0.021841 0.007096
v 0.008522 -0.020462 0.010426
v 0.008434 -0.020514 0.010453
v 0.008521 -0.010426 0.020462
v 0.008521 -0.007096 0.021841
v 0.008434 -0.007115 0.021897
v 0.008521 0.007096 0.021841
v 0.008521 0.010426 0.020462
v 0.008434 0.010453 0.020514
v 0.008521 0.020462 0.010426
v 0.008521 0.021841 0.007097
v 0.008434 0.021897 0.007115
v 0.008521 0.022682 0.003593
v 0.008521 0.018579 0.013498
v 0.008521 0.016238 0.016238
v 0.008521 0.013498 0.018579
v 0.008521 0.003592 0.022682
v 0.008521 -0.000000 0.022965
v 0.008521 -0.003592 0.022682
v 0.008521 -0.013498 0.018579
v 0.008521 -0.016238 0.016238
v 0.008521 -0.018579 0.013498
v 0.008522 -0.022682 0.003592
v 0.008434 0.022740 0.003602
v 0.008434 0.013533 0.018627
v 0.008434 0.016280 0.016280
v 0.008434 0.018627 0.013533
v 0.008434 0.020514 0.010453
v 0.008434 -0.003602 0.022740
v 0.008434 -0.000000 0.023024
v 0.008434 0.003602 0.022740
v 0.008434 0.007115 0.021897
v 0.008434 -0.018627 0.013533
v 0.008434 -0.016280 0.016280
v 0.008434 -0.013533 0.018627
v 0.008434 -0.010453 0.020514
v 0.008434 -0.021897 0.007115
v 0.008434 -0.022740 0.003602
v 0.008199 0.022798 0.003611
v 0.008199 0.022639 0.004503
v 0.008199 0.021953 0.007133
v 0.008199 0.021325 0.008833
v 0.008199 0.020566 0.010479
v 0.008199 0.019192 0.012824
v 0.008199 0.018674 0.013567
v 0.008199 0.016322 0.016322
v 0.008199 0.013567 0.018674
v 0.008199 0.012824 0.019192
v 0.008199 0.010479 0.020567
v 0.008199 0.008833 0.021325
v 0.008199 0.007133 0.021953
v 0.008199 0.004503 0.022639
v 0.008199 0.003611 0.022798
v 0.008199 -0.000000 0.023082
v 0.008199 -0.003611 0.022798
v 0.008199 -0.004503 0.022639
v 0.008199 -0.007133 0.021953
v 0.008199 -0.008833 0.021325
v 0.008199 -0.010479 0.020566
v 0.008199 -0.012824 0.019192
v 0.008199 -0.013567 0.018674
v 0.008199 -0.016322 0.016322
v 0.008199 -0.018674 0.013567
v 0.008199 -0.019192 0.012824
v 0.008199 -0.020566 0.010479
v 0.008199 -0.021325 0.008833
v 0.008199 -0.022798 0.003611
v 0.008199 -0.022639 0.004503
v 0.008199 -0.021953 0.007133
v -0.043416 -0.051700 -0.022146
v -0.043012 -0.051700 -0.022758
v -0.042366 -0.051700 -0.023105
v -0.041633 -0.051700 -0.023105
v -0.040988 -0.051700 -0.022758
v -0.040584 -0.051700 -0.022146
v -0.043351 -0.051700 0.021000
v -0.043299 -0.051700 0.020900
v -0.042935 -0.051700 0.020478
v -0.042750 -0.051700 0.020351
v -0.042334 -0.051700 0.020188
v -0.042000 -0.051700 0.020150
v -0.041666 -0.051700 0.020188
v -0.041250 -0.051700 0.020351
v -0.041065 -0.051700 0.020478
v -0.040649 -0.051700 0.021000
v -0.040701 -0.051700 0.020900
v -0.053769 -0.050250 0.006000
v -0.058272 -0.050180 0.006413
v -0.053631 -0.050131 0.006532
v -0.058272 -0.049843 0.006922
v -0.053523 -0.049844 0.006922
v -0.053505 -0.049772 0.006983
v -0.058272 -0.049305 0.007212
v -0.053434 -0.049255 0.007223
v -0.058272 -0.048695 0.007212
v -0.053433 -0.048758 0.007226
v -0.053500 -0.048251 0.007001
v -0.058272 -0.048157 0.006922
v -0.053523 -0.048156 0.006922
v -0.058272 -0.047820 0.006413
v -0.053625 -0.047880 0.006554
v -0.053769 -0.047750 0.006000
v -0.058272 -0.050180 -0.006413
v -0.053769 -0.050250 -0.006000
v -0.053769 -0.047750 -0.006000
v -0.053631 -0.047869 -0.006533
v -0.058272 -0.047820 -0.006413
v -0.058272 -0.048157 -0.006923
v -0.058272 -0.049305 -0.007212
v -0.053434 -0.048745 -0.007224
v -0.058272 -0.048695 -0.007212
v -0.053505 -0.048228 -0.006983
v -0.053523 -0.048156 -0.006923
v -0.053625 -0.050121 -0.006554
v -0.053523 -0.049844 -0.006922
v -0.058272 -0.049843 -0.006923
v -0.053500 -0.049749 -0.007001
v -0.053433 -0.049242 -0.007227
v -0.053930 -0.050041 -0.005308
v -0.053867 -0.050180 -0.005588
v -0.053807 -0.050240 -0.005844
v -0.053979 -0.049844 -0.005078
v -0.054002 -0.049697 -0.004963
v -0.054037 -0.049306 -0.004788
v -0.054041 -0.049218 -0.004769
v -0.054035 -0.048655 -0.004799
v -0.053986 -0.048198 -0.005041
v -0.053888 -0.047856 -0.005497
v -0.053867 -0.047820 0.005588
v -0.053807 -0.047760 0.005843
v -0.054035 -0.049345 0.004798
v -0.054041 -0.048782 0.004769
v -0.054037 -0.048694 0.004788
v -0.054002 -0.048303 0.004962
v -0.053979 -0.048156 0.005077
v -0.053930 -0.047960 0.005307
v -0.053888 -0.050144 0.005497
v -0.053986 -0.049802 0.005041
v -0.001442 -0.054526 -0.005541
v -0.000655 -0.054993 -0.003615
v -0.001122 -0.054519 -0.003559
v -0.000462 -0.054982 -0.001598
v -0.000943 -0.054509 -0.001574
v -0.000900 -0.054505 -0.000000
v -0.000418 -0.054979 0.000421
v -0.000900 -0.054505 0.000015
v -0.001442 -0.054526 0.005541
v -0.000524 -0.054986 0.002437
v -0.001001 -0.054513 0.002400
v -0.000903 -0.054506 0.000415
v 0.007800 0.023082 0.000000
v 0.007800 0.022578 -0.004799
v 0.007800 0.021087 -0.009388
v 0.007800 0.018674 -0.013567
v 0.007800 0.015445 -0.017153
v 0.007800 0.011541 -0.019990
v 0.007800 0.002413 -0.022956
v 0.007800 0.007133 -0.021953
v 0.007800 -0.002413 -0.022956
v 0.007800 -0.007133 -0.021953
v 0.007800 -0.015445 -0.017153
v 0.007800 -0.011541 -0.019990
v 0.007800 -0.018674 -0.013567
v 0.007800 -0.021087 -0.009388
v 0.007800 -0.022578 -0.004799
v 0.007800 -0.023082 -0.000000
v 0.007800 -0.000000 0.023082
v 0.007800 0.002413 0.022956
v 0.007800 0.004503 0.022639
v 0.007800 0.007133 0.021953
v 0.007800 0.008833 0.021325
v 0.007800 0.011541 0.019990
v 0.007800 0.012824 0.019192
v 0.007800 0.015445 0.017154
v 0.007800 0.016322 0.016322
v 0.007800 0.018674 0.013567
v 0.007800 0.019192 0.012824
v 0.007800 0.021087 0.009388
v 0.007800 0.021325 0.008833
v 0.007800 0.022578 0.004799
v 0.007800 -0.022578 0.004799
v 0.007800 -0.021325 0.008833
v 0.007800 -0.021087 0.009388
v 0.007800 -0.019192 0.012824
v 0.007800 -0.018674 0.013567
v 0.007800 -0.016322 0.016322
v 0.007800 -0.015445 0.017153
v 0.007800 -0.012824 0.019192
v 0.007800 -0.011541 0.019990
v 0.007800 -0.008833 0.021325
v 0.007800 -0.007133 0.021953
v 0.007800 -0.004503 0.022639
v 0.007800 -0.002413 0.022956
v -0.008428 -0.051500 -0.006321
v -0.008021 -0.046500 -0.004762
v -0.008021 -0.051500 -0.004762
v -0.007604 -0.051500 -0.002134
v -0.007500 -0.046500 -0.000000
v -0.007500 -0.051500 -0.000000
v -0.007604 -0.051500 0.002134
v -0.008028 -0.046500 0.004790
v -0.008428 -0.051500 0.006321
v -0.008021 -0.051500 0.004762
v -0.011845 -0.051500 -0.017701
v -0.011859 -0.046500 -0.017715
v -0.013052 -0.051500 -0.018828
v -0.013052 -0.046500 -0.018828
v -0.015137 -0.051500 -0.020463
v -0.015175 -0.046500 -0.020489
v -0.017000 -0.051500 -0.021651
v -0.017000 -0.046500 -0.021651
v -0.018854 -0.051500 -0.022620
v -0.018919 -0.046500 -0.022651
v -0.021418 -0.051500 -0.023658
v -0.021418 -0.046500 -0.023658
v -0.022886 -0.051500 -0.024109
v -0.022979 -0.046500 -0.024135
v -0.031417 -0.046500 -0.021916
v -0.031417 -0.051500 -0.021916
v -0.030100 -0.051500 -0.022354
v -0.030092 -0.046500 -0.022359
v -0.034655 -0.051500 -0.021388
v -0.034655 -0.046500 -0.021388
v -0.036115 -0.051500 -0.020982
v -0.036115 -0.046500 -0.020982
v -0.038664 -0.051500 -0.020001
v -0.038664 -0.046500 -0.020001
v -0.040500 -0.051500 -0.019053
v -0.040500 -0.046500 -0.019053
v -0.042332 -0.051500 -0.017870
v -0.042332 -0.046500 -0.017870
v -0.044363 -0.051500 -0.016220
v -0.044363 -0.046500 -0.016220
v -0.045524 -0.051500 -0.015075
v -0.045524 -0.046500 -0.015075
v -0.054029 -0.051500 0.004830
v -0.052634 -0.051500 0.009478
v -0.052634 -0.046500 0.009478
v -0.053656 -0.046500 0.006439
v -0.054029 -0.046500 0.004830
v -0.054500 -0.051500 -0.000000
v -0.054500 -0.046500 -0.000000
v -0.054402 -0.046500 0.002207
v -0.054412 -0.046500 -0.002091
v -0.054029 -0.046500 -0.004830
v -0.053686 -0.046500 -0.006327
v -0.054029 -0.051500 -0.004830
v -0.051046 -0.051500 0.011095
v -0.051053 -0.046500 0.011092
v -0.051999 -0.051500 0.010442
v -0.052008 -0.046500 0.010432
v -0.030093 -0.046500 0.022358
v -0.029112 -0.046500 0.023353
v -0.030100 -0.051500 0.022354
v -0.029112 -0.051500 0.023353
v -0.030100 -0.046500 0.022354
v -0.027294 -0.051500 0.024705
v -0.027280 -0.046500 0.024709
v -0.028335 -0.051500 0.024207
v -0.028330 -0.046500 0.024211
v -0.009261 -0.046500 0.014435
v -0.009118 -0.046500 0.013112
v -0.009117 -0.051500 0.013119
v -0.009098 -0.046500 0.013460
v -0.009098 -0.051500 0.013460
v -0.009211 -0.051500 0.014277
v -0.048729 -0.051725 0.014339
v -0.048853 -0.051725 0.014881
v -0.049199 -0.051725 0.015316
v -0.049701 -0.051725 0.015558
v -0.050257 -0.051725 0.015558
v -0.050758 -0.051725 0.015316
v -0.051105 -0.051725 0.014881
v -0.051229 -0.051725 0.014339
v -0.051061 -0.051725 0.013714
v -0.050604 -0.051725 0.013257
v -0.049979 -0.051725 0.013089
v -0.049354 -0.051725 0.013257
v -0.048896 -0.051725 0.013714
v -0.030429 -0.051725 0.024905
v -0.030499 -0.051725 0.025318
v -0.030836 -0.051725 0.025827
v -0.031374 -0.051725 0.026117
v -0.031984 -0.051725 0.026117
v -0.032522 -0.051725 0.025827
v -0.032859 -0.051725 0.025317
v -0.032929 -0.051725 0.024905
v -0.032805 -0.051725 0.024362
v -0.032458 -0.051725 0.023927
v -0.031957 -0.051725 0.023686
v -0.031401 -0.051725 0.023686
v -0.030900 -0.051725 0.023927
v -0.030553 -0.051725 0.024362
v -0.005592 -0.051725 0.010565
v -0.005716 -0.051725 0.011108
v -0.006063 -0.051725 0.011543
v -0.006564 -0.051725 0.011784
v -0.007120 -0.051725 0.011784
v -0.007622 -0.051725 0.011543
v -0.007969 -0.051725 0.011108
v -0.008092 -0.051725 0.010565
v -0.005716 -0.051725 0.010023
v -0.005760 -0.051725 0.009940
v -0.006063 -0.051725 0.009588
v -0.006217 -0.051725 0.009483
v -0.006564 -0.051725 0.009347
v -0.006842 -0.051725 0.009315
v -0.007120 -0.051725 0.009347
v -0.007467 -0.051725 0.009483
v -0.007622 -0.051725 0.009588
v -0.007968 -0.051725 0.010023
v -0.007925 -0.051725 0.009940
v -0.005592 -0.051725 -0.010566
v -0.005716 -0.051725 -0.010023
v -0.006063 -0.051725 -0.009588
v -0.006564 -0.051725 -0.009347
v -0.007120 -0.051725 -0.009347
v -0.007622 -0.051725 -0.009588
v -0.007968 -0.051725 -0.010023
v -0.008092 -0.051725 -0.010566
v -0.005716 -0.051725 -0.011108
v -0.005760 -0.051725 -0.011191
v -0.006063 -0.051725 -0.011543
v -0.006217 -0.051725 -0.011648
v -0.006564 -0.051725 -0.011784
v -0.006842 -0.051725 -0.011816
v -0.007120 -0.051725 -0.011784
v -0.007467 -0.051725 -0.011648
v -0.007622 -0.051725 -0.011543
v -0.007968 -0.051725 -0.011108
v -0.007925 -0.051725 -0.011191
v -0.030429 -0.051725 -0.024905
v -0.030499 -0.051725 -0.024492
v -0.030835 -0.051725 -0.023982
v -0.031373 -0.051725 -0.023693
v -0.031984 -0.051725 -0.023693
v -0.032522 -0.051725 -0.023982
v -0.032859 -0.051725 -0.024492
v -0.032929 -0.051725 -0.024905
v -0.032805 -0.051725 -0.025447
v -0.032458 -0.051725 -0.025882
v -0.031957 -0.051725 -0.026124
v -0.031401 -0.051725 -0.026124
v -0.030899 -0.051725 -0.025882
v -0.030553 -0.051725 -0.025447
v -0.001801 -0.054526 -0.007122
v -0.001731 -0.054526 -0.006847
v -0.003610 -0.054526 -0.012151
v -0.003740 -0.054526 -0.012425
v -0.006490 -0.054526 -0.016986
v -0.006683 -0.054526 -0.017244
v -0.010261 -0.054526 -0.021162
v -0.010515 -0.054526 -0.021390
v -0.014777 -0.054526 -0.024520
v -0.015087 -0.054526 -0.024703
v -0.019863 -0.054526 -0.026928
v -0.020221 -0.054526 -0.027053
v -0.025323 -0.054526 -0.028294
v -0.025717 -0.054526 -0.028349
v -0.029500 -0.054526 -0.028600
v -0.030943 -0.054526 -0.028564
v -0.036508 -0.054526 -0.027728
v -0.031360 -0.054526 -0.028540
v -0.046997 -0.054526 -0.022624
v -0.046620 -0.054526 -0.022910
v -0.042211 -0.054526 -0.025620
v -0.041802 -0.054526 -0.025819
v -0.036930 -0.054526 -0.027618
v -0.057099 -0.053000 -0.007500
v -0.057090 -0.053364 -0.007534
v -0.057065 -0.053693 -0.007624
v -0.057020 -0.054026 -0.007784
v -0.056933 -0.054415 -0.008087
v -0.050774 -0.054526 -0.019115
v -0.051100 -0.054526 -0.018746
v -0.054105 -0.054526 -0.014579
v -0.054362 -0.054526 -0.014137
v -0.056483 -0.054526 -0.009479
v -0.056897 -0.054526 -0.008207
v -0.057099 -0.053000 0.007500
v -0.056974 -0.054256 0.007944
v -0.057071 -0.053632 0.007602
v -0.054362 -0.054526 0.014136
v -0.056487 -0.054526 0.009468
v -0.056897 -0.054526 0.008206
v -0.054128 -0.054526 0.014541
v -0.050826 -0.054526 0.019057
v -0.051100 -0.054526 0.018745
v -0.046708 -0.054526 0.022843
v -0.046997 -0.054526 0.022623
v -0.041932 -0.054526 0.025756
v -0.042211 -0.054526 0.025620
v -0.031155 -0.054526 0.028552
v -0.031360 -0.054526 0.028539
v -0.036681 -0.054526 0.027684
v -0.036930 -0.054526 0.027618
v -0.010518 -0.054526 0.021392
v -0.015045 -0.054526 0.024678
v -0.020126 -0.054526 0.027020
v -0.025565 -0.054526 0.028328
v -0.025717 -0.054526 0.028348
v -0.029500 -0.054526 0.028600
v -0.003787 -0.054526 0.012522
v -0.006717 -0.054526 0.017288
v -0.001801 -0.054526 0.007122
v -0.001841 -0.054526 0.007278
v -0.003740 -0.054526 0.012425
v -0.048852 -0.051725 -0.014882
v -0.048896 -0.051725 -0.014965
v -0.049199 -0.051725 -0.015317
v -0.049354 -0.051725 -0.015422
v -0.049701 -0.051725 -0.015558
v -0.049979 -0.051725 -0.015590
v -0.050257 -0.051725 -0.015558
v -0.050604 -0.051725 -0.015422
v -0.050758 -0.051725 -0.015317
v -0.051105 -0.051725 -0.014882
v -0.051061 -0.051725 -0.014965
v 0.007000 -0.034337 0.013570
v 0.007000 -0.035264 0.013392
v 0.007000 -0.036962 0.012584
v 0.007000 -0.036196 0.013049
v 0.007000 -0.037633 0.011947
v 0.007000 -0.038169 0.011138
v 0.007000 -0.038487 0.010355
v 0.007000 -0.038706 0.009327
v 0.006824 -0.020969 0.014849
v 0.007000 -0.021016 0.015227
v -0.057051 -0.054834 0.008703
v -0.057022 -0.054985 0.009250
v -0.058547 -0.047561 0.006503
v -0.058547 -0.047971 0.007125
v -0.058547 -0.048627 0.007478
v -0.058547 -0.050440 0.006503
v -0.058547 -0.050029 0.007125
v -0.058547 -0.049373 0.007478
v -0.004773 -0.047067 -0.017908
v -0.005673 -0.047228 -0.018456
v -0.005750 -0.047032 -0.018525
v -0.058547 -0.050440 -0.006504
v -0.058547 -0.050029 -0.007126
v -0.058547 -0.049373 -0.007479
v -0.058547 -0.047561 -0.006504
v -0.058547 -0.047971 -0.007126
v -0.058547 -0.048627 -0.007479
v -0.058548 -0.046410 -0.004604
v -0.058547 -0.046563 0.005499
v -0.058547 -0.046097 -0.001696
v -0.058547 -0.046047 -0.000000
v -0.058548 -0.046178 0.002758
v -0.056993 -0.054692 -0.008434
v -0.057059 -0.054930 -0.008976
v 0.000561 -0.054846 0.015553
v 0.001051 -0.054732 0.015566
v 0.001409 -0.054628 -0.015578
v -0.000003 -0.054937 -0.015545
v 0.003562 -0.053572 0.015692
v 0.003445 -0.053652 0.015683
v 0.003563 -0.053571 -0.015693
v 0.002061 -0.054391 0.015603
v 0.002738 -0.054073 -0.015639
v 0.002009 -0.054412 -0.015602
v 0.005001 -0.052290 -0.015833
v 0.005529 -0.051624 -0.015905
v 0.004657 -0.052657 0.015792
v 0.005652 -0.051445 0.015924
v 0.003952 -0.053283 -0.015725
v 0.006390 -0.050061 0.016074
v 0.005855 -0.051125 -0.015959
v 0.006487 -0.049819 -0.016101
v 0.007000 -0.047000 -0.016408
v 0.007000 -0.047000 0.016407
v 0.006871 -0.048430 -0.016252
v 0.006846 -0.048561 0.016237
v 0.006712 -0.049123 0.016176
v 0.007000 -0.006886 -0.021192
v 0.007000 -0.011141 -0.019297
v 0.007000 -0.014910 -0.016559
v 0.007000 -0.017323 -0.014015
v 0.007000 -0.018027 -0.013097
v 0.007000 -0.020356 -0.009063
v 0.007000 -0.021795 -0.004633
v 0.007000 -0.022282 -0.000000
v 0.007000 -0.021795 0.004633
v 0.007000 -0.020356 0.009063
v 0.007000 -0.018027 0.013097
v 0.007000 -0.017323 0.014015
v 0.007000 -0.014910 0.016559
v 0.007000 -0.011141 0.019297
v 0.007000 -0.006886 0.021192
v 0.000500 -0.038260 0.005850
v 0.000500 -0.038204 0.006710
v 0.000500 -0.037896 0.007891
v 0.000500 -0.036922 0.009271
v 0.000500 -0.037715 0.008274
v 0.000500 -0.036635 0.009499
v 0.000500 -0.035365 0.010117
v -0.007224 -0.046040 -0.018630
v -0.005623 -0.047037 0.018426
v 0.007000 -0.038163 -0.011151
v 0.007000 -0.038512 -0.010273
v 0.007000 -0.036960 -0.012585
v 0.007000 -0.037642 -0.011936
v 0.007000 -0.034337 -0.013571
v 0.007000 -0.035267 -0.013391
v 0.007000 -0.036150 -0.013071
v 0.007000 -0.017968 0.014648
v 0.007000 -0.018762 0.015058
v 0.007000 -0.017432 -0.014152
v 0.007000 -0.018062 -0.014713
v 0.007000 -0.018793 -0.015068
v 0.007000 -0.021016 -0.015227
v 0.007000 -0.019828 -0.015268
v 0.007000 -0.020951 0.015235
v 0.007000 -0.019743 0.015261
v 0.003500 -0.020969 0.012000
v 0.006825 -0.020004 0.014897
v 0.006818 -0.019083 0.014755
v 0.006812 -0.018777 0.014646
v 0.006793 -0.018317 0.014395
v 0.006790 -0.018274 0.014364
v 0.006994 -0.014929 -0.014041
v 0.006500 -0.014569 -0.013702
v 0.006590 -0.015266 -0.013202
v 0.006733 -0.017404 -0.013462
v 0.007000 -0.016794 -0.013598
v 0.007000 -0.016132 -0.013479
v 0.006706 -0.016635 -0.013069
v 0.006723 -0.016974 -0.013188
v 0.007000 -0.014933 -0.014045
v 0.007000 -0.015478 -0.013646
v 0.006670 -0.016110 -0.013009
v 0.007000 -0.011543 -0.016941
v 0.006500 -0.011262 -0.016528
v 0.006500 -0.014142 -0.014142
v 0.007000 -0.011543 0.016941
v 0.007000 -0.014933 0.014045
v 0.006500 -0.014142 0.014142
v 0.006994 -0.014929 0.014041
v 0.006500 -0.011262 0.016528
v 0.006500 -0.010783 0.016844
v 0.007000 -0.007409 0.019114
v 0.006500 -0.007229 0.018648
v 0.007000 -0.002891 0.020295
v 0.006500 -0.002821 0.019800
v 0.007000 -0.000000 0.020500
v 0.007000 0.001777 0.020423
v 0.007000 0.006353 0.019491
v 0.007000 0.010600 0.017547
v 0.007000 0.014296 0.014693
v 0.007000 0.017250 0.011076
v 0.007000 0.019310 0.006884
v 0.007000 0.020367 0.002335
v 0.007000 0.020500 0.000000
v 0.007000 0.020367 -0.002335
v 0.007000 0.019310 -0.006884
v 0.007000 0.017251 -0.011076
v 0.007000 0.014296 -0.014693
v 0.007000 0.010600 -0.017547
v 0.007000 0.006353 -0.019491
v 0.007000 0.001777 -0.020423
v 0.007000 0.000000 -0.020500
v 0.007000 -0.002891 -0.020295
v 0.006500 -0.002821 -0.019800
v 0.007000 -0.007409 -0.019114
v 0.006500 -0.007229 -0.018648
v 0.006500 -0.010783 -0.016844
v 0.007000 -0.016796 0.013599
v 0.007000 -0.016133 0.013479
v 0.007000 -0.019811 0.002740
v 0.007000 -0.020000 -0.000000
v 0.007000 -0.019811 -0.002740
v 0.007000 -0.018764 -0.006922
v 0.007000 -0.016844 -0.010783
v 0.007000 -0.014142 -0.014142
v 0.007000 -0.018764 0.006922
v 0.007000 -0.016844 0.010783
v 0.007000 -0.015479 0.013645
v 0.007000 -0.014142 0.014142
v 0.007000 -0.010783 0.016844
v 0.007000 -0.006922 0.018764
v 0.007000 -0.002740 0.019811
v 0.007000 -0.002740 -0.019811
v 0.007000 -0.006922 -0.018764
v 0.007000 -0.010783 -0.016844
v 0.006300 -0.015637 -0.012470
v 0.006300 -0.019499 -0.004450
v 0.006300 -0.018764 -0.006922
v 0.006300 -0.018019 -0.008678
v 0.006300 -0.016844 -0.010783
v -0.002092 -0.054119 0.016534
v -0.001787 -0.044831 0.016582
v -0.000209 -0.042430 0.016940
v -0.000210 -0.042435 0.016939
v -0.000300 -0.042706 0.016899
v -0.000823 -0.043748 0.016743
v -0.001464 -0.044535 0.016626
v -0.002089 -0.054119 -0.016535
v 0.001000 -0.014482 -0.014535
v 0.004000 -0.014482 -0.014535
v 0.004000 -0.013933 -0.015062
v 0.004000 -0.019791 0.019791
v 0.004000 -0.006125 0.019582
v 0.004000 -0.001670 0.020450
v 0.004000 -0.010281 0.017757
v 0.004000 -0.013933 0.015062
v 0.004000 -0.010280 -0.017757
v 0.004000 -0.006125 -0.019582
v 0.004000 -0.001670 -0.020450
v 0.004000 0.002866 0.020317
v 0.004000 0.007262 0.019190
v 0.004000 0.011303 0.017124
v 0.004000 0.014791 0.014220
v 0.004000 0.017556 0.010620
v 0.004000 0.019461 0.006501
v 0.004000 0.020414 0.002064
v 0.004000 0.020518 0.000000
v 0.004000 0.020414 -0.002064
v 0.004000 0.019461 -0.006501
v 0.004000 0.017556 -0.010620
v 0.004000 0.014791 -0.014220
v 0.004000 0.011303 -0.017124
v 0.004000 0.007262 -0.019190
v 0.004000 0.002866 -0.020317
v 0.003500 -0.017763 0.011087
v 0.003500 -0.018367 0.011604
v 0.003500 -0.018779 0.011808
v 0.003500 -0.019005 0.011887
v 0.006000 -0.017739 0.013200
v 0.006000 -0.017302 0.012449
v 0.006000 -0.015287 -0.013077
v 0.006000 -0.015411 -0.013007
v 0.006000 -0.016056 -0.012779
v 0.006000 -0.016242 -0.012750
v 0.006000 -0.016928 -0.012788
v 0.006000 -0.017552 -0.013064
v 0.006000 -0.004384 -0.019206
v 0.006000 -0.008548 -0.017749
v 0.006000 -0.012283 -0.015402
v 0.006000 -0.015402 -0.012283
v 0.006000 -0.017749 -0.008548
v 0.006000 -0.019206 -0.004384
v 0.007000 -0.006000 -0.006642
v 0.006000 -0.006000 -0.006642
v 0.007000 -0.004565 -0.006928
v 0.006000 -0.004565 -0.006928
v 0.007000 -0.003348 -0.007741
v 0.006000 -0.003348 -0.007741
v 0.007000 -0.002535 -0.008957
v 0.006000 -0.002535 -0.008957
v 0.007000 -0.002250 -0.010392
v 0.006000 -0.002250 -0.010392
v 0.007000 -0.002482 -0.011690
v 0.007000 -0.009750 -0.010392
v 0.007000 -0.003348 -0.013044
v 0.007000 -0.009248 -0.008517
v 0.007000 -0.007875 -0.007145
v 0.007000 -0.007875 -0.013640
v 0.007000 -0.009248 -0.012267
v 0.007000 -0.006000 -0.014142
v 0.007000 -0.004702 -0.013910
v 0.006000 -0.009248 -0.012267
v 0.006000 -0.007875 -0.013640
v 0.006000 -0.009750 -0.010392
v 0.006000 -0.006000 -0.014142
v 0.006000 -0.004702 -0.013910
v 0.006000 -0.003348 -0.013044
v 0.006000 -0.002482 -0.011690
v 0.006000 -0.007875 -0.007145
v 0.006000 -0.009248 -0.008517
v 0.006000 0.009750 -0.010392
v 0.006000 0.009248 -0.008517
v 0.006000 0.007875 -0.007145
v 0.006000 0.002344 -0.011227
v 0.006000 0.007298 -0.013910
v 0.006000 0.008652 -0.013044
v 0.006000 0.003068 -0.008054
v 0.006000 0.002344 -0.009558
v 0.006000 0.004373 -0.007014
v 0.006000 0.006000 -0.006642
v 0.006000 0.003068 -0.012730
v 0.006000 0.004373 -0.013771
v 0.006000 0.006000 -0.014142
v 0.006000 0.002250 -0.010392
v 0.006000 0.009518 -0.011690
v 0.007000 0.006000 -0.006642
v 0.007000 0.007875 -0.007145
v 0.007000 0.009248 -0.008517
v 0.007000 0.009750 -0.010392
v 0.007000 0.002250 -0.010392
v 0.007000 0.002344 -0.009558
v 0.007000 0.003068 -0.008054
v 0.007000 0.002344 -0.011227
v 0.007000 0.009518 -0.011690
v 0.007000 0.008652 -0.013044
v 0.007000 0.004373 -0.007014
v 0.007000 0.004373 -0.013771
v 0.007000 0.003068 -0.012730
v 0.007000 0.006000 -0.014142
v 0.007000 0.007298 -0.013910
v 0.007000 0.012000 0.003750
v 0.006000 0.012000 0.003750
v 0.007000 0.013435 0.003465
v 0.006000 0.013435 0.003465
v 0.007000 0.014652 0.002652
v 0.006000 0.014652 0.002652
v 0.007000 0.015465 0.001435
v 0.006000 0.015465 0.001435
v 0.007000 0.015750 0.000000
v 0.006000 0.015750 0.000000
v 0.007000 0.015518 -0.001298
v 0.007000 0.008250 0.000000
v 0.007000 0.014652 -0.002652
v 0.007000 0.008752 0.001875
v 0.007000 0.010125 0.003248
v 0.007000 0.010125 -0.003248
v 0.007000 0.008752 -0.001875
v 0.007000 0.012000 -0.003750
v 0.007000 0.013298 -0.003518
v 0.006000 0.008752 -0.001875
v 0.006000 0.010125 -0.003248
v 0.006000 0.008250 0.000000
v 0.006000 0.012000 -0.003750
v 0.006000 0.013298 -0.003518
v 0.006000 0.014652 -0.002652
v 0.006000 0.015518 -0.001298
v 0.006000 0.010125 0.003248
v 0.006000 0.008752 0.001875
v 0.007000 0.006000 0.014142
v 0.006000 0.006000 0.014142
v 0.007000 0.007435 0.013857
v 0.006000 0.007435 0.013857
v 0.007000 0.008652 0.013044
v 0.006000 0.008652 0.013044
v 0.007000 0.009465 0.011827
v 0.006000 0.009465 0.011827
v 0.007000 0.009750 0.010392
v 0.006000 0.009750 0.010392
v 0.007000 0.009518 0.009094
v 0.007000 0.002250 0.010392
v 0.007000 0.008652 0.007741
v 0.007000 0.002752 0.012267
v 0.007000 0.004125 0.013640
v 0.007000 0.004125 0.007145
v 0.007000 0.002752 0.008517
v 0.007000 0.006000 0.006642
v 0.007000 0.007298 0.006874
v 0.006000 0.002752 0.008517
v 0.006000 0.004125 0.007145
v 0.006000 0.002250 0.010392
v 0.006000 0.006000 0.006642
v 0.006000 0.007298 0.006874
v 0.006000 0.008652 0.007741
v 0.006000 0.009518 0.009094
v 0.006000 0.004125 0.013640
v 0.006000 0.002752 0.012267
v 0.007000 -0.006000 0.014142
v 0.006000 -0.006000 0.014142
v 0.007000 -0.004565 0.013857
v 0.006000 -0.004565 0.013857
v 0.007000 -0.003348 0.013044
v 0.006000 -0.003348 0.013044
v 0.007000 -0.002535 0.011827
v 0.006000 -0.002535 0.011827
v 0.007000 -0.002250 0.010392
v 0.006000 -0.002250 0.010392
v 0.007000 -0.002482 0.009094
v 0.007000 -0.009750 0.010392
v 0.007000 -0.003348 0.007741
v 0.007000 -0.009248 0.012267
v 0.007000 -0.007875 0.013640
v 0.007000 -0.007875 0.007145
v 0.007000 -0.009248 0.008517
v 0.007000 -0.006000 0.006642
v 0.007000 -0.004702 0.006874
v 0.006000 -0.009248 0.008517
v 0.006000 -0.007875 0.007145
v 0.006000 -0.009750 0.010392
v 0.006000 -0.006000 0.006642
v 0.006000 -0.004702 0.006874
v 0.006000 -0.003348 0.007741
v 0.006000 -0.002482 0.009094
v 0.006000 -0.007875 0.013640
v 0.006000 -0.009248 0.012267
v 0.007000 -0.012000 0.003750
v 0.006000 -0.012000 0.003750
v 0.007000 -0.010565 0.003465
v 0.006000 -0.010565 0.003465
v 0.007000 -0.009348 0.002652
v 0.006000 -0.009348 0.002652
v 0.007000 -0.008535 0.001435
v 0.006000 -0.008535 0.001435
v 0.007000 -0.008250 0.000000
v 0.006000 -0.008250 0.000000
v 0.007000 -0.008482 -0.001298
v 0.007000 -0.015750 0.000000
v 0.007000 -0.009348 -0.002652
v 0.007000 -0.015248 0.001875
v 0.007000 -0.013875 0.003248
v 0.007000 -0.013875 -0.003248
v 0.007000 -0.015248 -0.001875
v 0.007000 -0.012000 -0.003750
v 0.007000 -0.010702 -0.003518
v 0.006000 -0.015248 -0.001875
v 0.006000 -0.013875 -0.003248
v 0.006000 -0.015750 0.000000
v 0.006000 -0.012000 -0.003750
v 0.006000 -0.010702 -0.003518
v 0.006000 -0.009348 -0.002652
v 0.006000 -0.008482 -0.001298
v 0.006000 -0.013875 0.003248
v 0.006000 -0.015248 0.001875
v 0.006000 -0.003215 -0.014257
v 0.006000 0.003300 -0.015000
v 0.006000 0.003046 -0.013730
v 0.006000 -0.003215 -0.015743
v 0.006000 0.001241 -0.018058
v 0.006000 0.002322 -0.017344
v 0.006000 -0.001392 -0.012008
v 0.006000 -0.002563 -0.012922
v 0.006000 0.000000 -0.011700
v 0.006000 0.001241 -0.011942
v 0.006000 0.002322 -0.012656
v 0.006000 -0.002563 -0.017078
v 0.006000 -0.001392 -0.017992
v 0.006000 0.000000 -0.018300
v 0.006000 -0.003300 -0.015000
v 0.006000 0.003046 -0.016270
v 0.006300 0.001128 -0.012220
v 0.006300 0.000000 -0.012000
v 0.006300 0.003000 -0.015000
v 0.006300 0.002769 -0.013845
v 0.006300 0.002598 -0.013500
v 0.006300 0.002111 -0.012869
v 0.006300 0.001500 -0.012402
v 0.009000 0.000000 -0.012000
v 0.009000 0.001500 -0.012402
v 0.009000 0.002598 -0.013500
v 0.009000 0.003000 -0.015000
v 0.009000 0.001128 -0.017780
v 0.009000 0.000000 -0.018000
v 0.009000 -0.003000 -0.015000
v 0.009000 -0.000991 -0.017832
v 0.009000 -0.002214 -0.017024
v 0.009000 -0.002909 -0.015733
v 0.009000 0.002111 -0.017131
v 0.009000 0.002769 -0.016155
v 0.009000 -0.002909 -0.014267
v 0.009000 -0.002214 -0.012976
v 0.009000 -0.000991 -0.012168
v 0.006300 0.000000 -0.018000
v 0.006300 -0.001265 -0.012280
v 0.006300 -0.001265 -0.017720
v 0.006300 -0.002214 -0.017024
v 0.006300 -0.002330 -0.016889
v 0.006300 -0.002923 -0.015675
v 0.006300 -0.003000 -0.015000
v 0.006300 -0.002923 -0.014325
v 0.006300 -0.002330 -0.013111
v 0.006300 -0.002214 -0.012976
v 0.006300 0.002769 -0.016155
v 0.006300 0.002111 -0.017131
v 0.006300 0.001128 -0.017780
v 0.006000 -0.001384 0.017996
v 0.006000 -0.000000 0.018300
v 0.006300 -0.000000 0.018000
v 0.006300 -0.001258 0.017724
v 0.006300 -0.001500 0.017598
v 0.006000 -0.002552 0.017092
v 0.006300 -0.002320 0.016902
v 0.006300 -0.002598 0.016500
v 0.006000 -0.003209 0.015769
v 0.006300 -0.002917 0.015699
v 0.006000 -0.003300 0.015000
v 0.006300 -0.003000 0.015000
v 0.006000 -0.003223 0.014292
v 0.006300 -0.002930 0.014356
v 0.006000 -0.002591 0.012956
v 0.006300 -0.002598 0.013500
v 0.006300 -0.002356 0.013142
v 0.006000 -0.001440 0.012031
v 0.006300 0.000000 0.012000
v 0.006000 0.000000 0.011700
v 0.006300 -0.001309 0.012301
v 0.006300 -0.001500 0.012402
v 0.006000 0.001650 0.012142
v 0.006300 0.003000 0.015000
v 0.006000 0.003300 0.015000
v 0.006300 0.002598 0.013500
v 0.006000 0.002858 0.013350
v 0.006300 0.002121 0.012879
v 0.006300 0.001500 0.012402
v 0.006000 0.003096 0.016142
v 0.006000 0.001142 0.018096
v 0.006000 0.002333 0.017333
v 0.006300 0.001038 0.017815
v 0.006300 0.002121 0.017121
v 0.006300 0.002815 0.016038
v 0.009000 -0.000000 0.018000
v 0.009000 0.001038 0.017815
v 0.009000 0.002121 0.017121
v 0.009000 0.002815 0.016038
v 0.009000 0.003000 0.015000
v 0.009000 -0.003000 0.015000
v 0.009000 0.002815 0.013962
v 0.009000 0.002121 0.012879
v 0.009000 -0.002598 0.016500
v 0.009000 -0.001500 0.017598
v 0.009000 -0.001500 0.012402
v 0.009000 -0.002598 0.013500
v 0.009000 0.000000 0.012000
v 0.009000 0.001038 0.012185
v -0.058099 -0.052000 -0.000214
v -0.058100 -0.052000 -0.000000
v -0.000901 -0.052000 -0.000214
v -0.045077 -0.052000 -0.023986
v -0.048795 -0.052000 -0.021110
v -0.010204 -0.052000 -0.021110
v -0.013923 -0.052000 0.023986
v -0.010204 -0.052000 0.021110
v -0.058099 -0.052000 0.000214
v -0.001322 -0.052000 -0.004896
v -0.002505 -0.052000 -0.009446
v -0.004417 -0.052000 -0.013741
v -0.013923 -0.052000 -0.023986
v -0.018063 -0.052000 -0.026214
v -0.036488 -0.052000 -0.027733
v -0.007007 -0.052000 -0.017664
v -0.057678 -0.052000 -0.004896
v -0.056495 -0.052000 -0.009446
v -0.018063 -0.052000 0.026214
v -0.057678 -0.052000 0.004896
v -0.056495 -0.052000 0.009446
v -0.007007 -0.052000 0.017664
v -0.004417 -0.052000 0.013741
v -0.002505 -0.052000 0.009446
v -0.040937 -0.052000 -0.026214
v -0.051993 -0.052000 -0.017664
v -0.054583 -0.052000 -0.013741
v -0.027150 -0.052000 0.028503
v -0.022512 -0.052000 0.027733
v -0.051993 -0.052000 0.017664
v -0.054583 -0.052000 0.013740
v -0.040937 -0.052000 0.026213
v -0.036488 -0.052000 0.027733
v -0.045077 -0.052000 0.023986
v -0.048796 -0.052000 0.021110
v -0.001322 -0.052000 0.004896
v -0.000901 -0.052000 0.000214
v -0.022512 -0.052000 -0.027733
v -0.027149 -0.052000 -0.028503
v -0.031850 -0.052000 -0.028503
v -0.031851 -0.052000 0.028503
v -0.058100 -0.076000 -0.000000
v -0.058082 -0.076000 -0.001012
v -0.057911 -0.076000 -0.003283
v -0.057678 -0.076000 -0.004896
v -0.056327 -0.076000 -0.009914
v -0.056495 -0.076000 -0.009446
v -0.057030 -0.076000 -0.007748
v -0.057560 -0.076000 -0.005533
v -0.055453 -0.076000 -0.012017
v -0.054583 -0.076000 -0.013741
v -0.051872 -0.076000 -0.017818
v -0.051993 -0.076000 -0.017664
v -0.053218 -0.076000 -0.015982
v -0.054415 -0.076000 -0.014044
v -0.050383 -0.076000 -0.019541
v -0.048762 -0.076000 -0.021141
v -0.043211 -0.076000 -0.025099
v -0.045076 -0.076000 -0.023986
v -0.045165 -0.076000 -0.023929
v -0.047019 -0.076000 -0.022606
v -0.041171 -0.076000 -0.026111
v -0.040937 -0.076000 -0.026214
v -0.034660 -0.076000 -0.028131
v -0.036488 -0.076000 -0.027733
v -0.036882 -0.076000 -0.027631
v -0.039057 -0.076000 -0.026956
v -0.032405 -0.076000 -0.028452
v -0.031850 -0.076000 -0.028503
v -0.025589 -0.076000 -0.028332
v -0.027149 -0.076000 -0.028503
v -0.027855 -0.076000 -0.028553
v -0.030132 -0.076000 -0.028593
v -0.023347 -0.076000 -0.027931
v -0.022512 -0.076000 -0.027733
v -0.016912 -0.076000 -0.025681
v -0.018063 -0.076000 -0.026214
v -0.018995 -0.076000 -0.026601
v -0.021145 -0.076000 -0.027353
v -0.014908 -0.076000 -0.024598
v -0.013923 -0.076000 -0.023986
v -0.009501 -0.076000 -0.020446
v -0.010204 -0.076000 -0.021110
v -0.011191 -0.076000 -0.021972
v -0.012998 -0.076000 -0.023359
v -0.007938 -0.076000 -0.018790
v -0.007007 -0.076000 -0.017664
v -0.004104 -0.076000 -0.013153
v -0.004417 -0.076000 -0.013741
v -0.005231 -0.076000 -0.015132
v -0.006511 -0.076000 -0.017015
v -0.003138 -0.076000 -0.011091
v -0.002505 -0.076000 -0.009446
v -0.001712 -0.076000 -0.006769
v -0.002339 -0.076000 -0.008958
v -0.000991 -0.076000 -0.002275
v -0.001262 -0.076000 -0.004536
v -0.001322 -0.076000 -0.004896
v -0.000900 -0.076000 -0.000000
v -0.001089 -0.076000 0.003283
v -0.000918 -0.076000 0.001012
v -0.002505 -0.076000 0.009446
v -0.001969 -0.076000 0.007748
v -0.001440 -0.076000 0.005533
v -0.001322 -0.076000 0.004896
v -0.002673 -0.076000 0.009914
v -0.003547 -0.076000 0.012016
v -0.007007 -0.076000 0.017664
v -0.005782 -0.076000 0.015981
v -0.004585 -0.076000 0.014043
v -0.004417 -0.076000 0.013741
v -0.007128 -0.076000 0.017817
v -0.008617 -0.076000 0.019541
v -0.013835 -0.076000 0.023928
v -0.011981 -0.076000 0.022606
v -0.010238 -0.076000 0.021140
v -0.013923 -0.076000 0.023986
v -0.015788 -0.076000 0.025099
v -0.017829 -0.076000 0.026110
v -0.022512 -0.076000 0.027733
v -0.022118 -0.076000 0.027631
v -0.019943 -0.076000 0.026956
v -0.018063 -0.076000 0.026213
v -0.024340 -0.076000 0.028130
v -0.026595 -0.076000 0.028452
v -0.031851 -0.076000 0.028503
v -0.031144 -0.076000 0.028552
v -0.028867 -0.076000 0.028593
v -0.027149 -0.076000 0.028503
v -0.033411 -0.076000 0.028331
v -0.035653 -0.076000 0.027930
v -0.040937 -0.076000 0.026213
v -0.040005 -0.076000 0.026601
v -0.037855 -0.076000 0.027352
v -0.036488 -0.076000 0.027733
v -0.042088 -0.076000 0.025680
v -0.044091 -0.076000 0.024597
v -0.048796 -0.076000 0.021110
v -0.047808 -0.076000 0.021972
v -0.046002 -0.076000 0.023359
v -0.045077 -0.076000 0.023986
v -0.049498 -0.076000 0.020445
v -0.051062 -0.076000 0.018789
v -0.054583 -0.076000 0.013740
v -0.053769 -0.076000 0.015131
v -0.052488 -0.076000 0.017014
v -0.051993 -0.076000 0.017664
v -0.054896 -0.076000 0.013152
v -0.055862 -0.076000 0.011090
v -0.057678 -0.076000 0.004896
v -0.057287 -0.076000 0.006768
v -0.056661 -0.076000 0.008957
v -0.056495 -0.076000 0.009446
v -0.057738 -0.076000 0.004536
v -0.058009 -0.076000 0.002275
v -0.058000 -0.084000 -0.000000
v -0.058000 -0.076000 -0.000000
v -0.057912 -0.076000 -0.002236
v -0.057912 -0.084000 -0.002236
v -0.057212 -0.076000 -0.006654
v -0.057212 -0.084000 -0.006654
v -0.055830 -0.076000 -0.010907
v -0.055830 -0.084000 -0.010907
v -0.053800 -0.076000 -0.014892
v -0.053800 -0.084000 -0.014892
v -0.051171 -0.076000 -0.018510
v -0.051171 -0.084000 -0.018510
v -0.048009 -0.076000 -0.021672
v -0.048009 -0.084000 -0.021672
v -0.044391 -0.076000 -0.024301
v -0.044391 -0.084000 -0.024301
v -0.040406 -0.076000 -0.026331
v -0.040406 -0.084000 -0.026331
v -0.036153 -0.076000 -0.027713
v -0.036153 -0.084000 -0.027713
v -0.031736 -0.076000 -0.028412
v -0.031736 -0.084000 -0.028412
v -0.029500 -0.076000 -0.028500
v -0.029499 -0.084000 -0.028500
v -0.057912 -0.084000 0.002236
v -0.048500 -0.084000 -0.000000
v -0.048135 -0.084000 0.003706
v -0.001097 -0.084000 -0.002354
v -0.010500 -0.084000 -0.000000
v -0.010865 -0.084000 -0.003707
v -0.022229 -0.084000 -0.017554
v -0.015935 -0.084000 -0.025065
v -0.018944 -0.084000 -0.015798
v -0.011994 -0.084000 -0.022491
v -0.016065 -0.084000 -0.013435
v -0.008531 -0.084000 -0.019303
v -0.013702 -0.084000 -0.010556
v -0.005640 -0.084000 -0.015588
v -0.011946 -0.084000 -0.007271
v -0.003400 -0.084000 -0.011448
v -0.001872 -0.084000 -0.006996
v -0.048135 -0.084000 -0.003707
v -0.047053 -0.084000 -0.007271
v -0.045297 -0.084000 -0.010556
v -0.042935 -0.084000 -0.013435
v -0.040055 -0.084000 -0.015798
v -0.036771 -0.084000 -0.017554
v -0.033206 -0.084000 -0.018635
v -0.040056 -0.084000 0.015798
v -0.048009 -0.084000 0.021671
v -0.042935 -0.084000 0.013435
v -0.051171 -0.084000 0.018509
v -0.045298 -0.084000 0.010556
v -0.053800 -0.084000 0.014891
v -0.047053 -0.084000 0.007271
v -0.055830 -0.084000 0.010906
v -0.057212 -0.084000 0.006653
v -0.029500 -0.084000 0.019000
v -0.031736 -0.084000 0.028412
v -0.033206 -0.084000 0.018635
v -0.036153 -0.084000 0.027712
v -0.036771 -0.084000 0.017553
v -0.040406 -0.084000 0.026330
v -0.044391 -0.084000 0.024300
v -0.018944 -0.084000 0.015798
v -0.015935 -0.084000 0.025065
v -0.022229 -0.084000 0.017553
v -0.020246 -0.084000 0.026956
v -0.025793 -0.084000 0.018635
v -0.024809 -0.084000 0.028111
v -0.029500 -0.084000 0.028500
v -0.001000 -0.084000 -0.000000
v -0.001097 -0.084000 0.002353
v -0.010865 -0.084000 0.003707
v -0.001872 -0.084000 0.006996
v -0.011946 -0.084000 0.007271
v -0.003400 -0.084000 0.011448
v -0.013702 -0.084000 0.010556
v -0.005640 -0.084000 0.015588
v -0.016065 -0.084000 0.013435
v -0.008532 -0.084000 0.019302
v -0.011995 -0.084000 0.022490
v -0.029500 -0.084000 -0.019000
v -0.025793 -0.084000 -0.018635
v -0.024809 -0.084000 -0.028112
v -0.020246 -0.084000 -0.026956
v -0.033412 -0.086500 -0.018593
v -0.033412 -0.091000 -0.018593
v -0.036770 -0.091000 -0.017554
v -0.048135 -0.086500 -0.003707
v -0.048500 -0.086500 -0.000000
v -0.048092 -0.086500 -0.003913
v -0.048092 -0.091000 -0.003913
v -0.033206 -0.086500 -0.018635
v -0.029500 -0.086500 -0.019000
v -0.036900 -0.091000 -0.017500
v -0.040113 -0.091000 -0.015759
v -0.042935 -0.091000 -0.013435
v -0.045259 -0.091000 -0.010614
v -0.046999 -0.091000 -0.007400
v -0.047053 -0.091000 -0.007271
v -0.048092 -0.086500 0.003912
v -0.048092 -0.091000 0.003912
v -0.047053 -0.091000 0.007271
v -0.029500 -0.086500 0.019000
v -0.036771 -0.091000 0.017553
v -0.033412 -0.091000 0.018593
v -0.033412 -0.086500 0.018593
v -0.033206 -0.086500 0.018635
v -0.048135 -0.086500 0.003706
v -0.046999 -0.091000 0.007400
v -0.045259 -0.091000 0.010614
v -0.042935 -0.091000 0.013435
v -0.040114 -0.091000 0.015759
v -0.036900 -0.091000 0.017499
v -0.010907 -0.086500 -0.003912
v -0.010865 -0.086500 -0.003707
v -0.010800 -0.086500 -0.002883
v -0.010500 -0.086500 -0.000000
v -0.010800 -0.086500 0.002883
v -0.010865 -0.086500 0.003707
v -0.010907 -0.086500 0.003912
v -0.010800 -0.091000 -0.002883
v -0.010907 -0.091000 -0.003912
v -0.022373 -0.091500 -0.017073
v -0.025690 -0.091500 -0.018104
v -0.025587 -0.091000 -0.018593
v -0.011966 -0.091000 -0.007319
v -0.011396 -0.091500 -0.003809
v -0.012427 -0.091500 -0.007127
v -0.014131 -0.091500 -0.010299
v -0.013716 -0.091000 -0.010578
v -0.016418 -0.091500 -0.013082
v -0.016064 -0.091000 -0.013435
v -0.019200 -0.091500 -0.015368
v -0.018922 -0.091000 -0.015784
v -0.022181 -0.091000 -0.017534
v -0.026617 -0.091000 -0.018700
v -0.025587 -0.086500 -0.018593
v -0.026617 -0.086500 -0.018700
v -0.032382 -0.086500 -0.018700
v -0.025793 -0.086500 -0.018635
v -0.025587 -0.086500 0.018593
v -0.025793 -0.086500 0.018635
v -0.026617 -0.086500 0.018700
v -0.032382 -0.086500 0.018700
v -0.026617 -0.091000 0.018700
v -0.025587 -0.091000 0.018593
v -0.012419 -0.091500 0.007106
v -0.011396 -0.091500 0.003809
v -0.010907 -0.091000 0.003912
v -0.025690 -0.091500 0.018103
v -0.022229 -0.091000 0.017553
v -0.022275 -0.091500 0.017031
v -0.022079 -0.091000 0.017491
v -0.019130 -0.091500 0.015320
v -0.018849 -0.091000 0.015734
v -0.016373 -0.091500 0.013036
v -0.016018 -0.091000 0.013388
v -0.014108 -0.091500 0.010263
v -0.013692 -0.091000 0.010541
v -0.011957 -0.091000 0.007299
v -0.010800 -0.089763 0.001321
v -0.010800 -0.091000 0.002883
v -0.010800 -0.089574 -0.001413
v -0.010800 -0.090073 -0.001084
v -0.010800 -0.089000 0.001525
v -0.010800 -0.088496 0.001439
v -0.010800 -0.087874 0.001029
v -0.010800 -0.090408 -0.000587
v -0.010800 -0.090525 -0.000000
v -0.010800 -0.090321 0.000762
v -0.010800 -0.087521 0.000372
v -0.010800 -0.087475 -0.000000
v -0.010800 -0.087521 -0.000373
v -0.010800 -0.087875 -0.001029
v -0.010800 -0.088496 -0.001440
v -0.010800 -0.089000 -0.001525
v -0.011300 -0.091500 0.002883
v -0.032382 -0.091000 -0.018700
v -0.047603 -0.091500 -0.003810
v -0.046539 -0.091500 -0.007206
v -0.033309 -0.091500 -0.018104
v -0.036705 -0.091500 -0.017039
v -0.039834 -0.091500 -0.015345
v -0.042581 -0.091500 -0.013082
v -0.044844 -0.091500 -0.010335
v -0.048200 -0.091000 -0.002883
v -0.048200 -0.086500 -0.002883
v -0.048200 -0.086500 0.002882
v -0.048200 -0.091000 0.002882
v -0.033309 -0.091500 0.018103
v -0.036705 -0.091500 0.017039
v -0.047603 -0.091500 0.003809
v -0.046539 -0.091500 0.007205
v -0.044844 -0.091500 0.010334
v -0.042581 -0.091500 0.013081
v -0.039834 -0.091500 0.015344
v -0.032382 -0.091000 0.018700
v -0.011300 -0.091500 -0.002883
v -0.045619 -0.091500 -0.004966
v -0.047700 -0.091500 -0.002883
v -0.045115 -0.091500 -0.004173
v -0.044812 -0.091500 -0.003698
v -0.047700 -0.091500 0.002882
v -0.045115 -0.091500 0.004173
v -0.034485 -0.091500 0.016127
v -0.032382 -0.091500 0.018200
v -0.033673 -0.091500 0.015615
v -0.026617 -0.091500 0.018200
v -0.025327 -0.091500 0.015615
v -0.032366 -0.091500 -0.015233
v -0.033065 -0.091500 -0.015268
v -0.033672 -0.091500 -0.015616
v -0.035424 -0.091500 -0.016296
v -0.036369 -0.091500 -0.016096
v -0.039250 -0.091500 -0.014533
v -0.041845 -0.091500 -0.012403
v -0.043987 -0.091500 -0.009817
v -0.045595 -0.091500 -0.006869
v -0.045796 -0.091500 -0.005888
v -0.045000 -0.091500 -0.000000
v -0.044732 -0.091500 -0.002867
v -0.044706 -0.091500 -0.003144
v -0.044812 -0.091500 0.003697
v -0.044706 -0.091500 0.003144
v -0.044732 -0.091500 0.002866
v -0.033065 -0.091500 0.015267
v -0.032366 -0.091500 0.015232
v -0.025930 -0.091500 0.015268
v -0.026633 -0.091500 0.015232
v -0.029500 -0.091500 0.015500
v -0.024515 -0.091500 -0.016128
v -0.026617 -0.091500 -0.018200
v -0.025327 -0.091500 -0.015616
v -0.029517 -0.091500 -0.015500
v -0.032382 -0.091500 -0.018200
v -0.026633 -0.091500 -0.015233
v -0.025934 -0.091500 -0.015268
v -0.034474 -0.091500 -0.016124
v -0.045617 -0.091500 0.004960
v -0.045796 -0.091500 0.005887
v -0.045595 -0.091500 0.006869
v -0.043987 -0.091500 0.009816
v -0.041846 -0.091500 0.012402
v -0.039250 -0.091500 0.014532
v -0.036369 -0.091500 0.016095
v -0.035430 -0.091500 0.016296
v -0.014000 -0.091500 -0.000000
v -0.014267 -0.091500 -0.002867
v -0.013204 -0.091500 0.005930
v -0.014000 -0.091500 0.000017
v -0.014267 -0.091500 0.002866
v -0.014293 -0.091500 -0.003144
v -0.014232 -0.091500 -0.003566
v -0.013884 -0.091500 -0.004173
v -0.013203 -0.091500 -0.005888
v -0.013204 -0.091500 -0.005936
v -0.013404 -0.091500 -0.006869
v -0.015012 -0.091500 -0.009817
v -0.017154 -0.091500 -0.012403
v -0.019749 -0.091500 -0.014532
v -0.022630 -0.091500 -0.016096
v -0.023569 -0.091500 -0.016296
v -0.024509 -0.091500 0.016129
v -0.023558 -0.091500 0.016295
v -0.022631 -0.091500 0.016095
v -0.019700 -0.091500 0.014498
v -0.017125 -0.091500 0.012374
v -0.015001 -0.091500 0.009800
v -0.013404 -0.091500 0.006869
v -0.013203 -0.091500 0.005888
v -0.013372 -0.091500 0.004985
v -0.013884 -0.091500 0.004173
v -0.013374 -0.091500 -0.004980
v -0.014232 -0.091500 0.003565
v -0.014293 -0.091500 0.003144
v -0.030939 -0.089504 -0.018700
v -0.030528 -0.090126 -0.018700
v -0.029872 -0.090479 -0.018700
v -0.029127 -0.090479 -0.018700
v -0.028471 -0.090126 -0.018700
v -0.029839 -0.087513 -0.018700
v -0.030450 -0.087808 -0.018700
v -0.030873 -0.088339 -0.018700
v -0.031025 -0.089000 -0.018700
v -0.029160 -0.087513 -0.018700
v -0.028549 -0.087808 -0.018700
v -0.028060 -0.089504 -0.018700
v -0.027975 -0.089000 -0.018700
v -0.028126 -0.088339 -0.018700
v -0.028060 -0.089504 0.018700
v -0.028471 -0.090126 0.018700
v -0.029127 -0.090479 0.018700
v -0.029872 -0.090479 0.018700
v -0.030529 -0.090126 0.018700
v -0.029160 -0.087513 0.018700
v -0.029839 -0.087513 0.018700
v -0.030451 -0.087808 0.018700
v -0.028549 -0.087808 0.018700
v -0.028126 -0.088339 0.018700
v -0.027975 -0.089000 0.018700
v -0.030939 -0.089504 0.018700
v -0.031025 -0.089000 0.018700
v -0.030874 -0.088339 0.018700
v -0.011075 -0.090250 -0.000000
v -0.011075 -0.090154 -0.000481
v -0.011075 -0.089880 -0.000888
v -0.011075 -0.089470 -0.001158
v -0.011075 -0.089000 -0.001250
v -0.011075 -0.090083 0.000625
v -0.011075 -0.089000 0.001250
v -0.011075 -0.089625 0.001082
v -0.011075 -0.089884 0.000884
v -0.014552 -0.089000 -0.001250
v -0.014507 -0.090173 -0.000433
v -0.014500 -0.090244 -0.000122
v -0.014500 -0.090250 -0.000000
v -0.014545 -0.089429 -0.001174
v -0.014528 -0.089849 -0.000918
v -0.014526 -0.089884 -0.000884
v -0.014510 -0.090124 -0.000547
v -0.014758 -0.091000 -0.002774
v -0.014500 -0.091000 -0.000000
v -0.014551 -0.088877 -0.001244
v -0.014758 -0.084000 -0.002774
v -0.014546 -0.088607 -0.001187
v -0.014541 -0.088453 -0.001124
v -0.014524 -0.088083 -0.000849
v -0.014506 -0.087826 -0.000429
v -0.014500 -0.084000 -0.000000
v -0.014504 -0.087791 -0.000319
v -0.014552 -0.089042 0.001249
v -0.014544 -0.089489 0.001150
v -0.014758 -0.091000 0.002774
v -0.014500 -0.087750 -0.000000
v -0.014500 -0.087757 0.000129
v -0.014758 -0.084000 0.002774
v -0.014503 -0.087786 0.000296
v -0.014511 -0.087895 0.000583
v -0.014523 -0.088073 0.000839
v -0.014529 -0.088169 0.000933
v -0.014544 -0.088529 0.001158
v -0.014552 -0.089000 0.001250
v -0.014525 -0.089887 0.000881
v -0.014507 -0.090158 0.000470
v -0.014500 -0.091000 0.000017
v -0.048200 -0.089662 0.001374
v -0.048200 -0.090193 0.000950
v -0.048200 -0.090193 -0.000951
v -0.048200 -0.089662 -0.001374
v -0.048200 -0.089000 -0.001525
v -0.048200 -0.088417 -0.001409
v -0.048200 -0.087922 -0.001079
v -0.048200 -0.087571 0.000531
v -0.048200 -0.087475 -0.000000
v -0.048200 -0.087591 -0.000584
v -0.048200 -0.087927 0.001083
v -0.048200 -0.088483 0.001434
v -0.048200 -0.089000 0.001525
v -0.048200 -0.090487 0.000339
v -0.048200 -0.090525 -0.000000
v -0.048200 -0.090487 -0.000340
v -0.032274 -0.091000 -0.014742
v -0.029516 -0.091000 -0.015000
v -0.026725 -0.091000 -0.014742
v -0.036172 -0.091000 -0.015636
v -0.035416 -0.091000 -0.015796
v -0.034656 -0.091000 -0.015658
v -0.034015 -0.091000 -0.015252
v -0.045135 -0.091000 -0.006673
v -0.043573 -0.091000 -0.009536
v -0.041493 -0.091000 -0.012049
v -0.038971 -0.091000 -0.014117
v -0.045296 -0.091000 -0.005888
v -0.044751 -0.091000 -0.004516
v -0.045155 -0.091000 -0.005150
v -0.044206 -0.091000 -0.003144
v -0.044287 -0.091000 -0.003706
v -0.044347 -0.091000 -0.003882
v -0.044241 -0.091000 -0.002774
v -0.044500 -0.091000 -0.000000
v -0.044241 -0.091000 0.002774
v -0.044206 -0.091000 0.003144
v -0.044348 -0.091000 0.003882
v -0.044751 -0.091000 0.004515
v -0.045296 -0.091000 0.005887
v -0.045153 -0.091000 0.005145
v -0.045135 -0.091000 0.006672
v -0.036172 -0.091000 0.015635
v -0.038971 -0.091000 0.014117
v -0.041493 -0.091000 0.012048
v -0.043573 -0.091000 0.009536
v -0.034015 -0.091000 0.015251
v -0.034665 -0.091000 0.015661
v -0.035387 -0.091000 0.015796
v -0.035421 -0.091000 0.015796
v -0.029500 -0.091000 0.015000
v -0.032274 -0.091000 0.014741
v -0.026726 -0.091000 0.014741
v -0.024984 -0.091000 0.015251
v -0.025788 -0.091000 0.014789
v -0.026356 -0.091000 0.014707
v -0.023569 -0.091000 0.015795
v -0.022827 -0.091000 0.015635
v -0.024330 -0.091000 0.015663
v -0.023612 -0.091000 0.015796
v -0.013864 -0.091000 0.006673
v -0.015415 -0.091000 0.009520
v -0.017479 -0.091000 0.012021
v -0.019980 -0.091000 0.014084
v -0.022827 -0.091000 -0.015636
v -0.020028 -0.091000 -0.014117
v -0.017506 -0.091000 -0.012049
v -0.015426 -0.091000 -0.009536
v -0.013864 -0.091000 -0.006673
v -0.024984 -0.091000 -0.015252
v -0.024334 -0.091000 -0.015661
v -0.023578 -0.091000 -0.015796
v -0.026356 -0.091000 -0.014707
v -0.025793 -0.091000 -0.014788
v -0.036172 -0.084000 -0.015636
v -0.035421 -0.084000 -0.015796
v -0.034665 -0.084000 -0.015661
v -0.034015 -0.084000 -0.015252
v -0.029500 -0.084000 -0.015000
v -0.029194 -0.087788 -0.014997
v -0.026726 -0.084000 -0.014742
v -0.029117 -0.087810 -0.014995
v -0.028707 -0.088034 -0.014979
v -0.028406 -0.088394 -0.014960
v -0.028260 -0.088840 -0.014949
v -0.028250 -0.089000 -0.014948
v -0.028337 -0.089459 -0.014955
v -0.028587 -0.089854 -0.014972
v -0.028656 -0.089923 -0.014977
v -0.028964 -0.090130 -0.014991
v -0.029194 -0.090212 -0.014997
v -0.029417 -0.090248 -0.015000
v -0.029805 -0.090213 -0.014997
v -0.029882 -0.090191 -0.014995
v -0.030292 -0.089967 -0.014979
v -0.030593 -0.089606 -0.014960
v -0.030739 -0.089161 -0.014949
v -0.030750 -0.089000 -0.014948
v -0.032274 -0.084000 -0.014742
v -0.030662 -0.088541 -0.014955
v -0.030412 -0.088146 -0.014972
v -0.030343 -0.088078 -0.014977
v -0.030035 -0.087871 -0.014991
v -0.029805 -0.087788 -0.014997
v -0.029582 -0.087753 -0.015000
v -0.034016 -0.084000 0.015251
v -0.034649 -0.084000 0.015655
v -0.035387 -0.084000 0.015796
v -0.030743 -0.089129 0.014948
v -0.030605 -0.089584 0.014959
v -0.029500 -0.084000 0.015000
v -0.029500 -0.087750 0.015000
v -0.029629 -0.087757 0.014999
v -0.032274 -0.084000 0.014741
v -0.029805 -0.087788 0.014997
v -0.030083 -0.087895 0.014988
v -0.030343 -0.088078 0.014976
v -0.030433 -0.088168 0.014971
v -0.030657 -0.088529 0.014955
v -0.030750 -0.089000 0.014948
v -0.030331 -0.089933 0.014977
v -0.029971 -0.090158 0.014992
v -0.029805 -0.090212 0.014997
v -0.029500 -0.090250 0.015000
v -0.022827 -0.084000 -0.015636
v -0.019980 -0.084000 -0.014085
v -0.017479 -0.084000 -0.012021
v -0.015415 -0.084000 -0.009520
v -0.013864 -0.084000 -0.006673
v -0.036172 -0.084000 0.015635
v -0.039020 -0.084000 0.014084
v -0.041520 -0.084000 0.012021
v -0.043584 -0.084000 0.009520
v -0.045135 -0.084000 0.006672
v -0.045296 -0.084000 0.005887
v -0.045155 -0.084000 0.005149
v -0.044751 -0.084000 0.004515
v -0.044206 -0.084000 0.003144
v -0.044348 -0.084000 0.003882
v -0.044241 -0.084000 0.002774
v -0.044471 -0.089832 0.000933
v -0.044455 -0.089471 0.001157
v -0.044475 -0.089911 0.000856
v -0.044500 -0.090250 -0.000000
v -0.044499 -0.090244 0.000129
v -0.044496 -0.090209 0.000318
v -0.044488 -0.090106 0.000583
v -0.044447 -0.089000 0.001250
v -0.044447 -0.088958 0.001249
v -0.044455 -0.088511 0.001150
v -0.044474 -0.088113 0.000880
v -0.044500 -0.087750 -0.000000
v -0.044500 -0.084000 -0.000000
v -0.044494 -0.087824 0.000424
v -0.044492 -0.087842 0.000470
v -0.044447 -0.089042 -0.001250
v -0.044455 -0.089489 -0.001151
v -0.044493 -0.087828 -0.000433
v -0.044488 -0.087895 -0.000584
v -0.044241 -0.084000 -0.002774
v -0.044499 -0.087757 -0.000130
v -0.044471 -0.088169 -0.000934
v -0.044455 -0.088529 -0.001158
v -0.044447 -0.089000 -0.001250
v -0.044474 -0.089887 -0.000881
v -0.044492 -0.090158 -0.000471
v -0.044497 -0.090215 -0.000296
v -0.044206 -0.084000 -0.003144
v -0.044287 -0.084000 -0.003706
v -0.044751 -0.084000 -0.004516
v -0.045155 -0.084000 -0.005150
v -0.045296 -0.084000 -0.005888
v -0.045135 -0.084000 -0.006673
v -0.043584 -0.084000 -0.009520
v -0.041520 -0.084000 -0.012021
v -0.039019 -0.084000 -0.014085
v -0.026356 -0.084000 -0.014707
v -0.025618 -0.084000 -0.014848
v -0.024984 -0.084000 -0.015252
v -0.024334 -0.084000 -0.015661
v -0.023578 -0.084000 -0.015796
v -0.022827 -0.084000 0.015635
v -0.023612 -0.084000 0.015796
v -0.024350 -0.084000 0.015655
v -0.024984 -0.084000 0.015251
v -0.026726 -0.084000 0.014741
v -0.026356 -0.084000 0.014707
v -0.028656 -0.089923 0.014976
v -0.028567 -0.089832 0.014971
v -0.029371 -0.090244 0.014999
v -0.029194 -0.090212 0.014997
v -0.028916 -0.090106 0.014988
v -0.028342 -0.089471 0.014955
v -0.028250 -0.089000 0.014948
v -0.028256 -0.088871 0.014948
v -0.028394 -0.088417 0.014959
v -0.028668 -0.088067 0.014977
v -0.029029 -0.087842 0.014992
v -0.029194 -0.087788 0.014997
v -0.028250 -0.089000 -0.018425
v -0.028320 -0.089413 -0.018425
v -0.028656 -0.089923 -0.018425
v -0.029194 -0.090212 -0.018425
v -0.029805 -0.090212 -0.018425
v -0.030343 -0.089923 -0.018425
v -0.030679 -0.089413 -0.018425
v -0.030750 -0.089000 -0.018425
v -0.028373 -0.088458 -0.018425
v -0.028656 -0.088078 -0.018425
v -0.028720 -0.088023 -0.018425
v -0.029221 -0.087782 -0.018425
v -0.029778 -0.087782 -0.018425
v -0.030279 -0.088023 -0.018425
v -0.030343 -0.088078 -0.018425
v -0.030679 -0.088587 -0.018425
v -0.030626 -0.088458 -0.018425
v -0.030750 -0.089000 0.018425
v -0.030680 -0.089413 0.018425
v -0.030343 -0.089923 0.018425
v -0.029805 -0.090212 0.018425
v -0.029194 -0.090212 0.018425
v -0.028656 -0.089923 0.018425
v -0.028320 -0.089413 0.018425
v -0.028250 -0.089000 0.018425
v -0.030680 -0.088587 0.018425
v -0.030626 -0.088458 0.018425
v -0.030343 -0.088078 0.018425
v -0.030279 -0.088023 0.018425
v -0.029778 -0.087782 0.018425
v -0.029222 -0.087782 0.018425
v -0.028373 -0.088458 0.018425
v -0.028656 -0.088078 0.018425
v -0.028720 -0.088023 0.018425
v -0.047925 -0.087750 -0.000000
v -0.047925 -0.087845 -0.000479
v -0.047925 -0.088116 -0.000884
v -0.048200 -0.087922 -0.001079
v -0.047925 -0.088522 -0.001155
v -0.048200 -0.088417 -0.001409
v -0.047925 -0.089000 -0.001250
v -0.047925 -0.089000 0.001250
v -0.047925 -0.088576 0.001176
v -0.048200 -0.088483 0.001434
v -0.047925 -0.088121 0.000888
v -0.048200 -0.087927 0.001083
v -0.047925 -0.087828 0.000435
v -0.048200 -0.087571 0.000531
v -0.030626 -0.088458 -0.018425
v -0.030279 -0.088023 -0.018425
v -0.029778 -0.087782 -0.018425
v -0.029221 -0.087782 -0.018425
v -0.028720 -0.088023 -0.018425
v -0.028373 -0.088458 -0.018425
v -0.028373 -0.088458 0.018425
v -0.028720 -0.088023 0.018425
v -0.029222 -0.087782 0.018425
v -0.029778 -0.087782 0.018425
v -0.030279 -0.088023 0.018425
v -0.030626 -0.088458 0.018425
v -0.047925 -0.089543 -0.001127
v -0.047925 -0.089978 -0.000780
v -0.047925 -0.090215 -0.000296
v -0.047925 -0.090219 -0.000278
v -0.047925 -0.090250 -0.000000
v -0.047925 -0.090219 0.000278
v -0.047925 -0.089978 0.000779
v -0.047925 -0.089911 0.000856
v -0.047925 -0.089543 0.001126
v -0.047925 -0.089393 0.001186
v -0.048200 -0.090193 0.000950
v -0.048200 -0.089662 -0.001374
v -0.048200 -0.090193 -0.000951
v -0.025618 -0.084000 0.014848
v -0.013864 -0.084000 0.006673
v -0.015415 -0.084000 0.009520
v -0.015415 -0.091000 0.009520
v -0.017479 -0.084000 0.012021
v -0.019980 -0.084000 0.014084
v -0.033206 -0.084000 -0.014788
v -0.033206 -0.084000 0.014787
v -0.014652 -0.084000 0.003882
v -0.014793 -0.084000 0.003144
v -0.014248 -0.084000 -0.004516
v -0.014712 -0.084000 -0.003706
v -0.014793 -0.084000 -0.003144
v -0.014248 -0.084000 0.004516
v -0.013838 -0.084000 0.005165
v -0.013703 -0.084000 0.005888
v -0.013704 -0.084000 0.005921
v -0.013838 -0.084000 -0.005166
v -0.013703 -0.084000 -0.005888
v -0.013704 -0.084000 -0.005922
v -0.014248 -0.091000 -0.004516
v -0.013704 -0.091000 -0.005926
v -0.013703 -0.091000 -0.005888
v -0.013840 -0.091000 -0.005161
v -0.014793 -0.091000 -0.003144
v -0.014712 -0.091000 -0.003706
v -0.014793 -0.091000 0.003144
v -0.014712 -0.091000 0.003706
v -0.014248 -0.091000 0.004516
v -0.013838 -0.091000 0.005165
v -0.013703 -0.091000 0.005888
v -0.013704 -0.091000 0.005921
v -0.033206 -0.091000 0.014787
v -0.033206 -0.091000 -0.014788
v -0.011075 -0.088587 -0.001180
v -0.011075 -0.088078 -0.000844
v -0.011075 -0.087788 -0.000306
v -0.011075 -0.087750 -0.000000
v -0.011075 -0.087788 0.000305
v -0.011075 -0.088078 0.000843
v -0.011075 -0.088587 0.001180
v -0.010800 -0.088496 -0.001440
v -0.010800 -0.088496 0.001439
v -0.011966 -0.091000 -0.007319
v -0.018849 -0.091000 0.015734
v -0.029500 -0.076000 0.028500
v -0.024809 -0.076000 0.028111
v -0.020246 -0.076000 0.026956
v -0.015935 -0.076000 0.025065
v -0.011995 -0.076000 0.022490
v -0.008532 -0.076000 0.019302
v -0.005640 -0.076000 0.015588
v -0.003400 -0.076000 0.011448
v -0.001872 -0.076000 0.006996
v -0.001097 -0.076000 0.002353
v -0.001000 -0.076000 -0.000000
v -0.001097 -0.076000 -0.002354
v -0.001872 -0.076000 -0.006996
v -0.003400 -0.076000 -0.011448
v -0.005640 -0.076000 -0.015588
v -0.008531 -0.076000 -0.019303
v -0.011994 -0.076000 -0.022491
v -0.015935 -0.076000 -0.025065
v -0.020246 -0.076000 -0.026956
v -0.024809 -0.076000 -0.028112
v -0.057912 -0.076000 0.002236
v -0.057212 -0.076000 0.006653
v -0.055830 -0.076000 0.010906
v -0.053800 -0.076000 0.014891
v -0.051171 -0.076000 0.018509
v -0.048009 -0.076000 0.021671
v -0.044391 -0.076000 0.024300
v -0.040406 -0.076000 0.026330
v -0.036153 -0.076000 0.027712
v -0.031736 -0.076000 0.028412
vn -0.7049 -0.7049 0.0794
vn -0.8158 -0.4897 0.3077
vn -0.7064 -0.6785 0.2017
vn -0.8144 -0.5477 0.1917
vn -0.7067 -0.6513 0.2762
vn -0.7065 -0.6180 0.3449
vn -0.7066 -0.5754 0.4119
vn -0.7068 -0.5356 0.4620
vn -0.8081 -0.4165 0.4165
vn -0.7062 -0.4810 0.5196
vn -0.7071 -0.4301 0.5613
vn -0.7767 -0.3351 0.5333
vn -0.7055 -0.3653 0.6072
vn -0.7070 -0.2920 0.6441
vn -0.7854 -0.2044 0.5842
vn -0.7058 -0.0602 0.7058
vn -0.7928 -0.0682 0.6056
vn -0.7070 -0.1386 0.6935
vn -0.7057 -0.2184 0.6740
vn 0.0434 0.6669 0.7439
vn 0.0412 0.6669 0.7440
vn 0.2332 0.6606 0.7136
vn 0.0435 0.6669 -0.7439
vn 0.2115 0.6574 -0.7233
vn 0.0341 0.6789 -0.7334
vn -0.0000 0.6082 0.7938
vn -0.0000 0.5155 0.8569
vn 0.2760 0.4763 0.8349
vn 0.3311 0.0511 0.9422
vn -0.0000 0.4128 0.9108
vn -0.0000 0.3083 0.9513
vn 0.3056 0.2689 0.9134
vn -0.0000 0.1960 0.9806
vn -0.0000 0.0850 0.9964
vn -0.0000 -0.0310 0.9995
vn -0.0000 -0.0676 0.9977
vn 0.0832 -0.1764 0.9808
vn -0.0000 -0.1827 0.9832
vn -0.0000 -0.2945 0.9557
vn 0.0710 -0.3977 0.9148
vn -0.0582 -0.4060 0.9120
vn 0.0622 -0.6034 0.7950
vn -0.0484 -0.5983 0.7998
vn 0.0482 -0.7696 0.6367
vn -0.0344 -0.7667 0.6411
vn 0.0341 -0.8952 0.4444
vn -0.0205 -0.8940 0.4477
vn 0.0203 -0.9734 0.2283
vn -0.0069 -0.9732 0.2300
vn 0.0032 -0.9983 0.0580
vn -0.0000 -0.9983 0.0576
vn -0.0000 -0.9983 -0.0580
vn 0.0032 -0.9983 -0.0576
vn -0.0068 -0.9736 -0.2283
vn 0.0199 -0.9730 -0.2300
vn -0.0199 -0.8955 -0.4445
vn 0.0331 -0.8937 -0.4475
vn -0.0329 -0.7701 -0.6371
vn 0.0461 -0.7663 -0.6408
vn -0.0456 -0.6040 -0.7957
vn 0.0586 -0.5980 -0.7994
vn -0.0627 -0.3979 -0.9153
vn 0.0765 -0.4055 -0.9109
vn -0.0000 -0.2945 -0.9557
vn -0.0000 -0.1771 -0.9842
vn 0.0875 -0.1820 -0.9794
vn -0.0000 -0.0675 -0.9977
vn -0.0000 -0.0310 -0.9995
vn 0.3311 0.0511 -0.9422
vn -0.0000 0.0850 -0.9964
vn -0.0000 0.1960 -0.9806
vn 0.3056 0.2689 -0.9134
vn -0.0000 0.3083 -0.9513
vn -0.0000 0.4128 -0.9108
vn 0.2760 0.4763 -0.8349
vn -0.0000 0.5155 -0.8569
vn -0.0000 0.6082 -0.7938
vn -0.7069 0.0219 0.7069
vn -0.7150 0.0256 0.6986
vn -0.7069 0.0219 -0.7069
vn -0.7150 0.0256 -0.6986
vn -0.7071 0.0478 0.7055
vn -0.7049 0.1295 0.6973
vn -0.7287 0.1283 0.6727
vn -0.7071 0.2082 0.6758
vn -0.7048 0.2886 0.6481
vn -0.7048 0.4289 0.5651
vn -0.7048 0.5466 0.4522
vn -0.7047 0.5467 0.4522
vn -0.7047 0.6355 0.3155
vn -0.7048 0.6354 0.3154
vn -0.7048 0.6907 0.1620
vn -0.7047 0.6908 0.1620
vn -0.7065 0.7066 0.0407
vn -0.7065 0.7065 0.0407
vn -0.7065 0.7065 -0.0407
vn -0.7065 0.7066 -0.0407
vn -0.7047 0.6908 -0.1620
vn -0.7048 0.6907 -0.1620
vn -0.7048 0.6354 -0.3154
vn -0.7047 0.6355 -0.3155
vn -0.7047 0.5467 -0.4522
vn -0.7048 0.5466 -0.4522
vn -0.7048 0.4289 -0.5651
vn -0.7047 0.4289 -0.5651
vn -0.7047 0.2886 -0.6481
vn -0.7071 0.2082 -0.6758
vn -0.7287 0.1283 -0.6727
vn -0.7049 0.1295 -0.6973
vn -0.7071 0.0478 -0.7055
vn 0.4753 -0.6907 -0.5450
vn 0.3275 0.1273 -0.9362
vn 0.3075 -0.0369 -0.9508
vn 0.3590 0.0587 -0.9315
vn 0.4410 -0.2626 -0.8582
vn 0.4739 -0.2036 -0.8567
vn 0.4379 -0.5685 -0.6965
vn 0.6126 -0.3253 -0.7203
vn 0.5032 -0.5228 -0.6881
vn 0.0664 0.6279 -0.7755
vn 0.0644 0.6266 -0.7767
vn 0.0615 0.6257 -0.7777
vn 0.2414 0.3170 -0.9172
vn 0.2246 0.3302 -0.9168
vn 0.1717 0.4657 -0.8681
vn 0.1532 0.4875 -0.8596
vn 0.0758 0.6373 -0.7669
vn -0.0614 -0.8725 -0.4848
vn 0.0165 -0.8706 -0.4917
vn 0.0196 -0.8701 -0.4926
vn 0.0195 -0.8701 0.4925
vn 0.0177 -0.8706 0.4917
vn -0.0000 -0.8806 0.4739
vn -0.0612 -0.8725 0.4847
vn -0.0768 -0.8716 0.4842
vn -0.0000 -0.9465 0.3226
vn -0.0000 -0.9940 0.1093
vn -0.0000 -0.9940 -0.1093
vn -0.0000 -0.9465 -0.3227
vn -0.0000 -0.8806 -0.4739
vn 0.6045 -0.3710 0.7050
vn 0.6414 -0.1663 0.7489
vn 0.6414 -0.1658 0.7491
vn 0.6509 0.0176 0.7590
vn 0.6506 0.0189 0.7592
vn 0.4973 -0.6194 0.6075
vn 0.5984 -0.4750 0.6452
vn 0.4057 -0.7818 0.4735
vn 0.4872 -0.6571 0.5752
vn 0.4695 -0.7115 0.5229
vn 0.5548 -0.5047 0.6614
vn 0.5413 -0.5550 0.6317
vn 0.5803 -0.4524 0.6772
vn 0.6069 -0.3508 0.7132
vn 0.1553 -0.9768 0.1477
vn 0.3097 -0.8795 0.3614
vn 0.4316 -0.7996 0.4176
vn 0.2138 -0.9343 0.2854
vn -0.7139 -0.5728 -0.4027
vn -0.7281 -0.4459 -0.5206
vn -0.7054 -0.4960 -0.5063
vn -0.7066 -0.5618 -0.4302
vn -0.7161 -0.5540 -0.4246
vn -0.7059 0.0293 -0.7077
vn -0.7057 0.0291 -0.7079
vn -0.7050 -0.1186 -0.6992
vn -0.6971 -0.1276 -0.7055
vn -0.7108 -0.2857 -0.6427
vn -0.7175 -0.2738 -0.6405
vn -0.6987 -0.3943 -0.5970
vn -1.0000 -0.0000 -0.0000
vn -0.0000 -0.5555 0.8315
vn 0.0014 -0.5810 0.8139
vn -0.0003 -0.6066 0.7950
vn 0.0016 -0.7607 0.6491
vn 0.0054 -0.7524 0.6587
vn -0.0000 -0.8554 0.5180
vn -0.0000 -0.4414 0.8973
vn 0.0038 -0.4230 0.9061
vn -0.0046 -0.2167 0.9762
vn 0.0002 -0.1993 0.9799
vn -0.0002 0.0238 0.9997
vn -0.0000 0.0232 0.9997
vn -0.7071 0.0873 -0.7017
vn -0.6978 0.3793 -0.6076
vn -0.6978 0.0740 -0.7124
vn -0.6978 0.0741 -0.7124
vn -0.6980 0.3801 0.6069
vn -0.6979 0.3801 0.6070
vn -0.6977 0.0750 0.7124
vn -0.0000 0.0036 -1.0000
vn -0.0129 0.1034 -0.9946
vn 0.0001 0.2294 -0.9733
vn -0.0000 0.5296 -0.8482
vn -0.0147 0.5735 -0.8191
vn -0.0000 0.3840 -0.9233
vn -0.0000 0.5904 0.8071
vn -0.0121 0.5307 0.8475
vn -0.0001 0.3961 0.9182
vn 0.0001 0.2573 0.9663
vn -0.0118 0.1047 0.9944
vn -0.0000 0.0298 0.9996
vn -0.0000 0.7071 -0.7071
vn -0.0000 -0.1234 -0.9924
vn -0.0000 -0.1234 0.9924
vn -0.7034 0.0147 -0.7106
vn -0.7191 0.0017 -0.6949
vn -0.3921 0.5442 -0.7417
vn -0.4038 0.5459 -0.7341
vn -0.4885 0.4685 -0.7361
vn -0.5119 0.4481 -0.7330
vn -0.5668 0.4159 -0.7112
vn -0.5779 0.3615 -0.7317
vn -0.6663 0.2224 -0.7117
vn -0.6677 0.2296 -0.7081
vn -0.6888 0.1209 -0.7148
vn -0.0000 0.0440 -0.9990
vn -0.0000 -0.0005 -1.0000
vn -0.0011 -0.0369 -0.9993
vn 0.0417 -0.0624 -0.9972
vn -0.0000 -0.0986 -0.9951
vn -0.0000 0.9985 -0.0548
vn 0.0162 0.9980 -0.0612
vn -0.0131 0.9870 -0.1600
vn -0.0000 0.9861 -0.1663
vn -0.0000 0.9637 -0.2671
vn 0.0008 0.9636 -0.2674
vn -0.0006 0.9300 -0.3675
vn -0.0000 0.9299 -0.3677
vn -0.0000 0.8842 -0.4670
vn -0.0167 0.8868 -0.4618
vn 0.0132 0.8299 -0.5578
vn -0.0000 0.8331 -0.5531
vn -0.0000 0.7639 -0.6454
vn -0.0363 0.7710 -0.6358
vn 0.0284 0.6911 -0.7222
vn -0.0000 0.6999 -0.7142
vn -0.0578 0.6213 -0.7814
vn 0.0449 0.5203 -0.8528
vn -0.0000 0.5361 -0.8441
vn -0.0000 0.4243 -0.9055
vn -0.0814 0.4445 -0.8921
vn 0.0626 0.3256 -0.9434
vn -0.0000 0.3489 -0.9372
vn -0.0000 0.2208 -0.9753
vn -0.1069 0.2487 -0.9627
vn 0.0816 0.1161 -0.9899
vn -0.0000 0.1464 -0.9892
vn -0.0000 0.9981 0.0615
vn -0.0000 -0.0987 0.9951
vn 0.0709 -0.0368 0.9968
vn 0.0191 0.9983 0.0548
vn -0.0319 0.9756 0.2174
vn 0.0060 0.9743 0.2253
vn -0.0059 0.9078 0.4194
vn 0.0076 0.9066 0.4220
vn -0.0003 0.8564 0.5163
vn 0.0194 0.7995 0.6003
vn -0.0154 -0.0672 0.9976
vn -0.0000 -0.0054 1.0000
vn -0.0000 0.0726 0.9974
vn 0.0871 0.0982 0.9913
vn -0.0049 0.1747 0.9846
vn -0.0000 0.2003 0.9797
vn -0.0000 0.2814 0.9596
vn 0.0753 0.3002 0.9509
vn -0.0033 0.3790 0.9254
vn -0.0000 0.3980 0.9174
vn -0.0000 0.4780 0.8783
vn 0.0596 0.4904 0.8694
vn -0.0020 0.5662 0.8242
vn -0.0000 0.5787 0.8156
vn -0.0000 0.6531 0.7573
vn 0.0409 0.6598 0.7503
vn -0.0010 0.7279 0.6857
vn 0.0103 0.7985 0.6019
vn -0.7069 -0.0655 0.7042
vn -0.7099 -0.0695 0.7009
vn -0.7033 -0.0220 0.7106
vn -0.7069 -0.0261 0.7069
vn -0.7062 0.0514 0.7062
vn -0.7069 0.1235 0.6964
vn -0.7413 0.1693 0.6494
vn -0.7060 0.1993 0.6796
vn -0.7070 0.2681 0.6544
vn -0.7366 0.3089 0.6017
vn -0.7058 0.3386 0.6222
vn -0.7071 0.4004 0.5829
vn -0.7306 0.4365 0.5250
vn -0.7056 0.4627 0.5366
vn -0.7071 0.5147 0.4849
vn -0.7234 0.5464 0.4222
vn -0.7054 0.5660 0.4267
vn -0.7071 0.6056 0.3651
vn -0.7147 0.6332 0.2970
vn -0.7052 0.6436 0.2974
vn -0.7050 0.6922 0.1543
vn -0.7050 0.6923 0.1543
vn -0.7066 0.7066 0.0388
vn -0.7066 0.7066 -0.0388
vn -0.7067 0.6984 -0.1132
vn -0.7495 0.6462 -0.1440
vn -0.7065 0.6820 -0.1890
vn -0.7067 0.6580 -0.2600
vn -0.7489 0.6000 -0.2814
vn -0.7064 0.6259 -0.3306
vn -0.7068 0.5871 -0.3947
vn -0.7479 0.5252 -0.4058
vn -0.7063 0.5407 -0.4568
vn -0.7068 0.4891 -0.5111
vn -0.7466 0.4253 -0.5115
vn -0.7063 0.4306 -0.5620
vn -0.7069 0.3684 -0.6038
vn -0.7449 0.3047 -0.5935
vn -0.7061 0.3004 -0.6412
vn -0.7069 0.2307 -0.6686
vn -0.7428 0.1689 -0.6479
vn -0.7070 -0.0698 -0.7038
vn -0.7069 -0.0261 -0.7069
vn -0.7068 0.0312 -0.7068
vn -0.7260 0.0500 -0.6859
vn -0.7070 0.0824 -0.7024
vn -0.7060 0.1564 -0.6907
vn -0.0000 0.0366 -0.9993
vn -0.0000 0.0434 0.9991
vn -0.0234 0.0366 0.9991
vn 0.0584 0.1871 0.9806
vn -0.0000 0.1940 0.9810
vn -0.0000 0.3045 0.9525
vn 0.0499 0.4062 0.9124
vn -0.0408 0.4159 0.9085
vn 0.0412 0.6041 0.7959
vn -0.0321 0.6109 0.7911
vn 0.0323 0.7701 0.6371
vn -0.0231 0.7743 0.6324
vn 0.0233 0.8955 0.4445
vn -0.0140 0.8975 0.4409
vn 0.0142 0.9735 0.2283
vn -0.0047 0.9740 0.2263
vn 0.0024 0.9984 0.0571
vn -0.0000 0.9983 0.0576
vn -0.0000 0.9984 -0.0570
vn 0.0024 0.9983 -0.0576
vn -0.0048 0.9736 -0.2283
vn 0.0143 0.9740 -0.2263
vn -0.0146 0.8956 -0.4446
vn 0.0242 0.8973 -0.4408
vn -0.0244 0.7703 -0.6372
vn 0.0341 0.7740 -0.6322
vn -0.0344 0.6042 -0.7961
vn -0.0198 0.0434 -0.9989
vn 0.0620 0.1936 -0.9791
vn -0.0000 0.1874 -0.9823
vn -0.0000 0.3045 -0.9525
vn 0.0499 0.4062 -0.9124
vn -0.0408 0.4159 -0.9085
vn 0.0442 0.6106 -0.7907
vn 0.5908 0.4190 0.6894
vn 0.5981 0.3888 0.7008
vn 0.6413 0.2267 0.7330
vn 0.6467 0.2590 0.7174
vn 0.6438 0.1449 0.7513
vn 0.4914 0.7199 0.4902
vn 0.5348 0.5821 0.6125
vn 0.5743 0.4702 0.6702
vn 0.5024 0.6044 0.6183
vn 0.4036 0.7846 0.4706
vn 0.3692 0.8235 0.4307
vn 0.3027 0.8857 0.3521
vn 0.2762 0.9116 0.3046
vn 0.0467 0.9954 0.0837
vn 0.1119 0.9851 0.1306
vn -0.0000 0.9965 0.0838
vn -0.0000 0.9965 0.0837
vn -0.0000 0.9464 0.3231
vn 0.0031 0.9484 0.3169
vn -0.0010 0.8538 0.5206
vn -0.0000 0.8575 0.5144
vn -0.0000 0.7143 0.6998
vn -0.0092 0.6990 0.7150
vn 0.0018 0.5365 0.8439
vn -0.0000 0.5194 0.8546
vn -0.0000 0.3698 0.9291
vn -0.0321 0.2953 0.9549
vn -0.0000 0.1869 0.9824
vn -0.0000 0.6351 0.7724
vn 0.1957 0.6773 0.7092
vn 0.1552 0.6925 0.7045
vn -0.0902 0.6483 0.7561
vn -0.1844 0.6535 0.7341
vn -0.2602 0.6123 0.7466
vn -0.0000 1.0000 -0.0000
vn -0.0000 1.0000 0.0001
vn 0.0001 1.0000 -0.0000
vn -0.0000 1.0000 -0.0001
vn 0.0001 1.0000 0.0001
vn 0.2005 0.6777 -0.7075
vn 0.2276 0.6928 -0.6842
vn 0.0432 0.6729 -0.7384
vn -0.0098 0.6564 -0.7544
vn -0.0876 0.6592 -0.7468
vn -1.0000 -0.0001 0.0030
vn -1.0000 -0.0000 0.0001
vn -0.0000 -1.0000 -0.0000
vn 0.0176 -0.7437 -0.6683
vn 0.1261 -0.7058 -0.6971
vn 0.1803 -0.6676 -0.7224
vn 0.3528 -0.5759 -0.7374
vn 0.2963 -0.6031 -0.7406
vn 0.5227 -0.4440 -0.7278
vn 0.4276 -0.4605 -0.7779
vn 0.6606 -0.3111 -0.6832
vn 0.5790 -0.3523 -0.7353
vn 0.7643 -0.1077 -0.6358
vn 0.7328 -0.1282 -0.6683
vn -0.9468 0.0231 -0.3211
vn -0.9576 -0.0000 -0.2881
vn -0.8837 0.1859 -0.4296
vn -0.9634 0.0012 -0.2679
vn -0.9625 0.0058 -0.2711
vn -0.9520 0.0063 -0.3059
vn -0.9596 -0.0024 -0.2815
vn -0.9625 0.0049 -0.2711
vn -0.9671 -0.0000 -0.2545
vn -0.9562 -0.0064 -0.2925
vn 0.7737 0.0001 -0.6336
vn 0.7814 -0.0002 -0.6241
vn 0.7952 -0.0128 -0.6062
vn 0.7442 -0.0049 -0.6679
vn 0.7442 -0.0051 -0.6679
vn 0.7446 -0.0017 -0.6675
vn 0.6806 -0.0297 -0.7321
vn 0.7104 -0.0000 -0.7038
vn 0.6075 -0.0000 -0.7943
vn 0.5619 -0.0170 -0.8270
vn 0.3926 -0.0170 -0.9195
vn 0.4441 -0.0000 -0.8960
vn 0.5280 -0.0000 -0.8492
vn 0.2087 -0.0169 -0.9778
vn 0.2643 -0.0000 -0.9644
vn 0.3556 -0.0000 -0.9346
vn -0.0398 -0.0000 -0.9992
vn 0.0180 -0.0172 -0.9997
vn 0.0171 -0.0168 -0.9997
vn 0.0748 -0.0000 -0.9972
vn 0.1701 -0.0000 -0.9854
vn -0.1176 -0.0000 -0.9931
vn -0.1752 -0.0167 -0.9844
vn -0.2128 -0.0000 -0.9771
vn -0.3056 -0.0000 -0.9522
vn -0.3610 -0.0166 -0.9324
vn -0.3960 -0.0000 -0.9183
vn -0.4822 -0.0000 -0.8760
vn -0.5334 -0.0166 -0.8457
vn -0.5645 -0.0000 -0.8254
vn -0.6411 -0.0000 -0.7675
vn -0.6859 -0.0165 -0.7275
vn -0.7121 -0.0000 -0.7021
vn -0.7762 -0.0000 -0.6305
vn -0.8128 -0.0164 -0.5823
vn -0.8334 -0.0000 -0.5527
vn -0.8825 -0.0000 -0.4702
vn -0.9095 -0.0163 -0.4153
vn -0.9238 -0.0000 -0.3829
vn 0.1268 -0.7011 0.7017
vn 0.3070 -0.5599 0.7696
vn 0.4043 -0.5362 0.7410
vn 0.1366 -0.6942 0.7067
vn 0.4072 -0.5207 0.7504
vn 0.5737 -0.3793 0.7260
vn 0.6529 -0.2545 0.7135
vn 0.7311 -0.1637 0.6623
vn 0.7825 -0.0391 0.6214
vn 0.7103 -0.0160 0.7037
vn 0.7952 -0.0129 0.6062
vn 0.7813 -0.0002 0.6241
vn 0.7728 0.0001 0.6347
vn 0.7490 -0.0016 0.6626
vn -0.9669 -0.0000 0.2552
vn -0.9560 -0.0075 0.2933
vn -0.9638 -0.0000 0.2668
vn -0.9556 0.0006 0.2946
vn -0.9502 0.0123 0.3113
vn -0.9423 0.0362 0.3328
vn -0.9467 0.0275 0.3211
vn -0.9576 -0.0000 0.2881
vn -0.9629 0.0035 0.2700
vn -0.9625 0.0069 0.2711
vn -0.9614 -0.0005 0.2752
vn -0.9233 -0.0000 0.3841
vn -0.9095 -0.0160 0.4153
vn -0.8819 -0.0000 0.4714
vn -0.8323 -0.0000 0.5543
vn -0.8128 -0.0160 0.5823
vn -0.7750 -0.0000 0.6320
vn -0.7104 -0.0000 0.7038
vn -0.6859 -0.0160 0.7275
vn -0.6391 -0.0000 0.7691
vn -0.5620 -0.0000 0.8272
vn -0.5334 -0.0160 0.8457
vn -0.4795 -0.0000 0.8775
vn -0.3926 -0.0000 0.9197
vn -0.3610 -0.0160 0.9324
vn -0.3021 -0.0000 0.9533
vn -0.2087 -0.0000 0.9780
vn -0.1752 -0.0160 0.9844
vn -0.1134 -0.0000 0.9936
vn -0.0398 -0.0000 0.9992
vn 0.0171 -0.0169 0.9997
vn 0.0228 -0.0145 0.9996
vn 0.2088 -0.0160 0.9778
vn 0.1754 -0.0000 0.9845
vn 0.0796 -0.0000 0.9968
vn 0.3927 -0.0160 0.9195
vn 0.3612 -0.0000 0.9325
vn 0.2695 -0.0000 0.9630
vn 0.6861 -0.0000 0.7275
vn 0.6127 -0.0000 0.7903
vn 0.5620 -0.0160 0.8270
vn 0.5336 -0.0000 0.8458
vn 0.4495 -0.0000 0.8933
vn -0.0000 -1.0000 -0.0001
vn 0.2013 0.9373 -0.2844
vn 0.0575 0.9978 -0.0341
vn 0.0855 0.9913 -0.0997
vn 0.3059 0.8827 -0.3568
vn 0.2702 0.9097 -0.3152
vn 0.1655 0.9716 -0.1694
vn 0.5246 0.5917 -0.6121
vn 0.3313 0.8605 -0.3871
vn 0.4169 0.7565 -0.5038
vn 0.3832 0.8288 -0.4077
vn 0.4938 0.6209 -0.6088
vn 0.4581 0.7268 -0.5118
vn 0.5009 0.6419 -0.5805
vn 0.5376 0.5636 -0.6272
vn 0.5626 0.5002 -0.6582
vn 0.5610 0.5063 -0.6549
vn 0.6108 0.3462 -0.7121
vn 0.6109 0.3431 -0.7135
vn 0.6306 0.2472 -0.7357
vn 0.6408 0.1624 -0.7503
vn 0.6415 0.1681 -0.7485
vn 0.7071 0.7071 -0.0000
vn 0.6948 -0.6947 -0.1862
vn 0.5086 -0.6947 -0.5086
vn 0.6012 -0.6091 -0.5173
vn 0.3989 -0.7061 -0.5851
vn 0.1862 -0.6947 -0.6948
vn 0.3039 -0.5551 -0.7743
vn 0.0794 -0.7049 -0.7049
vn -0.0794 -0.7048 -0.7049
vn -0.2007 -0.6314 -0.7491
vn -0.6948 -0.6947 -0.1862
vn -0.5407 -0.7008 -0.4653
vn -0.5415 -0.6430 -0.5416
vn -0.3989 -0.7061 -0.5851
vn -0.2598 -0.7031 -0.6619
vn -0.1995 -0.0000 -0.9799
vn -0.2937 -0.0000 -0.9559
vn -0.3743 -0.0000 -0.9273
vn -0.4625 -0.0000 -0.8866
vn -0.5366 -0.0000 -0.8439
vn -0.6159 -0.0000 -0.7878
vn -0.6810 -0.0000 -0.7323
vn -0.7489 -0.0000 -0.6627
vn 0.7744 -0.0000 -0.6327
vn 0.7755 0.0011 -0.6314
vn 0.7009 -0.0006 -0.7132
vn 0.7021 -0.0000 -0.7120
vn 0.6293 -0.0000 -0.7771
vn 0.6298 0.0003 -0.7768
vn 0.5410 -0.0002 -0.8410
vn 0.5415 -0.0000 -0.8407
vn 0.4579 -0.0000 -0.8890
vn 0.4574 -0.0002 -0.8893
vn 0.3584 0.0003 -0.9336
vn 0.3578 -0.0000 -0.9338
vn 0.2672 -0.0000 -0.9636
vn 0.2656 -0.0005 -0.9641
vn 0.1607 0.0011 -0.9870
vn 0.1590 -0.0000 -0.9873
vn 0.2524 -0.0000 -0.9676
vn 0.6642 -0.0000 -0.7476
vn 0.4707 -0.0646 -0.8799
vn 0.6642 0.0004 -0.7476
vn 0.2537 -0.0004 -0.9673
vn 0.8351 -0.0000 0.5501
vn 0.5655 -0.0000 0.8247
vn 0.2122 -0.0000 0.9772
vn 0.2524 -0.0004 0.9676
vn 0.2537 -0.0000 0.9673
vn 0.4712 -0.0000 0.8820
vn 0.6642 -0.0000 0.7476
vn 0.7394 -0.0000 0.6732
vn 0.4283 -0.0000 0.9036
vn 0.0565 -0.0000 0.9984
vn -0.9524 -0.0000 -0.3049
vn -0.8801 -0.0000 0.4748
vn -0.8929 0.0054 0.4502
vn -0.9550 -0.0001 0.2966
vn -0.9908 0.0004 0.1351
vn -0.9905 -0.0000 0.1374
vn -0.9983 -0.0000 -0.0580
vn -0.9984 -0.0001 -0.0569
vn -0.9528 0.0003 -0.3037
vn -0.9685 -0.0000 -0.2491
vn -0.9642 0.0050 -0.2653
vn -0.9999 -0.0000 -0.0168
vn -0.9763 -0.0000 0.2164
vn -0.9763 -0.0000 -0.2164
vn -0.9646 -0.0000 0.2639
vn -0.9685 0.0043 0.2490
vn -0.9999 -0.0000 0.0154
vn -0.6980 0.6981 0.1593
vn -0.6981 0.6981 0.1593
vn -0.6981 0.5598 0.4465
vn -0.6980 0.5598 0.4464
vn -0.6981 0.3107 0.6451
vn -0.6981 -0.0000 0.7160
vn -0.6981 -0.3107 0.6451
vn -0.6981 -0.6981 0.1593
vn -0.6980 -0.6981 0.1594
vn -0.7005 -0.5726 0.4259
vn -0.6758 -0.5763 0.4595
vn -0.7069 -0.4592 0.5380
vn -0.5830 -0.8010 -0.1360
vn -0.7055 -0.6441 -0.2955
vn -0.6947 -0.5086 -0.5086
vn -0.5609 -0.6453 -0.5186
vn -0.7050 -0.4190 -0.5722
vn -0.6948 -0.1861 -0.6947
vn -0.5373 -0.3169 -0.7816
vn -0.7044 -0.0874 -0.7044
vn -0.7044 0.0874 -0.7044
vn -0.6302 0.2010 -0.7500
vn -0.6947 0.6948 -0.1862
vn -0.6948 0.6947 -0.1861
vn -0.7029 0.5544 -0.4455
vn -0.6321 0.5479 -0.5479
vn -0.7050 0.4190 -0.5722
vn -0.7037 0.2670 -0.6584
vn 0.9659 -0.0000 -0.2588
vn 0.9856 0.0226 -0.1675
vn 0.8345 -0.0134 -0.5508
vn -0.9859 -0.0000 -0.1675
vn -0.9658 0.0147 -0.2588
vn -0.7793 -0.0214 -0.6263
vn -0.8346 -0.0000 -0.5509
vn -0.5908 -0.0000 -0.8068
vn -0.4738 -0.0140 -0.8805
vn -0.3757 -0.0000 -0.9267
vn -0.1231 -0.0000 -0.9924
vn -0.0000 -0.0142 -0.9999
vn 0.1231 -0.0000 -0.9924
vn 0.3758 -0.0000 -0.9267
vn 0.4738 -0.0140 -0.8805
vn 0.5908 -0.0000 -0.8068
vn 0.7795 -0.0000 -0.6264
vn -0.9659 -0.0000 -0.2588
vn -0.7071 -0.0000 -0.7071
vn -0.2588 -0.0000 -0.9659
vn 0.2588 -0.0000 -0.9659
vn 0.7071 -0.0000 -0.7071
vn 1.0000 -0.0000 -0.0000
vn 0.9927 -0.1175 -0.0256
vn 0.9925 -0.1218 -0.0085
vn 0.9926 -0.1209 -0.0086
vn 0.9896 -0.1331 -0.0539
vn 0.9927 -0.1150 -0.0373
vn 0.9926 -0.1184 -0.0256
vn 0.9910 -0.0933 -0.0965
vn 0.9912 -0.0795 -0.1062
vn 0.9927 -0.0677 -0.1002
vn 0.9926 -0.0581 -0.1063
vn 0.9933 -0.0546 -0.1021
vn 0.9927 -0.0293 -0.1173
vn 0.9910 -0.0285 -0.1311
vn 0.9927 -0.0209 -0.1191
vn 0.9926 -0.0086 -0.1209
vn 0.9338 -0.3568 -0.0255
vn 0.9338 -0.3496 -0.0760
vn 0.9516 -0.3021 -0.0561
vn 0.9341 -0.3456 -0.0901
vn 0.9338 -0.3352 -0.1250
vn 0.9926 -0.1135 -0.0423
vn 0.9926 -0.1063 -0.0581
vn 0.9914 -0.1158 -0.0612
vn 0.9938 -0.0892 -0.0668
vn 0.9926 -0.0981 -0.0714
vn 0.9927 -0.0900 -0.0807
vn 0.9341 -0.3232 -0.1516
vn 0.9398 -0.2998 -0.1637
vn 0.9339 -0.3120 -0.1745
vn 0.9338 -0.2864 -0.2144
vn 0.9466 -0.2621 -0.1880
vn 0.9341 -0.2745 -0.2282
vn 0.9338 -0.2530 -0.2530
vn 0.9926 -0.0857 -0.0857
vn 0.9927 -0.0747 -0.0952
vn 0.9341 -0.2282 -0.2745
vn 0.9434 -0.1987 -0.2654
vn 0.9340 -0.2083 -0.2904
vn 0.9338 -0.1714 -0.3140
vn 0.9407 -0.1656 -0.2961
vn 0.9341 -0.1516 -0.3232
vn 0.9338 -0.1250 -0.3352
vn 0.9920 -0.0442 -0.1184
vn 0.9926 -0.0414 -0.1138
vn 0.9338 -0.0255 -0.3568
vn 0.9340 -0.0652 -0.3512
vn 0.9451 -0.0695 -0.3193
vn 0.9341 -0.0901 -0.3455
vn 0.9927 0.1093 -0.0517
vn 0.9927 0.0588 -0.1057
vn 0.9927 0.0179 -0.1196
vn 0.9926 0.0283 -0.1179
vn 0.9926 0.0464 -0.1120
vn 0.9912 0.0523 -0.1216
vn 0.9927 0.0389 -0.1144
vn 0.9926 0.0769 -0.0935
vn 0.9912 0.0861 -0.1008
vn 0.9927 0.0839 -0.0870
vn 0.9926 0.0922 -0.0787
vn 0.9931 0.0897 -0.0758
vn 0.9889 0.1388 -0.0527
vn 0.9926 0.1120 -0.0464
vn 0.9926 0.1170 -0.0310
vn 0.9909 0.1311 -0.0315
vn 0.9927 0.1189 -0.0217
vn 0.9926 0.1209 -0.0095
vn 0.9338 0.0281 -0.3568
vn 0.9919 0.0100 -0.1267
vn 0.9926 0.0085 -0.1209
vn 0.9341 0.0677 -0.3506
vn 0.9471 0.0749 -0.3121
vn 0.9340 0.0950 -0.3444
vn 0.9338 0.1370 -0.3307
vn 0.9420 0.1250 -0.3116
vn 0.9341 0.1585 -0.3198
vn 0.9338 0.1870 -0.3052
vn 0.9905 0.0719 -0.1173
vn 0.9927 0.0669 -0.1008
vn 0.9341 0.2163 -0.2841
vn 0.9451 0.2121 -0.2484
vn 0.9339 0.2382 -0.2665
vn 0.9338 0.2722 -0.2324
vn 0.9487 0.2357 -0.2106
vn 0.9341 0.2841 -0.2163
vn 0.9337 0.3052 -0.1870
vn 0.9922 0.1066 -0.0653
vn 0.9926 0.1037 -0.0628
vn 0.9338 0.3052 -0.1870
vn 0.9341 0.3198 -0.1585
vn 0.9410 0.3127 -0.1295
vn 0.9339 0.3319 -0.1331
vn 0.9338 0.3480 -0.0836
vn 0.9338 0.3568 -0.0281
vn 0.9341 0.3506 -0.0677
vn 0.9544 0.2877 -0.0794
vn 0.9927 0.0928 0.0775
vn 0.9927 0.1194 0.0190
vn 0.9926 0.1176 0.0298
vn 0.9926 0.1015 0.0663
vn 0.9904 0.1140 0.0775
vn 0.9927 0.1052 0.0595
vn 0.9926 0.1111 0.0487
vn 0.9922 0.1142 0.0507
vn 0.9927 0.1142 0.0398
vn 0.9927 0.0778 0.0927
vn 0.9902 0.0857 0.1101
vn 0.9927 0.0699 0.0987
vn 0.9926 0.0597 0.1054
vn 0.9910 0.0638 0.1179
vn 0.9927 0.0507 0.1098
vn 0.9927 0.0199 0.1192
vn 0.9926 0.0200 0.1196
vn 0.9926 -0.0366 0.1154
vn 0.9927 -0.0245 0.1185
vn 0.9902 -0.0230 0.1377
vn 0.9927 -0.0146 0.1201
vn 0.9926 -0.0000 0.1213
vn 0.9904 -0.0026 0.1381
vn 0.9927 0.0077 0.1207
vn 0.9927 -0.0835 0.0874
vn 0.9926 -0.0742 0.0960
vn 0.9929 -0.0731 0.0939
vn 0.9923 -0.0585 0.1089
vn 0.9926 -0.0577 0.1067
vn 0.9904 -0.1034 0.0917
vn 0.9926 -0.0892 0.0822
vn 0.9927 -0.0982 0.0706
vn 0.9902 -0.1169 0.0764
vn 0.9927 -0.1037 0.0623
vn 0.9926 -0.1092 0.0521
vn 0.9903 -0.1269 0.0557
vn 0.9927 -0.1131 0.0429
vn 0.9926 -0.1168 0.0320
vn 0.9910 -0.1301 0.0329
vn 0.9927 -0.1188 0.0222
vn 0.9926 -0.1209 0.0100
vn 0.9337 0.3568 0.0296
vn 0.9919 0.1263 0.0105
vn 0.9926 0.1209 0.0091
vn 0.9341 0.3503 0.0692
vn 0.9475 0.3100 0.0785
vn 0.9340 0.3437 0.0979
vn 0.9337 0.3279 0.1438
vn 0.9337 0.2997 0.1958
vn 0.9341 0.3179 0.1625
vn 0.9500 0.2887 0.1186
vn 0.9341 0.2804 0.2209
vn 0.9382 0.2547 0.2344
vn 0.9903 0.1024 0.0943
vn 0.9927 0.0862 0.0850
vn 0.9338 0.2619 0.2439
vn 0.9340 0.2324 0.2712
vn 0.9482 0.1950 0.2506
vn 0.9340 0.2093 0.2896
vn 0.9337 0.1704 0.3149
vn 0.9466 0.1585 0.2809
vn 0.9341 0.1492 0.3244
vn 0.9337 0.1162 0.3386
vn 0.9926 0.0394 0.1147
vn 0.9926 0.0396 0.1152
vn 0.9341 0.0835 0.3471
vn 0.9416 0.0554 0.3321
vn 0.9338 0.0547 0.3535
vn 0.9337 -0.0000 0.3580
vn 0.9587 0.0118 0.2843
vn 0.9340 -0.0148 0.3569
vn 0.9337 -0.0589 0.3531
vn 0.9427 -0.0510 0.3297
vn 0.9341 -0.0835 0.3471
vn 0.9337 -0.1162 0.3386
vn 0.9907 -0.0442 0.1287
vn 0.9927 -0.0459 0.1119
vn 0.9341 -0.1492 0.3243
vn 0.9442 -0.1567 0.2896
vn 0.9339 -0.1757 0.3114
vn 0.9337 -0.2199 0.2825
vn 0.9560 -0.1718 0.2376
vn 0.9340 -0.2324 0.2712
vn 0.9338 -0.2619 0.2439
vn 0.9382 -0.2546 0.2344
vn 0.9341 -0.2804 0.2209
vn 0.9337 -0.2997 0.1958
vn 0.9341 -0.3179 0.1625
vn 0.9462 -0.2964 0.1300
vn 0.9339 -0.3307 0.1358
vn 0.9337 -0.3471 0.0879
vn 0.9337 -0.3568 0.0296
vn 0.9341 -0.3503 0.0692
vn 0.9532 -0.2909 0.0829
vn 0.8831 -0.4095 -0.2291
vn 0.8834 -0.4242 -0.1990
vn 0.8829 -0.4286 -0.1918
vn 0.8857 -0.4350 -0.1623
vn 0.8829 -0.4683 -0.0335
vn 0.8841 -0.4663 -0.0306
vn 0.8825 -0.4625 -0.0859
vn 0.8832 -0.4616 -0.0829
vn 0.8833 -0.4536 -0.1182
vn 0.8843 -0.4532 -0.1124
vn 0.8814 -0.4473 -0.1518
vn 0.8869 -0.4085 -0.2159
vn 0.8805 -0.3942 -0.2634
vn 0.8843 -0.3794 -0.2721
vn 0.8834 -0.3690 -0.2887
vn 0.8834 -0.3603 -0.2996
vn 0.8813 -0.3524 -0.3149
vn 0.8866 -0.3271 -0.3271
vn 0.8813 -0.3149 -0.3524
vn 0.8834 -0.2996 -0.3603
vn 0.8834 -0.2887 -0.3691
vn 0.8843 -0.2721 -0.3794
vn 0.8805 -0.2634 -0.3942
vn 0.8856 -0.2267 -0.4053
vn 0.8833 -0.2191 -0.4145
vn 0.8834 -0.1990 -0.4242
vn 0.8829 -0.1918 -0.4286
vn 0.8857 -0.1623 -0.4350
vn 0.8814 -0.1518 -0.4473
vn 0.8840 -0.1179 -0.4524
vn 0.8834 -0.1128 -0.4548
vn 0.8833 -0.0856 -0.4610
vn 0.8826 -0.0831 -0.4627
vn 0.8841 -0.0333 -0.4662
vn 0.8830 -0.0307 -0.4683
vn 0.8828 0.0369 -0.4682
vn 0.8900 0.0196 -0.4556
vn 0.8759 0.0915 -0.4738
vn 0.8830 0.0725 -0.4638
vn 0.8834 0.1126 -0.4549
vn 0.8846 0.1240 -0.4495
vn 0.8821 0.1414 -0.4494
vn 0.8859 0.1774 -0.4287
vn 0.8841 0.1739 -0.4336
vn 0.8834 0.2005 -0.4235
vn 0.8834 0.2080 -0.4199
vn 0.8826 0.2197 -0.4157
vn 0.8867 0.2415 -0.3942
vn 0.8799 0.2677 -0.3926
vn 0.8834 0.2839 -0.3729
vn 0.8834 0.2967 -0.3627
vn 0.8847 0.3106 -0.3476
vn 0.8833 0.3168 -0.3457
vn 0.8833 0.3457 -0.3168
vn 0.8847 0.3476 -0.3106
vn 0.8834 0.3627 -0.2967
vn 0.8834 0.3729 -0.2839
vn 0.8799 0.3926 -0.2677
vn 0.8867 0.3942 -0.2415
vn 0.8826 0.4157 -0.2197
vn 0.8834 0.4199 -0.2080
vn 0.8834 0.4235 -0.2006
vn 0.8841 0.4336 -0.1739
vn 0.8859 0.4287 -0.1774
vn 0.8821 0.4494 -0.1414
vn 0.8846 0.4495 -0.1240
vn 0.8834 0.4549 -0.1126
vn 0.8833 0.4602 -0.0889
vn 0.8799 0.4694 -0.0734
vn 0.8872 0.4600 -0.0362
vn 0.8833 0.4685 -0.0201
vn 0.8859 0.3884 0.2537
vn 0.8831 0.3732 0.2842
vn 0.8834 0.3680 0.2900
vn 0.8828 0.4682 0.0388
vn 0.8837 0.4666 0.0367
vn 0.8829 0.4606 0.0909
vn 0.8833 0.4603 0.0889
vn 0.8832 0.4511 0.1285
vn 0.8843 0.4500 0.1242
vn 0.8815 0.4368 0.1794
vn 0.8830 0.4356 0.1748
vn 0.8834 0.4173 0.2133
vn 0.8842 0.4186 0.2074
vn 0.8807 0.4038 0.2475
vn 0.8829 0.3436 0.3201
vn 0.8870 0.3443 0.3077
vn 0.8799 0.3092 0.3608
vn 0.8831 0.3126 0.3498
vn 0.8832 0.2747 0.3800
vn 0.8823 0.1252 0.4538
vn 0.8874 0.1497 0.4360
vn 0.8808 0.1763 0.4395
vn 0.8834 0.1958 0.4257
vn 0.8834 0.2080 0.4199
vn 0.8848 0.2290 0.4059
vn 0.8794 0.2487 0.4059
vn 0.8863 0.2806 0.3685
vn 0.8828 -0.4682 0.0369
vn 0.8837 -0.4664 0.0386
vn 0.8830 -0.4608 0.0890
vn 0.8834 -0.4598 0.0908
vn 0.8832 -0.4520 0.1248
vn 0.8842 -0.4492 0.1280
vn 0.8818 -0.4378 0.1756
vn 0.8831 -0.4340 0.1783
vn 0.8834 -0.4198 0.2080
vn 0.8838 -0.4167 0.2129
vn 0.8807 -0.4038 0.2474
vn 0.8859 -0.3884 0.2537
vn 0.8831 -0.3732 0.2842
vn 0.8834 -0.3680 0.2900
vn 0.8831 -0.3498 0.3126
vn 0.8862 -0.3390 0.3158
vn 0.8813 -0.3149 0.3524
vn 0.8833 -0.3051 0.3559
vn 0.8834 -0.2839 0.3729
vn 0.8848 -0.2730 0.3776
vn 0.8794 -0.2487 0.4059
vn 0.8848 -0.2290 0.4059
vn 0.8834 -0.2080 0.4199
vn 0.8834 -0.1958 0.4257
vn 0.8808 -0.1763 0.4395
vn 0.8874 -0.1497 0.4360
vn 0.8823 -0.1252 0.4538
vn 0.8834 -0.1097 0.4556
vn 0.8833 -0.0889 0.4603
vn 0.8865 -0.0708 0.4573
vn 0.8789 -0.0374 0.4756
vn 0.8833 -0.0194 0.4685
vn 0.8828 0.0369 0.4682
vn 0.8744 0.0201 0.4848
vn 0.8897 0.0866 0.4483
vn 0.8829 0.0718 0.4639
vn 0.8834 0.1097 0.4556
vn 0.5593 -0.8130 -0.1617
vn 0.7777 -0.4189 -0.4687
vn 0.7775 -0.6275 -0.0411
vn 0.7779 -0.6186 -0.1111
vn 0.6700 -0.7281 -0.1448
vn 0.7782 -0.6096 -0.1512
vn 0.7776 -0.5954 -0.2021
vn 0.7775 -0.5229 -0.3494
vn 0.7776 -0.5228 -0.3493
vn 0.7775 -0.4728 -0.4146
vn 0.7079 -0.5267 -0.4707
vn 0.7782 -0.4947 -0.3870
vn 0.7776 -0.3493 -0.5228
vn 0.7780 -0.2935 -0.5554
vn 0.6414 -0.3393 -0.6881
vn 0.7776 -0.0411 -0.6275
vn 0.7779 -0.1110 -0.6185
vn 0.6700 -0.1448 -0.7281
vn 0.7782 -0.1512 -0.6096
vn 0.7776 -0.2021 -0.5954
vn 0.7781 -0.2566 -0.5733
vn 0.5596 -0.7433 -0.3666
vn 0.5595 -0.6891 -0.4605
vn 0.5593 -0.6893 -0.4606
vn 0.5593 -0.6232 -0.5466
vn 0.5593 -0.1617 -0.8130
vn 0.5594 -0.1617 -0.8130
vn 0.5594 -0.2664 -0.7849
vn 0.5592 -0.2665 -0.7850
vn 0.5592 -0.3667 -0.7436
vn 0.5593 -0.3667 -0.7435
vn 0.5592 -0.4606 -0.6893
vn 0.5594 -0.4605 -0.6892
vn 0.5594 -0.5465 -0.6232
vn 0.5595 -0.8270 -0.0542
vn 0.5593 -0.8272 -0.0542
vn 0.2413 -0.9684 -0.0635
vn 0.2414 -0.9683 -0.0635
vn 0.7781 -0.5733 -0.2565
vn 0.5595 -0.7849 -0.2664
vn 0.5594 -0.8129 -0.1617
vn 0.4110 -0.8941 -0.1778
vn 0.2417 -0.9563 -0.1643
vn 0.2416 -0.9436 -0.2265
vn 0.2412 -0.9190 -0.3120
vn 0.5590 -0.7852 -0.2665
vn 0.5590 -0.7436 -0.3667
vn 0.6413 -0.6882 -0.3394
vn 0.7780 -0.5554 -0.2936
vn 0.2415 -0.9189 -0.3119
vn 0.2419 -0.8915 -0.3830
vn 0.3581 -0.8374 -0.4129
vn 0.2414 -0.8647 -0.4406
vn 0.2412 -0.8069 -0.5392
vn 0.3847 -0.7741 -0.5027
vn 0.2419 -0.7775 -0.5805
vn 0.2415 -0.7296 -0.6398
vn 0.5592 -0.6233 -0.5466
vn 0.5592 -0.5466 -0.6233
vn 0.7196 -0.4579 -0.5221
vn 0.7782 -0.3870 -0.4946
vn 0.2414 -0.7296 -0.6399
vn 0.2418 -0.6679 -0.7039
vn 0.4110 -0.6011 -0.6854
vn 0.2416 -0.6205 -0.7461
vn 0.2413 -0.5392 -0.8069
vn 0.2414 -0.5391 -0.8069
vn 0.2414 -0.4292 -0.8704
vn 0.2414 -0.4292 -0.8703
vn 0.2417 -0.3359 -0.9104
vn 0.4110 -0.2930 -0.8632
vn 0.2417 -0.2756 -0.9304
vn 0.2413 -0.1893 -0.9518
vn 0.2414 -0.1893 -0.9518
vn 0.2418 -0.1141 -0.9636
vn 0.7776 -0.0411 -0.6274
vn 0.5593 -0.0542 -0.8272
vn 0.3581 -0.0611 -0.9317
vn 0.2415 -0.0508 -0.9691
vn 0.1323 0.8794 -0.4574
vn 0.2416 0.9695 -0.0416
vn 0.7487 0.1431 -0.6473
vn 0.8991 0.0677 -0.4326
vn 0.8133 0.0755 -0.5769
vn 0.2417 0.0342 -0.9698
vn -0.0086 0.0523 -0.9986
vn 0.2417 0.1260 -0.9621
vn 0.1324 0.1379 -0.9815
vn 0.1324 0.2140 -0.9678
vn -0.2614 0.2335 -0.9366
vn 0.2850 0.2878 -0.9143
vn -0.1308 0.3630 -0.9225
vn 0.7750 0.2953 -0.5587
vn 0.8136 0.2488 -0.5255
vn 0.8133 0.2225 -0.5376
vn 0.8133 0.1747 -0.5550
vn 0.8135 0.1397 -0.5645
vn 0.8133 0.2685 -0.5162
vn 0.8133 0.3125 -0.4908
vn 0.9108 0.2326 -0.3412
vn 0.7592 0.3962 -0.5165
vn 0.1323 0.8361 -0.5324
vn 0.1322 0.8361 -0.5324
vn 0.1324 0.8071 -0.5755
vn 0.2357 0.7711 -0.5915
vn -0.3726 0.7057 -0.6027
vn 0.1326 0.7308 -0.6696
vn 0.1326 0.6823 -0.7190
vn 0.2823 0.6481 -0.7073
vn -0.1338 0.6168 -0.7757
vn 0.1324 0.6033 -0.7865
vn 0.1324 0.5324 -0.8361
vn 0.1323 0.5324 -0.8361
vn 0.1323 0.4574 -0.8794
vn 0.1325 0.4574 -0.8793
vn 0.1325 0.3790 -0.9159
vn 0.7815 0.5535 -0.2879
vn 0.8134 0.5143 -0.2718
vn 0.8133 0.4907 -0.3125
vn 0.9108 0.3412 -0.2326
vn 0.7592 0.5164 -0.3961
vn 0.8136 0.4500 -0.3681
vn 0.8134 0.4289 -0.3930
vn 0.8134 0.3930 -0.4289
vn 0.8133 0.3931 -0.4290
vn 0.8135 0.3682 -0.4501
vn 0.8132 0.5770 -0.0755
vn 0.8991 0.4326 -0.0676
vn 0.7487 0.6473 -0.1432
vn 0.8135 0.5645 -0.1397
vn 0.8133 0.5550 -0.1747
vn 0.8133 0.5376 -0.2225
vn 0.8133 0.5377 -0.2225
vn 0.8135 0.5256 -0.2489
vn 0.6280 0.1010 -0.7716
vn 0.6281 0.1010 -0.7716
vn 0.6281 0.1680 -0.7598
vn 0.6281 0.2336 -0.7423
vn 0.6280 0.2336 -0.7423
vn 0.6281 0.2976 -0.7190
vn 0.6281 0.2975 -0.7190
vn 0.6281 0.3591 -0.6903
vn 0.6281 0.4180 -0.6563
vn 0.6280 0.4180 -0.6564
vn 0.6280 0.4736 -0.6175
vn 0.6281 0.4736 -0.6174
vn 0.6281 0.5257 -0.5737
vn 0.6281 0.5737 -0.5257
vn 0.6280 0.5738 -0.5258
vn 0.6280 0.6175 -0.4737
vn 0.6279 0.6175 -0.4737
vn 0.6279 0.6565 -0.4181
vn 0.6280 0.6564 -0.4180
vn 0.6280 0.6904 -0.3591
vn 0.6280 0.7190 -0.2976
vn 0.6280 0.7423 -0.2336
vn 0.6279 0.7424 -0.2336
vn 0.6279 0.7599 -0.1681
vn 0.6279 0.7717 -0.1010
vn 0.6280 0.7716 -0.1010
vn 0.3926 0.9119 -0.1194
vn 0.3924 0.9120 -0.1194
vn 0.3924 0.8981 -0.1986
vn 0.3927 0.8980 -0.1986
vn 0.3927 0.8773 -0.2761
vn 0.3923 0.8774 -0.2761
vn 0.3924 0.8499 -0.3517
vn 0.3927 0.8498 -0.3517
vn 0.3927 0.8159 -0.4244
vn 0.3926 0.8159 -0.4244
vn 0.3926 0.7758 -0.4940
vn 0.3927 0.7757 -0.4940
vn 0.3927 0.7297 -0.5597
vn 0.3925 0.7298 -0.5598
vn 0.3925 0.6781 -0.6214
vn 0.3923 0.6782 -0.6214
vn 0.3923 0.6214 -0.6782
vn 0.3924 0.6214 -0.6782
vn 0.3924 0.5598 -0.7298
vn 0.3924 0.4941 -0.7758
vn 0.3925 0.4941 -0.7758
vn 0.3925 0.4244 -0.8160
vn 0.3924 0.4244 -0.8160
vn 0.3924 0.3517 -0.8499
vn 0.3925 0.3517 -0.8499
vn 0.3925 0.2761 -0.8773
vn 0.3924 0.2761 -0.8774
vn 0.3924 0.1986 -0.8981
vn 0.3925 0.1986 -0.8981
vn 0.3925 0.1194 -0.9120
vn 0.3925 0.0410 -0.9188
vn 0.6280 0.0312 -0.7776
vn 0.5596 0.0404 -0.8277
vn 0.8132 0.0194 -0.5817
vn 0.7780 0.0270 -0.6277
vn 0.1320 0.8794 -0.4574
vn 0.1321 0.9021 -0.4108
vn 0.2299 0.8993 -0.3721
vn 0.1325 0.9190 -0.3713
vn 0.1325 0.9455 -0.2976
vn -0.2559 0.9293 -0.2665
vn 0.2794 0.9375 -0.2073
vn -0.1370 0.9798 -0.1457
vn 0.1322 0.9828 -0.1287
vn 0.1321 0.9908 -0.0290
vn 0.3926 0.9188 -0.0410
vn 0.5596 0.8280 -0.0345
vn 0.6280 0.7774 -0.0358
vn 0.7781 0.6278 -0.0230
vn 0.8133 0.5814 -0.0250
vn 0.5589 -0.7661 0.3173
vn 0.5589 -0.3173 0.7661
vn 0.5588 0.3173 0.7662
vn 0.5590 0.7661 0.3173
vn 0.7781 0.6168 0.1191
vn 0.7773 0.6271 0.0494
vn 0.7773 0.5364 0.3287
vn 0.7782 0.5627 0.2788
vn 0.6877 0.6707 0.2778
vn 0.7775 0.5836 0.2341
vn 0.7779 0.6057 0.1672
vn 0.6023 0.6070 0.5184
vn 0.7773 0.3287 0.5365
vn 0.7781 0.3805 0.4997
vn 0.6023 0.5184 0.6070
vn 0.7778 0.4188 0.4686
vn 0.7778 0.4686 0.4188
vn 0.7779 0.1672 0.6057
vn 0.7775 0.2341 0.5837
vn 0.6876 0.2779 0.6708
vn 0.7782 0.2788 0.5627
vn 0.7773 0.0494 0.6272
vn 0.7773 -0.0494 0.6272
vn 0.7780 -0.1191 0.6168
vn 0.7773 -0.3287 0.5365
vn 0.7782 -0.2788 0.5627
vn 0.6876 -0.2779 0.6708
vn 0.7776 -0.2341 0.5836
vn 0.7779 -0.1672 0.6057
vn 0.6024 -0.5184 0.6069
vn 0.7772 -0.5365 0.3288
vn 0.7781 -0.4997 0.3805
vn 0.6024 -0.6070 0.5184
vn 0.7777 -0.4687 0.4189
vn 0.7777 -0.4189 0.4687
vn 0.7779 -0.6057 0.1672
vn 0.7775 -0.5837 0.2341
vn 0.6875 -0.6709 0.2779
vn 0.7782 -0.5627 0.2788
vn 0.7773 -0.6272 0.0494
vn 0.7773 0.6272 0.0494
vn 0.5588 0.8268 0.0651
vn 0.5592 0.8264 0.0650
vn 0.5590 0.5385 0.6305
vn 0.5589 0.5386 0.6306
vn 0.5589 0.6306 0.5386
vn 0.5588 0.6306 0.5386
vn 0.5588 0.7071 0.4333
vn 0.5589 -0.0651 0.8267
vn 0.5589 0.0651 0.8267
vn 0.5589 0.1936 0.8063
vn 0.5591 -0.6305 0.5385
vn 0.5589 -0.6306 0.5386
vn 0.5589 -0.5386 0.6306
vn 0.5588 -0.5386 0.6306
vn 0.5588 -0.4333 0.7071
vn 0.5588 -0.8064 0.1936
vn 0.7772 -0.6273 0.0494
vn 0.5588 -0.8267 0.0651
vn 0.5591 -0.8265 0.0651
vn 0.2411 0.9675 0.0761
vn 0.2418 0.9552 0.1706
vn 0.5498 0.8122 0.1950
vn 0.5592 0.8061 0.1935
vn 0.5590 0.8062 0.1936
vn 0.4295 0.8781 0.2108
vn 0.2414 0.9390 0.2450
vn 0.7782 0.4997 0.3804
vn 0.5589 0.7070 0.4333
vn 0.5589 0.7661 0.3173
vn 0.4830 0.8090 0.3351
vn 0.2416 0.9104 0.3359
vn 0.2416 0.8812 0.4063
vn 0.2414 0.8372 0.4907
vn 0.4297 0.7699 0.4718
vn 0.2418 0.7960 0.5548
vn 0.2412 0.7380 0.6303
vn 0.2412 0.6303 0.7380
vn 0.2418 0.5548 0.7961
vn 0.7773 0.3287 0.5364
vn 0.5590 0.4332 0.7070
vn 0.5588 0.4333 0.7071
vn 0.4297 0.4718 0.7699
vn 0.2415 0.4907 0.8372
vn 0.7780 0.1191 0.6168
vn 0.5499 0.1950 0.8121
vn 0.5590 0.1936 0.8063
vn 0.5590 0.3173 0.7660
vn 0.4831 0.3351 0.8089
vn 0.2417 0.4062 0.8812
vn 0.2416 0.3359 0.9104
vn 0.2414 0.2450 0.9390
vn 0.4297 0.2108 0.8780
vn 0.2418 0.1706 0.9552
vn 0.2411 0.0761 0.9675
vn 0.2411 -0.0761 0.9675
vn 0.2418 -0.1706 0.9552
vn 0.5499 -0.1950 0.8121
vn 0.5589 -0.1936 0.8063
vn 0.4297 -0.2108 0.8780
vn 0.2414 -0.2450 0.9390
vn 0.2416 -0.3359 0.9104
vn 0.4831 -0.3351 0.8089
vn 0.5590 -0.3173 0.7660
vn 0.5590 -0.4332 0.7070
vn 0.7781 -0.3805 0.4997
vn 0.2416 -0.4063 0.8812
vn 0.2414 -0.4907 0.8372
vn 0.4297 -0.4718 0.7699
vn 0.2418 -0.5548 0.7961
vn 0.2412 -0.6303 0.7380
vn 0.2412 -0.7380 0.6303
vn 0.2410 -0.7380 0.6303
vn 0.2416 -0.7961 0.5548
vn 0.7773 -0.5364 0.3287
vn 0.5591 -0.7069 0.4332
vn 0.5589 -0.7070 0.4333
vn 0.4296 -0.7700 0.4718
vn 0.2414 -0.8372 0.4907
vn 0.2416 -0.8812 0.4063
vn 0.4831 -0.8089 0.3351
vn 0.5590 -0.7661 0.3173
vn 0.5590 -0.8062 0.1936
vn 0.5499 -0.8121 0.1950
vn 0.7781 -0.6168 0.1191
vn 0.2411 -0.9675 0.0761
vn 0.2418 -0.9552 0.1706
vn 0.4297 -0.8780 0.2108
vn 0.2414 -0.9390 0.2450
vn 0.2416 -0.9104 0.3358
vn 0.9859 -0.0000 0.1675
vn 0.8346 -0.0000 0.5509
vn 0.4739 -0.0000 0.8806
vn -0.0000 -0.0000 1.0000
vn -0.4739 -0.0000 0.8806
vn -0.8346 -0.0000 0.5509
vn -0.9859 -0.0000 0.1675
vn 0.9749 -0.0000 0.2225
vn 0.9659 -0.0078 0.2588
vn 0.8841 -0.0000 0.4673
vn 0.7580 -0.0000 0.6523
vn 0.7070 -0.0130 0.7070
vn 0.5633 -0.0000 0.8262
vn 0.3653 -0.0000 0.9309
vn 0.2588 -0.0156 0.9658
vn 0.1120 -0.0000 0.9937
vn -0.1120 -0.0000 0.9937
vn -0.2588 -0.0156 0.9658
vn -0.3653 -0.0000 0.9309
vn -0.5633 -0.0000 0.8262
vn -0.7071 -0.0130 0.7070
vn -0.9749 -0.0000 0.2225
vn -0.9659 -0.0078 0.2588
vn -0.8841 -0.0000 0.4673
vn -0.7580 -0.0000 0.6523
vn -0.0000 0.9859 -0.1675
vn -0.0047 0.9761 -0.2172
vn 0.0054 0.8346 -0.5509
vn -0.0000 0.8051 -0.5931
vn -0.0000 0.6469 -0.7625
vn 0.0041 0.4739 -0.8806
vn -0.0022 0.4222 -0.9065
vn 0.0024 -0.0000 -1.0000
vn 0.0030 0.0054 -1.0000
vn -0.0027 -0.4065 -0.9136
vn 0.0051 -0.4738 -0.8806
vn -0.0000 -0.6380 -0.7700
vn -0.0000 -0.8346 -0.5509
vn 0.0081 -0.7984 -0.6021
vn -0.0075 -0.9859 -0.1674
vn -0.0000 -0.9738 -0.2275
vn -0.0000 0.9859 0.1675
vn -0.0000 -0.9759 0.2182
vn -0.0061 -0.9859 0.1674
vn 0.0054 -0.8346 0.5509
vn 0.0024 -0.0000 1.0000
vn -0.0022 -0.4223 0.9065
vn 0.0041 -0.4739 0.8806
vn -0.0000 -0.6466 0.7628
vn -0.0000 -0.8051 0.5931
vn -0.0056 0.9741 0.2262
vn 0.0081 0.7984 0.6021
vn -0.0000 0.8346 0.5509
vn -0.0000 0.6378 0.7702
vn 0.0051 0.4738 0.8806
vn -0.0027 0.4065 0.9136
vn 0.0030 -0.0054 1.0000
vn -0.0017 0.8952 -0.4456
vn 0.0089 0.9659 -0.2588
vn 0.0058 0.9738 -0.2274
vn -0.0000 0.9980 -0.0628
vn 0.0028 0.7595 -0.6505
vn -0.0000 0.7795 -0.6264
vn -0.0000 0.6182 -0.7860
vn 0.0015 0.5908 -0.8068
vn -0.0028 0.4071 -0.9134
vn -0.0000 0.3757 -0.9267
vn -0.0000 0.2096 -0.9778
vn 0.0019 0.1231 -0.9924
vn -0.0072 -0.0520 -0.9986
vn -0.0013 -0.1231 -0.9924
vn 0.0021 -0.4690 -0.8832
vn -0.0112 -0.3757 -0.9267
vn 0.0011 -0.5908 -0.8068
vn -0.0026 -0.7993 -0.6010
vn -0.0064 -0.7795 -0.6264
vn 0.0012 -0.9089 -0.4170
vn -0.0045 -0.9859 -0.1674
vn -0.0000 -0.9787 -0.2055
vn -0.0000 0.9749 0.2225
vn 0.0053 -0.9749 0.2224
vn 0.0058 -0.9738 0.2274
vn -0.0000 -0.9981 0.0624
vn 0.0036 0.0521 0.9986
vn -0.0002 -0.2096 0.9778
vn 0.0014 -0.4339 0.9009
vn 0.0050 -0.4077 0.9131
vn -0.0018 -0.6492 0.7606
vn -0.0000 -0.6182 0.7860
vn -0.0000 -0.8024 0.5968
vn 0.0075 -0.7601 0.6498
vn -0.0022 -0.8951 0.4458
vn 0.0022 0.9787 0.2051
vn -0.0021 0.7993 0.6009
vn 0.0014 0.7818 0.6235
vn -0.0013 0.4687 0.8833
vn 0.0032 0.4339 0.9010
vn -0.0040 -0.0000 1.0000
vn -0.7144 -0.6885 0.1250
vn -0.7004 -0.7044 0.1154
vn -0.7060 -0.7046 0.0714
vn -0.6976 -0.7134 0.0665
vn -0.7002 -0.7136 0.0208
vn -0.7080 -0.7060 0.0164
vn -0.7007 -0.7135 -0.0002
vn -0.7171 -0.6882 -0.1100
vn -0.6969 -0.7101 -0.1008
vn -0.7024 -0.7107 -0.0395
vn -0.6976 -0.7155 -0.0370
vn -0.6983 -0.7158 -0.0058
vn -0.0000 0.9991 -0.0429
vn -0.2930 0.9509 -0.0999
vn -0.0000 0.9891 -0.1471
vn -0.0000 0.9613 -0.2756
vn -0.2710 0.9155 -0.2975
vn -0.0000 0.9272 -0.3746
vn -0.0000 0.9101 -0.4144
vn -0.0507 0.8860 -0.4608
vn -0.3020 0.8256 -0.4767
vn -0.0537 0.8423 -0.5364
vn -0.0000 0.8142 -0.5806
vn -0.0000 0.7431 -0.6691
vn -0.3017 0.7250 -0.6192
vn -0.0000 0.6883 -0.7254
vn -0.0000 0.6224 -0.7827
vn -0.2940 0.5618 -0.7733
vn -0.2710 0.2001 -0.9415
vn -0.0000 0.5372 -0.8435
vn -0.0000 0.4615 -0.8872
vn -0.2949 0.3886 -0.8729
vn -0.0000 0.3662 -0.9305
vn -0.0000 0.2419 -0.9703
vn -0.0000 0.1392 -0.9903
vn -0.0000 0.0523 -0.9986
vn -0.3019 -0.0000 -0.9533
vn -0.0000 -0.0523 -0.9986
vn -0.0000 -0.1176 -0.9931
vn -0.1372 -0.2059 -0.9689
vn -0.2669 -0.1880 -0.9452
vn -0.2846 -0.5635 -0.7755
vn -0.0000 -0.2840 -0.9588
vn -0.0000 -0.3461 -0.9382
vn -0.2846 -0.3899 -0.8758
vn -0.0000 -0.4423 -0.8969
vn -0.0000 -0.5556 -0.8315
vn -0.1180 -0.7466 -0.6547
vn -0.2311 -0.7230 -0.6510
vn -0.0000 -0.6883 -0.7254
vn -0.0000 -0.6394 -0.7688
vn -0.0000 -0.8013 -0.5983
vn -0.0000 -0.8387 -0.5446
vn -0.3019 -0.8256 -0.4767
vn -0.2669 -0.9126 -0.3098
vn -0.1372 -0.9421 -0.3061
vn -0.0000 -0.9188 -0.3947
vn -0.0000 -0.8910 -0.4540
vn -0.0000 -0.9979 -0.0654
vn -0.2847 -0.9534 -0.1002
vn -0.0000 -0.9856 -0.1694
vn -0.0000 -0.9724 -0.2334
vn -0.0000 0.0523 0.9986
vn 0.1565 0.0775 0.9846
vn -0.0593 0.1497 0.9869
vn -0.0000 0.1758 0.9844
vn -0.0000 0.2525 0.9676
vn -0.0000 0.3461 0.9382
vn -0.0000 0.4423 0.8969
vn -0.1942 0.4107 0.8908
vn 0.1754 0.5199 0.8360
vn -0.0000 0.5057 0.8627
vn -0.0000 0.5718 0.8204
vn -0.1180 0.6096 0.7838
vn 0.1564 0.6415 0.7510
vn -0.0000 0.6883 0.7254
vn -0.0000 0.7604 0.6494
vn -0.0000 0.8204 0.5718
vn -0.0000 0.8757 0.4829
vn -0.2492 0.8355 0.4897
vn 0.1179 0.9124 0.3920
vn -0.0000 0.9081 0.4187
vn -0.0000 0.9382 0.3461
vn -0.2312 0.9291 0.2885
vn -0.0000 0.9969 0.0784
vn -0.2311 0.9676 0.1017
vn -0.0197 0.9842 0.1758
vn 0.0396 0.9668 0.2523
vn -0.0000 -0.9945 0.1045
vn -0.3017 -0.9505 0.0748
vn -0.0199 -0.9842 0.1757
vn 0.0395 -0.9668 0.2523
vn -0.2312 -0.9292 0.2885
vn -0.0000 -0.9382 0.3461
vn -0.0000 -0.9188 0.3947
vn 0.0396 -0.9074 0.4183
vn -0.1754 -0.8621 0.4754
vn -0.0000 -0.8627 0.5057
vn -0.0000 -0.8204 0.5718
vn -0.0000 -0.7604 0.6494
vn -0.0000 -0.6883 0.7254
vn 0.2844 -0.5886 0.7568
vn -0.2173 -0.6339 0.7422
vn -0.0000 -0.5718 0.8204
vn -0.0000 -0.5281 0.8492
vn 0.0986 -0.5032 0.8585
vn -0.1180 -0.4392 0.8906
vn -0.0000 -0.4187 0.9081
vn -0.0000 -0.3461 0.9382
vn -0.0000 -0.2525 0.9676
vn -0.0000 -0.0785 0.9969
vn -0.0000 -0.1758 0.9844
vn -0.0593 -0.1497 0.9869
vn 0.2311 -0.0509 0.9716
vn -0.9345 -0.0000 0.3559
vn -0.9467 -0.0233 0.3213
vn -0.9677 -0.0000 0.2520
vn -0.9876 -0.0000 0.1570
vn -0.9937 -0.0258 0.1088
vn -0.9988 -0.0000 0.0486
vn -0.9988 -0.0000 -0.0486
vn -0.9936 -0.0261 -0.1095
vn -0.9345 -0.0000 -0.3559
vn -0.9465 -0.0229 -0.3220
vn -0.9677 0.0002 -0.2521
vn -0.9876 -0.0004 -0.1570
vn -0.7501 -0.0000 0.6613
vn -0.7499 -0.0003 0.6616
vn -0.6824 0.0001 0.7310
vn -0.6821 -0.0000 0.7312
vn -0.6171 -0.0000 0.7869
vn -0.6164 -0.0005 0.7875
vn -0.5378 0.0004 0.8431
vn -0.5370 -0.0000 0.8436
vn -0.4633 -0.0000 0.8862
vn -0.4621 -0.0006 0.8868
vn -0.3751 0.0008 0.9270
vn -0.3738 -0.0000 0.9275
vn -0.2941 -0.0000 0.9558
vn -0.2922 -0.0006 0.9564
vn -0.1999 0.0012 0.9798
vn -0.1980 -0.0000 0.9802
vn 0.3153 -0.0000 0.9490
vn 0.3167 0.0004 0.9485
vn 0.7108 -0.0004 0.7034
vn 0.7118 -0.0000 0.7024
vn 0.1612 -0.0000 0.9869
vn 0.2677 -0.0000 0.9635
vn 0.3593 -0.0000 0.9332
vn 0.4588 -0.0000 0.8886
vn 0.5423 -0.0000 0.8402
vn 0.6306 -0.0000 0.7761
vn 0.7025 -0.0000 0.7117
vn 0.7758 -0.0000 0.6310
vn 0.9804 -0.0001 -0.1968
vn 0.9778 0.0016 -0.2096
vn 0.9737 0.0109 -0.2277
vn 0.9554 0.0700 -0.2868
vn 0.9558 0.1109 -0.2723
vn 0.9525 0.0471 -0.3008
vn 0.9502 0.0317 -0.3099
vn 0.9477 0.0180 -0.3186
vn 0.9424 -0.0000 -0.3346
vn 0.9423 0.0003 -0.3349
vn 0.9475 -0.0172 -0.3192
vn 0.9501 -0.0310 -0.3104
vn 0.9476 -0.0164 -0.3190
vn 0.9632 -0.0005 -0.2688
vn 0.9678 0.0010 -0.2515
vn 0.9742 -0.0087 -0.2255
vn 0.9717 -0.0185 -0.2354
vn 0.9740 -0.0107 -0.2262
vn 0.9765 -0.0043 -0.2157
vn 0.9784 -0.0013 -0.2068
vn 0.9798 -0.0003 -0.2001
vn 0.9807 0.0001 -0.1955
vn 0.9812 0.0001 -0.1929
vn 0.9953 0.0014 -0.0971
vn 0.9953 -0.0000 -0.0964
vn 0.9956 0.0053 -0.0933
vn 0.9932 0.1080 -0.0439
vn 0.9900 -0.0014 -0.1409
vn 0.9991 -0.0000 0.0419
vn 0.9805 0.0001 0.1967
vn 0.9778 -0.0016 0.2096
vn 0.9747 -0.0086 0.2232
vn 0.9734 -0.0049 0.2290
vn 0.9681 0.0011 0.2504
vn 0.9484 -0.0097 0.3168
vn 0.9525 -0.0471 0.3008
vn 0.9502 -0.0317 0.3100
vn 0.9477 -0.0180 0.3186
vn 0.9424 -0.0000 0.3346
vn 0.9423 -0.0003 0.3349
vn 0.9475 0.0173 0.3192
vn 0.9740 0.0107 0.2262
vn 0.9501 0.0310 0.3104
vn 0.9525 0.0471 0.3008
vn 0.9548 0.0787 0.2866
vn 0.9643 0.0442 0.2612
vn 0.9717 0.0185 0.2354
vn 0.9765 0.0043 0.2156
vn 0.9784 0.0013 0.2068
vn 0.9798 0.0003 0.2002
vn 0.9903 -0.0008 0.1386
vn 0.9930 0.0304 0.1142
vn 0.9956 -0.0053 0.0933
vn 0.9953 0.0026 0.0971
vn 0.9811 -0.0001 0.1934
vn 0.9807 -0.0001 0.1954
vn 0.2122 -0.0000 -0.9772
vn 0.2133 -0.0003 -0.9770
vn 0.5655 0.0003 -0.8247
vn 0.5684 -0.0005 -0.8228
vn 0.8351 0.0005 -0.5501
vn 0.8364 -0.0000 -0.5481
vn 0.7118 -0.0004 -0.7024
vn 0.7108 -0.0000 -0.7034
vn 0.5274 -0.0000 -0.8496
vn 0.3153 -0.0000 -0.9490
vn 0.0588 -0.0000 -0.9983
vn 0.0565 0.0005 -0.9984
vn 0.4315 -0.0005 -0.9021
vn 0.4283 0.0003 -0.9036
vn 0.7402 -0.0003 -0.6724
vn 0.7394 -0.0000 -0.6732
vn -0.8801 -0.0000 -0.4748
vn -0.9524 0.0003 0.3048
vn -0.9528 -0.0000 0.3037
vn -0.9983 -0.0001 0.0580
vn -0.9984 -0.0000 0.0569
vn -0.9863 -0.0000 -0.1648
vn -0.9905 -0.0055 -0.1374
vn -0.8929 0.0054 -0.4502
vn 0.4761 -0.6973 -0.5358
vn 0.1819 -0.6971 -0.6936
vn 0.1515 -0.7004 -0.6975
vn 0.4037 -0.7004 -0.5887
vn 0.5961 -0.7004 -0.3926
vn 0.6789 -0.7054 -0.2038
vn 0.7054 -0.7054 -0.0688
vn 0.7055 -0.7054 -0.0688
vn 0.7054 -0.7054 0.0688
vn 0.7055 -0.7054 0.0688
vn 0.6789 -0.7054 0.2038
vn 0.5961 -0.7004 0.3926
vn 0.4037 -0.7004 0.5887
vn 0.1515 -0.7004 0.6975
vn 0.4761 -0.6973 0.5358
vn 0.1819 -0.6971 0.6936
vn 0.1819 -0.6971 0.6935
vn 0.5493 -0.7062 0.4468
vn 0.1141 -0.7061 0.6988
vn 0.1778 -0.7070 0.6845
vn 0.1868 -0.7161 0.6725
vn 0.2547 -0.6710 0.6963
vn 0.2543 -0.7064 0.6605
vn 0.3246 -0.7067 0.6287
vn 0.3940 -0.6201 0.6784
vn 0.3837 -0.7067 0.5945
vn 0.4670 -0.7054 0.5332
vn 0.5223 -0.5603 0.6429
vn 0.4969 -0.7068 0.5035
vn 0.2260 -0.6973 0.6802
vn 0.5097 -0.6971 0.5043
vn 0.5278 -0.7003 0.4806
vn 0.3058 -0.7003 0.6450
vn 0.0403 -0.7006 0.7125
vn 0.0403 -0.7005 0.7125
vn -0.1415 -0.7063 0.6936
vn -0.5310 -0.7064 0.4681
vn -0.4827 -0.7069 0.5170
vn -0.4967 -0.6347 0.5920
vn -0.4366 -0.7066 0.5568
vn -0.3804 -0.7068 0.5964
vn -0.3898 -0.6301 0.6716
vn -0.3278 -0.7068 0.6269
vn -0.2454 -0.7058 0.6645
vn -0.3031 -0.5892 0.7490
vn -0.2080 -0.7069 0.6760
vn -0.6801 -0.7003 -0.2168
vn -0.6371 -0.7006 0.3213
vn -0.7037 -0.7037 0.0976
vn -0.7037 -0.7038 0.0976
vn -0.7065 -0.7066 -0.0403
vn -0.6985 -0.6986 0.1549
vn -0.6986 -0.6986 0.1549
vn -0.7070 -0.7071 -0.0119
vn -0.6912 -0.6972 -0.1902
vn -0.6617 -0.7062 0.2520
vn -0.6616 -0.7062 0.2520
vn -0.6616 -0.7062 -0.2520
vn -0.6617 -0.7062 -0.2520
vn -0.6845 -0.7069 -0.1783
vn -0.7660 -0.6249 -0.1507
vn -0.6989 -0.7065 -0.1111
vn -0.7067 -0.7067 -0.0344
vn -0.7067 -0.7067 0.0343
vn -0.6954 -0.7055 0.1368
vn -0.8172 -0.5615 0.1299
vn -0.6845 -0.7069 0.1783
vn -0.6916 -0.6971 0.1892
vn -0.6985 -0.6986 -0.1549
vn -0.7070 -0.7071 0.0109
vn -0.7070 -0.7071 0.0108
vn -0.6801 -0.7003 0.2168
vn -0.6801 -0.7004 0.2168
vn -0.7065 -0.7066 0.0403
vn -0.7037 -0.7038 -0.0977
vn -0.7037 -0.7038 -0.0976
vn -0.6371 -0.7006 -0.3213
vn -0.5301 -0.7064 -0.4691
vn -0.1412 -0.7063 -0.6937
vn -0.2077 -0.7069 -0.6761
vn -0.2660 -0.6373 -0.7232
vn -0.2648 -0.7066 -0.6562
vn -0.3272 -0.7068 -0.6272
vn -0.3879 -0.6311 -0.6718
vn -0.3796 -0.7068 -0.5969
vn -0.4535 -0.7058 -0.5442
vn -0.4981 -0.5883 -0.6370
vn -0.4816 -0.7070 -0.5179
vn 0.0420 -0.7004 -0.7125
vn 0.3080 -0.7004 -0.6439
vn 0.5283 -0.7004 -0.4799
vn 0.2260 -0.6973 -0.6802
vn 0.5097 -0.6971 -0.5043
vn 0.5483 -0.7061 -0.4480
vn 0.1138 -0.7061 -0.6989
vn 0.4958 -0.7069 -0.5045
vn 0.5070 -0.6508 -0.5651
vn 0.4314 -0.7280 -0.5327
vn 0.4196 -0.7070 -0.5692
vn 0.3828 -0.7067 -0.5951
vn 0.3918 -0.6212 -0.6786
vn 0.3240 -0.7067 -0.6290
vn 0.2308 -0.7055 -0.6701
vn 0.2940 -0.5718 -0.7659
vn 0.1890 -0.7069 -0.6816
vn 0.7020 -0.7021 0.1193
vn 0.5991 -0.6962 0.3955
vn 0.3402 -0.6961 0.6322
vn 0.3402 -0.6962 0.6322
vn -0.0000 -0.6962 0.7179
vn -0.3402 -0.6962 0.6322
vn -0.5991 -0.6962 0.3955
vn -0.7020 -0.7021 0.1193
vn -0.6947 -0.6948 -0.1862
vn -0.5086 -0.6948 -0.5086
vn -0.1862 -0.6948 -0.6947
vn -0.1861 -0.6948 -0.6947
vn 0.1862 -0.6948 -0.6947
vn 0.5086 -0.6948 -0.5086
vn 0.6947 -0.6948 -0.1862
vn -0.6254 -0.7069 0.3305
vn -0.5796 -0.6712 0.4622
vn -0.5407 -0.7009 0.4653
vn -0.3989 -0.7061 0.5851
vn -0.3284 -0.6536 0.6819
vn -0.2598 -0.7031 0.6619
vn -0.0794 -0.7049 0.7049
vn -0.0000 -0.6475 0.7621
vn 0.0794 -0.7049 0.7049
vn 0.3107 -0.6981 0.6451
vn 0.2868 -0.6196 0.7307
vn 0.3989 -0.7061 0.5850
vn 0.5598 -0.6981 0.4464
vn 0.6981 -0.6981 0.1593
vn 0.6254 -0.7069 0.3305
vn 0.5682 -0.6618 0.4890
vn 0.6947 -0.6948 -0.1861
vn 0.6529 -0.5462 -0.5247
vn 0.4190 -0.7050 -0.5722
vn 0.3211 -0.5196 -0.7918
vn 0.0874 -0.7044 -0.7044
vn -0.0874 -0.7044 -0.7044
vn -0.2025 -0.6229 -0.7557
vn -0.5544 -0.7029 -0.4455
vn -0.5520 -0.6250 -0.5520
vn -0.4190 -0.7050 -0.5722
vn -0.2670 -0.7037 -0.6584
vn -0.6981 -0.6981 -0.1593
vn -0.5598 -0.6981 -0.4464
vn -0.5598 -0.6981 -0.4465
vn -0.3107 -0.6981 -0.6451
vn -0.0000 -0.6981 -0.7160
vn 0.3107 -0.6981 -0.6451
vn 0.5598 -0.6981 -0.4464
vn 0.5598 -0.6981 -0.4465
vn 0.6981 -0.6980 -0.1593
vn 0.6981 -0.6981 -0.1593
vn 0.6948 -0.6947 0.1862
vn 0.5086 -0.6947 0.5086
vn 0.1862 -0.6947 0.6948
vn -0.1862 -0.6947 0.6948
vn -0.5086 -0.6947 0.5086
vn -0.6948 -0.6947 0.1862
vn -0.7021 -0.7020 -0.1193
vn -0.5992 -0.6961 -0.3955
vn -0.3402 -0.6961 -0.6322
vn -0.0000 -0.6961 -0.7179
vn 0.3402 -0.6961 -0.6322
vn 0.5992 -0.6961 -0.3955
vn 0.7021 -0.7020 -0.1193
vn 0.6981 -0.6980 0.1593
vn 0.5598 -0.6980 0.4464
vn 0.5598 -0.6981 0.4465
vn -0.0000 -0.6980 0.7161
vn -0.0000 -0.6981 0.7160
vn -0.3107 -0.6981 0.6451
vn -0.5598 -0.6981 0.4465
vn -0.5598 -0.6981 0.4464
vn -0.6980 -0.6981 -0.1593
vn -0.3106 -0.6981 -0.6451
vn 0.3106 -0.6981 -0.6451
vn 0.6980 -0.6981 -0.1593
vn -0.6980 -0.6981 0.1593
vn -0.6253 -0.7069 0.3305
vn -0.5777 -0.6738 0.4607
vn -0.5406 -0.7009 0.4652
vn -0.3989 -0.7062 0.5850
vn -0.3267 -0.6580 0.6784
vn -0.2598 -0.7032 0.6619
vn -0.0794 -0.7049 0.7048
vn -0.0000 -0.6525 0.7578
vn 0.0794 -0.7049 0.7048
vn 0.3106 -0.6981 0.6451
vn 0.2847 -0.6268 0.7253
vn 0.3988 -0.7062 0.5850
vn 0.6980 -0.6981 0.1593
vn 0.6253 -0.7069 0.3305
vn 0.5661 -0.6650 0.4872
vn -0.3988 -0.7062 0.5850
vn -0.5991 -0.6961 -0.3955
vn 0.5598 -0.6980 0.4465
vn -0.9996 -0.0000 0.0270
vn -0.9996 0.0003 0.0273
vn -0.9697 -0.0000 0.2442
vn -0.9763 -0.0032 0.2166
vn -0.9873 -0.0452 0.1520
vn -0.9856 -0.0569 0.1592
vn -0.9960 -0.0005 0.0898
vn -0.9410 -0.0000 0.3384
vn -0.9391 -0.0112 0.3434
vn -0.9030 -0.0000 0.4296
vn -0.8563 -0.0000 0.5164
vn -0.8534 -0.0119 0.5212
vn -0.8012 -0.0000 0.5984
vn -0.7384 -0.0000 0.6743
vn -0.7343 -0.0125 0.6787
vn -0.6683 -0.0000 0.7439
vn -0.5918 -0.0000 0.8061
vn -0.5867 -0.0132 0.8097
vn -0.5094 -0.0000 0.8605
vn -0.4222 -0.0000 0.9065
vn -0.4162 -0.0138 0.9092
vn -0.3307 -0.0000 0.9437
vn -0.2362 -0.0000 0.9717
vn -0.2295 -0.0145 0.9732
vn -0.1392 -0.0000 0.9903
vn -0.0663 -0.0000 0.9978
vn -0.0338 -0.0488 0.9982
vn 0.0252 -0.0054 0.9997
vn 0.1632 -0.0157 0.9865
vn 0.1557 -0.0000 0.9878
vn 0.0578 -0.0000 0.9983
vn 0.6052 -0.0000 0.7961
vn 0.5974 -0.0018 0.8019
vn 0.5236 0.0178 0.8518
vn 0.5154 -0.0000 0.8570
vn 0.4373 -0.0000 0.8993
vn 0.3538 -0.0163 0.9352
vn 0.3464 -0.0000 0.9381
vn 0.2524 -0.0000 0.9676
vn 0.9576 -0.0000 0.2882
vn 0.9579 -0.0018 0.2870
vn 0.9588 -0.0051 0.2841
vn 0.9593 -0.0067 0.2823
vn 0.9589 -0.0060 0.2835
vn 0.6806 -0.0000 0.7327
vn 0.6868 -0.0176 0.7267
vn 0.7496 -0.0000 0.6619
vn 0.7964 -0.0000 0.6048
vn 0.8105 0.0365 0.5846
vn 0.8522 -0.0050 0.5233
vn 0.8648 -0.0000 0.5021
vn 0.9138 -0.0000 0.4061
vn 0.9098 -0.0207 0.4144
vn 0.9517 0.0035 0.3069
vn 0.9506 -0.0296 0.3091
vn 0.9576 -0.0000 -0.2882
vn 0.9586 -0.0054 -0.2848
vn 0.9620 -0.0011 -0.2732
vn -1.0000 -0.0000 -0.0003
vn -0.9888 -0.0535 -0.1391
vn -0.9879 -0.0287 -0.1521
vn -0.9988 0.0067 -0.0491
vn -0.9996 -0.0031 -0.0272
vn -1.0000 -0.0000 -0.0074
vn 0.9099 -0.0203 -0.4143
vn 0.9510 0.0029 -0.3091
vn 0.9582 -0.0048 -0.2861
vn 0.9241 0.0720 -0.3754
vn 0.8848 -0.0000 -0.4660
vn 0.8652 -0.0000 -0.5014
vn 0.8162 -0.0168 -0.5776
vn 0.6868 -0.0150 -0.7267
vn 0.7505 -0.0000 -0.6609
vn 0.8115 -0.0000 -0.5843
vn 0.5307 -0.0133 -0.8475
vn 0.6068 -0.0000 -0.7949
vn 0.6816 -0.0000 -0.7317
vn 0.3538 -0.0115 -0.9352
vn 0.4396 -0.0000 -0.8982
vn 0.5253 -0.0000 -0.8509
vn 0.0614 -0.0000 -0.9981
vn 0.1588 -0.0000 -0.9873
vn 0.1632 -0.0096 -0.9865
vn 0.2554 -0.0000 -0.9668
vn 0.3488 -0.0000 -0.9372
vn -0.7344 0.0002 -0.6787
vn -0.5874 -0.0001 -0.8093
vn -0.5867 -0.0019 -0.8098
vn -0.4186 0.0019 -0.9082
vn -0.4162 -0.0039 -0.9093
vn -0.2338 0.0038 -0.9723
vn -0.2295 -0.0058 -0.9733
vn -0.1349 -0.0000 -0.9909
vn -0.0338 -0.0000 -0.9994
vn -0.0661 -0.0725 -0.9952
vn 0.0289 -0.0026 -0.9996
vn -0.8534 -0.0042 -0.5212
vn -0.8519 0.0022 -0.5237
vn -0.7337 -0.0022 -0.6795
vn -0.9752 -0.0000 -0.2215
vn -0.9678 -0.0000 -0.2518
vn -0.9392 -0.0061 -0.3434
vn -0.9382 -0.0000 -0.3461
vn -0.8999 -0.0000 -0.4362
vn -0.6981 -0.6980 0.1593
vn -0.5778 -0.6737 0.4607
vn -0.3267 -0.6579 0.6785
vn -0.0794 -0.7048 0.7049
vn -0.0000 -0.6524 0.7578
vn 0.3107 -0.6980 0.6451
vn 0.2847 -0.6268 0.7254
vn 0.3989 -0.7061 0.5851
vn 0.6254 -0.7068 0.3305
vn 0.5661 -0.6649 0.4872
vn 0.9074 0.0795 -0.4128
vn 0.9147 0.0844 -0.3953
vn 0.8893 0.2617 -0.3751
vn 0.8566 0.2149 -0.4692
vn 0.9314 0.1889 -0.3112
vn 0.8925 0.1557 -0.4233
vn 0.8727 0.3186 -0.3700
vn 0.8580 0.3537 -0.3726
vn 0.8605 0.3559 -0.3644
vn 0.8579 0.4283 -0.2838
vn 0.8071 0.4625 -0.3670
vn 0.8308 0.4777 -0.2855
vn 0.7959 0.5610 -0.2278
vn 0.7891 0.5630 -0.2455
vn 0.7817 0.6101 -0.1295
vn 0.7594 0.6314 -0.1570
vn 0.7172 0.6957 -0.0415
vn 0.7056 0.7057 -0.0637
vn 0.9077 0.0518 -0.4164
vn -0.1699 -0.6868 -0.7067
vn -0.3042 -0.6868 -0.6601
vn -0.3043 -0.6868 -0.6601
vn -0.4269 -0.6868 -0.5883
vn -0.5333 -0.6868 -0.4939
vn -0.6192 -0.6868 -0.3806
vn -0.6526 -0.6885 -0.3163
vn -0.6890 -0.6782 -0.2556
vn -0.7073 -0.6884 -0.1606
vn -0.7103 -0.6847 -0.1634
vn -0.7018 -0.6885 -0.1826
vn -0.6819 -0.6869 -0.2515
vn 0.6750 -0.7019 -0.2275
vn 0.6851 -0.6936 -0.2227
vn 0.6590 -0.6868 -0.3066
vn 0.6848 -0.6885 -0.2386
vn 0.6858 -0.6892 -0.2337
vn 0.6942 -0.6466 -0.3161
vn 0.6275 -0.6885 -0.3636
vn 0.5868 -0.6868 -0.4290
vn 0.6157 -0.6514 -0.4433
vn 0.5443 -0.6885 -0.4793
vn 0.4920 -0.6868 -0.5350
vn 0.5143 -0.6561 -0.5522
vn 0.4400 -0.6885 -0.5765
vn 0.3785 -0.6868 -0.6205
vn 0.3943 -0.6608 -0.6387
vn 0.3188 -0.6885 -0.6514
vn 0.2504 -0.6868 -0.6823
vn 0.2604 -0.6654 -0.6997
vn 0.1852 -0.6885 -0.7011
vn 0.1128 -0.6868 -0.7180
vn 0.1179 -0.6699 -0.7331
vn 0.0446 -0.6885 -0.7238
vn 0.0210 -0.6884 -0.7250
vn -0.0501 -0.6877 -0.7243
vn -0.0487 -0.6789 -0.7326
vn -0.0979 -0.6885 -0.7186
vn 0.0098 -0.5097 -0.8603
vn -0.0077 -0.1777 -0.9841
vn -0.0000 -0.1601 -0.9871
vn -0.0095 -0.4809 -0.8767
vn 0.0037 -0.6981 -0.7160
vn -0.0216 -0.7820 -0.6229
vn 0.0147 -0.8510 -0.5249
vn -0.0159 -0.9426 -0.3335
vn 0.0144 -0.9641 -0.2650
vn -0.0079 -0.9958 -0.0917
vn -0.0000 -0.9981 -0.0623
vn -0.0000 -0.0000 -1.0000
vn -0.7020 -0.7021 -0.1192
vn -0.6961 -0.5992 -0.3955
vn -0.6961 -0.5991 -0.3955
vn -0.6961 -0.3402 -0.6322
vn -0.7069 -0.1503 -0.6912
vn -0.7231 -0.0000 -0.6907
vn -0.7020 0.7021 -0.1193
vn -0.7021 0.7021 -0.1192
vn -0.6962 0.5991 -0.3955
vn -0.6962 0.3402 -0.6322
vn -0.7069 0.1502 -0.6912
vn 0.5290 -0.0892 -0.8439
vn 0.6904 0.0177 -0.7232
vn 0.6991 -0.0141 -0.7148
vn 0.6991 -0.0139 -0.7149
vn -0.7020 0.7021 0.1192
vn -0.7021 0.7020 0.1193
vn -0.6962 0.5991 0.3955
vn -0.6962 0.3402 0.6322
vn -0.7070 0.1503 0.6911
vn -0.7231 -0.0000 0.6907
vn -0.7021 -0.7020 0.1192
vn -0.6961 -0.5992 0.3955
vn -0.6962 -0.5992 0.3954
vn -0.6962 -0.3402 0.6322
vn -0.6961 -0.3402 0.6322
vn -0.7069 -0.1504 0.6911
vn -1.0000 -0.0001 -0.0001
vn -1.0000 -0.0001 -0.0000
vn -1.0000 -0.0003 -0.0000
vn -1.0000 -0.0002 -0.0000
vn -1.0000 -0.0002 0.0001
vn -1.0000 -0.0001 0.0001
vn -0.1942 -0.7499 0.6325
vn 0.0411 -0.8503 0.5247
vn -0.0239 -0.9848 0.1723
vn -0.0000 -0.9912 0.1322
vn -0.0512 -0.9121 0.4068
vn 0.0070 -0.7821 0.6231
vn -0.0129 -0.6230 0.7821
vn -0.0000 -0.0915 0.9958
vn 0.0066 -0.0653 0.9978
vn -0.0076 -0.2658 0.9640
vn -0.0207 -0.3078 0.9512
vn 0.0047 -0.4312 0.9023
vn -0.0097 -0.6163 0.7875
vn -0.7081 -0.6884 0.1571
vn -0.7081 -0.6885 0.1571
vn -0.7032 -0.6885 0.1771
vn -0.7046 -0.6644 0.2494
vn -0.6838 -0.6870 0.2459
vn -0.6549 -0.6885 0.3116
vn -0.6432 -0.6629 0.3832
vn -0.6223 -0.6870 0.3753
vn -0.5810 -0.6885 0.4340
vn -0.5567 -0.6614 0.5026
vn -0.5366 -0.6870 0.4900
vn -0.4846 -0.6885 0.5395
vn -0.4482 -0.6599 0.6029
vn -0.4301 -0.6870 0.5857
vn -0.3694 -0.6885 0.6241
vn -0.3221 -0.6585 0.6802
vn -0.3068 -0.6870 0.6587
vn -0.2398 -0.6885 0.6844
vn -0.1829 -0.6570 0.7313
vn -0.1717 -0.6870 0.7061
vn -0.1009 -0.6885 0.7182
vn -0.0547 -0.6654 0.7445
vn -0.0481 -0.6877 0.7244
vn 0.0183 -0.6884 0.7251
vn 0.0419 -0.6885 0.7240
vn 0.1123 -0.6541 0.7480
vn 0.1131 -0.6870 0.7178
vn 0.1831 -0.6885 0.7018
vn 0.2570 -0.6526 0.7127
vn 0.2517 -0.6870 0.6817
vn 0.3171 -0.6885 0.6522
vn 0.3923 -0.6512 0.6497
vn 0.3805 -0.6871 0.6190
vn 0.4389 -0.6885 0.5773
vn 0.5127 -0.6498 0.5612
vn 0.4945 -0.6871 0.5324
vn 0.5436 -0.6885 0.4800
vn 0.6136 -0.6484 0.4507
vn 0.6822 -0.6967 0.2219
vn 0.5893 -0.6871 0.4250
vn 0.6272 -0.6885 0.3641
vn 0.6911 -0.6469 0.3223
vn 0.6612 -0.6871 0.3012
vn 0.6848 -0.6885 0.2388
vn 0.6873 -0.6905 0.2254
vn 0.6692 -0.7068 0.2294
vn 0.0981 -0.9952 -0.0000
vn 0.0645 -0.9979 0.0053
vn 0.2262 -0.9740 -0.0083
vn 0.1708 -0.9853 -0.0020
vn 0.1320 -0.9912 -0.0074
vn 0.2137 -0.9769 0.0071
vn 0.0369 -0.9993 -0.0026
vn 0.0629 -0.9980 -0.0000
vn 0.5632 -0.8263 -0.0000
vn 0.4714 -0.8819 -0.0005
vn 0.5196 -0.8544 0.0025
vn 0.1334 -0.9911 0.0032
vn 0.1777 -0.9841 -0.0012
vn 0.3199 -0.9475 0.0005
vn 0.3391 -0.9407 0.0001
vn 0.4220 -0.9066 -0.0001
vn 0.7839 -0.6209 0.0013
vn 0.7727 -0.6348 0.0006
vn 0.6414 -0.7672 -0.0000
vn 0.5955 -0.8033 0.0026
vn 0.6875 -0.7262 -0.0009
vn 0.8824 -0.4705 -0.0008
vn 0.8370 -0.5471 0.0042
vn 0.9001 -0.4357 -0.0006
vn 0.9960 -0.0899 -0.0000
vn 0.9952 -0.0981 0.0004
vn 0.9638 -0.2666 -0.0003
vn 0.9729 -0.2312 -0.0018
vn 0.9458 -0.3248 0.0004
vn -0.7051 0.7052 -0.0741
vn -0.7052 0.7052 -0.0741
vn -0.7052 0.6744 -0.2191
vn -0.7052 0.6743 -0.2191
vn -0.7052 0.6141 -0.3545
vn -0.7051 0.6141 -0.3545
vn -0.7052 0.5269 -0.4745
vn -0.7052 0.5269 -0.4744
vn -0.7052 0.4168 -0.5736
vn -0.7052 0.2884 -0.6477
vn -0.7052 0.1474 -0.6936
vn -0.7052 -0.0000 -0.7090
vn -0.7061 -0.1276 -0.6965
vn -0.6582 -0.1565 -0.7364
vn -0.7070 -0.1995 -0.6785
vn -0.7052 -0.2884 -0.6478
vn -0.7052 -0.2884 -0.6477
vn -0.7052 -0.4168 -0.5736
vn -0.7051 -0.4168 -0.5736
vn -0.7060 -0.5138 -0.4874
vn -0.6609 -0.5577 -0.5022
vn -0.7070 -0.5612 -0.4304
vn -0.7052 -0.6141 -0.3545
vn -0.7052 -0.6140 -0.3545
vn -0.7052 -0.6743 -0.2191
vn -0.7051 -0.6744 -0.2191
vn -0.7051 -0.7052 -0.0741
vn -0.7052 -0.7052 -0.0741
vn -0.7052 -0.7052 0.0741
vn -0.7051 -0.7052 0.0741
vn -0.7056 -0.6767 0.2101
vn -0.7286 -0.6514 0.2117
vn -0.7071 -0.6497 0.2791
vn -0.7052 -0.6140 0.3545
vn -0.7432 -0.5859 0.3231
vn -0.7070 -0.5802 0.4044
vn -0.7070 -0.5612 0.4304
vn -0.6433 -0.5555 0.5269
vn -0.7544 -0.4991 0.4263
vn -0.7070 -0.4868 0.5130
vn -0.7051 -0.4168 0.5736
vn -0.7650 -0.3954 0.5083
vn -0.7069 -0.3735 0.6006
vn -0.7052 -0.2884 0.6477
vn -0.7750 -0.2795 0.5668
vn -0.7068 -0.2448 0.6637
vn -0.7070 -0.1995 0.6785
vn -0.6888 -0.1831 0.7015
vn -0.7332 -0.1226 0.6689
vn -0.7067 -0.1061 0.6995
vn -0.7066 -0.0370 0.7066
vn -0.7553 -0.0000 0.6553
vn -0.7066 0.0370 0.7066
vn -0.7067 0.1061 0.6995
vn -0.7546 0.1364 0.6418
vn -0.7065 0.1787 0.6848
vn -0.7068 0.2448 0.6637
vn -0.7525 0.2679 0.6016
vn -0.7064 0.3131 0.6349
vn -0.7069 0.3735 0.6006
vn -0.7490 0.3895 0.5361
vn -0.7062 0.4347 0.5589
vn -0.7070 0.4868 0.5130
vn -0.7439 0.4967 0.4472
vn -0.7060 0.5385 0.4599
vn -0.7070 0.5802 0.4044
vn -0.7371 0.5852 0.3379
vn -0.7058 0.6203 0.3421
vn -0.7071 0.6497 0.2791
vn -0.7286 0.6515 0.2117
vn -0.7056 0.6767 0.2101
vn -0.7052 0.7052 0.0741
vn -0.7051 0.7052 0.0741
vn -0.0000 0.9950 -0.1001
vn -0.0155 0.9978 -0.0641
vn 0.0172 0.9568 -0.2903
vn 0.0017 0.9677 -0.2523
vn -0.0000 0.6684 -0.7438
vn 0.0017 0.7140 -0.7002
vn 0.0174 0.7825 -0.6224
vn -0.0058 0.8323 -0.5543
vn 0.0018 0.9036 -0.4283
vn -0.0000 0.9120 -0.4102
vn -0.0000 0.9271 -0.3747
vn -0.0000 0.6050 -0.7962
vn -0.0038 0.6221 -0.7829
vn 0.0081 0.4372 -0.8993
vn 0.0079 0.4376 -0.8991
vn 0.0004 0.3185 -0.9479
vn -0.0020 0.2062 -0.9785
vn 0.0001 0.2115 -0.9774
vn -0.6265 0.7023 -0.3380
vn -0.7022 0.7022 -0.1173
vn -0.6957 0.6957 0.1789
vn -0.7514 0.6145 0.2405
vn -0.7065 0.7065 0.0411
vn -0.6986 0.6986 -0.1549
vn -0.6986 0.6985 -0.1549
vn -0.6714 0.7050 -0.2284
vn -0.7050 0.7050 -0.0777
vn -0.7050 0.7050 0.0772
vn -0.6716 0.7050 0.2280
vn -0.6986 0.6986 0.1549
vn -0.6957 0.6957 -0.1789
vn -0.6798 0.7004 -0.2176
vn -0.7436 0.6407 -0.1912
vn -0.7065 0.7065 -0.0411
vn -0.6265 0.7023 0.3380
vn -0.7039 0.7038 0.0960
vn -0.7195 0.6840 0.1202
vn -0.6755 0.7069 0.2098
vn -0.5308 0.7064 0.4683
vn -0.1402 0.7064 0.6938
vn -0.2067 0.7069 0.6764
vn -0.2654 0.6343 0.7261
vn -0.2645 0.7066 0.6563
vn -0.3269 0.7068 0.6274
vn -0.3887 0.6290 0.6733
vn -0.3799 0.7068 0.5968
vn -0.4546 0.7058 0.5433
vn -0.5024 0.5792 0.6419
vn -0.4825 0.7069 0.5172
vn 0.0403 0.7006 0.7124
vn 0.3057 0.7004 0.6450
vn 0.3057 0.7003 0.6450
vn 0.5278 0.7003 0.4806
vn 0.2270 0.6972 0.6800
vn 0.5103 0.6972 0.5035
vn 0.1141 0.7061 0.6988
vn 0.5492 0.7062 0.4468
vn 0.4969 0.7069 0.5034
vn 0.5142 0.6254 0.5870
vn 0.4463 0.7065 0.5493
vn 0.3857 0.7068 0.5931
vn 0.3810 0.7116 0.5903
vn 0.3290 0.7017 0.6320
vn 0.3246 0.7067 0.6286
vn 0.2317 0.7055 0.6698
vn 0.2945 0.5730 0.7648
vn 0.1893 0.7069 0.6815
vn 0.4761 0.6973 0.5358
vn 0.4760 0.6973 0.5358
vn 0.3327 0.7071 0.6240
vn 0.1816 0.6985 0.6921
vn 0.1809 0.6972 0.6937
vn 0.1514 0.7004 0.6975
vn 0.1515 0.7004 0.6975
vn 0.4036 0.7004 0.5887
vn 0.5961 0.7004 0.3926
vn 0.6714 0.7063 0.2243
vn 0.6709 0.7064 -0.2258
vn 0.6891 0.7069 -0.1595
vn 0.7611 0.6346 -0.1341
vn 0.7006 0.7066 -0.0997
vn 0.7068 0.7067 -0.0313
vn 0.7068 0.7068 -0.0313
vn 0.7068 0.7068 0.0296
vn 0.6982 0.7058 0.1197
vn 0.8002 0.5892 0.1120
vn 0.6894 0.7069 0.1579
vn 0.5968 0.7006 -0.3912
vn 0.5969 0.7005 -0.3912
vn 0.4058 0.7003 -0.5873
vn 0.1523 0.7003 -0.6974
vn 0.4761 0.6973 -0.5358
vn 0.1809 0.6972 -0.6937
vn 0.1816 0.6985 -0.6921
vn 0.3339 0.7070 -0.6234
vn 0.5491 0.7062 -0.4470
vn 0.5490 0.7062 -0.4470
vn 0.1126 0.7062 -0.6990
vn 0.1878 0.7069 -0.6819
vn 0.2525 0.6249 -0.7388
vn 0.2533 0.7065 -0.6609
vn 0.3257 0.7067 -0.6281
vn 0.3261 0.7011 -0.6342
vn 0.3823 0.7118 -0.5892
vn 0.3831 0.7067 -0.5948
vn 0.4662 0.7055 -0.5338
vn 0.5211 0.5615 -0.6428
vn 0.4966 0.7069 -0.5036
vn 0.2260 0.6973 -0.6802
vn 0.3729 0.7069 -0.6010
vn 0.5086 0.6985 -0.5033
vn 0.5103 0.6972 -0.5035
vn 0.5278 0.7003 -0.4806
vn 0.5278 0.7004 -0.4806
vn 0.3057 0.7004 -0.6450
vn 0.0403 0.7006 -0.7124
vn -0.5301 0.7063 -0.4691
vn -0.1412 0.7064 -0.6936
vn -0.4817 0.7069 -0.5179
vn -0.4933 0.6373 -0.5920
vn -0.4359 0.7066 -0.5575
vn -0.3796 0.7068 -0.5970
vn -0.3879 0.6311 -0.6718
vn -0.3272 0.7068 -0.6272
vn -0.2446 0.7058 -0.6648
vn -0.3027 0.5883 -0.7499
vn -0.2077 0.7070 -0.6761
vn 0.9659 -0.0000 0.2588
vn 0.7071 -0.0000 0.7071
vn 0.2588 -0.0000 0.9659
vn -0.2588 -0.0000 0.9659
vn -0.7071 -0.0000 0.7071
vn -0.9659 -0.0000 0.2588
vn -0.9749 -0.0000 -0.2225
vn -0.7818 -0.0000 -0.6235
vn -0.4339 -0.0000 -0.9010
vn 0.4339 -0.0000 -0.9010
vn 0.7818 -0.0000 -0.6235
vn 0.9749 -0.0000 -0.2225
vn 0.7818 -0.0000 0.6235
vn 0.4339 -0.0000 0.9010
vn -0.4339 -0.0000 0.9010
vn -0.7818 -0.0000 0.6235
vn -0.4739 -0.0000 -0.8806
vn 0.4739 -0.0000 -0.8806
vn 0.8346 -0.0000 -0.5509
vn 0.9859 -0.0000 -0.1675
vn 0.9659 -0.0036 0.2588
vn 0.7071 -0.0061 0.7071
vn 0.2588 -0.0073 0.9659
vn -0.2588 -0.0073 0.9659
vn -0.7071 -0.0061 0.7071
vn -0.9659 -0.0036 0.2588
vn 0.8841 -0.0000 0.4672
vn 0.1119 -0.0000 0.9937
vn -0.3654 -0.0000 0.9309
vn -0.8841 -0.0000 0.4672
vn -0.9749 0.0042 -0.2225
vn -0.7580 -0.0036 -0.6523
vn -0.5633 -0.0000 -0.8263
vn -0.4339 -0.0049 -0.9010
vn -0.3653 -0.0000 -0.9309
vn -0.1119 -0.0109 -0.9937
vn 0.1120 -0.0000 -0.9937
vn 0.3653 -0.0073 -0.9308
vn 0.5633 -0.0000 -0.8263
vn 0.7580 -0.0000 -0.6523
vn 0.7818 -0.0030 -0.6235
vn 0.9659 0.0036 -0.2588
vn -0.6370 0.7071 -0.3070
vn 0.5264 0.7069 -0.4724
vn -0.6838 0.7071 -0.1800
vn -0.6877 0.7114 -0.1449
vn -0.5947 0.7978 -0.0996
vn -0.7439 0.6644 -0.0715
vn -0.6723 0.7399 -0.0235
vn -0.7070 0.7069 -0.0206
vn 0.5265 0.7067 -0.4726
vn 0.4611 0.7055 -0.5382
vn 0.4308 0.7744 -0.4634
vn 0.4297 0.7068 -0.5619
vn 0.3499 0.7055 -0.6164
vn 0.3346 0.7736 -0.5381
vn 0.3142 0.7068 -0.6338
vn 0.2257 0.7055 -0.6718
vn 0.2257 0.7728 -0.5932
vn 0.1870 0.7068 -0.6822
vn 0.0933 0.7055 -0.7026
vn 0.1081 0.7720 -0.6264
vn 0.0529 0.7068 -0.7054
vn 0.0127 0.7071 -0.7070
vn -0.0552 0.7060 -0.7060
vn -0.0258 0.7608 -0.6484
vn -0.0832 0.7069 -0.7025
vn -0.1769 0.7055 -0.6863
vn -0.1357 0.7703 -0.6230
vn -0.2161 0.7069 -0.6735
vn -0.3046 0.7055 -0.6399
vn -0.2529 0.7695 -0.5864
vn -0.3411 0.7069 -0.6197
vn -0.4212 0.7055 -0.5700
vn -0.3611 0.7687 -0.5280
vn -0.4535 0.7069 -0.5429
vn -0.5223 0.7055 -0.4791
vn -0.4562 0.7678 -0.4498
vn -0.5490 0.7069 -0.4460
vn -0.6042 0.7055 -0.3705
vn -0.5348 0.7670 -0.3546
vn -0.6243 0.7069 -0.3326
vn -0.6744 0.6953 -0.2485
vn -0.5937 0.7661 -0.2461
vn -0.6764 0.7069 -0.2069
vn 0.5397 0.7068 -0.4573
vn 0.4371 0.7720 -0.4615
vn 0.4910 0.7050 -0.5118
vn 0.5238 0.6865 -0.5043
vn 0.3756 0.6975 -0.6102
vn 0.4085 0.6793 -0.6097
vn 0.2990 0.6810 -0.6684
vn 0.3235 0.6822 -0.6557
vn 0.3105 0.6830 -0.6611
vn -0.7070 0.7068 0.0249
vn -0.7702 0.6370 0.0302
vn -0.5920 0.7998 0.0997
vn -0.6270 0.7715 0.1084
vn 0.5297 0.7070 0.4686
vn 0.4856 0.7064 0.5149
vn 0.4395 0.7468 0.4991
vn 0.4334 0.7069 0.5590
vn 0.3777 0.7064 0.5986
vn 0.3355 0.7468 0.5742
vn 0.3179 0.7069 0.6318
vn 0.2557 0.7064 0.6600
vn 0.2190 0.7468 0.6279
vn 0.1906 0.7069 0.6811
vn 0.1241 0.7064 0.6968
vn 0.0943 0.7468 0.6583
vn 0.0563 0.7069 0.7051
vn 0.0161 0.7070 0.7070
vn -0.0281 0.7068 0.7068
vn -0.0501 0.7333 0.6781
vn -0.0802 0.7069 0.7028
vn -0.1477 0.7064 0.6922
vn -0.1608 0.7469 0.6452
vn -0.2137 0.7069 0.6743
vn -0.2779 0.7064 0.6510
vn -0.2727 0.6613 0.6988
vn -0.3196 0.7455 0.5848
vn -0.3198 0.7063 0.6315
vn -0.3977 0.7064 0.5855
vn -0.3922 0.7469 0.5370
vn -0.4521 0.7069 0.5440
vn -0.5028 0.7064 0.4982
vn -0.4880 0.7469 0.4517
vn -0.5481 0.7069 0.4470
vn -0.5703 0.7070 0.4181
vn -0.6027 0.6897 0.4014
vn -0.5815 0.7366 0.3454
vn -0.6238 0.7069 0.3334
vn -0.6535 0.7064 0.2719
vn -0.6223 0.7469 0.2344
vn -0.6762 0.7069 0.2074
vn -0.6895 0.7069 0.1580
vn -0.6287 0.7598 0.1658
vn 0.4880 0.7047 0.5150
vn 0.5137 0.6899 0.5100
vn 0.3634 0.6914 0.6244
vn 0.3883 0.6772 0.6250
vn 0.8253 0.5247 0.2087
vn 0.7815 0.5615 0.2718
vn 0.7822 0.6176 0.0826
vn 0.7006 0.7006 0.1354
vn 0.8832 0.3236 0.3396
vn 0.8575 0.3350 0.3904
vn 0.8593 0.4263 0.2828
vn 0.8197 0.4537 0.3497
vn 0.8256 0.4775 0.3005
vn 0.9073 0.0797 0.4128
vn 0.9043 0.0778 0.4198
vn 0.9043 0.1454 0.4015
vn 0.8971 0.1432 0.4180
vn 0.8972 0.2271 0.3788
vn 0.8684 0.2294 0.4396
vn 0.8838 0.2527 0.3937
vn 1.0000 -0.0001 0.0001
vn 1.0000 -0.0004 -0.0003
vn 1.0000 -0.0000 0.0001
vn 1.0000 -0.0001 -0.0001
vn 0.9077 0.0518 0.4164
vn 0.6479 0.0940 -0.7559
vn 0.9077 0.0501 -0.4166
vn 0.9096 0.0091 -0.4154
vn 0.8955 0.0209 -0.4445
vn 0.9151 -0.0549 -0.3996
vn 0.8937 -0.0912 -0.4392
vn 0.9038 -0.1253 -0.4091
vn 0.8924 -0.2071 -0.4009
vn 0.8757 -0.2031 -0.4380
vn 0.8845 -0.2326 -0.4045
vn 0.8907 -0.2799 -0.3581
vn 0.8516 -0.3668 -0.3744
vn 0.7057 0.4705 0.5298
vn 0.8529 -0.3819 0.3559
vn 0.8757 -0.2990 0.3791
vn 0.8587 -0.0909 0.5044
vn 0.8473 -0.1391 0.5125
vn 0.8483 -0.2699 0.4556
vn 0.7028 0.4200 0.5741
vn 0.7621 0.3832 0.5219
vn 0.7616 0.1606 0.6278
vn 0.8053 0.2040 0.5566
vn 0.8179 -0.0093 0.5753
vn 0.7050 0.4607 0.5392
vn 0.6516 0.4839 0.5842
vn 0.7093 0.5086 0.4882
vn 0.7071 0.5076 0.4923
vn 0.6604 0.4878 -0.5709
vn 0.7068 0.5076 -0.4927
vn 0.7071 0.5076 -0.4923
vn 0.7056 0.4520 -0.5457
vn 0.7071 0.3898 -0.5900
vn 0.6603 0.3495 -0.6648
vn 0.7053 0.3208 -0.6321
vn 0.7048 0.1794 -0.6864
vn 0.7062 0.0501 -0.7062
vn 0.7068 -0.0307 -0.7068
vn 0.7048 -0.1416 -0.6951
vn 0.6852 -0.1413 -0.7145
vn 0.7071 -0.2153 -0.6735
vn 0.7048 -0.2953 -0.6450
vn 0.7048 -0.2953 -0.6451
vn 0.7048 -0.4336 -0.5615
vn 0.7048 -0.5494 -0.4488
vn 0.7048 -0.6367 -0.3128
vn 0.7048 -0.6910 -0.1606
vn 0.7065 -0.7065 -0.0404
vn 0.7065 -0.7065 0.0404
vn 0.7048 -0.6910 0.1606
vn 0.7048 -0.6367 0.3128
vn 0.7048 -0.5494 0.4488
vn 0.7048 -0.4336 0.5615
vn 0.7048 -0.2953 0.6450
vn 0.7071 -0.2153 0.6735
vn 0.6865 -0.1451 0.7125
vn 0.7050 -0.1376 0.6957
vn 0.7068 -0.0307 0.7068
vn 0.7062 0.0500 0.7062
vn 0.7048 0.1794 0.6864
vn 0.7048 0.3301 0.6279
vn 0.6525 0.3429 0.6758
vn 0.7071 0.3898 0.5900
vn -0.0000 -0.0707 -0.9975
vn -0.0000 -0.5512 -0.8344
vn -0.0000 -0.4525 -0.8917
vn 0.0651 -0.4443 -0.8935
vn -0.0691 -0.2523 -0.9652
vn 0.0172 -0.2429 -0.9699
vn -0.0115 -0.0687 -0.9976
vn 0.0179 -0.7571 -0.6531
vn 0.1228 -0.6331 -0.7643
vn -0.0000 -0.6268 -0.7792
vn -0.0000 -0.7179 -0.6962
vn 0.1127 -0.7742 -0.6228
vn 0.1973 -0.7565 -0.6235
vn -0.0000 -0.9976 -0.0687
vn -0.1681 -0.9796 -0.1104
vn 0.2586 -0.9259 -0.2752
vn -0.0000 -0.9700 -0.2430
vn -0.0000 -0.9206 -0.3905
vn 0.1620 -0.8836 -0.4393
vn -0.0000 -0.8732 -0.4874
vn -0.0000 -0.8131 -0.5821
vn 0.7064 0.7064 0.0436
vn 0.7065 0.7064 0.0435
vn 0.7052 0.6908 0.1598
vn 0.7052 0.6428 0.2992
vn 0.7052 0.5670 0.4257
vn 0.7053 0.4682 0.5324
vn 0.7099 0.4636 0.5302
vn 0.7071 0.4092 0.5767
vn 0.7053 0.3483 0.6174
vn 0.7109 0.3434 0.6138
vn 0.7071 0.2814 0.6487
vn 0.7053 0.2134 0.6760
vn 0.7118 0.2087 0.6706
vn 0.7071 0.1416 0.6928
vn 0.7054 0.0699 0.7054
vn 0.7071 -0.0038 0.7071
vn 0.7065 -0.0476 0.7061
vn 0.7064 0.7065 -0.0433
vn 0.7442 0.0686 -0.6644
vn 0.7064 -0.0442 -0.7064
vn 0.7065 -0.0442 -0.7064
vn 0.7071 -0.0002 -0.7071
vn 0.7071 -0.0003 -0.7071
vn 0.7068 0.0312 -0.7068
vn 0.7065 0.1036 -0.7001
vn 0.7067 0.1770 -0.6850
vn 0.7451 0.2030 -0.6353
vn 0.7065 0.2469 -0.6632
vn 0.7067 0.3156 -0.6333
vn 0.7454 0.3292 -0.5797
vn 0.7066 0.3794 -0.5973
vn 0.7052 0.4694 -0.5314
vn 0.7772 0.3917 -0.4926
vn 0.7066 0.4953 -0.5054
vn 0.7052 0.5686 -0.4235
vn 0.7744 0.4881 -0.4025
vn 0.7067 0.5895 -0.3913
vn 0.7052 0.6435 -0.2975
vn 0.7716 0.5642 -0.2938
vn 0.7067 0.6579 -0.2602
vn 0.7052 0.6910 -0.1588
vn 0.7688 0.6162 -0.1710
vn 0.7067 0.6976 -0.1176
vn -0.2263 0.6254 -0.7468
vn -0.2566 0.6036 -0.7548
vn -0.0000 -0.7495 0.6620
vn 0.7314 -0.0106 0.6819
vn 0.1018 -0.1125 0.9884
vn 0.3022 -0.0848 0.9495
vn 0.4048 -0.0890 0.9100
vn 0.3069 -0.0890 0.9476
vn 0.1082 -0.1099 0.9880
vn 0.1357 -0.1156 0.9840
vn 0.0215 -0.1213 0.9924
vn 0.6878 -0.0170 0.7257
vn 0.7089 -0.0232 0.7049
vn 0.5027 -0.0457 0.8632
vn 0.6053 -0.0567 0.7939
vn 0.4842 -0.0620 0.8728
vn -0.3954 0.5503 0.7354
vn -0.4000 0.5384 0.7417
vn -0.7034 0.0147 0.7106
vn -0.7194 0.0014 0.6946
vn -0.6945 0.1018 0.7123
vn -0.6888 0.1208 0.7148
vn -0.6690 0.2240 0.7087
vn -0.6638 0.2269 0.7127
vn -0.5504 0.3985 0.7336
vn -0.6064 0.3904 0.6927
vn -0.5115 0.4482 0.7331
vn 0.7071 -0.0873 0.7017
vn 0.0656 -0.7478 0.6606
vn 0.7059 -0.1450 0.6933
vn 0.6969 -0.1557 0.7000
vn 0.6823 -0.2375 0.6915
vn 0.6554 -0.2861 0.6990
vn 0.4254 -0.6022 0.6756
vn 0.4410 -0.6002 0.6673
vn 0.5250 -0.5155 0.6773
vn 0.5350 -0.5126 0.6716
vn 0.6047 -0.4076 0.6842
vn 0.6154 -0.4020 0.6779
vn 0.6575 -0.3009 0.6907
vn 0.0667 -0.7485 0.6598
vn 0.1532 -0.7327 0.6631
vn 0.1908 -0.7132 0.6745
vn 0.2177 -0.7169 0.6623
vn 0.3165 -0.6750 0.6665
vn 0.3226 -0.6757 0.6628
vn 0.3841 -0.6363 0.6690
vn 0.0499 -0.1181 -0.9917
vn 0.7318 -0.0183 -0.6813
vn 0.6985 -0.0170 -0.7154
vn 0.6944 -0.0160 -0.7194
vn 0.6051 -0.0354 -0.7954
vn 0.5260 -0.0569 -0.8486
vn 0.4865 -0.0597 -0.8716
vn 0.4157 -0.0710 -0.9067
vn 0.4113 -0.0715 -0.9087
vn 0.3264 -0.0851 -0.9414
vn 0.3088 -0.0856 -0.9473
vn 0.0499 -0.1182 -0.9917
vn 0.1520 -0.0926 -0.9840
vn 0.2316 -0.0973 -0.9679
vn 0.1103 -0.1103 -0.9878
vn 0.1354 -0.1157 -0.9840
vn 0.0209 -0.1214 -0.9924
vn -0.0000 -0.7495 -0.6620
vn -0.0001 -0.7494 -0.6621
vn -0.0000 -0.7495 -0.6621
vn 0.0628 -0.7480 -0.6607
vn 0.0416 -0.7357 -0.6761
vn 0.1472 -0.7444 -0.6513
vn 0.1859 -0.7138 -0.6753
vn 0.2306 -0.7118 -0.6635
vn 0.2869 -0.6886 -0.6660
vn 0.3066 -0.6674 -0.6786
vn 0.3563 -0.6582 -0.6632
vn 0.4043 -0.6188 -0.6735
vn 0.4180 -0.5993 -0.6828
vn 0.4793 -0.5780 -0.6604
vn 0.5150 -0.5121 -0.6874
vn 0.5385 -0.5003 -0.6780
vn 0.5786 -0.4523 -0.6786
vn 0.5955 -0.4067 -0.6928
vn 0.6332 -0.3798 -0.6744
vn 0.6558 -0.2869 -0.6983
vn 0.6808 -0.2627 -0.6837
vn 0.6931 -0.1563 -0.7037
vn 0.7061 -0.1392 -0.6942
vn 0.7071 -0.0873 -0.7017
vn -0.0000 0.6351 -0.7724
vn -0.0000 0.7071 0.7071
vn -0.0000 0.7070 0.7072
vn -0.7066 -0.0873 0.7022
vn -0.7079 -0.0872 0.7009
vn -0.7063 -0.0874 0.7025
vn -0.7071 -0.0873 0.7017
vn -0.7072 -0.0872 0.7016
vn -0.7078 -0.0872 -0.7010
vn -0.7071 -0.0872 -0.7017
vn -0.7055 -0.0875 -0.7033
vn -0.7066 -0.0873 -0.7022
vn -0.7073 -0.0872 -0.7015
vn -0.7071 -0.0873 -0.7017
vn -0.0000 0.1234 -0.9924
vn 0.0001 0.1234 -0.9924
vn -0.0000 0.1234 0.9924
vn -0.7071 0.7071 -0.0000
vn -0.7064 0.7064 -0.0456
vn -0.7062 0.7065 -0.0454
vn -0.7060 0.6920 -0.1507
vn -0.7298 0.6616 -0.1725
vn -0.6901 0.6670 -0.2809
vn -0.7057 0.6402 -0.3034
vn -0.7065 0.5791 -0.4067
vn -0.7406 0.5259 -0.4183
vn -0.6884 0.4856 -0.5389
vn -0.7069 0.4400 -0.5538
vn -0.7054 0.3517 -0.6154
vn -0.7426 0.2931 -0.6022
vn -0.6958 0.2374 -0.6779
vn -0.7217 0.1290 -0.6801
vn -0.7059 0.1461 -0.6931
vn -0.7071 0.0873 0.7017
vn -0.7187 0.6928 0.0582
vn -0.7064 0.7064 0.0450
vn -0.7064 0.1323 0.6954
vn -0.7063 0.1324 0.6954
vn -0.7046 0.2625 0.6593
vn -0.7388 0.2236 0.6358
vn -0.6750 0.3958 0.6227
vn -0.7039 0.3544 0.6156
vn -0.7044 0.5071 0.4967
vn -0.7547 0.4404 0.4862
vn -0.6624 0.6396 0.3900
vn -0.7050 0.5814 0.4061
vn -0.7020 0.6739 0.2301
vn -0.7637 0.5957 0.2488
vn -0.6958 0.7020 0.1519
vn -0.0742 0.9972 -0.0000
vn -0.0992 0.9951 -0.0000
vn -0.2650 0.9634 0.0407
vn -0.1730 0.9849 -0.0000
vn -0.2193 0.9753 -0.0261
vn -0.1510 0.9885 -0.0000
vn -0.3473 0.9376 -0.0185
vn -0.1886 0.9820 0.0017
vn -0.5246 0.8513 -0.0016
vn -0.6453 0.7639 -0.0094
vn -0.3684 0.9296 0.0077
vn -0.6772 0.7357 -0.0084
vn -0.9895 0.1446 -0.0000
vn -0.9894 0.1451 -0.0000
vn -0.5247 0.8513 0.0025
vn -0.6760 0.7369 -0.0000
vn -0.7754 0.6315 -0.0000
vn -0.8937 0.4487 -0.0000
vn -0.9495 0.3137 -0.0000
vn -0.9571 0.2899 -0.0000
vn -0.7071 0.5000 -0.5000
vn -0.7102 0.4626 -0.5307
vn -0.7054 0.4501 -0.5475
vn -0.0187 -0.7100 -0.7040
vn -0.0000 0.9987 -0.0504
vn -0.0000 0.9777 -0.2100
vn -0.0000 0.9076 -0.4198
vn -0.0000 0.7931 -0.6091
vn -0.0000 0.6398 -0.7685
vn -0.0000 0.4552 -0.8904
vn -0.0000 0.2483 -0.9687
vn -0.0000 0.0293 -0.9996
vn -0.0000 -0.1911 -0.9816
vn -0.0000 -0.4023 -0.9155
vn -0.0000 -0.5937 -0.8047
vn -0.0000 -0.6926 -0.7214
vn -0.0000 -0.6926 0.7214
vn -0.0187 -0.7100 0.7040
vn -0.0000 -0.5937 0.8047
vn -0.0000 -0.4023 0.9155
vn -0.0000 -0.1911 0.9816
vn -0.0000 0.0293 0.9996
vn -0.0000 0.2483 0.9687
vn -0.0000 0.4552 0.8904
vn -0.0000 0.6398 0.7685
vn -0.0000 0.7931 0.6091
vn -0.0000 0.9076 0.4198
vn -0.0000 0.9777 0.2100
vn -0.0000 0.9987 0.0504
vn -0.7096 0.4475 0.5443
vn -0.7063 0.4652 0.5336
vn -0.7071 0.5000 0.5000
vn 0.6478 0.0940 0.7560
vn 0.9071 0.0145 0.4208
vn 0.9120 0.0098 0.4102
vn 0.9019 -0.0818 0.4242
vn 0.9061 -0.0845 0.4145
vn 0.8962 -0.1878 0.4020
vn 0.8906 -0.1990 0.4089
vn 0.8882 -0.2472 0.3873
vn 0.8743 -0.3140 0.3702
vn 0.8644 -0.3343 0.3756
vn 0.8540 -0.4060 0.3252
vn -0.6894 -0.3064 0.6564
vn -0.7099 -0.4092 0.5733
vn -0.6899 -0.4932 0.5299
vn -0.7348 -0.5160 0.4402
vn -0.7182 -0.5567 0.4174
vn -0.7140 -0.3211 0.6221
vn -0.6972 -0.1642 0.6978
vn -0.7133 -0.1397 0.6868
vn -0.7067 -0.0734 0.7037
vn -0.7082 0.0190 0.7057
vn -0.7053 0.0169 0.7087
vn -0.0000 -0.8180 -0.5752
vn -0.0000 -0.8179 -0.5754
vn 0.0001 -0.6505 -0.7595
vn -0.0000 -0.6503 -0.7597
vn -0.0000 -0.4444 -0.8959
vn 0.0065 -0.4062 -0.9138
vn -0.0000 -0.3306 -0.9438
vn -0.0000 -0.1672 -0.9859
vn -0.0343 -0.0572 -0.9978
vn -0.0000 0.0413 -0.9991
vn 0.5034 -0.5957 -0.6259
vn 0.6313 -0.4233 -0.6498
vn 0.5769 -0.5014 -0.6448
vn 0.6068 -0.3616 -0.7078
vn 0.6289 -0.2570 -0.7337
vn 0.3649 -0.7615 -0.5357
vn 0.5768 -0.3630 -0.7318
vn 0.5492 -0.5435 -0.6349
vn 0.4897 -0.6582 -0.5717
vn 0.3842 -0.8089 -0.4451
vn 0.4112 -0.7881 -0.4580
vn 0.1895 -0.9530 -0.2365
vn 0.6504 0.0369 -0.7587
vn 0.6633 -0.0429 -0.7471
vn 0.6482 -0.1117 -0.7532
vn 0.6302 -0.2473 -0.7360
vn 0.7637 0.3632 -0.5336
vn 0.7745 0.4532 -0.4414
vn 0.7010 0.4212 -0.5754
vn 0.7009 0.4213 -0.5755
vn 0.7683 0.2649 -0.5827
vn 0.8180 0.1417 -0.5575
vn 0.8143 0.1290 -0.5659
vn 0.8187 0.0242 -0.5737
vn 0.8508 -0.0937 -0.5170
vn 0.8341 -0.1355 -0.5346
vn 0.8594 -0.3203 -0.3984
vn 0.8563 -0.3201 -0.4053
vn 0.8542 -0.4147 -0.3137
vn 0.0650 0.6302 0.7737
vn 0.1425 0.6136 0.7766
vn 0.0849 0.5887 0.8039
vn 0.0815 0.5878 0.8049
vn 0.1650 0.4823 0.8603
vn 0.2228 0.3259 0.9188
vn 0.3326 0.2404 0.9119
vn 0.3318 0.1437 0.9323
vn 0.3686 -0.0510 0.9282
vn 0.3961 -0.0771 0.9150
vn 0.4521 -0.2765 0.8480
vn 0.4333 -0.3644 0.8243
vn 0.4940 -0.4587 0.7386
vn 0.4767 -0.5785 0.6619
vn 0.4942 -0.6309 0.5981
vn 0.0374 -0.7851 0.6183
vn 0.1127 -0.7742 0.6228
vn -0.0000 -0.7178 0.6962
vn -0.0000 -0.6379 0.7701
vn 0.1067 -0.6232 0.7748
vn -0.0000 -0.5512 0.8344
vn -0.0000 -0.4452 0.8954
vn 0.0704 -0.4514 0.8895
vn -0.0758 -0.2423 0.9672
vn 0.0188 -0.2528 0.9673
vn -0.0115 -0.0687 0.9976
vn -0.0000 -0.0707 0.9975
vn -0.0000 -0.9937 0.1120
vn -0.2679 -0.9612 0.0661
vn 0.1581 -0.9578 0.2399
vn -0.0000 -0.9586 0.2849
vn 0.2586 -0.7314 0.6309
vn -0.0000 -0.8131 0.5821
vn -0.0000 -0.8954 0.4452
vn 0.2817 -0.8378 0.4677
vn -0.0000 -0.9206 0.3904
vn -0.7049 -0.0794 -0.7049
vn -0.8127 -0.0495 -0.5806
vn -0.7070 -0.1386 -0.6935
vn -0.7049 -0.2343 -0.6695
vn -0.8009 -0.1846 -0.5696
vn -0.7070 -0.2920 -0.6441
vn -0.7048 -0.3774 -0.6006
vn -0.7881 -0.3173 -0.5274
vn -0.7071 -0.4301 -0.5613
vn -0.7049 -0.5015 -0.5015
vn -0.8426 -0.3659 -0.3952
vn -0.7068 -0.5356 -0.4620
vn -0.7066 -0.5754 -0.4119
vn -0.8158 -0.4897 -0.3077
vn -0.7065 -0.6180 -0.3450
vn -0.7067 -0.6513 -0.2762
vn -0.8144 -0.5477 -0.1917
vn -0.7064 -0.6785 -0.2017
vn -0.7049 -0.7049 -0.0794
vn 1.0000 -0.0025 0.0018
vn 1.0000 -0.0003 0.0012
vn 1.0000 -0.0001 -0.0011
vn 1.0000 -0.0005 -0.0003
vn 1.0000 0.0004 -0.0006
vn 1.0000 -0.0011 -0.0007
vn 1.0000 -0.0016 -0.0015
vn 1.0000 0.0009 -0.0000
vn 1.0000 0.0012 -0.0000
vn 1.0000 -0.0004 -0.0019
vn 1.0000 -0.0005 0.0003
vn 1.0000 -0.0002 0.0001
vn 1.0000 0.0001 0.0001
vn 1.0000 -0.0001 -0.0000
vn 1.0000 -0.0002 -0.0001
vn 1.0000 0.0020 0.0021
vn 1.0000 -0.0017 -0.0018
vn -0.0000 -0.1951 -0.9808
vn -0.0000 -0.8315 -0.5556
vn -0.0000 -0.9808 -0.1951
vn -0.0000 0.2588 0.9659
vn -0.0000 0.9659 0.2588
vn -0.0000 0.9659 -0.2588
vn -0.0000 0.2588 -0.9659
vn -0.0000 -0.9844 0.1758
vn -0.0000 -0.8422 0.5391
vn -0.0000 -0.5391 0.8422
vn -0.0000 -0.2588 -0.9659
vn -0.0000 -0.7071 -0.7071
vn -0.0000 -0.9659 -0.2588
vn -0.0000 0.2225 0.9749
vn -0.0000 0.6235 0.7818
vn -0.0000 0.9010 0.4339
vn -0.0000 0.9937 0.1119
vn -0.0000 0.9937 -0.1119
vn -0.0000 0.9010 -0.4339
vn -0.0000 0.6235 -0.7818
vn -0.0000 0.2225 -0.9749
vn -0.7005 -0.1368 -0.7005
vn -0.7002 -0.7001 -0.1401
vn -0.7001 -0.7002 -0.1401
vn -0.7063 -0.6345 -0.3139
vn -0.6294 -0.6446 -0.4340
vn -0.7039 -0.5625 -0.4337
vn -0.7001 -0.3932 -0.5960
vn -0.5702 -0.4985 -0.6529
vn -0.7063 -0.3109 -0.6360
vn -0.0000 -0.1916 -0.9815
vn -0.0293 -0.2587 -0.9655
vn -0.0000 -0.4391 -0.8984
vn -0.0000 -0.6069 -0.7948
vn -0.0378 -0.7066 -0.7066
vn -0.0000 -0.9806 -0.1962
vn -0.0280 -0.9655 -0.2587
vn -0.0000 -0.8963 -0.4434
vn -0.0000 -0.7919 -0.6106
vn -0.0000 0.1675 0.9859
vn -0.0000 0.2159 -0.9764
vn 0.0184 0.2159 0.9762
vn -0.0268 0.5912 0.8061
vn -0.0000 0.5509 0.8346
vn -0.0000 0.7578 0.6525
vn -0.0142 0.8805 0.4738
vn 0.0047 0.8986 0.4387
vn -0.0025 0.9924 0.1231
vn -0.0000 0.9936 0.1133
vn -0.0000 0.9924 -0.1231
vn -0.0027 0.9936 -0.1133
vn 0.0056 0.8806 -0.4738
vn -0.0167 0.8985 -0.4387
vn -0.0000 0.7578 -0.6524
vn -0.0000 0.5914 -0.8064
vn -0.0215 0.5508 -0.8344
vn 0.0237 0.1675 -0.9856
vn -0.0000 -0.9806 0.1962
vn -0.0000 -0.8295 0.5585
vn -0.0000 -0.5507 0.8347
vn -0.0000 -0.1916 0.9815
vn -0.6986 0.1545 -0.6986
vn -0.6978 0.4405 -0.5648
vn -0.6404 0.4542 -0.6193
vn -0.7070 0.5360 -0.4614
vn -0.6979 0.6436 -0.3142
vn -0.6978 0.6437 -0.3143
vn -0.7048 0.7049 -0.0804
vn -0.7048 0.7048 -0.0804
vn -0.7048 0.7048 0.0804
vn -0.7048 0.7049 0.0804
vn -0.6978 0.6437 0.3142
vn -0.6986 0.1545 0.6986
vn -0.7001 0.4223 0.5758
vn -0.6512 0.4667 0.5984
vn -0.7070 0.5360 0.4614
vn -0.6979 0.6436 0.3142
vn -0.7002 -0.7001 0.1401
vn -0.7001 -0.7002 0.1401
vn -0.7001 -0.5923 0.3988
vn -0.7001 -0.3932 0.5960
vn -0.7005 -0.1368 0.7005
vn -0.6987 0.1536 -0.6987
vn -0.6987 0.1535 -0.6987
vn -0.7067 0.3255 -0.6281
vn -0.6302 0.4751 -0.6142
vn -0.7013 0.4614 -0.5435
vn -0.7059 0.5825 -0.4030
vn -0.5951 0.7198 -0.3575
vn -0.7034 0.6602 -0.2632
vn -0.7047 0.7046 -0.0832
vn -0.7046 0.7047 -0.0833
vn -0.7050 0.7050 0.0765
vn -0.6980 0.6473 0.3064
vn -0.5350 0.7877 0.3055
vn -0.7062 0.5860 0.3973
vn -0.6980 0.4488 0.5581
vn -0.6980 0.1603 0.6980
vn -0.7069 0.3313 0.6249
vn -0.6268 0.5098 0.5892
vn -0.6948 -0.1862 0.6947
vn -0.6948 -0.6947 0.1861
vn -0.7041 -0.5634 0.4323
vn -0.5301 -0.5996 0.5996
vn -0.7040 -0.4323 0.5634
vn -0.6947 -0.1862 0.6948
vn -0.7015 -0.1253 -0.7015
vn -0.6988 -0.3856 -0.6025
vn -0.6987 -0.3857 -0.6025
vn -0.6987 -0.6025 -0.3857
vn -0.7015 -0.7016 -0.1252
vn -0.7016 -0.7015 -0.1253
vn -0.0000 -0.1758 -0.9844
vn -0.0000 -0.5391 -0.8422
vn -0.0000 -0.8422 -0.5391
vn -0.0000 -0.9844 -0.1757
vn -0.0000 0.2238 0.9746
vn -0.0179 0.2588 0.9658
vn -0.0000 0.4684 0.8835
vn -0.0000 0.6543 0.7562
vn -0.0302 0.7068 0.7068
vn -0.0000 0.8277 0.5612
vn -0.0000 0.9323 0.3616
vn -0.0367 0.9653 0.2586
vn -0.0000 0.9942 0.1079
vn -0.0000 0.9931 -0.1174
vn -0.0374 0.9653 -0.2586
vn -0.0000 0.9289 -0.3703
vn -0.0000 0.8224 -0.5689
vn -0.0324 0.7067 -0.7067
vn -0.0000 0.2146 -0.9767
vn -0.0217 0.2588 -0.9657
vn -0.0000 0.4601 -0.8879
vn -0.0000 0.6472 -0.7623
vn -0.0000 -0.9844 0.1757
vn -0.0000 -0.2588 0.9659
vn 0.0332 -0.9654 0.2587
vn -0.0404 -0.7927 0.6082
vn -0.0000 -0.6088 0.7934
vn -0.0247 -0.5390 0.8420
vn 0.0488 -0.1756 0.9833
vn -0.9998 -0.0000 -0.0177
vn -1.0000 -0.0006 -0.0038
vn -0.9972 0.0018 -0.0751
vn -0.9960 0.0036 -0.0896
vn -0.9897 -0.0000 -0.1430
vn -0.9410 -0.0000 -0.3385
vn -0.9537 -0.0000 -0.3007
vn -0.9678 0.0038 -0.2516
vn -0.9726 0.0014 -0.2324
vn -0.9832 -0.0000 -0.1824
vn -0.9235 0.0010 -0.3837
vn -0.9135 0.0039 -0.4067
vn -0.8927 -0.0000 -0.4506
vn -0.7843 -0.0000 -0.6203
vn -0.8084 -0.0000 -0.5886
vn -0.8346 0.0040 -0.5509
vn -0.8509 0.0007 -0.5253
vn -0.8741 -0.0000 -0.4857
vn -0.7568 0.0004 -0.6536
vn -0.7330 0.0040 -0.6802
vn -0.7024 -0.0001 -0.7118
vn -0.5124 -0.0000 -0.8587
vn -0.5462 -0.0000 -0.8377
vn -0.6117 0.0004 -0.7911
vn -0.5806 0.0078 -0.8142
vn -0.6435 0.0001 -0.7654
vn -0.4441 0.0070 -0.8960
vn -0.4739 0.0008 -0.8806
vn -0.4040 -0.0000 -0.9148
vn -0.2125 -0.0000 -0.9772
vn -0.2512 -0.0000 -0.9679
vn -0.3232 0.0013 -0.9463
vn -0.2964 0.0063 -0.9551
vn -0.3672 -0.0000 -0.9301
vn -0.1411 0.0057 -0.9900
vn -0.1638 0.0017 -0.9865
vn -0.0919 -0.0000 -0.9958
vn 0.1095 -0.0000 -0.9940
vn 0.0699 -0.0000 -0.9976
vn -0.0000 0.0021 -1.0000
vn 0.0177 0.0050 -0.9998
vn -0.0522 -0.0000 -0.9986
vn 0.1761 0.0044 -0.9844
vn 0.1638 0.0024 -0.9865
vn 0.2298 -0.0000 -0.9732
vn 0.4201 -0.0000 -0.9075
vn 0.3837 -0.0000 -0.9235
vn 0.3232 0.0027 -0.9463
vn 0.3300 0.0038 -0.9440
vn 0.2683 -0.0000 -0.9633
vn 0.4755 0.0033 -0.8797
vn 0.4739 0.0030 -0.8806
vn 0.5275 -0.0000 -0.8495
vn 0.6871 -0.0000 -0.7266
vn 0.6576 -0.0000 -0.7534
vn 0.6117 0.0032 -0.7911
vn 0.6091 0.0028 -0.7931
vn 0.5609 -0.0000 -0.8279
vn 0.7272 0.0023 -0.6865
vn 0.7331 0.0035 -0.6802
vn 0.7704 -0.0000 -0.6375
vn 0.8826 -0.0000 -0.4702
vn 0.8631 -0.0000 -0.5050
vn 0.8346 0.0036 -0.5509
vn 0.8268 0.0018 -0.5624
vn 0.7952 -0.0000 -0.6063
vn 0.9056 0.0014 -0.4242
vn 0.9135 0.0038 -0.4067
vn 0.9333 -0.0000 -0.3592
vn 0.9678 0.0039 -0.2516
vn 0.9614 0.0011 -0.2751
vn 0.9468 -0.0000 -0.3218
vn 0.9929 0.0007 -0.1192
vn 0.9863 -0.0000 -0.1649
vn 0.9790 -0.0000 -0.2040
vn 0.9960 0.0040 -0.0896
vn 1.0000 -0.0034 -0.0037
vn 0.9992 -0.0000 -0.0398
vn 1.0000 -0.0000 0.0037
vn 0.9960 0.0037 0.0896
vn 0.9972 0.0018 0.0751
vn 0.9998 -0.0001 0.0177
vn 0.9537 -0.0000 0.3007
vn 0.9726 0.0053 0.2324
vn 0.9678 0.0019 0.2516
vn 0.9832 -0.0000 0.1823
vn 0.9897 -0.0000 0.1431
vn 0.9410 -0.0000 0.3385
vn 0.9135 0.0015 0.4067
vn 0.9234 0.0059 0.3837
vn 0.8084 -0.0000 0.5886
vn 0.8509 0.0066 0.5253
vn 0.8346 0.0011 0.5509
vn 0.8741 -0.0000 0.4857
vn 0.8927 -0.0000 0.4506
vn 0.7844 -0.0000 0.6203
vn 0.7330 0.0006 0.6802
vn 0.7568 0.0073 0.6536
vn 0.5806 0.0078 0.8142
vn 0.6435 0.0001 0.7654
vn 0.7024 -0.0001 0.7118
vn 0.5461 0.0157 0.8375
vn 0.6117 -0.0000 0.7911
vn 0.5124 -0.0000 0.8587
vn 0.4739 0.0040 0.8806
vn 0.4441 0.0005 0.8960
vn 0.2512 -0.0000 0.9679
vn 0.2964 0.0008 0.9551
vn 0.3232 0.0040 0.9463
vn 0.3672 -0.0000 0.9301
vn 0.4040 -0.0000 0.9148
vn 0.2125 -0.0000 0.9772
vn 0.1638 0.0039 0.9865
vn 0.1411 0.0011 0.9900
vn -0.0699 -0.0000 0.9976
vn -0.0177 0.0015 0.9998
vn -0.0000 0.0037 1.0000
vn 0.0522 -0.0000 0.9986
vn 0.0919 -0.0000 0.9958
vn -0.1095 -0.0000 0.9940
vn -0.1638 0.0036 0.9865
vn -0.1761 0.0020 0.9844
vn -0.3837 -0.0000 0.9235
vn -0.3300 0.0024 0.9440
vn -0.3232 0.0034 0.9463
vn -0.2683 -0.0000 0.9633
vn -0.2298 -0.0000 0.9732
vn -0.4201 -0.0000 0.9075
vn -0.4739 0.0032 0.8806
vn -0.4755 0.0029 0.8797
vn -0.6576 -0.0000 0.7534
vn -0.6091 0.0034 0.7931
vn -0.6117 0.0029 0.7911
vn -0.5609 -0.0000 0.8279
vn -0.5275 -0.0000 0.8495
vn -0.6871 -0.0000 0.7266
vn -0.7331 0.0026 0.6802
vn -0.7272 0.0040 0.6865
vn -0.8631 -0.0000 0.5050
vn -0.8268 0.0046 0.5624
vn -0.8346 0.0023 0.5509
vn -0.7952 -0.0000 0.6063
vn -0.7704 -0.0000 0.6375
vn -0.8826 -0.0000 0.4702
vn -0.9135 0.0020 0.4067
vn -0.9056 0.0052 0.4242
vn -0.9790 -0.0000 0.2040
vn -0.9614 0.0058 0.2751
vn -0.9678 0.0016 0.2516
vn -0.9468 -0.0000 0.3217
vn -0.9333 -0.0000 0.3592
vn -0.9863 -0.0000 0.1649
vn -0.9960 0.0012 0.0896
vn -0.9929 0.0065 0.1192
vn -1.0000 -0.0034 0.0038
vn -0.9992 -0.0000 0.0398
vn -0.0000 -1.0000 0.0001
vn -0.0000 -1.0000 -0.0002
vn -0.0000 -1.0000 0.0004
vn -0.0000 -1.0000 0.0003
vn -0.9992 -0.0000 -0.0393
vn -0.9877 -0.0000 -0.1564
vn -0.9511 -0.0000 -0.3090
vn -0.8910 -0.0000 -0.4540
vn -0.8090 -0.0000 -0.5878
vn -0.5878 -0.0000 -0.8090
vn -0.4540 -0.0000 -0.8910
vn -0.3090 -0.0000 -0.9511
vn -0.1564 -0.0000 -0.9877
vn -0.0393 -0.0000 -0.9992
vn -0.2956 -0.0000 -0.9553
vn -0.9952 -0.0000 -0.0980
vn -0.9797 -0.0000 -0.2005
vn -0.9569 0.0078 -0.2903
vn -0.9553 -0.0000 -0.2956
vn -0.1986 0.1366 -0.9705
vn -0.2903 -0.0000 -0.9569
vn -0.0980 -0.0000 -0.9952
vn -0.3861 -0.0000 -0.9225
vn -0.4714 0.0019 -0.8819
vn -0.4763 -0.0009 -0.8793
vn -0.6358 0.0010 -0.7718
vn -0.6344 -0.0000 -0.7730
vn -0.7718 -0.0000 -0.6358
vn -0.7730 0.0010 -0.6344
vn -0.8793 -0.0009 -0.4763
vn -0.8819 0.0019 -0.4714
vn -0.9225 -0.0000 -0.3861
vn -0.9553 -0.0000 0.2956
vn -0.0980 -0.0000 0.9952
vn -0.2956 -0.0000 0.9553
vn -0.2903 0.0078 0.9569
vn -0.2005 -0.0000 0.9797
vn -0.9705 0.1365 0.1986
vn -0.9569 -0.0000 0.2903
vn -0.9952 -0.0000 0.0980
vn -0.9225 -0.0000 0.3861
vn -0.8819 0.0019 0.4714
vn -0.8793 -0.0009 0.4763
vn -0.7718 0.0010 0.6358
vn -0.7730 -0.0000 0.6344
vn -0.6358 -0.0000 0.7718
vn -0.6344 0.0010 0.7730
vn -0.4714 -0.0010 0.8819
vn -0.4763 0.0020 0.8793
vn -0.3861 -0.0000 0.9225
vn -0.0010 -1.0000 -0.0000
vn 0.0002 -1.0000 -0.0000
vn 0.9946 -0.0000 -0.1035
vn 0.2104 -0.7056 -0.6767
vn 0.6767 -0.7055 -0.2104
vn 0.6244 -0.7054 -0.3354
vn 0.5476 -0.7054 -0.4500
vn 0.4500 -0.7054 -0.5476
vn 0.3354 -0.7054 -0.6244
vn 0.2104 -0.7055 -0.6767
vn 0.1035 -0.0000 -0.9946
vn -0.0001 -1.0000 0.0003
vn 0.1035 -0.0000 0.9946
vn 0.6768 -0.7055 0.2100
vn 0.2094 -0.7056 0.6769
vn 0.2092 -0.7159 0.6662
vn 0.2734 -0.7071 0.6521
vn 0.3386 -0.7054 0.6227
vn 0.4522 -0.7054 0.5458
vn 0.5489 -0.7054 0.4484
vn 0.6250 -0.7054 0.3343
vn 0.7052 -0.7052 0.0734
vn -0.1035 -0.0000 -0.9946
vn -0.6769 -0.7056 -0.2095
vn -0.6676 -0.7145 -0.2093
vn -0.2094 -0.7056 -0.6769
vn -0.2092 -0.7145 -0.6676
vn -0.2730 -0.7071 -0.6523
vn -0.3376 -0.7054 -0.6232
vn -0.4506 -0.7054 -0.5471
vn -0.5470 -0.7054 -0.4507
vn -0.5471 -0.7054 -0.4506
vn -0.6232 -0.7054 -0.3376
vn -0.6523 -0.7071 -0.2730
vn -0.9946 -0.0000 -0.1035
vn 0.0010 -1.0000 -0.0000
vn -0.0002 -1.0000 -0.0000
vn -0.9946 -0.0000 0.1035
vn -0.2094 -0.7056 0.6769
vn -0.2092 -0.7145 0.6676
vn -0.6769 -0.7056 0.2094
vn -0.6676 -0.7145 0.2092
vn -0.6523 -0.7071 0.2730
vn -0.6232 -0.7054 0.3375
vn -0.6232 -0.7054 0.3376
vn -0.5471 -0.7054 0.4506
vn -0.5471 -0.7055 0.4506
vn -0.4506 -0.7055 0.5470
vn -0.4506 -0.7054 0.5471
vn -0.3376 -0.7054 0.6232
vn -0.2731 -0.7071 0.6523
vn -0.1035 -0.0000 0.9946
vn 0.7052 -0.7052 -0.0734
vn 0.0001 -1.0000 -0.0000
vn -0.0004 -1.0000 -0.0000
vn 0.0734 -0.7052 -0.7052
vn 0.0734 -0.7052 0.7052
vn 0.7071 -0.7071 -0.0000
vn 0.7001 0.7001 0.1401
vn 0.7001 0.5923 0.3988
vn 0.7001 0.3932 0.5961
vn 0.7001 0.3932 0.5960
vn 0.7005 0.1368 0.7005
vn 0.7004 0.1368 0.7005
vn 0.6948 0.6947 -0.1862
vn 0.6948 0.5086 -0.5086
vn 0.6948 0.1862 -0.6947
vn 0.7041 0.4323 -0.5634
vn 0.5247 0.6754 -0.5181
vn -0.0000 0.1916 0.9815
vn -0.0027 0.9806 0.1962
vn -0.0062 0.9747 0.2235
vn -0.0000 0.9988 0.0486
vn -0.0025 0.1741 0.9847
vn 0.0023 0.5213 0.8534
vn -0.0022 0.5507 0.8347
vn -0.0000 0.6927 0.7212
vn -0.0003 0.8295 0.5585
vn -0.0041 0.8143 0.5804
vn 0.0004 0.9197 0.3927
vn -0.9927 0.0960 0.0728
vn -0.9949 0.0401 0.0928
vn -0.9944 0.0590 0.0876
vn -0.9943 0.0387 0.0995
vn -0.9938 0.0252 0.1079
vn -0.9920 0.0063 0.1262
vn -0.9908 -0.0010 0.1356
vn -0.9910 -0.0000 0.1342
vn -0.9931 -0.0055 0.1169
vn -0.9947 -0.0107 0.1022
vn -0.9962 -0.0169 0.0856
vn -0.9978 -0.0296 0.0589
vn -0.9956 -0.0086 0.0929
vn -0.9997 -0.0011 0.0262
vn -0.9924 0.0094 -0.1224
vn -0.9999 -0.0000 0.0126
vn -1.0000 -0.0000 -0.0045
vn -0.9957 -0.0030 -0.0929
vn -0.9984 -0.0522 -0.0233
vn -0.9983 -0.0387 -0.0439
vn -0.9975 -0.0264 -0.0657
vn -0.9967 -0.0201 -0.0789
vn -0.9956 -0.0141 -0.0923
vn -0.9913 -0.0000 -0.1313
vn -0.9882 -0.0143 -0.1527
vn -0.9911 0.0007 -0.1334
vn -0.9939 0.0266 -0.1066
vn -0.9944 0.0621 -0.0858
vn -0.9948 0.0416 -0.0933
vn -0.9999 -0.0003 -0.0156
vn -1.0000 -0.0000 -0.0007
vn -1.0000 -0.0000 0.0055
vn -0.9998 0.0025 0.0209
vn -0.0734 -0.7052 -0.7052
vn -0.7052 -0.7052 -0.0734
vn -0.7052 -0.7052 0.0734
vn -0.0734 -0.7052 0.7052
vn -0.0000 -0.7071 0.7071
vn -0.7071 -0.7071 -0.0000
vn 0.0662 -0.7056 0.7055
vn -0.0654 -0.7056 0.7056
vn 0.1481 -0.7003 0.6983
vn -0.1276 -0.7003 0.7023
vn -0.3821 -0.7006 0.6027
vn -0.3820 -0.7006 0.6026
vn 0.6222 -0.7054 0.3395
vn 0.6222 -0.7054 0.3394
vn 0.5459 -0.7055 0.4520
vn 0.4495 -0.7055 0.5480
vn 0.4495 -0.7054 0.5480
vn 0.3380 -0.7055 0.6229
vn 0.6999 -0.6998 0.1431
vn 0.6998 -0.6998 0.1431
vn 0.6018 -0.7007 -0.3832
vn 0.7008 -0.7007 -0.1340
vn 0.7007 -0.7007 -0.1340
vn 0.7035 -0.7035 -0.1009
vn 0.6825 -0.7191 -0.1305
vn 0.6690 -0.7067 -0.2302
vn 0.6018 -0.7007 -0.3831
vn 0.7056 -0.7056 0.0658
vn 0.7056 -0.7055 0.0658
vn 0.7056 -0.7055 -0.0658
vn 0.7056 -0.7056 -0.0658
vn 0.7007 -0.7007 0.1340
vn 0.7008 -0.7007 0.1340
vn 0.6018 -0.7007 0.3832
vn 0.7007 -0.7006 0.1348
vn 0.6013 -0.7008 0.3838
vn 0.6999 -0.6998 -0.1431
vn 0.6998 -0.6998 -0.1431
vn 0.3380 -0.7055 -0.6229
vn 0.4495 -0.7054 -0.5480
vn 0.4495 -0.7055 -0.5480
vn 0.5459 -0.7054 -0.4520
vn 0.6222 -0.7054 -0.3395
vn 0.6222 -0.7054 -0.3394
vn 0.1489 -0.7004 -0.6980
vn -0.3807 -0.7005 -0.6037
vn -0.3807 -0.7004 -0.6037
vn -0.1310 -0.7010 -0.7010
vn -0.1259 -0.6958 -0.7071
vn 0.0061 -0.7072 -0.7070
vn 0.0658 -0.7056 -0.7055
vn 0.0658 -0.7056 -0.7056
vn -0.0658 -0.7056 -0.7055
vn -0.0658 -0.7056 -0.7056
vn 0.3573 -0.6973 -0.6214
vn 0.1019 -0.7034 -0.7034
vn 0.0346 -0.7333 -0.6790
vn -0.1505 -0.7006 -0.6975
vn 0.3801 -0.7004 -0.6042
vn 0.3801 -0.7003 -0.6042
vn 0.1227 -0.7003 -0.7032
vn 0.1316 -0.6934 -0.7084
vn -0.0076 -0.7071 -0.7071
vn -0.6224 -0.7055 -0.3391
vn -0.5467 -0.7055 -0.4511
vn -0.4511 -0.7055 -0.5467
vn -0.3391 -0.7055 -0.6224
vn -0.3380 -0.7055 0.6229
vn -0.4495 -0.7055 0.5480
vn -0.5459 -0.7054 0.4520
vn -0.5459 -0.7055 0.4520
vn -0.6222 -0.7055 0.3394
vn 0.3808 -0.7005 0.6036
vn 0.3808 -0.7004 0.6037
vn 0.1252 -0.7004 0.7027
vn -0.1489 -0.7004 0.6980
vn -0.0658 -0.7056 0.7055
vn 0.0336 -0.7331 0.6793
vn 0.1009 -0.7035 0.7035
vn 0.3565 -0.6972 0.6220
vn 0.2075 -0.0000 0.9782
vn 0.2086 0.0001 0.9780
vn -0.1788 -0.0001 0.9839
vn -0.1754 0.0003 0.9845
vn -0.5354 -0.0003 0.8446
vn -0.5335 -0.0000 0.8458
vn -0.0929 -0.0067 0.9957
vn -0.0356 -0.0442 0.9984
vn -0.0562 -0.0312 0.9979
vn -0.0838 -0.0176 0.9963
vn -0.1055 -0.0092 0.9944
vn -0.1340 -0.0000 0.9910
vn -0.1389 -0.0036 0.9903
vn -0.1236 0.0083 0.9923
vn -0.1081 0.0248 0.9938
vn -0.0984 0.0406 0.9943
vn -0.0869 0.0612 0.9943
vn -0.0922 0.0476 0.9946
vn -0.0312 0.0088 0.9995
vn -0.0131 0.0014 0.9999
vn 0.0073 -0.0012 1.0000
vn 0.0243 0.0050 0.9997
vn 0.0934 0.0362 0.9950
vn 0.0800 0.0752 0.9939
vn 0.1021 0.0329 0.9942
vn 0.1182 0.0134 0.9929
vn 0.1304 0.0030 0.9915
vn 0.1343 -0.0000 0.9909
vn 0.1137 -0.0064 0.9935
vn 0.0917 -0.0143 0.9957
vn 0.0785 -0.0203 0.9967
vn 0.0641 -0.0271 0.9976
vn 0.0423 -0.0398 0.9983
vn 0.0929 -0.0067 0.9957
vn 0.0129 -0.0002 0.9999
vn -0.0074 0.0002 1.0000
vn -0.5335 -0.0000 -0.8458
vn -0.5370 0.0005 -0.8436
vn -0.1837 -0.0005 -0.9830
vn -0.1879 -0.0000 -0.9822
vn 0.1191 0.0125 -0.9928
vn 0.0045 -0.0000 -1.0000
vn 0.0929 -0.0030 -0.9957
vn 0.0237 -0.0519 -0.9984
vn 0.0443 -0.0385 -0.9983
vn 0.0659 -0.0263 -0.9975
vn 0.0791 -0.0200 -0.9967
vn 0.0923 -0.0141 -0.9956
vn 0.1313 -0.0000 -0.9913
vn 0.1527 -0.0143 -0.9882
vn 0.1313 0.0023 -0.9913
vn 0.1036 0.0309 -0.9941
vn 0.0844 0.0660 -0.9942
vn 0.0928 0.0431 -0.9948
vn 0.0280 0.0069 -0.9996
vn 0.0103 -0.0000 -0.9999
vn -0.4769 -0.0000 0.8789
vn -0.4784 -0.0008 0.8781
vn -0.6342 0.0008 0.7731
vn -0.6365 -0.0005 0.7713
vn -0.7702 0.0005 0.6378
vn -0.7713 -0.0003 0.6364
vn -0.8778 0.0003 0.4789
vn -0.8781 -0.0000 0.4784
vn 0.4769 -0.0000 -0.8789
vn 0.4784 -0.0008 -0.8781
vn 0.6342 0.0008 -0.7731
vn 0.6365 -0.0005 -0.7713
vn 0.7702 0.0005 -0.6378
vn 0.7713 -0.0003 -0.6364
vn 0.8778 0.0003 -0.4789
vn 0.8781 -0.0000 -0.4784
vn 0.9797 -0.0000 -0.2003
vn 0.9820 -0.0000 0.1890
vn 0.9822 0.0001 0.1879
vn 0.8429 -0.0001 0.5380
vn 0.8435 -0.0000 0.5371
vn 0.9822 -0.0000 0.1879
vn 0.9957 -0.0000 -0.0929
vn 0.9938 0.0243 -0.1086
vn 0.9943 0.0391 -0.0992
vn 1.0000 -0.0000 -0.0045
vn 0.9999 0.0019 -0.0154
vn 0.9951 0.0331 -0.0928
vn 0.9922 0.1030 -0.0700
vn 0.9944 0.0576 -0.0887
vn 0.9923 0.0085 -0.1234
vn 0.9908 -0.0008 -0.1355
vn 0.9909 -0.0000 -0.1343
vn 0.9937 -0.0070 -0.1119
vn 0.9959 -0.0151 -0.0897
vn 0.9999 -0.0000 -0.0141
vn 0.9956 -0.0087 -0.0929
vn 0.9983 -0.0387 -0.0445
vn 0.9976 -0.0274 -0.0631
vn 0.9924 0.0094 0.1225
vn 0.9981 -0.0354 0.0498
vn 0.9984 -0.0477 0.0297
vn 0.9957 -0.0030 0.0929
vn 1.0000 -0.0000 0.0044
vn 0.9973 -0.0243 0.0694
vn 0.9956 -0.0141 0.0923
vn 0.9913 -0.0000 0.1313
vn 0.9882 -0.0143 0.1527
vn 0.9911 0.0008 0.1334
vn 0.9939 0.0266 0.1066
vn 0.9944 0.0621 0.0858
vn 0.9948 0.0431 0.0928
vn 0.9996 0.0066 0.0275
vn 1.0000 -0.0000 0.0100
vn 0.9957 -0.0000 0.0929
vn 0.9899 -0.0000 -0.1420
vn 0.8436 -0.0000 -0.5370
vn 0.8676 0.0050 -0.4972
vn 0.9456 -0.0000 -0.3254
vn 0.8435 -0.0000 -0.5371
vn 0.9822 -0.0000 -0.1878
vn 0.9797 -0.0000 0.2003
vn 0.8778 -0.0000 0.4789
vn 0.8781 0.0003 0.4784
vn 0.7702 -0.0003 0.6378
vn 0.7713 0.0005 0.6365
vn 0.6342 -0.0005 0.7731
vn 0.6364 0.0008 0.7713
vn 0.4769 -0.0008 0.8789
vn 0.4784 -0.0000 0.8781
vn -0.0929 -0.0000 0.9957
vn 0.1420 -0.0000 0.9899
vn 0.1879 0.0038 0.9822
vn 0.4972 -0.0050 0.8676
vn 0.5370 -0.0000 0.8436
vn 0.5335 -0.0000 0.8458
vn -0.2086 -0.0000 0.9780
vn -0.2003 -0.0000 -0.9797
vn -0.2109 -0.0012 -0.9775
vn -0.0108 -0.0000 -0.9999
vn 0.1826 -0.0000 -0.9832
vn 0.1879 -0.0006 -0.9822
vn 0.5325 0.0006 -0.8464
vn 0.5370 -0.0000 -0.8436
vn -0.0929 -0.0000 -0.9957
vn -0.0989 0.0397 -0.9943
vn -0.0045 -0.0000 -1.0000
vn -0.0149 0.0018 -0.9999
vn -0.0928 0.0320 -0.9952
vn -0.0694 0.1044 -0.9921
vn -0.0884 0.0586 -0.9944
vn -0.1086 0.0243 -0.9938
vn -0.1234 0.0085 -0.9923
vn -0.1343 -0.0000 -0.9909
vn -0.1275 -0.0021 -0.9918
vn -0.1068 -0.0087 -0.9942
vn -0.0857 -0.0168 -0.9962
vn -0.0612 -0.0286 -0.9977
vn -0.0929 -0.0095 -0.9956
vn -0.0262 -0.0013 -0.9997
vn -0.0103 -0.0000 -0.9999
vn 0.2003 -0.0000 -0.9797
vn 0.0085 -0.0220 -0.9997
vn 0.2086 -0.0000 -0.9780
vn -0.7021 0.1193 -0.7021
vn -0.5991 0.3955 -0.6961
vn -0.3402 0.6322 -0.6961
vn -0.3402 0.6322 -0.6962
vn -0.0000 0.7179 -0.6962
vn -0.0000 0.7179 -0.6961
vn 0.3402 0.6322 -0.6962
vn 0.3402 0.6322 -0.6961
vn 0.5992 0.3955 -0.6961
vn 0.5991 0.3955 -0.6962
vn 0.7021 0.1193 -0.7021
vn 0.7021 0.1193 -0.7020
vn -0.6981 -0.1593 -0.6981
vn -0.5598 -0.4464 -0.6981
vn -0.5967 -0.4439 -0.6685
vn -0.4594 -0.5378 -0.7069
vn -0.3107 -0.6451 -0.6981
vn -0.3106 -0.6451 -0.6981
vn -0.0000 -0.7160 -0.6981
vn -0.0000 -0.7160 -0.6982
vn 0.3107 -0.6450 -0.6981
vn 0.3107 -0.6451 -0.6981
vn 0.4594 -0.5378 -0.7069
vn 0.5762 -0.4596 -0.6758
vn 0.7021 -0.1193 -0.7021
vn 0.7284 -0.1663 -0.6646
vn 0.6538 -0.2708 -0.7065
vn 0.5725 -0.4259 -0.7006
vn 0.7021 0.1193 0.7021
vn 0.5991 0.3955 0.6962
vn 0.5991 0.3955 0.6961
vn 0.3402 0.6322 0.6961
vn 0.3402 0.6322 0.6962
vn -0.0000 0.7179 0.6962
vn -0.3402 0.6322 0.6961
vn -0.5992 0.3955 0.6961
vn -0.5991 0.3955 0.6962
vn -0.7021 0.1193 0.7021
vn -0.7021 0.1193 0.7020
vn 0.6981 -0.1593 0.6981
vn 0.7521 -0.1278 0.6466
vn 0.6538 -0.2708 0.7065
vn 0.5598 -0.4464 0.6981
vn 0.5967 -0.4439 0.6685
vn 0.4594 -0.5378 0.7069
vn 0.3107 -0.6451 0.6981
vn 0.3106 -0.6451 0.6981
vn -0.0000 -0.7160 0.6981
vn -0.3107 -0.6451 0.6981
vn -0.6981 -0.1593 0.6981
vn -0.5725 -0.4259 0.7006
vn -0.5762 -0.4596 0.6758
vn -0.4595 -0.5378 0.7069
vn -0.3107 -0.6452 0.6980
vn -0.7002 -0.7002 0.1392
vn -0.7003 -0.7002 0.1392
vn -0.7002 -0.5936 0.3966
vn -0.7002 -0.5936 0.3967
vn -0.7002 -0.3966 0.5936
vn -0.7002 -0.3967 0.5936
vn -0.7002 -0.1393 0.7002
vn -0.7018 -0.1227 -0.7018
vn -0.6986 -0.3821 -0.6049
vn -0.6986 -0.6013 -0.3878
vn -0.7014 -0.7015 -0.1260
vn -0.7015 -0.7015 -0.1260
vn -0.0000 -0.1951 0.9808
vn 0.0076 -0.7871 0.6168
vn -0.0007 -0.9132 0.4074
vn 0.0025 -0.9808 0.1950
vn 0.0067 -0.9739 0.2267
vn -0.0000 -0.9986 0.0520
vn 0.0004 -0.1920 0.9814
vn -0.0004 -0.5288 0.8488
vn 0.0035 -0.5555 0.8315
vn -0.0047 -0.8315 0.5556
vn 0.9859 -0.1675 -0.0000
vn 0.9825 -0.1865 -0.0023
vn 0.9239 -0.3827 0.0006
vn 0.8449 -0.5350 -0.0039
vn 0.8023 -0.5968 0.0043
vn 0.7030 -0.7112 -0.0000
vn 0.5575 -0.8302 -0.0000
vn 0.6495 -0.7603 -0.0124
vn 0.3391 -0.9406 0.0176
vn 0.4338 -0.9010 0.0018
vn 0.1550 -0.9879 -0.0006
vn -0.0893 -0.9959 0.0135
vn -0.0000 -1.0000 -0.0018
vn -0.2762 -0.9611 0.0005
vn -0.4338 -0.9010 0.0058
vn -0.4791 -0.8778 -0.0009
vn -0.6496 -0.7603 0.0002
vn -0.8023 -0.5968 -0.0041
vn -0.7683 -0.6401 0.0045
vn -0.9500 -0.3122 -0.0033
vn -0.9749 -0.2225 0.0074
vn -0.9980 -0.0634 -0.0000
vn 0.9980 0.0634 -0.0000
vn 0.9859 0.1675 0.0048
vn -0.9825 0.1864 -0.0000
vn -0.9859 0.1675 -0.0026
vn -0.8450 0.5348 0.0030
vn -0.8346 0.5509 0.0058
vn -0.7030 0.7112 -0.0000
vn -0.4738 0.8806 0.0001
vn -0.3390 0.9404 0.0263
vn -0.5576 0.8301 -0.0000
vn 0.4793 0.8776 0.0053
vn 0.2755 0.9613 0.0001
vn 0.0894 0.9959 0.0161
vn -0.1550 0.9879 0.0001
vn 0.9500 0.3122 -0.0063
vn 0.7685 0.6396 0.0165
vn 0.8346 0.5509 -0.0052
vn 0.4739 0.8806 0.0043
vn -0.9987 -0.0517 -0.0000
vn -0.9749 -0.2225 -0.0064
vn -0.9570 -0.2902 0.0023
vn -0.8024 -0.5968 -0.0023
vn -0.7874 -0.6164 0.0008
vn -0.5288 -0.8488 -0.0008
vn -0.6494 -0.7602 0.0183
vn -0.3115 -0.9500 -0.0220
vn -0.4338 -0.9010 -0.0017
vn -0.1232 -0.9924 0.0009
vn 0.0519 -0.9986 -0.0133
vn -0.0000 -1.0000 -0.0072
vn 0.1742 -0.9847 0.0005
vn 0.3579 -0.9338 -0.0011
vn 0.4338 -0.9010 -0.0089
vn 0.5753 -0.8179 0.0023
vn 0.6495 -0.7603 -0.0000
vn 0.7114 -0.7027 -0.0000
vn 0.8024 -0.5968 -0.0051
vn 0.8486 -0.5290 0.0031
vn 0.9239 -0.3827 -0.0006
vn 0.9859 -0.1675 0.0035
vn 0.9814 -0.1920 -0.0000
vn -0.9859 0.1675 -0.0000
vn 0.9987 0.0517 -0.0000
vn 0.9859 0.1675 -0.0043
vn 0.9569 0.2903 0.0062
vn 0.8345 0.5509 -0.0092
vn 0.7874 0.6164 0.0008
vn 0.5288 0.8487 -0.0008
vn 0.4738 0.8806 -0.0089
vn 0.3113 0.9503 -0.0000
vn -0.0000 1.0000 -0.0091
vn -0.0518 0.9985 -0.0157
vn 0.1232 0.9924 -0.0000
vn -0.4738 0.8806 -0.0110
vn -0.3580 0.9337 -0.0000
vn -0.1742 0.9847 -0.0000
vn -0.9814 0.1921 0.0030
vn -0.8487 0.5288 -0.0035
vn -0.8346 0.5509 -0.0072
vn -0.7116 0.7026 -0.0000
vn -0.5753 0.8180 -0.0000
vn -0.0000 -0.0168 -0.9999
vn 0.0019 -0.1722 -0.9851
vn -0.0031 -0.2161 -0.9764
vn 0.0038 -0.5341 -0.8454
vn -0.0006 -0.5608 -0.8279
vn 0.0006 -0.8344 -0.5512
vn 0.0022 -0.8404 -0.5420
vn -0.0000 -0.9337 -0.3579
vn 0.0006 -0.9843 -0.1768
vn -0.0000 -0.9851 -0.1722
vn -0.0000 0.0170 0.9999
vn 0.0025 0.2225 0.9749
vn 0.0035 0.2160 0.9764
vn -0.0042 0.6235 0.7818
vn 0.0224 0.9512 0.3077
vn -0.0056 0.8345 0.5510
vn 0.0097 0.5604 0.8281
vn -0.0000 0.8978 0.4404
vn -0.0000 0.9731 0.2302
vn -0.0006 0.9929 0.1190
vn -0.0000 0.9937 0.1120
vn -0.0000 0.9987 -0.0515
vn 0.0023 0.9937 -0.1120
vn -0.0007 0.9837 -0.1796
vn 0.0016 0.9316 -0.3634
vn 0.0089 0.9009 -0.4339
vn -0.0028 0.8140 -0.5809
vn -0.0000 0.7560 -0.6546
vn -0.0000 0.6975 -0.7166
vn 0.0045 0.5912 -0.8065
vn -0.0031 0.5288 -0.8488
vn 0.0008 0.3749 -0.9271
vn -0.0046 0.1592 -0.9872
vn -0.0000 0.1921 -0.9814
vn -0.6981 0.1593 -0.6981
vn -0.6378 0.1226 -0.7604
vn -0.7064 0.2654 -0.6562
vn -0.6981 0.4464 -0.5598
vn -0.6618 0.4432 -0.6046
vn -0.7068 0.5348 -0.4630
vn -0.6981 0.6451 -0.3107
vn -0.7049 0.7049 -0.0794
vn -0.7048 0.7049 -0.0795
vn -0.7048 0.7049 0.0794
vn -0.6981 0.1593 0.6981
vn -0.6981 0.4464 0.5598
vn -0.6987 0.6423 0.3151
vn -0.6928 0.6497 0.3129
vn -0.7071 0.6881 0.1628
vn -0.7049 0.7049 0.0795
vn 0.1879 -0.0000 -0.9822
vn 0.1434 0.0048 -0.9897
vn 0.5370 -0.0060 -0.8435
vn 0.4985 -0.0000 -0.8669
vn -0.8781 -0.0000 -0.4784
vn -0.7713 -0.0000 -0.6365
vn -0.6364 -0.0000 -0.7713
vn -0.4784 -0.0000 -0.8781
vn -0.0001 -1.0000 -0.0000
vn -0.8458 -0.0000 -0.5335
vn -0.9780 -0.0001 0.2086
vn -0.9778 -0.0000 0.2097
vn -1.0000 -0.0000 0.0084
vn -1.0000 -0.0000 0.0097
vn -0.9830 -0.0000 -0.1837
vn -0.9828 0.0001 -0.1848
vn -0.8452 -0.0001 -0.5345
vn -0.9957 -0.0000 0.0929
vn -0.9899 -0.0000 -0.1420
vn -0.8676 -0.0000 -0.4973
vn -0.9899 -0.0000 0.1420
vn -0.9822 0.0038 0.1878
vn -0.8676 -0.0050 0.4972
vn -0.8436 -0.0000 0.5370
vn -0.9957 -0.0000 -0.0929
vn -0.8458 -0.0000 0.5335
vn -0.9830 -0.0000 0.1837
vn -1.0000 -0.0000 -0.0085
vn -1.0000 -0.0000 -0.0084
vn -0.9780 -0.0000 -0.2086
vn -0.0495 -0.0000 -0.9988
vn -0.4972 -0.0000 -0.8676
vn -0.4973 -0.0000 -0.8676
vn -0.0495 -0.0000 0.9988
vn -0.4973 -0.0000 0.8676
vn -0.6978 -0.7005 0.1497
vn -0.7071 -0.7071 0.0067
vn -0.7071 -0.7071 0.0068
vn -0.7010 -0.7009 -0.1318
vn -0.7009 -0.7009 -0.1318
vn -0.6032 -0.7005 -0.3814
vn -0.7056 -0.7056 0.0658
vn -0.7035 -0.7035 -0.1009
vn -0.6220 -0.6971 -0.3565
vn -0.7071 -0.7071 -0.0004
vn -0.7055 -0.7056 -0.0662
vn -0.6220 -0.6971 0.3565
vn -0.7056 -0.7056 -0.0658
vn -0.7035 -0.7035 0.1009
vn -0.6037 -0.7004 0.3807
vn -0.6037 -0.7004 0.3808
vn -0.7010 -0.7010 0.1310
vn -0.7071 -0.7071 -0.0060
vn -0.6980 -0.7004 -0.1489
vn -0.0354 -0.6972 -0.7160
vn -0.3565 -0.6972 -0.6220
vn -0.0355 -0.6972 0.7160
vn -0.3565 -0.6972 0.6220
vn -0.0000 0.0168 -0.9999
vn -0.0029 0.2588 -0.9659
vn -0.0106 0.2159 -0.9764
vn 0.0084 0.6087 -0.7934
vn 0.0002 0.5608 -0.8280
vn -0.0002 0.7934 -0.6087
vn 0.0064 0.8345 -0.5509
vn -0.0096 0.9659 -0.2588
vn -0.0000 0.9815 -0.1917
vn -0.0000 -0.0493 0.9988
vn -0.0042 -0.1675 0.9859
vn -0.0007 -0.2076 0.9782
vn 0.0004 -0.3771 0.9262
vn -0.0079 -0.5509 0.8345
vn -0.0004 -0.5961 0.8029
vn 0.0005 -0.8532 0.5215
vn -0.0073 -0.8806 0.4738
vn -0.0002 -0.9541 0.2994
vn 0.0005 -0.9917 0.1286
vn -0.0000 -0.9924 0.1232
vn -0.0000 -0.9986 -0.0520
vn -0.0027 -0.9924 -0.1232
vn -0.0002 -0.9854 -0.1704
vn 0.0004 -0.9351 -0.3544
vn -0.0110 -0.8806 -0.4738
vn -0.0002 -0.8193 -0.5733
vn 0.0001 -0.7043 -0.7099
vn -0.0072 -0.5509 -0.8345
vn -0.0035 -0.5286 -0.8488
vn 0.0035 -0.1675 -0.9859
vn -0.0000 -0.1920 -0.9814
vn 0.7021 -0.1193 0.7020
vn 0.7021 -0.1193 0.7021
vn 0.6961 -0.3955 0.5991
vn 0.6961 -0.3955 0.5992
vn 0.6961 -0.6322 0.3402
vn 0.7044 -0.7044 0.0874
vn 0.7044 -0.7044 -0.0874
vn 0.6961 -0.6322 -0.3402
vn 0.6962 -0.6322 -0.3401
vn 0.6962 -0.3955 -0.5991
vn 0.7021 -0.1193 -0.7020
vn 0.9946 -0.0000 0.1035
vn 0.9549 -0.0000 -0.2969
vn 0.2956 -0.0000 0.9553
vn 0.9569 0.0078 0.2903
vn 0.1986 0.1366 0.9705
vn 0.2903 -0.0000 0.9569
vn 0.0980 -0.0000 0.9952
vn 0.0980 -0.0000 -0.9952
vn 0.2903 0.0078 -0.9569
vn 0.2005 -0.0000 -0.9797
vn 0.9705 0.1366 -0.1986
vn 0.9569 -0.0000 -0.2903
vn 0.9952 -0.0000 -0.0980
vn 0.9952 -0.0000 0.0980
vn 0.9797 -0.0000 0.2005
vn 0.3866 -0.0000 0.9222
vn 0.4714 0.0022 0.8819
vn 0.4778 -0.0015 0.8785
vn 0.6380 0.0016 0.7700
vn 0.6344 -0.0009 0.7730
vn 0.7744 0.0009 0.6327
vn 0.7730 -0.0002 0.6344
vn 0.8818 0.0003 0.4717
vn 0.8819 0.0004 0.4714
vn 0.9551 -0.0004 0.2963
vn 0.9553 -0.0000 0.2956
vn 0.9552 -0.0007 -0.2960
vn 0.8810 0.0007 -0.4732
vn 0.8819 -0.0004 -0.4714
vn 0.7726 0.0004 -0.6349
vn 0.7730 -0.0000 -0.6344
vn 0.6349 -0.0000 -0.7726
vn 0.6344 0.0004 -0.7730
vn 0.4732 -0.0004 -0.8809
vn 0.4714 0.0007 -0.8819
vn 0.2969 -0.0007 -0.9549
vn 0.2956 -0.0000 -0.9553
vn 0.0826 -0.0000 0.9966
vn 0.2455 -0.0000 0.9694
vn 0.4017 -0.0000 0.9158
vn 0.5469 -0.0000 0.8372
vn 0.6773 -0.0000 0.7357
vn 0.7891 -0.0000 0.6142
vn 0.8795 -0.0000 0.4760
vn 0.9458 -0.0000 0.3247
vn 0.9864 -0.0000 0.1646
vn 0.9991 -0.0000 0.0413
vn 0.9991 -0.0000 -0.0413
vn 0.9864 -0.0000 -0.1646
vn 0.9458 -0.0000 -0.3247
vn 0.8795 -0.0000 -0.4759
vn 0.7891 -0.0000 -0.6142
vn 0.6773 -0.0000 -0.7357
vn 0.5470 -0.0000 -0.8372
vn 0.4017 -0.0000 -0.9158
vn 0.2455 -0.0000 -0.9694
vn 0.0826 -0.0000 -0.9966
vn -0.0393 -0.0000 0.9992
vn -0.1564 -0.0000 0.9877
vn -0.3090 -0.0000 0.9511
vn -0.4540 -0.0000 0.8910
vn -0.5878 -0.0000 0.8090
vn -0.8090 -0.0000 0.5878
vn -0.8910 -0.0000 0.4540
vn -0.9511 -0.0000 0.3090
vn -0.9877 -0.0000 0.1564
vn -0.9992 -0.0000 0.0393
vt 0.695018 0.596018
vt 0.695535 0.597190
vt 0.677229 0.602987
vt 0.647798 0.603634
vt 0.639413 0.600604
vt 0.658136 0.603283
vt 0.676986 0.601728
vt 0.666266 0.604420
vt 0.658092 0.604566
vt 0.639084 0.601846
vt 0.639413 0.610244
vt 0.639084 0.611485
vt 0.632750 0.609575
vt 0.621755 0.603465
vt 0.621157 0.604604
vt 0.618239 0.603017
vt 0.606048 0.592928
vt 0.605211 0.593906
vt 0.602232 0.591260
vt 0.593080 0.579160
vt 0.712535 0.529633
vt 0.713715 0.529113
vt 0.719574 0.542398
vt 0.723295 0.545422
vt 0.722260 0.546190
vt 0.592045 0.579928
vt 0.715533 0.536009
vt 0.714892 0.535716
vt 0.715538 0.519525
vt 0.714248 0.535429
vt 0.714252 0.522845
vt 0.709626 0.610116
vt 0.709707 0.596269
vt 0.710270 0.609872
vt 0.710987 0.598944
vt 0.710916 0.609633
vt 0.714252 0.519524
vt 0.714245 0.503772
vt 0.715528 0.499914
vt 0.603278 0.558940
vt 0.604438 0.554254
vt 0.604955 0.570888
vt 0.714242 0.499914
vt 0.714223 0.485676
vt 0.715501 0.481554
vt 0.714215 0.481554
vt 0.714185 0.469461
vt 0.603153 0.554262
vt 0.603131 0.553387
vt 0.604062 0.535570
vt 0.602777 0.535578
vt 0.602765 0.534774
vt 0.603847 0.515838
vt 0.602557 0.515171
vt 0.602519 0.495614
vt 0.603803 0.496116
vt 0.602652 0.477136
vt 0.632740 0.674444
vt 0.631589 0.655464
vt 0.632870 0.655790
vt 0.631887 0.639042
vt 0.633168 0.639206
vt 0.632334 0.625544
vt 0.633617 0.625580
vt 0.633891 0.620113
vt 0.632606 0.620121
vt 0.654203 0.507342
vt 0.655489 0.507345
vt 0.654457 0.512686
vt 0.655741 0.512646
vt 0.656173 0.525930
vt 0.654891 0.526097
vt 0.656488 0.542189
vt 0.655208 0.542518
vt 0.656672 0.560563
vt 0.655389 0.561069
vt 0.656712 0.580082
vt 0.655426 0.580754
vt 0.655316 0.600518
vt 0.656609 0.599714
vt 0.656601 0.600521
vt 0.655065 0.619300
vt 0.656366 0.618422
vt 0.656351 0.619303
vt 0.656262 0.624017
vt 0.654688 0.636093
vt 0.627325 0.445689
vt 0.627037 0.457768
vt 0.625751 0.457765
vt 0.626932 0.461303
vt 0.625266 0.471668
vt 0.626552 0.471671
vt 0.709616 0.582261
vt 0.710901 0.582297
vt 0.710936 0.584834
vt 0.710992 0.596305
vt 0.710526 0.524718
vt 0.711407 0.523370
vt 0.608781 0.517711
vt 0.607611 0.518238
vt 0.606472 0.512930
vt 0.604888 0.512679
vt 0.710191 0.523802
vt 0.705788 0.505430
vt 0.706973 0.504466
vt 0.705690 0.504611
vt 0.705690 0.484899
vt 0.706973 0.485050
vt 0.681146 0.499931
vt 0.679855 0.500114
vt 0.679855 0.480410
vt 0.681146 0.480522
vt 0.716229 0.601097
vt 0.715014 0.600658
vt 0.723778 0.583002
vt 0.724863 0.583706
vt 0.736343 0.567814
vt 0.594648 0.617444
vt 0.606129 0.601551
vt 0.607024 0.602483
vt 0.621830 0.589633
vt 0.622490 0.590744
vt 0.631131 0.586284
vt 0.630603 0.585105
vt 0.640228 0.582846
vt 0.639838 0.581616
vt 0.640228 0.573207
vt 0.639838 0.571976
vt 0.659200 0.568282
vt 0.659300 0.569569
vt 0.678895 0.569108
vt 0.678699 0.570381
vt 0.697881 0.574408
vt 0.697400 0.575603
vt 0.715154 0.583905
vt 0.714415 0.584956
vt 0.729803 0.597095
vt 0.728844 0.597948
vt 0.730346 0.597716
vt 0.593807 0.496735
vt 0.595309 0.496503
vt 0.606016 0.512068
vt 0.644179 0.539359
vt 0.644182 0.539651
vt 0.640987 0.539385
vt 0.643673 0.530969
vt 0.643801 0.532252
vt 0.640898 0.531468
vt 0.643907 0.533495
vt 0.640893 0.533866
vt 0.644087 0.536417
vt 0.640914 0.536040
vt 0.640927 0.536798
vt 0.704803 0.475165
vt 0.705447 0.474921
vt 0.707234 0.476609
vt 0.706094 0.474682
vt 0.706954 0.474374
vt 0.643486 0.529521
vt 0.640924 0.529741
vt 0.707341 0.477264
vt 0.704798 0.478204
vt 0.704793 0.477550
vt 0.693663 0.522055
vt 0.693776 0.511726
vt 0.695890 0.513871
vt 0.719491 0.511421
vt 0.719363 0.522843
vt 0.715354 0.512155
vt 0.708740 0.514265
vt 0.670119 0.587638
vt 0.659512 0.596337
vt 0.665265 0.585991
vt 0.659364 0.584814
vt 0.682964 0.587189
vt 0.685204 0.595440
vt 0.685053 0.585040
vt 0.685073 0.585019
vt 0.685237 0.609922
vt 0.659545 0.610820
vt 0.654722 0.475869
vt 0.680414 0.474971
vt 0.654541 0.487260
vt 0.680233 0.486362
vt 0.719491 0.548297
vt 0.693791 0.547509
vt 0.693634 0.536349
vt 0.719335 0.537137
vt 0.675226 0.538162
vt 0.678498 0.552600
vt 0.672275 0.538090
vt 0.674738 0.552692
vt 0.668377 0.538131
vt 0.670206 0.552852
vt 0.663915 0.538293
vt 0.678504 0.538403
vt 0.678900 0.541597
vt 0.675719 0.538186
vt 0.685850 0.552556
vt 0.685500 0.552553
vt 0.681122 0.541605
vt 0.682216 0.552552
vt 0.681449 0.552558
vt 0.680881 0.552564
vt 0.685207 0.541686
vt 0.685879 0.541708
vt 0.685872 0.545872
vt 0.682108 0.541616
vt 0.714288 0.485812
vt 0.716266 0.487055
vt 0.714666 0.488180
vt 0.712445 0.490772
vt 0.711591 0.488285
vt 0.713291 0.486550
vt 0.714269 0.485800
vt 0.710745 0.501932
vt 0.708624 0.502205
vt 0.710560 0.497451
vt 0.708424 0.497344
vt 0.711228 0.493511
vt 0.709289 0.492560
vt 0.710247 0.490319
vt 0.652078 0.536573
vt 0.660927 0.536126
vt 0.596344 0.683835
vt 0.715860 0.626000
vt 0.710468 0.631345
vt 0.712249 0.502844
vt 0.727412 0.610341
vt 0.601735 0.689181
vt 0.708859 0.697864
vt 0.669775 0.536573
vt 0.699214 0.640028
vt 0.660129 0.478737
vt 0.679155 0.482823
vt 0.669302 0.525437
vt 0.651102 0.531642
vt 0.631988 0.533743
vt 0.696816 0.490992
vt 0.699988 0.640609
vt 0.671052 0.462281
vt 0.681532 0.453017
vt 0.673500 0.464912
vt 0.676073 0.472550
vt 0.675997 0.471819
vt 0.675103 0.468017
vt 0.659657 0.467601
vt 0.622342 0.475907
vt 0.670277 0.461700
vt 0.679922 0.519537
vt 0.612874 0.531641
vt 0.717761 0.566910
vt 0.719732 0.570358
vt 0.688654 0.587822
vt 0.662126 0.549234
vt 0.664782 0.546303
vt 0.695890 0.563724
vt 0.666763 0.542861
vt 0.599957 0.560680
vt 0.615391 0.548828
vt 0.633053 0.540659
vt 0.724700 0.517799
vt 0.597198 0.644079
vt 0.594485 0.551537
vt 0.603343 0.568863
vt 0.605026 0.626263
vt 0.608175 0.587712
vt 0.608746 0.607163
vt 0.594673 0.525437
vt 0.584054 0.519537
vt 0.572798 0.510853
vt 0.703013 0.477116
vt 0.701856 0.478442
vt 0.679498 0.500800
vt 0.716462 0.563198
vt 0.722387 0.573304
vt 0.725623 0.575577
vt 0.729284 0.577119
vt 0.651366 0.553867
vt 0.655211 0.553035
vt 0.658875 0.551505
vt 0.726559 0.650098
vt 0.715006 0.634439
vt 0.730172 0.526942
vt 0.707179 0.616623
vt 0.703459 0.597523
vt 0.704030 0.578072
vt 0.708863 0.559223
vt 0.717721 0.541897
vt 0.668075 0.539132
vt 0.668820 0.535220
vt 0.706270 0.480264
vt 0.705047 0.476703
vt 0.706070 0.478342
vt 0.678479 0.502428
vt 0.678275 0.504361
vt 0.715726 0.559318
vt 0.682688 0.454344
vt 0.675923 0.478107
vt 0.733146 0.577960
vt 0.737120 0.578216
vt 0.553617 0.486609
vt 0.602083 0.477003
vt 0.700713 0.486609
vt 0.652248 0.477003
vt 0.647425 0.554118
vt 0.681043 0.565417
vt 0.682268 0.565406
vt 0.686012 0.565408
vt 0.678175 0.565462
vt 0.674875 0.565545
vt 0.670368 0.565704
vt 0.717847 0.559045
vt 0.708066 0.473654
vt 0.710113 0.476932
vt 0.710512 0.480776
vt 0.659782 0.574815
vt 0.659392 0.571020
vt 0.663720 0.571041
vt 0.663915 0.572939
vt 0.674415 0.501007
vt 0.674008 0.504873
vt 0.715172 0.515563
vt 0.698030 0.515527
vt 0.714933 0.513666
vt 0.698108 0.512365
vt 0.714375 0.512393
vt 0.680441 0.484428
vt 0.694265 0.485006
vt 0.680414 0.487260
vt 0.696136 0.487260
vt 0.713875 0.511733
vt 0.645620 0.572428
vt 0.644095 0.575224
vt 0.643608 0.576440
vt 0.643242 0.577689
vt 0.660122 0.578064
vt 0.659069 0.533189
vt 0.667742 0.547736
vt 0.657103 0.534299
vt 0.685864 0.591963
vt 0.698708 0.592500
vt 0.685264 0.619379
vt 0.693885 0.457550
vt 0.693309 0.483887
vt 0.676224 0.481145
vt 0.676167 0.480540
vt 0.682570 0.476899
vt 0.745240 0.618586
vt 0.749526 0.618595
vt 0.744109 0.693891
vt 0.720589 0.440267
vt 0.717926 0.617529
vt 0.693998 0.508506
vt 0.688301 0.510058
vt 0.677603 0.495813
vt 0.682684 0.510541
vt 0.678932 0.510533
vt 0.710631 0.493359
vt 0.712436 0.488077
vt 0.687604 0.471706
vt 0.713103 0.482578
vt 0.696860 0.593462
vt 0.695675 0.600352
vt 0.690852 0.465401
vt 0.707754 0.498221
vt 0.703916 0.502469
vt 0.699273 0.505944
vt 0.729518 0.581832
vt 0.730646 0.589108
vt 0.696399 0.580725
vt 0.718115 0.597246
vt 0.575981 0.595105
vt 0.712394 0.483550
vt 0.715054 0.486909
vt 0.697349 0.575128
vt 0.699362 0.569909
vt 0.730447 0.574673
vt 0.702346 0.565260
vt 0.733348 0.568230
vt 0.706196 0.561367
vt 0.737980 0.563045
vt 0.607765 0.596783
vt 0.705573 0.605458
vt 0.703246 0.602519
vt 0.700029 0.597592
vt 0.697762 0.592178
vt 0.696537 0.586483
vt 0.700132 0.564236
vt 0.699217 0.571622
vt 0.694974 0.569879
vt 0.612505 0.608587
vt 0.612172 0.602359
vt 0.617704 0.605925
vt 0.617505 0.600738
vt 0.617705 0.605944
vt 0.617806 0.607269
vt 0.613122 0.613375
vt 0.698386 0.578393
vt 0.693645 0.578906
vt 0.694141 0.575522
vt 0.694802 0.571044
vt 0.745593 0.600137
vt 0.749717 0.607561
vt 0.745432 0.607552
vt 0.749715 0.607677
vt 0.745312 0.614063
vt 0.627432 0.572361
vt 0.631717 0.572347
vt 0.627390 0.582971
vt 0.631673 0.584204
vt 0.627389 0.593025
vt 0.631674 0.593010
vt 0.627432 0.604609
vt 0.631717 0.604650
vt 0.622609 0.469658
vt 0.626894 0.469699
vt 0.622677 0.478967
vt 0.626962 0.478953
vt 0.622813 0.490988
vt 0.627083 0.489867
vt 0.622937 0.499156
vt 0.627222 0.499142
vt 0.623170 0.510986
vt 0.627409 0.508895
vt 0.623335 0.517739
vt 0.627620 0.517724
vt 0.623663 0.528697
vt 0.627859 0.525969
vt 0.623851 0.533884
vt 0.628136 0.533869
vt 0.624268 0.543271
vt 0.628412 0.540361
vt 0.746219 0.579903
vt 0.750629 0.576941
vt 0.746058 0.584175
vt 0.750343 0.584184
vt 0.745709 0.595540
vt 0.750124 0.590923
vt 0.749879 0.600146
vt 0.631812 0.560809
vt 0.718529 0.484060
vt 0.723516 0.479949
vt 0.627514 0.562061
vt 0.627797 0.542880
vt 0.632086 0.542658
vt 0.687893 0.596696
vt 0.692187 0.596730
vt 0.691098 0.615076
vt 0.686800 0.615128
vt 0.691035 0.616155
vt 0.685637 0.635041
vt 0.720143 0.477180
vt 0.720857 0.476590
vt 0.732656 0.472328
vt 0.662151 0.598494
vt 0.657223 0.610057
vt 0.658120 0.593739
vt 0.662440 0.593265
vt 0.658160 0.593020
vt 0.663250 0.578769
vt 0.659189 0.574622
vt 0.663507 0.574206
vt 0.659227 0.573960
vt 0.664450 0.557589
vt 0.660340 0.554359
vt 0.664653 0.554043
vt 0.660373 0.553797
vt 0.665694 0.535968
vt 0.661523 0.533828
vt 0.689808 0.637181
vt 0.689943 0.634851
vt 0.699464 0.581351
vt 0.699976 0.585618
vt 0.693633 0.581894
vt 0.695068 0.586105
vt 0.687779 0.582075
vt 0.687762 0.586375
vt 0.674061 0.581076
vt 0.673423 0.585330
vt 0.683707 0.638912
vt 0.683068 0.643167
vt 0.677187 0.642123
vt 0.663656 0.633684
vt 0.662110 0.637702
vt 0.657698 0.635895
vt 0.645223 0.624220
vt 0.642841 0.627809
vt 0.639905 0.625792
vt 0.629290 0.610972
vt 0.669960 0.536752
vt 0.626187 0.613962
vt 0.624571 0.612246
vt 0.616620 0.594576
vt 0.612943 0.596823
vt 0.612349 0.595837
vt 0.607820 0.575816
vt 0.603745 0.577213
vt 0.599033 0.556073
vt 0.603312 0.555591
vt 0.602744 0.545230
vt 0.598439 0.545243
vt 0.603312 0.534870
vt 0.599033 0.534413
vt 0.600650 0.524436
vt 0.607820 0.514645
vt 0.603745 0.513273
vt 0.607187 0.504560
vt 0.616619 0.495886
vt 0.612942 0.493663
vt 0.617756 0.486502
vt 0.629288 0.479489
vt 0.626185 0.476524
vt 0.631885 0.471069
vt 0.634111 0.614440
vt 0.636708 0.606020
vt 0.650043 0.601192
vt 0.647662 0.597628
vt 0.653766 0.593903
vt 0.668477 0.591728
vt 0.666930 0.587735
vt 0.672990 0.585643
vt 0.688527 0.586500
vt 0.704796 0.524146
vt 0.704284 0.528389
vt 0.699888 0.523660
vt 0.699589 0.527923
vt 0.692582 0.523390
vt 0.692600 0.527665
vt 0.683876 0.523774
vt 0.678881 0.528664
vt 0.693521 0.581610
vt 0.687889 0.582270
vt 0.628877 0.541284
vt 0.628752 0.546655
vt 0.626609 0.546646
vt 0.717869 0.597441
vt 0.718072 0.603716
vt 0.715930 0.603734
vt 0.715760 0.598412
vt 0.688422 0.510096
vt 0.686281 0.511053
vt 0.686247 0.493652
vt 0.688391 0.493652
vt 0.688389 0.492738
vt 0.686229 0.474595
vt 0.688373 0.473801
vt 0.693195 0.608752
vt 0.691052 0.609546
vt 0.691051 0.589842
vt 0.693195 0.589221
vt 0.691068 0.570531
vt 0.693212 0.570109
vt 0.691100 0.552634
vt 0.693245 0.552406
vt 0.652181 0.549803
vt 0.654330 0.549598
vt 0.653886 0.566949
vt 0.651742 0.567017
vt 0.651571 0.576300
vt 0.653713 0.576314
vt 0.651435 0.585874
vt 0.653576 0.585977
vt 0.653417 0.605677
vt 0.651276 0.605396
vt 0.653417 0.625009
vt 0.651273 0.624570
vt 0.653576 0.642950
vt 0.651426 0.642400
vt 0.653886 0.658553
vt 0.626759 0.540313
vt 0.627198 0.526169
vt 0.629340 0.526178
vt 0.627223 0.525500
vt 0.625393 0.492665
vt 0.623226 0.492119
vt 0.624949 0.480225
vt 0.652163 0.670447
vt 0.651728 0.657962
vt 0.601871 0.587816
vt 0.588121 0.579636
vt 0.601917 0.586694
vt 0.732132 0.552956
vt 0.718335 0.545898
vt 0.718373 0.543401
vt 0.588158 0.577139
vt 0.602247 0.578435
vt 0.732461 0.544697
vt 0.718463 0.539855
vt 0.718574 0.536461
vt 0.718448 0.553908
vt 0.718355 0.550669
vt 0.732086 0.554079
vt 0.718328 0.547064
vt 0.601617 0.593921
vt 0.588234 0.587646
vt 0.601545 0.595607
vt 0.731759 0.561869
vt 0.718455 0.554089
vt 0.718601 0.557238
vt 0.710015 0.532596
vt 0.710110 0.527740
vt 0.723373 0.540771
vt 0.710150 0.523316
vt 0.722943 0.533912
vt 0.697255 0.537425
vt 0.697295 0.533001
vt 0.710110 0.537380
vt 0.697295 0.523361
vt 0.614182 0.601039
vt 0.601330 0.600508
vt 0.614406 0.595924
vt 0.614469 0.594452
vt 0.614695 0.589026
vt 0.614769 0.587226
vt 0.614970 0.582225
vt 0.615098 0.578967
vt 0.643242 0.539398
vt 0.656038 0.538090
vt 0.643411 0.541055
vt 0.656207 0.539746
vt 0.713369 0.527258
vt 0.719300 0.529313
vt 0.711816 0.531402
vt 0.717935 0.533472
vt 0.710736 0.534423
vt 0.716362 0.537628
vt 0.710322 0.535579
vt 0.684724 0.522202
vt 0.666994 0.521706
vt 0.668759 0.511440
vt 0.723560 0.523172
vt 0.719421 0.538387
vt 0.712919 0.544242
vt 0.625388 0.488273
vt 0.627238 0.486868
vt 0.631035 0.486036
vt 0.625649 0.576430
vt 0.630326 0.577454
vt 0.634147 0.587496
vt 0.636863 0.585274
vt 0.637462 0.587981
vt 0.656619 0.483063
vt 0.652417 0.487305
vt 0.644512 0.473624
vt 0.618145 0.483121
vt 0.579646 0.480735
vt 0.599985 0.479323
vt 0.628312 0.484766
vt 0.635547 0.476364
vt 0.640281 0.475758
vt 0.628395 0.482383
vt 0.627472 0.480193
vt 0.628630 0.474194
vt 0.625726 0.478627
vt 0.623689 0.472645
vt 0.623501 0.477998
vt 0.619285 0.473454
vt 0.620892 0.478600
vt 0.618931 0.480475
vt 0.559588 0.477557
vt 0.579541 0.483750
vt 0.637649 0.582628
vt 0.639610 0.580753
vt 0.637373 0.575904
vt 0.642220 0.580151
vt 0.642407 0.574798
vt 0.644444 0.580780
vt 0.646741 0.575994
vt 0.646190 0.582345
vt 0.665689 0.583590
vt 0.647113 0.584536
vt 0.637468 0.526700
vt 0.656043 0.525754
vt 0.675996 0.531946
vt 0.637384 0.529082
vt 0.612559 0.586595
vt 0.609094 0.582496
vt 0.621581 0.573928
vt 0.608849 0.582262
vt 0.611703 0.564153
vt 0.602818 0.576191
vt 0.600509 0.549150
vt 0.588485 0.557436
vt 0.730723 0.515412
vt 0.718700 0.523698
vt 0.722178 0.498654
vt 0.711363 0.495800
vt 0.722245 0.590845
vt 0.719662 0.595982
vt 0.723027 0.582852
vt 0.716186 0.630751
vt 0.717339 0.580882
vt 0.719085 0.582447
vt 0.731763 0.579114
vt 0.730073 0.583774
vt 0.725186 0.581505
vt 0.721309 0.583077
vt 0.723381 0.572747
vt 0.721684 0.572371
vt 0.726525 0.587123
vt 0.719151 0.601659
vt 0.714328 0.466708
vt 0.716539 0.480640
vt 0.635296 0.530284
vt 0.633336 0.532159
vt 0.625205 0.523009
vt 0.607688 0.538359
vt 0.633148 0.537512
vt 0.614500 0.573248
vt 0.634971 0.539556
vt 0.632549 0.534805
vt 0.637906 0.529681
vt 0.645250 0.511426
vt 0.640130 0.530311
vt 0.641643 0.538551
vt 0.642716 0.536449
vt 0.646649 0.540505
vt 0.645992 0.521953
vt 0.641877 0.531876
vt 0.642800 0.534067
vt 0.639792 0.539957
vt 0.643341 0.544068
vt 0.637531 0.540387
vt 0.632649 0.552355
vt 0.620337 0.565807
vt 0.615389 0.573063
vt 0.610763 0.581473
vt 0.657506 0.522542
vt 0.652743 0.525508
vt 0.649426 0.530125
vt 0.648047 0.535710
vt 0.646340 0.510939
vt 0.667087 0.504035
vt 0.647860 0.464706
vt 0.657442 0.446198
vt 0.661314 0.460698
vt 0.588972 0.513715
vt 0.585100 0.499215
vt 0.606950 0.511336
vt 0.607926 0.496288
vt 0.615782 0.511345
vt 0.616307 0.496357
vt 0.625076 0.512185
vt 0.624718 0.497037
vt 0.642815 0.516236
vt 0.647398 0.502032
vt 0.655475 0.521272
vt 0.662986 0.529516
vt 0.663983 0.535238
vt 0.665042 0.540142
vt 0.659969 0.524601
vt 0.674514 0.530128
vt 0.671905 0.530730
vt 0.669944 0.532605
vt 0.669158 0.535251
vt 0.669757 0.537959
vt 0.668090 0.543987
vt 0.671580 0.540002
vt 0.678227 0.553258
vt 0.674139 0.540834
vt 0.689607 0.567863
vt 0.676401 0.540403
vt 0.676739 0.530757
vt 0.678485 0.532323
vt 0.688004 0.524910
vt 0.679408 0.534513
vt 0.704418 0.541942
vt 0.679325 0.536896
vt 0.678251 0.538998
vt 0.723971 0.576715
vt 0.693927 0.575370
vt 0.717389 0.561900
vt 0.601002 0.641281
vt 0.601666 0.659610
vt 0.590025 0.651056
vt 0.720240 0.617318
vt 0.731881 0.625872
vt 0.718962 0.619569
vt 0.588748 0.653307
vt 0.601343 0.665267
vt 0.731558 0.631529
vt 0.716804 0.620916
vt 0.703332 0.553893
vt 0.691824 0.538643
vt 0.691712 0.532939
vt 0.713199 0.610866
vt 0.711349 0.612271
vt 0.703282 0.602397
vt 0.704942 0.616264
vt 0.661773 0.478709
vt 0.666596 0.613660
vt 0.649334 0.608575
vt 0.660102 0.599477
vt 0.682521 0.596355
vt 0.672139 0.585654
vt 0.694920 0.576183
vt 0.681715 0.569893
vt 0.688549 0.552656
vt 0.707444 0.530316
vt 0.692690 0.519703
vt 0.715826 0.634152
vt 0.715086 0.621141
vt 0.713610 0.628802
vt 0.712862 0.620511
vt 0.709604 0.624712
vt 0.711115 0.618946
vt 0.706286 0.621033
vt 0.710192 0.616755
vt 0.710276 0.614373
vt 0.720332 0.614703
vt 0.731216 0.607544
vt 0.719215 0.612346
vt 0.726434 0.584042
vt 0.717158 0.610811
vt 0.715461 0.610435
vt 0.698064 0.584451
vt 0.623126 0.488704
vt 0.630841 0.491587
vt 0.579346 0.489300
vt 0.618744 0.485828
vt 0.620567 0.487872
vt 0.639285 0.590025
vt 0.633953 0.593046
vt 0.641845 0.590856
vt 0.624307 0.535210
vt 0.632199 0.533020
vt 0.675801 0.537497
vt 0.634460 0.532590
vt 0.538005 0.484393
vt 0.636311 0.531184
vt 0.706371 0.567055
vt 0.708071 0.502477
vt 0.701535 0.479570
vt 0.712516 0.445931
vt 0.706358 0.614521
vt 0.704157 0.590772
vt 0.716416 0.578691
vt 0.704235 0.586302
vt 0.716499 0.576309
vt 0.717572 0.574207
vt 0.719423 0.572801
vt 0.726463 0.579254
vt 0.726555 0.576639
vt 0.601548 0.612852
vt 0.596341 0.610376
vt 0.604281 0.598772
vt 0.734496 0.565035
vt 0.725439 0.574282
vt 0.595224 0.608020
vt 0.740977 0.547736
vt 0.593167 0.606485
vt 0.744715 0.539510
vt 0.589206 0.572125
vt 0.737903 0.504621
vt 0.615139 0.591331
vt 0.615323 0.591777
vt 0.615498 0.592227
vt 0.649294 0.492406
vt 0.610454 0.593879
vt 0.611439 0.597095
vt 0.616698 0.595447
vt 0.611636 0.597973
vt 0.617361 0.598677
vt 0.612015 0.600312
vt 0.615373 0.529402
vt 0.627798 0.532319
vt 0.613413 0.529804
vt 0.698638 0.529910
vt 0.711196 0.537362
vt 0.699864 0.531490
vt 0.689275 0.526801
vt 0.689156 0.526757
vt 0.679906 0.522980
vt 0.670320 0.521918
vt 0.660143 0.520096
vt 0.650766 0.521037
vt 0.640212 0.521384
vt 0.649858 0.579220
vt 0.660412 0.578873
vt 0.641095 0.582032
vt 0.630630 0.584623
vt 0.622840 0.589095
vt 0.612946 0.593907
vt 0.606427 0.599762
vt 0.597579 0.606664
vt 0.592559 0.613575
vt 0.727793 0.572926
vt 0.722773 0.579837
vt 0.715414 0.588599
vt 0.712042 0.596207
vt 0.706564 0.606504
vt 0.707367 0.606801
vt 0.704005 0.617955
vt 0.701630 0.625858
vt 0.701510 0.637488
vt 0.677516 0.534284
vt 0.677396 0.545914
vt 0.676714 0.554241
vt 0.676714 0.544601
vt 0.677396 0.536274
vt 0.678995 0.555901
vt 0.680078 0.564289
vt 0.684619 0.574772
vt 0.687462 0.582846
vt 0.694025 0.592071
vt 0.698543 0.599463
vt 0.706806 0.607051
vt 0.712837 0.613413
vt 0.708014 0.478462
vt 0.701983 0.472100
vt 0.717586 0.484113
vt 0.724895 0.489136
vt 0.734378 0.492289
vt 0.594681 0.522873
vt 0.604163 0.526026
vt 0.605122 0.526375
vt 0.648895 0.566671
vt 0.666406 0.554559
vt 0.664845 0.557169
vt 0.654664 0.574986
vt 0.654252 0.574090
vt 0.660397 0.570163
vt 0.652589 0.571344
vt 0.652360 0.571047
vt 0.656812 0.588490
vt 0.659502 0.585993
vt 0.660381 0.607201
vt 0.662193 0.604046
vt 0.667366 0.627260
vt 0.668367 0.623623
vt 0.677507 0.647920
vt 0.677785 0.643966
vt 0.690428 0.668414
vt 0.656406 0.582585
vt 0.656084 0.579687
vt 0.655869 0.578658
vt 0.690082 0.664289
vt 0.680782 0.610577
vt 0.680436 0.606453
vt 0.691170 0.621086
vt 0.696001 0.630140
vt 0.695136 0.625967
vt 0.667064 0.451812
vt 0.666199 0.447639
vt 0.684014 0.469716
vt 0.682733 0.465590
vt 0.702064 0.485294
vt 0.700461 0.481282
vt 0.720543 0.497966
vt 0.718696 0.494108
vt 0.738762 0.507262
vt 0.608547 0.540999
vt 0.588481 0.527846
vt 0.606518 0.537310
vt 0.625828 0.546572
vt 0.623658 0.543044
vt 0.641528 0.548213
vt 0.639237 0.544828
vt 0.642250 0.548191
vt 0.639582 0.544821
vt 0.673906 0.509702
vt 0.677150 0.515884
vt 0.676774 0.515879
vt 0.670435 0.508647
vt 0.673541 0.515481
vt 0.672555 0.515252
vt 0.669318 0.508329
vt 0.668770 0.513943
vt 0.667120 0.507703
vt 0.667773 0.513483
vt 0.664126 0.506771
vt 0.611591 0.567581
vt 0.616716 0.572396
vt 0.613621 0.572395
vt 0.608887 0.567923
vt 0.702943 0.566996
vt 0.702945 0.568155
vt 0.698662 0.572416
vt 0.690092 0.576722
vt 0.694380 0.576722
vt 0.695513 0.576648
vt 0.698417 0.575714
vt 0.702393 0.571191
vt 0.700814 0.573814
vt 0.668655 0.576722
vt 0.668653 0.575567
vt 0.676050 0.576722
vt 0.668643 0.566995
vt 0.678409 0.576722
vt 0.605972 0.539814
vt 0.607426 0.553835
vt 0.606924 0.572391
vt 0.729316 0.513992
vt 0.736007 0.513992
vt 0.736097 0.514854
vt 0.736186 0.515716
vt 0.737139 0.548293
vt 0.719592 0.513997
vt 0.644053 0.532353
vt 0.674008 0.532635
vt 0.641035 0.540837
vt 0.667384 0.553597
vt 0.662827 0.576719
vt 0.635280 0.562671
vt 0.637429 0.553314
vt 0.660505 0.601143
vt 0.631647 0.586297
vt 0.632872 0.576437
vt 0.625727 0.490724
vt 0.625444 0.480522
vt 0.655682 0.491007
vt 0.625446 0.475894
vt 0.655682 0.466192
vt 0.630269 0.610845
vt 0.630550 0.600860
vt 0.626372 0.500463
vt 0.658004 0.515290
vt 0.628049 0.515007
vt 0.629570 0.524146
vt 0.662562 0.538136
vt 0.632607 0.537853
vt 0.634921 0.546074
vt 0.669185 0.558695
vt 0.639230 0.558413
vt 0.642229 0.565439
vt 0.668499 0.513354
vt 0.702770 0.507342
vt 0.702843 0.524315
vt 0.668543 0.524315
vt 0.668566 0.531488
vt 0.702901 0.544449
vt 0.668601 0.544449
vt 0.668618 0.552483
vt 0.697625 0.475231
vt 0.704518 0.473937
vt 0.707461 0.475976
vt 0.708339 0.476607
vt 0.702644 0.479587
vt 0.699734 0.477426
vt 0.710320 0.478017
vt 0.712934 0.479781
vt 0.706236 0.481470
vt 0.616716 0.572396
vt 0.620966 0.567581
vt 0.623665 0.567923
vt 0.618938 0.572395
vt 0.643242 0.572396
vt 0.625626 0.572391
vt 0.632107 0.538090
vt 0.625214 0.552969
vt 0.626755 0.538091
vt 0.639718 0.462708
vt 0.647114 0.462708
vt 0.639716 0.464060
vt 0.639706 0.472451
vt 0.661156 0.462708
vt 0.665443 0.462708
vt 0.669726 0.467021
vt 0.672977 0.467196
vt 0.673855 0.469652
vt 0.674008 0.471290
vt 0.674006 0.472452
vt 0.649472 0.462708
vt 0.668442 0.463249
vt 0.671059 0.464806
vt 0.639681 0.487313
vt 0.673965 0.495058
vt 0.639665 0.495058
vt 0.639629 0.508466
vt 0.673906 0.515276
vt 0.639606 0.515275
vt 0.639561 0.526732
vt 0.673834 0.532353
vt 0.727833 0.640005
vt 0.703070 0.652069
vt 0.725960 0.633128
vt 0.721433 0.620128
vt 0.695505 0.631848
vt 0.718395 0.612907
vt 0.711821 0.599516
vt 0.684841 0.611161
vt 0.707732 0.592220
vt 0.699356 0.578936
vt 0.671477 0.590777
vt 0.694367 0.571836
vt 0.688194 0.563711
vt 0.655909 0.571456
vt 0.684500 0.559154
vt 0.638717 0.553917
vt 0.667809 0.540908
vt 0.678799 0.552515
vt 0.620541 0.538813
vt 0.649903 0.524875
vt 0.661608 0.534976
vt 0.643141 0.538095
vt 0.602058 0.526706
vt 0.624949 0.507765
vt 0.631448 0.511654
vt 0.643432 0.519872
vt 0.695520 0.482302
vt 0.680849 0.482174
vt 0.694161 0.470856
vt 0.676651 0.482966
vt 0.675825 0.524969
vt 0.673157 0.521600
vt 0.676059 0.524330
vt 0.673256 0.521318
vt 0.678969 0.509817
vt 0.675987 0.506970
vt 0.678319 0.492743
vt 0.675173 0.490099
vt 0.707256 0.671071
vt 0.704109 0.668427
vt 0.699783 0.649676
vt 0.692109 0.629764
vt 0.681381 0.609453
vt 0.711988 0.486381
vt 0.668010 0.589519
vt 0.663626 0.583814
vt 0.652507 0.570725
vt 0.635466 0.553790
vt 0.617538 0.539362
vt 0.599409 0.527994
vt 0.732273 0.492968
vt 0.729624 0.494256
vt 0.714171 0.484309
vt 0.708248 0.482220
vt 0.715253 0.601146
vt 0.728304 0.597157
vt 0.715268 0.604392
vt 0.728173 0.599147
vt 0.715256 0.609836
vt 0.715252 0.600982
vt 0.728822 0.589925
vt 0.728691 0.591748
vt 0.715149 0.594463
vt 0.729216 0.582817
vt 0.729191 0.583549
vt 0.715242 0.599850
vt 0.715181 0.595872
vt 0.729001 0.587257
vt 0.729142 0.584723
vt 0.715141 0.594180
vt 0.715087 0.592383
vt 0.729258 0.580606
vt 0.662581 0.540104
vt 0.650541 0.541703
vt 0.652031 0.537335
vt 0.664147 0.535690
vt 0.652129 0.536854
vt 0.652573 0.531902
vt 0.664701 0.530347
vt 0.725159 0.534464
vt 0.725567 0.464748
vt 0.723351 0.464197
vt 0.631219 0.521367
vt 0.631220 0.520185
vt 0.634489 0.521365
vt 0.633900 0.520182
vt 0.639085 0.642128
vt 0.640107 0.640811
vt 0.641543 0.643294
vt 0.641448 0.641547
vt 0.642122 0.641767
vt 0.644835 0.643721
vt 0.643625 0.642051
vt 0.644821 0.642117
vt 0.646009 0.642051
vt 0.648078 0.643294
vt 0.685120 0.492600
vt 0.685116 0.493774
vt 0.682442 0.492603
vt 0.681850 0.493778
vt 0.649385 0.640810
vt 0.650404 0.642127
vt 0.648128 0.641547
vt 0.647479 0.641767
vt 0.689441 0.603421
vt 0.699955 0.623603
vt 0.685756 0.604783
vt 0.683124 0.606604
vt 0.711449 0.661865
vt 0.696653 0.646243
vt 0.707388 0.643340
vt 0.670266 0.564968
vt 0.676651 0.573126
vt 0.669579 0.580743
vt 0.720607 0.475035
vt 0.721927 0.474648
vt 0.728178 0.482421
vt 0.688763 0.636133
vt 0.691652 0.648112
vt 0.608281 0.507781
vt 0.604604 0.511566
vt 0.594549 0.500311
vt 0.648297 0.536077
vt 0.633081 0.534681
vt 0.633105 0.528894
vt 0.678595 0.517432
vt 0.682447 0.522297
vt 0.669194 0.531463
vt 0.669049 0.487018
vt 0.671438 0.489330
vt 0.677114 0.498456
vt 0.673909 0.490523
vt 0.696319 0.662535
vt 0.693642 0.662201
vt 0.695821 0.659978
vt 0.692700 0.658356
vt 0.696625 0.658360
vt 0.705316 0.665219
vt 0.705504 0.667289
vt 0.676567 0.488961
vt 0.682512 0.483537
vt 0.683043 0.500126
vt 0.675800 0.490277
vt 0.704210 0.662805
vt 0.702405 0.660525
vt 0.700258 0.658831
vt 0.698195 0.658058
vt 0.670188 0.492811
vt 0.671797 0.497473
vt 0.671780 0.501337
vt 0.697986 0.665346
vt 0.664706 0.483873
vt 0.667193 0.488040
vt 0.682444 0.505015
vt 0.680023 0.514134
vt 0.667187 0.511912
vt 0.655940 0.540630
vt 0.652088 0.535765
vt 0.659759 0.519547
vt 0.649775 0.523954
vt 0.637612 0.524968
vt 0.629354 0.521053
vt 0.625348 0.516981
vt 0.621811 0.513540
vt 0.633654 0.523854
vt 0.627501 0.533302
vt 0.625121 0.525328
vt 0.625925 0.523710
vt 0.625427 0.521153
vt 0.623760 0.518342
vt 0.621371 0.516030
vt 0.618152 0.511574
vt 0.618900 0.514837
vt 0.617535 0.520882
vt 0.619340 0.523162
vt 0.616262 0.529357
vt 0.621487 0.524857
vt 0.623550 0.525629
vt 0.616429 0.518469
vt 0.616241 0.516399
vt 0.617009 0.515083
vt 0.734818 0.477828
vt 0.717500 0.463673
vt 0.710934 0.456634
vt 0.724763 0.466574
vt 0.722875 0.472738
vt 0.722288 0.469719
vt 0.720320 0.466401
vt 0.717593 0.620456
vt 0.732047 0.629089
vt 0.716931 0.621359
vt 0.722047 0.637192
vt 0.715360 0.621660
vt 0.708051 0.612429
vt 0.708239 0.614499
vt 0.690932 0.600417
vt 0.714584 0.462265
vt 0.703111 0.450761
vt 0.609656 0.668699
vt 0.601833 0.662827
vt 0.598639 0.658996
vt 0.587379 0.654193
vt 0.728853 0.625258
vt 0.726458 0.622922
vt 0.717600 0.618316
vt 0.716696 0.612460
vt 0.705603 0.619606
vt 0.709345 0.616913
vt 0.711150 0.619193
vt 0.713297 0.620887
vt 0.716479 0.615680
vt 0.714497 0.613177
vt 0.713131 0.609218
vt 0.712128 0.611404
vt 0.709470 0.607469
vt 0.709936 0.610785
vt 0.697325 0.597854
vt 0.700992 0.602226
vt 0.689691 0.585871
vt 0.678605 0.580373
vt 0.681438 0.570202
vt 0.708819 0.611113
vt 0.705274 0.605629
vt 0.684889 0.612613
vt 0.672443 0.598684
vt 0.691083 0.628038
vt 0.678750 0.618091
vt 0.688251 0.638209
vt 0.680026 0.584160
vt 0.679519 0.587626
vt 0.680936 0.597888
vt 0.681358 0.582552
vt 0.682121 0.582142
vt 0.682225 0.577768
vt 0.685497 0.581946
vt 0.684289 0.578540
vt 0.688301 0.581612
vt 0.685859 0.578239
vt 0.678655 0.523776
vt 0.676214 0.520403
vt 0.678807 0.523678
vt 0.680051 0.521600
vt 0.676981 0.519087
vt 0.682347 0.513985
vt 0.714322 0.493261
vt 0.714134 0.491191
vt 0.718641 0.492376
vt 0.689010 0.500071
vt 0.704863 0.487718
vt 0.705969 0.490131
vt 0.717454 0.495336
vt 0.716280 0.497754
vt 0.713555 0.494577
vt 0.716148 0.497852
vt 0.711984 0.494878
vt 0.713658 0.498357
vt 0.709921 0.494105
vt 0.705195 0.498183
vt 0.707774 0.492411
vt 0.695386 0.500586
vt 0.691248 0.502897
vt 0.687673 0.505921
vt 0.704533 0.476760
vt 0.720876 0.480757
vt 0.711015 0.484852
vt 0.721319 0.491094
vt 0.713029 0.488777
vt 0.719283 0.491814
vt 0.632914 0.547659
vt 0.619027 0.537645
vt 0.626195 0.533610
vt 0.608181 0.522300
vt 0.605194 0.529809
vt 0.590661 0.514495
vt 0.594798 0.525392
vt 0.725012 0.491654
vt 0.639368 0.546195
vt 0.669932 0.584265
vt 0.667742 0.583646
vt 0.667150 0.589774
vt 0.668955 0.592054
vt 0.665699 0.591409
vt 0.673506 0.603121
vt 0.671102 0.593748
vt 0.666044 0.587360
vt 0.663424 0.587275
vt 0.665856 0.585290
vt 0.662704 0.583491
vt 0.662057 0.579230
vt 0.666624 0.583974
vt 0.659853 0.574439
vt 0.656416 0.569825
vt 0.646449 0.559557
vt 0.636736 0.548015
vt 0.698116 0.631881
vt 0.689824 0.621408
vt 0.687592 0.621698
vt 0.681871 0.618536
vt 0.697528 0.628863
vt 0.695560 0.625545
vt 0.692740 0.622816
vt 0.686686 0.623251
vt 0.686908 0.625695
vt 0.687994 0.633719
vt 0.688213 0.628544
vt 0.690344 0.631235
vt 0.692878 0.633235
vt 0.695313 0.634147
vt 0.697167 0.633791
vt 0.710686 0.474162
vt 0.715224 0.472212
vt 0.725426 0.484553
vt 0.718021 0.474304
vt 0.712352 0.462555
vt 0.711570 0.463621
vt 0.693111 0.458864
vt 0.711562 0.466146
vt 0.712885 0.469257
vt 0.644002 0.547983
vt 0.660908 0.564860
vt 0.672302 0.586038
vt 0.676254 0.583583
vt 0.674284 0.588541
vt 0.675405 0.591177
vt 0.673165 0.594521
vt 0.674736 0.594220
vt 0.675398 0.593317
vt 0.705443 0.484332
vt 0.690006 0.476728
vt 0.707013 0.484030
vt 0.709077 0.484803
vt 0.711223 0.486497
vt 0.704675 0.485648
vt 0.677859 0.480662
vt 0.675050 0.482388
vt 0.674480 0.551973
vt 0.677747 0.567994
vt 0.676980 0.569310
vt 0.677168 0.571379
vt 0.678274 0.573793
vt 0.680079 0.576073
vt 0.682056 0.542266
vt 0.698656 0.557907
vt 0.672410 0.484430
vt 0.675024 0.482406
vt 0.676794 0.517017
vt 0.675688 0.514603
vt 0.673883 0.512323
vt 0.671736 0.510629
vt 0.681381 0.568465
vt 0.679318 0.567692
vt 0.728709 0.486575
vt 0.598495 0.520313
vt 0.597963 0.516159
vt 0.634620 0.527503
vt 0.653273 0.525889
vt 0.637423 0.541076
vt 0.656076 0.539462
vt 0.639028 0.547259
vt 0.657681 0.545645
vt 0.642254 0.557670
vt 0.632609 0.499834
vt 0.648035 0.487809
vt 0.651262 0.498220
vt 0.660908 0.556056
vt 0.645141 0.565418
vt 0.635496 0.507582
vt 0.654149 0.505967
vt 0.663794 0.563803
vt 0.648314 0.572722
vt 0.638669 0.514886
vt 0.657322 0.513272
vt 0.643085 0.523459
vt 0.661738 0.521845
vt 0.681007 0.475697
vt 0.659569 0.475697
vt 0.680987 0.471170
vt 0.659549 0.471170
vt 0.685810 0.606121
vt 0.664372 0.606121
vt 0.685772 0.595544
vt 0.664334 0.595544
vt 0.634718 0.600643
vt 0.634718 0.579205
vt 0.645552 0.600615
vt 0.645315 0.579178
vt 0.650171 0.600600
vt 0.650171 0.579162
vt 0.649000 0.581919
vt 0.667653 0.580305
vt 0.646437 0.591384
vt 0.636792 0.533548
vt 0.658008 0.522469
vt 0.655466 0.531841
vt 0.665112 0.589677
vt 0.644868 0.599335
vt 0.663522 0.597720
vt 0.643707 0.607658
vt 0.662349 0.606146
vt 0.638885 0.472707
vt 0.657526 0.471195
vt 0.638012 0.483719
vt 0.656665 0.482104
vt 0.637823 0.490163
vt 0.656473 0.488870
vt 0.638174 0.504057
vt 0.656827 0.502442
vt 0.646963 0.498768
vt 0.665616 0.497153
vt 0.665489 0.503032
vt 0.665484 0.503065
vt 0.664041 0.507799
vt 0.645388 0.509413
vt 0.646831 0.504679
vt 0.618948 0.489084
vt 0.597510 0.489097
vt 0.618954 0.484952
vt 0.597516 0.484966
vt 0.649061 0.509205
vt 0.634755 0.521043
vt 0.645375 0.506805
vt 0.631068 0.518643
vt 0.641941 0.503314
vt 0.627635 0.515152
vt 0.637724 0.499205
vt 0.623391 0.511023
vt 0.637697 0.499185
vt 0.619001 0.508664
vt 0.633307 0.496825
vt 0.626335 0.501803
vt 0.626335 0.523240
vt 0.622656 0.523230
vt 0.622656 0.501792
vt 0.720930 0.591116
vt 0.706623 0.602954
vt 0.702953 0.600037
vt 0.717260 0.588199
vt 0.699810 0.596290
vt 0.714116 0.584452
vt 0.709881 0.579675
vt 0.688444 0.579675
vt 0.688437 0.574965
vt 0.688448 0.565597
vt 0.709886 0.565597
vt 0.688440 0.569290
vt 0.709877 0.569971
vt 0.688439 0.570028
vt 0.688437 0.573474
vt 0.709875 0.573474
vt 0.709875 0.574935
vt 0.688450 0.585875
vt 0.709888 0.585444
vt 0.709888 0.585876
vt 0.709883 0.591315
vt 0.688445 0.591315
vt 0.664331 0.569830
vt 0.685769 0.569830
vt 0.664336 0.575262
vt 0.685774 0.575262
vt 0.685768 0.581472
vt 0.664330 0.581472
vt 0.685774 0.575657
vt 0.654831 0.456277
vt 0.653648 0.456280
vt 0.654184 0.453440
vt 0.653117 0.453954
vt 0.683121 0.631767
vt 0.682053 0.632282
vt 0.681306 0.629492
vt 0.680566 0.630418
vt 0.678684 0.628230
vt 0.678417 0.629383
vt 0.675775 0.628230
vt 0.676032 0.629383
vt 0.673153 0.629492
vt 0.642929 0.456280
vt 0.641754 0.456276
vt 0.643459 0.453954
vt 0.642402 0.453439
vt 0.672396 0.632282
vt 0.671339 0.631767
vt 0.673609 0.630652
vt 0.673883 0.630418
vt 0.671567 0.586423
vt 0.670691 0.583153
vt 0.671865 0.583157
vt 0.672166 0.584927
vt 0.672583 0.585837
vt 0.673960 0.588816
vt 0.615307 0.521026
vt 0.616825 0.521006
vt 0.617959 0.522143
vt 0.673609 0.587113
vt 0.674545 0.587798
vt 0.677230 0.589692
vt 0.621241 0.522169
vt 0.617976 0.521002
vt 0.619444 0.521008
vt 0.675915 0.588354
vt 0.677225 0.588516
vt 0.678534 0.588354
vt 0.680499 0.588816
vt 0.682584 0.583157
vt 0.683768 0.583154
vt 0.681866 0.585837
vt 0.682892 0.586423
vt 0.680841 0.587113
vt 0.725307 0.493713
vt 0.724167 0.494887
vt 0.724167 0.491951
vt 0.679905 0.587798
vt 0.619528 0.563252
vt 0.619528 0.549531
vt 0.622745 0.563249
vt 0.621653 0.549530
vt 0.624277 0.549525
vt 0.616580 0.534517
vt 0.618703 0.534516
vt 0.618703 0.548236
vt 0.615489 0.548239
vt 0.613962 0.548244
vt 0.613962 0.534524
vt 0.687641 0.469851
vt 0.687428 0.481832
vt 0.686328 0.482233
vt 0.684916 0.470577
vt 0.684703 0.482557
vt 0.683138 0.482652
vt 0.681774 0.470577
vt 0.681562 0.482557
vt 0.679900 0.482233
vt 0.678967 0.469851
vt 0.678754 0.481832
vt 0.624277 0.563245
vt 0.698405 0.614419
vt 0.707035 0.623608
vt 0.697614 0.616011
vt 0.706383 0.624497
vt 0.701659 0.614705
vt 0.703990 0.616449
vt 0.705939 0.618911
vt 0.699504 0.614097
vt 0.707042 0.621504
vt 0.699743 0.621291
vt 0.698104 0.618526
vt 0.702093 0.623565
vt 0.704524 0.624738
vt 0.619522 0.513067
vt 0.619522 0.526787
vt 0.616309 0.513070
vt 0.616309 0.526790
vt 0.613962 0.513080
vt 0.613962 0.526800
vt 0.707244 0.469747
vt 0.707031 0.481728
vt 0.704054 0.470167
vt 0.703841 0.482148
vt 0.700816 0.469747
vt 0.700603 0.481728
vt 0.725856 0.468727
vt 0.725856 0.482447
vt 0.723500 0.468734
vt 0.723500 0.482455
vt 0.720284 0.468737
vt 0.720284 0.482457
vt 0.731143 0.465353
vt 0.730044 0.465676
vt 0.725024 0.455034
vt 0.722513 0.456164
vt 0.723164 0.455276
vt 0.727454 0.456208
vt 0.729804 0.458481
vt 0.723609 0.460861
vt 0.722505 0.458268
vt 0.725558 0.463323
vt 0.727889 0.465067
vt 0.731934 0.463762
vt 0.601719 0.497499
vt 0.599590 0.492219
vt 0.601229 0.494984
vt 0.134048 0.694875
vt 0.126434 0.693346
vt 0.192616 0.549213
vt 0.161677 0.747419
vt 0.162358 0.747153
vt 0.127557 0.773023
vt 0.125736 0.687971
vt 0.127847 0.690145
vt 0.097755 0.820586
vt 0.053038 0.646522
vt 0.039421 0.647581
vt 0.086515 0.501017
vt 0.036621 0.647512
vt 0.027947 0.646678
vt 0.149111 0.655295
vt 0.158061 0.646344
vt 0.167853 0.639182
vt 0.134389 0.698101
vt 0.137804 0.703249
vt 0.068819 0.642258
vt 0.108868 0.524921
vt 0.072982 0.640530
vt 0.115452 0.679345
vt 0.062170 0.644476
vt 0.122820 0.692348
vt 0.110845 0.687669
vt 0.102004 0.682661
vt 0.096677 0.678868
vt 0.092839 0.675699
vt 0.084759 0.667503
vt 0.078047 0.658428
vt 0.077319 0.657262
vt 0.071572 0.645984
vt 0.070757 0.643936
vt 0.197439 0.684164
vt 0.075580 0.778887
vt 0.072484 0.768897
vt 0.071316 0.763107
vt 0.201531 0.729369
vt 0.200718 0.722657
vt 0.327653 0.650426
vt 0.200540 0.712952
vt 0.200718 0.709999
vt 0.102479 0.816027
vt 0.106255 0.809131
vt 0.221553 0.785377
vt 0.111281 0.801858
vt 0.005180 0.695825
vt 0.104061 0.672631
vt 0.176705 0.841019
vt 0.188777 0.837431
vt 0.141903 0.866890
vt 0.158154 0.772399
vt 0.161092 0.771827
vt 0.171367 0.770697
vt 0.176901 0.770635
vt 0.184681 0.771192
vt 0.191909 0.772398
vt 0.182264 0.714562
vt 0.188085 0.716036
vt 0.101635 0.744022
vt 0.197679 0.719522
vt 0.200517 0.720827
vt 0.140859 0.781765
vt 0.144201 0.774257
vt 0.250302 0.764617
vt 0.243905 0.693609
vt 0.252580 0.757823
vt 0.129972 0.770056
vt 0.148713 0.753943
vt 0.149732 0.753320
vt 0.138400 0.786250
vt 0.132700 0.794649
vt 0.130703 0.797124
vt 0.070504 0.743737
vt 0.072688 0.730402
vt 0.076395 0.719197
vt 0.078366 0.714813
vt 0.247356 0.699879
vt 0.255473 0.741645
vt 0.254051 0.751833
vt 0.251043 0.708595
vt 0.252251 0.712270
vt 0.142682 0.833385
vt 0.139459 0.804010
vt 0.142852 0.830347
vt 0.255644 0.738606
vt 0.254976 0.724824
vt 0.121322 0.806584
vt 0.092385 0.628256
vt 0.083310 0.634968
vt 0.090100 0.613575
vt 0.099586 0.606133
vt 0.100499 0.607992
vt 0.108661 0.599421
vt 0.109998 0.600987
vt 0.078446 0.615641
vt 0.085095 0.613423
vt 0.089258 0.611696
vt 0.150324 0.666040
vt 0.158998 0.666874
vt 0.161784 0.669002
vt 0.150017 0.668076
vt 0.138502 0.665484
vt 0.142710 0.664512
vt 0.139096 0.663514
vt 0.127474 0.661281
vt 0.127121 0.658834
vt 0.248494 0.620089
vt 0.247370 0.621813
vt 0.243168 0.616296
vt 0.237972 0.614673
vt 0.239330 0.613127
vt 0.229685 0.606268
vt 0.231250 0.604930
vt 0.111272 0.602479
vt 0.101548 0.609651
vt 0.095564 0.613103
vt 0.090902 0.615365
vt 0.079012 0.617620
vt 0.067461 0.620047
vt 0.069314 0.617687
vt 0.083660 0.711553
vt 0.081808 0.713913
vt 0.070029 0.714671
vt 0.189761 0.759750
vt 0.176130 0.762868
vt 0.176145 0.760809
vt 0.161798 0.666943
vt 0.079552 0.619507
vt 0.077886 0.619965
vt 0.067727 0.621991
vt 0.082074 0.715857
vt 0.173828 0.670188
vt 0.165225 0.670918
vt 0.161771 0.670964
vt 0.149726 0.670016
vt 0.146321 0.669430
vt 0.137938 0.667363
vt 0.128221 0.663773
vt 0.126648 0.663060
vt 0.257688 0.627543
vt 0.256862 0.629323
vt 0.257336 0.625097
vt 0.228196 0.607543
vt 0.236679 0.616147
vt 0.242049 0.620493
vt 0.246299 0.623457
vt 0.208580 0.681076
vt 0.206610 0.685459
vt 0.204709 0.684672
vt 0.217807 0.700534
vt 0.218974 0.706324
vt 0.216974 0.706806
vt 0.224538 0.595855
vt 0.222055 0.595766
vt 0.223810 0.594690
vt 0.216162 0.584200
vt 0.218063 0.583412
vt 0.220985 0.719151
vt 0.222070 0.716315
vt 0.222886 0.718363
vt 0.216994 0.693822
vt 0.214943 0.693985
vt 0.216816 0.684117
vt 0.214943 0.681004
vt 0.216994 0.681165
vt 0.216974 0.668183
vt 0.219179 0.667829
vt 0.224856 0.652241
vt 0.220985 0.655838
vt 0.228632 0.645346
vt 0.226878 0.644272
vt 0.233657 0.638073
vt 0.120777 0.779222
vt 0.128407 0.768721
vt 0.137586 0.759542
vt 0.138922 0.761106
vt 0.220385 0.596792
vt 0.217573 0.591835
vt 0.214353 0.584953
vt 0.219175 0.719903
vt 0.215533 0.709108
vt 0.215069 0.707265
vt 0.212990 0.694141
vt 0.212777 0.690347
vt 0.212990 0.680852
vt 0.214265 0.671442
vt 0.215069 0.667728
vt 0.202903 0.696664
vt 0.219175 0.655090
vt 0.219922 0.653342
vt 0.225208 0.643250
vt 0.250992 0.745485
vt 0.249322 0.744463
vt 0.258622 0.734983
vt 0.136314 0.758054
vt 0.126918 0.767450
vt 0.123364 0.771906
vt 0.253579 0.738169
vt 0.268533 0.679061
vt 0.263000 0.679123
vt 0.262906 0.677068
vt 0.148672 0.751557
vt 0.160922 0.745506
vt 0.161628 0.710806
vt 0.161722 0.712861
vt 0.148078 0.712552
vt 0.157724 0.770388
vt 0.144646 0.774340
vt 0.175268 0.839372
vt 0.179858 0.631422
vt 0.180104 0.629379
vt 0.187086 0.632627
vt 0.162973 0.676004
vt 0.155990 0.672756
vt 0.169374 0.675505
vt 0.168794 0.677478
vt 0.192908 0.634101
vt 0.193488 0.632128
vt 0.202502 0.637587
vt 0.110869 0.724342
vt 0.101855 0.718882
vt 0.114603 0.723795
vt 0.207325 0.661686
vt 0.211059 0.661139
vt 0.210162 0.662991
vt 0.222824 0.668084
vt 0.233286 0.676871
vt 0.221553 0.669705
vt 0.231837 0.678332
vt 0.249202 0.698968
vt 0.242160 0.687260
vt 0.240489 0.688462
vt 0.233948 0.680506
vt 0.257701 0.738683
vt 0.257080 0.725035
vt 0.254221 0.711675
vt 0.256067 0.752247
vt 0.252223 0.765358
vt 0.223643 0.579495
vt 0.223286 0.587030
vt 0.221366 0.586289
vt 0.218023 0.593797
vt 0.217336 0.599329
vt 0.215564 0.598282
vt 0.209864 0.606682
vt 0.209444 0.610481
vt 0.223391 0.694597
vt 0.222970 0.698397
vt 0.221394 0.697072
vt 0.213349 0.708097
vt 0.212012 0.706532
vt 0.147663 0.749880
vt 0.152022 0.747430
vt 0.160203 0.743685
vt 0.174000 0.741553
vt 0.219414 0.622096
vt 0.219502 0.624051
vt 0.205542 0.623883
vt 0.157315 0.768473
vt 0.171274 0.768642
vt 0.173591 0.739639
vt 0.169700 0.740568
vt 0.220413 0.622056
vt 0.263818 0.675073
vt 0.276560 0.677576
vt 0.172078 0.630864
vt 0.167363 0.626876
vt 0.180340 0.627436
vt 0.186267 0.628364
vt 0.194040 0.630249
vt 0.102408 0.717003
vt 0.198863 0.654347
vt 0.209190 0.658119
vt 0.211913 0.659378
vt 0.223958 0.666487
vt 0.225577 0.667662
vt 0.234668 0.675482
vt 0.239429 0.680612
vt 0.243751 0.686117
vt 0.250053 0.696319
vt 0.250960 0.698102
vt 0.212378 0.683643
vt 0.217516 0.696651
vt 0.215639 0.697216
vt 0.218333 0.699538
vt 0.218498 0.710576
vt 0.220443 0.710328
vt 0.219119 0.724224
vt 0.221089 0.718300
vt 0.221078 0.724299
vt 0.219601 0.737204
vt 0.217485 0.737788
vt 0.219406 0.738185
vt 0.213641 0.750899
vt 0.215470 0.751606
vt 0.184704 0.572571
vt 0.186534 0.573278
vt 0.185007 0.576976
vt 0.178754 0.584870
vt 0.180443 0.585869
vt 0.219025 0.600328
vt 0.121121 0.592549
vt 0.119619 0.591286
vt 0.124222 0.588627
vt 0.595045 0.477691
vt 0.590442 0.480350
vt 0.600024 0.470197
vt 0.538550 0.511055
vt 0.548709 0.509029
vt 0.552073 0.521759
vt 0.550375 0.508571
vt 0.557338 0.520211
vt 0.561725 0.504430
vt 0.582095 0.491543
vt 0.590641 0.501559
vt 0.572371 0.498715
vt 0.580388 0.509216
vt 0.566387 0.502167
vt 0.572495 0.513832
vt 0.569223 0.515469
vt 0.544935 0.523360
vt 0.532227 0.524865
vt 0.529948 0.511785
vt 0.636048 0.559982
vt 0.638328 0.573061
vt 0.636500 0.573140
vt 0.632594 0.560028
vt 0.625533 0.572894
vt 0.620549 0.559080
vt 0.614662 0.571421
vt 0.617144 0.558494
vt 0.612869 0.571058
vt 0.608761 0.556427
vt 0.600553 0.567584
vt 0.599044 0.552837
vt 0.593753 0.564886
vt 0.597471 0.552124
vt 0.727685 0.518387
vt 0.723967 0.531148
vt 0.719010 0.528795
vt 0.717122 0.512521
vt 0.708013 0.522253
vt 0.712872 0.509557
vt 0.705037 0.520125
vt 0.707502 0.505211
vt 0.697963 0.514331
vt 0.699019 0.496607
vt 0.689034 0.505165
vt 0.691208 0.485856
vt 0.683858 0.498550
vt 0.688396 0.480899
vt 0.676761 0.487019
vt 0.675168 0.483837
vt 0.685176 0.474017
vt 0.671790 0.475891
vt 0.669170 0.467838
vt 0.689998 0.608967
vt 0.673993 0.602789
vt 0.686356 0.598172
vt 0.673657 0.601548
vt 0.685892 0.596330
vt 0.685892 0.605969
vt 0.673657 0.611187
vt 0.672056 0.604049
vt 0.672056 0.594410
vt 0.683813 0.583205
vt 0.683813 0.592844
vt 0.670473 0.589513
vt 0.670473 0.579874
vt 0.683600 0.579411
vt 0.683600 0.589050
vt 0.670421 0.587075
vt 0.670421 0.577436
vt 0.683813 0.569916
vt 0.670719 0.578546
vt 0.683813 0.579556
vt 0.671759 0.570075
vt 0.671759 0.560436
vt 0.685088 0.560506
vt 0.685088 0.570145
vt 0.672192 0.567674
vt 0.672192 0.558035
vt 0.685892 0.556792
vt 0.676028 0.543926
vt 0.689998 0.544154
vt 0.678727 0.537126
vt 0.690745 0.542406
vt 0.679253 0.535954
vt 0.696031 0.532314
vt 0.683100 0.528409
vt 0.720145 0.633527
vt 0.707214 0.629622
vt 0.711793 0.622302
vt 0.724402 0.627233
vt 0.713865 0.619409
vt 0.727955 0.622776
vt 0.722678 0.609130
vt 0.597741 0.656514
vt 0.592464 0.642868
vt 0.607137 0.647118
vt 0.598610 0.637144
vt 0.644414 0.628703
vt 0.654469 0.614006
vt 0.658285 0.626915
vt 0.648640 0.569079
vt 0.644823 0.556170
vt 0.649206 0.555924
vt 0.649639 0.569040
vt 0.618486 0.638944
vt 0.611029 0.628121
vt 0.622845 0.636494
vt 0.616756 0.624871
vt 0.631026 0.632749
vt 0.624707 0.621151
vt 0.640523 0.629632
vt 0.637178 0.616944
vt 0.639307 0.616408
vt 0.662616 0.569599
vt 0.660174 0.556170
vt 0.566161 0.521403
vt 0.563719 0.507973
vt 0.572088 0.522331
vt 0.574590 0.509446
vt 0.579861 0.524216
vt 0.614430 0.527005
vt 0.604956 0.536356
vt 0.607158 0.522087
vt 0.592912 0.529246
vt 0.595499 0.515981
vt 0.590188 0.527988
vt 0.593480 0.515118
vt 0.578881 0.510375
vt 0.601496 0.490705
vt 0.591944 0.481613
vt 0.605601 0.485557
vt 0.632396 0.623270
vt 0.618739 0.619326
vt 0.621840 0.615404
vt 0.610519 0.478285
vt 0.616626 0.466626
vt 0.604588 0.461304
vt 0.617488 0.464608
vt 0.606114 0.457606
vt 0.622232 0.450008
vt 0.651169 0.628336
vt 0.635051 0.635934
vt 0.638986 0.622513
vt 0.652097 0.624045
vt 0.639182 0.621532
vt 0.653570 0.613174
vt 0.640659 0.608627
vt 0.653816 0.602206
vt 0.640669 0.602628
vt 0.653570 0.597823
vt 0.640023 0.594656
vt 0.651168 0.582661
vt 0.637913 0.583866
vt 0.650632 0.580532
vt 0.637096 0.580979
vt 0.646425 0.568061
vt 0.631958 0.567971
vt 0.642705 0.560111
vt 0.631051 0.566188
vt 0.639455 0.554384
vt 0.624749 0.555986
vt 0.630432 0.541965
vt 0.620427 0.550480
vt 0.619577 0.531110
vt 0.615666 0.545351
vt 0.606575 0.537530
vt 0.569497 0.516043
vt 0.580734 0.509750
vt 0.580873 0.509964
vt 0.625484 0.573528
vt 0.591054 0.502043
vt 0.532261 0.525500
vt 0.545051 0.523986
vt 0.638362 0.573696
vt 0.612737 0.571680
vt 0.600342 0.568184
vt 0.663776 0.581648
vt 0.663229 0.588971
vt 0.663266 0.576108
vt 0.697539 0.514804
vt 0.663498 0.551186
vt 0.663923 0.560067
vt 0.663356 0.563441
vt 0.707654 0.522777
vt 0.718723 0.529362
vt 0.634510 0.470438
vt 0.634290 0.459807
vt 0.634673 0.459677
vt 0.634501 0.448210
vt 0.663438 0.626538
vt 0.663227 0.638135
vt 0.663054 0.626638
vt 0.663316 0.614403
vt 0.663115 0.551092
vt 0.662973 0.563378
vt 0.662883 0.576078
vt 0.662845 0.588974
vt 0.662862 0.601845
vt 0.663246 0.601809
vt 0.662932 0.614472
vt 0.591220 0.502238
vt 0.635076 0.488394
vt 0.635412 0.495412
vt 0.634402 0.495629
vt 0.634065 0.488594
vt 0.557535 0.520816
vt 0.634892 0.470281
vt 0.635155 0.479840
vt 0.634774 0.480022
vt 0.569607 0.516273
vt 0.633879 0.483712
vt 0.633762 0.480201
vt 0.635322 0.465490
vt 0.633498 0.470593
vt 0.633451 0.468540
vt 0.633278 0.459934
vt 0.634118 0.448310
vt 0.662215 0.638262
vt 0.662072 0.629101
vt 0.662042 0.626736
vt 0.661919 0.614539
vt 0.661884 0.609519
vt 0.661849 0.601880
vt 0.661832 0.588976
vt 0.661869 0.576048
vt 0.661917 0.568371
vt 0.661960 0.563316
vt 0.662102 0.550998
vt 0.662137 0.548603
vt 0.688552 0.505578
vt 0.663689 0.539553
vt 0.663306 0.539429
vt 0.662294 0.539306
vt 0.712976 0.609943
vt 0.713036 0.618435
vt 0.712471 0.618455
vt 0.712430 0.575516
vt 0.712498 0.567226
vt 0.713512 0.567291
vt 0.674751 0.484037
vt 0.678734 0.491518
vt 0.683483 0.498820
vt 0.663009 0.532114
vt 0.662480 0.530537
vt 0.663185 0.525080
vt 0.662620 0.525032
vt 0.663373 0.518708
vt 0.662933 0.514962
vt 0.663582 0.512716
vt 0.663239 0.507342
vt 0.667233 0.469098
vt 0.668834 0.476236
vt 0.668726 0.477602
vt 0.669170 0.477477
vt 0.671358 0.485693
vt 0.671790 0.485530
vt 0.674751 0.493677
vt 0.673548 0.612553
vt 0.671602 0.604134
vt 0.670411 0.595675
vt 0.669960 0.587080
vt 0.712556 0.626663
vt 0.713121 0.626638
vt 0.712577 0.628313
vt 0.713232 0.634646
vt 0.683640 0.449985
vt 0.684295 0.456318
vt 0.683864 0.464016
vt 0.684429 0.463979
vt 0.683955 0.468440
vt 0.684586 0.471265
vt 0.684200 0.478193
vt 0.684765 0.478145
vt 0.684398 0.484546
vt 0.684963 0.484493
vt 0.684617 0.490434
vt 0.685182 0.490377
vt 0.663803 0.507404
vt 0.678833 0.535763
vt 0.675593 0.543773
vt 0.675593 0.553412
vt 0.678727 0.546766
vt 0.676028 0.553566
vt 0.673095 0.561581
vt 0.671304 0.570000
vt 0.670259 0.578511
vt 0.722350 0.608807
vt 0.716516 0.615276
vt 0.711413 0.622041
vt 0.706812 0.629396
vt 0.682698 0.528183
vt 0.664025 0.532453
vt 0.663557 0.532244
vt 0.664199 0.525462
vt 0.663732 0.525227
vt 0.678415 0.491707
vt 0.674418 0.484198
vt 0.671358 0.476054
vt 0.674418 0.493838
vt 0.671011 0.485824
vt 0.668369 0.477702
vt 0.666779 0.469183
vt 0.673192 0.612653
vt 0.671238 0.604203
vt 0.670043 0.595713
vt 0.685781 0.477760
vt 0.685313 0.477997
vt 0.685603 0.470921
vt 0.685134 0.471133
vt 0.685447 0.463679
vt 0.684978 0.463864
vt 0.685314 0.456065
vt 0.684844 0.456221
vt 0.685204 0.448106
vt 0.714141 0.626434
vt 0.713781 0.634549
vt 0.713670 0.626559
vt 0.714056 0.618281
vt 0.713586 0.618376
vt 0.713996 0.609841
vt 0.713525 0.609904
vt 0.713962 0.601402
vt 0.713491 0.601434
vt 0.713954 0.592735
vt 0.713483 0.592733
vt 0.713971 0.584269
vt 0.713500 0.584236
vt 0.714016 0.575636
vt 0.713545 0.575570
vt 0.712995 0.575529
vt 0.712951 0.584215
vt 0.712933 0.592732
vt 0.712941 0.601453
vt 0.684734 0.448231
vt 0.685510 0.484330
vt 0.685729 0.490200
vt 0.664349 0.507592
vt 0.664129 0.512892
vt 0.663920 0.518870
vt 0.712410 0.609956
vt 0.712402 0.608317
vt 0.712376 0.601459
vt 0.712375 0.587654
vt 0.713896 0.567358
vt 0.592135 0.642544
vt 0.598199 0.636663
vt 0.728825 0.603406
vt 0.618892 0.535881
vt 0.619162 0.523620
vt 0.619546 0.523756
vt 0.624184 0.599788
vt 0.624007 0.584470
vt 0.624392 0.584415
vt 0.693222 0.508272
vt 0.693200 0.493444
vt 0.693575 0.493496
vt 0.722136 0.611273
vt 0.722159 0.597718
vt 0.722534 0.597579
vt 0.610698 0.627581
vt 0.639159 0.615792
vt 0.624465 0.620567
vt 0.692674 0.451921
vt 0.693186 0.447493
vt 0.693182 0.462676
vt 0.579030 0.509759
vt 0.693186 0.478120
vt 0.692674 0.473700
vt 0.563769 0.507342
vt 0.660225 0.555539
vt 0.607490 0.521548
vt 0.692693 0.495458
vt 0.593724 0.514534
vt 0.619990 0.530629
vt 0.630915 0.541554
vt 0.639997 0.554054
vt 0.651786 0.582515
vt 0.623629 0.597634
vt 0.647012 0.567820
vt 0.618921 0.484574
vt 0.619449 0.480282
vt 0.619444 0.495474
vt 0.622849 0.450158
vt 0.651786 0.628486
vt 0.619347 0.510040
vt 0.618849 0.505735
vt 0.654203 0.613225
vt 0.611061 0.478618
vt 0.618075 0.464852
vt 0.601979 0.491118
vt 0.714083 0.552804
vt 0.713699 0.552700
vt 0.693561 0.478132
vt 0.693556 0.462648
vt 0.693561 0.447426
vt 0.722498 0.625754
vt 0.722118 0.641004
vt 0.722123 0.625821
vt 0.722511 0.611169
vt 0.624129 0.569564
vt 0.623746 0.569658
vt 0.623788 0.555585
vt 0.623405 0.555715
vt 0.623376 0.542822
vt 0.622994 0.542985
vt 0.693628 0.522365
vt 0.693253 0.522239
vt 0.693597 0.508363
vt 0.619732 0.510141
vt 0.619829 0.495537
vt 0.619834 0.480306
vt 0.619746 0.464821
vt 0.619275 0.536048
vt 0.618926 0.546715
vt 0.618543 0.546520
vt 0.602173 0.491284
vt 0.712686 0.552597
vt 0.712745 0.549082
vt 0.714718 0.547148
vt 0.714346 0.539241
vt 0.713963 0.539102
vt 0.712950 0.538965
vt 0.644774 0.555539
vt 0.654419 0.613375
vt 0.723527 0.604107
vt 0.723539 0.597441
vt 0.723517 0.611066
vt 0.723505 0.621958
vt 0.723503 0.625688
vt 0.722493 0.640976
vt 0.694566 0.447360
vt 0.694561 0.462621
vt 0.694566 0.478144
vt 0.694569 0.482021
vt 0.694580 0.493547
vt 0.692729 0.516104
vt 0.694590 0.501085
vt 0.694603 0.508451
vt 0.694625 0.519080
vt 0.694633 0.522489
vt 0.624387 0.542658
vt 0.624800 0.555453
vt 0.625143 0.569468
vt 0.625216 0.573122
vt 0.623335 0.576111
vt 0.625406 0.584356
vt 0.625506 0.592014
vt 0.624569 0.599772
vt 0.624271 0.615233
vt 0.654203 0.597775
vt 0.625584 0.599752
vt 0.625658 0.611404
vt 0.620835 0.476453
vt 0.620849 0.480325
vt 0.620844 0.495596
vt 0.620747 0.510236
vt 0.620709 0.513755
vt 0.620561 0.523886
vt 0.620435 0.530234
vt 0.618171 0.541715
vt 0.619519 0.555703
vt 0.618507 0.555493
vt 0.619939 0.546903
vt 0.620033 0.544398
vt 0.620289 0.536209
vt 0.718160 0.468736
vt 0.718160 0.482456
vt 0.715538 0.468731
vt 0.715538 0.482451
vt 0.718732 0.472644
vt 0.716402 0.470900
vt 0.714452 0.468437
vt 0.713349 0.465845
vt 0.624275 0.513075
vt 0.624275 0.526795
vt 0.621647 0.513068
vt 0.621647 0.526788
vt 0.616739 0.563250
vt 0.616313 0.549529
vt 0.616313 0.563249
vt 0.614502 0.563244
vt 0.613962 0.549521
vt 0.693653 0.631609
vt 0.692937 0.631141
vt 0.691541 0.629943
vt 0.690587 0.628868
vt 0.689766 0.627700
vt 0.688948 0.626103
vt 0.688678 0.625326
vt 0.624282 0.534528
vt 0.623738 0.548246
vt 0.621921 0.534519
vt 0.621495 0.548238
vt 0.621921 0.548239
vt 0.650965 0.598260
vt 0.651063 0.578965
vt 0.652850 0.578979
vt 0.653300 0.598866
vt 0.655337 0.578964
vt 0.655232 0.599316
vt 0.655563 0.599385
vt 0.657137 0.578907
vt 0.657137 0.599632
vt 0.681819 0.578958
vt 0.681819 0.599698
vt 0.679533 0.599639
vt 0.679966 0.578906
vt 0.677595 0.579167
vt 0.676914 0.599617
vt 0.677073 0.579263
vt 0.674589 0.599637
vt 0.675264 0.579714
vt 0.673463 0.599672
vt 0.673617 0.580375
vt 0.637636 0.501792
vt 0.639266 0.501823
vt 0.639205 0.521119
vt 0.673363 0.580400
vt 0.673463 0.599694
vt 0.671776 0.579753
vt 0.672318 0.599648
vt 0.669975 0.599616
vt 0.665089 0.599694
vt 0.667037 0.578907
vt 0.667357 0.599633
vt 0.669475 0.579191
vt 0.669872 0.579266
vt 0.637055 0.521689
vt 0.652314 0.465927
vt 0.651518 0.485843
vt 0.649600 0.486260
vt 0.649820 0.465896
vt 0.649068 0.486351
vt 0.647245 0.465870
vt 0.646766 0.486614
vt 0.665187 0.578952
vt 0.642308 0.520437
vt 0.640990 0.520710
vt 0.642041 0.501832
vt 0.639864 0.520962
vt 0.643480 0.520212
vt 0.643540 0.501814
vt 0.644120 0.520097
vt 0.644446 0.501792
vt 0.645282 0.519902
vt 0.621731 0.502899
vt 0.622656 0.521085
vt 0.621731 0.521048
vt 0.621442 0.502906
vt 0.620666 0.521023
vt 0.619275 0.502848
vt 0.617056 0.502638
vt 0.614821 0.502248
vt 0.614500 0.521045
vt 0.613375 0.521089
vt 0.613375 0.501792
vt 0.648957 0.578915
vt 0.652157 0.521020
vt 0.652637 0.502161
vt 0.653779 0.521086
vt 0.653408 0.501934
vt 0.648957 0.598200
vt 0.648585 0.579049
vt 0.648957 0.578907
vt 0.645282 0.502892
vt 0.647308 0.502867
vt 0.647558 0.520994
vt 0.647674 0.502847
vt 0.649937 0.520988
vt 0.649504 0.502691
vt 0.650291 0.520990
vt 0.650294 0.502594
vt 0.651517 0.502401
vt 0.649004 0.597706
vt 0.667421 0.551727
vt 0.667421 0.570526
vt 0.665055 0.570081
vt 0.665093 0.551705
vt 0.662878 0.569855
vt 0.662770 0.551686
vt 0.645493 0.521039
vt 0.683242 0.528628
vt 0.681216 0.528997
vt 0.681251 0.520363
vt 0.683274 0.520128
vt 0.681297 0.511714
vt 0.683317 0.511613
vt 0.683331 0.504865
vt 0.681309 0.503053
vt 0.683331 0.504802
vt 0.681198 0.480737
vt 0.683224 0.481116
vt 0.681270 0.494410
vt 0.683292 0.494577
vt 0.683328 0.503086
vt 0.710788 0.567225
vt 0.710665 0.587653
vt 0.710691 0.608317
vt 0.710866 0.628312
vt 0.681929 0.449985
vt 0.682245 0.468439
vt 0.682687 0.484545
vt 0.660769 0.530535
vt 0.661223 0.514960
vt 0.683238 0.497599
vt 0.660426 0.548601
vt 0.660206 0.568368
vt 0.660174 0.609517
vt 0.660121 0.588974
vt 0.660361 0.629099
vt 0.631425 0.450771
vt 0.633136 0.450773
vt 0.631740 0.468537
vt 0.632168 0.483710
vt 0.632692 0.495627
vt 0.626511 0.555442
vt 0.626243 0.546756
vt 0.696357 0.526915
vt 0.696337 0.519080
vt 0.696314 0.508451
vt 0.696302 0.501084
vt 0.696286 0.488449
vt 0.696280 0.482020
vt 0.696274 0.467784
vt 0.696273 0.462620
vt 0.696278 0.447360
vt 0.725214 0.625687
vt 0.723498 0.640949
vt 0.725217 0.621958
vt 0.725235 0.606395
vt 0.725239 0.604106
vt 0.711398 0.532627
vt 0.711055 0.547925
vt 0.621229 0.555692
vt 0.621774 0.543525
vt 0.622145 0.530222
vt 0.622190 0.528146
vt 0.622419 0.513744
vt 0.622458 0.510225
vt 0.622554 0.495584
vt 0.622566 0.490546
vt 0.622546 0.476442
vt 0.622511 0.469969
vt 0.627334 0.604920
vt 0.627216 0.592003
vt 0.627117 0.584345
vt 0.626927 0.573111
vt 0.626748 0.564670
vt 0.709863 0.604091
vt 0.688418 0.610782
vt 0.709856 0.610782
vt 0.709849 0.622054
vt 0.688410 0.631204
vt 0.709847 0.631204
vt 0.709849 0.640352
vt 0.688419 0.651734
vt 0.685749 0.557082
vt 0.664305 0.550521
vt 0.685742 0.550401
vt 0.685735 0.539139
vt 0.709922 0.555259
vt 0.688485 0.555199
vt 0.709943 0.550411
vt 0.688505 0.550411
vt 0.675505 0.545056
vt 0.689812 0.533218
vt 0.678161 0.554058
vt 0.692521 0.542377
vt 0.681015 0.561766
vt 0.695322 0.549928
vt 0.684234 0.569180
vt 0.698659 0.557595
vt 0.689220 0.579061
vt 0.703527 0.567223
vt 0.692325 0.584542
vt 0.706835 0.573049
vt 0.733198 0.598683
vt 0.718891 0.610521
vt 0.714613 0.606630
vt 0.728893 0.594774
vt 0.630594 0.501816
vt 0.630613 0.523254
vt 0.588677 0.644259
vt 0.602983 0.632421
vt 0.598221 0.654488
vt 0.612528 0.642650
vt 0.602823 0.658899
vt 0.617130 0.647061
vt 0.611336 0.666260
vt 0.625642 0.654422
vt 0.617893 0.671269
vt 0.632200 0.659431
vt 0.719171 0.459203
vt 0.733478 0.447365
vt 0.726136 0.463914
vt 0.595921 0.497651
vt 0.603263 0.481103
vt 0.610228 0.485813
vt 0.604236 0.502456
vt 0.618543 0.490618
vt 0.691542 0.531073
vt 0.691542 0.509636
vt 0.696450 0.531089
vt 0.696450 0.509652
vt 0.706971 0.531117
vt 0.706971 0.509679
vt 0.597529 0.550439
vt 0.606770 0.550297
vt 0.604811 0.551339
vt 0.603346 0.553295
vt 0.602895 0.555453
vt 0.597561 0.570373
vt 0.603410 0.557736
vt 0.604643 0.559407
vt 0.604950 0.559667
vt 0.607170 0.560698
vt 0.618999 0.570359
vt 0.609299 0.560708
vt 0.611471 0.559740
vt 0.611879 0.559402
vt 0.618977 0.557327
vt 0.613063 0.557822
vt 0.613614 0.555446
vt 0.618967 0.550425
vt 0.613571 0.554775
vt 0.613312 0.553679
vt 0.612712 0.552476
vt 0.611867 0.551492
vt 0.611239 0.550999
vt 0.609559 0.550251
vt 0.609182 0.550170
vt 0.597510 0.529728
vt 0.618948 0.529714
vt 0.618955 0.539177
vt 0.618943 0.520750
vt 0.609700 0.509148
vt 0.611660 0.508106
vt 0.618941 0.509007
vt 0.613129 0.506151
vt 0.618942 0.502592
vt 0.613582 0.503995
vt 0.613072 0.501712
vt 0.611841 0.500043
vt 0.611534 0.499783
vt 0.609317 0.498752
vt 0.607188 0.498742
vt 0.605013 0.499709
vt 0.602905 0.504672
vt 0.603163 0.505768
vt 0.597503 0.509021
vt 0.604605 0.500048
vt 0.603418 0.501627
vt 0.602863 0.504002
vt 0.603761 0.506970
vt 0.604604 0.507954
vt 0.605232 0.508447
vt 0.607288 0.509275
vt 0.606912 0.509195
vt 0.646966 0.493877
vt 0.665622 0.492234
vt 0.647891 0.489599
vt 0.666561 0.487940
vt 0.619010 0.574452
vt 0.597573 0.574509
vt 0.657138 0.578937
vt 0.661404 0.578920
vt 0.657137 0.600375
vt 0.661422 0.600358
vt 0.656503 0.508237
vt 0.637856 0.509819
vt 0.656509 0.508205
vt 0.634248 0.522568
vt 0.652899 0.521013
vt 0.634813 0.517962
vt 0.653460 0.516373
vt 0.665089 0.578906
vt 0.665089 0.600344
vt 0.664326 0.591862
vt 0.664324 0.586191
vt 0.685761 0.586221
vt 0.664323 0.587682
vt 0.685761 0.587682
vt 0.685763 0.591183
vt 0.656477 0.562515
vt 0.655034 0.567249
vt 0.652394 0.565761
vt 0.653596 0.561816
vt 0.653706 0.556890
vt 0.656608 0.556604
vt 0.656612 0.551713
vt 0.653710 0.551184
vt 0.657537 0.547435
vt 0.654789 0.546193
vt 0.659246 0.544405
vt 0.656783 0.542658
vt 0.595412 0.571185
vt 0.595379 0.550852
vt 0.595359 0.529727
vt 0.595352 0.508606
vt 0.595359 0.488284
vt 0.638148 0.521998
vt 0.609349 0.504955
vt 0.728436 0.620750
vt 0.596243 0.656659
vt 0.712614 0.454195
vt 0.738496 0.474043
vt 0.710220 0.604531
vt 0.682543 0.587397
vt 0.683931 0.597458
vt 0.685151 0.602892
vt 0.687807 0.611894
vt 0.675243 0.554777
vt 0.712017 0.580715
vt 0.712023 0.564290
vt 0.712012 0.569393
vt 0.712010 0.573481
vt 0.712010 0.575185
vt 0.712019 0.590415
vt 0.712023 0.585882
vt 0.712023 0.585522
vt 0.711998 0.603480
vt 0.687885 0.557704
vt 0.687905 0.570741
vt 0.687870 0.539353
vt 0.711984 0.640566
vt 0.711982 0.631211
vt 0.711984 0.621853
vt 0.687904 0.580443
vt 0.687909 0.575269
vt 0.687909 0.575598
vt 0.687896 0.585983
vt 0.687896 0.587688
vt 0.687898 0.591772
vt 0.687909 0.596860
vt 0.643337 0.529737
vt 0.645780 0.527957
vt 0.649543 0.538406
vt 0.651864 0.536457
vt 0.634620 0.541962
vt 0.631761 0.528117
vt 0.639548 0.558888
vt 0.645729 0.574241
vt 0.652983 0.587573
vt 0.652730 0.581295
vt 0.631326 0.522360
vt 0.631986 0.516986
vt 0.636233 0.514366
vt 0.633642 0.512791
vt 0.634995 0.509002
vt 0.635260 0.504199
vt 0.647998 0.575621
vt 0.634902 0.489990
vt 0.650736 0.576890
vt 0.644212 0.587889
vt 0.643602 0.590444
vt 0.640810 0.607088
vt 0.635987 0.472138
vt 0.720282 0.483748
vt 0.717734 0.483746
vt 0.720888 0.473252
vt 0.713356 0.463740
vt 0.622069 0.528069
vt 0.619519 0.528068
vt 0.615663 0.528072
vt 0.709319 0.480581
vt 0.710430 0.482017
vt 0.707685 0.483394
vt 0.703857 0.483898
vt 0.699971 0.483394
vt 0.698185 0.480581
vt 0.697069 0.482017
vt 0.724142 0.483744
vt 0.622050 0.549520
vt 0.618699 0.549517
vt 0.688457 0.623587
vt 0.619527 0.564542
vt 0.616179 0.564539
vt 0.695682 0.632370
vt 0.695368 0.632315
vt 0.623387 0.564539
vt 0.676366 0.482522
vt 0.677482 0.481085
vt 0.679268 0.483899
vt 0.683154 0.484402
vt 0.686982 0.483899
vt 0.614843 0.549521
vt 0.688615 0.481085
vt 0.689726 0.482522
vt 0.693953 0.492600
vt 0.693950 0.493775
vt 0.691630 0.492602
vt 0.691115 0.493777
vt 0.689994 0.572931
vt 0.691051 0.574210
vt 0.688559 0.573840
vt 0.689301 0.575319
vt 0.686440 0.574345
vt 0.686716 0.575935
vt 0.684056 0.574345
vt 0.683807 0.575935
vt 0.681879 0.573841
vt 0.681152 0.575319
vt 0.680341 0.572932
vt 0.679275 0.574211
vt 0.708564 0.508451
vt 0.709075 0.509634
vt 0.706238 0.508453
vt 0.706237 0.509636
vt 0.703559 0.508450
vt 0.702968 0.509633
vt 0.674305 0.488904
vt 0.672280 0.487926
vt 0.670322 0.486031
vt 0.699259 0.664359
vt 0.697892 0.662055
vt 0.697484 0.659959
vt 0.696635 0.492603
vt 0.697222 0.493778
vt 0.719533 0.492600
vt 0.719529 0.493774
vt 0.717764 0.492601
vt 0.717371 0.493776
vt 0.618996 0.563027
vt 0.620101 0.564246
vt 0.617615 0.564092
vt 0.618416 0.565546
vt 0.615344 0.564697
vt 0.615646 0.566284
vt 0.612726 0.564697
vt 0.612452 0.566284
vt 0.610387 0.564092
vt 0.609598 0.565546
vt 0.608884 0.563027
vt 0.607764 0.564246
vt 0.699492 0.603458
vt 0.699880 0.604641
vt 0.697721 0.603459
vt 0.697720 0.604642
vt 0.695396 0.603457
vt 0.694884 0.604640
vt 0.673504 0.592892
vt 0.671813 0.592258
vt 0.670053 0.590870
vt 0.668573 0.589001
vt 0.667667 0.587022
vt 0.667513 0.585326
vt 0.721860 0.492602
vt 0.722368 0.493777
vt 0.702787 0.492600
vt 0.702783 0.493775
vt 0.700463 0.492602
vt 0.699948 0.493777
vt 0.604073 0.561539
vt 0.605131 0.562818
vt 0.602638 0.562448
vt 0.603380 0.563927
vt 0.600519 0.562952
vt 0.600795 0.564542
vt 0.598135 0.562952
vt 0.597887 0.564542
vt 0.595958 0.562448
vt 0.595231 0.563927
vt 0.726173 0.528710
vt 0.725446 0.530189
vt 0.724635 0.527801
vt 0.723569 0.529080
vt 0.612095 0.563357
vt 0.612606 0.564540
vt 0.609770 0.563359
vt 0.609769 0.564542
vt 0.705622 0.493777
vt 0.705114 0.492602
vt 0.705469 0.492603
vt 0.706302 0.485931
vt 0.706486 0.487380
vt 0.706710 0.488027
vt 0.707392 0.489358
vt 0.708076 0.490331
vt 0.708872 0.491227
vt 0.710035 0.492226
vt 0.710631 0.492616
vt 0.607445 0.563357
vt 0.606932 0.564540
vt 0.712322 0.493249
vt 0.712060 0.493204
vt 0.705863 0.603453
vt 0.705860 0.604627
vt 0.703539 0.603455
vt 0.703025 0.604630
vt 0.604073 0.538011
vt 0.605130 0.539290
vt 0.602638 0.538920
vt 0.603380 0.540398
vt 0.600519 0.539424
vt 0.600795 0.541014
vt 0.598135 0.539424
vt 0.597887 0.541014
vt 0.595958 0.538920
vt 0.595231 0.540398
vt 0.726173 0.505182
vt 0.725446 0.506661
vt 0.724635 0.504273
vt 0.723569 0.505552
vt 0.612095 0.537620
vt 0.612606 0.538802
vt 0.609770 0.537621
vt 0.609769 0.538804
vt 0.708699 0.604630
vt 0.708190 0.603455
vt 0.708545 0.603456
vt 0.678607 0.569593
vt 0.678790 0.571042
vt 0.679015 0.571689
vt 0.679697 0.573020
vt 0.680381 0.573993
vt 0.681176 0.574889
vt 0.682339 0.575888
vt 0.682936 0.576278
vt 0.607445 0.537620
vt 0.606932 0.538802
vt 0.684627 0.576911
vt 0.684365 0.576866
vt 0.597465 0.526338
vt 0.597462 0.527512
vt 0.595696 0.526339
vt 0.595303 0.527514
vt 0.618996 0.586652
vt 0.620101 0.587872
vt 0.617615 0.587718
vt 0.618416 0.589172
vt 0.615344 0.588323
vt 0.615646 0.589909
vt 0.612726 0.588323
vt 0.612452 0.589909
vt 0.610387 0.587718
vt 0.609598 0.589172
vt 0.608884 0.586652
vt 0.607764 0.587872
vt 0.713395 0.492606
vt 0.713783 0.493788
vt 0.711624 0.492607
vt 0.711623 0.493790
vt 0.709299 0.492605
vt 0.708787 0.493788
vt 0.715699 0.620031
vt 0.714007 0.619397
vt 0.712248 0.618009
vt 0.710768 0.616140
vt 0.709862 0.614161
vt 0.709708 0.612465
vt 0.599792 0.526340
vt 0.600301 0.527515
vt 0.694072 0.504862
vt 0.694073 0.511472
vt 0.683238 0.535413
vt 0.683239 0.534230
vt 0.694067 0.535409
vt 0.683215 0.556998
vt 0.694042 0.558169
vt 0.683213 0.558173
vt 0.683173 0.577761
vt 0.693999 0.578866
vt 0.683170 0.578870
vt 0.683114 0.595715
vt 0.693939 0.596692
vt 0.683110 0.596695
vt 0.665217 0.604663
vt 0.671023 0.622807
vt 0.671523 0.624071
vt 0.680295 0.642835
vt 0.681024 0.644189
vt 0.671379 0.586353
vt 0.682755 0.605006
vt 0.683705 0.606397
vt 0.693323 0.619413
vt 0.697227 0.624218
vt 0.684568 0.463562
vt 0.676667 0.441278
vt 0.713505 0.641890
vt 0.698377 0.625586
vt 0.721483 0.492555
vt 0.719973 0.491639
vt 0.703460 0.480142
vt 0.702021 0.479011
vt 0.685884 0.464844
vt 0.598439 0.631170
vt 0.594151 0.631179
vt 0.598431 0.624839
vt 0.728646 0.591102
vt 0.724366 0.597441
vt 0.722803 0.597301
vt 0.721394 0.596916
vt 0.719964 0.596236
vt 0.718296 0.594940
vt 0.717825 0.532651
vt 0.728653 0.532627
vt 0.717805 0.547681
vt 0.728633 0.549240
vt 0.717804 0.549263
vt 0.728629 0.561956
vt 0.717801 0.567115
vt 0.728630 0.568988
vt 0.717801 0.569011
vt 0.717815 0.588973
vt 0.717821 0.594425
vt 0.652243 0.539989
vt 0.652251 0.533655
vt 0.656531 0.539998
vt 0.661920 0.538106
vt 0.659241 0.539564
vt 0.694072 0.504798
vt 0.694045 0.474336
vt 0.694068 0.498252
vt 0.663095 0.511547
vt 0.663082 0.531568
vt 0.663076 0.536981
vt 0.652263 0.518534
vt 0.652266 0.511523
vt 0.663096 0.509812
vt 0.652264 0.491750
vt 0.652243 0.475106
vt 0.663092 0.490437
vt 0.663093 0.491773
vt 0.677110 0.514757
vt 0.680456 0.534582
vt 0.670525 0.535522
vt 0.679977 0.535837
vt 0.663072 0.475129
vt 0.681641 0.491956
vt 0.686866 0.513866
vt 0.686562 0.515072
vt 0.698254 0.602392
vt 0.698214 0.603273
vt 0.688762 0.602958
vt 0.683939 0.468007
vt 0.693392 0.468322
vt 0.691247 0.491196
vt 0.691093 0.492271
vt 0.698767 0.565951
vt 0.687865 0.548213
vt 0.698694 0.548220
vt 0.675202 0.514260
vt 0.684660 0.514587
vt 0.691229 0.533702
vt 0.681825 0.533564
vt 0.695787 0.555268
vt 0.686397 0.555359
vt 0.698159 0.578461
vt 0.688740 0.578795
vt 0.698192 0.579110
vt 0.698465 0.595299
vt 0.698826 0.586575
vt 0.687995 0.586160
vt 0.687937 0.565763
vt 0.683216 0.474340
vt 0.683215 0.473673
vt 0.698868 0.609287
vt 0.688037 0.608624
vt 0.687996 0.586579
vt 0.687955 0.493777
vt 0.687447 0.492602
vt 0.687802 0.492603
vt 0.617868 0.516682
vt 0.618052 0.518131
vt 0.618277 0.518778
vt 0.618959 0.520109
vt 0.619643 0.521082
vt 0.620438 0.521978
vt 0.621601 0.522977
vt 0.622198 0.523367
vt 0.628895 0.520183
vt 0.628383 0.521365
vt 0.623889 0.524000
vt 0.623627 0.523955
vt 0.666335 0.530345
vt 0.666066 0.534382
vt 0.661134 0.542410
vt 0.663528 0.542033
vt 0.665099 0.538532
vt 0.660610 0.543064
vt 0.661170 0.545228
vt 0.659732 0.544018
vt 0.658013 0.547936
vt 0.657698 0.545741
vt 0.655394 0.547153
vt 0.654849 0.549704
vt 0.653739 0.547924
vt 0.650591 0.551177
vt 0.648521 0.549451
vt 0.646765 0.551886
vt 0.730389 0.599699
vt 0.664701 0.472794
vt 0.666335 0.472791
vt 0.700871 0.578216
vt 0.698461 0.554658
vt 0.693832 0.532752
vt 0.687159 0.513336
vt 0.678699 0.497153
vt 0.676331 0.498655
vt 0.668775 0.484822
vt 0.666561 0.486515
vt 0.685968 0.585311
vt 0.686011 0.608128
vt 0.681188 0.473177
vt 0.664405 0.534857
vt 0.665054 0.532509
vt 0.665137 0.508836
vt 0.665122 0.530935
vt 0.665122 0.531441
vt 0.664827 0.568793
vt 0.661738 0.568131
vt 0.662599 0.567092
vt 0.674643 0.554026
vt 0.671593 0.553756
vt 0.672263 0.552554
vt 0.682966 0.535771
vt 0.689476 0.514729
vt 0.693926 0.491702
vt 0.696145 0.467573
vt 0.700968 0.602524
vt 0.701182 0.595319
vt 0.622860 0.532934
vt 0.622656 0.529866
vt 0.628851 0.530007
vt 0.622753 0.526984
vt 0.628944 0.527426
vt 0.629045 0.533079
vt 0.629277 0.534657
vt 0.623377 0.535819
vt 0.628502 0.536799
vt 0.624045 0.537837
vt 0.628558 0.538515
vt 0.624554 0.538809
vt 0.628841 0.539115
vt 0.623086 0.523254
vt 0.629277 0.523696
vt 0.642121 0.458436
vt 0.643229 0.458050
vt 0.643881 0.461103
vt 0.644672 0.460236
vt 0.676634 0.600757
vt 0.679829 0.600783
vt 0.646695 0.462617
vt 0.646979 0.461477
vt 0.649598 0.461477
vt 0.653347 0.458050
vt 0.654465 0.458436
vt 0.651904 0.460236
vt 0.652704 0.461103
vt 0.649891 0.462617
vt 0.666883 0.481208
vt 0.662952 0.480660
vt 0.662626 0.479781
vt 0.609185 0.539068
vt 0.608889 0.538229
vt 0.605882 0.538952
vt 0.605793 0.538091
vt 0.683401 0.580994
vt 0.682284 0.581387
vt 0.681641 0.578327
vt 0.680841 0.579201
vt 0.654730 0.599665
vt 0.654642 0.600847
vt 0.651588 0.599632
vt 0.652068 0.600821
vt 0.678827 0.576813
vt 0.678534 0.577960
vt 0.675915 0.577960
vt 0.672166 0.581387
vt 0.671058 0.580994
vt 0.673609 0.579201
vt 0.672818 0.578327
vt 0.675632 0.576813
vt 0.666126 0.589140
vt 0.690092 0.641036
vt 0.683768 0.634604
vt 0.690092 0.608879
vt 0.637846 0.454128
vt 0.664782 0.601608
vt 0.664570 0.608879
vt 0.665131 0.620706
vt 0.666782 0.632456
vt 0.649227 0.538132
vt 0.653079 0.542997
vt 0.642456 0.542922
vt 0.643076 0.541930
vt 0.643701 0.541641
vt 0.647094 0.546764
vt 0.644477 0.547780
vt 0.640990 0.544371
vt 0.649804 0.545307
vt 0.648101 0.539004
vt 0.652280 0.543629
vt 0.646934 0.539809
vt 0.645580 0.540643
vt 0.681213 0.534688
vt 0.681189 0.557814
vt 0.681146 0.578904
vt 0.663040 0.570947
vt 0.662295 0.585760
vt 0.662352 0.586722
vt 0.664945 0.603533
vt 0.669440 0.447258
vt 0.736732 0.503572
vt 0.591268 0.526292
vt 0.607516 0.534693
vt 0.609035 0.535337
vt 0.717106 0.593456
vt 0.624390 0.540339
vt 0.625854 0.540661
vt 0.715760 0.566134
vt 0.715774 0.588336
vt 0.715775 0.588885
vt 0.716078 0.591131
vt 0.690480 0.465229
vt 0.669786 0.485233
vt 0.602329 0.546989
vt 0.604460 0.519480
vt 0.604460 0.547240
vt 0.675611 0.545161
vt 0.672147 0.547783
vt 0.643479 0.557748
vt 0.669067 0.550923
vt 0.646412 0.563183
vt 0.680710 0.476158
vt 0.680715 0.476506
vt 0.547172 0.492766
vt 0.680761 0.479713
vt 0.547668 0.494881
vt 0.679431 0.543069
vt 0.699170 0.521135
vt 0.697523 0.516885
vt 0.642461 0.555249
vt 0.641428 0.552042
vt 0.647182 0.612677
vt 0.646522 0.609875
vt 0.781930 0.597508
vt 0.680652 0.472197
vt 0.545244 0.484563
vt 0.680574 0.466957
vt 0.546886 0.491547
vt 0.545904 0.487365
vt 0.685397 0.601908
vt 0.550067 0.619514
vt 0.685307 0.595931
vt 0.781762 0.586292
vt 0.646028 0.607775
vt 0.644735 0.602288
vt 0.641939 0.590446
vt 0.781561 0.573082
vt 0.643357 0.596450
vt 0.546902 0.606089
vt 0.685106 0.582721
vt 0.685208 0.589454
vt 0.781664 0.579814
vt 0.548279 0.611927
vt 0.685245 0.591881
vt 0.703331 0.605319
vt 0.712499 0.586771
vt 0.725322 0.570535
vt 0.595108 0.604273
vt 0.611027 0.591057
vt 0.629346 0.581441
vt 0.649264 0.575843
vt 0.639618 0.518007
vt 0.660264 0.516673
vt 0.680737 0.519661
vt 0.700142 0.526840
vt 0.656929 0.563770
vt 0.715538 0.483748
vt 0.720370 0.488029
vt 0.717071 0.488917
vt 0.723569 0.508470
vt 0.720159 0.508650
vt 0.722448 0.529129
vt 0.719077 0.528593
vt 0.715538 0.543203
vt 0.656977 0.623100
vt 0.637901 0.603191
vt 0.633621 0.607527
vt 0.633037 0.604165
vt 0.612977 0.608912
vt 0.613109 0.605501
vt 0.592497 0.605975
vt 0.743324 0.571764
vt 0.722711 0.572237
vt 0.723553 0.568928
vt 0.703289 0.565106
vt 0.704805 0.562044
vt 0.704805 0.571684
vt 0.703290 0.574746
vt 0.685775 0.563732
vt 0.687897 0.561052
vt 0.672618 0.551286
vt 0.673569 0.547137
vt 0.670932 0.549318
vt 0.662447 0.530548
vt 0.661293 0.535533
vt 0.659411 0.532133
vt 0.660245 0.526103
vt 0.627575 0.485899
vt 0.625266 0.492366
vt 0.625266 0.471671
vt 0.691905 0.519571
vt 0.678348 0.527147
vt 0.672334 0.525996
vt 0.673586 0.529188
vt 0.653107 0.531400
vt 0.660012 0.533486
vt 0.653668 0.534785
vt 0.633176 0.532688
vt 0.640792 0.536127
vt 0.633021 0.536119
vt 0.621426 0.534967
vt 0.612549 0.533132
vt 0.602659 0.530051
vt 0.593145 0.525953
vt 0.723359 0.492215
vt 0.715425 0.487830
vt 0.705871 0.481158
vt 0.699967 0.476106
vt 0.693720 0.464512
vt 0.704790 0.611057
vt 0.695888 0.601659
vt 0.691916 0.596543
vt 0.699717 0.467973
vt 0.684409 0.584445
vt 0.682121 0.579796
vt 0.676760 0.565221
vt 0.675782 0.561460
vt 0.675782 0.571099
vt 0.673275 0.554466
vt 0.673141 0.551879
vt 0.697255 0.653092
vt 0.698220 0.635006
vt 0.701630 0.635497
vt 0.703331 0.614958
vt 0.710434 0.474886
vt 0.697579 0.474931
vt 0.710446 0.469442
vt 0.702401 0.609882
vt 0.702414 0.606260
vt 0.702397 0.601027
vt 0.702287 0.594225
vt 0.702380 0.599240
vt 0.702250 0.592961
vt 0.714955 0.589353
vt 0.702078 0.588984
vt 0.629852 0.599084
vt 0.617007 0.598821
vt 0.629857 0.598753
vt 0.617037 0.595267
vt 0.629890 0.595021
vt 0.642744 0.471927
vt 0.639118 0.473756
vt 0.662174 0.592565
vt 0.662171 0.587688
vt 0.662178 0.580443
vt 0.662184 0.575268
vt 0.662180 0.570741
vt 0.617917 0.471527
vt 0.599046 0.477266
vt 0.662152 0.550994
vt 0.664296 0.529991
vt 0.686266 0.652207
vt 0.686257 0.631210
vt 0.686266 0.610324
vt 0.686293 0.590414
vt 0.686297 0.585881
vt 0.686292 0.580714
vt 0.679423 0.510630
vt 0.681146 0.508972
vt 0.681146 0.515091
vt 0.686285 0.573480
vt 0.656287 0.549598
vt 0.659144 0.551733
vt 0.656779 0.553604
vt 0.686288 0.568599
vt 0.654330 0.551774
vt 0.666428 0.560600
vt 0.663920 0.562297
vt 0.687466 0.598292
vt 0.690202 0.611968
vt 0.687228 0.612469
vt 0.684546 0.599061
vt 0.682789 0.592471
vt 0.682137 0.580851
vt 0.679321 0.581962
vt 0.676052 0.573936
vt 0.675053 0.564915
vt 0.672377 0.566339
vt 0.675053 0.574555
vt 0.672377 0.575978
vt 0.667272 0.567201
vt 0.687405 0.617351
vt 0.690408 0.617665
vt 0.686392 0.621929
vt 0.689227 0.623005
vt 0.684329 0.625427
vt 0.686819 0.627085
vt 0.655262 0.457190
vt 0.652247 0.457217
vt 0.653027 0.451472
vt 0.655912 0.452402
vt 0.684848 0.630730
vt 0.681964 0.629800
vt 0.654826 0.471447
vt 0.651821 0.471157
vt 0.640918 0.529784
vt 0.634809 0.538971
vt 0.632249 0.537396
vt 0.638222 0.528413
vt 0.640939 0.523242
vt 0.647585 0.515313
vt 0.647585 0.505673
vt 0.640939 0.513603
vt 0.644740 0.504624
vt 0.650090 0.498016
vt 0.647351 0.496574
vt 0.652279 0.489237
vt 0.649330 0.488552
vt 0.651181 0.477477
vt 0.630094 0.542000
vt 0.633013 0.542808
vt 0.630086 0.542033
vt 0.632564 0.547705
vt 0.629555 0.547876
vt 0.629243 0.552745
vt 0.632201 0.553385
vt 0.627784 0.556934
vt 0.630499 0.558272
vt 0.625393 0.559823
vt 0.627709 0.561643
vt 0.621078 0.502046
vt 0.621084 0.488268
vt 0.654060 0.523271
vt 0.641648 0.518333
vt 0.635049 0.516442
vt 0.678118 0.490353
vt 0.680256 0.497806
vt 0.678118 0.508865
vt 0.624258 0.514362
vt 0.615146 0.513538
vt 0.621084 0.529711
vt 0.621080 0.520568
vt 0.657912 0.526124
vt 0.660499 0.530337
vt 0.661353 0.535242
vt 0.666281 0.545741
vt 0.662608 0.541094
vt 0.662624 0.541126
vt 0.676193 0.554806
vt 0.702314 0.616411
vt 0.700691 0.602852
vt 0.699154 0.596120
vt 0.695590 0.585305
vt 0.691834 0.576990
vt 0.687320 0.569086
vt 0.680700 0.559927
vt 0.703927 0.622134
vt 0.703944 0.622166
vt 0.707909 0.626549
vt 0.711342 0.630055
vt 0.713242 0.634640
vt 0.689128 0.533427
vt 0.689496 0.527589
vt 0.689224 0.538317
vt 0.647567 0.606877
vt 0.686014 0.552055
vt 0.658123 0.597958
vt 0.662674 0.593276
vt 0.669925 0.584405
vt 0.674939 0.576890
vt 0.679313 0.568954
vt 0.683902 0.558337
vt 0.706238 0.483906
vt 0.703559 0.483904
vt 0.701599 0.483898
vt 0.701599 0.508444
vt 0.717598 0.652699
vt 0.701217 0.666254
vt 0.715639 0.650804
vt 0.714273 0.648500
vt 0.698603 0.468065
vt 0.698603 0.492611
vt 0.696635 0.468057
vt 0.693953 0.468054
vt 0.691630 0.468056
vt 0.689769 0.468062
vt 0.689769 0.492608
vt 0.688939 0.552406
vt 0.686820 0.552910
vt 0.684436 0.552911
vt 0.682259 0.552406
vt 0.710430 0.483900
vt 0.710430 0.508446
vt 0.708564 0.483905
vt 0.697721 0.578913
vt 0.695396 0.578911
vt 0.693533 0.578907
vt 0.693533 0.603453
vt 0.688193 0.578704
vt 0.686434 0.577315
vt 0.684954 0.575446
vt 0.684048 0.573468
vt 0.723729 0.468062
vt 0.723729 0.492608
vt 0.721860 0.468056
vt 0.719533 0.468054
vt 0.717764 0.468055
vt 0.715582 0.468061
vt 0.715582 0.492607
vt 0.617996 0.542658
vt 0.615725 0.543263
vt 0.613107 0.543263
vt 0.610767 0.542658
vt 0.701679 0.578907
vt 0.701679 0.603454
vt 0.699492 0.578912
vt 0.609770 0.538813
vt 0.607090 0.538811
vt 0.607090 0.563357
vt 0.605581 0.563353
vt 0.605131 0.538804
vt 0.726416 0.478671
vt 0.724457 0.476776
vt 0.723091 0.474472
vt 0.707436 0.468065
vt 0.706983 0.492608
vt 0.705469 0.468057
vt 0.702787 0.468054
vt 0.700463 0.468056
vt 0.698603 0.468062
vt 0.698603 0.492609
vt 0.603019 0.541014
vt 0.600900 0.541518
vt 0.598516 0.541518
vt 0.596339 0.541014
vt 0.613962 0.538806
vt 0.613962 0.563353
vt 0.612095 0.538811
vt 0.609770 0.513075
vt 0.607090 0.513073
vt 0.607090 0.537619
vt 0.605581 0.537615
vt 0.605131 0.513067
vt 0.673290 0.518442
vt 0.672694 0.518052
vt 0.689075 0.504497
vt 0.671531 0.517053
vt 0.687117 0.502602
vt 0.696762 0.560438
vt 0.670051 0.515184
vt 0.685750 0.500298
vt 0.695396 0.558134
vt 0.710512 0.578917
vt 0.710059 0.603461
vt 0.708545 0.578909
vt 0.705863 0.578907
vt 0.703539 0.578909
vt 0.701679 0.578915
vt 0.701679 0.603461
vt 0.603019 0.517485
vt 0.600900 0.517990
vt 0.598516 0.517990
vt 0.596339 0.517485
vt 0.613962 0.513069
vt 0.613962 0.537615
vt 0.612095 0.513073
vt 0.711624 0.468061
vt 0.709299 0.468059
vt 0.707436 0.468054
vt 0.707436 0.492600
vt 0.730388 0.605843
vt 0.728629 0.604454
vt 0.727149 0.602585
vt 0.726243 0.600607
vt 0.601661 0.501800
vt 0.601661 0.526346
vt 0.599792 0.501794
vt 0.597465 0.501792
vt 0.595696 0.501793
vt 0.725910 0.468055
vt 0.725910 0.492601
vt 0.723729 0.468061
vt 0.723729 0.492607
vt 0.617996 0.566284
vt 0.615725 0.566889
vt 0.613107 0.566889
vt 0.610767 0.566284
vt 0.715582 0.468055
vt 0.715582 0.492601
vt 0.713395 0.468060
vt 0.631220 0.495638
vt 0.628541 0.495636
vt 0.628541 0.520182
vt 0.627032 0.520178
vt 0.626581 0.495630
vt 0.637982 0.509422
vt 0.636024 0.507527
vt 0.634658 0.505223
vt 0.689769 0.468065
vt 0.689316 0.492608
vt 0.687802 0.468057
vt 0.685120 0.468054
vt 0.682796 0.468056
vt 0.680935 0.492608
vt 0.680935 0.468062
vt 0.648508 0.620113
vt 0.646389 0.620617
vt 0.644005 0.620617
vt 0.641828 0.620113
vt 0.635412 0.495632
vt 0.635412 0.520178
vt 0.633546 0.495636
vt 0.642448 0.507601
vt 0.608694 0.582391
vt 0.604958 0.585533
vt 0.598719 0.579253
vt 0.684330 0.620447
vt 0.685455 0.620193
vt 0.686378 0.624526
vt 0.698094 0.620662
vt 0.596817 0.495350
vt 0.664365 0.600201
vt 0.609193 0.495852
vt 0.664366 0.608879
vt 0.728934 0.545516
vt 0.719930 0.534662
vt 0.714107 0.526114
vt 0.707195 0.513562
vt 0.703111 0.504160
vt 0.703111 0.513800
vt 0.698594 0.499986
vt 0.701535 0.489210
vt 0.696350 0.490103
vt 0.699334 0.465461
vt 0.694445 0.475522
vt 0.704157 0.600412
vt 0.699268 0.610473
vt 0.698896 0.600486
vt 0.704236 0.595941
vt 0.698978 0.595861
vt 0.706371 0.576694
vt 0.699728 0.585670
vt 0.701187 0.575951
vt 0.701187 0.566312
vt 0.704778 0.561452
vt 0.712919 0.553881
vt 0.704778 0.551812
vt 0.707960 0.542712
vt 0.714231 0.529080
vt 0.718969 0.520916
vt 0.727735 0.508680
vt 0.597520 0.542418
vt 0.603591 0.535463
vt 0.614572 0.525110
vt 0.621711 0.519584
vt 0.634537 0.511539
vt 0.656672 0.502209
vt 0.675963 0.622700
vt 0.607795 0.588825
vt 0.610159 0.593129
vt 0.664365 0.617612
vt 0.627522 0.496678
vt 0.638421 0.497222
vt 0.723324 0.521464
vt 0.718456 0.517891
vt 0.726947 0.516941
vt 0.721959 0.513520
vt 0.734529 0.505679
vt 0.732914 0.496161
vt 0.604315 0.539417
vt 0.602700 0.529899
vt 0.608066 0.532722
vt 0.614221 0.519466
vt 0.611462 0.509688
vt 0.617131 0.511814
vt 0.621629 0.497058
vt 0.617706 0.487378
vt 0.623590 0.488734
vt 0.652526 0.667062
vt 0.646643 0.665706
vt 0.655202 0.651356
vt 0.650134 0.642126
vt 0.656139 0.642670
vt 0.656559 0.636820
vt 0.650541 0.636471
vt 0.656891 0.626598
vt 0.650745 0.618156
vt 0.656770 0.617873
vt 0.655573 0.602035
vt 0.648450 0.594687
vt 0.654397 0.593595
vt 0.651295 0.578580
vt 0.647103 0.587374
vt 0.649107 0.570740
vt 0.643337 0.572594
vt 0.644216 0.557106
vt 0.635596 0.552700
vt 0.641099 0.550159
vt 0.634601 0.538414
vt 0.625514 0.535744
vt 0.630669 0.532619
vt 0.623475 0.533050
vt 0.622807 0.523199
vt 0.613467 0.522358
vt 0.618207 0.518772
vt 0.609274 0.512028
vt 0.599904 0.513042
vt 0.635412 0.462955
vt 0.684954 0.596680
vt 0.684954 0.605793
vt 0.684659 0.598003
vt 0.715577 0.522148
vt 0.721035 0.525033
vt 0.669275 0.607900
vt 0.669966 0.606034
vt 0.673194 0.608921
vt 0.673528 0.606869
vt 0.681205 0.608995
vt 0.680940 0.606874
vt 0.662535 0.603543
vt 0.663804 0.602313
vt 0.665659 0.606099
vt 0.666676 0.604524
vt 0.669776 0.605969
vt 0.656956 0.592903
vt 0.658539 0.592506
vt 0.658213 0.596766
vt 0.659742 0.596144
vt 0.660040 0.600353
vt 0.661473 0.599455
vt 0.663001 0.601467
vt 0.659223 0.457717
vt 0.668770 0.446104
vt 0.662256 0.460129
vt 0.691193 0.638457
vt 0.697706 0.624432
vt 0.707362 0.606949
vt 0.693356 0.641616
vt 0.646060 0.520746
vt 0.645537 0.521284
vt 0.633960 0.511826
vt 0.643484 0.524261
vt 0.620316 0.497240
vt 0.642358 0.527558
vt 0.684235 0.409512
vt 0.685106 0.404192
vt 0.651584 0.648282
vt 0.642858 0.537103
vt 0.545483 0.600086
vt 0.575104 0.560798
vt 0.642056 0.532067
vt 0.610003 0.480136
vt 0.607855 0.475190
vt 0.713172 0.587840
vt 0.695271 0.651119
vt 0.695270 0.650835
vt 0.678425 0.428621
vt 0.666333 0.472507
vt 0.665807 0.467356
vt 0.694743 0.645684
vt 0.644441 0.536706
vt 0.652572 0.474349
vt 0.664395 0.468661
vt 0.663301 0.464818
vt 0.664420 0.463288
vt 0.662676 0.463572
vt 0.661365 0.461750
vt 0.661211 0.461583
vt 0.658272 0.459370
vt 0.711280 0.535348
vt 0.713390 0.535056
vt 0.713007 0.538730
vt 0.647386 0.522116
vt 0.648457 0.520802
vt 0.647556 0.518274
vt 0.647713 0.515395
vt 0.649723 0.517323
vt 0.649395 0.518828
vt 0.684163 0.548217
vt 0.684188 0.548213
vt 0.684188 0.551110
vt 0.646656 0.512703
vt 0.644685 0.510574
vt 0.648432 0.511571
vt 0.649700 0.515058
vt 0.649452 0.599632
vt 0.651588 0.599802
vt 0.649452 0.618741
vt 0.644629 0.483790
vt 0.646765 0.464851
vt 0.646766 0.480886
vt 0.720916 0.495017
vt 0.720916 0.491607
vt 0.720935 0.495001
vt 0.722563 0.493655
vt 0.697551 0.609906
vt 0.687021 0.625862
vt 0.687016 0.622452
vt 0.687002 0.625846
vt 0.685370 0.624500
vt 0.695643 0.608934
vt 0.696736 0.606729
vt 0.704609 0.591168
vt 0.702529 0.590653
vt 0.707243 0.571318
vt 0.705099 0.571287
vt 0.706585 0.558909
vt 0.704456 0.559181
vt 0.705316 0.551388
vt 0.703219 0.551843
vt 0.698928 0.532411
vt 0.620101 0.600629
vt 0.620238 0.582973
vt 0.622453 0.582421
vt 0.620242 0.582013
vt 0.622453 0.562461
vt 0.620242 0.562540
vt 0.622308 0.542658
vt 0.620101 0.543220
vt 0.706134 0.534038
vt 0.704632 0.532500
vt 0.718801 0.518530
vt 0.716990 0.517370
vt 0.727629 0.500558
vt 0.725603 0.499836
vt 0.732161 0.481054
vt 0.730024 0.480808
vt 0.601947 0.514792
vt 0.599810 0.514546
vt 0.602519 0.504780
vt 0.600368 0.504778
vt 0.601947 0.494768
vt 0.599810 0.495011
vt 0.732161 0.461031
vt 0.730024 0.461273
vt 0.727629 0.441527
vt 0.626351 0.653592
vt 0.628747 0.673338
vt 0.624325 0.654310
vt 0.617523 0.635620
vt 0.615712 0.636776
vt 0.604856 0.620113
vt 0.603354 0.621647
vt 0.624367 0.505773
vt 0.626587 0.506299
vt 0.624277 0.525618
vt 0.626500 0.525659
vt 0.624358 0.545552
vt 0.626579 0.545107
vt 0.626587 0.546064
vt 0.624606 0.564542
vt 0.681163 0.593121
vt 0.689043 0.575935
vt 0.683257 0.593571
vt 0.679909 0.600644
vt 0.682034 0.600911
vt 0.679275 0.613055
vt 0.674453 0.478104
vt 0.677211 0.465960
vt 0.676593 0.478069
vt 0.677126 0.497949
vt 0.679201 0.497429
vt 0.684221 0.516673
vt 0.679468 0.615814
vt 0.679468 0.596695
vt 0.681337 0.613311
vt 0.722563 0.494887
vt 0.722563 0.491607
vt 0.724167 0.493473
vt 0.662844 0.524862
vt 0.664559 0.522539
vt 0.637295 0.600366
vt 0.593339 0.602666
vt 0.698930 0.556995
vt 0.709119 0.562901
vt 0.709119 0.553261
vt 0.720021 0.557716
vt 0.738095 0.561590
vt 0.574590 0.595782
vt 0.607881 0.595328
vt 0.638088 0.597593
vt 0.626366 0.595239
vt 0.639966 0.595394
vt 0.644402 0.591191
vt 0.684817 0.545058
vt 0.673589 0.530373
vt 0.665155 0.519708
vt 0.665770 0.513624
vt 0.664649 0.516851
vt 0.661721 0.495587
vt 0.659911 0.498331
vt 0.661633 0.477103
vt 0.690569 0.655431
vt 0.688848 0.676659
vt 0.688300 0.656643
vt 0.694444 0.637357
vt 0.692297 0.637023
vt 0.698898 0.626455
vt 0.696974 0.625510
vt 0.701874 0.620920
vt 0.700631 0.618816
vt 0.713727 0.605169
vt 0.712869 0.602968
vt 0.728863 0.592541
vt 0.728377 0.590301
vt 0.746483 0.583703
vt 0.616268 0.607802
vt 0.598162 0.614400
vt 0.616135 0.605571
vt 0.635441 0.603221
vt 0.635638 0.601039
vt 0.655152 0.603139
vt 0.655662 0.601039
vt 0.674362 0.607560
vt 0.675166 0.605571
vt 0.683459 0.611396
vt 0.684404 0.609472
vt 0.692055 0.616252
vt 0.682409 0.558415
vt 0.674759 0.551636
vt 0.683493 0.556563
vt 0.697650 0.570917
vt 0.699000 0.569230
vt 0.709633 0.586568
vt 0.711239 0.585078
vt 0.717725 0.604542
vt 0.719572 0.603285
vt 0.721499 0.623890
vt 0.723569 0.622905
vt 0.720755 0.643588
vt 0.691819 0.465260
vt 0.694632 0.444577
vt 0.694085 0.464593
vt 0.686597 0.484267
vt 0.689021 0.483966
vt 0.684034 0.490006
vt 0.685959 0.490951
vt 0.678128 0.500194
vt 0.679704 0.501690
vt 0.666191 0.514308
vt 0.666618 0.516845
vt 0.651506 0.525535
vt 0.650441 0.528645
vt 0.661152 0.583371
vt 0.660086 0.586481
vt 0.642532 0.594051
vt 0.626402 0.557624
vt 0.626077 0.596063
vt 0.626081 0.593609
vt 0.628224 0.593617
vt 0.626171 0.576534
vt 0.628325 0.575153
vt 0.628550 0.557308
vt 0.620491 0.485968
vt 0.620444 0.479754
vt 0.621299 0.479399
vt 0.626107 0.611832
vt 0.628250 0.611841
vt 0.621284 0.476882
vt 0.623427 0.476890
vt 0.623580 0.494027
vt 0.624229 0.521944
vt 0.624518 0.528377
vt 0.621518 0.528365
vt 0.621065 0.517187
vt 0.620851 0.509270
vt 0.623851 0.509282
vt 0.620717 0.502814
vt 0.620580 0.494015
vt 0.672126 0.591944
vt 0.668544 0.580858
vt 0.672521 0.579293
vt 0.676265 0.590880
vt 0.679275 0.611242
vt 0.675006 0.611423
vt 0.670183 0.476472
vt 0.674453 0.476291
vt 0.673187 0.496835
vt 0.668972 0.496126
vt 0.667698 0.516673
vt 0.663721 0.515105
vt 0.657223 0.534202
vt 0.674716 0.492943
vt 0.692196 0.502768
vt 0.689407 0.506055
vt 0.692577 0.503184
vt 0.704418 0.519177
vt 0.701069 0.521921
vt 0.704767 0.519769
vt 0.713004 0.537749
vt 0.709197 0.539857
vt 0.713263 0.538517
vt 0.713318 0.558072
vt 0.717571 0.557557
vt 0.713439 0.559085
vt 0.717697 0.558616
vt 0.714042 0.569757
vt 0.718328 0.569771
vt 0.636107 0.584793
vt 0.636149 0.573450
vt 0.737201 0.542719
vt 0.737606 0.562163
vt 0.732656 0.554018
vt 0.739766 0.573668
vt 0.735607 0.574733
vt 0.737622 0.562289
vt 0.733366 0.562838
vt 0.733349 0.562706
vt 0.732925 0.542382
vt 0.734124 0.533146
vt 0.740813 0.523481
vt 0.736701 0.522273
vt 0.739949 0.513049
vt 0.610598 0.547580
vt 0.609734 0.537148
vt 0.618089 0.529496
vt 0.614316 0.527469
vt 0.629138 0.513339
vt 0.619653 0.518725
vt 0.625866 0.510579
vt 0.643273 0.499799
vt 0.633224 0.502798
vt 0.640641 0.496426
vt 0.639647 0.574485
vt 0.635553 0.576529
vt 0.635553 0.555629
vt 0.684716 0.617068
vt 0.681882 0.606258
vt 0.684716 0.596594
vt 0.631326 0.469402
vt 0.636149 0.604353
vt 0.650994 0.643721
vt 0.650994 0.664191
vt 0.648070 0.652925
vt 0.701350 0.471218
vt 0.698984 0.605807
vt 0.702448 0.610182
vt 0.706173 0.606169
vt 0.732386 0.593177
vt 0.735295 0.596332
vt 0.713162 0.611558
vt 0.712284 0.610927
vt 0.709340 0.608888
vt 0.623242 0.538249
vt 0.604130 0.497739
vt 0.582720 0.513518
vt 0.600258 0.495119
vt 0.730472 0.461382
vt 0.715142 0.612968
vt 0.713258 0.543822
vt 0.707786 0.540744
vt 0.684387 0.588334
vt 0.685308 0.595719
vt 0.689572 0.593958
vt 0.689574 0.593976
vt 0.689749 0.595142
vt 0.704158 0.551458
vt 0.701182 0.546776
vt 0.709071 0.548563
vt 0.704370 0.544699
vt 0.706837 0.542079
vt 0.689391 0.582735
vt 0.689391 0.391443
vt 0.714042 0.582520
vt 0.697779 0.563348
vt 0.696418 0.565203
vt 0.691211 0.586909
vt 0.691095 0.580945
vt 0.692147 0.574570
vt 0.694409 0.568632
vt 0.695303 0.600179
vt 0.694347 0.598249
vt 0.692701 0.594000
vt 0.691280 0.587506
vt 0.674081 0.481304
vt 0.667627 0.481394
vt 0.670836 0.481762
vt 0.671718 0.481722
vt 0.678018 0.510503
vt 0.682733 0.515896
vt 0.687007 0.515655
vt 0.693080 0.514442
vt 0.695664 0.513589
vt 0.698809 0.512248
vt 0.702373 0.510264
vt 0.704062 0.509121
vt 0.708617 0.505187
vt 0.710918 0.502548
vt 0.712348 0.500569
vt 0.715137 0.495391
vt 0.716870 0.489877
vt 0.653002 0.654286
vt 0.647425 0.649347
vt 0.600570 0.463880
vt 0.742893 0.586043
vt 0.685887 0.590607
vt 0.698731 0.591144
vt 0.624477 0.593763
vt 0.622123 0.591503
vt 0.625763 0.592706
vt 0.647243 0.571226
vt 0.642420 0.605989
vt 0.569250 0.615089
vt 0.583827 0.605093
vt 0.714041 0.571356
vt 0.694941 0.575075
vt 0.601642 0.597266
vt 0.617301 0.585713
vt 0.620942 0.584510
vt 0.619655 0.583453
vt 0.606464 0.579950
vt 0.588648 0.572122
vt 0.574070 0.562126
vt 0.718863 0.538385
vt 0.699763 0.534665
vt 0.675490 0.574505
vt 0.685136 0.632341
vt 0.666286 0.627508
vt 0.648960 0.618649
vt 0.634005 0.606199
vt 0.622153 0.590765
vt 0.613984 0.573104
vt 0.609898 0.554078
vt 0.609452 0.545230
vt 0.609898 0.536382
vt 0.613984 0.517357
vt 0.622153 0.499695
vt 0.634004 0.484262
vt 0.648959 0.471811
vt 0.653782 0.606762
vt 0.671108 0.597904
vt 0.689957 0.593071
vt 0.680312 0.535235
vt 0.646471 0.571098
vt 0.645411 0.608429
vt 0.646513 0.608907
vt 0.569761 0.619356
vt 0.647785 0.609248
vt 0.650404 0.609327
vt 0.772635 0.572251
vt 0.643296 0.606871
vt 0.651376 0.568314
vt 0.653051 0.567920
vt 0.574582 0.557884
vt 0.655227 0.567913
vt 0.650396 0.568721
vt 0.648118 0.570350
vt 0.630084 0.548598
vt 0.617230 0.548844
vt 0.604155 0.529521
vt 0.617006 0.530052
vt 0.652242 0.474851
vt 0.602077 0.474851
vt 0.598109 0.476747
vt 0.598390 0.474614
vt 0.594246 0.475906
vt 0.733427 0.575827
vt 0.728363 0.574507
vt 0.720916 0.494756
vt 0.718328 0.494756
vt 0.720688 0.491607
vt 0.726721 0.573729
vt 0.722445 0.570328
vt 0.721468 0.569098
vt 0.718819 0.563655
vt 0.666686 0.534947
vt 0.673790 0.477834
vt 0.652108 0.551571
vt 0.647419 0.551966
vt 0.665995 0.538576
vt 0.664059 0.543441
vt 0.617006 0.585166
vt 0.663086 0.544971
vt 0.659179 0.548799
vt 0.616683 0.593032
vt 0.657843 0.549614
vt 0.647742 0.496553
vt 0.647501 0.499589
vt 0.685447 0.595333
vt 0.511404 0.494705
vt 0.607859 0.542902
vt 0.743956 0.547786
vt 0.608059 0.548089
vt 0.608060 0.548108
vt 0.511605 0.499911
vt 0.647609 0.500755
vt 0.744064 0.548952
vt 0.608160 0.549433
vt 0.554534 0.492745
vt 0.699797 0.492764
vt 0.648747 0.505982
vt 0.511705 0.501236
vt 0.649213 0.507342
vt 0.698468 0.501792
vt 0.555897 0.501792
vt 0.698964 0.498407
vt 0.555385 0.498406
vt 0.699624 0.493929
vt 0.554712 0.493929
vt 0.554537 0.492763
vt 0.685708 0.451295
vt 0.713587 0.628337
vt 0.711625 0.632672
vt 0.714644 0.629623
vt 0.625825 0.570330
vt 0.621620 0.574509
vt 0.621482 0.567215
vt 0.715771 0.573212
vt 0.732911 0.573320
vt 0.732791 0.581978
vt 0.715652 0.581870
vt 0.732634 0.601410
vt 0.715494 0.601302
vt 0.710672 0.466351
vt 0.727811 0.466459
vt 0.727804 0.485640
vt 0.710665 0.485532
vt 0.727948 0.503632
vt 0.710809 0.503524
vt 0.728236 0.519554
vt 0.711096 0.519446
vt 0.728653 0.532627
vt 0.711514 0.532520
vt 0.621539 0.479232
vt 0.638680 0.479064
vt 0.638391 0.493172
vt 0.621251 0.493340
vt 0.638237 0.509881
vt 0.621097 0.510049
vt 0.638225 0.528374
vt 0.621085 0.528541
vt 0.638356 0.547745
vt 0.621215 0.547913
vt 0.638623 0.567047
vt 0.638680 0.570204
vt 0.659086 0.512484
vt 0.646232 0.512386
vt 0.646286 0.509217
vt 0.663424 0.509348
vt 0.663293 0.516673
vt 0.646515 0.489881
vt 0.663653 0.490012
vt 0.646583 0.470538
vt 0.663721 0.470669
vt 0.668544 0.605620
vt 0.651406 0.605489
vt 0.651310 0.587087
vt 0.668448 0.587218
vt 0.651055 0.570526
vt 0.668193 0.570657
vt 0.655878 0.574508
vt 0.638728 0.574509
vt 0.638696 0.556793
vt 0.655847 0.556792
vt 0.638680 0.537741
vt 0.655830 0.537740
vt 0.638680 0.518284
vt 0.655830 0.518283
vt 0.638696 0.499375
vt 0.655847 0.499374
vt 0.638728 0.481939
vt 0.655878 0.481938
vt 0.716336 0.547488
vt 0.733476 0.547596
vt 0.733059 0.564895
vt 0.715919 0.564787
vt 0.654178 0.563011
vt 0.652587 0.567061
vt 0.652587 0.562521
vt 0.650838 0.562732
vt 0.652587 0.566873
vt 0.650838 0.567061
vt 0.698812 0.475393
vt 0.676454 0.497751
vt 0.656554 0.535245
vt 0.670651 0.591045
vt 0.643664 0.531531
vt 0.644090 0.527479
vt 0.645209 0.524750
vt 0.645470 0.524326
vt 0.681737 0.567472
vt 0.672004 0.466535
vt 0.671289 0.465534
vt 0.668268 0.462956
vt 0.673222 0.469144
vt 0.673916 0.472554
vt 0.617007 0.533164
vt 0.629860 0.532918
vt 0.617068 0.534925
vt 0.629921 0.534684
vt 0.617153 0.538271
vt 0.630007 0.538024
vt 0.630042 0.539997
vt 0.617202 0.541255
vt 0.630055 0.541008
vt 0.617231 0.545021
vt 0.644542 0.543168
vt 0.644558 0.543393
vt 0.644682 0.545636
vt 0.634752 0.532717
vt 0.640969 0.538799
vt 0.640847 0.535597
vt 0.640682 0.532492
vt 0.644779 0.554270
vt 0.644788 0.550756
vt 0.644730 0.547010
vt 0.683598 0.627771
vt 0.683930 0.626862
vt 0.685610 0.628396
vt 0.683209 0.629855
vt 0.685248 0.631267
vt 0.683237 0.631429
vt 0.654300 0.453101
vt 0.656312 0.452939
vt 0.654555 0.454456
vt 0.657173 0.455694
vt 0.655835 0.457145
vt 0.658004 0.459205
vt 0.715534 0.539137
vt 0.715533 0.539738
vt 0.715537 0.542507
vt 0.712669 0.542067
vt 0.715538 0.543203
vt 0.685910 0.538542
vt 0.686012 0.541458
vt 0.683385 0.541540
vt 0.683830 0.538447
vt 0.682315 0.538406
vt 0.680473 0.541588
vt 0.680132 0.538386
vt 0.690863 0.493333
vt 0.687768 0.507708
vt 0.690007 0.492980
vt 0.687870 0.490471
vt 0.690012 0.490452
vt 0.689977 0.474642
vt 0.687820 0.472203
vt 0.689962 0.472185
vt 0.687619 0.453755
vt 0.689781 0.455123
vt 0.718718 0.633451
vt 0.716555 0.632083
vt 0.716214 0.614311
vt 0.718364 0.614615
vt 0.690302 0.531120
vt 0.689822 0.542528
vt 0.686823 0.542554
vt 0.687132 0.535975
vt 0.687518 0.523115
vt 0.690517 0.523089
vt 0.690835 0.499580
vt 0.690767 0.507682
vt 0.690645 0.516560
vt 0.613321 0.536270
vt 0.613556 0.531484
vt 0.614577 0.536018
vt 0.614875 0.555120
vt 0.616182 0.551171
vt 0.616156 0.555155
vt 0.612196 0.573843
vt 0.614209 0.570934
vt 0.613436 0.574164
vt 0.605418 0.591501
vt 0.609373 0.586106
vt 0.606554 0.592090
vt 0.602052 0.599763
vt 0.594880 0.607208
vt 0.595856 0.608037
vt 0.725095 0.573470
vt 0.726071 0.574299
vt 0.720494 0.580276
vt 0.711327 0.586439
vt 0.712093 0.587465
vt 0.565691 0.558115
vt 0.552843 0.561838
vt 0.534204 0.560186
vt 0.533703 0.563688
vt 0.616191 0.565005
vt 0.615690 0.568508
vt 0.597412 0.562742
vt 0.596605 0.566156
vt 0.727627 0.529005
vt 0.726820 0.532418
vt 0.709823 0.522620
vt 0.708702 0.525976
vt 0.693886 0.512433
vt 0.692417 0.515750
vt 0.680615 0.498956
vt 0.682595 0.506669
vt 0.670677 0.482863
vt 0.673930 0.508089
vt 0.675234 0.507157
vt 0.676162 0.507141
vt 0.677003 0.504823
vt 0.677295 0.506853
vt 0.553015 0.558213
vt 0.570915 0.552105
vt 0.569735 0.560197
vt 0.571596 0.557869
vt 0.571598 0.560129
vt 0.571743 0.560875
vt 0.572439 0.562759
vt 0.572803 0.563265
vt 0.574493 0.552258
vt 0.573861 0.552939
vt 0.572425 0.555142
vt 0.576823 0.550504
vt 0.587008 0.542166
vt 0.590374 0.541077
vt 0.600485 0.528896
vt 0.603920 0.526552
vt 0.610672 0.512959
vt 0.613761 0.509301
vt 0.617056 0.495155
vt 0.619369 0.490248
vt 0.618259 0.489083
vt 0.620444 0.470416
vt 0.619106 0.469685
vt 0.625266 0.605367
vt 0.623928 0.604636
vt 0.621750 0.585820
vt 0.620323 0.585557
vt 0.613830 0.567606
vt 0.612457 0.567805
vt 0.601933 0.551702
vt 0.600745 0.552319
vt 0.586697 0.538962
vt 0.585806 0.539917
vt 0.568938 0.530069
vt 0.568430 0.531253
vt 0.559406 0.527223
vt 0.559111 0.528475
vt 0.549610 0.525500
vt 0.549534 0.526786
vt 0.529749 0.525500
vt 0.530118 0.526752
vt 0.635849 0.573696
vt 0.636218 0.574949
vt 0.616521 0.578265
vt 0.617307 0.579349
vt 0.598762 0.587159
vt 0.599901 0.587952
vt 0.728977 0.553421
vt 0.730115 0.554214
vt 0.713740 0.566161
vt 0.715133 0.566565
vt 0.701843 0.582065
vt 0.703367 0.582010
vt 0.693924 0.600278
vt 0.681522 0.506581
vt 0.677837 0.501998
vt 0.677901 0.501196
vt 0.677582 0.498280
vt 0.677414 0.497694
vt 0.676050 0.494879
vt 0.668154 0.480382
vt 0.664568 0.464963
vt 0.662546 0.461330
vt 0.662595 0.446152
vt 0.691532 0.624480
vt 0.691482 0.639657
vt 0.690408 0.619826
vt 0.693795 0.605701
vt 0.695439 0.599734
vt 0.700598 0.604138
vt 0.696312 0.604136
vt 0.700662 0.598169
vt 0.696376 0.598167
vt 0.700649 0.591916
vt 0.696363 0.591914
vt 0.700561 0.586330
vt 0.696275 0.586328
vt 0.700410 0.582263
vt 0.696125 0.582261
vt 0.642472 0.543443
vt 0.648104 0.542962
vt 0.650794 0.574504
vt 0.654672 0.545049
vt 0.642471 0.574504
vt 0.635263 0.570342
vt 0.631102 0.563134
vt 0.630692 0.556874
vt 0.632709 0.550934
vt 0.636845 0.546217
vt 0.662163 0.563135
vt 0.658002 0.570342
vt 0.662163 0.554812
vt 0.659763 0.549694
vt 0.702125 0.505063
vt 0.697964 0.497856
vt 0.709333 0.509225
vt 0.697964 0.489533
vt 0.700364 0.484415
vt 0.705455 0.479770
vt 0.712023 0.477683
vt 0.717656 0.478164
vt 0.723282 0.480938
vt 0.727419 0.485655
vt 0.724863 0.505063
vt 0.717656 0.509225
vt 0.729025 0.497855
vt 0.729435 0.491595
vt 0.691955 0.487368
vt 0.696243 0.487371
vt 0.691963 0.494982
vt 0.696251 0.494985
vt 0.691955 0.503256
vt 0.696243 0.503259
vt 0.609896 0.492371
vt 0.605611 0.492371
vt 0.610040 0.485171
vt 0.605755 0.485172
vt 0.638977 0.663499
vt 0.634692 0.663500
vt 0.638977 0.655177
vt 0.634692 0.655177
vt 0.638833 0.647960
vt 0.634548 0.647961
vt 0.695588 0.475158
vt 0.691302 0.475156
vt 0.695775 0.469188
vt 0.696125 0.610107
vt 0.703152 0.493820
vt 0.707436 0.493777
vt 0.703027 0.497465
vt 0.707311 0.497422
vt 0.702969 0.503586
vt 0.707254 0.503543
vt 0.703027 0.510470
vt 0.707311 0.510427
vt 0.703152 0.515785
vt 0.707436 0.515742
vt 0.664041 0.529790
vt 0.671399 0.533679
vt 0.675827 0.540727
vt 0.653486 0.559952
vt 0.646995 0.536683
vt 0.651908 0.531852
vt 0.667439 0.559952
vt 0.660463 0.561544
vt 0.673033 0.555490
vt 0.676138 0.549043
vt 0.647892 0.555490
vt 0.644787 0.549043
vt 0.644787 0.541888
vt 0.656885 0.561141
vt 0.658394 0.529521
vt 0.705108 0.604144
vt 0.700823 0.604137
vt 0.705187 0.596074
vt 0.700901 0.596067
vt 0.705127 0.588067
vt 0.700842 0.588060
vt 0.704947 0.582268
vt 0.700662 0.582261
vt 0.664040 0.598680
vt 0.660463 0.599084
vt 0.656885 0.567330
vt 0.653486 0.597492
vt 0.667439 0.597491
vt 0.662531 0.567061
vt 0.669017 0.569391
vt 0.645099 0.578267
vt 0.649527 0.571219
vt 0.644787 0.586583
vt 0.647892 0.593030
vt 0.676138 0.586583
vt 0.673033 0.593030
vt 0.676138 0.579427
vt 0.673931 0.574223
vt 0.706971 0.509636
vt 0.711259 0.509636
vt 0.706983 0.516069
vt 0.711271 0.516069
vt 0.706983 0.523225
vt 0.711271 0.523225
vt 0.706971 0.529685
vt 0.711259 0.529685
vt 0.635409 0.576096
vt 0.631124 0.576068
vt 0.635477 0.572747
vt 0.631192 0.572719
vt 0.635519 0.569188
vt 0.631233 0.569160
vt 0.635519 0.562155
vt 0.631233 0.562127
vt 0.635409 0.556388
vt 0.631124 0.556360
vt 0.700124 0.474508
vt 0.695839 0.474501
vt 0.700286 0.469193
vt 0.700662 0.609452
vt 0.673834 0.490396
vt 0.678118 0.490353
vt 0.673709 0.494041
vt 0.677993 0.493998
vt 0.673652 0.500162
vt 0.677936 0.500119
vt 0.673709 0.507046
vt 0.677993 0.507003
vt 0.673834 0.512361
vt 0.678118 0.512318
vt 0.631060 0.558572
vt 0.626775 0.558570
vt 0.631124 0.552603
vt 0.626839 0.552601
vt 0.631111 0.546349
vt 0.626826 0.546347
vt 0.631023 0.540764
vt 0.626737 0.540762
vt 0.630872 0.536696
vt 0.626587 0.536694
vt 0.611000 0.511901
vt 0.616633 0.511421
vt 0.619323 0.542962
vt 0.623201 0.513507
vt 0.611000 0.542962
vt 0.603792 0.538801
vt 0.599631 0.531593
vt 0.599221 0.525333
vt 0.601237 0.519393
vt 0.605374 0.514676
vt 0.630692 0.531593
vt 0.626530 0.538801
vt 0.630692 0.523271
vt 0.628292 0.518152
vt 0.680299 0.594441
vt 0.676138 0.587233
vt 0.687507 0.598602
vt 0.676138 0.578910
vt 0.678538 0.573792
vt 0.683629 0.569147
vt 0.677862 0.540766
vt 0.673984 0.511311
vt 0.680552 0.509225
vt 0.686184 0.509705
vt 0.691811 0.512480
vt 0.695947 0.517196
vt 0.693392 0.536605
vt 0.686184 0.540766
vt 0.697553 0.529397
vt 0.697964 0.523137
vt 0.697383 0.604630
vt 0.701671 0.604632
vt 0.697391 0.612244
vt 0.692569 0.477293
vt 0.696848 0.469681
vt 0.696856 0.477295
vt 0.692560 0.485567
vt 0.696848 0.485570
vt 0.635409 0.556359
vt 0.635553 0.549160
vt 0.631268 0.549161
vt 0.635553 0.540837
vt 0.631268 0.540838
vt 0.635409 0.533621
vt 0.631124 0.533621
vt 0.630872 0.564542
vt 0.626587 0.564540
vt 0.669367 0.490396
vt 0.673652 0.490353
vt 0.669242 0.494041
vt 0.673527 0.493998
vt 0.669185 0.500161
vt 0.673470 0.500118
vt 0.669242 0.507046
vt 0.673527 0.507003
vt 0.669367 0.512361
vt 0.673652 0.512318
vt 0.631060 0.527651
vt 0.626775 0.527649
vt 0.631124 0.521682
vt 0.626839 0.521680
vt 0.631111 0.515429
vt 0.626826 0.515427
vt 0.631023 0.509843
vt 0.626737 0.509841
vt 0.630873 0.505775
vt 0.626587 0.505773
vt 0.673943 0.543443
vt 0.679575 0.542962
vt 0.682265 0.574504
vt 0.686143 0.545049
vt 0.673942 0.574504
vt 0.666734 0.570342
vt 0.662573 0.563135
vt 0.662163 0.556875
vt 0.664180 0.550934
vt 0.668316 0.546217
vt 0.693634 0.563135
vt 0.689473 0.570342
vt 0.693634 0.554812
vt 0.691234 0.549694
vt 0.603382 0.570342
vt 0.599221 0.563135
vt 0.610590 0.574504
vt 0.599221 0.554812
vt 0.601621 0.549694
vt 0.606712 0.545049
vt 0.613280 0.542962
vt 0.618912 0.543443
vt 0.624539 0.546217
vt 0.628675 0.550934
vt 0.626120 0.570342
vt 0.618913 0.574504
vt 0.630282 0.563135
vt 0.630692 0.556875
vt 0.716997 0.493777
vt 0.721285 0.493780
vt 0.717005 0.501391
vt 0.721293 0.501393
vt 0.716997 0.509665
vt 0.721285 0.509668
vt 0.635409 0.528512
vt 0.631124 0.528512
vt 0.635553 0.521313
vt 0.631268 0.521313
vt 0.635553 0.512990
vt 0.631268 0.512990
vt 0.635409 0.505773
vt 0.631124 0.505774
vt 0.630873 0.533621
vt 0.626587 0.533619
vt 0.635736 0.533664
vt 0.640020 0.533621
vt 0.635610 0.537309
vt 0.639895 0.537266
vt 0.635553 0.543430
vt 0.639838 0.543387
vt 0.635611 0.550314
vt 0.639895 0.550271
vt 0.635736 0.555629
vt 0.640020 0.555586
vt 0.639020 0.641990
vt 0.634735 0.641988
vt 0.639085 0.636021
vt 0.634799 0.636019
vt 0.639071 0.629768
vt 0.634786 0.629766
vt 0.638983 0.624182
vt 0.634698 0.624180
vt 0.638833 0.620115
vt 0.634548 0.620113
vt 0.673943 0.511901
vt 0.679575 0.511421
vt 0.682265 0.542962
vt 0.686143 0.513507
vt 0.673942 0.542962
vt 0.666735 0.538801
vt 0.662573 0.531593
vt 0.662163 0.525333
vt 0.664180 0.519393
vt 0.668316 0.514676
vt 0.693634 0.531593
vt 0.689473 0.538801
vt 0.693634 0.523270
vt 0.691234 0.518152
vt 0.702125 0.536605
vt 0.697964 0.529397
vt 0.709333 0.540766
vt 0.697964 0.521074
vt 0.700364 0.515956
vt 0.705455 0.511311
vt 0.712023 0.509225
vt 0.717656 0.509705
vt 0.723282 0.512480
vt 0.727419 0.517196
vt 0.724863 0.536605
vt 0.717656 0.540766
vt 0.729025 0.529397
vt 0.729435 0.523137
vt 0.698674 0.493777
vt 0.702961 0.493780
vt 0.698682 0.501391
vt 0.702969 0.501394
vt 0.698674 0.509666
vt 0.702961 0.509668
vt 0.676852 0.488571
vt 0.672567 0.488571
vt 0.676997 0.481372
vt 0.672712 0.481372
vt 0.676997 0.473049
vt 0.672712 0.473049
vt 0.681819 0.608000
vt 0.677534 0.608000
vt 0.681675 0.600784
vt 0.677390 0.600784
vt 0.638833 0.647960
vt 0.634548 0.647958
vt 0.597377 0.527558
vt 0.601661 0.527515
vt 0.597252 0.531203
vt 0.601536 0.531160
vt 0.597195 0.537324
vt 0.601479 0.537281
vt 0.597252 0.544208
vt 0.601536 0.544165
vt 0.597377 0.549523
vt 0.601661 0.549480
vt 0.636991 0.523670
vt 0.632706 0.523668
vt 0.637055 0.517700
vt 0.632770 0.517698
vt 0.637042 0.511447
vt 0.632757 0.511445
vt 0.636954 0.505861
vt 0.632669 0.505859
vt 0.636804 0.501794
vt 0.632519 0.501792
vt 0.642471 0.511901
vt 0.648104 0.511421
vt 0.650794 0.542962
vt 0.654672 0.513507
vt 0.642471 0.542962
vt 0.635263 0.538801
vt 0.631102 0.531593
vt 0.630692 0.525333
vt 0.632709 0.519393
vt 0.636845 0.514676
vt 0.662163 0.531593
vt 0.658002 0.538801
vt 0.662163 0.523271
vt 0.659763 0.518152
vt 0.680299 0.562899
vt 0.676138 0.555692
vt 0.687507 0.567061
vt 0.676138 0.547369
vt 0.678538 0.542251
vt 0.683629 0.537606
vt 0.677862 0.509225
vt 0.673984 0.479770
vt 0.680552 0.477683
vt 0.686184 0.478164
vt 0.691811 0.480938
vt 0.695947 0.485655
vt 0.693392 0.505063
vt 0.686184 0.509225
vt 0.697553 0.497856
vt 0.697964 0.491595
vt 0.694307 0.493778
vt 0.698594 0.493781
vt 0.694315 0.501392
vt 0.698602 0.501394
vt 0.694307 0.509666
vt 0.698594 0.509669
vt 0.709472 0.604999
vt 0.705187 0.604999
vt 0.709616 0.597800
vt 0.705331 0.597800
vt 0.709616 0.589477
vt 0.705331 0.589477
vt 0.709472 0.582261
vt 0.705187 0.582261
vt 0.636804 0.529639
vt 0.632519 0.529637
vt 0.635736 0.511656
vt 0.640020 0.511613
vt 0.635610 0.515301
vt 0.639895 0.515258
vt 0.635553 0.521422
vt 0.639838 0.521379
vt 0.635610 0.528306
vt 0.639895 0.528263
vt 0.635736 0.533621
vt 0.640020 0.533578
vt 0.713363 0.575063
vt 0.704757 0.548297
vt 0.710310 0.548297
vt 0.707116 0.576314
vt 0.693634 0.559525
vt 0.695723 0.554380
vt 0.721285 0.565504
vt 0.718429 0.571199
vt 0.721408 0.559394
vt 0.719344 0.554379
vt 0.715436 0.550434
vt 0.700953 0.574697
vt 0.696125 0.570540
vt 0.693660 0.564948
vt 0.710311 0.576045
vt 0.699631 0.550435
vt 0.689441 0.509636
vt 0.689813 0.510862
vt 0.684642 0.512159
vt 0.685449 0.513156
vt 0.670625 0.552967
vt 0.675105 0.556248
vt 0.674158 0.557110
vt 0.670085 0.554127
vt 0.668544 0.553530
vt 0.654178 0.562107
vt 0.655427 0.564284
vt 0.654178 0.567061
vt 0.679663 0.503620
vt 0.681146 0.500114
vt 0.680939 0.503526
vt 0.681146 0.508972
vt 0.650171 0.591964
vt 0.651404 0.586771
vt 0.651419 0.590035
vt 0.691542 0.510471
vt 0.651367 0.596491
vt 0.651416 0.591806
vt 0.662938 0.596491
vt 0.662990 0.590035
vt 0.662932 0.583630
vt 0.651210 0.578991
vt 0.662780 0.578991
vt 0.651332 0.582268
vt 0.651361 0.583630
vt 0.689002 0.582836
vt 0.687126 0.587394
vt 0.669306 0.591048
vt 0.684184 0.590543
vt 0.678405 0.593015
vt 0.672144 0.592453
vt 0.679356 0.519951
vt 0.679356 0.524999
vt 0.677413 0.515291
vt 0.687059 0.573127
vt 0.683472 0.569575
vt 0.666897 0.588992
vt 0.663917 0.583458
vt 0.670632 0.568809
vt 0.677155 0.567472
vt 0.665652 0.573228
vt 0.663915 0.577172
vt 0.667426 0.491131
vt 0.667418 0.487368
vt 0.678994 0.487369
vt 0.651250 0.600643
vt 0.679003 0.492347
vt 0.679004 0.497389
vt 0.667428 0.497388
vt 0.679003 0.498138
vt 0.667418 0.503179
vt 0.678994 0.503381
vt 0.691858 0.504268
vt 0.680294 0.503968
vt 0.691919 0.501336
vt 0.680350 0.501259
vt 0.691955 0.498201
vt 0.680384 0.498377
vt 0.691946 0.492080
vt 0.680384 0.492690
vt 0.680377 0.492003
vt 0.680294 0.488059
vt 0.691833 0.487368
vt 0.662852 0.599849
vt 0.681965 0.579022
vt 0.681857 0.582357
vt 0.693425 0.582241
vt 0.681819 0.586893
vt 0.693387 0.586778
vt 0.681859 0.591933
vt 0.693426 0.591817
vt 0.681965 0.596594
vt 0.693533 0.596479
vt 0.680818 0.516926
vt 0.681973 0.517489
vt 0.679356 0.523127
vt 0.680670 0.522365
vt 0.680644 0.523126
vt 0.680764 0.529341
vt 0.681924 0.528775
vt 0.682476 0.532051
vt 0.683480 0.531240
vt 0.684755 0.534307
vt 0.685552 0.533290
vt 0.690520 0.537019
vt 0.673355 0.575283
vt 0.674223 0.576238
vt 0.668544 0.578061
vt 0.668930 0.579293
vt 0.680294 0.492039
vt 0.680294 0.498409
vt 0.691542 0.535894
vt 0.690793 0.535755
vt 0.676770 0.561430
vt 0.677978 0.561000
vt 0.677518 0.566423
vt 0.678801 0.566492
vt 0.676286 0.571319
vt 0.677446 0.571878
vt 0.626465 0.599028
vt 0.621820 0.595115
vt 0.622834 0.594330
vt 0.627057 0.597887
vt 0.628116 0.598383
vt 0.632590 0.600643
vt 0.632625 0.599356
vt 0.634717 0.599252
vt 0.679423 0.522166
vt 0.680675 0.524677
vt 0.679423 0.528377
vt 0.631907 0.535317
vt 0.629277 0.538451
vt 0.630651 0.535019
vt 0.632302 0.532021
vt 0.631011 0.532023
vt 0.631977 0.528984
vt 0.630715 0.529261
vt 0.629277 0.523254
vt 0.666117 0.503381
vt 0.666125 0.499971
vt 0.667418 0.498486
vt 0.596116 0.526290
vt 0.596116 0.528624
vt 0.595093 0.527079
vt 0.666127 0.498199
vt 0.667418 0.492152
vt 0.671289 0.475342
vt 0.672567 0.475515
vt 0.669279 0.480738
vt 0.670356 0.481451
vt 0.668741 0.481493
vt 0.666127 0.493351
vt 0.671611 0.468254
vt 0.625209 0.576295
vt 0.624431 0.575276
vt 0.631360 0.573747
vt 0.631198 0.572474
vt 0.634717 0.573747
vt 0.679423 0.518849
vt 0.680677 0.515091
vt 0.680677 0.522166
vt 0.673564 0.600784
vt 0.676434 0.603205
vt 0.675243 0.603691
vt 0.676112 0.610293
vt 0.738365 0.548375
vt 0.729145 0.574954
vt 0.724171 0.571031
vt 0.612727 0.574422
vt 0.605116 0.600412
vt 0.608150 0.572474
vt 0.735331 0.576314
vt 0.732031 0.575955
vt 0.616175 0.594921
vt 0.611276 0.598936
vt 0.618773 0.589431
vt 0.619017 0.584462
vt 0.616973 0.578752
vt 0.724839 0.552528
vt 0.731045 0.548639
vt 0.721408 0.558998
vt 0.721408 0.565332
vt 0.620755 0.590314
vt 0.619532 0.590697
vt 0.620286 0.584821
vt 0.619017 0.584655
vt 0.622160 0.579636
vt 0.621079 0.578951
vt 0.680880 0.485577
vt 0.669310 0.485555
vt 0.680935 0.481302
vt 0.669365 0.481280
vt 0.680935 0.475799
vt 0.669365 0.475777
vt 0.680862 0.470940
vt 0.685684 0.605891
vt 0.674188 0.610727
vt 0.674114 0.605869
vt 0.685578 0.603027
vt 0.674008 0.603005
vt 0.676366 0.498388
vt 0.676751 0.493882
vt 0.701599 0.500540
vt 0.678670 0.489788
vt 0.682743 0.486072
vt 0.698270 0.506307
vt 0.692504 0.509636
vt 0.678035 0.503643
vt 0.681751 0.507716
vt 0.685846 0.509636
vt 0.698270 0.488116
vt 0.701599 0.493882
vt 0.692504 0.484787
vt 0.687998 0.484403
vt 0.666117 0.487260
vt 0.666127 0.492441
vt 0.654541 0.487260
vt 0.654551 0.493351
vt 0.654548 0.499971
vt 0.662655 0.570526
vt 0.651166 0.567354
vt 0.662770 0.564766
vt 0.651201 0.564767
vt 0.651216 0.561781
vt 0.662770 0.558108
vt 0.651201 0.558109
vt 0.651176 0.556135
vt 0.662655 0.552335
vt 0.669185 0.489686
vt 0.680724 0.490353
vt 0.651055 0.551546
vt 0.651085 0.552336
vt 0.601707 0.504823
vt 0.601807 0.501908
vt 0.613375 0.501792
vt 0.613246 0.512933
vt 0.613375 0.519364
vt 0.601807 0.519480
vt 0.613246 0.506502
vt 0.613229 0.509604
vt 0.601661 0.509720
vt 0.601707 0.515227
vt 0.604819 0.445733
vt 0.605530 0.445204
vt 0.752156 0.641599
vt 0.689391 0.515003
vt 0.689391 0.495202
vt 0.788798 0.627351
vt 0.789578 0.479704
vt 0.789578 0.499505
vt 0.596599 0.386846
vt 0.742510 0.583763
vt 0.725828 0.593825
vt 0.595173 0.387897
vt 0.707626 0.600956
vt 0.688394 0.604961
vt 0.634602 0.520469
vt 0.616517 0.511767
vt 0.563995 0.452408
vt 0.668654 0.605734
vt 0.678299 0.663570
vt 0.658583 0.661088
vt 0.590308 0.458681
vt 0.578198 0.473912
vt 0.688300 0.691770
vt 0.495321 0.598911
vt 0.685057 0.672120
vt 0.815272 0.638382
vt 0.625535 0.565173
vt 0.642218 0.555111
vt 0.660420 0.547981
vt 0.786335 0.518923
vt 0.779937 0.537432
vt 0.770557 0.554533
vt 0.653761 0.526137
vt 0.699032 0.553621
vt 0.692634 0.534653
vt 0.692634 0.475784
vt 0.699032 0.457275
vt 0.568818 0.491013
vt 0.669279 0.635379
vt 0.678659 0.653152
vt 0.569177 0.576941
vt 0.549437 0.577713
vt 0.679652 0.543975
vt 0.626137 0.593792
vt 0.642658 0.605293
vt 0.608052 0.585090
vt 0.588893 0.579422
vt 0.758447 0.569763
vt 0.743936 0.582712
vt 0.606244 0.444682
vt 0.753581 0.640548
vt 0.595884 0.387368
vt 0.743225 0.583240
vt 0.599996 0.500267
vt 0.585485 0.486279
vt 0.751555 0.612980
vt 0.720522 0.587492
vt 0.708413 0.571394
vt 0.657169 0.619281
vt 0.730119 0.568817
vt 0.627216 0.568816
vt 0.730118 0.564478
vt 0.739764 0.622314
vt 0.636862 0.626652
vt 0.636862 0.625735
vt 0.627216 0.567899
vt 0.730115 0.554744
vt 0.739761 0.612580
vt 0.636854 0.605665
vt 0.627209 0.547829
vt 0.730111 0.547830
vt 0.730088 0.526333
vt 0.730090 0.528336
vt 0.627188 0.528335
vt 0.730100 0.535611
vt 0.636834 0.586171
vt 0.739745 0.593447
vt 0.730109 0.545101
vt 0.730072 0.517328
vt 0.739718 0.575164
vt 0.636801 0.567781
vt 0.627155 0.509945
vt 0.730057 0.509946
vt 0.730011 0.492500
vt 0.730013 0.493157
vt 0.627110 0.493155
vt 0.730034 0.500357
vt 0.636756 0.550991
vt 0.739679 0.558193
vt 0.730054 0.508650
vt 0.729985 0.485129
vt 0.739630 0.542965
vt 0.636701 0.536255
vt 0.627055 0.478419
vt 0.729957 0.478290
vt 0.653863 0.592686
vt 0.656192 0.600546
vt 0.566335 0.598984
vt 0.656312 0.600917
vt 0.696550 0.565246
vt 0.786527 0.567180
vt 0.702565 0.580839
vt 0.567528 0.479625
vt 0.651489 0.465966
vt 0.654255 0.473754
vt 0.657320 0.481048
vt 0.651747 0.584064
vt 0.781961 0.550326
vt 0.691888 0.547773
vt 0.561674 0.581511
vt 0.651530 0.583072
vt 0.647514 0.556403
vt 0.648348 0.564190
vt 0.558492 0.562628
vt 0.648562 0.565865
vt 0.688706 0.528890
vt 0.778777 0.532127
vt 0.649976 0.575104
vt 0.646839 0.546780
vt 0.777054 0.513043
vt 0.687089 0.509109
vt 0.556875 0.542847
vt 0.646731 0.544408
vt 0.671194 0.618768
vt 0.670837 0.625475
vt 0.580981 0.623914
vt 0.670735 0.628508
vt 0.580989 0.644060
vt 0.670654 0.638270
vt 0.646541 0.537057
vt 0.672028 0.609113
vt 0.582582 0.603947
vt 0.672439 0.605509
vt 0.676718 0.581264
vt 0.675606 0.586262
vt 0.585750 0.584700
vt 0.674799 0.590302
vt 0.673232 0.599604
vt 0.678977 0.572550
vt 0.590398 0.566692
vt 0.680254 0.568254
vt 0.593364 0.579794
vt 0.593354 0.576941
vt 0.696257 0.576941
vt 0.596401 0.550411
vt 0.686257 0.551972
vt 0.684458 0.556306
vt 0.681563 0.564212
vt 0.593386 0.586900
vt 0.696301 0.591729
vt 0.593399 0.591729
vt 0.593438 0.611084
vt 0.593434 0.608561
vt 0.696336 0.608561
vt 0.593423 0.602594
vt 0.593405 0.594516
vt 0.593452 0.619929
vt 0.696363 0.626982
vt 0.593461 0.626982
vt 0.696379 0.646494
vt 0.593472 0.638466
vt 0.593463 0.629076
vt 0.593482 0.657734
vt 0.593478 0.648039
vt 0.593477 0.646495
vt 0.696385 0.666571
vt 0.696385 0.667489
vt 0.593483 0.667489
vt 0.564546 0.489161
vt 0.667448 0.489161
vt 0.667448 0.490078
vt 0.667443 0.510151
vt 0.564544 0.503236
vt 0.797663 0.456340
vt 0.694758 0.469498
vt 0.694761 0.459762
vt 0.694761 0.455423
vt 0.694739 0.495918
vt 0.694746 0.488639
vt 0.797641 0.495917
vt 0.694754 0.479144
vt 0.667426 0.529655
vt 0.564539 0.512882
vt 0.797657 0.476414
vt 0.694755 0.476414
vt 0.694736 0.497922
vt 0.564522 0.531660
vt 0.667400 0.548061
vt 0.797614 0.514323
vt 0.694724 0.506935
vt 0.694677 0.531136
vt 0.694694 0.523925
vt 0.797579 0.531135
vt 0.694710 0.515621
vt 0.667364 0.564873
vt 0.564496 0.549359
vt 0.694712 0.514324
vt 0.694675 0.531794
vt 0.564461 0.565531
vt 0.667320 0.579636
vt 0.797535 0.545898
vt 0.694655 0.539177
vt 0.585242 0.606954
vt 0.582407 0.598826
vt 0.668312 0.589085
vt 0.579265 0.591154
vt 0.694632 0.546029
vt 0.585366 0.607340
vt 0.674478 0.605417
vt 0.580543 0.472389
vt 0.669655 0.470467
vt 0.582929 0.480535
vt 0.674432 0.488513
vt 0.585098 0.489417
vt 0.588577 0.509707
vt 0.588358 0.508006
vt 0.677689 0.507785
vt 0.586911 0.498594
vt 0.585320 0.490435
vt 0.589430 0.517595
vt 0.679341 0.527762
vt 0.590119 0.527299
vt 0.590228 0.549827
vt 0.590334 0.546808
vt 0.679341 0.547904
vt 0.590421 0.537058
vt 0.590229 0.529684
vt 0.589860 0.556488
vt 0.677689 0.567667
vt 0.589000 0.566037
vt 0.585319 0.588440
vt 0.586149 0.584501
vt 0.674432 0.586518
vt 0.587761 0.575395
vt 0.588577 0.569590
vt 0.584177 0.593299
vt 0.669655 0.603946
vt 0.581855 0.601732
vt 0.701021 0.481115
vt 0.701004 0.484822
vt 0.598119 0.481114
vt 0.663489 0.619481
vt 0.576224 0.617293
vt 0.579198 0.609747
vt 0.580543 0.605868
vt 0.701033 0.478257
vt 0.710678 0.536093
vt 0.607764 0.538950
vt 0.607819 0.524135
vt 0.598174 0.466299
vt 0.701060 0.471137
vt 0.730057 0.627774
vt 0.730043 0.633748
vt 0.627155 0.627773
vt 0.598219 0.449445
vt 0.701107 0.455420
vt 0.701084 0.463509
vt 0.607864 0.507281
vt 0.710730 0.521345
vt 0.701076 0.466300
vt 0.730063 0.625249
vt 0.710772 0.504758
vt 0.607897 0.488844
vt 0.627188 0.609336
vt 0.730079 0.616395
vt 0.730111 0.589814
vt 0.730104 0.597847
vt 0.627209 0.589813
vt 0.730093 0.607242
vt 0.636854 0.647649
vt 0.739739 0.665078
vt 0.636834 0.667172
vt 0.730090 0.609337
vt 0.730112 0.588270
vt 0.739758 0.646106
vt 0.636862 0.627569
vt 0.627216 0.569733
vt 0.730117 0.578572
vt 0.739762 0.636408
vt 0.649640 0.517017
vt 0.653654 0.515605
vt 0.674649 0.758424
vt 0.654426 0.515397
vt 0.694262 0.532214
vt 0.693613 0.746391
vt 0.693613 0.531451
vt 0.688790 0.396500
vt 0.688790 0.611440
vt 0.687530 0.612701
vt 0.669055 0.623681
vt 0.639076 0.385091
vt 0.669826 0.623473
vt 0.643899 0.520042
vt 0.644946 0.519398
vt 0.676015 0.517558
vt 0.680764 0.520132
vt 0.684405 0.522662
vt 0.685408 0.523448
vt 0.683108 0.616553
vt 0.679582 0.619037
vt 0.678535 0.619680
vt 0.689917 0.527483
vt 0.673841 0.622061
vt 0.659274 0.514548
vt 0.664152 0.514475
vt 0.666322 0.514693
vt 0.712069 0.567994
vt 0.710757 0.572131
vt 0.715534 0.456698
vt 0.698417 0.537608
vt 0.693594 0.402657
vt 0.697203 0.408140
vt 0.691773 0.608147
vt 0.695810 0.602920
vt 0.664207 0.624530
vt 0.659329 0.624603
vt 0.657159 0.624386
vt 0.657111 0.679357
vt 0.652362 0.676782
vt 0.648721 0.442927
vt 0.648721 0.674252
vt 0.647719 0.673467
vt 0.640774 0.449263
vt 0.645196 0.445410
vt 0.639513 0.665464
vt 0.643209 0.669431
vt 0.632494 0.459044
vt 0.631101 0.461076
vt 0.638864 0.664701
vt 0.636531 0.453817
vt 0.639513 0.450524
vt 0.671191 0.515741
vt 0.674650 0.516964
vt 0.709413 0.576009
vt 0.703166 0.590585
vt 0.699616 0.597054
vt 0.697203 0.600888
vt 0.652290 0.623338
vt 0.648831 0.622115
vt 0.647466 0.621521
vt 0.616235 0.493969
vt 0.617546 0.489833
vt 0.617546 0.623312
vt 0.706439 0.583556
vt 0.704591 0.587666
vt 0.631101 0.653823
vt 0.618891 0.485954
vt 0.634709 0.659307
vt 0.628688 0.464910
vt 0.625137 0.471378
vt 0.718573 0.474269
vt 0.718792 0.475970
vt 0.715534 0.554703
vt 0.714391 0.559561
vt 0.621865 0.478408
vt 0.623712 0.474298
vt 0.710758 0.438651
vt 0.713144 0.446797
vt 0.715312 0.455680
vt 0.613913 0.502403
vt 0.717126 0.464856
vt 0.612991 0.606284
vt 0.612770 0.605266
vt 0.612770 0.507261
vt 0.702026 0.543091
vt 0.702355 0.543633
vt 0.715580 0.707082
vt 0.706050 0.550250
vt 0.709480 0.557417
vt 0.719644 0.483857
vt 0.720333 0.493562
vt 0.720443 0.495947
vt 0.630772 0.653282
vt 0.627076 0.646665
vt 0.623647 0.639498
vt 0.704657 0.422466
vt 0.707799 0.430137
vt 0.710634 0.438265
vt 0.720443 0.516089
vt 0.720549 0.513070
vt 0.720636 0.503320
vt 0.718792 0.535852
vt 0.717975 0.541657
vt 0.716364 0.550763
vt 0.620504 0.631826
vt 0.617670 0.623699
vt 0.615160 0.615167
vt 0.611178 0.597108
vt 0.609731 0.587695
vt 0.609512 0.585994
vt 0.609512 0.526112
vt 0.610328 0.520307
vt 0.611940 0.511200
vt 0.720074 0.522750
vt 0.719215 0.532299
vt 0.607861 0.566017
vt 0.607970 0.568402
vt 0.608659 0.578106
vt 0.607861 0.545875
vt 0.608229 0.539213
vt 0.609089 0.529664
vt 0.607668 0.558644
vt 0.607755 0.548894
vt 0.649890 0.543040
vt 0.615589 0.543040
vt 0.615588 0.533453
vt 0.649888 0.533454
vt 0.615576 0.514523
vt 0.649876 0.514524
vt 0.615552 0.496304
vt 0.649852 0.496305
vt 0.615517 0.479245
vt 0.649817 0.479245
vt 0.615471 0.463764
vt 0.654640 0.614196
vt 0.620294 0.598715
vt 0.654594 0.598716
vt 0.620239 0.585196
vt 0.654539 0.585196
vt 0.743057 0.587258
vt 0.713113 0.586393
vt 0.707789 0.571142
vt 0.737733 0.572006
vt 0.703734 0.554261
vt 0.733678 0.555126
vt 0.701047 0.536168
vt 0.730991 0.537032
vt 0.699794 0.517307
vt 0.729738 0.518171
vt 0.699717 0.507734
vt 0.729661 0.508598
vt 0.651962 0.568216
vt 0.647168 0.527579
vt 0.655115 0.526529
vt 0.671058 0.512119
vt 0.676105 0.552732
vt 0.668157 0.553782
vt 0.638467 0.600551
vt 0.622362 0.572544
vt 0.642232 0.586720
vt 0.627883 0.556017
vt 0.647298 0.574712
vt 0.634718 0.541622
vt 0.653472 0.564987
vt 0.642682 0.529750
vt 0.660515 0.557920
vt 0.651558 0.520725
vt 0.661104 0.514794
vt 0.647168 0.568283
vt 0.642373 0.567596
vt 0.647168 0.537218
vt 0.642373 0.577235
vt 0.639220 0.535140
vt 0.632902 0.573625
vt 0.631578 0.530013
vt 0.623783 0.567114
vt 0.624535 0.522034
vt 0.615239 0.557862
vt 0.618361 0.511511
vt 0.607482 0.546097
vt 0.600701 0.532109
vt 0.613295 0.498847
vt 0.595065 0.516243
vt 0.609531 0.484529
vt 0.739745 0.450792
vt 0.725280 0.482505
vt 0.720927 0.465151
vt 0.638467 0.662857
vt 0.619649 0.677216
vt 0.636149 0.647436
vt 0.681040 0.493591
vt 0.693634 0.528483
vt 0.675974 0.505599
vt 0.686853 0.541593
vt 0.669801 0.515324
vt 0.679096 0.552354
vt 0.662757 0.522391
vt 0.670552 0.560500
vt 0.661433 0.565831
vt 0.687906 0.448807
vt 0.708086 0.459694
vt 0.687123 0.464638
vt 0.706586 0.478522
vt 0.684805 0.479760
vt 0.703623 0.496554
vt 0.699270 0.513345
vt 0.709977 0.581464
vt 0.729846 0.569858
vt 0.713742 0.595781
vt 0.583527 0.629519
vt 0.599632 0.603596
vt 0.603686 0.622327
vt 0.733901 0.588590
vt 0.716060 0.611203
vt 0.585845 0.644941
vt 0.606164 0.642038
vt 0.736378 0.608300
vt 0.716842 0.627135
vt 0.586628 0.660873
vt 0.606997 0.662191
vt 0.606809 0.671759
vt 0.671058 0.502479
vt 0.676105 0.502389
vt 0.676105 0.543092
vt 0.681151 0.503132
vt 0.684052 0.545171
vt 0.691106 0.507096
vt 0.691694 0.550298
vt 0.700651 0.514262
vt 0.698738 0.558276
vt 0.709527 0.524435
vt 0.704911 0.568800
vt 0.717491 0.537337
vt 0.724327 0.552617
vt 0.616686 0.658801
vt 0.615186 0.639778
vt 0.635366 0.631503
vt 0.614997 0.630186
vt 0.636149 0.615672
vt 0.615831 0.610141
vt 0.618308 0.590750
vt 0.739440 0.599905
vt 0.722597 0.600416
vt 0.719742 0.586267
vt 0.660664 0.507530
vt 0.660670 0.523418
vt 0.649945 0.507530
vt 0.649951 0.523418
vt 0.660663 0.506649
vt 0.649926 0.492261
vt 0.679954 0.627141
vt 0.669217 0.612753
vt 0.699248 0.627141
vt 0.604532 0.499563
vt 0.604402 0.498692
vt 0.610904 0.484260
vt 0.613889 0.499279
vt 0.615413 0.515065
vt 0.606056 0.515349
vt 0.584705 0.485054
vt 0.745942 0.585473
vt 0.719603 0.585727
vt 0.584566 0.484514
vt 0.606573 0.470584
vt 0.715318 0.572352
vt 0.741611 0.571797
vt 0.709900 0.560786
vt 0.736099 0.559992
vt 0.669146 0.586375
vt 0.699159 0.586375
vt 0.699199 0.598442
vt 0.669187 0.598691
vt 0.699229 0.612201
vt 0.699230 0.612753
vt 0.651018 0.482361
vt 0.670312 0.482361
vt 0.670293 0.496775
vt 0.678623 0.449008
vt 0.658814 0.480321
vt 0.661042 0.466074
vt 0.677750 0.465713
vt 0.677841 0.464839
vt 0.660664 0.539315
vt 0.660663 0.540197
vt 0.649926 0.554611
vt 0.649945 0.539315
vt 0.640281 0.496774
vt 0.670292 0.497329
vt 0.640250 0.510880
vt 0.670262 0.511130
vt 0.670222 0.523254
vt 0.640210 0.523254
vt 0.649983 0.506160
vt 0.654966 0.494395
vt 0.658698 0.480866
vt 0.685969 0.581836
vt 0.685789 0.581406
vt 0.685510 0.579654
vt 0.684228 0.573543
vt 0.685510 0.567266
vt 0.685789 0.565478
vt 0.685969 0.565025
vt 0.703551 0.631639
vt 0.703550 0.627225
vt 0.722846 0.631639
vt 0.722844 0.627225
vt 0.715012 0.513106
vt 0.716475 0.498681
vt 0.719386 0.498958
vt 0.703535 0.612614
vt 0.701399 0.627664
vt 0.701385 0.613438
vt 0.698726 0.559738
vt 0.696359 0.557862
vt 0.702612 0.549871
vt 0.705148 0.551531
vt 0.707932 0.539473
vt 0.710612 0.540852
vt 0.712118 0.527061
vt 0.714911 0.528104
vt 0.717883 0.513773
vt 0.719397 0.494527
vt 0.736229 0.498447
vt 0.606014 0.532185
vt 0.589182 0.528265
vt 0.606025 0.527754
vt 0.681146 0.480410
vt 0.681056 0.479524
vt 0.680916 0.475984
vt 0.680273 0.463591
vt 0.685739 0.610935
vt 0.685096 0.598542
vt 0.685739 0.586233
vt 0.685878 0.582711
vt 0.685969 0.581836
vt 0.706687 0.610517
vt 0.706777 0.611403
vt 0.706917 0.614943
vt 0.707560 0.627335
vt 0.706917 0.639645
vt 0.677980 0.461317
vt 0.690208 0.615303
vt 0.689979 0.610877
vt 0.672449 0.496135
vt 0.672463 0.482002
vt 0.674613 0.482445
vt 0.687073 0.611290
vt 0.687751 0.596342
vt 0.684773 0.596507
vt 0.687617 0.595694
vt 0.681106 0.582794
vt 0.683850 0.581611
vt 0.676208 0.570666
vt 0.678820 0.569155
vt 0.670263 0.560576
vt 0.672715 0.558792
vt 0.672715 0.568432
vt 0.670263 0.570216
vt 0.663495 0.562542
vt 0.665763 0.560551
vt 0.674599 0.496960
vt 0.679921 0.471334
vt 0.693909 0.478031
vt 0.674615 0.478031
vt 0.680731 0.459613
vt 0.678589 0.461026
vt 0.674615 0.453311
vt 0.683190 0.472210
vt 0.685349 0.471843
vt 0.688016 0.470082
vt 0.677155 0.463155
vt 0.676651 0.465671
vt 0.677527 0.468940
vt 0.689530 0.467269
vt 0.689728 0.465671
vt 0.693909 0.453311
vt 0.689530 0.464074
vt 0.688016 0.461260
vt 0.685349 0.459500
vt 0.683190 0.459133
vt 0.672464 0.478029
vt 0.723032 0.604800
vt 0.739875 0.604289
vt 0.604837 0.503076
vt 0.587560 0.499203
vt 0.701383 0.627589
vt 0.701365 0.613041
vt 0.719728 0.601021
vt 0.716813 0.586718
vt 0.712641 0.573695
vt 0.707365 0.562434
vt 0.701182 0.553351
vt 0.703549 0.551458
vt 0.701336 0.599645
vt 0.699250 0.631554
vt 0.679956 0.631554
vt 0.684228 0.548213
vt 0.684407 0.548643
vt 0.684686 0.550396
vt 0.685969 0.556506
vt 0.684686 0.562783
vt 0.684407 0.564572
vt 0.684228 0.565025
vt 0.670313 0.477946
vt 0.651019 0.477945
vt 0.658137 0.465605
vt 0.655854 0.480008
vt 0.672447 0.481926
vt 0.672428 0.496499
vt 0.637043 0.532377
vt 0.634769 0.530417
vt 0.641479 0.523589
vt 0.643934 0.525365
vt 0.643934 0.515725
vt 0.641479 0.513950
vt 0.647368 0.504636
vt 0.652220 0.493180
vt 0.661272 0.461678
vt 0.701401 0.631637
vt 0.611153 0.533450
vt 0.608675 0.524789
vt 0.613140 0.533991
vt 0.610373 0.522738
vt 0.611393 0.521507
vt 0.627488 0.534507
vt 0.625501 0.534791
vt 0.628267 0.523896
vt 0.653899 0.470368
vt 0.658343 0.461648
vt 0.652802 0.466817
vt 0.687280 0.615274
vt 0.681738 0.609387
vt 0.615597 0.644909
vt 0.615523 0.647899
vt 0.614776 0.650452
vt 0.609441 0.648550
vt 0.613317 0.657862
vt 0.611723 0.663248
vt 0.613746 0.661938
vt 0.713001 0.451182
vt 0.715024 0.449872
vt 0.716635 0.464825
vt 0.718376 0.462433
vt 0.721487 0.476908
vt 0.722942 0.473851
vt 0.727376 0.486984
vt 0.728487 0.483385
vt 0.734086 0.494680
vt 0.603872 0.528418
vt 0.598273 0.517123
vt 0.604592 0.524422
vt 0.606696 0.525417
vt 0.619320 0.522823
vt 0.613174 0.521280
vt 0.612579 0.521130
vt 0.627248 0.522533
vt 0.626061 0.522003
vt 0.625466 0.522075
vt 0.652055 0.464167
vt 0.651981 0.461167
vt 0.687280 0.639976
vt 0.680918 0.639495
vt 0.680994 0.611924
vt 0.680918 0.614932
vt 0.681491 0.627250
vt 0.609441 0.615907
vt 0.613678 0.611144
vt 0.609234 0.619864
vt 0.614776 0.614695
vt 0.615024 0.632664
vt 0.609234 0.644566
vt 0.615597 0.620345
vt 0.615523 0.617345
vt 0.613687 0.653815
vt 0.629955 0.526157
vt 0.631944 0.527051
vt 0.634048 0.526327
vt 0.640368 0.519846
vt 0.647368 0.514275
vt 0.640368 0.510207
vt 0.645913 0.501390
vt 0.650479 0.490563
vt 0.653831 0.478436
vt 0.654260 0.474441
vt 0.642076 0.556360
vt 0.648257 0.568329
vt 0.642111 0.569076
vt 0.656425 0.557702
vt 0.660972 0.565741
vt 0.648294 0.568331
vt 0.654438 0.557160
vt 0.654403 0.569872
vt 0.641516 0.569149
vt 0.640612 0.568831
vt 0.639310 0.567256
vt 0.632977 0.560603
vt 0.640090 0.556645
vt 0.635633 0.564101
vt 0.635530 0.564096
vt 0.633529 0.564824
vt 0.626175 0.567465
vt 0.627209 0.571305
vt 0.620209 0.576876
vt 0.621665 0.580122
vt 0.615306 0.588481
vt 0.617098 0.590949
vt 0.611652 0.601838
vt 0.613747 0.603076
vt 0.613317 0.607071
vt 0.682841 0.605956
vt 0.683197 0.601903
vt 0.682768 0.597902
vt 0.679344 0.585123
vt 0.674789 0.573798
vt 0.674789 0.583437
vt 0.669269 0.573978
vt 0.662985 0.566730
vt 0.660881 0.565734
vt 0.658945 0.566332
vt 0.657204 0.568413
vt 0.637581 0.564958
vt 0.655902 0.569820
vt 0.654998 0.570021
vt 0.716485 0.494694
vt 0.724107 0.475857
vt 0.721864 0.477685
vt 0.718209 0.469849
vt 0.720677 0.480534
vt 0.720831 0.483724
vt 0.722288 0.486493
vt 0.601569 0.514077
vt 0.600341 0.511494
vt 0.598268 0.509742
vt 0.587995 0.503587
vt 0.728482 0.476005
vt 0.725975 0.475433
vt 0.601709 0.516983
vt 0.600732 0.519633
vt 0.724700 0.488180
vt 0.726603 0.488489
vt 0.596388 0.522227
vt 0.598834 0.521505
vt 0.695764 0.621367
vt 0.693455 0.623176
vt 0.692144 0.626016
vt 0.690208 0.640006
vt 0.663207 0.447688
vt 0.663207 0.450881
vt 0.664518 0.453665
vt 0.703155 0.625921
vt 0.703155 0.628829
vt 0.674218 0.450501
vt 0.673125 0.453145
vt 0.702061 0.623325
vt 0.700091 0.621554
vt 0.697634 0.620960
vt 0.666827 0.455374
vt 0.668698 0.455700
vt 0.671154 0.455000
vt 0.672464 0.453309
vt 0.677827 0.465670
vt 0.678239 0.463607
vt 0.679414 0.461863
vt 0.723302 0.494985
vt 0.723165 0.493812
vt 0.725396 0.494956
vt 0.725720 0.493777
vt 0.681170 0.460704
vt 0.683186 0.460311
vt 0.647460 0.537082
vt 0.647798 0.535872
vt 0.650844 0.537166
vt 0.650572 0.535941
vt 0.678545 0.468350
vt 0.683186 0.471030
vt 0.680506 0.470311
vt 0.679396 0.469460
vt 0.651865 0.535954
vt 0.653779 0.537180
vt 0.595181 0.528694
vt 0.596998 0.528666
vt 0.597195 0.543574
vt 0.645916 0.535793
vt 0.646459 0.521100
vt 0.647667 0.521179
vt 0.648162 0.521200
vt 0.595559 0.543569
vt 0.725773 0.509831
vt 0.723679 0.509786
vt 0.723471 0.509780
vt 0.721293 0.495009
vt 0.721764 0.509735
vt 0.721293 0.509724
vt 0.618081 0.494165
vt 0.621842 0.484614
vt 0.618291 0.494656
vt 0.621837 0.496511
vt 0.617053 0.492721
vt 0.616902 0.492577
vt 0.615101 0.491476
vt 0.613263 0.491151
vt 0.612736 0.491177
vt 0.591829 0.484614
vt 0.611578 0.491423
vt 0.610915 0.491693
vt 0.609330 0.492870
vt 0.608228 0.494672
vt 0.591825 0.496511
vt 0.608080 0.495145
vt 0.613444 0.501867
vt 0.615359 0.501443
vt 0.621842 0.508402
vt 0.607903 0.496511
vt 0.607932 0.497066
vt 0.591829 0.508402
vt 0.608055 0.497779
vt 0.608523 0.499013
vt 0.609289 0.500107
vt 0.609698 0.500513
vt 0.611243 0.501475
vt 0.613263 0.501870
vt 0.617066 0.500287
vt 0.618228 0.498527
vt 0.621837 0.496583
vt 0.618622 0.496511
vt 0.618596 0.495991
vt 0.720120 0.604966
vt 0.701385 0.631560
vt 0.664575 0.471477
vt 0.666850 0.469663
vt 0.666850 0.461509
vt 0.664575 0.459695
vt 0.670313 0.453226
vt 0.661738 0.459047
vt 0.651019 0.453226
vt 0.659236 0.459545
vt 0.657115 0.460962
vt 0.655609 0.467862
vt 0.655200 0.465586
vt 0.655697 0.463083
vt 0.657137 0.470231
vt 0.659520 0.471736
vt 0.661738 0.472124
vt 0.668113 0.467041
vt 0.668277 0.465586
vt 0.668113 0.464131
vt 0.672449 0.477952
vt 0.658343 0.436946
vt 0.672449 0.453232
vt 0.715297 0.470015
vt 0.618507 0.644540
vt 0.617952 0.632691
vt 0.618507 0.620769
vt 0.616589 0.661121
vt 0.616245 0.657860
vt 0.616541 0.654622
vt 0.617413 0.651932
vt 0.606870 0.522439
vt 0.600731 0.515348
vt 0.730945 0.481610
vt 0.725559 0.472349
vt 0.721123 0.461257
vt 0.717867 0.449055
vt 0.696783 0.572429
vt 0.694632 0.572427
vt 0.696785 0.569063
vt 0.694635 0.568220
vt 0.650838 0.564826
vt 0.647833 0.565107
vt 0.650838 0.562587
vt 0.647833 0.562308
vt 0.696785 0.575594
vt 0.694635 0.576383
vt 0.696798 0.584197
vt 0.694647 0.584195
vt 0.696797 0.581786
vt 0.694646 0.581822
vt 0.696796 0.581032
vt 0.650838 0.567065
vt 0.647833 0.566786
vt 0.696797 0.585783
vt 0.694647 0.585385
vt 0.696794 0.597676
vt 0.694643 0.597674
vt 0.694647 0.609965
vt 0.696797 0.609571
vt 0.691975 0.474620
vt 0.691975 0.476206
vt 0.689824 0.475015
vt 0.689824 0.476204
vt 0.691973 0.479370
vt 0.689823 0.478577
vt 0.629500 0.520527
vt 0.630859 0.522344
vt 0.691960 0.487966
vt 0.689809 0.487964
vt 0.691962 0.484784
vt 0.689812 0.483987
vt 0.632209 0.524154
vt 0.691963 0.491333
vt 0.689812 0.492172
vt 0.646604 0.562377
vt 0.649437 0.563196
vt 0.643430 0.574551
vt 0.646170 0.575729
vt 0.639108 0.585605
vt 0.641720 0.587107
vt 0.633858 0.594819
vt 0.636316 0.596592
vt 0.627875 0.601854
vt 0.630157 0.603835
vt 0.649855 0.559149
vt 0.645801 0.553179
vt 0.648433 0.551699
vt 0.646657 0.555914
vt 0.649503 0.555118
vt 0.646939 0.558994
vt 0.646938 0.559139
vt 0.645275 0.533857
vt 0.648192 0.533831
vt 0.644735 0.545776
vt 0.647633 0.546147
vt 0.647633 0.521578
vt 0.644735 0.522000
vt 0.645801 0.514475
vt 0.648433 0.515935
vt 0.644835 0.517977
vt 0.647708 0.518561
vt 0.644663 0.520419
vt 0.649855 0.508273
vt 0.646938 0.508346
vt 0.649436 0.504323
vt 0.646603 0.505186
vt 0.649508 0.512370
vt 0.646660 0.511623
vt 0.646939 0.508531
vt 0.656812 0.646172
vt 0.659094 0.644211
vt 0.662761 0.652480
vt 0.665218 0.650705
vt 0.667987 0.661026
vt 0.670598 0.659502
vt 0.672299 0.671497
vt 0.643362 0.493169
vt 0.641661 0.481174
vt 0.646100 0.491953
vt 0.616589 0.603941
vt 0.619845 0.592160
vt 0.624281 0.581642
vt 0.629667 0.573078
vt 0.635807 0.566782
vt 0.617413 0.613236
vt 0.616534 0.610395
vt 0.616246 0.607137
vt 0.618581 0.619189
vt 0.618408 0.616769
vt 0.642580 0.660560
vt 0.642236 0.657319
vt 0.642525 0.654098
vt 0.643404 0.651372
vt 0.643943 0.632058
vt 0.629887 0.631053
vt 0.644498 0.620209
vt 0.629808 0.630724
vt 0.629012 0.628987
vt 0.627713 0.627730
vt 0.626084 0.627141
vt 0.625490 0.627110
vt 0.623771 0.627519
vt 0.622266 0.628620
vt 0.622003 0.628922
vt 0.621204 0.630257
vt 0.620883 0.631247
vt 0.620747 0.632206
vt 0.620882 0.633865
vt 0.620968 0.634195
vt 0.621834 0.635936
vt 0.623214 0.637198
vt 0.624892 0.637791
vt 0.625490 0.637822
vt 0.644498 0.643980
vt 0.627179 0.637411
vt 0.628609 0.636305
vt 0.628855 0.636002
vt 0.629593 0.634663
vt 0.629886 0.633671
vt 0.630010 0.632711
vt 0.619593 0.552714
vt 0.620436 0.555382
vt 0.620731 0.558528
vt 0.638162 0.539067
vt 0.639886 0.538505
vt 0.619068 0.533392
vt 0.633108 0.533641
vt 0.633131 0.534194
vt 0.618527 0.545310
vt 0.633243 0.534953
vt 0.633624 0.536151
vt 0.634284 0.537280
vt 0.634613 0.537671
vt 0.635930 0.538660
vt 0.637678 0.539087
vt 0.641233 0.537353
vt 0.642107 0.535820
vt 0.642319 0.535114
vt 0.642467 0.533807
vt 0.642580 0.603380
vt 0.645906 0.591396
vt 0.650331 0.580967
vt 0.596699 0.579885
vt 0.626712 0.579767
vt 0.626676 0.590564
vt 0.596663 0.590633
vt 0.626649 0.602860
vt 0.596636 0.602860
vt 0.620396 0.561911
vt 0.617155 0.574298
vt 0.612843 0.585261
vt 0.722025 0.514277
vt 0.692013 0.514395
vt 0.691984 0.503615
vt 0.721997 0.503546
vt 0.721975 0.491333
vt 0.721973 0.487966
vt 0.721975 0.484802
vt 0.691968 0.482086
vt 0.721981 0.482086
vt 0.721988 0.476206
vt 0.721986 0.479370
vt 0.721988 0.474620
vt 0.701805 0.601678
vt 0.703349 0.602640
vt 0.701464 0.601346
vt 0.700010 0.597676
vt 0.700038 0.598231
vt 0.700187 0.599042
vt 0.700630 0.600178
vt 0.705370 0.603036
vt 0.705550 0.603032
vt 0.726810 0.609571
vt 0.707466 0.602609
vt 0.709172 0.601452
vt 0.710729 0.597676
vt 0.726807 0.597676
vt 0.710411 0.599494
vt 0.710335 0.599692
vt 0.705189 0.592320
vt 0.703274 0.592744
vt 0.710397 0.595821
vt 0.710109 0.595174
vt 0.726810 0.585783
vt 0.710700 0.597121
vt 0.708934 0.593674
vt 0.707390 0.592712
vt 0.705370 0.592317
vt 0.701566 0.593900
vt 0.700403 0.595660
vt 0.700162 0.596408
vt 0.726811 0.584197
vt 0.726810 0.581786
vt 0.696791 0.578313
vt 0.726803 0.578313
vt 0.726798 0.575594
vt 0.726796 0.572429
vt 0.726798 0.569063
vt 0.696807 0.556793
vt 0.726819 0.556862
vt 0.696835 0.546029
vt 0.726848 0.546147
vt 0.621394 0.505648
vt 0.595344 0.506086
vt 0.590908 0.494995
vt 0.616969 0.494646
vt 0.747184 0.460909
vt 0.645906 0.672974
vt 0.644572 0.618629
vt 0.644269 0.615447
vt 0.643404 0.612675
vt 0.642525 0.609835
vt 0.642236 0.606576
vt 0.620396 0.504720
vt 0.620731 0.508065
vt 0.620436 0.511245
vt 0.619593 0.514009
vt 0.618527 0.521535
vt 0.618455 0.519953
vt 0.641192 0.530174
vt 0.640841 0.529784
vt 0.642441 0.533254
vt 0.642319 0.532496
vt 0.641903 0.531300
vt 0.639458 0.528799
vt 0.637678 0.528373
vt 0.637197 0.528394
vt 0.635518 0.528952
vt 0.634245 0.530101
vt 0.633437 0.531630
vt 0.633243 0.532335
vt 0.691841 0.597234
vt 0.691909 0.598407
vt 0.690072 0.597331
vt 0.689751 0.598526
vt 0.687884 0.597454
vt 0.687082 0.598676
vt 0.687909 0.475917
vt 0.688710 0.477289
vt 0.685642 0.476221
vt 0.685946 0.477660
vt 0.683025 0.476198
vt 0.682752 0.477632
vt 0.680681 0.475854
vt 0.679893 0.477213
vt 0.647248 0.658838
vt 0.648070 0.660054
vt 0.645069 0.658746
vt 0.645411 0.659942
vt 0.643301 0.658670
vt 0.643255 0.659850
vt 0.694739 0.598256
vt 0.694160 0.597109
vt 0.597764 0.520518
vt 0.599129 0.519264
vt 0.599320 0.518984
vt 0.600120 0.516811
vt 0.600006 0.514430
vt 0.598999 0.512312
vt 0.598781 0.512045
vt 0.641532 0.658594
vt 0.640418 0.659727
vt 0.596804 0.510662
vt 0.597300 0.510877
vt 0.641051 0.536598
vt 0.641048 0.537776
vt 0.639282 0.536598
vt 0.638889 0.537776
vt 0.723791 0.512881
vt 0.722749 0.513992
vt 0.722088 0.511444
vt 0.720671 0.512238
vt 0.721122 0.509140
vt 0.719491 0.509428
vt 0.721122 0.506521
vt 0.719491 0.506232
vt 0.722088 0.504212
vt 0.720671 0.503415
vt 0.723791 0.502764
vt 0.722749 0.501649
vt 0.611183 0.534387
vt 0.611568 0.535570
vt 0.609411 0.534388
vt 0.609407 0.535571
vt 0.668108 0.454484
vt 0.642822 0.536598
vt 0.643887 0.537776
vt 0.669641 0.454150
vt 0.670122 0.453910
vt 0.699059 0.632238
vt 0.700470 0.630995
vt 0.702061 0.631473
vt 0.700673 0.630717
vt 0.701569 0.628550
vt 0.701569 0.626167
vt 0.607088 0.534386
vt 0.606572 0.535569
vt 0.699059 0.622587
vt 0.700470 0.623769
vt 0.700673 0.624038
vt 0.656374 0.465589
vt 0.656782 0.463538
vt 0.657944 0.461799
vt 0.659683 0.460638
vt 0.659236 0.459545
vt 0.661734 0.460230
vt 0.661734 0.470949
vt 0.659915 0.470631
vt 0.657962 0.469397
vt 0.656709 0.467455
vt 0.663299 0.479616
vt 0.661319 0.479641
vt 0.661319 0.464743
vt 0.669908 0.599770
vt 0.671675 0.599872
vt 0.672084 0.614606
vt 0.672248 0.599910
vt 0.667262 0.479655
vt 0.667426 0.464959
vt 0.668640 0.479714
vt 0.673463 0.614665
vt 0.673161 0.599970
vt 0.673463 0.599990
vt 0.666142 0.599694
vt 0.668089 0.599701
vt 0.668122 0.614567
vt 0.665085 0.464819
vt 0.665386 0.479621
vt 0.643941 0.643775
vt 0.641973 0.643721
vt 0.640977 0.658570
vt 0.640273 0.643721
vt 0.639344 0.658499
vt 0.639978 0.643726
vt 0.639085 0.643747
vt 0.639109 0.658489
vt 0.621663 0.635245
vt 0.622559 0.633078
vt 0.622559 0.630694
vt 0.621663 0.628566
vt 0.696125 0.582284
vt 0.696017 0.597013
vt 0.695170 0.582262
vt 0.695784 0.597025
vt 0.693626 0.582261
vt 0.691719 0.582314
vt 0.691032 0.582347
vt 0.644629 0.643809
vt 0.689067 0.582485
vt 0.687376 0.582654
vt 0.687082 0.582689
vt 0.690465 0.611172
vt 0.690721 0.596984
vt 0.692731 0.610867
vt 0.691695 0.596873
vt 0.692989 0.596594
vt 0.685983 0.596594
vt 0.687769 0.596927
vt 0.687848 0.611149
vt 0.688103 0.596961
vt 0.689769 0.597027
vt 0.646532 0.643939
vt 0.648070 0.644085
vt 0.685504 0.610805
vt 0.609411 0.519480
vt 0.608859 0.519482
vt 0.607088 0.534387
vt 0.606913 0.519527
vt 0.605463 0.534383
vt 0.605418 0.519599
vt 0.604460 0.519662
vt 0.605230 0.534382
vt 0.641285 0.529911
vt 0.681508 0.535126
vt 0.680616 0.528528
vt 0.682822 0.527846
vt 0.682822 0.535108
vt 0.640382 0.532043
vt 0.676620 0.534778
vt 0.676138 0.527431
vt 0.678508 0.527687
vt 0.677361 0.534980
vt 0.678508 0.535519
vt 0.678508 0.527846
vt 0.680616 0.534493
vt 0.678508 0.535519
vt 0.645800 0.521866
vt 0.645248 0.536599
vt 0.645012 0.521812
vt 0.645013 0.536599
vt 0.644621 0.521789
vt 0.643378 0.536598
vt 0.643072 0.521721
vt 0.641051 0.521689
vt 0.640498 0.521692
vt 0.638551 0.521739
vt 0.637101 0.536600
vt 0.637055 0.521816
vt 0.682259 0.478053
vt 0.682259 0.463768
vt 0.683839 0.478230
vt 0.688661 0.613181
vt 0.687082 0.598719
vt 0.689430 0.599029
vt 0.684607 0.464078
vt 0.684556 0.478269
vt 0.692048 0.599014
vt 0.691245 0.613233
vt 0.686422 0.478282
vt 0.685871 0.478291
vt 0.694309 0.598678
vt 0.693171 0.613113
vt 0.687225 0.464063
vt 0.688348 0.478162
vt 0.687174 0.478254
vt 0.611433 0.519510
vt 0.612983 0.519575
vt 0.613375 0.534383
vt 0.613375 0.519596
vt 0.689486 0.463727
vt 0.689435 0.478002
vt 0.620909 0.522172
vt 0.620885 0.537073
vt 0.620750 0.522169
vt 0.619142 0.537051
vt 0.618871 0.522182
vt 0.616835 0.537051
vt 0.616817 0.522263
vt 0.614944 0.522370
vt 0.614795 0.537082
vt 0.614781 0.522380
vt 0.613593 0.537127
vt 0.613617 0.522449
vt 0.666142 0.614592
vt 0.665987 0.599697
vt 0.699865 0.485696
vt 0.700293 0.470793
vt 0.702436 0.470872
vt 0.701623 0.485726
vt 0.704819 0.470963
vt 0.684883 0.596680
vt 0.684228 0.596607
vt 0.684883 0.581836
vt 0.705690 0.485726
vt 0.703679 0.485726
vt 0.696856 0.469679
vt 0.698927 0.469977
vt 0.696856 0.484528
vt 0.657137 0.615064
vt 0.657228 0.600375
vt 0.657297 0.600377
vt 0.652314 0.480113
vt 0.652474 0.465426
vt 0.653499 0.480124
vt 0.658321 0.615075
vt 0.658413 0.600399
vt 0.653590 0.465448
vt 0.654041 0.480134
vt 0.658864 0.615085
vt 0.659599 0.600413
vt 0.654776 0.465462
vt 0.654864 0.480154
vt 0.656075 0.480191
vt 0.660898 0.615142
vt 0.661944 0.600412
vt 0.657121 0.465462
vt 0.657421 0.480238
vt 0.662243 0.615189
vt 0.662335 0.600408
vt 0.657513 0.465457
vt 0.657830 0.480252
vt 0.662652 0.615203
vt 0.663866 0.600375
vt 0.659043 0.465425
vt 0.659161 0.480284
vt 0.622656 0.537127
vt 0.622223 0.537109
vt 0.622481 0.522249
vt 0.663418 0.470677
vt 0.664059 0.470418
vt 0.665639 0.469260
vt 0.665924 0.468931
vt 0.666959 0.466782
vt 0.667093 0.465589
vt 0.664059 0.460760
vt 0.707259 0.605823
vt 0.707037 0.604630
vt 0.709642 0.605914
vt 0.709945 0.604741
vt 0.665924 0.462248
vt 0.666850 0.461509
vt 0.666941 0.464321
vt 0.666959 0.464397
vt 0.618750 0.516774
vt 0.591813 0.525129
vt 0.621826 0.525129
vt 0.591841 0.537317
vt 0.621853 0.537317
vt 0.591876 0.548014
vt 0.621889 0.548015
vt 0.641779 0.660560
vt 0.646091 0.671032
vt 0.617155 0.492704
vt 0.639050 0.482698
vt 0.677366 0.488914
vt 0.672941 0.499343
vt 0.615462 0.460000
vt 0.626756 0.514836
vt 0.614467 0.473044
vt 0.632860 0.521878
vt 0.679869 0.467636
vt 0.680734 0.470408
vt 0.659791 0.514669
vt 0.658209 0.513961
vt 0.661475 0.514090
vt 0.656850 0.512144
vt 0.667579 0.507838
vt 0.655491 0.510327
vt 0.615462 0.469639
vt 0.655491 0.519967
vt 0.653908 0.519260
vt 0.653116 0.519356
vt 0.707810 0.652070
vt 0.707810 0.642430
vt 0.644572 0.608989
vt 0.684428 0.561421
vt 0.684428 0.571060
vt 0.682845 0.571563
vt 0.707637 0.613069
vt 0.707711 0.614659
vt 0.680692 0.476931
vt 0.681036 0.473589
vt 0.647168 0.520080
vt 0.641220 0.518586
vt 0.640427 0.518387
vt 0.678874 0.464102
vt 0.644399 0.647967
vt 0.666422 0.568166
vt 0.668158 0.570267
vt 0.669363 0.570691
vt 0.670157 0.570594
vt 0.708266 0.626580
vt 0.707711 0.638430
vt 0.634544 0.522674
vt 0.636126 0.522172
vt 0.637485 0.520531
vt 0.639221 0.518655
vt 0.655693 0.572473
vt 0.701878 0.574663
vt 0.685787 0.559780
vt 0.696516 0.565474
vt 0.687180 0.558114
vt 0.676104 0.569870
vt 0.682052 0.571364
vt 0.688729 0.557636
vt 0.688801 0.557642
vt 0.690412 0.558433
vt 0.706303 0.585664
vt 0.709629 0.598078
vt 0.709973 0.601464
vt 0.665029 0.566321
vt 0.663481 0.565642
vt 0.663408 0.565639
vt 0.661798 0.566221
vt 0.709671 0.604607
vt 0.708805 0.607267
vt 0.707940 0.609927
vt 0.621833 0.477153
vt 0.591820 0.477152
vt 0.591813 0.474372
vt 0.596633 0.606082
vt 0.626646 0.606063
vt 0.596633 0.606228
vt 0.626646 0.606228
vt 0.596636 0.609323
vt 0.621824 0.471277
vt 0.621826 0.474391
vt 0.621842 0.483028
vt 0.591830 0.483028
vt 0.621841 0.480618
vt 0.591828 0.480618
vt 0.591830 0.509987
vt 0.621842 0.509988
vt 0.621841 0.512399
vt 0.591827 0.513153
vt 0.621833 0.515876
vt 0.591820 0.515876
vt 0.591813 0.518666
vt 0.621826 0.518667
vt 0.591810 0.521765
vt 0.621824 0.521765
vt 0.591810 0.521910
vt 0.621824 0.521910
vt 0.644831 0.549765
vt 0.618623 0.549299
vt 0.618408 0.648528
vt 0.628785 0.602024
vt 0.628782 0.606028
vt 0.628782 0.606234
vt 0.626649 0.609342
vt 0.623959 0.471283
vt 0.623962 0.475175
vt 0.644833 0.562376
vt 0.644788 0.564524
vt 0.647777 0.564992
vt 0.623977 0.484224
vt 0.623978 0.483034
vt 0.623977 0.481227
vt 0.647833 0.566895
vt 0.644863 0.567061
vt 0.623973 0.496518
vt 0.623973 0.496592
vt 0.623977 0.508805
vt 0.659796 0.569980
vt 0.658060 0.571856
vt 0.623978 0.509994
vt 0.623976 0.511802
vt 0.661189 0.568314
vt 0.623962 0.517898
vt 0.623959 0.521771
vt 0.623959 0.521953
vt 0.623962 0.525976
vt 0.647706 0.549138
vt 0.597310 0.501386
vt 0.597633 0.516283
vt 0.597154 0.501387
vt 0.595642 0.516265
vt 0.595688 0.501411
vt 0.653779 0.521086
vt 0.652977 0.535952
vt 0.652215 0.521172
vt 0.650211 0.521224
vt 0.689726 0.484402
vt 0.689726 0.469504
vt 0.690196 0.484390
vt 0.691410 0.469481
vt 0.691321 0.484354
vt 0.692031 0.484330
vt 0.694024 0.469487
vt 0.693991 0.484264
vt 0.695846 0.484228
vt 0.696252 0.469538
vt 0.696211 0.484229
vt 0.697048 0.484252
vt 0.697048 0.469577
vt 0.604604 0.501386
vt 0.604921 0.516060
vt 0.604309 0.501405
vt 0.604142 0.516111
vt 0.603853 0.501422
vt 0.602844 0.501435
vt 0.601936 0.516203
vt 0.601641 0.501428
vt 0.601086 0.501421
vt 0.599325 0.516266
vt 0.599268 0.501396
vt 0.684956 0.460611
vt 0.696233 0.604432
vt 0.696013 0.603210
vt 0.698847 0.604438
vt 0.699203 0.603217
vt 0.687142 0.462054
vt 0.688383 0.464361
vt 0.688546 0.465670
vt 0.688383 0.466980
vt 0.687142 0.469286
vt 0.602334 0.517409
vt 0.599149 0.517485
vt 0.684956 0.470729
vt 0.693907 0.482445
vt 0.704627 0.481564
vt 0.704612 0.496842
vt 0.679836 0.480719
vt 0.679405 0.479943
vt 0.679836 0.461729
vt 0.615416 0.531012
vt 0.613900 0.546506
vt 0.606059 0.531296
vt 0.592630 0.661844
vt 0.592630 0.660962
vt 0.603334 0.646557
vt 0.603349 0.661844
vt 0.693908 0.449778
vt 0.704627 0.449778
vt 0.704632 0.465672
vt 0.693913 0.465672
vt 0.693908 0.481564
vt 0.704555 0.523254
vt 0.674543 0.523055
vt 0.674575 0.510855
vt 0.704588 0.510919
vt 0.733549 0.612820
vt 0.703511 0.598636
vt 0.733525 0.598729
vt 0.703479 0.586375
vt 0.733492 0.586375
vt 0.736812 0.540057
vt 0.606597 0.573794
vt 0.584697 0.561842
vt 0.610922 0.560952
vt 0.741137 0.527214
vt 0.587669 0.547511
vt 0.589171 0.532696
vt 0.636701 0.661550
vt 0.635867 0.641397
vt 0.633390 0.621686
vt 0.629336 0.602955
vt 0.594112 0.586355
vt 0.623816 0.585714
vt 0.662255 0.526560
vt 0.627955 0.526560
vt 0.628002 0.512905
vt 0.662303 0.512905
vt 0.628042 0.496990
vt 0.662343 0.496990
vt 0.628073 0.479249
vt 0.691279 0.675318
vt 0.657010 0.657577
vt 0.691310 0.657577
vt 0.657031 0.638495
vt 0.691331 0.638495
vt 0.657041 0.618591
vt 0.691342 0.618591
vt 0.691343 0.608501
vt 0.657043 0.608501
vt 0.691342 0.598409
vt 0.657041 0.598410
vt 0.657031 0.578500
vt 0.691331 0.578500
vt 0.657010 0.559406
vt 0.691310 0.559406
vt 0.656979 0.541648
vt 0.691279 0.541648
vt 0.656939 0.525710
vt 0.691239 0.525710
vt 0.656891 0.512028
vt 0.691192 0.512028
vt 0.611835 0.644211
vt 0.641779 0.645075
vt 0.636209 0.662208
vt 0.606266 0.661344
vt 0.707543 0.449278
vt 0.737487 0.450142
vt 0.733329 0.468795
vt 0.703385 0.467931
vt 0.730696 0.488459
vt 0.700752 0.487595
vt 0.631649 0.618079
vt 0.616661 0.629349
vt 0.573904 0.404474
vt 0.704118 0.370736
vt 0.746876 0.595612
vt 0.730376 0.604317
vt 0.712771 0.610242
vt 0.694493 0.613241
vt 0.675992 0.613241
vt 0.666801 0.612114
vt 0.626024 0.514072
vt 0.643209 0.523530
vt 0.682685 0.567332
vt 0.658651 0.535794
vt 0.671931 0.550528
vt 0.607567 0.507677
vt 0.690622 0.585745
vt 0.695523 0.605268
vt 0.697255 0.625365
vt 0.695772 0.645491
vt 0.598017 0.505687
vt 0.693949 0.654901
vt 0.688200 0.673137
vt 0.679770 0.690221
vt 0.668868 0.705734
vt 0.644754 0.604521
vt 0.676447 0.669950
vt 0.667370 0.668078
vt 0.713764 0.428572
vt 0.649786 0.662153
vt 0.633317 0.653448
vt 0.618370 0.642177
vt 0.605313 0.628619
vt 0.728232 0.471949
vt 0.619781 0.671996
vt 0.608934 0.656484
vt 0.600566 0.639399
vt 0.737878 0.529785
vt 0.610211 0.697235
vt 0.604527 0.678999
vt 0.601666 0.660061
vt 0.601701 0.640887
vt 0.602806 0.631359
vt 0.593160 0.573523
vt 0.718555 0.470783
vt 0.728200 0.528619
vt 0.607465 0.611755
vt 0.615172 0.593207
vt 0.605526 0.535371
vt 0.616072 0.518385
vt 0.629167 0.503425
vt 0.644457 0.490898
vt 0.661522 0.481146
vt 0.679898 0.474436
vt 0.723378 0.605734
vt 0.684720 0.609387
vt 0.703906 0.605900
vt 0.636512 0.671119
vt 0.708275 0.450125
vt 0.737790 0.459053
vt 0.736290 0.477881
vt 0.733327 0.495913
vt 0.728974 0.512704
vt 0.723338 0.527842
vt 0.649717 0.636082
vt 0.615416 0.636081
vt 0.615471 0.622484
vt 0.649772 0.622484
vt 0.615517 0.606939
vt 0.649817 0.606939
vt 0.615552 0.589829
vt 0.649852 0.589829
vt 0.615576 0.571575
vt 0.649876 0.571576
vt 0.615588 0.552628
vt 0.649888 0.552629
s 0
usemtl Material.020
f 1/1/1 2/2/1 3/3/1
f 4/4/2 5/5/2 6/6/2
f 1/1/1 3/3/1 7/7/1
f 7/7/3 3/3/3 8/8/3
f 7/7/4 8/8/4 6/6/4
f 6/6/5 8/8/5 9/9/5
f 6/6/6 9/9/6 4/4/6
f 4/4/7 10/10/7 5/5/7
f 5/11/8 10/12/8 11/13/8
f 5/11/9 11/13/9 12/14/9
f 11/13/10 13/15/10 12/14/10
f 12/14/11 13/15/11 14/16/11
f 12/14/12 14/16/12 15/17/12
f 14/16/13 16/18/13 15/17/13
f 15/17/14 16/18/14 17/19/14
f 15/17/15 17/19/15 18/20/15
f 19/21/16 20/22/16 21/23/16
f 21/23/17 20/22/17 18/24/17
f 21/23/18 18/24/18 22/25/18
f 22/26/19 18/20/19 17/19/19
f 23/27/20 24/28/20 25/29/20
f 25/29/21 24/28/21 26/30/21
f 25/29/22 26/30/22 27/31/22
f 28/32/23 29/33/23 30/34/23
f 30/34/24 29/33/24 13/35/24
f 30/34/25 13/35/25 11/36/25
f 27/31/26 31/37/26 25/29/26
f 25/29/27 31/37/27 32/38/27
f 25/29/28 32/38/28 33/39/28
f 34/40/29 35/41/29 36/42/29
f 32/38/30 37/43/30 33/39/30
f 33/39/31 37/43/31 38/44/31
f 33/39/32 38/44/32 36/45/32
f 36/45/33 38/44/33 39/46/33
f 36/45/34 39/46/34 34/47/34
f 34/40/35 40/48/35 35/41/35
f 35/41/36 40/48/36 41/49/36
f 35/41/37 41/49/37 42/50/37
f 41/49/38 43/51/38 42/50/38
f 42/50/39 43/51/39 44/52/39
f 42/50/40 44/52/40 45/53/40
f 44/52/41 46/54/41 45/53/41
f 45/53/42 46/54/42 47/55/42
f 45/53/43 47/55/43 48/56/43
f 48/56/44 47/55/44 49/57/44
f 48/58/45 49/59/45 50/60/45
f 50/60/46 49/59/46 51/61/46
f 50/60/47 51/61/47 52/62/47
f 52/62/48 51/61/48 53/63/48
f 52/62/49 53/63/49 54/64/49
f 54/64/50 53/63/50 55/65/50
f 55/65/51 53/63/51 56/66/51
f 55/67/52 56/68/52 57/69/52
f 56/68/53 58/70/53 57/69/53
f 57/69/54 58/70/54 59/71/54
f 57/69/55 59/71/55 60/72/55
f 60/72/56 59/71/56 61/73/56
f 60/72/57 61/73/57 62/74/57
f 62/74/58 61/73/58 63/75/58
f 62/74/59 63/75/59 64/76/59
f 64/76/60 63/75/60 65/77/60
f 64/76/61 65/77/61 66/78/61
f 66/78/62 65/77/62 67/79/62
f 65/77/63 68/80/63 67/79/63
f 67/79/64 68/80/64 69/81/64
f 67/79/65 69/81/65 70/82/65
f 70/82/66 69/81/66 71/83/66
f 71/83/67 72/84/67 70/82/67
f 70/82/68 72/84/68 19/85/68
f 70/82/69 19/85/69 73/86/69
f 19/87/70 21/88/70 73/89/70
f 73/89/71 21/88/71 22/90/71
f 73/89/72 22/90/72 74/91/72
f 22/90/73 17/92/73 74/91/73
f 74/93/74 17/94/74 16/95/74
f 74/93/75 16/95/75 29/33/75
f 29/33/76 16/95/76 14/96/76
f 29/33/77 14/96/77 13/35/77
f 19/21/78 72/97/78 20/22/78
f 20/22/79 72/97/79 75/98/79
f 34/99/80 76/100/80 40/101/80
f 40/101/81 76/100/81 77/102/81
f 72/97/82 71/103/82 75/98/82
f 75/98/83 71/103/83 69/104/83
f 75/98/84 69/104/84 78/105/84
f 69/104/85 68/106/85 78/105/85
f 78/105/86 68/106/86 65/107/86
f 78/105/86 65/107/86 79/108/86
f 79/109/87 65/110/87 63/111/87
f 79/109/87 63/111/87 80/112/87
f 80/113/88 63/114/88 61/115/88
f 80/113/89 61/115/89 81/116/89
f 81/116/90 61/115/90 59/117/90
f 81/118/91 59/119/91 82/120/91
f 82/120/92 59/119/92 58/121/92
f 82/120/93 58/121/93 83/122/93
f 83/122/94 58/121/94 84/123/94
f 84/123/95 58/121/95 56/124/95
f 84/123/96 56/124/96 85/125/96
f 56/124/97 53/126/97 85/125/97
f 85/127/98 53/128/98 51/129/98
f 85/127/99 51/129/99 86/130/99
f 86/130/100 51/129/100 49/131/100
f 86/130/101 49/131/101 87/132/101
f 87/132/102 49/131/102 47/133/102
f 87/132/103 47/133/103 88/134/103
f 88/134/104 47/133/104 46/135/104
f 88/134/105 46/135/105 89/136/105
f 89/136/106 46/135/106 44/137/106
f 89/136/106 44/137/106 90/138/106
f 90/138/107 44/137/107 43/139/107
f 90/140/108 43/141/108 77/102/108
f 77/102/109 43/141/109 41/142/109
f 77/102/110 41/142/110 40/101/110
f 91/143/111 92/144/111 93/145/111
f 94/146/112 95/147/112 96/148/112
f 96/148/113 95/147/113 97/149/113
f 96/148/114 97/149/114 98/150/114
f 98/150/115 97/149/115 99/151/115
f 98/150/116 99/151/116 100/152/116
f 100/152/117 99/151/117 91/143/117
f 100/152/118 91/143/118 101/153/118
f 101/153/119 91/143/119 93/145/119
f 28/154/120 30/155/120 102/156/120
f 102/156/121 30/155/121 11/157/121
f 102/156/122 11/157/122 103/158/122
f 94/146/123 96/148/123 104/159/123
f 104/159/124 96/148/124 105/160/124
f 104/161/125 105/162/125 102/156/125
f 102/156/126 105/162/126 106/163/126
f 102/156/127 106/163/127 28/154/127
f 107/164/128 108/165/128 109/166/128
f 110/167/129 111/168/129 112/169/129
f 112/169/130 111/168/130 113/170/130
f 114/171/131 115/172/131 116/173/131
f 116/173/132 115/172/132 117/174/132
f 114/171/133 118/175/133 119/176/133
f 119/176/134 118/175/134 120/177/134
f 119/176/135 120/177/135 121/178/135
f 114/171/133 119/176/133 115/172/133
f 115/172/136 119/176/136 122/179/136
f 115/172/136 122/179/136 123/180/136
f 123/181/137 122/182/137 124/183/137
f 124/183/137 122/182/137 125/184/137
f 124/185/138 125/186/138 126/187/138
f 124/185/138 126/187/138 127/188/138
f 127/188/139 126/187/139 107/164/139
f 127/188/139 107/164/139 111/168/139
f 111/168/140 107/164/140 109/166/140
f 111/168/140 109/166/140 113/170/140
f 128/189/141 129/190/141 130/191/141
f 130/191/142 129/190/142 131/192/142
f 130/191/143 131/192/143 132/193/143
f 132/193/144 131/192/144 133/194/144
f 132/193/145 133/194/145 134/195/145
f 135/196/146 136/197/146 137/198/146
f 137/198/147 136/197/147 128/189/147
f 113/199/148 138/200/148 139/201/148
f 139/201/149 138/200/149 140/202/149
f 139/201/150 140/202/150 136/197/150
f 136/197/151 140/202/151 141/203/151
f 136/197/152 141/203/152 128/189/152
f 128/189/153 141/203/153 142/204/153
f 128/189/154 142/204/154 129/190/154
f 143/205/155 110/206/155 112/207/155
f 113/199/156 139/201/156 112/207/156
f 112/207/157 139/201/157 144/208/157
f 112/207/158 144/208/158 143/205/158
f 120/209/159 118/210/159 145/211/159
f 146/212/160 147/213/160 145/211/160
f 145/211/161 147/213/161 148/214/161
f 145/211/162 148/214/162 120/209/162
f 120/209/163 148/214/163 121/215/163
f 149/216/164 150/217/164 151/218/164
f 151/218/165 150/217/165 152/219/165
f 151/218/166 152/219/166 153/220/166
f 153/220/167 152/219/167 154/221/167
f 153/220/168 154/221/168 146/212/168
f 146/212/169 154/221/169 155/222/169
f 146/212/170 155/222/170 147/213/170
f 156/223/171 157/224/171 158/225/171
f 159/226/171 160/227/171 161/228/171
f 159/226/171 161/228/171 162/229/171
f 158/225/171 157/224/171 163/230/171
f 163/230/171 157/224/171 108/231/171
f 108/231/171 157/224/171 164/232/171
f 108/233/171 164/234/171 165/235/171
f 107/236/171 126/237/171 125/238/171
f 165/235/171 166/239/171 108/233/171
f 108/233/171 166/239/171 161/228/171
f 108/233/171 161/228/171 167/240/171
f 167/240/171 161/228/171 160/227/171
f 167/241/171 160/242/171 168/243/171
f 169/244/171 170/245/171 160/242/171
f 160/242/171 170/245/171 171/246/171
f 160/242/171 171/246/171 168/243/171
f 107/247/171 125/248/171 108/249/171
f 108/250/171 125/238/171 122/251/171
f 172/252/171 173/253/171 174/254/171
f 175/255/171 176/256/171 177/257/171
f 177/257/171 176/256/171 178/258/171
f 179/259/171 180/260/171 158/225/171
f 158/225/171 180/260/171 181/261/171
f 158/225/171 181/261/171 156/223/171
f 161/228/171 182/262/171 162/229/171
f 162/263/171 182/264/171 183/265/171
f 162/263/171 183/265/171 184/266/171
f 184/266/171 183/265/171 185/267/171
f 184/266/171 185/267/171 186/268/171
f 122/251/171 119/269/171 108/250/171
f 108/250/171 119/269/171 121/270/171
f 108/250/171 121/270/171 163/271/171
f 163/272/171 121/215/171 148/214/171
f 163/272/171 148/214/171 187/273/171
f 148/214/171 147/213/171 187/273/171
f 187/273/171 147/213/171 155/222/171
f 187/273/171 155/222/171 188/274/171
f 172/252/171 174/254/171 189/275/171
f 173/253/171 190/276/171 174/254/171
f 174/254/171 190/276/171 191/277/171
f 174/254/171 191/277/171 192/278/171
f 193/279/171 194/280/171 177/257/171
f 177/257/171 194/280/171 195/281/171
f 177/257/171 195/281/171 175/255/171
f 158/282/171 196/283/171 179/284/171
f 179/284/171 196/283/171 197/285/171
f 179/284/171 197/285/171 198/286/171
f 198/286/171 199/287/171 179/284/171
f 179/284/171 199/287/171 200/288/171
f 179/284/171 200/288/171 201/289/171
f 178/258/171 202/290/171 177/257/171
f 177/257/171 202/290/171 203/291/171
f 177/257/171 203/291/171 204/292/171
f 205/293/171 206/294/171 204/292/171
f 155/222/171 154/221/171 188/274/171
f 188/274/171 154/221/171 152/219/171
f 188/274/171 152/219/171 207/295/171
f 207/295/171 152/219/171 150/217/171
f 207/295/171 150/217/171 208/296/171
f 208/296/171 150/217/171 174/254/171
f 174/254/171 150/217/171 209/297/171
f 174/254/171 209/297/171 189/275/171
f 205/293/171 204/292/171 210/298/171
f 210/298/171 204/292/171 203/291/171
f 210/298/171 203/291/171 160/242/171
f 160/242/171 203/291/171 211/299/171
f 160/242/171 211/299/171 169/244/171
f 192/278/171 212/300/171 174/254/171
f 174/254/171 212/300/171 213/301/171
f 174/302/171 213/303/171 177/304/171
f 177/304/171 213/303/171 214/305/171
f 177/257/171 214/306/171 193/279/171
f 215/307/172 142/204/172 141/203/172
f 215/307/173 141/203/173 216/308/173
f 216/308/174 141/203/174 140/202/174
f 216/308/175 140/202/175 109/309/175
f 109/309/176 140/202/176 138/200/176
f 109/309/177 138/200/177 113/199/177
f 142/204/178 215/307/178 129/190/178
f 129/190/179 215/307/179 217/310/179
f 129/190/180 217/310/180 131/192/180
f 217/310/181 218/311/181 131/192/181
f 131/192/182 218/311/182 219/312/182
f 131/192/183 219/312/183 133/194/183
f 150/217/184 149/216/184 209/297/184
f 209/297/184 149/216/184 220/313/184
f 205/293/185 221/314/185 222/315/185
f 205/293/185 222/315/185 206/294/185
f 206/294/186 222/315/186 223/316/186
f 206/294/187 223/316/187 204/292/187
f 224/317/188 225/318/188 188/319/188
f 188/319/189 207/320/189 224/317/189
f 224/321/190 207/295/190 208/296/190
f 224/321/190 208/296/190 226/322/190
f 227/323/191 223/324/191 228/325/191
f 228/325/192 223/324/192 222/326/192
f 228/325/193 222/326/193 229/327/193
f 221/328/194 230/329/194 222/330/194
f 222/330/195 230/329/195 231/331/195
f 222/326/196 231/332/196 229/327/196
f 232/333/197 225/318/197 233/334/197
f 233/334/198 225/318/198 224/317/198
f 233/334/199 224/317/199 234/335/199
f 234/335/200 224/317/200 235/336/200
f 235/336/201 224/317/201 226/337/201
f 235/338/202 226/339/202 236/340/202
f 237/341/203 238/342/203 221/343/203
f 221/328/203 238/344/203 239/345/203
f 221/328/203 239/345/203 230/329/203
f 240/346/204 241/347/204 242/348/204
f 243/349/204 244/350/204 227/351/204
f 227/323/204 244/352/204 245/353/204
f 246/354/204 247/355/204 248/356/204
f 248/356/204 247/355/204 249/357/204
f 248/356/204 249/357/204 250/358/204
f 240/346/204 242/348/204 248/356/204
f 251/359/204 242/348/204 252/360/204
f 252/360/204 242/348/204 253/361/204
f 252/360/204 253/361/204 245/362/204
f 223/324/204 227/323/204 254/363/204
f 254/363/204 227/323/204 245/353/204
f 254/363/204 245/353/204 255/364/204
f 255/365/204 245/362/204 253/361/204
f 251/359/204 256/366/204 242/348/204
f 242/348/204 256/366/204 257/367/204
f 242/348/204 257/367/204 248/356/204
f 248/356/204 257/367/204 258/368/204
f 248/356/204 258/368/204 246/354/204
f 259/369/205 260/370/205 261/371/205
f 261/371/205 260/370/205 262/372/205
f 226/339/205 263/373/205 236/340/205
f 236/340/205 263/373/205 264/374/205
f 236/340/205 264/374/205 265/375/205
f 261/371/205 266/376/205 259/369/205
f 259/369/205 266/376/205 267/377/205
f 259/369/205 267/377/205 268/378/205
f 268/378/205 267/377/205 269/379/205
f 268/378/205 269/379/205 270/380/205
f 270/380/205 269/379/205 263/381/205
f 270/380/205 263/381/205 271/382/205
f 271/383/205 263/373/205 226/339/205
f 272/384/205 273/385/205 262/372/205
f 262/372/205 273/385/205 274/386/205
f 274/386/205 275/387/205 262/372/205
f 262/372/205 275/387/205 276/388/205
f 262/372/205 276/388/205 261/371/205
f 254/389/206 255/390/206 177/257/206
f 177/257/207 255/390/207 277/391/207
f 242/392/208 241/393/208 278/394/208
f 278/394/209 241/393/209 279/395/209
f 278/394/210 280/396/210 242/392/210
f 242/392/211 280/396/211 281/397/211
f 242/392/212 281/397/212 253/398/212
f 253/399/213 281/400/213 282/401/213
f 253/399/214 282/401/214 255/390/214
f 255/390/215 282/401/215 283/402/215
f 255/390/216 283/402/216 277/391/216
f 284/403/217 285/404/217 286/405/217
f 286/405/218 285/404/218 287/406/218
f 286/405/219 287/406/219 288/407/219
f 288/407/220 287/406/220 244/350/220
f 288/407/221 244/350/221 243/349/221
f 289/408/222 290/409/222 291/410/222
f 291/410/223 290/409/223 292/411/223
f 291/410/224 292/411/224 293/412/224
f 293/412/225 292/411/225 294/413/225
f 293/412/226 294/413/226 295/414/226
f 295/414/227 294/413/227 296/415/227
f 295/416/228 296/417/228 297/418/228
f 297/418/229 296/417/229 298/419/229
f 297/418/230 298/419/230 299/420/230
f 299/420/231 298/419/231 300/421/231
f 299/420/232 300/421/232 301/422/232
f 301/422/233 300/421/233 302/423/233
f 301/422/234 302/423/234 303/424/234
f 303/424/235 302/423/235 304/425/235
f 303/424/236 304/425/236 305/426/236
f 305/426/237 304/425/237 306/427/237
f 305/426/77 306/427/77 307/428/77
f 307/428/238 306/427/238 308/429/238
f 307/428/239 308/429/239 309/430/239
f 309/430/240 308/429/240 310/431/240
f 309/430/241 310/431/241 311/432/241
f 311/432/242 310/431/242 312/433/242
f 311/434/243 312/435/243 313/436/243
f 313/436/244 312/435/244 314/437/244
f 313/436/245 314/437/245 315/438/245
f 315/438/246 314/437/246 316/439/246
f 315/438/247 316/439/247 284/403/247
f 284/403/248 316/439/248 317/440/248
f 284/403/217 317/440/217 285/404/217
f 318/441/249 290/409/249 289/408/249
f 319/442/250 265/375/250 264/374/250
f 319/442/251 264/374/251 320/443/251
f 289/408/252 321/444/252 318/441/252
f 318/441/253 321/444/253 322/445/253
f 318/441/254 322/445/254 323/446/254
f 323/447/255 322/448/255 324/449/255
f 323/447/256 324/449/256 325/450/256
f 325/450/257 324/449/257 326/451/257
f 325/450/258 326/451/258 327/452/258
f 264/374/259 328/453/259 320/443/259
f 320/443/260 328/453/260 329/454/260
f 320/443/261 329/454/261 330/455/261
f 330/456/262 329/457/262 331/458/262
f 330/456/263 331/458/263 332/459/263
f 332/459/264 331/458/264 333/460/264
f 332/459/265 333/460/265 334/461/265
f 334/461/266 333/460/266 335/462/266
f 334/461/267 335/462/267 336/463/267
f 336/463/268 335/462/268 337/464/268
f 336/463/269 337/464/269 338/465/269
f 338/465/270 337/464/270 339/466/270
f 338/465/271 339/466/271 340/467/271
f 340/467/272 339/466/272 341/468/272
f 340/467/273 341/468/273 342/469/273
f 342/469/274 341/468/274 327/470/274
f 342/471/275 327/452/275 343/472/275
f 343/472/276 327/452/276 326/451/276
f 344/473/277 265/474/277 345/475/277
f 345/475/278 265/474/278 319/476/278
f 345/475/279 319/476/279 346/477/279
f 346/477/280 319/476/280 320/478/280
f 346/477/281 320/478/281 347/479/281
f 320/478/281 330/480/281 347/479/281
f 347/481/282 330/482/282 332/483/282
f 347/481/283 332/483/283 348/484/283
f 332/483/284 334/485/284 348/484/284
f 348/484/285 334/485/285 336/486/285
f 348/484/286 336/486/286 349/487/286
f 336/486/287 338/488/287 349/487/287
f 349/487/288 338/488/288 340/489/288
f 349/487/289 340/489/289 350/490/289
f 340/467/290 342/469/290 350/491/290
f 350/490/291 342/492/291 343/493/291
f 350/490/292 343/493/292 351/494/292
f 343/493/293 326/495/293 351/494/293
f 351/494/294 326/495/294 324/496/294
f 351/494/295 324/496/295 352/497/295
f 324/496/296 322/498/296 352/497/296
f 352/497/297 322/498/297 321/499/297
f 352/497/298 321/499/298 353/500/298
f 353/500/299 321/499/299 354/501/299
f 354/501/299 321/499/299 289/502/299
f 354/501/300 289/502/300 355/503/300
f 289/502/300 291/504/300 355/503/300
f 355/503/301 291/504/301 293/505/301
f 355/503/302 293/505/302 356/506/302
f 293/505/303 295/507/303 356/506/303
f 356/506/304 295/507/304 297/508/304
f 356/506/305 297/508/305 357/509/305
f 297/508/306 299/510/306 357/509/306
f 357/509/307 299/510/307 301/511/307
f 357/509/308 301/511/308 358/512/308
f 301/511/309 303/513/309 358/512/309
f 358/512/310 303/513/310 305/514/310
f 358/515/311 305/516/311 359/517/311
f 305/516/312 307/518/312 359/517/312
f 359/517/313 307/518/313 309/519/313
f 359/517/314 309/519/314 360/520/314
f 309/519/315 311/521/315 360/520/315
f 360/520/316 311/521/316 313/522/316
f 360/520/317 313/522/317 361/523/317
f 243/524/318 362/525/318 288/526/318
f 288/526/318 362/525/318 363/527/318
f 288/526/319 363/527/319 286/528/319
f 286/528/319 363/527/319 364/529/319
f 286/528/320 364/529/320 284/530/320
f 284/530/321 364/529/321 361/531/321
f 284/532/322 361/523/322 315/533/322
f 315/533/323 361/523/323 313/522/323
f 365/534/324 366/535/324 367/536/324
f 368/537/325 369/538/325 370/539/325
f 370/539/326 371/540/326 368/537/326
f 368/541/327 371/542/327 372/543/327
f 368/541/328 372/543/328 373/544/328
f 373/544/329 372/543/329 374/545/329
f 374/545/330 372/543/330 375/546/330
f 374/545/331 375/546/331 376/547/331
f 376/548/332 375/549/332 377/550/332
f 376/548/333 377/550/333 378/551/333
f 378/551/334 377/550/334 379/552/334
f 378/551/335 379/552/335 380/553/335
f 380/553/336 379/552/336 381/554/336
f 380/553/337 381/554/337 382/555/337
f 382/556/338 381/557/338 383/558/338
f 382/556/339 383/558/339 384/559/339
f 384/559/340 383/558/340 385/560/340
f 385/560/341 383/558/341 386/561/341
f 385/560/342 386/561/342 387/562/342
f 386/561/343 388/563/343 387/562/343
f 387/562/344 388/563/344 389/564/344
f 387/562/345 389/564/345 390/565/345
f 390/565/346 389/564/346 391/566/346
f 390/565/347 391/566/347 392/567/347
f 392/567/348 391/566/348 393/568/348
f 392/567/349 393/568/349 394/569/349
f 394/569/350 393/568/350 395/570/350
f 367/536/351 396/571/351 365/534/351
f 365/534/352 396/571/352 397/572/352
f 365/534/353 397/572/353 398/573/353
f 398/573/354 397/572/354 399/574/354
f 398/575/355 399/576/355 395/577/355
f 395/570/356 399/578/356 400/579/356
f 395/570/357 400/579/357 394/569/357
f 401/580/358 402/581/358 403/582/358
f 403/583/359 402/584/359 404/585/359
f 403/582/360 404/586/360 405/587/360
f 405/588/361 404/585/361 406/589/361
f 405/588/362 406/589/362 407/590/362
f 408/591/363 409/592/363 401/593/363
f 401/593/364 409/592/364 410/594/364
f 401/593/365 410/594/365 402/584/365
f 401/580/366 411/595/366 408/596/366
f 408/596/367 411/595/367 412/597/367
f 408/591/368 412/598/368 413/599/368
f 413/599/369 412/598/369 414/600/369
f 412/601/370 415/602/370 414/603/370
f 414/603/371 415/602/371 416/604/371
f 414/603/372 416/604/372 417/605/372
f 418/606/373 419/607/373 415/608/373
f 415/602/374 419/609/374 416/604/374
f 418/610/375 415/611/375 420/612/375
f 420/612/376 415/611/376 412/597/376
f 420/612/377 412/597/377 421/613/377
f 421/613/378 412/597/378 411/595/378
f 421/613/379 411/595/379 422/614/379
f 422/614/380 411/595/380 401/580/380
f 422/614/381 401/580/381 423/615/381
f 423/615/382 401/580/382 403/582/382
f 423/615/383 403/582/383 424/616/383
f 424/616/384 403/582/384 405/587/384
f 424/616/385 405/587/385 425/617/385
f 426/618/386 427/619/386 428/620/386
f 428/620/386 427/619/386 429/621/386
f 430/622/387 431/623/387 432/624/387
f 432/624/388 431/623/388 433/625/388
f 432/624/389 433/625/389 434/626/389
f 434/626/390 433/625/390 260/627/390
f 434/626/391 260/627/391 435/628/391
f 436/629/392 437/630/392 438/631/392
f 439/632/392 440/633/392 441/634/392
f 442/635/392 443/636/392 444/637/392
f 445/638/392 446/639/392 447/640/392
f 448/641/392 449/642/392 447/640/392
f 450/643/392 451/644/392 452/645/392
f 453/646/392 454/647/392 455/648/392
f 443/636/392 456/649/392 444/637/392
f 444/637/392 456/649/392 457/650/392
f 444/637/392 457/650/392 451/644/392
f 451/644/392 457/650/392 458/651/392
f 451/644/392 458/651/392 452/645/392
f 456/649/392 459/652/392 457/650/392
f 457/650/392 459/652/392 460/653/392
f 457/650/392 460/653/392 461/654/392
f 461/654/392 460/653/392 462/655/392
f 461/654/392 462/655/392 463/656/392
f 463/656/392 462/655/392 464/657/392
f 463/656/392 464/657/392 465/658/392
f 465/658/392 464/657/392 466/659/392
f 465/658/392 466/659/392 455/648/392
f 455/648/392 466/659/392 467/660/392
f 455/648/392 467/660/392 453/646/392
f 468/661/392 454/647/392 469/662/392
f 448/641/392 447/640/392 470/663/392
f 470/663/392 447/640/392 446/639/392
f 470/663/392 446/639/392 471/664/392
f 471/664/392 446/639/392 472/665/392
f 471/664/392 472/665/392 473/666/392
f 473/666/392 472/665/392 474/667/392
f 473/666/392 474/667/392 475/668/392
f 475/668/392 474/667/392 476/669/392
f 475/668/392 476/669/392 477/670/392
f 477/670/392 476/669/392 468/671/392
f 477/670/392 468/671/392 478/672/392
f 478/673/392 468/674/392 469/675/392
f 478/673/392 469/675/392 479/676/392
f 480/677/392 481/678/392 482/679/392
f 482/679/392 481/678/392 483/680/392
f 482/679/392 483/680/392 484/681/392
f 484/681/392 483/680/392 485/682/392
f 484/681/392 485/682/392 486/683/392
f 486/683/392 485/682/392 487/684/392
f 486/685/392 487/686/392 488/687/392
f 488/687/392 487/686/392 489/688/392
f 490/689/392 491/690/392 492/691/392
f 489/692/392 493/693/392 494/694/392
f 495/695/392 496/696/392 497/697/392
f 492/691/392 491/690/392 498/698/392
f 499/699/392 500/700/392 440/633/392
f 497/697/392 496/696/392 492/691/392
f 492/691/392 496/696/392 501/701/392
f 492/691/392 501/701/392 490/689/392
f 498/698/392 491/690/392 494/694/392
f 494/694/392 491/690/392 502/702/392
f 494/694/392 502/702/392 489/692/392
f 489/688/392 502/703/392 503/704/392
f 489/688/392 503/704/392 488/687/392
f 504/705/392 505/706/392 506/707/392
f 507/708/392 508/709/392 509/710/392
f 509/710/393 508/709/393 510/711/393
f 506/707/392 505/706/392 507/708/392
f 507/708/392 505/706/392 511/712/392
f 507/708/392 511/712/392 508/709/392
f 504/705/392 506/707/392 512/713/392
f 512/713/392 506/707/392 513/714/392
f 512/713/392 513/714/392 514/715/392
f 515/716/394 516/717/394 517/718/394
f 514/715/392 518/719/392 519/720/392
f 519/720/392 518/719/392 520/721/392
f 515/716/392 517/718/392 521/722/392
f 521/722/392 517/718/392 522/723/392
f 521/722/392 522/723/392 523/724/392
f 523/724/392 522/723/392 524/725/392
f 523/724/392 524/725/392 510/711/392
f 510/711/392 524/725/392 525/726/392
f 510/711/392 525/726/392 509/710/392
f 509/710/392 525/726/392 526/727/392
f 509/710/392 526/727/392 527/728/392
f 528/729/392 529/730/392 518/719/392
f 518/719/392 529/730/392 530/731/392
f 516/717/393 520/721/393 517/718/393
f 517/718/392 520/721/392 518/719/392
f 517/718/395 518/719/395 531/732/395
f 531/732/392 518/719/392 530/731/392
f 514/715/392 513/714/392 518/719/392
f 518/719/392 513/714/392 532/733/392
f 518/719/392 532/733/392 528/729/392
f 528/729/392 532/733/392 533/734/392
f 528/735/392 533/736/392 534/737/392
f 534/738/392 533/739/392 535/740/392
f 535/740/392 533/739/392 536/741/392
f 535/740/392 536/741/392 537/742/392
f 537/742/392 536/741/392 538/743/392
f 537/742/392 538/743/392 539/744/392
f 539/744/392 538/743/392 540/745/392
f 539/744/392 540/745/392 541/746/392
f 541/746/392 540/745/392 542/747/392
f 541/746/392 542/747/392 543/748/392
f 544/749/392 437/630/392 545/750/392
f 545/750/393 437/630/393 546/751/393
f 542/747/392 438/631/392 543/748/392
f 543/748/392 438/631/392 437/630/392
f 543/748/392 437/630/392 547/752/392
f 547/752/392 437/630/392 544/749/392
f 548/753/392 549/754/392 437/630/392
f 437/630/392 549/754/392 550/755/392
f 437/630/392 550/755/392 546/751/392
f 550/755/395 551/756/395 546/751/395
f 546/751/392 551/756/392 552/757/392
f 546/751/392 552/757/392 553/758/392
f 553/758/396 552/757/396 554/759/396
f 553/758/392 554/759/392 555/760/392
f 555/760/392 554/759/392 556/761/392
f 555/760/392 556/761/392 557/762/392
f 557/762/392 556/761/392 558/763/392
f 548/753/392 437/630/392 559/764/392
f 559/764/392 437/630/392 436/629/392
f 559/764/392 436/629/392 560/765/392
f 560/765/392 436/629/392 561/766/392
f 560/765/392 561/766/392 562/767/392
f 562/767/392 561/766/392 563/768/392
f 562/767/392 563/768/392 564/769/392
f 558/763/392 565/770/392 557/762/392
f 557/762/392 565/770/392 566/771/392
f 557/762/392 566/771/392 567/772/392
f 564/769/394 563/768/394 565/770/394
f 565/770/392 563/768/392 568/773/392
f 565/770/392 568/773/392 566/771/392
f 569/774/392 570/775/392 571/776/392
f 571/777/392 570/778/392 572/779/392
f 572/780/392 570/775/392 573/781/392
f 572/779/392 573/782/392 574/783/392
f 575/784/392 576/785/392 577/786/392
f 578/787/392 579/788/392 580/789/392
f 580/789/392 579/788/392 581/790/392
f 450/643/392 452/645/392 582/791/392
f 582/792/392 452/793/392 583/794/392
f 582/792/392 583/794/392 584/795/392
f 584/795/392 583/794/392 585/796/392
f 584/795/392 585/796/392 586/797/392
f 586/797/392 585/796/392 587/798/392
f 586/797/392 587/798/392 575/784/392
f 575/784/392 587/798/392 588/799/392
f 575/784/392 588/799/392 576/785/392
f 573/800/392 575/784/392 574/801/392
f 574/801/392 575/784/392 577/786/392
f 574/783/392 577/802/392 589/803/392
f 589/803/392 577/802/392 590/804/392
f 589/803/392 590/804/392 591/805/392
f 591/805/392 590/804/392 592/806/392
f 591/805/392 592/806/392 593/807/392
f 593/807/392 592/806/392 594/808/392
f 593/807/392 594/808/392 595/809/392
f 595/809/392 594/808/392 581/790/392
f 595/809/392 581/790/392 596/810/392
f 596/810/392 581/790/392 579/788/392
f 571/777/392 597/811/392 569/812/392
f 569/812/392 597/811/392 598/813/392
f 569/812/392 598/813/392 599/814/392
f 599/814/392 598/813/392 600/815/392
f 599/814/392 600/815/392 566/771/392
f 566/771/392 600/815/392 601/816/392
f 566/771/392 601/816/392 567/772/392
f 567/772/392 601/816/392 578/787/392
f 567/772/392 578/787/392 602/817/392
f 602/817/392 578/787/392 580/789/392
f 603/818/392 604/819/392 605/820/392
f 454/647/392 453/646/392 469/662/392
f 469/662/392 453/646/392 606/821/392
f 469/662/392 606/821/392 605/820/392
f 605/820/392 606/821/392 607/822/392
f 605/820/392 607/822/392 603/818/392
f 449/642/392 608/823/392 609/824/392
f 609/824/392 608/823/392 610/825/392
f 609/826/392 610/827/392 605/828/392
f 605/828/392 610/827/392 611/829/392
f 605/820/392 611/830/392 469/662/392
f 469/675/392 611/829/392 612/831/392
f 469/675/392 612/831/392 479/676/392
f 441/634/392 440/633/392 613/832/392
f 487/686/392 614/833/392 489/688/392
f 489/688/392 614/833/392 615/834/392
f 489/688/392 615/834/392 493/835/392
f 493/693/392 615/836/392 616/837/392
f 493/693/392 616/837/392 617/838/392
f 617/838/392 616/837/392 618/839/392
f 617/838/392 618/839/392 619/840/392
f 619/840/392 618/839/392 613/832/392
f 619/840/392 613/832/392 620/841/392
f 620/841/392 613/832/392 440/633/392
f 620/841/392 440/633/392 621/842/392
f 621/842/392 440/633/392 500/700/392
f 497/697/392 622/843/392 495/695/392
f 495/695/392 622/843/392 623/844/392
f 495/845/392 623/846/392 624/847/392
f 624/848/392 623/844/392 625/849/392
f 624/847/392 625/850/392 527/728/392
f 527/851/392 625/849/392 499/699/392
f 527/728/392 499/852/392 509/710/392
f 509/853/392 499/699/392 440/633/392
f 509/710/392 440/854/392 507/708/392
f 507/855/392 440/633/392 439/632/392
f 482/679/392 445/638/392 480/677/392
f 480/677/392 445/638/392 447/640/392
f 480/677/392 447/640/392 626/856/392
f 626/856/392 447/640/392 627/857/392
f 449/642/392 609/824/392 447/640/392
f 447/640/392 609/824/392 628/858/392
f 447/640/392 628/858/392 627/857/392
f 603/818/392 442/635/392 604/819/392
f 604/819/392 442/635/392 444/637/392
f 604/819/392 444/637/392 430/859/392
f 430/859/392 444/637/392 451/644/392
f 629/860/397 628/858/397 630/861/397
f 630/861/398 628/858/398 631/862/398
f 630/861/399 631/862/399 632/863/399
f 632/863/400 631/862/400 633/864/400
f 632/863/401 633/864/401 634/865/401
f 635/866/171 636/867/171 637/868/171
f 638/869/171 639/870/171 640/871/171
f 640/871/171 641/872/171 638/869/171
f 638/869/402 641/872/402 642/873/402
f 638/869/171 642/873/171 643/874/171
f 643/874/171 642/873/171 644/875/171
f 643/874/171 644/875/171 645/876/171
f 645/876/171 644/875/171 646/877/171
f 645/876/171 646/877/171 647/878/171
f 647/879/171 646/880/171 648/881/171
f 647/879/171 648/881/171 649/882/171
f 649/882/171 648/881/171 650/883/171
f 649/882/171 650/883/171 651/884/171
f 651/884/171 650/883/171 652/885/171
f 651/884/171 652/885/171 653/886/171
f 653/886/171 652/885/171 654/887/171
f 653/888/171 654/889/171 655/890/171
f 655/890/171 654/889/171 656/891/171
f 655/890/171 656/891/171 657/892/171
f 656/891/171 658/893/171 657/892/171
f 657/892/171 658/893/171 659/894/171
f 657/892/171 659/894/171 660/895/171
f 660/895/171 659/894/171 661/896/171
f 660/897/171 661/898/171 662/899/171
f 662/900/171 661/901/171 663/902/171
f 662/900/171 663/902/171 664/903/171
f 664/903/171 663/902/171 665/904/171
f 664/903/171 665/904/171 666/905/171
f 666/905/171 665/904/171 667/906/171
f 666/905/171 667/906/171 668/907/171
f 668/907/171 667/906/171 669/908/171
f 668/907/171 669/908/171 670/909/171
f 670/910/171 669/911/171 671/912/171
f 670/910/171 671/912/171 672/913/171
f 672/913/171 671/912/171 673/914/171
f 672/915/171 673/916/171 637/868/171
f 637/868/403 673/916/403 674/917/403
f 637/868/171 674/917/171 635/866/171
f 675/918/404 676/919/404 677/920/404
f 678/921/404 679/922/404 680/923/404
f 680/923/404 679/922/404 681/924/404
f 680/923/404 681/924/404 677/920/404
f 677/920/404 681/924/404 682/925/404
f 677/920/404 682/925/404 675/918/404
f 683/926/404 684/927/404 685/928/404
f 685/928/404 684/927/404 686/929/404
f 685/928/404 686/929/404 687/930/404
f 687/930/404 686/929/404 688/931/404
f 687/930/404 688/931/404 689/932/404
f 689/932/404 688/931/404 690/933/404
f 689/932/404 690/933/404 691/934/404
f 683/926/404 692/935/404 684/927/404
f 684/927/404 692/935/404 693/936/404
f 684/927/404 693/936/404 680/923/404
f 680/923/404 693/936/404 694/937/404
f 680/923/404 694/937/404 678/921/404
f 690/933/404 695/938/404 691/934/404
f 691/939/404 695/940/404 696/941/404
f 691/939/404 696/941/404 697/942/404
f 697/942/404 696/941/404 698/943/404
f 697/944/404 698/945/404 699/946/404
f 699/946/404 698/945/404 700/947/404
f 699/946/404 700/947/404 701/948/404
f 701/948/404 700/947/404 702/949/404
f 701/948/404 702/949/404 703/950/404
f 703/950/404 702/949/404 704/951/404
f 703/950/404 704/951/404 705/952/404
f 705/953/404 704/954/404 706/955/404
f 705/953/404 706/955/404 707/956/404
f 707/956/404 706/955/404 708/957/404
f 707/956/404 708/957/404 709/958/404
f 709/958/404 708/957/404 710/959/404
f 709/958/404 710/959/404 711/960/404
f 711/960/404 710/959/404 712/961/404
f 713/962/405 682/963/405 681/964/405
f 713/962/406 681/964/406 714/965/406
f 681/964/407 679/966/407 714/965/407
f 714/965/408 679/966/408 678/967/408
f 714/965/409 678/967/409 715/968/409
f 715/968/410 678/967/410 694/969/410
f 715/968/411 694/969/411 716/970/411
f 716/970/412 694/969/412 693/971/412
f 716/970/413 693/971/413 717/972/413
f 717/973/414 693/974/414 692/975/414
f 717/973/415 692/975/415 718/976/415
f 709/977/416 711/978/416 719/979/416
f 720/980/417 709/977/417 721/981/417
f 721/981/418 709/977/418 719/979/418
f 721/981/419 719/979/419 722/982/419
f 722/982/420 719/979/420 723/983/420
f 711/978/421 724/984/421 719/979/421
f 719/979/422 724/984/422 725/985/422
f 719/979/423 725/985/423 723/983/423
f 726/986/424 727/987/424 728/988/424
f 728/988/425 727/987/425 729/989/425
f 728/988/417 729/989/417 730/990/417
f 731/991/426 732/992/426 683/993/426
f 683/993/427 732/992/427 718/976/427
f 683/993/428 718/976/428 692/975/428
f 733/994/429 734/995/429 735/996/429
f 735/996/430 731/997/430 733/994/430
f 733/994/431 731/997/431 683/998/431
f 733/994/432 683/998/432 736/999/432
f 736/999/433 683/998/433 685/185/433
f 736/1000/434 685/1001/434 737/1002/434
f 737/1002/435 685/1001/435 687/1003/435
f 689/1004/436 738/1005/436 687/1003/436
f 687/1003/437 738/1005/437 739/1006/437
f 687/1003/438 739/1006/438 737/1002/438
f 691/1007/439 740/1008/439 689/1004/439
f 689/1004/440 740/1008/440 741/1009/440
f 689/1004/441 741/1009/441 738/1005/441
f 742/1010/442 743/1011/442 697/1012/442
f 697/1012/443 743/1011/443 744/1013/443
f 697/1012/444 744/1013/444 691/1014/444
f 691/1007/445 744/1015/445 745/1016/445
f 691/1007/446 745/1016/446 740/1008/446
f 742/1010/447 697/1012/447 746/1017/447
f 746/1017/448 697/1012/448 699/1018/448
f 746/1017/449 699/1018/449 747/1019/449
f 747/1019/450 699/1018/450 748/1020/450
f 748/1020/451 699/1018/451 701/1021/451
f 748/1020/452 701/1021/452 749/1022/452
f 749/1022/453 701/1021/453 750/1023/453
f 750/1023/454 701/1021/454 703/1024/454
f 750/1023/455 703/1024/455 751/1025/455
f 751/1025/456 703/1024/456 752/1026/456
f 752/1027/457 703/1028/457 705/1029/457
f 752/1027/458 705/1029/458 753/1030/458
f 753/1030/459 705/1029/459 754/1031/459
f 754/1031/460 705/1029/460 707/1032/460
f 754/1031/461 707/1032/461 755/1033/461
f 755/1033/462 707/1032/462 756/1034/462
f 756/1034/463 707/1032/463 709/977/463
f 756/1034/464 709/977/464 729/989/464
f 729/989/417 709/977/417 720/980/417
f 729/989/417 720/980/417 730/990/417
f 757/1035/465 758/1036/465 759/1037/465
f 760/1038/466 761/1039/466 759/1037/466
f 759/1037/467 761/1039/467 762/1040/467
f 759/1037/468 762/1040/468 757/1035/468
f 760/1038/469 763/1041/469 761/1039/469
f 761/1039/470 763/1041/470 764/1042/470
f 761/1039/471 764/1042/471 765/1043/471
f 765/1044/472 764/1045/472 766/1046/472
f 765/1044/473 766/1046/473 767/1047/473
f 768/1048/474 769/1049/474 770/1050/474
f 769/1049/475 767/1047/475 766/1046/475
f 766/1046/476 771/1051/476 769/1049/476
f 769/1049/477 771/1051/477 772/1052/477
f 769/1049/478 772/1052/478 770/1050/478
f 773/1053/479 774/1054/479 775/1055/479
f 775/1055/480 774/1054/480 776/1056/480
f 777/1057/481 778/1058/481 779/1059/481
f 780/1060/482 781/1061/482 779/1059/482
f 779/1059/483 781/1061/483 782/1062/483
f 779/1059/484 782/1062/484 777/1057/484
f 777/1057/485 782/1062/485 783/1063/485
f 777/1057/486 783/1063/486 784/1064/486
f 778/1058/487 785/1065/487 779/1059/487
f 779/1059/488 785/1065/488 786/1066/488
f 779/1059/489 786/1066/489 780/1060/489
f 774/1054/486 784/1064/486 776/1056/486
f 776/1056/486 784/1064/486 783/1063/486
f 776/1056/490 783/1063/490 787/1067/490
f 787/1067/491 783/1063/491 788/1068/491
f 787/1067/492 788/1068/492 789/1069/492
f 789/1069/493 788/1068/493 790/1070/493
f 790/1070/494 788/1068/494 791/1071/494
f 790/1070/495 791/1071/495 792/1072/495
f 792/1072/496 791/1071/496 793/1073/496
f 793/1073/497 791/1071/497 794/1074/497
f 793/1075/498 794/1076/498 795/1077/498
f 795/1077/499 794/1076/499 796/1078/499
f 796/1078/500 794/1076/500 797/1079/500
f 796/1078/501 797/1079/501 798/1080/501
f 798/1080/502 797/1079/502 799/1081/502
f 799/1081/503 797/1079/503 800/1082/503
f 799/1081/504 800/1082/504 801/1083/504
f 801/1083/505 800/1082/505 802/1084/505
f 802/1084/506 800/1082/506 803/1085/506
f 802/1084/507 803/1085/507 804/1086/507
f 804/1086/508 803/1085/508 805/1087/508
f 805/1087/509 803/1085/509 806/1088/509
f 805/1087/510 806/1088/510 807/1089/510
f 808/1090/511 809/1091/511 806/1088/511
f 806/1088/512 809/1091/512 810/1092/512
f 806/1088/513 810/1092/513 807/1089/513
f 811/1093/514 812/1094/514 808/1090/514
f 808/1090/515 812/1094/515 813/1095/515
f 808/1090/516 813/1095/516 809/1091/516
f 770/1050/517 814/1096/517 768/1048/517
f 768/1097/518 814/1098/518 815/1099/518
f 768/1097/519 815/1099/519 811/1093/519
f 811/1093/520 815/1099/520 816/1100/520
f 811/1093/521 816/1100/521 812/1094/521
f 762/1040/404 817/1101/404 757/1035/404
f 757/1035/404 817/1101/404 818/1102/404
f 757/1035/404 818/1102/404 819/1103/404
f 819/1103/404 818/1102/404 820/1104/404
f 782/1105/404 821/1106/404 783/1107/404
f 783/1107/404 821/1106/404 822/1108/404
f 783/1107/404 822/1108/404 788/1109/404
f 788/1109/404 822/1108/404 823/1110/404
f 788/1109/404 823/1110/404 791/1111/404
f 791/1111/404 823/1110/404 824/1112/404
f 791/1113/404 824/1114/404 794/1076/404
f 794/1076/404 824/1114/404 825/1115/404
f 794/1076/522 825/1115/522 797/1079/522
f 797/1079/522 825/1115/522 826/1116/522
f 797/1079/522 826/1116/522 800/1082/522
f 800/1082/522 826/1116/522 827/1117/522
f 800/1082/522 827/1117/522 803/1085/522
f 762/1040/404 761/1039/404 817/1101/404
f 817/1101/404 761/1039/404 765/1043/404
f 817/1101/404 765/1043/404 828/1118/404
f 827/1117/404 829/1119/404 803/1085/404
f 803/1085/404 829/1119/404 830/1120/404
f 803/1085/404 830/1120/404 806/1088/404
f 806/1088/404 830/1120/404 831/1121/404
f 806/1088/404 831/1121/404 808/1090/404
f 808/1090/404 831/1121/404 832/1122/404
f 808/1090/404 832/1122/404 811/1093/404
f 811/1093/404 832/1122/404 833/1123/404
f 811/1093/404 833/1123/404 768/1097/404
f 768/1097/404 833/1123/404 834/1124/404
f 768/1125/404 834/1126/404 769/1127/404
f 769/1127/404 834/1126/404 828/1118/404
f 769/1127/404 828/1118/404 767/1128/404
f 767/1128/404 828/1118/404 765/1043/404
f 835/1129/523 836/1130/523 837/1131/523
f 837/1131/524 836/1130/524 838/1132/524
f 837/1131/525 838/1132/525 839/1133/525
f 840/1134/526 841/1135/526 835/1129/526
f 835/1129/527 841/1135/527 842/1136/527
f 835/1129/528 842/1136/528 836/1130/528
f 843/1137/529 844/1138/529 845/1139/529
f 840/1134/530 846/1140/530 841/1135/530
f 841/1135/531 846/1140/531 847/1141/531
f 841/1135/532 847/1141/532 848/1142/532
f 848/1142/533 847/1141/533 843/1137/533
f 848/1142/534 843/1137/534 849/1143/534
f 849/1143/535 843/1137/535 845/1139/535
f 843/1137/536 850/1144/536 844/1138/536
f 844/1138/537 850/1144/537 851/1145/537
f 844/1138/538 851/1145/538 852/1146/538
f 852/1147/539 851/1148/539 853/1149/539
f 852/1147/540 853/1149/540 854/1150/540
f 853/1149/541 855/1151/541 854/1150/541
f 854/1150/542 855/1151/542 856/1152/542
f 854/1150/543 856/1152/543 857/1153/543
f 858/1154/544 417/605/544 859/1155/544
f 859/1155/544 417/605/544 838/1156/544
f 860/1157/545 861/1158/545 862/1159/545
f 862/1159/545 861/1158/545 863/1160/545
f 862/1161/546 863/1162/546 864/1163/546
f 863/1162/547 865/1164/547 864/1163/547
f 864/1163/548 865/1164/548 866/1165/548
f 864/1163/549 866/1165/549 867/1166/549
f 867/1166/550 866/1165/550 868/1167/550
f 868/1167/551 869/1168/551 867/1166/551
f 867/1166/552 869/1168/552 870/1169/552
f 867/1166/553 870/1169/553 871/1170/553
f 872/1171/554 873/1172/554 874/1173/554
f 874/1173/554 873/1172/554 875/1174/554
f 874/1175/555 875/1176/555 876/1177/555
f 876/1177/556 875/1176/556 871/1170/556
f 876/1177/557 871/1170/557 877/1178/557
f 877/1178/558 871/1170/558 870/1169/558
f 878/1179/404 879/1180/404 880/1181/404
f 880/1181/404 879/1180/404 881/1182/404
f 882/1183/404 883/1184/404 884/1185/404
f 885/1186/404 886/1187/404 887/1188/404
f 888/1189/404 889/1190/404 890/1191/404
f 891/1192/404 883/1184/404 892/1193/404
f 893/1194/404 894/1195/404 895/1196/404
f 896/1197/404 897/1198/404 898/1199/404
f 899/1200/404 777/1201/404 900/1202/404
f 901/1203/404 902/1204/404 903/1205/404
f 903/1205/404 902/1204/404 904/1206/404
f 905/1207/404 906/1208/404 907/1209/404
f 907/1209/404 906/1208/404 908/1210/404
f 907/1209/404 908/1210/404 909/1211/404
f 909/1211/404 908/1210/404 892/1193/404
f 910/1212/404 882/1183/404 911/1213/404
f 911/1214/404 882/1215/404 912/1216/404
f 911/1214/404 912/1216/404 913/1217/404
f 913/1217/404 912/1216/404 904/1206/404
f 910/1212/404 914/1218/404 882/1183/404
f 882/1183/404 914/1218/404 915/1219/404
f 882/1183/404 915/1219/404 883/1184/404
f 883/1184/404 915/1219/404 916/1220/404
f 883/1184/404 916/1220/404 892/1193/404
f 892/1193/404 916/1220/404 917/1221/404
f 892/1193/404 917/1221/404 909/1211/404
f 918/1222/404 903/1205/404 919/1223/404
f 919/1223/404 903/1205/404 920/1224/404
f 905/1207/404 901/1225/404 906/1208/404
f 906/1226/404 901/1203/404 903/1205/404
f 906/1226/404 903/1205/404 921/1227/404
f 921/1227/404 903/1205/404 918/1222/404
f 904/1206/404 912/1216/404 903/1205/404
f 903/1205/404 912/1216/404 922/1228/404
f 903/1205/404 922/1228/404 920/1224/404
f 920/1224/404 922/1228/404 923/1229/404
f 920/1224/404 923/1229/404 924/1230/404
f 900/1202/404 720/1231/404 925/1232/404
f 923/1229/404 899/1200/404 924/1230/404
f 924/1230/404 899/1200/404 900/1202/404
f 924/1230/404 900/1202/404 926/1233/404
f 926/1233/404 900/1202/404 925/1232/404
f 926/1233/404 925/1232/404 927/1234/404
f 927/1234/404 925/1232/404 928/1235/404
f 929/1236/404 898/1199/404 930/1237/404
f 930/1237/404 898/1199/404 931/1238/404
f 925/1232/404 896/1197/404 928/1235/404
f 928/1235/404 896/1197/404 898/1199/404
f 928/1235/404 898/1199/404 932/1239/404
f 932/1239/404 898/1199/404 929/1236/404
f 897/1198/404 933/1240/404 898/1199/404
f 898/1199/404 933/1240/404 860/1241/404
f 898/1199/404 860/1241/404 862/1242/404
f 862/1242/404 864/1243/404 898/1199/404
f 898/1199/404 864/1243/404 867/1244/404
f 898/1199/404 867/1244/404 931/1238/404
f 931/1238/404 867/1244/404 871/1245/404
f 931/1238/404 871/1245/404 934/1246/404
f 934/1246/404 871/1245/404 875/1247/404
f 934/1246/404 875/1247/404 893/1194/404
f 935/1248/404 936/1249/404 937/1250/404
f 937/1250/404 936/1249/404 938/1251/404
f 937/1250/404 938/1251/404 933/1240/404
f 933/1240/404 938/1251/404 939/1252/404
f 933/1240/404 939/1252/404 860/1241/404
f 940/1253/404 894/1195/404 941/1254/404
f 941/1254/404 894/1195/404 893/1194/404
f 941/1254/404 893/1194/404 873/1255/404
f 873/1255/404 893/1194/404 875/1247/404
f 890/1191/404 889/1190/404 894/1256/404
f 942/1257/404 943/1258/404 895/1259/404
f 889/1190/404 944/1260/404 894/1256/404
f 894/1256/404 944/1260/404 945/1261/404
f 894/1256/404 945/1261/404 895/1259/404
f 895/1259/404 945/1261/404 946/1262/404
f 895/1259/404 946/1262/404 942/1257/404
f 947/1263/404 948/1264/404 949/1265/404
f 949/1265/404 948/1264/404 950/1266/404
f 949/1265/404 950/1266/404 951/1267/404
f 952/1268/404 953/1269/404 954/1270/404
f 942/1257/404 955/1271/404 943/1258/404
f 943/1258/404 955/1271/404 948/1272/404
f 943/1273/404 948/1274/404 956/1275/404
f 956/1275/404 948/1274/404 947/1276/404
f 956/1277/404 947/1263/404 957/1278/404
f 957/1278/404 947/1263/404 958/1279/404
f 957/1278/404 958/1279/404 959/1280/404
f 954/1270/404 953/1269/404 960/1281/404
f 953/1269/404 961/1282/404 960/1281/404
f 960/1281/404 961/1282/404 962/1283/404
f 960/1281/404 962/1283/404 950/1266/404
f 950/1266/404 962/1283/404 963/1284/404
f 950/1266/404 963/1284/404 951/1267/404
f 958/1279/404 964/1285/404 959/1280/404
f 959/1280/404 964/1285/404 965/1286/404
f 959/1280/404 965/1286/404 966/1287/404
f 966/1287/404 965/1286/404 967/1288/404
f 966/1287/404 967/1288/404 968/1289/404
f 968/1289/404 967/1288/404 969/1290/404
f 954/1270/404 970/1291/404 971/1292/404
f 970/1291/404 954/1270/404 972/1293/404
f 972/1293/404 954/1270/404 973/1294/404
f 972/1293/404 973/1294/404 974/1295/404
f 952/1268/404 954/1270/404 975/1296/404
f 975/1296/404 954/1270/404 971/1292/404
f 975/1296/404 971/1292/404 969/1290/404
f 969/1290/404 971/1292/404 976/1297/404
f 969/1290/404 976/1297/404 968/1289/404
f 887/1188/404 977/1298/404 978/1299/404
f 978/1299/404 977/1298/404 974/1300/404
f 978/1299/404 974/1300/404 979/1301/404
f 979/1301/404 974/1300/404 973/1302/404
f 980/1303/404 981/1304/404 887/1188/404
f 887/1188/404 981/1304/404 982/1305/404
f 887/1188/404 982/1305/404 977/1298/404
f 980/1303/404 887/1188/404 983/1306/404
f 983/1306/404 887/1188/404 886/1187/404
f 983/1306/404 886/1187/404 984/1307/404
f 984/1307/404 985/1308/404 986/1309/404
f 986/1309/404 985/1308/404 987/1310/404
f 986/1309/404 987/1310/404 988/1311/404
f 988/1311/404 987/1310/404 989/1312/404
f 988/1313/404 989/1314/404 990/1315/404
f 990/1315/404 989/1314/404 991/1316/404
f 991/1316/404 989/1314/404 992/1317/404
f 991/1316/404 992/1317/404 993/1318/404
f 994/1319/404 995/1320/404 996/1321/404
f 997/1322/404 998/1323/404 999/1324/404
f 996/1321/404 1000/1325/404 994/1319/404
f 994/1319/404 1000/1325/404 1001/1326/404
f 994/1319/404 1001/1326/404 1002/1327/404
f 1002/1327/404 1001/1326/404 1003/1328/404
f 1002/1327/404 1003/1328/404 1004/1329/404
f 1004/1329/404 1003/1328/404 1005/1330/404
f 1004/1329/404 1005/1330/404 1006/1331/404
f 1006/1331/404 1005/1330/404 1007/1332/404
f 1006/1331/404 1007/1332/404 1008/1333/404
f 1008/1333/404 1007/1332/404 999/1324/404
f 999/1324/404 1007/1332/404 1009/1334/404
f 999/1324/404 1009/1334/404 997/1322/404
f 997/1322/404 1009/1334/404 1010/1335/404
f 997/1322/404 1010/1335/404 1011/1336/404
f 1012/1337/404 1013/1338/404 1014/1339/404
f 1014/1339/404 1013/1338/404 1015/1340/404
f 995/1320/404 1016/1341/404 996/1321/404
f 996/1321/404 1016/1341/404 1014/1339/404
f 996/1321/404 1014/1339/404 1017/1342/404
f 1017/1342/404 1014/1339/404 1015/1340/404
f 1018/1343/404 1019/1344/404 1020/1345/404
f 1020/1345/404 1019/1344/404 1021/1346/404
f 1021/1346/404 1019/1344/404 1022/1347/404
f 1021/1346/404 1022/1347/404 1013/1348/404
f 1013/1348/404 1022/1347/404 1023/1349/404
f 1013/1338/404 1023/1350/404 1015/1340/404
f 1024/1351/404 1025/1352/404 1026/1353/404
f 1027/1354/404 1028/1355/404 1029/1356/404
f 1029/1356/404 1028/1355/404 1030/1357/404
f 1030/1357/404 1028/1355/404 1031/1358/404
f 1030/1357/404 1031/1358/404 881/1182/404
f 1027/1354/404 1029/1356/404 1032/1359/404
f 1032/1359/404 1029/1356/404 1033/1360/404
f 1032/1359/404 1033/1360/404 1034/1361/404
f 1033/1360/404 1035/1362/404 1034/1361/404
f 1034/1361/404 1035/1362/404 1036/1363/404
f 1034/1361/404 1036/1363/404 1037/1364/404
f 1037/1364/404 1036/1363/404 1038/1365/404
f 1037/1364/404 1038/1365/404 1026/1353/404
f 1026/1353/404 1038/1365/404 1039/1366/404
f 1026/1353/404 1039/1366/404 1024/1351/404
f 1024/1351/404 1039/1366/404 1040/1367/404
f 1024/1351/404 1040/1367/404 1041/1368/404
f 879/1180/404 884/1185/404 1042/1369/404
f 881/1182/404 1043/1370/404 1030/1357/404
f 1030/1357/404 1043/1370/404 1044/1371/404
f 1030/1357/404 1044/1371/404 1045/1372/404
f 1042/1369/404 1046/1373/404 879/1180/404
f 879/1180/404 1046/1373/404 1047/1374/404
f 879/1180/404 1047/1374/404 881/1182/404
f 881/1182/404 1047/1374/404 1048/1375/404
f 881/1182/404 1048/1375/404 1043/1370/404
f 1044/1371/404 1049/1376/404 1045/1372/404
f 1045/1372/404 1049/1376/404 1050/1377/404
f 1045/1372/404 1050/1377/404 1051/1378/404
f 1050/1377/404 1052/1379/404 1051/1378/404
f 1051/1378/404 1052/1379/404 1053/1380/404
f 1051/1378/404 1053/1380/404 891/1192/404
f 891/1192/404 1053/1380/404 1054/1381/404
f 891/1192/404 1054/1381/404 883/1184/404
f 883/1184/404 1054/1381/404 1055/1382/404
f 883/1184/404 1055/1382/404 884/1185/404
f 884/1185/404 1055/1382/404 1056/1383/404
f 884/1185/404 1056/1383/404 1042/1369/404
f 1057/1384/404 1058/1385/404 1059/1386/404
f 1059/1386/404 1058/1385/404 1060/1387/404
f 955/1271/404 1061/1388/404 948/1272/404
f 948/1272/404 1061/1388/404 1062/1389/404
f 948/1272/404 1062/1389/404 950/1390/404
f 950/1390/404 1062/1389/404 1063/1391/404
f 950/1390/404 1063/1391/404 1057/1384/404
f 1057/1384/404 1063/1391/404 1064/1392/404
f 1057/1384/404 1064/1392/404 1058/1385/404
f 1040/1367/404 1018/1343/404 1041/1368/404
f 1041/1368/404 1018/1343/404 1020/1345/404
f 1041/1368/404 1020/1345/404 1024/1351/404
f 1024/1351/404 1020/1345/404 1065/1393/404
f 1024/1351/404 1065/1393/404 1025/1352/404
f 1025/1352/404 1065/1393/404 1066/1394/404
f 1025/1352/404 1066/1394/404 1067/1395/404
f 1067/1395/404 1066/1394/404 1068/1396/404
f 1067/1395/404 1068/1396/404 1069/1397/404
f 878/1179/404 880/1181/404 1068/1396/404
f 1068/1396/404 880/1181/404 1070/1398/404
f 1068/1396/404 1070/1398/404 1069/1397/404
f 1031/1358/404 1071/1399/404 881/1182/404
f 881/1182/404 1071/1399/404 1072/1400/404
f 881/1182/404 1072/1400/404 880/1181/404
f 880/1181/404 1072/1400/404 1073/1401/404
f 880/1181/404 1073/1401/404 1070/1398/404
f 1074/1402/404 1075/1403/404 1076/1404/404
f 1076/1404/404 1075/1403/404 1012/1337/404
f 1076/1404/404 1012/1337/404 1077/1405/404
f 1077/1405/404 1012/1337/404 1014/1339/404
f 1077/1405/404 1014/1339/404 1078/1406/404
f 1078/1406/404 1014/1339/404 1016/1341/404
f 1074/1402/404 1079/1407/404 1075/1403/404
f 1075/1403/404 1079/1407/404 998/1323/404
f 1075/1403/404 998/1323/404 1080/1408/404
f 1080/1408/404 998/1323/404 997/1322/404
f 1080/1408/404 997/1322/404 1081/1409/404
f 885/1186/404 1082/1410/404 1083/1411/404
f 1083/1411/404 1084/1412/404 885/1186/404
f 885/1186/404 1084/1412/404 1085/1413/404
f 885/1186/404 1085/1413/404 886/1187/404
f 886/1187/404 1085/1413/404 1086/1414/404
f 886/1187/404 1086/1414/404 984/1307/404
f 984/1307/404 1086/1414/404 1087/1415/404
f 984/1307/404 1087/1415/404 985/1308/404
f 1082/1410/404 1088/1416/404 997/1417/404
f 997/1322/404 1088/1418/404 1089/1419/404
f 997/1322/404 1089/1419/404 1081/1409/404
f 992/1317/404 1090/1420/404 993/1318/404
f 993/1318/404 1090/1420/404 1091/1421/404
f 993/1318/404 1091/1421/404 1011/1336/404
f 1011/1336/404 1091/1421/404 1092/1422/404
f 1011/1336/404 1092/1422/404 997/1322/404
f 997/1322/404 1092/1422/404 1093/1423/404
f 997/1417/404 1093/1424/404 1082/1410/404
f 1082/1410/404 1093/1424/404 1094/1425/404
f 1082/1410/404 1094/1425/404 1083/1411/404
f 1060/1387/404 888/1189/404 1059/1386/404
f 1059/1386/404 888/1189/404 890/1191/404
f 1059/1386/404 890/1191/404 1095/1426/404
f 1095/1427/404 890/1428/404 894/1195/404
f 1095/1427/404 894/1195/404 937/1250/404
f 937/1250/404 894/1195/404 940/1253/404
f 937/1250/404 940/1253/404 935/1248/404
f 1096/1429/559 1097/1430/559 1098/1431/559
f 1098/1431/559 1097/1430/559 1099/1432/559
f 1098/1431/560 1099/1432/560 1100/1433/560
f 1100/1433/560 1099/1432/560 1101/1434/560
f 1100/1433/561 1101/1434/561 1102/1435/561
f 1102/1436/561 1101/1437/561 1103/1438/561
f 1102/1435/562 1103/1439/562 1104/1440/562
f 1104/1441/562 1103/1438/562 1105/1442/562
f 1104/1440/563 1105/1443/563 1106/1444/563
f 1106/1445/563 1105/1442/563 1107/1446/563
f 1106/1445/564 1107/1446/564 1108/1447/564
f 1108/1447/564 1107/1446/564 1109/1448/564
f 1108/1449/565 1109/1450/565 1110/1451/565
f 1110/1451/565 1109/1450/565 1111/1452/565
f 1110/1453/566 1111/1454/566 1112/1455/566
f 1112/1455/566 1111/1454/566 1113/1456/566
f 1114/1457/567 1115/1458/567 1116/1459/567
f 1116/1459/568 1115/1458/568 1117/1460/568
f 1116/1459/569 1117/1460/569 1118/1461/569
f 1118/1461/570 1117/1460/570 1119/1462/570
f 1118/1463/571 1119/1464/571 1120/1465/571
f 1120/1466/572 1119/1467/572 1121/1468/572
f 1120/1465/573 1121/1469/573 1122/1470/573
f 1122/1470/574 1121/1469/574 1123/1471/574
f 1122/1470/575 1123/1471/575 1124/1472/575
f 1124/1472/576 1123/1471/576 1125/1473/576
f 1124/1474/577 1125/1475/577 1126/1476/577
f 1126/1476/578 1125/1475/578 1127/1477/578
f 1126/1476/579 1127/1477/579 1128/1478/579
f 1128/1478/580 1127/1477/580 1129/1479/580
f 1128/1478/581 1129/1479/581 1130/1480/581
f 1130/1480/582 1129/1479/582 1131/1481/582
f 1132/1482/583 1133/1483/583 1134/1484/583
f 1135/1485/584 1115/1486/584 1114/1487/584
f 1135/1485/585 1114/1487/585 1134/1484/585
f 1134/1484/586 1114/1487/586 1136/1488/586
f 1134/1484/587 1136/1488/587 1132/1482/587
f 1137/1489/588 1138/1490/588 1139/1491/588
f 1139/1491/588 1138/1490/588 1140/1492/588
f 1139/1493/589 1140/1494/589 1141/1495/589
f 1141/1495/589 1140/1494/589 1142/1496/589
f 1141/1495/590 1142/1496/590 1143/1497/590
f 1143/1497/590 1142/1496/590 1144/1498/590
f 1145/1499/591 1143/1497/591 1146/1500/591
f 1146/1500/592 1143/1497/592 1144/1498/592
f 1145/1499/593 1146/1500/593 1147/1501/593
f 1147/1501/594 1146/1500/594 1148/1502/594
f 1147/1501/594 1148/1502/594 1149/1503/594
f 1150/1504/595 1151/1505/595 1152/1506/595
f 1150/1504/595 1152/1506/595 1153/1507/595
f 1153/1508/596 1152/1509/596 1154/1510/596
f 1153/1508/596 1154/1510/596 1155/1511/596
f 1155/1511/597 1154/1510/597 1156/1512/597
f 1155/1511/597 1156/1512/597 1157/1513/597
f 1158/1514/598 1159/1515/598 1160/1516/598
f 1161/1517/599 1162/1518/599 1163/1519/599
f 1163/1519/600 1162/1518/600 1164/1520/600
f 1163/1519/601 1164/1520/601 1165/1521/601
f 1165/1521/602 1164/1520/602 1166/1522/602
f 1166/1522/603 1164/1520/603 1167/1523/603
f 1166/1522/604 1167/1523/604 1160/1516/604
f 1160/1516/605 1167/1523/605 1168/1524/605
f 1160/1516/606 1168/1524/606 1158/1514/606
f 1159/1515/607 1158/1514/607 1169/1525/607
f 1169/1525/608 1158/1514/608 1170/1526/608
f 1169/1525/609 1170/1526/609 1171/1527/609
f 1171/1527/610 1172/1528/610 1169/1525/610
f 1169/1525/610 1172/1528/610 1173/1529/610
f 1174/1530/611 1175/1531/611 1176/1532/611
f 1176/1532/611 1175/1531/611 1177/1533/611
f 1178/1534/612 1179/1535/612 1180/1536/612
f 1180/1536/613 1179/1535/613 1176/1532/613
f 1180/1536/614 1176/1532/614 1177/1533/614
f 1181/1537/615 1182/1538/615 1183/1539/615
f 1183/1539/616 1182/1538/616 1184/1540/616
f 1183/1541/617 1184/1542/617 1185/1543/617
f 1185/1543/618 1184/1542/618 1186/1544/618
f 1185/1543/619 1186/1544/619 1187/1545/619
f 1187/1545/619 1186/1544/619 1188/1546/619
f 1187/1545/620 1188/1546/620 1189/1547/620
f 1189/1547/620 1188/1546/620 1190/1548/620
f 1189/1547/621 1190/1548/621 1191/1549/621
f 1192/1550/622 1193/1551/622 1194/1552/622
f 1194/1552/623 1193/1551/623 1195/1553/623
f 1194/1554/624 1195/1555/624 1196/1556/624
f 1196/1556/625 1195/1555/625 1191/1549/625
f 1196/1556/626 1191/1549/626 1197/1557/626
f 1197/1557/621 1191/1549/621 1190/1548/621
f 1198/1558/554 1199/1559/554 1200/1560/554
f 1200/1560/627 1201/1561/627 1198/1558/627
f 1198/1558/628 1201/1561/628 1202/1562/628
f 1198/1558/629 1202/1562/629 1203/1563/629
f 1202/1564/630 1204/1565/630 1203/1566/630
f 1203/1563/631 1204/1567/631 1205/1568/631
f 1203/1563/632 1205/1568/632 1206/1569/632
f 1206/1570/633 1205/1571/633 1207/1572/633
f 1207/1573/634 1208/1574/634 1206/1569/634
f 1206/1569/635 1208/1574/635 1209/1575/635
f 1206/1569/636 1209/1575/636 1210/1576/636
f 1211/1577/637 1212/1578/637 1213/1579/637
f 1213/1579/638 1212/1578/638 1214/1580/638
f 1213/1579/639 1214/1580/639 1215/1581/639
f 1215/1582/640 1214/1583/640 1210/1584/640
f 1215/1581/641 1210/1576/641 1216/1585/641
f 1216/1585/642 1210/1576/642 1209/1575/642
f 1217/1586/643 1218/1587/643 1219/1588/643
f 1219/1588/644 1218/1587/644 1220/1589/644
f 1219/1588/645 1220/1589/645 1221/1590/645
f 1222/1591/646 1223/1592/646 1224/1593/646
f 1224/1593/647 1225/1594/647 1222/1591/647
f 1222/1591/648 1225/1594/648 1226/1595/648
f 1222/1591/649 1226/1595/649 1227/1596/649
f 1227/1597/650 1226/1598/650 1228/1599/650
f 1227/1597/651 1228/1599/651 1229/1600/651
f 1228/1599/652 1230/1601/652 1229/1600/652
f 1229/1600/653 1230/1601/653 1231/1602/653
f 1229/1600/654 1231/1602/654 1232/1603/654
f 1231/1602/655 1233/1604/655 1232/1603/655
f 1232/1603/656 1233/1604/656 1234/1605/656
f 1232/1603/657 1234/1605/657 1221/1606/657
f 1221/1606/658 1234/1605/658 1235/1607/658
f 1221/1590/659 1235/1608/659 1219/1588/659
f 1223/1609/404 1220/1610/404 1236/1611/404
f 1236/1611/404 1220/1610/404 1218/1612/404
f 1227/1613/404 1229/1614/404 1232/1615/404
f 1223/1609/404 1222/1616/404 1220/1610/404
f 1220/1610/404 1222/1616/404 1227/1613/404
f 1220/1610/404 1227/1613/404 1221/1617/404
f 1221/1617/404 1227/1613/404 1232/1615/404
f 1237/1618/404 1238/1619/404 1239/1620/404
f 1239/1620/404 1238/1619/404 1236/1611/404
f 1239/1620/404 1236/1611/404 1240/1621/404
f 1240/1621/404 1236/1611/404 1218/1612/404
f 1241/1622/660 1242/1623/660 1243/1624/660
f 1243/1624/660 1242/1623/660 1244/1625/660
f 1243/1624/661 1244/1625/661 1245/1626/661
f 1245/1626/661 1244/1625/661 1246/1627/661
f 1245/1628/662 1246/1629/662 1247/1630/662
f 1247/1630/662 1246/1629/662 1248/1631/662
f 1247/1630/663 1248/1631/663 1249/1632/663
f 1249/1632/663 1248/1631/663 1250/1633/663
f 1249/1634/664 1250/1635/664 1251/1636/664
f 1251/1636/664 1250/1635/664 1252/1637/664
f 1251/1636/643 1252/1637/643 1253/1638/643
f 1253/1638/643 1252/1637/643 1254/1639/643
f 1253/1640/404 1255/1641/404 1243/1642/404
f 1243/1642/404 1255/1641/404 1256/1643/404
f 1243/1642/404 1256/1643/404 1241/1644/404
f 1243/1642/404 1245/1645/404 1247/1646/404
f 1257/1647/404 1258/1648/404 1259/1649/404
f 1259/1649/404 1258/1648/404 1256/1643/404
f 1259/1649/404 1256/1643/404 1260/1650/404
f 1260/1650/404 1256/1643/404 1255/1641/404
f 1253/1640/404 1243/1642/404 1251/1651/404
f 1251/1651/404 1243/1642/404 1247/1646/404
f 1251/1652/404 1247/1653/404 1249/1654/404
f 1261/1655/665 1262/1656/665 1263/1657/665
f 1264/1658/665 1265/1659/665 1266/1660/665
f 1267/1661/665 1268/1662/665 1269/1663/665
f 1270/1664/665 1271/1665/665 1263/1666/665
f 1263/1666/665 1271/1665/665 1272/1667/665
f 1263/1666/665 1272/1667/665 1261/1668/665
f 1273/1669/665 1274/1670/665 1275/1671/665
f 1268/1662/665 1276/1672/665 1269/1663/665
f 1269/1663/665 1276/1672/665 1277/1673/665
f 1269/1674/665 1277/1675/665 1278/1676/665
f 1267/1661/665 1269/1663/665 1263/1677/665
f 1263/1666/665 1269/1674/665 1279/1678/665
f 1263/1666/665 1279/1678/665 1270/1664/665
f 1262/1656/665 1280/1679/665 1263/1657/665
f 1263/1657/665 1280/1679/665 1281/1680/665
f 1263/1657/665 1281/1680/665 1282/1681/665
f 1282/1681/665 1283/1682/665 1263/1657/665
f 1263/1657/665 1283/1682/665 1284/1683/665
f 1263/1657/665 1284/1683/665 1285/1684/665
f 1285/1684/665 1286/1685/665 1263/1657/665
f 1263/1657/665 1286/1685/665 1287/1686/665
f 1263/1657/665 1287/1686/665 1288/1687/665
f 1288/1687/665 1289/1688/665 1263/1657/665
f 1263/1689/665 1289/1690/665 1290/1691/665
f 1263/1689/665 1290/1691/665 1291/1692/665
f 1291/1693/665 1292/1694/665 1263/1695/665
f 1263/1695/665 1292/1694/665 1293/1696/665
f 1263/1695/665 1293/1696/665 1294/1697/665
f 1295/1698/665 1296/1699/665 1263/1700/665
f 1263/1700/665 1296/1699/665 1266/1701/665
f 1263/1677/665 1266/1702/665 1297/1703/665
f 1265/1704/665 1298/1705/665 1266/1706/665
f 1266/1701/665 1298/1707/665 1299/1708/665
f 1266/1701/665 1299/1708/665 1300/1709/665
f 1300/1709/665 1301/1710/665 1266/1701/665
f 1266/1701/665 1301/1710/665 1302/1711/665
f 1266/1701/665 1302/1711/665 1303/1712/665
f 1303/1713/665 1304/1714/665 1266/1715/665
f 1266/1715/665 1304/1714/665 1305/1716/665
f 1266/1715/665 1305/1716/665 1297/1717/665
f 1306/1718/665 1277/1673/665 1307/1719/665
f 1307/1720/665 1277/1721/665 1308/1722/665
f 1273/1723/665 1275/1724/665 1266/1660/665
f 1266/1660/665 1275/1724/665 1309/1725/665
f 1266/1660/665 1309/1725/665 1264/1658/665
f 1306/1718/665 1310/1726/665 1277/1673/665
f 1277/1673/665 1310/1726/665 1311/1727/665
f 1277/1673/665 1311/1727/665 1312/1728/665
f 1294/1729/665 1313/1730/665 1263/1689/665
f 1263/1689/665 1313/1730/665 1314/1731/665
f 1263/1689/665 1314/1731/665 1295/1732/665
f 1315/1733/665 1316/1734/665 1277/1721/665
f 1277/1721/665 1316/1734/665 1317/1735/665
f 1277/1721/665 1317/1735/665 1308/1722/665
f 1315/1733/665 1318/1736/665 1316/1734/665
f 1316/1734/665 1318/1736/665 1319/1737/665
f 1316/1738/665 1319/1739/665 1320/1740/665
f 1320/1741/665 1319/1737/665 1321/1742/665
f 1312/1728/665 1322/1743/665 1277/1673/665
f 1277/1675/665 1322/1744/665 1323/1745/665
f 1277/1675/665 1323/1745/665 1278/1676/665
f 1324/1746/666 1323/1747/666 1325/1748/666
f 1325/1748/667 1323/1747/667 1322/1749/667
f 1325/1748/668 1322/1749/668 1326/1750/668
f 1279/1751/669 1269/1752/669 1324/1746/669
f 1324/1746/670 1269/1752/670 1278/1753/670
f 1324/1746/671 1278/1753/671 1323/1747/671
f 1261/1754/672 1272/1755/672 1327/1756/672
f 1328/1757/673 1329/1758/673 1262/1759/673
f 1262/1759/674 1329/1758/674 1280/1760/674
f 1280/1760/675 1329/1758/675 1330/1761/675
f 1280/1760/676 1330/1761/676 1281/1762/676
f 1282/1763/677 1331/1764/677 1283/1765/677
f 1283/1765/678 1331/1764/678 1332/1766/678
f 1283/1765/679 1332/1766/679 1284/1767/679
f 1284/1767/680 1332/1766/680 1333/1768/680
f 1284/1767/680 1333/1768/680 1285/1769/680
f 1326/1750/681 1334/1770/681 1325/1748/681
f 1325/1748/681 1334/1770/681 1335/1771/681
f 1325/1748/682 1335/1771/682 1324/1746/682
f 1324/1746/683 1335/1771/683 1336/1772/683
f 1336/1772/684 1337/1773/684 1324/1746/684
f 1324/1746/685 1337/1773/685 1338/1774/685
f 1324/1746/686 1338/1774/686 1279/1751/686
f 1279/1751/687 1338/1774/687 1339/1775/687
f 1279/1751/688 1339/1775/688 1270/1776/688
f 1270/1777/689 1339/1778/689 1327/1779/689
f 1270/1780/690 1327/1781/690 1271/1782/690
f 1271/1783/691 1327/1756/691 1272/1755/691
f 1337/1773/685 1340/1784/685 1338/1774/685
f 1338/1774/692 1340/1784/692 1341/1785/692
f 1338/1774/693 1341/1785/693 1339/1775/693
f 1339/1775/694 1341/1785/694 1342/1786/694
f 1339/1778/695 1342/1787/695 1327/1779/695
f 1327/1756/696 1342/1788/696 1343/1789/696
f 1343/1789/697 1344/1790/697 1327/1756/697
f 1327/1756/698 1344/1790/698 1328/1757/698
f 1327/1756/699 1328/1757/699 1261/1754/699
f 1261/1754/700 1328/1757/700 1262/1759/700
f 1344/1790/698 1345/1791/698 1328/1757/698
f 1328/1757/701 1345/1791/701 1346/1792/701
f 1328/1757/702 1346/1792/702 1329/1758/702
f 1329/1758/703 1346/1792/703 1347/1793/703
f 1329/1758/704 1347/1793/704 1330/1761/704
f 1330/1761/705 1347/1793/705 1348/1794/705
f 1348/1794/706 1349/1795/706 1330/1761/706
f 1330/1796/707 1349/1797/707 1331/1764/707
f 1330/1796/708 1331/1764/708 1281/1798/708
f 1281/1798/709 1331/1764/709 1282/1763/709
f 1350/1799/710 1333/1768/710 1351/1800/710
f 1351/1800/710 1333/1768/710 1332/1766/710
f 1351/1800/711 1332/1766/711 1352/1801/711
f 1352/1801/712 1332/1766/712 1331/1764/712
f 1352/1801/713 1331/1764/713 1353/1802/713
f 1353/1802/707 1331/1764/707 1349/1797/707
f 1295/1803/714 1314/1804/714 1354/1805/714
f 1291/1806/715 1290/1807/715 1355/1808/715
f 1286/1809/716 1356/1810/716 1287/1811/716
f 1287/1811/717 1356/1810/717 1357/1812/717
f 1287/1811/717 1357/1812/717 1288/1813/717
f 1355/1808/718 1290/1807/718 1357/1814/718
f 1357/1814/719 1290/1807/719 1289/1815/719
f 1357/1814/720 1289/1815/720 1288/1816/720
f 1292/1817/721 1358/1818/721 1293/1819/721
f 1293/1819/722 1358/1818/722 1359/1820/722
f 1293/1819/723 1359/1820/723 1294/1821/723
f 1294/1821/724 1359/1820/724 1360/1822/724
f 1294/1821/725 1360/1822/725 1313/1823/725
f 1295/1824/726 1354/1825/726 1296/1826/726
f 1296/1826/727 1354/1825/727 1361/1827/727
f 1296/1826/728 1361/1827/728 1266/1828/728
f 1266/1660/729 1361/1829/729 1362/1830/729
f 1266/1660/730 1362/1830/730 1273/1723/730
f 1273/1723/731 1362/1830/731 1363/1831/731
f 1273/1723/731 1363/1831/731 1274/1832/731
f 1350/1799/732 1356/1810/732 1333/1768/732
f 1333/1768/733 1356/1810/733 1286/1809/733
f 1333/1768/734 1286/1809/734 1285/1769/734
f 1350/1799/732 1364/1833/732 1356/1810/732
f 1356/1810/735 1364/1833/735 1365/1834/735
f 1356/1810/736 1365/1834/736 1357/1812/736
f 1357/1812/737 1365/1834/737 1366/1835/737
f 1357/1814/738 1366/1836/738 1355/1808/738
f 1355/1808/739 1366/1836/739 1367/1837/739
f 1367/1837/740 1368/1838/740 1355/1808/740
f 1355/1808/741 1368/1838/741 1358/1818/741
f 1355/1808/742 1358/1818/742 1291/1806/742
f 1291/1806/743 1358/1818/743 1292/1817/743
f 1368/1838/741 1369/1839/741 1358/1818/741
f 1358/1818/744 1369/1839/744 1370/1840/744
f 1358/1818/745 1370/1840/745 1359/1820/745
f 1359/1820/746 1370/1840/746 1371/1841/746
f 1359/1820/747 1371/1841/747 1360/1822/747
f 1360/1822/748 1371/1841/748 1372/1842/748
f 1372/1842/749 1373/1843/749 1360/1822/749
f 1360/1822/750 1373/1843/750 1354/1825/750
f 1360/1822/751 1354/1825/751 1313/1823/751
f 1313/1844/752 1354/1805/752 1314/1804/752
f 1373/1843/753 1374/1845/753 1354/1825/753
f 1354/1825/754 1374/1845/754 1375/1846/754
f 1354/1825/755 1375/1846/755 1361/1827/755
f 1361/1827/756 1375/1846/756 1376/1847/756
f 1361/1848/757 1376/1849/757 1362/1850/757
f 1377/1851/758 1363/1831/758 1378/1852/758
f 1378/1852/758 1363/1831/758 1362/1830/758
f 1378/1852/759 1362/1830/759 1379/1853/759
f 1379/1854/760 1362/1850/760 1376/1849/760
f 1301/1855/761 1300/1856/761 1380/1857/761
f 1275/1724/762 1381/1858/762 1309/1725/762
f 1309/1725/763 1381/1858/763 1382/1859/763
f 1309/1725/763 1382/1859/763 1264/1658/763
f 1380/1860/764 1300/1861/764 1383/1862/764
f 1300/1709/765 1299/1708/765 1383/1863/765
f 1383/1863/766 1299/1708/766 1298/1707/766
f 1383/1863/767 1298/1707/767 1382/1864/767
f 1382/1865/768 1298/1705/768 1265/1704/768
f 1382/1859/769 1265/1659/769 1264/1658/769
f 1302/1866/770 1384/1867/770 1303/1868/770
f 1303/1869/771 1384/1870/771 1385/1871/771
f 1303/1869/772 1385/1871/772 1304/1872/772
f 1304/1873/773 1385/1874/773 1305/1875/773
f 1305/1876/774 1385/1877/774 1386/1878/774
f 1305/1879/775 1386/1880/775 1297/1881/775
f 1387/1882/776 1388/1883/776 1263/1884/776
f 1263/1884/777 1388/1883/777 1267/1885/777
f 1318/1736/778 1315/1733/778 1389/1886/778
f 1389/1886/779 1315/1733/779 1277/1721/779
f 1389/1886/780 1277/1721/780 1390/1887/780
f 1390/1887/781 1277/1721/781 1276/1888/781
f 1390/1887/782 1276/1888/782 1388/1883/782
f 1388/1883/783 1276/1888/783 1268/1889/783
f 1388/1883/784 1268/1889/784 1267/1885/784
f 1316/1734/785 1320/1741/785 1391/1890/785
f 1391/1890/786 1320/1741/786 1321/1742/786
f 1391/1890/787 1321/1742/787 1392/1891/787
f 1392/1891/788 1321/1742/788 1319/1737/788
f 1392/1891/789 1319/1737/789 1393/1892/789
f 1316/1734/790 1391/1890/790 1317/1735/790
f 1317/1735/791 1391/1890/791 1394/1893/791
f 1317/1735/792 1394/1893/792 1308/1722/792
f 1308/1722/793 1394/1893/793 1395/1894/793
f 1308/1895/794 1395/1896/794 1307/1897/794
f 1307/1897/795 1395/1896/795 1306/1898/795
f 1306/1898/796 1395/1896/796 1396/1899/796
f 1306/1898/797 1396/1899/797 1310/1900/797
f 1310/1900/798 1396/1899/798 1311/1901/798
f 1311/1901/799 1396/1899/799 1397/1902/799
f 1311/1903/800 1397/1904/800 1312/1905/800
f 1312/1905/801 1397/1904/801 1326/1906/801
f 1312/1905/801 1326/1906/801 1322/1907/801
f 1377/1851/802 1381/1858/802 1363/1831/802
f 1363/1831/803 1381/1858/803 1275/1724/803
f 1363/1831/804 1275/1724/804 1274/1832/804
f 1377/1851/802 1398/1908/802 1381/1858/802
f 1381/1858/805 1398/1908/805 1399/1909/805
f 1381/1858/806 1399/1909/806 1382/1859/806
f 1382/1859/807 1399/1909/807 1400/1910/807
f 1382/1859/808 1400/1910/808 1383/1911/808
f 1401/1912/809 1380/1913/809 1402/1914/809
f 1402/1915/809 1380/1916/809 1383/1863/809
f 1402/1917/810 1383/1911/810 1403/1918/810
f 1403/1918/811 1383/1911/811 1400/1910/811
f 1401/1912/812 1404/1919/812 1380/1913/812
f 1380/1857/813 1404/1920/813 1384/1921/813
f 1380/1857/814 1384/1921/814 1301/1855/814
f 1301/1922/815 1384/1867/815 1302/1866/815
f 1404/1923/816 1405/1924/816 1384/1867/816
f 1384/1867/817 1405/1924/817 1406/1925/817
f 1384/1867/818 1406/1925/818 1385/1874/818
f 1385/1874/819 1406/1925/819 1407/1926/819
f 1385/1877/820 1407/1927/820 1386/1878/820
f 1386/1880/821 1407/1928/821 1408/1929/821
f 1408/1929/822 1409/1930/822 1386/1880/822
f 1386/1880/823 1409/1930/823 1387/1882/823
f 1386/1880/824 1387/1882/824 1297/1881/824
f 1297/1881/825 1387/1882/825 1263/1884/825
f 1409/1930/823 1410/1931/823 1387/1882/823
f 1387/1882/826 1410/1931/826 1411/1932/826
f 1387/1882/827 1411/1932/827 1388/1883/827
f 1388/1883/828 1411/1932/828 1412/1933/828
f 1388/1883/829 1412/1933/829 1390/1887/829
f 1412/1933/830 1413/1934/830 1390/1887/830
f 1390/1887/831 1413/1934/831 1414/1935/831
f 1390/1887/832 1414/1935/832 1389/1886/832
f 1389/1886/833 1414/1935/833 1415/1936/833
f 1415/1936/834 1416/1937/834 1389/1886/834
f 1389/1886/835 1416/1937/835 1393/1892/835
f 1389/1886/836 1393/1892/836 1318/1736/836
f 1318/1736/837 1393/1892/837 1319/1737/837
f 1416/1938/835 1417/1939/835 1393/1940/835
f 1393/1940/838 1417/1939/838 1418/1941/838
f 1393/1940/839 1418/1941/839 1392/1942/839
f 1392/1942/840 1418/1941/840 1419/1943/840
f 1392/1942/841 1419/1943/841 1391/1944/841
f 1391/1944/842 1419/1943/842 1420/1945/842
f 1420/1945/843 1421/1946/843 1391/1944/843
f 1391/1944/844 1421/1946/844 1422/1947/844
f 1391/1944/845 1422/1947/845 1394/1948/845
f 1394/1948/846 1422/1947/846 1423/1949/846
f 1394/1948/847 1423/1949/847 1395/1950/847
f 1423/1949/847 1424/1951/847 1395/1950/847
f 1395/1952/848 1424/1953/848 1425/1954/848
f 1395/1952/849 1425/1954/849 1396/1955/849
f 1396/1955/850 1425/1954/850 1426/1956/850
f 1396/1899/851 1426/1957/851 1397/1902/851
f 1334/1770/852 1326/1750/852 1427/1958/852
f 1427/1958/852 1326/1750/852 1397/1959/852
f 1427/1958/853 1397/1959/853 1428/1960/853
f 1428/1961/854 1397/1962/854 1426/1963/854
f 1342/1964/855 1341/1965/855 1429/1966/855
f 1429/1966/856 1341/1965/856 1340/1967/856
f 1429/1966/857 1340/1967/857 1430/1968/857
f 1430/1968/858 1340/1967/858 1337/1969/858
f 1334/1970/859 1431/1971/859 1335/1972/859
f 1335/1972/860 1431/1971/860 1432/1973/860
f 1335/1972/861 1432/1973/861 1336/1974/861
f 1336/1974/862 1432/1973/862 1433/1975/862
f 1336/1974/863 1433/1975/863 1337/1969/863
f 1337/1969/864 1433/1975/864 1434/1976/864
f 1337/1969/865 1434/1976/865 1430/1968/865
f 1429/1966/866 1435/1977/866 1342/1964/866
f 1342/1964/867 1435/1977/867 1436/1978/867
f 1342/1964/868 1436/1978/868 1343/1979/868
f 1343/1980/869 1436/1981/869 1437/1982/869
f 1343/1980/870 1437/1982/870 1344/1983/870
f 1344/1983/871 1437/1982/871 1438/1984/871
f 1344/1983/872 1438/1984/872 1345/1985/872
f 1345/1985/873 1438/1984/873 1439/1986/873
f 1345/1985/874 1439/1986/874 1346/1987/874
f 1346/1987/875 1439/1986/875 1440/1988/875
f 1346/1987/876 1440/1988/876 1347/1989/876
f 1347/1989/877 1440/1988/877 1441/1990/877
f 1347/1989/878 1441/1990/878 1348/1991/878
f 1348/1991/879 1441/1990/879 1442/1992/879
f 1348/1991/880 1442/1992/880 1349/1993/880
f 1349/1994/881 1442/1995/881 1443/1996/881
f 1349/1994/882 1443/1996/882 1353/1997/882
f 1353/1997/883 1443/1996/883 1444/1998/883
f 1353/1997/884 1444/1998/884 1352/1999/884
f 1352/1999/885 1444/1998/885 1445/2000/885
f 1352/1999/886 1445/2000/886 1351/2001/886
f 1351/2001/887 1445/2000/887 1446/2002/887
f 1351/2001/888 1446/2002/888 1350/2003/888
f 1350/2003/889 1446/2002/889 1447/2004/889
f 1350/2003/890 1447/2004/890 1364/2005/890
f 1364/2005/891 1447/2004/891 1448/2006/891
f 1364/2005/892 1448/2006/892 1365/2007/892
f 1448/2006/893 1449/2008/893 1365/2007/893
f 1365/2007/894 1449/2008/894 1450/2009/894
f 1365/2007/895 1450/2009/895 1366/2010/895
f 1450/2009/896 1451/2011/896 1366/2010/896
f 1366/2010/897 1451/2011/897 1452/2012/897
f 1366/2013/898 1452/2014/898 1367/2015/898
f 1367/2015/899 1452/2014/899 1453/2016/899
f 1367/2015/900 1453/2016/900 1368/2017/900
f 1368/2018/901 1453/2019/901 1454/2020/901
f 1368/2017/902 1454/2021/902 1369/2022/902
f 1369/2023/903 1454/2020/903 1455/2024/903
f 1369/2022/904 1455/2025/904 1370/2026/904
f 1370/2027/905 1455/2024/905 1456/2028/905
f 1370/2026/906 1456/2029/906 1371/2030/906
f 1456/2028/907 1457/2031/907 1371/2032/907
f 1371/2032/908 1457/2031/908 1458/2033/908
f 1371/2030/909 1458/2034/909 1372/2035/909
f 1372/2036/910 1458/2033/910 1459/2037/910
f 1372/2035/911 1459/2038/911 1373/2039/911
f 1373/2039/912 1459/2038/912 1460/2040/912
f 1373/2039/913 1460/2040/913 1374/2041/913
f 1374/2041/914 1460/2040/914 1461/2042/914
f 1374/2041/915 1461/2042/915 1375/2043/915
f 1375/2043/916 1461/2042/916 1462/2044/916
f 1375/2043/917 1462/2044/917 1376/2045/917
f 1462/2044/918 1463/2046/918 1376/2045/918
f 1376/2047/919 1463/2048/919 1464/2049/919
f 1376/2047/920 1464/2049/920 1379/2050/920
f 1379/2050/921 1464/2049/921 1465/2051/921
f 1379/2050/922 1465/2051/922 1378/2052/922
f 1378/2052/923 1465/2051/923 1466/2053/923
f 1378/2054/924 1466/2055/924 1377/2056/924
f 1377/2056/925 1466/2055/925 1467/2057/925
f 1402/2058/926 1468/2059/926 1401/2060/926
f 1401/2061/927 1468/2062/927 1469/2063/927
f 1401/2061/928 1469/2063/928 1404/2064/928
f 1377/2056/929 1467/2057/929 1398/2065/929
f 1398/2065/930 1467/2057/930 1470/2066/930
f 1398/2065/931 1470/2066/931 1399/2067/931
f 1399/2067/932 1470/2066/932 1471/2068/932
f 1399/2067/933 1471/2068/933 1400/2069/933
f 1400/2069/934 1471/2068/934 1472/2070/934
f 1400/2069/935 1472/2070/935 1403/2071/935
f 1403/2071/936 1472/2070/936 1473/2072/936
f 1403/2071/937 1473/2072/937 1402/2058/937
f 1402/2058/938 1473/2072/938 1474/2073/938
f 1402/2058/939 1474/2073/939 1468/2059/939
f 1404/2064/940 1469/2063/940 1405/2074/940
f 1405/2074/941 1469/2063/941 1475/2075/941
f 1405/2076/942 1475/2077/942 1406/2078/942
f 1406/2078/943 1475/2077/943 1476/2079/943
f 1406/2078/944 1476/2079/944 1407/2080/944
f 1477/2081/945 1410/2082/945 1478/2083/945
f 1478/2083/946 1410/2082/946 1409/2084/946
f 1478/2083/947 1409/2084/947 1479/2085/947
f 1479/2085/948 1409/2084/948 1408/2086/948
f 1479/2085/949 1408/2086/949 1480/2087/949
f 1480/2087/950 1408/2086/950 1407/2080/950
f 1480/2087/951 1407/2080/951 1481/2088/951
f 1481/2088/952 1407/2080/952 1476/2079/952
f 1431/1971/953 1334/1970/953 1482/2089/953
f 1482/2089/954 1334/1970/954 1427/2090/954
f 1482/2089/955 1427/2090/955 1483/2091/955
f 1483/2092/956 1427/2093/956 1428/2094/956
f 1483/2091/957 1428/1961/957 1484/2095/957
f 1484/2095/958 1428/1961/958 1426/1963/958
f 1484/2095/959 1426/1963/959 1485/2096/959
f 1485/2096/960 1426/1963/960 1425/2097/960
f 1485/2096/961 1425/2097/961 1486/2098/961
f 1486/2098/962 1425/2097/962 1424/2099/962
f 1486/2098/963 1424/2099/963 1487/2100/963
f 1487/2101/964 1424/2102/964 1423/2103/964
f 1487/2101/965 1423/2103/965 1488/2104/965
f 1488/2104/966 1423/2103/966 1422/2105/966
f 1488/2104/967 1422/2105/967 1489/2106/967
f 1489/2106/968 1422/2105/968 1421/2107/968
f 1489/2106/969 1421/2107/969 1490/2108/969
f 1490/2108/970 1421/2107/970 1420/2109/970
f 1490/2108/971 1420/2109/971 1491/2110/971
f 1491/2110/972 1420/2109/972 1419/2111/972
f 1491/2110/973 1419/2111/973 1492/2112/973
f 1492/2112/974 1419/2111/974 1418/2113/974
f 1492/2112/975 1418/2113/975 1493/2114/975
f 1493/2114/976 1418/2113/976 1417/2115/976
f 1493/2114/977 1417/2115/977 1494/2116/977
f 1494/2116/978 1417/2115/978 1416/2117/978
f 1494/2116/979 1416/2117/979 1495/2118/979
f 1495/2118/980 1416/2117/980 1415/2119/980
f 1495/2118/981 1415/2119/981 1496/2120/981
f 1496/2120/982 1415/2119/982 1414/2121/982
f 1496/2120/983 1414/2121/983 1497/2122/983
f 1497/2122/984 1414/2121/984 1413/2123/984
f 1497/2122/985 1413/2123/985 1498/2124/985
f 1498/2124/986 1413/2123/986 1412/2125/986
f 1498/2124/987 1412/2125/987 1477/2081/987
f 1477/2081/988 1412/2125/988 1411/2126/988
f 1477/2081/989 1411/2126/989 1410/2082/989
f 1499/2127/990 1500/2128/990 1501/2129/990
f 1439/1986/991 1438/1984/991 1502/2130/991
f 1432/1973/992 1431/1971/992 1503/2131/992
f 1432/1973/993 1500/2128/993 1433/1975/993
f 1433/1975/994 1500/2128/994 1499/2127/994
f 1433/1975/995 1499/2127/995 1434/1976/995
f 1434/1976/996 1499/2127/996 1430/1968/996
f 1504/2132/997 1436/1978/997 1505/2133/997
f 1505/2133/998 1436/1978/998 1435/1977/998
f 1502/2130/999 1438/1984/999 1504/2134/999
f 1504/2134/1000 1438/1984/1000 1437/1982/1000
f 1504/2134/1001 1437/1982/1001 1436/1981/1001
f 1440/1988/1002 1506/2135/1002 1441/1990/1002
f 1441/1990/1002 1506/2135/1002 1507/2136/1002
f 1441/1990/1003 1507/2136/1003 1442/1992/1003
f 1442/2137/1004 1507/2138/1004 1508/2139/1004
f 1447/2004/1005 1446/2002/1005 1509/2140/1005
f 1509/2140/1006 1446/2002/1006 1445/2000/1006
f 1509/2141/1007 1445/2142/1007 1510/2143/1007
f 1510/2144/1008 1445/2000/1008 1444/1998/1008
f 1510/2144/1009 1444/1998/1009 1508/2145/1009
f 1508/2145/1009 1444/1998/1009 1443/1996/1009
f 1508/2145/1010 1443/1996/1010 1442/1995/1010
f 1511/2146/1011 1512/2147/1011 1505/2148/1011
f 1505/2148/1012 1512/2147/1012 1504/2149/1012
f 1504/2150/1013 1512/2151/1013 1513/2152/1013
f 1504/2150/1014 1513/2152/1014 1502/2153/1014
f 1514/2154/1015 1509/2141/1015 1515/2155/1015
f 1515/2155/1016 1509/2141/1016 1510/2143/1016
f 1515/2155/1017 1510/2143/1017 1516/2156/1017
f 1516/2156/1018 1510/2143/1018 1508/2139/1018
f 1516/2156/1019 1508/2139/1019 1517/2157/1019
f 1517/2157/1020 1508/2139/1020 1507/2138/1020
f 1517/2157/1021 1507/2138/1021 1518/2158/1021
f 1518/2158/1022 1507/2138/1022 1506/2159/1022
f 1518/2158/1023 1506/2159/1023 1519/2160/1023
f 1432/1973/992 1503/2131/992 1500/2128/992
f 1500/2128/1024 1503/2131/1024 1520/2161/1024
f 1500/2128/1025 1520/2161/1025 1501/2129/1025
f 1501/2162/1026 1520/2163/1026 1521/2164/1026
f 1501/2162/1027 1521/2164/1027 1522/2165/1027
f 1429/1966/1028 1430/1968/1028 1523/2166/1028
f 1523/2166/996 1430/1968/996 1499/2127/996
f 1523/2167/1029 1499/2168/1029 1524/2169/1029
f 1524/2170/1030 1499/2127/1030 1501/2129/1030
f 1524/2169/1031 1501/2162/1031 1525/2171/1031
f 1525/2171/1032 1501/2162/1032 1522/2165/1032
f 1525/2171/1033 1526/2172/1033 1524/2169/1033
f 1524/2169/1034 1526/2172/1034 1511/2146/1034
f 1524/2169/1035 1511/2146/1035 1523/2167/1035
f 1523/2167/1036 1511/2146/1036 1505/2148/1036
f 1523/2167/1037 1505/2148/1037 1429/2173/1037
f 1429/1966/1038 1505/2133/1038 1435/1977/1038
f 1526/2172/1039 1527/2174/1039 1511/2146/1039
f 1511/2146/1040 1527/2174/1040 1528/2175/1040
f 1511/2146/1041 1528/2175/1041 1512/2147/1041
f 1512/2147/1042 1528/2175/1042 1529/2176/1042
f 1512/2147/1043 1529/2176/1043 1513/2177/1043
f 1513/2152/1044 1529/2178/1044 1530/2179/1044
f 1530/2179/1045 1531/2180/1045 1513/2152/1045
f 1513/2152/1046 1531/2180/1046 1519/2160/1046
f 1513/2152/1047 1519/2160/1047 1502/2153/1047
f 1502/2153/1048 1519/2160/1048 1506/2159/1048
f 1502/2130/1049 1506/2135/1049 1439/1986/1049
f 1439/1986/1050 1506/2135/1050 1440/1988/1050
f 1531/2180/1051 1532/2181/1051 1519/2160/1051
f 1519/2160/1052 1532/2181/1052 1533/2182/1052
f 1519/2160/1053 1533/2182/1053 1518/2158/1053
f 1518/2158/1054 1533/2182/1054 1534/2183/1054
f 1518/2158/1055 1534/2183/1055 1517/2157/1055
f 1517/2157/1056 1534/2183/1056 1535/2184/1056
f 1517/2157/1057 1535/2184/1057 1516/2156/1057
f 1535/2184/1058 1536/2185/1058 1516/2156/1058
f 1516/2156/1059 1536/2185/1059 1537/2186/1059
f 1516/2156/1060 1537/2186/1060 1515/2155/1060
f 1515/2155/1061 1537/2186/1061 1538/2187/1061
f 1515/2155/1062 1538/2187/1062 1514/2154/1062
f 1514/2154/1063 1538/2187/1063 1539/2188/1063
f 1514/2154/1064 1539/2188/1064 1540/2189/1064
f 1447/2004/1065 1509/2140/1065 1541/2190/1065
f 1541/2191/1066 1509/2141/1066 1514/2154/1066
f 1541/2191/1066 1514/2154/1066 1542/2192/1066
f 1542/2192/1067 1514/2154/1067 1540/2189/1067
f 1542/2192/1068 1540/2189/1068 1543/2193/1068
f 1544/2194/1069 1545/2195/1069 1546/2196/1069
f 1547/2197/1070 1548/2198/1070 1549/2199/1070
f 1550/2200/1071 1449/2008/1071 1551/2201/1071
f 1551/2201/1072 1449/2008/1072 1448/2006/1072
f 1551/2201/1073 1448/2006/1073 1552/2202/1073
f 1542/2192/1074 1543/2193/1074 1553/2203/1074
f 1553/2203/1075 1543/2193/1075 1554/2204/1075
f 1553/2203/1076 1554/2204/1076 1555/2205/1076
f 1555/2205/1077 1554/2204/1077 1556/2206/1077
f 1555/2205/1078 1556/2206/1078 1557/2207/1078
f 1557/2207/1079 1556/2206/1079 1558/2208/1079
f 1557/2207/1080 1558/2208/1080 1559/2209/1080
f 1559/2209/1081 1558/2208/1081 1560/2210/1081
f 1454/2211/1082 1453/2212/1082 1561/2213/1082
f 1561/2213/1083 1453/2212/1083 1452/2214/1083
f 1561/2213/1084 1452/2214/1084 1562/2215/1084
f 1562/2215/1084 1452/2214/1084 1451/2216/1084
f 1562/2215/1085 1451/2216/1085 1550/2217/1085
f 1550/2200/1085 1451/2011/1085 1450/2009/1085
f 1550/2200/1086 1450/2009/1086 1449/2008/1086
f 1561/2218/1087 1563/2219/1087 1454/2020/1087
f 1454/2020/1088 1563/2219/1088 1564/2220/1088
f 1454/2020/1089 1564/2220/1089 1455/2024/1089
f 1455/2024/1090 1564/2220/1090 1565/2221/1090
f 1546/2196/1091 1545/2195/1091 1566/2222/1091
f 1566/2222/1092 1545/2195/1092 1567/2223/1092
f 1566/2222/1093 1567/2223/1093 1568/2224/1093
f 1568/2224/1094 1567/2223/1094 1569/2225/1094
f 1568/2226/1095 1569/2227/1095 1570/2228/1095
f 1570/2228/1096 1569/2227/1096 1571/2229/1096
f 1570/2228/1097 1571/2229/1097 1572/2230/1097
f 1572/2230/1098 1571/2229/1098 1573/2231/1098
f 1572/2230/1099 1573/2231/1099 1574/2232/1099
f 1574/2232/1100 1573/2231/1100 1575/2233/1100
f 1574/2232/1101 1575/2233/1101 1576/2234/1101
f 1576/2234/1102 1575/2233/1102 1577/2235/1102
f 1576/2234/1103 1577/2235/1103 1560/2236/1103
f 1560/2236/1104 1577/2235/1104 1578/2237/1104
f 1560/2210/1105 1578/2238/1105 1559/2209/1105
f 1579/2239/1106 1461/2042/1106 1580/2240/1106
f 1580/2241/1107 1461/2242/1107 1460/2243/1107
f 1580/2241/1108 1460/2243/1108 1581/2244/1108
f 1581/2244/1109 1460/2243/1109 1459/2037/1109
f 1581/2244/1110 1459/2037/1110 1582/2245/1110
f 1582/2245/1111 1459/2037/1111 1458/2033/1111
f 1582/2245/1112 1458/2033/1112 1583/2246/1112
f 1583/2246/1112 1458/2033/1112 1457/2031/1112
f 1583/2246/1113 1457/2031/1113 1565/2221/1113
f 1565/2221/1114 1457/2031/1114 1456/2028/1114
f 1565/2221/1115 1456/2028/1115 1455/2024/1115
f 1584/2247/1116 1466/2053/1116 1585/2248/1116
f 1585/2248/1117 1466/2053/1117 1465/2051/1117
f 1585/2248/1118 1465/2051/1118 1586/2249/1118
f 1586/2249/1119 1465/2051/1119 1464/2049/1119
f 1586/2249/1120 1464/2049/1120 1587/2250/1120
f 1587/2250/1120 1464/2049/1120 1463/2048/1120
f 1587/2251/1121 1463/2046/1121 1579/2239/1121
f 1579/2239/1122 1463/2046/1122 1462/2044/1122
f 1579/2239/1123 1462/2044/1123 1461/2042/1123
f 1552/2252/1124 1588/2253/1124 1551/2254/1124
f 1551/2254/1125 1588/2253/1125 1589/2255/1125
f 1551/2201/1126 1589/2256/1126 1550/2200/1126
f 1550/2200/1126 1589/2256/1126 1590/2257/1126
f 1550/2200/1127 1590/2257/1127 1562/2258/1127
f 1562/2215/1128 1590/2259/1128 1591/2260/1128
f 1562/2215/1129 1591/2260/1129 1561/2213/1129
f 1561/2213/1130 1591/2260/1130 1592/2261/1130
f 1561/2213/1131 1592/2261/1131 1563/2262/1131
f 1563/2219/1131 1592/2263/1131 1593/2264/1131
f 1563/2219/1132 1593/2264/1132 1564/2220/1132
f 1564/2220/1133 1593/2264/1133 1594/2265/1133
f 1564/2266/1134 1594/2267/1134 1565/2268/1134
f 1565/2268/1135 1594/2267/1135 1595/2269/1135
f 1565/2268/1136 1595/2269/1136 1583/2270/1136
f 1583/2270/1136 1595/2269/1136 1596/2271/1136
f 1583/2270/1137 1596/2271/1137 1582/2272/1137
f 1582/2272/1138 1596/2271/1138 1597/2273/1138
f 1582/2272/1139 1597/2273/1139 1581/2274/1139
f 1581/2275/1140 1597/2276/1140 1598/2277/1140
f 1581/2275/1141 1598/2277/1141 1580/2278/1141
f 1580/2278/1142 1598/2277/1142 1599/2279/1142
f 1580/2278/1143 1599/2279/1143 1579/2280/1143
f 1579/2280/1143 1599/2279/1143 1600/2281/1143
f 1579/2280/1144 1600/2281/1144 1587/2282/1144
f 1587/2282/1144 1600/2281/1144 1601/2283/1144
f 1587/2282/1145 1601/2283/1145 1586/2284/1145
f 1586/2284/1146 1601/2283/1146 1602/2285/1146
f 1586/2284/1147 1602/2285/1147 1585/2286/1147
f 1585/2286/1147 1602/2285/1147 1603/2287/1147
f 1585/2286/1148 1603/2287/1148 1584/2288/1148
f 1584/2288/1149 1603/2287/1149 1604/2289/1149
f 1605/2290/1150 1604/2289/1150 1606/2291/1150
f 1606/2291/1151 1604/2289/1151 1603/2287/1151
f 1606/2291/1152 1603/2287/1152 1607/2292/1152
f 1607/2292/1153 1603/2287/1153 1602/2285/1153
f 1607/2292/1154 1602/2285/1154 1608/2293/1154
f 1608/2293/1155 1602/2285/1155 1601/2283/1155
f 1608/2293/1156 1601/2283/1156 1544/2194/1156
f 1544/2194/1157 1601/2283/1157 1600/2281/1157
f 1544/2194/1158 1600/2281/1158 1545/2195/1158
f 1545/2195/1159 1600/2281/1159 1599/2279/1159
f 1545/2195/1160 1599/2279/1160 1567/2223/1160
f 1567/2223/1161 1599/2279/1161 1598/2277/1161
f 1567/2223/1162 1598/2277/1162 1569/2225/1162
f 1569/2227/1163 1598/2294/1163 1597/2273/1163
f 1569/2227/1164 1597/2273/1164 1571/2229/1164
f 1571/2229/1165 1597/2273/1165 1596/2271/1165
f 1571/2229/1166 1596/2271/1166 1573/2231/1166
f 1573/2231/1167 1596/2271/1167 1595/2269/1167
f 1573/2231/1168 1595/2269/1168 1575/2233/1168
f 1575/2233/1168 1595/2269/1168 1594/2267/1168
f 1575/2233/1169 1594/2267/1169 1577/2235/1169
f 1577/2235/1170 1594/2267/1170 1593/2295/1170
f 1577/2235/1171 1593/2295/1171 1578/2237/1171
f 1578/2237/1172 1593/2295/1172 1592/2296/1172
f 1578/2238/1173 1592/2297/1173 1559/2209/1173
f 1559/2209/1174 1592/2297/1174 1591/2298/1174
f 1559/2209/1175 1591/2298/1175 1557/2207/1175
f 1557/2207/1176 1591/2298/1176 1590/2299/1176
f 1557/2207/1177 1590/2299/1177 1555/2205/1177
f 1555/2205/1178 1590/2299/1178 1589/2255/1178
f 1555/2205/1179 1589/2255/1179 1553/2203/1179
f 1553/2203/1179 1589/2255/1179 1588/2253/1179
f 1553/2203/1180 1588/2253/1180 1542/2192/1180
f 1542/2192/1181 1588/2253/1181 1552/2252/1181
f 1542/2192/1182 1552/2252/1182 1541/2191/1182
f 1541/2190/1183 1552/2202/1183 1448/2006/1183
f 1541/2190/1184 1448/2006/1184 1447/2004/1184
f 1546/2196/1185 1609/2300/1185 1544/2194/1185
f 1544/2194/1186 1609/2300/1186 1610/2301/1186
f 1544/2194/1187 1610/2301/1187 1608/2293/1187
f 1608/2293/1188 1610/2301/1188 1611/2302/1188
f 1608/2293/1189 1611/2302/1189 1607/2292/1189
f 1607/2292/1190 1611/2302/1190 1612/2303/1190
f 1607/2292/1191 1612/2303/1191 1606/2291/1191
f 1606/2291/1192 1612/2303/1192 1547/2197/1192
f 1606/2291/1193 1547/2197/1193 1605/2290/1193
f 1605/2290/1194 1547/2197/1194 1549/2199/1194
f 1605/2290/1195 1549/2199/1195 1604/2289/1195
f 1604/2289/1196 1549/2199/1196 1613/2304/1196
f 1604/2289/1197 1613/2304/1197 1584/2288/1197
f 1584/2305/1198 1613/2306/1198 1467/2057/1198
f 1584/2247/1199 1467/2307/1199 1466/2053/1199
f 1614/2308/1200 1615/2309/1200 1616/2310/1200
f 1617/2311/1201 1618/2312/1201 1619/2313/1201
f 1620/2314/1202 1621/2315/1202 1622/2316/1202
f 1623/2317/1203 1624/2318/1203 1625/2319/1203
f 1471/2068/1204 1470/2066/1204 1626/2320/1204
f 1470/2066/1205 1467/2057/1205 1613/2306/1205
f 1468/2059/1206 1474/2073/1206 1623/2321/1206
f 1623/2321/1207 1474/2073/1207 1473/2072/1207
f 1623/2321/1208 1473/2072/1208 1624/2322/1208
f 1624/2322/1209 1473/2072/1209 1472/2070/1209
f 1624/2322/1210 1472/2070/1210 1471/2068/1210
f 1469/2323/1211 1627/2324/1211 1628/2325/1211
f 1480/2087/1212 1481/2088/1212 1629/2326/1212
f 1629/2326/1213 1481/2088/1213 1476/2079/1213
f 1629/2327/1214 1476/2328/1214 1628/2325/1214
f 1628/2329/1215 1476/2079/1215 1475/2077/1215
f 1628/2330/1216 1475/2075/1216 1469/2063/1216
f 1477/2081/1217 1478/2083/1217 1620/2331/1217
f 1620/2331/1218 1478/2083/1218 1479/2085/1218
f 1620/2314/1219 1479/2332/1219 1621/2315/1219
f 1621/2333/1220 1479/2085/1220 1480/2087/1220
f 1498/2124/1221 1630/2334/1221 1497/2122/1221
f 1497/2122/1221 1630/2334/1221 1631/2335/1221
f 1497/2122/1222 1631/2335/1222 1496/2120/1222
f 1496/2120/1222 1631/2335/1222 1632/2336/1222
f 1496/2120/1223 1632/2336/1223 1495/2118/1223
f 1491/2110/1224 1492/2112/1224 1617/2337/1224
f 1617/2337/1225 1492/2112/1225 1493/2114/1225
f 1617/2311/1226 1493/2338/1226 1618/2312/1226
f 1618/2339/1227 1493/2114/1227 1494/2116/1227
f 1618/2339/1228 1494/2116/1228 1495/2118/1228
f 1490/2340/1229 1633/2341/1229 1634/2342/1229
f 1486/2098/1230 1487/2100/1230 1635/2343/1230
f 1635/2344/1231 1487/2101/1231 1488/2104/1231
f 1635/2345/1232 1488/2346/1232 1634/2342/1232
f 1634/2347/1233 1488/2104/1233 1489/2106/1233
f 1634/2347/1234 1489/2106/1234 1490/2108/1234
f 1483/2091/1235 1484/2095/1235 1614/2348/1235
f 1614/2348/1236 1484/2095/1236 1485/2096/1236
f 1614/2348/1237 1485/2096/1237 1615/2349/1237
f 1615/2349/1238 1485/2096/1238 1486/2098/1238
f 1431/1971/1239 1482/2089/1239 1636/2350/1239
f 1470/2066/1240 1613/2306/1240 1626/2320/1240
f 1626/2351/1241 1613/2304/1241 1549/2199/1241
f 1626/2351/1242 1549/2199/1242 1637/2352/1242
f 1638/2353/1243 1629/2327/1243 1639/2354/1243
f 1639/2354/1244 1629/2327/1244 1628/2325/1244
f 1639/2354/1245 1628/2325/1245 1640/2355/1245
f 1640/2356/1246 1628/2357/1246 1627/2358/1246
f 1640/2356/1247 1627/2358/1247 1641/2359/1247
f 1642/2360/1248 1632/2361/1248 1643/2362/1248
f 1643/2362/1248 1632/2361/1248 1631/2363/1248
f 1643/2362/1249 1631/2363/1249 1644/2364/1249
f 1644/2364/1249 1631/2363/1249 1630/2365/1249
f 1644/2366/1250 1630/2367/1250 1645/2368/1250
f 1646/2369/1251 1635/2345/1251 1647/2370/1251
f 1647/2370/1252 1635/2345/1252 1634/2342/1252
f 1647/2370/1253 1634/2342/1253 1648/2371/1253
f 1648/2371/1254 1634/2342/1254 1633/2341/1254
f 1648/2371/1255 1633/2341/1255 1649/2372/1255
f 1650/2373/1256 1651/2374/1256 1636/2375/1256
f 1431/1971/1257 1636/2350/1257 1503/2131/1257
f 1503/2131/1258 1636/2350/1258 1651/2376/1258
f 1503/2131/1259 1651/2376/1259 1520/2161/1259
f 1549/2199/1260 1548/2198/1260 1637/2352/1260
f 1637/2352/1260 1548/2198/1260 1652/2377/1260
f 1637/2352/1261 1652/2377/1261 1653/2378/1261
f 1471/2379/1262 1626/2351/1262 1624/2380/1262
f 1624/2380/1263 1626/2351/1263 1637/2352/1263
f 1624/2380/1264 1637/2352/1264 1625/2381/1264
f 1625/2381/1265 1637/2352/1265 1653/2378/1265
f 1625/2381/1266 1653/2378/1266 1654/2382/1266
f 1469/2063/1267 1468/2062/1267 1627/2383/1267
f 1627/2384/1206 1468/2059/1206 1623/2321/1206
f 1627/2358/1268 1623/2317/1268 1641/2359/1268
f 1641/2359/1269 1623/2317/1269 1625/2319/1269
f 1641/2359/1270 1625/2319/1270 1655/2385/1270
f 1655/2385/1271 1625/2319/1271 1654/2386/1271
f 1655/2385/1272 1656/2387/1272 1641/2359/1272
f 1641/2359/1273 1656/2387/1273 1657/2388/1273
f 1641/2359/1274 1657/2388/1274 1640/2356/1274
f 1640/2356/1275 1657/2388/1275 1658/2389/1275
f 1640/2356/1276 1658/2389/1276 1639/2390/1276
f 1639/2354/1276 1658/2391/1276 1659/2392/1276
f 1639/2354/1277 1659/2392/1277 1638/2353/1277
f 1638/2353/1277 1659/2392/1277 1660/2393/1277
f 1638/2353/1278 1660/2393/1278 1661/2394/1278
f 1480/2087/1279 1629/2326/1279 1621/2333/1279
f 1621/2315/1280 1629/2327/1280 1638/2353/1280
f 1621/2315/1281 1638/2353/1281 1622/2316/1281
f 1622/2316/1282 1638/2353/1282 1661/2394/1282
f 1622/2316/1283 1661/2394/1283 1662/2395/1283
f 1498/2124/1284 1477/2081/1284 1630/2334/1284
f 1630/2367/1285 1477/2396/1285 1620/2314/1285
f 1630/2367/1286 1620/2314/1286 1645/2368/1286
f 1645/2368/1287 1620/2314/1287 1622/2316/1287
f 1645/2368/1288 1622/2316/1288 1663/2397/1288
f 1663/2397/1289 1622/2316/1289 1662/2395/1289
f 1663/2397/1290 1664/2398/1290 1645/2368/1290
f 1645/2368/1291 1664/2398/1291 1665/2399/1291
f 1645/2368/1292 1665/2399/1292 1644/2366/1292
f 1644/2366/1293 1665/2399/1293 1666/2400/1293
f 1644/2364/1294 1666/2401/1294 1643/2362/1294
f 1643/2362/1294 1666/2401/1294 1667/2402/1294
f 1643/2362/1295 1667/2402/1295 1642/2360/1295
f 1642/2360/1295 1667/2402/1295 1668/2403/1295
f 1642/2360/1296 1668/2403/1296 1669/2404/1296
f 1495/2405/1297 1632/2361/1297 1618/2312/1297
f 1618/2312/1298 1632/2361/1298 1642/2360/1298
f 1618/2312/1298 1642/2360/1298 1619/2313/1298
f 1619/2313/1299 1642/2360/1299 1669/2404/1299
f 1619/2313/1300 1669/2404/1300 1670/2406/1300
f 1670/2406/1301 1671/2407/1301 1619/2313/1301
f 1619/2313/1302 1671/2407/1302 1649/2408/1302
f 1619/2313/1303 1649/2408/1303 1617/2311/1303
f 1617/2311/1304 1649/2408/1304 1633/2409/1304
f 1617/2337/1224 1633/2410/1224 1491/2110/1224
f 1491/2110/1305 1633/2410/1305 1490/2108/1305
f 1671/2407/1306 1672/2411/1306 1649/2408/1306
f 1649/2408/1307 1672/2411/1307 1673/2412/1307
f 1649/2372/1308 1673/2413/1308 1648/2371/1308
f 1648/2371/1309 1673/2413/1309 1674/2414/1309
f 1648/2371/1310 1674/2414/1310 1647/2370/1310
f 1647/2370/1310 1674/2414/1310 1675/2415/1310
f 1647/2370/1311 1675/2415/1311 1646/2369/1311
f 1646/2369/1312 1675/2415/1312 1676/2416/1312
f 1646/2369/1313 1676/2416/1313 1677/2417/1313
f 1486/2098/1314 1635/2343/1314 1615/2349/1314
f 1615/2309/1315 1635/2345/1315 1646/2369/1315
f 1615/2309/1316 1646/2369/1316 1616/2310/1316
f 1616/2310/1317 1646/2369/1317 1677/2417/1317
f 1616/2310/1318 1677/2417/1318 1678/2418/1318
f 1678/2418/1319 1679/2419/1319 1616/2310/1319
f 1616/2310/1320 1679/2419/1320 1650/2373/1320
f 1616/2310/1321 1650/2373/1321 1614/2308/1321
f 1614/2308/1322 1650/2373/1322 1636/2375/1322
f 1614/2308/1323 1636/2375/1323 1483/2420/1323
f 1483/2091/1324 1636/2350/1324 1482/2089/1324
f 1521/2421/1325 1520/2422/1325 1680/2423/1325
f 1680/2423/1325 1520/2422/1325 1651/2374/1325
f 1680/2423/1326 1651/2374/1326 1681/2424/1326
f 1681/2424/1327 1651/2374/1327 1650/2373/1327
f 1681/2424/1328 1650/2373/1328 1682/2425/1328
f 1682/2425/1329 1650/2373/1329 1679/2419/1329
f 1253/1638/1330 1254/1639/1330 1255/2426/1330
f 1255/2426/1330 1254/1639/1330 1683/2427/1330
f 1255/2426/1331 1683/2427/1331 1260/2428/1331
f 1260/2428/1331 1683/2427/1331 1684/2429/1331
f 1260/1650/1332 1684/2430/1332 1259/1649/1332
f 1259/1649/1332 1684/2430/1332 1685/2431/1332
f 1259/1649/1333 1685/2431/1333 1257/1647/1333
f 1257/1647/1333 1685/2431/1333 1686/2432/1333
f 1257/1647/1334 1686/2432/1334 1258/1648/1334
f 1258/1648/1334 1686/2432/1334 1687/2433/1334
f 1258/2434/1335 1687/2435/1335 1256/2436/1335
f 1256/2436/1335 1687/2435/1335 1688/2437/1335
f 1256/2436/1336 1688/2437/1336 1241/1622/1336
f 1241/1622/1336 1688/2437/1336 1242/1623/1336
f 1217/1586/1337 1689/2438/1337 1218/1587/1337
f 1218/1587/1338 1689/2438/1338 1240/2439/1338
f 1689/2438/1339 1690/2440/1339 1240/2439/1339
f 1240/2439/1340 1690/2440/1340 1691/2441/1340
f 1240/2439/1341 1691/2441/1341 1239/2442/1341
f 1691/2443/1342 1692/2444/1342 1239/1620/1342
f 1239/1620/1343 1692/2444/1343 1693/2445/1343
f 1239/1620/1344 1693/2445/1344 1237/1618/1344
f 1693/2445/1345 1694/2446/1345 1237/1618/1345
f 1237/1618/1346 1694/2446/1346 1695/2447/1346
f 1237/1618/1347 1695/2447/1347 1238/1619/1347
f 1695/2447/1348 1696/2448/1348 1238/1619/1348
f 1238/1619/1349 1696/2448/1349 1697/2449/1349
f 1238/2450/1350 1697/2451/1350 1236/2452/1350
f 1224/1593/1351 1223/1592/1351 1698/2453/1351
f 1698/2453/1352 1223/1592/1352 1236/2452/1352
f 1698/2453/1353 1236/2452/1353 1699/2454/1353
f 1699/2454/1354 1236/2452/1354 1697/2451/1354
f 1700/2455/1355 1182/2456/1355 1701/2457/1355
f 1700/2455/1356 1701/2457/1356 1702/2458/1356
f 1702/2458/1357 1701/2457/1357 1703/2459/1357
f 1702/2458/1358 1703/2459/1358 1704/2460/1358
f 1704/2460/1359 1703/2459/1359 1705/2461/1359
f 1705/2461/1360 1703/2459/1360 1706/2462/1360
f 1705/2461/1361 1706/2462/1361 1707/2463/1361
f 1707/2464/1362 1706/2465/1362 1708/2466/1362
f 1707/2464/1363 1708/2466/1363 1709/2467/1363
f 1709/2467/1364 1708/2466/1364 1710/2468/1364
f 1710/2468/1365 1708/2466/1365 1711/2469/1365
f 1710/2468/1366 1711/2469/1366 1712/2470/1366
f 1712/2470/1367 1711/2469/1367 1713/2471/1367
f 1712/2470/1368 1713/2471/1368 1714/2472/1368
f 1714/2472/1369 1713/2471/1369 1192/2473/1369
f 1714/2472/1370 1192/2473/1370 1715/2474/1370
f 1716/2475/1371 1211/2476/1371 1717/2477/1371
f 1718/2478/1372 1200/2479/1372 1719/2480/1372
f 1719/2480/1373 1200/2479/1373 1720/2481/1373
f 1719/2480/1374 1720/2481/1374 1721/2482/1374
f 1722/2483/1375 1723/2484/1375 1724/2485/1375
f 1724/2485/1376 1723/2484/1376 1725/2486/1376
f 1724/2485/1377 1725/2486/1377 1721/2482/1377
f 1721/2482/1378 1725/2486/1378 1726/2487/1378
f 1721/2482/1379 1726/2487/1379 1719/2480/1379
f 1717/2477/1380 1727/2488/1380 1716/2475/1380
f 1716/2489/1381 1727/2490/1381 1728/2491/1381
f 1716/2489/1382 1728/2491/1382 1729/2492/1382
f 1729/2492/1383 1728/2491/1383 1730/2493/1383
f 1729/2492/1384 1730/2493/1384 1722/2494/1384
f 1722/2494/1385 1730/2493/1385 1731/2495/1385
f 1722/2483/1386 1731/2496/1386 1723/2484/1386
f 1732/2497/1387 1733/2498/1387 1213/2499/1387
f 1213/2499/1388 1733/2498/1388 1211/2476/1388
f 1211/2476/1389 1733/2498/1389 1734/2500/1389
f 1211/2476/1390 1734/2500/1390 1717/2477/1390
f 1732/2497/1391 1213/2499/1391 1735/2501/1391
f 1735/2501/1392 1213/2499/1392 1215/2502/1392
f 1735/2501/1393 1215/2502/1393 1736/2503/1393
f 1736/2503/1394 1215/2502/1394 1216/2504/1394
f 1736/2503/1395 1216/2504/1395 1737/2505/1395
f 1737/2506/1396 1216/2507/1396 1209/2508/1396
f 1737/2506/1397 1209/2508/1397 1738/2509/1397
f 1738/2509/1398 1209/2508/1398 1208/2510/1398
f 1738/2509/1399 1208/2510/1399 1739/2511/1399
f 1739/2511/1400 1208/2510/1400 1207/1572/1400
f 1739/2511/1401 1207/1572/1401 1740/2512/1401
f 1207/1572/1402 1205/1571/1402 1740/2512/1402
f 1740/2512/1403 1205/1571/1403 1204/1565/1403
f 1740/2512/1404 1204/1565/1404 1741/2513/1404
f 1741/2513/1405 1204/1565/1405 1202/1564/1405
f 1202/1564/1406 1201/2514/1406 1741/2513/1406
f 1741/2513/1407 1201/2514/1407 1200/2515/1407
f 1741/2513/1408 1200/2515/1408 1718/2516/1408
f 1184/2517/1409 1182/2456/1409 1700/2455/1409
f 1194/2518/1410 1742/2519/1410 1192/2520/1410
f 1192/2520/1411 1742/2519/1411 1743/2521/1411
f 1192/2522/1412 1743/2523/1412 1715/2524/1412
f 1744/2525/1413 1745/2526/1413 1190/2527/1413
f 1190/2527/1414 1745/2526/1414 1746/2528/1414
f 1190/2527/1415 1746/2528/1415 1197/2529/1415
f 1197/2529/1416 1746/2528/1416 1747/2530/1416
f 1197/2529/1417 1747/2530/1417 1196/2531/1417
f 1196/2531/1418 1747/2530/1418 1748/2532/1418
f 1196/2531/1419 1748/2532/1419 1194/2518/1419
f 1194/2518/1420 1748/2532/1420 1749/2533/1420
f 1194/2518/1421 1749/2533/1421 1742/2519/1421
f 1700/2455/1422 1750/2534/1422 1184/2517/1422
f 1184/2535/1423 1750/2536/1423 1751/2537/1423
f 1184/2535/1424 1751/2537/1424 1186/2538/1424
f 1186/2538/1425 1751/2537/1425 1744/2539/1425
f 1186/2538/1426 1744/2539/1426 1188/2540/1426
f 1188/2541/1427 1744/2525/1427 1190/2527/1427
f 1752/2542/1428 676/2543/1428 1753/2544/1428
f 1752/2542/1429 1753/2544/1429 1754/2545/1429
f 1754/2545/1430 1753/2544/1430 1755/2546/1430
f 1754/2545/1431 1755/2546/1431 1756/2547/1431
f 1756/2547/1432 1755/2546/1432 1757/2548/1432
f 1757/2548/1433 1755/2546/1433 1758/2549/1433
f 1757/2548/1434 1758/2549/1434 1759/2550/1434
f 820/2551/1435 1760/2552/1435 1761/2553/1435
f 1761/2553/1436 1760/2552/1436 1762/2554/1436
f 1761/2553/1437 1762/2554/1437 1758/2549/1437
f 1758/2549/1438 1762/2554/1438 1763/2555/1438
f 1758/2549/1439 1763/2555/1439 1759/2550/1439
f 1764/2556/1440 1548/2198/1440 1547/2197/1440
f 1764/2556/1441 1547/2197/1441 1765/2557/1441
f 1547/2197/1442 1612/2303/1442 1765/2557/1442
f 1765/2557/1443 1612/2303/1443 1611/2302/1443
f 1765/2557/1444 1611/2302/1444 1766/2558/1444
f 1766/2558/1445 1611/2302/1445 1610/2301/1445
f 1610/2301/1446 1609/2300/1446 1766/2558/1446
f 1766/2558/1447 1609/2300/1447 1546/2196/1447
f 1766/2558/1448 1546/2196/1448 1767/2559/1448
f 1546/2196/1449 1566/2222/1449 1767/2559/1449
f 1767/2559/1450 1566/2222/1450 1568/2224/1450
f 1767/2560/1451 1568/2226/1451 1768/2561/1451
f 1768/2561/1452 1568/2226/1452 1570/2228/1452
f 1570/2228/1453 1572/2230/1453 1768/2561/1453
f 1768/2561/1454 1572/2230/1454 1574/2232/1454
f 1768/2561/1455 1574/2232/1455 1769/2562/1455
f 1556/2206/1456 1770/2563/1456 1771/2564/1456
f 1574/2232/1457 1576/2234/1457 1769/2562/1457
f 1769/2562/1458 1576/2234/1458 1560/2236/1458
f 1769/2562/1459 1560/2236/1459 1771/2565/1459
f 1771/2564/1460 1560/2210/1460 1558/2208/1460
f 1771/2564/1461 1558/2208/1461 1556/2206/1461
f 1556/2206/1462 1554/2204/1462 1770/2563/1462
f 1770/2563/1463 1554/2204/1463 1543/2193/1463
f 1770/2563/1464 1543/2193/1464 1772/2566/1464
f 1543/2193/1465 1540/2189/1465 1772/2566/1465
f 1772/2566/1466 1540/2189/1466 1539/2188/1466
f 1772/2566/1467 1539/2188/1467 1773/2567/1467
f 1773/2567/1468 1539/2188/1468 1538/2187/1468
f 1534/2183/1469 1774/2568/1469 1775/2569/1469
f 1538/2187/1470 1537/2186/1470 1773/2567/1470
f 1773/2567/1471 1537/2186/1471 1536/2185/1471
f 1773/2567/1472 1536/2185/1472 1775/2569/1472
f 1775/2569/1473 1536/2185/1473 1535/2184/1473
f 1775/2569/1474 1535/2184/1474 1534/2183/1474
f 1531/2180/1475 1776/2570/1475 1532/2181/1475
f 1532/2181/1476 1776/2570/1476 1774/2568/1476
f 1532/2181/1477 1774/2568/1477 1533/2182/1477
f 1533/2182/1478 1774/2568/1478 1534/2183/1478
f 1531/2180/1479 1530/2179/1479 1776/2570/1479
f 1776/2571/1480 1530/2572/1480 1529/2176/1480
f 1776/2571/1481 1529/2176/1481 1777/2573/1481
f 1526/2172/1482 1778/2574/1482 1527/2174/1482
f 1527/2174/1483 1778/2574/1483 1777/2573/1483
f 1527/2174/1484 1777/2573/1484 1528/2175/1484
f 1528/2175/1485 1777/2573/1485 1529/2176/1485
f 1521/2164/1486 1779/2575/1486 1522/2165/1486
f 1522/2165/1487 1779/2575/1487 1778/2574/1487
f 1522/2165/1488 1778/2574/1488 1525/2171/1488
f 1525/2171/1489 1778/2574/1489 1526/2172/1489
f 1780/2576/1490 1667/2402/1490 1781/2577/1490
f 1781/2577/1491 1667/2402/1491 1666/2401/1491
f 1781/2578/1492 1666/2400/1492 1782/2579/1492
f 1782/2579/1493 1666/2400/1493 1665/2399/1493
f 1782/2579/1494 1665/2399/1494 1783/2580/1494
f 1783/2580/1494 1665/2399/1494 1664/2398/1494
f 1783/2580/1495 1664/2398/1495 1784/2581/1495
f 1784/2581/1495 1664/2398/1495 1663/2397/1495
f 1784/2581/1496 1663/2397/1496 1785/2582/1496
f 1785/2582/1497 1663/2397/1497 1662/2395/1497
f 1785/2582/1498 1662/2395/1498 1786/2583/1498
f 1662/2395/1499 1661/2394/1499 1786/2583/1499
f 1786/2583/1500 1661/2394/1500 1660/2393/1500
f 1786/2583/1501 1660/2393/1501 1787/2584/1501
f 1787/2584/1502 1660/2393/1502 1659/2392/1502
f 1787/2584/1503 1659/2392/1503 1788/2585/1503
f 1788/2585/1504 1659/2392/1504 1789/2586/1504
f 1789/2587/1504 1659/2588/1504 1658/2389/1504
f 1789/2587/1505 1658/2389/1505 1790/2589/1505
f 1790/2589/1505 1658/2389/1505 1657/2388/1505
f 1790/2589/1506 1657/2388/1506 1791/2590/1506
f 1791/2590/1507 1657/2388/1507 1656/2387/1507
f 1791/2590/1508 1656/2387/1508 1792/2591/1508
f 1656/2387/1509 1655/2385/1509 1792/2591/1509
f 1792/2591/1510 1655/2385/1510 1654/2386/1510
f 1792/2592/1511 1654/2382/1511 1793/2593/1511
f 1548/2198/1512 1764/2556/1512 1652/2377/1512
f 1652/2377/1513 1764/2556/1513 1793/2593/1513
f 1652/2377/1514 1793/2593/1514 1653/2378/1514
f 1653/2378/1515 1793/2593/1515 1654/2382/1515
f 1779/2594/1516 1521/2421/1516 1794/2595/1516
f 1794/2595/1517 1521/2421/1517 1680/2423/1517
f 1680/2423/1518 1681/2424/1518 1794/2595/1518
f 1794/2595/1519 1681/2424/1519 1682/2425/1519
f 1794/2595/1520 1682/2425/1520 1795/2596/1520
f 1795/2596/1521 1682/2425/1521 1679/2419/1521
f 1795/2596/1522 1679/2419/1522 1796/2597/1522
f 1796/2597/1523 1679/2419/1523 1678/2418/1523
f 1796/2597/1524 1678/2418/1524 1797/2598/1524
f 1797/2598/1525 1678/2418/1525 1677/2417/1525
f 1797/2598/1526 1677/2417/1526 1798/2599/1526
f 1798/2599/1526 1677/2417/1526 1676/2416/1526
f 1798/2599/1527 1676/2416/1527 1799/2600/1527
f 1799/2600/1527 1676/2416/1527 1675/2415/1527
f 1799/2600/1528 1675/2415/1528 1800/2601/1528
f 1800/2601/1529 1675/2415/1529 1801/2602/1529
f 1675/2415/1530 1674/2414/1530 1801/2602/1530
f 1801/2602/1531 1674/2414/1531 1673/2413/1531
f 1801/2602/1532 1673/2413/1532 1802/2603/1532
f 1802/2604/1533 1673/2412/1533 1672/2411/1533
f 1802/2604/1534 1672/2411/1534 1803/2605/1534
f 1803/2605/1535 1672/2411/1535 1671/2407/1535
f 1803/2605/1536 1671/2407/1536 1804/2606/1536
f 1804/2606/1536 1671/2407/1536 1670/2406/1536
f 1804/2606/1537 1670/2406/1537 1805/2607/1537
f 1668/2403/1538 1667/2402/1538 1780/2576/1538
f 1670/2406/1537 1669/2404/1537 1805/2607/1537
f 1805/2607/1539 1669/2404/1539 1668/2403/1539
f 1805/2607/1540 1668/2403/1540 1806/2608/1540
f 1806/2608/1541 1668/2403/1541 1780/2576/1541
f 1172/1528/1542 1807/2609/1542 1173/1529/1542
f 1173/1529/1543 1807/2609/1543 1808/2610/1543
f 1807/2609/1544 1809/2611/1544 1808/2610/1544
f 1808/2610/1545 1809/2611/1545 1810/2612/1545
f 1808/2610/1546 1810/2612/1546 1811/2613/1546
f 1810/2612/1547 1812/2614/1547 1811/2613/1547
f 1811/2613/1548 1812/2614/1548 1813/2615/1548
f 1811/2613/1549 1813/2615/1549 1814/2616/1549
f 1175/1531/1550 1174/1530/1550 1815/2617/1550
f 1815/2617/1551 1174/1530/1551 1814/2618/1551
f 1815/2617/1552 1814/2618/1552 1816/2619/1552
f 1816/2619/1553 1814/2618/1553 1813/2620/1553
f 1162/1518/1554 1161/1517/1554 1817/2621/1554
f 1817/2621/1555 1161/1517/1555 1818/2622/1555
f 1817/2621/1556 1818/2622/1556 1819/2623/1556
f 1819/2623/1557 1818/2622/1557 1820/2624/1557
f 1819/2625/1558 1820/2626/1558 1821/2627/1558
f 1821/2627/1559 1820/2626/1559 1822/2628/1559
f 1821/2627/1560 1822/2628/1560 1823/2629/1560
f 1823/2629/1561 1822/2628/1561 1824/2630/1561
f 1823/2629/1562 1824/2630/1562 1825/2631/1562
f 1825/2631/1563 1824/2630/1563 1826/2632/1563
f 1825/2631/1564 1826/2632/1564 1827/2633/1564
f 1827/2633/1565 1826/2632/1565 1828/2634/1565
f 1827/2633/1566 1828/2634/1566 1829/2635/1566
f 1829/2635/1567 1828/2634/1567 1830/2636/1567
f 1829/2635/1568 1830/2636/1568 1156/1512/1568
f 1156/1512/1569 1830/2636/1569 1157/1513/1569
f 1831/2637/1570 1832/2638/1570 1833/2639/1570
f 1831/2637/1571 1833/2639/1571 1834/2640/1571
f 1834/2641/1572 1833/2642/1572 1151/1505/1572
f 1834/2641/1573 1151/1505/1573 1150/1504/1573
f 1832/2643/1574 1831/2644/1574 1835/2645/1574
f 1835/2645/1574 1831/2644/1574 1836/2646/1574
f 1835/2645/1575 1836/2646/1575 1837/2647/1575
f 1837/2647/1575 1836/2646/1575 1838/2648/1575
f 1837/2647/1576 1838/2648/1576 1839/2649/1576
f 1839/2649/1576 1838/2648/1576 1840/2650/1576
f 1839/2649/1577 1840/2650/1577 1841/2651/1577
f 1841/2651/1577 1840/2650/1577 1842/2652/1577
f 1841/2653/1578 1842/2654/1578 1843/2655/1578
f 1843/2656/1578 1842/2657/1578 1844/2658/1578
f 1843/2656/1579 1844/2658/1579 1845/2659/1579
f 1845/2659/1579 1844/2658/1579 1846/2660/1579
f 1845/2661/1580 1846/2662/1580 1847/2663/1580
f 1847/2663/1580 1846/2662/1580 1848/2664/1580
f 1847/2663/1581 1848/2664/1581 1148/2665/1581
f 1148/2665/1581 1848/2664/1581 1149/2666/1581
f 1849/2667/1582 1744/2668/1582 1751/2669/1582
f 1751/2669/1583 1750/2670/1583 1849/2667/1583
f 1849/2667/1584 1750/2670/1584 1700/2671/1584
f 1849/2667/1585 1700/2671/1585 1850/2672/1585
f 1850/2672/1586 1700/2671/1586 1702/2673/1586
f 1850/2672/1587 1702/2673/1587 1704/2674/1587
f 1704/2674/1588 1705/2675/1588 1850/2672/1588
f 1850/2672/1589 1705/2675/1589 1707/2676/1589
f 1850/2672/1590 1707/2676/1590 1851/2677/1590
f 1851/2677/1591 1707/2676/1591 1709/2678/1591
f 1709/2678/1592 1710/2679/1592 1851/2677/1592
f 1851/2677/1593 1710/2679/1593 1712/2680/1593
f 1851/2677/1594 1712/2680/1594 1852/2681/1594
f 1712/2680/1595 1714/2682/1595 1852/2681/1595
f 1852/2681/1596 1714/2682/1596 1715/2683/1596
f 1852/2681/1597 1715/2683/1597 1853/2684/1597
f 1853/2684/1598 1715/2683/1598 1743/2685/1598
f 1743/2685/1599 1742/2686/1599 1853/2684/1599
f 1853/2684/1600 1742/2686/1600 1749/2687/1600
f 1853/2684/1601 1749/2687/1601 1748/2688/1601
f 1748/2688/1602 1747/2689/1602 1853/2684/1602
f 1853/2684/1603 1747/2689/1603 1746/2690/1603
f 1853/2684/1604 1746/2690/1604 1745/2691/1604
f 1849/2667/1605 1854/2692/1605 1744/2668/1605
f 1744/2668/1606 1854/2692/1606 1855/2693/1606
f 1744/2668/1607 1855/2693/1607 1745/2691/1607
f 1745/2691/1608 1855/2693/1608 1856/2694/1608
f 1745/2691/1609 1856/2694/1609 1853/2684/1609
f 1857/2695/1610 1855/2693/1610 1854/2692/1610
f 1739/2696/1611 1740/2697/1611 1858/2698/1611
f 1858/2698/1612 1740/2697/1612 1741/2699/1612
f 1858/2698/1613 1741/2699/1613 1859/2700/1613
f 1741/2699/1614 1718/2701/1614 1859/2700/1614
f 1859/2700/1615 1718/2701/1615 1719/2702/1615
f 1859/2700/1616 1719/2702/1616 1137/1489/1616
f 1137/1489/1617 1719/2702/1617 1726/2703/1617
f 1726/2703/1618 1725/2704/1618 1137/1489/1618
f 1137/1489/1619 1725/2704/1619 1723/2705/1619
f 1137/1489/1620 1723/2705/1620 1138/1490/1620
f 1138/1490/1621 1723/2705/1621 1731/2706/1621
f 1138/1490/1622 1731/2706/1622 1730/2707/1622
f 1734/2708/1623 1733/2709/1623 1860/2710/1623
f 1730/2707/1624 1728/2711/1624 1138/1490/1624
f 1138/1490/1625 1728/2711/1625 1727/2712/1625
f 1138/1490/1626 1727/2712/1626 1860/2710/1626
f 1860/2710/1627 1727/2712/1627 1717/2713/1627
f 1860/2710/1628 1717/2713/1628 1734/2708/1628
f 1733/2709/1629 1732/2714/1629 1860/2710/1629
f 1860/2710/1630 1732/2714/1630 1735/2715/1630
f 1860/2710/1631 1735/2715/1631 1736/2716/1631
f 1858/2698/1632 1857/2695/1632 1739/2696/1632
f 1739/2696/1633 1857/2695/1633 1854/2692/1633
f 1739/2696/1634 1854/2692/1634 1738/2717/1634
f 1738/2717/1635 1854/2692/1635 1860/2710/1635
f 1738/2717/1636 1860/2710/1636 1737/2718/1636
f 1737/2718/1637 1860/2710/1637 1736/2716/1637
f 1133/1483/1638 1132/1482/1638 1861/2719/1638
f 1133/1483/1639 1861/2719/1639 1862/2720/1639
f 1862/2720/1640 1861/2719/1640 1863/2721/1640
f 1862/2720/1641 1863/2721/1641 1864/2722/1641
f 1864/2723/1642 1863/2724/1642 1850/2672/1642
f 1864/2723/1643 1850/2672/1643 1851/2677/1643
f 1865/2725/1644 1866/2726/1644 1867/2727/1644
f 1867/2727/1645 1866/2726/1645 1868/2728/1645
f 1865/2729/1646 1867/2730/1646 1869/2731/1646
f 1869/2731/1647 1867/2730/1647 1130/1480/1647
f 1869/2731/1647 1130/1480/1647 1131/1481/1647
f 1097/1430/1648 1096/1429/1648 1870/2732/1648
f 1097/1430/1649 1870/2732/1649 1871/2733/1649
f 1871/2733/1650 1870/2732/1650 1872/2734/1650
f 1871/2733/1651 1872/2734/1651 1873/2735/1651
f 1873/2736/1652 1872/2737/1652 1868/2728/1652
f 1873/2736/1653 1868/2728/1653 1866/2726/1653
f 1112/1455/1654 1113/1456/1654 1874/2738/1654
f 1875/2739/1655 1179/1535/1655 1876/2740/1655
f 1876/2740/1656 1179/1535/1656 1178/1534/1656
f 1875/2739/1657 1876/2740/1657 1877/2741/1657
f 1877/2741/1658 1876/2740/1658 1878/2742/1658
f 1877/2741/1659 1878/2742/1659 1874/2738/1659
f 1874/2738/1660 1878/2742/1660 1879/2743/1660
f 1874/2738/1661 1879/2743/1661 1112/1455/1661
f 1136/2744/1662 1114/2745/1662 908/2746/1662
f 908/2746/1662 906/2747/1662 1136/2744/1662
f 1136/2744/1663 906/2747/1663 921/2748/1663
f 1136/2744/1663 921/2748/1663 1132/2749/1663
f 1132/2749/1664 921/2748/1664 1861/2750/1664
f 1861/2750/1664 921/2748/1664 918/2751/1664
f 1861/2750/1665 918/2751/1665 1863/2752/1665
f 1863/2752/1665 918/2751/1665 919/2753/1665
f 1863/2752/1666 919/2753/1666 1850/2754/1666
f 1850/2754/1666 919/2753/1666 920/2755/1666
f 1850/2672/1667 920/2756/1667 1849/2667/1667
f 1849/2667/1667 920/2756/1667 924/2757/1667
f 1849/2667/1668 924/2757/1668 1854/2692/1668
f 1854/2692/1669 924/2757/1669 926/2758/1669
f 1854/2692/1670 926/2758/1670 1860/2710/1670
f 1860/2710/1671 926/2758/1671 927/2759/1671
f 1860/2710/1672 927/2759/1672 1138/1490/1672
f 1138/1490/1672 927/2759/1672 928/2760/1672
f 1138/2761/1673 928/1235/1673 1140/1494/1673
f 1140/1494/1673 928/1235/1673 932/1239/1673
f 1140/1494/1674 932/1239/1674 1142/1496/1674
f 1142/1496/1674 932/1239/1674 929/1236/1674
f 1142/1496/1675 929/1236/1675 1144/1498/1675
f 1144/1498/1675 929/1236/1675 930/1237/1675
f 931/1238/1676 934/1246/1676 1148/1502/1676
f 1148/1502/1676 1146/1500/1676 931/1238/1676
f 931/1238/1677 1146/1500/1677 1144/1498/1677
f 931/1238/1678 1144/1498/1678 930/1237/1678
f 893/1194/1679 1847/2762/1679 934/1246/1679
f 934/1246/1679 1847/2762/1679 1148/1502/1679
f 959/1280/1680 1832/2638/1680 957/1278/1680
f 957/1278/1680 1832/2638/1680 1835/2763/1680
f 957/2764/1681 1835/2645/1681 956/1275/1681
f 956/1275/1682 1835/2645/1682 1837/2647/1682
f 956/1275/1683 1837/2647/1683 943/1273/1683
f 1837/2647/1684 1839/2649/1684 943/1273/1684
f 943/1258/1685 1839/2765/1685 1841/2653/1685
f 943/1258/1686 1841/2653/1686 895/1259/1686
f 895/1259/1687 1841/2653/1687 1843/2655/1687
f 895/1259/1688 1843/2655/1688 893/2766/1688
f 893/1194/1689 1843/2656/1689 1845/2659/1689
f 893/1194/1690 1845/2659/1690 1847/2762/1690
f 1833/2639/1691 1832/2638/1691 959/1280/1691
f 959/1280/1691 966/1287/1691 1833/2639/1691
f 1833/2639/1692 966/1287/1692 968/1289/1692
f 1833/2639/1692 968/1289/1692 1151/2767/1692
f 1151/2767/1693 968/1289/1693 1152/1509/1693
f 1152/1509/1693 968/1289/1693 976/1297/1693
f 1152/1509/1694 976/1297/1694 1154/1510/1694
f 1154/1510/1694 976/1297/1694 971/1292/1694
f 1154/1510/1695 971/1292/1695 1156/1512/1695
f 1156/1512/1696 971/1292/1696 970/1291/1696
f 972/1293/1697 1829/2635/1697 970/1291/1697
f 970/1291/1697 1829/2635/1697 1156/1512/1697
f 982/1305/1698 981/1304/1698 1162/2768/1698
f 1162/2768/1698 1817/2769/1698 982/1305/1698
f 982/1305/1699 1817/2769/1699 1819/2770/1699
f 982/1305/1700 1819/2770/1700 977/1298/1700
f 1819/2770/1701 1821/2771/1701 977/1298/1701
f 977/2772/1702 1821/2627/1702 1823/2629/1702
f 977/2772/1703 1823/2629/1703 974/1295/1703
f 974/1295/1704 1823/2629/1704 1825/2631/1704
f 974/1295/1705 1825/2631/1705 972/1293/1705
f 972/1293/1706 1825/2631/1706 1827/2633/1706
f 972/1293/1707 1827/2633/1707 1829/2635/1707
f 986/2773/1708 1158/1514/1708 1168/1524/1708
f 1162/1518/1709 981/2774/1709 1164/1520/1709
f 1164/1520/1709 981/2774/1709 980/2775/1709
f 1164/1520/1710 980/2775/1710 1167/1523/1710
f 1167/1523/1711 980/2775/1711 983/2776/1711
f 1167/1523/1712 983/2776/1712 1168/1524/1712
f 1168/1524/1712 983/2776/1712 984/2777/1712
f 1168/1524/1708 984/2777/1708 986/2773/1708
f 991/2778/1713 1172/1528/1713 990/2779/1713
f 990/2779/1714 1172/1528/1714 1171/1527/1714
f 990/2779/1715 1171/1527/1715 988/2780/1715
f 1171/1527/1715 1170/1526/1715 988/2780/1715
f 988/2780/1716 1170/1526/1716 1158/1514/1716
f 988/2780/1716 1158/1514/1716 986/2773/1716
f 993/2781/1717 1807/2609/1717 991/2778/1717
f 991/2778/1718 1807/2609/1718 1172/1528/1718
f 1007/2782/1719 1005/2783/1719 1175/1531/1719
f 1175/1531/1720 1815/2617/1720 1007/2782/1720
f 1007/2782/1721 1815/2617/1721 1816/2619/1721
f 1007/2782/1722 1816/2619/1722 1009/2784/1722
f 1009/2784/1723 1816/2619/1723 1813/2620/1723
f 1009/2785/1724 1813/2615/1724 1010/2786/1724
f 1010/2786/1724 1813/2615/1724 1812/2614/1724
f 1010/2786/1725 1812/2614/1725 1011/2787/1725
f 1011/2787/1725 1812/2614/1725 1810/2612/1725
f 1011/2787/1726 1810/2612/1726 993/2781/1726
f 993/2781/1727 1810/2612/1727 1809/2611/1727
f 993/2781/1728 1809/2611/1728 1807/2609/1728
f 1000/2788/1729 1178/1534/1729 1180/1536/1729
f 1175/1531/1730 1005/2783/1730 1177/1533/1730
f 1177/1533/1730 1005/2783/1730 1003/2789/1730
f 1177/1533/1731 1003/2789/1731 1180/1536/1731
f 1180/1536/1732 1003/2789/1732 1001/2790/1732
f 1180/1536/1729 1001/2790/1729 1000/2788/1729
f 1178/1534/1733 1000/2788/1733 1876/2740/1733
f 1876/2740/1734 1000/2788/1734 996/2791/1734
f 1876/2740/1735 996/2791/1735 1878/2742/1735
f 1878/2742/1735 996/2791/1735 1017/2792/1735
f 1878/2742/1736 1017/2792/1736 1879/2743/1736
f 1879/2743/1737 1017/2792/1737 1015/2793/1737
f 1879/2743/1738 1015/2793/1738 1112/1455/1738
f 1112/1455/1738 1015/2793/1738 1023/2794/1738
f 1022/2795/1739 1110/2796/1739 1023/2797/1739
f 1023/2797/1739 1110/2796/1739 1112/2798/1739
f 1040/2799/1740 1039/2800/1740 1096/1429/1740
f 1096/1429/1740 1098/1431/1740 1040/2799/1740
f 1040/2799/1741 1098/1431/1741 1100/1433/1741
f 1040/2799/1742 1100/1433/1742 1018/2801/1742
f 1100/1433/1743 1102/1435/1743 1018/2801/1743
f 1018/2801/1744 1102/1435/1744 1104/1440/1744
f 1018/2801/1745 1104/1440/1745 1019/2802/1745
f 1019/2802/1746 1104/1440/1746 1106/1444/1746
f 1019/2802/1747 1106/1444/1747 1022/2803/1747
f 1022/2803/1748 1106/1444/1748 1108/2804/1748
f 1022/2795/1749 1108/1447/1749 1110/2796/1749
f 1096/1429/1750 1039/2800/1750 1870/2732/1750
f 1870/2732/1750 1039/2800/1750 1038/2805/1750
f 1870/2732/1751 1038/2805/1751 1872/2734/1751
f 1872/2734/1751 1038/2805/1751 1036/2806/1751
f 1872/2734/1752 1036/2806/1752 1868/2807/1752
f 1868/2807/1752 1036/2806/1752 1035/2808/1752
f 1033/2809/1753 1029/2810/1753 1130/1480/1753
f 1130/1480/1753 1867/2730/1753 1033/2809/1753
f 1033/2809/1754 1867/2730/1754 1868/2807/1754
f 1033/2809/1754 1868/2807/1754 1035/2808/1754
f 892/2811/1755 908/2746/1755 1114/2745/1755
f 1030/2812/1756 1128/1478/1756 1029/2810/1756
f 1029/2810/1756 1128/1478/1756 1130/1480/1756
f 1114/2745/1755 1116/2813/1755 892/2811/1755
f 892/2811/1757 1116/2813/1757 1118/1463/1757
f 892/2811/1758 1118/1463/1758 891/2814/1758
f 891/2814/1759 1118/1463/1759 1120/1465/1759
f 891/2814/1760 1120/1465/1760 1051/2815/1760
f 1051/2815/1761 1120/1465/1761 1122/1470/1761
f 1051/2815/1762 1122/1470/1762 1045/2816/1762
f 1045/2816/1763 1122/1470/1763 1124/1472/1763
f 1045/2817/1764 1124/1474/1764 1030/2812/1764
f 1030/2812/1765 1124/1474/1765 1126/1476/1765
f 1030/2812/1766 1126/1476/1766 1128/1478/1766
f 1254/1639/1767 889/2818/1767 1683/2427/1767
f 1683/2427/1767 889/2818/1767 888/2819/1767
f 1683/2820/1768 888/1189/1768 1684/2430/1768
f 1684/2430/1768 888/1189/1768 1060/1387/1768
f 1684/2430/1769 1060/1387/1769 1685/2431/1769
f 1685/2431/1770 1060/1387/1770 1058/1385/1770
f 1685/2431/1771 1058/1385/1771 1686/2432/1771
f 1686/2432/1771 1058/1385/1771 1064/1392/1771
f 1686/2432/1772 1064/1392/1772 1687/2433/1772
f 1687/2433/1772 1064/1392/1772 1063/1391/1772
f 1687/2433/1773 1063/1391/1773 1688/2821/1773
f 1688/2821/1773 1063/1391/1773 1062/1389/1773
f 1688/2437/1774 1062/2822/1774 1242/1623/1774
f 1242/1623/1774 1062/2822/1774 1061/2823/1774
f 1242/1623/1775 1061/2823/1775 1244/1625/1775
f 1244/1625/1775 1061/2823/1775 955/2824/1775
f 1244/2825/1776 955/2826/1776 1246/1629/1776
f 1246/1629/1776 955/2826/1776 942/2827/1776
f 1246/1629/1777 942/2827/1777 1248/1631/1777
f 1248/1631/1778 942/2827/1778 946/2828/1778
f 1248/1631/1779 946/2828/1779 1250/1633/1779
f 1250/1633/1779 946/2828/1779 945/2829/1779
f 1250/1633/1780 945/2829/1780 1252/2830/1780
f 1252/2830/546 945/2829/546 944/2831/546
f 1252/1637/1781 944/2832/1781 1254/1639/1781
f 1254/1639/1781 944/2832/1781 889/2818/1781
f 1049/2833/622 1044/2834/622 1224/1593/622
f 1224/1593/622 1698/2453/622 1049/2833/622
f 1049/2833/1782 1698/2453/1782 1699/2454/1782
f 1049/1376/1783 1699/2835/1783 1050/1377/1783
f 1699/2835/1784 1697/2449/1784 1050/1377/1784
f 1050/1377/1785 1697/2449/1785 1696/2448/1785
f 1050/1377/1786 1696/2448/1786 1052/1379/1786
f 1696/2448/1787 1695/2447/1787 1052/1379/1787
f 1052/1379/1788 1695/2447/1788 1694/2446/1788
f 1052/1379/1789 1694/2446/1789 1053/1380/1789
f 1053/1380/1790 1694/2446/1790 1693/2445/1790
f 1053/1380/1791 1693/2445/1791 1054/1381/1791
f 1693/2445/1792 1692/2444/1792 1054/1381/1792
f 1054/1381/1793 1692/2444/1793 1691/2443/1793
f 1054/1381/1794 1691/2443/1794 1055/1382/1794
f 1217/1586/1795 1056/2836/1795 1689/2438/1795
f 1689/2438/1795 1056/2836/1795 1055/2837/1795
f 1689/2838/1796 1055/1382/1796 1690/2839/1796
f 1690/2839/1797 1055/1382/1797 1691/2443/1797
f 1056/2836/1798 1217/1586/1798 1042/2840/1798
f 1042/2840/1781 1217/1586/1781 1219/1588/1781
f 1042/2841/1780 1219/2842/1780 1046/2843/1780
f 1219/2842/1799 1235/1607/1799 1046/2843/1799
f 1046/2843/1800 1235/1607/1800 1234/1605/1800
f 1046/2843/1779 1234/1605/1779 1047/2844/1779
f 1047/2844/1801 1234/1605/1801 1233/1604/1801
f 1233/1604/1802 1231/1602/1802 1047/2844/1802
f 1047/2844/1803 1231/1602/1803 1230/1601/1803
f 1047/2844/1804 1230/1601/1804 1048/2845/1804
f 1224/1593/1775 1044/2834/1775 1225/1594/1775
f 1225/1594/1775 1044/2834/1775 1043/2846/1775
f 1225/2847/1805 1043/2848/1805 1226/1598/1805
f 1226/1598/1806 1043/2848/1806 1048/2845/1806
f 1226/1598/1807 1048/2845/1807 1228/1599/1807
f 1228/1599/1808 1048/2845/1808 1230/1601/1808
f 1880/2849/1809 909/2850/1809 1881/2851/1809
f 1881/2851/1809 909/2850/1809 917/2852/1809
f 1881/2853/1810 917/2854/1810 1882/2855/1810
f 1882/2855/1811 917/2854/1811 916/2856/1811
f 1882/2855/1812 916/2856/1812 1883/2857/1812
f 1883/2857/1812 916/2856/1812 915/2858/1812
f 1883/2857/1813 915/2858/1813 1884/2859/1813
f 1884/2859/1813 915/2858/1813 914/2860/1813
f 1884/2859/1814 914/2860/1814 1885/2861/1814
f 1885/2861/1814 914/2860/1814 910/2862/1814
f 1885/2861/1815 910/2862/1815 1886/2863/1815
f 1886/2863/1816 910/2862/1816 911/2864/1816
f 1886/2865/1817 911/2866/1817 1887/2867/1817
f 1887/2867/1818 911/2866/1818 913/2868/1818
f 1887/2867/1819 913/2868/1819 1888/2869/1819
f 1888/2869/1819 913/2868/1819 904/2870/1819
f 1888/2871/1820 904/1206/1820 1889/2872/1820
f 1889/2872/1820 904/1206/1820 902/1204/1820
f 1889/2872/1821 902/1204/1821 1890/2873/1821
f 1890/2873/1821 902/1204/1821 901/1203/1821
f 1890/2874/1822 901/1225/1822 1891/2875/1822
f 1891/2875/1822 901/1225/1822 905/1207/1822
f 1891/2875/1823 905/1207/1823 1892/2876/1823
f 1892/2876/1823 905/1207/1823 907/1209/1823
f 1892/2877/1824 907/2878/1824 1880/2849/1824
f 1880/2849/1824 907/2878/1824 909/2850/1824
f 1893/2879/1825 1037/2880/1825 1894/2881/1825
f 1894/2881/1825 1037/2880/1825 1026/2882/1825
f 1894/2883/1826 1026/2884/1826 1895/2885/1826
f 1895/2885/1826 1026/2884/1826 1025/2886/1826
f 1895/2885/1827 1025/2886/1827 1896/2887/1827
f 1896/2887/1827 1025/2886/1827 1067/2888/1827
f 1896/2887/1828 1067/2888/1828 1897/2889/1828
f 1897/2889/1828 1067/2888/1828 1069/2890/1828
f 1897/2889/1829 1069/2890/1829 1898/2891/1829
f 1898/2891/1829 1069/2890/1829 1070/2892/1829
f 1898/2891/1830 1070/2892/1830 1899/2893/1830
f 1899/2893/1830 1070/2892/1830 1073/2894/1830
f 1899/2895/1831 1073/2896/1831 1900/2897/1831
f 1900/2897/1831 1073/2896/1831 1072/2898/1831
f 1900/2897/1795 1072/2898/1795 1901/2899/1795
f 1901/2899/1832 1072/2898/1832 1071/2900/1832
f 1901/2901/1833 1071/1399/1833 1902/2902/1833
f 1902/2902/1834 1071/1399/1834 1031/1358/1834
f 1902/2902/1791 1031/1358/1791 1903/2903/1791
f 1903/2903/1791 1031/1358/1791 1028/1355/1791
f 1903/2903/1835 1028/1355/1835 1904/2904/1835
f 1904/2904/1836 1028/1355/1836 1027/1354/1836
f 1904/2904/1837 1027/1354/1837 1905/2905/1837
f 1905/2905/1837 1027/1354/1837 1032/1359/1837
f 1905/2905/1838 1032/1359/1838 1906/2906/1838
f 1906/2906/1839 1032/1359/1839 1034/1361/1839
f 1906/2907/622 1034/2908/622 1893/2879/622
f 1893/2879/622 1034/2908/622 1037/2880/622
f 1907/2909/1840 1074/2910/1840 1908/2911/1840
f 1908/2911/1840 1074/2910/1840 1076/2912/1840
f 1908/2913/1810 1076/2914/1810 1909/2915/1810
f 1909/2915/1810 1076/2914/1810 1077/2916/1810
f 1909/2915/1841 1077/2916/1841 1910/2917/1841
f 1910/2917/1841 1077/2916/1841 1078/2918/1841
f 1910/2917/1813 1078/2918/1813 1911/2919/1813
f 1911/2919/1813 1078/2918/1813 1016/2920/1813
f 1911/2919/1842 1016/2920/1842 1912/2921/1842
f 1912/2921/1814 1016/2920/1814 995/2922/1814
f 1912/2923/1815 995/2924/1815 1913/2925/1815
f 1913/2925/1815 995/2924/1815 994/2926/1815
f 1913/2927/1843 994/2928/1843 1914/2929/1843
f 1914/2929/1843 994/2928/1843 1002/2930/1843
f 1079/2931/1844 1074/2910/1844 1907/2909/1844
f 1907/2909/1844 1915/2932/1844 1079/2931/1844
f 1079/2931/1845 1915/2932/1845 1916/2933/1845
f 1079/1407/1846 1916/2934/1846 998/1323/1846
f 1916/2934/1847 1917/2935/1847 998/1323/1847
f 998/1323/1848 1917/2935/1848 1918/2936/1848
f 998/1323/1849 1918/2936/1849 999/1324/1849
f 1918/2936/1850 1919/2937/1850 999/1324/1850
f 999/1324/1851 1919/2937/1851 1920/2938/1851
f 999/1324/1852 1920/2938/1852 1008/1333/1852
f 1008/1333/1853 1920/2938/1853 1921/2939/1853
f 1008/1333/1854 1921/2939/1854 1006/1331/1854
f 1921/2939/1855 1922/2940/1855 1006/1331/1855
f 1006/1331/1856 1922/2940/1856 1923/2941/1856
f 1006/1331/1794 1923/2941/1794 1004/1329/1794
f 1914/2929/1857 1002/2930/1857 1924/2942/1857
f 1924/2942/1857 1002/2930/1857 1004/2943/1857
f 1924/2944/1858 1004/1329/1858 1925/2945/1858
f 1925/2945/1859 1004/1329/1859 1923/2941/1859
f 1926/2946/1840 1083/2947/1840 1927/2948/1840
f 1927/2948/1840 1083/2947/1840 1094/2949/1840
f 1927/2950/1810 1094/2951/1810 1928/2952/1810
f 1928/2952/1810 1094/2951/1810 1093/2953/1810
f 1928/2952/1841 1093/2953/1841 1929/2954/1841
f 1929/2954/1841 1093/2953/1841 1092/2955/1841
f 1929/2954/1813 1092/2955/1813 1930/2956/1813
f 1930/2956/1813 1092/2955/1813 1091/2957/1813
f 1930/2956/1814 1091/2957/1814 1931/2958/1814
f 1931/2958/1842 1091/2957/1842 1090/2959/1842
f 1931/2960/1815 1090/2961/1815 1932/2962/1815
f 1932/2962/1815 1090/2961/1815 992/2963/1815
f 1932/2964/1843 992/2965/1843 1933/2966/1843
f 1933/2966/1843 992/2965/1843 989/2967/1843
f 1084/2968/1844 1083/2947/1844 1926/2946/1844
f 1926/2946/1844 1934/2969/1844 1084/2968/1844
f 1084/2968/1845 1934/2969/1845 1935/2970/1845
f 1084/1412/1846 1935/2971/1846 1085/1413/1846
f 1935/2971/1847 1936/2972/1847 1085/1413/1847
f 1085/1413/1860 1936/2972/1860 1937/2973/1860
f 1085/1413/1849 1937/2973/1849 1086/1414/1849
f 1937/2973/1850 1938/2974/1850 1086/1414/1850
f 1086/1414/1851 1938/2974/1851 1939/2975/1851
f 1086/1414/1852 1939/2975/1852 1087/1415/1852
f 1087/1415/1853 1939/2975/1853 1940/2976/1853
f 1087/1415/1854 1940/2976/1854 985/1308/1854
f 1940/2976/1855 1941/2977/1855 985/1308/1855
f 985/1308/1856 1941/2977/1856 1942/2978/1856
f 985/1308/1794 1942/2978/1794 987/1310/1794
f 1933/2966/1857 989/2967/1857 1943/2979/1857
f 1943/2979/1857 989/2967/1857 987/2980/1857
f 1943/2981/1858 987/1310/1858 1944/2982/1858
f 1944/2982/1859 987/1310/1859 1942/2978/1859
f 1945/2983/1825 975/2984/1825 1946/2985/1825
f 1946/2985/1825 975/2984/1825 969/2986/1825
f 1946/2987/1826 969/2988/1826 1947/2989/1826
f 1947/2989/1861 969/2988/1861 967/2990/1861
f 1947/2989/1827 967/2990/1827 1948/2991/1827
f 1948/2991/1827 967/2990/1827 965/2992/1827
f 1948/2991/1828 965/2992/1828 1949/2993/1828
f 1949/2993/1828 965/2992/1828 964/2994/1828
f 1949/2993/1829 964/2994/1829 1950/2995/1829
f 1950/2995/1829 964/2994/1829 958/2996/1829
f 1950/2995/1830 958/2996/1830 1951/2997/1830
f 1951/2997/1830 958/2996/1830 947/2998/1830
f 1951/2999/1831 947/3000/1831 1952/3001/1831
f 1952/3001/1831 947/3000/1831 949/3002/1831
f 1952/3001/1832 949/3002/1832 1953/3003/1832
f 1953/3003/1832 949/3002/1832 951/3004/1832
f 1953/3005/1862 951/1267/1862 1954/3006/1862
f 1954/3006/1862 951/1267/1862 963/1284/1862
f 1954/3006/1791 963/1284/1791 1955/3007/1791
f 1955/3007/1791 963/1284/1791 962/1283/1791
f 1955/3007/1836 962/1283/1836 1956/3008/1836
f 1956/3008/1836 962/1283/1836 961/1282/1836
f 1956/3008/1837 961/1282/1837 1957/3009/1837
f 1957/3009/1837 961/1282/1837 953/1269/1837
f 1957/3009/1839 953/1269/1839 1958/3010/1839
f 1958/3010/1839 953/1269/1839 952/1268/1839
f 1958/3011/622 952/3012/622 1945/2983/622
f 1945/2983/622 952/3012/622 975/2984/622
f 1089/3013/1863 1088/3014/1863 1757/2548/1863
f 1757/2548/1864 1088/3014/1864 1756/2547/1864
f 1959/3015/1865 1960/3016/1865 1082/3017/1865
f 1082/3017/1866 1960/3016/1866 1752/2542/1866
f 1082/3017/1867 1752/2542/1867 1088/3014/1867
f 1088/3014/1868 1752/2542/1868 1754/2545/1868
f 1088/3014/1869 1754/2545/1869 1756/2547/1869
f 1959/3015/1870 1082/3017/1870 1961/3018/1870
f 1961/3018/1871 1082/3017/1871 885/3019/1871
f 1961/3018/1872 885/3019/1872 1962/3020/1872
f 1962/3020/1873 885/3019/1873 1963/3021/1873
f 1963/3021/1874 885/3019/1874 887/3022/1874
f 1963/3021/1875 887/3022/1875 1964/3023/1875
f 1964/3023/1876 887/3022/1876 1965/3024/1876
f 1965/3024/1877 887/3022/1877 978/3025/1877
f 1965/3024/1878 978/3025/1878 1966/3026/1878
f 1966/3027/1879 978/1299/1879 1967/3028/1879
f 1967/3028/1880 978/1299/1880 979/1301/1880
f 1967/3028/1881 979/1301/1881 1968/3029/1881
f 1968/3029/1882 979/1301/1882 1969/3030/1882
f 1969/3030/1883 979/1301/1883 973/1302/1883
f 1969/3030/1884 973/1302/1884 1970/3031/1884
f 1970/3032/1885 973/1294/1885 1971/3033/1885
f 1971/3033/1886 973/1294/1886 954/1270/1886
f 1971/3033/1887 954/1270/1887 1972/3034/1887
f 1972/3034/1888 954/1270/1888 1973/3035/1888
f 1973/3035/1889 954/1270/1889 960/1281/1889
f 1973/3035/1890 960/1281/1890 1974/3036/1890
f 950/1390/1891 1975/3037/1891 960/3038/1891
f 960/1281/1892 1975/3039/1892 1976/3040/1892
f 960/1281/1893 1976/3040/1893 1974/3036/1893
f 1095/1426/1894 1977/3041/1894 1978/3042/1894
f 1095/1426/1895 1978/3042/1895 1059/1386/1895
f 1059/1386/1896 1978/3042/1896 1979/3043/1896
f 1059/1386/1897 1979/3043/1897 1057/1384/1897
f 1057/1384/1898 1979/3043/1898 1980/3044/1898
f 1057/1384/1899 1980/3044/1899 950/1390/1899
f 950/1390/1900 1980/3044/1900 1981/3045/1900
f 950/1390/1901 1981/3045/1901 1975/3037/1901
f 925/3046/1902 1982/3047/1902 896/3048/1902
f 896/3049/1903 1982/3050/1903 1983/3051/1903
f 1983/3051/1904 1984/3052/1904 896/3049/1904
f 896/3049/1905 1984/3052/1905 1985/3053/1905
f 896/3049/1906 1985/3053/1906 1986/3054/1906
f 1977/3055/1907 1095/3056/1907 1987/3057/1907
f 1987/3057/1908 1095/3056/1908 937/3058/1908
f 1987/3057/1909 937/3058/1909 1988/3059/1909
f 1988/3059/1910 937/3058/1910 933/3060/1910
f 1988/3059/1911 933/3060/1911 1989/3061/1911
f 1989/3061/1912 933/3060/1912 897/3062/1912
f 1989/3061/1913 897/3062/1913 1990/3063/1913
f 1990/3063/1914 897/3062/1914 896/3049/1914
f 1990/3063/1915 896/3049/1915 1991/3064/1915
f 1991/3064/1916 896/3049/1916 1986/3054/1916
f 1991/3064/1917 1986/3054/1917 1992/3065/1917
f 899/3066/1918 923/3067/1918 1993/3068/1918
f 1993/3068/1919 923/3067/1919 1994/3069/1919
f 1993/3068/1920 1994/3069/1920 1995/3070/1920
f 1081/3071/1921 1089/3013/1921 1757/2548/1921
f 1760/2552/1922 1075/3072/1922 1762/2554/1922
f 1762/2554/1923 1075/3072/1923 1080/3073/1923
f 1762/2554/1924 1080/3073/1924 1763/2555/1924
f 1763/2555/1925 1080/3073/1925 1081/3071/1925
f 1763/2555/1926 1081/3071/1926 1759/2550/1926
f 1759/2550/1921 1081/3071/1921 1757/2548/1921
f 1996/3074/1927 1997/3075/1927 923/3067/1927
f 923/3067/1928 1997/3075/1928 1998/3076/1928
f 923/3067/1929 1998/3076/1929 1994/3069/1929
f 923/3067/1930 922/3077/1930 1996/3074/1930
f 1996/3074/1931 922/3077/1931 912/3078/1931
f 1996/3074/1932 912/3078/1932 1999/3079/1932
f 1999/3079/1933 912/3078/1933 882/3080/1933
f 884/3081/1934 2000/3082/1934 882/3080/1934
f 882/3080/1935 2000/3082/1935 2001/3083/1935
f 882/3080/1936 2001/3083/1936 1999/3079/1936
f 879/3084/1937 2002/3085/1937 884/3086/1937
f 884/3086/1938 2002/3085/1938 2003/3087/1938
f 884/3081/1939 2003/3088/1939 2000/3082/1939
f 878/3089/1940 2004/3090/1940 879/3084/1940
f 879/3084/1941 2004/3090/1941 2005/3091/1941
f 879/3084/1942 2005/3091/1942 2002/3085/1942
f 2006/3092/1943 2007/3093/1943 1068/3094/1943
f 1068/3095/1944 2007/3096/1944 2008/3097/1944
f 1068/3095/1945 2008/3097/1945 878/3089/1945
f 878/3089/1946 2008/3097/1946 2009/3098/1946
f 878/3089/1947 2009/3098/1947 2004/3090/1947
f 1013/3099/1948 2010/3100/1948 1021/3101/1948
f 1021/3102/1949 2010/3103/1949 2011/3104/1949
f 1021/3102/1950 2011/3104/1950 1020/3105/1950
f 1020/3105/1951 2011/3104/1951 2012/3106/1951
f 1020/3105/1952 2012/3106/1952 1065/3107/1952
f 1065/3107/1953 2012/3106/1953 2013/3108/1953
f 1065/3107/1954 2013/3108/1954 1066/3109/1954
f 1066/3109/1955 2013/3108/1955 2014/3110/1955
f 1066/3109/1956 2014/3110/1956 1068/3094/1956
f 1068/3094/1957 2014/3110/1957 2015/3111/1957
f 1068/3094/1958 2015/3111/1958 2006/3092/1958
f 1012/3112/1959 2016/3113/1959 1013/3099/1959
f 1013/3099/1960 2016/3113/1960 2017/3114/1960
f 1013/3099/1961 2017/3114/1961 2010/3100/1961
f 1760/2552/1962 2018/3115/1962 1075/3072/1962
f 1075/3072/1963 2018/3115/1963 2019/3116/1963
f 1075/3117/1964 2019/3118/1964 1012/3112/1964
f 1012/3112/1965 2019/3118/1965 2020/3119/1965
f 1012/3112/1966 2020/3119/1966 2016/3113/1966
f 941/3120/622 873/1172/622 872/1171/622
f 872/1171/1967 2021/3121/1967 941/3120/1967
f 941/3120/1782 2021/3121/1782 2022/3122/1782
f 941/1254/1968 2022/3123/1968 940/1253/1968
f 2022/3123/1784 2023/3124/1784 940/1253/1784
f 940/1253/1785 2023/3124/1785 2024/3125/1785
f 940/1253/1969 2024/3125/1969 935/1248/1969
f 2024/3125/1787 2025/3126/1787 935/1248/1787
f 935/1248/1970 2025/3126/1970 2026/3127/1970
f 935/1248/1971 2026/3127/1971 936/1249/1971
f 936/1249/1790 2026/3127/1790 2027/3128/1790
f 936/1249/1972 2027/3128/1972 938/1251/1972
f 2027/3128/1973 2028/3129/1973 938/1251/1973
f 938/1251/1974 2028/3129/1974 2029/3130/1974
f 938/1251/1794 2029/3130/1794 939/1252/1794
f 861/1158/1795 860/1157/1795 2030/3131/1795
f 2030/3131/1832 860/1157/1832 939/3132/1832
f 2030/3133/1975 939/1252/1975 2031/3134/1975
f 2031/3134/1976 939/1252/1976 2029/3130/1976
f 2032/3135/1977 2033/3136/1977 857/1153/1977
f 857/1153/1978 2033/3136/1978 854/1150/1978
f 844/3137/1979 852/1147/1979 2034/3138/1979
f 2034/3138/1980 852/1147/1980 854/1150/1980
f 2034/3138/1981 854/1150/1981 2035/3139/1981
f 2035/3139/1982 854/1150/1982 2033/3136/1982
f 844/3137/1983 2034/3138/1983 845/3140/1983
f 845/3140/1984 2034/3138/1984 2036/3141/1984
f 845/3140/1985 2036/3141/1985 849/3142/1985
f 849/3142/1986 2036/3141/1986 2037/3143/1986
f 849/3142/1987 2037/3143/1987 848/3144/1987
f 848/3144/1988 2037/3143/1988 841/3145/1988
f 841/3145/1989 2037/3143/1989 2038/3146/1989
f 841/3145/1990 2038/3146/1990 842/3147/1990
f 842/3147/1991 2038/3146/1991 2039/3148/1991
f 842/3147/1992 2039/3148/1992 836/3149/1992
f 836/3149/1993 2039/3148/1993 859/3150/1993
f 836/1130/1994 859/3151/1994 838/1132/1994
f 2040/3152/1995 2041/3153/1995 857/1153/1995
f 857/1153/1995 2041/3153/1995 2032/3135/1995
f 831/3154/1996 2013/3108/1996 832/3155/1996
f 832/3155/1996 2013/3108/1996 2012/3106/1996
f 832/3155/1997 2012/3106/1997 833/3156/1997
f 833/3156/1998 2012/3106/1998 2011/3104/1998
f 833/3156/1999 2011/3104/1999 834/3157/1999
f 834/3157/1999 2011/3104/1999 2010/3103/1999
f 834/3157/2000 2010/3103/2000 828/3158/2000
f 828/3158/2000 2010/3103/2000 2017/3159/2000
f 828/3158/2001 2017/3159/2001 817/3160/2001
f 2017/3159/2001 2016/3161/2001 817/3160/2001
f 817/3162/2002 2016/3113/2002 2020/3119/2002
f 817/3162/2003 2020/3119/2003 818/3163/2003
f 1760/2552/2004 820/2551/2004 2018/3115/2004
f 2018/3115/2005 820/2551/2005 818/3164/2005
f 2018/3115/2006 818/3164/2006 2019/3116/2006
f 2019/3118/2007 818/3163/2007 2020/3119/2007
f 2042/3165/2008 1998/3076/2008 2043/3166/2008
f 2043/3166/2009 1998/3076/2009 1997/3075/2009
f 823/3167/2010 822/3168/2010 1997/3075/2010
f 1997/3075/2011 822/3168/2011 821/3169/2011
f 1997/3075/2012 821/3169/2012 2043/3166/2012
f 1997/3075/2013 1996/3074/2013 823/3167/2013
f 823/3170/2014 1996/3171/2014 1999/3172/2014
f 823/3170/2015 1999/3172/2015 824/3173/2015
f 1999/3172/2016 2001/3174/2016 824/3173/2016
f 824/3173/2017 2001/3174/2017 2000/3175/2017
f 824/3173/2018 2000/3175/2018 825/3176/2018
f 2000/3175/2019 2003/3087/2019 825/3176/2019
f 825/3176/2020 2003/3087/2020 2002/3085/2020
f 825/3176/2021 2002/3085/2021 826/3177/2021
f 2002/3085/2022 2005/3091/2022 826/3177/2022
f 826/3177/2023 2005/3091/2023 2004/3090/2023
f 826/3177/2024 2004/3090/2024 827/3178/2024
f 2004/3090/2025 2009/3098/2025 827/3178/2025
f 827/3178/2026 2009/3098/2026 2008/3097/2026
f 827/3178/2027 2008/3097/2027 829/3179/2027
f 2008/3097/2028 2007/3096/2028 829/3179/2028
f 829/3180/2029 2007/3093/2029 2006/3092/2029
f 829/3180/2030 2006/3092/2030 830/3181/2030
f 830/3181/2030 2006/3092/2030 2015/3111/2030
f 830/3181/2031 2015/3111/2031 831/3154/2031
f 831/3154/2032 2015/3111/2032 2014/3110/2032
f 831/3154/2033 2014/3110/2033 2013/3108/2033
f 786/3182/2034 785/3183/2034 1995/3184/2034
f 1995/3184/2035 785/3183/2035 778/3185/2035
f 1995/3184/2036 778/3185/2036 1993/3186/2036
f 1995/3184/2037 1994/3187/2037 786/3182/2037
f 786/3182/2038 1994/3187/2038 1998/3188/2038
f 786/3182/2039 1998/3188/2039 780/3189/2039
f 780/3189/2040 1998/3188/2040 2042/3190/2040
f 780/3189/2041 2042/3190/2041 781/3191/2041
f 781/3191/2042 2042/3190/2042 2043/3192/2042
f 781/3191/2043 2043/3192/2043 782/3193/2043
f 782/3193/2044 2043/3192/2044 821/3194/2044
f 777/3195/2045 899/3196/2045 778/3185/2045
f 778/3185/2045 899/3196/2045 1993/3186/2045
f 1193/1551/1825 1192/1550/1825 2044/3197/1825
f 2044/3197/2046 1192/1550/2046 1713/3198/2046
f 2044/3197/2047 1713/3198/2047 2045/3199/2047
f 2045/3199/2048 1713/3198/2048 1711/3200/2048
f 2045/3201/2049 1711/2469/2049 2046/3202/2049
f 2046/3202/2049 1711/2469/2049 1708/2466/2049
f 2046/3203/2050 1708/3204/2050 774/1054/2050
f 774/1054/2051 1708/3204/2051 1706/3205/2051
f 774/1054/2051 1706/3205/2051 784/1064/2051
f 1182/1538/2052 1181/1537/2052 1701/3206/2052
f 1701/3206/2053 1181/1537/2053 2047/3207/2053
f 1701/3206/2054 2047/3207/2054 1703/3208/2054
f 1703/3208/2054 2047/3207/2054 2048/3209/2054
f 1703/3208/2055 2048/3209/2055 1706/3205/2055
f 1706/3205/2055 2048/3209/2055 2049/3210/2055
f 1706/3205/2056 2049/3210/2056 784/1064/2056
f 2050/3211/2057 2051/3212/2057 2052/3213/2057
f 2051/3214/2058 731/991/2058 2052/3215/2058
f 2052/3215/2059 731/991/2059 735/3216/2059
f 2052/3215/2060 735/3216/2060 734/3217/2060
f 1212/1578/2061 1211/1577/2061 2053/3218/2061
f 2053/3218/2062 1211/1577/2062 1716/3219/2062
f 2053/3218/2063 1716/3219/2063 2054/3220/2063
f 2054/3220/2063 1716/3219/2063 1729/3221/2063
f 2054/3222/2064 1729/3223/2064 2055/3224/2064
f 2055/3224/2064 1729/3223/2064 1722/3225/2064
f 2055/3226/2065 1722/3227/2065 730/990/2065
f 730/990/2066 1722/3227/2066 1724/3228/2066
f 730/990/2066 1724/3228/2066 728/988/2066
f 1200/1560/2067 1199/1559/2067 1720/3229/2067
f 1720/3229/1774 1199/1559/1774 2056/3230/1774
f 1720/3229/2068 2056/3230/2068 1721/3231/2068
f 1721/3231/2069 2056/3230/2069 2057/3232/2069
f 1721/3231/2070 2057/3232/2070 1724/3228/2070
f 1724/3228/2071 2057/3232/2071 2058/3233/2071
f 1724/3228/2072 2058/3233/2072 728/988/2072
f 2055/3226/171 730/990/171 720/980/171
f 726/986/403 728/988/403 2058/3233/403
f 774/1054/171 773/1053/171 2046/3203/171
f 2046/3203/171 773/1053/171 2045/3199/171
f 2048/3209/171 777/1057/171 2049/3210/171
f 2049/3210/171 777/1057/171 784/1064/171
f 2058/3233/171 2057/3232/171 726/986/171
f 726/986/171 2057/3232/171 2056/3230/171
f 726/986/2073 2056/3230/2073 2059/3234/2073
f 2048/3209/171 2047/3207/171 777/1057/171
f 777/1057/171 2047/3207/171 1181/1537/171
f 777/3235/171 1181/3236/171 900/3237/171
f 1189/1547/171 1203/1563/171 1187/1545/171
f 1187/1545/171 1203/1563/171 1206/1569/171
f 1187/1545/171 1206/1569/171 1185/1543/171
f 2060/3238/2074 1193/1551/2074 773/1053/2074
f 773/1053/171 1193/1551/171 2044/3197/171
f 773/1053/171 2044/3197/171 2045/3199/171
f 1212/1578/171 2053/3218/171 720/980/171
f 720/980/171 2053/3218/171 2054/3220/171
f 720/980/171 2054/3220/171 2055/3226/171
f 1212/1578/171 720/980/171 1214/1580/171
f 1214/1580/171 720/980/171 900/3237/171
f 1214/1580/171 900/3237/171 1210/1576/171
f 1210/1576/171 900/3237/171 1181/3236/171
f 1210/1576/171 1181/3236/171 1206/1569/171
f 1206/1569/171 1181/3236/171 1183/1541/171
f 1206/1569/171 1183/1541/171 1185/1543/171
f 2056/3230/2075 1199/1559/2075 2059/3234/2075
f 2059/3234/2076 1199/1559/2076 1198/1558/2076
f 2059/3234/2077 1198/1558/2077 2061/3239/2077
f 2061/3239/171 1198/1558/171 1203/1563/171
f 2061/3239/2074 1203/1563/2074 2062/3240/2074
f 2062/3240/171 1203/1563/171 1189/1547/171
f 2062/3240/2073 1189/1547/2073 2063/3241/2073
f 2063/3241/403 1189/1547/403 1191/1549/403
f 2063/3241/2074 1191/1549/2074 2060/3242/2074
f 2060/3242/2078 1191/1549/2078 1195/1555/2078
f 2060/3238/2074 1195/1553/2074 1193/1551/2074
f 925/1232/1333 720/1231/1333 1982/3243/1333
f 1982/3243/1333 720/1231/1333 721/3244/1333
f 2064/3245/2079 1992/3246/2079 1986/3247/2079
f 725/3248/2080 724/3249/2080 2065/3250/2080
f 2065/3250/2081 724/3249/2081 711/960/2081
f 2065/3250/2082 711/960/2082 712/961/2082
f 2065/3250/2083 2064/3245/2083 725/3248/2083
f 725/3248/2084 2064/3245/2084 1986/3247/2084
f 725/3248/2085 1986/3247/2085 723/3251/2085
f 1982/3243/2086 721/3244/2086 1983/3252/2086
f 1983/3252/2087 721/3244/2087 722/3253/2087
f 1983/3252/2088 722/3253/2088 1984/3254/2088
f 1984/3254/2089 722/3253/2089 723/3251/2089
f 1984/3254/2090 723/3251/2090 1985/3255/2090
f 1985/3255/2091 723/3251/2091 1986/3247/2091
f 677/3256/2092 676/2543/2092 1752/2542/2092
f 1752/2542/2093 1960/3016/2093 677/3256/2093
f 677/3256/2094 1960/3016/2094 1959/3015/2094
f 677/3256/2095 1959/3015/2095 680/3257/2095
f 1959/3015/2096 1961/3018/2096 680/3257/2096
f 680/3257/2097 1961/3018/2097 1962/3020/2097
f 680/3257/2098 1962/3020/2098 684/3258/2098
f 1962/3259/2099 1963/3260/2099 684/927/2099
f 684/927/2100 1963/3260/2100 1964/3261/2100
f 684/927/2101 1964/3261/2101 686/929/2101
f 1964/3261/2102 1965/3262/2102 686/929/2102
f 686/929/2103 1965/3262/2103 1966/3027/2103
f 686/929/2104 1966/3027/2104 688/931/2104
f 1966/3027/2105 1967/3028/2105 688/931/2105
f 688/931/2106 1967/3028/2106 1968/3029/2106
f 688/931/2107 1968/3029/2107 690/933/2107
f 1968/3029/2108 1969/3030/2108 690/933/2108
f 690/933/2109 1969/3030/2109 1970/3031/2109
f 690/933/2110 1970/3031/2110 695/938/2110
f 1970/3032/2111 1971/3033/2111 695/940/2111
f 695/940/2112 1971/3033/2112 1972/3034/2112
f 695/940/2113 1972/3034/2113 696/941/2113
f 696/941/2114 1972/3034/2114 1973/3035/2114
f 696/941/2115 1973/3035/2115 698/943/2115
f 1973/3035/2115 1974/3036/2115 698/943/2115
f 698/943/2116 1974/3036/2116 1976/3040/2116
f 698/945/2117 1976/3263/2117 700/947/2117
f 1976/3263/2118 1975/3037/2118 700/947/2118
f 700/947/2119 1975/3037/2119 1981/3045/2119
f 700/947/2120 1981/3045/2120 702/949/2120
f 1981/3045/2121 1980/3044/2121 702/949/2121
f 702/949/2122 1980/3044/2122 1979/3043/2122
f 702/949/2123 1979/3043/2123 704/951/2123
f 1979/3043/2124 1978/3042/2124 704/951/2124
f 704/951/2125 1978/3042/2125 1977/3041/2125
f 704/951/2126 1977/3041/2126 706/3264/2126
f 1977/3265/2127 1987/3266/2127 706/955/2127
f 706/955/2128 1987/3266/2128 1988/3267/2128
f 706/955/2129 1988/3267/2129 708/957/2129
f 1991/3064/2130 1992/3065/2130 2064/3268/2130
f 1988/3267/2131 1989/3269/2131 708/957/2131
f 708/957/2132 1989/3269/2132 1990/3270/2132
f 708/3271/2133 1990/3063/2133 710/3272/2133
f 710/3272/2134 1990/3063/2134 1991/3064/2134
f 710/3272/2135 1991/3064/2135 712/3273/2135
f 712/3273/2136 1991/3064/2136 2064/3268/2136
f 712/3273/2137 2064/3268/2137 2065/3274/2137
f 819/1103/2138 820/1104/2138 2066/3275/2138
f 2066/3275/2139 820/1104/2139 1761/3276/2139
f 2066/3277/2140 1761/3278/2140 2067/3279/2140
f 1758/3280/2141 1755/3281/2141 2068/3282/2141
f 2068/3282/2142 1755/3281/2142 1753/3283/2142
f 2068/3282/2143 1753/3283/2143 2069/3284/2143
f 2069/3284/2144 1753/3283/2144 676/919/2144
f 2069/3284/2145 676/919/2145 675/918/2145
f 2070/3285/2146 2071/3286/2146 2072/3287/2146
f 2072/3287/2147 2071/3286/2147 2073/3288/2147
f 2072/3287/2148 2073/3288/2148 2074/3289/2148
f 1761/3290/2149 1758/3280/2149 2067/3291/2149
f 2067/3291/2150 1758/3280/2150 2068/3282/2150
f 2067/3291/2151 2068/3282/2151 2073/3292/2151
f 2073/3292/2152 2068/3282/2152 2075/3293/2152
f 2073/3292/2153 2075/3293/2153 2074/3294/2153
f 2076/3295/2154 2077/3296/2154 2078/3297/2154
f 2078/3298/2155 2077/3299/2155 2079/3300/2155
f 2070/3285/2156 2072/3287/2156 2078/3298/2156
f 2078/3298/2157 2072/3287/2157 2080/3301/2157
f 2078/3298/2158 2080/3301/2158 2076/3302/2158
f 2079/3303/2159 2077/3304/2159 2081/3305/2159
f 2081/3306/2160 2077/3296/2160 2082/3307/2160
f 2081/3306/2161 2082/3307/2161 2083/3308/2161
f 2084/3309/2162 2085/3310/2162 2086/3311/2162
f 2086/3312/2163 2085/3313/2163 2087/3314/2163
f 2086/3311/2164 2087/3315/2164 2083/3308/2164
f 2083/3316/2165 2087/3314/2165 2088/3317/2165
f 2083/3316/2166 2088/3317/2166 2081/3305/2166
f 657/892/2167 1764/3318/2167 1765/3319/2167
f 657/892/2168 1765/3319/2168 655/890/2168
f 655/890/2169 1765/3319/2169 1766/3320/2169
f 655/890/2170 1766/3320/2170 653/888/2170
f 653/886/2171 1766/3321/2171 1767/3322/2171
f 653/886/2172 1767/3322/2172 651/884/2172
f 651/884/2173 1767/3322/2173 1768/3323/2173
f 651/884/2174 1768/3323/2174 649/882/2174
f 649/882/2175 1768/3323/2175 1769/3324/2175
f 649/882/2175 1769/3324/2175 647/879/2175
f 647/878/2176 1769/3325/2176 1771/3326/2176
f 647/878/2176 1771/3326/2176 645/876/2176
f 645/876/2177 1771/3326/2177 1770/3327/2177
f 645/876/2177 1770/3327/2177 643/874/2177
f 643/874/2178 1770/3327/2178 1772/3328/2178
f 643/874/2178 1772/3328/2178 638/869/2178
f 638/869/2179 1772/3328/2179 639/870/2179
f 639/3329/2180 1772/2566/2180 1773/2567/2180
f 639/3330/2181 1773/3331/2181 2089/3332/2181
f 2089/3332/2182 1773/3331/2182 1775/3333/2182
f 2089/3332/2183 1775/3333/2183 2090/3334/2183
f 2090/3334/2184 1775/3333/2184 1774/3335/2184
f 2090/3334/2185 1774/3335/2185 2091/3336/2185
f 2091/3336/2186 1774/3335/2186 2092/3337/2186
f 2092/3338/2187 1774/2568/2187 1776/2570/2187
f 2092/3339/2188 1776/3340/2188 2093/3341/2188
f 2093/3341/2189 1776/3340/2189 1777/3342/2189
f 2093/3341/2190 1777/3342/2190 2094/3343/2190
f 2094/3343/2191 1777/3342/2191 1778/3344/2191
f 2094/3345/2192 1778/3346/2192 2095/3347/2192
f 2095/3347/2193 1778/3346/2193 1779/3348/2193
f 2095/3347/2194 1779/3348/2194 2096/3349/2194
f 2096/3350/2195 1779/3351/2195 1794/3352/2195
f 2096/3350/2196 1794/3352/2196 2097/3353/2196
f 2097/3353/2197 1794/3352/2197 1795/3354/2197
f 2097/3353/2198 1795/3354/2198 2098/3355/2198
f 2098/3355/2199 1795/3354/2199 1796/3356/2199
f 2098/3355/2200 1796/3356/2200 2099/3357/2200
f 1796/3356/2201 1797/3358/2201 2099/3357/2201
f 2099/3357/2202 1797/3358/2202 1798/3359/2202
f 2099/3357/2203 1798/3359/2203 2100/3360/2203
f 2100/3361/2204 1798/3362/2204 2101/3363/2204
f 1798/3364/2205 1799/3365/2205 2101/3366/2205
f 2101/3366/2206 1799/3365/2206 1800/3367/2206
f 2101/3366/2207 1800/3367/2207 2102/3368/2207
f 1800/3367/2208 1801/3369/2208 2102/3368/2208
f 2102/3368/2209 1801/3369/2209 1802/3370/2209
f 2102/3368/2210 1802/3370/2210 2103/3371/2210
f 1802/3370/2211 1803/3372/2211 2103/3371/2211
f 2103/3371/2212 1803/3372/2212 1804/3373/2212
f 2103/3371/2213 1804/3373/2213 636/867/2213
f 636/867/2214 1804/3373/2214 1805/3374/2214
f 636/867/2215 1805/3374/2215 637/868/2215
f 1805/3374/2216 1806/3375/2216 637/868/2216
f 637/868/2217 1806/3375/2217 1780/3376/2217
f 637/868/2218 1780/3376/2218 672/915/2218
f 1780/3376/2219 1781/3377/2219 672/915/2219
f 672/913/2220 1781/3378/2220 1782/3379/2220
f 672/913/2221 1782/3379/2221 670/910/2221
f 1782/3379/2222 1783/3380/2222 670/910/2222
f 670/910/2223 1783/3380/2223 1784/3381/2223
f 670/910/2224 1784/3381/2224 668/3382/2224
f 1784/3383/2225 1785/3384/2225 668/907/2225
f 668/907/2226 1785/3384/2226 1786/3385/2226
f 668/907/2227 1786/3385/2227 666/905/2227
f 1786/2583/2228 1787/2584/2228 666/3386/2228
f 666/905/2229 1787/3387/2229 1788/3388/2229
f 666/905/2230 1788/3388/2230 664/903/2230
f 1788/3388/2231 1789/3389/2231 664/903/2231
f 664/903/2232 1789/3389/2232 1790/3390/2232
f 664/903/2233 1790/3390/2233 662/900/2233
f 1790/3391/2234 1791/3392/2234 662/899/2234
f 662/899/2235 1791/3392/2235 1792/3393/2235
f 662/899/2236 1792/3393/2236 660/897/2236
f 1792/3394/2237 1793/3395/2237 660/3396/2237
f 660/3396/2238 1793/3395/2238 1764/3397/2238
f 660/895/2239 1764/3318/2239 657/892/2239
f 839/3398/2240 2104/3399/2240 837/3400/2240
f 837/1131/2241 2104/3401/2241 2105/3402/2241
f 837/1131/2242 2105/3402/2242 835/1129/2242
f 835/1129/2243 2105/3402/2243 2106/3403/2243
f 850/1144/2244 843/1137/2244 2107/3404/2244
f 2107/3404/2245 843/1137/2245 847/1141/2245
f 2107/3404/2246 847/1141/2246 2108/3405/2246
f 2108/3405/2247 847/1141/2247 846/1140/2247
f 2108/3405/2248 846/1140/2248 2106/3403/2248
f 2106/3403/2249 846/1140/2249 840/1134/2249
f 2106/3403/2250 840/1134/2250 835/1129/2250
f 850/1144/2251 2107/3404/2251 851/1145/2251
f 851/1145/2252 2107/3404/2252 2109/3406/2252
f 851/1145/2253 2109/3406/2253 853/3407/2253
f 853/3407/2254 2109/3406/2254 2110/3408/2254
f 853/3409/2255 2110/3410/2255 855/3411/2255
f 855/3411/2256 2110/3410/2256 220/3412/2256
f 855/3411/2257 220/3412/2257 856/3413/2257
f 1113/3414/2258 452/645/2258 1874/3415/2258
f 1874/3415/2258 452/645/2258 458/651/2258
f 1874/2738/2259 458/3416/2259 1877/2741/2259
f 1877/2741/2259 458/3416/2259 457/3417/2259
f 461/3418/2260 1179/1535/2260 457/3417/2260
f 457/3417/2261 1179/1535/2261 1875/2739/2261
f 457/3417/2262 1875/2739/2262 1877/2741/2262
f 1176/1532/2260 1179/1535/2260 463/3419/2260
f 463/3419/2260 1179/1535/2260 461/3418/2260
f 465/3420/2263 1174/1530/2263 463/3419/2263
f 463/3419/2264 1174/1530/2264 1176/1532/2264
f 1174/3421/2265 465/658/2265 1814/3422/2265
f 1814/3422/2265 465/658/2265 455/648/2265
f 1814/2618/2266 455/3423/2266 1811/3424/2266
f 1811/2613/2266 455/3425/2266 454/3426/2266
f 1811/2613/2267 454/3426/2267 1808/2610/2267
f 1808/2610/2267 454/3426/2267 468/3427/2267
f 1808/2610/2268 468/3427/2268 1173/1529/2268
f 1173/1529/2268 468/3427/2268 476/3428/2268
f 1169/1525/2269 1173/1529/2269 474/3429/2269
f 474/3429/2269 1173/1529/2269 476/3428/2269
f 1159/1515/2270 1169/1525/2270 472/3430/2270
f 472/3430/2270 1169/1525/2270 474/3429/2270
f 1159/3431/2271 472/3432/2271 1160/3433/2271
f 1160/1516/2272 472/3430/2272 446/3434/2272
f 1160/1516/2273 446/3434/2273 1166/1522/2273
f 445/3435/2274 482/3436/2274 1161/3437/2274
f 1166/1522/2275 446/3434/2275 1165/1521/2275
f 1165/1521/2276 446/3434/2276 445/3438/2276
f 1165/1521/2277 445/3438/2277 1163/1519/2277
f 1163/3439/2274 445/3435/2274 1161/3437/2274
f 484/3440/2278 1818/3441/2278 482/3436/2278
f 482/3436/2278 1818/3441/2278 1161/3437/2278
f 503/3442/2279 502/3443/2279 1157/3444/2279
f 1157/3444/2279 1830/3445/2279 503/3442/2279
f 503/3442/2280 1830/3445/2280 1828/3446/2280
f 503/3442/2281 1828/3446/2281 488/3447/2281
f 1828/3446/2282 1826/3448/2282 488/3447/2282
f 488/3447/2283 1826/3448/2283 1824/3449/2283
f 488/3447/2284 1824/3449/2284 486/3450/2284
f 486/3450/2285 1824/3449/2285 1822/3451/2285
f 486/3452/2286 1822/3453/2286 484/3440/2286
f 484/3440/2287 1822/3453/2287 1820/3454/2287
f 484/3440/2288 1820/3454/2288 1818/3441/2288
f 1157/3444/2289 502/3443/2289 1155/3455/2289
f 1155/3455/2289 502/3443/2289 491/3456/2289
f 1155/3455/2290 491/3456/2290 1153/3457/2290
f 1153/3457/2291 491/3456/2291 490/3458/2291
f 1153/3457/2292 490/3458/2292 1150/3459/2292
f 1150/3459/2292 490/3458/2292 501/3460/2292
f 495/3461/2293 1831/3462/2293 1834/3463/2293
f 495/3461/2293 1834/3463/2293 496/3464/2293
f 496/3465/2294 1834/3466/2294 1150/3459/2294
f 496/3465/2294 1150/3459/2294 501/3460/2294
f 624/3467/2295 1836/3468/2295 495/3461/2295
f 495/3461/2295 1836/3468/2295 1831/3462/2295
f 524/3469/2296 522/3470/2296 1149/3471/2296
f 1149/3471/2296 1848/3472/2296 524/3469/2296
f 524/3469/2297 1848/3472/2297 1846/3473/2297
f 524/3469/2298 1846/3473/2298 525/3474/2298
f 525/3475/2299 1846/3476/2299 1844/3477/2299
f 525/3475/2300 1844/3477/2300 526/3478/2300
f 526/3478/2301 1844/3477/2301 1842/3479/2301
f 526/3478/2302 1842/3479/2302 527/3480/2302
f 527/3480/2303 1842/3479/2303 1840/3481/2303
f 527/3480/2304 1840/3481/2304 624/3467/2304
f 624/3467/2305 1840/3481/2305 1838/3482/2305
f 624/3467/2306 1838/3482/2306 1836/3468/2306
f 1149/3471/2307 522/3470/2307 1147/3483/2307
f 1147/3483/2308 522/3470/2308 517/3484/2308
f 1147/3483/2309 517/3484/2309 1145/3485/2309
f 1145/3485/2310 517/3484/2310 531/3486/2310
f 1145/3485/2311 531/3486/2311 1143/3487/2311
f 1143/3487/2312 531/3486/2312 1141/3488/2312
f 1141/3488/2313 531/3486/2313 530/3489/2313
f 1141/3488/2314 530/3489/2314 1139/3490/2314
f 1139/3490/2314 530/3489/2314 529/3491/2314
f 1139/3490/2315 529/3491/2315 1137/3492/2315
f 1137/3492/2315 529/3491/2315 528/3493/2315
f 534/3494/2316 1859/2700/2316 528/3495/2316
f 528/3495/2316 1859/2700/2316 1137/1489/2316
f 541/746/2317 543/748/2317 1851/3496/2317
f 1851/3496/2317 1852/3497/2317 541/746/2317
f 541/746/2318 1852/3497/2318 1853/3498/2318
f 541/3499/2319 1853/3500/2319 539/3501/2319
f 539/744/2320 1853/3498/2320 1856/3502/2320
f 539/744/2321 1856/3502/2321 537/742/2321
f 537/742/2322 1856/3502/2322 1855/3503/2322
f 537/3504/2323 1855/2693/2323 535/3505/2323
f 535/3505/2323 1855/2693/2323 1857/2695/2323
f 535/3505/2324 1857/2695/2324 534/3494/2324
f 534/3494/2325 1857/2695/2325 1858/2698/2325
f 534/3494/2326 1858/2698/2326 1859/2700/2326
f 1851/3496/2327 543/748/2327 1864/3506/2327
f 1864/3506/2328 543/748/2328 547/752/2328
f 1864/3506/2329 547/752/2329 1862/3507/2329
f 1862/3507/2329 547/752/2329 544/749/2329
f 1862/3507/2330 544/749/2330 1133/3508/2330
f 1133/3508/2330 544/749/2330 545/750/2330
f 546/751/2331 553/758/2331 1115/3509/2331
f 1133/3508/2332 545/750/2332 1134/3510/2332
f 1134/3510/2333 545/750/2333 546/751/2333
f 1134/3510/2334 546/751/2334 1135/3511/2334
f 1135/3511/2331 546/751/2331 1115/3509/2331
f 555/760/2335 1117/3512/2335 553/758/2335
f 553/758/2336 1117/3512/2336 1115/3509/2336
f 580/789/2337 581/790/2337 1131/3513/2337
f 1131/3513/2337 1129/3514/2337 580/789/2337
f 580/789/2338 1129/3514/2338 1127/3515/2338
f 580/789/2339 1127/3515/2339 602/817/2339
f 602/817/2340 1127/3515/2340 1125/3516/2340
f 602/817/2341 1125/3516/2341 567/772/2341
f 567/772/2342 1125/3516/2342 1123/3517/2342
f 567/772/2343 1123/3517/2343 557/762/2343
f 557/762/2344 1123/3517/2344 1121/3518/2344
f 557/762/2345 1121/3518/2345 555/760/2345
f 555/760/2346 1121/3518/2346 1119/3519/2346
f 555/760/2347 1119/3519/2347 1117/3512/2347
f 1131/3513/2348 581/790/2348 1869/3520/2348
f 1869/3520/2348 581/790/2348 594/808/2348
f 1869/3520/2349 594/808/2349 1865/3521/2349
f 1865/3521/2350 594/808/2350 592/806/2350
f 1865/3521/2351 592/806/2351 1866/3522/2351
f 1866/3522/2352 592/806/2352 1873/3523/2352
f 1873/3523/2353 592/806/2353 590/804/2353
f 1873/3523/2354 590/804/2354 1871/3524/2354
f 1871/3525/2354 590/3526/2354 577/786/2354
f 1871/3525/2355 577/786/2355 1097/3527/2355
f 1097/3527/2355 577/786/2355 576/785/2355
f 583/794/2356 452/793/2356 1113/3528/2356
f 588/799/2357 1099/3529/2357 576/785/2357
f 576/785/2357 1099/3529/2357 1097/3527/2357
f 1113/3528/2356 1111/3530/2356 583/794/2356
f 583/794/2358 1111/3530/2358 1109/3531/2358
f 583/794/2359 1109/3531/2359 585/796/2359
f 1109/3531/2360 1107/3532/2360 585/796/2360
f 585/796/2361 1107/3532/2361 1105/3533/2361
f 585/796/2362 1105/3533/2362 587/798/2362
f 587/798/2363 1105/3533/2363 1103/3534/2363
f 587/798/2364 1103/3534/2364 588/799/2364
f 588/799/2365 1103/3534/2365 1101/3535/2365
f 588/799/2366 1101/3535/2366 1099/3529/2366
f 548/3536/2367 1887/2867/2367 549/3537/2367
f 549/3537/2367 1887/2867/2367 1888/2869/2367
f 549/3537/2368 1888/2869/2368 550/3538/2368
f 550/3538/2368 1888/2869/2368 1889/3539/2368
f 550/3540/2369 1889/3541/2369 551/3542/2369
f 551/3542/2369 1889/3541/2369 1890/2874/2369
f 551/3542/2370 1890/2874/2370 552/3543/2370
f 552/3543/2370 1890/2874/2370 1891/2875/2370
f 552/3544/2371 1891/3545/2371 554/3546/2371
f 554/3546/2371 1891/3545/2371 1892/2877/2371
f 554/3546/2372 1892/2877/2372 556/3547/2372
f 556/3547/2372 1892/2877/2372 1880/2849/2372
f 556/3547/2373 1880/2849/2373 558/3548/2373
f 558/3548/2373 1880/2849/2373 1881/2851/2373
f 558/3548/2374 1881/2851/2374 565/3549/2374
f 565/3549/2374 1881/2851/2374 1882/3550/2374
f 565/3551/2375 1882/2855/2375 564/3552/2375
f 564/3552/2375 1882/2855/2375 1883/2857/2375
f 564/3552/2045 1883/2857/2045 562/3553/2045
f 562/3553/2045 1883/2857/2045 1884/2859/2045
f 562/3553/2376 1884/2859/2376 560/3554/2376
f 560/3554/2376 1884/2859/2376 1885/2861/2376
f 560/3555/2377 1885/3556/2377 559/3557/2377
f 559/3557/2377 1885/3556/2377 1886/2865/2377
f 559/3557/2378 1886/2865/2378 548/3536/2378
f 548/3536/2378 1886/2865/2378 1887/2867/2378
f 601/3558/1337 1900/2897/1337 578/3559/1337
f 578/3559/1337 1900/2897/1337 1901/2899/1337
f 578/3559/2379 1901/2899/2379 579/3560/2379
f 579/3560/2379 1901/2899/2379 1902/3561/2379
f 579/3562/2380 1902/2902/2380 596/3563/2380
f 596/3563/2380 1902/2902/2380 1903/2903/2380
f 596/3563/1333 1903/2903/1333 595/3564/1333
f 595/3564/1333 1903/2903/1333 1904/2904/1333
f 595/3564/2381 1904/2904/2381 593/3565/2381
f 593/3565/2381 1904/2904/2381 1905/2905/2381
f 593/3566/2382 1905/3567/2382 591/3568/2382
f 591/3568/2382 1905/3567/2382 1906/2907/2382
f 591/3568/1351 1906/2907/1351 589/3569/1351
f 589/3569/1351 1906/2907/1351 1893/2879/1351
f 589/3569/646 1893/2879/646 574/3570/646
f 574/3570/646 1893/2879/646 1894/2881/646
f 574/3570/649 1894/2881/649 572/3571/649
f 572/3571/649 1894/2881/649 1895/3572/649
f 572/3573/2383 1895/2885/2383 571/3574/2383
f 571/3574/2383 1895/2885/2383 1896/2887/2383
f 571/3574/2045 1896/2887/2045 597/3575/2045
f 597/3575/2045 1896/2887/2045 1897/2889/2045
f 597/3575/2384 1897/2889/2384 598/3576/2384
f 598/3576/2384 1897/2889/2384 1898/2891/2384
f 598/3577/2385 1898/3578/2385 600/3579/2385
f 600/3579/2385 1898/3578/2385 1899/2895/2385
f 600/3579/2386 1899/2895/2386 601/3558/2386
f 601/3558/2386 1899/2895/2386 1900/2897/2386
f 1914/2929/1337 1924/2942/1337 464/3580/1337
f 464/3580/2387 1924/2942/2387 466/3581/2387
f 1924/2942/1339 1925/3582/1339 466/3581/1339
f 466/3581/1340 1925/3582/1340 1923/3583/1340
f 466/3581/2388 1923/3583/2388 467/3584/2388
f 1923/2941/1342 1922/2940/1342 467/3585/1342
f 467/3585/1343 1922/2940/1343 1921/2939/1343
f 467/3585/2389 1921/2939/2389 453/3586/2389
f 1921/2939/1345 1920/2938/1345 453/3586/1345
f 453/3586/1346 1920/2938/1346 1919/2937/1346
f 453/3586/2390 1919/2937/2390 606/3587/2390
f 1919/2937/1348 1918/2936/1348 606/3587/1348
f 606/3587/1349 1918/2936/1349 1917/2935/1349
f 606/3588/2391 1917/3589/2391 607/3590/2391
f 1907/2909/1351 603/3591/1351 1915/2932/1351
f 1915/2932/2392 603/3591/2392 607/3590/2392
f 1915/2932/1353 607/3590/1353 1916/2933/1353
f 1916/2933/1354 607/3590/1354 1917/3589/1354
f 603/3591/2373 1907/2909/2373 442/3592/2373
f 442/3592/2373 1907/2909/2373 1908/2911/2373
f 442/3592/2374 1908/2911/2374 443/3593/2374
f 443/3593/2374 1908/2911/2374 1909/3594/2374
f 443/3595/2375 1909/2915/2375 456/3596/2375
f 456/3596/2375 1909/2915/2375 1910/2917/2375
f 456/3596/2045 1910/2917/2045 459/3597/2045
f 459/3597/2045 1910/2917/2045 1911/2919/2045
f 459/3597/2376 1911/2919/2376 460/3598/2376
f 460/3598/2376 1911/2919/2376 1912/2921/2376
f 460/3599/2377 1912/3600/2377 462/3601/2377
f 462/3601/2377 1912/3600/2377 1913/2927/2377
f 462/3601/2378 1913/2927/2378 464/3580/2378
f 464/3580/2378 1913/2927/2378 1914/2929/2378
f 1933/2966/1337 1943/2979/1337 473/3602/1337
f 473/3602/2387 1943/2979/2387 471/3603/2387
f 1943/2979/1339 1944/3604/1339 471/3603/1339
f 471/3603/1340 1944/3604/1340 1942/3605/1340
f 471/3603/2388 1942/3605/2388 470/3606/2388
f 1942/3607/1342 1941/3608/1342 470/3609/1342
f 470/3609/1343 1941/3608/1343 1940/3610/1343
f 470/3609/2389 1940/3610/2389 448/3611/2389
f 1940/2976/1345 1939/2975/1345 448/3612/1345
f 448/3612/1346 1939/2975/1346 1938/2974/1346
f 448/3611/2390 1938/3613/2390 449/3614/2390
f 1938/2974/1348 1937/2973/1348 449/3615/1348
f 449/3615/1349 1937/2973/1349 1936/2972/1349
f 449/3616/2391 1936/3617/2391 608/3618/2391
f 1926/2946/1351 610/3619/1351 1934/2969/1351
f 1934/2969/2392 610/3619/2392 608/3618/2392
f 1934/2969/1353 608/3618/1353 1935/2970/1353
f 1935/2970/1354 608/3618/1354 1936/3617/1354
f 610/3619/2373 1926/2946/2373 611/3620/2373
f 611/3620/2373 1926/2946/2373 1927/2948/2373
f 611/3620/2374 1927/2948/2374 612/3621/2374
f 612/3621/2374 1927/2948/2374 1928/3622/2374
f 612/3623/2375 1928/2952/2375 479/3624/2375
f 479/3624/2375 1928/2952/2375 1929/2954/2375
f 479/3624/2045 1929/2954/2045 478/3625/2045
f 478/3625/2045 1929/2954/2045 1930/2956/2045
f 478/3625/2376 1930/2956/2376 477/3626/2376
f 477/3626/2376 1930/2956/2376 1931/2958/2376
f 477/3627/2377 1931/3628/2377 475/3629/2377
f 475/3629/2377 1931/3628/2377 1932/2964/2377
f 475/3629/2378 1932/2964/2378 473/3602/2378
f 473/3602/2378 1932/2964/2378 1933/2966/2378
f 500/3630/1337 1952/3001/1337 621/3631/1337
f 621/3631/1337 1952/3001/1337 1953/3003/1337
f 621/3631/2379 1953/3003/2379 620/3632/2379
f 620/3632/2379 1953/3003/2379 1954/3633/2379
f 620/3634/2380 1954/3006/2380 619/3635/2380
f 619/3635/2380 1954/3006/2380 1955/3007/2380
f 619/3635/1333 1955/3007/1333 617/3636/1333
f 617/3636/1333 1955/3007/1333 1956/3008/1333
f 617/3636/2381 1956/3008/2381 493/3637/2381
f 493/3637/2381 1956/3008/2381 1957/3009/2381
f 493/3638/2382 1957/3639/2382 494/3640/2382
f 494/3640/2382 1957/3639/2382 1958/3011/2382
f 494/3640/1351 1958/3011/1351 498/3641/1351
f 498/3641/1351 1958/3011/1351 1945/2983/1351
f 498/3641/646 1945/2983/646 492/3642/646
f 492/3642/646 1945/2983/646 1946/2985/646
f 492/3643/649 1946/3644/649 497/3645/649
f 497/3645/649 1946/3644/649 1947/3646/649
f 497/3647/2383 1947/2989/2383 622/3648/2383
f 622/3648/2383 1947/2989/2383 1948/2991/2383
f 622/3648/2045 1948/2991/2045 623/3649/2045
f 623/3649/2045 1948/2991/2045 1949/2993/2045
f 623/3649/2384 1949/2993/2384 625/3650/2384
f 625/3650/2384 1949/2993/2384 1950/2995/2384
f 625/3651/2385 1950/3652/2385 499/3653/2385
f 499/3653/2385 1950/3652/2385 1951/2999/2385
f 499/3653/2386 1951/2999/2386 500/3630/2386
f 500/3630/2386 1951/2999/2386 1952/3001/2386
f 861/1158/1337 2030/3131/1337 512/3654/1337
f 512/3654/2387 2030/3131/2387 504/3655/2387
f 2030/3131/2393 2031/3656/2393 504/3655/2393
f 504/3655/1340 2031/3656/1340 2029/3657/1340
f 504/3655/2388 2029/3657/2388 505/3658/2388
f 2029/3130/1342 2028/3129/1342 505/3659/1342
f 505/3659/1343 2028/3129/1343 2027/3128/1343
f 505/3659/2389 2027/3128/2389 511/3660/2389
f 2027/3128/2394 2026/3127/2394 511/3660/2394
f 511/3660/1346 2026/3127/1346 2025/3126/1346
f 511/3660/2390 2025/3126/2390 508/3661/2390
f 2025/3126/2395 2024/3125/2395 508/3661/2395
f 508/3661/1349 2024/3125/1349 2023/3124/1349
f 508/3662/2391 2023/3663/2391 510/3664/2391
f 872/1171/1351 523/3665/1351 2021/3121/1351
f 2021/3121/2392 523/3665/2392 510/3664/2392
f 2021/3121/2396 510/3664/2396 2022/3122/2396
f 2022/3122/1354 510/3664/1354 2023/3663/1354
f 523/3665/660 872/1171/660 874/1173/660
f 523/3665/2397 874/1173/2397 521/3666/2397
f 521/3666/2398 874/1173/2398 876/3667/2398
f 521/3666/2374 876/3667/2374 515/3668/2374
f 515/3669/2399 876/1177/2399 877/1178/2399
f 515/3669/2400 877/1178/2400 516/3670/2400
f 516/3670/2401 877/1178/2401 870/1169/2401
f 516/3670/2045 870/1169/2045 520/3671/2045
f 870/1169/2402 869/1168/2402 520/3671/2402
f 520/3671/2403 869/1168/2403 868/1167/2403
f 520/3671/2376 868/1167/2376 519/3672/2376
f 519/3672/2404 868/1167/2404 866/1165/2404
f 866/1165/2405 865/1164/2405 519/3672/2405
f 519/3673/2406 865/3674/2406 863/1160/2406
f 519/3673/2407 863/1160/2407 514/3675/2407
f 514/3675/2408 863/1160/2408 861/1158/2408
f 514/3675/2378 861/1158/2378 512/3654/2378
f 532/733/2409 513/714/2409 756/3676/2409
f 2111/3677/2410 734/3678/2410 733/3679/2410
f 727/3680/2411 726/3681/2411 533/3682/2411
f 533/3682/2412 726/3681/2412 2059/3683/2412
f 533/739/2413 2059/3684/2413 536/741/2413
f 536/3685/2414 2059/3234/2414 2061/3239/2414
f 536/741/2415 2061/3686/2415 538/743/2415
f 538/3687/2416 2061/3239/2416 2062/3240/2416
f 483/680/2417 2111/3677/2417 485/682/2417
f 485/682/2410 2111/3677/2410 733/3679/2410
f 485/682/2418 733/3679/2418 487/684/2418
f 733/3688/2419 736/3689/2419 487/686/2419
f 487/686/2420 736/3689/2420 737/3690/2420
f 487/686/2421 737/3690/2421 614/833/2421
f 737/3690/2422 739/3691/2422 614/833/2422
f 614/833/2423 739/3691/2423 738/3692/2423
f 614/833/2424 738/3692/2424 615/834/2424
f 738/3693/2425 741/3694/2425 615/3695/2425
f 615/3695/2426 741/3694/2426 740/3696/2426
f 615/3695/2427 740/3696/2427 616/3697/2427
f 740/3696/2428 745/3698/2428 616/3697/2428
f 616/3699/2429 745/3700/2429 744/3701/2429
f 616/3699/2430 744/3701/2430 618/3702/2430
f 618/3702/2430 744/3701/2430 743/3703/2430
f 618/3702/2431 743/3703/2431 613/3704/2431
f 743/3703/2432 742/3705/2432 613/3704/2432
f 613/3704/2433 742/3705/2433 746/3706/2433
f 613/832/2434 746/3707/2434 441/634/2434
f 746/3706/2435 747/3708/2435 441/3709/2435
f 441/634/2436 747/3710/2436 748/3711/2436
f 441/634/2437 748/3711/2437 439/632/2437
f 748/3711/2438 749/3712/2438 439/632/2438
f 439/632/2439 749/3712/2439 750/3713/2439
f 439/632/2440 750/3713/2440 507/855/2440
f 750/3713/2441 751/3714/2441 507/855/2441
f 507/708/2442 751/3715/2442 752/3716/2442
f 507/708/2443 752/3716/2443 506/707/2443
f 752/3716/2444 753/3717/2444 506/707/2444
f 506/707/2445 753/3717/2445 754/3718/2445
f 506/707/2446 754/3718/2446 513/714/2446
f 513/714/2447 754/3718/2447 755/3719/2447
f 513/714/2448 755/3719/2448 756/3676/2448
f 532/733/2449 756/3676/2449 533/734/2449
f 533/734/2450 756/3676/2450 729/3720/2450
f 533/3682/2451 729/3721/2451 727/3680/2451
f 483/680/2452 481/678/2452 2111/3677/2452
f 2111/3677/2453 481/678/2453 480/677/2453
f 2111/3677/2454 480/677/2454 734/3678/2454
f 734/3678/2455 480/677/2455 2052/3722/2455
f 2052/3722/2456 480/677/2456 626/856/2456
f 2052/3722/2457 626/856/2457 2050/3723/2457
f 628/858/2458 629/860/2458 627/857/2458
f 627/857/2459 629/860/2459 2050/3723/2459
f 627/857/2460 2050/3723/2460 626/856/2460
f 538/3687/2461 2062/3240/2461 540/3724/2461
f 540/3724/2462 2062/3240/2462 2063/3241/2462
f 540/745/2463 2063/3725/2463 542/747/2463
f 542/747/2464 2063/3725/2464 2060/3726/2464
f 772/3727/2465 450/3728/2465 770/3729/2465
f 770/3729/2465 450/3728/2465 582/3730/2465
f 770/3729/2466 582/3730/2466 814/3731/2466
f 814/3731/2467 582/3730/2467 584/3732/2467
f 814/3733/2468 584/3734/2468 815/3735/2468
f 815/3735/2469 584/3734/2469 816/3736/2469
f 816/3736/2470 584/3734/2470 586/3737/2470
f 816/3736/2471 586/3737/2471 812/3738/2471
f 812/3738/2472 586/3737/2472 813/3739/2472
f 813/3739/2473 586/3737/2473 575/3740/2473
f 813/3739/2474 575/3740/2474 809/3741/2474
f 809/3742/2475 575/3743/2475 810/3744/2475
f 810/3744/2476 575/3743/2476 573/3745/2476
f 810/3744/2477 573/3745/2477 807/3746/2477
f 807/3746/2478 573/3745/2478 805/3747/2478
f 805/3747/2478 573/3745/2478 570/3748/2478
f 805/3747/2479 570/3748/2479 804/3749/2479
f 804/3749/2480 570/3748/2480 569/3750/2480
f 804/3749/2481 569/3750/2481 802/3751/2481
f 802/3751/2482 569/3750/2482 801/3752/2482
f 801/3752/2483 569/3750/2483 599/3753/2483
f 801/3752/2484 599/3753/2484 799/3754/2484
f 799/3754/2485 599/3753/2485 798/3755/2485
f 798/3755/2486 599/3753/2486 566/3756/2486
f 798/3755/2487 566/3756/2487 796/3757/2487
f 796/3757/2488 566/3756/2488 568/3758/2488
f 796/3757/2489 568/3758/2489 795/3759/2489
f 795/3759/2490 568/3758/2490 563/3760/2490
f 795/3759/2491 563/3760/2491 793/3761/2491
f 793/3761/2492 563/3760/2492 792/3762/2492
f 792/3762/2493 563/3760/2493 561/3763/2493
f 792/3762/2494 561/3763/2494 790/3764/2494
f 790/3764/2495 561/3763/2495 436/3765/2495
f 790/3764/2496 436/3765/2496 789/3766/2496
f 789/3766/2497 436/3765/2497 438/3767/2497
f 789/3766/2498 438/3767/2498 787/3768/2498
f 787/3768/2499 438/3767/2499 776/3769/2499
f 776/3769/2500 438/3767/2500 542/3770/2500
f 776/1056/2501 542/3771/2501 775/1055/2501
f 775/1055/2502 542/3771/2502 2060/3238/2502
f 775/3772/2503 2060/3773/2503 773/3774/2503
f 450/3728/2504 772/3727/2504 451/3775/2504
f 451/3775/2505 772/3727/2505 2112/3776/2505
f 451/3775/2506 2112/3776/2506 430/622/2506
f 430/622/2507 2112/3776/2507 431/623/2507
f 839/3398/392 416/604/392 2104/3399/392
f 2104/3399/392 416/604/392 419/609/392
f 2113/3777/2508 413/3778/2508 2114/3779/2508
f 2114/3779/2509 413/3778/2509 414/3780/2509
f 2114/3779/2510 414/3780/2510 858/3781/2510
f 858/3781/2511 414/3780/2511 417/3782/2511
f 2115/3783/2512 410/3784/2512 2116/3785/2512
f 2116/3785/2513 410/3784/2513 409/3786/2513
f 2116/3785/2514 409/3786/2514 2113/3777/2514
f 2113/3777/2515 409/3786/2515 408/3787/2515
f 2113/3777/2516 408/3787/2516 413/3778/2516
f 2117/3788/2517 407/3789/2517 2118/3790/2517
f 2118/3790/2518 407/3789/2518 406/3791/2518
f 2118/3790/2519 406/3791/2519 2119/3792/2519
f 2119/3792/2520 406/3791/2520 404/3793/2520
f 2119/3792/2521 404/3793/2521 2115/3783/2521
f 2115/3783/2522 404/3793/2522 402/3794/2522
f 2115/3783/2523 402/3794/2523 410/3784/2523
f 416/604/392 839/3398/392 417/605/392
f 417/605/392 839/3398/392 838/1156/392
f 2100/3795/665 2101/3796/665 2120/3797/665
f 2120/3798/2524 2101/3799/2524 2102/3800/2524
f 2120/3798/665 2102/3800/665 2121/3801/665
f 2092/3802/2525 2122/3803/2525 2091/3804/2525
f 2091/3804/2526 2122/3803/2526 2123/3805/2526
f 2091/3804/2527 2123/3805/2527 2090/3806/2527
f 2090/3806/665 2123/3805/665 2124/3807/665
f 2103/3808/665 636/3809/665 2085/3313/665
f 2119/3792/665 2115/3783/665 2084/3810/665
f 2084/3810/665 2115/3783/665 2116/3785/665
f 2084/3810/665 2116/3785/665 2113/3777/665
f 2039/3148/665 2038/3146/665 2085/3313/665
f 2085/3313/665 2038/3146/665 2037/3143/665
f 2085/3313/665 2037/3143/665 2036/3141/665
f 2036/3141/665 2034/3138/665 2085/3313/665
f 2085/3313/665 2034/3138/665 2035/3139/665
f 2085/3313/665 2035/3139/665 2033/3136/665
f 2125/3811/665 2117/3788/665 2084/3810/665
f 2084/3810/665 2117/3788/665 2118/3790/665
f 2084/3810/665 2118/3790/665 2119/3792/665
f 2113/3777/665 2114/3779/665 2084/3810/665
f 2084/3810/665 2114/3779/665 858/3781/665
f 2084/3812/665 858/3813/665 2085/3313/665
f 2085/3313/665 858/3813/665 859/3150/665
f 2085/3313/665 859/3150/665 2039/3148/665
f 2124/3807/665 2126/3814/665 2090/3806/665
f 2090/3806/665 2126/3814/665 2125/3811/665
f 2090/3806/665 2125/3811/665 2089/3815/665
f 2089/3815/665 2125/3811/665 2084/3810/665
f 2089/3815/665 2084/3810/665 639/3816/665
f 2033/3136/665 2032/3135/665 2085/3313/665
f 2085/3313/665 2032/3135/665 2041/3153/665
f 2085/3313/665 2041/3153/665 2103/3808/665
f 2103/3817/665 2041/3818/665 2127/3819/665
f 2103/3817/665 2127/3819/665 2102/3800/665
f 2102/3820/665 2127/3821/665 2128/3822/665
f 2102/3800/665 2128/3823/665 2121/3801/665
f 2125/3811/2528 134/3824/2528 2117/3788/2528
f 2117/3788/2528 134/3824/2528 407/3789/2528
f 856/1152/2529 2129/3825/2529 857/1153/2529
f 857/1153/2529 2129/3825/2529 2040/3152/2529
f 2127/3821/2530 2041/3153/2530 2040/3152/2530
f 2127/3821/2531 2040/3152/2531 2128/3822/2531
f 2040/3152/2532 2130/3826/2532 2128/3822/2532
f 2128/3822/2533 2130/3826/2533 2131/3827/2533
f 2128/3822/2534 2131/3827/2534 2121/3828/2534
f 2121/3828/2535 2131/3827/2535 2132/3829/2535
f 2121/3828/2536 2132/3829/2536 2120/3797/2536
f 2120/3797/2537 2132/3829/2537 2133/3830/2537
f 2133/3830/2538 2134/3831/2538 2120/3797/2538
f 2120/3797/2539 2134/3831/2539 92/3832/2539
f 2120/3797/2540 92/3832/2540 2100/3795/2540
f 2135/3833/2541 2136/3834/2541 2137/3835/2541
f 135/3836/2542 2092/3802/2542 2138/3837/2542
f 2138/3837/2543 2092/3802/2543 2139/3838/2543
f 2140/3839/2544 2141/3840/2544 2139/3838/2544
f 2139/3838/2545 2141/3840/2545 2142/3841/2545
f 2139/3838/2546 2142/3841/2546 2138/3837/2546
f 2143/3842/2547 2135/3843/2547 2144/3844/2547
f 2144/3845/2548 2135/3846/2548 2137/3847/2548
f 2144/3845/2549 2137/3847/2549 2140/3839/2549
f 2140/3839/2550 2137/3847/2550 2145/3848/2550
f 2140/3839/2551 2145/3848/2551 2141/3840/2551
f 2146/3849/2552 2147/3850/2552 2143/3851/2552
f 2143/3852/2553 2147/3853/2553 2148/3854/2553
f 2143/3855/2554 2148/3856/2554 2135/3857/2554
f 2135/3857/2555 2148/3856/2555 2136/3858/2555
f 2149/3859/2556 2150/3860/2556 2151/3861/2556
f 2151/3861/2557 2150/3860/2557 2152/3862/2557
f 2151/3861/2558 2152/3862/2558 103/3863/2558
f 2151/3861/2559 2153/3864/2559 2149/3859/2559
f 2149/3859/2560 2153/3864/2560 2154/3865/2560
f 2149/3859/2561 2154/3865/2561 2155/3866/2561
f 2155/3866/2562 2154/3865/2562 2156/3867/2562
f 2155/3866/2563 2156/3867/2563 2157/3868/2563
f 2157/3868/2563 2156/3867/2563 2158/3869/2563
f 2157/3868/2564 2158/3869/2564 2159/3870/2564
f 2159/3870/2564 2158/3869/2564 369/3871/2564
f 2159/3870/2565 369/3871/2565 2160/3872/2565
f 2160/3872/2565 369/3871/2565 368/3873/2565
f 2160/3872/2566 368/3873/2566 2161/3874/2566
f 368/3875/2567 373/3876/2567 2161/3877/2567
f 2161/3877/2568 373/3876/2568 374/3878/2568
f 2161/3877/2569 374/3878/2569 2162/3879/2569
f 2162/3879/2570 374/3878/2570 376/3880/2570
f 2162/3879/2571 376/3880/2571 2163/3881/2571
f 2163/3881/2571 376/3880/2571 378/3882/2571
f 2163/3883/2572 378/3884/2572 2164/3885/2572
f 2164/3885/2572 378/3884/2572 380/3886/2572
f 2164/3885/2573 380/3886/2573 2165/3887/2573
f 2165/3887/2573 380/3886/2573 382/3888/2573
f 2165/3887/2574 382/3888/2574 2166/3889/2574
f 2166/3889/2574 382/3888/2574 384/3890/2574
f 2166/3891/2575 384/3892/2575 2167/3893/2575
f 2167/3893/2575 384/3892/2575 385/3894/2575
f 2167/3893/2576 385/3894/2576 2168/3895/2576
f 2168/3895/2576 385/3894/2576 387/3896/2576
f 2168/3897/2577 387/3898/2577 2169/3899/2577
f 2169/3900/2577 387/3901/2577 390/3902/2577
f 2169/3900/2578 390/3902/2578 2170/3903/2578
f 2170/3903/2578 390/3902/2578 392/3904/2578
f 2170/3903/2579 392/3904/2579 2171/3905/2579
f 2171/3905/2579 392/3904/2579 394/3906/2579
f 2171/3907/2580 394/3908/2580 2172/3909/2580
f 2172/3909/2580 394/3908/2580 400/3910/2580
f 2172/3909/2581 400/3910/2581 2173/3911/2581
f 400/3910/2581 399/3912/2581 2173/3911/2581
f 2173/3911/2582 399/3912/2582 397/3913/2582
f 2173/3911/2583 397/3913/2583 2174/3914/2583
f 2174/3915/2584 397/3916/2584 396/3917/2584
f 2174/3915/2585 396/3917/2585 2175/3918/2585
f 2175/3918/2585 396/3917/2585 367/3919/2585
f 2175/3918/2586 367/3919/2586 2176/3920/2586
f 2176/3921/2586 367/3922/2586 2177/3923/2586
f 2176/3921/2587 2177/3923/2587 2178/3924/2587
f 2178/3924/2587 2177/3923/2587 2179/3925/2587
f 2178/3924/2588 2179/3925/2588 2146/3926/2588
f 2146/3927/2589 2179/3928/2589 2180/3929/2589
f 2146/3930/2590 2180/3931/2590 2147/3932/2590
f 2097/3353/171 2181/3933/171 2096/3350/171
f 2096/3350/171 2181/3933/171 2182/3934/171
f 2092/3339/171 2093/3341/171 2139/3935/171
f 2139/3935/171 2093/3341/171 2094/3343/171
f 2139/3935/171 2094/3343/171 2095/3936/171
f 2097/3353/171 2098/3355/171 2181/3933/171
f 2181/3933/171 2098/3355/171 2099/3357/171
f 2181/3933/171 2099/3357/171 2100/3360/171
f 2183/3937/171 2184/3938/171 2096/3350/171
f 2096/3349/171 2184/3939/171 2185/3940/171
f 2096/3349/171 2185/3940/171 2186/3941/171
f 2095/3936/171 2096/3942/171 2139/3935/171
f 2139/3935/171 2096/3942/171 2186/3943/171
f 2139/3935/171 2186/3943/171 2140/3944/171
f 2140/3944/171 2186/3943/171 2187/3945/171
f 2140/3944/171 2187/3945/171 2144/3946/171
f 2144/3946/171 2187/3945/171 2188/3947/171
f 2183/3937/171 2096/3350/171 2189/3948/171
f 2189/3948/171 2096/3350/171 2182/3934/171
f 2189/3948/171 2182/3934/171 2190/3949/171
f 2190/3949/171 2182/3934/171 2191/3950/171
f 2190/3949/171 2191/3950/171 2192/3951/171
f 2192/3951/171 2191/3950/171 2150/3952/171
f 2192/3951/171 2150/3952/171 2193/3953/171
f 2193/3953/171 2150/3952/171 2149/3954/171
f 2193/3953/171 2149/3954/171 2194/3955/171
f 2194/3956/171 2149/3957/171 2155/3958/171
f 2194/3956/171 2155/3958/171 2195/3959/171
f 2195/3959/171 2155/3958/171 2157/3960/171
f 2195/3959/171 2157/3960/171 370/3961/171
f 370/3961/171 2157/3960/171 2159/3962/171
f 370/3961/171 2159/3962/171 371/3963/171
f 371/3963/171 2159/3962/171 2160/3964/171
f 371/3963/171 2160/3964/171 372/3965/171
f 372/3965/171 2160/3964/171 2161/3966/171
f 372/3965/171 2161/3966/171 375/3967/171
f 375/3967/171 2161/3966/171 2162/3968/171
f 375/3967/171 2162/3968/171 377/3969/171
f 377/3970/171 2162/3971/171 2163/3972/171
f 377/3970/171 2163/3972/171 379/3973/171
f 379/3973/171 2163/3972/171 2164/3974/171
f 379/3973/171 2164/3974/171 381/3975/171
f 381/3975/171 2164/3974/171 2165/3976/171
f 381/3975/171 2165/3976/171 383/3977/171
f 383/3977/171 2165/3976/171 2166/3978/171
f 383/3977/171 2166/3978/171 386/3979/171
f 386/3979/171 2166/3978/171 2167/3980/171
f 386/3979/171 2167/3980/171 388/3981/171
f 388/3982/171 2167/3983/171 2168/3984/171
f 388/3982/171 2168/3984/171 389/3985/171
f 389/3985/171 2168/3984/171 2169/3986/171
f 389/3985/171 2169/3986/171 391/3987/171
f 391/3987/171 2169/3986/171 2170/3988/171
f 391/3987/171 2170/3988/171 393/3989/171
f 393/3989/171 2170/3988/171 2171/3990/171
f 393/3989/171 2171/3990/171 395/3991/171
f 395/3991/171 2171/3990/171 2172/3992/171
f 395/3991/171 2172/3992/171 398/3993/171
f 398/3994/171 2172/3995/171 2173/3996/171
f 398/3994/171 2173/3996/171 365/3997/171
f 365/3997/171 2173/3996/171 2174/3998/171
f 365/3997/171 2174/3998/171 366/3999/171
f 366/3999/171 2174/3998/171 2175/4000/171
f 366/3999/171 2175/4000/171 2196/4001/171
f 2196/4001/171 2175/4000/171 2176/4002/171
f 2196/4001/171 2176/4002/171 2197/4003/171
f 2197/4003/171 2176/4002/171 2178/4004/171
f 2197/4003/171 2178/4004/171 2198/4005/171
f 2198/4005/171 2178/4004/171 2146/4006/171
f 2198/4007/171 2146/4008/171 2188/3947/171
f 2188/3947/171 2146/4008/171 2143/4009/171
f 2188/3947/171 2143/4009/171 2144/3946/171
f 2177/4010/2591 367/536/2591 366/535/2591
f 2147/4011/2592 2180/4012/2592 2198/4013/2592
f 2198/4013/2593 2180/4012/2593 2179/4014/2593
f 2198/4013/2594 2179/4014/2594 2197/4015/2594
f 2197/4015/2595 2179/4014/2595 2177/4010/2595
f 2197/4015/2596 2177/4010/2596 2196/4016/2596
f 2196/4016/2597 2177/4010/2597 366/535/2597
f 2199/4017/2598 26/4018/2598 2136/4019/2598
f 2147/4011/2599 2198/4013/2599 2148/4020/2599
f 2148/4020/2600 2198/4013/2600 2188/4021/2600
f 2148/4022/2601 2188/4023/2601 2136/4019/2601
f 2136/4019/2602 2188/4023/2602 2187/4024/2602
f 2136/4019/2603 2187/4024/2603 2199/4017/2603
f 2185/4025/2604 2184/4026/2604 2/4027/2604
f 2/4027/2605 2200/4028/2605 2185/4025/2605
f 2185/4025/2606 2200/4028/2606 2201/4029/2606
f 2185/4025/2607 2201/4029/2607 2186/4030/2607
f 2186/4030/2608 2201/4029/2608 2202/4031/2608
f 2186/4030/2609 2202/4031/2609 2187/4024/2609
f 2187/4024/2610 2202/4031/2610 2203/4032/2610
f 2187/4024/2611 2203/4032/2611 2199/4017/2611
f 659/4033/2612 658/4034/2612 290/4035/2612
f 290/4035/2613 318/4036/2613 659/4033/2613
f 659/4033/2614 318/4036/2614 323/4037/2614
f 659/4033/2614 323/4037/2614 661/4038/2614
f 661/4039/2615 323/4040/2615 325/4041/2615
f 661/4039/2615 325/4041/2615 663/4042/2615
f 663/4042/2616 325/4041/2616 327/4043/2616
f 663/4042/2616 327/4043/2616 665/4044/2616
f 665/4045/2617 327/470/2617 341/468/2617
f 665/4046/2618 341/4047/2618 667/4048/2618
f 341/4047/2619 339/4049/2619 667/4048/2619
f 667/4048/2620 339/4049/2620 337/4050/2620
f 667/4048/2621 337/4050/2621 669/4051/2621
f 337/4050/2622 335/4052/2622 669/4051/2622
f 669/4051/2623 335/4052/2623 333/4053/2623
f 669/4051/2624 333/4053/2624 671/4054/2624
f 671/4054/2625 333/4053/2625 331/4055/2625
f 671/4054/2626 331/4055/2626 673/4056/2626
f 673/4056/2626 331/4055/2626 329/4057/2626
f 673/4056/2627 329/4057/2627 674/4058/2627
f 674/4058/2627 329/4057/2627 328/4059/2627
f 674/4058/2628 328/4059/2628 635/4060/2628
f 635/4060/2628 328/4059/2628 264/4061/2628
f 656/4062/2629 292/411/2629 658/4063/2629
f 658/4063/2629 292/411/2629 290/409/2629
f 644/4064/2630 642/4065/2630 317/4066/2630
f 640/4067/2631 244/4068/2631 641/4069/2631
f 641/4069/2632 244/4068/2632 287/4070/2632
f 641/4069/2633 287/4070/2633 642/4065/2633
f 642/4065/2634 287/4070/2634 285/4071/2634
f 642/4065/2635 285/4071/2635 317/4066/2635
f 317/4066/2636 316/4072/2636 644/4064/2636
f 644/4064/2637 316/4072/2637 314/4073/2637
f 644/4064/2638 314/4073/2638 646/4074/2638
f 314/4073/2639 312/4075/2639 646/4074/2639
f 646/4074/2640 312/4075/2640 310/4076/2640
f 646/4077/2641 310/4078/2641 648/4079/2641
f 648/4079/2642 310/4078/2642 308/4080/2642
f 648/4079/2643 308/4080/2643 650/4081/2643
f 308/4080/2644 306/4082/2644 650/4081/2644
f 650/4081/2645 306/4082/2645 304/4083/2645
f 650/4081/2646 304/4083/2646 652/4084/2646
f 304/4083/2647 302/4085/2647 652/4084/2647
f 652/4084/2648 302/4085/2648 300/4086/2648
f 652/4087/2649 300/4088/2649 654/4089/2649
f 300/4090/2650 298/4091/2650 654/4092/2650
f 654/4093/2651 298/419/2651 296/417/2651
f 654/4094/2652 296/415/2652 656/4062/2652
f 656/4095/2653 296/4096/2653 294/4097/2653
f 656/4062/2654 294/413/2654 292/411/2654
f 279/395/2655 241/393/2655 633/864/2655
f 633/864/2656 241/393/2656 634/865/2656
f 2204/4098/2657 758/1036/2657 757/1035/2657
f 819/4099/2657 273/385/2657 757/4100/2657
f 757/4100/2657 273/385/2657 272/384/2657
f 757/4100/2657 272/384/2657 2204/4101/2657
f 771/1051/2658 766/1046/2658 764/1045/2658
f 262/372/2659 260/370/2659 433/4102/2659
f 433/4102/2660 431/4103/2660 760/4104/2660
f 760/4104/2661 759/4105/2661 433/4102/2661
f 433/4102/2662 759/4105/2662 758/4106/2662
f 433/4102/2663 758/4106/2663 262/372/2663
f 262/372/2664 758/4106/2664 2204/4101/2664
f 262/372/2665 2204/4101/2665 272/384/2665
f 772/1052/2666 771/1051/2666 2112/4107/2666
f 2112/4107/2667 771/1051/2667 764/1045/2667
f 2112/4108/2668 764/4109/2668 431/4110/2668
f 431/4111/2669 764/1042/2669 763/1041/2669
f 431/4103/2670 763/4112/2670 760/4104/2670
f 260/627/2671 259/4113/2671 435/628/2671
f 435/628/2672 259/4113/2672 2205/4114/2672
f 271/4115/2673 174/254/2673 270/4116/2673
f 270/4116/2674 174/254/2674 2206/4117/2674
f 2206/4117/2675 2207/4118/2675 270/4116/2675
f 270/4116/2676 2207/4118/2676 2208/4119/2676
f 270/4120/2677 2208/4121/2677 268/4122/2677
f 268/4122/2678 2208/4121/2678 2209/4123/2678
f 268/4122/2679 2209/4123/2679 259/4113/2679
f 259/4113/2680 2209/4123/2680 2210/4124/2680
f 259/4113/2681 2210/4124/2681 2205/4114/2681
f 263/4125/2682 2085/3313/2682 264/4126/2682
f 264/4126/2682 2085/3313/2682 636/3809/2682
f 264/4061/2682 636/4127/2682 635/4060/2682
f 274/386/2683 273/385/2683 819/4099/2683
f 2085/3313/2684 263/4125/2684 2087/3314/2684
f 2087/4128/2685 263/381/2685 269/379/2685
f 2087/4128/2686 269/379/2686 2088/4129/2686
f 2088/4129/2687 269/379/2687 267/377/2687
f 276/388/2688 2070/4130/2688 261/371/2688
f 261/371/2689 2070/4130/2689 2078/4131/2689
f 261/371/2690 2078/4131/2690 266/376/2690
f 266/376/2691 2078/4131/2691 2079/4132/2691
f 266/376/2692 2079/4132/2692 267/377/2692
f 267/377/2693 2079/4132/2693 2081/4133/2693
f 267/377/2694 2081/4133/2694 2088/4129/2694
f 819/4099/2695 2066/4134/2695 274/386/2695
f 274/386/2696 2066/4134/2696 2067/4135/2696
f 274/386/2697 2067/4135/2697 275/387/2697
f 275/387/2698 2067/4135/2698 2073/4136/2698
f 275/387/2699 2073/4136/2699 276/388/2699
f 276/388/2700 2073/4136/2700 2071/4137/2700
f 276/388/2701 2071/4137/2701 2070/4130/2701
f 241/347/2702 240/346/2702 634/4138/2702
f 717/973/2703 718/976/2703 2051/3214/2703
f 2051/3214/2704 718/976/2704 732/992/2704
f 2051/3214/2705 732/992/2705 731/991/2705
f 717/972/2706 2051/3212/2706 716/970/2706
f 716/970/2707 2051/3212/2707 2050/3211/2707
f 716/970/2708 2050/3211/2708 715/968/2708
f 715/968/2709 2050/3211/2709 629/4139/2709
f 715/968/2710 629/4139/2710 714/965/2710
f 714/965/2711 629/4139/2711 630/4140/2711
f 714/965/2712 630/4140/2712 713/962/2712
f 634/4138/2713 240/346/2713 248/356/2713
f 634/4138/2714 248/356/2714 632/4141/2714
f 630/4140/2715 632/4141/2715 713/962/2715
f 713/962/2716 632/4141/2716 248/356/2716
f 713/962/2717 248/356/2717 2211/4142/2717
f 2211/4142/2718 248/356/2718 250/358/2718
f 249/357/2719 675/4143/2719 250/358/2719
f 250/358/2719 675/4143/2719 682/963/2719
f 250/358/2720 682/963/2720 2211/4142/2720
f 2211/4142/2721 682/963/2721 713/962/2721
f 249/357/2722 247/355/2722 675/4143/2722
f 675/4143/2723 247/355/2723 2069/4144/2723
f 2069/4144/2724 247/355/2724 2068/4145/2724
f 2068/4145/2725 247/355/2725 246/354/2725
f 2068/4145/2726 246/354/2726 2075/4146/2726
f 2075/4146/2727 246/354/2727 2074/4147/2727
f 2074/4147/2728 246/354/2728 258/368/2728
f 2074/4147/2729 258/368/2729 2072/4148/2729
f 2072/4148/2730 258/368/2730 2080/4149/2730
f 2080/4149/2731 258/368/2731 257/367/2731
f 2080/4149/2732 257/367/2732 2076/4150/2732
f 2076/4150/2733 257/367/2733 256/366/2733
f 2076/4150/2734 256/366/2734 2077/4151/2734
f 2077/4151/2735 256/366/2735 2082/4152/2735
f 2082/4152/2736 256/366/2736 251/359/2736
f 2082/4152/2737 251/359/2737 2083/4153/2737
f 2083/4153/2738 251/359/2738 252/360/2738
f 2083/4153/2739 252/360/2739 2086/4154/2739
f 2086/4154/2740 252/360/2740 245/362/2740
f 2086/4155/2741 245/4156/2741 2084/3810/2741
f 2084/3810/2742 245/4156/2742 639/3816/2742
f 639/3816/2742 245/4156/2742 244/4157/2742
f 639/4158/2742 244/4068/2742 640/4067/2742
f 2212/4159/2743 2213/4160/2743 237/341/2743
f 237/341/2743 2213/4160/2743 238/342/2743
f 2213/4161/171 2214/4162/171 238/4163/171
f 238/4163/171 2214/4162/171 239/4164/171
f 2215/4165/171 344/4166/171 2216/4167/171
f 2216/4168/171 344/473/171 2217/4169/171
f 2216/4167/171 2218/4170/171 2215/4165/171
f 2215/4165/171 2218/4170/171 2219/4171/171
f 2215/4165/171 2219/4171/171 428/4172/171
f 428/4172/171 2219/4171/171 426/4173/171
f 2214/4162/171 2220/4174/171 239/4164/171
f 239/4164/171 2220/4174/171 2221/4175/171
f 239/4164/171 2221/4175/171 362/4176/171
f 362/525/171 2221/4177/171 2222/4178/171
f 362/525/171 2222/4178/171 363/527/171
f 344/473/171 345/475/171 2217/4169/171
f 2217/4169/171 345/475/171 346/477/171
f 2217/4169/171 346/477/171 2223/4179/171
f 2223/4179/171 346/477/171 347/479/171
f 2223/4180/171 347/481/171 2224/4181/171
f 2224/4181/171 347/481/171 348/484/171
f 2224/4181/171 348/484/171 2225/4182/171
f 2225/4182/171 348/484/171 349/487/171
f 2225/4182/171 349/487/171 2226/4183/171
f 2226/4183/171 349/487/171 350/490/171
f 2226/4183/171 350/490/171 2227/4184/171
f 2227/4184/171 350/490/171 351/494/171
f 2227/4184/171 351/494/171 2228/4185/171
f 2228/4185/171 351/494/171 352/497/171
f 2228/4185/171 352/497/171 2229/4186/171
f 2229/4186/171 352/497/171 353/500/171
f 2229/4186/171 353/500/171 2230/4187/171
f 2230/4187/171 353/500/171 354/501/171
f 2230/4187/171 354/501/171 2231/4188/171
f 2231/4188/171 354/501/171 355/503/171
f 2231/4188/171 355/503/171 2232/4189/171
f 2232/4189/171 355/503/171 356/506/171
f 2232/4189/171 356/506/171 2233/4190/171
f 2233/4190/171 356/506/171 357/509/171
f 2233/4190/171 357/509/171 2234/4191/171
f 2234/4191/171 357/509/171 358/512/171
f 2234/4191/171 358/512/171 2235/4192/171
f 2235/4193/171 358/515/171 359/517/171
f 2235/4193/171 359/517/171 2236/4194/171
f 2236/4194/171 359/517/171 360/520/171
f 2236/4194/171 360/520/171 2237/4195/171
f 2237/4195/171 360/520/171 361/523/171
f 2237/4196/171 361/531/171 2222/4178/171
f 2222/4178/171 361/531/171 364/529/171
f 2222/4178/171 364/529/171 363/527/171
f 428/620/2744 429/621/2744 2215/4197/2744
f 2215/4197/2744 429/621/2744 225/318/2744
f 2215/4197/2745 225/318/2745 232/333/2745
f 233/4198/2746 234/4199/2746 265/4200/2746
f 265/4200/2747 234/4199/2747 235/4201/2747
f 265/4200/2748 235/4201/2748 236/4202/2748
f 344/473/2749 2215/4203/2749 265/474/2749
f 265/4200/2749 2215/4165/2749 232/4204/2749
f 265/4200/2750 232/4204/2750 233/4198/2750
f 229/4205/2751 362/4176/2751 228/4206/2751
f 228/4206/2752 362/4176/2752 243/4207/2752
f 228/4206/2753 243/4207/2753 227/4208/2753
f 229/4205/2754 231/4209/2754 362/4176/2754
f 362/4176/2755 231/4209/2755 230/4210/2755
f 362/4176/2756 230/4210/2756 239/4164/2756
f 2129/4211/2757 856/3413/2757 149/4212/2757
f 149/4212/2758 856/3413/2758 220/3412/2758
f 405/587/2759 133/4213/2759 425/617/2759
f 425/617/2759 133/4213/2759 219/4214/2759
f 419/4215/2760 214/305/2760 2104/4216/2760
f 2104/4216/2760 214/305/2760 213/303/2760
f 2104/4216/2761 213/303/2761 212/4217/2761
f 2104/4216/2762 212/4217/2762 2105/4218/2762
f 2105/4218/2763 212/4217/2763 192/4219/2763
f 2105/4220/2764 192/278/2764 2106/4221/2764
f 2106/4222/2765 192/4223/2765 191/4224/2765
f 2106/4221/2766 191/277/2766 2108/4225/2766
f 2108/4225/2767 191/277/2767 190/276/2767
f 2108/4225/2768 190/276/2768 2107/4226/2768
f 2107/4226/2769 190/276/2769 173/253/2769
f 2107/4226/2770 173/253/2770 2109/4227/2770
f 2109/4227/2771 173/253/2771 172/252/2771
f 2109/4227/2772 172/252/2772 2110/4228/2772
f 172/252/2773 189/275/2773 2110/4228/2773
f 2110/4228/2774 189/275/2774 209/297/2774
f 2110/4228/2775 209/297/2775 220/313/2775
f 203/291/2776 425/4229/2776 211/299/2776
f 211/299/2776 425/4229/2776 219/4230/2776
f 418/4231/2777 193/279/2777 419/4232/2777
f 419/4232/2778 193/279/2778 214/306/2778
f 425/4229/2779 203/291/2779 424/4233/2779
f 424/4233/2780 203/291/2780 202/290/2780
f 424/4233/2781 202/290/2781 423/4234/2781
f 423/4234/2782 202/290/2782 178/258/2782
f 423/615/2783 178/4235/2783 422/614/2783
f 422/4236/2784 178/258/2784 176/256/2784
f 422/4236/2785 176/256/2785 421/4237/2785
f 421/4237/2786 176/256/2786 175/255/2786
f 421/613/2787 175/4238/2787 420/612/2787
f 420/4239/2788 175/255/2788 195/281/2788
f 420/4239/2789 195/281/2789 418/4231/2789
f 418/4231/2790 195/281/2790 194/280/2790
f 418/4231/2791 194/280/2791 193/279/2791
f 271/4115/2749 226/322/2749 174/254/2749
f 174/254/2749 226/322/2749 208/296/2749
f 631/862/2792 628/858/2792 609/824/2792
f 430/859/2793 432/4240/2793 604/819/2793
f 604/819/2794 432/4240/2794 434/4241/2794
f 604/819/2795 434/4241/2795 605/820/2795
f 631/862/2796 609/824/2796 633/864/2796
f 633/864/2797 609/824/2797 605/4242/2797
f 633/864/2798 605/4242/2798 279/395/2798
f 279/4243/2799 605/820/2799 434/4241/2799
f 279/4244/2800 434/4245/2800 278/4246/2800
f 278/4246/2801 434/4245/2801 280/4247/2801
f 280/4248/2802 434/4241/2802 435/4249/2802
f 280/4247/2803 435/4250/2803 281/4251/2803
f 2206/4252/2804 174/302/2804 277/4253/2804
f 277/4253/2805 174/302/2805 177/304/2805
f 435/4249/2806 2205/4254/2806 281/4255/2806
f 281/4255/2807 2205/4254/2807 2210/4256/2807
f 281/4257/2808 2210/4258/2808 282/4259/2808
f 282/4259/2808 2210/4258/2808 2209/4260/2808
f 282/4259/2809 2209/4260/2809 283/4261/2809
f 283/4261/2809 2209/4260/2809 2208/4262/2809
f 283/4261/2810 2208/4262/2810 277/4253/2810
f 277/4253/2810 2208/4262/2810 2207/4263/2810
f 277/4253/2811 2207/4263/2811 2206/4252/2811
f 177/257/2756 204/292/2756 254/389/2756
f 254/389/2756 204/292/2756 223/316/2756
f 205/293/2812 210/298/2812 221/314/2812
f 221/314/2812 210/298/2812 237/4264/2812
f 160/227/2813 2212/4265/2813 210/4266/2813
f 210/4266/2814 2212/4265/2814 237/4267/2814
f 2212/4268/2815 160/4269/2815 159/4270/2815
f 157/4271/2816 2230/4272/2816 2231/4273/2816
f 157/4271/2816 2231/4273/2816 164/4274/2816
f 164/4274/2817 2231/4273/2817 2232/4275/2817
f 164/4274/2817 2232/4275/2817 165/4276/2817
f 165/4277/2818 2232/4278/2818 2233/4279/2818
f 165/4277/2818 2233/4279/2818 166/4280/2818
f 166/4280/2819 2233/4279/2819 2234/4281/2819
f 166/4280/2819 2234/4281/2819 161/4282/2819
f 161/4282/2820 2234/4281/2820 2235/4283/2820
f 161/4282/2820 2235/4283/2820 182/4284/2820
f 182/4284/2821 2235/4283/2821 2236/4285/2821
f 182/4284/2821 2236/4285/2821 183/4286/2821
f 183/4287/2822 2236/4288/2822 2237/4289/2822
f 183/4287/2822 2237/4289/2822 185/4290/2822
f 185/4290/2823 2237/4289/2823 2222/4291/2823
f 185/4290/2823 2222/4291/2823 186/4292/2823
f 186/4292/2824 2222/4291/2824 2221/4293/2824
f 186/4292/2824 2221/4293/2824 184/4294/2824
f 184/4294/2825 2221/4293/2825 2220/4295/2825
f 184/4294/2825 2220/4295/2825 162/4296/2825
f 162/4296/2826 2220/4295/2826 2214/4297/2826
f 162/4296/2826 2214/4297/2826 159/4270/2826
f 159/4270/2827 2214/4297/2827 2213/4298/2827
f 159/4270/2827 2213/4298/2827 2212/4268/2827
f 427/4299/2828 426/4300/2828 2219/4301/2828
f 158/4302/2829 163/4303/2829 427/4299/2829
f 427/4299/2828 2219/4301/2828 158/4302/2828
f 158/4302/2830 2219/4301/2830 2218/4304/2830
f 158/4302/2830 2218/4304/2830 196/4305/2830
f 196/4305/2831 2218/4304/2831 2216/4306/2831
f 196/4305/2831 2216/4306/2831 197/4307/2831
f 197/4308/2832 2216/4309/2832 2217/4310/2832
f 197/4308/2832 2217/4310/2832 198/4311/2832
f 198/4311/2833 2217/4310/2833 2223/4312/2833
f 198/4311/2833 2223/4312/2833 199/4313/2833
f 199/4314/2834 2223/4315/2834 2224/4316/2834
f 199/4314/2834 2224/4316/2834 200/4317/2834
f 200/4317/2835 2224/4316/2835 2225/4318/2835
f 200/4317/2835 2225/4318/2835 201/4319/2835
f 201/4319/2836 2225/4318/2836 2226/4320/2836
f 201/4319/2836 2226/4320/2836 179/4321/2836
f 179/4321/2837 2226/4320/2837 2227/4322/2837
f 179/4321/2837 2227/4322/2837 180/4323/2837
f 180/4323/2838 2227/4322/2838 2228/4324/2838
f 180/4323/2838 2228/4324/2838 181/4325/2838
f 181/4326/2839 2228/4327/2839 2229/4328/2839
f 181/4326/2839 2229/4328/2839 156/4329/2839
f 156/4329/2840 2229/4328/2840 2230/4272/2840
f 156/4329/2840 2230/4272/2840 157/4271/2840
f 427/4330/2841 163/4331/2841 429/4332/2841
f 429/4333/2842 163/4334/2842 187/4335/2842
f 429/4336/2843 187/273/2843 225/4337/2843
f 225/4337/2843 187/273/2843 188/274/2843
f 133/4338/2844 405/4339/2844 134/3824/2844
f 134/3824/2844 405/4339/2844 407/3789/2844
f 134/3824/2845 2125/3811/2845 2126/3814/2845
f 134/3824/2846 2126/3814/2846 132/4340/2846
f 132/4340/2847 2126/3814/2847 2124/3807/2847
f 132/4340/2848 2124/3807/2848 130/4341/2848
f 130/4341/2849 2124/3807/2849 128/4342/2849
f 128/4342/2850 2124/3807/2850 2123/3805/2850
f 128/4342/2851 2123/3805/2851 137/4343/2851
f 137/4343/2852 2123/3805/2852 135/3836/2852
f 135/3836/2853 2123/3805/2853 2122/3803/2853
f 135/3836/2854 2122/3803/2854 2092/3802/2854
f 217/310/2855 215/307/2855 168/4344/2855
f 168/243/2856 215/4345/2856 216/4346/2856
f 168/243/2857 216/4346/2857 167/241/2857
f 167/241/2858 216/4346/2858 109/4347/2858
f 167/241/2859 109/4347/2859 108/249/2859
f 168/243/2860 171/246/2860 217/4348/2860
f 217/4348/2861 171/246/2861 170/245/2861
f 217/4348/2862 170/245/2862 218/4349/2862
f 170/245/2863 169/244/2863 218/4349/2863
f 218/4349/2864 169/244/2864 211/299/2864
f 218/4349/2865 211/299/2865 219/4230/2865
f 118/4350/2866 114/4351/2866 145/4352/2866
f 145/4352/2867 114/4351/2867 2238/4353/2867
f 145/4352/2868 2238/4353/2868 146/4354/2868
f 2238/4353/2869 2239/4355/2869 146/4354/2869
f 146/4354/2870 2239/4355/2870 2240/4356/2870
f 146/4354/2871 2240/4356/2871 153/4357/2871
f 153/4357/2872 2240/4356/2872 2241/4358/2872
f 153/4357/2873 2241/4358/2873 151/4359/2873
f 151/4359/2874 2241/4358/2874 2129/4211/2874
f 151/4359/2875 2129/4211/2875 149/4212/2875
f 92/144/2876 2134/4360/2876 93/145/2876
f 93/145/2877 2134/4360/2877 2133/4361/2877
f 93/145/2878 2133/4361/2878 2240/4356/2878
f 2240/4356/2879 2133/4361/2879 2132/4362/2879
f 2240/4356/2880 2132/4362/2880 2241/4358/2880
f 2238/4353/2881 114/4351/2881 116/4363/2881
f 2240/4356/2882 2239/4355/2882 93/145/2882
f 93/145/2883 2239/4355/2883 2238/4353/2883
f 93/145/2884 2238/4353/2884 2242/4364/2884
f 2242/4364/2885 2238/4353/2885 116/4363/2885
f 2242/4364/2886 116/4363/2886 2243/4365/2886
f 2243/4365/2887 116/4363/2887 117/4366/2887
f 2040/4367/2888 2129/4211/2888 2130/4368/2888
f 2130/4368/2889 2129/4211/2889 2241/4358/2889
f 2130/4368/2890 2241/4358/2890 2131/4369/2890
f 2131/4369/2891 2241/4358/2891 2132/4362/2891
f 104/4370/2892 102/4371/2892 2191/4372/2892
f 102/4371/2893 103/3863/2893 2191/4372/2893
f 2191/4372/2894 103/3863/2894 2152/3862/2894
f 2191/4372/2895 2152/3862/2895 2150/3860/2895
f 104/4370/2896 2191/4372/2896 94/4373/2896
f 94/4373/2897 2191/4372/2897 2182/4374/2897
f 94/4373/2898 2182/4374/2898 95/4375/2898
f 95/4376/2899 2182/4377/2899 97/4378/2899
f 97/4378/2900 2182/4377/2900 2181/4379/2900
f 97/4378/2901 2181/4379/2901 99/4380/2901
f 99/4380/2902 2181/4379/2902 91/4381/2902
f 91/4381/2903 2181/4379/2903 2100/3795/2903
f 91/4381/2904 2100/3795/2904 92/3832/2904
f 23/27/2905 2244/4382/2905 24/28/2905
f 24/28/2906 2244/4382/2906 2137/3835/2906
f 24/28/2907 2137/3835/2907 26/30/2907
f 26/30/2908 2137/3835/2908 2136/3834/2908
f 2244/4382/2909 2245/4383/2909 2137/3835/2909
f 2137/3835/2910 2245/4383/2910 2246/4384/2910
f 2137/3835/2911 2246/4384/2911 2145/4385/2911
f 2246/4384/2912 2247/4386/2912 2145/4385/2912
f 2145/4387/2913 2247/4388/2913 2248/4389/2913
f 2145/4387/2914 2248/4389/2914 2141/4390/2914
f 2141/4390/2915 2248/4389/2915 2142/4391/2915
f 2142/4391/2916 2248/4389/2916 2249/4392/2916
f 2142/4391/2917 2249/4392/2917 2138/4393/2917
f 2138/4393/2918 2249/4392/2918 136/197/2918
f 2138/4393/2919 136/197/2919 135/196/2919
f 11/4394/2920 2190/4395/2920 103/4396/2920
f 103/4396/2921 2190/4395/2921 2192/4397/2921
f 103/4396/2922 2192/4397/2922 2151/4398/2922
f 2151/4398/2923 2192/4397/2923 2153/4399/2923
f 2153/4399/2924 2192/4397/2924 2193/4400/2924
f 2153/4399/2925 2193/4400/2925 2154/4401/2925
f 2154/4401/2926 2193/4400/2926 2194/4402/2926
f 2154/4401/2927 2194/4402/2927 2156/4403/2927
f 2156/4404/2928 2194/4405/2928 2195/4406/2928
f 2156/4404/2929 2195/4406/2929 2158/4407/2929
f 2158/4407/2930 2195/4406/2930 370/539/2930
f 2158/4407/2931 370/539/2931 369/538/2931
f 3/4408/2932 2/4409/2932 2184/4410/2932
f 2184/4410/2933 2183/4411/2933 3/4408/2933
f 3/4408/2934 2183/4411/2934 2189/4412/2934
f 3/4408/2935 2189/4412/2935 8/4413/2935
f 11/4394/2936 10/4414/2936 2190/4395/2936
f 2190/4395/2937 10/4414/2937 4/4415/2937
f 2190/4395/2938 4/4415/2938 2189/4412/2938
f 2189/4412/2939 4/4415/2939 9/4416/2939
f 2189/4412/2940 9/4416/2940 8/4413/2940
f 2250/4417/2941 76/100/2941 34/99/2941
f 34/99/2942 39/4418/2942 2250/4417/2942
f 2250/4417/2943 39/4418/2943 38/4419/2943
f 2250/4417/2944 38/4419/2944 2251/4420/2944
f 38/4419/2945 37/4421/2945 2251/4420/2945
f 2251/4420/2946 37/4421/2946 32/4422/2946
f 2251/4420/2947 32/4422/2947 2252/4423/2947
f 32/4422/2948 31/4424/2948 2252/4423/2948
f 2252/4423/2949 31/4424/2949 27/4425/2949
f 2252/4423/2950 27/4425/2950 2253/4426/2950
f 2253/4426/2951 27/4425/2951 26/4427/2951
f 26/4427/2952 2199/4428/2952 2253/4426/2952
f 2253/4426/2953 2199/4428/2953 2203/4429/2953
f 2253/4426/2954 2203/4429/2954 2254/4430/2954
f 2203/4429/2955 2202/4431/2955 2254/4430/2955
f 2254/4432/2956 2202/4433/2956 2201/4434/2956
f 2254/4432/2957 2201/4434/2957 2255/4435/2957
f 2201/4434/2958 2200/4436/2958 2255/4435/2958
f 2255/4435/2959 2200/4436/2959 2/2/2959
f 2255/4435/2959 2/2/2959 1/1/2959
f 117/4437/665 115/4438/665 7/4439/665
f 7/4439/665 115/4438/665 123/4440/665
f 7/4441/665 123/4442/665 1/4443/665
f 123/4442/665 124/4444/665 1/4443/665
f 1/4445/665 124/4446/665 2255/4447/665
f 2255/4447/665 124/4446/665 127/4448/665
f 2255/4447/665 127/4448/665 2254/4449/665
f 2254/4449/665 127/4448/665 111/4450/665
f 2254/4449/665 111/4450/665 2253/4451/665
f 2253/4451/665 111/4450/665 110/4452/665
f 2253/4451/665 110/4452/665 2252/4453/665
f 136/4454/2960 2249/4455/2960 139/4456/2960
f 139/4456/2961 2249/4455/2961 2248/4457/2961
f 139/4456/2524 2248/4457/2524 144/4458/2524
f 7/4439/665 6/4459/665 117/4437/665
f 117/4437/665 6/4459/665 5/4460/665
f 117/4437/2526 5/4460/2526 2243/4461/2526
f 2243/4461/2962 5/4460/2962 98/4462/2962
f 98/4462/2963 100/4463/2963 2243/4461/2963
f 2243/4461/2964 100/4463/2964 101/4464/2964
f 2243/4461/2965 101/4464/2965 2242/4465/2965
f 2242/4465/2966 101/4464/2966 93/4466/2966
f 106/4467/2967 105/4468/2967 5/4460/2967
f 5/4460/2968 105/4468/2968 96/4469/2968
f 5/4460/2969 96/4469/2969 98/4462/2969
f 106/4467/2970 5/4460/2970 28/4470/2970
f 28/4470/665 5/4460/665 12/4471/665
f 28/4470/665 12/4471/665 29/4472/665
f 29/4472/665 12/4471/665 15/4473/665
f 29/4472/665 15/4473/665 74/4474/665
f 74/4474/665 15/4473/665 18/4475/665
f 74/4474/665 18/4475/665 73/4476/665
f 73/4476/665 18/4475/665 20/4477/665
f 73/4476/665 20/4477/665 70/4478/665
f 70/4478/665 20/4477/665 75/4479/665
f 70/4478/665 75/4479/665 67/4480/665
f 67/4480/665 75/4479/665 78/4481/665
f 67/4482/665 78/4483/665 66/4484/665
f 66/4484/665 78/4483/665 79/4485/665
f 66/4484/665 79/4485/665 64/4486/665
f 64/4486/665 79/4485/665 80/4487/665
f 64/4486/665 80/4487/665 62/4488/665
f 62/4488/665 80/4487/665 81/4489/665
f 62/4488/665 81/4489/665 60/4490/665
f 60/4490/665 81/4489/665 82/4491/665
f 60/4490/665 82/4491/665 57/4492/665
f 57/4492/665 82/4491/665 83/4493/665
f 57/4492/665 83/4493/665 55/4494/665
f 55/4494/665 83/4493/665 84/4495/665
f 55/4494/665 84/4495/665 54/4496/665
f 54/4496/665 84/4495/665 85/4497/665
f 54/4496/665 85/4497/665 52/4498/665
f 52/4498/665 85/4497/665 86/4499/665
f 52/4500/665 86/4501/665 50/4502/665
f 50/4502/665 86/4501/665 87/4503/665
f 50/4502/665 87/4503/665 48/4504/665
f 48/4504/665 87/4503/665 88/4505/665
f 48/4506/665 88/4507/665 45/4508/665
f 45/4508/665 88/4507/665 89/4509/665
f 45/4508/665 89/4509/665 42/4510/665
f 42/4510/665 89/4509/665 90/4511/665
f 42/4510/665 90/4511/665 35/4512/665
f 144/4458/2971 2248/4457/2971 143/4513/2971
f 143/4513/2972 2248/4457/2972 2247/4514/2972
f 143/4513/2973 2247/4514/2973 110/4452/2973
f 110/4452/2974 2247/4514/2974 2246/4515/2974
f 110/4452/2972 2246/4515/2972 2245/4516/2972
f 2245/4516/2975 2244/4517/2975 110/4452/2975
f 110/4452/2976 2244/4517/2976 23/4518/2976
f 110/4452/665 23/4518/665 2252/4453/665
f 2252/4453/665 23/4518/665 25/4519/665
f 2252/4453/665 25/4519/665 2251/4520/665
f 2251/4520/665 25/4519/665 33/4521/665
f 2251/4520/665 33/4521/665 2250/4522/665
f 2250/4523/665 33/4524/665 36/4525/665
f 2250/4523/665 36/4525/665 76/4526/665
f 76/4526/665 36/4525/665 35/4512/665
f 76/4526/665 35/4512/665 77/4527/665
f 77/4527/665 35/4512/665 90/4511/665
f 2256/4528/2977 2257/4529/2977 2258/4530/2977
f 2258/4530/2977 2257/4529/2977 2259/4531/2977
f 2258/4530/1474 2259/4531/1474 2260/4532/1474
f 2260/4532/1474 2259/4531/1474 2261/4533/1474
f 2260/4532/2978 2261/4533/2978 2262/4534/2978
f 2262/4534/2978 2261/4533/2978 2263/4535/2978
f 2262/4534/2979 2263/4535/2979 2264/4536/2979
f 2264/4536/2979 2263/4535/2979 2265/4537/2979
f 2264/4538/171 2266/4539/171 2267/4540/171
f 2267/4540/171 2266/4539/171 2268/4541/171
f 2269/4542/171 2270/4543/171 2267/4540/171
f 2267/4540/171 2270/4543/171 2256/4544/171
f 2267/4540/171 2256/4544/171 2258/4545/171
f 2258/4545/171 2260/4546/171 2267/4540/171
f 2267/4540/171 2260/4546/171 2262/4547/171
f 2267/4540/171 2262/4547/171 2264/4538/171
f 2271/4548/171 2272/4549/171 2273/4550/171
f 2273/4550/171 2272/4549/171 2267/4540/171
f 2273/4550/171 2267/4540/171 2274/4551/171
f 2274/4551/171 2267/4540/171 2268/4541/171
f 2275/4552/665 2276/4553/665 2277/4554/665
f 2277/4554/665 2276/4553/665 2278/4555/665
f 2278/4555/665 2279/4556/665 2277/4554/665
f 2277/4554/665 2279/4556/665 2280/4557/665
f 2277/4554/665 2280/4557/665 2281/4558/665
f 2281/4558/665 2265/4559/665 2277/4554/665
f 2277/4554/665 2265/4559/665 2263/4560/665
f 2277/4554/665 2263/4560/665 2261/4561/665
f 2282/4562/665 2283/4563/665 2257/4564/665
f 2257/4564/665 2283/4563/665 2277/4554/665
f 2257/4564/665 2277/4554/665 2259/4565/665
f 2259/4565/665 2277/4554/665 2261/4561/665
f 2273/4566/2980 2278/4567/2980 2271/4568/2980
f 2271/4568/2980 2278/4567/2980 2276/4569/2980
f 2271/4568/2744 2276/4569/2744 2272/4570/2744
f 2272/4570/2744 2276/4569/2744 2275/4571/2744
f 2272/4572/2981 2275/4573/2981 2267/4574/2981
f 2267/4574/2981 2275/4573/2981 2277/4575/2981
f 2267/4576/2982 2277/4577/2982 2269/4578/2982
f 2269/4578/2982 2277/4577/2982 2283/4579/2982
f 2269/4578/203 2283/4579/203 2270/4580/203
f 2270/4580/203 2283/4579/203 2282/4581/203
f 2270/4582/2983 2282/4583/2983 2256/4584/2983
f 2256/4528/2983 2282/4585/2983 2257/4529/2983
f 2264/4586/2984 2265/4587/2984 2266/4588/2984
f 2266/4588/2984 2265/4587/2984 2281/4589/2984
f 2266/4588/2985 2281/4589/2985 2268/4590/2985
f 2268/4590/2985 2281/4589/2985 2280/4591/2985
f 2268/4590/2986 2280/4591/2986 2274/4592/2986
f 2274/4592/2986 2280/4591/2986 2279/4593/2986
f 2274/4592/1539 2279/4593/1539 2273/4594/1539
f 2273/4594/1539 2279/4593/1539 2278/4595/1539
f 2284/4596/665 2285/4597/665 2286/4598/665
f 2287/4599/665 2288/4600/665 2289/4601/665
f 2290/4602/665 2291/4603/665 2292/4604/665
f 2292/4604/665 2291/4603/665 2284/4596/665
f 2292/4604/665 2284/4596/665 2293/4605/665
f 2293/4605/665 2284/4596/665 2286/4598/665
f 2294/4606/665 2295/4607/665 2287/4599/665
f 2287/4599/665 2295/4607/665 2296/4608/665
f 2287/4599/665 2296/4608/665 2288/4600/665
f 2291/4603/665 2297/4609/665 2284/4596/665
f 2284/4596/665 2297/4609/665 2287/4599/665
f 2284/4596/665 2287/4599/665 2298/4610/665
f 2298/4610/665 2287/4599/665 2289/4601/665
f 2299/4611/2987 2293/4612/2987 2300/4613/2987
f 2300/4613/2987 2293/4612/2987 2286/4614/2987
f 2300/4613/2988 2286/4614/2988 2301/4615/2988
f 2301/4615/2988 2286/4614/2988 2285/4616/2988
f 2301/4615/2989 2285/4616/2989 2302/4617/2989
f 2302/4617/2989 2285/4616/2989 2284/4618/2989
f 2303/4619/171 2304/4620/171 2302/4621/171
f 2302/4621/171 2304/4620/171 2305/4622/171
f 2303/4619/171 2302/4621/171 2306/4623/171
f 2306/4623/171 2302/4621/171 2307/4624/171
f 2306/4623/171 2307/4624/171 2308/4625/171
f 2300/4626/171 2301/4627/171 2299/4628/171
f 2299/4628/171 2301/4627/171 2302/4621/171
f 2299/4628/171 2302/4621/171 2309/4629/171
f 2309/4629/171 2302/4621/171 2305/4622/171
f 2310/4630/171 2311/4631/171 2312/4632/171
f 2312/4632/171 2311/4631/171 2306/4623/171
f 2312/4632/171 2306/4623/171 2313/4633/171
f 2313/4633/171 2306/4623/171 2308/4625/171
f 2312/4634/2990 2296/4635/2990 2310/4636/2990
f 2310/4636/2990 2296/4635/2990 2295/4637/2990
f 2310/4636/2991 2295/4637/2991 2311/4638/2991
f 2311/4638/2991 2295/4637/2991 2294/4639/2991
f 2311/4638/2992 2294/4639/2992 2306/4640/2992
f 2306/4640/2992 2294/4639/2992 2287/4641/2992
f 2306/4642/2993 2287/4643/2993 2303/4644/2993
f 2303/4644/2993 2287/4643/2993 2297/4645/2993
f 2303/4644/2994 2297/4645/2994 2304/4646/2994
f 2304/4646/2994 2297/4645/2994 2291/4647/2994
f 2304/4646/2995 2291/4647/2995 2305/4648/2995
f 2305/4648/2995 2291/4647/2995 2290/4649/2995
f 2305/4648/2996 2290/4649/2996 2309/4650/2996
f 2309/4650/2996 2290/4649/2996 2292/4651/2996
f 2309/4652/2997 2292/4653/2997 2299/4654/2997
f 2299/4611/2997 2292/4655/2997 2293/4612/2997
f 2302/4656/2984 2284/4657/2984 2307/4658/2984
f 2307/4658/2984 2284/4657/2984 2298/4659/2984
f 2307/4658/2985 2298/4659/2985 2308/4660/2985
f 2308/4660/2985 2298/4659/2985 2289/4661/2985
f 2308/4660/2986 2289/4661/2986 2313/4662/2986
f 2313/4662/2986 2289/4661/2986 2288/4663/2986
f 2313/4662/1539 2288/4663/1539 2312/4664/1539
f 2312/4664/1539 2288/4663/1539 2296/4665/1539
f 2314/4666/2977 2315/4667/2977 2316/4668/2977
f 2316/4668/2977 2315/4667/2977 2317/4669/2977
f 2316/4668/1474 2317/4669/1474 2318/4670/1474
f 2318/4670/1474 2317/4669/1474 2319/4671/1474
f 2318/4670/2978 2319/4671/2978 2320/4672/2978
f 2320/4672/2978 2319/4671/2978 2321/4673/2978
f 2320/4672/2979 2321/4673/2979 2322/4674/2979
f 2322/4674/2979 2321/4673/2979 2323/4675/2979
f 2322/4676/171 2324/4677/171 2325/4678/171
f 2325/4678/171 2324/4677/171 2326/4679/171
f 2327/4680/171 2328/4681/171 2325/4678/171
f 2325/4678/171 2328/4681/171 2314/4682/171
f 2325/4678/171 2314/4682/171 2316/4683/171
f 2316/4683/171 2318/4684/171 2325/4678/171
f 2325/4678/171 2318/4684/171 2320/4685/171
f 2325/4678/171 2320/4685/171 2322/4676/171
f 2329/4686/171 2330/4687/171 2331/4688/171
f 2331/4688/171 2330/4687/171 2325/4678/171
f 2331/4688/171 2325/4678/171 2332/4689/171
f 2332/4689/171 2325/4678/171 2326/4679/171
f 2333/4690/665 2334/4691/665 2335/4692/665
f 2335/4692/665 2334/4691/665 2336/4693/665
f 2336/4693/665 2337/4694/665 2335/4692/665
f 2335/4692/665 2337/4694/665 2338/4695/665
f 2335/4696/665 2338/4697/665 2339/4698/665
f 2339/4698/665 2323/4699/665 2335/4696/665
f 2335/4696/665 2323/4699/665 2321/4700/665
f 2335/4696/665 2321/4700/665 2319/4701/665
f 2340/4702/665 2341/4703/665 2315/4704/665
f 2315/4704/665 2341/4703/665 2335/4696/665
f 2315/4704/665 2335/4696/665 2317/4705/665
f 2317/4705/665 2335/4696/665 2319/4701/665
f 2331/4706/2980 2336/4707/2980 2329/4708/2980
f 2329/4709/2980 2336/4710/2980 2334/4711/2980
f 2329/4709/2744 2334/4711/2744 2330/4712/2744
f 2330/4712/2744 2334/4711/2744 2333/4713/2744
f 2330/4714/2981 2333/4651/2981 2325/4715/2981
f 2325/4715/2981 2333/4651/2981 2335/4716/2981
f 2325/4715/2982 2335/4716/2982 2327/4717/2982
f 2327/4717/2982 2335/4716/2982 2341/4718/2982
f 2327/4717/203 2341/4718/203 2328/4719/203
f 2328/4719/203 2341/4718/203 2340/4720/203
f 2328/4721/2983 2340/4722/2983 2314/4666/2983
f 2314/4666/2983 2340/4722/2983 2315/4667/2983
f 2322/4723/2984 2323/4724/2984 2324/4725/2984
f 2324/4725/2984 2323/4724/2984 2339/4726/2984
f 2324/4725/2985 2339/4726/2985 2326/4727/2985
f 2326/4727/2985 2339/4726/2985 2338/4728/2985
f 2326/4727/2986 2338/4728/2986 2332/4729/2986
f 2332/4729/2986 2338/4728/2986 2337/4730/2986
f 2332/4729/1539 2337/4730/1539 2331/4731/1539
f 2331/4731/1539 2337/4730/1539 2336/4732/1539
f 2342/4733/2977 2343/4734/2977 2344/4735/2977
f 2344/4735/2977 2343/4734/2977 2345/4736/2977
f 2344/4735/1474 2345/4736/1474 2346/4737/1474
f 2346/4737/1474 2345/4736/1474 2347/4738/1474
f 2346/4737/2978 2347/4738/2978 2348/4739/2978
f 2348/4739/2978 2347/4738/2978 2349/4740/2978
f 2348/4739/2979 2349/4740/2979 2350/4741/2979
f 2350/4741/2979 2349/4740/2979 2351/4742/2979
f 2350/4743/171 2352/4744/171 2353/4745/171
f 2353/4745/171 2352/4744/171 2354/4746/171
f 2355/4747/171 2356/4748/171 2353/4745/171
f 2353/4745/171 2356/4748/171 2342/4749/171
f 2353/4745/171 2342/4749/171 2344/4750/171
f 2344/4750/171 2346/4751/171 2353/4745/171
f 2353/4745/171 2346/4751/171 2348/4752/171
f 2353/4745/171 2348/4752/171 2350/4743/171
f 2357/4753/171 2358/4754/171 2359/4755/171
f 2359/4755/171 2358/4754/171 2353/4745/171
f 2359/4755/171 2353/4745/171 2360/4756/171
f 2360/4756/171 2353/4745/171 2354/4746/171
f 2361/4757/665 2362/4758/665 2363/4759/665
f 2363/4759/665 2362/4758/665 2364/4760/665
f 2364/4760/665 2365/4761/665 2363/4759/665
f 2363/4759/665 2365/4761/665 2366/4762/665
f 2363/4759/665 2366/4762/665 2367/4763/665
f 2367/4763/665 2351/4764/665 2363/4759/665
f 2363/4759/665 2351/4764/665 2349/4765/665
f 2363/4759/665 2349/4765/665 2347/4766/665
f 2368/4767/665 2369/4768/665 2343/4769/665
f 2343/4769/665 2369/4768/665 2363/4759/665
f 2343/4769/665 2363/4759/665 2345/4770/665
f 2345/4770/665 2363/4759/665 2347/4766/665
f 2359/4771/2980 2364/4772/2980 2357/4773/2980
f 2357/4773/2980 2364/4772/2980 2362/4774/2980
f 2357/4773/2744 2362/4774/2744 2358/4775/2744
f 2358/4775/2744 2362/4774/2744 2361/4776/2744
f 2358/4777/2981 2361/4778/2981 2353/4779/2981
f 2353/4779/2981 2361/4778/2981 2363/4780/2981
f 2353/4779/2982 2363/4780/2982 2355/4781/2982
f 2355/4781/2982 2363/4780/2982 2369/4782/2982
f 2355/4781/203 2369/4782/203 2356/4783/203
f 2356/4783/203 2369/4782/203 2368/4784/203
f 2356/4785/2983 2368/4786/2983 2342/4733/2983
f 2342/4733/2983 2368/4786/2983 2343/4734/2983
f 2350/4787/2984 2351/4788/2984 2352/4789/2984
f 2352/4789/2984 2351/4788/2984 2367/4790/2984
f 2352/4789/2985 2367/4790/2985 2354/4791/2985
f 2354/4791/2985 2367/4790/2985 2366/4792/2985
f 2354/4791/2986 2366/4792/2986 2360/4793/2986
f 2360/4793/2986 2366/4792/2986 2365/4794/2986
f 2360/4793/1539 2365/4794/1539 2359/4795/1539
f 2359/4795/1539 2365/4794/1539 2364/4796/1539
f 2370/4797/2977 2371/4798/2977 2372/4799/2977
f 2372/4799/2977 2371/4798/2977 2373/4800/2977
f 2372/4799/1474 2373/4800/1474 2374/4801/1474
f 2374/4801/1474 2373/4800/1474 2375/4802/1474
f 2374/4801/2978 2375/4802/2978 2376/4803/2978
f 2376/4803/2978 2375/4802/2978 2377/4804/2978
f 2376/4803/2979 2377/4804/2979 2378/4805/2979
f 2378/4805/2979 2377/4804/2979 2379/4806/2979
f 2378/4807/171 2380/4808/171 2381/4809/171
f 2381/4809/171 2380/4808/171 2382/4810/171
f 2383/4811/171 2384/4812/171 2381/4809/171
f 2381/4809/171 2384/4812/171 2370/4813/171
f 2381/4809/171 2370/4813/171 2372/4814/171
f 2372/4814/171 2374/4815/171 2381/4809/171
f 2381/4809/171 2374/4815/171 2376/4816/171
f 2381/4809/171 2376/4816/171 2378/4807/171
f 2385/4817/171 2386/4818/171 2387/4819/171
f 2387/4819/171 2386/4818/171 2381/4809/171
f 2387/4819/171 2381/4809/171 2388/4820/171
f 2388/4820/171 2381/4809/171 2382/4810/171
f 2389/4821/665 2390/4822/665 2391/4823/665
f 2391/4823/665 2390/4822/665 2392/4824/665
f 2392/4824/665 2393/4825/665 2391/4823/665
f 2391/4823/665 2393/4825/665 2394/4826/665
f 2391/4823/665 2394/4826/665 2395/4827/665
f 2395/4827/665 2379/4828/665 2391/4823/665
f 2391/4823/665 2379/4828/665 2377/4829/665
f 2391/4823/665 2377/4829/665 2375/4830/665
f 2396/4831/665 2397/4832/665 2371/4833/665
f 2371/4833/665 2397/4832/665 2391/4823/665
f 2371/4833/665 2391/4823/665 2373/4834/665
f 2373/4834/665 2391/4823/665 2375/4830/665
f 2387/4835/2980 2392/4836/2980 2385/4837/2980
f 2385/4837/2980 2392/4836/2980 2390/4838/2980
f 2385/4837/2744 2390/4838/2744 2386/4839/2744
f 2386/4839/2744 2390/4838/2744 2389/4840/2744
f 2386/4841/2981 2389/4842/2981 2381/4843/2981
f 2381/4843/2981 2389/4842/2981 2391/4844/2981
f 2381/4843/2982 2391/4844/2982 2383/4845/2982
f 2383/4845/2982 2391/4844/2982 2397/4846/2982
f 2383/4847/203 2397/4848/203 2384/4849/203
f 2384/4849/203 2397/4848/203 2396/4850/203
f 2384/4851/2983 2396/4852/2983 2370/4797/2983
f 2370/4797/2983 2396/4852/2983 2371/4798/2983
f 2378/4853/2984 2379/4854/2984 2380/4855/2984
f 2380/4855/2984 2379/4854/2984 2395/4856/2984
f 2380/4855/2985 2395/4856/2985 2382/4857/2985
f 2382/4857/2985 2395/4856/2985 2394/4858/2985
f 2382/4857/2986 2394/4858/2986 2388/4859/2986
f 2388/4859/2986 2394/4858/2986 2393/4860/2986
f 2388/4859/1539 2393/4860/1539 2387/4861/1539
f 2387/4861/1539 2393/4860/1539 2392/4862/1539
f 2398/4863/2977 2399/4864/2977 2400/4865/2977
f 2400/4865/2977 2399/4864/2977 2401/4866/2977
f 2400/4865/1474 2401/4866/1474 2402/4867/1474
f 2402/4867/1474 2401/4866/1474 2403/4868/1474
f 2402/4867/2978 2403/4868/2978 2404/4869/2978
f 2404/4869/2978 2403/4868/2978 2405/4870/2978
f 2404/4869/2979 2405/4870/2979 2406/4871/2979
f 2406/4871/2979 2405/4870/2979 2407/4872/2979
f 2406/4873/171 2408/4874/171 2409/4875/171
f 2409/4875/171 2408/4874/171 2410/4876/171
f 2411/4877/171 2412/4878/171 2409/4875/171
f 2409/4875/171 2412/4878/171 2398/4879/171
f 2409/4875/171 2398/4879/171 2400/4880/171
f 2400/4880/171 2402/4881/171 2409/4875/171
f 2409/4875/171 2402/4881/171 2404/4882/171
f 2409/4875/171 2404/4882/171 2406/4873/171
f 2413/4883/171 2414/4884/171 2415/4885/171
f 2415/4885/171 2414/4884/171 2409/4875/171
f 2415/4885/171 2409/4875/171 2416/4886/171
f 2416/4886/171 2409/4875/171 2410/4876/171
f 2417/4887/665 2418/4888/665 2419/4889/665
f 2419/4889/665 2418/4888/665 2420/4890/665
f 2420/4890/665 2421/4891/665 2419/4889/665
f 2419/4889/665 2421/4891/665 2422/4892/665
f 2419/4893/665 2422/4894/665 2423/4895/665
f 2423/4895/665 2407/4896/665 2419/4893/665
f 2419/4893/665 2407/4896/665 2405/4897/665
f 2419/4893/665 2405/4897/665 2403/4898/665
f 2424/4899/665 2425/4900/665 2399/4901/665
f 2399/4901/665 2425/4900/665 2419/4893/665
f 2399/4901/665 2419/4893/665 2401/4902/665
f 2401/4902/665 2419/4893/665 2403/4898/665
f 2415/4903/2980 2420/4904/2980 2413/4905/2980
f 2413/4905/2980 2420/4904/2980 2418/4906/2980
f 2413/4905/2744 2418/4906/2744 2414/4907/2744
f 2414/4907/2744 2418/4906/2744 2417/4908/2744
f 2414/4909/2981 2417/4910/2981 2409/4911/2981
f 2409/4911/2981 2417/4910/2981 2419/4912/2981
f 2409/4911/2982 2419/4912/2982 2411/4913/2982
f 2411/4913/2982 2419/4912/2982 2425/4914/2982
f 2411/4913/203 2425/4914/203 2412/4915/203
f 2412/4915/203 2425/4914/203 2424/4916/203
f 2412/4917/2983 2424/4918/2983 2398/4863/2983
f 2398/4863/2983 2424/4918/2983 2399/4864/2983
f 2406/4919/2984 2407/4920/2984 2408/4921/2984
f 2408/4921/2984 2407/4920/2984 2423/4922/2984
f 2408/4921/2985 2423/4922/2985 2410/4923/2985
f 2410/4923/2985 2423/4922/2985 2422/4924/2985
f 2410/4923/2986 2422/4924/2986 2416/4925/2986
f 2416/4925/2986 2422/4924/2986 2421/4926/2986
f 2416/4925/1539 2421/4926/1539 2415/4927/1539
f 2415/4927/1539 2421/4926/1539 2420/4928/1539
f 2426/4929/665 2427/4930/665 2428/4931/665
f 2429/4932/665 2430/4933/665 2431/4934/665
f 2432/4935/665 2433/4936/665 2434/4937/665
f 2434/4937/665 2433/4936/665 2426/4929/665
f 2434/4937/665 2426/4929/665 2435/4938/665
f 2435/4938/665 2426/4929/665 2428/4931/665
f 2435/4938/665 2428/4931/665 2436/4939/665
f 2437/4940/665 2438/4941/665 2429/4932/665
f 2429/4932/665 2438/4941/665 2439/4942/665
f 2429/4932/665 2439/4942/665 2430/4933/665
f 2426/4929/665 2440/4943/665 2427/4930/665
f 2427/4930/665 2440/4943/665 2429/4932/665
f 2427/4930/665 2429/4932/665 2441/4944/665
f 2441/4944/665 2429/4932/665 2431/4934/665
f 2435/4945/2998 2442/4946/2998 2434/4947/2998
f 2434/4947/2998 2442/4946/2998 2443/4948/2998
f 2428/4949/2999 2427/4950/2999 2444/4951/2999
f 2444/4951/3000 2445/4952/3000 2428/4949/3000
f 2428/4949/3001 2445/4952/3001 2446/4953/3001
f 2428/4954/3002 2446/4955/3002 2436/4956/3002
f 2436/4957/3003 2446/4958/3003 2447/4959/3003
f 2436/4957/3004 2447/4959/3004 2435/4960/3004
f 2435/4961/3005 2447/4962/3005 2448/4963/3005
f 2435/4945/3006 2448/4964/3006 2442/4946/3006
f 2443/4965/3007 2442/4966/3007 2449/4967/3007
f 2449/4967/3008 2442/4966/3008 2450/4968/3008
f 2442/4966/3009 2448/4963/3009 2450/4968/3009
f 2450/4968/3010 2448/4963/3010 2447/4962/3010
f 2450/4968/3011 2447/4962/3011 2451/4969/3011
f 2444/4970/3012 2452/4971/3012 2445/4972/3012
f 2445/4972/3013 2452/4971/3013 2451/4969/3013
f 2445/4972/3014 2451/4969/3014 2446/4973/3014
f 2446/4973/3015 2451/4969/3015 2447/4962/3015
f 2453/4974/171 2454/4975/171 2455/4976/171
f 2456/4977/171 2457/4978/171 2454/4975/171
f 2454/4975/171 2457/4978/171 2458/4979/171
f 2454/4975/171 2458/4979/171 2455/4976/171
f 2459/4980/171 2453/4981/171 2460/4982/171
f 2460/4983/171 2453/4974/171 2455/4976/171
f 2460/4983/171 2455/4976/171 2452/4984/171
f 2452/4984/171 2455/4976/171 2461/4985/171
f 2452/4984/171 2461/4985/171 2462/4986/171
f 2450/4987/171 2451/4988/171 2449/4989/171
f 2449/4989/171 2451/4988/171 2452/4984/171
f 2449/4989/171 2452/4984/171 2463/4990/171
f 2463/4990/171 2452/4984/171 2462/4986/171
f 2456/4991/3016 2454/4992/3016 2464/4993/3016
f 2465/4994/3017 2443/4965/3017 2449/4967/3017
f 2464/4993/3018 2466/4995/3018 2456/4991/3018
f 2456/4991/3019 2466/4995/3019 2467/4996/3019
f 2456/4991/3020 2467/4996/3020 2457/4997/3020
f 2457/4997/3021 2467/4996/3021 2468/4998/3021
f 2457/4997/3022 2468/4998/3022 2458/4999/3022
f 2458/4999/3023 2468/4998/3023 2469/5000/3023
f 2458/5001/3024 2469/5002/3024 2455/5003/3024
f 2455/5003/3025 2469/5002/3025 2470/5004/3025
f 2455/5003/3026 2470/5004/3026 2461/5005/3026
f 2461/5005/3027 2470/5004/3027 2471/5006/3027
f 2461/5005/3028 2471/5006/3028 2462/5007/3028
f 2462/5007/3029 2471/5006/3029 2472/5008/3029
f 2472/5008/3030 2473/5009/3030 2462/5007/3030
f 2462/5007/3031 2473/5009/3031 2465/5010/3031
f 2462/5007/3032 2465/5010/3032 2463/5011/3032
f 2463/5012/3033 2465/4994/3033 2449/4967/3033
f 2452/5013/3034 2444/3560/3034 2460/5014/3034
f 2460/5014/3034 2444/3560/3034 2474/5015/3034
f 2460/5014/3035 2474/5015/3035 2459/5016/3035
f 2459/5016/3035 2474/5015/3035 2475/5017/3035
f 2459/5016/3036 2475/5017/3036 2453/5018/3036
f 2453/5018/3036 2475/5017/3036 2476/5019/3036
f 2453/5018/3037 2476/5019/3037 2454/5020/3037
f 2454/5020/3037 2476/5019/3037 2464/5021/3037
f 2434/4947/3038 2443/4948/3038 2432/5022/3038
f 2432/5022/3038 2443/4948/3038 2465/5023/3038
f 2432/5022/3039 2465/5023/3039 2433/5024/3039
f 2465/5023/3040 2473/5025/3040 2433/5024/3040
f 2433/5024/3041 2473/5025/3041 2472/5026/3041
f 2433/5024/3042 2472/5026/3042 2426/5027/3042
f 2426/5027/3043 2472/5026/3043 2471/5028/3043
f 2426/5027/3044 2471/5028/3044 2440/5029/3044
f 2440/5029/3045 2471/5028/3045 2470/5030/3045
f 2440/5029/3046 2470/5030/3046 2429/5031/3046
f 2429/5031/3047 2470/5030/3047 2469/5032/3047
f 2429/5031/3048 2469/5032/3048 2437/5033/3048
f 2464/5034/3049 2439/5035/3049 2466/5036/3049
f 2466/5036/3049 2439/5035/3049 2438/5037/3049
f 2466/4995/3050 2438/5038/3050 2467/4996/3050
f 2467/4996/3051 2438/5038/3051 2437/5039/3051
f 2467/5040/3052 2437/5033/3052 2468/5041/3052
f 2468/5041/3053 2437/5033/3053 2469/5032/3053
f 2444/4951/3054 2427/4950/3054 2474/5042/3054
f 2474/5042/3055 2427/4950/3055 2441/5043/3055
f 2474/5042/3056 2441/5043/3056 2475/5044/3056
f 2475/5044/3056 2441/5043/3056 2431/5045/3056
f 2475/5044/3057 2431/5045/3057 2476/5046/3057
f 2476/5046/3057 2431/5045/3057 2430/5047/3057
f 2476/5046/3058 2430/5047/3058 2464/5034/3058
f 2464/5034/3058 2430/5047/3058 2439/5035/3058
f 2477/5048/3059 2478/5049/3059 2479/5050/3059
f 2479/5050/3060 2480/5051/3060 2477/5048/3060
f 2477/5048/3061 2480/5051/3061 2481/5052/3061
f 2477/5048/3062 2481/5052/3062 2482/5053/3062
f 2481/5052/3063 2483/5054/3063 2482/5053/3063
f 2482/5053/3064 2483/5054/3064 2484/5055/3064
f 2482/5056/3065 2484/5057/3065 2485/5058/3065
f 2485/5059/3066 2484/5060/3066 2486/5061/3066
f 2485/5059/3067 2486/5061/3067 2487/5062/3067
f 2487/5062/3068 2486/5061/3068 2488/5063/3068
f 2487/5062/3069 2488/5063/3069 2489/5064/3069
f 2489/5064/3069 2488/5063/3069 2490/5065/3069
f 2489/5064/3070 2490/5065/3070 2491/5066/3070
f 2490/5067/3071 2492/5068/3071 2491/5069/3071
f 2491/5070/3072 2492/5071/3072 2493/5072/3072
f 2491/5069/3073 2493/5073/3073 2494/5074/3073
f 2495/5075/3074 2496/5076/3074 2497/5077/3074
f 2497/5077/3074 2496/5076/3074 2494/5078/3074
f 2497/5077/3075 2494/5078/3075 2498/5079/3075
f 2498/5080/3076 2494/5074/3076 2493/5073/3076
f 2499/5081/3077 2496/5076/3077 2495/5075/3077
f 2500/5082/3078 2501/5083/3078 2502/5084/3078
f 2502/5084/1824 2501/5083/1824 2503/5085/1824
f 2502/5084/3079 2503/5085/3079 2504/5086/3079
f 2504/5087/3080 2503/5088/3080 2499/5089/3080
f 2504/5090/3081 2499/5091/3081 2505/5092/3081
f 2505/5092/3082 2499/5091/3082 2495/5093/3082
f 2501/5094/665 2489/5095/665 2491/5096/665
f 2506/5097/665 2485/5098/665 2501/5099/665
f 2501/5094/665 2485/5100/665 2487/5101/665
f 2501/5094/665 2487/5101/665 2489/5095/665
f 2477/5102/665 2482/5103/665 2478/5104/665
f 2478/5104/665 2482/5103/665 2485/5098/665
f 2478/5104/665 2485/5098/665 2507/5105/665
f 2507/5105/665 2485/5098/665 2506/5097/665
f 2507/5105/665 2506/5097/665 2508/5106/665
f 2499/5107/665 2503/5108/665 2496/5109/665
f 2496/5109/665 2503/5108/665 2501/5094/665
f 2496/5109/665 2501/5094/665 2494/5110/665
f 2494/5110/665 2501/5094/665 2491/5096/665
f 2479/5050/3083 2478/5049/3083 2509/5111/3083
f 2509/5111/3083 2478/5049/3083 2507/5112/3083
f 2509/5111/3084 2507/5112/3084 2510/5113/3084
f 2510/5113/3085 2507/5112/3085 2508/5114/3085
f 2510/5113/3086 2508/5114/3086 2511/5115/3086
f 2511/5115/3086 2508/5114/3086 2506/5116/3086
f 2511/5115/3087 2506/5116/3087 2500/5082/3087
f 2500/5082/3088 2506/5116/3088 2501/5083/3088
f 2512/5117/3089 2479/5118/3089 2513/5119/3089
f 2513/5119/3089 2479/5118/3089 2509/5120/3089
f 2513/5119/3090 2509/5120/3090 2514/5121/3090
f 2514/5121/3090 2509/5120/3090 2510/5122/3090
f 2514/5121/3091 2510/5122/3091 2515/5123/3091
f 2515/5124/3091 2510/5125/3091 2511/5126/3091
f 2515/5124/3092 2511/5126/3092 2516/5127/3092
f 2516/5127/3092 2511/5126/3092 2500/5128/3092
f 2515/5129/171 2516/5130/171 2517/5131/171
f 2517/5131/171 2516/5130/171 2518/5132/171
f 2517/5131/171 2518/5132/171 2519/5133/171
f 2517/5131/171 2520/5134/171 2521/5135/171
f 2514/5136/171 2515/5129/171 2513/5137/171
f 2513/5137/171 2515/5129/171 2517/5131/171
f 2513/5137/171 2517/5131/171 2512/5138/171
f 2512/5138/171 2517/5131/171 2521/5135/171
f 2522/5139/171 2523/5140/171 2524/5141/171
f 2524/5141/171 2523/5140/171 2517/5131/171
f 2524/5141/171 2517/5131/171 2525/5142/171
f 2525/5142/171 2517/5131/171 2519/5133/171
f 2495/5143/3093 2497/5144/3093 2524/5145/3093
f 2524/5145/3094 2497/5144/3094 2522/5146/3094
f 2497/5144/3095 2498/5080/3095 2522/5146/3095
f 2522/5146/3096 2498/5080/3096 2493/5073/3096
f 2522/5146/3097 2493/5073/3097 2523/5147/3097
f 2493/5073/3098 2492/5068/3098 2523/5147/3098
f 2523/5147/3099 2492/5068/3099 2490/5067/3099
f 2523/5148/3100 2490/5149/3100 2517/5150/3100
f 2490/5149/3101 2488/5151/3101 2517/5150/3101
f 2517/5150/3102 2488/5151/3102 2486/5152/3102
f 2517/5150/3103 2486/5152/3103 2520/5153/3103
f 2486/5152/3104 2484/5154/3104 2520/5153/3104
f 2520/5153/3105 2484/5154/3105 2483/5155/3105
f 2520/5153/3106 2483/5155/3106 2521/5156/3106
f 2479/5118/3107 2512/5117/3107 2480/5157/3107
f 2480/5157/3108 2512/5117/3108 2521/5158/3108
f 2480/5159/3109 2521/5156/3109 2481/5160/3109
f 2481/5160/3110 2521/5156/3110 2483/5155/3110
f 2518/5161/3111 2516/5162/3111 2500/5163/3111
f 2505/5164/3112 2495/5165/3112 2524/5166/3112
f 2500/5163/3113 2502/5167/3113 2518/5161/3113
f 2518/5161/3114 2502/5167/3114 2504/5168/3114
f 2518/5161/2985 2504/5168/2985 2519/5169/2985
f 2519/5169/3115 2504/5168/3115 2505/5164/3115
f 2519/5169/3116 2505/5164/3116 2525/5170/3116
f 2525/5170/3117 2505/5164/3117 2524/5166/3117
f 2526/5171/392 2527/5172/392 2528/5173/392
f 2529/5174/392 2530/5175/392 2531/5176/392
f 2532/5177/392 2533/5178/392 2534/5179/392
f 2528/5180/392 2535/5181/392 2526/5182/392
f 2526/5182/392 2535/5181/392 2536/5183/392
f 2526/5182/392 2536/5183/392 2537/5184/392
f 2538/5185/392 2539/5186/392 2540/5187/392
f 2537/5184/392 2541/5188/392 2526/5182/392
f 2526/5171/392 2541/5189/392 2531/5190/392
f 2526/5171/392 2531/5190/392 2542/5191/392
f 2542/5191/392 2531/5190/392 2543/5192/392
f 2532/5193/392 2534/5194/392 2544/5195/392
f 2544/5196/392 2534/5197/392 2545/5198/392
f 2544/5196/392 2545/5198/392 2546/5199/392
f 2533/5178/392 2547/5200/392 2534/5179/392
f 2534/5179/392 2547/5200/392 2548/5201/392
f 2534/5179/392 2548/5201/392 2549/5202/392
f 2538/5185/392 2540/5187/392 2531/5203/392
f 2531/5176/392 2540/5204/392 2550/5205/392
f 2531/5176/392 2550/5205/392 2529/5174/392
f 2530/5175/392 2551/5206/392 2531/5176/392
f 2531/5176/392 2551/5206/392 2552/5207/392
f 2531/5190/392 2552/5208/392 2543/5192/392
f 2553/5209/392 2554/5210/392 2555/5211/392
f 2555/5211/392 2554/5210/392 2544/5195/392
f 2555/5211/392 2544/5195/392 2556/5212/392
f 2556/5213/392 2544/5196/392 2546/5199/392
f 2557/5214/392 2558/5215/392 2559/5216/392
f 2559/5216/392 2558/5215/392 2560/5217/392
f 2549/5202/392 2561/5218/392 2534/5179/392
f 2534/5179/392 2561/5218/392 2562/5219/392
f 2534/5220/392 2562/5221/392 2527/5172/392
f 2527/5222/392 2562/5219/392 1089/5223/392
f 2527/5222/392 1089/5223/392 2528/5180/392
f 2563/5224/392 2564/5225/392 2539/5186/392
f 2539/5226/392 2564/5227/392 2565/5228/392
f 2539/5226/392 2565/5228/392 2540/5204/392
f 2560/5217/392 2558/5215/392 2555/5211/392
f 2555/5211/392 2558/5215/392 2566/5229/392
f 2555/5211/392 2566/5229/392 2553/5209/392
f 2567/5230/3118 2527/5231/3118 2568/5232/3118
f 2568/5233/3119 2527/5234/3119 2526/5235/3119
f 2568/5232/3120 2526/5236/3120 2569/5237/3120
f 2569/5238/3121 2526/5235/3121 2542/5239/3121
f 2569/5237/3122 2542/5240/3122 2570/5241/3122
f 2571/5242/3123 2572/5243/3123 2543/5244/3123
f 2543/5244/3124 2572/5243/3124 2573/5245/3124
f 2543/5246/3125 2573/5247/3125 2542/5239/3125
f 2542/5240/3126 2573/5245/3126 2574/5248/3126
f 2542/5240/3127 2574/5248/3127 2570/5241/3127
f 2571/5242/3128 2543/5244/3128 2575/5249/3128
f 2575/5250/3129 2543/5246/3129 2552/5251/3129
f 2575/5249/3130 2552/5252/3130 2576/5253/3130
f 2577/5254/3131 2578/5255/3131 2551/5256/3131
f 2551/5256/3132 2578/5255/3132 2579/5257/3132
f 2551/5258/3133 2579/5259/3133 2552/5251/3133
f 2552/5252/3134 2579/5257/3134 2580/5260/3134
f 2552/5252/3135 2580/5260/3135 2576/5253/3135
f 2577/5254/3136 2551/5256/3136 2581/5261/3136
f 2581/5262/3137 2551/5258/3137 2530/5263/3137
f 2581/5261/3138 2530/5264/3138 2582/5265/3138
f 2583/5266/3139 2584/5267/3139 2529/5268/3139
f 2529/5268/3140 2584/5267/3140 2585/5269/3140
f 2529/5270/3141 2585/5271/3141 2530/5272/3141
f 2530/5273/3142 2585/5274/3142 2586/5275/3142
f 2530/5273/3143 2586/5275/3143 2582/5276/3143
f 2583/5266/3144 2529/5268/3144 2587/5277/3144
f 2587/5278/3145 2529/5270/3145 2550/5279/3145
f 2587/5277/3146 2550/5280/3146 2588/5281/3146
f 2589/5282/3147 2590/5283/3147 2540/5284/3147
f 2540/5284/3148 2590/5283/3148 2591/5285/3148
f 2540/5286/3149 2591/5287/3149 2550/5279/3149
f 2550/5280/3150 2591/5285/3150 2592/5288/3150
f 2550/5280/3151 2592/5288/3151 2588/5281/3151
f 2589/5282/3152 2540/5284/3152 2593/5289/3152
f 2593/5290/3153 2540/5286/3153 2565/5291/3153
f 2593/5289/3154 2565/5292/3154 2594/5293/3154
f 2595/5294/3155 2596/5295/3155 2564/5296/3155
f 2564/5296/3156 2596/5295/3156 2597/5297/3156
f 2564/5296/3157 2597/5297/3157 2565/5298/3157
f 2565/5298/3158 2597/5297/3158 2598/5299/3158
f 2565/5292/3159 2598/5300/3159 2594/5293/3159
f 2595/5294/3160 2564/5296/3160 2599/5301/3160
f 2599/5301/3161 2564/5296/3161 2563/5302/3161
f 2599/5301/3162 2563/5302/3162 2600/5303/3162
f 2601/5304/3163 2602/5305/3163 2539/5306/3163
f 2539/5306/3164 2602/5305/3164 2603/5307/3164
f 2539/5306/3165 2603/5307/3165 2563/5302/3165
f 2563/5302/3166 2603/5307/3166 2604/5308/3166
f 2563/5302/3167 2604/5308/3167 2600/5303/3167
f 2601/5304/3168 2539/5306/3168 2605/5309/3168
f 2605/5309/3169 2539/5306/3169 2538/5310/3169
f 2605/5309/3170 2538/5310/3170 2606/5311/3170
f 2607/5312/3171 2608/5313/3171 2531/5314/3171
f 2531/5315/3172 2608/5316/3172 2609/5317/3172
f 2531/5315/3173 2609/5317/3173 2538/5310/3173
f 2538/5310/3174 2609/5317/3174 2610/5318/3174
f 2538/5310/3175 2610/5318/3175 2606/5311/3175
f 2607/5312/3176 2531/5314/3176 2611/5319/3176
f 2611/5319/3177 2531/5314/3177 2541/5320/3177
f 2611/5319/3178 2541/5320/3178 2612/5321/3178
f 2613/5322/3179 2614/5323/3179 2537/5324/3179
f 2537/5324/3180 2614/5323/3180 2615/5325/3180
f 2537/5324/3181 2615/5325/3181 2541/5320/3181
f 2541/5320/3182 2615/5325/3182 2616/5326/3182
f 2541/5320/3183 2616/5326/3183 2612/5321/3183
f 2613/5322/3184 2537/5324/3184 2617/5327/3184
f 2617/5327/3185 2537/5324/3185 2536/5328/3185
f 2617/5327/3186 2536/5328/3186 2618/5329/3186
f 2535/5330/3187 2619/5331/3187 2536/5328/3187
f 2536/5328/3188 2619/5331/3188 2620/5332/3188
f 2536/5328/3189 2620/5332/3189 2618/5329/3189
f 2621/5333/3190 2622/5334/3190 2535/5330/3190
f 2535/5330/3191 2622/5334/3191 2623/5335/3191
f 2535/5330/3192 2623/5335/3192 2619/5331/3192
f 2535/5330/3193 2528/5336/3193 2621/5333/3193
f 2621/5333/3194 2528/5336/3194 1089/5337/3194
f 2621/5333/3195 1089/5337/3195 2624/5338/3195
f 2624/5339/3196 1089/5340/3196 2562/5341/3196
f 2561/5342/3197 2625/5343/3197 2562/5341/3197
f 2562/5344/3198 2625/5345/3198 2626/5346/3198
f 2562/5344/3199 2626/5346/3199 2624/5347/3199
f 2627/5348/3200 2628/5349/3200 2549/5350/3200
f 2549/5350/3201 2628/5349/3201 2629/5351/3201
f 2549/5352/3202 2629/5353/3202 2561/5342/3202
f 2561/5354/3203 2629/5351/3203 2630/5355/3203
f 2561/5354/3204 2630/5355/3204 2625/5345/3204
f 2627/5348/3205 2549/5350/3205 2631/5356/3205
f 2631/5357/3206 2549/5352/3206 2548/5358/3206
f 2631/5356/3207 2548/5359/3207 2632/5360/3207
f 2633/5361/3208 2634/5362/3208 2547/5363/3208
f 2547/5363/3209 2634/5362/3209 2635/5364/3209
f 2547/5365/3210 2635/5366/3210 2548/5358/3210
f 2548/5359/3211 2635/5364/3211 2636/5367/3211
f 2548/5359/3212 2636/5367/3212 2632/5360/3212
f 2633/5361/3213 2547/5363/3213 2637/5368/3213
f 2637/5369/3214 2547/5365/3214 2533/5370/3214
f 2637/5368/3215 2533/5371/3215 2638/5372/3215
f 2639/5373/3216 2640/5374/3216 2533/5375/3216
f 2533/5375/3217 2640/5374/3217 2641/5376/3217
f 2533/5371/3218 2641/5377/3218 2638/5372/3218
f 2639/5373/3219 2533/5375/3219 2642/5378/3219
f 2642/5378/3220 2533/5375/3220 2532/5379/3220
f 2642/5380/3221 2532/5381/3221 2643/5382/3221
f 2643/5382/3222 2532/5381/3222 2544/5383/3222
f 2643/5382/3223 2544/5383/3223 2644/5384/3223
f 2645/5385/3224 2646/5386/3224 2554/5387/3224
f 2554/5387/3225 2646/5386/3225 2647/5388/3225
f 2554/5387/3226 2647/5388/3226 2544/5383/3226
f 2544/5383/3227 2647/5388/3227 2648/5389/3227
f 2544/5383/3228 2648/5389/3228 2644/5384/3228
f 2645/5385/3229 2554/5387/3229 2649/5390/3229
f 2649/5390/3230 2554/5387/3230 2553/5391/3230
f 2649/5390/3231 2553/5391/3231 2650/5392/3231
f 2651/5393/3232 2652/5394/3232 2566/5395/3232
f 2566/5395/3233 2652/5394/3233 2653/5396/3233
f 2566/5395/3234 2653/5396/3234 2553/5391/3234
f 2553/5391/3235 2653/5396/3235 2654/5397/3235
f 2553/5391/3236 2654/5397/3236 2650/5392/3236
f 2651/5393/3237 2566/5395/3237 2655/5398/3237
f 2655/5398/3238 2566/5395/3238 2558/5399/3238
f 2655/5398/3239 2558/5399/3239 2656/5400/3239
f 2657/5401/3240 2658/5402/3240 2557/5403/3240
f 2557/5403/3241 2658/5402/3241 2659/5404/3241
f 2557/5403/3242 2659/5404/3242 2558/5399/3242
f 2558/5399/3243 2659/5404/3243 2660/5405/3243
f 2558/5399/3244 2660/5405/3244 2656/5400/3244
f 2657/5401/3245 2557/5403/3245 2661/5406/3245
f 2661/5406/3246 2557/5403/3246 2559/5407/3246
f 2661/5406/3247 2559/5407/3247 2662/5408/3247
f 2663/5409/3248 2664/5410/3248 2560/5411/3248
f 2560/5412/3249 2664/5413/3249 2665/5414/3249
f 2560/5412/3250 2665/5414/3250 2559/5407/3250
f 2559/5407/3251 2665/5414/3251 2666/5415/3251
f 2559/5407/3252 2666/5415/3252 2662/5408/3252
f 2663/5409/3253 2560/5411/3253 2667/5416/3253
f 2667/5417/3254 2560/5418/3254 2555/5419/3254
f 2667/5416/3255 2555/5420/3255 2668/5421/3255
f 2669/5422/3256 2670/5423/3256 2556/5424/3256
f 2556/5425/3257 2670/5426/3257 2671/5427/3257
f 2556/5428/3258 2671/5429/3258 2555/5419/3258
f 2555/5420/3259 2671/5427/3259 2672/5430/3259
f 2555/5420/3260 2672/5430/3260 2668/5421/3260
f 2669/5422/3261 2556/5424/3261 2673/5431/3261
f 2673/5432/3262 2556/5428/3262 2546/5433/3262
f 2673/5431/3263 2546/5434/3263 2674/5435/3263
f 2675/5436/3264 2676/5437/3264 2545/5438/3264
f 2545/5438/3265 2676/5437/3265 2677/5439/3265
f 2545/5440/3266 2677/5441/3266 2546/5442/3266
f 2546/5434/3267 2677/5439/3267 2678/5443/3267
f 2546/5434/3268 2678/5443/3268 2674/5435/3268
f 2675/5436/3269 2545/5438/3269 2679/5444/3269
f 2679/5445/3270 2545/5440/3270 2534/5446/3270
f 2679/5444/3271 2534/5447/3271 2680/5448/3271
f 2680/5449/3272 2534/5446/3272 2527/5234/3272
f 2680/5448/3273 2527/5231/3273 2567/5230/3273
f 2619/5450/404 2623/5451/404 2675/5452/404
f 2675/5452/404 2623/5451/404 2622/5453/404
f 2635/5454/404 2669/5455/404 2636/5456/404
f 2636/5457/404 2669/5458/404 2673/5459/404
f 2679/5460/404 2618/5461/404 2675/5462/404
f 2675/5452/3274 2618/5463/3274 2620/5464/3274
f 2675/5452/404 2620/5464/404 2619/5450/404
f 2629/5465/404 2628/5466/404 2675/5452/404
f 2675/5452/404 2628/5466/404 2627/5467/404
f 2675/5452/404 2627/5467/404 2631/5468/404
f 2673/5459/404 2674/5469/404 2636/5457/404
f 2636/5457/404 2674/5469/404 2678/5470/404
f 2636/5457/404 2678/5470/404 2677/5471/404
f 2631/5468/404 2632/5472/404 2675/5452/404
f 2675/5452/404 2632/5472/404 2636/5456/404
f 2675/5462/404 2636/5457/404 2676/5473/404
f 2676/5473/404 2636/5457/404 2677/5471/404
f 2622/5453/404 2621/5474/404 2675/5452/404
f 2675/5452/404 2621/5474/404 2624/5475/404
f 2675/5452/404 2624/5475/404 2626/5476/404
f 2662/5477/404 2666/5478/404 2648/5479/404
f 2635/5454/404 2634/5480/404 2669/5455/404
f 2669/5458/404 2634/5481/404 2633/5482/404
f 2669/5458/404 2633/5482/404 2670/5483/404
f 2670/5483/404 2633/5482/404 2671/5484/404
f 2679/5460/404 2680/5485/404 2618/5461/404
f 2618/5461/404 2680/5485/404 2567/5486/404
f 2618/5461/404 2567/5486/404 2568/5487/404
f 2574/5488/404 2573/5489/404 2618/5490/404
f 2618/5490/404 2573/5489/404 2572/5491/404
f 2618/5490/404 2572/5491/404 2571/5492/404
f 2613/5493/404 2617/5494/404 2576/5495/404
f 2576/5495/404 2617/5494/404 2618/5490/404
f 2576/5495/404 2618/5490/404 2575/5496/404
f 2575/5496/404 2618/5490/404 2571/5492/404
f 2616/5497/404 2576/5495/404 2612/5498/404
f 2612/5498/404 2576/5495/404 2580/5499/404
f 2616/5497/404 2615/5500/404 2576/5495/404
f 2576/5495/404 2615/5500/404 2614/5501/404
f 2576/5495/404 2614/5501/404 2613/5493/404
f 2626/5476/404 2625/5502/404 2675/5452/404
f 2675/5452/404 2625/5502/404 2630/5503/404
f 2675/5452/404 2630/5503/404 2629/5465/404
f 2633/5482/404 2666/5478/404 2665/5504/404
f 2667/5505/404 2668/5506/404 2633/5482/404
f 2633/5482/404 2668/5506/404 2672/5507/404
f 2633/5482/404 2672/5507/404 2671/5484/404
f 2568/5487/404 2569/5508/404 2618/5461/404
f 2618/5461/404 2569/5508/404 2570/5509/404
f 2618/5461/404 2570/5509/404 2574/5510/404
f 2605/5511/404 2606/5512/404 2584/5513/404
f 2665/5504/404 2664/5514/404 2633/5482/404
f 2633/5482/404 2664/5514/404 2663/5515/404
f 2633/5482/404 2663/5515/404 2667/5505/404
f 2578/5516/404 2606/5512/404 2610/5517/404
f 2580/5499/404 2579/5518/404 2612/5498/404
f 2612/5498/404 2579/5518/404 2578/5516/404
f 2612/5498/404 2578/5516/404 2611/5519/404
f 2611/5519/404 2578/5516/404 2607/5520/404
f 2646/5521/404 2645/5522/404 2657/5523/404
f 2662/5477/404 2648/5479/404 2661/5524/404
f 2610/5517/404 2609/5525/404 2578/5516/404
f 2578/5516/404 2609/5525/404 2608/5526/404
f 2578/5516/404 2608/5526/404 2607/5520/404
f 2642/5527/404 2643/5528/404 2666/5478/404
f 2666/5478/404 2643/5528/404 2644/5529/404
f 2666/5478/404 2644/5529/404 2648/5479/404
f 2605/5511/404 2584/5513/404 2601/5530/404
f 2661/5524/404 2648/5479/404 2657/5523/404
f 2657/5523/404 2648/5479/404 2647/5531/404
f 2657/5523/404 2647/5531/404 2646/5521/404
f 2587/5532/404 2588/5533/404 2602/5534/404
f 2633/5535/404 2637/5536/404 2666/5537/404
f 2666/5537/404 2637/5536/404 2638/5538/404
f 2666/5537/404 2638/5538/404 2641/5539/404
f 2645/5522/404 2649/5540/404 2657/5523/404
f 2657/5523/404 2649/5540/404 2650/5541/404
f 2657/5523/404 2650/5541/404 2654/5542/404
f 2578/5516/404 2577/5543/404 2606/5512/404
f 2606/5512/404 2577/5543/404 2581/5544/404
f 2606/5512/404 2581/5544/404 2582/5545/404
f 2641/5546/404 2640/5547/404 2666/5478/404
f 2666/5478/404 2640/5547/404 2639/5548/404
f 2666/5478/404 2639/5548/404 2642/5527/404
f 2651/5549/3275 2654/5542/3275 2652/5550/3275
f 2652/5550/3276 2654/5542/3276 2653/5551/3276
f 2660/5552/404 2659/5553/404 2654/5542/404
f 2654/5542/404 2659/5553/404 2658/5554/404
f 2654/5542/404 2658/5554/404 2657/5523/404
f 2582/5545/404 2586/5555/404 2606/5512/404
f 2606/5512/404 2586/5555/404 2585/5556/404
f 2606/5512/404 2585/5556/404 2584/5513/404
f 2601/5530/404 2584/5513/404 2602/5534/404
f 2602/5534/404 2584/5513/404 2583/5557/404
f 2602/5534/404 2583/5557/404 2587/5532/404
f 2588/5533/404 2592/5558/404 2602/5534/404
f 2602/5534/404 2592/5558/404 2591/5559/404
f 2602/5534/404 2591/5559/404 2590/5560/404
f 2600/5561/404 2604/5562/404 2590/5560/404
f 2590/5560/404 2604/5562/404 2603/5563/404
f 2590/5560/404 2603/5563/404 2602/5534/404
f 2651/5549/522 2655/5564/522 2654/5542/522
f 2654/5542/404 2655/5564/404 2656/5565/404
f 2654/5542/522 2656/5565/522 2660/5552/522
f 2594/5566/404 2590/5560/404 2593/5567/404
f 2593/5567/404 2590/5560/404 2589/5568/404
f 2596/5569/404 2595/5570/404 2590/5560/404
f 2590/5560/404 2595/5570/404 2599/5571/404
f 2590/5560/404 2599/5571/404 2600/5561/404
f 2594/5566/3277 2598/5572/3277 2590/5560/3277
f 2590/5560/522 2598/5572/522 2597/5573/522
f 2590/5560/522 2597/5573/522 2596/5569/522
f 2681/5574/3278 2682/5575/3278 2683/5576/3278
f 2681/5574/3278 2683/5576/3278 2684/5577/3278
f 2684/5577/3279 2683/5576/3279 2685/5578/3279
f 2684/5577/3279 2685/5578/3279 2686/5579/3279
f 2686/5579/3280 2685/5578/3280 2687/5580/3280
f 2686/5579/3280 2687/5580/3280 2688/5581/3280
f 2688/5581/3281 2687/5580/3281 2689/5582/3281
f 2688/5581/3281 2689/5582/3281 2690/5583/3281
f 2690/5583/3282 2689/5582/3282 2691/5584/3282
f 2690/5585/3282 2691/5586/3282 2692/5587/3282
f 2692/5587/661 2691/5586/661 2693/5588/661
f 2692/5587/661 2693/5588/661 2694/5589/661
f 2694/5590/3283 2693/5591/3283 2695/5592/3283
f 2694/5590/3283 2695/5592/3283 2696/5593/3283
f 2696/5593/3284 2695/5592/3284 2697/5594/3284
f 2696/5593/3284 2697/5594/3284 2698/5595/3284
f 2698/5595/3285 2697/5594/3285 2699/5596/3285
f 2698/5595/3285 2699/5596/3285 2700/5597/3285
f 2700/5597/3286 2699/5596/3286 2701/5598/3286
f 2700/5597/3286 2701/5598/3286 2702/5599/3286
f 2702/5599/3287 2701/5598/3287 2703/5600/3287
f 2702/5599/3287 2703/5600/3287 2704/5601/3287
f 2705/5602/404 2706/5603/404 2707/5604/404
f 2708/5605/404 2709/5606/404 2710/5607/404
f 2711/5608/404 2712/5609/404 2713/5610/404
f 2713/5610/404 2712/5609/404 2714/5611/404
f 2713/5610/404 2714/5611/404 2715/5612/404
f 2715/5612/404 2714/5611/404 2716/5613/404
f 2715/5612/404 2716/5613/404 2717/5614/404
f 2717/5614/404 2716/5613/404 2718/5615/404
f 2717/5614/404 2718/5615/404 2719/5616/404
f 2719/5616/404 2718/5615/404 2720/5617/404
f 2719/5616/404 2720/5617/404 2710/5607/404
f 2710/5607/404 2720/5617/404 2721/5618/404
f 2710/5607/404 2721/5618/404 2708/5605/404
f 2705/5602/404 2681/5619/404 2706/5603/404
f 2706/5603/404 2681/5619/404 2684/5620/404
f 2706/5621/404 2684/5622/404 2722/5623/404
f 2722/5623/404 2684/5622/404 2686/5624/404
f 2722/5623/404 2686/5624/404 2723/5625/404
f 2723/5625/404 2686/5624/404 2688/5626/404
f 2723/5625/404 2688/5626/404 2724/5627/404
f 2724/5627/404 2688/5626/404 2690/5628/404
f 2724/5627/404 2690/5628/404 2725/5629/404
f 2690/5628/404 2692/5630/404 2725/5629/404
f 2725/5629/404 2692/5630/404 2694/5631/404
f 2725/5629/404 2694/5631/404 2726/5632/404
f 2726/5632/404 2694/5631/404 2696/5633/404
f 2726/5632/404 2696/5633/404 2727/5634/404
f 2727/5635/404 2696/5636/404 2698/5637/404
f 2727/5638/404 2698/5639/404 2728/5640/404
f 2729/5641/404 2730/5642/404 2731/5643/404
f 2731/5643/404 2730/5642/404 2732/5644/404
f 2731/5643/404 2732/5644/404 2733/5645/404
f 2733/5645/404 2732/5644/404 2734/5646/404
f 2733/5645/404 2734/5646/404 2735/5647/404
f 2735/5647/404 2734/5646/404 2736/5648/404
f 2735/5647/404 2736/5648/404 2707/5604/404
f 2707/5604/404 2736/5648/404 2737/5649/404
f 2707/5604/404 2737/5649/404 2705/5602/404
f 2738/5650/404 2739/5651/404 2740/5652/404
f 2740/5652/404 2739/5651/404 2741/5653/404
f 2740/5652/404 2741/5653/404 2742/5654/404
f 2742/5654/404 2741/5653/404 2743/5655/404
f 2742/5654/404 2743/5655/404 2729/5641/404
f 2729/5641/404 2743/5655/404 2744/5656/404
f 2729/5641/404 2744/5656/404 2730/5642/404
f 2745/5657/404 2746/5658/404 2747/5659/404
f 2747/5660/404 2746/5661/404 2748/5662/404
f 2747/5659/404 2748/5663/404 2749/5664/404
f 2749/5665/404 2748/5662/404 2750/5666/404
f 2749/5664/404 2750/5667/404 2738/5668/404
f 2738/5669/404 2750/5666/404 2751/5670/404
f 2738/5669/404 2751/5670/404 2739/5671/404
f 2708/5672/404 2752/5673/404 2709/5674/404
f 2709/5674/404 2752/5673/404 2753/5675/404
f 2709/5674/404 2753/5675/404 2754/5676/404
f 2754/5676/404 2753/5675/404 2755/5677/404
f 2754/5676/404 2755/5677/404 2756/5678/404
f 2756/5678/404 2755/5677/404 2757/5679/404
f 2756/5678/404 2757/5679/404 2758/5680/404
f 2758/5680/404 2757/5679/404 2759/5681/404
f 2758/5680/404 2759/5681/404 2760/5682/404
f 2760/5682/404 2759/5681/404 2761/5683/404
f 2760/5682/404 2761/5683/404 2745/5657/404
f 2745/5657/404 2761/5683/404 2762/5684/404
f 2745/5657/404 2762/5684/404 2746/5658/404
f 2698/5639/404 2700/5685/404 2728/5640/404
f 2728/5640/404 2700/5685/404 2702/5686/404
f 2728/5640/404 2702/5686/404 2763/5687/404
f 2763/5687/404 2702/5686/404 2704/5688/404
f 2763/5687/404 2704/5688/404 2764/5689/404
f 2764/5689/404 2704/5688/404 2765/5690/404
f 2764/5689/404 2765/5690/404 2711/5608/404
f 2711/5608/404 2765/5690/404 2766/5691/404
f 2711/5608/404 2766/5691/404 2712/5609/404
f 2767/5692/3288 2768/5693/3288 2769/5694/3288
f 2770/5695/3289 2771/5696/3289 2722/5697/3289
f 2722/5697/3289 2771/5696/3289 2706/5698/3289
f 2770/5695/3290 2722/5697/3290 2772/5699/3290
f 2772/5699/3291 2722/5697/3291 2723/5700/3291
f 2772/5701/3292 2723/5702/3292 2773/5703/3292
f 2774/5704/3293 2767/5705/3293 2727/5706/3293
f 2727/5706/3294 2728/5707/3294 2774/5704/3294
f 2774/5704/3295 2728/5707/3295 2763/5708/3295
f 2774/5704/3295 2763/5708/3295 2775/5709/3295
f 2767/5705/3288 2769/5710/3288 2727/5706/3288
f 2727/5711/3296 2769/5694/3296 2776/5712/3296
f 2727/5706/3297 2776/5713/3297 2726/5714/3297
f 2776/5712/3298 2777/5715/3298 2726/5716/3298
f 2726/5716/3299 2777/5715/3299 2778/5717/3299
f 2726/5716/3300 2778/5717/3300 2725/5718/3300
f 2725/5719/3301 2778/5720/3301 2779/5721/3301
f 2725/5719/3302 2779/5721/3302 2724/5722/3302
f 2724/5722/3303 2779/5721/3303 2780/5723/3303
f 2724/5722/3304 2780/5723/3304 2723/5702/3304
f 2723/5702/3305 2780/5723/3305 2781/5724/3305
f 2723/5702/3292 2781/5724/3292 2773/5703/3292
f 2782/5725/3306 2783/5726/3306 2784/5727/3306
f 2785/5728/3307 2738/5650/3307 2740/5652/3307
f 2786/5729/3308 2787/5730/3308 2742/5654/3308
f 2742/5654/3308 2787/5730/3308 2788/5731/3308
f 2742/5654/3309 2788/5731/3309 2740/5652/3309
f 2740/5652/3310 2788/5731/3310 2789/5732/3310
f 2740/5652/3307 2789/5732/3307 2785/5728/3307
f 2790/5733/3311 2782/5734/3311 2735/5735/3311
f 2735/5735/3312 2707/5736/3312 2790/5733/3312
f 2790/5733/3313 2707/5736/3313 2706/5698/3313
f 2790/5733/3313 2706/5698/3313 2771/5696/3313
f 2782/5725/3306 2784/5727/3306 2735/5737/3306
f 2735/5737/3314 2784/5727/3314 2791/5738/3314
f 2735/5737/3315 2791/5738/3315 2733/5739/3315
f 2791/5738/3316 2792/5740/3316 2733/5739/3316
f 2733/5739/3317 2792/5740/3317 2793/5741/3317
f 2733/5739/3318 2793/5741/3318 2731/5742/3318
f 2731/5643/3319 2793/5743/3319 2794/5744/3319
f 2731/5643/3320 2794/5744/3320 2729/5641/3320
f 2729/5641/3321 2794/5744/3321 2742/5654/3321
f 2742/5654/3322 2794/5744/3322 2795/5745/3322
f 2742/5654/3323 2795/5745/3323 2786/5729/3323
f 2796/5746/404 2797/5747/404 2798/5748/404
f 2798/5748/3324 2797/5747/3324 2799/5749/3324
f 2798/5748/404 2799/5749/404 2800/5750/404
f 2800/5750/404 2799/5749/404 2801/5751/404
f 2800/5750/3325 2801/5751/3325 2802/5752/3325
f 2803/5753/3326 2804/5754/3326 2798/5755/3326
f 2798/5755/3326 2804/5754/3326 2796/5756/3326
f 2805/5757/3327 2806/5758/3327 2807/5759/3327
f 2808/5760/3328 2804/5754/3328 2809/5761/3328
f 2809/5761/3328 2810/5762/3328 2808/5760/3328
f 2808/5763/3329 2810/5764/3329 2811/5765/3329
f 2808/5763/3329 2811/5765/3329 2812/5766/3329
f 2812/5766/3330 2811/5765/3330 2813/5767/3330
f 2812/5766/3330 2813/5767/3330 2814/5768/3330
f 2814/5768/3331 2813/5767/3331 2815/5769/3331
f 2814/5768/3331 2815/5769/3331 2816/5770/3331
f 2816/5770/3332 2815/5769/3332 2805/5757/3332
f 2816/5770/3332 2805/5757/3332 2817/5771/3332
f 2817/5771/3333 2805/5757/3333 2807/5759/3333
f 2807/5759/3334 2818/5772/3334 2819/5773/3334
f 2819/5774/3334 2818/5775/3334 2820/5776/3334
f 2767/5777/404 2774/5778/404 2821/5779/404
f 2821/5779/522 2774/5778/522 2775/5780/522
f 2821/5781/404 2775/5782/404 2820/5783/404
f 2820/5783/3274 2775/5782/3274 2822/5784/3274
f 2820/5783/404 2822/5784/404 2819/5785/404
f 2823/5786/404 2824/5787/404 2825/5788/404
f 2825/5788/522 2824/5787/522 2785/5789/522
f 2825/5788/404 2785/5789/404 2826/5790/404
f 2826/5791/404 2785/5728/404 2789/5732/404
f 2826/5791/3335 2789/5732/3335 2788/5731/3335
f 2827/5792/3336 2828/5793/3336 2825/5788/3336
f 2825/5788/3336 2828/5793/3336 2823/5786/3336
f 2829/5794/3337 2830/5795/3337 2831/5796/3337
f 2828/5793/3338 2832/5797/3338 2833/5798/3338
f 2833/5798/3339 2832/5797/3339 2834/5799/3339
f 2833/5798/3340 2834/5799/3340 2835/5800/3340
f 2835/5800/3341 2834/5799/3341 2836/5801/3341
f 2835/5800/3341 2836/5801/3341 2837/5802/3341
f 2837/5802/3342 2836/5801/3342 2838/5803/3342
f 2837/5802/3342 2838/5803/3342 2839/5804/3342
f 2839/5804/3343 2838/5803/3343 2840/5805/3343
f 2839/5804/3343 2840/5805/3343 2841/5806/3343
f 2841/5807/3344 2840/5808/3344 2829/5809/3344
f 2841/5807/3344 2829/5809/3344 2842/5810/3344
f 2842/5811/3337 2829/5794/3337 2831/5796/3337
f 2843/5812/665 2800/5813/665 2844/5814/665
f 2845/5815/665 2846/5816/665 2803/5817/665
f 2843/5812/665 2847/5818/665 2800/5813/665
f 2800/5813/665 2847/5818/665 2848/5819/665
f 2800/5813/665 2848/5819/665 2849/5820/665
f 2846/5816/665 2850/5821/665 2803/5817/665
f 2803/5817/665 2850/5821/665 2851/5822/665
f 2803/5817/665 2851/5822/665 2844/5814/665
f 2844/5814/665 2851/5822/665 2852/5823/665
f 2844/5814/665 2852/5823/665 2843/5812/665
f 2849/5820/665 2853/5824/665 2800/5813/665
f 2800/5813/665 2853/5824/665 2854/5825/665
f 2800/5813/665 2854/5825/665 2798/5826/665
f 2798/5826/665 2854/5825/665 2855/5827/665
f 2855/5827/665 2856/5828/665 2798/5826/665
f 2798/5826/665 2856/5828/665 2857/5829/665
f 2798/5826/665 2857/5829/665 2803/5817/665
f 2803/5817/665 2857/5829/665 2858/5830/665
f 2803/5817/665 2858/5830/665 2845/5815/665
f 2844/5814/3345 2831/5796/3345 2859/5831/3345
f 2859/5831/3345 2831/5796/3345 2830/5795/3345
f 2860/5832/3346 2768/5693/3346 2821/5833/3346
f 2821/5834/3346 2768/5835/3346 2767/5705/3346
f 2773/5703/3347 2781/5724/3347 2861/5836/3347
f 2861/5836/3348 2781/5724/3348 2862/5837/3348
f 2768/5693/3349 2863/5838/3349 2769/5694/3349
f 2769/5694/3350 2863/5838/3350 2864/5839/3350
f 2769/5694/3351 2864/5839/3351 2776/5712/3351
f 2776/5712/3352 2864/5839/3352 2865/5840/3352
f 2776/5712/3352 2865/5840/3352 2777/5715/3352
f 2777/5715/3353 2865/5840/3353 2866/5841/3353
f 2777/5715/3353 2866/5841/3353 2778/5717/3353
f 2778/5717/3354 2866/5841/3354 2867/5842/3354
f 2778/5717/3355 2867/5842/3355 2779/5843/3355
f 2779/5721/3356 2867/5844/3356 2862/5837/3356
f 2779/5721/3356 2862/5837/3356 2780/5723/3356
f 2780/5723/3357 2862/5837/3357 2781/5724/3357
f 2868/5845/3358 2869/5846/3358 2773/5703/3358
f 2773/5703/3358 2869/5846/3358 2772/5701/3358
f 2782/5847/404 2790/5848/404 2870/5849/404
f 2870/5849/404 2790/5848/404 2771/5850/404
f 2870/5849/404 2771/5850/404 2869/5851/404
f 2869/5851/3359 2771/5850/3359 2770/5852/3359
f 2869/5851/3360 2770/5852/3360 2772/5853/3360
f 2871/5854/3361 2783/5726/3361 2870/5855/3361
f 2870/5855/3361 2783/5726/3361 2782/5725/3361
f 2787/5730/3362 2786/5729/3362 2872/5856/3362
f 2872/5856/3363 2786/5729/3363 2873/5857/3363
f 2783/5726/3364 2874/5858/3364 2784/5727/3364
f 2784/5727/3365 2874/5858/3365 2875/5859/3365
f 2784/5727/3366 2875/5859/3366 2791/5738/3366
f 2791/5860/3367 2875/5861/3367 2876/5862/3367
f 2791/5860/3368 2876/5862/3368 2792/5863/3368
f 2792/5864/3369 2876/5865/3369 2877/5866/3369
f 2792/5864/3370 2877/5866/3370 2793/5743/3370
f 2793/5743/3371 2877/5866/3371 2878/5867/3371
f 2793/5743/3372 2878/5867/3372 2794/5744/3372
f 2794/5744/3373 2878/5867/3373 2873/5857/3373
f 2794/5744/3373 2873/5857/3373 2795/5745/3373
f 2795/5745/3374 2873/5857/3374 2786/5729/3374
f 2787/5730/3375 2879/5868/3375 2788/5731/3375
f 2788/5731/3375 2879/5868/3375 2826/5791/3375
f 2804/5754/3376 2803/5753/3376 2809/5761/3376
f 2809/5761/3376 2803/5753/3376 2880/5869/3376
f 2861/5870/404 2881/5871/404 2882/5872/404
f 2882/5872/404 2881/5871/404 2883/5873/404
f 2882/5872/404 2883/5873/404 2884/5874/404
f 2874/5875/404 2885/5876/404 2886/5877/404
f 2872/5856/404 2887/5878/404 2888/5879/404
f 2888/5879/3377 2887/5878/3377 2889/5880/3377
f 2832/5797/404 2890/5881/404 2891/5882/404
f 2892/5883/404 2893/5884/404 2894/5885/404
f 2863/5886/404 2895/5887/404 2864/5888/404
f 2864/5888/404 2895/5887/404 2896/5889/404
f 2864/5890/404 2896/5891/404 2865/5892/404
f 2865/5892/404 2896/5891/404 2897/5893/404
f 2865/5892/404 2897/5893/404 2866/5894/404
f 2866/5894/404 2897/5893/404 2898/5895/404
f 2866/5894/404 2898/5895/404 2867/5896/404
f 2867/5896/404 2898/5895/404 2899/5897/404
f 2867/5896/404 2899/5897/404 2862/5898/404
f 2862/5899/404 2899/5900/404 2900/5901/404
f 2862/5899/404 2900/5901/404 2861/5870/404
f 2861/5870/404 2900/5901/404 2901/5902/404
f 2861/5870/404 2901/5902/404 2881/5871/404
f 2902/5903/404 2885/5876/404 2903/5904/404
f 2903/5904/404 2885/5876/404 2882/5872/404
f 2903/5904/404 2882/5872/404 2904/5905/404
f 2904/5905/404 2882/5872/404 2884/5874/404
f 2905/5906/404 2886/5877/404 2906/5907/404
f 2906/5907/404 2886/5877/404 2885/5876/404
f 2906/5907/404 2885/5876/404 2907/5908/404
f 2907/5908/404 2885/5876/404 2902/5903/404
f 2889/5880/404 2908/5909/404 2888/5879/404
f 2888/5879/404 2908/5909/404 2909/5910/404
f 2888/5911/404 2909/5912/404 2890/5881/404
f 2910/5913/404 2891/5882/404 2911/5914/404
f 2911/5914/404 2891/5882/404 2890/5881/404
f 2911/5914/404 2890/5881/404 2912/5915/404
f 2912/5915/404 2890/5881/404 2909/5912/404
f 2806/5916/404 2913/5917/404 2914/5918/404
f 2914/5918/404 2913/5917/404 2915/5919/404
f 2916/5920/404 2917/5921/404 2918/5922/404
f 2918/5922/404 2917/5921/404 2914/5918/404
f 2918/5922/404 2914/5918/404 2919/5923/404
f 2919/5923/404 2914/5918/404 2915/5919/404
f 2916/5920/404 2892/5883/404 2917/5921/404
f 2917/5921/404 2892/5883/404 2894/5885/404
f 2917/5921/404 2894/5885/404 2863/5886/404
f 2863/5886/3377 2894/5885/3377 2920/5924/3377
f 2863/5886/404 2920/5924/404 2895/5887/404
f 2886/5877/404 2921/5925/404 2874/5875/404
f 2874/5875/404 2921/5925/404 2922/5926/404
f 2874/5875/404 2922/5926/404 2875/5861/404
f 2875/5861/404 2922/5926/404 2923/5927/404
f 2875/5861/404 2923/5927/404 2876/5862/404
f 2876/5862/404 2923/5927/404 2924/5928/404
f 2876/5862/404 2924/5928/404 2877/5929/404
f 2877/5866/404 2924/5930/404 2925/5931/404
f 2877/5866/404 2925/5931/404 2878/5867/404
f 2878/5867/404 2925/5931/404 2926/5932/404
f 2878/5867/404 2926/5932/404 2873/5857/404
f 2873/5857/404 2926/5932/404 2927/5933/404
f 2873/5857/404 2927/5933/404 2872/5856/404
f 2872/5856/404 2927/5933/404 2928/5934/404
f 2872/5856/404 2928/5934/404 2887/5878/404
f 2880/5935/404 2929/5936/404 2930/5937/404
f 2830/5938/404 2829/5809/404 2931/5939/404
f 2929/5936/404 2880/5935/404 2932/5940/404
f 2932/5940/404 2880/5935/404 2859/5941/404
f 2932/5940/404 2859/5941/404 2933/5942/404
f 2934/5943/404 2935/5944/404 2936/5945/404
f 2810/5946/404 2809/5947/404 2937/5948/404
f 2937/5948/404 2938/5949/404 2810/5946/404
f 2810/5946/404 2938/5949/404 2939/5950/404
f 2810/5946/404 2939/5950/404 2811/5951/404
f 2811/5951/404 2939/5950/404 2940/5952/404
f 2811/5951/404 2940/5952/404 2813/5953/404
f 2813/5953/404 2940/5952/404 2941/5954/404
f 2813/5953/404 2941/5954/404 2815/5955/404
f 2815/5955/404 2941/5954/404 2942/5956/404
f 2815/5955/404 2942/5956/404 2805/5957/404
f 2805/5957/404 2942/5956/404 2943/5958/404
f 2805/5957/404 2943/5958/404 2806/5916/404
f 2806/5916/404 2943/5958/404 2944/5959/404
f 2806/5916/404 2944/5959/404 2913/5917/404
f 2891/5882/404 2945/5960/404 2832/5797/404
f 2832/5797/404 2945/5960/404 2946/5961/404
f 2832/5797/404 2946/5961/404 2834/5799/404
f 2834/5799/404 2946/5961/404 2947/5962/404
f 2834/5799/404 2947/5962/404 2836/5801/404
f 2836/5801/404 2947/5962/404 2948/5963/404
f 2836/5801/404 2948/5963/404 2838/5803/404
f 2838/5803/404 2948/5963/404 2949/5964/404
f 2838/5803/404 2949/5964/404 2840/5805/404
f 2840/5808/404 2949/5965/404 2950/5966/404
f 2840/5808/404 2950/5966/404 2829/5809/404
f 2829/5809/404 2950/5966/404 2951/5967/404
f 2829/5809/404 2951/5967/404 2931/5939/404
f 2931/5939/3378 2952/5968/3378 2830/5938/3378
f 2830/5938/404 2952/5968/404 2953/5969/404
f 2830/5938/404 2953/5969/404 2859/5941/404
f 2859/5941/404 2953/5969/404 2954/5970/404
f 2930/5937/404 2934/5943/404 2880/5935/404
f 2880/5935/404 2934/5943/404 2936/5945/404
f 2880/5935/404 2936/5945/404 2809/5947/404
f 2809/5947/404 2936/5945/404 2955/5971/404
f 2809/5947/404 2955/5971/404 2937/5948/404
f 2954/5970/404 2956/5972/404 2859/5941/404
f 2859/5941/404 2956/5972/404 2957/5973/404
f 2859/5941/404 2957/5973/404 2933/5942/404
f 2818/5772/3379 2807/5759/3379 2914/5974/3379
f 2914/5974/3379 2807/5759/3379 2806/5758/3379
f 2958/5975/2045 2959/5976/2045 2860/5977/2045
f 2959/5976/2045 2960/5978/2045 2860/5977/2045
f 2860/5977/2045 2960/5978/2045 2961/5979/2045
f 2860/5977/2045 2961/5979/2045 2818/5772/2045
f 2818/5772/2045 2961/5979/2045 2962/5980/2045
f 2963/5981/2045 2964/5982/2045 2821/5834/2045
f 2821/5834/2045 2964/5982/2045 2965/5983/2045
f 2821/5834/2045 2965/5983/2045 2860/5984/2045
f 2860/5977/2045 2965/5985/2045 2966/5986/2045
f 2860/5977/2045 2966/5986/2045 2958/5975/2045
f 2963/5981/2045 2821/5834/2045 2967/5987/2045
f 2967/5987/2045 2821/5834/2045 2820/5776/2045
f 2967/5987/2045 2820/5776/2045 2968/5988/2045
f 2962/5980/2045 2969/5989/2045 2818/5772/2045
f 2818/5772/2045 2969/5989/2045 2970/5990/2045
f 2818/5775/2045 2970/5991/2045 2820/5776/2045
f 2820/5776/2045 2970/5991/2045 2971/5992/2045
f 2820/5776/2045 2971/5992/2045 2968/5988/2045
f 2972/5993/1333 2973/5994/1333 2827/5792/1333
f 2827/5792/1333 2973/5994/1333 2974/5995/1333
f 2827/5792/1333 2974/5995/1333 2879/5996/1333
f 2879/5868/1333 2974/5997/1333 2975/5998/1333
f 2879/5868/1333 2975/5998/1333 2976/5999/1333
f 2977/6000/1333 2825/5788/1333 2978/6001/1333
f 2978/6001/1333 2825/5788/1333 2826/5790/1333
f 2978/6002/1333 2826/5791/1333 2979/6003/1333
f 2977/6000/1333 2980/6004/1333 2825/5788/1333
f 2825/5788/1333 2980/6004/1333 2981/6005/1333
f 2825/5788/1333 2981/6005/1333 2827/5792/1333
f 2827/5792/1333 2981/6005/1333 2982/6006/1333
f 2827/5792/1333 2982/6006/1333 2972/5993/1333
f 2976/5999/1333 2983/6007/1333 2879/5868/1333
f 2879/5868/1333 2983/6007/1333 2984/6008/1333
f 2879/5868/1333 2984/6008/1333 2826/5791/1333
f 2826/5791/1333 2984/6008/1333 2985/6009/1333
f 2826/5791/1333 2985/6009/1333 2979/6003/1333
f 2827/5792/3380 2890/5881/3380 2828/5793/3380
f 2828/5793/3380 2890/5881/3380 2832/5797/3380
f 2859/5831/3381 2880/6010/3381 2844/5814/3381
f 2844/5814/3381 2880/6010/3381 2803/5817/3381
f 2986/6011/3382 2851/5822/3382 2987/6012/3382
f 2987/6012/3382 2851/5822/3382 2850/5821/3382
f 2987/6012/3383 2850/5821/3383 2988/6013/3383
f 2988/6013/3383 2850/5821/3383 2846/5816/3383
f 2988/6014/3384 2846/6015/3384 2989/6016/3384
f 2989/6016/3385 2846/6015/3385 2845/6017/3385
f 2989/6018/3386 2845/5815/3386 2990/6019/3386
f 2990/6019/3387 2845/5815/3387 2858/5830/3387
f 2851/6020/3388 2986/6021/3388 2852/6022/3388
f 2852/6022/3388 2986/6021/3388 2991/6023/3388
f 2852/5823/3389 2991/6024/3389 2843/5812/3389
f 2992/6025/3390 2847/5818/3390 2993/6026/3390
f 2993/6026/3390 2847/5818/3390 2843/5812/3390
f 2993/6026/3391 2843/5812/3391 2994/6027/3391
f 2994/6028/3392 2843/6029/3392 2991/6023/3392
f 2989/6030/3393 2990/6031/3393 2995/6032/3393
f 2987/6033/3394 2996/6034/3394 2986/6021/3394
f 2986/6021/3395 2996/6034/3395 2997/6035/3395
f 2986/6021/3396 2997/6035/3396 2998/6036/3396
f 2995/6032/3397 2999/6037/3397 2989/6030/3397
f 2989/6016/3398 2999/6038/3398 3000/6039/3398
f 2989/6016/3399 3000/6039/3399 2988/6014/3399
f 2988/6014/3400 3000/6039/3400 3001/6040/3400
f 2988/6014/3401 3001/6040/3401 2987/6041/3401
f 2987/6041/3402 3001/6040/3402 3002/6042/3402
f 2987/6041/3403 3002/6042/3403 2996/6043/3403
f 3002/6044/3404 3003/6045/3404 2996/6046/3404
f 2996/6046/3405 3003/6045/3405 3004/6047/3405
f 3002/6044/3406 3001/6048/3406 3003/6045/3406
f 3003/6045/3407 3001/6048/3407 3000/6049/3407
f 3003/6045/3408 3000/6049/3408 2999/6050/3408
f 2999/6050/3409 2995/6051/3409 3003/6045/3409
f 3003/6045/3410 2995/6051/3410 3005/6052/3410
f 3003/6045/3411 3005/6052/3411 3006/6053/3411
f 3006/6053/3412 3005/6052/3412 3007/6054/3412
f 3006/6053/3413 3007/6054/3413 3008/6055/3413
f 3008/6055/3414 3009/6056/3414 3006/6053/3414
f 3006/6053/3415 3009/6056/3415 3010/6057/3415
f 3006/6053/3416 3010/6057/3416 3011/6058/3416
f 3011/6058/3417 3010/6057/3417 3012/6059/3417
f 3013/6060/3418 3014/6061/3418 3015/6062/3418
f 3012/6059/3419 3016/6063/3419 3011/6058/3419
f 3011/6058/3420 3016/6063/3420 3017/6064/3420
f 3011/6058/3421 3017/6064/3421 3018/6065/3421
f 3017/6064/3422 3019/6066/3422 3018/6065/3422
f 3018/6065/3423 3019/6066/3423 3020/6067/3423
f 3018/6065/3424 3020/6067/3424 3021/6068/3424
f 3021/6068/3425 3022/6069/3425 3018/6065/3425
f 3018/6065/3426 3022/6069/3426 3023/6070/3426
f 3018/6065/3427 3023/6070/3427 3015/6062/3427
f 3015/6062/3428 3023/6070/3428 3024/6071/3428
f 3015/6062/3429 3024/6071/3429 3013/6060/3429
f 3014/6061/3430 3025/6072/3430 3015/6062/3430
f 3015/6062/3431 3025/6072/3431 3026/6073/3431
f 3015/6062/3432 3026/6073/3432 3027/6074/3432
f 3027/6074/3433 3026/6073/3433 2998/6075/3433
f 3027/6074/3434 2998/6075/3434 3004/6047/3434
f 3004/6047/3435 2998/6075/3435 2997/6076/3435
f 3004/6047/3436 2997/6076/3436 2996/6046/3436
f 2768/5693/3437 2860/5832/3437 2863/5838/3437
f 2863/5838/3437 2860/5832/3437 2917/6077/3437
f 2868/5845/3438 2773/5703/3438 2882/6078/3438
f 2882/6078/3438 2773/5703/3438 2861/5836/3438
f 3028/6079/171 3029/6080/171 2871/5854/171
f 3030/6081/171 3031/6082/171 2868/6083/171
f 2868/6083/171 3031/6082/171 3032/6084/171
f 2868/6083/171 3032/6084/171 2869/6085/171
f 2869/6085/171 3032/6084/171 3033/6086/171
f 2869/6085/171 3033/6086/171 3034/6087/171
f 3035/6088/171 2870/5855/171 3036/6089/171
f 3036/6089/171 2870/5855/171 2869/6085/171
f 3036/6089/171 2869/6085/171 3037/6090/171
f 3037/6090/171 2869/6085/171 3034/6087/171
f 3035/6088/171 3038/6091/171 2870/5855/171
f 2870/5855/171 3038/6091/171 3039/6092/171
f 2870/5855/171 3039/6092/171 2871/5854/171
f 2871/5854/171 3039/6092/171 3040/6093/171
f 2871/5854/171 3040/6093/171 3028/6079/171
f 3029/6080/171 3041/6094/171 2871/5854/171
f 2871/5854/171 3041/6094/171 3042/6095/171
f 2871/5854/171 3042/6095/171 2868/6083/171
f 2868/6083/171 3042/6095/171 3043/6096/171
f 2868/6083/171 3043/6096/171 3030/6081/171
f 2783/5726/3439 2871/5854/3439 2874/5858/3439
f 2874/5858/3439 2871/5854/3439 2885/6097/3439
f 2879/5868/3440 2787/5730/3440 2888/5879/3440
f 2888/5879/3440 2787/5730/3440 2872/5856/3440
f 2888/5879/3441 2890/6098/3441 2879/5868/3441
f 2879/5996/3441 2890/5881/3441 2827/5792/3441
f 2871/5854/3442 2868/6083/3442 2885/6097/3442
f 2885/6097/3442 2868/6083/3442 2882/6099/3442
f 2860/5977/2988 2818/5772/2988 2917/6100/2988
f 2917/6100/2988 2818/5772/2988 2914/5974/2988
f 3044/6101/3443 2892/5883/3443 3045/6102/3443
f 3045/6102/3443 2892/5883/3443 2916/5920/3443
f 3045/6102/3444 2916/5920/3444 3046/6103/3444
f 3046/6103/3444 2916/5920/3444 2918/5922/3444
f 3047/6104/3445 2896/5889/3445 3048/6105/3445
f 3048/6105/3445 2896/5889/3445 2895/5887/3445
f 3048/6105/3446 2895/5887/3446 3049/6106/3446
f 3049/6106/3446 2895/5887/3446 2920/5924/3446
f 3049/6106/3447 2920/5924/3447 3050/6107/3447
f 3050/6107/3448 2920/5924/3448 2894/5885/3448
f 3051/6108/3449 2900/5901/3449 3052/6109/3449
f 3052/6109/3450 2900/5901/3450 2899/5900/3450
f 3052/6110/3451 2899/5897/3451 3053/6111/3451
f 3053/6111/3451 2899/5897/3451 2898/5895/3451
f 3053/6111/3452 2898/5895/3452 3054/6112/3452
f 3054/6112/3453 2898/5895/3453 2897/5893/3453
f 3054/6112/3454 2897/5893/3454 3047/6113/3454
f 3047/6113/3454 2897/5893/3454 2896/5891/3454
f 3055/6114/3455 2901/6115/3455 3051/6116/3455
f 3051/6116/3456 2901/6115/3456 2900/6117/3456
f 3056/6118/3457 2883/6119/3457 3057/6120/3457
f 3057/6120/3457 2883/6119/3457 2881/6121/3457
f 3057/6122/3458 2881/6123/3458 3055/6114/3458
f 3055/6114/3459 2881/6123/3459 2901/6115/3459
f 3058/6124/3460 2904/6125/3460 3059/6126/3460
f 3059/6126/3461 2904/6125/3461 2884/6127/3461
f 3059/6126/3462 2884/6127/3462 3060/6128/3462
f 3060/6129/3463 2884/6130/3463 2883/6119/3463
f 3060/6129/3457 2883/6119/3457 3056/6118/3457
f 3058/6124/3464 3061/6131/3464 2904/6125/3464
f 2904/6125/3464 3061/6131/3464 2903/6132/3464
f 3062/6133/3464 2902/6134/3464 3061/6131/3464
f 3061/6131/3465 2902/6134/3465 2903/6132/3465
f 2902/6134/3466 3062/6133/3466 2907/6135/3466
f 2907/6135/3467 3062/6133/3467 3063/6136/3467
f 3063/6137/3467 3064/6138/3467 2907/6139/3467
f 2907/6139/3467 3064/6138/3467 2906/6140/3467
f 2906/6140/3468 3064/6138/3468 3065/6141/3468
f 2906/6140/3469 3065/6141/3469 2905/6142/3469
f 2905/5906/3470 3065/6143/3470 3066/6144/3470
f 2905/5906/3470 3066/6144/3470 2886/5877/3470
f 3067/6145/3471 2922/6146/3471 3068/6147/3471
f 3068/6147/3471 2922/6146/3471 2921/6148/3471
f 3068/6149/3472 2921/5925/3472 3066/6144/3472
f 3066/6144/3472 2921/5925/3472 2886/5877/3472
f 3069/6150/3473 2923/6151/3473 3067/6145/3473
f 3067/6145/3474 2923/6151/3474 2922/6146/3474
f 3070/6152/3475 2927/6153/3475 3071/6154/3475
f 3071/6154/3475 2927/6153/3475 2926/6155/3475
f 3071/6154/3476 2926/6155/3476 3072/6156/3476
f 3072/6156/3477 2926/6155/3477 2925/6157/3477
f 3072/6156/3478 2925/6157/3478 3073/6158/3478
f 3073/6158/3478 2925/6157/3478 2924/6159/3478
f 3073/6158/3479 2924/6159/3479 3069/6160/3479
f 3069/6160/3480 2924/6159/3480 2923/6161/3480
f 2928/6162/3481 2927/6153/3481 3070/6152/3481
f 3074/6163/3482 2889/6164/3482 3075/6165/3482
f 3075/6165/3483 2889/6164/3483 2887/6166/3483
f 3075/6165/3484 2887/6166/3484 3076/6167/3484
f 3076/6167/3485 2887/6166/3485 2928/6162/3485
f 3076/6167/3486 2928/6162/3486 3077/6168/3486
f 3077/6168/3481 2928/6162/3481 3070/6152/3481
f 3078/6169/3487 2912/6170/3487 3079/6171/3487
f 3079/6171/3488 2912/6170/3488 2909/6172/3488
f 2912/6170/3489 3078/6169/3489 2911/6173/3489
f 2911/6173/3490 3078/6169/3490 3080/6174/3490
f 3081/6175/3491 2891/6176/3491 3082/6177/3491
f 3082/6177/3491 2891/6176/3491 2910/6178/3491
f 3082/6177/3492 2910/6178/3492 3083/6179/3492
f 3083/6179/3493 2910/6178/3493 2911/6173/3493
f 3083/6179/3490 2911/6173/3490 3080/6174/3490
f 2946/6180/3494 3084/6181/3494 2947/6182/3494
f 2947/6182/3494 3084/6181/3494 3085/6183/3494
f 2891/6176/3495 3081/6175/3495 2945/6184/3495
f 2945/6184/3496 3081/6175/3496 3086/6185/3496
f 2945/6184/3497 3086/6185/3497 2946/6180/3497
f 2946/6180/3498 3086/6185/3498 3087/6186/3498
f 2946/6180/3499 3087/6186/3499 3084/6181/3499
f 3088/6187/3500 2951/6188/3500 3089/6189/3500
f 3089/6189/3500 2951/6188/3500 2950/6190/3500
f 3089/6189/3501 2950/6190/3501 3090/6191/3501
f 3090/6191/3501 2950/6190/3501 2949/6192/3501
f 3090/6191/3502 2949/6192/3502 3091/6193/3502
f 3091/6194/3502 2949/6195/3502 2948/6196/3502
f 3091/6194/3503 2948/6196/3503 3085/6183/3503
f 3085/6183/3503 2948/6196/3503 2947/6182/3503
f 3092/6197/3504 2943/5958/3504 3093/6198/3504
f 3093/6198/3504 2943/5958/3504 2942/5956/3504
f 3093/6198/3505 2942/5956/3505 3094/6199/3505
f 3094/6199/3505 2942/5956/3505 2941/5954/3505
f 3094/6199/3506 2941/5954/3506 3095/6200/3506
f 3095/6200/3507 2941/5954/3507 2940/5952/3507
f 3095/6200/3508 2940/5952/3508 3096/6201/3508
f 3096/6201/3508 2940/5952/3508 2939/5950/3508
f 3097/6202/3509 2915/5919/3509 3098/6203/3509
f 3098/6203/3510 2915/5919/3510 2913/5917/3510
f 3098/6203/3511 2913/5917/3511 3099/6204/3511
f 3099/6204/3511 2913/5917/3511 2944/5959/3511
f 3099/6204/3512 2944/5959/3512 3092/6197/3512
f 3092/6197/3512 2944/5959/3512 2943/5958/3512
f 3046/6103/3513 2918/5922/3513 3100/6205/3513
f 3100/6205/3514 2918/5922/3514 2919/5923/3514
f 3100/6205/3515 2919/5923/3515 3101/6206/3515
f 3101/6206/3516 2919/5923/3516 2915/5919/3516
f 3101/6206/3516 2915/5919/3516 3097/6202/3516
f 3102/6207/3517 3047/6104/3517 3048/6105/3517
f 3102/6207/3518 3048/6105/3518 3103/6208/3518
f 3103/6208/3519 3048/6105/3519 3049/6106/3519
f 3103/6208/3520 3049/6106/3520 3104/6209/3520
f 3104/6209/3521 3049/6106/3521 3050/6107/3521
f 3104/6209/3522 3050/6107/3522 3105/6210/3522
f 3106/6211/3523 3107/6212/3523 3108/6213/3523
f 3108/6213/3524 3107/6212/3524 3109/6214/3524
f 3108/6213/3525 3109/6214/3525 3110/6215/3525
f 3110/6215/3526 3111/6216/3526 3108/6213/3526
f 3108/6213/3527 3111/6216/3527 3112/6217/3527
f 3108/6213/3528 3112/6217/3528 3046/6103/3528
f 3112/6217/3529 3113/6218/3529 3046/6103/3529
f 3046/6103/3530 3113/6218/3530 3114/6219/3530
f 3046/6103/3531 3114/6219/3531 3115/6220/3531
f 3115/6220/3532 3116/6221/3532 3046/6103/3532
f 3046/6103/3533 3116/6221/3533 3117/6222/3533
f 3046/6103/3534 3117/6222/3534 3045/6102/3534
f 3045/6102/3535 3117/6222/3535 3118/6223/3535
f 3045/6102/3536 3118/6223/3536 3119/6224/3536
f 3119/6224/3537 3120/6225/3537 3045/6102/3537
f 3045/6102/3538 3120/6225/3538 3121/6226/3538
f 3045/6102/3539 3121/6226/3539 3044/6101/3539
f 3044/6101/3540 3121/6226/3540 3122/6227/3540
f 3044/6101/3541 3122/6227/3541 3123/6228/3541
f 3123/6228/3542 3124/6229/3542 3044/6101/3542
f 3044/6101/3543 3124/6229/3543 3125/6230/3543
f 3044/6101/3544 3125/6230/3544 3126/6231/3544
f 3125/6230/3545 3127/6232/3545 3126/6231/3545
f 3126/6231/3546 3127/6232/3546 3128/6233/3546
f 3126/6231/3547 3128/6233/3547 3129/6234/3547
f 3129/6234/3548 3130/6235/3548 3126/6231/3548
f 3126/6231/3549 3130/6235/3549 3131/6236/3549
f 3126/6231/3550 3131/6236/3550 3106/6211/3550
f 3106/6211/3551 3131/6236/3551 3132/6237/3551
f 3106/6211/3552 3132/6237/3552 3107/6212/3552
f 3133/6238/3553 3074/6163/3553 3075/6165/3553
f 3133/6238/3554 3075/6165/3554 3134/6239/3554
f 3134/6239/3555 3075/6165/3555 3076/6167/3555
f 3134/6239/3556 3076/6167/3556 3135/6240/3556
f 3136/6241/3557 3137/6242/3557 3079/6171/3557
f 3138/6243/3558 3139/6244/3558 3140/6245/3558
f 3138/6243/3559 3140/6245/3559 3141/6246/3559
f 3140/6245/3560 3142/6247/3560 3141/6246/3560
f 3141/6246/3561 3142/6247/3561 3143/6248/3561
f 3141/6246/3562 3143/6248/3562 3144/6249/3562
f 3144/6249/3563 3145/6250/3563 3141/6246/3563
f 3141/6246/3564 3145/6250/3564 3146/6251/3564
f 3141/6246/3565 3146/6251/3565 3079/6171/3565
f 3079/6171/3566 3146/6251/3566 3147/6252/3566
f 3079/6171/3567 3147/6252/3567 3136/6241/3567
f 3137/6242/3568 3148/6253/3568 3079/6171/3568
f 3079/6171/3569 3148/6253/3569 3149/6254/3569
f 3079/6171/3570 3149/6254/3570 3078/6169/3570
f 3078/6169/3571 3149/6254/3571 3150/6255/3571
f 3078/6169/3572 3150/6255/3572 3151/6256/3572
f 3152/6257/3573 3092/6197/3573 3093/6198/3573
f 3152/6257/3574 3093/6198/3574 3153/6258/3574
f 3153/6258/3575 3093/6198/3575 3094/6199/3575
f 3153/6258/3576 3094/6199/3576 3154/6259/3576
f 3154/6260/3577 3094/6261/3577 3095/6262/3577
f 3154/6260/3578 3095/6262/3578 3155/6263/3578
f 3155/6263/3579 3095/6262/3579 3096/6264/3579
f 3155/6263/3580 3096/6264/3580 3156/6265/3580
f 3157/6266/3581 3070/6152/3581 3071/6154/3581
f 3157/6266/3582 3071/6154/3582 3158/6267/3582
f 3158/6267/3583 3071/6154/3583 3072/6156/3583
f 3158/6267/3584 3072/6156/3584 3159/6268/3584
f 3159/6269/3585 3072/6270/3585 3073/6271/3585
f 3159/6269/3586 3073/6271/3586 3160/6272/3586
f 3160/6272/3587 3073/6271/3587 3069/6150/3587
f 3160/6272/3588 3069/6150/3588 3161/6273/3588
f 3161/6273/3589 3069/6150/3589 3162/6274/3589
f 3162/6274/3589 3069/6150/3589 3067/6145/3589
f 3162/6274/3590 3067/6145/3590 3068/6147/3590
f 3162/6274/3591 3068/6147/3591 3163/6275/3591
f 3163/6275/3592 3068/6147/3592 3066/6276/3592
f 3163/6275/3593 3066/6276/3593 3164/6277/3593
f 3064/6138/3594 3165/6278/3594 3166/6279/3594
f 3064/6138/3594 3166/6279/3594 3065/6141/3594
f 3065/6141/3593 3166/6279/3593 3164/6277/3593
f 3065/6141/3593 3164/6277/3593 3066/6276/3593
f 3167/6280/3595 3165/6278/3595 3063/6137/3595
f 3063/6137/3595 3165/6278/3595 3064/6138/3595
f 3168/6281/3596 3169/6282/3596 3063/6136/3596
f 3168/6281/3597 3063/6136/3597 3170/6283/3597
f 3171/6284/3598 3172/6285/3598 3062/6133/3598
f 3062/6133/3599 3172/6285/3599 3173/6286/3599
f 3062/6133/3600 3173/6286/3600 3063/6136/3600
f 3063/6136/3601 3173/6286/3601 3174/6287/3601
f 3063/6136/3602 3174/6287/3602 3170/6283/3602
f 3169/6282/3603 3175/6288/3603 3063/6136/3603
f 3063/6136/3604 3175/6288/3604 3176/6289/3604
f 3063/6136/3605 3176/6289/3605 3167/6290/3605
f 3167/6290/3606 3176/6289/3606 3177/6291/3606
f 3167/6290/3607 3177/6291/3607 3178/6292/3607
f 3179/6293/3608 3180/6294/3608 3181/6295/3608
f 3181/6295/3609 3180/6294/3609 3167/6290/3609
f 3181/6295/3610 3167/6290/3610 3182/6296/3610
f 3182/6296/3611 3167/6290/3611 3178/6292/3611
f 3183/6297/3612 3184/6298/3612 3061/6131/3612
f 3185/6299/3613 3186/6300/3613 3187/6301/3613
f 3185/6299/3614 3187/6301/3614 3188/6302/3614
f 3188/6302/3615 3187/6301/3615 3180/6294/3615
f 3188/6302/3616 3180/6294/3616 3179/6293/3616
f 3186/6300/3617 3189/6303/3617 3187/6301/3617
f 3187/6301/3618 3189/6303/3618 3190/6304/3618
f 3187/6301/3619 3190/6304/3619 3061/6131/3619
f 3061/6131/3620 3190/6304/3620 3191/6305/3620
f 3061/6131/3621 3191/6305/3621 3183/6297/3621
f 3184/6298/3622 3192/6306/3622 3061/6131/3622
f 3061/6131/3623 3192/6306/3623 3193/6307/3623
f 3061/6131/3624 3193/6307/3624 3062/6133/3624
f 3062/6133/3625 3193/6307/3625 3194/6308/3625
f 3062/6133/3626 3194/6308/3626 3171/6284/3626
f 3187/6301/3627 3061/6131/3627 3195/6309/3627
f 3195/6309/3627 3061/6131/3627 3058/6124/3627
f 3195/6309/3628 3058/6124/3628 3196/6310/3628
f 3056/6311/3629 3197/6312/3629 3060/6128/3629
f 3060/6128/3630 3197/6312/3630 3196/6310/3630
f 3060/6128/3631 3196/6310/3631 3059/6126/3631
f 3059/6126/3628 3196/6310/3628 3058/6124/3628
f 3197/6312/3632 3056/6311/3632 3198/6313/3632
f 3198/6313/3629 3056/6311/3629 3057/6122/3629
f 3198/6313/3633 3057/6122/3633 3199/6314/3633
f 3199/6314/3633 3057/6122/3633 3055/6114/3633
f 3199/6314/3634 3055/6114/3634 3200/6315/3634
f 3200/6315/3634 3055/6114/3634 3051/6116/3634
f 3200/6315/3635 3051/6116/3635 3052/6316/3635
f 3200/6315/3636 3052/6316/3636 3201/6317/3636
f 3201/6317/3637 3052/6316/3637 3053/6318/3637
f 3201/6317/3638 3053/6318/3638 3202/6319/3638
f 3202/6320/3639 3053/6321/3639 3054/6322/3639
f 3202/6320/3640 3054/6322/3640 3203/6323/3640
f 3203/6324/3641 3054/6112/3641 3047/6113/3641
f 3203/6325/3642 3047/6104/3642 3102/6207/3642
f 3046/6103/3643 3100/6205/3643 3108/6213/3643
f 3108/6213/3643 3100/6205/3643 3204/6326/3643
f 3204/6326/3644 3100/6205/3644 3101/6206/3644
f 3204/6326/3645 3101/6206/3645 3205/6327/3645
f 3205/6327/3646 3101/6206/3646 3097/6202/3646
f 3205/6327/3647 3097/6202/3647 3206/6328/3647
f 3206/6328/3648 3097/6202/3648 3207/6329/3648
f 3207/6329/3648 3097/6202/3648 3098/6203/3648
f 3207/6329/512 3098/6203/512 3208/6330/512
f 3208/6330/512 3098/6203/512 3099/6204/512
f 3208/6330/3649 3099/6204/3649 3152/6257/3649
f 3152/6257/3649 3099/6204/3649 3092/6197/3649
f 3209/6331/3650 3085/6183/3650 3210/6332/3650
f 3210/6332/3651 3085/6183/3651 3084/6181/3651
f 3210/6332/3652 3084/6181/3652 3087/6186/3652
f 3210/6332/3653 3087/6186/3653 3086/6185/3653
f 3210/6332/3654 3086/6185/3654 3211/6333/3654
f 3211/6333/3655 3086/6185/3655 3081/6175/3655
f 3211/6333/3656 3081/6175/3656 3212/6334/3656
f 3213/6335/3657 3214/6336/3657 3080/6174/3657
f 3080/6174/3657 3214/6336/3657 3083/6179/3657
f 3215/6337/3658 3216/6338/3658 3080/6174/3658
f 3151/6256/3659 3217/6339/3659 3078/6169/3659
f 3078/6169/3660 3217/6339/3660 3218/6340/3660
f 3078/6169/3661 3218/6340/3661 3080/6174/3661
f 3080/6174/3662 3218/6340/3662 3219/6341/3662
f 3080/6174/3663 3219/6341/3663 3215/6337/3663
f 3216/6338/3664 3220/6342/3664 3080/6174/3664
f 3080/6174/3665 3220/6342/3665 3221/6343/3665
f 3080/6174/3666 3221/6343/3666 3213/6335/3666
f 3213/6335/3667 3221/6343/3667 3222/6344/3667
f 3213/6335/3668 3222/6344/3668 3223/6345/3668
f 3223/6345/3669 3224/6346/3669 3213/6335/3669
f 3213/6335/3670 3224/6346/3670 3225/6347/3670
f 3213/6335/3671 3225/6347/3671 3138/6243/3671
f 3138/6243/3672 3225/6347/3672 3226/6348/3672
f 3138/6243/3673 3226/6348/3673 3139/6244/3673
f 3135/6240/3674 3076/6167/3674 3157/6266/3674
f 3157/6266/3675 3076/6167/3675 3077/6168/3675
f 3157/6266/3676 3077/6168/3676 3070/6152/3676
f 3227/6349/3677 2970/6350/3677 3228/6351/3677
f 3228/6351/3677 2970/6350/3677 2969/6352/3677
f 3228/6351/3678 2969/6352/3678 3229/6353/3678
f 3229/6353/3678 2969/6352/3678 2962/6354/3678
f 3229/6355/3679 2962/6356/3679 3230/6357/3679
f 3230/6357/3680 2962/6356/3680 2961/6358/3680
f 3230/6357/3681 2961/6358/3681 3231/6359/3681
f 3231/6359/3682 2961/6358/3682 2960/6360/3682
f 3231/6359/3683 2960/6360/3683 3232/6361/3683
f 3232/6361/3684 2960/6360/3684 2959/6362/3684
f 3232/6363/3685 2959/6364/3685 3233/6365/3685
f 3233/6365/3686 2959/6364/3686 2958/6366/3686
f 3233/6365/3687 2958/6366/3687 3234/6367/3687
f 3234/6367/3688 2958/6366/3688 2966/6368/3688
f 2970/6350/3689 3227/6349/3689 2971/6369/3689
f 2971/6369/3689 3227/6349/3689 3235/6370/3689
f 2971/5992/3690 3235/6371/3690 2968/5988/3690
f 3235/6371/3691 3236/6372/3691 2968/5988/3691
f 2968/5988/3692 3236/6372/3692 3237/6373/3692
f 2968/5988/3693 3237/6373/3693 2967/5987/3693
f 2967/5987/3694 3237/6373/3694 3238/6374/3694
f 2967/5987/3695 3238/6374/3695 2963/5981/3695
f 2963/5981/3696 3238/6374/3696 3239/6375/3696
f 2963/5981/3697 3239/6375/3697 2964/5982/3697
f 3239/6375/3698 3240/6376/3698 2964/5982/3698
f 2964/5982/3699 3240/6376/3699 3241/6377/3699
f 2964/5982/3700 3241/6377/3700 2965/5983/3700
f 3234/6367/3701 2966/6368/3701 3242/6378/3701
f 3242/6378/3702 2966/6368/3702 2965/6379/3702
f 3242/6380/3703 2965/5983/3703 3243/6381/3703
f 3243/6381/3704 2965/5983/3704 3241/6377/3704
f 3244/6382/3705 2984/6383/3705 3245/6384/3705
f 3245/6384/3705 2984/6383/3705 2983/6385/3705
f 3245/6386/3706 2983/6387/3706 3246/6388/3706
f 3246/6388/3707 2983/6387/3707 2976/6389/3707
f 3246/6388/3708 2976/6389/3708 3247/6390/3708
f 3247/6390/3709 2976/6389/3709 2975/6391/3709
f 3247/6390/3710 2975/6391/3710 3248/6392/3710
f 3248/6392/3710 2975/6391/3710 2974/6393/3710
f 3248/6392/3711 2974/6393/3711 3249/6394/3711
f 3249/6394/3711 2974/6393/3711 2973/6395/3711
f 3249/6394/3712 2973/6395/3712 3250/6396/3712
f 3250/6396/3713 2973/6395/3713 2972/6397/3713
f 3250/6398/3714 2972/6399/3714 3251/6400/3714
f 3251/6400/3715 2972/6399/3715 2982/6401/3715
f 2985/6009/3716 2984/6008/3716 3244/6402/3716
f 3244/6382/3717 3252/6403/3717 2985/6404/3717
f 2985/6009/3718 3252/6405/3718 3253/6406/3718
f 2985/6009/3719 3253/6406/3719 2979/6003/3719
f 3253/6407/3720 3254/6408/3720 2979/6409/3720
f 2979/6409/3721 3254/6408/3721 3255/6410/3721
f 2979/6409/3722 3255/6410/3722 2978/6001/3722
f 2978/6001/3723 3255/6410/3723 3256/6411/3723
f 2978/6001/3724 3256/6411/3724 2977/6000/3724
f 2977/6000/3724 3256/6411/3724 3257/6412/3724
f 2977/6000/3725 3257/6412/3725 2980/6004/3725
f 3251/6400/3726 2982/6401/3726 3258/6413/3726
f 3258/6413/3726 2982/6401/3726 2981/6414/3726
f 3258/6415/3727 2981/6005/3727 3259/6416/3727
f 3259/6416/3728 2981/6005/3728 2980/6004/3728
f 3259/6416/3729 2980/6004/3729 3260/6417/3729
f 3260/6417/3730 2980/6004/3730 3257/6412/3730
f 3261/6418/3731 3036/6089/3731 3262/6419/3731
f 3262/6419/3732 3036/6089/3732 3037/6090/3732
f 3262/6419/3733 3037/6090/3733 3263/6420/3733
f 3263/6420/3734 3037/6090/3734 3264/6087/3734
f 3263/6420/3735 3264/6087/3735 3265/6421/3735
f 3265/6421/3736 3264/6087/3736 3266/6422/3736
f 3265/6421/3737 3266/6422/3737 3267/6423/3737
f 3267/6423/3737 3266/6422/3737 3032/6084/3737
f 3268/6424/3738 3040/6093/3738 3269/6425/3738
f 3269/6425/3738 3040/6093/3738 3270/6092/3738
f 3269/6425/3739 3270/6092/3739 3271/6426/3739
f 3271/6426/3739 3270/6092/3739 3272/6091/3739
f 3271/6426/3740 3272/6091/3740 3273/6427/3740
f 3273/6427/3740 3272/6091/3740 3274/6088/3740
f 3273/6427/3741 3274/6088/3741 3261/6418/3741
f 3261/6418/3742 3274/6088/3742 3036/6089/3742
f 3265/6428/3743 3267/6429/3743 3191/6430/3743
f 3189/6431/3744 3186/6432/3744 3262/6433/3744
f 3262/6433/3745 3186/6432/3745 3185/6434/3745
f 3262/6435/3746 3185/6436/3746 3261/6437/3746
f 3261/6438/3747 3185/6434/3747 3188/6439/3747
f 3261/6438/3748 3188/6439/3748 3179/6440/3748
f 3191/6441/3749 3190/6442/3749 3265/6443/3749
f 3265/6443/3750 3190/6442/3750 3189/6431/3750
f 3265/6428/3751 3189/6444/3751 3263/6445/3751
f 3263/6445/3752 3189/6444/3752 3262/6435/3752
f 3125/6446/3753 3234/6367/3753 3242/6378/3753
f 3125/6446/3754 3242/6378/3754 3127/6447/3754
f 3127/6447/3755 3242/6378/3755 3275/6448/3755
f 3127/6447/3756 3275/6448/3756 3128/6449/3756
f 3128/6449/3757 3275/6448/3757 3241/6450/3757
f 3128/6449/3758 3241/6450/3758 3129/6451/3758
f 3129/6451/3759 3241/6450/3759 3130/6452/3759
f 3130/6452/3760 3241/6450/3760 3276/6453/3760
f 3130/6235/3761 3276/6454/3761 3131/6236/3761
f 3131/6236/3762 3276/6454/3762 3277/6455/3762
f 3131/6236/3763 3277/6455/3763 3132/6237/3763
f 3132/6237/3764 3277/6455/3764 3107/6212/3764
f 3107/6212/3765 3277/6455/3765 3278/6456/3765
f 3107/6212/3766 3278/6456/3766 3109/6214/3766
f 3109/6214/3767 3278/6456/3767 3279/6457/3767
f 3109/6458/3768 3279/6459/3768 3110/6460/3768
f 3279/6459/3769 3236/6461/3769 3110/6460/3769
f 3110/6460/3770 3236/6461/3770 3280/6370/3770
f 3110/6460/3771 3280/6370/3771 3111/6462/3771
f 3111/6462/3772 3280/6370/3772 3112/6463/3772
f 3112/6463/3773 3280/6370/3773 3227/6349/3773
f 3112/6463/3774 3227/6349/3774 3113/6464/3774
f 3234/6367/3775 3125/6446/3775 3124/6465/3775
f 3234/6367/3776 3124/6465/3776 3233/6365/3776
f 3113/6464/3777 3227/6349/3777 3114/6466/3777
f 3114/6466/3778 3227/6349/3778 3228/6351/3778
f 3114/6466/3779 3228/6351/3779 3115/6467/3779
f 3115/6467/3780 3228/6351/3780 3229/6353/3780
f 3115/6467/3781 3229/6353/3781 3116/6468/3781
f 3230/6469/3782 3118/6470/3782 3229/6471/3782
f 3229/6471/3783 3118/6470/3783 3117/6472/3783
f 3229/6471/3784 3117/6472/3784 3116/6473/3784
f 3122/6474/3785 3121/6475/3785 3231/6476/3785
f 3231/6476/3786 3121/6475/3786 3120/6477/3786
f 3231/6476/393 3120/6477/393 3230/6469/393
f 3230/6469/3787 3120/6477/3787 3119/6478/3787
f 3230/6469/3788 3119/6478/3788 3118/6470/3788
f 3124/6465/3789 3123/6479/3789 3233/6365/3789
f 3233/6365/3790 3123/6479/3790 3122/6480/3790
f 3233/6365/3791 3122/6480/3791 3232/6363/3791
f 3232/6481/3792 3122/6474/3792 3231/6476/3792
f 3221/6482/3793 3251/6400/3793 3222/6483/3793
f 3222/6483/3794 3251/6400/3794 3281/6484/3794
f 3222/6483/3795 3281/6484/3795 3223/6485/3795
f 3223/6485/3796 3281/6484/3796 3259/6486/3796
f 3223/6485/3797 3259/6486/3797 3224/6487/3797
f 3224/6487/3798 3259/6486/3798 3225/6488/3798
f 3225/6488/3799 3259/6486/3799 3282/6489/3799
f 3225/6347/3800 3282/6490/3800 3226/6348/3800
f 3226/6491/3801 3282/6492/3801 3283/6493/3801
f 3226/6491/3802 3283/6493/3802 3139/6494/3802
f 3139/6244/3803 3283/6495/3803 3140/6245/3803
f 3140/6496/3804 3283/6497/3804 3284/6498/3804
f 3140/6496/3805 3284/6498/3805 3142/6499/3805
f 3142/6499/3806 3284/6498/3806 3143/6500/3806
f 3143/6501/3807 3284/6502/3807 3285/6503/3807
f 3143/6504/3808 3285/6505/3808 3144/6506/3808
f 3144/6506/3809 3285/6505/3809 3254/6507/3809
f 3144/6506/3810 3254/6507/3810 3145/6508/3810
f 3145/6508/3811 3254/6507/3811 3286/6509/3811
f 3145/6508/3812 3286/6509/3812 3146/6510/3812
f 3286/6509/3813 3252/6403/3813 3146/6510/3813
f 3146/6510/3814 3252/6403/3814 3244/6382/3814
f 3146/6510/3815 3244/6382/3815 3147/6511/3815
f 3250/6398/3816 3251/6400/3816 3221/6482/3816
f 3147/6511/3817 3244/6382/3817 3136/6512/3817
f 3136/6512/3818 3244/6382/3818 3245/6384/3818
f 3136/6512/3819 3245/6384/3819 3137/6513/3819
f 3137/6513/3820 3245/6384/3820 3246/6514/3820
f 3137/6513/3821 3246/6514/3821 3148/6515/3821
f 3148/6516/3822 3246/6517/3822 3149/6518/3822
f 3149/6519/3823 3246/6520/3823 3247/6521/3823
f 3149/6518/3824 3247/6522/3824 3150/6523/3824
f 3248/6524/3825 3217/6525/3825 3247/6521/3825
f 3247/6522/3826 3217/6526/3826 3151/6527/3826
f 3247/6522/3827 3151/6527/3827 3150/6523/3827
f 3249/6528/3828 3219/6529/3828 3248/6524/3828
f 3248/6530/3829 3219/6531/3829 3218/6532/3829
f 3248/6530/3830 3218/6532/3830 3217/6526/3830
f 3221/6482/3831 3220/6533/3831 3250/6398/3831
f 3250/6398/3832 3220/6533/3832 3216/6534/3832
f 3250/6398/3833 3216/6534/3833 3249/6535/3833
f 3249/6535/3834 3216/6534/3834 3215/6536/3834
f 3249/6537/3835 3215/6538/3835 3219/6531/3835
f 3175/6539/3836 3268/6540/3836 3176/6541/3836
f 3176/6541/3837 3268/6540/3837 3269/6542/3837
f 3176/6541/3838 3269/6542/3838 3177/6543/3838
f 3177/6543/3839 3269/6542/3839 3271/6544/3839
f 3177/6543/3840 3271/6544/3840 3178/6545/3840
f 3178/6545/3841 3271/6544/3841 3182/6546/3841
f 3182/6546/3842 3271/6544/3842 3273/6547/3842
f 3182/6546/3843 3273/6547/3843 3181/6548/3843
f 3181/6548/3844 3273/6547/3844 3261/6549/3844
f 3181/6548/3845 3261/6549/3845 3179/6550/3845
f 3191/6441/3846 3267/6551/3846 3183/6552/3846
f 3183/6553/3847 3267/6554/3847 3287/6555/3847
f 3183/6553/3848 3287/6555/3848 3184/6556/3848
f 3184/6556/3849 3287/6555/3849 3288/6557/3849
f 3194/6558/3850 3193/6559/3850 3288/6560/3850
f 3288/6557/3851 3193/6561/3851 3192/6562/3851
f 3288/6557/3852 3192/6562/3852 3184/6556/3852
f 3288/6563/3853 3289/6564/3853 3194/6565/3853
f 3194/6566/3854 3289/6567/3854 3290/6568/3854
f 3194/6569/3855 3290/6570/3855 3171/6571/3855
f 3171/6572/3856 3290/6568/3856 3291/6573/3856
f 3171/6571/3857 3291/6574/3857 3172/6575/3857
f 3172/6576/3858 3291/6573/3858 3292/6577/3858
f 3172/6575/3859 3292/6578/3859 3173/6579/3859
f 3173/6579/3860 3292/6578/3860 3174/6580/3860
f 3174/6581/3861 3292/6577/3861 3293/6582/3861
f 3174/6580/3862 3293/6583/3862 3170/6584/3862
f 3170/6585/3863 3293/6582/3863 3294/6586/3863
f 3170/6584/3864 3294/6587/3864 3168/6588/3864
f 3168/6589/3865 3294/6586/3865 3295/6590/3865
f 3168/6588/3866 3295/6591/3866 3169/6592/3866
f 3295/6593/3867 3296/6594/3867 3169/6595/3867
f 3169/6595/3868 3296/6594/3868 3268/6540/3868
f 3169/6595/3869 3268/6540/3869 3175/6539/3869
f 3028/6079/3870 3040/6093/3870 3268/6424/3870
f 3268/6424/3871 3296/6596/3871 3028/6079/3871
f 3028/6079/3872 3296/6596/3872 3295/6597/3872
f 3028/6079/3873 3295/6597/3873 3297/6080/3873
f 3295/6597/3874 3294/6598/3874 3297/6080/3874
f 3297/6080/3875 3294/6598/3875 3293/6599/3875
f 3297/6080/3876 3293/6599/3876 3041/6094/3876
f 3041/6094/3876 3293/6599/3876 3292/6600/3876
f 3041/6094/3877 3292/6600/3877 3042/6095/3877
f 3042/6095/3878 3292/6600/3878 3291/6601/3878
f 3042/6095/3879 3291/6601/3879 3043/6096/3879
f 3267/6423/3880 3032/6084/3880 3287/6602/3880
f 3287/6602/3880 3032/6084/3880 3298/6082/3880
f 3287/6603/3881 3298/6604/3881 3288/6605/3881
f 3288/6605/3881 3298/6604/3881 3299/6606/3881
f 3288/6607/3882 3299/6608/3882 3289/6609/3882
f 3289/6609/3883 3299/6608/3883 3043/6096/3883
f 3289/6609/3884 3043/6096/3884 3290/6610/3884
f 3290/6610/3885 3043/6096/3885 3291/6601/3885
f 3083/6179/3886 3214/6336/3886 3300/6611/3886
f 3083/6179/3887 3300/6611/3887 3082/6177/3887
f 3082/6177/3888 3300/6611/3888 3212/6334/3888
f 3082/6177/3889 3212/6334/3889 3081/6175/3889
f 3301/6612/3890 3088/6613/3890 3302/6614/3890
f 3302/6614/3890 3088/6613/3890 3303/6615/3890
f 3302/6614/3891 3303/6615/3891 3304/6616/3891
f 3304/6616/3891 3303/6615/3891 3090/6617/3891
f 3304/6618/3892 3090/6191/3892 3305/6619/3892
f 3305/6620/3892 3090/6621/3892 3091/6194/3892
f 3305/6620/3893 3091/6194/3893 3209/6331/3893
f 3209/6331/3893 3091/6194/3893 3085/6183/3893
f 3158/6622/404 3159/6623/404 3306/6624/404
f 3201/6625/404 3202/6320/404 3105/6626/404
f 3201/6625/404 3105/6626/404 3200/6627/404
f 3306/6624/404 3133/6628/404 3134/6629/404
f 3162/6630/3377 3163/6631/3377 3161/6632/3377
f 3161/6632/404 3163/6631/404 3164/6633/404
f 3161/6632/404 3164/6633/404 3160/6634/404
f 3160/6634/404 3164/6633/404 3159/6623/404
f 3159/6623/404 3164/6633/404 3166/6635/404
f 3159/6623/404 3166/6635/404 3306/6624/404
f 3306/6636/404 3166/6637/404 3165/6638/404
f 3306/6636/404 3165/6638/404 3167/6639/404
f 3106/6211/404 3108/6213/404 3307/6640/404
f 3307/6640/404 3108/6213/404 3204/6326/404
f 3307/6641/404 3204/6642/404 3308/6643/404
f 3308/6644/404 3204/6326/404 3205/6327/404
f 3308/6644/404 3205/6327/404 3309/6645/404
f 3308/6643/404 3214/6646/404 3213/6647/404
f 3158/6622/404 3306/6624/404 3157/6648/404
f 3157/6648/404 3306/6624/404 3134/6629/404
f 3157/6648/404 3134/6629/404 3135/6649/404
f 3167/6639/404 3180/6650/404 3306/6636/404
f 3306/6636/404 3180/6650/404 3187/6651/404
f 3306/6636/404 3187/6651/404 3195/6652/404
f 3103/6208/404 3104/6209/404 3102/6207/404
f 3102/6207/404 3104/6209/404 3105/6210/404
f 3102/6207/404 3105/6210/404 3203/6325/404
f 3203/6323/404 3105/6626/404 3202/6320/404
f 3133/6628/404 3306/6624/404 3307/6653/404
f 3307/6640/404 3306/6654/404 3126/6231/404
f 3307/6640/404 3126/6231/404 3106/6211/404
f 3310/6655/404 3311/6656/404 3205/6327/404
f 3205/6327/404 3311/6656/404 3312/6657/404
f 3205/6327/404 3312/6657/404 3006/6658/404
f 3213/6647/404 3138/6659/404 3308/6643/404
f 3308/6643/404 3138/6659/404 3141/6660/404
f 3308/6643/404 3141/6660/404 3307/6641/404
f 3199/6661/404 3200/6627/404 3198/6662/404
f 3198/6662/404 3200/6627/404 3105/6626/404
f 3198/6662/404 3105/6626/404 3197/6663/404
f 3197/6663/404 3105/6626/404 3306/6636/404
f 3197/6663/404 3306/6636/404 3196/6664/404
f 3196/6664/404 3306/6636/404 3195/6652/404
f 3152/6257/404 3153/6258/404 3310/6655/404
f 3310/6655/404 3153/6258/404 3154/6259/404
f 3310/6655/404 3154/6259/404 3155/6665/404
f 3304/6666/404 3313/6667/404 3302/6668/404
f 3302/6668/3377 3313/6667/3377 3314/6669/3377
f 3006/6658/404 3011/6670/404 3205/6327/404
f 3205/6327/404 3011/6670/404 3018/6671/404
f 3205/6327/404 3018/6671/404 3309/6645/404
f 3314/6669/404 3315/6672/404 3302/6668/404
f 3302/6668/3894 3315/6672/3894 3316/6673/3894
f 3302/6668/3377 3316/6673/3377 3301/6674/3377
f 3304/6666/404 3305/6675/404 3313/6667/404
f 3313/6667/404 3305/6675/404 3209/6676/404
f 3313/6667/404 3209/6676/404 3210/6677/404
f 3317/6678/3325 3310/6655/3325 3318/6679/3325
f 3318/6679/3377 3310/6655/3377 3155/6665/3377
f 3318/6679/404 3155/6665/404 3319/6680/404
f 3319/6680/3377 3155/6665/3377 3156/6681/3377
f 3210/6677/404 3211/6682/404 3313/6667/404
f 3313/6667/404 3211/6682/404 3212/6683/404
f 3313/6667/404 3212/6683/404 3308/6643/404
f 3308/6643/404 3212/6683/404 3300/6684/404
f 3308/6643/404 3300/6684/404 3214/6646/404
f 3208/6330/404 3152/6257/404 3207/6329/404
f 3207/6329/404 3152/6257/404 3310/6655/404
f 3207/6329/404 3310/6655/404 3206/6328/404
f 3206/6328/404 3310/6655/404 3205/6327/404
f 3320/6685/3895 3310/6686/3895 3317/6687/3895
f 3319/6688/3896 3156/6265/3896 3321/6689/3896
f 3321/6689/3897 3156/6265/3897 3096/6264/3897
f 3319/6688/3898 3321/6689/3898 3318/6690/3898
f 3318/6690/3899 3321/6689/3899 3322/6691/3899
f 3318/6690/3900 3322/6691/3900 3317/6692/3900
f 3317/6687/3901 3322/6693/3901 3323/6694/3901
f 3317/6687/3902 3323/6694/3902 3320/6685/3902
f 3003/6045/3903 3006/6053/3903 3324/6695/3903
f 3324/6695/3903 3006/6053/3903 3312/6696/3903
f 3324/6695/3904 3312/6696/3904 3325/6697/3904
f 3312/6696/3904 3311/6698/3904 3325/6697/3904
f 3325/6697/3905 3311/6698/3905 3310/6686/3905
f 3325/6697/3905 3310/6686/3905 3320/6685/3905
f 3309/6699/3906 3326/6700/3906 3327/6701/3906
f 3309/6699/3907 3327/6701/3907 3308/6702/3907
f 3308/6702/3908 3327/6701/3908 3328/6703/3908
f 3308/6702/3909 3328/6703/3909 3313/6704/3909
f 3015/6062/3910 3326/6700/3910 3018/6065/3910
f 3018/6065/3910 3326/6700/3910 3309/6699/3910
f 3313/6704/3911 3328/6703/3911 3314/6705/3911
f 3314/6705/3911 3328/6703/3911 3329/6706/3911
f 3314/6705/3912 3329/6706/3912 3315/6707/3912
f 3315/6707/3912 3329/6706/3912 3330/6708/3912
f 3315/6707/3913 3330/6708/3913 3316/6709/3913
f 3316/6709/3914 3330/6708/3914 3331/6710/3914
f 3316/6709/3915 3331/6710/3915 3301/6612/3915
f 3301/6612/3915 3331/6710/3915 3088/6613/3915
f 3141/6246/3916 3079/6171/3916 3332/6711/3916
f 3141/6246/3916 3332/6711/3916 3307/6712/3916
f 3307/6712/3917 3332/6711/3917 3074/6163/3917
f 3307/6712/3918 3074/6163/3918 3133/6238/3918
f 3044/6101/3919 3126/6231/3919 3306/6654/3919
f 3044/6101/3919 3306/6654/3919 3333/6713/3919
f 3333/6713/3920 3306/6654/3920 3105/6210/3920
f 3333/6713/3920 3105/6210/3920 3050/6107/3920
f 3096/6264/3921 2939/6714/3921 3321/6689/3921
f 3321/6689/3921 2939/6714/3921 2938/6715/3921
f 3321/6689/3922 2938/6715/3922 3322/6691/3922
f 3322/6691/3923 2938/6715/3923 2937/6716/3923
f 3322/6691/3924 2937/6716/3924 3323/6717/3924
f 3323/6694/3925 2937/6718/3925 2955/6719/3925
f 3323/6720/3926 2955/6121/3926 3320/6721/3926
f 3320/6721/3926 2955/6121/3926 2936/6722/3926
f 2930/6723/3927 3003/6045/3927 2934/6724/3927
f 2934/6724/3927 3003/6045/3927 3324/6695/3927
f 2934/6724/3928 3324/6695/3928 2935/6725/3928
f 3324/6695/3928 3325/6697/3928 2935/6725/3928
f 2935/6726/3929 3325/6727/3929 3320/6721/3929
f 2935/6726/3929 3320/6721/3929 2936/6722/3929
f 3003/6045/3927 2930/6723/3927 3004/6047/3927
f 3004/6047/3927 2930/6723/3927 2929/6728/3927
f 3004/6047/3930 2929/6728/3930 3027/6074/3930
f 3027/6074/3930 2929/6728/3930 2932/6729/3930
f 3027/6074/3931 2932/6729/3931 3015/6062/3931
f 3015/6062/3931 2932/6729/3931 2933/6730/3931
f 2954/5970/3932 3328/6731/3932 3327/6732/3932
f 3015/6062/3933 2933/6730/3933 3326/6700/3933
f 3326/6700/3933 2933/6730/3933 2957/6733/3933
f 3326/6700/3934 2957/6733/3934 3327/6701/3934
f 3327/6701/3934 2957/6733/3934 2956/6734/3934
f 3327/6732/3932 2956/5972/3932 2954/5970/3932
f 3328/6731/3935 2954/5970/3935 3329/6735/3935
f 3329/6735/3936 2954/5970/3936 2953/5969/3936
f 3329/6706/3937 2953/6736/3937 3330/6708/3937
f 3330/6708/3937 2953/6736/3937 2952/6737/3937
f 3330/6708/3938 2952/6737/3938 3331/6710/3938
f 3331/6710/3938 2952/6737/3938 2931/6738/3938
f 3331/6710/3939 2931/6738/3939 3088/6613/3939
f 3088/6613/3939 2931/6738/3939 2951/6739/3939
f 3332/6711/3940 3079/6171/3940 2909/6172/3940
f 2909/6172/3940 2908/6740/3940 3332/6711/3940
f 3332/6711/3941 2908/6740/3941 2889/6164/3941
f 3332/6711/3941 2889/6164/3941 3074/6163/3941
f 2892/5883/3942 3044/6101/3942 3333/6713/3942
f 2892/5883/3942 3333/6713/3942 2893/5884/3942
f 2893/5884/3943 3333/6713/3943 3050/6107/3943
f 2893/5884/3943 3050/6107/3943 2894/5885/3943
f 3024/6741/3944 2992/6742/3944 3013/6743/3944
f 3013/6743/3945 2992/6742/3945 2993/6744/3945
f 3013/6743/3946 2993/6744/3946 3014/6745/3946
f 3014/6746/3947 2993/6747/3947 2994/6028/3947
f 3014/6746/3948 2994/6028/3948 3025/6748/3948
f 3025/6748/3949 2994/6028/3949 2991/6023/3949
f 3025/6748/3950 2991/6023/3950 3026/6749/3950
f 3026/6749/3951 2991/6023/3951 2986/6021/3951
f 3026/6749/3952 2986/6021/3952 2998/6036/3952
f 2995/6750/3953 2990/6751/3953 3005/6752/3953
f 3005/6752/3954 2990/6751/3954 3334/6753/3954
f 3005/6752/3955 3334/6753/3955 3007/6754/3955
f 3007/6754/3956 3334/6753/3956 3008/6755/3956
f 3008/6755/3957 3334/6753/3957 3335/6756/3957
f 3008/6755/3958 3335/6756/3958 3009/6757/3958
f 3009/6757/3959 3335/6756/3959 3010/6758/3959
f 3010/6758/3960 3335/6756/3960 3336/6759/3960
f 3010/6758/3961 3336/6759/3961 3012/6760/3961
f 3012/6760/3962 3336/6759/3962 3016/6761/3962
f 3016/6761/3963 3336/6759/3963 3337/6762/3963
f 3016/6763/3964 3337/6764/3964 3017/6765/3964
f 3017/6765/3965 3337/6764/3965 3338/6766/3965
f 3017/6765/3966 3338/6766/3966 3019/6767/3966
f 3019/6767/3967 3338/6766/3967 3020/6768/3967
f 3020/6768/3968 3338/6766/3968 3339/6769/3968
f 3020/6768/3969 3339/6769/3969 3021/6770/3969
f 3021/6770/3970 3339/6769/3970 3022/6771/3970
f 3022/6771/3971 3339/6769/3971 3340/6772/3971
f 3022/6771/3972 3340/6772/3972 3023/6773/3972
f 3023/6773/3973 3340/6772/3973 2992/6742/3973
f 3023/6773/3974 2992/6742/3974 3024/6741/3974
f 2990/6019/3975 2858/5830/3975 3334/6774/3975
f 3334/6774/3976 2858/5830/3976 3341/5829/3976
f 3334/6775/3977 3341/6776/3977 3335/6777/3977
f 3335/6777/3978 3341/6776/3978 2856/6778/3978
f 3335/6779/3979 2856/5828/3979 3336/6780/3979
f 3336/6780/3979 2856/5828/3979 2855/5827/3979
f 3336/6780/3980 2855/5827/3980 3337/6781/3980
f 3337/6781/3980 2855/5827/3980 2854/5825/3980
f 3337/6781/3981 2854/5825/3981 3338/6782/3981
f 3338/6782/3981 2854/5825/3981 2853/5824/3981
f 3338/6782/3982 2853/5824/3982 3339/6783/3982
f 3339/6783/3983 2853/5824/3983 2849/5820/3983
f 3339/6769/3984 2849/6784/3984 3340/6772/3984
f 3340/6772/3984 2849/6784/3984 3342/6785/3984
f 3340/6786/3701 3342/5819/3701 2992/6025/3701
f 2992/6025/3985 3342/5819/3985 2847/5818/3985
f 2831/5796/3986 2844/5814/3986 2802/6787/3986
f 2802/6787/3986 2844/5814/3986 2800/5813/3986
f 2796/5756/3987 2804/5754/3987 3343/5760/3987
f 2823/5786/3988 2828/5793/3988 2833/5798/3988
f 2754/6788/3989 2756/6789/3989 2802/6787/3989
f 2824/6790/3990 2823/6791/3990 2747/6792/3990
f 2747/5659/3991 2749/5664/3991 2824/5787/3991
f 2824/5787/3992 2749/5664/3992 2738/5668/3992
f 2824/5787/3992 2738/5668/3992 2785/5789/3992
f 2775/5709/3993 2763/5708/3993 2764/6793/3993
f 2711/6794/3994 2819/5774/3994 2764/6793/3994
f 2764/6793/3995 2819/5774/3995 2822/6795/3995
f 2764/6793/3993 2822/6795/3993 2775/5709/3993
f 2797/6796/3996 2796/6797/3996 2719/6798/3996
f 2719/6798/3997 2710/6799/3997 2797/6796/3997
f 2797/6800/3998 2710/6801/3998 2709/6802/3998
f 2797/6800/3998 2709/6802/3998 2799/6803/3998
f 2799/6803/3999 2709/6802/3999 2754/6788/3999
f 2799/6803/3999 2754/6788/3999 2801/6804/3999
f 2801/6804/4000 2754/6788/4000 2802/6787/4000
f 2823/5786/3988 2833/5798/3988 2747/5659/3988
f 2747/5659/4001 2833/5798/4001 2835/5800/4001
f 2747/5659/4002 2835/5800/4002 2745/5657/4002
f 2835/5800/4003 3344/5802/4003 2745/5657/4003
f 2745/5657/4004 3344/5802/4004 2839/5804/4004
f 2745/5657/4005 2839/5804/4005 2760/5682/4005
f 2760/6805/4006 2839/6806/4006 2841/6807/4006
f 2760/6805/4007 2841/6807/4007 2758/6808/4007
f 2758/6808/4008 2841/6807/4008 2842/5811/4008
f 2758/6808/4009 2842/5811/4009 2756/6789/4009
f 2756/6789/4010 2842/5811/4010 2831/5796/4010
f 2756/6789/4011 2831/5796/4011 2802/6787/4011
f 2796/5756/4012 3343/5760/4012 2719/6809/4012
f 2719/6809/4013 3343/5760/4013 2812/6810/4013
f 2719/6809/4014 2812/6810/4014 2717/6811/4014
f 2717/6811/4015 2812/6810/4015 2814/6812/4015
f 2717/6811/4016 2814/6812/4016 2715/6813/4016
f 2715/6814/4017 2814/5768/4017 2816/5770/4017
f 2715/6815/4018 2816/6816/4018 2713/6817/4018
f 2713/6818/4019 2816/5770/4019 2817/5771/4019
f 2713/6817/4020 2817/6819/4020 2711/6794/4020
f 2711/6794/4021 2817/6819/4021 2807/6820/4021
f 2711/6794/4022 2807/6820/4022 2819/5774/4022
f 3345/6821/4023 2751/5670/4023 2750/5666/4023
f 3345/6821/4023 2750/5666/4023 3346/6822/4023
f 3346/6822/4024 2750/5666/4024 2748/5662/4024
f 3346/6822/4024 2748/5662/4024 3347/6823/4024
f 3347/6823/4025 2748/5662/4025 2746/5661/4025
f 3347/6823/4025 2746/5661/4025 3348/6824/4025
f 3348/6824/4026 2746/5661/4026 2762/6825/4026
f 3348/6824/4026 2762/6825/4026 3349/6826/4026
f 3349/6827/4027 2762/6828/4027 2761/6829/4027
f 3349/6827/4027 2761/6829/4027 3350/6830/4027
f 3350/6830/4028 2761/6829/4028 2759/6831/4028
f 3350/6830/4028 2759/6831/4028 3351/6832/4028
f 3351/6832/4029 2759/6831/4029 2757/6833/4029
f 3351/6834/4029 2757/6835/4029 3352/6836/4029
f 3352/6836/4030 2757/6835/4030 2755/6837/4030
f 3352/6836/4030 2755/6837/4030 3353/6838/4030
f 3353/6838/4031 2755/6837/4031 2753/6839/4031
f 3353/6838/4031 2753/6839/4031 3354/6840/4031
f 3354/6840/4032 2753/6839/4032 3355/6841/4032
f 3355/6841/4032 2753/6839/4032 2752/6842/4032
f 3355/6841/4033 2752/6842/4033 3356/6843/4033
f 2752/6842/4033 2708/6844/4033 3356/6843/4033
f 3356/6843/4034 2708/6844/4034 2721/6845/4034
f 3356/6843/4034 2721/6845/4034 3357/6846/4034
f 3357/6846/4035 2721/6845/4035 2720/6847/4035
f 3357/6846/4035 2720/6847/4035 3358/6848/4035
f 3358/6848/4036 2720/6847/4036 2718/6849/4036
f 3358/6848/4036 2718/6849/4036 3359/6850/4036
f 3359/6850/4037 2718/6849/4037 2716/6851/4037
f 3359/6850/4037 2716/6851/4037 3360/6852/4037
f 3360/6852/4038 2716/6851/4038 2714/6853/4038
f 3360/6852/4038 2714/6853/4038 3361/6854/4038
f 3361/6855/4039 2714/6856/4039 2712/6857/4039
f 3361/6855/4039 2712/6857/4039 3362/6858/4039
f 3362/6859/4040 2712/6860/4040 2766/6861/4040
f 3362/6859/4040 2766/6861/4040 3363/6862/4040
f 3363/6862/4041 2766/6861/4041 2765/6863/4041
f 3363/6862/4041 2765/6863/4041 3364/6864/4041
f 3364/6864/4042 2765/6863/4042 2704/5601/4042
f 3364/6864/4042 2704/5601/4042 2703/5600/4042
f 2693/6865/392 2691/6866/392 3355/6867/392
f 3355/6868/392 2691/6869/392 2689/6870/392
f 3355/6868/392 2689/6870/392 2687/6871/392
f 2687/6871/392 2685/6872/392 3355/6868/392
f 3355/6868/392 2685/6872/392 2683/6873/392
f 3355/6868/392 2683/6873/392 2682/6874/392
f 3357/6875/392 3358/6876/392 3361/6877/392
f 3361/6877/392 3358/6876/392 3359/6878/392
f 3361/6877/395 3359/6878/395 3360/6879/395
f 3357/6875/392 3361/6877/392 3356/6880/392
f 3356/6880/392 3361/6877/392 3362/6881/392
f 3356/6880/392 3362/6881/392 3363/6882/392
f 3363/6882/392 3364/6883/392 3356/6880/392
f 3356/6880/392 3364/6883/392 2703/6884/392
f 3356/6880/392 2703/6884/392 3355/6885/392
f 3355/6885/392 2703/6884/392 2701/6886/392
f 3355/6885/392 2701/6886/392 2699/6887/392
f 2699/6887/392 2697/6888/392 3355/6885/392
f 3355/6885/392 2697/6888/392 2695/6889/392
f 3355/6867/392 2695/6890/392 2693/6865/392
f 2682/6891/392 3365/6892/392 3355/6893/392
f 3355/6893/392 3365/6892/392 3366/6894/392
f 3355/6893/392 3366/6894/392 3367/6895/392
f 3367/6895/392 3368/6896/392 3355/6893/392
f 3355/6893/392 3368/6896/392 3369/6897/392
f 3355/6898/392 3369/6899/392 3370/6900/392
f 3370/6900/392 3371/6901/392 3355/6898/392
f 3355/6902/392 3371/6903/392 3372/6904/392
f 3355/6902/392 3372/6904/392 3373/6905/392
f 3373/6905/392 3374/6906/392 3355/6902/392
f 3355/6902/392 3374/6906/392 3345/6907/392
f 3355/6898/392 3345/6908/392 3354/6909/392
f 3354/6910/392 3345/6907/392 3346/6911/392
f 3354/6910/392 3346/6911/392 3347/6912/392
f 3347/6913/392 3348/6914/392 3354/6909/392
f 3354/6909/392 3348/6914/392 3349/6915/392
f 3354/6909/392 3349/6915/392 3350/6916/392
f 3350/6916/392 3351/6917/392 3354/6909/392
f 3354/6909/392 3351/6917/392 3352/6918/392
f 3354/6919/392 3352/6920/392 3353/6921/392
f 2751/5670/4043 3345/6821/4043 3374/6922/4043
f 2751/6923/4043 3374/6924/4043 2739/5651/4043
f 2739/5651/4044 3374/6924/4044 3373/6925/4044
f 2739/5651/4044 3373/6925/4044 2741/5653/4044
f 2741/5653/4045 3373/6925/4045 3372/6926/4045
f 2741/5653/4045 3372/6926/4045 2743/5655/4045
f 2743/5655/4046 3372/6926/4046 3371/6927/4046
f 2743/5655/4046 3371/6927/4046 2744/5656/4046
f 2744/5656/4047 3371/6927/4047 3370/6928/4047
f 2744/5656/4047 3370/6928/4047 2730/5642/4047
f 2730/6929/2371 3370/6930/2371 3369/6931/2371
f 2730/6929/2371 3369/6931/2371 2732/6932/2371
f 2732/6932/4048 3369/6931/4048 3368/6933/4048
f 2732/6932/4048 3368/6933/4048 2734/6934/4048
f 2734/6934/4049 3368/6933/4049 3367/6935/4049
f 2734/6934/4049 3367/6935/4049 2736/6936/4049
f 2736/6936/4050 3367/6935/4050 3366/6937/4050
f 2736/6936/4050 3366/6937/4050 2737/6938/4050
f 2737/6938/4051 3366/6937/4051 3365/6939/4051
f 2737/6938/4051 3365/6939/4051 2705/6940/4051
f 2705/6940/4052 3365/6939/4052 2682/5575/4052
f 2705/6940/4052 2682/5575/4052 2681/5574/4052
