# Blender 4.4.3
# www.blender.org
mtllib left_arm_link1.mtl
o left_arm_link1
v -0.018987 0.001647 -0.130788
v -0.018987 0.000000 -0.130815
v 0.006001 0.000000 -0.130815
v -0.011643 0.017115 -0.034765
v -0.013927 0.015314 -0.034141
v -0.018988 0.017705 -0.034986
v -0.015936 0.013210 -0.033509
v -0.017629 0.010849 -0.032917
v -0.018988 0.008243 -0.032406
v -0.018988 0.008995 -0.032538
v -0.018635 0.009013 -0.032542
v -0.018988 0.009009 -0.032541
v -0.018988 0.009576 -0.032649
v 0.001848 0.020617 -0.036208
v 0.006000 0.025826 -0.038978
v 0.004550 0.020194 -0.036017
v 0.006000 0.020581 -0.036191
v 0.006000 0.019811 -0.035848
v -0.000957 0.020678 -0.036236
v -0.003755 0.020357 -0.036090
v -0.018988 0.025826 -0.038978
v -0.006493 0.019655 -0.035780
v -0.009168 0.018559 -0.035322
v -0.010660 0.017744 -0.035001
v 0.006000 0.028752 -0.040910
v -0.018988 0.033085 -0.044379
v -0.018988 0.039241 -0.051010
v 0.006000 0.035880 -0.047091
v 0.006000 0.033085 -0.044379
v -0.018988 0.044088 -0.058651
v 0.006000 0.041707 -0.054512
v 0.006000 0.039241 -0.051010
v -0.018988 0.047466 -0.067045
v 0.006000 0.046022 -0.062903
v 0.006000 0.044088 -0.058650
v -0.018988 0.049260 -0.075913
v 0.006000 0.048668 -0.071959
v 0.006000 0.047466 -0.067045
v -0.018988 0.049412 -0.084960
v 0.006000 0.049550 -0.081353
v 0.006000 0.049260 -0.075913
v -0.018988 0.047916 -0.093884
v 0.006000 0.048635 -0.090744
v 0.006000 0.049412 -0.084960
v -0.018988 0.044823 -0.102387
v 0.006000 0.045956 -0.099791
v 0.006000 0.047916 -0.093884
v -0.018987 0.040234 -0.110186
v 0.006000 0.041611 -0.108167
v 0.006000 0.044823 -0.102387
v -0.018987 0.034304 -0.117020
v 0.006000 0.035758 -0.115567
v 0.006000 0.040234 -0.110186
v -0.018987 0.019249 -0.126923
v 0.006001 0.020420 -0.126412
v -0.018987 0.023000 -0.125154
v 0.006001 0.027231 -0.122662
v -0.018987 0.027231 -0.122662
v 0.006000 0.028607 -0.121723
v 0.006000 0.034305 -0.117020
v 0.006001 0.002147 -0.130768
v 0.006001 0.010625 -0.129662
v -0.018987 0.010625 -0.129662
v 0.006001 0.011492 -0.129464
v 0.006001 0.019249 -0.126923
v -0.018988 0.008243 -0.034188
v -0.017676 0.010775 -0.034703
v -0.016028 0.013100 -0.035303
v -0.014051 0.015203 -0.035955
v -0.011804 0.017006 -0.036600
v -0.009285 0.018502 -0.037199
v -0.006628 0.019611 -0.037681
v -0.003879 0.020333 -0.038013
v -0.001075 0.020673 -0.038175
v 0.001686 0.020631 -0.038155
v 0.004399 0.020229 -0.037964
v 0.007071 0.019455 -0.037611
v 0.007230 0.019397 -0.035669
v 0.009604 0.018339 -0.037130
v 0.008706 0.018780 -0.035411
v 0.012018 0.016855 -0.036543
v 0.011272 0.017362 -0.034856
v 0.012202 0.016722 -0.036493
v 0.012202 0.016721 -0.034622
v 0.014246 0.015020 -0.035894
v 0.013274 0.015884 -0.034330
v 0.016195 0.012895 -0.035245
v 0.015284 0.013960 -0.033722
v 0.018357 0.009566 -0.032647
v 0.018357 0.009566 -0.032698
v 0.016931 0.011910 -0.033168
v 0.016267 0.012802 -0.033397
v 0.020012 0.005292 -0.032049
v 0.020012 0.005292 -0.033766
v 0.019481 0.007000 -0.032263
v 0.019136 0.007899 -0.034129
v 0.017845 0.010492 -0.034638
v -0.018987 -0.023000 -0.125154
v -0.018987 -0.023000 -0.123160
v -0.018987 -0.027231 -0.122662
v -0.018987 -0.026702 -0.120903
v -0.018987 -0.034304 -0.117020
v -0.018987 -0.033583 -0.115271
v -0.018987 -0.040234 -0.110186
v -0.018987 -0.039301 -0.108461
v -0.018987 -0.044823 -0.102387
v -0.018987 -0.043658 -0.100710
v -0.018987 -0.047916 -0.093884
v -0.018987 -0.046505 -0.092287
v -0.018987 -0.049412 -0.084960
v -0.018987 -0.047742 -0.083481
v -0.018987 -0.049260 -0.075913
v -0.018987 -0.047326 -0.074599
v -0.018988 -0.047466 -0.067045
v -0.018988 -0.045272 -0.065948
v -0.018988 -0.047135 -0.065985
v -0.018988 -0.047047 -0.065717
v -0.018988 -0.044088 -0.058651
v -0.018988 -0.041651 -0.057827
v -0.018988 -0.039241 -0.051010
v -0.018988 -0.036588 -0.050517
v -0.018988 -0.033085 -0.044379
v -0.018988 -0.030259 -0.044271
v -0.018988 -0.025826 -0.038978
v -0.018988 -0.022883 -0.039306
v -0.018988 -0.023023 -0.037389
v -0.018988 -0.017705 -0.034986
v -0.018988 -0.014715 -0.035794
v -0.018988 -0.008995 -0.032538
v -0.018988 -0.008243 -0.034188
v -0.018988 -0.008243 -0.032406
v 0.006000 -0.043888 -0.058265
v 0.006144 -0.044155 -0.058781
v 0.006795 -0.044388 -0.059243
v 0.007000 -0.044398 -0.059265
v 0.007000 -0.047466 -0.067045
v -0.018987 -0.001647 -0.130788
v 0.007415 -0.044399 -0.103263
v 0.020013 -0.044399 -0.103263
v 0.020013 -0.044398 -0.103265
v 0.007001 -0.044357 -0.103348
v 0.007001 -0.044823 -0.102387
v 0.007001 -0.047916 -0.093884
v 0.007000 -0.049412 -0.084960
v 0.007000 -0.049260 -0.075913
v 0.006291 -0.044251 -0.058970
v 0.006424 -0.044307 -0.059082
v 0.006653 -0.044367 -0.059202
v 0.006000 -0.041723 -0.054536
v 0.006000 -0.039241 -0.051010
v 0.006000 -0.036315 -0.047554
v 0.006000 -0.033085 -0.044379
v 0.006000 -0.029579 -0.041512
v 0.006000 -0.025826 -0.038977
v -0.003862 -0.020337 -0.036081
v -0.001067 -0.020672 -0.036233
v 0.001716 -0.020629 -0.036213
v 0.004443 -0.020218 -0.036027
v 0.006000 -0.022872 -0.037310
v 0.006000 -0.019811 -0.035848
v -0.016029 -0.013099 -0.033478
v -0.014056 -0.015197 -0.034103
v -0.017676 -0.010773 -0.032900
v -0.011796 -0.017010 -0.034726
v -0.010657 -0.017746 -0.035002
v -0.009294 -0.018496 -0.035297
v -0.006622 -0.019612 -0.035762
v 0.020013 0.000000 -0.130815
v 0.020013 -0.001647 -0.130788
v 0.020013 -0.010625 -0.129662
v -0.018987 -0.010625 -0.129663
v 0.020013 -0.019249 -0.126923
v -0.018987 -0.019249 -0.126923
v 0.020013 -0.027231 -0.122662
v 0.020013 -0.034304 -0.117020
v 0.020013 -0.040234 -0.110186
v 0.020012 0.009566 -0.032647
v 0.020012 0.009566 -0.032698
v 0.023597 -0.043499 -0.103638
v 0.024720 -0.042234 -0.103635
v 0.024386 -0.042332 -0.103450
v 0.022290 -0.044401 -0.103265
v 0.022457 -0.044776 -0.103640
v 0.023174 -0.043414 -0.103265
v 0.024052 -0.042428 -0.103265
v 0.024720 0.047041 -0.089708
v 0.024720 0.046018 -0.094169
v 0.022405 0.048246 -0.094794
v 0.022406 -0.027640 -0.123059
v 0.024720 -0.026364 -0.121128
v 0.024720 -0.026702 -0.120903
v 0.022406 -0.030098 -0.121325
v 0.024720 -0.028708 -0.119475
v 0.022406 -0.031445 -0.120277
v 0.024720 -0.033355 -0.115493
v 0.022406 -0.034971 -0.117150
v 0.022406 -0.019334 -0.127492
v 0.024720 -0.018441 -0.125357
v 0.024720 -0.018897 -0.125163
v 0.022406 -0.023592 -0.125471
v 0.022406 -0.010346 -0.130292
v 0.024720 -0.009868 -0.128028
v 0.024720 -0.010439 -0.127904
v 0.022406 -0.014906 -0.129103
v 0.022406 -0.000992 -0.131362
v 0.024720 -0.000946 -0.129048
v 0.024720 -0.001619 -0.129030
v 0.022406 -0.005694 -0.131047
v 0.024012 0.009566 -0.033718
v 0.024346 0.009509 -0.034047
v 0.024719 0.015885 -0.036189
v 0.024608 0.009369 -0.034286
v 0.024719 0.009273 -0.034380
v 0.023597 -0.043499 -0.103638
v 0.022406 -0.044815 -0.103678
v 0.022406 -0.043582 -0.105990
v 0.022406 -0.043394 -0.106319
v 0.022406 -0.041066 -0.109975
v 0.022406 -0.038187 -0.113706
v 0.024720 -0.039170 -0.108649
v 0.024720 0.044552 -0.098564
v 0.022405 0.047066 -0.098454
v 0.022405 0.048214 -0.094910
v 0.024720 0.000000 -0.129058
v 0.022406 0.003719 -0.131234
v 0.024720 0.008009 -0.128382
v 0.022406 0.008397 -0.130663
v 0.024720 0.011202 -0.127727
v 0.022406 0.013001 -0.129656
v 0.024720 0.016682 -0.126052
v 0.022406 0.017489 -0.128221
v 0.024720 0.019895 -0.124720
v 0.022406 0.021823 -0.126370
v 0.024720 0.024765 -0.122141
v 0.022406 0.025964 -0.124120
v 0.024720 0.027852 -0.120104
v 0.022405 0.029876 -0.121491
v 0.024720 0.031974 -0.116787
v 0.022405 0.033523 -0.118507
v 0.024720 0.034776 -0.114048
v 0.022405 0.036873 -0.115193
v 0.024720 0.038055 -0.110178
v 0.022405 0.039897 -0.111579
v 0.024720 0.040413 -0.106779
v 0.022405 0.042569 -0.107696
v 0.024720 0.042792 -0.102549
v 0.022405 0.044864 -0.103580
v 0.022405 0.046762 -0.099267
v 0.024719 0.047787 -0.080540
v 0.022405 0.049927 -0.077019
v 0.024719 0.047540 -0.076353
v 0.022405 0.049842 -0.076115
v 0.024719 0.046763 -0.071399
v 0.022405 0.049246 -0.090513
v 0.022405 0.049879 -0.086042
v 0.024719 0.047620 -0.085333
v 0.022405 0.049925 -0.085530
v 0.022405 0.050106 -0.081532
v 0.022405 0.049342 -0.072541
v 0.022405 0.048356 -0.068134
v 0.024719 0.045782 -0.067547
v 0.022405 0.047999 -0.066883
v 0.024719 0.044007 -0.062622
v 0.022405 0.046977 -0.063834
v 0.024719 0.042408 -0.059225
v 0.022405 0.045217 -0.059675
v 0.022405 0.044461 -0.058158
v 0.022405 0.043394 -0.056211
v 0.022405 0.043090 -0.055691
v 0.024719 0.039621 -0.054537
v 0.022405 0.040612 -0.051915
v 0.024719 0.037536 -0.051681
v 0.022405 0.039354 -0.050249
v 0.022405 0.037805 -0.048378
v 0.024719 0.033766 -0.047442
v 0.022405 0.034690 -0.045108
v 0.024719 0.031340 -0.045182
v 0.022405 0.032857 -0.043435
v 0.022405 0.031294 -0.042131
v 0.024719 0.028708 -0.043055
v 0.022405 0.030099 -0.041205
v 0.024719 0.026661 -0.041599
v 0.022405 0.027643 -0.039473
v 0.024719 0.024037 -0.039956
v 0.022405 0.025200 -0.037956
v 0.022405 0.023768 -0.037154
v 0.024719 0.018568 -0.037226
v 0.022405 0.019700 -0.035193
v 0.022405 0.016654 -0.034006
v 0.022405 0.015472 -0.033606
v 0.023209 0.009566 -0.032899
v 0.022405 0.011118 -0.032407
v 0.022405 0.009566 -0.032079
v 0.024912 0.009003 -0.034327
v 0.025012 0.009788 -0.034485
v 0.024950 0.008912 -0.034309
v 0.025012 0.008566 -0.034246
v 0.024719 0.015885 -0.036189
v 0.025012 0.018568 -0.037226
v 0.024719 0.024037 -0.039956
v 0.025012 0.026661 -0.041599
v 0.025012 0.033766 -0.047442
v 0.025012 0.039621 -0.054537
v 0.025012 0.044007 -0.062622
v 0.025012 0.046763 -0.071399
v 0.025012 0.047787 -0.080540
v 0.025012 0.047041 -0.089708
v 0.025012 0.044552 -0.098564
v 0.025013 0.040413 -0.106779
v 0.025013 0.034776 -0.114048
v 0.025013 0.027852 -0.120104
v 0.025013 0.019895 -0.124720
v 0.025013 0.011202 -0.127727
v 0.025013 0.000000 -0.129058
v 0.025013 0.002093 -0.129012
v 0.020013 -0.044401 -0.103265
v -0.023088 -0.032191 -0.042485
v -0.023088 -0.034440 -0.044468
v 0.025012 -0.034440 -0.044468
v 0.007000 -0.045345 -0.059265
v 0.025012 -0.045345 -0.059265
v 0.025012 -0.045279 -0.059129
v 0.006001 0.000000 -0.131665
v 0.021698 0.000000 -0.131665
v 0.021698 -0.000998 -0.131655
v -0.021087 0.000000 -0.131665
v -0.021087 -0.001250 -0.131650
v -0.021087 -0.006613 -0.131229
v 0.021698 -0.005727 -0.131338
v -0.021087 -0.010343 -0.130592
v 0.021698 -0.010406 -0.130579
v -0.021087 -0.015791 -0.129127
v 0.021698 -0.014993 -0.129383
v -0.021087 -0.019095 -0.127908
v 0.021698 -0.019094 -0.127908
v 0.021698 -0.019447 -0.127762
v -0.021087 -0.024418 -0.125355
v 0.021698 -0.023730 -0.125729
v -0.021087 -0.027216 -0.123685
v 0.021698 -0.027216 -0.123685
v 0.021698 -0.027802 -0.123303
v -0.021087 -0.032193 -0.120044
v 0.021698 -0.031628 -0.120505
v -0.021087 -0.034440 -0.118062
v 0.021698 -0.034440 -0.118062
v 0.021698 -0.035175 -0.117360
v -0.021087 -0.038844 -0.113379
v 0.021698 -0.038411 -0.113896
v -0.021087 -0.040528 -0.111226
v 0.021698 -0.040528 -0.111225
v 0.021698 -0.041306 -0.110143
v 0.007001 -0.044990 -0.103981
v 0.021698 -0.043837 -0.106135
v 0.007415 -0.045033 -0.103897
v 0.021698 -0.045033 -0.103897
v -0.021087 -0.044139 -0.105594
v 0.007001 -0.045279 -0.103401
v -0.021087 -0.045279 -0.103401
v -0.021087 -0.045819 -0.102260
v -0.021087 -0.047894 -0.096960
v 0.007001 -0.048536 -0.094845
v -0.021087 -0.048536 -0.094845
v -0.021087 -0.049978 -0.087777
v 0.007000 -0.050192 -0.085842
v -0.021087 -0.050192 -0.085842
v -0.021087 -0.050317 -0.078368
v 0.007000 -0.050192 -0.076688
v -0.021087 -0.050192 -0.076688
v -0.021087 -0.048900 -0.069060
v 0.007000 -0.048536 -0.067685
v -0.021088 -0.048536 -0.067685
v -0.023088 -0.041291 -0.052365
v -0.023091 -0.043726 -0.056201
v -0.021088 -0.043726 -0.056201
v -0.021088 -0.045776 -0.060177
v -0.021088 -0.045279 -0.059130
v 0.025012 -0.040528 -0.051304
v -0.023088 -0.035575 -0.045564
v -0.023088 -0.038438 -0.048666
v -0.023088 -0.040528 -0.051305
v -0.023088 -0.028768 -0.039882
v 0.025012 -0.027216 -0.038845
v -0.023087 -0.027217 -0.038845
v 0.005881 -0.019847 -0.034937
v 0.004191 -0.020271 -0.035121
v 0.025012 -0.019095 -0.034622
v 0.007897 -0.019135 -0.034639
v 0.006945 -0.019500 -0.034790
v 0.001433 -0.020651 -0.035290
v 0.000000 -0.020700 -0.035312
v -0.001348 -0.020656 -0.035292
v -0.004076 -0.020295 -0.035132
v -0.007894 -0.019135 -0.034639
v -0.023088 -0.019095 -0.034622
v -0.006739 -0.019572 -0.034821
v -0.023087 -0.021655 -0.035754
v -0.005881 -0.019847 -0.034937
v -0.023087 -0.025449 -0.037762
v -0.009320 -0.018483 -0.034377
v -0.011275 -0.017360 -0.033949
v -0.011759 -0.017035 -0.033831
v -0.017924 -0.010355 -0.031940
v -0.023088 -0.010343 -0.031938
v -0.017674 -0.010776 -0.032031
v -0.023088 -0.013663 -0.032752
v -0.015988 -0.013148 -0.032610
v -0.023088 -0.017482 -0.033994
v -0.015740 -0.013444 -0.032691
v -0.013991 -0.015256 -0.033229
v -0.018910 -0.008420 -0.031573
v -0.019004 -0.008205 -0.031537
v -0.023088 -0.009024 -0.031680
v -0.023088 -0.004772 -0.031092
v -0.019947 -0.005533 -0.031170
v -0.020517 -0.002750 -0.030940
v -0.023101 -0.000467 -0.030867
v -0.020700 0.000000 -0.030865
v -0.023108 -0.000000 -0.030865
v 0.015740 -0.013444 -0.032691
v 0.014303 -0.014964 -0.033138
v 0.012074 -0.016814 -0.033752
v 0.011275 -0.017360 -0.033949
v 0.009594 -0.018343 -0.034321
v 0.020512 -0.002785 -0.030942
v 0.019952 -0.005516 -0.031168
v 0.025012 -0.010343 -0.031938
v 0.019101 -0.007977 -0.031500
v 0.018910 -0.008420 -0.031573
v 0.017848 -0.010485 -0.031968
v 0.016239 -0.012838 -0.032527
v 0.025012 -0.001250 -0.030880
v 0.025012 -0.000000 -0.030865
v 0.020700 0.000000 -0.030865
v 0.024720 0.009273 -0.031725
v 0.024473 0.009454 -0.031759
v 0.024012 0.009566 -0.031781
v 0.025012 0.004834 -0.031097
v 0.025012 0.008566 -0.031598
v 0.019018 0.008175 -0.031532
v 0.024949 0.008917 -0.031660
v 0.024832 0.009139 -0.031700
v 0.018910 0.008420 -0.031573
v 0.021698 0.009566 -0.031781
v 0.018357 0.009566 -0.031781
v 0.020510 0.002798 -0.030943
v 0.019938 0.005564 -0.031173
v 0.007000 -0.044342 -0.059265
v 0.006598 -0.044300 -0.059180
v 0.006273 -0.044185 -0.058951
v 0.006031 -0.043961 -0.058512
v 0.006000 -0.043832 -0.058265
v 0.022081 0.048565 -0.068077
v 0.022081 0.048422 -0.094969
v 0.022081 0.047270 -0.098529
v 0.022081 0.049459 -0.090553
v 0.022081 0.050095 -0.086063
v 0.022081 0.050323 -0.081533
v 0.022081 0.050143 -0.077001
v 0.022081 0.049555 -0.072503
v 0.022081 0.047181 -0.063758
v 0.022081 0.045413 -0.059581
v 0.022081 0.043276 -0.055581
v 0.022081 0.040788 -0.051788
v 0.022081 0.037968 -0.048236
v 0.022081 0.034840 -0.044951
v 0.022081 0.031429 -0.041962
v 0.022081 0.027763 -0.039292
v 0.022081 0.023871 -0.036963
v 0.022081 0.019785 -0.034994
v 0.022081 0.015539 -0.033400
v 0.022081 0.011166 -0.032195
v 0.021698 0.011183 -0.032121
v 0.022160 0.009566 -0.031896
v 0.021698 0.015562 -0.033328
v 0.021698 0.019815 -0.034924
v 0.021698 0.023907 -0.036896
v 0.021698 0.027805 -0.039229
v 0.021698 0.031477 -0.041903
v 0.021698 0.034893 -0.044897
v 0.021698 0.038026 -0.048186
v 0.021698 0.040849 -0.051744
v 0.021698 0.043341 -0.055542
v 0.021698 0.045481 -0.059548
v 0.021698 0.047252 -0.063732
v 0.021698 0.048639 -0.068057
v 0.021698 0.049630 -0.072490
v 0.021698 0.050219 -0.076994
v 0.021698 0.050399 -0.081533
v 0.021698 0.050170 -0.086070
v 0.021698 0.049534 -0.090567
v 0.021698 0.048495 -0.094989
v 0.021698 0.047342 -0.098555
v 0.007876 0.019143 -0.034642
v 0.010509 0.017834 -0.034126
v 0.011275 0.017360 -0.033949
v 0.012787 0.016279 -0.033566
v 0.013376 0.015798 -0.033405
v 0.014876 0.014394 -0.032964
v 0.015740 0.013444 -0.032691
v 0.016781 0.012120 -0.032344
v 0.021698 0.003741 -0.131526
v 0.006001 0.001250 -0.131649
v 0.021698 0.008446 -0.130952
v 0.006001 0.010343 -0.130592
v 0.021698 0.019321 -0.127815
v 0.021698 0.017592 -0.128495
v 0.006001 0.019095 -0.127908
v 0.021698 0.013077 -0.129939
v 0.021698 0.010659 -0.130525
v 0.021698 0.030050 -0.121727
v 0.021698 0.027356 -0.123595
v 0.006001 0.027217 -0.123685
v 0.021698 0.026116 -0.124371
v 0.021698 0.021951 -0.126634
v 0.021698 0.033719 -0.118724
v 0.006000 0.034440 -0.118062
v 0.021698 0.034504 -0.118003
v 0.006000 0.040528 -0.111225
v 0.021698 0.040131 -0.111756
v 0.021698 0.037089 -0.115391
v 0.006000 0.045279 -0.103400
v 0.021698 0.042818 -0.107851
v 0.021698 0.040533 -0.111219
v 0.006000 0.048536 -0.094845
v 0.021698 0.047035 -0.099372
v 0.021698 0.045126 -0.103711
v 0.006000 0.050192 -0.085842
v 0.006000 0.050192 -0.076688
v 0.006000 0.048536 -0.067685
v 0.006000 0.045481 -0.059549
v 0.006000 0.045279 -0.059129
v 0.006000 0.040849 -0.051744
v 0.006000 0.040528 -0.051304
v 0.006000 0.034893 -0.044897
v 0.006000 0.034440 -0.044468
v 0.006000 0.027805 -0.039229
v 0.006000 0.027216 -0.038845
v 0.006000 0.019811 -0.034922
v 0.020700 0.000000 0.000000
v 0.020523 -0.002702 0.000000
v 0.018910 -0.008419 0.000000
v 0.015740 -0.013444 0.000000
v 0.011274 -0.017360 0.000000
v 0.005879 -0.019848 -0.000000
v 0.000000 -0.020700 -0.000000
v -0.005879 -0.019848 -0.000000
v -0.011274 -0.017361 -0.000000
v -0.015740 -0.013444 -0.000000
v -0.018910 -0.008419 -0.000000
v -0.020523 -0.002702 -0.000000
v -0.020700 -0.000000 -0.000000
v -0.023694 0.000000 -0.129058
v -0.023694 0.002651 -0.128984
v -0.021087 0.002795 -0.131588
v -0.023694 -0.043449 -0.101174
v -0.023694 -0.041856 -0.104336
v -0.023695 -0.046370 -0.069691
v -0.023695 -0.047251 -0.074090
v -0.023695 -0.047575 -0.076710
v -0.023695 -0.047714 -0.078518
v -0.023695 -0.047769 -0.082765
v -0.023695 -0.047392 -0.087441
v -0.023694 -0.046708 -0.091390
v -0.023694 -0.045417 -0.096148
v -0.023694 -0.044103 -0.099680
v -0.023695 -0.043726 -0.061972
v -0.023521 -0.043726 -0.061546
v -0.021088 0.013917 -0.032825
v -0.022392 0.009566 -0.033111
v -0.021088 0.010343 -0.031938
v -0.021088 0.009566 -0.031781
v -0.023695 0.027973 -0.042513
v -0.023695 0.021511 -0.038587
v -0.021088 0.022684 -0.036258
v -0.023695 0.020140 -0.037923
v -0.021088 0.019095 -0.034622
v -0.023695 0.013197 -0.035330
v -0.023695 0.009566 -0.034439
v -0.021088 0.027216 -0.038845
v -0.021088 0.030659 -0.041263
v -0.023695 0.029073 -0.043332
v -0.023695 0.034796 -0.048502
v -0.021088 0.034440 -0.044468
v -0.021088 0.037565 -0.047664
v -0.023695 0.035622 -0.049402
v -0.023695 0.040363 -0.055673
v -0.021088 0.040528 -0.051305
v -0.021088 0.043159 -0.055237
v -0.023695 0.040926 -0.056584
v -0.021088 0.045279 -0.059130
v -0.023695 0.043449 -0.061356
v -0.021088 0.045819 -0.060270
v -0.023695 0.044474 -0.063767
v -0.021088 0.047247 -0.063719
v -0.023695 0.044803 -0.064627
v -0.021088 0.048536 -0.067685
v -0.023695 0.046981 -0.072492
v -0.021088 0.049686 -0.072813
v -0.023695 0.047116 -0.073250
v -0.021088 0.050192 -0.076688
v -0.023695 0.047792 -0.081535
v -0.021088 0.050391 -0.082202
v -0.023695 0.047785 -0.082154
v -0.023695 0.047575 -0.085820
v -0.021088 0.050192 -0.085842
v -0.023695 0.046879 -0.090567
v -0.021088 0.049338 -0.091559
v -0.023695 0.046785 -0.091026
v -0.021088 0.048536 -0.094845
v -0.023695 0.044274 -0.099264
v -0.021088 0.046562 -0.100556
v -0.023695 0.044154 -0.099558
v -0.021088 0.045279 -0.103401
v -0.023695 0.039981 -0.107451
v -0.021087 0.042162 -0.108880
v -0.021087 0.040528 -0.111225
v -0.023695 0.034412 -0.114431
v -0.021087 0.036290 -0.116240
v -0.021087 0.034440 -0.118062
v -0.023695 0.027643 -0.120253
v -0.021087 0.020995 -0.127084
v -0.023694 0.019909 -0.124714
v -0.021087 0.027216 -0.123685
v -0.021087 0.029151 -0.122379
v -0.021087 0.010343 -0.130592
v -0.023694 0.011057 -0.127761
v -0.021087 0.012106 -0.130189
v -0.023694 0.011480 -0.127659
v -0.021087 0.019095 -0.127908
v -0.023694 0.019650 -0.124832
v -0.023694 0.019843 -0.124744
v -0.023694 -0.014974 -0.126652
v -0.023694 -0.012510 -0.127392
v -0.023694 -0.006271 -0.128645
v -0.023694 -0.020656 -0.124364
v -0.023694 -0.023155 -0.123074
v -0.023694 -0.028119 -0.119911
v -0.023694 -0.030527 -0.118038
v -0.023694 -0.034652 -0.114181
v -0.023694 -0.036834 -0.111718
v -0.023694 -0.040039 -0.107362
v -0.023694 0.002651 -0.128984
v -0.023987 0.000000 -0.129058
v -0.023987 0.002066 -0.129013
v -0.023987 0.011057 -0.127761
v -0.023987 0.019650 -0.124832
v -0.023694 0.011480 -0.127659
v -0.023987 0.027534 -0.120330
v -0.023987 0.034424 -0.114419
v -0.023987 0.040072 -0.107311
v -0.023988 0.044274 -0.099264
v -0.023988 0.046879 -0.090567
v -0.023988 0.047792 -0.081535
v -0.023988 0.046981 -0.072492
v -0.023988 0.044474 -0.063767
v -0.023988 0.040363 -0.055673
v -0.023695 0.040926 -0.056584
v -0.023988 0.034796 -0.048502
v -0.023695 0.035622 -0.049402
v -0.023988 0.027973 -0.042513
v -0.023695 0.029073 -0.043332
v -0.023988 0.020140 -0.037923
v -0.023695 0.021511 -0.038587
v -0.023988 0.009566 -0.034439
v -0.023988 0.011581 -0.034897
v -0.023695 0.013197 -0.035330
v 0.020523 0.002702 0.000000
v -0.020523 0.002702 -0.000000
v 0.018910 0.008419 0.000000
v -0.018910 0.008419 -0.000000
v 0.011274 0.017361 0.000000
v 0.005879 0.019848 0.000000
v -0.015740 0.013444 -0.000000
v 0.015740 0.013444 0.000000
v -0.000000 0.020700 0.000000
v -0.005879 0.019848 0.000000
v -0.011274 0.017360 -0.000000
v -0.023987 -0.047251 -0.074090
v -0.023695 -0.046370 -0.069691
v -0.023988 -0.045171 -0.065653
v -0.023988 -0.043726 -0.061972
v -0.023987 -0.047769 -0.082765
v -0.023987 -0.046708 -0.091390
v -0.023987 -0.044103 -0.099680
v -0.023987 -0.040039 -0.107362
v -0.023987 -0.034652 -0.114181
v -0.023987 -0.028119 -0.119911
v -0.023987 -0.020656 -0.124364
v -0.023987 -0.012510 -0.127392
v -0.023987 -0.003951 -0.128894
v -0.023988 -0.043726 -0.058005
v -0.023988 -0.043100 -0.056910
v -0.023988 -0.032678 -0.044084
v -0.023988 -0.030086 -0.041957
v -0.023988 -0.035120 -0.046382
v -0.023988 -0.027356 -0.040011
v -0.023988 -0.024501 -0.038254
v -0.023988 -0.019101 -0.035599
v -0.023988 -0.015967 -0.034411
v -0.023988 -0.012759 -0.033438
v -0.023988 -0.009388 -0.032663
v -0.023988 -0.039510 -0.051445
v -0.023988 -0.037401 -0.048839
v -0.023988 -0.005972 -0.032127
v -0.023988 0.000491 -0.031738
v -0.023988 0.009566 -0.031927
v -0.023842 0.009566 -0.031781
v -0.020559 0.002407 -0.030923
v -0.020090 0.004986 -0.031112
v -0.019203 0.007729 -0.031462
v -0.018910 0.008421 -0.031574
v -0.017991 0.010239 -0.031916
v -0.016352 0.012692 -0.032490
v -0.011275 0.017360 -0.033949
v -0.012377 0.016592 -0.033675
v -0.014490 0.014783 -0.033082
v -0.015740 0.013444 -0.032691
v -0.010009 0.018119 -0.034234
v -0.007637 0.019240 -0.034682
v -0.000000 0.020700 -0.035312
v -0.002236 0.020579 -0.035257
v -0.004918 0.020107 -0.035049
v -0.005881 0.019847 -0.034937
v 0.003292 0.020437 -0.035194
v 0.000585 0.020692 -0.035308
v -0.023655 0.008246 -0.031544
v -0.023272 0.004267 -0.031046
v 0.022083 0.046963 -0.099344
v 0.022083 0.045057 -0.103676
v 0.022083 0.042752 -0.107810
v 0.022083 0.040069 -0.111709
v 0.022083 0.037032 -0.115339
v 0.022083 0.033667 -0.118667
v 0.022083 0.030004 -0.121665
v 0.022083 0.026076 -0.124305
v 0.022083 0.021917 -0.126564
v 0.022083 0.017565 -0.128423
v 0.022083 0.013057 -0.129865
v 0.022083 0.008433 -0.130876
v 0.022083 0.003735 -0.131449
v 0.022083 -0.000996 -0.131578
v 0.022083 -0.005719 -0.131262
v 0.022083 -0.010390 -0.130504
v 0.022083 -0.014970 -0.129310
v 0.022083 -0.019418 -0.127691
v 0.022083 -0.023693 -0.125661
v 0.022083 -0.027760 -0.123239
v 0.022083 -0.031580 -0.120445
v 0.022083 -0.035121 -0.117305
v 0.022083 -0.038352 -0.113846
v 0.022083 -0.041243 -0.110099
v 0.022083 -0.043770 -0.106097
v 0.022002 -0.044998 -0.103861
v 0.006000 -0.019811 -0.035902
v 0.006000 -0.020214 -0.036080
v 0.006000 -0.022281 -0.037063
v 0.006000 -0.024301 -0.038141
v 0.006000 -0.028181 -0.040570
v 0.006000 -0.031819 -0.043347
v 0.006000 -0.035186 -0.046448
v 0.006000 -0.038252 -0.049847
v 0.006000 -0.040990 -0.053515
v 0.020012 -0.005292 -0.032049
v 0.020012 -0.011557 -0.033133
v 0.019745 -0.006217 -0.032157
v 0.018693 -0.008892 -0.032570
v 0.020012 -0.020214 -0.036080
v 0.007230 -0.019397 -0.035724
v 0.008642 -0.018810 -0.035478
v 0.011143 -0.017444 -0.034941
v 0.012203 -0.016721 -0.034675
v 0.013424 -0.015758 -0.034340
v 0.015498 -0.013723 -0.033705
v 0.016268 -0.012802 -0.033449
v 0.017261 -0.011427 -0.033102
v 0.006500 -0.044090 -0.058763
v 0.020012 -0.044342 -0.059265
v 0.020012 -0.040990 -0.053515
v 0.020012 -0.035186 -0.046448
v 0.020012 -0.028181 -0.040570
v -0.017635 -0.010839 -0.034717
v -0.016009 -0.013122 -0.035309
v -0.013948 -0.015295 -0.035984
v -0.011723 -0.017060 -0.036622
v -0.009161 -0.018563 -0.037224
v -0.006571 -0.019629 -0.037689
v -0.003925 -0.020324 -0.038009
v -0.003795 -0.020349 -0.038020
v -0.000978 -0.020677 -0.038175
v 0.001736 -0.020627 -0.038152
v 0.004406 -0.020226 -0.037961
v 0.012027 -0.016848 -0.036540
v 0.009674 -0.018300 -0.037114
v 0.007211 -0.019404 -0.037588
v 0.014165 -0.015095 -0.035919
v 0.014543 -0.014731 -0.035800
v 0.016037 -0.013089 -0.035298
v 0.017746 -0.010657 -0.034675
v 0.019084 -0.008017 -0.034151
v 0.020012 -0.005292 -0.033766
v 0.020012 -0.042428 -0.059265
v 0.020012 -0.041651 -0.057827
v 0.020012 -0.036588 -0.050517
v 0.020012 -0.030259 -0.044271
v 0.020012 -0.022883 -0.039306
v 0.020012 -0.014714 -0.035794
v 0.020012 -0.006037 -0.033855
v 0.025012 -0.042428 -0.059265
v 0.025012 -0.045272 -0.065948
v 0.025013 -0.047741 -0.083481
v 0.025013 -0.047326 -0.074599
v 0.025013 -0.018897 -0.125163
v 0.025013 -0.010439 -0.127904
v 0.025013 -0.046505 -0.092286
v 0.025013 -0.043658 -0.100710
v 0.025013 -0.039301 -0.108461
v 0.025013 -0.033583 -0.115270
v 0.025013 -0.026702 -0.120903
v 0.025013 -0.001619 -0.129030
v 0.020012 0.020581 -0.036191
v 0.020012 0.011664 -0.033107
v 0.020012 0.028752 -0.040910
v 0.020012 0.035880 -0.047091
v 0.020012 0.041707 -0.054512
v 0.020012 0.042655 -0.056051
v 0.020012 0.046022 -0.062903
v 0.020012 0.048668 -0.071959
v 0.020012 0.049550 -0.081353
v 0.020012 0.048635 -0.090744
v 0.020012 0.045956 -0.099791
v 0.020013 0.041611 -0.108167
v 0.020013 0.039362 -0.111363
v 0.020013 0.035758 -0.115566
v 0.020013 0.028607 -0.121723
v 0.020013 0.020420 -0.126412
v 0.020013 0.011492 -0.129464
v 0.020013 0.002147 -0.130768
v 0.020013 -0.042428 -0.103265
v 0.024720 -0.000946 -0.129048
v 0.024720 -0.009868 -0.128028
v 0.024720 -0.018441 -0.125357
v 0.024720 -0.026364 -0.121128
v 0.020013 -0.039301 -0.108461
v 0.020013 -0.033583 -0.115270
v 0.020013 -0.026702 -0.120903
v 0.020013 -0.018897 -0.125163
v -0.018987 -0.018898 -0.125163
v -0.018987 -0.010439 -0.127904
v 0.020013 -0.010439 -0.127904
v -0.018987 -0.001619 -0.129031
v 0.020013 -0.001619 -0.129030
v -0.018987 0.000000 -0.129058
v 0.020013 0.000000 -0.129058
v 0.020012 0.022883 -0.039306
v 0.020012 0.014715 -0.035794
v 0.020012 0.006037 -0.033855
v 0.020013 0.001619 -0.129030
v 0.020013 0.010439 -0.127904
v 0.020013 0.018898 -0.125163
v 0.020013 0.026702 -0.120903
v 0.020013 0.033583 -0.115270
v 0.020013 0.039301 -0.108461
v 0.020012 0.043658 -0.100710
v 0.020012 0.046505 -0.092286
v 0.020012 0.047742 -0.083481
v 0.020012 0.047326 -0.074599
v 0.020012 0.045272 -0.065948
v 0.020012 0.041651 -0.057827
v 0.020012 0.036589 -0.050517
v 0.020012 0.030259 -0.044271
v -0.018987 0.001619 -0.129031
v -0.018987 0.010439 -0.127904
v -0.018987 0.018898 -0.125163
v -0.018987 0.023000 -0.123160
v -0.018988 0.022883 -0.039306
v -0.018988 0.014715 -0.035794
v -0.018987 0.026702 -0.120903
v -0.018987 0.033583 -0.115270
v -0.018987 0.039301 -0.108461
v -0.018988 0.043658 -0.100710
v -0.018988 0.046505 -0.092287
v -0.018988 0.047741 -0.083481
v -0.018988 0.047326 -0.074599
v -0.018988 0.045272 -0.065948
v -0.018988 0.041651 -0.057827
v -0.018988 0.036588 -0.050517
v -0.018988 0.030259 -0.044271
vn -0.0000 -0.0166 0.9999
vn 0.0020 -0.3296 -0.9441
vn 0.0165 -0.3021 -0.9531
vn 0.0539 -0.2787 -0.9589
vn -0.0008 -0.1740 -0.9848
vn -0.0003 -0.1814 -0.9834
vn -0.0001 -0.2004 -0.9797
vn -0.0182 -0.1875 -0.9821
vn 0.0690 -0.2756 -0.9588
vn -0.0098 -0.4633 -0.8861
vn 0.0187 -0.4690 -0.8830
vn -0.0013 -0.4076 -0.9132
vn 0.0057 -0.4546 -0.8907
vn 0.0116 -0.4414 -0.8972
vn 0.0203 -0.4273 -0.9039
vn 0.0077 -0.4411 -0.8974
vn 0.0001 -0.3667 -0.9303
vn -0.0000 -0.3514 -0.9362
vn -0.0014 -0.4686 -0.8834
vn -0.0000 -0.4701 -0.8826
vn -0.0000 -0.5511 -0.8345
vn 0.0079 -0.5969 -0.8023
vn 0.0081 -0.7329 -0.6803
vn -0.0000 -0.6965 -0.7176
vn -0.0000 -0.6250 -0.7807
vn 0.0083 -0.8444 -0.5357
vn -0.0000 -0.8176 -0.5758
vn -0.0000 -0.7591 -0.6510
vn 0.0083 -0.9277 -0.3732
vn -0.0000 -0.9103 -0.4139
vn -0.0000 -0.8668 -0.4987
vn 0.0082 -0.9801 -0.1983
vn -0.0000 -0.9713 -0.2377
vn -0.0000 -0.9443 -0.3291
vn 0.0079 -0.9998 -0.0168
vn -0.0000 -0.9986 -0.0532
vn -0.0000 -0.9890 -0.1480
vn 0.0076 -0.9862 0.1653
vn -0.0000 -0.9911 0.1332
vn -0.0000 -0.9993 0.0382
vn 0.0071 -0.9397 0.3419
vn -0.0000 -0.9491 0.3149
vn -0.0000 -0.9748 0.2231
vn 0.0065 -0.8619 0.5071
vn -0.0000 -0.8741 0.4857
vn -0.0000 -0.9164 0.4002
vn 0.0058 -0.7553 0.6554
vn -0.0000 -0.7687 0.6396
vn -0.0000 -0.8261 0.5635
vn 0.0015 -0.4267 0.9044
vn -0.0057 -0.4823 0.8760
vn -0.0000 -0.5075 0.8617
vn -0.0000 -0.5635 0.8261
vn 0.0050 -0.6235 0.7818
vn -0.0000 -0.6366 0.7712
vn -0.0000 -0.7071 0.7071
vn -0.0003 -0.0217 0.9998
vn 0.0018 -0.1294 0.9916
vn -0.0000 -0.1244 0.9922
vn -0.0000 -0.2232 0.9748
vn 0.0029 -0.3027 0.9531
vn -0.0000 -0.3113 0.9503
vn -0.0000 -0.4003 0.9164
vn -0.9089 0.4169 -0.0000
vn -0.8896 0.4562 -0.0225
vn -0.8768 0.4809 0.0033
vn -0.8161 0.5779 -0.0023
vn -0.8121 0.5835 0.0057
vn -0.7293 0.6842 -0.0047
vn -0.7221 0.6918 0.0070
vn -0.6265 0.7794 -0.0049
vn -0.6179 0.7862 0.0072
vn -0.5395 0.8420 -0.0030
vn -0.5152 0.8566 -0.0270
vn -0.4788 0.8779 0.0031
vn -0.3859 0.9225 -0.0041
vn -0.3784 0.9256 0.0054
vn -0.2547 0.9670 -0.0044
vn -0.2477 0.9688 0.0043
vn -0.1205 0.9927 -0.0042
vn -0.1139 0.9935 0.0045
vn 0.0152 0.9999 -0.0034
vn 0.0215 0.9998 0.0053
vn 0.1472 0.9891 -0.0052
vn 0.1545 0.9880 0.0057
vn 0.2785 0.9604 -0.0044
vn 0.2589 0.9652 -0.0377
vn 0.3194 0.9476 0.0026
vn 0.4042 0.9146 -0.0053
vn 0.3899 0.9203 -0.0327
vn 0.5143 0.8562 0.0487
vn 0.4906 0.8702 -0.0444
vn 0.5831 0.8123 0.0139
vn 0.5671 0.8236 0.0004
vn 0.6400 0.7684 0.0004
vn 0.6226 0.7812 -0.0448
vn 0.7241 0.6861 0.0709
vn 0.7013 0.7088 -0.0761
vn 0.8543 0.5198 -0.0000
vn 0.8581 0.5098 -0.0620
vn 0.8023 0.5970 -0.0008
vn 0.7622 0.6474 0.0033
vn 0.9548 0.2972 -0.0000
vn 0.9486 0.3158 -0.0233
vn 0.9141 0.4046 0.0258
vn 0.8970 0.4412 -0.0261
vn 0.8160 0.5751 0.0591
vn 1.0000 -0.0000 -0.0000
vn -0.0000 0.8884 -0.4590
vn 0.0097 0.9303 -0.3668
vn -0.0000 0.0166 0.9999
vn -0.0000 0.8961 0.4438
vn 0.0280 0.8996 0.4358
vn -0.0000 0.8619 0.5071
vn -0.0000 0.9397 0.3419
vn -0.0000 0.9862 0.1653
vn -0.0000 0.9999 -0.0168
vn -0.0000 0.9801 -0.1983
vn 0.0004 0.9224 -0.3862
vn 0.0183 0.8976 -0.4404
vn -0.0221 0.9501 -0.3110
vn -0.0263 0.9543 -0.2976
vn 0.0218 0.9035 -0.4280
vn -0.0000 0.9295 -0.3687
vn 0.0519 0.9296 -0.3650
vn 0.0278 0.9301 -0.3663
vn 0.0008 0.8647 -0.5023
vn 0.0083 0.8444 -0.5357
vn -0.0000 0.8178 -0.5756
vn -0.0000 0.7632 -0.6461
vn 0.0083 0.7329 -0.6803
vn -0.0000 0.7010 -0.7131
vn -0.0000 0.6330 -0.7742
vn 0.0083 0.5969 -0.8023
vn -0.0000 0.5597 -0.8287
vn -0.0000 0.4667 -0.8844
vn 0.0098 0.4805 -0.8770
vn -0.0010 0.4689 -0.8832
vn -0.0094 0.4635 -0.8860
vn 0.1202 0.4881 -0.8645
vn -0.0085 0.4309 -0.9023
vn 0.0178 0.3008 -0.9535
vn 0.0562 0.2779 -0.9590
vn 0.1005 0.2692 -0.9578
vn -0.0360 0.1738 -0.9841
vn 0.0025 0.3278 -0.9447
vn -0.0000 0.3507 -0.9365
vn 0.0003 0.4117 -0.9113
vn 0.0161 0.3909 -0.9203
vn -0.0425 0.4927 -0.8691
vn 0.0208 0.4266 -0.9042
vn 0.0119 0.4408 -0.8975
vn -0.0000 0.1244 0.9922
vn -0.0000 0.3027 0.9531
vn -0.0000 0.4267 0.9044
vn -0.0053 0.4710 0.8821
vn -0.0000 0.5075 0.8617
vn -0.0000 0.6235 0.7818
vn -0.0000 0.7553 0.6554
vn -0.0000 0.8569 0.5155
vn -0.0006 0.8554 0.5180
vn -0.0000 0.8956 0.4448
vn -0.0000 1.0000 -0.0000
vn -0.0000 1.0000 -0.0001
vn -0.0000 -0.1673 -0.9859
vn -0.0843 -0.1497 -0.9851
vn 0.5287 -0.4706 0.7064
vn 0.5269 -0.4718 0.7069
vn 0.5270 -0.4718 0.7069
vn 0.5277 -0.4704 0.7073
vn 0.5285 -0.4705 0.7067
vn 0.7067 0.6896 -0.1582
vn 0.7071 -0.3926 -0.5881
vn 0.7053 -0.4086 -0.5793
vn 0.7070 -0.4101 -0.5762
vn 0.7071 -0.4343 -0.5580
vn 0.7184 -0.4526 -0.5283
vn 0.7067 -0.4694 -0.5293
vn 0.7071 -0.2762 -0.6509
vn 0.7057 -0.3368 -0.6233
vn 0.7553 -0.3354 -0.5631
vn 0.7035 -0.3047 -0.6420
vn 0.7071 -0.1502 -0.6910
vn 0.7057 -0.2149 -0.6751
vn 0.7539 -0.2247 -0.6174
vn 0.7030 -0.1794 -0.6882
vn 0.7071 -0.0190 -0.7069
vn 0.7058 -0.0855 -0.7033
vn 0.7525 -0.1055 -0.6501
vn 0.7026 -0.0475 -0.7100
vn 0.7056 0.1882 0.6832
vn 0.7146 0.1849 0.6747
vn 0.7228 0.1824 0.6666
vn 0.7076 -0.6309 -0.3182
vn 0.7036 -0.6270 -0.3344
vn 0.7211 -0.6013 -0.3441
vn 0.7499 -0.5581 -0.3552
vn 0.7067 -0.5171 -0.4829
vn 0.7373 -0.5149 -0.4374
vn 0.7067 -0.5601 -0.4322
vn 0.7064 -0.6039 -0.3691
vn 0.6959 -0.6169 -0.3677
vn 0.7126 0.6656 -0.2220
vn 0.7075 0.6723 -0.2176
vn 0.7071 0.6806 -0.1917
vn 0.7071 -0.0070 -0.7071
vn 0.7013 0.0194 -0.7126
vn 0.7313 0.0574 -0.6797
vn 0.7067 0.0856 -0.7023
vn 0.7069 0.1422 -0.6929
vn 0.7002 0.1526 -0.6975
vn 0.7156 0.2041 -0.6680
vn 0.7067 0.2155 -0.6739
vn 0.7069 0.2708 -0.6534
vn 0.7010 0.2801 -0.6559
vn 0.7141 0.3276 -0.6187
vn 0.7067 0.3377 -0.6217
vn 0.7068 0.3897 -0.5904
vn 0.7019 0.3973 -0.5911
vn 0.7125 0.4398 -0.5467
vn 0.7067 0.4481 -0.5475
vn 0.7068 0.4944 -0.5059
vn 0.7031 0.5001 -0.5056
vn 0.7109 0.5366 -0.4546
vn 0.7067 0.5426 -0.4540
vn 0.7068 0.5813 -0.4032
vn 0.7043 0.5848 -0.4024
vn 0.7093 0.6144 -0.3455
vn 0.7067 0.6179 -0.3445
vn 0.7067 0.6471 -0.2859
vn 0.7057 0.6485 -0.2853
vn 0.7073 0.6619 -0.2482
vn 0.7116 0.7014 0.0415
vn 0.7071 0.7040 0.0663
vn 0.7066 0.6991 0.1096
vn 0.7096 0.6862 -0.1603
vn 0.7043 0.7029 -0.0994
vn 0.7099 0.6982 -0.0923
vn 0.7071 0.7042 -0.0638
vn 0.7067 0.7071 -0.0248
vn 0.7142 0.6992 -0.0317
vn 0.7015 0.7121 0.0283
vn 0.7192 0.6881 0.0963
vn 0.6998 0.6972 0.1560
vn 0.7124 0.6800 0.1733
vn 0.7071 0.6800 0.1942
vn 0.7066 0.6657 0.2399
vn 0.7244 0.6537 0.2190
vn 0.6843 0.6598 0.3106
vn 0.7216 0.6376 0.2699
vn 0.7071 0.6329 0.3155
vn 0.7070 0.6201 0.3399
vn 0.7160 0.6024 0.3527
vn 0.7187 0.5977 0.3553
vn 0.6998 0.5972 0.3919
vn 0.7120 0.5672 0.4140
vn 0.7070 0.5644 0.4261
vn 0.7070 0.5447 0.4511
vn 0.7192 0.5192 0.4617
vn 0.7016 0.5160 0.4914
vn 0.7106 0.4795 0.5149
vn 0.7070 0.4768 0.5223
vn 0.7070 0.4528 0.5432
vn 0.7115 0.4417 0.5465
vn 0.7071 0.4333 0.5589
vn 0.7070 0.4098 0.5764
vn 0.7055 0.4085 0.5791
vn 0.7085 0.3745 0.5981
vn 0.7070 0.3731 0.6008
vn 0.7071 0.3456 0.6170
vn 0.7181 0.3109 0.6227
vn 0.7085 0.3064 0.6357
vn 0.7057 0.2555 0.6609
vn 0.7069 0.2567 0.6591
vn 0.7062 0.1879 0.6826
vn 0.7793 0.2009 0.5935
vn 0.7025 0.1782 0.6890
vn 0.7407 0.1784 0.6477
vn 0.7061 0.1462 0.6929
vn 0.0034 0.1976 0.9803
vn 0.0225 0.1952 0.9805
vn 0.0692 0.1916 0.9790
vn -0.1179 0.2620 0.9578
vn 0.5453 0.2498 0.8001
vn -0.0000 0.3606 0.9327
vn -0.0000 0.4466 0.8947
vn 0.5600 0.3938 0.7289
vn -0.0000 0.5307 0.8476
vn 0.5723 0.5208 0.6334
vn 0.4674 0.5557 0.6876
vn -0.0000 0.5795 0.8150
vn 0.5824 0.6270 0.5173
vn -0.0000 0.7473 0.6645
vn -0.0000 0.6815 0.7318
vn 0.5904 0.7094 0.3849
vn -0.0000 0.8596 0.5110
vn -0.0000 0.8077 0.5895
vn 0.5965 0.7657 0.2405
vn -0.0000 0.9408 0.3391
vn -0.0000 0.9048 0.4259
vn 0.6007 0.7945 0.0890
vn -0.0000 0.9879 0.1548
vn 0.0001 0.9690 0.2470
vn 0.6031 0.7950 -0.0647
vn 0.0001 0.9994 -0.0350
vn -0.0000 0.9983 0.0590
vn 0.6038 0.7674 -0.2157
vn -0.0000 0.9747 -0.2236
vn -0.0000 0.9914 -0.1310
vn 0.6027 0.7126 -0.3591
vn -0.0000 0.9147 -0.4041
vn 0.0001 0.9486 -0.3164
vn 0.5998 0.6324 -0.4903
vn 0.0001 0.8217 -0.5699
vn -0.0000 0.8716 -0.4902
vn 0.5951 0.5290 -0.6050
vn -0.0000 0.6989 -0.7152
vn -0.0000 0.7630 -0.6464
vn 0.5885 0.4057 -0.6993
vn -0.0000 0.5509 -0.8346
vn -0.0000 0.6268 -0.7791
vn 0.5800 0.2663 -0.7699
vn -0.0000 0.3829 -0.9238
vn -0.0000 0.4680 -0.8837
vn -0.0000 0.0219 -0.9998
vn -0.4065 0.0768 -0.9104
vn 0.5694 0.1149 -0.8140
vn -0.0000 0.2011 -0.9796
vn -0.0000 0.2922 -0.9563
vn -0.0000 -0.6613 0.7501
vn -0.0000 -0.8990 0.4379
vn -0.0000 -0.0099 -1.0000
vn -0.0000 -0.0124 -0.9999
vn -0.0001 -0.0110 -0.9999
vn 0.0003 -0.0781 -0.9969
vn -0.0012 -0.0668 -0.9978
vn 0.0010 -0.1683 -0.9857
vn 0.0001 -0.1602 -0.9871
vn -0.0001 -0.2597 -0.9657
vn -0.0011 -0.2523 -0.9677
vn 0.0009 -0.3463 -0.9381
vn -0.0000 -0.3385 -0.9410
vn -0.0000 -0.3822 -0.9241
vn -0.0005 -0.4324 -0.9017
vn -0.0010 -0.4288 -0.9034
vn 0.0007 -0.5125 -0.8587
vn -0.0000 -0.5058 -0.8626
vn -0.0000 -0.5458 -0.8379
vn -0.0009 -0.5905 -0.8070
vn -0.0009 -0.5902 -0.8072
vn 0.0006 -0.6613 -0.7501
vn -0.0000 -0.6559 -0.7548
vn -0.0000 -0.6907 -0.7232
vn -0.0013 -0.7285 -0.6850
vn -0.0008 -0.7308 -0.6826
vn 0.0005 -0.7877 -0.6160
vn -0.0000 -0.7836 -0.6213
vn -0.0000 -0.8119 -0.5838
vn 0.0024 -0.8883 -0.4593
vn -0.0000 -0.8819 -0.4714
vn -0.0019 -0.8456 -0.5338
vn -0.0065 -0.8624 -0.5061
vn 0.0055 -0.8418 -0.5398
vn -0.0016 -0.8955 -0.4450
vn -0.0000 -0.8873 -0.4611
vn -0.0000 -0.9038 -0.4279
vn 0.0031 -0.9312 -0.3646
vn 0.0054 -0.9346 -0.3558
vn -0.0000 -0.9569 -0.2905
vn -0.0000 -0.9798 -0.1998
vn 0.0050 -0.9835 -0.1809
vn -0.0000 -0.9939 -0.1100
vn -0.0000 -0.9999 -0.0167
vn 0.0044 -1.0000 -0.0000
vn -0.0000 -0.9972 0.0742
vn -0.0000 -0.9860 0.1670
vn 0.0039 -0.9835 0.1809
vn -0.0000 -0.9667 0.2558
vn -0.0000 -0.8443 0.5359
vn -0.0000 -0.9386 0.3450
vn 0.0029 -0.9351 0.3544
vn -0.0001 -0.9034 0.4288
vn -0.0000 -0.8835 0.4685
vn 0.0042 -0.8548 0.5190
vn 0.0016 -0.8439 0.5365
vn -0.0000 -0.6947 0.7193
vn 0.0019 -0.7349 0.6782
vn 0.0040 -0.7468 0.6650
vn -0.0000 -0.7838 0.6210
vn -0.0000 -0.8118 0.5840
vn 0.0045 -0.6053 0.7960
vn 0.0028 -0.6142 0.7891
vn -0.0000 -0.5555 0.8315
vn 0.0131 -0.4416 0.8971
vn 0.0002 -0.4613 0.8872
vn 0.0202 -0.4276 0.9037
vn 0.0169 -0.4338 0.9008
vn 0.0080 -0.4539 0.8910
vn 0.0025 -0.4692 0.8831
vn -0.0000 -0.4766 0.8791
vn -0.0024 -0.4701 0.8826
vn -0.0080 -0.4557 0.8901
vn -0.0000 -0.3840 0.9233
vn -0.0007 -0.4044 0.9146
vn -0.0135 -0.4436 0.8961
vn -0.0174 -0.4365 0.8995
vn 0.0345 -0.5223 0.8521
vn 0.0091 -0.4677 0.8838
vn -0.0000 -0.3732 0.9278
vn -0.0008 -0.3568 0.9342
vn -0.0028 -0.3449 0.9386
vn -0.0000 -0.2096 0.9778
vn -0.0024 -0.2383 0.9712
vn -0.0021 -0.2388 0.9711
vn 0.0034 -0.3092 0.9510
vn -0.0178 -0.2776 0.9605
vn 0.0342 -0.3627 0.9313
vn -0.0188 -0.3013 0.9533
vn -0.0064 -0.3276 0.9448
vn -0.0000 -0.1863 0.9825
vn -0.0084 -0.1685 0.9857
vn 0.0044 -0.1921 0.9814
vn -0.0070 -0.1370 0.9905
vn -0.0092 -0.1395 0.9902
vn 0.0051 -0.0812 0.9967
vn -0.0179 -0.0521 0.9985
vn 0.0043 -0.0270 0.9996
vn -0.0000 -0.0048 1.0000
vn 0.0177 -0.2972 0.9547
vn 0.0068 -0.3226 0.9465
vn 0.0028 -0.3426 0.9395
vn 0.0009 -0.3555 0.9347
vn -0.0000 -0.3718 0.9283
vn 0.0609 -0.0946 0.9936
vn 0.0173 -0.1398 0.9900
vn 0.0067 -0.1655 0.9862
vn -0.0004 -0.1874 0.9823
vn 0.0018 -0.2933 0.9560
vn 0.0448 -0.2601 0.9645
vn 0.0279 -0.2819 0.9590
vn 0.0258 -0.1154 0.9930
vn -0.0094 -0.0124 0.9999
vn -0.0000 -0.0276 0.9996
vn -0.0029 0.1803 0.9836
vn 0.0022 0.1330 0.9911
vn -0.0005 0.1733 0.9849
vn -0.0012 0.1787 0.9839
vn -0.0016 0.1811 0.9835
vn -0.0019 0.1826 0.9832
vn 0.0029 0.1659 0.9861
vn -0.0000 0.1785 0.9839
vn -0.0000 0.1784 0.9839
vn -0.0000 0.0279 0.9996
vn 0.0125 0.0480 0.9988
vn -0.0030 0.0822 0.9966
vn 0.0051 0.1381 0.9904
vn -0.1025 -0.0000 -0.9947
vn -0.1648 0.3096 -0.9365
vn -0.2630 0.1050 -0.9591
vn -0.4839 -0.1066 -0.8686
vn -0.4771 0.2985 -0.8266
vn -0.6335 0.0463 -0.7724
vn -0.7998 -0.0517 -0.5980
vn -0.6818 0.4274 -0.5937
vn -0.8249 -0.5619 0.0613
vn -0.9923 -0.0000 -0.1241
vn 0.5552 0.8117 0.1816
vn 0.5556 0.8003 -0.2254
vn 0.5553 0.7912 -0.2561
vn 0.5454 0.8162 -0.1907
vn 0.5552 0.8097 -0.1902
vn 0.5552 0.8235 -0.1165
vn 0.5119 0.8581 -0.0389
vn 0.5556 0.8281 -0.0750
vn 0.5552 0.8307 -0.0419
vn 0.5552 0.8311 0.0331
vn 0.5556 0.8278 0.0780
vn 0.4759 0.8710 0.1218
vn 0.5552 0.8247 0.1078
vn 0.5555 0.7995 0.2283
vn 0.4743 0.8383 0.2688
vn 0.5554 0.7885 0.2641
vn 0.5552 0.7660 0.3242
vn 0.5552 0.7659 0.3242
vn 0.5555 0.7442 0.3709
vn 0.4616 0.7825 0.4179
vn 0.5241 0.7468 0.4094
vn 0.5556 0.7176 0.4201
vn 0.5552 0.6954 0.4563
vn 0.5555 0.6637 0.5010
vn 0.4554 0.6974 0.5535
vn 0.5555 0.6404 0.5304
vn 0.5552 0.6023 0.5736
vn 0.5554 0.5607 0.6141
vn 0.4558 0.5866 0.6694
vn 0.5555 0.5324 0.6387
vn 0.5555 0.5094 0.6572
vn 0.4667 0.5207 0.7149
vn 0.5554 0.4794 0.6795
vn 0.5554 0.4387 0.7065
vn 0.4630 0.4552 0.7606
vn 0.5555 0.4064 0.7254
vn 0.5552 0.3611 0.7492
vn 0.5554 0.3018 0.7749
vn 0.4765 0.3089 0.8231
vn 0.5555 0.2666 0.7876
vn 0.5552 0.2209 0.8019
vn 0.2370 0.2000 0.9507
vn 0.5901 0.1667 0.7900
vn 0.5556 0.1793 0.8119
vn 0.1950 0.1896 0.9623
vn 0.1949 0.2605 0.9456
vn 0.1949 0.3446 0.9183
vn 0.1949 0.4259 0.8835
vn 0.1949 0.5037 0.8416
vn 0.1949 0.5774 0.7928
vn 0.1949 0.6465 0.7376
vn 0.1949 0.7102 0.6764
vn 0.1949 0.7683 0.6097
vn 0.1949 0.8200 0.5381
vn 0.1949 0.8652 0.4621
vn 0.1949 0.9032 0.3823
vn 0.1949 0.9340 0.2994
vn 0.1949 0.9572 0.2141
vn 0.1949 0.9726 0.1271
vn 0.1949 0.9800 0.0390
vn 0.1949 0.9796 -0.0494
vn 0.1949 0.9712 -0.1374
vn 0.1949 0.9711 -0.1374
vn 0.1949 0.9548 -0.2243
vn 0.1950 0.9332 -0.3020
vn 0.1949 0.9332 -0.3020
vn 0.0010 0.3685 0.9296
vn 0.0039 0.3546 0.9350
vn 0.0071 0.3426 0.9395
vn 0.0121 0.3316 0.9433
vn 0.0194 0.3182 0.9478
vn 0.0325 0.3033 0.9523
vn -0.0000 0.2153 0.9766
vn -0.0051 0.2059 0.9786
vn 0.0052 0.2574 0.9663
vn 0.0086 0.2656 0.9640
vn -0.0249 0.3512 0.9360
vn -0.0000 0.0371 -0.9993
vn 0.0059 0.0124 -0.9999
vn -0.0114 0.1210 -0.9926
vn -0.0088 0.1155 -0.9933
vn 0.0003 0.3662 -0.9305
vn -0.0065 0.3046 -0.9525
vn -0.0113 0.2932 -0.9560
vn -0.0006 0.2355 -0.9719
vn 0.0004 0.1896 -0.9819
vn -0.0004 0.5698 -0.8218
vn 0.0001 0.5305 -0.8477
vn -0.0064 0.4613 -0.8872
vn -0.0155 0.4773 -0.8786
vn -0.0005 0.4096 -0.9123
vn -0.0178 0.6332 -0.7738
vn -0.0051 0.6142 -0.7891
vn 0.0001 0.6768 -0.7361
vn -0.0036 0.7468 -0.6650
vn -0.0202 0.7668 -0.6416
vn -0.0002 0.7107 -0.7035
vn -0.0131 0.8547 -0.5189
vn -0.0000 0.8276 -0.5614
vn -0.0000 0.8003 -0.5997
vn -0.0004 0.9514 -0.3079
vn -0.0117 0.9362 -0.3512
vn -0.0132 0.9345 -0.3558
vn 0.0010 0.9153 -0.4028
vn -0.0011 0.8734 -0.4870
vn 0.0004 0.9735 -0.2287
vn -0.0132 0.9834 -0.1809
vn -0.0007 0.9901 -0.1401
vn 0.0006 0.9987 -0.0504
vn -0.0132 0.9999 -0.0000
vn -0.0009 0.9992 0.0397
vn 0.0008 0.9916 0.1296
vn -0.0132 0.9834 0.1809
vn -0.0012 0.9759 0.2183
vn 0.0010 0.9523 0.3053
vn -0.0119 0.9361 0.3515
vn -0.0000 0.9209 0.3898
vn -0.0000 0.9004 0.4350
vn 0.0012 0.8821 0.4711
vn -0.0117 0.8575 0.5143
vn -0.0000 0.8361 0.5486
vn -0.0000 0.8073 0.5901
vn 0.0014 0.7833 0.6217
vn -0.0115 0.7509 0.6604
vn -0.0000 0.7241 0.6897
vn -0.0000 0.6879 0.7258
vn 0.0015 0.6591 0.7521
vn -0.0113 0.6197 0.7848
vn -0.0000 0.5887 0.8083
vn -0.0000 0.5135 0.8581
vn 0.0110 0.5458 0.8378
vn -0.0203 0.4341 0.9006
vn -0.0000 0.4682 0.8836
vn -0.0000 0.3869 0.9221
vn 0.9979 -0.0654 -0.0000
vn 0.9977 -0.0674 -0.0002
vn 0.9796 -0.2010 0.0002
vn 0.9624 -0.2714 0.0069
vn 0.9451 -0.3268 0.0011
vn 0.7726 -0.6349 -0.0000
vn 0.8251 -0.5650 0.0021
vn 0.8457 -0.5336 0.0064
vn 0.8893 -0.4573 -0.0000
vn 0.9182 -0.3960 -0.0000
vn 0.7265 -0.6871 -0.0000
vn 0.6593 -0.7518 0.0059
vn 0.6383 -0.7698 0.0027
vn 0.3585 -0.9335 0.0017
vn 0.4219 -0.9066 0.0059
vn 0.4187 -0.9081 0.0055
vn 0.5047 -0.8633 -0.0000
vn 0.5641 -0.8257 -0.0000
vn 0.0345 -0.9994 -0.0000
vn 0.1360 -0.9907 0.0041
vn 0.1435 -0.9896 0.0050
vn 0.2434 -0.9699 -0.0000
vn 0.3100 -0.9507 -0.0000
vn -0.3050 -0.9524 -0.0000
vn -0.2406 -0.9706 -0.0000
vn -0.1435 -0.9896 0.0052
vn -0.1312 -0.9914 0.0038
vn -0.0325 -0.9995 -0.0000
vn -0.5564 -0.8309 -0.0000
vn -0.4983 -0.8670 -0.0000
vn -0.4187 -0.9081 0.0059
vn -0.4151 -0.9097 0.0054
vn -0.3536 -0.9354 0.0013
vn -0.8150 -0.5794 0.0009
vn -0.7664 -0.6424 -0.0000
vn -0.6593 -0.7518 -0.0000
vn -0.7172 -0.6967 0.0145
vn -0.6232 -0.7820 0.0014
vn -0.9794 -0.2016 0.0139
vn -0.9430 -0.3327 0.0005
vn -0.9159 -0.4014 -0.0000
vn -0.8457 -0.5336 -0.0000
vn -0.8896 -0.4565 0.0167
vn -0.8589 -0.5120 0.0092
vn -0.9625 -0.2714 0.0002
vn -0.9979 -0.0654 -0.0001
vn -0.9978 -0.0665 -0.0000
vn -0.7070 0.0196 -0.7070
vn -0.7071 -0.6391 -0.3026
vn -0.7110 -0.6280 -0.3164
vn -0.6731 -0.7251 0.1452
vn -0.7060 -0.7028 0.0869
vn -0.7076 -0.7047 0.0524
vn -0.7070 -0.7051 0.0540
vn -0.7061 -0.7080 -0.0118
vn -0.6745 -0.7382 0.0096
vn -0.7252 -0.6843 -0.0758
vn -0.7067 -0.7052 -0.0569
vn -0.7062 -0.6937 -0.1415
vn -0.6759 -0.7262 -0.1258
vn -0.7261 -0.6580 -0.1998
vn -0.7066 -0.6829 -0.1854
vn -0.7065 -0.6590 -0.2580
vn -0.6933 -0.6755 -0.2513
vn -0.7070 -0.6478 -0.2836
vn -0.7061 -0.6982 0.1182
vn -0.7071 -0.6836 0.1809
vn -0.7192 -0.6573 0.2252
vn -0.6984 -0.6718 0.2469
vn -0.7066 -0.6464 0.2879
vn -0.7080 -0.6380 0.3029
vn -0.7172 -0.6157 0.3265
vn -0.7127 0.1689 0.6808
vn -0.7067 0.1397 0.6935
vn -0.7060 0.3678 0.6052
vn -0.7071 0.3082 0.6365
vn -0.7020 0.2954 0.6480
vn -0.7228 0.2418 0.6474
vn -0.7066 0.2321 0.6685
vn -0.7068 0.1686 0.6870
vn -0.7042 0.1658 0.6904
vn -0.7332 0.3371 0.5906
vn -0.7016 0.4095 0.5831
vn -0.7071 0.4221 0.5674
vn -0.7060 0.4748 0.5255
vn -0.7375 0.4367 0.5151
vn -0.7015 0.5096 0.4982
vn -0.7071 0.5210 0.4781
vn -0.7059 0.5650 0.4272
vn -0.7420 0.5200 0.4232
vn -0.7015 0.5924 0.3963
vn -0.7071 0.6014 0.3719
vn -0.7068 0.6213 0.3384
vn -0.7140 0.6190 0.3272
vn -0.7071 0.6391 0.3026
vn -0.7070 0.6508 0.2769
vn -0.7034 0.6567 0.2720
vn -0.7071 0.6605 0.2525
vn -0.7068 0.6728 0.2186
vn -0.7296 0.6591 0.1825
vn -0.7020 0.6949 0.1559
vn -0.7071 0.6961 0.1242
vn -0.7068 0.7014 0.0915
vn -0.7301 0.6810 0.0556
vn -0.7025 0.7112 0.0257
vn -0.7071 0.7071 -0.0086
vn -0.7068 0.7062 -0.0403
vn -0.7080 0.7051 -0.0387
vn -0.7050 0.7017 -0.1029
vn -0.7032 0.7032 -0.1051
vn -0.7071 0.6929 -0.1410
vn -0.7069 0.6872 -0.1676
vn -0.7304 0.6533 -0.1992
vn -0.7040 0.6712 -0.2320
vn -0.7071 0.6541 -0.2685
vn -0.7069 0.6447 -0.2908
vn -0.7308 0.6035 -0.3190
vn -0.7064 0.6152 -0.3500
vn -0.7070 0.5804 -0.4041
vn -0.7297 0.5345 -0.4265
vn -0.7064 0.5406 -0.4570
vn -0.7070 0.4964 -0.5037
vn -0.7284 0.4468 -0.5195
vn -0.7062 0.3395 -0.6213
vn -0.7269 0.3431 -0.5948
vn -0.7070 0.3956 -0.5862
vn -0.7063 0.4476 -0.5484
vn -0.7061 0.0926 -0.7020
vn -0.7192 0.1000 -0.6876
vn -0.7063 0.1577 -0.6902
vn -0.7071 0.1667 -0.6872
vn -0.7062 0.2198 -0.6731
vn -0.7226 0.2260 -0.6532
vn -0.7064 0.2816 -0.6494
vn -0.7071 0.2922 -0.6440
vn -0.7071 0.2939 -0.6431
vn -0.7070 -0.2034 -0.6774
vn -0.7071 -0.0088 -0.7071
vn -0.7152 -0.0460 -0.6974
vn -0.7066 -0.0553 -0.7055
vn -0.7063 -0.1394 -0.6940
vn -0.7307 -0.1149 -0.6730
vn -0.6962 -0.1864 -0.6933
vn -0.7064 -0.2644 -0.6566
vn -0.7299 -0.2367 -0.6412
vn -0.6824 -0.3352 -0.6496
vn -0.7065 -0.3060 -0.6381
vn -0.7064 -0.3804 -0.5969
vn -0.7292 -0.3507 -0.5876
vn -0.6811 -0.4495 -0.5780
vn -0.7064 -0.4179 -0.5712
vn -0.7065 -0.4834 -0.5169
vn -0.7284 -0.4531 -0.5139
vn -0.6798 -0.5488 -0.4865
vn -0.7064 -0.5157 -0.4849
vn -0.7065 -0.5700 -0.4193
vn -0.7276 -0.5403 -0.4226
vn -0.6785 -0.6298 -0.3781
vn -0.7063 -0.5959 -0.3821
vn -0.7070 -0.6275 -0.3261
vn -0.0000 0.0277 -0.9996
vn 0.0554 0.0216 -0.9982
vn -0.1749 0.1358 -0.9752
vn -0.0000 0.1440 -0.9896
vn -0.0000 0.3227 -0.9465
vn -0.1397 0.3238 -0.9358
vn -0.0000 0.2357 -0.9718
vn -0.0932 0.4975 -0.8625
vn -0.0021 0.4158 -0.9094
vn -0.0000 0.4132 -0.9107
vn 0.0440 0.4954 -0.8676
vn -0.0427 0.6505 -0.7583
vn -0.0054 0.6521 -0.7582
vn 0.0054 0.7829 -0.6221
vn -0.0990 0.8821 -0.4606
vn 0.0522 0.8829 -0.4667
vn -0.0543 0.7805 -0.6227
vn -0.1427 0.9482 -0.2840
vn -0.0000 0.9565 -0.2916
vn -0.0000 0.9251 -0.3797
vn -0.0001 0.9999 -0.0121
vn -0.0945 0.9939 -0.0567
vn -0.5924 0.8015 -0.0810
vn -0.0001 0.9894 -0.1452
vn -0.0001 0.9799 -0.1994
vn -0.0000 0.9967 0.0813
vn -0.2228 0.9710 0.0871
vn -0.0001 0.9845 0.1756
vn -0.0000 0.9637 0.2668
vn -0.2592 0.9283 0.2667
vn -0.0001 0.9341 0.3571
vn -0.0000 0.9202 0.3915
vn -0.5178 0.7628 0.3874
vn -0.2401 0.8583 0.4536
vn -0.3245 0.7471 0.5801
vn -0.0000 0.7976 0.6031
vn -0.0000 0.8505 0.5260
vn -0.3536 0.6170 0.7030
vn -0.0000 0.6704 0.7420
vn -0.0000 0.7368 0.6762
vn -0.3803 0.4676 0.7979
vn -0.0000 0.5193 0.8546
vn -0.0000 0.5969 0.8023
vn -0.0000 0.2213 0.9752
vn 0.1226 0.2365 0.9639
vn -0.4050 0.3048 0.8620
vn -0.0000 0.3498 0.9368
vn -0.0000 0.4358 0.9000
vn -0.0000 -0.0000 1.0000
vn -0.0000 -0.9924 0.1228
vn -0.0000 -0.9805 0.1964
vn -0.5595 -0.8047 0.1984
vn 0.5113 -0.8130 0.2785
vn -0.0000 -0.9308 0.3655
vn -0.3871 -0.9194 0.0704
vn -0.5597 -0.8272 0.0494
vn -0.0000 -0.9999 0.0131
vn -0.0000 -0.9968 -0.0804
vn -0.5575 -0.8240 -0.1014
vn -0.0000 -0.9853 -0.1707
vn -0.0000 -0.9651 -0.2620
vn -0.5529 -0.7949 -0.2498
vn 0.0001 -0.9373 -0.3486
vn -0.5460 -0.7406 -0.3918
vn -0.2883 -0.8551 -0.4309
vn 0.0001 -0.9161 -0.4010
vn -0.5364 -0.6622 -0.5232
vn -0.0000 -0.8055 -0.5926
vn 0.0001 -0.8574 -0.5147
vn -0.5241 -0.5616 -0.6402
vn 0.0001 -0.6831 -0.7303
vn -0.0000 -0.7483 -0.6633
vn -0.5089 -0.4411 -0.7392
vn -0.0000 -0.5374 -0.8433
vn -0.0000 -0.6139 -0.7894
vn -0.4905 -0.3036 -0.8168
vn -0.0000 -0.3735 -0.9276
vn -0.0000 -0.4585 -0.8887
vn -0.0000 -0.0414 -0.9991
vn 0.3131 -0.0624 -0.9477
vn -0.4686 -0.1528 -0.8701
vn 0.0001 -0.1969 -0.9804
vn 0.0001 -0.2876 -0.9577
vn -1.0000 -0.0000 -0.0000
vn 0.7862 0.6180 -0.0000
vn -0.9983 0.0582 -0.0000
vn -0.9979 0.0654 0.0006
vn -0.9839 0.1789 -0.0005
vn -0.9510 0.3090 0.0095
vn -0.9625 0.2714 0.0030
vn -0.9207 0.3902 -0.0000
vn -0.8924 0.4513 -0.0000
vn -0.8457 0.5336 0.0060
vn -0.8314 0.5557 0.0028
vn -0.5716 0.8205 -0.0000
vn -0.6498 0.7601 0.0039
vn -0.6593 0.7518 0.0055
vn -0.7309 0.6825 -0.0000
vn -0.7754 0.6315 -0.0000
vn -0.5144 0.8575 -0.0000
vn -0.4187 0.9081 0.0047
vn -0.4262 0.9046 0.0057
vn -0.0541 0.9985 -0.0000
vn -0.1726 0.9850 0.0076
vn -0.1435 0.9896 0.0034
vn -0.2609 0.9654 -0.0000
vn -0.3269 0.9451 -0.0000
vn 0.3355 0.9420 0.0002
vn 0.2250 0.9744 -0.0002
vn 0.1435 0.9896 0.0060
vn 0.0938 0.9956 0.0013
vn 0.0141 0.9999 -0.0000
vn 0.6593 0.7518 -0.0000
vn 0.7369 0.6757 0.0197
vn 0.6819 0.7314 0.0087
vn 0.6315 0.7754 0.0035
vn 0.5818 0.8133 -0.0000
vn 0.4187 0.9081 -0.0000
vn 0.5228 0.8522 0.0206
vn 0.4440 0.8960 0.0074
vn 0.9790 0.2035 0.0136
vn 0.9430 0.3327 0.0006
vn 0.9161 0.4008 -0.0000
vn 0.8457 0.5336 -0.0000
vn 0.8989 0.4376 0.0206
vn 0.8504 0.5261 0.0058
vn 0.9625 0.2714 0.0004
vn 0.9979 0.0654 -0.0002
vn 0.9977 0.0677 -0.0000
vn -0.0000 -1.0000 -0.0000
vn -0.7066 -0.6145 0.3510
vn -0.7142 -0.2032 0.6698
vn -0.7071 0.0264 0.7066
vn -0.7294 0.0142 0.6839
vn -0.7335 0.0145 0.6795
vn -0.7212 -0.0383 0.6917
vn -0.7082 -0.0133 0.7059
vn -0.7036 0.0031 0.7106
vn -0.7300 -0.0410 0.6822
vn -0.6807 -0.1137 0.7237
vn -0.7167 -0.0955 0.6908
vn -0.6951 -0.1609 0.7006
vn -0.7195 -0.1655 0.6745
vn -0.7054 -0.1362 0.6956
vn -0.7132 -0.3674 0.5969
vn -0.6984 -0.3348 0.6326
vn -0.7390 -0.2973 0.6045
vn -0.7034 -0.2875 0.6501
vn -0.7114 -0.2491 0.6572
vn -0.7217 -0.2512 0.6450
vn -0.6929 -0.2230 0.6857
vn -0.7286 -0.4146 0.5452
vn -0.7038 -0.3946 0.5907
vn -0.7151 -0.3653 0.5959
vn -0.6609 -0.4357 0.6110
vn -0.7177 -0.4417 0.5383
vn -0.6982 -0.4734 0.5370
vn -0.7254 -0.4782 0.4952
vn -0.7101 -0.4825 0.5129
vn -0.7032 -0.5211 0.4837
vn -0.6989 -0.5256 0.4850
vn -0.7130 -0.5451 0.4411
vn -0.7013 -0.5587 0.4426
vn -0.7133 -0.5858 0.3848
vn -0.7464 -0.5616 0.3572
vn -0.7105 -0.5712 0.4109
vn 0.0194 0.4681 0.8835
vn -0.0400 0.2890 0.9565
vn 0.0180 0.3279 0.9445
vn -0.0086 0.2329 0.9725
vn 0.0014 0.2408 0.9706
vn -0.0005 0.1855 0.9826
vn 0.0104 0.1975 0.9802
vn -0.0081 0.1633 0.9865
vn -0.0253 0.3017 0.9531
vn -0.0104 0.3222 0.9466
vn -0.0042 0.3415 0.9399
vn -0.0016 0.3540 0.9352
vn 0.0001 0.3710 0.9286
vn -0.0004 0.4148 0.9099
vn -0.0051 0.3997 0.9166
vn 0.0170 0.4956 0.8684
vn -0.0153 0.4438 0.8960
vn -0.0047 0.4801 0.8772
vn 0.0013 0.4758 0.8796
vn 0.0073 0.4719 0.8816
vn -0.0000 0.9510 0.3091
vn 0.0121 0.9238 0.3826
vn 0.0023 0.9362 0.3515
vn -0.0001 0.9038 0.4279
vn -0.0000 0.9004 0.4351
vn -0.0000 0.8782 0.4783
vn 0.0068 0.8576 0.5143
vn -0.0008 0.8311 0.5561
vn -0.0000 0.7756 0.6313
vn 0.0066 0.7509 0.6604
vn -0.0009 0.7150 0.6991
vn -0.0000 0.6878 0.7259
vn -0.0000 0.6466 0.7628
vn 0.0064 0.6197 0.7848
vn -0.0009 0.5747 0.8184
vn -0.0000 0.5459 0.8379
vn -0.0000 0.4710 0.8821
vn -0.0195 0.4940 0.8692
vn -0.0000 0.9758 0.2189
vn 0.0075 0.9835 0.1809
vn -0.0000 0.9916 0.1294
vn -0.0000 0.9993 0.0362
vn 0.0074 1.0000 -0.0000
vn -0.0000 0.9985 -0.0547
vn -0.0000 0.9890 -0.1478
vn 0.0072 0.9835 -0.1809
vn -0.0000 0.9715 -0.2370
vn -0.0000 0.9451 -0.3267
vn 0.0069 0.9345 -0.3558
vn -0.0000 0.9116 -0.4112
vn -0.0000 0.8692 -0.4945
vn 0.0066 0.8548 -0.5190
vn -0.0000 0.8207 -0.5714
vn -0.0000 0.7637 -0.6456
vn 0.0062 0.7468 -0.6650
vn -0.0000 0.7019 -0.7123
vn -0.0000 0.6323 -0.7747
vn 0.0058 0.6142 -0.7891
vn -0.0000 0.5594 -0.8289
vn -0.0000 0.4795 -0.8776
vn 0.0054 0.4613 -0.8872
vn -0.0000 0.3978 -0.9175
vn -0.0000 0.3104 -0.9506
vn 0.0049 0.2933 -0.9560
vn -0.0000 0.2227 -0.9749
vn -0.0000 0.1155 -0.9933
vn 0.0052 0.1307 -0.9914
vn -0.0016 0.0124 -0.9999
vn -0.0000 0.1714 0.9852
vn 0.0023 0.1770 0.9842
vn -0.0036 0.1274 0.9918
vn -0.0073 0.1235 0.9923
vn 0.0044 0.0725 0.9974
vn -0.0168 0.0417 0.9990
vn -0.0000 0.0240 0.9997
vn -0.0000 1.0000 0.0015
vn 0.0001 1.0000 -0.0008
vn 0.1951 0.9181 -0.3449
vn 0.1962 0.9181 -0.3443
vn 0.1960 0.8976 -0.3949
vn 0.1960 0.8565 -0.4775
vn 0.1961 0.8115 -0.5505
vn 0.2609 0.7953 -0.5472
vn 0.1963 0.7847 -0.5880
vn 0.1960 0.7520 -0.6293
vn 0.1961 0.6969 -0.6898
vn 0.2882 0.6734 -0.6808
vn 0.1962 0.6637 -0.7218
vn 0.1960 0.6210 -0.7589
vn 0.1962 0.5587 -0.8058
vn 0.3078 0.5307 -0.7897
vn 0.1962 0.5202 -0.8312
vn 0.1960 0.4681 -0.8616
vn 0.1961 0.4681 -0.8616
vn 0.1962 0.4016 -0.8945
vn 0.3202 0.3720 -0.8712
vn 0.1962 0.3591 -0.9124
vn 0.1961 0.2987 -0.9340
vn 0.1960 0.2987 -0.9340
vn 0.1962 0.2310 -0.9530
vn 0.3257 0.2021 -0.9236
vn 0.1962 0.1859 -0.9628
vn 0.1960 0.1187 -0.9734
vn 0.1961 0.0364 -0.9799
vn 0.2840 0.0261 -0.9585
vn 0.1962 -0.0097 -0.9805
vn 0.1960 -0.0655 -0.9784
vn 0.1961 -0.0655 -0.9784
vn 0.1961 -0.1571 -0.9679
vn 0.1960 -0.2474 -0.9489
vn 0.1961 -0.3319 -0.9227
vn 0.2360 -0.3324 -0.9131
vn 0.1963 -0.3748 -0.9061
vn 0.1960 -0.4205 -0.8859
vn 0.1961 -0.4960 -0.8459
vn 0.2631 -0.4938 -0.8288
vn 0.1962 -0.5352 -0.8216
vn 0.1960 -0.5788 -0.7916
vn 0.1961 -0.6432 -0.7402
vn 0.2852 -0.6359 -0.7171
vn 0.1963 -0.6772 -0.7091
vn 0.1961 -0.7166 -0.6693
vn 0.1960 -0.7166 -0.6693
vn 0.1962 -0.7683 -0.6092
vn 0.3022 -0.7547 -0.5823
vn 0.1962 -0.7961 -0.5724
vn 0.1962 -0.8624 -0.4667
vn 0.1548 -0.8713 -0.4657
vn 0.5231 -0.7520 -0.4010
vn 0.5563 -0.7367 -0.3845
vn 0.5565 -0.7211 -0.4127
vn 0.5231 -0.7189 -0.4576
vn 0.1960 -0.8292 -0.5234
vn 0.5561 -0.7028 -0.4436
vn 0.5561 -0.6580 -0.5077
vn 0.5561 -0.6074 -0.5673
vn 0.5561 -0.5514 -0.6218
vn 0.5565 -0.5103 -0.6557
vn 0.4545 -0.5258 -0.7190
vn 0.5564 -0.4790 -0.6790
vn 0.5561 -0.4253 -0.7140
vn 0.5561 -0.3564 -0.7508
vn 0.5561 -0.2843 -0.7810
vn 0.5561 -0.2096 -0.8042
vn 0.5561 -0.2097 -0.8042
vn 0.5561 -0.1332 -0.8204
vn 0.5561 -0.0555 -0.8292
vn 0.5561 0.0226 -0.8308
vn 0.5561 0.1006 -0.8250
vn 0.5561 0.1776 -0.8119
vn 0.5561 0.1777 -0.8119
vn 0.5561 0.2531 -0.7916
vn 0.5561 0.3264 -0.7643
vn 0.5561 0.3967 -0.7303
vn 0.5561 0.3968 -0.7303
vn 0.5561 0.4636 -0.6898
vn 0.5561 0.5264 -0.6432
vn 0.5561 0.5844 -0.5909
vn 0.5561 0.5845 -0.5909
vn 0.5561 0.6374 -0.5334
vn 0.5561 0.6374 -0.5333
vn 0.5561 0.6847 -0.4711
vn 0.5561 0.7259 -0.4047
vn 0.5561 0.7607 -0.3347
vn 0.5566 0.7781 -0.2913
vn 0.5555 0.7785 -0.2920
vn -0.2119 -0.6910 0.6910
vn -1.0000 -0.0000 -0.0001
vn -1.0000 0.0001 -0.0002
vn -1.0000 -0.0000 -0.0002
vn -0.1874 0.1675 -0.9679
vn -0.0627 0.1764 -0.9823
vn -0.0000 0.4043 -0.9146
vn -0.0003 0.3967 -0.9180
vn -0.0009 0.3879 -0.9217
vn -0.0033 0.3715 -0.9284
vn -0.0088 0.3564 -0.9343
vn -0.0148 0.3447 -0.9386
vn -0.0297 0.3252 -0.9452
vn -0.0544 0.3095 -0.9493
vn -0.0272 0.3222 -0.9463
vn 0.0006 0.2444 -0.9697
vn -0.0013 0.2060 -0.9785
vn -0.0014 0.8927 -0.4506
vn -0.0020 0.8926 -0.4507
vn 0.0040 0.8897 -0.4565
vn -0.0206 0.8855 -0.4641
vn -0.0000 0.8933 -0.4495
vn -0.0005 0.8879 -0.4600
vn -0.0045 0.8639 -0.5037
vn -0.0000 0.8581 -0.5134
vn -0.0000 0.8013 -0.5983
vn -0.0151 0.7727 -0.6346
vn -0.0000 0.7426 -0.6697
vn -0.0000 0.6775 -0.7355
vn -0.0151 0.6427 -0.7659
vn -0.0000 0.6067 -0.7949
vn -0.0000 0.5307 -0.8476
vn -0.0151 0.4909 -0.8711
vn -0.0076 0.4706 -0.8823
vn -0.0000 0.4294 -0.9031
vn 0.9844 0.1758 -0.0000
vn 0.9839 0.1785 0.0004
vn 0.8849 0.4658 -0.0003
vn 0.9194 0.3933 0.0076
vn 0.7672 0.6413 -0.0098
vn 0.8144 0.5802 -0.0000
vn 0.6539 0.7566 -0.0000
vn 0.5905 0.8070 0.0047
vn 0.4665 0.8845 -0.0045
vn 0.1821 0.9832 0.0136
vn 0.2370 0.9715 -0.0000
vn -0.0000 -0.7068 0.7074
vn 0.0001 -0.7071 0.7071
vn -0.0011 -0.7066 0.7076
vn 0.0006 -0.7070 0.7072
vn -0.8877 -0.4604 -0.0000
vn -0.8871 -0.4616 -0.0030
vn -0.8158 -0.5784 0.0028
vn -0.8147 -0.5799 -0.0014
vn -0.7283 -0.6853 0.0009
vn -0.7264 -0.6873 -0.0056
vn -0.6250 -0.7806 0.0051
vn -0.6221 -0.7829 -0.0032
vn -0.5425 -0.8401 0.0014
vn -0.4894 -0.8708 -0.0466
vn -0.5067 -0.8621 -0.0054
vn -0.3846 -0.9230 0.0052
vn -0.3812 -0.9245 -0.0019
vn -0.2536 -0.9673 0.0018
vn -0.2538 -0.9672 0.0022
vn -0.1865 -0.9825 -0.0001
vn -0.1192 -0.9929 0.0023
vn -0.1157 -0.9933 -0.0031
vn 0.0157 -0.9999 0.0030
vn 0.0184 -0.9998 -0.0007
vn 0.1490 -0.9888 0.0007
vn 0.1486 -0.9889 0.0012
vn 0.2526 -0.9676 -0.0009
vn 0.6200 -0.7845 -0.0053
vn 0.5631 -0.8264 0.0029
vn 0.5294 -0.8480 -0.0238
vn 0.4749 -0.8797 0.0255
vn 0.4124 -0.9107 -0.0236
vn 0.3837 -0.9235 -0.0006
vn 0.2812 -0.9596 0.0006
vn 0.3272 -0.9428 -0.0636
vn 0.2515 -0.9679 -0.0000
vn 0.6381 -0.7696 -0.0242
vn 0.6901 -0.7234 0.0197
vn 0.6957 -0.7178 0.0280
vn 0.7421 -0.6702 -0.0161
vn 0.7670 -0.6417 0.0037
vn 0.8120 -0.5835 -0.0110
vn 0.8209 -0.5704 -0.0259
vn 0.8681 -0.4957 0.0252
vn 0.8937 -0.4479 -0.0264
vn 0.9290 -0.3693 0.0259
vn 0.9474 -0.3189 -0.0257
vn 0.9606 -0.2779 -0.0000
vn -0.0000 -0.0000 -1.0000
vn -0.0046 -0.4076 -0.9132
vn -0.0791 -0.3030 -0.9497
vn -0.0560 -0.3135 -0.9479
vn -0.0306 -0.3300 -0.9435
vn -0.0165 -0.3478 -0.9374
vn -0.0109 -0.3578 -0.9337
vn -0.0048 -0.3720 -0.9282
vn -0.0016 -0.3887 -0.9214
vn -0.0075 -0.3268 -0.9450
vn 0.0021 -0.2143 -0.9768
vn -0.0000 -0.2169 -0.9762
vn -0.0000 -0.4036 -0.9149
vn -0.0000 -0.4691 -0.8831
vn -0.0150 -0.5000 -0.8659
vn -0.0156 -0.6551 -0.7554
vn -0.0000 -0.6964 -0.7176
vn -0.0159 -0.7864 -0.6175
vn -0.0000 -0.8514 -0.5245
vn 0.0039 -0.8667 -0.4987
vn -0.0100 -0.8974 -0.4410
vn -0.0160 -0.9597 -0.2804
vn -0.0157 -0.9955 -0.0934
vn -0.0152 -0.9952 0.0970
vn -0.0144 -0.9588 0.2839
vn -0.0135 -0.8876 0.4605
vn -0.0000 -0.8177 0.5756
vn -0.0041 -0.8261 0.5635
vn 0.0074 -0.7592 0.6508
vn -0.0109 -0.6524 0.7578
vn -0.0093 -0.4970 0.8677
vn -0.0000 -0.4823 0.8760
vn -0.0075 -0.3235 0.9462
vn -0.0000 -0.0217 0.9998
vn -0.0000 -0.1294 0.9916
vn -0.0055 -0.1383 0.9904
vn 0.0228 -0.0169 -0.9996
vn 0.1708 -0.1248 -0.9774
vn 0.0001 -0.1206 -0.9927
vn 0.0001 -0.0268 -0.9996
vn 0.1470 -0.3049 -0.9410
vn -0.0000 -0.3033 -0.9529
vn -0.0000 -0.2125 -0.9772
vn 0.1224 -0.4755 -0.8711
vn -0.0000 -0.4754 -0.8798
vn -0.0000 -0.3906 -0.9206
vn -0.1040 -0.7617 -0.6396
vn 0.0729 -0.6489 -0.7574
vn 0.4927 -0.5512 -0.6734
vn -0.0000 -0.5799 -0.8147
vn -0.0000 -0.5552 -0.8317
vn -0.0068 -0.8567 -0.5157
vn -0.0000 -0.9010 -0.4338
vn 0.0165 -0.8985 -0.4387
vn 0.0189 -0.8982 -0.4392
vn 0.5486 -0.7288 -0.4097
vn -0.0462 -0.8523 -0.5210
vn 0.0753 -0.7599 -0.6456
vn -0.0000 -0.8717 -0.4901
vn -0.0000 -0.7658 -0.6431
vn -0.0000 -0.6334 -0.7738
vn -0.0000 -0.5205 -0.8539
vn 0.0053 -0.4791 -0.8777
vn -0.0000 -0.4388 -0.8986
vn -0.0000 -0.3082 -0.9513
vn -0.0000 -0.1267 -0.9919
vn -0.0000 -0.0169 -0.9999
vn -0.0821 -0.2400 0.9673
vn -0.0169 -0.2620 0.9649
vn 0.0099 -0.4131 0.9106
vn 0.0196 -0.3951 0.9184
vn 0.0051 -0.4277 0.9039
vn 0.0021 -0.4415 0.8973
vn 0.0008 -0.4503 0.8929
vn -0.0044 -0.4315 0.9021
vn -0.0032 -0.4373 0.8993
vn -0.0089 -0.4176 0.9086
vn -0.0187 -0.3993 0.9166
vn -0.0228 -0.3949 0.9184
vn -0.0042 -0.3444 0.9388
vn 0.0022 -0.2949 0.9555
vn 0.0700 -0.2285 0.9710
vn 0.1524 -0.2155 0.9645
vn -0.0636 -0.1183 0.9909
vn 0.0151 -0.2578 0.9661
vn -0.0003 -0.2925 0.9563
vn -0.0000 -0.3951 0.9187
vn 0.0561 -0.3625 0.9303
vn 0.0381 -0.3743 0.9265
vn -0.0000 -0.8221 0.5694
vn -0.0000 -0.7024 0.7118
vn -0.0000 -0.5584 0.8296
vn -0.0000 -0.4562 0.8899
vn -0.0021 -0.4425 0.8968
vn -0.0000 -0.9202 0.3915
vn -0.0000 -0.9474 -0.3201
vn -0.0000 -0.9903 -0.1391
vn -0.0000 -0.9989 0.0468
vn -0.0000 -0.9730 0.2310
vn -0.0032 -0.9133 0.4072
vn -0.0000 -0.8797 0.4754
vn 0.0171 0.2558 0.9666
vn 0.0745 0.2275 0.9709
vn 0.1557 0.2154 0.9640
vn -0.0590 0.1183 0.9912
vn -0.0091 0.4170 0.9088
vn -0.0044 0.4316 0.9021
vn -0.0020 0.4427 0.8967
vn 0.0023 0.4403 0.8979
vn 0.0048 0.4288 0.9034
vn 0.0096 0.4138 0.9103
vn 0.0194 0.3953 0.9184
vn 0.0283 0.3853 0.9224
vn 0.0193 0.3950 0.9185
vn 0.0013 0.3335 0.9427
vn -0.0012 0.2911 0.9567
vn -0.0840 0.2399 0.9672
vn -0.0175 0.2615 0.9651
vn 0.0020 0.2944 0.9557
vn -0.0091 0.3950 0.9186
vn -0.0384 0.3789 0.9247
vn -0.0190 0.3989 0.9168
vn -0.0000 0.0169 -0.9999
vn -0.0000 0.1267 -0.9919
vn -0.0000 0.3083 -0.9513
vn -0.0000 0.3082 -0.9513
vn -0.0000 0.4388 -0.8986
vn 0.0053 0.4791 -0.8777
vn -0.0000 0.5205 -0.8539
vn -0.0000 0.6334 -0.7738
vn -0.0000 0.7658 -0.6431
vn -0.0000 0.8717 -0.4901
vn -0.0000 0.9474 -0.3201
vn -0.0000 0.9903 -0.1391
vn -0.0000 0.9989 0.0468
vn -0.0000 0.9730 0.2310
vn -0.0000 0.9133 0.4072
vn -0.0000 0.8221 0.5694
vn -0.0000 0.7024 0.7118
vn -0.0000 0.5584 0.8296
vn -0.0000 0.4558 0.8901
vn 0.0004 0.4529 0.8916
vt 0.530504 0.443410
vt 0.829363 0.436061
vt 0.832037 0.256809
vt 0.886503 0.436061
vt 0.760529 0.621480
vt 0.760529 0.352445
vt 0.814895 0.621063
vt 0.814287 0.531308
vt 0.889109 0.516875
vt 0.886220 0.516338
vt 0.889094 0.509831
vt 0.886220 0.507246
vt 0.866640 0.498497
vt 0.864401 0.497996
vt 0.866144 0.451545
vt 0.862536 0.498258
vt 0.861699 0.498626
vt 0.680301 0.546352
vt 0.667796 0.554260
vt 0.667796 0.534711
vt 0.864391 0.500659
vt 0.879820 0.516306
vt 0.861699 0.537229
vt 0.877523 0.546865
vt 0.728947 0.366022
vt 0.739288 0.375919
vt 0.728947 0.388871
vt 0.835740 0.545321
vt 0.851992 0.560801
vt 0.835047 0.584445
vt 0.851403 0.591967
vt 0.849515 0.502510
vt 0.865872 0.510032
vt 0.849038 0.525357
vt 0.865509 0.527121
vt 0.865191 0.541079
vt 0.848498 0.548516
vt 0.864943 0.551401
vt 0.848065 0.565545
vt 0.864423 0.571756
vt 0.847495 0.586263
vt 0.863891 0.590976
vt 0.861963 0.374197
vt 0.878360 0.378911
vt 0.878042 0.389747
vt 0.861699 0.389747
vt 0.878971 0.398789
vt 0.865989 0.431697
vt 0.881710 0.429827
vt 0.881943 0.452378
vt 0.881644 0.460984
vt 0.871869 0.500659
vt 0.713953 0.386748
vt 0.711884 0.426500
vt 0.711884 0.366044
vt 0.713904 0.366022
vt 0.879875 0.500659
vt 0.881943 0.523502
vt 0.879875 0.563710
vt 0.833027 0.584406
vt 0.871682 0.524936
vt 0.871805 0.540185
vt 0.545854 0.498975
vt 0.740717 0.474183
vt 0.618658 0.458751
vt 0.618728 0.457781
vt 0.875787 0.434380
vt 0.685448 0.410315
vt 0.883838 0.387411
vt 0.695543 0.350346
vt 0.869370 0.599477
vt 0.681074 0.562412
vt 0.871413 0.586476
vt 0.808717 0.480443
vt 0.618378 0.456379
vt 0.815975 0.429683
vt 0.878671 0.535716
vt 0.689827 0.500124
vt 0.627131 0.394091
vt 0.817469 0.418155
vt 0.823603 0.365242
vt 0.886299 0.471274
vt 0.696949 0.437571
vt 0.809135 0.577307
vt 0.619785 0.543604
vt 0.810123 0.567668
vt 0.884871 0.517329
vt 0.883414 0.545327
vt 0.869836 0.543610
vt 0.814824 0.514433
vt 0.891989 0.562629
vt 0.696949 0.591801
vt 0.702135 0.532019
vt 0.624971 0.483822
vt 0.815380 0.506916
vt 0.931126 0.540654
vt 0.740717 0.517560
vt 0.618728 0.501158
vt 0.868430 0.564752
vt 0.556032 0.525256
vt 0.932532 0.519512
vt 0.621946 0.444209
vt 0.559250 0.468307
vt 0.871775 0.548526
vt 0.871379 0.571865
vt 0.623018 0.392942
vt 0.948544 0.465832
vt 0.544781 0.550242
vt 0.870732 0.591451
vt 0.870403 0.599264
vt 0.871097 0.504552
vt 0.948261 0.398519
vt 0.621910 0.349050
vt 0.544746 0.455083
vt 0.870696 0.496291
vt 0.734205 0.545166
vt 0.745866 0.548198
vt 0.607442 0.561115
vt 0.604190 0.482667
vt 0.720194 0.497474
vt 0.607442 0.517738
vt 0.720194 0.540851
vt 0.726830 0.542985
vt 0.764735 0.552003
vt 0.774466 0.553420
vt 0.933391 0.602324
vt 0.711770 0.447387
vt 0.720888 0.448374
vt 0.739200 0.449335
vt 0.764505 0.448350
vt 0.867444 0.461220
vt 0.756897 0.448937
vt 0.868659 0.470920
vt 0.751214 0.449211
vt 0.870145 0.487542
vt 0.773834 0.447277
vt 0.786480 0.445167
vt 0.744124 0.574722
vt 0.699420 0.552671
vt 0.703352 0.552308
vt 0.792393 0.373666
vt 0.801313 0.408158
vt 0.790430 0.372302
vt 0.789706 0.410431
vt 0.779228 0.362667
vt 0.777809 0.412618
vt 0.777809 0.361203
vt 0.739288 0.366022
vt 0.743985 0.421111
vt 0.739288 0.424151
vt 0.761412 0.377189
vt 0.753276 0.428944
vt 0.753276 0.366022
vt 0.722953 0.550029
vt 0.801369 0.378779
vt 0.830308 0.401887
vt 0.801369 0.401887
vt 0.829135 0.397003
vt 0.824971 0.380099
vt 0.804983 0.389411
vt 0.805782 0.376495
vt 0.820261 0.361203
vt 0.804048 0.562327
vt 0.813244 0.568052
vt 0.737731 0.574907
vt 0.827746 0.574907
vt 0.837817 0.364089
vt 0.840456 0.362841
vt 0.840456 0.435932
vt 0.604190 0.526045
vt 0.696364 0.531880
vt 0.708288 0.536622
vt 0.776369 0.517968
vt 0.778859 0.530108
vt 0.741707 0.546672
vt 0.783506 0.540577
vt 0.784608 0.542418
vt 0.790927 0.550804
vt 0.804403 0.522573
vt 0.853623 0.526706
vt 0.800427 0.550808
vt 0.800900 0.560010
vt 0.808884 0.484614
vt 0.839065 0.493869
vt 0.809526 0.478750
vt 0.746830 0.502848
vt 0.776497 0.505017
vt 0.734905 0.560649
vt 0.736933 0.540412
vt 0.777960 0.545618
vt 0.840456 0.403864
vt 0.840456 0.362841
vt 0.841797 0.363545
vt 0.707278 0.405692
vt 0.707278 0.366022
vt 0.709707 0.370619
vt 0.851716 0.463294
vt 0.816369 0.458770
vt 0.832308 0.457868
vt 0.855317 0.456567
vt 0.762029 0.586952
vt 0.732362 0.584783
vt 0.764796 0.573361
vt 0.841960 0.467328
vt 0.812069 0.454616
vt 0.770204 0.559356
vt 0.860782 0.549878
vt 0.858827 0.494254
vt 0.866959 0.555868
vt 0.858827 0.612300
vt 0.877485 0.462377
vt 0.883822 0.467832
vt 0.877485 0.524831
vt 0.882762 0.531007
vt 0.667796 0.597160
vt 0.661511 0.592385
vt 0.667796 0.534711
vt 0.879820 0.546845
vt 0.881943 0.507246
vt 0.884231 0.507341
vt 0.881943 0.538563
vt 0.867475 0.541319
vt 0.866704 0.572128
vt 0.825732 0.413214
vt 0.827211 0.393221
vt 0.828348 0.421430
vt 0.771182 0.362656
vt 0.773478 0.363317
vt 0.773478 0.390217
vt 0.771182 0.389440
vt 0.755148 0.583634
vt 0.756714 0.574722
vt 0.756714 0.584794
vt 0.831013 0.421528
vt 0.829874 0.393276
vt 0.825924 0.363915
vt 0.828585 0.363925
vt 0.814117 0.575991
vt 0.810029 0.545815
vt 0.812688 0.545780
vt 0.811132 0.514954
vt 0.808475 0.515035
vt 0.806805 0.483891
vt 0.796663 0.596888
vt 0.792337 0.565825
vt 0.794991 0.565697
vt 0.692085 0.565975
vt 0.689435 0.565766
vt 0.692085 0.534711
vt 0.848097 0.498539
vt 0.830325 0.508383
vt 0.752710 0.499309
vt 0.825177 0.511824
vt 0.815046 0.519480
vt 0.811105 0.522812
vt 0.801114 0.532290
vt 0.795381 0.538524
vt 0.778153 0.562600
vt 0.755143 0.563901
vt 0.788500 0.546982
vt 0.865664 0.440949
vt 0.831993 0.448451
vt 0.754828 0.554483
vt 0.872546 0.432491
vt 0.710268 0.548386
vt 0.818590 0.545321
vt 0.712258 0.578504
vt 0.822308 0.603154
vt 0.726727 0.496569
vt 0.836776 0.521219
vt 0.728660 0.527333
vt 0.837004 0.524937
vt 0.730522 0.558493
vt 0.840412 0.583682
vt 0.732295 0.589795
vt 0.746764 0.377730
vt 0.854880 0.371616
vt 0.855116 0.375907
vt 0.748436 0.408921
vt 0.858109 0.433634
vt 0.749992 0.439747
vt 0.751421 0.469958
vt 0.858338 0.438349
vt 0.860827 0.493221
vt 0.652241 0.391013
vt 0.670919 0.391014
vt 0.652228 0.604052
vt 0.671484 0.604584
vt 0.671484 0.647961
vt 0.670919 0.434391
vt 0.690446 0.649518
vt 0.710713 0.434388
vt 0.707606 0.651811
vt 0.760520 0.578088
vt 0.756230 0.576959
vt 0.760529 0.352445
vt 0.746061 0.434380
vt 0.741762 0.658894
vt 0.725183 0.655035
vt 0.710708 0.652316
vt 0.663795 0.516442
vt 0.695050 0.294000
vt 0.674474 0.521897
vt 0.674474 0.676127
vt 0.695050 0.448230
vt 0.728833 0.455111
vt 0.688943 0.464061
vt 0.743301 0.243046
vt 0.705118 0.471596
vt 0.741298 0.485149
vt 0.734662 0.483015
vt 0.782092 0.249607
vt 0.722756 0.478786
vt 0.767624 0.461673
vt 0.708288 0.690852
vt 0.710832 0.474044
vt 0.808229 0.313145
vt 0.808229 0.467375
vt 0.745866 0.702427
vt 0.760334 0.490362
vt 0.748674 0.487330
vt 0.742428 0.661003
vt 0.736746 0.661276
vt 0.770140 0.423550
vt 0.724732 0.661401
vt 0.731065 0.419178
vt 0.801896 0.555368
vt 0.783584 0.554407
vt 0.910731 0.484833
vt 0.906799 0.485196
vt 0.919410 0.256924
vt 0.891918 0.486202
vt 0.904942 0.468989
vt 0.877450 0.698268
vt 0.867475 0.463386
vt 0.881943 0.251321
vt 0.881943 0.486482
vt 0.750037 0.660415
vt 0.748873 0.625690
vt 0.728711 0.629006
vt 0.738177 0.409612
vt 0.726024 0.629425
vt 0.697563 0.406333
vt 0.708485 0.631963
vt 0.688884 0.634243
vt 0.868032 0.461788
vt 0.842512 0.672873
vt 0.827746 0.458478
vt 0.842215 0.246412
vt 0.856980 0.460807
vt 0.842215 0.462377
vt 0.834779 0.427543
vt 0.836075 0.458366
vt 0.812726 0.480698
vt 0.837817 0.476328
vt 0.842215 0.462377
vt 0.867591 0.463990
vt 0.842215 0.512587
vt 0.866943 0.492640
vt 0.809338 0.427710
vt 0.809361 0.417903
vt 0.837817 0.371305
vt 0.813223 0.362841
vt 0.823348 0.583371
vt 0.798754 0.574907
vt 0.821984 0.580513
vt 0.761412 0.366022
vt 0.774997 0.388125
vt 0.761412 0.406357
vt 0.718045 0.357876
vt 0.689604 0.642047
vt 0.676924 0.639093
vt 0.703576 0.439810
vt 0.662456 0.721027
vt 0.690653 0.439288
vt 0.690653 0.395911
vt 0.662456 0.677650
vt 0.636474 0.662904
vt 0.662456 0.403301
vt 0.702527 0.642569
vt 0.688059 0.724504
vt 0.716256 0.442764
vt 0.742238 0.457510
vt 0.753686 0.643293
vt 0.745608 0.604663
vt 0.790802 0.460385
vt 0.801901 0.472375
vt 0.801901 0.513277
vt 0.793823 0.553083
vt 0.763865 0.482501
vt 0.779355 0.515678
vt 0.793823 0.433744
vt 0.730724 0.635179
vt 0.756706 0.616652
vt 0.787432 0.554309
vt 0.779355 0.635018
vt 0.778333 0.588514
vt 0.636474 0.421828
vt 0.805270 0.378451
vt 0.805270 0.619527
vt 0.783644 0.594536
vt 0.768154 0.561359
vt 0.745608 0.563760
vt 0.753686 0.523954
vt 0.769175 0.488523
vt 0.886220 0.525560
vt 0.884231 0.507457
vt 0.886220 0.507246
vt 0.840199 0.495819
vt 0.837817 0.464902
vt 0.840199 0.435932
vt 0.711884 0.392357
vt 0.709707 0.420838
vt 0.709707 0.366022
vt 0.711706 0.366091
vt 0.842196 0.435932
vt 0.842196 0.465194
vt 0.840199 0.465081
vt 0.787298 0.643145
vt 0.768340 0.644729
vt 0.748872 0.429560
vt 0.787968 0.429569
vt 0.632969 0.604588
vt 0.633639 0.391011
vt 0.816786 0.485774
vt 0.830364 0.487491
vt 0.828166 0.524230
vt 0.834713 0.500536
vt 0.744132 0.408736
vt 0.752943 0.410448
vt 0.753276 0.419067
vt 0.728947 0.397115
vt 0.723064 0.375030
vt 0.728947 0.366022
vt 0.714479 0.578088
vt 0.708596 0.587095
vt 0.708112 0.584679
vt 0.882475 0.401326
vt 0.873295 0.384765
vt 0.881969 0.380584
vt 0.874210 0.358728
vt 0.867500 0.592649
vt 0.859742 0.570794
vt 0.869785 0.556542
vt 0.861442 0.554262
vt 0.777809 0.362656
vt 0.777809 0.383148
vt 0.773478 0.373996
vt 0.862812 0.494254
vt 0.859792 0.467069
vt 0.868007 0.459162
vt 0.874261 0.409233
vt 0.873588 0.397584
vt 0.869785 0.480235
vt 0.713953 0.366022
vt 0.722580 0.374914
vt 0.713953 0.385441
vt 0.877485 0.462377
vt 0.876303 0.484218
vt 0.867591 0.482489
vt 0.876303 0.506400
vt 0.867655 0.510431
vt 0.877485 0.528824
vt 0.869024 0.532977
vt 0.743985 0.377819
vt 0.752793 0.580541
vt 0.753669 0.574722
vt 0.755148 0.580541
vt 0.878068 0.497232
vt 0.873295 0.497798
vt 0.878052 0.411185
vt 0.873295 0.400234
vt 0.575574 0.278452
vt 0.884135 0.432974
vt 0.820999 0.434468
vt 0.535264 0.447564
vt 0.911021 0.637723
vt 0.561105 0.490517
vt 0.406777 0.451960
vt 0.756693 0.599166
vt 0.723892 0.605390
vt 0.892689 0.431881
vt 0.779171 0.574064
vt 0.781711 0.592163
vt 0.347239 0.291530
vt 0.501567 0.286711
vt 0.911021 0.594346
vt 0.512931 0.347023
vt 0.535264 0.404187
vt 0.758632 0.424512
vt 0.744163 0.636578
vt 0.684624 0.615500
vt 0.561105 0.447140
vt 0.684624 0.572123
vt 0.629875 0.540618
vt 0.528414 0.330799
vt 0.583573 0.303953
vt 0.803284 0.925901
vt 0.581724 0.499727
vt 0.541759 0.450798
vt 0.506390 0.450579
vt 0.506390 0.389207
vt 0.938322 0.733114
vt 0.972081 0.752392
vt 0.540149 0.408486
vt 0.551513 0.348177
vt 0.573846 0.291020
vt 0.606377 0.238993
vt 0.647978 0.193896
vt 0.957613 0.964458
vt 0.633510 0.405962
vt 0.682742 0.369357
vt 0.583573 0.347330
vt 0.642750 0.331172
vt 0.803284 0.969278
vt 0.653782 0.329432
vt 0.779171 0.771671
vt 0.629668 0.131825
vt 0.787286 0.768866
vt 0.811400 0.966473
vt 0.668127 0.327738
vt 0.731588 0.327789
vt 0.793866 0.340002
vt 0.748704 0.860440
vt 0.731170 0.233970
vt 0.789958 0.257893
vt 0.843077 0.292641
vt 0.771210 0.364610
vt 0.772986 0.428076
vt 0.707180 0.604291
vt 0.762577 0.490706
vt 0.668598 0.618750
vt 0.723995 0.505165
vt 0.701785 0.564638
vt 0.888560 0.336925
vt 0.924722 0.389105
vt 0.710122 0.720669
vt 0.886140 0.249334
vt 0.767480 0.693510
vt 0.818573 0.655859
vt 0.861508 0.609111
vt 0.731812 0.244514
vt 0.757314 0.302658
vt 0.689435 0.537009
vt 0.686157 0.552370
vt 0.680301 0.534711
vt 0.680301 0.557181
vt 0.697811 0.436643
vt 0.745608 0.434468
vt 0.745608 0.468620
vt 0.501567 0.904585
vt 0.501567 0.604045
vt 0.561247 0.606105
vt 0.530504 0.610585
vt 0.590183 0.312105
vt 0.590183 0.612645
vt 0.561247 0.906645
vt 0.622546 0.606538
vt 0.651482 0.312538
vt 0.651482 0.613079
vt 0.637014 0.695014
vt 0.637014 0.394473
vt 0.697811 0.393266
vt 0.651482 0.656456
vt 0.712279 0.354709
vt 0.712279 0.655249
vt 0.697811 0.737184
s 0
usemtl Material.010
f 1/1/1 2/1/1 3/1/1
f 4/1/2 5/1/2 6/1/2
f 6/1/3 5/1/3 7/1/3
f 6/1/4 7/1/4 8/1/4
f 9/1/5 10/1/5 11/1/5
f 11/1/6 10/1/6 12/1/6
f 11/1/7 12/1/7 8/1/7
f 8/1/8 12/1/8 13/1/8
f 8/1/9 13/1/9 6/1/9
f 14/1/10 15/1/10 16/1/10
f 16/1/11 15/1/11 17/1/11
f 16/1/12 17/1/12 18/1/12
f 19/1/13 20/1/13 21/1/13
f 20/1/14 22/1/14 21/1/14
f 21/1/15 22/1/15 23/1/15
f 21/1/16 23/1/16 6/1/16
f 6/1/17 23/1/17 24/1/17
f 6/1/18 24/1/18 4/1/18
f 14/1/19 19/1/19 15/1/19
f 15/1/20 19/1/20 21/1/20
f 15/1/21 21/1/21 25/1/21
f 25/1/22 21/1/22 26/1/22
f 27/1/23 28/1/23 26/1/23
f 26/1/24 28/1/24 29/1/24
f 26/1/25 29/1/25 25/1/25
f 30/1/26 31/1/26 27/1/26
f 27/1/27 31/1/27 32/1/27
f 27/1/28 32/1/28 28/1/28
f 33/1/29 34/1/29 30/1/29
f 30/1/30 34/1/30 35/1/30
f 30/1/31 35/1/31 31/1/31
f 36/1/32 37/1/32 33/1/32
f 33/1/33 37/1/33 38/1/33
f 33/1/34 38/1/34 34/1/34
f 39/1/35 40/1/35 36/1/35
f 36/1/36 40/1/36 41/1/36
f 36/1/37 41/1/37 37/1/37
f 42/1/38 43/1/38 39/1/38
f 39/1/39 43/1/39 44/1/39
f 39/1/40 44/1/40 40/1/40
f 45/1/41 46/1/41 42/1/41
f 42/1/42 46/1/42 47/1/42
f 42/1/43 47/1/43 43/1/43
f 48/1/44 49/1/44 45/1/44
f 45/1/45 49/1/45 50/1/45
f 45/1/46 50/1/46 46/1/46
f 51/1/47 52/1/47 48/1/47
f 48/1/48 52/1/48 53/1/48
f 48/1/49 53/1/49 49/1/49
f 54/1/50 55/1/50 56/1/50
f 56/1/51 55/1/51 57/1/51
f 56/1/52 57/1/52 58/1/52
f 58/1/53 57/1/53 59/1/53
f 58/1/54 59/1/54 51/1/54
f 51/1/55 59/1/55 60/1/55
f 51/1/56 60/1/56 52/1/56
f 3/1/57 61/1/57 1/1/57
f 1/1/58 61/1/58 62/1/58
f 1/1/59 62/1/59 63/1/59
f 63/1/60 62/1/60 64/1/60
f 63/1/61 64/1/61 54/1/61
f 54/1/62 64/1/62 65/1/62
f 54/1/63 65/1/63 55/1/63
f 66/1/64 9/1/64 11/1/64
f 66/1/65 11/1/65 67/1/65
f 67/1/66 11/1/66 8/1/66
f 67/1/67 8/1/67 68/1/67
f 68/1/68 8/1/68 7/1/68
f 68/1/69 7/1/69 69/1/69
f 69/1/70 7/1/70 5/1/70
f 69/1/71 5/1/71 70/1/71
f 5/1/72 4/1/72 70/1/72
f 70/1/73 4/1/73 24/1/73
f 70/1/74 24/1/74 71/1/74
f 71/1/75 24/1/75 23/1/75
f 71/1/76 23/1/76 72/1/76
f 72/1/77 23/1/77 22/1/77
f 72/1/78 22/1/78 73/1/78
f 73/1/79 22/1/79 20/1/79
f 73/1/80 20/1/80 74/1/80
f 74/1/81 20/1/81 19/1/81
f 74/1/82 19/1/82 75/1/82
f 75/1/83 19/1/83 14/1/83
f 75/1/84 14/1/84 76/1/84
f 76/1/85 14/1/85 16/1/85
f 76/1/86 16/1/86 77/1/86
f 16/1/87 18/1/87 77/1/87
f 77/1/88 18/1/88 78/1/88
f 77/1/89 78/1/89 79/1/89
f 79/1/90 78/1/90 80/1/90
f 79/1/91 80/1/91 81/1/91
f 81/1/92 80/1/92 82/1/92
f 81/1/93 82/1/93 83/1/93
f 83/1/94 82/1/94 84/1/94
f 83/1/95 84/1/95 85/1/95
f 85/1/96 84/1/96 86/1/96
f 85/1/97 86/1/97 87/1/97
f 87/1/98 86/1/98 88/1/98
f 89/1/99 90/1/99 91/1/99
f 91/1/100 90/1/100 87/1/100
f 91/1/101 87/1/101 92/1/101
f 92/1/102 87/1/102 88/1/102
f 93/1/103 94/1/103 95/1/103
f 95/1/104 94/1/104 96/1/104
f 95/1/105 96/1/105 90/1/105
f 90/1/106 96/1/106 97/1/106
f 90/1/107 97/1/107 87/1/107
f 98/1/108 99/1/108 100/1/108
f 100/1/108 99/1/108 101/1/108
f 100/1/108 101/1/108 102/1/108
f 102/1/108 101/1/108 103/1/108
f 102/1/108 103/1/108 104/1/108
f 104/1/108 103/1/108 105/1/108
f 104/1/108 105/1/108 106/1/108
f 106/1/108 105/1/108 107/1/108
f 106/1/108 107/1/108 108/1/108
f 108/1/108 107/1/108 109/1/108
f 108/1/108 109/1/108 110/1/108
f 110/1/108 109/1/108 111/1/108
f 110/1/108 111/1/108 112/1/108
f 112/1/108 111/1/108 113/1/108
f 112/1/108 113/1/108 114/1/108
f 114/1/108 113/1/108 115/1/108
f 114/1/108 115/1/108 116/1/108
f 116/1/108 115/1/108 117/1/108
f 117/1/108 115/1/108 118/1/108
f 118/1/108 115/1/108 119/1/108
f 118/1/108 119/1/108 120/1/108
f 120/1/108 119/1/108 121/1/108
f 120/1/108 121/1/108 122/1/108
f 122/1/108 121/1/108 123/1/108
f 122/1/108 123/1/108 124/1/108
f 124/1/108 123/1/108 125/1/108
f 124/1/108 125/1/108 126/1/108
f 126/1/108 125/1/108 127/1/108
f 127/1/108 125/1/108 128/1/108
f 127/1/108 128/1/108 129/1/108
f 129/1/108 128/1/108 130/1/108
f 129/1/108 130/1/108 131/1/108
f 132/1/109 133/1/109 118/1/109
f 134/1/110 135/1/110 136/1/110
f 3/1/111 2/1/111 137/1/111
f 138/1/112 139/1/112 140/1/112
f 141/1/113 104/1/113 142/1/113
f 142/1/114 104/1/114 106/1/114
f 142/2/115 106/3/115 143/4/115
f 143/1/115 106/1/115 108/1/115
f 143/1/116 108/1/116 144/1/116
f 144/1/116 108/1/116 110/1/116
f 144/1/117 110/1/117 145/1/117
f 145/1/117 110/1/117 112/1/117
f 145/1/118 112/1/118 136/1/118
f 136/1/118 112/1/118 114/1/118
f 118/1/119 133/1/119 117/1/119
f 117/1/120 133/1/120 146/1/120
f 117/1/121 146/1/121 116/1/121
f 116/1/122 146/1/122 114/1/122
f 114/1/123 146/1/123 147/1/123
f 114/1/124 147/1/124 136/1/124
f 136/1/125 147/1/125 148/1/125
f 136/1/126 148/1/126 134/1/126
f 132/1/127 118/1/127 149/1/127
f 149/1/128 118/1/128 120/1/128
f 149/1/129 120/1/129 150/1/129
f 150/1/130 120/1/130 151/1/130
f 151/1/131 120/1/131 122/1/131
f 151/1/132 122/1/132 152/1/132
f 152/1/133 122/1/133 153/1/133
f 153/1/134 122/1/134 124/1/134
f 153/1/135 124/1/135 154/1/135
f 154/1/136 124/1/136 155/1/136
f 154/1/137 155/1/137 156/1/137
f 156/1/138 157/1/138 154/1/138
f 154/1/139 157/1/139 158/1/139
f 154/1/140 158/1/140 159/1/140
f 159/1/141 158/1/141 160/1/141
f 161/1/142 162/1/142 127/1/142
f 161/1/143 127/1/143 163/1/143
f 163/1/144 127/1/144 129/1/144
f 163/1/145 129/1/145 131/1/145
f 162/1/146 164/1/146 127/1/146
f 127/1/147 164/1/147 165/1/147
f 127/1/148 165/1/148 126/1/148
f 126/1/149 165/1/149 166/1/149
f 126/1/150 166/1/150 124/1/150
f 124/1/151 166/1/151 167/1/151
f 124/1/152 167/1/152 155/1/152
f 168/1/111 3/1/111 169/1/111
f 169/1/111 3/1/111 137/1/111
f 169/1/153 137/1/153 170/1/153
f 170/1/153 137/1/153 171/1/153
f 170/1/154 171/1/154 172/1/154
f 171/1/154 173/1/154 172/1/154
f 172/1/155 173/1/155 98/1/155
f 172/1/156 98/1/156 174/1/156
f 174/1/157 98/1/157 100/1/157
f 174/1/158 100/1/158 175/1/158
f 175/1/158 100/1/158 102/1/158
f 175/1/159 102/1/159 176/1/159
f 176/1/159 102/1/159 104/1/159
f 176/5/160 104/6/160 140/7/160
f 140/7/161 104/6/161 141/8/161
f 140/1/162 141/1/162 138/1/162
f 177/1/163 178/1/163 89/1/163
f 89/1/164 178/1/164 90/1/164
f 90/1/165 178/1/165 95/1/165
f 95/1/166 178/1/166 93/1/166
f 179/1/167 180/1/167 181/1/167
f 182/9/168 183/10/168 184/11/168
f 184/11/169 183/10/169 179/12/169
f 184/1/170 179/1/170 185/1/170
f 185/1/171 179/1/171 181/1/171
f 186/1/172 187/1/172 188/1/172
f 189/1/173 190/1/173 191/1/173
f 189/1/174 191/1/174 192/1/174
f 192/1/175 191/1/175 193/1/175
f 192/1/176 193/1/176 194/1/176
f 194/1/177 193/1/177 195/1/177
f 194/1/178 195/1/178 196/1/178
f 197/1/179 198/1/179 199/1/179
f 190/1/180 189/1/180 199/1/180
f 199/1/181 189/1/181 200/1/181
f 199/1/182 200/1/182 197/1/182
f 201/1/183 202/1/183 203/1/183
f 198/1/184 197/1/184 203/1/184
f 203/1/185 197/1/185 204/1/185
f 203/1/186 204/1/186 201/1/186
f 205/1/187 206/1/187 207/1/187
f 202/1/188 201/1/188 207/1/188
f 207/1/189 201/1/189 208/1/189
f 207/1/190 208/1/190 205/1/190
f 209/13/191 210/14/191 211/15/191
f 211/15/192 210/14/192 212/16/192
f 211/15/193 212/16/193 213/17/193
f 214/1/194 183/1/194 215/1/194
f 215/1/195 216/1/195 214/1/195
f 214/1/196 216/1/196 217/1/196
f 214/1/197 217/1/197 218/1/197
f 196/1/198 195/1/198 219/1/198
f 219/1/199 195/1/199 220/1/199
f 219/1/200 220/1/200 218/1/200
f 218/1/201 220/1/201 180/1/201
f 218/1/202 180/1/202 214/1/202
f 221/1/203 222/1/203 187/1/203
f 187/1/204 222/1/204 223/1/204
f 187/1/205 223/1/205 188/1/205
f 206/1/206 205/1/206 224/1/206
f 224/1/207 205/1/207 225/1/207
f 224/1/208 225/1/208 226/1/208
f 226/1/209 225/1/209 227/1/209
f 226/1/210 227/1/210 228/1/210
f 228/1/211 227/1/211 229/1/211
f 228/1/212 229/1/212 230/1/212
f 230/1/213 229/1/213 231/1/213
f 230/1/214 231/1/214 232/1/214
f 232/1/215 231/1/215 233/1/215
f 232/1/216 233/1/216 234/1/216
f 234/1/217 233/1/217 235/1/217
f 234/1/218 235/1/218 236/1/218
f 236/1/219 235/1/219 237/1/219
f 236/1/220 237/1/220 238/1/220
f 238/1/221 237/1/221 239/1/221
f 238/1/222 239/1/222 240/1/222
f 240/1/223 239/1/223 241/1/223
f 240/1/224 241/1/224 242/1/224
f 242/1/225 241/1/225 243/1/225
f 242/1/226 243/1/226 244/1/226
f 244/1/227 243/1/227 245/1/227
f 244/1/228 245/1/228 246/1/228
f 246/1/229 245/1/229 247/1/229
f 246/1/230 247/1/230 221/1/230
f 221/1/231 247/1/231 248/1/231
f 221/1/232 248/1/232 222/1/232
f 249/1/233 250/1/233 251/1/233
f 251/1/234 250/1/234 252/1/234
f 251/1/235 252/1/235 253/1/235
f 188/1/236 254/1/236 186/1/236
f 186/1/237 254/1/237 255/1/237
f 186/1/238 255/1/238 256/1/238
f 256/1/239 255/1/239 257/1/239
f 256/1/240 257/1/240 249/1/240
f 249/1/241 257/1/241 258/1/241
f 249/1/242 258/1/242 250/1/242
f 252/1/243 259/1/243 253/1/243
f 253/1/244 259/1/244 260/1/244
f 253/1/245 260/1/245 261/1/245
f 261/1/246 260/1/246 262/1/246
f 261/1/247 262/1/247 263/1/247
f 263/1/248 262/1/248 264/1/248
f 263/1/249 264/1/249 265/1/249
f 265/1/250 264/1/250 266/1/250
f 265/1/251 266/1/251 267/1/251
f 267/18/252 268/19/252 265/20/252
f 265/1/253 268/1/253 269/1/253
f 265/21/254 269/22/254 270/23/254
f 270/23/255 269/22/255 271/24/255
f 270/1/256 271/1/256 272/1/256
f 271/25/257 273/26/257 272/27/257
f 272/1/258 273/1/258 274/1/258
f 272/28/259 274/29/259 275/30/259
f 275/30/260 274/29/260 276/31/260
f 275/32/261 276/33/261 277/34/261
f 276/33/262 278/35/262 277/34/262
f 277/34/263 278/35/263 279/36/263
f 277/34/264 279/36/264 280/37/264
f 280/37/265 279/36/265 281/38/265
f 280/37/266 281/38/266 282/39/266
f 282/39/267 281/38/267 283/40/267
f 282/39/268 283/40/268 284/41/268
f 283/40/269 285/42/269 284/41/269
f 284/43/270 285/44/270 286/45/270
f 284/46/271 286/47/271 287/48/271
f 287/48/272 286/47/272 288/49/272
f 287/48/273 288/49/273 211/15/273
f 211/15/274 288/49/274 289/50/274
f 211/15/275 289/50/275 209/13/275
f 209/13/276 289/50/276 290/51/276
f 209/13/277 290/51/277 291/52/277
f 291/1/278 290/1/278 292/1/278
f 291/1/279 292/1/279 293/1/279
f 213/1/280 294/1/280 295/1/280
f 295/1/281 294/1/281 296/1/281
f 295/1/282 296/1/282 297/1/282
f 213/1/283 295/1/283 298/1/283
f 298/1/284 295/1/284 299/1/284
f 298/1/285 299/1/285 287/1/285
f 287/1/286 299/1/286 300/1/286
f 300/53/287 299/54/287 301/55/287
f 300/53/288 301/55/288 282/56/288
f 302/57/289 277/58/289 301/59/289
f 301/1/290 277/1/290 280/1/290
f 301/1/291 280/1/291 282/1/291
f 303/1/292 272/1/292 302/1/292
f 302/60/293 272/28/293 275/30/293
f 302/1/294 275/1/294 277/1/294
f 304/1/295 265/1/295 303/1/295
f 303/1/296 265/1/296 270/1/296
f 303/1/297 270/1/297 272/1/297
f 305/1/298 261/1/298 304/1/298
f 304/1/299 261/1/299 263/1/299
f 304/1/300 263/1/300 265/1/300
f 306/1/301 251/1/301 305/1/301
f 305/1/302 251/1/302 253/1/302
f 305/1/303 253/1/303 261/1/303
f 307/1/304 256/1/304 306/1/304
f 306/1/305 256/1/305 249/1/305
f 306/1/306 249/1/306 251/1/306
f 308/1/307 187/1/307 307/1/307
f 307/1/308 187/1/308 186/1/308
f 307/1/309 186/1/309 256/1/309
f 309/1/310 246/1/310 308/1/310
f 308/1/311 246/1/311 221/1/311
f 308/1/312 221/1/312 187/1/312
f 310/1/313 242/1/313 309/1/313
f 309/1/314 242/1/314 244/1/314
f 309/1/315 244/1/315 246/1/315
f 311/1/316 238/1/316 310/1/316
f 310/1/317 238/1/317 240/1/317
f 310/1/318 240/1/318 242/1/318
f 312/1/319 234/1/319 311/1/319
f 311/1/320 234/1/320 236/1/320
f 311/1/321 236/1/321 238/1/321
f 313/1/322 230/1/322 312/1/322
f 312/1/323 230/1/323 232/1/323
f 312/1/324 232/1/324 234/1/324
f 314/1/325 224/1/325 315/1/325
f 315/1/326 224/1/326 226/1/326
f 315/1/327 226/1/327 313/1/327
f 313/1/328 226/1/328 228/1/328
f 313/1/329 228/1/329 230/1/329
f 139/1/108 316/1/108 140/1/108
f 317/61/330 318/62/330 319/63/330
f 320/64/331 321/65/331 322/66/331
f 323/1/332 324/1/332 325/1/332
f 326/1/333 323/1/333 327/1/333
f 327/1/334 323/1/334 325/1/334
f 327/1/335 325/1/335 328/1/335
f 328/1/336 325/1/336 329/1/336
f 328/1/337 329/1/337 330/1/337
f 330/1/338 329/1/338 331/1/338
f 330/1/339 331/1/339 332/1/339
f 332/1/340 331/1/340 333/1/340
f 332/1/341 333/1/341 334/1/341
f 333/1/342 335/1/342 334/1/342
f 334/1/343 335/1/343 336/1/343
f 334/1/344 336/1/344 337/1/344
f 337/1/345 336/1/345 338/1/345
f 337/1/346 338/1/346 339/1/346
f 338/1/347 340/1/347 339/1/347
f 339/1/348 340/1/348 341/1/348
f 339/1/349 341/1/349 342/1/349
f 342/1/350 341/1/350 343/1/350
f 342/1/351 343/1/351 344/1/351
f 343/1/352 345/1/352 344/1/352
f 344/1/353 345/1/353 346/1/353
f 344/1/354 346/1/354 347/1/354
f 347/1/355 346/1/355 348/1/355
f 347/1/356 348/1/356 349/1/356
f 349/1/357 348/1/357 350/1/357
f 349/1/358 350/1/358 351/1/358
f 352/1/359 353/1/359 354/1/359
f 354/1/360 353/1/360 355/1/360
f 351/1/361 353/1/361 349/1/361
f 349/1/362 353/1/362 352/1/362
f 349/1/363 352/1/363 356/1/363
f 356/1/364 352/1/364 357/1/364
f 356/1/365 357/1/365 358/1/365
f 358/1/366 357/1/366 359/1/366
f 359/1/367 357/1/367 360/1/367
f 360/1/368 357/1/368 361/1/368
f 360/1/369 361/1/369 362/1/369
f 362/67/370 361/68/370 363/69/370
f 363/69/371 361/68/371 364/70/371
f 363/71/372 364/72/372 365/73/372
f 365/74/373 364/75/373 366/76/373
f 366/77/374 364/72/374 367/78/374
f 366/76/375 367/79/375 368/80/375
f 368/80/376 367/79/376 369/81/376
f 369/82/377 367/78/377 370/83/377
f 369/84/378 370/85/378 371/86/378
f 372/87/379 373/88/379 374/89/379
f 371/86/380 370/85/380 375/90/380
f 375/91/381 370/92/381 320/93/381
f 375/90/382 320/94/382 376/95/382
f 376/96/331 320/97/331 322/98/331
f 376/99/383 322/100/383 374/89/383
f 374/101/384 322/98/384 377/102/384
f 374/89/385 377/103/385 372/87/385
f 318/62/386 378/104/386 319/63/386
f 319/63/387 378/104/387 379/105/387
f 319/106/388 379/107/388 377/102/388
f 377/108/389 379/105/389 380/109/389
f 377/108/390 380/109/390 372/110/390
f 317/61/391 319/63/391 381/111/391
f 381/112/392 319/106/392 382/113/392
f 381/111/393 382/114/393 383/115/393
f 384/116/394 385/117/394 382/118/394
f 386/119/395 387/120/395 382/121/395
f 382/118/396 387/122/396 388/123/396
f 382/118/397 388/123/397 384/116/397
f 385/117/398 389/124/398 382/118/398
f 382/118/399 389/124/399 390/125/399
f 382/118/400 390/125/400 383/126/400
f 383/115/401 390/127/401 391/128/401
f 383/115/402 391/128/402 392/129/402
f 393/130/403 394/131/403 395/132/403
f 395/132/404 394/131/404 396/133/404
f 392/129/405 397/134/405 383/115/405
f 383/115/406 397/134/406 395/132/406
f 383/115/407 395/132/407 398/135/407
f 398/135/408 395/132/408 396/133/408
f 393/130/409 399/136/409 394/131/409
f 394/131/410 399/136/410 400/137/410
f 394/138/411 400/139/411 401/140/411
f 402/141/412 403/142/412 404/143/412
f 404/143/413 403/142/413 405/144/413
f 404/143/414 405/144/414 406/145/414
f 406/145/415 405/144/415 407/146/415
f 406/145/416 407/146/416 408/147/416
f 408/148/417 407/149/417 394/150/417
f 408/151/418 394/152/418 409/153/418
f 409/154/419 394/138/419 401/140/419
f 402/141/420 410/155/420 403/142/420
f 403/1/421 410/1/421 411/1/421
f 403/156/422 411/157/422 412/158/422
f 412/158/423 411/157/423 413/159/423
f 411/157/424 414/160/424 413/159/424
f 413/159/425 414/160/425 415/161/425
f 413/159/426 415/161/426 416/162/426
f 416/1/427 415/1/427 417/1/427
f 416/1/428 417/1/428 418/1/428
f 419/163/429 420/164/429 386/165/429
f 386/165/430 420/164/430 421/166/430
f 421/167/431 422/168/431 386/169/431
f 386/170/432 422/171/432 423/172/432
f 386/170/433 423/172/433 387/122/433
f 424/173/434 425/174/434 426/175/434
f 426/175/435 425/174/435 427/176/435
f 427/176/436 428/177/436 426/175/436
f 426/175/437 428/177/437 429/178/437
f 426/179/438 429/180/438 386/181/438
f 386/165/439 429/178/439 430/182/439
f 386/165/440 430/182/440 419/163/440
f 426/179/441 431/183/441 424/184/441
f 424/184/442 431/183/442 432/185/442
f 424/173/443 432/186/443 433/187/443
f 434/1/444 435/1/444 436/1/444
f 437/188/445 438/189/445 439/190/445
f 439/1/446 438/1/446 440/1/446
f 439/191/447 440/192/447 441/193/447
f 441/1/448 434/1/448 439/1/448
f 439/194/449 434/195/449 436/196/449
f 439/1/450 436/1/450 442/1/450
f 442/197/451 436/198/451 443/199/451
f 442/197/452 443/199/452 444/200/452
f 433/201/453 432/202/453 445/203/453
f 445/204/454 432/185/454 437/205/454
f 445/203/455 437/188/455 446/206/455
f 446/206/456 437/188/456 439/190/456
f 135/1/108 320/1/108 136/1/108
f 136/207/108 320/208/108 370/209/108
f 136/207/108 370/209/108 145/210/108
f 145/1/108 370/1/108 367/1/108
f 145/211/108 367/212/108 144/213/108
f 144/213/108 367/212/108 364/214/108
f 144/1/108 364/1/108 143/1/108
f 143/1/108 364/1/108 361/1/108
f 143/215/108 361/216/108 142/217/108
f 142/1/108 361/1/108 357/1/108
f 142/1/108 357/1/108 141/1/108
f 141/1/108 357/1/108 352/1/108
f 447/1/457 135/1/457 134/1/457
f 447/1/458 134/1/458 448/1/458
f 134/1/459 148/1/459 448/1/459
f 448/1/460 148/1/460 147/1/460
f 448/1/461 147/1/461 449/1/461
f 147/1/462 146/1/462 449/1/462
f 449/1/463 146/1/463 133/1/463
f 449/1/464 133/1/464 450/1/464
f 450/1/465 133/1/465 132/1/465
f 450/1/466 132/1/466 451/1/466
f 452/1/467 260/1/467 259/1/467
f 188/1/468 223/1/468 453/1/468
f 453/1/469 223/1/469 222/1/469
f 453/1/469 222/1/469 454/1/469
f 188/1/470 453/1/470 254/1/470
f 254/1/471 453/1/471 455/1/471
f 254/1/472 455/1/472 456/1/472
f 258/1/473 257/1/473 456/1/473
f 456/1/474 257/1/474 255/1/474
f 456/1/472 255/1/472 254/1/472
f 456/1/475 457/1/475 258/1/475
f 258/1/476 457/1/476 458/1/476
f 258/1/476 458/1/476 250/1/476
f 250/1/477 458/1/477 252/1/477
f 252/1/478 458/1/478 259/1/478
f 259/1/479 458/1/479 459/1/479
f 259/1/467 459/1/467 452/1/467
f 260/1/480 452/1/480 262/1/480
f 262/1/481 452/1/481 460/1/481
f 262/1/482 460/1/482 264/1/482
f 264/1/483 460/1/483 461/1/483
f 264/1/484 461/1/484 266/1/484
f 266/1/485 461/1/485 267/1/485
f 267/1/486 461/1/486 462/1/486
f 267/1/487 462/1/487 268/1/487
f 268/1/488 462/1/488 269/1/488
f 269/1/489 462/1/489 463/1/489
f 269/22/489 463/218/489 271/24/489
f 271/1/490 463/1/490 273/1/490
f 273/1/491 463/1/491 464/1/491
f 273/1/492 464/1/492 274/1/492
f 274/219/493 464/220/493 465/221/493
f 274/1/493 465/1/493 276/1/493
f 276/1/494 465/1/494 278/1/494
f 278/1/495 465/1/495 466/1/495
f 278/1/496 466/1/496 279/1/496
f 279/1/497 466/1/497 281/1/497
f 281/38/498 466/222/498 467/223/498
f 281/38/499 467/223/499 283/40/499
f 283/40/500 467/223/500 285/42/500
f 285/1/501 467/1/501 468/1/501
f 285/1/502 468/1/502 286/1/502
f 286/1/503 468/1/503 469/1/503
f 286/1/503 469/1/503 288/1/503
f 288/1/504 469/1/504 289/1/504
f 289/224/505 469/225/505 470/226/505
f 289/1/506 470/1/506 290/1/506
f 290/227/507 470/228/507 471/229/507
f 290/227/507 471/229/507 292/230/507
f 472/1/508 443/1/508 473/1/508
f 293/231/509 292/232/509 473/233/509
f 473/1/510 292/1/510 471/1/510
f 473/1/511 471/1/511 472/1/511
f 472/1/512 471/1/512 470/1/512
f 472/1/512 470/1/512 474/1/512
f 474/234/513 470/226/513 469/225/513
f 474/234/513 469/225/513 475/235/513
f 475/235/514 469/225/514 468/236/514
f 475/235/514 468/236/514 476/237/514
f 476/1/515 468/1/515 467/1/515
f 476/238/515 467/239/515 477/240/515
f 477/1/516 467/1/516 466/1/516
f 477/1/516 466/1/516 478/1/516
f 478/241/517 466/242/517 465/243/517
f 478/244/517 465/245/517 479/246/517
f 479/1/518 465/1/518 464/1/518
f 479/1/518 464/1/518 480/1/518
f 480/247/519 464/248/519 463/249/519
f 480/1/519 463/1/519 481/1/519
f 481/1/520 463/1/520 462/1/520
f 481/1/520 462/1/520 482/1/520
f 482/1/521 462/1/521 461/1/521
f 482/1/521 461/1/521 483/1/521
f 483/1/522 461/1/522 460/1/522
f 483/1/522 460/1/522 484/1/522
f 484/1/523 460/1/523 452/1/523
f 484/1/523 452/1/523 485/1/523
f 485/1/524 452/1/524 459/1/524
f 485/1/524 459/1/524 486/1/524
f 486/1/525 459/1/525 458/1/525
f 486/1/525 458/1/525 487/1/525
f 487/1/526 458/1/526 457/1/526
f 487/1/526 457/1/526 488/1/526
f 488/1/527 457/1/527 456/1/527
f 488/1/527 456/1/527 489/1/527
f 489/1/528 456/1/528 455/1/528
f 489/1/529 455/1/529 490/1/529
f 490/1/530 455/1/530 453/1/530
f 490/1/530 453/1/530 491/1/530
f 491/1/531 453/1/531 454/1/531
f 491/1/532 454/1/532 492/1/532
f 493/250/533 494/251/533 475/252/533
f 475/252/534 494/251/534 495/253/534
f 475/252/535 495/253/535 496/254/535
f 496/254/536 497/255/536 475/252/536
f 475/252/537 497/255/537 498/256/537
f 475/252/538 498/256/538 499/257/538
f 444/258/539 443/259/539 500/260/539
f 500/261/540 443/199/540 472/262/540
f 500/260/541 472/263/541 499/257/541
f 499/264/542 472/262/542 474/234/542
f 499/264/543 474/234/543 475/235/543
f 324/1/544 323/1/544 501/1/544
f 501/1/545 323/1/545 502/1/545
f 501/1/546 502/1/546 503/1/546
f 503/1/547 502/1/547 504/1/547
f 505/1/548 506/1/548 507/1/548
f 507/1/549 506/1/549 508/1/549
f 507/1/550 508/1/550 504/1/550
f 504/1/551 508/1/551 509/1/551
f 504/1/552 509/1/552 503/1/552
f 510/1/553 511/1/553 512/1/553
f 512/1/554 511/1/554 513/1/554
f 512/1/555 513/1/555 507/1/555
f 507/1/556 513/1/556 514/1/556
f 507/1/557 514/1/557 505/1/557
f 510/1/558 512/1/558 515/1/558
f 515/1/559 512/1/559 516/1/559
f 515/1/560 516/1/560 517/1/560
f 518/1/561 519/1/561 516/1/561
f 516/1/562 519/1/562 520/1/562
f 516/1/563 520/1/563 517/1/563
f 521/1/564 522/1/564 518/1/564
f 518/1/565 522/1/565 523/1/565
f 518/1/566 523/1/566 519/1/566
f 491/1/567 492/1/567 524/1/567
f 524/1/568 492/1/568 525/1/568
f 524/1/569 525/1/569 521/1/569
f 521/1/570 525/1/570 526/1/570
f 521/1/571 526/1/571 522/1/571
f 491/1/572 524/1/572 490/1/572
f 490/1/573 524/1/573 527/1/573
f 490/1/574 527/1/574 489/1/574
f 489/1/575 527/1/575 488/1/575
f 488/1/576 527/1/576 528/1/576
f 488/1/577 528/1/577 487/1/577
f 487/1/578 528/1/578 486/1/578
f 486/1/579 528/1/579 529/1/579
f 486/1/580 529/1/580 485/1/580
f 485/1/581 529/1/581 484/1/581
f 484/1/582 529/1/582 530/1/582
f 484/1/583 530/1/583 483/1/583
f 483/1/584 530/1/584 531/1/584
f 483/265/585 531/266/585 482/267/585
f 482/267/586 531/266/586 532/268/586
f 482/269/587 532/270/587 481/271/587
f 481/271/588 532/270/588 533/272/588
f 481/271/589 533/272/589 480/273/589
f 480/273/590 533/272/590 534/274/590
f 480/273/591 534/274/591 479/275/591
f 479/276/592 534/277/592 535/278/592
f 479/276/593 535/278/593 478/279/593
f 478/279/594 535/278/594 536/280/594
f 478/279/595 536/280/595 477/281/595
f 477/281/596 536/280/596 476/282/596
f 476/282/597 536/280/597 537/283/597
f 476/282/598 537/283/598 475/252/598
f 475/252/599 537/283/599 538/284/599
f 475/252/600 538/284/600 493/250/600
f 539/285/601 540/286/601 433/287/601
f 433/287/602 540/286/602 424/288/602
f 424/289/603 540/290/603 425/291/603
f 425/291/604 540/290/604 541/292/604
f 425/291/605 541/292/605 427/293/605
f 419/294/606 430/295/606 542/296/606
f 542/297/607 430/298/607 429/299/607
f 542/297/608 429/299/608 541/292/608
f 541/292/609 429/299/609 428/300/609
f 541/292/610 428/300/610 427/293/610
f 419/301/611 542/302/611 420/303/611
f 420/304/612 542/305/612 543/306/612
f 420/307/613 543/308/613 421/309/613
f 388/310/614 387/311/614 544/312/614
f 544/312/615 387/311/615 423/313/615
f 544/314/616 423/315/616 543/306/616
f 543/308/617 423/313/617 422/316/617
f 543/308/618 422/316/618 421/309/618
f 390/125/619 389/124/619 545/317/619
f 545/317/620 389/124/620 385/117/620
f 545/318/621 385/319/621 544/314/621
f 544/312/622 385/320/622 384/321/622
f 544/312/623 384/321/623 388/310/623
f 395/322/624 397/323/624 546/324/624
f 546/324/625 397/323/625 392/325/625
f 546/324/626 392/325/626 545/326/626
f 545/317/627 392/327/627 391/328/627
f 545/317/628 391/328/628 390/125/628
f 401/329/629 400/330/629 547/331/629
f 547/331/630 400/330/630 399/332/630
f 547/333/631 399/334/631 546/335/631
f 546/336/632 399/332/632 393/337/632
f 546/324/633 393/338/633 395/322/633
f 404/339/634 406/340/634 548/341/634
f 548/341/635 406/340/635 408/342/635
f 548/341/636 408/342/636 547/343/636
f 547/343/637 408/342/637 409/344/637
f 547/343/638 409/344/638 401/345/638
f 415/1/639 414/1/639 549/1/639
f 414/1/640 411/1/640 549/1/640
f 549/1/641 411/1/641 410/1/641
f 549/346/642 410/347/642 548/348/642
f 548/349/643 410/350/643 402/351/643
f 548/1/644 402/1/644 404/1/644
f 549/1/645 550/1/645 415/1/645
f 415/1/646 550/1/646 551/1/646
f 415/1/647 551/1/647 417/1/647
f 552/1/648 553/1/648 554/1/648
f 359/1/649 555/1/649 358/1/649
f 358/1/650 555/1/650 556/1/650
f 557/352/651 558/353/651 368/354/651
f 368/354/652 558/353/652 559/355/652
f 368/1/653 559/1/653 366/1/653
f 366/1/654 559/1/654 560/1/654
f 366/356/655 560/357/655 365/358/655
f 365/358/656 560/357/656 561/359/656
f 365/1/657 561/1/657 363/1/657
f 363/1/658 561/1/658 562/1/658
f 363/1/659 562/1/659 362/1/659
f 362/1/660 562/1/660 563/1/660
f 362/1/661 563/1/661 360/1/661
f 360/1/662 563/1/662 564/1/662
f 360/1/663 564/1/663 359/1/663
f 359/1/664 564/1/664 565/1/664
f 359/1/665 565/1/665 555/1/665
f 368/354/666 369/360/666 557/352/666
f 557/352/667 369/360/667 371/361/667
f 557/352/668 371/361/668 566/362/668
f 566/362/669 371/361/669 375/363/669
f 566/364/670 375/365/670 567/366/670
f 567/1/671 375/1/671 376/1/671
f 567/367/672 376/368/672 374/369/672
f 568/1/673 569/1/673 570/1/673
f 570/1/674 569/1/674 571/1/674
f 572/1/675 573/1/675 574/1/675
f 574/1/676 573/1/676 575/1/676
f 574/1/677 575/1/677 576/1/677
f 576/1/678 575/1/678 577/1/678
f 576/1/679 577/1/679 568/1/679
f 568/1/680 577/1/680 578/1/680
f 568/1/681 578/1/681 569/1/681
f 574/1/682 579/1/682 572/1/682
f 572/1/683 579/1/683 580/1/683
f 572/1/684 580/1/684 581/1/684
f 581/1/685 580/1/685 582/1/685
f 580/1/686 583/1/686 582/1/686
f 582/1/687 583/1/687 584/1/687
f 582/1/688 584/1/688 585/1/688
f 585/1/689 584/1/689 586/1/689
f 584/1/690 587/1/690 586/1/690
f 586/1/691 587/1/691 588/1/691
f 586/1/692 588/1/692 589/1/692
f 589/1/693 588/1/693 590/1/693
f 589/1/694 590/1/694 591/1/694
f 591/1/695 590/1/695 592/1/695
f 591/1/696 592/1/696 593/1/696
f 593/1/697 592/1/697 594/1/697
f 593/1/698 594/1/698 595/1/698
f 595/1/699 594/1/699 596/1/699
f 595/1/700 596/1/700 597/1/700
f 597/1/701 596/1/701 598/1/701
f 597/1/702 598/1/702 599/1/702
f 599/1/703 598/1/703 600/1/703
f 599/1/704 600/1/704 601/1/704
f 601/1/705 600/1/705 602/1/705
f 601/1/706 602/1/706 603/1/706
f 603/1/707 602/1/707 604/1/707
f 604/1/708 602/1/708 605/1/708
f 604/1/709 605/1/709 606/1/709
f 606/1/710 605/1/710 607/1/710
f 606/1/711 607/1/711 608/1/711
f 608/1/712 607/1/712 609/1/712
f 608/1/713 609/1/713 610/1/713
f 610/1/714 609/1/714 611/1/714
f 610/1/715 611/1/715 612/1/715
f 612/1/716 611/1/716 613/1/716
f 612/1/717 613/1/717 614/1/717
f 613/1/718 615/1/718 614/1/718
f 614/1/719 615/1/719 616/1/719
f 614/1/720 616/1/720 617/1/720
f 616/1/721 618/1/721 617/1/721
f 617/1/722 618/1/722 619/1/722
f 617/1/723 619/1/723 620/1/723
f 621/1/724 622/1/724 623/1/724
f 623/1/725 622/1/725 620/1/725
f 623/1/726 620/1/726 624/1/726
f 624/1/727 620/1/727 619/1/727
f 554/1/728 553/1/728 625/1/728
f 625/1/729 553/1/729 626/1/729
f 625/1/730 626/1/730 627/1/730
f 627/1/731 626/1/731 628/1/731
f 627/1/732 628/1/732 629/1/732
f 629/1/733 628/1/733 630/1/733
f 629/1/734 630/1/734 621/1/734
f 621/1/735 630/1/735 631/1/735
f 621/1/736 631/1/736 622/1/736
f 332/1/737 632/1/737 633/1/737
f 554/1/648 326/1/648 552/1/648
f 552/1/738 326/1/738 327/1/738
f 552/1/739 327/1/739 634/1/739
f 634/1/740 327/1/740 328/1/740
f 634/1/741 328/1/741 633/1/741
f 633/1/742 328/1/742 330/1/742
f 633/1/743 330/1/743 332/1/743
f 632/1/744 332/1/744 635/1/744
f 635/1/745 332/1/745 334/1/745
f 635/1/746 334/1/746 636/1/746
f 636/1/747 334/1/747 337/1/747
f 636/1/748 337/1/748 637/1/748
f 637/1/749 337/1/749 339/1/749
f 637/1/750 339/1/750 638/1/750
f 638/1/751 339/1/751 342/1/751
f 638/1/752 342/1/752 639/1/752
f 639/1/753 342/1/753 344/1/753
f 639/1/754 344/1/754 640/1/754
f 640/1/755 344/1/755 347/1/755
f 640/1/756 347/1/756 641/1/756
f 641/1/757 347/1/757 349/1/757
f 641/1/758 349/1/758 556/1/758
f 556/1/759 349/1/759 356/1/759
f 556/1/760 356/1/760 358/1/760
f 642/1/761 552/1/761 643/1/761
f 643/1/762 644/1/762 642/1/762
f 642/1/763 644/1/763 645/1/763
f 642/1/764 645/1/764 626/1/764
f 646/1/765 630/1/765 645/1/765
f 645/1/766 630/1/766 647/1/766
f 645/1/767 647/1/767 626/1/767
f 620/1/768 622/1/768 646/1/768
f 646/1/769 622/1/769 631/1/769
f 646/1/770 631/1/770 630/1/770
f 646/1/771 648/1/771 620/1/771
f 620/1/772 648/1/772 649/1/772
f 620/1/773 649/1/773 617/1/773
f 617/1/774 649/1/774 650/1/774
f 651/1/775 612/1/775 650/1/775
f 650/1/776 612/1/776 614/1/776
f 650/1/777 614/1/777 617/1/777
f 652/1/778 608/1/778 651/1/778
f 651/1/779 608/1/779 610/1/779
f 651/1/780 610/1/780 612/1/780
f 601/1/781 603/1/781 653/1/781
f 653/1/782 603/1/782 604/1/782
f 653/1/783 604/1/783 652/1/783
f 652/1/784 604/1/784 606/1/784
f 652/1/785 606/1/785 608/1/785
f 601/1/786 653/1/786 599/1/786
f 599/1/787 653/1/787 654/1/787
f 599/1/788 654/1/788 597/1/788
f 597/1/789 654/1/789 595/1/789
f 595/1/790 654/1/790 655/1/790
f 595/1/791 655/1/791 593/1/791
f 593/1/792 655/1/792 591/1/792
f 591/1/793 655/1/793 656/1/793
f 591/1/794 656/1/794 657/1/794
f 658/1/795 659/1/795 656/1/795
f 656/1/796 659/1/796 586/1/796
f 656/1/797 586/1/797 657/1/797
f 660/1/798 661/1/798 658/1/798
f 658/1/799 661/1/799 582/1/799
f 658/1/800 582/1/800 659/1/800
f 662/1/801 663/1/801 660/1/801
f 660/1/802 663/1/802 572/1/802
f 660/1/803 572/1/803 661/1/803
f 664/1/804 578/1/804 665/1/804
f 665/1/805 578/1/805 666/1/805
f 665/1/806 666/1/806 662/1/806
f 662/1/807 666/1/807 575/1/807
f 662/1/808 575/1/808 663/1/808
f 551/370/809 539/371/809 667/372/809
f 551/373/809 667/374/809 668/375/809
f 668/376/809 667/377/809 669/378/809
f 668/376/809 669/378/809 670/379/809
f 539/371/809 551/370/809 540/380/809
f 540/381/809 551/373/809 550/382/809
f 540/381/809 550/382/809 549/383/809
f 671/384/809 672/385/809 673/386/809
f 546/387/809 545/388/809 544/389/809
f 549/383/809 548/390/809 540/381/809
f 540/381/809 548/390/809 547/391/809
f 540/380/809 547/392/809 541/393/809
f 541/393/809 547/392/809 542/394/809
f 546/395/809 544/396/809 547/391/809
f 547/392/809 544/389/809 543/397/809
f 547/392/809 543/397/809 542/394/809
f 670/379/809 669/378/809 673/398/809
f 673/399/809 669/400/809 674/401/809
f 673/399/809 674/401/809 671/402/809
f 672/385/809 675/403/809 673/386/809
f 673/386/809 675/403/809 676/404/809
f 673/386/809 676/404/809 677/405/809
f 559/406/810 558/407/810 678/408/810
f 678/1/811 558/1/811 679/1/811
f 678/409/812 679/410/812 680/411/812
f 680/412/813 679/413/813 566/414/813
f 680/412/814 566/414/814 681/415/814
f 559/1/815 678/1/815 560/1/815
f 560/1/816 678/1/816 682/1/816
f 560/416/817 682/417/817 561/418/817
f 561/1/818 682/1/818 562/1/818
f 562/1/819 682/1/819 683/1/819
f 562/1/820 683/1/820 563/1/820
f 563/1/821 683/1/821 564/1/821
f 564/1/822 683/1/822 684/1/822
f 564/1/823 684/1/823 565/1/823
f 685/1/824 556/1/824 684/1/824
f 684/1/825 556/1/825 555/1/825
f 684/1/826 555/1/826 565/1/826
f 686/1/827 640/1/827 685/1/827
f 685/1/828 640/1/828 641/1/828
f 685/1/829 641/1/829 556/1/829
f 687/1/830 638/1/830 686/1/830
f 686/1/831 638/1/831 639/1/831
f 686/1/832 639/1/832 640/1/832
f 688/1/833 636/1/833 687/1/833
f 687/1/834 636/1/834 637/1/834
f 687/1/835 637/1/835 638/1/835
f 689/1/836 632/1/836 688/1/836
f 688/1/837 632/1/837 635/1/837
f 688/1/838 635/1/838 636/1/838
f 643/1/839 552/1/839 690/1/839
f 690/1/840 552/1/840 634/1/840
f 690/1/841 634/1/841 689/1/841
f 689/1/842 634/1/842 633/1/842
f 689/1/843 633/1/843 632/1/843
f 678/1/844 680/1/844 664/1/844
f 680/1/844 681/1/844 664/1/844
f 664/1/844 681/1/844 691/1/844
f 664/1/844 691/1/844 692/1/844
f 665/1/844 644/1/844 664/1/844
f 664/1/844 644/1/844 643/1/844
f 664/1/844 643/1/844 690/1/844
f 693/1/844 694/1/844 664/1/844
f 693/1/844 664/1/844 695/1/844
f 690/1/844 689/1/844 664/1/844
f 664/1/844 689/1/844 688/1/844
f 664/1/844 688/1/844 687/1/844
f 694/1/844 696/1/844 664/1/844
f 664/1/844 696/1/844 697/1/844
f 664/1/844 697/1/844 698/1/844
f 698/1/844 699/1/844 664/1/844
f 664/1/844 699/1/844 700/1/844
f 664/1/844 700/1/844 701/1/844
f 648/1/844 665/1/844 649/1/844
f 649/1/844 665/1/844 650/1/844
f 665/1/844 662/1/844 650/1/844
f 650/1/844 662/1/844 660/1/844
f 650/1/844 660/1/844 658/1/844
f 648/1/844 646/1/844 665/1/844
f 665/1/844 646/1/844 645/1/844
f 665/1/844 645/1/844 644/1/844
f 687/1/844 686/1/844 664/1/844
f 664/1/844 686/1/844 685/1/844
f 664/1/844 685/1/844 684/1/844
f 684/1/844 683/1/844 664/1/844
f 664/1/844 683/1/844 682/1/844
f 664/1/844 682/1/844 678/1/844
f 692/1/844 702/1/844 664/1/844
f 664/1/844 702/1/844 703/1/844
f 664/1/844 703/1/844 695/1/844
f 701/1/844 704/1/844 664/1/844
f 664/1/844 704/1/844 705/1/844
f 664/1/844 705/1/844 706/1/844
f 653/1/844 652/1/844 651/1/844
f 658/1/844 656/1/844 650/1/844
f 650/1/844 656/1/844 655/1/844
f 650/1/844 655/1/844 651/1/844
f 651/1/844 655/1/844 654/1/844
f 651/1/844 654/1/844 653/1/844
f 707/1/163 571/1/163 569/1/163
f 578/1/163 664/1/163 569/1/163
f 569/1/163 664/1/163 706/1/163
f 569/1/163 706/1/163 707/1/163
f 500/1/845 499/1/845 674/1/845
f 417/1/846 551/1/846 708/1/846
f 708/1/847 551/1/847 668/1/847
f 708/1/848 668/1/848 709/1/848
f 709/1/849 668/1/849 710/1/849
f 710/1/850 668/1/850 670/1/850
f 710/1/851 670/1/851 711/1/851
f 711/1/852 670/1/852 712/1/852
f 712/1/853 670/1/853 673/1/853
f 712/1/854 673/1/854 713/1/854
f 714/1/855 715/1/855 677/1/855
f 677/1/856 715/1/856 716/1/856
f 677/1/857 716/1/857 673/1/857
f 673/1/858 716/1/858 717/1/858
f 673/1/859 717/1/859 713/1/859
f 714/1/860 677/1/860 718/1/860
f 718/1/861 677/1/861 676/1/861
f 718/1/862 676/1/862 719/1/862
f 720/1/863 721/1/863 675/1/863
f 675/1/864 721/1/864 722/1/864
f 675/1/865 722/1/865 676/1/865
f 676/1/866 722/1/866 723/1/866
f 676/1/867 723/1/867 719/1/867
f 493/1/868 538/1/868 672/1/868
f 672/1/869 538/1/869 724/1/869
f 672/1/870 724/1/870 675/1/870
f 675/1/871 724/1/871 725/1/871
f 675/1/872 725/1/872 720/1/872
f 674/1/873 499/1/873 671/1/873
f 671/1/874 499/1/874 498/1/874
f 671/1/875 498/1/875 497/1/875
f 497/1/876 496/1/876 671/1/876
f 671/1/877 496/1/877 495/1/877
f 671/1/878 495/1/878 672/1/878
f 672/1/879 495/1/879 494/1/879
f 672/1/880 494/1/880 493/1/880
f 445/419/881 446/420/881 669/421/881
f 446/1/882 439/1/882 669/1/882
f 669/1/883 439/1/883 442/1/883
f 669/1/884 442/1/884 674/1/884
f 674/1/885 442/1/885 444/1/885
f 674/1/886 444/1/886 500/1/886
f 669/421/887 667/422/887 445/419/887
f 445/423/888 667/424/888 539/285/888
f 445/423/889 539/285/889 433/287/889
f 374/425/890 373/426/890 567/427/890
f 567/427/890 373/426/890 691/428/890
f 567/1/890 691/1/890 566/1/890
f 566/1/890 691/1/890 681/1/890
f 373/429/891 692/430/891 691/431/891
f 405/1/892 700/1/892 699/1/892
f 707/1/893 706/1/893 726/1/893
f 726/1/894 706/1/894 705/1/894
f 726/1/895 705/1/895 727/1/895
f 413/432/896 416/433/896 705/434/896
f 705/435/897 416/436/897 418/437/897
f 705/1/898 418/1/898 727/1/898
f 705/1/899 704/1/899 413/1/899
f 413/1/900 704/1/900 701/1/900
f 413/1/901 701/1/901 412/1/901
f 700/1/902 405/1/902 701/1/902
f 701/1/903 405/1/903 403/1/903
f 701/1/904 403/1/904 412/1/904
f 696/438/905 398/439/905 697/440/905
f 697/440/906 398/439/906 396/441/906
f 697/442/907 396/443/907 698/444/907
f 698/444/908 396/443/908 394/445/908
f 698/1/909 394/1/909 699/1/909
f 699/446/910 394/447/910 407/448/910
f 699/1/911 407/1/911 405/1/911
f 317/449/912 381/450/912 696/451/912
f 696/438/913 381/452/913 383/453/913
f 696/438/914 383/453/914 398/439/914
f 696/451/915 694/454/915 317/449/915
f 317/1/916 694/1/916 693/1/916
f 317/455/917 693/456/917 318/457/917
f 318/1/918 693/1/918 378/1/918
f 693/458/919 695/459/919 378/460/919
f 378/460/920 695/459/920 703/461/920
f 378/460/921 703/461/921 379/462/921
f 379/462/922 703/461/922 702/463/922
f 379/462/923 702/463/923 380/464/923
f 692/430/924 373/429/924 702/153/924
f 702/153/925 373/429/925 372/465/925
f 702/1/926 372/1/926 380/1/926
f 724/1/927 538/1/927 537/1/927
f 717/1/928 576/1/928 713/1/928
f 713/1/929 576/1/929 568/1/929
f 713/1/930 568/1/930 712/1/930
f 712/1/931 568/1/931 570/1/931
f 712/1/932 570/1/932 711/1/932
f 711/1/933 570/1/933 571/1/933
f 711/1/934 571/1/934 710/1/934
f 717/1/935 716/1/935 576/1/935
f 576/1/936 716/1/936 715/1/936
f 576/1/937 715/1/937 714/1/937
f 714/1/938 718/1/938 576/1/938
f 576/1/939 718/1/939 719/1/939
f 576/1/940 719/1/940 574/1/940
f 574/1/941 719/1/941 723/1/941
f 574/1/942 723/1/942 579/1/942
f 579/1/943 723/1/943 722/1/943
f 721/1/944 720/1/944 537/1/944
f 537/1/945 720/1/945 725/1/945
f 537/1/946 725/1/946 724/1/946
f 596/1/947 594/1/947 529/1/947
f 529/1/948 594/1/948 592/1/948
f 529/1/949 592/1/949 530/1/949
f 530/1/950 592/1/950 590/1/950
f 530/1/951 590/1/951 531/1/951
f 531/1/952 590/1/952 588/1/952
f 531/1/953 588/1/953 532/1/953
f 532/1/954 588/1/954 587/1/954
f 532/1/588 587/1/588 533/1/588
f 533/1/955 587/1/955 584/1/955
f 533/1/956 584/1/956 534/1/956
f 534/1/957 584/1/957 583/1/957
f 534/1/958 583/1/958 535/1/958
f 535/1/959 583/1/959 580/1/959
f 535/1/960 580/1/960 536/1/960
f 536/1/961 580/1/961 579/1/961
f 536/1/962 579/1/962 537/1/962
f 537/1/963 579/1/963 722/1/963
f 537/1/964 722/1/964 721/1/964
f 596/1/965 529/1/965 598/1/965
f 598/1/966 529/1/966 528/1/966
f 598/1/967 528/1/967 600/1/967
f 600/1/968 528/1/968 602/1/968
f 602/1/969 528/1/969 527/1/969
f 602/1/970 527/1/970 605/1/970
f 605/1/971 527/1/971 607/1/971
f 607/1/972 527/1/972 524/1/972
f 607/1/973 524/1/973 609/1/973
f 609/1/974 524/1/974 611/1/974
f 611/1/975 524/1/975 521/1/975
f 611/1/976 521/1/976 613/1/976
f 613/1/977 521/1/977 615/1/977
f 615/1/978 521/1/978 518/1/978
f 615/1/979 518/1/979 616/1/979
f 616/1/980 518/1/980 618/1/980
f 618/1/981 518/1/981 516/1/981
f 618/1/982 516/1/982 619/1/982
f 619/1/983 516/1/983 624/1/983
f 624/1/984 516/1/984 512/1/984
f 624/1/985 512/1/985 623/1/985
f 623/1/986 512/1/986 621/1/986
f 621/1/987 512/1/987 507/1/987
f 621/1/988 507/1/988 629/1/988
f 629/1/989 507/1/989 627/1/989
f 627/1/990 507/1/990 504/1/990
f 627/1/991 504/1/991 625/1/991
f 625/1/992 504/1/992 502/1/992
f 625/1/993 502/1/993 554/1/993
f 554/1/994 502/1/994 323/1/994
f 554/1/761 323/1/761 326/1/761
f 571/1/995 707/1/995 710/1/995
f 710/1/996 707/1/996 726/1/996
f 710/1/997 726/1/997 709/1/997
f 709/1/998 726/1/998 727/1/998
f 709/1/999 727/1/999 708/1/999
f 708/1/1000 727/1/1000 418/1/1000
f 708/1/1001 418/1/1001 417/1/1001
f 473/1/1002 443/1/1002 436/1/1002
f 209/1/163 291/1/163 436/1/163
f 436/1/163 291/1/163 293/1/163
f 436/1/1003 293/1/1003 473/1/1003
f 492/1/1004 454/1/1004 728/1/1004
f 492/1/1005 728/1/1005 525/1/1005
f 525/1/1006 728/1/1006 729/1/1006
f 525/1/1006 729/1/1006 526/1/1006
f 526/1/1007 729/1/1007 730/1/1007
f 526/1/1007 730/1/1007 522/1/1007
f 522/1/1008 730/1/1008 523/1/1008
f 523/1/1009 730/1/1009 731/1/1009
f 523/1/1010 731/1/1010 519/1/1010
f 519/1/1011 731/1/1011 732/1/1011
f 519/1/1011 732/1/1011 520/1/1011
f 520/1/1012 732/1/1012 517/1/1012
f 517/1/1013 732/1/1013 733/1/1013
f 517/1/1014 733/1/1014 515/1/1014
f 515/1/1015 733/1/1015 734/1/1015
f 515/1/1015 734/1/1015 510/1/1015
f 510/1/1016 734/1/1016 511/1/1016
f 511/1/1017 734/1/1017 735/1/1017
f 511/1/1018 735/1/1018 513/1/1018
f 513/1/1019 735/1/1019 736/1/1019
f 513/1/1020 736/1/1020 514/1/1020
f 514/1/1021 736/1/1021 505/1/1021
f 505/1/1022 736/1/1022 737/1/1022
f 505/1/1023 737/1/1023 506/1/1023
f 506/1/1024 737/1/1024 738/1/1024
f 506/1/1025 738/1/1025 508/1/1025
f 508/1/1026 738/1/1026 509/1/1026
f 509/1/1027 738/1/1027 739/1/1027
f 509/1/1028 739/1/1028 503/1/1028
f 503/1/1029 739/1/1029 740/1/1029
f 503/1/1029 740/1/1029 501/1/1029
f 501/1/1030 740/1/1030 324/1/1030
f 324/1/1031 740/1/1031 741/1/1031
f 324/1/1032 741/1/1032 325/1/1032
f 325/1/1033 741/1/1033 742/1/1033
f 325/1/1034 742/1/1034 329/1/1034
f 329/1/1035 742/1/1035 743/1/1035
f 329/1/1035 743/1/1035 331/1/1035
f 331/1/1036 743/1/1036 744/1/1036
f 331/1/1036 744/1/1036 333/1/1036
f 333/1/1037 744/1/1037 335/1/1037
f 335/1/1038 744/1/1038 745/1/1038
f 335/1/1039 745/1/1039 336/1/1039
f 336/1/1040 745/1/1040 746/1/1040
f 336/1/1040 746/1/1040 338/1/1040
f 338/1/1041 746/1/1041 340/1/1041
f 340/1/1042 746/1/1042 747/1/1042
f 340/1/1043 747/1/1043 341/1/1043
f 341/1/1044 747/1/1044 748/1/1044
f 341/1/1044 748/1/1044 343/1/1044
f 343/1/1045 748/1/1045 345/1/1045
f 345/1/1046 748/1/1046 749/1/1046
f 345/1/1047 749/1/1047 346/1/1047
f 346/1/1048 749/1/1048 750/1/1048
f 346/1/1049 750/1/1049 348/1/1049
f 348/1/1050 750/1/1050 350/1/1050
f 350/1/1051 750/1/1051 751/1/1051
f 350/1/1052 751/1/1052 351/1/1052
f 752/1/1053 753/1/1053 353/1/1053
f 353/1/1054 753/1/1054 355/1/1054
f 215/1/1055 753/1/1055 216/1/1055
f 216/1/1056 753/1/1056 752/1/1056
f 216/1/1057 752/1/1057 217/1/1057
f 217/1/1058 752/1/1058 218/1/1058
f 353/1/1059 351/1/1059 752/1/1059
f 752/1/1059 351/1/1059 751/1/1059
f 752/1/1060 751/1/1060 218/1/1060
f 218/1/1061 751/1/1061 750/1/1061
f 218/1/1061 750/1/1061 219/1/1061
f 219/1/1062 750/1/1062 749/1/1062
f 219/1/1062 749/1/1062 196/1/1062
f 196/1/1063 749/1/1063 748/1/1063
f 196/1/1063 748/1/1063 194/1/1063
f 194/1/1064 748/1/1064 192/1/1064
f 192/1/1065 748/1/1065 747/1/1065
f 192/1/1066 747/1/1066 189/1/1066
f 189/1/1067 747/1/1067 746/1/1067
f 189/1/1067 746/1/1067 200/1/1067
f 200/1/1068 746/1/1068 745/1/1068
f 200/1/1068 745/1/1068 197/1/1068
f 197/1/1069 745/1/1069 744/1/1069
f 197/1/1069 744/1/1069 204/1/1069
f 204/1/1070 744/1/1070 743/1/1070
f 204/1/1071 743/1/1071 201/1/1071
f 201/1/1072 743/1/1072 742/1/1072
f 201/1/1072 742/1/1072 208/1/1072
f 208/1/1073 742/1/1073 741/1/1073
f 208/1/1073 741/1/1073 205/1/1073
f 205/1/1074 741/1/1074 740/1/1074
f 205/1/1074 740/1/1074 225/1/1074
f 225/1/1075 740/1/1075 739/1/1075
f 225/1/1075 739/1/1075 227/1/1075
f 227/1/1076 739/1/1076 738/1/1076
f 227/1/1077 738/1/1077 229/1/1077
f 229/1/1078 738/1/1078 737/1/1078
f 229/1/1078 737/1/1078 231/1/1078
f 231/1/1079 737/1/1079 736/1/1079
f 231/1/1079 736/1/1079 233/1/1079
f 233/1/1080 736/1/1080 735/1/1080
f 233/1/1081 735/1/1081 235/1/1081
f 235/1/1082 735/1/1082 734/1/1082
f 235/1/1082 734/1/1082 237/1/1082
f 237/1/1083 734/1/1083 733/1/1083
f 237/1/1083 733/1/1083 239/1/1083
f 239/1/1084 733/1/1084 732/1/1084
f 239/1/1085 732/1/1085 241/1/1085
f 241/1/1086 732/1/1086 731/1/1086
f 241/1/1087 731/1/1087 243/1/1087
f 243/1/1088 731/1/1088 730/1/1088
f 243/1/1088 730/1/1088 245/1/1088
f 245/1/1089 730/1/1089 729/1/1089
f 245/1/1089 729/1/1089 247/1/1089
f 247/1/1090 729/1/1090 728/1/1090
f 247/1/1090 728/1/1090 248/1/1090
f 248/1/1091 728/1/1091 454/1/1091
f 248/1/1092 454/1/1092 222/1/1092
f 354/466/1093 138/467/1093 352/468/1093
f 352/1/1093 138/1/1093 141/1/1093
f 754/1/1094 755/1/1094 160/1/1094
f 160/1/1095 755/1/1095 756/1/1095
f 160/1/844 756/1/844 159/1/844
f 159/1/844 756/1/844 757/1/844
f 159/1/844 757/1/844 154/1/844
f 154/1/844 757/1/844 758/1/844
f 154/1/1096 758/1/1096 153/1/1096
f 153/1/844 758/1/844 759/1/844
f 153/1/844 759/1/844 152/1/844
f 152/1/844 759/1/844 760/1/844
f 152/1/1094 760/1/1094 151/1/1094
f 151/1/844 760/1/844 761/1/844
f 151/1/844 761/1/844 150/1/844
f 150/1/844 761/1/844 762/1/844
f 150/1/1094 762/1/1094 149/1/1094
f 149/1/844 762/1/844 451/1/844
f 149/1/844 451/1/844 132/1/844
f 763/1/1097 764/1/1097 765/1/1097
f 765/1/1098 764/1/1098 766/1/1098
f 755/1/1099 754/1/1099 767/1/1099
f 767/1/1100 754/1/1100 768/1/1100
f 767/1/1101 768/1/1101 769/1/1101
f 769/1/1102 770/1/1102 767/1/1102
f 767/1/1103 770/1/1103 771/1/1103
f 767/1/1104 771/1/1104 772/1/1104
f 772/1/1105 773/1/1105 767/1/1105
f 767/1/1106 773/1/1106 774/1/1106
f 767/1/1107 774/1/1107 764/1/1107
f 764/1/1108 774/1/1108 775/1/1108
f 764/1/1109 775/1/1109 766/1/1109
f 447/1/1110 448/1/1110 776/1/1110
f 776/1/1111 448/1/1111 449/1/1111
f 776/1/1112 449/1/1112 451/1/1112
f 451/1/1113 449/1/1113 450/1/1113
f 447/1/1114 776/1/1114 777/1/1114
f 777/1/1115 776/1/1115 451/1/1115
f 777/1/1116 451/1/1116 778/1/1116
f 451/1/1117 762/1/1117 778/1/1117
f 778/1/1118 762/1/1118 761/1/1118
f 778/1/1119 761/1/1119 779/1/1119
f 761/1/1120 760/1/1120 779/1/1120
f 779/1/1121 760/1/1121 759/1/1121
f 779/1/1122 759/1/1122 780/1/1122
f 759/1/1123 758/1/1123 780/1/1123
f 780/1/1124 758/1/1124 757/1/1124
f 780/1/1125 757/1/1125 767/1/1125
f 767/1/1126 757/1/1126 756/1/1126
f 767/1/1127 756/1/1127 755/1/1127
f 297/1/1128 296/1/1128 438/1/1128
f 438/1/1129 296/1/1129 440/1/1129
f 440/1/1130 296/1/1130 441/1/1130
f 441/1/1131 296/1/1131 294/1/1131
f 441/1/1132 294/1/1132 434/1/1132
f 294/1/1133 213/1/1133 434/1/1133
f 434/1/1134 213/1/1134 212/1/1134
f 434/1/1135 212/1/1135 435/1/1135
f 212/1/1136 210/1/1136 435/1/1136
f 435/1/1137 210/1/1137 209/1/1137
f 435/1/1138 209/1/1138 436/1/1138
f 316/1/1139 139/1/1139 138/1/1139
f 215/1/1140 183/1/1140 182/1/1140
f 138/469/56 354/470/56 316/471/56
f 316/471/56 354/470/56 355/472/56
f 316/1/56 355/1/56 182/1/56
f 182/1/1141 355/1/1141 753/1/1141
f 182/1/1142 753/1/1142 215/1/1142
f 131/1/1143 130/1/1143 163/1/1143
f 163/1/1144 130/1/1144 781/1/1144
f 163/1/1145 781/1/1145 161/1/1145
f 161/1/1146 781/1/1146 782/1/1146
f 161/1/1147 782/1/1147 162/1/1147
f 162/1/1148 782/1/1148 783/1/1148
f 162/1/1149 783/1/1149 164/1/1149
f 164/1/1150 783/1/1150 784/1/1150
f 164/1/1151 784/1/1151 165/1/1151
f 165/1/1152 784/1/1152 166/1/1152
f 166/1/1153 784/1/1153 785/1/1153
f 166/1/1154 785/1/1154 167/1/1154
f 167/1/1155 785/1/1155 786/1/1155
f 167/1/1156 786/1/1156 155/1/1156
f 786/1/1157 787/1/1157 155/1/1157
f 155/1/1158 787/1/1158 788/1/1158
f 155/1/1159 788/1/1159 156/1/1159
f 156/1/1160 788/1/1160 789/1/1160
f 156/1/1161 789/1/1161 157/1/1161
f 157/1/1162 789/1/1162 790/1/1162
f 157/1/1163 790/1/1163 158/1/1163
f 158/1/1164 790/1/1164 791/1/1164
f 158/1/1165 791/1/1165 160/1/1165
f 772/1/1166 771/1/1166 792/1/1166
f 792/1/1167 771/1/1167 770/1/1167
f 792/1/1168 770/1/1168 793/1/1168
f 793/1/1169 770/1/1169 769/1/1169
f 793/1/1170 769/1/1170 794/1/1170
f 794/1/1171 769/1/1171 768/1/1171
f 794/1/1172 768/1/1172 791/1/1172
f 791/1/1173 768/1/1173 754/1/1173
f 791/1/1174 754/1/1174 160/1/1174
f 792/1/1175 795/1/1175 772/1/1175
f 772/1/1176 795/1/1176 796/1/1176
f 772/1/1177 796/1/1177 773/1/1177
f 773/1/1178 796/1/1178 797/1/1178
f 773/1/1179 797/1/1179 774/1/1179
f 774/1/1180 797/1/1180 775/1/1180
f 775/1/1181 797/1/1181 798/1/1181
f 775/1/1182 798/1/1182 766/1/1182
f 766/1/1183 798/1/1183 799/1/1183
f 766/1/1184 799/1/1184 765/1/1184
f 765/1/1185 799/1/1185 800/1/1185
f 765/1/1186 800/1/1186 763/1/1186
f 801/1/844 777/1/844 802/1/844
f 802/1/844 777/1/844 778/1/844
f 802/1/844 778/1/844 803/1/844
f 803/1/844 778/1/844 779/1/844
f 803/1/844 779/1/844 804/1/844
f 804/1/844 779/1/844 780/1/844
f 804/1/844 780/1/844 805/1/844
f 805/1/844 780/1/844 767/1/844
f 805/1/844 767/1/844 806/1/844
f 806/1/844 767/1/844 764/1/844
f 806/1/844 764/1/844 807/1/844
f 807/1/844 764/1/844 763/1/844
f 807/1/844 763/1/844 800/1/844
f 801/1/1187 808/1/1187 777/1/1187
f 777/1/1187 808/1/1187 321/1/1187
f 321/1/1187 320/1/1187 777/1/1187
f 777/1/1187 320/1/1187 135/1/1187
f 777/1/1187 135/1/1187 447/1/1187
f 808/473/108 431/474/108 426/475/108
f 809/476/108 437/477/108 808/478/108
f 808/479/108 437/480/108 432/481/108
f 808/473/108 432/482/108 431/474/108
f 297/483/108 438/484/108 810/485/108
f 810/485/108 438/484/108 437/480/108
f 810/486/108 437/487/108 811/488/108
f 811/488/108 437/487/108 809/489/108
f 426/475/108 386/490/108 808/473/108
f 808/478/108 386/491/108 382/492/108
f 808/493/108 382/494/108 319/495/108
f 812/496/108 813/497/108 297/498/108
f 319/495/108 377/499/108 808/493/108
f 808/493/108 377/499/108 322/500/108
f 808/1/108 322/1/108 321/1/108
f 810/501/108 814/502/108 297/503/108
f 297/504/108 814/505/108 815/506/108
f 297/504/108 815/506/108 816/507/108
f 816/507/108 817/508/108 297/504/108
f 297/504/108 817/508/108 818/509/108
f 297/510/108 818/511/108 812/512/108
f 813/513/108 819/514/108 297/515/108
f 297/515/108 819/514/108 314/516/108
f 297/517/108 314/518/108 295/519/108
f 295/520/108 314/516/108 315/521/108
f 295/520/108 315/521/108 313/522/108
f 313/522/108 312/523/108 295/520/108
f 295/524/108 312/525/108 311/526/108
f 295/524/108 311/526/108 310/527/108
f 306/528/108 305/529/108 302/530/108
f 302/530/108 305/529/108 304/531/108
f 302/532/108 304/533/108 303/534/108
f 310/527/108 309/535/108 295/524/108
f 295/524/108 309/535/108 308/536/108
f 295/537/108 308/538/108 299/539/108
f 299/539/108 308/538/108 301/540/108
f 301/540/108 308/538/108 302/541/108
f 302/530/108 308/542/108 307/543/108
f 302/530/108 307/543/108 306/528/108
f 78/1/1188 18/1/1188 17/1/1188
f 91/1/1189 92/1/1189 820/1/1189
f 92/1/1190 88/1/1190 820/1/1190
f 820/1/1191 88/1/1191 86/1/1191
f 820/1/1192 86/1/1192 84/1/1192
f 84/1/1193 82/1/1193 820/1/1193
f 820/1/1194 82/1/1194 80/1/1194
f 820/1/1195 80/1/1195 78/1/1195
f 820/1/1196 821/1/1196 91/1/1196
f 91/1/1197 821/1/1197 177/1/1197
f 91/1/1198 177/1/1198 89/1/1198
f 78/1/1199 17/1/1199 820/1/1199
f 820/1/1200 17/1/1200 15/1/1200
f 820/1/1201 15/1/1201 822/1/1201
f 15/1/21 25/1/21 822/1/21
f 822/1/25 25/1/25 29/1/25
f 822/1/1202 29/1/1202 823/1/1202
f 29/1/1203 28/1/1203 823/1/1203
f 823/1/28 28/1/28 32/1/28
f 823/1/1204 32/1/1204 824/1/1204
f 824/1/27 32/1/27 31/1/27
f 824/1/1205 31/1/1205 825/1/1205
f 825/1/1206 31/1/1206 35/1/1206
f 825/1/1207 35/1/1207 826/1/1207
f 35/1/30 34/1/30 826/1/30
f 826/1/34 34/1/34 38/1/34
f 826/1/1208 38/1/1208 827/1/1208
f 38/1/33 37/1/33 827/1/33
f 827/1/37 37/1/37 41/1/37
f 827/1/1209 41/1/1209 828/1/1209
f 41/1/36 40/1/36 828/1/36
f 828/1/40 40/1/40 44/1/40
f 828/1/1210 44/1/1210 829/1/1210
f 44/1/39 43/1/39 829/1/39
f 829/1/43 43/1/43 47/1/43
f 829/1/1211 47/1/1211 830/1/1211
f 47/1/42 46/1/42 830/1/42
f 830/1/46 46/1/46 50/1/46
f 830/1/1212 50/1/1212 831/1/1212
f 831/1/45 50/1/45 49/1/45
f 831/1/1213 49/1/1213 832/1/1213
f 832/1/1214 49/1/1214 53/1/1214
f 832/1/1215 53/1/1215 833/1/1215
f 53/1/48 52/1/48 833/1/48
f 833/1/56 52/1/56 60/1/56
f 833/1/1216 60/1/1216 834/1/1216
f 60/1/55 59/1/55 834/1/55
f 834/1/53 59/1/53 57/1/53
f 834/1/1217 57/1/1217 835/1/1217
f 57/1/1218 55/1/1218 835/1/1218
f 835/1/63 55/1/63 65/1/63
f 835/1/1219 65/1/1219 836/1/1219
f 3/1/1220 168/1/1220 61/1/1220
f 61/1/1220 168/1/1220 837/1/1220
f 61/1/1221 837/1/1221 62/1/1221
f 62/1/1222 837/1/1222 836/1/1222
f 62/1/60 836/1/60 64/1/60
f 64/1/62 836/1/62 65/1/62
f 140/1/809 316/1/809 182/1/809
f 140/544/809 182/545/809 838/546/809
f 838/546/809 182/545/809 184/547/809
f 838/1/809 184/1/809 185/1/809
f 224/1/332 314/1/332 839/1/332
f 839/1/1223 314/1/1223 819/1/1223
f 813/1/1224 840/1/1224 819/1/1224
f 819/1/1225 840/1/1225 207/1/1225
f 819/1/1226 207/1/1226 839/1/1226
f 812/1/1227 841/1/1227 813/1/1227
f 813/1/1228 841/1/1228 203/1/1228
f 813/1/1229 203/1/1229 840/1/1229
f 818/1/1230 842/1/1230 812/1/1230
f 812/1/1231 842/1/1231 199/1/1231
f 812/1/1232 199/1/1232 841/1/1232
f 816/1/1233 195/1/1233 817/1/1233
f 817/1/1234 195/1/1234 193/1/1234
f 817/1/1235 193/1/1235 818/1/1235
f 818/1/1236 193/1/1236 191/1/1236
f 818/1/1237 191/1/1237 842/1/1237
f 843/1/1238 838/1/1238 107/1/1238
f 838/1/1239 185/1/1239 815/1/1239
f 185/1/1240 181/1/1240 815/1/1240
f 815/1/1241 181/1/1241 180/1/1241
f 815/1/1242 180/1/1242 816/1/1242
f 816/1/1243 180/1/1243 220/1/1243
f 816/1/1244 220/1/1244 195/1/1244
f 107/1/1245 105/1/1245 843/1/1245
f 843/1/1246 105/1/1246 103/1/1246
f 843/1/1246 103/1/1246 844/1/1246
f 844/1/1247 103/1/1247 101/1/1247
f 844/1/1247 101/1/1247 845/1/1247
f 845/1/1248 101/1/1248 99/1/1248
f 845/1/1249 99/1/1249 846/1/1249
f 99/1/1250 847/1/1250 846/1/1250
f 846/1/1251 847/1/1251 848/1/1251
f 846/1/1251 848/1/1251 849/1/1251
f 849/1/1252 848/1/1252 850/1/1252
f 849/1/1252 850/1/1252 851/1/1252
f 851/1/1253 850/1/1253 852/1/1253
f 851/1/1253 852/1/1253 853/1/1253
f 130/1/1254 128/1/1254 781/1/1254
f 781/1/1255 128/1/1255 782/1/1255
f 793/1/1256 794/1/1256 805/1/1256
f 793/1/1257 805/1/1257 792/1/1257
f 794/1/1258 791/1/1258 805/1/1258
f 805/1/1259 791/1/1259 790/1/1259
f 805/1/1260 790/1/1260 789/1/1260
f 786/1/1261 125/1/1261 787/1/1261
f 787/1/1262 125/1/1262 788/1/1262
f 786/1/1263 785/1/1263 125/1/1263
f 125/1/1264 785/1/1264 784/1/1264
f 125/1/1265 784/1/1265 128/1/1265
f 128/1/1266 784/1/1266 783/1/1266
f 128/1/1267 783/1/1267 782/1/1267
f 798/1/1268 806/1/1268 799/1/1268
f 799/1/1269 806/1/1269 807/1/1269
f 799/1/1270 807/1/1270 800/1/1270
f 798/1/1271 797/1/1271 806/1/1271
f 806/1/1272 797/1/1272 796/1/1272
f 806/1/1273 796/1/1273 805/1/1273
f 805/1/1274 796/1/1274 795/1/1274
f 805/1/1275 795/1/1275 792/1/1275
f 119/1/1276 803/1/1276 121/1/1276
f 121/1/1277 803/1/1277 804/1/1277
f 121/1/1277 804/1/1277 123/1/1277
f 123/1/1278 804/1/1278 805/1/1278
f 123/1/1278 805/1/1278 125/1/1278
f 125/1/1279 805/1/1279 789/1/1279
f 125/1/1280 789/1/1280 788/1/1280
f 809/548/1281 808/549/1281 801/550/1281
f 838/1/1239 815/1/1239 107/1/1239
f 107/1/1282 815/1/1282 814/1/1282
f 107/1/1282 814/1/1282 109/1/1282
f 109/551/1283 814/552/1283 810/553/1283
f 109/554/1283 810/555/1283 111/556/1283
f 111/557/1284 810/553/1284 811/558/1284
f 111/556/1284 811/559/1284 113/560/1284
f 113/561/1285 811/562/1285 809/563/1285
f 113/564/1285 809/565/1285 115/566/1285
f 115/567/1281 809/548/1281 801/550/1281
f 115/1/1286 801/1/1286 119/1/1286
f 119/1/1287 801/1/1287 802/1/1287
f 119/1/1276 802/1/1276 803/1/1276
f 178/1/844 854/1/844 855/1/844
f 178/1/844 855/1/844 93/1/844
f 93/1/844 855/1/844 856/1/844
f 93/1/844 856/1/844 94/1/844
f 140/1/844 838/1/844 176/1/844
f 176/1/844 838/1/844 843/1/844
f 176/1/844 843/1/844 175/1/844
f 175/1/844 843/1/844 844/1/844
f 175/1/844 844/1/844 174/1/844
f 174/1/844 844/1/844 845/1/844
f 174/1/844 845/1/844 172/1/844
f 172/1/844 845/1/844 846/1/844
f 172/1/844 846/1/844 170/1/844
f 170/1/844 846/1/844 849/1/844
f 170/1/844 849/1/844 169/1/844
f 169/1/844 849/1/844 851/1/844
f 169/1/844 851/1/844 168/1/844
f 168/1/844 851/1/844 853/1/844
f 168/1/844 853/1/844 837/1/844
f 837/1/844 853/1/844 857/1/844
f 837/1/844 857/1/844 836/1/844
f 836/1/844 857/1/844 858/1/844
f 836/1/844 858/1/844 835/1/844
f 835/1/844 858/1/844 859/1/844
f 835/1/844 859/1/844 834/1/844
f 834/1/844 859/1/844 860/1/844
f 834/1/844 860/1/844 833/1/844
f 833/1/844 860/1/844 861/1/844
f 833/1/844 861/1/844 832/1/844
f 832/1/844 861/1/844 862/1/844
f 832/1/844 862/1/844 831/1/844
f 831/1/844 862/1/844 830/1/844
f 830/1/844 862/1/844 863/1/844
f 830/1/844 863/1/844 829/1/844
f 829/1/844 863/1/844 864/1/844
f 829/1/844 864/1/844 828/1/844
f 828/1/844 864/1/844 865/1/844
f 828/1/844 865/1/844 827/1/844
f 827/1/844 865/1/844 866/1/844
f 827/1/844 866/1/844 826/1/844
f 826/1/844 866/1/844 867/1/844
f 826/1/844 867/1/844 825/1/844
f 825/1/844 867/1/844 868/1/844
f 825/1/844 868/1/844 824/1/844
f 824/1/844 868/1/844 823/1/844
f 823/1/844 868/1/844 869/1/844
f 823/1/844 869/1/844 822/1/844
f 822/1/844 869/1/844 870/1/844
f 822/1/844 870/1/844 820/1/844
f 820/1/844 870/1/844 854/1/844
f 820/1/844 854/1/844 821/1/844
f 821/1/844 854/1/844 178/1/844
f 821/1/844 178/1/844 177/1/844
f 99/1/108 98/1/108 847/1/108
f 847/1/108 98/1/108 173/1/108
f 847/1/108 173/1/108 848/1/108
f 848/1/108 173/1/108 171/1/108
f 848/1/108 171/1/108 850/1/108
f 850/1/108 171/1/108 137/1/108
f 850/1/108 137/1/108 852/1/108
f 852/1/108 137/1/108 2/1/108
f 852/1/108 2/1/108 871/1/108
f 871/1/108 2/1/108 1/1/108
f 871/1/108 1/1/108 872/1/108
f 872/1/108 1/1/108 63/1/108
f 872/1/108 63/1/108 873/1/108
f 873/1/108 63/1/108 54/1/108
f 873/1/108 54/1/108 874/1/108
f 874/1/108 54/1/108 56/1/108
f 87/1/1288 97/1/1288 855/1/1288
f 855/1/1289 97/1/1289 96/1/1289
f 855/1/1290 96/1/1290 856/1/1290
f 856/1/1291 96/1/1291 94/1/1291
f 71/1/1292 72/1/1292 875/1/1292
f 875/1/1293 72/1/1293 73/1/1293
f 875/1/1294 73/1/1294 74/1/1294
f 75/1/1295 76/1/1295 854/1/1295
f 854/1/1296 76/1/1296 77/1/1296
f 854/1/1297 77/1/1297 79/1/1297
f 79/1/1298 81/1/1298 854/1/1298
f 854/1/1299 81/1/1299 83/1/1299
f 854/1/1300 83/1/1300 855/1/1300
f 855/1/1301 83/1/1301 85/1/1301
f 855/1/1302 85/1/1302 87/1/1302
f 876/1/1303 66/1/1303 67/1/1303
f 67/1/1304 68/1/1304 876/1/1304
f 876/1/1305 68/1/1305 69/1/1305
f 876/1/1306 69/1/1306 875/1/1306
f 875/1/1307 69/1/1307 70/1/1307
f 875/1/1308 70/1/1308 71/1/1308
f 857/1/1309 853/1/1309 852/1/1309
f 852/1/1309 871/1/1309 857/1/1309
f 857/1/1310 871/1/1310 872/1/1310
f 857/1/1310 872/1/1310 858/1/1310
f 858/1/1311 872/1/1311 873/1/1311
f 858/1/1312 873/1/1312 859/1/1312
f 859/1/1313 873/1/1313 874/1/1313
f 859/1/1314 874/1/1314 860/1/1314
f 874/1/1315 877/1/1315 860/1/1315
f 860/1/1316 877/1/1316 878/1/1316
f 860/1/1316 878/1/1316 861/1/1316
f 861/1/1317 878/1/1317 879/1/1317
f 861/1/1317 879/1/1317 862/1/1317
f 862/1/1318 879/1/1318 880/1/1318
f 862/1/1318 880/1/1318 863/1/1318
f 863/1/1319 880/1/1319 881/1/1319
f 863/1/1319 881/1/1319 864/1/1319
f 864/1/1320 881/1/1320 882/1/1320
f 864/1/1320 882/1/1320 865/1/1320
f 865/1/1321 882/1/1321 883/1/1321
f 865/1/1321 883/1/1321 866/1/1321
f 866/1/1322 883/1/1322 884/1/1322
f 866/1/1322 884/1/1322 867/1/1322
f 867/1/1323 884/1/1323 885/1/1323
f 867/1/1323 885/1/1323 868/1/1323
f 868/1/1324 885/1/1324 886/1/1324
f 868/1/1324 886/1/1324 869/1/1324
f 869/1/1325 886/1/1325 887/1/1325
f 869/1/1325 887/1/1325 870/1/1325
f 870/1/1326 887/1/1326 875/1/1326
f 870/1/1326 875/1/1326 854/1/1326
f 854/1/1327 875/1/1327 74/1/1327
f 854/1/1328 74/1/1328 75/1/1328
f 9/1/108 66/1/108 10/1/108
f 10/1/108 66/1/108 12/1/108
f 874/1/108 56/1/108 877/1/108
f 877/1/108 56/1/108 58/1/108
f 877/1/108 58/1/108 878/1/108
f 878/1/108 58/1/108 51/1/108
f 878/1/108 51/1/108 879/1/108
f 879/1/108 51/1/108 48/1/108
f 879/1/108 48/1/108 880/1/108
f 880/1/108 48/1/108 45/1/108
f 880/1/108 45/1/108 881/1/108
f 881/1/108 45/1/108 42/1/108
f 881/1/108 42/1/108 882/1/108
f 882/1/108 42/1/108 39/1/108
f 882/1/108 39/1/108 883/1/108
f 883/1/108 39/1/108 36/1/108
f 883/1/108 36/1/108 884/1/108
f 884/1/108 36/1/108 33/1/108
f 884/1/108 33/1/108 885/1/108
f 885/1/108 33/1/108 30/1/108
f 885/1/108 30/1/108 886/1/108
f 886/1/108 30/1/108 27/1/108
f 886/1/108 27/1/108 887/1/108
f 887/1/108 27/1/108 26/1/108
f 887/1/108 26/1/108 875/1/108
f 875/1/108 26/1/108 21/1/108
f 875/1/108 21/1/108 876/1/108
f 876/1/108 21/1/108 6/1/108
f 876/1/108 6/1/108 66/1/108
f 66/1/108 6/1/108 13/1/108
f 66/1/108 13/1/108 12/1/108
