# Blender 4.4.3
# www.blender.org
mtllib left_arm_link2.mtl
o left_arm_link2
v -0.012564 -0.066134 -0.039500
v -0.025671 -0.066060 -0.039341
v -0.012564 -0.066000 -0.039000
v -0.025729 -0.066041 -0.039283
v -0.026012 -0.066000 -0.039000
v -0.025302 -0.066286 -0.039701
v -0.025463 -0.066164 -0.039549
v -0.025477 -0.066155 -0.039535
v -0.025016 -0.066853 -0.039989
v -0.025129 -0.066498 -0.039865
v -0.012564 -0.066500 -0.039866
v -0.012564 -0.066293 -0.039707
v -0.012564 -0.067000 -0.040000
v -0.025012 -0.067000 -0.040000
v -0.025012 -0.066949 -0.039999
v -0.015951 -0.070500 -0.040000
v -0.015549 -0.072000 -0.040000
v -0.012564 -0.075000 -0.040000
v -0.018549 -0.075000 -0.040000
v -0.017049 -0.074598 -0.040000
v -0.015951 -0.073500 -0.040000
v -0.017049 -0.069402 -0.040000
v -0.018549 -0.069000 -0.040000
v -0.020049 -0.069402 -0.040000
v -0.021147 -0.070500 -0.040000
v -0.025012 -0.075000 -0.040000
v -0.021549 -0.072000 -0.040000
v -0.021147 -0.073500 -0.040000
v -0.020049 -0.074598 -0.040000
v -0.012564 -0.075376 -0.039927
v -0.025012 -0.075383 -0.039924
v -0.012564 -0.075704 -0.039711
v -0.025012 -0.075707 -0.039707
v -0.012564 -0.075923 -0.039385
v -0.025012 -0.075924 -0.039383
v -0.012564 -0.076000 -0.039000
v -0.025012 -0.076000 -0.039000
v -0.025012 -0.077200 -0.036000
v -0.025012 -0.076000 -0.036000
v -0.025072 -0.075939 -0.035658
v -0.025275 -0.075737 -0.035324
v -0.025305 -0.087250 -0.035293
v -0.025088 -0.087250 -0.035618
v -0.025629 -0.087250 -0.035076
v -0.025641 -0.075371 -0.035071
v -0.025666 -0.087250 -0.035062
v -0.026012 -0.075000 -0.035000
v -0.026012 -0.087250 -0.035000
v -0.025012 -0.087250 -0.036000
v -0.025012 -0.087250 -0.043907
v -0.025020 -0.087381 -0.043907
v -0.025088 -0.087632 -0.036000
v -0.025074 -0.087596 -0.043907
v -0.025194 -0.087825 -0.043906
v -0.025305 -0.087957 -0.036000
v -0.025305 -0.087957 -0.043905
v -0.025629 -0.088173 -0.036000
v -0.025513 -0.088116 -0.043903
v -0.026012 -0.088250 -0.036000
v -0.026012 -0.088250 -0.043896
v -0.025012 -0.025821 -0.055883
v -0.025012 -0.026308 -0.057823
v -0.032789 -0.025679 -0.055768
v -0.030650 -0.026226 -0.057771
v -0.034508 -0.026037 -0.057652
v -0.036821 -0.025843 -0.057530
v -0.036326 -0.025450 -0.055603
v -0.034027 -0.025616 -0.055721
v -0.044697 -0.023837 -0.054543
v -0.042007 -0.024614 -0.055040
v -0.040817 -0.025287 -0.057178
v -0.040208 -0.024967 -0.055271
v -0.037846 -0.025297 -0.055496
v -0.043981 -0.024537 -0.056708
v -0.045236 -0.024124 -0.056448
v -0.044887 -0.023767 -0.054499
v -0.046737 -0.023509 -0.056061
v -0.047210 -0.022681 -0.053827
v -0.048898 -0.022315 -0.055310
v -0.048047 -0.022157 -0.053508
v -0.049148 -0.022147 -0.055204
v -0.049401 -0.021106 -0.052871
v -0.056578 -0.011736 -0.048661
v -0.054375 -0.013778 -0.048430
v -0.054860 -0.015472 -0.051010
v -0.053260 -0.016064 -0.049825
v -0.054617 -0.015912 -0.051287
v -0.052822 -0.016838 -0.050295
v -0.053147 -0.018201 -0.052726
v -0.051202 -0.019203 -0.051726
v -0.052047 -0.019568 -0.053585
v -0.051292 -0.020368 -0.054087
v -0.058253 -0.000415 -0.040117
v -0.057411 -0.004241 -0.042524
v -0.059821 -0.000000 -0.041283
v -0.056553 -0.007553 -0.044593
v -0.058115 -0.007148 -0.045778
v -0.056000 -0.009401 -0.045739
v -0.054649 -0.013134 -0.048036
v -0.065374 -0.057747 -0.023885
v -0.067500 -0.057809 -0.019241
v -0.066079 -0.067240 -0.018542
v -0.036197 -0.026048 -0.055479
v -0.051217 -0.019310 -0.051716
v -0.055450 -0.075540 -0.031840
v -0.054680 -0.066291 -0.034630
v -0.058147 -0.066662 -0.031108
v -0.057884 -0.037498 -0.042174
v -0.057990 -0.037417 -0.042081
v -0.059871 -0.038672 -0.039414
v -0.057262 -0.037705 -0.042783
v -0.057265 -0.037705 -0.042780
v -0.056569 -0.038380 -0.043270
v -0.057288 -0.037705 -0.042755
v -0.057599 -0.037644 -0.042439
v -0.054100 -0.037705 -0.045767
v -0.052909 -0.037981 -0.046608
v -0.050755 -0.037705 -0.048167
v -0.045012 -0.049428 -0.046484
v -0.045012 -0.049403 -0.046493
v -0.046740 -0.046441 -0.046924
v -0.045012 -0.037705 -0.050751
v -0.047689 -0.037705 -0.049768
v -0.045012 -0.050865 -0.045953
v -0.050988 -0.047023 -0.044456
v -0.045012 -0.059524 -0.042908
v -0.046905 -0.065812 -0.040133
v -0.046550 -0.065545 -0.040387
v -0.046758 -0.065263 -0.040357
v -0.046474 -0.065402 -0.040464
v -0.048829 -0.056084 -0.042237
v -0.045917 -0.063601 -0.041242
v -0.048012 -0.065619 -0.039582
v -0.048012 -0.066000 -0.039479
v -0.047888 -0.066000 -0.039549
v -0.047306 -0.065942 -0.039885
v -0.052511 -0.065230 -0.036720
v -0.052842 -0.056614 -0.039413
v -0.053709 -0.065536 -0.035678
v -0.056519 -0.057043 -0.036097
v -0.054194 -0.066047 -0.035121
v -0.052438 -0.065230 -0.036775
v -0.050274 -0.065234 -0.038307
v -0.048012 -0.065236 -0.039688
v -0.048012 -0.065239 -0.039688
v -0.054339 -0.066586 -0.034841
v -0.054251 -0.067206 -0.034743
v -0.052952 -0.071526 -0.034769
v -0.052029 -0.075548 -0.034785
v -0.061231 -0.066939 -0.027222
v -0.063887 -0.067129 -0.023020
v -0.063561 -0.075477 -0.021320
v -0.061213 -0.075500 -0.025115
v -0.060047 -0.075511 -0.026715
v -0.058481 -0.075522 -0.028649
v -0.068156 -0.075421 -0.008327
v -0.069681 -0.067156 -0.003887
v -0.068758 -0.075416 -0.003651
v -0.069855 -0.067177 0.000014
v -0.068895 -0.075422 -0.000007
v -0.070133 -0.064183 -0.003763
v -0.070092 -0.064496 -0.003676
v -0.070042 -0.064937 -0.003446
v -0.070017 -0.065221 -0.003208
v -0.069996 -0.065572 -0.002728
v -0.070012 -0.065800 -0.001800
v -0.070044 -0.065800 -0.000892
v -0.070062 -0.065800 0.000020
v -0.070190 -0.063800 -0.003800
v -0.071186 -0.057567 -0.004212
v -0.072738 -0.048218 -0.003800
v -0.072663 -0.048080 -0.004591
v -0.073655 -0.038576 -0.004905
v -0.073766 -0.039138 -0.003800
v -0.074128 -0.029008 -0.005084
v -0.074311 -0.029847 -0.003800
v -0.074436 -0.023611 -0.003800
v -0.075090 -0.021611 0.000286
v -0.074937 -0.021611 -0.000758
v -0.075105 -0.019238 0.000293
v -0.074776 -0.021611 -0.001800
v -0.073085 -0.019491 -0.010461
v -0.074688 -0.021689 -0.002354
v -0.074584 -0.021994 -0.002977
v -0.074543 -0.022196 -0.003214
v -0.074479 -0.022699 -0.003580
v -0.073079 -0.029161 -0.010487
v -0.073830 -0.010358 -0.006060
v -0.074331 -0.011406 -0.003731
v -0.074798 -0.011937 -0.001229
v -0.075055 -0.011996 0.000311
v -0.072830 -0.006967 -0.009771
v -0.073320 -0.008851 -0.008103
v -0.072844 -0.009768 -0.010237
v -0.071814 -0.000164 -0.011999
v -0.072067 -0.002642 -0.011706
v -0.069757 -0.009909 -0.020530
v -0.072394 -0.004803 -0.010997
v -0.065650 -0.010045 -0.030396
v -0.063930 -0.000322 -0.031316
v -0.067086 -0.000260 -0.025042
v -0.057608 -0.010123 -0.043876
v -0.054871 -0.019608 -0.048511
v -0.049959 -0.024214 -0.052260
v -0.049751 -0.023943 -0.052418
v -0.049546 -0.023710 -0.052565
v -0.049167 -0.023348 -0.052819
v -0.048910 -0.023145 -0.052979
v -0.048552 -0.022914 -0.053188
v -0.047897 -0.022648 -0.053530
v -0.047535 -0.022621 -0.053695
v -0.047316 -0.022696 -0.053781
v -0.045024 -0.023903 -0.054439
v -0.036494 -0.026140 -0.055435
v -0.043707 -0.024389 -0.054715
v -0.042347 -0.024782 -0.054944
v -0.039735 -0.025323 -0.055267
v -0.039143 -0.025508 -0.055305
v -0.031436 -0.026744 -0.055560
v -0.025012 -0.026921 -0.055601
v -0.025012 -0.026371 -0.055744
v -0.035677 -0.026282 -0.055464
v -0.050453 -0.027705 -0.051345
v -0.050566 -0.026944 -0.051434
v -0.053404 -0.027705 -0.049217
v -0.050662 -0.026180 -0.051518
v -0.050580 -0.025460 -0.051694
v -0.050204 -0.024593 -0.052060
v -0.050989 -0.023911 -0.051644
v -0.054730 -0.024273 -0.048535
v -0.054443 -0.027705 -0.048310
v -0.058066 -0.024511 -0.044804
v -0.057875 -0.027705 -0.044678
v -0.056124 -0.027705 -0.046657
v -0.059987 -0.028581 -0.041791
v -0.059936 -0.028203 -0.041919
v -0.061062 -0.024650 -0.040597
v -0.059840 -0.027990 -0.042085
v -0.059725 -0.027852 -0.042263
v -0.059358 -0.027705 -0.042783
v -0.059004 -0.027705 -0.043255
v -0.058271 -0.037097 -0.041863
v -0.058448 -0.036705 -0.041783
v -0.060432 -0.034037 -0.040031
v -0.059607 -0.031376 -0.041784
v -0.059979 -0.028705 -0.041783
v -0.054742 -0.014848 -0.048202
v -0.057964 -0.014974 -0.044365
v -0.060876 -0.015022 -0.040105
v -0.058134 -0.019786 -0.044707
v -0.061069 -0.019874 -0.040454
v -0.048788 -0.037705 -0.049256
v -0.054852 -0.047498 -0.041393
v -0.058363 -0.047869 -0.037820
v -0.061534 -0.048138 -0.033828
v -0.059854 -0.057372 -0.032363
v -0.062816 -0.057604 -0.028274
v -0.072682 -0.038744 -0.010264
v -0.071781 -0.048247 -0.009854
v -0.070409 -0.057713 -0.009361
v -0.068986 -0.067248 -0.008933
v -0.067164 -0.075433 -0.012563
v -0.071732 -0.019606 -0.015764
v -0.071767 -0.029293 -0.015833
v -0.071390 -0.038874 -0.015549
v -0.070513 -0.048360 -0.015017
v -0.069181 -0.057795 -0.014383
v -0.067783 -0.067278 -0.013830
v -0.065621 -0.075453 -0.017003
v -0.068265 -0.019799 -0.026096
v -0.067834 -0.009979 -0.025525
v -0.069547 -0.000209 -0.019009
v -0.068852 -0.048413 -0.020042
v -0.067799 -0.038995 -0.025745
v -0.069765 -0.038960 -0.020724
v -0.068289 -0.029471 -0.026224
v -0.070174 -0.029398 -0.021092
v -0.070130 -0.019710 -0.020986
v -0.063731 -0.019895 -0.035878
v -0.063768 -0.024709 -0.036041
v -0.066797 -0.048400 -0.024882
v -0.064352 -0.048312 -0.029494
v -0.065489 -0.038967 -0.030571
v -0.062844 -0.038864 -0.035151
v -0.063618 -0.029471 -0.035959
v -0.060837 -0.029368 -0.040449
v -0.066102 -0.029500 -0.031194
v -0.066194 -0.024705 -0.031234
v -0.066131 -0.019865 -0.031071
v -0.063213 -0.010101 -0.035117
v -0.060532 -0.010132 -0.039637
v -0.060346 -0.000384 -0.037154
v -0.037557 -0.018259 -0.053952
v -0.035515 -0.017690 -0.053858
v -0.025012 -0.021265 -0.054541
v -0.033782 -0.017279 -0.053791
v -0.025012 -0.015615 -0.053489
v -0.038513 -0.018652 -0.054018
v -0.038567 -0.018709 -0.054029
v -0.038573 -0.018725 -0.054032
v -0.038442 -0.018398 -0.053924
v -0.038496 -0.018122 -0.053687
v -0.042908 -0.020071 -0.053966
v -0.045334 -0.021330 -0.053886
v -0.045480 -0.021088 -0.053767
v -0.041267 -0.019440 -0.053999
v -0.041359 -0.019163 -0.053888
v -0.035541 -0.017536 -0.053704
v -0.035557 -0.017446 -0.053569
v -0.025012 -0.015598 -0.053442
v -0.035577 -0.017328 -0.053226
v -0.025012 -0.015545 -0.053150
v -0.035573 -0.017339 -0.052861
v -0.025012 -0.015556 -0.052968
v -0.025012 -0.015602 -0.052790
v -0.035544 -0.017481 -0.052520
v -0.025012 -0.015740 -0.052530
v -0.035494 -0.017731 -0.052258
v -0.025012 -0.016112 -0.052223
v -0.035431 -0.018061 -0.052104
v -0.035392 -0.018264 -0.052075
v -0.025012 -0.016536 -0.052121
v -0.048867 -0.024343 -0.051698
v -0.049004 -0.024204 -0.051730
v -0.049230 -0.023981 -0.051879
v -0.049409 -0.023815 -0.052124
v -0.049525 -0.023723 -0.052441
v -0.045706 -0.020682 -0.053052
v -0.045615 -0.020857 -0.053525
v -0.045657 -0.020781 -0.053391
v -0.045178 -0.021457 -0.051919
v -0.045285 -0.021286 -0.051951
v -0.045463 -0.021010 -0.052105
v -0.045602 -0.020804 -0.052363
v -0.045687 -0.020688 -0.052695
v -0.041446 -0.018898 -0.053650
v -0.041473 -0.018811 -0.053516
v -0.041507 -0.018696 -0.053174
v -0.041498 -0.018704 -0.052811
v -0.041448 -0.018838 -0.052471
v -0.041363 -0.019075 -0.052209
v -0.041253 -0.019390 -0.052052
v -0.041186 -0.019584 -0.052022
v -0.038336 -0.018838 -0.052054
v -0.038378 -0.018636 -0.052084
v -0.038447 -0.018307 -0.052240
v -0.038500 -0.018059 -0.052503
v -0.038531 -0.017920 -0.052844
v -0.038536 -0.017911 -0.053209
v -0.038514 -0.018030 -0.053553
v -0.025012 -0.027705 -0.051345
v -0.025012 -0.023705 -0.051754
v -0.025012 -0.022135 -0.051874
v -0.025012 -0.027705 -0.045719
v -0.010175 -0.027705 -0.045719
v -0.010175 -0.027839 -0.046219
v -0.025012 -0.027839 -0.046219
v -0.010175 -0.028205 -0.046585
v -0.025012 -0.028205 -0.046585
v -0.010175 -0.028705 -0.046719
v -0.025012 -0.028705 -0.046719
v -0.010175 -0.036705 -0.046719
v -0.025012 -0.036705 -0.046719
v -0.010175 -0.037205 -0.046585
v -0.025012 -0.037205 -0.046585
v -0.010175 -0.037571 -0.046219
v -0.025012 -0.037571 -0.046219
v -0.010175 -0.037705 -0.045719
v -0.025012 -0.037705 -0.045719
v -0.025112 -0.037705 -0.050298
v -0.025012 -0.037705 -0.050747
v -0.025012 -0.037705 -0.046919
v -0.045012 -0.037705 -0.049719
v -0.010175 -0.037705 -0.042783
v -0.026012 -0.037705 -0.049719
v -0.025862 -0.037705 -0.049730
v -0.025433 -0.037705 -0.049909
v -0.026012 -0.066000 -0.039549
v -0.049969 -0.066000 -0.037343
v -0.048012 -0.066000 -0.038568
v -0.051850 -0.066000 -0.036000
v -0.015792 -0.066000 -0.036000
v -0.015026 -0.066000 -0.036152
v -0.012751 -0.066000 -0.038367
v -0.013135 -0.066000 -0.037829
v -0.014377 -0.066000 -0.036586
v -0.012189 -0.066134 -0.039332
v -0.012358 -0.066134 -0.039456
v -0.012086 -0.066134 -0.039149
v -0.012208 -0.066500 -0.039790
v -0.011915 -0.066500 -0.039574
v -0.011737 -0.066500 -0.039257
v -0.012067 -0.066134 -0.038939
v -0.011862 -0.066293 -0.038914
v -0.011704 -0.066500 -0.038895
v -0.011647 -0.066617 -0.038888
v -0.012153 -0.067000 -0.039912
v -0.011815 -0.067000 -0.039663
v -0.011609 -0.067000 -0.039297
v -0.011571 -0.067000 -0.038879
v -0.025666 -0.066062 -0.039549
v -0.011571 -0.075000 -0.038879
v -0.011609 -0.075000 -0.039297
v -0.011815 -0.075000 -0.039663
v -0.012153 -0.075000 -0.039912
v -0.015549 -0.072000 -0.036800
v -0.015951 -0.070500 -0.036800
v -0.017049 -0.069402 -0.036800
v -0.018549 -0.069000 -0.036800
v -0.020049 -0.069402 -0.036800
v -0.021147 -0.070500 -0.036800
v -0.021549 -0.072000 -0.036800
v -0.021147 -0.073500 -0.036800
v -0.020049 -0.074598 -0.036800
v -0.018549 -0.075000 -0.036800
v -0.017049 -0.074598 -0.036800
v -0.015951 -0.073500 -0.036800
v -0.043538 -0.077796 -0.035000
v -0.042574 -0.078324 -0.035000
v -0.044224 -0.077611 -0.035000
v -0.042216 -0.087250 -0.035000
v -0.042216 -0.078996 -0.035000
v -0.042254 -0.078773 -0.035000
v -0.015792 -0.075000 -0.035000
v -0.018549 -0.073800 -0.035000
v -0.017649 -0.073559 -0.035000
v -0.020108 -0.071100 -0.035000
v -0.019449 -0.070441 -0.035000
v -0.053614 -0.067000 -0.035000
v -0.052324 -0.071397 -0.035000
v -0.045298 -0.077498 -0.035000
v -0.047164 -0.077365 -0.035000
v -0.015792 -0.067000 -0.035000
v -0.018549 -0.070200 -0.035000
v -0.017649 -0.070441 -0.035000
v -0.016990 -0.071100 -0.035000
v -0.016749 -0.072000 -0.035000
v -0.016990 -0.072900 -0.035000
v -0.019449 -0.073559 -0.035000
v -0.020108 -0.072900 -0.035000
v -0.020349 -0.072000 -0.035000
v -0.051340 -0.075875 -0.035000
v -0.049668 -0.076756 -0.035000
v -0.047370 -0.077336 -0.035000
v -0.025629 -0.088103 -0.035647
v -0.025088 -0.087603 -0.035854
v -0.025088 -0.087396 -0.035647
v -0.025305 -0.087903 -0.035730
v -0.025088 -0.087520 -0.035730
v -0.025305 -0.087750 -0.035500
v -0.025305 -0.087520 -0.035347
v -0.025629 -0.087903 -0.035347
v -0.025629 -0.087603 -0.035147
v -0.026012 -0.088173 -0.035618
v -0.026012 -0.087957 -0.035293
v -0.026012 -0.087632 -0.035076
v -0.042461 -0.088250 0.036000
v -0.038458 -0.088250 0.036000
v -0.038458 -0.088250 0.040000
v -0.034782 -0.088250 -0.042806
v -0.026012 -0.088250 0.040000
v -0.026012 -0.088250 0.043895
v -0.032235 -0.088250 0.040000
v -0.034782 -0.088250 0.042806
v -0.044063 -0.088250 0.039559
v -0.044062 -0.088250 -0.039559
v -0.042447 -0.088250 -0.036000
v -0.045696 -0.088250 -0.034237
v -0.052387 -0.088250 -0.034328
v -0.050759 -0.088250 -0.030612
v -0.059340 -0.088250 -0.027376
v -0.055198 -0.088250 -0.026245
v -0.064571 -0.088250 -0.019051
v -0.058905 -0.088250 -0.021243
v -0.061791 -0.088250 -0.015725
v -0.067818 -0.088250 -0.009771
v -0.063786 -0.088250 -0.009826
v -0.068919 -0.088250 -0.000000
v -0.064841 -0.088250 -0.003690
v -0.065012 -0.088250 0.000001
v -0.064842 -0.088250 0.003693
v -0.067818 -0.088250 0.009770
v -0.063788 -0.088250 0.009828
v -0.064571 -0.088250 0.019050
v -0.061794 -0.088250 0.015725
v -0.058910 -0.088250 0.021241
v -0.059340 -0.088250 0.027375
v -0.055205 -0.088250 0.026243
v -0.052388 -0.088250 0.034328
v -0.050769 -0.088250 0.030610
v -0.045709 -0.088250 0.034236
v -0.061266 0.008450 -0.035971
v -0.059867 0.008577 -0.034334
v -0.061814 0.012638 -0.033338
v -0.061052 0.017850 -0.028367
v -0.062953 0.024536 -0.025858
v -0.061794 0.026696 -0.022778
v -0.062751 0.022002 -0.027451
v -0.062045 0.014643 -0.032078
v -0.063274 0.029372 -0.022818
v -0.063285 0.029625 -0.022659
v -0.061931 0.031555 -0.019774
v -0.063340 0.032911 -0.020593
v -0.061918 0.032148 -0.019411
v -0.061875 0.033189 -0.018775
v -0.063338 0.033062 -0.020498
v -0.061669 0.035519 -0.017361
v -0.063068 0.036963 -0.018046
v -0.061277 0.037848 -0.015961
v -0.062782 0.038746 -0.016925
v -0.061017 0.038942 -0.015308
v -0.062405 0.040390 -0.015891
v -0.059989 0.041957 -0.013523
v -0.061830 0.042227 -0.014736
v -0.061134 0.043918 -0.013673
v -0.058588 0.044656 -0.011937
v -0.060310 0.045505 -0.012676
v -0.059300 0.047078 -0.011687
v -0.057631 0.046059 -0.011112
v -0.057287 0.049501 -0.010164
v -0.056978 0.047368 -0.010517
v -0.056602 0.050181 -0.009736
v -0.055383 0.051264 -0.009055
v -0.053000 -0.028705 -0.041783
v -0.053000 -0.028357 -0.041846
v -0.053000 -0.027995 -0.042080
v -0.053000 -0.027765 -0.042444
v -0.053000 -0.027705 -0.042783
v -0.070742 0.007020 -0.013667
v -0.069176 0.006927 -0.018259
v -0.069101 0.014079 -0.016128
v -0.055867 0.048707 0.000025
v -0.055867 0.048660 -0.002450
v -0.053229 0.050586 0.000011
v -0.053000 0.050722 -0.002099
v -0.053000 0.050736 0.000010
v -0.053000 0.050646 -0.006757
v -0.053000 0.050658 -0.006297
v -0.053631 0.050173 -0.007455
v -0.055768 0.048500 -0.007342
v -0.055676 0.048367 -0.009343
v -0.058207 0.046060 -0.008522
v -0.060267 0.043374 -0.009825
v -0.061939 0.040477 -0.011233
v -0.063242 0.037409 -0.012723
v -0.063167 0.033758 -0.016545
v -0.063733 0.027029 -0.020244
v -0.065552 0.013621 -0.024010
v -0.067497 0.013881 -0.020106
v -0.067327 0.020928 -0.017395
v -0.071721 0.004906 -0.010951
v -0.071693 0.002486 -0.011740
v -0.071802 -0.000000 -0.012000
v -0.071808 -0.000082 -0.012000
v -0.071856 0.006960 -0.009776
v -0.073093 0.011912 -0.001452
v -0.072715 0.011339 -0.003928
v -0.071466 0.014321 -0.007992
v -0.072387 0.010327 -0.006112
v -0.072087 0.008823 -0.008134
v -0.053000 0.050699 -0.004202
v -0.055842 0.048596 -0.004906
v -0.058417 0.046247 -0.005708
v -0.060691 0.043670 -0.006596
v -0.062653 0.040885 -0.007556
v -0.063666 0.020161 -0.024032
v -0.065325 0.027508 -0.017479
v -0.064210 0.034205 -0.014273
v -0.068645 0.021179 -0.013975
v -0.067584 0.028140 -0.011795
v -0.064306 0.037915 -0.008571
v -0.065664 0.034782 -0.009626
v -0.065030 0.034540 -0.011968
v -0.066591 0.027873 -0.014664
v -0.065686 0.020593 -0.020747
v -0.063218 0.013291 -0.027837
v -0.070510 0.021478 -0.006951
v -0.068939 0.028444 -0.005888
v -0.070590 0.025934 0.000237
v -0.073372 0.011996 0.000310
v -0.072899 0.015177 0.000296
v -0.071689 0.021609 0.000264
v -0.071390 0.022897 0.000256
v -0.067017 0.035156 0.000163
v -0.066510 0.035053 -0.004813
v -0.065990 0.037058 0.000145
v -0.064918 0.038155 -0.004287
v -0.056280 0.048384 0.000028
v -0.059106 0.045916 0.000052
v -0.058521 0.046356 -0.002851
v -0.059338 0.045692 0.000054
v -0.060922 0.043827 -0.003296
v -0.061679 0.043192 0.000081
v -0.063056 0.041087 -0.003778
v -0.063291 0.041178 0.000102
v -0.063944 0.040278 0.000112
v -0.067721 0.033706 0.000176
v -0.067857 0.033410 0.000179
v -0.069767 0.028565 0.000219
v -0.052466 -0.072289 0.036000
v -0.051597 -0.075874 0.035583
v -0.053246 -0.071046 0.035851
v -0.060315 -0.075730 0.026748
v -0.061245 -0.075705 0.025433
v -0.061639 -0.073875 0.025398
v -0.062913 -0.075657 0.022774
v -0.064822 -0.075596 0.019066
v -0.064805 -0.074828 0.019348
v -0.066667 -0.075529 0.014301
v -0.067122 -0.075511 0.012801
v -0.067887 -0.070383 0.012573
v -0.068894 -0.075422 -0.000003
v -0.076654 -0.000787 0.055095
v -0.076795 -0.005965 0.055103
v -0.076889 -0.005383 0.052888
v -0.069203 -0.034289 0.055348
v -0.068553 -0.035250 0.055357
v -0.070041 -0.035580 0.050172
v -0.052787 -0.065435 0.039082
v -0.055098 -0.066403 0.036539
v -0.057209 -0.061944 0.037495
v -0.053804 -0.066457 0.037647
v -0.053958 -0.066888 0.037270
v -0.053474 -0.066108 0.038125
v -0.053706 -0.066330 0.037802
v -0.053224 -0.065907 0.038449
v -0.053226 -0.065909 0.038446
v -0.053382 -0.066032 0.038246
v -0.052996 -0.065713 0.038748
v -0.053080 -0.065790 0.038635
v -0.053716 -0.066341 0.037787
v -0.053773 -0.066412 0.037698
v -0.052974 -0.060301 0.042662
v -0.051987 -0.061436 0.042476
v -0.051395 -0.064471 0.040723
v -0.051391 -0.064518 0.040694
v -0.051474 -0.064875 0.040407
v -0.051837 -0.065213 0.039934
v -0.055701 -0.056237 0.044174
v -0.054576 -0.055679 0.045762
v -0.053090 -0.058501 0.044157
v -0.064669 -0.044242 0.048288
v -0.059970 -0.047713 0.050253
v -0.061670 -0.048307 0.047069
v -0.057140 -0.051721 0.047999
v -0.063819 -0.040921 0.055398
v -0.064038 -0.040814 0.055196
v -0.065245 -0.039414 0.055389
v -0.064245 -0.040786 0.054873
v -0.067492 -0.040011 0.049318
v -0.064328 -0.040919 0.054491
v -0.064299 -0.041114 0.054209
v -0.064255 -0.041246 0.054062
v -0.063707 -0.042256 0.053314
v -0.062779 -0.043663 0.052526
v -0.066296 -0.038204 0.055381
v -0.070685 -0.031863 0.055325
v -0.072240 -0.030939 0.050871
v -0.071661 -0.030040 0.055306
v -0.074037 -0.026106 0.051443
v -0.073532 -0.025792 0.055260
v -0.075390 -0.021106 0.051908
v -0.075012 -0.021148 0.055209
v -0.077147 -0.004982 0.045473
v -0.076901 -0.000119 0.047372
v -0.076616 -0.000118 0.055095
v -0.077065 -0.000120 0.040959
v -0.077332 -0.009367 0.030304
v -0.077111 -0.000122 0.030648
v -0.077129 -0.000122 0.032978
v -0.076735 -0.008308 0.015384
v -0.076259 -0.005080 0.010872
v -0.076847 -0.000122 0.021777
v -0.076244 -0.002634 0.011707
v -0.076135 -0.000126 0.011999
v -0.075127 -0.011975 0.000769
v -0.075989 -0.018384 0.007378
v -0.075201 -0.011934 0.001253
v -0.075491 -0.011548 0.003263
v -0.075791 -0.010608 0.005610
v -0.075836 -0.010393 0.005999
v -0.076026 -0.009161 0.007750
v -0.075505 -0.023298 0.003775
v -0.075503 -0.022915 0.003674
v -0.075483 -0.022428 0.003413
v -0.075463 -0.022190 0.003207
v -0.075406 -0.021814 0.002678
v -0.075382 -0.021730 0.002478
v -0.075296 -0.021611 0.001800
v -0.075195 -0.021611 0.001043
v -0.074043 -0.042821 0.003800
v -0.074969 -0.034113 0.003800
v -0.075548 -0.028913 0.006750
v -0.075312 -0.028694 0.003800
v -0.075500 -0.023611 0.003800
v -0.070063 -0.065800 0.000911
v -0.070051 -0.065800 0.001800
v -0.069073 -0.070910 0.005528
v -0.070048 -0.065760 0.002198
v -0.070052 -0.065675 0.002496
v -0.070075 -0.065420 0.002972
v -0.070099 -0.065207 0.003221
v -0.070166 -0.064700 0.003586
v -0.067867 -0.075480 0.009797
v -0.068536 -0.075449 0.005798
v -0.068614 -0.075445 0.005132
v -0.057136 -0.075801 0.030584
v -0.053961 -0.066925 0.037246
v -0.053915 -0.067310 0.037072
v -0.052508 -0.072122 0.036028
v -0.053612 -0.075855 0.033963
v -0.057734 -0.072647 0.030912
v -0.059262 -0.067853 0.031269
v -0.062873 -0.068940 0.025499
v -0.061031 -0.063198 0.031874
v -0.064332 -0.064104 0.025825
v -0.065985 -0.059346 0.026304
v -0.067763 -0.054647 0.026861
v -0.065151 -0.054170 0.033449
v -0.063017 -0.058648 0.032632
v -0.062086 -0.053391 0.039728
v -0.059559 -0.057625 0.038596
v -0.058637 -0.052274 0.045678
v -0.056307 -0.052945 0.047308
v -0.067326 -0.049698 0.034246
v -0.069557 -0.049960 0.027431
v -0.069433 -0.045168 0.034972
v -0.071270 -0.045233 0.027970
v -0.071371 -0.040529 0.035605
v -0.072820 -0.040423 0.028456
v -0.073080 -0.035750 0.036144
v -0.074163 -0.035505 0.028883
v -0.074519 -0.030822 0.036598
v -0.064680 -0.049159 0.040799
v -0.067221 -0.044851 0.041752
v -0.069588 -0.040406 0.042568
v -0.071701 -0.035791 0.043251
v -0.073505 -0.030997 0.043816
v -0.074959 -0.026034 0.044282
v -0.076142 -0.025319 0.029575
v -0.076769 -0.020071 0.029852
v -0.076503 -0.020558 0.037296
v -0.077161 -0.014744 0.030091
v -0.076743 -0.015687 0.044972
v -0.077101 -0.010360 0.045235
v -0.076778 -0.010703 0.052604
v -0.076594 -0.011391 0.055127
v -0.070199 -0.064478 0.003681
v -0.070310 -0.063800 0.003800
v -0.070883 -0.060242 0.005344
v -0.072578 -0.051873 0.003800
v -0.072955 -0.049752 0.005626
v -0.074574 -0.039351 0.006142
v -0.075841 -0.029468 0.014301
v -0.076557 -0.018951 0.014868
v -0.076184 -0.007290 0.009532
v -0.076802 -0.019521 0.022367
v -0.077158 -0.008831 0.022829
v -0.075732 -0.029999 0.021812
v -0.065755 -0.075563 0.016862
v -0.065788 -0.069752 0.019255
v -0.068353 -0.059792 0.019624
v -0.075251 -0.034650 0.014000
v -0.074245 -0.039975 0.017433
v -0.074487 -0.039779 0.013692
v -0.071952 -0.049981 0.016754
v -0.072454 -0.049922 0.013087
v -0.070016 -0.060068 0.012618
v -0.071295 -0.050012 0.020370
v -0.073880 -0.040152 0.021143
v -0.074906 -0.035119 0.021492
v -0.075274 -0.030468 0.029253
v -0.075664 -0.025752 0.036979
v -0.076040 -0.020924 0.044662
v -0.076293 -0.015958 0.052286
v -0.076036 -0.016212 0.055162
v -0.070493 -0.050008 0.023930
v -0.067251 -0.059595 0.023007
v -0.073403 -0.040304 0.024818
v -0.077049 -0.000121 0.027315
v -0.071024 -0.021611 -0.001800
v -0.071024 -0.021879 -0.002800
v -0.071024 -0.022197 -0.003215
v -0.071024 -0.022611 -0.003532
v -0.071024 -0.023611 -0.003800
v -0.061024 -0.056800 -0.003800
v -0.061024 -0.063800 -0.003800
v -0.069024 -0.056800 -0.003800
v -0.069789 -0.056648 -0.003800
v -0.070438 -0.056214 -0.003800
v -0.071024 -0.054800 -0.003800
v -0.070872 -0.055565 -0.003800
v -0.061024 -0.064800 -0.003532
v -0.061024 -0.065221 -0.003208
v -0.061024 -0.065532 -0.002800
v -0.061024 -0.065800 -0.001800
v -0.067398 -0.076870 -0.000003
v -0.051806 -0.075599 -0.034913
v -0.052275 -0.076680 -0.033156
v -0.048629 -0.077364 -0.034043
v -0.051328 -0.077363 -0.032005
v -0.047677 -0.077498 -0.033513
v -0.050708 -0.077498 -0.031251
v -0.052092 -0.077498 -0.030059
v -0.055478 -0.077498 -0.026621
v -0.064627 -0.077357 -0.011760
v -0.065430 -0.077356 -0.008403
v -0.065014 -0.077491 -0.005700
v -0.065955 -0.077356 -0.004974
v -0.065410 -0.077489 -0.000002
v -0.063581 -0.076651 -0.018804
v -0.064974 -0.076645 -0.015546
v -0.066089 -0.076640 -0.012174
v -0.066923 -0.076637 -0.008694
v -0.067468 -0.076636 -0.005143
v -0.061613 -0.076658 -0.022432
v -0.059604 -0.076665 -0.025430
v -0.057344 -0.076671 -0.028246
v -0.054910 -0.076676 -0.030806
v -0.063555 -0.077358 -0.015013
v -0.062215 -0.077359 -0.018154
v -0.060324 -0.077360 -0.021651
v -0.063842 -0.077494 -0.011238
v -0.063762 -0.077494 -0.011515
v -0.061921 -0.077496 -0.016529
v -0.059289 -0.077498 -0.021482
v -0.055992 -0.077498 -0.026020
v -0.058391 -0.077361 -0.024545
v -0.056215 -0.077362 -0.027263
v -0.050208 -0.065523 -0.038207
v -0.048012 -0.065630 -0.039464
v -0.050080 -0.065785 -0.038012
v -0.048012 -0.065789 -0.039278
v -0.049899 -0.065956 -0.037739
v -0.048012 -0.065914 -0.039036
v -0.052366 -0.065520 -0.036680
v -0.052225 -0.065784 -0.036494
v -0.052026 -0.065956 -0.036233
v -0.026012 -0.042390 -0.048539
v -0.026012 -0.051765 -0.045724
v -0.045012 -0.051765 -0.045724
v -0.026012 -0.058989 -0.043116
v -0.026012 -0.065402 -0.040464
v -0.010175 -0.037571 -0.042283
v -0.010175 -0.037412 -0.042076
v -0.010175 -0.037205 -0.041917
v -0.010175 -0.037051 -0.041845
v -0.010175 -0.036705 -0.041783
v -0.009792 -0.028705 -0.046643
v -0.009792 -0.036705 -0.046643
v -0.009675 -0.036705 -0.046585
v -0.009675 -0.028705 -0.046585
v -0.009468 -0.036705 -0.046426
v -0.009468 -0.028705 -0.046426
v -0.009309 -0.036705 -0.046219
v -0.009309 -0.028705 -0.046219
v -0.009251 -0.036705 -0.046102
v -0.009251 -0.028705 -0.046101
v -0.009175 -0.028705 -0.045719
v -0.009175 -0.036705 -0.045719
v -0.009843 -0.037505 -0.046219
v -0.009983 -0.037167 -0.046585
v -0.009821 -0.037059 -0.046585
v -0.009713 -0.036897 -0.046585
v -0.009375 -0.037037 -0.046219
v -0.009562 -0.037318 -0.046219
v -0.009792 -0.037629 -0.045719
v -0.009468 -0.037412 -0.045719
v -0.009251 -0.037088 -0.045719
v -0.009792 -0.037629 -0.042783
v -0.009468 -0.037412 -0.042783
v -0.009251 -0.037088 -0.042783
v -0.009175 -0.036705 -0.042783
v -0.053698 -0.066792 -0.035022
v -0.015792 -0.066654 -0.035062
v -0.015792 -0.066293 -0.035293
v -0.053373 -0.066277 -0.035310
v -0.053568 -0.066422 -0.035184
v -0.053627 -0.066492 -0.035139
v -0.053686 -0.066611 -0.035079
v -0.015792 -0.066062 -0.035654
v -0.052528 -0.066038 -0.035725
v -0.053048 -0.066144 -0.035484
v -0.053154 -0.066179 -0.035430
v -0.014107 -0.066076 -0.036315
v -0.014880 -0.066076 -0.035799
v -0.013877 -0.066293 -0.036086
v -0.014756 -0.066293 -0.035499
v -0.013724 -0.066617 -0.035933
v -0.014673 -0.066617 -0.035299
v -0.013670 -0.067000 -0.035879
v -0.014643 -0.067000 -0.035229
v -0.012428 -0.067000 -0.037121
v -0.012481 -0.066617 -0.037175
v -0.012635 -0.066293 -0.037329
v -0.012864 -0.066076 -0.037558
v -0.012407 -0.066076 -0.038199
v -0.012115 -0.066293 -0.038057
v -0.011921 -0.066617 -0.037962
v -0.011852 -0.067000 -0.037928
v -0.011852 -0.075000 -0.037928
v -0.012428 -0.075000 -0.037121
v -0.064012 -0.078986 -0.000001
v -0.064012 -0.078986 0.000003
v -0.064012 -0.087250 0.000003
v -0.060347 -0.087250 -0.016506
v -0.060606 -0.078995 -0.015940
v -0.060872 -0.087250 -0.015332
v -0.062475 -0.078992 -0.010841
v -0.063622 -0.078988 -0.005501
v -0.063846 -0.087250 -0.003597
v -0.063307 -0.078990 -0.007383
v -0.063307 -0.087250 -0.007383
v -0.062817 -0.087250 -0.009581
v -0.050115 -0.087250 -0.029847
v -0.051116 -0.078998 -0.028976
v -0.054443 -0.087250 -0.025589
v -0.054876 -0.078998 -0.025083
v -0.055250 -0.087250 -0.024630
v -0.055250 -0.078997 -0.024630
v -0.058058 -0.087250 -0.020711
v -0.058059 -0.078997 -0.020711
v -0.060347 -0.078996 -0.016506
v -0.045179 -0.087250 -0.033381
v -0.046860 -0.078998 -0.032306
v -0.048325 -0.078998 -0.031266
v -0.026012 -0.088250 0.036000
v -0.032235 -0.088250 0.036000
v -0.042230 -0.087250 0.035000
v -0.038458 -0.087250 0.035000
v -0.042234 -0.087428 0.035016
v -0.038458 -0.087596 0.035062
v -0.042245 -0.087598 0.035062
v -0.042278 -0.087856 0.035205
v -0.038458 -0.087957 0.035293
v -0.042299 -0.087960 0.035296
v -0.038458 -0.088188 0.035654
v -0.042361 -0.088148 0.035561
v -0.045224 -0.087598 0.033434
v -0.045344 -0.087960 0.033634
v -0.045191 -0.087250 0.033380
v -0.050165 -0.087598 0.029893
v -0.050125 -0.087250 0.029845
v -0.054497 -0.087598 0.025628
v -0.054450 -0.087250 0.025587
v -0.055421 -0.087250 0.024425
v -0.058116 -0.087598 0.020744
v -0.058063 -0.087250 0.020710
v -0.060460 -0.087250 0.016267
v -0.060932 -0.087598 0.015356
v -0.060875 -0.087250 0.015332
v -0.062879 -0.087598 0.009597
v -0.062818 -0.087250 0.009582
v -0.063357 -0.087250 0.007126
v -0.063908 -0.087598 0.003606
v -0.063846 -0.087250 0.003600
v -0.064074 -0.087598 0.000003
v -0.064308 -0.087960 0.000003
v -0.064673 -0.088190 0.000003
v -0.064141 -0.087960 0.003628
v -0.064504 -0.088190 0.003661
v -0.063459 -0.088190 0.009744
v -0.061482 -0.088190 0.015591
v -0.058623 -0.088190 0.021061
v -0.054949 -0.088190 0.026021
v -0.050550 -0.088190 0.030351
v -0.045533 -0.088190 0.033945
v -0.063105 -0.087960 0.009655
v -0.061147 -0.087960 0.015448
v -0.058314 -0.087960 0.020868
v -0.054674 -0.087960 0.025782
v -0.050316 -0.087960 0.030072
v -0.072607 0.007827 -0.014186
v -0.073919 0.007899 -0.009470
v -0.073258 0.015800 -0.008302
v -0.070856 0.031405 -0.000000
v -0.070824 0.031487 -0.000000
v -0.070101 0.031330 -0.005879
v -0.071009 0.007742 -0.018868
v -0.070887 0.015548 -0.016529
v -0.069249 0.015375 -0.020575
v -0.053359 0.052807 -0.007146
v -0.053441 0.052772 -0.006139
v -0.052114 0.053605 -0.005552
v -0.065177 0.022436 -0.024347
v -0.061079 -0.000017 -0.039553
v -0.064091 0.007421 -0.032529
v -0.065059 0.037710 -0.013790
v -0.063681 0.041200 -0.012022
v -0.064163 0.037274 -0.016048
v -0.064802 0.033624 -0.018121
v -0.065117 0.029921 -0.020201
v -0.061840 0.044511 -0.010324
v -0.059500 0.047582 -0.008748
v -0.056678 0.050350 -0.007344
v -0.050228 0.054662 -0.000000
v -0.050423 0.054558 -0.001227
v -0.053236 0.052953 -0.000000
v -0.053405 0.052838 -0.002046
v -0.067908 0.030736 -0.014570
v -0.068854 0.031003 -0.011699
v -0.066999 0.034447 -0.013038
v -0.067735 0.034711 -0.010460
v -0.065755 0.038042 -0.011517
v -0.066283 0.038286 -0.009230
v -0.064467 0.041687 -0.008030
v -0.066679 0.030381 -0.017406
v -0.066036 0.034091 -0.015593
v -0.062265 0.044874 -0.006885
v -0.059672 0.047812 -0.005830
v -0.056709 0.050465 -0.004894
v -0.053426 0.052809 -0.004092
v -0.051125 0.054178 -0.003630
v -0.067240 0.015167 -0.024556
v -0.067267 0.022809 -0.021010
v -0.066793 0.007538 -0.028057
v -0.064806 0.014919 -0.028455
v -0.069095 -0.000060 -0.025426
v -0.065887 -0.000058 -0.031876
v -0.064047 -0.000047 -0.035043
v -0.069085 0.007645 -0.023497
v -0.070506 -0.000055 -0.022082
v -0.073245 0.023668 -0.000000
v -0.073206 0.023825 -0.000000
v -0.072096 0.023653 -0.007113
v -0.071574 0.029427 -0.000000
v -0.073863 0.020931 -0.000000
v -0.074777 0.015954 -0.000000
v -0.075932 0.007292 -0.000000
v -0.076548 -0.000000 -0.000000
v -0.071302 0.023519 -0.010646
v -0.059749 0.047945 -0.002914
v -0.062486 0.045069 -0.003443
v -0.063541 0.044084 -0.000000
v -0.064891 0.041935 -0.004019
v -0.067337 0.038709 -0.000000
v -0.066957 0.038575 -0.004627
v -0.067344 0.038697 -0.000000
v -0.068688 0.035026 -0.005251
v -0.068082 0.037407 -0.000000
v -0.059777 0.048028 -0.000000
v -0.059706 0.048094 -0.000000
v -0.056709 0.050540 -0.002446
v -0.057481 0.049984 -0.000000
v -0.053381 0.052863 -0.000000
v -0.068946 0.023107 -0.017607
v -0.070271 0.023341 -0.014148
v -0.069568 0.031195 -0.008800
v -0.072926 -0.000035 -0.015252
v -0.074057 -0.000022 -0.011378
v -0.053000 -0.030107 -0.041783
v -0.053000 -0.027705 -0.043413
v -0.070524 0.011413 -0.003709
v -0.070524 0.008918 -0.008030
v -0.070524 0.011934 0.001254
v -0.070524 -0.000000 -0.012000
v -0.070524 0.004881 -0.010963
v -0.070524 -0.004881 -0.010963
v -0.070524 -0.008918 -0.008030
v -0.070524 -0.011413 -0.003709
v -0.070524 -0.011934 0.001254
v -0.070524 -0.010392 0.006000
v -0.070524 -0.007054 0.009708
v -0.070524 -0.002495 0.011737
v -0.075802 0.003507 0.011476
v -0.075916 0.002496 0.011737
v -0.070524 0.002495 0.011737
v -0.076059 0.000934 0.011963
v -0.076126 -0.000000 0.012000
v -0.076130 -0.000063 0.011999
v -0.075489 0.005719 0.010549
v -0.070524 0.007053 0.009708
v -0.075252 0.007054 0.009707
v -0.074242 0.010804 0.005222
v -0.074397 0.010392 0.006000
v -0.070524 0.010392 0.006000
v -0.074658 0.009577 0.007230
v -0.075101 0.007792 0.009125
v -0.073528 0.011934 0.001255
v -0.073817 0.011635 0.002937
v -0.053484 -0.067170 0.035163
v -0.053437 -0.067154 0.035132
v -0.052031 -0.071959 0.035132
v -0.053117 -0.067050 0.035013
v -0.053104 -0.067046 0.035011
v -0.051692 -0.071872 0.035011
v -0.051143 -0.074231 0.035011
v -0.051029 -0.076564 0.035116
v -0.051485 -0.074303 0.035132
v -0.051422 -0.076166 0.035383
v -0.051757 -0.074361 0.035369
v -0.051561 -0.075944 0.035536
v -0.051929 -0.074397 0.035691
v -0.053186 -0.067072 0.035027
v -0.053701 -0.067241 0.035369
v -0.052300 -0.072027 0.035369
v -0.053868 -0.067295 0.035691
v -0.052471 -0.072070 0.035691
v -0.053870 -0.067296 0.035698
v -0.053147 -0.069785 0.036000
v -0.053915 -0.067310 0.036000
v -0.050999 -0.074201 0.035000
v -0.051549 -0.071836 0.035000
v -0.052964 -0.067000 0.035000
v -0.050509 -0.076842 0.035000
v -0.048868 -0.077281 0.035000
v -0.046313 -0.077500 0.035000
v -0.050458 -0.077500 0.032071
v -0.065259 -0.077490 0.003539
v -0.066925 -0.076952 0.005596
v -0.063049 -0.077498 0.013790
v -0.064036 -0.077496 0.010596
v -0.065921 -0.076962 0.011056
v -0.064621 -0.077494 0.008065
v -0.065061 -0.077492 0.005375
v -0.049855 -0.077052 0.035000
v -0.051709 -0.077042 0.033603
v -0.055650 -0.077029 0.029953
v -0.059093 -0.077012 0.025810
v -0.064266 -0.076976 0.016296
v -0.061980 -0.076994 0.021236
v -0.054188 -0.077500 0.028584
v -0.057436 -0.077500 0.024624
v -0.060152 -0.077500 0.020257
v -0.061021 -0.077500 0.018536
v -0.062326 -0.077499 0.015682
v -0.061024 -0.065800 0.001800
v -0.061024 -0.065648 0.002565
v -0.061024 -0.065214 0.003214
v -0.061024 -0.064565 0.003647
v -0.061024 -0.063800 0.003800
v -0.071024 -0.023611 0.003800
v -0.061024 -0.056800 0.003800
v -0.069024 -0.056800 0.003800
v -0.069281 -0.056784 0.003800
v -0.070166 -0.056442 0.003800
v -0.070798 -0.055725 0.003800
v -0.071024 -0.054800 0.003800
v -0.071024 -0.022846 0.003647
v -0.071024 -0.022197 0.003214
v -0.071024 -0.021763 0.002565
v -0.071024 -0.021611 0.001800
v -0.063074 -0.041542 0.055315
v -0.065648 -0.041204 0.057018
v -0.078533 -0.000000 0.057018
v -0.078707 -0.005560 0.057018
v -0.078510 -0.011088 0.057018
v -0.078254 -0.013744 0.057018
v -0.077847 -0.016589 0.057018
v -0.076959 -0.020803 0.057018
v -0.076630 -0.022027 0.057018
v -0.074785 -0.027312 0.057018
v -0.072312 -0.032329 0.057018
v -0.066911 -0.039843 0.057018
v -0.069254 -0.036980 0.057018
v -0.071318 -0.033982 0.057018
v -0.060603 -0.043218 0.054876
v -0.060511 -0.043394 0.054959
v -0.061537 -0.044959 0.057018
v -0.060460 -0.043461 0.054981
v -0.060626 -0.043054 0.054754
v -0.060905 -0.042915 0.054837
v -0.061183 -0.042776 0.054920
v -0.062348 -0.042044 0.055172
v -0.030590 -0.056467 0.057018
v -0.035686 -0.054312 0.055018
v -0.036143 -0.055814 0.057018
v -0.040922 -0.053228 0.055018
v -0.041604 -0.054688 0.057018
v -0.046046 -0.051649 0.055018
v -0.046951 -0.053054 0.057018
v -0.050994 -0.049560 0.055018
v -0.052117 -0.050891 0.057018
v -0.055676 -0.046962 0.055018
v -0.057004 -0.048190 0.057018
v -0.060022 -0.043862 0.055018
v -0.060184 -0.043731 0.055018
v -0.025012 -0.055137 0.055018
v -0.025012 -0.054368 0.054021
v -0.025036 -0.054533 0.054235
v -0.025073 -0.054630 0.054360
v -0.025275 -0.054886 0.054693
v -0.025012 -0.056679 0.057018
v -0.025638 -0.055078 0.054945
v -0.026012 -0.055130 0.055018
v -0.030361 -0.054936 0.055018
v -0.061553 -0.042525 0.054975
v -0.062130 -0.042133 0.055045
v -0.062291 -0.042024 0.055060
v -0.064028 -0.040918 0.054985
v -0.063487 -0.041231 0.055328
v -0.064099 -0.041206 0.054330
v -0.063409 -0.042242 0.053618
v -0.063987 -0.041057 0.054671
v -0.063938 -0.041156 0.054525
v -0.063987 -0.041235 0.054380
v -0.063772 -0.041370 0.054310
v -0.063646 -0.041709 0.054004
v -0.063231 -0.042190 0.053726
v -0.063045 -0.042112 0.053798
v -0.063976 -0.041018 0.054777
v -0.062792 -0.041686 0.055089
v -0.063357 -0.041318 0.055070
v -0.063446 -0.041272 0.055197
v -0.063817 -0.041055 0.054947
v -0.063929 -0.041015 0.054859
v -0.056059 -0.052898 0.047508
v -0.051151 -0.064503 0.040823
v -0.050888 -0.064501 0.040866
v -0.051750 -0.061437 0.042595
v -0.052854 -0.058478 0.044300
v -0.054336 -0.055640 0.045933
v -0.051494 -0.061400 0.042657
v -0.052598 -0.058411 0.044383
v -0.054073 -0.055548 0.046037
v -0.055784 -0.052789 0.047631
v -0.051777 -0.065390 0.039843
v -0.052743 -0.065594 0.038993
v -0.051648 -0.065517 0.039784
v -0.052727 -0.065812 0.038727
v -0.051271 -0.065111 0.040340
v -0.050945 -0.065068 0.040442
v -0.051509 -0.065618 0.039701
v -0.051365 -0.065688 0.039599
v -0.051997 -0.065863 0.039084
v -0.051840 -0.065928 0.038921
v -0.052373 -0.066000 0.038277
v -0.052366 -0.066000 0.038268
v -0.052589 -0.065933 0.038551
v -0.052964 -0.065784 0.038657
v -0.053320 -0.066051 0.038026
v -0.053376 -0.066089 0.037787
v -0.053560 -0.066197 0.037787
v -0.053043 -0.065948 0.038259
v -0.053271 -0.065990 0.038251
v -0.052964 -0.066000 0.037787
v -0.052957 -0.066000 0.037806
v -0.052882 -0.065990 0.038035
v -0.052812 -0.065958 0.038280
v -0.053773 -0.066413 0.036000
v -0.053587 -0.066218 0.036000
v -0.053376 -0.066089 0.036000
v -0.053209 -0.066031 0.036000
v -0.052964 -0.066000 0.036000
v -0.053963 -0.067037 0.036000
v -0.053958 -0.066891 0.036000
v -0.053909 -0.066672 0.036000
v -0.053808 -0.066464 0.036000
v -0.070641 -0.021945 -0.002762
v -0.070024 -0.022611 -0.001800
v -0.070024 -0.022745 -0.002300
v -0.070100 -0.022414 -0.002492
v -0.070158 -0.022111 -0.001800
v -0.070317 -0.022133 -0.002654
v -0.070317 -0.021904 -0.001800
v -0.070524 -0.021745 -0.001800
v -0.070641 -0.021687 -0.001800
v -0.070641 -0.022649 -0.003466
v -0.070317 -0.022757 -0.003279
v -0.070100 -0.022920 -0.002998
v -0.070024 -0.023111 -0.002666
v -0.070024 -0.023611 -0.002800
v -0.070100 -0.023611 -0.003183
v -0.070317 -0.023611 -0.003507
v -0.070641 -0.023611 -0.003724
v -0.070524 -0.054800 -0.003666
v -0.070641 -0.054800 -0.003724
v -0.070100 -0.054800 -0.003183
v -0.070158 -0.054800 -0.003300
v -0.070317 -0.054800 -0.003508
v -0.070024 -0.054800 -0.002800
v -0.069948 -0.055183 -0.002800
v -0.070072 -0.055234 -0.003300
v -0.069731 -0.055507 -0.002800
v -0.069826 -0.055602 -0.003300
v -0.069407 -0.055724 -0.002800
v -0.069458 -0.055848 -0.003300
v -0.069024 -0.055800 -0.002800
v -0.069024 -0.055934 -0.003300
v -0.070410 -0.055374 -0.003666
v -0.070085 -0.055861 -0.003666
v -0.069598 -0.056186 -0.003666
v -0.069024 -0.056300 -0.003666
v -0.061024 -0.056422 -0.003726
v -0.061024 -0.056300 -0.003666
v -0.061024 -0.056093 -0.003507
v -0.061024 -0.055934 -0.003300
v -0.061024 -0.055800 -0.002800
v -0.061024 -0.055874 -0.003179
v -0.009175 -0.028705 -0.042783
v -0.013670 -0.075000 -0.035879
v -0.032829 -0.088201 0.035691
v -0.032829 -0.088025 0.035369
v -0.032829 -0.087747 0.035132
v -0.032829 -0.087397 0.035011
v -0.026012 -0.088190 0.035659
v -0.026012 -0.087957 0.035293
v -0.026012 -0.087591 0.035060
v -0.026012 -0.087250 0.035000
v -0.032829 -0.087250 0.035000
v -0.042230 -0.078866 0.035000
v -0.019449 -0.070441 0.035000
v -0.018549 -0.070200 0.035000
v -0.014963 -0.067000 0.035000
v -0.017649 -0.070441 0.035000
v -0.042393 -0.078522 0.035000
v -0.026012 -0.076000 0.035000
v -0.042991 -0.078039 0.035000
v -0.044377 -0.077586 0.035000
v -0.017649 -0.073559 0.035000
v -0.016990 -0.072900 0.035000
v -0.014963 -0.076000 0.035000
v -0.016749 -0.072000 0.035000
v -0.016990 -0.071100 0.035000
v -0.018549 -0.073800 0.035000
v -0.019449 -0.073559 0.035000
v -0.045390 -0.077500 0.035000
v -0.044426 -0.077578 0.035000
v -0.020108 -0.071100 0.035000
v -0.020349 -0.072000 0.035000
v -0.020108 -0.072900 0.035000
v -0.065619 0.042388 0.013972
v -0.062904 0.045461 0.013982
v -0.073371 0.027908 0.013922
v -0.071898 0.031773 0.013935
v -0.079119 -0.000000 0.031881
v -0.079023 -0.000000 0.042836
v -0.078301 0.007865 0.042251
v -0.053112 0.053142 0.049985
v -0.052904 0.053258 0.049708
v -0.053307 0.052993 0.028335
v -0.052803 0.053314 0.049567
v -0.052704 0.053368 0.049424
v -0.052607 0.053422 0.049280
v -0.052511 0.053474 0.049133
v -0.052499 0.053481 0.049115
v -0.052466 0.053499 0.049061
v -0.051678 0.053921 0.047605
v -0.050778 0.054388 0.045057
v -0.050760 0.054397 0.044986
v -0.050610 0.054473 0.044355
v -0.050166 0.054696 0.041288
v -0.050103 0.054727 0.040340
v -0.057423 0.050476 0.053721
v -0.055055 0.052006 0.051991
v -0.056776 0.050807 0.028324
v -0.054741 0.052196 0.051717
v -0.054494 0.052344 0.051491
v -0.054250 0.052489 0.051258
v -0.053965 0.052655 0.050971
v -0.053327 0.053021 0.050255
v -0.068443 0.039266 0.028222
v -0.067085 0.041588 0.056909
v -0.065940 0.042570 0.028255
v -0.064854 0.044173 0.056609
v -0.063136 0.045603 0.028284
v -0.062444 0.046535 0.056017
v -0.059924 0.048651 0.055062
v -0.069395 0.038332 0.057012
v -0.069154 0.038706 0.057009
v -0.069087 0.038809 0.057008
v -0.072462 0.031984 0.028149
v -0.070454 0.036562 0.057017
v -0.070619 0.035723 0.028186
v -0.069770 0.037728 0.057015
v -0.069613 0.037984 0.057014
v -0.078592 -0.000000 0.055612
v -0.078511 0.000365 0.057018
v -0.078442 -0.000000 0.015433
v -0.078805 -0.000000 0.020978
v -0.078316 0.007848 0.027974
v -0.079060 -0.000000 0.027958
v -0.079112 -0.000000 0.031198
v -0.077556 -0.000000 0.006793
v -0.076861 0.007747 0.006795
v -0.075691 0.015824 0.006799
v -0.074576 0.023953 0.013910
v -0.070123 0.035505 0.013948
v -0.068031 0.039057 0.013961
v -0.060067 0.048348 0.028307
v -0.050045 0.054756 0.037531
v -0.050045 0.054757 0.030582
v -0.050045 0.054757 0.013637
v -0.050045 0.054757 0.011508
v -0.050045 0.054757 0.011406
v -0.050047 0.054755 0.003361
v -0.075224 0.024118 0.028077
v -0.073986 0.028100 0.028112
v -0.077040 0.016015 0.028018
v -0.076355 0.015908 0.013891
v -0.077590 0.007793 0.013876
v -0.077951 -0.000000 0.010160
v -0.072491 0.032418 0.057018
v -0.072659 0.032074 0.042456
v -0.074084 0.028080 0.057018
v -0.074155 0.028183 0.042413
v -0.075293 0.023620 0.057018
v -0.075351 0.024191 0.042372
v -0.076205 0.019091 0.057018
v -0.077073 0.016061 0.042301
v -0.077571 0.009952 0.057018
v -0.078488 0.000730 0.057018
v -0.078670 -0.000000 0.053713
v -0.070024 -0.000000 0.011500
v -0.070024 0.002391 0.011248
v -0.070024 0.006759 0.009303
v -0.070024 0.009959 0.005750
v -0.070024 0.011437 0.001202
v -0.070024 0.010937 -0.003554
v -0.070024 0.008546 -0.007695
v -0.070024 0.004677 -0.010506
v -0.070024 -0.000000 -0.011500
v -0.070024 -0.004678 -0.010506
v -0.070024 -0.008546 -0.007695
v -0.070024 -0.010937 -0.003554
v -0.070024 -0.011437 0.001202
v -0.070024 -0.009959 0.005750
v -0.070024 -0.006760 0.009303
v -0.070024 -0.002391 0.011248
v -0.058858 -0.077500 0.022241
v -0.055368 -0.077500 0.026810
v -0.051265 -0.077500 0.030839
v -0.046633 -0.077500 0.034245
v -0.060848 -0.078910 0.015395
v -0.061679 -0.078915 0.013292
v -0.061782 -0.078430 0.013330
v -0.063462 -0.078932 0.006533
v -0.063920 -0.078949 0.002680
v -0.063968 -0.078433 0.003425
v -0.063809 -0.077533 0.010390
v -0.060575 -0.077586 0.018307
v -0.062791 -0.077531 0.013696
v -0.064993 -0.077532 0.003515
v -0.064727 -0.077627 0.003492
v -0.064728 -0.077707 -0.000002
v -0.064271 -0.077957 0.003452
v -0.064421 -0.077958 -0.000002
v -0.064012 -0.078983 0.000006
v -0.064015 -0.078885 -0.000002
v -0.064012 -0.078983 0.000002
v -0.064012 -0.078983 -0.000002
v -0.062400 -0.078920 0.011102
v -0.063357 -0.078930 0.007126
v -0.063523 -0.078433 0.006804
v -0.063418 -0.078931 0.006785
v -0.059790 -0.078422 0.017903
v -0.059690 -0.078904 0.017851
v -0.060460 -0.078908 0.016267
v -0.064081 -0.078538 -0.000002
v -0.064225 -0.078216 -0.000002
v -0.060104 -0.077911 0.018064
v -0.062081 -0.077947 0.013438
v -0.062530 -0.077620 0.013601
v -0.063826 -0.077955 0.006858
v -0.064281 -0.077626 0.006939
v -0.064546 -0.077533 0.006986
v -0.070641 -0.054800 0.003723
v -0.070641 -0.023611 0.003724
v -0.070317 -0.054800 0.003507
v -0.070317 -0.023611 0.003507
v -0.070100 -0.054800 0.003182
v -0.070100 -0.023611 0.003182
v -0.070024 -0.054800 0.002800
v -0.070024 -0.023611 0.002800
v -0.061024 -0.055800 0.002800
v -0.069024 -0.055800 0.002800
v -0.069024 -0.055876 0.003182
v -0.061024 -0.055874 0.003178
v -0.069024 -0.056093 0.003507
v -0.061024 -0.056093 0.003507
v -0.069024 -0.056417 0.003723
v -0.061024 -0.056422 0.003725
v -0.069948 -0.055183 0.002800
v -0.070172 -0.055948 0.003726
v -0.070524 -0.055421 0.003726
v -0.069436 -0.055795 0.003184
v -0.069407 -0.055724 0.002800
v -0.069731 -0.055507 0.002800
v -0.069786 -0.055562 0.003184
v -0.070019 -0.055212 0.003184
v -0.069520 -0.055998 0.003510
v -0.069941 -0.055717 0.003510
v -0.070222 -0.055296 0.003510
v -0.069646 -0.056300 0.003726
v -0.070024 -0.023228 0.002724
v -0.070100 -0.023082 0.003077
v -0.070317 -0.022958 0.003377
v -0.070641 -0.022875 0.003577
v -0.070024 -0.022904 0.002507
v -0.070100 -0.022633 0.002777
v -0.070317 -0.022404 0.003007
v -0.070641 -0.022251 0.003160
v -0.070024 -0.022687 0.002182
v -0.070100 -0.022334 0.002329
v -0.070317 -0.022034 0.002453
v -0.070641 -0.021834 0.002536
v -0.070024 -0.022611 0.001800
v -0.070100 -0.022228 0.001800
v -0.070317 -0.021904 0.001800
v -0.070641 -0.021687 0.001800
v -0.026012 -0.043731 0.055018
v -0.026012 -0.043231 0.054884
v -0.026012 -0.042993 0.054693
v -0.060619 -0.042980 0.054678
v -0.060620 -0.042994 0.054693
v -0.060617 -0.042795 0.054370
v -0.026012 -0.042865 0.054518
v -0.060622 -0.042765 0.054276
v -0.026012 -0.042765 0.054277
v -0.060666 -0.042737 0.053908
v -0.026012 -0.042731 0.054018
v -0.060684 -0.042755 0.053801
v -0.026012 -0.042754 0.053801
v -0.060714 -0.042798 0.053657
v -0.026012 -0.042864 0.053518
v -0.060764 -0.042900 0.053461
v -0.026012 -0.043230 0.053152
v -0.060881 -0.043230 0.053152
v -0.025012 -0.043731 0.054018
v -0.025146 -0.043731 0.054518
v -0.025305 -0.043731 0.054725
v -0.025512 -0.043731 0.054884
v -0.025666 -0.043731 0.054956
v -0.026012 -0.064501 0.040866
v -0.061968 -0.042680 0.053470
v -0.026012 -0.065949 0.038817
v -0.026012 -0.065837 0.039245
v -0.012564 -0.065949 0.038817
v -0.012648 -0.065988 0.038533
v -0.012803 -0.066000 0.038268
v -0.026012 -0.065454 0.039994
v -0.013135 -0.066000 0.037828
v -0.014963 -0.066000 0.036000
v -0.052666 -0.066000 0.038029
v -0.009176 -0.028668 -0.042783
v -0.009210 -0.028444 -0.042932
v -0.009309 -0.028205 -0.045719
v -0.009468 -0.027998 -0.045719
v -0.009451 -0.028015 -0.043213
v -0.009675 -0.027839 -0.045719
v -0.009791 -0.027782 -0.043363
v -0.010175 -0.027705 -0.043413
v -0.010175 -0.030107 -0.041783
v -0.009675 -0.036705 -0.041917
v -0.009468 -0.036705 -0.042076
v -0.009623 -0.029876 -0.041949
v -0.009924 -0.030064 -0.041814
v -0.009309 -0.036705 -0.042283
v -0.009297 -0.029370 -0.042304
v -0.009457 -0.029681 -0.042087
v -0.009175 -0.028705 -0.042758
v -0.009237 -0.036705 -0.042437
v -0.025629 -0.076000 0.035076
v -0.025305 -0.076000 0.035293
v -0.025012 -0.076000 0.040000
v -0.025012 -0.076000 0.036000
v -0.025088 -0.076000 0.035617
v -0.011852 -0.076000 0.037928
v -0.012564 -0.076000 0.040000
v -0.012428 -0.076000 0.037121
v -0.014256 -0.076000 0.035293
v -0.014581 -0.076000 0.035076
v -0.011815 -0.076000 0.039663
v -0.012153 -0.076000 0.039912
v -0.011609 -0.076000 0.039297
v -0.011571 -0.076000 0.038879
v -0.054494 0.052342 0.051491
v -0.054251 0.052484 0.051259
v -0.053324 0.053019 0.050251
v -0.053155 0.053115 0.050040
v -0.052990 0.053208 0.049825
v -0.052910 0.053253 0.049716
v -0.052830 0.053297 0.049606
v -0.052752 0.053341 0.049494
v -0.052676 0.053383 0.049382
v -0.051633 0.051836 0.047507
v -0.051533 0.052051 0.047280
v -0.051387 0.053110 0.046838
v -0.051200 0.052859 0.046425
v -0.050812 0.054213 0.045184
v -0.053491 0.051759 0.050184
v -0.052267 0.052474 0.048523
v -0.051736 0.051616 0.047730
v -0.052459 0.051211 0.048834
v -0.054306 0.050116 0.050987
v -0.059256 0.046619 0.053179
v -0.055668 0.049243 0.051903
v -0.057694 0.047825 0.052851
v -0.068076 0.036664 0.055008
v -0.066182 0.039470 0.054918
v -0.064047 0.042084 0.054639
v -0.061716 0.044475 0.054084
v -0.068139 0.036561 0.055009
v -0.068365 0.036183 0.055013
v -0.068568 0.035833 0.055015
v -0.068715 0.035576 0.055016
v -0.069353 0.034403 0.055021
v -0.070024 0.002106 0.008544
v -0.070024 -0.002106 0.008544
v -0.070024 -0.005836 0.006587
v -0.070024 -0.008228 0.003120
v -0.070024 -0.008736 -0.001061
v -0.070024 0.008736 -0.001061
v -0.070024 0.008228 0.003120
v -0.070024 0.005835 0.006587
v -0.070024 -0.007242 -0.004999
v -0.070024 -0.004090 -0.007792
v -0.070024 -0.000000 -0.008800
v -0.070024 0.004089 -0.007792
v -0.070024 0.007242 -0.004999
v -0.060678 -0.056800 0.003738
v -0.060435 -0.056800 0.003608
v -0.060369 -0.056615 0.003532
v -0.060194 -0.056800 0.003358
v -0.060130 -0.056800 0.003248
v -0.060083 -0.056560 0.003040
v -0.060317 -0.056093 0.002800
v -0.060435 -0.055992 0.002800
v -0.060369 -0.056067 0.002985
v -0.060678 -0.055862 0.002800
v -0.060767 -0.055834 0.002800
v -0.060703 -0.055915 0.003137
v -0.060194 -0.056242 0.002800
v -0.060314 -0.056302 0.003297
v -0.060130 -0.056352 0.002800
v -0.060086 -0.056800 0.003146
v -0.060024 -0.056800 0.002800
v -0.060086 -0.056454 0.002800
v -0.060317 -0.056800 0.003507
v -0.060676 -0.056137 0.003463
v -0.060703 -0.056462 0.003685
v -0.060767 -0.056800 0.003766
v -0.025666 -0.064531 0.040919
v -0.025512 -0.043297 0.053268
v -0.025512 -0.064568 0.040982
v -0.025305 -0.064647 0.041120
v -0.025146 -0.043481 0.053585
v -0.025146 -0.064751 0.041299
v -0.025012 -0.065001 0.041732
v -0.012564 -0.066548 0.039923
v -0.025016 -0.066546 0.039922
v -0.025012 -0.066628 0.039952
v -0.012564 -0.066551 0.039924
v -0.025012 -0.066933 0.040000
v -0.012564 -0.066932 0.040000
v -0.025070 -0.066329 0.039797
v -0.012564 -0.066163 0.039639
v -0.025183 -0.066159 0.039634
v -0.012564 -0.065955 0.039209
v -0.025644 -0.065943 0.039144
v -0.025271 -0.066082 0.039526
v -0.012564 -0.065955 0.039212
v -0.025667 -0.065940 0.039122
v -0.025074 -0.065989 0.040370
v -0.025666 -0.065505 0.040029
v -0.025305 -0.065694 0.040162
v -0.025012 -0.066272 0.040569
v -0.025012 -0.066385 0.040400
v -0.009175 -0.028687 -0.042771
v -0.021147 -0.070500 0.040000
v -0.021549 -0.072000 0.040000
v -0.021147 -0.073500 0.040000
v -0.020049 -0.069402 0.040000
v -0.018549 -0.069000 0.040000
v -0.017049 -0.069402 0.040000
v -0.015951 -0.070500 0.040000
v -0.015549 -0.072000 0.040000
v -0.015951 -0.073500 0.040000
v -0.017049 -0.074598 0.040000
v -0.018549 -0.075000 0.040000
v -0.020049 -0.074598 0.040000
v -0.012160 -0.066932 0.039915
v -0.011819 -0.066932 0.039666
v -0.011610 -0.066932 0.039299
v -0.011571 -0.066932 0.038879
v -0.011697 -0.066984 0.038311
v -0.011929 -0.067000 0.037781
v -0.012428 -0.067000 0.037121
v -0.014256 -0.067000 0.035293
v -0.051197 0.051909 0.046423
v -0.050778 0.052133 0.045057
v -0.050778 0.052393 0.045057
v -0.051682 0.051646 0.047613
v -0.060524 -0.000000 -0.008800
v -0.060524 0.004089 -0.007792
v -0.060524 0.007242 -0.004999
v -0.060524 0.008736 -0.001061
v -0.060524 0.008228 0.003120
v -0.060524 0.005835 0.006587
v -0.060524 0.002106 0.008544
v -0.060524 -0.002106 0.008544
v -0.060524 -0.005836 0.006587
v -0.060524 -0.008228 0.003120
v -0.060524 -0.008736 -0.001061
v -0.060524 -0.007242 -0.004999
v -0.060524 -0.004090 -0.007792
v -0.015549 -0.072000 0.036800
v -0.015951 -0.073500 0.036800
v -0.017049 -0.074598 0.036800
v -0.018549 -0.075000 0.036800
v -0.020049 -0.074598 0.036800
v -0.021147 -0.073500 0.036800
v -0.021549 -0.072000 0.036800
v -0.021147 -0.070500 0.036800
v -0.020049 -0.069402 0.036800
v -0.018549 -0.069000 0.036800
v -0.017049 -0.069402 0.036800
v -0.015951 -0.070500 0.036800
v -0.014643 -0.075000 -0.035229
v -0.013724 -0.075383 -0.035933
v -0.014673 -0.075383 -0.035299
v -0.013877 -0.075707 -0.036086
v -0.014756 -0.075707 -0.035499
v -0.014107 -0.075924 -0.036315
v -0.014880 -0.075924 -0.035799
v -0.014377 -0.076000 -0.036586
v -0.015026 -0.076000 -0.036152
v -0.015792 -0.076000 -0.036000
v -0.015792 -0.075924 -0.035617
v -0.015792 -0.075707 -0.035293
v -0.015792 -0.075383 -0.035076
v -0.015792 -0.075346 -0.035062
v -0.050223 0.052395 0.000001
v -0.051776 0.051500 0.000005
v -0.050515 0.052230 -0.001676
v -0.051982 0.051357 -0.003840
v -0.051180 0.051842 -0.003775
v -0.052231 0.051179 -0.005740
v -0.052026 0.051361 0.003777
v -0.053000 0.051492 0.000927
v -0.052710 0.050956 0.007462
v -0.053000 0.050780 0.008580
v -0.053000 0.051056 -0.006746
v -0.014504 -0.066729 0.035154
v -0.014406 -0.066639 0.035252
v -0.014697 -0.066073 0.035734
v -0.014466 -0.066290 0.035502
v -0.014641 -0.066334 0.035327
v -0.014963 -0.066119 0.035527
v -0.014926 -0.066131 0.035506
v -0.014963 -0.066293 0.035293
v -0.014963 -0.066062 0.035654
v -0.014583 -0.067000 0.035075
v -0.014567 -0.066869 0.035091
v -0.014938 -0.066759 0.035030
v -0.014963 -0.066654 0.035062
v -0.014823 -0.066500 0.035145
v -0.014311 -0.066615 0.035347
v -0.060524 0.002500 -0.004330
v -0.060024 0.002750 -0.004763
v -0.060524 0.004330 -0.002500
v -0.060024 0.004763 -0.002750
v -0.060524 0.005000 -0.000000
v -0.060024 0.005500 -0.000000
v -0.060524 0.004330 0.002500
v -0.060024 0.004763 0.002750
v -0.060524 0.002500 0.004330
v -0.060024 0.002750 0.004763
v -0.060524 -0.000000 0.005000
v -0.060024 -0.000000 0.005500
v -0.060524 -0.002500 0.004330
v -0.060024 -0.002750 0.004763
v -0.060524 -0.004330 0.002500
v -0.060024 -0.004763 0.002750
v -0.060524 -0.005000 -0.000000
v -0.060024 -0.005500 -0.000000
v -0.060524 -0.004330 -0.002500
v -0.060024 -0.004763 -0.002750
v -0.060524 -0.002500 -0.004330
v -0.060024 -0.002750 -0.004763
v -0.060524 -0.000000 -0.005000
v -0.060024 -0.000000 -0.005500
v -0.075020 -0.004787 0.001444
v -0.075166 -0.004331 0.002499
v -0.075319 -0.003127 0.003901
v -0.075349 -0.002500 0.004330
v -0.075359 -0.001717 0.004696
v -0.075304 -0.000127 0.004998
v -0.075300 -0.000064 0.004999
v -0.075215 -0.004075 0.002897
v -0.074221 -0.004099 -0.002864
v -0.074303 -0.004330 -0.002500
v -0.074537 -0.004808 -0.001372
v -0.074787 -0.005000 -0.000001
v -0.074843 -0.004990 0.000325
v -0.073551 -0.000136 -0.004998
v -0.073701 -0.001607 -0.004735
v -0.073840 -0.002501 -0.004330
v -0.073917 -0.002907 -0.004069
v -0.073546 -0.000068 -0.005000
v -0.073541 -0.000000 -0.005000
v -0.073487 0.001477 -0.004777
v -0.073506 0.002500 -0.004330
v -0.073530 0.002925 -0.004055
v -0.073669 0.004071 -0.002903
v -0.073884 0.004787 -0.001443
v -0.073725 0.004330 -0.002500
v -0.074590 0.004330 0.002500
v -0.074346 0.004839 0.001256
v -0.074178 0.004989 0.000332
v -0.074128 0.005000 0.000043
v -0.074635 0.004199 0.002714
v -0.074916 0.003074 0.003943
v -0.075296 -0.000000 0.005000
v -0.075144 0.001623 0.004729
v -0.075019 0.002501 0.004329
v -0.074582 -0.000130 0.000337
v -0.060024 0.001986 0.008059
v -0.060024 -0.000000 0.008300
v -0.060024 -0.001986 0.008059
v -0.060024 -0.005504 0.006212
v -0.060024 -0.007761 0.002943
v -0.060024 -0.008240 -0.001001
v -0.060024 -0.006831 -0.004715
v -0.060024 -0.003857 -0.007350
v -0.060024 -0.000000 -0.008300
v -0.060024 0.003857 -0.007350
v -0.060024 0.006831 -0.004715
v -0.060024 0.008239 -0.001001
v -0.060024 0.007761 0.002943
v -0.060024 0.005504 0.006212
v -0.060024 -0.064800 -0.001800
v -0.060024 -0.064666 -0.002300
v -0.060024 -0.064300 -0.002666
v -0.060024 -0.064507 0.002507
v -0.060024 -0.064724 0.002182
v -0.060024 -0.064183 0.002724
v -0.060024 -0.064800 0.001800
v -0.060024 -0.063800 0.002800
v -0.060024 -0.063800 -0.002800
v -0.060024 -0.056800 -0.002800
v -0.060641 -0.065724 -0.001800
v -0.060524 -0.065666 0.001800
v -0.060524 -0.065666 -0.001800
v -0.060317 -0.065507 -0.001800
v -0.060158 -0.065300 0.001800
v -0.060158 -0.065300 -0.001800
v -0.025012 -0.089997 0.045762
v -0.025012 -0.088935 0.045715
v -0.025015 -0.089080 0.045721
v -0.025012 -0.091071 0.045811
v -0.025014 -0.093250 0.045907
v -0.025012 -0.093250 0.045907
v -0.025012 -0.084792 0.045574
v -0.025015 -0.083547 0.045556
v -0.025015 -0.085351 0.045586
v -0.025012 -0.087883 0.045671
v -0.025012 -0.086842 0.045632
v -0.025012 -0.085812 0.045599
v -0.025012 -0.083052 0.045553
v -0.025012 -0.081827 0.045561
v -0.025015 -0.082639 0.045554
v -0.025012 -0.080302 0.045602
v -0.025014 -0.081697 0.045563
v -0.025014 -0.079382 0.045645
v -0.025012 -0.078803 0.045682
v -0.025014 -0.078248 0.045723
v -0.025012 -0.077716 0.045769
v -0.025014 -0.077130 0.045827
v -0.025012 -0.076645 0.045882
v -0.025014 -0.076167 0.045941
v -0.025012 -0.075589 0.046022
v -0.025014 -0.075217 0.046078
v -0.025012 -0.074551 0.046190
v -0.025014 -0.074282 0.046239
v -0.025012 -0.073890 0.046314
v -0.025014 -0.073360 0.046424
v -0.025012 -0.073094 0.046483
v -0.025012 -0.071962 0.046761
v -0.025014 -0.071477 0.046894
v -0.025012 -0.070855 0.047079
v -0.025013 -0.070547 0.047176
v -0.025012 -0.069986 0.047363
v -0.025013 -0.069635 0.047487
v -0.025012 -0.069134 0.047673
v -0.025013 -0.068723 0.047833
v -0.025012 -0.068300 0.048008
v -0.025013 -0.067832 0.048210
v -0.025012 -0.067484 0.048368
v -0.025012 -0.066643 0.048775
v -0.025013 -0.066963 0.048616
v -0.025012 -0.065823 0.049208
v -0.025013 -0.066115 0.049049
v -0.025012 -0.065024 0.049665
v -0.025013 -0.065034 0.049659
v -0.025012 -0.063017 0.050982
v -0.025012 -0.062994 0.050999
v -0.025012 -0.062614 0.051278
v -0.025012 -0.064632 0.049903
v -0.025012 -0.064558 0.049950
v -0.025013 -0.064508 0.049981
v -0.025012 -0.064246 0.050147
v -0.025013 -0.064248 0.050145
v -0.025012 -0.063842 0.050411
v -0.025013 -0.063991 0.050312
v -0.025012 -0.063426 0.050693
v -0.025013 -0.063371 0.050732
v -0.025013 -0.062764 0.051166
v -0.025013 -0.062379 0.051455
v -0.025012 -0.062217 0.051579
v -0.025013 -0.061999 0.051749
v -0.025012 -0.061827 0.051886
v -0.025013 -0.061625 0.052048
v -0.025012 -0.061442 0.052198
v -0.025013 -0.061257 0.052353
v -0.025012 -0.061064 0.052516
v -0.025013 -0.060894 0.052663
v -0.025013 -0.060694 0.052837
v -0.025013 -0.060537 0.052977
v -0.025013 -0.060346 0.053149
v -0.025013 -0.060330 0.053163
v -0.025013 -0.060185 0.053296
v -0.025013 -0.059971 0.053494
v -0.025013 -0.059669 0.053782
v -0.025013 -0.059619 0.053829
v -0.025013 -0.059838 0.053619
v -0.025013 -0.059272 0.054168
v -0.025013 -0.058931 0.054511
v -0.025013 -0.059417 0.054026
v -0.025013 -0.058595 0.054858
v -0.025013 -0.059209 0.054231
v -0.025012 -0.058264 0.055209
v -0.025013 -0.058298 0.055172
v -0.025012 -0.057456 0.056104
v -0.025013 -0.058199 0.055279
v -0.025013 -0.058597 0.054855
v -0.025013 -0.059003 0.054438
v -0.025013 -0.058397 0.055066
v -0.016990 -0.071100 0.036800
v -0.017649 -0.070441 0.036800
v -0.018549 -0.070200 0.036800
v -0.019449 -0.070441 0.036800
v -0.020108 -0.071100 0.036800
v -0.020349 -0.072000 0.036800
v -0.020108 -0.072900 0.036800
v -0.019449 -0.073559 0.036800
v -0.018549 -0.073800 0.036800
v -0.017649 -0.073559 0.036800
v -0.016990 -0.072900 0.036800
v -0.016749 -0.072000 0.036800
v -0.050771 0.052391 0.045031
v -0.050761 0.052367 0.044992
v -0.050758 0.052353 0.044978
v -0.050754 0.052145 0.044964
v -0.050737 0.052218 0.044899
v -0.050730 0.052158 0.044873
v -0.012081 -0.066084 0.038783
v -0.012298 -0.065991 0.038792
v -0.012252 -0.065997 0.039165
v -0.012169 -0.066565 0.039842
v -0.012202 -0.066197 0.039572
v -0.011891 -0.066197 0.039077
v -0.011926 -0.066193 0.038784
v -0.011669 -0.066526 0.038815
v -0.011649 -0.066529 0.038976
v -0.011810 -0.066310 0.038792
v -0.011628 -0.066615 0.039152
v -0.011614 -0.066774 0.039268
v -0.011826 -0.066643 0.039609
v -0.011851 -0.066354 0.039397
v -0.060086 -0.056454 -0.002800
v -0.060130 -0.056352 -0.002800
v -0.060194 -0.056242 -0.002800
v -0.060317 -0.056093 -0.002800
v -0.060435 -0.055992 -0.002800
v -0.060678 -0.055862 -0.002800
v -0.060767 -0.055834 -0.002800
v -0.012894 -0.066060 0.037587
v -0.012505 -0.066060 0.038102
v -0.012635 -0.066293 0.037328
v -0.012185 -0.066293 0.037924
v -0.012470 -0.066659 0.037164
v -0.011982 -0.066659 0.037810
v -0.011752 -0.066676 0.038302
v -0.011927 -0.066355 0.038331
v -0.012187 -0.066127 0.038395
v -0.012521 -0.066001 0.038493
v -0.025512 -0.042865 0.054018
v -0.025146 -0.043481 0.054451
v -0.025146 -0.043298 0.054268
v -0.025512 -0.043298 0.054768
v -0.025512 -0.042981 0.054451
v -0.025146 -0.043231 0.054018
v -0.025512 -0.042981 0.053585
v -0.025146 -0.043298 0.053768
v -0.070995 0.030835 0.055031
v -0.071371 0.029873 0.055034
v -0.072859 0.025242 0.055049
v -0.074112 0.019705 0.055066
v -0.075604 0.010126 0.055087
v -0.076472 0.001992 0.055094
v -0.076613 -0.000085 0.055095
v -0.025012 -0.076200 0.036000
v -0.025012 -0.087250 0.036000
v -0.025088 -0.087250 0.035617
v -0.025305 -0.087250 0.035293
v -0.025629 -0.087250 0.035076
v -0.046365 -0.077586 0.033821
v -0.050940 -0.077586 0.030456
v -0.054991 -0.077586 0.026478
v -0.058439 -0.077586 0.021965
v -0.057997 -0.077911 0.021675
v -0.057332 -0.078894 0.021834
v -0.057702 -0.078422 0.021481
v -0.055421 -0.078888 0.024425
v -0.054330 -0.078422 0.025894
v -0.054726 -0.078886 0.025267
v -0.054276 -0.078885 0.025786
v -0.050368 -0.078422 0.029785
v -0.048706 -0.078874 0.030984
v -0.045894 -0.078422 0.033075
v -0.054595 -0.077911 0.026127
v -0.050597 -0.077911 0.030053
v -0.046083 -0.077911 0.033374
v -0.052964 -0.066062 0.035654
v -0.052964 -0.066079 0.035610
v -0.052964 -0.066293 0.035293
v -0.052964 -0.066654 0.035061
v -0.025636 -0.087566 0.035129
v -0.025636 -0.088176 0.036000
v -0.025636 -0.088121 0.035684
v -0.025308 -0.087960 0.036000
v -0.025308 -0.087917 0.035757
v -0.025089 -0.087635 0.036000
v -0.025089 -0.087611 0.035868
v -0.025089 -0.087381 0.035638
v -0.025089 -0.087522 0.035728
v -0.025308 -0.087492 0.035332
v -0.025308 -0.087752 0.035497
v -0.025636 -0.087905 0.035345
v -0.013135 -0.076000 -0.037829
v -0.012864 -0.075924 -0.037558
v -0.012635 -0.075707 -0.037329
v -0.012481 -0.075383 -0.037175
v -0.060678 -0.056800 -0.003739
v -0.060767 -0.056800 -0.003767
v -0.060703 -0.056462 -0.003685
v -0.060369 -0.056067 -0.002986
v -0.060083 -0.056560 -0.003040
v -0.060314 -0.056302 -0.003298
v -0.060703 -0.055915 -0.003138
v -0.060676 -0.056137 -0.003463
v -0.060086 -0.056800 -0.003146
v -0.060130 -0.056800 -0.003249
v -0.060194 -0.056800 -0.003358
v -0.060369 -0.056615 -0.003533
v -0.060317 -0.056800 -0.003507
v -0.060435 -0.056800 -0.003609
v -0.052673 -0.066000 0.038038
v -0.078189 -0.017726 0.009253
v -0.077931 -0.024789 0.008890
v -0.078276 -0.025710 0.019927
v -0.074474 -0.052529 0.002055
v -0.074353 -0.052672 0.007644
v -0.075668 -0.045748 0.007887
v -0.067514 -0.046419 0.044554
v -0.063759 -0.052046 0.043298
v -0.061209 -0.051410 0.047759
v -0.034264 -0.067359 0.047869
v -0.029675 -0.065184 0.049451
v -0.031545 -0.062586 0.051046
v -0.040379 -0.066628 0.047024
v -0.042118 -0.063953 0.048148
v -0.046192 -0.065707 0.045498
v -0.027923 -0.067971 0.048102
v -0.028226 -0.079679 0.045536
v -0.033217 -0.081926 0.044876
v -0.030832 -0.088593 0.045333
v -0.036031 -0.090644 0.044437
v -0.029977 -0.093250 0.045637
v -0.025613 -0.086356 0.045612
v -0.071485 -0.034002 0.056451
v -0.078871 -0.006400 0.053401
v -0.072943 -0.060672 0.000001
v -0.071933 -0.066800 -0.000001
v -0.071926 -0.066719 0.002090
v -0.071414 -0.070572 -0.000003
v -0.076508 -0.038412 0.002587
v -0.076161 -0.039785 0.000008
v -0.075630 -0.045462 0.002276
v -0.075072 -0.048428 -0.000002
v -0.077085 -0.019029 0.000001
v -0.077035 -0.024068 0.000004
v -0.077444 -0.024337 0.003357
v -0.076829 -0.030562 0.000004
v -0.076308 -0.038236 0.000006
v -0.078120 -0.003537 0.009976
v -0.078995 -0.004255 0.020802
v -0.079324 -0.005017 0.031700
v -0.077463 -0.020720 0.052631
v -0.078536 -0.013617 0.053039
v -0.067589 -0.039977 0.055361
v -0.033552 -0.060167 0.052828
v -0.029131 -0.058279 0.055070
v -0.029618 -0.076436 0.045729
v -0.041159 -0.092486 0.042922
v -0.039621 -0.093250 0.043516
v -0.034861 -0.093250 0.044835
v -0.047615 -0.087466 0.039592
v -0.046332 -0.093250 0.040643
v -0.044218 -0.093250 0.041686
v -0.048587 -0.093250 0.039374
v -0.052046 -0.088862 0.036728
v -0.052684 -0.093250 0.036605
v -0.056166 -0.090055 0.033366
v -0.056459 -0.093250 0.033414
v -0.059887 -0.091084 0.029554
v -0.059861 -0.093250 0.029848
v -0.063142 -0.091990 0.025339
v -0.062865 -0.093250 0.025931
v -0.065885 -0.092811 0.020769
v -0.065434 -0.093250 0.021712
v -0.069554 -0.087376 0.009462
v -0.069145 -0.093250 0.012553
v -0.068138 -0.086719 0.014602
v -0.067537 -0.093250 0.017231
v -0.066160 -0.086030 0.019492
v -0.070811 -0.093250 0.002753
v -0.070613 -0.093250 0.005069
v -0.070374 -0.088024 0.004127
v -0.070242 -0.093250 0.007709
v -0.069667 -0.093250 0.010544
v -0.049314 -0.080945 0.038745
v -0.042960 -0.085840 0.041917
v -0.044987 -0.079348 0.041316
v -0.038144 -0.083987 0.043679
v -0.035831 -0.075490 0.044994
v -0.040480 -0.077522 0.043397
v -0.041760 -0.074398 0.043576
v -0.047335 -0.073120 0.041516
v -0.031081 -0.073280 0.046161
v -0.037252 -0.072405 0.045413
v -0.043130 -0.071380 0.044002
v -0.038763 -0.069445 0.046098
v -0.037892 -0.062082 0.050554
v -0.026272 -0.070936 0.047043
v -0.032625 -0.070245 0.046873
v -0.066100 -0.052500 0.038664
v -0.069401 -0.046641 0.039672
v -0.072435 -0.040503 0.040490
v -0.063142 -0.045489 0.053904
v -0.069393 -0.040295 0.050515
v -0.072826 -0.034142 0.051431
v -0.075554 -0.027595 0.052114
v -0.077953 -0.020535 0.047347
v -0.076337 -0.027491 0.046900
v -0.073992 -0.034157 0.046322
v -0.071004 -0.040472 0.045558
v -0.065429 -0.046032 0.049299
v -0.058454 -0.050606 0.052048
v -0.055501 -0.049669 0.056176
v -0.079235 -0.005781 0.042610
v -0.073824 -0.052803 0.013147
v -0.075352 -0.046029 0.013436
v -0.076612 -0.039185 0.013757
v -0.076710 -0.038799 0.008192
v -0.077558 -0.032259 0.014087
v -0.077455 -0.031814 0.008532
v -0.076907 -0.007305 -0.000009
v -0.077428 -0.032698 0.019607
v -0.076236 -0.039559 0.019265
v -0.074708 -0.046289 0.018903
v -0.072915 -0.052906 0.018539
v -0.077916 -0.026587 0.030859
v -0.078813 -0.019498 0.031168
v -0.078807 -0.018616 0.020228
v -0.079048 -0.011451 0.020515
v -0.078259 -0.010637 0.009613
v -0.078340 -0.020257 0.042001
v -0.079064 -0.013062 0.042319
v -0.079272 -0.012287 0.031440
v -0.076989 -0.027276 0.041614
v -0.075001 -0.034042 0.041124
v -0.077517 -0.026967 0.036263
v -0.075859 -0.033814 0.035845
v -0.073688 -0.040401 0.035320
v -0.071086 -0.046712 0.034659
v -0.068216 -0.052785 0.033865
v -0.062820 -0.058203 0.037532
v -0.060062 -0.057498 0.041857
v -0.057084 -0.056596 0.045967
v -0.053903 -0.055511 0.049863
v -0.050527 -0.054284 0.053561
v -0.053413 -0.082310 0.035700
v -0.057219 -0.083463 0.032219
v -0.060655 -0.084440 0.028337
v -0.063652 -0.085282 0.024084
v -0.058637 -0.076991 0.031652
v -0.063326 -0.071480 0.027467
v -0.061792 -0.077880 0.027630
v -0.065812 -0.072092 0.022947
v -0.064536 -0.078629 0.023275
v -0.067861 -0.072601 0.018155
v -0.066815 -0.079276 0.018611
v -0.069431 -0.073042 0.013118
v -0.068585 -0.079858 0.013669
v -0.070484 -0.073445 0.007872
v -0.069809 -0.080403 0.008493
v -0.070990 -0.073830 0.002465
v -0.070455 -0.080935 0.003137
v -0.070686 -0.078403 -0.000004
v -0.070513 -0.086038 -0.000009
v -0.067479 -0.065669 0.023011
v -0.069288 -0.066004 0.018061
v -0.070655 -0.066274 0.012901
v -0.071544 -0.066505 0.007564
v -0.038064 -0.055750 0.056683
v -0.042111 -0.057362 0.053778
v -0.046026 -0.058961 0.050771
v -0.049774 -0.060470 0.047574
v -0.050088 -0.067286 0.042540
v -0.053335 -0.061823 0.044132
v -0.053786 -0.068653 0.039252
v -0.056692 -0.062977 0.040424
v -0.057255 -0.069795 0.035633
v -0.059825 -0.063920 0.036448
v -0.062699 -0.064663 0.032214
v -0.065336 -0.058721 0.032999
v -0.067569 -0.059081 0.028267
v -0.070079 -0.052927 0.028907
v -0.071656 -0.052957 0.023797
v -0.072548 -0.046658 0.029523
v -0.073764 -0.046507 0.024269
v -0.074752 -0.040191 0.030055
v -0.075608 -0.039902 0.024701
v -0.076560 -0.033498 0.030494
v -0.077089 -0.033118 0.025079
v -0.069480 -0.059314 0.023339
v -0.065267 -0.065234 0.027733
v -0.060454 -0.070727 0.031699
v -0.055133 -0.075921 0.035324
v -0.051349 -0.074637 0.038620
v -0.070894 -0.093250 -0.000008
v -0.025012 -0.076200 0.040400
v -0.062479 -0.042124 0.053847
v -0.062311 -0.041974 0.054137
v -0.062187 -0.041939 0.054480
v -0.062124 -0.042024 0.054834
v -0.060086 -0.063800 0.003146
v -0.060158 -0.063800 0.003300
v -0.060678 -0.063800 0.003738
v -0.060317 -0.063800 0.003507
v -0.060524 -0.063800 0.003666
v -0.060524 -0.064514 0.003524
v -0.060524 -0.065119 0.003119
v -0.060524 -0.065524 0.002514
v -0.060158 -0.064374 0.003185
v -0.060158 -0.064861 0.002860
v -0.060158 -0.065186 0.002374
v -0.053633 -0.066866 0.035269
v -0.053648 -0.066292 0.035823
v -0.053270 -0.066116 0.035646
v -0.053263 -0.066694 0.035096
v -0.053294 -0.066351 0.035314
v -0.053702 -0.066541 0.035505
v -0.053843 -0.067142 0.035544
v -0.053933 -0.066845 0.035809
v -0.009675 -0.028188 -0.043101
v -0.025541 -0.088133 0.043904
v -0.025305 -0.087957 0.043906
v -0.025195 -0.087826 0.043906
v -0.025072 -0.087591 0.043907
v -0.025024 -0.087402 0.043907
v -0.025012 -0.087250 0.043907
v -0.011921 -0.075383 -0.037962
v -0.011644 -0.075376 -0.038888
v -0.012115 -0.075707 -0.038057
v -0.011858 -0.075704 -0.038914
v -0.012407 -0.075924 -0.038199
v -0.012182 -0.075923 -0.038953
v -0.012751 -0.076000 -0.038367
v -0.009843 -0.037505 -0.042283
v -0.009821 -0.037059 -0.041917
v -0.009713 -0.036897 -0.041917
v -0.009983 -0.037167 -0.041917
v -0.009375 -0.037037 -0.042283
v -0.009562 -0.037318 -0.042283
v -0.060641 -0.064762 -0.003466
v -0.060641 -0.065466 -0.002762
v -0.060317 -0.065278 -0.002654
v -0.060100 -0.064997 -0.002492
v -0.060317 -0.064654 -0.003279
v -0.060100 -0.064491 -0.002998
v -0.060641 -0.063800 -0.003724
v -0.060317 -0.063800 -0.003507
v -0.060100 -0.063800 -0.003183
v -0.053000 0.050851 -0.006751
v -0.073503 0.023368 0.041132
v -0.072395 0.027134 0.041182
v -0.050045 0.052494 0.003182
v -0.050041 0.052498 0.006512
v -0.050042 0.052500 0.009120
v -0.050044 0.052508 0.026856
v -0.053385 0.050617 0.027635
v -0.056585 0.048492 0.027630
v -0.059597 0.046125 0.027621
v -0.066744 0.037348 0.013869
v -0.064565 0.040483 0.013861
v -0.062110 0.043388 0.013852
v -0.068639 0.034011 0.013873
v -0.070253 0.030504 0.013875
v -0.072720 0.023124 0.013873
v -0.075583 0.007666 0.013868
v -0.074397 0.015452 0.013870
v -0.076302 0.007711 0.027331
v -0.075137 0.015615 0.041043
v -0.076326 0.007735 0.040982
v -0.071027 0.030788 0.041232
v -0.069151 0.034196 0.027536
v -0.067185 0.037522 0.027565
v -0.064925 0.040633 0.027589
v -0.062387 0.043505 0.027607
v -0.050044 0.052513 0.036053
v -0.050109 0.052481 0.040451
v -0.050466 0.052297 0.043637
v -0.075075 0.015550 0.027374
v -0.073363 0.023274 0.027435
v -0.072218 0.027035 0.027469
v -0.070824 0.030688 0.027504
v -0.053877 0.051080 -0.007679
v -0.050263 0.052505 -0.000282
v -0.050630 0.052765 -0.002113
v -0.051261 0.053170 -0.003938
v -0.063908 -0.087598 -0.003603
v -0.062878 -0.087598 -0.009596
v -0.060929 -0.087598 -0.015356
v -0.058111 -0.087598 -0.020745
v -0.042258 -0.087825 -0.035183
v -0.042230 -0.087596 -0.035063
v -0.045211 -0.087598 -0.033435
v -0.042219 -0.087397 -0.035011
v -0.054490 -0.087598 -0.025630
v -0.050156 -0.087598 -0.029895
v -0.045332 -0.087960 -0.033635
v -0.042284 -0.087957 -0.035294
v -0.045521 -0.088190 -0.033947
v -0.042368 -0.088188 -0.035654
v -0.042350 -0.088156 -0.035578
v -0.050541 -0.088190 -0.030353
v -0.054942 -0.088190 -0.026023
v -0.058618 -0.088190 -0.021062
v -0.061479 -0.088190 -0.015592
v -0.063457 -0.088190 -0.009743
v -0.064504 -0.088190 -0.003658
v -0.064141 -0.087960 -0.003625
v -0.063104 -0.087960 -0.009653
v -0.061144 -0.087960 -0.015448
v -0.058309 -0.087960 -0.020869
v -0.054667 -0.087960 -0.025784
v -0.050306 -0.087960 -0.030074
v -0.016749 -0.072000 -0.036800
v -0.016990 -0.071100 -0.036800
v -0.017649 -0.070441 -0.036800
v -0.018549 -0.070200 -0.036800
v -0.019449 -0.070441 -0.036800
v -0.020108 -0.071100 -0.036800
v -0.020349 -0.072000 -0.036800
v -0.020108 -0.072900 -0.036800
v -0.019449 -0.073559 -0.036800
v -0.018549 -0.073800 -0.036800
v -0.017649 -0.073559 -0.036800
v -0.016990 -0.072900 -0.036800
v -0.046901 -0.078538 -0.032366
v -0.063937 -0.078066 -0.005546
v -0.047117 -0.077919 -0.032685
v -0.047046 -0.078057 -0.032581
v -0.063690 -0.078538 -0.005511
v -0.062542 -0.078539 -0.010861
v -0.064498 -0.077620 -0.005627
v -0.063337 -0.077619 -0.011091
v -0.060671 -0.078539 -0.015969
v -0.058120 -0.078538 -0.020749
v -0.054931 -0.078538 -0.025129
v -0.061436 -0.077617 -0.016312
v -0.058836 -0.077615 -0.021198
v -0.055581 -0.077614 -0.025675
v -0.051733 -0.077614 -0.029660
v -0.051165 -0.078538 -0.029029
v -0.051339 -0.078057 -0.029222
v -0.055130 -0.078057 -0.025296
v -0.058339 -0.078058 -0.020886
v -0.060905 -0.078061 -0.016074
v -0.062785 -0.078063 -0.010931
v -0.051423 -0.077919 -0.029316
v -0.055226 -0.077919 -0.025377
v -0.058445 -0.077921 -0.020953
v -0.061018 -0.077923 -0.016124
v -0.062902 -0.077926 -0.010965
v -0.064056 -0.077929 -0.005563
v -0.047377 -0.077614 -0.033069
v -0.009742 -0.028455 -0.046585
v -0.009925 -0.028272 -0.046585
v -0.009425 -0.028272 -0.046219
v -0.009742 -0.027955 -0.046219
v -0.026012 -0.065933 -0.039909
v -0.026012 -0.065700 -0.040263
v -0.052715 -0.065944 -0.035913
v -0.053652 -0.065770 -0.035622
v -0.052887 -0.065780 -0.036064
v -0.053501 -0.065939 -0.035595
v -0.053966 -0.066371 -0.035135
v -0.053332 -0.066078 -0.035530
v -0.053799 -0.066439 -0.035151
v -0.053955 -0.067110 -0.034934
v -0.052660 -0.071450 -0.034941
v -0.012196 -0.075923 -0.039114
v -0.011679 -0.075376 -0.039275
v -0.011885 -0.075704 -0.039211
v -0.011870 -0.075376 -0.039614
v -0.012032 -0.075704 -0.039471
v -0.012275 -0.075923 -0.039255
v -0.012406 -0.075923 -0.039351
v -0.012272 -0.075704 -0.039648
v -0.012183 -0.075376 -0.039845
v -0.025012 -0.066866 -0.040269
v -0.025074 -0.066543 -0.040144
v -0.025305 -0.066206 -0.040014
v -0.025666 -0.065990 -0.039931
v -0.025666 -0.065427 -0.040521
v -0.025666 -0.065743 -0.040307
v -0.025305 -0.065520 -0.040732
v -0.025305 -0.065905 -0.040472
v -0.025074 -0.065665 -0.041063
v -0.025074 -0.066158 -0.040730
v -0.025012 -0.065804 -0.041380
v -0.025012 -0.066400 -0.040977
v -0.025012 -0.066809 -0.040400
v -0.025703 -0.042403 -0.048587
v -0.025023 -0.042611 -0.049363
v -0.025144 -0.042520 -0.049025
v -0.025381 -0.042448 -0.048756
v -0.025012 -0.059351 -0.044048
v -0.025703 -0.059007 -0.043162
v -0.025381 -0.059071 -0.043326
v -0.025144 -0.059171 -0.043585
v -0.025023 -0.059298 -0.043911
v -0.025012 -0.052796 -0.046432
v -0.025703 -0.052490 -0.045532
v -0.025381 -0.052547 -0.045698
v -0.025144 -0.052636 -0.045962
v -0.025023 -0.052749 -0.046293
v -0.025012 -0.042649 -0.049505
v -0.025012 -0.027705 -0.046919
v -0.033713 -0.058020 -0.048154
v -0.039006 -0.058939 -0.047123
v -0.042004 -0.047368 -0.050308
v -0.048525 -0.042285 -0.050034
v -0.049892 -0.036410 -0.051496
v -0.044962 -0.035764 -0.053592
v -0.049654 -0.024121 -0.054740
v -0.047235 -0.023835 -0.055838
v -0.046238 -0.029866 -0.054962
v -0.037466 -0.093250 -0.044183
v -0.039656 -0.083442 -0.043177
v -0.034556 -0.082733 -0.044550
v -0.076254 -0.024456 -0.004992
v -0.074955 -0.011952 -0.010386
v -0.061808 -0.005773 -0.040260
v -0.071836 -0.012071 -0.021057
v -0.073524 -0.012014 -0.015762
v -0.074538 -0.049431 -0.004325
v -0.054798 -0.093250 -0.034904
v -0.058399 -0.093250 -0.031474
v -0.057206 -0.091478 -0.032500
v -0.061603 -0.093250 -0.027687
v -0.060824 -0.091800 -0.028502
v -0.064380 -0.093250 -0.023572
v -0.063936 -0.092061 -0.024118
v -0.066691 -0.093250 -0.019190
v -0.066503 -0.092268 -0.019407
v -0.068519 -0.093250 -0.014579
v -0.068497 -0.092431 -0.014429
v -0.069829 -0.093250 -0.009836
v -0.069895 -0.092558 -0.009244
v -0.070627 -0.093250 -0.004954
v -0.070676 -0.092658 -0.003909
v -0.053112 -0.093250 -0.036277
v -0.053145 -0.091088 -0.036052
v -0.050855 -0.093250 -0.037921
v -0.048715 -0.090626 -0.039103
v -0.048611 -0.093250 -0.039360
v -0.046623 -0.093250 -0.040489
v -0.043986 -0.090090 -0.041608
v -0.042135 -0.093250 -0.042587
v -0.032641 -0.093250 -0.045269
v -0.029282 -0.081951 -0.045296
v -0.027743 -0.093250 -0.045828
v -0.030172 -0.075858 -0.045323
v -0.025012 -0.074996 -0.045588
v -0.025012 -0.079685 -0.045455
v -0.028312 -0.057009 -0.048743
v -0.025012 -0.061366 -0.047669
v -0.027019 -0.062900 -0.047297
v -0.025012 -0.067367 -0.046446
v -0.025853 -0.068884 -0.046205
v -0.041013 -0.029025 -0.056314
v -0.035617 -0.027991 -0.057116
v -0.034220 -0.033821 -0.055577
v -0.025012 -0.034535 -0.055532
v -0.025012 -0.052473 -0.050069
v -0.056217 -0.018367 -0.049930
v -0.056012 -0.024658 -0.050046
v -0.059669 -0.018517 -0.045894
v -0.059347 -0.012139 -0.045356
v -0.058713 -0.005755 -0.044626
v -0.062391 -0.012185 -0.040924
v -0.062732 -0.018588 -0.041442
v -0.048720 -0.030187 -0.053953
v -0.051064 -0.030446 -0.052695
v -0.051925 -0.024344 -0.053384
v -0.057091 -0.043181 -0.043885
v -0.060715 -0.043439 -0.039962
v -0.058190 -0.037175 -0.044959
v -0.061655 -0.037372 -0.040844
v -0.062349 -0.031217 -0.041464
v -0.053042 -0.042804 -0.047282
v -0.054291 -0.036863 -0.048556
v -0.059049 -0.031074 -0.045753
v -0.062735 -0.024950 -0.041681
v -0.055316 -0.030828 -0.049549
v -0.059582 -0.024850 -0.046091
v -0.039668 -0.034878 -0.054840
v -0.031208 -0.045387 -0.052111
v -0.036668 -0.046441 -0.051436
v -0.047044 -0.048107 -0.048461
v -0.044059 -0.059718 -0.045462
v -0.051650 -0.048681 -0.045874
v -0.048761 -0.060364 -0.043150
v -0.055821 -0.049119 -0.042664
v -0.053098 -0.060891 -0.040259
v -0.059585 -0.049436 -0.038931
v -0.057066 -0.061305 -0.036860
v -0.062960 -0.049646 -0.034769
v -0.072551 -0.061779 -0.003790
v -0.071818 -0.061903 -0.009153
v -0.070900 -0.074131 -0.003465
v -0.070233 -0.074178 -0.008755
v -0.068989 -0.074176 -0.013891
v -0.065942 -0.049764 -0.030254
v -0.060657 -0.061610 -0.033023
v -0.055877 -0.067222 -0.036035
v -0.051830 -0.066776 -0.039301
v -0.047434 -0.066222 -0.042063
v -0.042704 -0.065559 -0.044258
v -0.037657 -0.064779 -0.045828
v -0.032391 -0.063879 -0.046790
v -0.070471 -0.080317 -0.003468
v -0.069791 -0.080314 -0.008751
v -0.068513 -0.080270 -0.013879
v -0.066653 -0.080175 -0.018802
v -0.067178 -0.074118 -0.018825
v -0.064233 -0.080022 -0.023461
v -0.070386 -0.086497 -0.003612
v -0.069664 -0.086444 -0.008912
v -0.068333 -0.086356 -0.014059
v -0.066412 -0.086227 -0.019001
v -0.063923 -0.086045 -0.023677
v -0.060897 -0.085803 -0.028030
v -0.044525 -0.084075 -0.041196
v -0.049132 -0.084630 -0.038642
v -0.053435 -0.085102 -0.035561
v -0.057379 -0.085491 -0.032007
v -0.057857 -0.079505 -0.031783
v -0.061285 -0.079802 -0.027804
v -0.061945 -0.073803 -0.027873
v -0.064820 -0.073996 -0.023503
v -0.065623 -0.067971 -0.023789
v -0.067926 -0.068058 -0.019054
v -0.068824 -0.061991 -0.019438
v -0.070576 -0.061975 -0.014385
v -0.072377 -0.049707 -0.015169
v -0.073666 -0.049588 -0.009796
v -0.074827 -0.037143 -0.010332
v -0.075822 -0.036985 -0.004779
v -0.075162 -0.024582 -0.010543
v -0.073814 -0.024700 -0.016045
v -0.073508 -0.037280 -0.015821
v -0.072191 -0.024806 -0.021473
v -0.072121 -0.031124 -0.021433
v -0.071850 -0.037392 -0.021212
v -0.070661 -0.049782 -0.020403
v -0.068514 -0.049805 -0.025448
v -0.066572 -0.061942 -0.024262
v -0.063838 -0.061819 -0.028806
v -0.062819 -0.067811 -0.028228
v -0.059554 -0.067564 -0.032326
v -0.058600 -0.073527 -0.031890
v -0.054839 -0.073160 -0.035508
v -0.054010 -0.079123 -0.035352
v -0.050717 -0.072693 -0.038678
v -0.049806 -0.078649 -0.038463
v -0.046264 -0.072127 -0.041341
v -0.045287 -0.078083 -0.041061
v -0.041503 -0.071461 -0.043441
v -0.040483 -0.077429 -0.043093
v -0.036457 -0.070694 -0.044929
v -0.035422 -0.076687 -0.044515
v -0.031208 -0.069824 -0.045812
v -0.025012 -0.073229 -0.045712
v -0.069879 -0.012122 -0.026248
v -0.067649 -0.012165 -0.031310
v -0.065152 -0.012189 -0.036218
v -0.067962 -0.018576 -0.031724
v -0.065488 -0.018603 -0.036692
v -0.068064 -0.024958 -0.031958
v -0.065552 -0.024981 -0.036941
v -0.067892 -0.031271 -0.031880
v -0.065288 -0.031276 -0.036810
v -0.067468 -0.037503 -0.031516
v -0.064742 -0.037476 -0.036334
v -0.063951 -0.043595 -0.035622
v -0.070161 -0.018521 -0.026591
v -0.070278 -0.024895 -0.026789
v -0.070170 -0.031215 -0.026740
v -0.069839 -0.037470 -0.026459
v -0.025012 -0.093250 -0.045909
v 0.017794 -0.093250 0.009770
v 0.019643 -0.093250 0.010545
v 0.018823 -0.093250 0.013554
v 0.017794 -0.093250 -0.009770
v 0.019966 -0.093249 -0.009072
v 0.018895 -0.093250 -0.000000
v 0.020619 -0.093250 -0.004799
v -0.068919 -0.093250 -0.000000
v 0.014547 -0.093250 0.019050
v 0.009316 -0.093249 -0.027376
v 0.010834 -0.093250 -0.028644
v 0.012305 -0.093250 -0.026700
v 0.001795 -0.093250 -0.037244
v 0.002364 -0.093249 -0.034328
v -0.002347 -0.093250 -0.039906
v -0.005961 -0.093250 -0.039559
v -0.006836 -0.093250 -0.042147
v -0.067818 -0.093250 -0.009771
v -0.067818 -0.093250 0.009770
v -0.064571 -0.093250 0.019050
v 0.002364 -0.093250 0.034328
v 0.009316 -0.093250 0.027375
v 0.009716 -0.093250 0.029989
v 0.020869 -0.093250 -0.000007
v 0.020720 -0.093250 0.003698
v 0.020019 -0.093250 0.008798
v 0.014547 -0.093249 -0.019051
v -0.044062 -0.093250 -0.039559
v -0.034782 -0.093250 -0.042806
v -0.059340 -0.093250 -0.027376
v -0.064571 -0.093250 -0.019051
v -0.059340 -0.093250 0.027375
v -0.052388 -0.093250 0.034328
v -0.025010 -0.093250 0.045907
v -0.025012 -0.093250 0.043907
v -0.001567 -0.093250 0.039451
v -0.005962 -0.093250 0.039559
v 0.002485 -0.093250 0.036737
v 0.006360 -0.093250 0.033485
v 0.017350 -0.093250 0.017628
v 0.015284 -0.093250 0.021946
v 0.012857 -0.093250 0.025909
v 0.014895 -0.093250 -0.022648
v 0.017196 -0.093249 -0.017995
v 0.018796 -0.093250 -0.013644
v 0.005689 -0.093250 -0.034101
v 0.007194 -0.093249 -0.032682
v 0.009153 -0.093250 -0.030629
v -0.011397 -0.093249 -0.043838
v -0.015241 -0.093250 -0.042806
v -0.016316 -0.093250 -0.045076
v -0.021009 -0.093250 -0.045735
v -0.025012 -0.093250 -0.043907
v -0.044063 -0.093250 0.039559
v -0.034782 -0.093250 0.042806
v -0.003692 -0.093250 0.040643
v -0.006020 -0.093250 0.041784
v -0.015242 -0.093250 0.042806
v -0.052387 -0.093250 -0.034328
v -0.010502 -0.093250 0.043548
v -0.015458 -0.093250 0.044900
v -0.020111 -0.093250 0.045644
v -0.024914 -0.087682 -0.043907
v -0.024147 -0.088240 -0.043899
v -0.024358 -0.088188 -0.043902
v -0.024581 -0.088072 -0.043905
v -0.024719 -0.087957 -0.043906
v -0.025012 -0.088250 0.043907
v -0.015242 -0.088250 0.042806
v -0.005962 -0.088250 0.039559
v 0.002364 -0.088250 0.034328
v 0.009316 -0.088250 0.027375
v 0.014547 -0.088250 0.019050
v 0.017794 -0.088250 0.009770
v 0.018895 -0.088250 -0.000000
v 0.017794 -0.088250 -0.009770
v 0.014547 -0.088249 -0.019051
v 0.009316 -0.088249 -0.027376
v 0.002364 -0.088249 -0.034328
v -0.005961 -0.088250 -0.039559
v -0.015242 -0.088250 -0.042806
v -0.024012 -0.088250 -0.043896
v -0.025012 -0.077200 -0.040400
v 0.002000 -0.026626 -0.044083
v 0.002000 -0.029848 -0.041968
v 0.002571 -0.029734 -0.041982
v 0.002979 -0.026541 -0.043943
v 0.002000 -0.023254 -0.045951
v 0.003143 -0.023285 -0.045681
v 0.004087 -0.023374 -0.044940
v 0.004019 -0.026222 -0.043415
v 0.004244 -0.023398 -0.044743
v 0.004984 -0.023655 -0.042693
v 0.004946 -0.023614 -0.043009
v 0.004732 -0.025716 -0.042578
v 0.004740 -0.023512 -0.043813
v 0.004709 -0.023502 -0.043893
v 0.003350 -0.029175 -0.042049
v 0.004058 -0.028103 -0.042178
v 0.004346 -0.027408 -0.042260
v 0.004801 -0.025563 -0.042476
v 0.005901 -0.022705 -0.043323
v 0.005612 -0.022705 -0.044272
v 0.005303 -0.022763 -0.044143
v 0.003695 -0.022705 -0.046421
v 0.002000 -0.022705 -0.046843
v 0.003411 -0.022745 -0.046248
v 0.002000 -0.022764 -0.046506
v 0.003302 -0.022863 -0.046014
v 0.005030 -0.022930 -0.044028
v 0.005293 -0.022981 -0.042721
v 0.004996 -0.023235 -0.043330
v 0.004824 -0.023186 -0.043942
v 0.004992 -0.023575 -0.042694
v 0.002000 -0.022974 -0.046161
v 0.003211 -0.023048 -0.045820
v 0.004194 -0.023103 -0.045038
v 0.005979 -0.022705 -0.042783
v 0.005515 -0.022820 -0.042741
v 0.005501 -0.022828 -0.042740
v 0.005130 -0.022705 -0.045146
v 0.004559 -0.022752 -0.045373
v 0.004357 -0.022889 -0.045187
v 0.005135 -0.023174 -0.042707
v 0.005160 -0.023137 -0.042709
v 0.005074 -0.023288 -0.042701
v 0.004860 -0.025575 -0.042331
v 0.004897 -0.027647 -0.041816
v 0.004680 -0.027553 -0.041911
v 0.003699 -0.029263 -0.041857
v 0.005734 -0.025748 -0.041783
v 0.005979 -0.023705 -0.041783
v 0.005431 -0.025688 -0.041832
v 0.005535 -0.023683 -0.041887
v 0.005157 -0.025634 -0.041975
v 0.005305 -0.023671 -0.042045
v 0.005155 -0.023664 -0.042218
v 0.004940 -0.025591 -0.042197
v 0.004493 -0.027471 -0.042062
v 0.003579 -0.029142 -0.041946
v 0.002936 -0.029878 -0.041838
v 0.002000 -0.030124 -0.041831
v 0.002000 -0.030428 -0.041783
v 0.002633 -0.030341 -0.041783
v 0.003797 -0.029686 -0.041783
v 0.005128 -0.027747 -0.041783
v 0.005018 -0.023657 -0.042511
v 0.005159 -0.023318 -0.042362
v 0.005149 -0.023204 -0.042540
v 0.005979 -0.022741 -0.042519
v 0.005524 -0.022879 -0.042449
v 0.005979 -0.022765 -0.042444
v 0.005979 -0.022766 -0.042441
v 0.005543 -0.023079 -0.042137
v 0.005979 -0.022995 -0.042079
v 0.005979 -0.023357 -0.041846
v 0.005545 -0.023392 -0.041939
v 0.005979 -0.023364 -0.041843
v 0.005160 -0.023497 -0.042248
v 0.009591 -0.022705 -0.042783
v -0.001600 -0.022705 -0.052975
v -0.001576 -0.022705 -0.052682
v 0.001007 -0.022705 -0.051736
v 0.003941 -0.022705 -0.049377
v -0.001708 -0.022705 -0.052367
v 0.006560 -0.022705 -0.046674
v -0.001926 -0.022705 -0.053431
v -0.001809 -0.022705 -0.053322
v -0.001674 -0.022705 -0.053144
v -0.002141 -0.022705 -0.052022
v -0.024012 -0.022705 -0.051833
v -0.024012 -0.022705 -0.046844
v -0.003053 -0.022705 -0.051833
v -0.002600 -0.022705 -0.051874
v -0.007975 -0.030428 -0.041783
v -0.007975 -0.030206 -0.041808
v -0.007975 -0.029848 -0.041968
v 0.007934 -0.036705 -0.041783
v 0.009239 -0.030263 -0.041783
v 0.009583 -0.027124 -0.041783
v 0.009738 -0.023705 -0.041783
v -0.007975 -0.036705 -0.041783
v 0.009738 -0.023357 -0.041846
v 0.009738 -0.022995 -0.042079
v 0.009665 -0.022711 -0.042677
v 0.009738 -0.022728 -0.042572
v 0.009738 -0.022765 -0.042444
v 0.009738 -0.022837 -0.042288
v 0.015773 -0.071426 -0.017722
v 0.017099 -0.071472 -0.014108
v 0.018475 -0.061370 -0.014606
v 0.015383 -0.051306 -0.026475
v 0.017158 -0.051358 -0.022872
v 0.018329 -0.041370 -0.023779
v 0.021008 -0.051260 -0.011350
v 0.021799 -0.051152 -0.007342
v 0.022953 -0.041071 -0.007762
v 0.009300 -0.060879 -0.031684
v 0.006724 -0.060622 -0.034550
v 0.004910 -0.070520 -0.033296
v 0.018419 -0.080291 -0.003759
v 0.019200 -0.071390 -0.002639
v 0.018814 -0.071452 -0.006550
v 0.005918 -0.009584 -0.045851
v 0.006775 -0.010718 -0.045059
v 0.006490 -0.007693 -0.044679
v 0.000931 -0.019504 -0.051907
v -0.000503 -0.020999 -0.052806
v 0.001839 -0.020545 -0.051230
v 0.003939 -0.060306 -0.037177
v 0.003357 -0.065605 -0.035926
v 0.003986 -0.066066 -0.035272
v 0.004159 -0.066372 -0.035036
v 0.004266 -0.066738 -0.034841
v 0.004298 -0.066992 -0.034741
v 0.002423 -0.073558 -0.034778
v 0.004165 -0.075525 -0.032999
v 0.001340 -0.080303 -0.034795
v 0.000957 -0.059931 -0.039533
v 0.000674 -0.065431 -0.037967
v 0.002335 -0.065428 -0.036777
v -0.002221 -0.059497 -0.041589
v -0.002658 -0.065217 -0.040050
v -0.001045 -0.065434 -0.039069
v -0.005587 -0.057921 -0.043672
v -0.005034 -0.061063 -0.042425
v -0.004188 -0.064115 -0.041133
v -0.003911 -0.064552 -0.040877
v 0.007934 -0.037443 -0.042109
v 0.007693 -0.037595 -0.042326
v 0.007858 -0.040848 -0.041019
v 0.008409 -0.036969 -0.041718
v 0.008356 -0.037030 -0.041760
v 0.008181 -0.037218 -0.041901
v -0.002512 -0.037705 -0.049845
v -0.002562 -0.037888 -0.049802
v -0.002024 -0.037705 -0.049630
v -0.000928 -0.039828 -0.048329
v 0.001047 -0.037705 -0.047970
v 0.002237 -0.040234 -0.046251
v 0.004054 -0.037705 -0.045786
v 0.005158 -0.040574 -0.043798
v 0.007238 -0.037705 -0.042783
v 0.007266 -0.037705 -0.042754
v 0.008790 -0.036511 -0.041410
v 0.008771 -0.036534 -0.041426
v 0.010355 -0.041060 -0.037960
v 0.008605 -0.036737 -0.041561
v 0.008469 -0.036900 -0.041670
v 0.011748 -0.026166 -0.039395
v 0.010572 -0.023696 -0.041335
v 0.010043 -0.030388 -0.041366
v 0.009612 -0.021044 -0.042709
v 0.009991 -0.022874 -0.042206
v 0.011806 -0.021098 -0.039315
v 0.010055 -0.022932 -0.042112
v 0.010202 -0.023100 -0.041894
v 0.010254 -0.023169 -0.041818
v 0.010413 -0.023415 -0.041579
v 0.010422 -0.023430 -0.041565
v -0.002559 -0.022531 -0.053735
v -0.005012 -0.023720 -0.054469
v -0.005012 -0.023908 -0.054441
v -0.002708 -0.022696 -0.053781
v -0.002538 -0.022629 -0.053715
v -0.001793 -0.022030 -0.053430
v 0.004659 -0.020780 -0.048730
v 0.005357 -0.011238 -0.046872
v 0.004492 -0.013450 -0.048230
v 0.004585 -0.015740 -0.048460
v 0.003289 -0.015967 -0.049766
v 0.002956 -0.016566 -0.050130
v 0.007124 -0.015858 -0.045558
v 0.014425 -0.000313 -0.030372
v 0.013442 -0.000331 -0.032137
v 0.015233 -0.010677 -0.031336
v 0.010238 -0.000386 -0.037276
v 0.016073 -0.000282 -0.027156
v 0.018567 -0.010573 -0.023775
v 0.017930 -0.000244 -0.023055
v 0.021281 -0.010460 -0.015931
v 0.021190 -0.000174 -0.014036
v 0.018826 -0.000224 -0.020849
v 0.024556 -0.000128 0.000338
v 0.023058 -0.000143 -0.007089
v 0.024695 -0.002480 0.000331
v 0.023407 -0.010345 -0.007873
v 0.025057 -0.013667 0.000309
v 0.023608 -0.020656 -0.008047
v 0.024973 -0.026399 0.000264
v 0.023518 -0.030909 -0.008018
v 0.024813 -0.030644 0.000241
v 0.021397 -0.057827 0.000064
v 0.022634 -0.050872 0.000106
v 0.023477 -0.045331 0.000145
v 0.024030 -0.040781 0.000178
v 0.024464 -0.036150 0.000208
v 0.019181 -0.072235 0.000005
v 0.020488 -0.063005 0.000034
v 0.020670 -0.061135 -0.002901
v 0.021011 -0.059979 0.000049
v 0.020220 -0.061252 -0.006881
v 0.016973 -0.080296 -0.011941
v 0.017989 -0.080293 -0.007310
v 0.018113 -0.080292 -0.006499
v 0.018114 -0.071480 -0.010378
v 0.016322 -0.080298 -0.014068
v 0.015266 -0.080300 -0.016892
v 0.014963 -0.080300 -0.017603
v 0.008468 -0.080305 -0.028029
v 0.010038 -0.071032 -0.027642
v 0.006898 -0.075812 -0.030325
v 0.003598 -0.080304 -0.032960
v 0.005532 -0.080305 -0.031182
v 0.007596 -0.080305 -0.029031
v 0.007240 -0.020941 -0.045866
v 0.009464 -0.015922 -0.042380
v 0.011300 -0.010744 -0.038511
v 0.010830 -0.005535 -0.037942
v 0.007503 -0.003749 -0.042215
v 0.001303 -0.019046 -0.051631
v 0.008230 -0.000415 -0.040117
v 0.011637 -0.015946 -0.038982
v 0.010992 -0.036137 -0.038652
v 0.015235 -0.036323 -0.031684
v 0.011464 -0.031176 -0.039158
v 0.015562 -0.031296 -0.032023
v 0.012654 -0.041213 -0.034671
v 0.014752 -0.041312 -0.031191
v -0.004905 -0.046486 -0.047539
v -0.005774 -0.052714 -0.045560
v -0.003217 -0.049383 -0.045773
v 0.000082 -0.049840 -0.043885
v 0.003158 -0.050235 -0.041647
v 0.006021 -0.050568 -0.039094
v 0.008681 -0.050839 -0.036265
v 0.011134 -0.051051 -0.033198
v 0.013372 -0.051206 -0.029925
v 0.011268 -0.080304 -0.024324
v 0.012953 -0.080302 -0.021612
v 0.012231 -0.071209 -0.024508
v 0.014148 -0.071340 -0.021195
v 0.015603 -0.061319 -0.021903
v 0.017177 -0.061367 -0.018320
v 0.018687 -0.051366 -0.019137
v 0.019971 -0.051332 -0.015289
v 0.021056 -0.041279 -0.015915
v 0.019490 -0.061331 -0.010787
v 0.018565 -0.080290 -0.000009
v 0.013756 -0.061225 -0.025338
v 0.011650 -0.061079 -0.028606
v 0.007590 -0.070803 -0.030578
v 0.018933 -0.031260 -0.024344
v 0.018976 -0.020995 -0.024313
v 0.015726 -0.026221 -0.032150
v 0.015711 -0.021097 -0.032036
v 0.021571 -0.031120 -0.016295
v 0.021594 -0.020840 -0.016282
v -0.004469 -0.021339 -0.051974
v -0.004632 -0.021590 -0.051910
v -0.012840 -0.018609 -0.052063
v -0.012780 -0.018307 -0.052123
v -0.012658 -0.017714 -0.052750
v -0.012694 -0.017884 -0.052431
v -0.012717 -0.017998 -0.052311
v -0.012646 -0.017666 -0.053112
v -0.023551 -0.015857 -0.053536
v -0.012660 -0.017752 -0.053471
v -0.016137 -0.017303 -0.053794
v -0.012698 -0.017956 -0.053771
v -0.012209 -0.018345 -0.053966
v -0.007159 -0.020052 -0.053967
v -0.008101 -0.019673 -0.053987
v -0.008032 -0.019488 -0.053923
v -0.011450 -0.018725 -0.054032
v -0.011463 -0.018698 -0.054027
v -0.004471 -0.021465 -0.053877
v -0.004370 -0.021303 -0.053807
v -0.004219 -0.021054 -0.053592
v -0.004123 -0.020885 -0.053293
v -0.004092 -0.020814 -0.052940
v -0.004131 -0.020851 -0.052587
v -0.004297 -0.021084 -0.052159
v -0.004233 -0.020991 -0.052276
v -0.008191 -0.019815 -0.052011
v -0.008082 -0.019530 -0.052073
v -0.007968 -0.019239 -0.052261
v -0.007926 -0.019132 -0.052381
v -0.007859 -0.018973 -0.052698
v -0.007836 -0.018929 -0.053057
v -0.007861 -0.019011 -0.053415
v -0.007928 -0.019204 -0.053714
v -0.011562 -0.018617 -0.054012
v -0.025005 -0.023589 -0.051763
v -0.024950 -0.023359 -0.051782
v -0.024831 -0.023132 -0.051800
v -0.024719 -0.022998 -0.051811
v -0.024478 -0.022821 -0.051824
v -0.025012 -0.023705 -0.046844
v -0.024950 -0.023359 -0.046844
v -0.024719 -0.022998 -0.046844
v -0.024679 -0.022960 -0.046844
v -0.024535 -0.022853 -0.046844
v -0.024359 -0.022767 -0.046844
v -0.008247 -0.030115 -0.041873
v -0.008108 -0.030187 -0.041822
v -0.008336 -0.030001 -0.041954
v -0.008682 -0.030428 -0.042076
v -0.008491 -0.030428 -0.041927
v -0.008641 -0.030220 -0.042067
v -0.008064 -0.030428 -0.041787
v -0.008321 -0.030428 -0.041845
v -0.008451 -0.030428 -0.041904
v -0.008321 -0.029884 -0.042019
v -0.008826 -0.030428 -0.042258
v -0.008682 -0.030018 -0.042207
v -0.008913 -0.030227 -0.042501
v -0.008975 -0.030428 -0.042783
v -0.008913 -0.030428 -0.042437
v -0.008858 -0.030428 -0.042315
v -0.008475 -0.036705 -0.041917
v -0.008975 -0.036705 -0.042783
v -0.008841 -0.036705 -0.042283
v -0.008682 -0.036705 -0.042076
v -0.007975 -0.037409 -0.042073
v -0.007975 -0.037571 -0.042283
v -0.007975 -0.037705 -0.042783
v -0.007975 -0.037205 -0.041917
v 0.007934 -0.037044 -0.041842
v 0.007934 -0.036911 -0.041805
v 0.007934 -0.037409 -0.042073
v 0.007934 -0.037109 -0.041868
v 0.009994 -0.023393 -0.041801
v 0.009982 -0.023702 -0.041753
v 0.010211 -0.023700 -0.041664
v 0.010412 -0.023698 -0.041522
v 0.010235 -0.023391 -0.041709
v 0.010036 -0.023076 -0.041969
v 0.003526 -0.067200 -0.035000
v 0.001810 -0.073421 -0.035000
v 0.002135 -0.073494 -0.034943
v 0.003935 -0.067090 -0.034935
v 0.000736 -0.080250 -0.035000
v 0.001055 -0.080278 -0.034947
v 0.008404 -0.036819 -0.041688
v 0.008403 -0.036598 -0.041688
v 0.008188 -0.037071 -0.041825
v -0.010288 -0.025323 -0.055267
v -0.007868 -0.024830 -0.054972
v -0.006317 -0.024389 -0.054714
v -0.017926 -0.026696 -0.055549
v -0.005400 -0.023864 -0.054560
v -0.008389 -0.024697 -0.055093
v -0.009499 -0.024913 -0.055235
v -0.011676 -0.025237 -0.055455
v -0.013793 -0.026187 -0.055445
v -0.012194 -0.025299 -0.055497
v -0.015213 -0.025567 -0.055686
v -0.021860 -0.025805 -0.055866
v -0.017195 -0.025677 -0.055766
v -0.017393 -0.026147 -0.057721
v -0.015090 -0.026007 -0.057633
v -0.012264 -0.025741 -0.057465
v -0.009204 -0.025286 -0.057178
v -0.007740 -0.024982 -0.056988
v -0.004685 -0.024086 -0.056424
v -0.004530 -0.024028 -0.056388
v -0.002196 -0.022960 -0.055716
v -0.000922 -0.022179 -0.055224
v -0.000018 -0.021513 -0.054805
v 0.001840 -0.019770 -0.053712
v 0.002088 -0.019493 -0.053538
v 0.003637 -0.017466 -0.052264
v 0.004650 -0.015811 -0.051223
v 0.005192 -0.014794 -0.050584
v 0.006731 -0.011276 -0.048372
v 0.008365 -0.006164 -0.045160
v 0.009797 0.000000 -0.041283
v -0.025012 -0.026505 -0.045318
v -0.025012 -0.026505 -0.046919
v -0.025012 -0.066633 -0.040400
v -0.025012 -0.066057 -0.040460
v -0.025012 -0.065507 -0.040637
v -0.025012 -0.051819 -0.045917
v -0.025012 -0.048860 -0.046873
v -0.025012 -0.048562 -0.046919
v -0.008975 -0.027364 -0.044805
v -0.008915 -0.027137 -0.044543
v -0.008713 -0.026795 -0.044361
v -0.008366 -0.026375 -0.044327
v -0.007975 -0.026000 -0.044455
v -0.008975 -0.027505 -0.046919
v -0.008975 -0.036705 -0.046919
v -0.008975 -0.027505 -0.045318
v -0.008975 -0.027442 -0.044969
v -0.024012 -0.087250 -0.035000
v -0.011566 -0.087250 -0.035000
v -0.024012 -0.077200 -0.035000
v -0.011566 -0.080250 -0.035000
v -0.011649 -0.077200 -0.035000
v -0.009649 -0.067200 -0.035000
v -0.009649 -0.075200 -0.035000
v -0.009801 -0.075965 -0.035000
v -0.010235 -0.076614 -0.035000
v -0.010884 -0.077048 -0.035000
v 0.018492 -0.049805 -0.025444
v 0.020638 -0.049782 -0.020398
v 0.018802 -0.061991 -0.019434
v 0.020553 -0.061975 -0.014380
v -0.010355 -0.034878 -0.054839
v -0.015803 -0.033822 -0.055577
v -0.014406 -0.027991 -0.057116
v -0.009010 -0.029026 -0.056314
v -0.003784 -0.029866 -0.054961
v -0.005061 -0.035764 -0.053592
v -0.001302 -0.030187 -0.053952
v 0.001042 -0.030446 -0.052694
v -0.000130 -0.036410 -0.051495
v 0.009027 -0.031074 -0.045750
v 0.005294 -0.030828 -0.049547
v 0.005990 -0.024658 -0.050044
v 0.007185 -0.091478 -0.032497
v 0.009325 -0.012139 -0.045354
v 0.006195 -0.018367 -0.049928
v 0.001903 -0.024344 -0.053383
v -0.000368 -0.024121 -0.054739
v -0.002787 -0.023835 -0.055838
v -0.019851 -0.075858 -0.045323
v 0.003124 -0.091088 -0.036050
v -0.001307 -0.090626 -0.039101
v -0.006036 -0.090090 -0.041607
v 0.010802 -0.091800 -0.028499
v 0.016481 -0.092268 -0.019403
v 0.020362 -0.086497 -0.003606
v 0.020493 -0.086249 -0.000010
v 0.020448 -0.080317 -0.003462
v 0.020602 -0.079497 -0.000004
v 0.020876 -0.074131 -0.003460
v 0.021245 -0.071780 -0.000003
v 0.024388 -0.052476 0.000002
v 0.022607 -0.062462 -0.000000
v 0.022527 -0.061779 -0.003784
v 0.024514 -0.049430 -0.004320
v 0.025076 -0.048215 0.000002
v 0.025798 -0.036984 -0.004773
v 0.026284 -0.038236 0.000002
v 0.026147 -0.039675 0.000002
v 0.026231 -0.024455 -0.004986
v 0.027011 -0.024068 0.000004
v 0.026807 -0.030501 0.000003
v 0.023501 -0.012014 -0.015757
v 0.024932 -0.011951 -0.010381
v 0.025139 -0.024582 -0.010537
v 0.026961 -0.009952 -0.000007
v 0.027059 -0.019220 0.000001
v 0.024297 -0.000018 -0.010387
v 0.025633 -0.000003 -0.004689
v 0.026864 -0.006781 -0.000008
v 0.026523 0.000000 0.000000
v 0.021906 -0.000045 -0.018264
v 0.023952 -0.000024 -0.011673
v 0.015130 -0.012189 -0.036215
v 0.012369 -0.012185 -0.040921
v 0.011786 -0.005773 -0.040258
v 0.008690 -0.005754 -0.044624
v 0.004268 -0.036863 -0.048555
v 0.008168 -0.037175 -0.044957
v 0.011633 -0.037372 -0.040842
v -0.018815 -0.045387 -0.052110
v -0.013354 -0.046441 -0.051436
v -0.008019 -0.047368 -0.050308
v 0.003413 -0.085102 -0.035559
v -0.000889 -0.084630 -0.038640
v -0.005496 -0.084075 -0.041195
v -0.010366 -0.083442 -0.043177
v -0.015466 -0.082733 -0.044549
v -0.020740 -0.081951 -0.045296
v -0.021710 -0.057009 -0.048743
v -0.016309 -0.058020 -0.048154
v -0.011016 -0.058939 -0.047123
v -0.005963 -0.059718 -0.045461
v -0.002978 -0.048107 -0.048460
v -0.001261 -0.060364 -0.043149
v 0.001628 -0.048681 -0.045872
v 0.003076 -0.060892 -0.040258
v 0.005799 -0.049119 -0.042662
v 0.007045 -0.061305 -0.036858
v 0.012938 -0.049646 -0.034766
v 0.015920 -0.049764 -0.030250
v 0.013816 -0.061819 -0.028803
v 0.016550 -0.061941 -0.024259
v 0.015601 -0.067971 -0.023785
v 0.017903 -0.068057 -0.019050
v 0.017155 -0.074118 -0.018821
v 0.020210 -0.074178 -0.008750
v 0.021795 -0.061903 -0.009148
v 0.022355 -0.049707 -0.015164
v 0.021827 -0.037392 -0.021208
v 0.019768 -0.080314 -0.008746
v 0.018966 -0.074175 -0.013886
v 0.020653 -0.092658 -0.003904
v 0.019872 -0.092558 -0.009239
v 0.019641 -0.086443 -0.008907
v 0.018311 -0.086356 -0.014055
v 0.018491 -0.080269 -0.013875
v 0.016631 -0.080175 -0.018798
v 0.014798 -0.073996 -0.023500
v 0.012797 -0.067811 -0.028225
v 0.010635 -0.061610 -0.033020
v 0.009563 -0.049436 -0.038929
v 0.018475 -0.092431 -0.014424
v 0.016390 -0.086227 -0.018997
v 0.014211 -0.080022 -0.023458
v 0.011923 -0.073803 -0.027870
v 0.009533 -0.067564 -0.032324
v 0.013914 -0.092061 -0.024115
v 0.013901 -0.086045 -0.023673
v 0.010875 -0.085803 -0.028027
v 0.011263 -0.079802 -0.027801
v 0.007835 -0.079505 -0.031781
v 0.008578 -0.073527 -0.031888
v 0.004817 -0.073160 -0.035506
v 0.005855 -0.067222 -0.036033
v 0.000695 -0.072693 -0.038676
v 0.001808 -0.066776 -0.039300
v -0.003758 -0.072127 -0.041340
v -0.002587 -0.066222 -0.042062
v -0.008519 -0.071461 -0.043441
v -0.007318 -0.065559 -0.044257
v -0.013565 -0.070694 -0.044929
v -0.012365 -0.064779 -0.045828
v -0.018815 -0.069824 -0.045812
v -0.017632 -0.063879 -0.046790
v -0.024170 -0.068884 -0.046205
v -0.023003 -0.062900 -0.047297
v 0.007358 -0.085491 -0.032005
v 0.003988 -0.079123 -0.035350
v -0.000216 -0.078649 -0.038462
v -0.004735 -0.078083 -0.041060
v -0.009539 -0.077429 -0.043093
v -0.014600 -0.076687 -0.044515
v 0.023643 -0.049588 -0.009791
v 0.024804 -0.037142 -0.010327
v 0.023486 -0.037280 -0.015817
v 0.023791 -0.024700 -0.016041
v 0.011056 -0.000016 -0.039550
v 0.013197 -0.000039 -0.036360
v 0.016537 -0.000060 -0.030632
v 0.017626 -0.012165 -0.031307
v 0.019307 -0.000059 -0.024892
v 0.019856 -0.012122 -0.026244
v 0.021813 -0.012071 -0.021053
v 0.022098 -0.031124 -0.021428
v 0.022168 -0.024806 -0.021468
v 0.020139 -0.018521 -0.026587
v 0.017940 -0.018576 -0.031721
v 0.015465 -0.018603 -0.036689
v 0.012710 -0.018588 -0.041439
v 0.009647 -0.018517 -0.045892
v 0.009559 -0.024850 -0.046089
v 0.012713 -0.024950 -0.041678
v 0.012327 -0.031217 -0.041461
v 0.015530 -0.024981 -0.036938
v 0.015265 -0.031276 -0.036807
v 0.018041 -0.024957 -0.031954
v 0.017870 -0.031270 -0.031877
v 0.020255 -0.024895 -0.026785
v 0.020148 -0.031215 -0.026736
v 0.017446 -0.037503 -0.031513
v 0.013929 -0.043595 -0.035619
v 0.014720 -0.037476 -0.036331
v 0.010693 -0.043439 -0.039960
v 0.007069 -0.043181 -0.043883
v 0.003020 -0.042804 -0.047280
v -0.001498 -0.042285 -0.050033
v 0.019816 -0.037470 -0.026455
v -0.024936 -0.026888 -0.046919
v -0.024936 -0.026888 -0.045318
v -0.024719 -0.027212 -0.046919
v -0.024719 -0.027212 -0.045318
v -0.024395 -0.027429 -0.046919
v -0.024012 -0.027505 -0.046919
v -0.024012 -0.027505 -0.045318
v -0.024318 -0.027457 -0.045318
v -0.024395 -0.027429 -0.045318
v -0.024670 -0.027258 -0.045318
v -0.009175 -0.037705 -0.046919
v -0.007975 -0.037705 -0.046919
v -0.008321 -0.037643 -0.046919
v -0.009175 -0.048562 -0.046919
v -0.008682 -0.037412 -0.046919
v -0.008913 -0.037051 -0.046919
v -0.024719 -0.076493 -0.040400
v -0.024936 -0.076817 -0.040400
v -0.010649 -0.075200 -0.040400
v -0.024012 -0.076200 -0.040400
v -0.011649 -0.076200 -0.040400
v -0.024394 -0.076276 -0.040400
v -0.010649 -0.066633 -0.040400
v -0.011266 -0.076124 -0.040400
v -0.010942 -0.075907 -0.040400
v -0.010725 -0.075583 -0.040400
v -0.024012 -0.026334 -0.044333
v -0.024012 -0.026000 -0.044455
v -0.024012 -0.026399 -0.044324
v -0.024012 -0.026791 -0.044360
v -0.024012 -0.026816 -0.044368
v -0.024012 -0.027178 -0.044579
v -0.024012 -0.027422 -0.044920
v -0.008841 -0.037205 -0.042783
v -0.008682 -0.037412 -0.042783
v -0.008475 -0.037571 -0.042783
v 0.001748 -0.066200 -0.036000
v -0.009649 -0.066200 -0.036000
v 0.002257 -0.066220 -0.035798
v -0.009649 -0.066274 -0.035622
v 0.002745 -0.066291 -0.035584
v -0.009649 -0.066493 -0.035293
v -0.009649 -0.066822 -0.035074
v 0.003526 -0.066679 -0.035146
v 0.003378 -0.066539 -0.035250
v 0.003526 -0.066861 -0.035059
v -0.010356 -0.075200 -0.035293
v -0.010515 -0.075200 -0.035500
v -0.010601 -0.075634 -0.035500
v -0.010649 -0.075200 -0.036000
v -0.010725 -0.075583 -0.036000
v -0.010942 -0.075907 -0.036000
v -0.010847 -0.076002 -0.035500
v -0.011266 -0.076124 -0.036000
v -0.011215 -0.076248 -0.035500
v -0.011649 -0.076200 -0.036000
v -0.011649 -0.076334 -0.035500
v -0.010149 -0.075200 -0.035134
v -0.010263 -0.075774 -0.035134
v -0.010588 -0.076261 -0.035134
v -0.011075 -0.076586 -0.035134
v -0.011649 -0.076700 -0.035134
v -0.024012 -0.076817 -0.035076
v -0.024012 -0.076700 -0.035134
v -0.024012 -0.076493 -0.035293
v -0.024012 -0.076334 -0.035500
v -0.024012 -0.076276 -0.035618
v -0.024012 -0.076200 -0.036000
v 0.025835 -0.033814 0.035845
v 0.026535 -0.033497 0.030494
v 0.027892 -0.026587 0.030859
v 0.018192 -0.052785 0.033865
v 0.020055 -0.052927 0.028908
v 0.022524 -0.046658 0.029524
v 0.008430 -0.050605 0.052048
v 0.005476 -0.049669 0.056176
v 0.000503 -0.054284 0.053561
v -0.012773 -0.072404 0.045413
v -0.014193 -0.075490 0.044995
v -0.009544 -0.077522 0.043397
v -0.013993 -0.090644 0.044437
v -0.008865 -0.092486 0.042922
v -0.007064 -0.085840 0.041917
v 0.028568 -0.000000 0.055612
v 0.028508 -0.000000 0.057018
v 0.028677 -0.006637 0.057020
v 0.019088 -0.037166 0.057019
v 0.017762 -0.038829 0.057019
v 0.017564 -0.039977 0.055362
v -0.013199 -0.055701 0.057018
v -0.018817 -0.056418 0.057016
v -0.020894 -0.058279 0.055070
v -0.025010 -0.083942 0.045560
v -0.025010 -0.085808 0.045599
v -0.024411 -0.086356 0.045612
v -0.025011 -0.089683 0.045748
v 0.019530 -0.087376 0.009462
v 0.020350 -0.088024 0.004128
v 0.026484 -0.038412 0.002587
v 0.027420 -0.024337 0.003358
v 0.028095 -0.003537 0.009976
v 0.027575 0.000000 0.007133
v 0.028165 -0.017726 0.009254
v 0.028235 -0.010637 0.009614
v 0.021902 -0.066719 0.002090
v 0.020966 -0.073830 0.002466
v 0.020431 -0.080935 0.003137
v -0.002409 -0.087465 0.039592
v -0.019192 -0.088593 0.045333
v -0.025010 -0.087722 0.045664
v -0.025010 -0.086759 0.045629
v -0.025010 -0.082038 0.045558
v -0.021798 -0.079679 0.045536
v -0.025010 -0.080345 0.045600
v -0.025010 -0.078770 0.045684
v -0.025011 -0.069429 0.047562
v -0.023752 -0.070936 0.047043
v -0.025011 -0.069104 0.047684
v -0.022101 -0.067971 0.048102
v -0.020349 -0.065184 0.049451
v -0.025011 -0.065825 0.049207
v -0.018480 -0.062585 0.051046
v -0.016472 -0.060167 0.052828
v 0.014477 -0.042347 0.057018
v 0.011406 -0.045044 0.057019
v 0.013118 -0.045489 0.053904
v 0.010614 -0.045664 0.057019
v 0.006720 -0.048352 0.057018
v 0.002085 -0.050894 0.057019
v -0.002597 -0.052881 0.057018
v 0.015437 -0.041395 0.057018
v 0.020665 -0.034950 0.057019
v 0.021460 -0.034002 0.056451
v 0.022187 -0.032503 0.057018
v 0.023280 -0.030496 0.057018
v 0.025169 -0.026300 0.057019
v 0.025529 -0.027594 0.052114
v 0.026673 -0.021784 0.057018
v 0.027439 -0.020720 0.052632
v 0.028229 -0.013744 0.057019
v 0.027681 -0.017388 0.057020
v 0.026934 -0.020803 0.057018
v 0.028416 -0.011938 0.057018
v 0.028511 -0.013616 0.053039
v 0.028780 0.000000 0.020978
v 0.029043 0.000000 0.028295
v 0.029299 -0.005017 0.031700
v 0.029088 0.000000 0.031199
v 0.029094 0.000000 0.031881
v 0.027926 0.000000 0.010160
v 0.028418 0.000000 0.015433
v 0.028971 -0.004255 0.020802
v -0.005037 -0.079348 0.041317
v -0.011880 -0.083987 0.043679
v -0.016807 -0.081926 0.044876
v -0.020407 -0.076436 0.045729
v -0.025010 -0.077445 0.045795
v -0.011961 -0.055750 0.056683
v -0.007913 -0.057362 0.053778
v -0.012132 -0.062082 0.050554
v -0.003998 -0.058961 0.050772
v -0.007722 -0.054505 0.057019
v 0.003879 -0.055511 0.049863
v 0.011184 -0.051410 0.047759
v 0.015404 -0.046032 0.049299
v 0.019368 -0.040295 0.050516
v 0.022802 -0.034142 0.051431
v 0.024641 -0.027592 0.057019
v 0.028998 0.000000 0.042836
v 0.028645 -0.000000 0.053713
v 0.029210 -0.005781 0.042610
v 0.028847 -0.006400 0.053401
v 0.029039 -0.013062 0.042320
v 0.023968 -0.034157 0.046322
v 0.026312 -0.027491 0.046901
v 0.027928 -0.020535 0.047347
v 0.026964 -0.027276 0.041614
v 0.028316 -0.020257 0.042001
v 0.026686 -0.038799 0.008193
v 0.026588 -0.039185 0.013758
v 0.025327 -0.046028 0.013437
v 0.027431 -0.031814 0.008533
v 0.027534 -0.032258 0.014088
v 0.026212 -0.039559 0.019266
v 0.027404 -0.032698 0.019607
v 0.025584 -0.039902 0.024701
v 0.027907 -0.024788 0.008891
v 0.023740 -0.046507 0.024269
v 0.021632 -0.052957 0.023797
v 0.024684 -0.046288 0.018903
v 0.022891 -0.052905 0.018539
v 0.023664 -0.040401 0.035320
v 0.022411 -0.040503 0.040490
v 0.019377 -0.046641 0.039672
v 0.028252 -0.025710 0.019927
v 0.027064 -0.033117 0.025079
v 0.024728 -0.040191 0.030055
v 0.021061 -0.046712 0.034660
v 0.016076 -0.052500 0.038664
v 0.029023 -0.011450 0.020515
v 0.028783 -0.018616 0.020228
v 0.028789 -0.019498 0.031169
v 0.029247 -0.012287 0.031441
v 0.027492 -0.026967 0.036263
v 0.024977 -0.034042 0.041124
v 0.020979 -0.040472 0.045558
v 0.017489 -0.046418 0.044555
v 0.013735 -0.052046 0.043298
v 0.007060 -0.056596 0.045967
v -0.000250 -0.060470 0.047574
v -0.007907 -0.063953 0.048148
v 0.010037 -0.057498 0.041858
v 0.003310 -0.061823 0.044132
v -0.003833 -0.065707 0.045498
v -0.009645 -0.066627 0.047024
v -0.015760 -0.067359 0.047869
v -0.017399 -0.070245 0.046873
v -0.018944 -0.073280 0.046161
v -0.025011 -0.073158 0.046469
v 0.025606 -0.045461 0.002276
v 0.024450 -0.052529 0.002055
v 0.024329 -0.052671 0.007644
v 0.021520 -0.066505 0.007564
v 0.020631 -0.066274 0.012901
v 0.020461 -0.073444 0.007872
v 0.019407 -0.073042 0.013118
v 0.019785 -0.080403 0.008493
v 0.018561 -0.079857 0.013669
v 0.018114 -0.086719 0.014603
v 0.002021 -0.088862 0.036728
v 0.003389 -0.082310 0.035700
v 0.006142 -0.090055 0.033366
v 0.007195 -0.083462 0.032219
v 0.009863 -0.091083 0.029554
v 0.010630 -0.084439 0.028337
v 0.013118 -0.091989 0.025339
v 0.013628 -0.085282 0.024084
v 0.015861 -0.092811 0.020769
v 0.016136 -0.086030 0.019493
v -0.000710 -0.080945 0.038745
v 0.001324 -0.074636 0.038621
v 0.005109 -0.075921 0.035324
v 0.007231 -0.069795 0.035633
v 0.008612 -0.076991 0.031653
v 0.010430 -0.070727 0.031700
v 0.011768 -0.077880 0.027630
v 0.013301 -0.071480 0.027467
v 0.014512 -0.078628 0.023275
v 0.015788 -0.072092 0.022947
v 0.016791 -0.079276 0.018611
v 0.017837 -0.072601 0.018156
v 0.019264 -0.066004 0.018061
v 0.019455 -0.059314 0.023339
v 0.017455 -0.065669 0.023012
v 0.017545 -0.059080 0.028267
v 0.015243 -0.065234 0.027733
v 0.015311 -0.058721 0.033000
v 0.012675 -0.064663 0.032215
v 0.012796 -0.058203 0.037532
v 0.009801 -0.063920 0.036448
v 0.006668 -0.062977 0.040424
v 0.003761 -0.068653 0.039252
v 0.000064 -0.067286 0.042541
v -0.002689 -0.073120 0.041516
v -0.006894 -0.071380 0.044002
v -0.008264 -0.074398 0.043576
v -0.011262 -0.069445 0.046098
v 0.023800 -0.052803 0.013148
v 0.025644 -0.045748 0.007887
v -0.010649 -0.067200 -0.036000
v -0.010649 -0.066600 -0.040400
v -0.010649 -0.067046 -0.039359
v -0.010649 -0.067200 -0.038236
v -0.025012 -0.088250 0.035000
v -0.011532 -0.088250 0.035000
v 0.012666 -0.088250 0.010084
v 0.013811 -0.088250 0.009544
v -0.004938 -0.088250 0.031681
v 0.002042 -0.088250 0.025975
v 0.007457 -0.088250 0.018768
v 0.010504 -0.088250 0.012044
v 0.014721 -0.088250 0.008399
v 0.014988 -0.088250 0.007162
v 0.014988 -0.088250 -0.006993
v 0.014725 -0.088250 -0.008222
v 0.010954 -0.088250 0.011195
v 0.011777 -0.088250 0.010449
v 0.013827 -0.088250 -0.009363
v 0.012695 -0.088250 -0.009909
v 0.011814 -0.088250 -0.010279
v -0.024012 -0.088250 -0.036000
v -0.014535 -0.088250 -0.036000
v -0.008956 -0.088250 -0.033883
v -0.002136 -0.088250 -0.029708
v 0.003644 -0.088250 -0.024183
v 0.008121 -0.088250 -0.017558
v 0.010556 -0.088250 -0.011874
v 0.011000 -0.088250 -0.011027
v -0.025012 -0.076276 0.035617
v -0.025012 -0.076493 0.035293
v -0.025012 -0.077200 0.035000
v -0.025012 -0.076817 0.035076
v -0.025012 -0.042765 0.054277
v -0.025012 -0.042754 0.053801
v -0.025012 -0.065576 0.040400
v -0.025012 -0.065317 0.040434
v -0.025012 -0.042993 0.054693
v -0.025012 -0.043389 0.054957
v -0.025012 -0.043731 0.055018
v -0.025012 -0.042964 0.053375
v -0.025012 -0.043230 0.053152
v -0.025012 -0.065075 0.040534
v -0.001548 -0.066200 -0.038236
v -0.009649 -0.066200 -0.038236
v 0.000129 -0.066200 -0.037161
v 0.003558 -0.067083 -0.035006
v 0.003581 -0.066822 -0.035073
v -0.024394 -0.076547 -0.035347
v -0.024394 -0.076346 -0.035647
v -0.024719 -0.076493 -0.036000
v -0.024936 -0.076817 -0.036000
v -0.024936 -0.076846 -0.035854
v -0.024394 -0.076276 -0.036000
v -0.024719 -0.076547 -0.035730
v -0.024719 -0.076700 -0.035500
v -0.024936 -0.076929 -0.035730
v -0.024394 -0.076846 -0.035147
v -0.024719 -0.076929 -0.035347
v -0.024936 -0.077053 -0.035647
v -0.024394 -0.077200 -0.035076
v -0.024719 -0.077200 -0.035293
v -0.024936 -0.077200 -0.035618
v -0.009911 -0.066235 -0.036000
v -0.009997 -0.066262 -0.038236
v -0.010149 -0.066334 -0.036000
v -0.010149 -0.066334 -0.038236
v -0.010359 -0.066496 -0.038236
v -0.010515 -0.066700 -0.036000
v -0.010590 -0.066861 -0.038236
v -0.010515 -0.066700 -0.038236
v -0.009997 -0.066043 -0.039413
v -0.010590 -0.066601 -0.039629
v -0.010557 -0.066057 -0.040460
v -0.010359 -0.066261 -0.039498
v -0.010333 -0.065507 -0.040637
v -0.009649 -0.065238 -0.040524
v -0.009997 -0.065282 -0.040568
v -0.009649 -0.065984 -0.039391
v -0.009986 -0.064832 -0.040931
v -0.009649 -0.064262 -0.041177
v -0.011532 -0.080250 0.035000
v -0.011649 -0.077200 0.035000
v -0.010884 -0.077048 0.035000
v 0.000941 -0.080250 0.035000
v -0.010235 -0.076614 0.035000
v -0.009801 -0.075965 0.035000
v 0.001697 -0.076736 0.035000
v -0.009649 -0.075200 0.035000
v 0.002792 -0.073401 0.035000
v -0.009649 -0.067000 0.035000
v 0.005795 -0.067000 0.035000
v 0.005132 -0.068247 0.035000
v 0.004127 -0.070275 0.035000
v -0.011497 -0.080415 0.034986
v -0.011368 -0.080601 0.034936
v -0.011339 -0.080629 0.034925
v -0.010653 -0.081011 0.034649
v -0.009907 -0.081194 0.034330
v -0.009220 -0.081249 0.034019
v 0.010504 -0.081250 0.012044
v 0.007457 -0.081250 0.018768
v 0.002042 -0.081250 0.025975
v -0.004938 -0.081250 0.031681
v -0.009178 -0.081250 0.034000
v 0.011777 -0.081250 0.010449
v 0.012666 -0.081250 0.010084
v 0.010954 -0.081250 0.011195
v 0.014988 -0.081250 -0.006993
v 0.014988 -0.081250 0.007162
v -0.010173 -0.065570 0.040248
v -0.010649 -0.065768 0.040134
v -0.010649 -0.065075 0.040534
v 0.002370 -0.058878 0.044114
v 0.001106 -0.062903 0.041789
v 0.010857 -0.043230 0.053152
v 0.011944 -0.042680 0.053470
v 0.013020 -0.042112 0.053798
v 0.000788 -0.065500 0.040289
v -0.009649 -0.065500 0.040289
v 0.005476 -0.053224 0.047379
v 0.003706 -0.056157 0.045685
v 0.010501 -0.043372 0.054952
v 0.010159 -0.043731 0.055018
v 0.010745 -0.042914 0.053440
v 0.010660 -0.042754 0.053801
v 0.010598 -0.042765 0.054276
v 0.010645 -0.042740 0.053883
v 0.010600 -0.043134 0.054821
v 0.010602 -0.043054 0.054754
v 0.010599 -0.043033 0.054734
v 0.010593 -0.042786 0.054346
v -0.011649 -0.076700 0.035134
v -0.011649 -0.076817 0.035076
v -0.011649 -0.076493 0.035293
v -0.011649 -0.076334 0.035500
v -0.011649 -0.076276 0.035617
v -0.011649 -0.076200 0.036000
v -0.011649 -0.076200 0.040400
v -0.010649 -0.065576 0.040400
v -0.010649 -0.065317 0.040434
v -0.011267 -0.076124 0.036000
v -0.011215 -0.076248 0.035500
v -0.010942 -0.075907 0.036000
v -0.010847 -0.076002 0.035500
v -0.010725 -0.075583 0.036000
v -0.010602 -0.075634 0.035500
v -0.010649 -0.075200 0.036000
v -0.010515 -0.075200 0.035500
v -0.011075 -0.076586 0.035134
v -0.010589 -0.076261 0.035134
v -0.010263 -0.075774 0.035134
v -0.010149 -0.075200 0.035134
v -0.010149 -0.067000 0.035134
v -0.010515 -0.067000 0.035500
v -0.010649 -0.067000 0.036000
v -0.009649 -0.066500 0.035134
v 0.006040 -0.066692 0.035048
v 0.006080 -0.066587 0.035089
v -0.009649 -0.066293 0.035293
v 0.006092 -0.066483 0.035144
v 0.005608 -0.066066 0.035644
v 0.005979 -0.066242 0.035347
v 0.006034 -0.066305 0.035281
v -0.009649 -0.066134 0.035500
v -0.009649 -0.066000 0.036000
v 0.004961 -0.066000 0.036000
v 0.003143 -0.073480 0.034934
v 0.002021 -0.076825 0.034942
v 0.005982 -0.067102 0.034977
v 0.001260 -0.080300 0.034946
v 0.004979 -0.070152 0.034698
v 0.003436 -0.073592 0.034742
v 0.002311 -0.076904 0.034771
v 0.001548 -0.080345 0.034789
v 0.006460 -0.067361 0.034654
v 0.006158 -0.067198 0.034910
v 0.000941 -0.081250 0.034000
v 0.011771 -0.081249 -0.021659
v 0.009485 -0.081249 -0.025124
v 0.008120 -0.081250 -0.017557
v 0.003644 -0.081250 -0.024183
v 0.011814 -0.081250 -0.010279
v 0.012695 -0.081250 -0.009909
v 0.015187 -0.081249 -0.014301
v 0.014385 -0.081250 0.016403
v -0.009207 -0.081250 -0.034000
v -0.008956 -0.081250 -0.033882
v 0.000736 -0.081249 -0.034000
v -0.002136 -0.081250 -0.029708
v 0.004835 -0.081249 -0.030467
v 0.006914 -0.081249 -0.028295
v 0.015554 -0.081249 -0.013204
v 0.013827 -0.081250 -0.009363
v 0.014725 -0.081250 -0.008222
v 0.017125 -0.081250 -0.006346
v 0.011929 -0.081250 0.021451
v 0.010588 -0.081250 0.023634
v 0.005442 -0.081250 0.030009
v 0.006233 -0.081250 0.029181
v 0.010045 -0.081250 0.024440
v 0.014343 -0.081249 -0.016509
v 0.010556 -0.081250 -0.011874
v 0.011000 -0.081250 -0.011027
v 0.013811 -0.081250 0.009544
v 0.015700 -0.081250 0.012672
v 0.014721 -0.081250 0.008400
v 0.016747 -0.081250 0.008432
v 0.017196 -0.081250 0.005655
v 0.017566 -0.081250 -0.000012
v -0.009649 -0.066000 0.039423
v 0.000788 -0.066000 0.039423
v 0.002937 -0.066000 0.037790
v 0.006028 -0.065692 0.036018
v 0.005470 -0.065673 0.036536
v 0.005588 -0.065414 0.036660
v 0.006261 -0.066599 0.035065
v 0.006436 -0.066596 0.035012
v 0.005155 -0.065959 0.036204
v 0.005282 -0.065885 0.036338
v 0.005697 -0.065975 0.035836
v 0.005872 -0.065855 0.035942
v 0.006133 -0.066160 0.035418
v 0.006307 -0.066074 0.035436
v 0.005890 -0.065433 0.036357
v 0.006514 -0.065716 0.035561
v 0.006736 -0.066147 0.035072
v 0.006721 -0.066693 0.034765
v 0.017376 -0.081233 0.005679
v 0.017747 -0.081233 -0.000011
v 0.017559 -0.081180 0.005702
v 0.017932 -0.081180 -0.000010
v 0.017878 -0.080975 0.005743
v 0.018254 -0.080974 -0.000010
v 0.018098 -0.080664 0.005772
v 0.018476 -0.080662 -0.000009
v 0.018187 -0.080293 0.005783
v 0.017567 -0.080297 0.009412
v 0.017479 -0.080667 0.009394
v 0.017262 -0.080976 0.009347
v 0.016947 -0.081180 0.009280
v 0.016767 -0.081233 0.009242
v 0.016656 -0.080302 0.012960
v 0.016569 -0.080670 0.012934
v 0.016356 -0.080978 0.012870
v 0.016049 -0.081181 0.012777
v 0.015873 -0.081233 0.012724
v 0.013719 -0.081233 0.018382
v 0.013884 -0.081182 0.018459
v 0.014174 -0.080982 0.018594
v 0.014376 -0.080678 0.018688
v 0.012795 -0.080321 0.021947
v 0.014180 -0.080315 0.019321
v 0.014461 -0.080313 0.018727
v 0.012084 -0.081233 0.021540
v 0.010191 -0.081234 0.024541
v 0.012241 -0.081182 0.021630
v 0.010340 -0.081183 0.024643
v 0.012518 -0.080984 0.021788
v 0.010601 -0.080987 0.024824
v 0.012711 -0.080683 0.021899
v 0.010784 -0.080688 0.024951
v 0.006962 -0.080339 0.029860
v 0.010582 -0.080329 0.025410
v 0.010865 -0.080328 0.025007
v 0.006362 -0.081234 0.029301
v 0.003807 -0.081234 0.031829
v 0.006493 -0.081184 0.029424
v 0.003927 -0.081184 0.031961
v 0.006724 -0.080990 0.029638
v 0.004139 -0.080992 0.032194
v 0.006888 -0.080695 0.029791
v 0.004290 -0.080698 0.032360
v 0.004358 -0.080343 0.032435
v 0.001506 -0.080626 0.034734
v 0.001374 -0.080953 0.034563
v 0.001175 -0.081173 0.034305
v 0.003304 -0.065690 0.038424
v 0.003417 -0.065433 0.038562
v 0.005515 -0.065415 0.036728
v 0.004950 -0.065996 0.036131
v 0.005189 -0.065900 0.036383
v 0.005394 -0.065680 0.036600
v 0.003117 -0.065904 0.038195
v 0.002901 -0.065996 0.037930
v 0.001302 -0.065447 0.040155
v 0.001177 -0.065737 0.039976
v 0.000997 -0.065932 0.039720
v 0.000020 0.052495 0.003188
v 0.000199 0.052395 0.000002
v 0.003205 0.050586 0.000011
v 0.025640 -0.000127 0.007747
v 0.026284 -0.000125 0.013868
v 0.025558 0.007666 0.013868
v 0.006560 0.048492 0.027631
v 0.009572 0.046125 0.027621
v 0.007582 0.047890 0.052821
v 0.009231 0.046619 0.053179
v 0.012363 0.043505 0.027608
v 0.011852 0.044322 0.054132
v 0.014901 0.040633 0.027589
v 0.014344 0.041719 0.054695
v 0.016686 0.038741 0.054957
v 0.017160 0.037522 0.027565
v 0.018050 0.036664 0.055009
v 0.018691 0.035576 0.055017
v 0.018544 0.035833 0.055015
v 0.019126 0.034196 0.027536
v 0.018340 0.036183 0.055013
v 0.018114 0.036561 0.055010
v 0.022817 0.025307 0.055049
v 0.021332 0.029912 0.055034
v 0.021002 0.030788 0.041232
v 0.020970 0.030835 0.055031
v 0.019328 0.034404 0.055022
v 0.022370 0.027135 0.041182
v 0.023478 0.023368 0.041133
v 0.024063 0.019833 0.055066
v 0.025112 0.015615 0.041044
v 0.026301 0.007735 0.040983
v 0.025556 0.010295 0.055088
v 0.026429 0.002218 0.055094
v 0.026591 -0.000118 0.055095
v 0.026589 -0.000085 0.055095
v 0.026673 -0.000118 0.053057
v 0.027041 -0.000120 0.040960
v 0.027102 -0.000121 0.032513
v 0.026437 -0.000125 0.015700
v 0.027024 -0.000122 0.027316
v 0.026277 0.007711 0.027332
v 0.027081 -0.000122 0.030267
v 0.005540 0.049311 0.051842
v 0.004281 0.050116 0.050987
v 0.002467 0.051193 0.048878
v 0.001711 0.051616 0.047730
v 0.001661 0.051644 0.047622
v 0.001173 0.051909 0.046423
v 0.000754 0.052133 0.045057
v 0.000706 0.052158 0.044873
v 0.000171 0.052437 0.041637
v 0.000074 0.052486 0.040263
v 0.000022 0.052512 0.038149
v 0.003361 0.050617 0.027635
v 0.000019 0.052510 0.031124
v 0.000018 0.052504 0.018171
v 0.024373 0.015452 0.013870
v 0.025051 0.015550 0.027374
v 0.022695 0.023124 0.013874
v 0.023338 0.023274 0.027436
v 0.022194 0.027035 0.027470
v 0.020229 0.030504 0.013876
v 0.020799 0.030688 0.027504
v 0.018614 0.034011 0.013874
v 0.016719 0.037348 0.013869
v 0.014540 0.040483 0.013862
v 0.012086 0.043388 0.013852
v 0.023549 0.010484 0.000316
v 0.022864 0.015243 0.000296
v 0.021395 0.022774 0.000258
v 0.019954 0.027930 0.000224
v 0.019204 0.030085 0.000207
v 0.016861 0.035412 0.000161
v 0.016048 0.036914 0.000147
v 0.012764 0.041836 0.000096
v 0.011654 0.043193 0.000081
v 0.009236 0.045767 0.000054
v 0.007094 0.047700 0.000035
v 0.003413 0.050448 0.000012
v 0.005623 0.048396 -0.009318
v 0.003732 0.050075 -0.007582
v 0.003852 0.051080 -0.007679
v 0.002365 0.051073 -0.005969
v 0.000020 0.054757 0.031450
v 0.000020 0.054757 0.018580
v 0.000024 0.054755 0.003192
v 0.000024 0.054755 0.038279
v 0.000079 0.054728 0.040341
v 0.000183 0.054676 0.041750
v 0.000516 0.054508 0.044025
v 0.000713 0.052225 0.044902
v 0.000735 0.052360 0.044985
v 0.000745 0.052390 0.045026
v 0.000735 0.054397 0.044986
v 0.000754 0.052393 0.045057
v 0.001509 0.052051 0.047280
v 0.001183 0.052839 0.046446
v 0.000753 0.054387 0.045057
v 0.000203 0.054662 0.000000
v 0.000238 0.052505 -0.000281
v 0.000579 0.052180 -0.002042
v 0.002065 0.053620 -0.005513
v 0.001237 0.053170 -0.003938
v 0.001047 0.054207 -0.003494
v 0.000606 0.052765 -0.002113
v 0.000438 0.054538 -0.001418
v 0.001260 0.051780 -0.004018
v 0.003457 0.052723 -0.007276
v 0.005359 0.051264 -0.009055
v 0.006950 0.047377 -0.010513
v 0.007607 0.046059 -0.011112
v 0.019062 0.038809 0.057008
v 0.017060 0.041588 0.056910
v 0.014829 0.044173 0.056609
v 0.012420 0.046535 0.056017
v 0.009899 0.048651 0.055062
v 0.019129 0.038706 0.057009
v 0.019370 0.038332 0.057013
v 0.019588 0.037984 0.057015
v 0.019745 0.037728 0.057016
v 0.020430 0.036562 0.057018
v 0.028463 0.000730 0.057018
v 0.022466 0.032418 0.057018
v 0.027546 0.009952 0.057018
v 0.026180 0.019091 0.057018
v 0.024059 0.028081 0.057018
v 0.025268 0.023620 0.057018
v 0.001608 0.051836 0.047507
v 0.014049 -0.041638 0.053717
v 0.013683 -0.042256 0.053315
v 0.013382 -0.042241 0.053620
v 0.014299 -0.041002 0.054358
v 0.014274 -0.041114 0.054210
v 0.014074 -0.041206 0.054331
v 0.011525 -0.042528 0.054975
v 0.011159 -0.042775 0.054920
v 0.012453 -0.041958 0.055200
v 0.013523 -0.041170 0.055383
v 0.013462 -0.041231 0.055328
v 0.013413 -0.041262 0.055371
v 0.013010 -0.041571 0.055308
v 0.014004 -0.040918 0.054985
v 0.013421 -0.041271 0.055197
v 0.012599 -0.041860 0.055230
v 0.012107 -0.042132 0.055046
v 0.014269 -0.040816 0.054735
v 0.014124 -0.040783 0.055053
v 0.013794 -0.040921 0.055398
v 0.013621 -0.041709 0.054005
v 0.013464 -0.041677 0.054073
v 0.013732 -0.041388 0.054294
v 0.013945 -0.041015 0.054793
v 0.013962 -0.041031 0.054730
v 0.013948 -0.041095 0.054606
v 0.013962 -0.041235 0.054380
v 0.013893 -0.041018 0.054872
v 0.013756 -0.041072 0.054966
v 0.013368 -0.041295 0.055066
v 0.012752 -0.041696 0.055089
v 0.012267 -0.042023 0.055061
v 0.002487 0.053474 0.049134
v 0.002653 0.053382 0.049386
v 0.002679 0.053369 0.049424
v 0.002829 0.053284 0.049639
v 0.002878 0.053258 0.049707
v 0.003011 0.053182 0.049885
v 0.003086 0.053143 0.049984
v 0.003199 0.053076 0.050127
v 0.003301 0.053022 0.050254
v 0.003393 0.052966 0.050364
v 0.003612 0.052845 0.050617
v 0.003798 0.052733 0.050821
v 0.003941 0.052655 0.050973
v 0.004226 0.052484 0.051259
v 0.004225 0.052489 0.051259
v 0.004347 0.052413 0.051376
v 0.004464 0.052347 0.051487
v 0.004469 0.052342 0.051491
v 0.004716 0.052196 0.051717
v -0.024719 -0.087250 -0.035293
v -0.024878 -0.087250 -0.035500
v -0.024812 -0.087632 -0.035538
v -0.024936 -0.087632 -0.036000
v -0.024624 -0.087957 -0.035647
v -0.024719 -0.087957 -0.036000
v -0.024343 -0.088173 -0.035809
v -0.024512 -0.087250 -0.035134
v -0.024474 -0.087632 -0.035200
v -0.024365 -0.087957 -0.035388
v -0.024203 -0.088173 -0.035669
v -0.024012 -0.087632 -0.035076
v -0.024012 -0.087957 -0.035293
v -0.024012 -0.088173 -0.035618
v -0.024394 -0.088173 -0.036000
v 0.007422 0.050460 0.053737
v 0.005030 0.052006 0.051991
v 0.001662 0.053917 0.047624
v 0.002475 0.053481 0.049115
v 0.002441 0.053499 0.049062
v 0.026629 -0.000786 0.055095
v 0.000898 -0.065932 0.039769
v 0.000992 -0.065737 0.040067
v 0.000788 -0.065737 0.040099
v 0.001053 -0.065492 0.040252
v 0.000788 -0.065932 0.039785
v -0.009997 -0.066062 0.036000
v -0.009972 -0.066053 0.039361
v -0.010070 -0.066093 0.039316
v -0.010149 -0.066134 0.036000
v -0.010301 -0.066241 0.039144
v -0.010360 -0.066296 0.036000
v -0.010506 -0.066483 0.038864
v -0.010515 -0.066500 0.036000
v -0.010583 -0.066642 0.038681
v -0.010590 -0.066661 0.036000
v -0.010649 -0.067000 0.038267
v 0.001065 -0.081173 0.034364
v 0.001169 -0.080953 0.034672
v 0.001239 -0.080626 0.034877
v 0.000941 -0.080626 0.034926
v 0.000941 -0.081173 0.034385
v 0.000941 -0.080953 0.034710
v -0.010399 -0.066567 0.035500
v -0.009899 -0.066567 0.035134
v -0.010082 -0.066250 0.035500
v -0.010082 -0.066750 0.035134
v -0.011267 -0.076124 0.040400
v -0.010942 -0.075907 0.040400
v -0.010725 -0.075583 0.040400
v -0.010649 -0.075200 0.040400
v -0.009649 -0.065755 0.040079
v -0.010245 -0.066009 0.039826
v -0.010649 -0.066082 0.039895
v -0.010364 -0.065871 0.040033
v -0.010144 -0.066085 0.039581
v -0.010649 -0.066380 0.039538
v -0.010649 -0.066364 0.039561
v -0.010508 -0.066388 0.039320
v -0.010626 -0.066578 0.039154
v -0.010649 -0.066695 0.038976
v -0.010649 -0.066861 0.038601
v -0.010649 -0.066718 0.038927
v -0.009649 -0.065945 0.039748
v 0.005708 -0.053392 0.047226
v 0.003965 -0.056244 0.045587
v 0.002510 -0.059207 0.043881
v 0.001497 -0.062299 0.042098
v 0.011482 -0.045525 0.051482
v 0.005955 -0.053438 0.047030
v 0.004205 -0.056281 0.045421
v 0.002747 -0.059225 0.043744
v 0.001738 -0.062290 0.041985
v 0.012100 -0.042024 0.054834
v 0.012163 -0.041938 0.054480
v 0.012286 -0.041974 0.054138
v 0.012455 -0.042124 0.053848
v -0.004604 -0.064262 -0.041177
v -0.004167 -0.065129 -0.040625
v -0.004057 -0.065249 -0.040513
v -0.003521 -0.065672 -0.039997
v -0.002553 -0.066074 -0.039123
v -0.020144 -0.054971 0.055018
v -0.014783 -0.054381 0.055018
v -0.009507 -0.053330 0.055018
v -0.004343 -0.051779 0.055018
v 0.000650 -0.049714 0.055018
v 0.005379 -0.047132 0.055018
v 0.009772 -0.044042 0.055018
v 0.017757 -0.036322 0.055366
v 0.017419 -0.036769 0.055370
v 0.014704 -0.039977 0.055392
v 0.020565 -0.032031 0.055327
v 0.020334 -0.032429 0.055331
v 0.022463 -0.028309 0.055288
v 0.024295 -0.023536 0.055236
v 0.025447 -0.019226 0.055191
v 0.025914 -0.016805 0.055169
v 0.026305 -0.014099 0.055146
v 0.026727 -0.008493 0.055113
v 0.026715 -0.002744 0.055098
v 0.003283 0.052994 0.028677
v 0.003211 0.052953 0.000000
v 0.026878 0.007750 0.007135
v 0.027594 0.007795 0.014213
v 0.028299 0.007849 0.028312
v 0.022636 0.032075 0.042800
v 0.024130 0.028184 0.042758
v 0.025324 0.024192 0.042717
v 0.027043 0.016061 0.042647
v 0.028270 0.007865 0.042596
v 0.015921 0.042573 0.028597
v 0.018425 0.039270 0.028563
v 0.020602 0.035726 0.028527
v 0.006753 0.050808 0.028667
v 0.010045 0.048350 0.028649
v 0.013115 0.045605 0.028626
v 0.018019 0.039064 0.014301
v 0.020115 0.035512 0.014288
v 0.018058 0.037407 0.000000
v 0.017386 0.038585 0.000000
v 0.017320 0.038697 0.000000
v 0.015604 0.042394 0.014313
v 0.013517 0.044085 0.000000
v 0.012887 0.045465 0.014323
v 0.009681 0.048094 0.000000
v 0.007456 0.049984 0.000000
v 0.003377 0.052850 0.000000
v 0.021892 0.031780 0.014274
v 0.022446 0.031988 0.028489
v 0.023368 0.027915 0.014261
v 0.023970 0.028103 0.028452
v 0.024574 0.023959 0.014249
v 0.027023 0.016017 0.028356
v 0.025208 0.024121 0.028417
v 0.026356 0.015912 0.014228
v 0.025908 0.007292 0.000000
v 0.025704 0.015829 0.007139
v 0.024790 0.015721 0.000000
v 0.023838 0.020931 0.000000
v 0.023220 0.023668 0.000000
v 0.021549 0.029427 0.000000
v 0.020868 0.031308 0.000000
v 0.020832 0.031405 0.000000
v -0.010590 -0.066960 -0.035760
v -0.010359 -0.066702 -0.035503
v -0.010304 -0.066467 -0.035815
v -0.009970 -0.066862 -0.035115
v -0.009997 -0.066537 -0.035337
v -0.009970 -0.066315 -0.035663
v -0.009906 -0.067200 -0.035034
v -0.009995 -0.067200 -0.035062
v -0.010587 -0.067200 -0.035654
v -0.010543 -0.067200 -0.035552
v -0.010479 -0.067200 -0.035442
v -0.010304 -0.067015 -0.035268
v -0.010356 -0.067200 -0.035293
v -0.010238 -0.067200 -0.035192
v -0.009175 -0.048860 -0.046873
v -0.009175 -0.037705 -0.049924
v -0.024358 -0.026032 -0.044508
v -0.024398 -0.026165 -0.044461
v -0.024717 -0.027169 -0.045068
v -0.024357 -0.027369 -0.044951
v -0.024946 -0.026856 -0.045251
v -0.024910 -0.026634 -0.044897
v -0.024950 -0.026331 -0.045019
v -0.024715 -0.026389 -0.044617
v -0.024760 -0.026170 -0.044745
v -0.024719 -0.026148 -0.044708
v -0.024155 -0.026377 -0.044337
v -0.024272 -0.026776 -0.044391
v -0.024344 -0.027127 -0.044609
v -0.024303 -0.026294 -0.044385
v -0.024543 -0.026625 -0.044479
v -0.024690 -0.026934 -0.044721
v 0.015258 0.022231 -0.024311
v 0.015185 0.029768 -0.020167
v 0.016745 0.030222 -0.017357
v 0.023971 0.007572 -0.009291
v 0.014169 0.007114 -0.032486
v 0.016862 0.007225 -0.027985
v 0.019147 0.007327 -0.023397
v 0.021067 0.007420 -0.018741
v 0.023310 0.015523 -0.008145
v 0.022150 0.023426 -0.006979
v 0.020159 0.031156 -0.005768
v 0.018746 0.034880 -0.005151
v 0.017012 0.038456 -0.004538
v 0.014941 0.041842 -0.003940
v 0.012526 0.045001 -0.003373
v 0.009778 0.047899 -0.002852
v 0.006722 0.050512 -0.002392
v 0.003400 0.052826 -0.001999
v 0.006692 0.050322 -0.007300
v 0.003437 0.052760 -0.006096
v 0.009528 0.047536 -0.008705
v 0.007263 0.049501 -0.010163
v 0.006613 0.050148 -0.009757
v 0.003421 0.052797 -0.004047
v 0.006723 0.050437 -0.004845
v 0.009700 0.047766 -0.005778
v 0.011879 0.044446 -0.010281
v 0.012305 0.044807 -0.006829
v 0.013729 0.041114 -0.011978
v 0.014516 0.041597 -0.007968
v 0.014863 0.033496 -0.018087
v 0.015115 0.037601 -0.013745
v 0.016097 0.033957 -0.015546
v 0.015811 0.037930 -0.011461
v 0.017060 0.034309 -0.012979
v 0.016338 0.038171 -0.009163
v 0.017794 0.034569 -0.010387
v 0.013316 0.032908 -0.020594
v 0.013316 0.032911 -0.020593
v 0.014217 0.037169 -0.016014
v 0.013044 0.036963 -0.018045
v 0.012758 0.038746 -0.016924
v 0.012409 0.040283 -0.015958
v 0.011806 0.042227 -0.014736
v 0.011373 0.043327 -0.014045
v 0.009276 0.047079 -0.011686
v 0.011790 0.012639 -0.033337
v 0.011242 0.008451 -0.035970
v 0.022661 0.007502 -0.014033
v 0.020944 0.015276 -0.016418
v 0.019313 0.015108 -0.020487
v 0.017312 0.014905 -0.024492
v 0.014889 0.014663 -0.028416
v 0.020331 0.023119 -0.014053
v 0.019011 0.022890 -0.017531
v 0.017339 0.022597 -0.020955
v 0.017972 0.030572 -0.014506
v 0.018915 0.030834 -0.011619
v 0.021358 0.023295 -0.010531
v 0.011992 0.014380 -0.032243
v 0.012493 0.019330 -0.029131
v 0.012709 0.021782 -0.027589
v 0.013241 0.029196 -0.022929
v 0.013261 0.029625 -0.022658
v 0.019627 0.031023 -0.008704
v -0.011549 -0.080364 -0.034994
v 0.000736 -0.080596 -0.034938
v -0.011424 -0.080577 -0.034945
v -0.010793 -0.080971 -0.034693
v 0.000736 -0.080957 -0.034707
v -0.010603 -0.081038 -0.034615
v 0.000736 -0.081188 -0.034346
v -0.009956 -0.081191 -0.034338
v -0.011568 -0.087289 -0.035001
v -0.011628 -0.087465 -0.035024
v -0.011886 -0.087727 -0.035121
v -0.012404 -0.087974 -0.035310
v -0.012754 -0.088073 -0.035433
v -0.013482 -0.088196 -0.035677
v -0.024950 -0.023549 -0.046535
v -0.024719 -0.023386 -0.046213
v -0.024358 -0.023282 -0.046006
v -0.024012 -0.023254 -0.045951
v -0.005413 -0.061163 -0.042469
v -0.005937 -0.057979 -0.043719
v -0.006092 -0.052716 -0.045615
v -0.006034 -0.051810 -0.045920
v -0.005220 -0.046437 -0.047609
v -0.002934 -0.037812 -0.049899
v -0.002906 -0.037705 -0.049924
v 0.009844 0.008580 -0.034333
v 0.011027 0.017843 -0.028371
v 0.011770 0.026689 -0.022782
v 0.008566 0.044653 -0.011939
v 0.009966 0.041954 -0.013525
v 0.010994 0.038937 -0.015311
v 0.011253 0.037848 -0.015961
v 0.011646 0.035513 -0.017364
v 0.011894 0.032148 -0.019411
v 0.011907 0.031549 -0.019778
v 0.000889 -0.081172 -0.034353
v 0.001018 -0.080953 -0.034652
v 0.001103 -0.080626 -0.034851
v 0.001297 -0.080626 -0.034738
v 0.000969 -0.081172 -0.034306
v 0.001166 -0.080953 -0.034566
v -0.008408 -0.037455 -0.042283
v -0.008225 -0.037138 -0.041917
v -0.008725 -0.037138 -0.042283
v -0.008408 -0.036955 -0.041917
v -0.024667 -0.022951 -0.046804
v -0.024514 -0.022939 -0.046442
v -0.024868 -0.023219 -0.046668
v -0.024284 -0.023046 -0.046143
v -0.024159 -0.022971 -0.046181
v -0.024284 -0.022802 -0.046512
v -0.024012 -0.022754 -0.046536
v -0.024012 -0.022945 -0.046194
v -0.024668 -0.023145 -0.046338
v -0.024367 -0.023157 -0.046087
v 0.017926 -0.080601 -0.007300
v 0.016444 -0.080604 -0.013489
v 0.007393 -0.081237 -0.027994
v 0.009614 -0.081237 -0.025218
v 0.009892 -0.081112 -0.025423
v 0.013001 -0.081237 -0.019768
v 0.017592 -0.081236 -0.003591
v 0.017939 -0.081110 -0.003618
v 0.018174 -0.080916 -0.003636
v 0.018365 -0.080600 -0.003651
v 0.017161 -0.081236 -0.007176
v 0.014491 -0.081237 -0.016570
v 0.015707 -0.081237 -0.013253
v 0.016037 -0.081111 -0.013359
v 0.014811 -0.081111 -0.016703
v 0.016262 -0.080918 -0.013430
v 0.015029 -0.080919 -0.016793
v 0.015206 -0.080606 -0.016867
v 0.010237 -0.080610 -0.025675
v 0.007653 -0.081112 -0.028221
v 0.010082 -0.080921 -0.025562
v 0.007831 -0.080921 -0.028376
v 0.007976 -0.080610 -0.028502
v 0.005486 -0.080610 -0.031135
v 0.005352 -0.080921 -0.030997
v 0.005188 -0.081112 -0.030829
v 0.004947 -0.081237 -0.030581
v 0.013308 -0.081112 -0.019928
v 0.013517 -0.080920 -0.020036
v 0.013688 -0.080608 -0.020124
v 0.017505 -0.081110 -0.007231
v 0.017738 -0.080917 -0.007269
v 0.005869 -0.064915 0.036708
v 0.004035 -0.058724 0.043179
v 0.027132 -0.005245 0.045271
v 0.018653 -0.074790 0.005110
v 0.019363 -0.069134 0.004809
v 0.020285 -0.063508 0.004686
v 0.022445 -0.052394 0.004855
v 0.025370 -0.030463 0.005980
v 0.024260 -0.041432 0.005350
v 0.025928 -0.008297 0.007289
v 0.026671 -0.008811 0.014790
v 0.027262 -0.004220 0.030114
v 0.027297 -0.009888 0.029902
v 0.027093 -0.015533 0.029675
v 0.027114 -0.009343 0.022331
v 0.026727 -0.011237 0.052481
v 0.026871 -0.005650 0.052781
v 0.025138 -0.022136 0.051731
v 0.026165 -0.016750 0.052141
v 0.023610 -0.027354 0.051219
v 0.021604 -0.032380 0.050584
v 0.019171 -0.037187 0.049801
v 0.016377 -0.041765 0.048838
v 0.006999 -0.054504 0.044773
v 0.010140 -0.050347 0.046305
v 0.013323 -0.046131 0.047673
v 0.009956 -0.066308 0.031235
v 0.008282 -0.071305 0.030780
v 0.006876 -0.076461 0.030670
v 0.011021 -0.077770 0.025226
v 0.014369 -0.078806 0.019187
v 0.017421 -0.074149 0.012198
v 0.016796 -0.079676 0.012613
v 0.012122 -0.072498 0.025102
v 0.013480 -0.067337 0.025277
v 0.015076 -0.062278 0.025673
v 0.011888 -0.061453 0.031929
v 0.016864 -0.057295 0.026206
v 0.014037 -0.056699 0.032749
v 0.018735 -0.052359 0.026794
v 0.016298 -0.051996 0.033596
v 0.020569 -0.047407 0.027370
v 0.018544 -0.047263 0.034390
v 0.016114 -0.046851 0.041165
v 0.013412 -0.051339 0.040107
v 0.010721 -0.055783 0.038945
v 0.008171 -0.060283 0.037772
v 0.027061 -0.010894 0.045021
v 0.026645 -0.016484 0.044741
v 0.023739 -0.037255 0.028365
v 0.020650 -0.042436 0.035091
v 0.022529 -0.037465 0.035690
v 0.018680 -0.042244 0.042080
v 0.021000 -0.037459 0.042845
v 0.025842 -0.021968 0.044405
v 0.024273 -0.041633 0.009183
v 0.022266 -0.052449 0.008641
v 0.021898 -0.052489 0.012385
v 0.024135 -0.041825 0.012994
v 0.023856 -0.042003 0.016776
v 0.024989 -0.036446 0.013316
v 0.024580 -0.036895 0.020898
v 0.025652 -0.031015 0.013634
v 0.025499 -0.031540 0.021241
v 0.026201 -0.026093 0.021554
v 0.024971 -0.031998 0.028770
v 0.025941 -0.026615 0.029119
v 0.024124 -0.032332 0.036191
v 0.025402 -0.027041 0.036608
v 0.022997 -0.032478 0.043474
v 0.024622 -0.027307 0.043988
v 0.026456 -0.019986 0.014240
v 0.025872 -0.019409 0.006647
v 0.026697 -0.020564 0.021838
v 0.026646 -0.021119 0.029419
v 0.026349 -0.021608 0.036953
v 0.018294 -0.068664 0.012007
v 0.019380 -0.063224 0.012003
v 0.020633 -0.052499 0.019715
v 0.021350 -0.052508 0.016079
v 0.017611 -0.062839 0.019022
v 0.016300 -0.068091 0.018855
v 0.015210 -0.073413 0.018892
v 0.019757 -0.052452 0.023288
v 0.022909 -0.042291 0.024232
v 0.023444 -0.042161 0.020524
v 0.022259 -0.042386 0.027899
v 0.015093 0.007031 -0.027066
v 0.019155 0.007330 -0.018139
v 0.003430 0.050420 -0.002149
v 0.006430 0.048187 -0.002532
v 0.009170 0.045695 -0.002967
v 0.011623 0.042956 -0.003449
v 0.018452 0.029967 -0.005645
v 0.017178 0.033463 -0.005077
v 0.015624 0.036815 -0.004515
v 0.013775 0.039988 -0.003969
v 0.021356 0.015130 -0.007875
v 0.020271 0.022669 -0.006773
v 0.021988 0.007493 -0.008970
v 0.020707 0.007426 -0.013578
v 0.012506 0.006821 -0.031409
v 0.013260 0.014062 -0.027410
v 0.013371 0.032116 -0.017447
v 0.013655 0.028559 -0.019403
v 0.013683 0.021320 -0.023391
v 0.012796 0.035601 -0.015534
v 0.008777 0.045358 -0.008862
v 0.010830 0.042451 -0.010273
v 0.012455 0.039323 -0.011794
v 0.013681 0.036019 -0.013396
v 0.003421 0.050345 -0.006447
v 0.006296 0.048001 -0.007583
v 0.017297 0.007199 -0.022639
v 0.017475 0.014675 -0.019802
v 0.019047 0.014880 -0.015887
v 0.017225 0.022110 -0.016935
v 0.018491 0.022366 -0.013609
v 0.016300 0.029403 -0.014052
v 0.017213 0.029667 -0.011304
v 0.016209 0.033181 -0.010156
v 0.015562 0.014405 -0.023645
v 0.015641 0.021765 -0.020195
v 0.015130 0.029039 -0.016750
v 0.014554 0.032580 -0.015055
v 0.014913 0.036560 -0.009029
v 0.013296 0.039771 -0.007938
v 0.011341 0.042784 -0.006901
v 0.009037 0.045573 -0.005939
v 0.006392 0.048114 -0.005070
v 0.003436 0.050387 -0.004302
v -0.002745 -0.037855 -0.049869
v -0.005060 -0.046466 -0.047587
v -0.005931 -0.052719 -0.045600
v -0.005759 -0.057956 -0.043710
v -0.005220 -0.061120 -0.042465
v -0.004391 -0.064197 -0.041178
v -0.002143 -0.065847 -0.039411
v -0.001228 -0.065985 -0.038766
v -0.001121 -0.065764 -0.038943
v -0.001307 -0.066085 -0.038635
v -0.002279 -0.066010 -0.039229
v -0.001379 -0.066145 -0.038517
v -0.003027 -0.065547 -0.040039
v -0.003835 -0.065039 -0.040643
v -0.003151 -0.065695 -0.039924
v -0.003948 -0.065148 -0.040592
v -0.002917 -0.065367 -0.040117
v 0.000292 -0.066156 -0.037404
v 0.000476 -0.065984 -0.037674
v 0.000607 -0.065721 -0.037868
v 0.002264 -0.065718 -0.036682
v 0.002123 -0.065983 -0.036496
v 0.001947 -0.066144 -0.036262
v 0.001925 -0.066156 -0.036234
v 0.002926 -0.066187 -0.035731
v 0.003364 -0.066334 -0.035440
v 0.003698 -0.066623 -0.035161
v 0.003532 -0.066206 -0.035487
v 0.003865 -0.066551 -0.035147
v 0.002446 -0.066133 -0.036007
v 0.003096 -0.066031 -0.035841
v 0.003243 -0.065833 -0.035908
v 0.009255 -0.030277 -0.041783
v 0.009910 -0.030369 -0.041517
v 0.009601 -0.030326 -0.041713
v 0.009601 -0.027004 -0.041783
v -0.028212 -0.035303 -0.052283
v -0.028212 -0.034205 -0.053381
v -0.028212 -0.032705 -0.050783
v -0.028212 -0.032705 -0.053783
v -0.028212 -0.031205 -0.053381
v -0.028212 -0.034205 -0.048185
v -0.028212 -0.035303 -0.049283
v -0.028212 -0.035705 -0.050783
v -0.028212 -0.030107 -0.049283
v -0.028212 -0.031205 -0.048185
v -0.028212 -0.032705 -0.047783
v -0.028212 -0.030107 -0.052283
v -0.028212 -0.029705 -0.050783
v -0.025212 -0.032705 -0.053783
v -0.025212 -0.034205 -0.053381
v -0.025212 -0.035303 -0.052283
v -0.025212 -0.035705 -0.050783
v -0.025212 -0.035303 -0.049283
v -0.025212 -0.034205 -0.048185
v -0.025212 -0.032705 -0.047783
v -0.025212 -0.031205 -0.048185
v -0.025212 -0.030107 -0.049283
v -0.025212 -0.029705 -0.050783
v -0.025212 -0.030107 -0.052283
v -0.025212 -0.031205 -0.053381
v -0.025012 -0.031105 -0.053555
v -0.025012 -0.029934 -0.052383
v -0.025012 -0.029505 -0.050783
v -0.025012 -0.029934 -0.049183
v -0.025012 -0.031105 -0.048012
v -0.025012 -0.032705 -0.047583
v -0.025012 -0.034305 -0.048012
v -0.025012 -0.035477 -0.049183
v -0.025012 -0.035905 -0.050783
v -0.025012 -0.035477 -0.052383
v -0.025012 -0.034305 -0.053555
v -0.025012 -0.032705 -0.053983
v -0.021812 -0.030107 -0.052283
v -0.021812 -0.031205 -0.053381
v -0.021812 -0.032705 -0.050783
v -0.021812 -0.032705 -0.053783
v -0.021812 -0.034205 -0.053381
v -0.021812 -0.031205 -0.048185
v -0.021812 -0.030107 -0.049283
v -0.021812 -0.029705 -0.050783
v -0.021812 -0.035303 -0.049283
v -0.021812 -0.034205 -0.048185
v -0.021812 -0.032705 -0.047783
v -0.021812 -0.035303 -0.052283
v -0.021812 -0.035705 -0.050783
v -0.024812 -0.032705 -0.053783
v -0.024812 -0.031205 -0.053381
v -0.024812 -0.030107 -0.052283
v -0.024812 -0.029705 -0.050783
v -0.024812 -0.030107 -0.049283
v -0.024812 -0.031205 -0.048185
v -0.024812 -0.032705 -0.047783
v -0.024812 -0.034205 -0.048185
v -0.024812 -0.035303 -0.049283
v -0.024812 -0.035705 -0.050783
v -0.024812 -0.035303 -0.052283
v -0.024812 -0.034205 -0.053381
v -0.025212 -0.080750 -0.042598
v -0.025012 -0.080650 -0.042772
v -0.025212 -0.079651 -0.041500
v -0.025012 -0.079478 -0.041600
v -0.025212 -0.079250 -0.040000
v -0.025012 -0.079050 -0.040000
v -0.025212 -0.079651 -0.038500
v -0.025012 -0.079478 -0.038400
v -0.025212 -0.080750 -0.037402
v -0.025012 -0.080650 -0.037229
v -0.025212 -0.082250 -0.037000
v -0.025012 -0.082250 -0.036800
v -0.025212 -0.083750 -0.037402
v -0.025012 -0.083850 -0.037229
v -0.025212 -0.084848 -0.038500
v -0.025012 -0.085021 -0.038400
v -0.025212 -0.085250 -0.040000
v -0.025012 -0.085450 -0.040000
v -0.025212 -0.084848 -0.041500
v -0.025012 -0.085021 -0.041600
v -0.025212 -0.083750 -0.042598
v -0.025012 -0.083850 -0.042772
v -0.025212 -0.082250 -0.043000
v -0.025012 -0.082250 -0.043200
v -0.028212 -0.082250 -0.043000
v -0.028212 -0.083750 -0.042598
v -0.028212 -0.084848 -0.041500
v -0.028212 -0.085250 -0.040000
v -0.028212 -0.084848 -0.038500
v -0.028212 -0.083750 -0.037402
v -0.028212 -0.082250 -0.037000
v -0.028212 -0.080750 -0.037402
v -0.028212 -0.079651 -0.038500
v -0.028212 -0.079250 -0.040000
v -0.028212 -0.079651 -0.041500
v -0.028212 -0.080750 -0.042598
v -0.028212 -0.082250 -0.040000
v -0.021812 -0.079651 -0.041500
v -0.021812 -0.080750 -0.042598
v -0.021812 -0.082250 -0.040000
v -0.021812 -0.082250 -0.043000
v -0.021812 -0.083750 -0.042598
v -0.021812 -0.080750 -0.037402
v -0.021812 -0.079651 -0.038500
v -0.021812 -0.079250 -0.040000
v -0.021812 -0.084848 -0.038500
v -0.021812 -0.083750 -0.037402
v -0.021812 -0.082250 -0.037000
v -0.021812 -0.084848 -0.041500
v -0.021812 -0.085250 -0.040000
v -0.024812 -0.082250 -0.043000
v -0.024812 -0.080750 -0.042598
v -0.024812 -0.079651 -0.041500
v -0.024812 -0.079250 -0.040000
v -0.024812 -0.079651 -0.038500
v -0.024812 -0.080750 -0.037402
v -0.024812 -0.082250 -0.037000
v -0.024812 -0.083750 -0.037402
v -0.024812 -0.084848 -0.038500
v -0.024812 -0.085250 -0.040000
v -0.024812 -0.084848 -0.041500
v -0.024812 -0.083750 -0.042598
v -0.025212 -0.080750 0.037402
v -0.025012 -0.080650 0.037228
v -0.025212 -0.079652 0.038500
v -0.025012 -0.079478 0.038400
v -0.025212 -0.079250 0.040000
v -0.025012 -0.079050 0.040000
v -0.025212 -0.079652 0.041500
v -0.025012 -0.079478 0.041600
v -0.025212 -0.080750 0.042598
v -0.025012 -0.080650 0.042771
v -0.025212 -0.082250 0.043000
v -0.025012 -0.082250 0.043200
v -0.025212 -0.083750 0.042598
v -0.025012 -0.083850 0.042771
v -0.025212 -0.084848 0.041500
v -0.025012 -0.085021 0.041600
v -0.025212 -0.085250 0.040000
v -0.025012 -0.085450 0.040000
v -0.025212 -0.084848 0.038500
v -0.025012 -0.085021 0.038400
v -0.025212 -0.083750 0.037402
v -0.025012 -0.083850 0.037228
v -0.025212 -0.082250 0.037000
v -0.025012 -0.082250 0.036800
v -0.028212 -0.082250 0.037000
v -0.028212 -0.083750 0.037402
v -0.028212 -0.084848 0.038500
v -0.028212 -0.085250 0.040000
v -0.028212 -0.084848 0.041500
v -0.028212 -0.083750 0.042598
v -0.028212 -0.082250 0.043000
v -0.028212 -0.080750 0.042598
v -0.028212 -0.079652 0.041500
v -0.028212 -0.079250 0.040000
v -0.028212 -0.079652 0.038500
v -0.028212 -0.080750 0.037402
v -0.028212 -0.082250 0.040000
v -0.021812 -0.079652 0.038500
v -0.021812 -0.080750 0.037402
v -0.021812 -0.082250 0.040000
v -0.021812 -0.082250 0.037000
v -0.021812 -0.083750 0.037402
v -0.021812 -0.080750 0.042598
v -0.021812 -0.079652 0.041500
v -0.021812 -0.079250 0.040000
v -0.021812 -0.084848 0.041500
v -0.021812 -0.083750 0.042598
v -0.021812 -0.082250 0.043000
v -0.021812 -0.084848 0.038500
v -0.021812 -0.085250 0.040000
v -0.024812 -0.082250 0.037000
v -0.024812 -0.080750 0.037402
v -0.024812 -0.079652 0.038500
v -0.024812 -0.079250 0.040000
v -0.024812 -0.079652 0.041500
v -0.024812 -0.080750 0.042598
v -0.024812 -0.082250 0.043000
v -0.024812 -0.083750 0.042598
v -0.024812 -0.084848 0.041500
v -0.024812 -0.085250 0.040000
v -0.024812 -0.084848 0.038500
v -0.024812 -0.083750 0.037402
v -0.025212 -0.057616 0.053220
v -0.025012 -0.057716 0.053394
v -0.025212 -0.058714 0.052122
v -0.025012 -0.058888 0.052222
v -0.025212 -0.059116 0.050622
v -0.025012 -0.059316 0.050622
v -0.025212 -0.058714 0.049122
v -0.025012 -0.058888 0.049022
v -0.025212 -0.057616 0.048024
v -0.025012 -0.057716 0.047851
v -0.025212 -0.056116 0.047622
v -0.025012 -0.056116 0.047422
v -0.025212 -0.054616 0.048024
v -0.025012 -0.054516 0.047851
v -0.025212 -0.053518 0.049122
v -0.025012 -0.053345 0.049022
v -0.025212 -0.053116 0.050622
v -0.025012 -0.052916 0.050622
v -0.025212 -0.053518 0.052122
v -0.025012 -0.053345 0.052222
v -0.025212 -0.054616 0.053220
v -0.025012 -0.054516 0.053394
v -0.025212 -0.056116 0.053622
v -0.025012 -0.056116 0.053822
v -0.028212 -0.056116 0.053622
v -0.028212 -0.054616 0.053220
v -0.028212 -0.053518 0.052122
v -0.028212 -0.053116 0.050622
v -0.028212 -0.053518 0.049122
v -0.028212 -0.054616 0.048024
v -0.028212 -0.056116 0.047622
v -0.028212 -0.057616 0.048024
v -0.028212 -0.058714 0.049122
v -0.028212 -0.059116 0.050622
v -0.028212 -0.058714 0.052122
v -0.028212 -0.057616 0.053220
v -0.024812 -0.054616 0.053220
v -0.024812 -0.053518 0.052122
v -0.024812 -0.053116 0.050622
v -0.024812 -0.053518 0.049122
v -0.024812 -0.054616 0.048024
v -0.024812 -0.056116 0.047622
v -0.024812 -0.057616 0.048024
v -0.024812 -0.058714 0.049122
v -0.024812 -0.059116 0.050622
v -0.024812 -0.058714 0.052122
v -0.024812 -0.057616 0.053220
v -0.024812 -0.056116 0.053622
v -0.021812 -0.056116 0.053622
v -0.021812 -0.054616 0.053220
v -0.021812 -0.053518 0.052122
v -0.021812 -0.053116 0.050622
v -0.021812 -0.053518 0.049122
v -0.021812 -0.054616 0.048024
v -0.021812 -0.056116 0.047622
v -0.021812 -0.057616 0.048024
v -0.021812 -0.058714 0.049122
v -0.021812 -0.059116 0.050622
v -0.021812 -0.058714 0.052122
v -0.021812 -0.057616 0.053220
v -0.051012 -0.001759 -0.037459
v -0.051012 -0.001759 -0.046833
v -0.051012 -0.001428 -0.037473
v -0.051012 -0.001428 -0.046833
v -0.050964 -0.001488 -0.047139
v -0.050990 -0.001759 -0.047040
v -0.050938 -0.001759 -0.047209
v -0.050785 -0.001699 -0.047467
v -0.050731 -0.001759 -0.047527
v -0.026654 -0.017489 -0.054591
v -0.028697 -0.026123 -0.055779
v -0.025012 -0.026133 -0.055804
v -0.028544 -0.017190 -0.054314
v -0.031534 -0.026051 -0.055727
v -0.032338 -0.016140 -0.053584
v -0.039664 -0.025346 -0.055272
v -0.036133 -0.025776 -0.055546
v -0.030585 -0.016780 -0.054044
v -0.027751 -0.012160 -0.053249
v -0.028631 -0.011482 -0.052730
v -0.026342 -0.009826 -0.052845
v -0.026777 -0.009153 -0.052303
v -0.025012 -0.006935 -0.051896
v -0.025642 -0.008651 -0.052641
v -0.025012 -0.007585 -0.052457
v -0.025507 -0.008973 -0.052906
v -0.025012 -0.007917 -0.052744
v -0.025012 -0.008915 -0.053605
v -0.025082 -0.010205 -0.053982
v -0.025012 -0.009248 -0.053892
v -0.025012 -0.010532 -0.054272
v -0.025012 -0.009581 -0.054179
v -0.026667 -0.012688 -0.053639
v -0.025544 -0.010698 -0.053559
v -0.025792 -0.010422 -0.053320
v -0.025257 -0.009588 -0.053429
v -0.025012 -0.011583 -0.054375
v -0.025337 -0.010974 -0.053813
v -0.025159 -0.009893 -0.053701
v -0.025012 -0.008583 -0.053318
v -0.025733 -0.013141 -0.054053
v -0.025012 -0.012634 -0.054478
v -0.025529 -0.012057 -0.053930
v -0.025012 -0.013685 -0.054582
v -0.025375 -0.009283 -0.053166
v -0.025012 -0.008250 -0.053031
v -0.025012 -0.017889 -0.054995
v -0.025012 -0.025895 -0.055865
v -0.025012 -0.025968 -0.055846
v -0.025012 -0.026051 -0.055825
v -0.025012 -0.025821 -0.055883
v -0.032119 -0.025707 -0.055789
v -0.035490 -0.025519 -0.055651
v -0.038727 -0.025189 -0.055421
v -0.044528 -0.024100 -0.054550
v -0.044558 -0.023887 -0.054574
v -0.042358 -0.024779 -0.054942
v -0.041773 -0.024667 -0.055073
v -0.039735 -0.025323 -0.055267
v -0.039700 -0.025334 -0.055269
v -0.045151 -0.023850 -0.054409
v -0.046418 -0.023237 -0.054071
v -0.046946 -0.022830 -0.053917
v -0.048150 -0.022086 -0.053464
v -0.053161 0.047811 -0.011319
v -0.052623 0.046883 -0.011119
v -0.053172 0.046114 -0.011726
v -0.055239 0.046585 -0.013172
v -0.053692 0.048740 -0.011531
v -0.054266 0.044173 -0.013257
v -0.056362 0.044371 -0.014859
v -0.055092 0.042048 -0.014927
v -0.057150 0.042141 -0.016556
v -0.055457 0.040733 -0.015960
v -0.057673 0.039930 -0.018240
v -0.055728 0.039462 -0.016959
v -0.058141 0.036143 -0.021123
v -0.056120 0.036423 -0.019353
v -0.058170 0.035672 -0.021482
v -0.056175 0.035597 -0.020003
v -0.058237 0.031751 -0.024468
v -0.056237 0.032602 -0.022353
v -0.056219 0.031507 -0.023215
v -0.058103 0.028530 -0.026920
v -0.056138 0.029388 -0.024885
v -0.056097 0.028658 -0.025461
v -0.057865 0.025095 -0.029536
v -0.055669 0.023093 -0.029840
v -0.057396 0.019908 -0.033486
v -0.054972 0.016296 -0.035187
v -0.056525 0.012368 -0.039228
v -0.056110 0.009377 -0.041505
v -0.053969 0.008621 -0.041228
v -0.055662 0.006621 -0.043604
v -0.053794 0.007562 -0.042062
v -0.055116 0.003880 -0.045691
v -0.053219 0.004546 -0.044437
v -0.054432 0.001257 -0.047688
v -0.053093 0.003968 -0.044892
v -0.052343 0.001185 -0.047080
v -0.053941 -0.000193 -0.048792
v -0.052251 0.000921 -0.047287
v -0.053423 -0.001436 -0.049739
v -0.052650 -0.002894 -0.050849
v -0.051696 -0.000360 -0.048295
v -0.051845 -0.004064 -0.051740
v -0.051239 -0.001119 -0.048893
v -0.051737 -0.004201 -0.051844
v -0.050863 -0.001609 -0.049279
v -0.050720 -0.005304 -0.052684
v -0.049952 -0.002469 -0.049955
v -0.049273 -0.006455 -0.053561
v -0.048329 -0.003365 -0.050661
v -0.047409 -0.007485 -0.054345
v -0.048816 -0.003152 -0.050493
v -0.049768 -0.002603 -0.050061
v -0.047308 -0.003712 -0.050934
v -0.047157 -0.003755 -0.050967
v -0.044985 -0.008362 -0.055013
v -0.046425 -0.003936 -0.051110
v -0.044653 -0.004253 -0.051359
v -0.041816 -0.009059 -0.055543
v -0.043643 -0.004382 -0.051461
v -0.042048 -0.004535 -0.051582
v -0.037655 -0.009557 -0.055922
v -0.041166 -0.004601 -0.051633
v -0.035540 -0.004839 -0.051820
v -0.032186 -0.009847 -0.056144
v -0.025012 -0.004935 -0.051896
v -0.025012 -0.009940 -0.056214
v -0.025012 -0.040000 0.055018
v -0.047024 -0.040000 0.055018
v -0.025012 -0.040000 0.057018
v -0.047024 -0.040000 0.057018
v -0.025012 -0.055137 0.055018
v -0.063969 -0.040266 0.055018
v -0.067438 -0.036225 0.055018
v -0.070389 -0.031778 0.055018
v -0.072788 -0.026981 0.055018
v -0.074596 -0.021926 0.055018
v -0.075803 -0.016721 0.055018
v -0.076479 -0.011450 0.055018
v -0.076708 -0.006151 0.055018
v -0.078533 -0.000000 0.057018
v -0.076578 -0.000818 0.055018
v -0.078488 0.000730 0.057018
v -0.076538 -0.000118 0.055018
v -0.076559 -0.000468 0.055018
v -0.054190 0.044330 0.053677
v -0.054255 0.044193 0.053740
v -0.056226 0.034276 0.015211
v -0.056175 0.035592 0.011808
v -0.056224 0.031697 0.030018
v -0.056167 0.029998 0.038084
v -0.056175 0.035590 0.055867
v -0.056146 0.029545 0.039043
v -0.056238 0.033393 0.056120
v -0.056099 0.028670 0.040596
v -0.056192 0.030615 0.036508
v -0.056214 0.031300 0.033985
v -0.056223 0.031655 0.031319
v -0.056239 0.033072 0.018401
v -0.056239 0.032967 0.021296
v -0.056227 0.031830 0.024554
v -0.056234 0.032307 0.021360
v -0.056235 0.032349 0.021161
v -0.056224 0.031697 0.027381
v -0.055591 0.022253 0.047005
v -0.055789 0.024453 0.045422
v -0.056096 0.028630 0.056503
v -0.055948 0.026444 0.043528
v -0.056022 0.027472 0.042311
v -0.056131 0.029259 0.056462
v -0.056067 0.028152 0.041385
v -0.055348 0.019781 0.048311
v -0.055676 0.023163 0.056770
v -0.055067 0.017142 0.049262
v -0.055652 0.022901 0.056780
v -0.054977 0.016338 0.049471
v -0.054976 0.016328 0.056946
v -0.054753 0.014405 0.049833
v -0.054838 0.015125 0.056963
v -0.054414 0.011697 0.050018
v -0.053908 0.008242 0.057011
v -0.053217 0.004537 0.050018
v -0.053217 0.004537 0.057016
v -0.053009 0.003599 0.057017
v -0.052359 0.001231 0.050018
v -0.052237 0.000881 0.057018
v -0.052024 0.000337 0.057018
v -0.052024 0.000337 0.050018
v -0.056144 0.036102 0.055798
v -0.056108 0.036580 0.055730
v -0.056174 0.035622 0.011719
v -0.055456 0.040740 0.054919
v -0.055685 0.039695 0.055168
v -0.056105 0.036611 0.008118
v -0.056046 0.037236 0.004441
v -0.056019 0.037493 0.000730
v -0.056031 0.037382 -0.002968
v -0.056079 0.036903 -0.006667
v -0.056147 0.036055 -0.010311
v -0.056173 0.035633 -0.011686
v -0.054545 0.043544 0.054018
v -0.055019 0.042274 0.054477
v -0.052623 0.046883 0.052108
v -0.053312 0.045898 0.052818
v -0.056209 0.034838 -0.013877
v -0.056238 0.033258 -0.017326
v -0.056218 0.031453 -0.020419
v -0.056131 0.029248 -0.023468
v -0.056098 0.028665 -0.024177
v -0.055973 0.026789 -0.026241
v -0.055758 0.024101 -0.028729
v -0.055480 0.021100 -0.031000
v -0.055160 0.017998 -0.032898
v -0.054979 0.016361 -0.033743
v -0.054796 0.014775 -0.034466
v -0.054378 0.011425 -0.035717
v -0.054323 0.011019 -0.035845
v -0.053872 0.008019 -0.036633
v -0.053250 0.004693 -0.037206
v -0.051874 -0.000000 -0.037500
v -0.052359 0.001231 -0.037479
v -0.052588 0.001964 -0.037448
v -0.051236 -0.001124 -0.037483
v -0.050709 -0.001783 -0.047549
v -0.050687 -0.001807 -0.047570
v -0.049760 -0.002608 -0.048418
v -0.049643 -0.002687 -0.048524
v -0.048226 -0.003405 -0.049819
v -0.047600 -0.003624 -0.050392
v -0.042047 -0.004535 -0.050654
v -0.046925 -0.003816 -0.050654
v -0.047318 -0.003709 -0.050573
v -0.047170 -0.003751 -0.050623
v -0.025012 -0.004935 -0.050654
v -0.027503 -0.004931 -0.050654
v -0.052024 0.000140 0.050018
v -0.052024 0.000140 0.055018
v -0.052024 -0.035000 0.055018
v -0.052024 -0.035000 0.057018
v -0.048755 -0.039691 0.057018
v -0.048755 -0.039691 0.055018
v -0.050560 -0.038536 0.057018
v -0.050560 -0.038536 0.055018
v -0.051715 -0.036731 0.057018
v -0.051715 -0.036731 0.055018
v -0.075710 0.008730 0.055018
v -0.074448 0.017502 0.055018
v -0.073636 0.021857 0.055018
v -0.072573 0.026159 0.055018
v -0.071168 0.030361 0.055018
v -0.070454 0.036562 0.057018
v -0.069350 0.034399 0.055018
v -0.058226 0.034276 0.015211
v -0.058239 0.033138 0.018194
v -0.058235 0.032333 0.021237
v -0.058224 0.031697 0.027381
v -0.058228 0.031854 0.024320
v -0.058172 0.035699 0.011482
v -0.058222 0.034459 0.014792
v -0.058139 0.036235 0.009658
v -0.058107 0.036671 0.007841
v -0.058053 0.037273 0.004122
v -0.058030 0.037498 0.000423
v -0.058045 0.037354 -0.003307
v -0.058091 0.036854 -0.006931
v -0.058140 0.036219 -0.009720
v -0.058151 0.036057 -0.010302
v -0.058155 0.035999 -0.010504
v -0.058212 0.034774 -0.014035
v -0.058238 0.033276 -0.017290
v -0.058134 0.029270 -0.023442
v -0.057977 0.026764 -0.026266
v -0.057774 0.024197 -0.028648
v -0.057761 0.024042 -0.028779
v -0.058218 0.031440 -0.020439
v -0.058142 0.029420 -0.023254
v -0.057521 0.021426 -0.030776
v -0.057223 0.018480 -0.032630
v -0.057159 0.017883 -0.032961
v -0.056886 0.015429 -0.034179
v -0.056501 0.012238 -0.035447
v -0.056341 0.011019 -0.035845
v -0.056045 0.008952 -0.036416
v -0.055653 0.006581 -0.036918
v -0.055444 0.005459 -0.037101
v -0.055086 0.003717 -0.037315
v -0.054721 0.002180 -0.037437
v -0.054043 0.000000 -0.037500
v -0.052345 -0.002702 -0.037404
v -0.052602 -0.002567 -0.037413
v -0.052751 -0.002433 -0.037421
v -0.052176 -0.002746 -0.037401
v -0.051859 -0.002747 -0.037400
v -0.051716 -0.002714 -0.037402
v -0.051124 -0.002219 -0.037435
v -0.051318 -0.002479 -0.037418
v -0.051439 -0.002579 -0.037411
v -0.053936 -0.000272 -0.037499
v -0.053696 -0.000826 -0.037491
v -0.052828 -0.002337 -0.037427
v -0.051720 -0.002716 -0.045538
v -0.051093 -0.002153 -0.046685
v -0.051041 -0.001999 -0.046779
v -0.051564 -0.002653 -0.045824
v -0.051286 -0.002447 -0.046332
v -0.051155 -0.002275 -0.046571
v -0.052828 -0.002337 -0.043514
v -0.052600 -0.002568 -0.043930
v -0.052477 -0.002644 -0.044154
v -0.052341 -0.002703 -0.044404
v -0.052171 -0.002746 -0.044713
v -0.052069 -0.002757 -0.044900
v -0.051796 -0.002735 -0.045400
v -0.052098 -0.002947 -0.045782
v -0.052170 -0.003070 -0.045890
v -0.051759 -0.002976 -0.046341
v -0.052164 -0.003155 -0.045994
v -0.052028 -0.003299 -0.046259
v -0.051329 -0.002932 -0.046938
v -0.051273 -0.003174 -0.047035
v -0.050828 -0.002497 -0.047442
v -0.051780 -0.003542 -0.046572
v -0.051371 -0.002738 -0.046762
v -0.052189 -0.003129 -0.045938
v -0.052265 -0.003045 -0.045745
v -0.052397 -0.002893 -0.045333
v -0.052566 -0.002687 -0.044661
v -0.052538 -0.002722 -0.044782
v -0.052206 -0.002770 -0.045048
v -0.052508 -0.002760 -0.044908
v -0.052487 -0.002679 -0.044573
v -0.052657 -0.002570 -0.044251
v -0.052594 -0.002651 -0.044534
v -0.051099 -0.002233 -0.046896
v -0.052339 -0.002823 -0.045191
v -0.052010 -0.002848 -0.045661
v -0.051908 -0.002777 -0.045533
v -0.052695 -0.002520 -0.044081
v -0.051357 -0.002573 -0.046554
v -0.051058 -0.002329 -0.047097
v -0.050972 -0.002437 -0.047277
v -0.051675 -0.002770 -0.046125
v -0.052404 -0.002884 -0.045306
v -0.047788 -0.005655 -0.050220
v -0.047600 -0.005707 -0.050392
v -0.050691 -0.004392 -0.047567
v -0.050488 -0.004519 -0.047752
v -0.048946 -0.005271 -0.049162
v -0.047398 -0.005760 -0.050535
v -0.046925 -0.005874 -0.050654
v -0.044800 -0.006252 -0.050654
v -0.036849 -0.006804 -0.050654
v -0.025012 -0.006935 -0.050654
v -0.025012 -0.026307 -0.057821
v -0.027707 -0.006931 -0.051894
v -0.036476 -0.006815 -0.051802
v -0.041245 -0.006600 -0.051636
v -0.038988 -0.006725 -0.051732
v -0.036849 -0.006804 -0.051794
v -0.044953 -0.006231 -0.051358
v -0.046524 -0.011017 -0.051816
v -0.044800 -0.006252 -0.051374
v -0.043209 -0.006439 -0.051514
v -0.049743 -0.020826 -0.052755
v -0.048988 -0.021470 -0.053116
v -0.048157 -0.022082 -0.053462
v -0.051499 -0.018960 -0.051727
v -0.052405 -0.014012 -0.050413
v -0.053053 -0.016789 -0.050521
v -0.053798 -0.012114 -0.049236
v -0.054384 -0.014444 -0.049196
v -0.054942 -0.010099 -0.047985
v -0.055763 -0.011386 -0.047427
v -0.056973 -0.007986 -0.045405
v -0.057571 -0.001168 -0.042894
v -0.058547 -0.002077 -0.041783
v -0.056676 -0.005860 -0.045314
v -0.058132 -0.003836 -0.042873
v -0.055887 -0.008004 -0.046674
v -0.057421 -0.006502 -0.044507
v -0.054757 -0.002489 -0.047046
v -0.054059 -0.004035 -0.048000
v -0.053000 -0.002085 -0.048789
v -0.048531 -0.009083 -0.051142
v -0.047799 -0.005652 -0.050946
v -0.050443 -0.008069 -0.050466
v -0.049113 -0.005206 -0.050650
v -0.051941 -0.006881 -0.049717
v -0.053235 -0.001706 -0.048557
v -0.053941 -0.000260 -0.047628
v -0.054463 0.001251 -0.046578
v -0.054571 0.001625 -0.046308
v -0.055071 0.001159 -0.045739
v -0.055571 0.000694 -0.045170
v -0.056571 -0.000237 -0.044032
v -0.056810 -0.000460 -0.043759
v -0.055719 -0.004174 -0.046179
v -0.054977 -0.006020 -0.047335
v -0.053132 -0.005522 -0.048895
v -0.054041 -0.007813 -0.048439
v -0.052874 -0.009501 -0.049476
v -0.051427 -0.011045 -0.050440
v -0.049609 -0.012419 -0.051316
v -0.050705 -0.004383 -0.050144
v -0.050871 -0.004272 -0.050078
v -0.051497 -0.003794 -0.049797
v -0.052602 -0.002640 -0.049123
v -0.050824 -0.019745 -0.052159
v -0.053335 -0.000811 0.055018
v -0.052091 -0.000220 0.055018
v -0.052383 -0.000627 0.055018
v -0.053757 -0.000541 0.055018
v -0.053953 -0.000232 0.055018
v -0.054897 0.002889 0.055018
v -0.055652 0.006572 0.055018
v -0.052835 -0.000842 0.055018
v -0.055907 0.008069 0.055018
v -0.053952 -0.000232 0.050018
v -0.052091 -0.000220 0.050018
v -0.052383 -0.000627 0.050018
v -0.052835 -0.000842 0.050018
v -0.053335 -0.000811 0.050018
v -0.053757 -0.000541 0.050018
v -0.056431 0.011697 0.050018
v -0.055652 0.006572 0.050018
v -0.054897 0.002889 0.050018
v -0.058008 0.027201 0.042653
v -0.056709 0.013918 0.049894
v -0.056984 0.016291 0.049483
v -0.057239 0.018623 0.048780
v -0.057357 0.019763 0.048319
v -0.057489 0.021089 0.047675
v -0.057701 0.023358 0.046266
v -0.057875 0.025415 0.044572
v -0.058106 0.028741 0.040484
v -0.058144 0.029456 0.039216
v -0.058171 0.030034 0.038002
v -0.058205 0.030952 0.035426
v -0.058220 0.031512 0.032732
v -0.058224 0.031697 0.030018
v -0.060940 0.040294 -0.014753
v -0.060960 0.040248 -0.014785
v -0.059229 0.040563 -0.015484
v -0.058759 0.042171 -0.013659
v -0.058140 0.043762 -0.011856
v -0.059975 0.041991 -0.013503
v -0.059314 0.043761 -0.011909
v -0.058507 0.045239 -0.010566
v -0.057373 0.045306 -0.010070
v -0.058362 0.045465 -0.010355
v -0.056945 0.047313 -0.008517
v -0.056448 0.046789 -0.008308
v -0.056787 0.047488 -0.008328
v -0.057352 0.041403 -0.015289
v -0.058555 0.040685 -0.015757
v -0.057477 0.040881 -0.016192
v -0.055832 0.045520 -0.008274
v -0.056066 0.045043 -0.009085
v -0.056374 0.044355 -0.010253
v -0.056821 0.043189 -0.012233
v -0.057185 0.042028 -0.014213
v -0.057657 0.022872 -0.029871
v -0.057921 0.026015 -0.027422
v -0.058474 0.026032 -0.026981
v -0.056975 0.007563 -0.040274
v -0.058019 0.015502 -0.034445
v -0.059246 0.016512 -0.032429
v -0.060400 0.033609 -0.020162
v -0.060205 0.027255 -0.024733
v -0.059042 0.026287 -0.026352
v -0.059156 0.036853 -0.018509
v -0.058930 -0.000236 -0.040620
v -0.059222 0.001249 -0.039673
v -0.059311 0.008057 -0.036747
v -0.060397 0.008307 -0.035138
v -0.062309 0.030663 -0.020770
v -0.062287 0.029070 -0.021780
v -0.061378 0.028397 -0.022980
v -0.062108 0.025307 -0.024177
v -0.060490 0.017724 -0.030249
v -0.061581 0.018486 -0.028561
v -0.061361 0.016213 -0.030029
v -0.061693 0.037498 -0.016483
v -0.061250 0.037254 -0.016933
v -0.061925 0.036198 -0.017292
v -0.061478 0.034225 -0.018991
v -0.062155 0.034295 -0.018481
v -0.062307 0.031004 -0.020555
v -0.058235 0.033726 -0.021488
v -0.058141 0.036207 -0.019630
v -0.058088 0.036893 -0.019120
v -0.057814 0.039134 -0.017467
v -0.060206 0.037026 -0.017740
v -0.059321 0.033096 -0.021257
v -0.058780 0.032976 -0.021702
v -0.058143 0.029433 -0.024772
v -0.058075 0.028232 -0.025700
v -0.054901 0.002908 -0.045361
v -0.055287 0.004668 -0.044025
v -0.055812 0.004331 -0.043443
v -0.056413 0.007622 -0.041000
v -0.057431 0.015259 -0.035236
v -0.056347 0.004074 -0.042789
v -0.057436 0.003714 -0.041345
v -0.058137 0.007752 -0.038560
v -0.058532 0.003413 -0.039850
v -0.055800 0.007425 -0.041907
v -0.056599 0.013024 -0.037571
v -0.056724 0.014048 -0.036771
v -0.057304 0.019257 -0.032696
v -0.057912 -0.007838 -0.046211
v -0.057165 -0.010151 -0.047665
v -0.037489 -0.025772 -0.057485
v -0.037415 -0.025780 -0.057490
v -0.040941 -0.025264 -0.057166
v -0.042126 -0.025019 -0.057012
v -0.047470 -0.023151 -0.055838
v -0.046398 -0.023661 -0.056158
v -0.045086 -0.024177 -0.056483
v -0.043576 -0.024654 -0.056782
v -0.048578 -0.022521 -0.055441
v -0.049926 -0.021577 -0.054848
v -0.050472 -0.021128 -0.054566
v -0.052333 -0.019238 -0.053377
v -0.052313 -0.019261 -0.053392
v -0.050738 -0.020894 -0.054418
v -0.053610 -0.017542 -0.052311
v -0.052356 -0.019211 -0.053360
v -0.052352 -0.019215 -0.053363
v -0.054951 -0.015302 -0.050903
v -0.057135 -0.010237 -0.047719
v -0.057128 -0.010255 -0.047730
v -0.057150 -0.010194 -0.047692
v -0.057123 -0.010270 -0.047739
v -0.056043 -0.013032 -0.049476
v -0.058640 -0.005210 -0.044559
v -0.059356 -0.002201 -0.042667
v -0.059822 0.000000 -0.041284
v -0.031706 -0.026188 -0.057746
v -0.037339 -0.025789 -0.057495
v -0.037291 -0.025794 -0.057499
v -0.037266 -0.025797 -0.057500
v -0.033627 -0.026093 -0.057687
v -0.056514 -0.001979 -0.045951
v -0.057603 0.049167 -0.010374
v -0.055564 0.049008 -0.010977
v -0.055224 -0.005931 -0.048615
v -0.060457 0.045247 -0.012838
v -0.060301 0.045520 -0.012666
v -0.059359 0.046995 -0.011739
v -0.058554 0.048065 -0.011066
v -0.063334 0.031139 -0.021707
v -0.063081 0.036857 -0.018112
v -0.063308 0.034066 -0.019867
v -0.063341 0.031552 -0.021448
v -0.063030 0.037252 -0.017864
v -0.062937 0.037872 -0.017475
v -0.062265 0.040892 -0.015576
v -0.062034 0.041635 -0.015109
v -0.060797 0.044611 -0.013238
v -0.061113 0.007403 -0.036629
v -0.061140 0.007587 -0.036514
v -0.060508 0.003658 -0.038983
v -0.062669 0.021032 -0.028061
v -0.060119 0.021491 -0.030122
v -0.062007 0.014306 -0.032289
v -0.058986 0.011063 -0.037186
v -0.061443 0.009728 -0.035168
v -0.062722 0.021661 -0.027665
v -0.062827 0.022934 -0.026865
v -0.062900 0.023851 -0.026289
v -0.047042 0.051399 0.000163
v -0.047128 0.051377 -0.001655
v -0.047527 0.052282 -0.001238
v -0.047459 0.051266 -0.003532
v -0.047731 0.052219 -0.003031
v -0.048050 0.051010 -0.005239
v -0.048516 0.051889 -0.005590
v -0.048927 0.050518 -0.006896
v -0.049143 0.051549 -0.006812
v -0.049725 0.049955 -0.008035
v -0.049880 0.051068 -0.007924
v -0.049957 0.049770 -0.008328
v -0.051517 0.049675 -0.009783
v -0.051059 0.048749 -0.009559
v -0.052518 0.047020 -0.011012
v -0.047040 0.051399 0.000762
v -0.047950 0.053180 0.000185
v -0.047981 0.053172 -0.001535
v -0.048181 0.053110 -0.003331
v -0.048690 0.052907 -0.005220
v -0.048957 0.052781 -0.005884
v -0.049582 0.052443 -0.007099
v -0.050322 0.051966 -0.008201
v -0.051512 0.051025 -0.009568
v -0.051988 0.050586 -0.010031
v -0.047040 0.051399 0.037018
v -0.047950 0.053180 0.037018
v -0.047083 0.051391 0.039472
v -0.047123 0.051380 0.040128
v -0.047373 0.051297 0.042147
v -0.047603 0.051210 0.043229
v -0.049703 0.049972 0.048244
v -0.049735 0.049947 0.048297
v -0.052568 0.046955 0.052049
v -0.052513 0.047027 0.051990
v -0.051927 0.047762 0.051331
v -0.050526 0.049274 0.049512
v -0.050773 0.049037 0.049860
v -0.047913 0.051076 0.044331
v -0.048638 0.050694 0.046219
v -0.048759 0.050622 0.046482
v -0.056597 0.047617 0.054006
v -0.055737 0.047940 0.053536
v -0.053422 0.048808 0.051990
v -0.060827 0.045297 0.055795
v -0.059276 0.046611 0.055186
v -0.058164 0.047029 0.054744
v -0.064866 0.041146 0.056771
v -0.061453 0.044729 0.056002
v -0.063528 0.042662 0.056539
v -0.069350 0.034399 0.057017
v -0.068076 0.036665 0.057008
v -0.068108 0.036613 0.057009
v -0.067474 0.037622 0.056993
v -0.065554 0.040298 0.056858
v -0.068139 0.036561 0.057009
v -0.068358 0.036195 0.057012
v -0.068568 0.035833 0.057015
v -0.068642 0.035704 0.057015
v -0.068715 0.035575 0.057016
v -0.068729 0.035549 0.057016
v -0.069044 0.034979 0.057017
v -0.068901 0.035241 0.057016
v -0.069770 0.037728 0.057015
v -0.068715 0.035575 0.055016
v -0.070117 0.037148 0.057017
v -0.069038 0.034990 0.055017
v -0.069613 0.037984 0.057014
v -0.068568 0.035833 0.055015
v -0.068642 0.035704 0.055015
v -0.069395 0.038331 0.057012
v -0.068365 0.036183 0.055013
v -0.068467 0.036008 0.055014
v -0.069154 0.038706 0.057009
v -0.068253 0.036372 0.055011
v -0.069087 0.038809 0.057008
v -0.068076 0.036665 0.055008
v -0.059924 0.048650 0.055062
v -0.061764 0.047137 0.055795
v -0.060826 0.045290 0.053796
v -0.062136 0.046810 0.055919
v -0.064264 0.044787 0.056491
v -0.065848 0.043076 0.056770
v -0.064865 0.041138 0.054771
v -0.066388 0.042445 0.056839
v -0.068415 0.039801 0.056989
v -0.056903 0.015573 0.055004
v -0.057351 0.041408 0.053404
v -0.057527 0.040654 0.053560
v -0.057788 0.039289 0.053802
v -0.057992 0.037835 0.054015
v -0.058142 0.036189 0.054211
v -0.058213 0.034755 0.054350
v -0.058180 0.030274 0.054658
v -0.057286 0.019066 0.054976
v -0.058045 0.027742 0.054773
v -0.058142 0.029408 0.054701
v -0.057777 0.024231 0.054885
v -0.054166 0.050201 0.050011
v -0.053538 0.048927 0.050026
v -0.054747 0.049837 0.050486
v -0.053919 0.048469 0.050409
v -0.056138 0.048925 0.051486
v -0.054797 0.047281 0.051236
v -0.056972 0.048346 0.052007
v -0.055687 0.045799 0.052014
v -0.058194 0.047449 0.052678
v -0.055936 0.045313 0.052224
v -0.056064 0.045047 0.052331
v -0.056830 0.043163 0.052965
v -0.052432 0.050216 0.045625
v -0.052641 0.051101 0.044978
v -0.051935 0.050796 0.043319
v -0.051420 0.051781 0.039895
v -0.051404 0.051416 0.040506
v -0.050808 0.052109 0.036616
v -0.050827 0.052087 0.024366
v -0.050850 0.052060 0.012128
v -0.051619 0.051164 0.007455
v -0.054905 0.047119 -0.005228
v -0.053928 0.048460 -0.001972
v -0.053901 0.048493 -0.001881
v -0.052636 0.049979 0.002787
v -0.052422 0.050228 0.003680
v -0.055820 0.048575 -0.005662
v -0.054502 0.049695 -0.001951
v -0.053850 0.050171 0.000013
v -0.052754 0.050912 0.003662
v -0.052453 0.051104 0.004767
v -0.051314 0.051795 0.009637
v -0.059276 0.043457 -0.012641
v -0.058286 0.045127 -0.011660
v -0.057631 0.046059 -0.011112
v -0.056001 0.048028 -0.009638
v -0.052287 0.051141 -0.005822
v -0.053435 0.050404 -0.004292
v -0.051833 0.051438 -0.005102
v -0.051064 0.051912 -0.003486
v -0.056277 0.048042 -0.007556
v -0.054139 0.049768 -0.007953
v -0.052819 0.050776 -0.006537
v -0.052065 0.051325 0.000006
v -0.050546 0.052212 -0.001809
v -0.055471 0.051027 -0.009135
v -0.056896 0.049888 -0.009917
v -0.056789 0.047779 -0.010344
v -0.057388 0.049395 -0.010230
v -0.057468 0.049311 -0.010283
v -0.057474 0.049305 -0.010287
v -0.057507 0.049269 -0.010309
v -0.057526 0.049249 -0.010322
v -0.053237 0.052890 -0.007013
v -0.054130 0.052244 -0.007918
v -0.052109 0.053608 -0.005544
v -0.051684 0.053860 -0.004823
v -0.051230 0.054119 -0.003882
v -0.050786 0.054364 -0.002674
v -0.050610 0.054459 -0.002049
v -0.050276 0.054637 -0.000360
v -0.050228 0.054662 -0.000000
v -0.050056 0.054751 0.002615
v -0.050045 0.054757 0.004287
v -0.050045 0.054757 0.018447
v -0.050045 0.054757 0.033303
v -0.050045 0.054757 0.037018
v -0.049198 0.052671 0.045390
v -0.049144 0.052699 0.045250
v -0.049240 0.052648 0.045496
v -0.049244 0.052646 0.045506
v -0.049259 0.052638 0.045543
v -0.049337 0.052596 0.045734
v -0.049339 0.052594 0.045739
v -0.049413 0.052553 0.045913
v -0.048422 0.053027 0.042844
v -0.048443 0.053018 0.042939
v -0.048480 0.053004 0.043099
v -0.048574 0.052965 0.043473
v -0.047950 0.053180 0.037158
v -0.047950 0.053180 0.037508
v -0.047951 0.053180 0.037779
v -0.048005 0.053169 0.039713
v -0.048010 0.053168 0.039794
v -0.048153 0.053123 0.041315
v -0.048405 0.053033 0.042767
v -0.051231 0.051242 0.049213
v -0.050629 0.051740 0.048272
v -0.050562 0.051790 0.048162
v -0.049487 0.052511 0.046083
v -0.049547 0.052475 0.046219
v -0.050169 0.052076 0.047471
v -0.050412 0.051902 0.047905
v -0.052628 0.049792 0.051083
v -0.052598 0.049827 0.051046
v -0.052642 0.049774 0.051101
v -0.052676 0.049735 0.051140
v -0.052966 0.049384 0.051482
v -0.051435 0.051055 0.049511
v -0.051888 0.050610 0.050140
v -0.051934 0.050562 0.050202
v -0.053070 0.049256 0.051600
v -0.052968 0.049383 0.051484
v -0.055055 0.052006 0.051990
v -0.057447 0.050460 0.053736
v -0.057893 0.050151 0.054007
v -0.057881 0.047686 0.052912
v -0.056476 0.048695 0.052342
v -0.054861 0.049767 0.051388
v -0.050120 0.052452 0.001081
v -0.050042 0.052496 0.003509
v -0.050041 0.052498 0.004694
v -0.050043 0.052506 0.020874
v -0.050044 0.052511 0.032485
v -0.050095 0.052488 0.040181
v -0.050120 0.052475 0.040653
v -0.050352 0.052356 0.042939
v -0.050830 0.052105 0.045254
v -0.052659 0.051097 0.049096
v -0.051724 0.051623 0.047709
v -0.051525 0.051732 0.047265
v -0.053851 0.051065 -0.007654
v -0.051106 0.053124 0.046153
v -0.050778 0.054388 0.045057
v -0.050402 0.054578 0.043258
v -0.050312 0.054623 0.042657
v -0.050286 0.054637 0.042450
v -0.050155 0.054702 0.041155
v -0.050045 0.054757 0.037130
v -0.050045 0.054757 0.037054
v -0.050045 0.054757 0.037038
v -0.051239 0.053156 -0.003885
v -0.050613 0.052753 -0.002046
v -0.050251 0.052497 -0.000201
v -0.054251 0.052488 0.051259
v -0.053216 0.053084 0.050119
v -0.053065 0.053168 0.049925
v -0.052918 0.053250 0.049728
v -0.053370 0.052997 0.050308
v -0.053527 0.052908 0.050493
v -0.053687 0.052816 0.050674
v -0.053965 0.052656 0.050972
v -0.052775 0.053330 0.049527
v -0.052500 0.053481 0.049115
v -0.051525 0.054002 0.047261
v -0.054069 0.052590 0.051078
v -0.053891 0.052693 0.050894
v -0.053717 0.052794 0.050706
v -0.053547 0.052891 0.050515
v -0.053381 0.052986 0.050320
v -0.053220 0.053078 0.050122
v -0.053062 0.053167 0.049920
v -0.052909 0.053253 0.049714
v 0.002000 -0.035000 0.057018
v 0.002000 -0.035000 0.055018
v 0.001619 -0.036913 0.057018
v 0.001619 -0.036913 0.055018
v 0.000535 -0.038536 0.057018
v 0.000535 -0.038536 0.055018
v -0.001087 -0.039619 0.057018
v -0.001087 -0.039619 0.055018
v -0.003000 -0.040000 0.057018
v -0.003000 -0.040000 0.055018
v -0.025012 -0.040000 0.055018
v -0.025012 -0.040000 0.057018
v -0.025012 -0.056679 0.057018
v -0.025012 -0.055137 0.055018
v 0.026553 -0.000818 0.055018
v 0.028509 0.000000 0.057018
v 0.028683 -0.005560 0.057018
v 0.026684 -0.006150 0.055018
v 0.028486 -0.011088 0.057018
v 0.026455 -0.011450 0.055018
v 0.027822 -0.016589 0.057018
v 0.025778 -0.016721 0.055018
v 0.026606 -0.022026 0.057018
v 0.024571 -0.021925 0.055018
v 0.024760 -0.027312 0.057018
v 0.022764 -0.026981 0.055018
v 0.022287 -0.032329 0.057018
v 0.020365 -0.031778 0.055018
v 0.019229 -0.036979 0.057018
v 0.017414 -0.036225 0.055018
v 0.015624 -0.041204 0.057018
v 0.013945 -0.040266 0.055018
v 0.011513 -0.044959 0.057018
v 0.009997 -0.043862 0.055018
v 0.006979 -0.048190 0.057018
v 0.005651 -0.046962 0.055018
v 0.002093 -0.050891 0.057018
v 0.000970 -0.049560 0.055018
v -0.003073 -0.053054 0.057018
v -0.003979 -0.051649 0.055018
v -0.008420 -0.054688 0.057018
v -0.009102 -0.053228 0.055018
v -0.013882 -0.055814 0.057018
v -0.014338 -0.054312 0.055018
v -0.019434 -0.056467 0.057018
v -0.019663 -0.054936 0.055018
v 0.026514 -0.000118 0.055018
v 0.026534 -0.000468 0.055018
v 0.019326 0.034400 0.055018
v 0.020430 0.036562 0.057018
v 0.021143 0.030362 0.055018
v 0.022548 0.026159 0.055018
v 0.023611 0.021857 0.055018
v 0.024423 0.017502 0.055018
v 0.025685 0.008730 0.055018
v 0.019013 0.034990 0.055017
v 0.020093 0.037148 0.057017
v 0.018690 0.035575 0.055016
v 0.018544 0.035833 0.055015
v 0.018617 0.035704 0.055016
v 0.018340 0.036183 0.055013
v 0.018442 0.036008 0.055014
v 0.018115 0.036561 0.055010
v 0.018228 0.036373 0.055012
v 0.018052 0.036665 0.055009
v 0.014282 0.044744 0.056501
v 0.014022 0.042084 0.054640
v 0.011691 0.044475 0.054084
v 0.014840 0.041138 0.054771
v 0.018385 0.039807 0.056990
v 0.016157 0.039470 0.054919
v 0.016381 0.042423 0.056842
v 0.015823 0.043076 0.056771
v 0.009231 0.046619 0.053179
v 0.010801 0.045290 0.053796
v 0.011739 0.047137 0.055795
v 0.012122 0.046801 0.055923
v 0.019019 0.034979 0.057017
v 0.019326 0.034400 0.057018
v 0.005030 0.052006 0.051991
v 0.003398 0.048809 0.051990
v 0.005712 0.047940 0.053536
v 0.007868 0.050151 0.054007
v 0.006572 0.047617 0.054006
v 0.008139 0.047029 0.054744
v 0.009251 0.046612 0.055186
v 0.010802 0.045298 0.055795
v 0.011428 0.044729 0.056003
v 0.013503 0.042662 0.056539
v 0.014841 0.041147 0.056771
v 0.015530 0.040298 0.056858
v 0.017449 0.037622 0.056993
v 0.018052 0.036665 0.057009
v 0.018876 0.035241 0.057017
v 0.018083 0.036613 0.057009
v 0.018115 0.036561 0.057010
v 0.018333 0.036195 0.057013
v 0.018544 0.035833 0.057015
v 0.018617 0.035704 0.057016
v 0.018690 0.035575 0.057016
v 0.018705 0.035550 0.057016
v -0.002984 0.051399 0.037018
v -0.002075 0.053180 0.037158
v -0.002075 0.053180 0.037018
v -0.002075 0.053180 0.037508
v -0.001425 0.050716 0.046134
v -0.000531 0.052507 0.046099
v -0.000538 0.052511 0.046083
v -0.000612 0.052553 0.045913
v -0.000686 0.052595 0.045739
v -0.000688 0.052596 0.045734
v -0.000766 0.052638 0.045543
v -0.000781 0.052647 0.045506
v -0.000785 0.052649 0.045496
v 0.000144 0.052076 0.047471
v -0.000506 0.050110 0.047933
v 0.000387 0.051903 0.047906
v 0.000433 0.049335 0.049415
v 0.001206 0.051242 0.049214
v -0.000296 0.049952 0.048288
v 0.000604 0.051740 0.048273
v 0.000538 0.051791 0.048162
v 0.002488 0.047027 0.051990
v 0.003045 0.049257 0.051601
v 0.000511 0.049263 0.049528
v 0.001863 0.050610 0.050140
v 0.001343 0.051117 0.049415
v 0.001581 0.048141 0.050946
v 0.002943 0.049383 0.051484
v 0.002942 0.049385 0.051483
v 0.002651 0.049736 0.051141
v 0.002618 0.049775 0.051101
v 0.002603 0.049792 0.051083
v 0.002573 0.049827 0.051047
v 0.002325 0.050112 0.050741
v 0.001909 0.050562 0.050202
v -0.000827 0.052671 0.045390
v -0.000881 0.052699 0.045251
v -0.002130 0.051083 0.044275
v -0.001451 0.052966 0.043474
v -0.002446 0.051219 0.043132
v -0.001544 0.053004 0.043099
v -0.001582 0.053018 0.042939
v -0.001603 0.053027 0.042844
v -0.001620 0.053033 0.042767
v -0.002695 0.051313 0.041899
v -0.001871 0.053123 0.041316
v -0.002913 0.051383 0.039980
v -0.002015 0.053168 0.039795
v -0.002930 0.051388 0.039701
v -0.002020 0.053169 0.039713
v -0.002074 0.053180 0.037779
v 0.004225 0.052489 0.051259
v 0.004226 0.052484 0.051259
v 0.004042 0.052591 0.051076
v 0.003954 0.052648 0.050987
v 0.003864 0.052695 0.050891
v 0.003690 0.052800 0.050705
v 0.003690 0.052796 0.050704
v 0.003526 0.052894 0.050521
v 0.002894 0.053248 0.049728
v 0.003053 0.053161 0.049942
v 0.003085 0.053141 0.049982
v 0.003207 0.053075 0.050139
v 0.003283 0.053029 0.050231
v 0.003365 0.052986 0.050332
v 0.003401 0.052961 0.050373
v 0.003521 0.052892 0.050514
v 0.002475 0.053481 0.049115
v 0.002756 0.053326 0.049536
v 0.002903 0.053245 0.049741
v 0.007938 0.047625 0.052937
v 0.006695 0.048526 0.052459
v 0.006334 0.048777 0.052283
v 0.004684 0.049864 0.051282
v 0.004281 0.050116 0.050987
v -0.002984 0.051399 0.000762
v -0.002075 0.053180 0.000185
v 0.000988 -0.001759 -0.037459
v 0.000988 -0.001427 -0.037473
v 0.000988 -0.001759 -0.046832
v 0.000988 -0.001427 -0.046832
v 0.000988 -0.001428 -0.046853
v 0.000967 -0.001759 -0.047039
v 0.000928 -0.001503 -0.047175
v 0.000914 -0.001759 -0.047209
v 0.000902 -0.001534 -0.047238
v 0.000708 -0.001759 -0.047527
v -0.002723 0.051323 -0.002837
v -0.002949 0.051391 -0.000994
v -0.000482 0.050094 -0.007794
v -0.000295 0.049953 -0.008040
v 0.002598 0.046883 0.052108
v 0.002543 0.046955 0.052050
v 0.002599 0.046883 -0.011119
v 0.001643 0.048078 -0.010169
v 0.000581 0.049199 -0.009077
v -0.001450 0.050731 -0.006300
v -0.002221 0.051125 -0.004627
v 0.003735 0.045154 0.053259
v 0.002718 0.046724 0.052234
v 0.004544 0.043489 0.054041
v 0.004601 0.043348 0.054096
v 0.005360 0.041022 0.054846
v 0.005743 0.039241 0.055265
v 0.005866 0.038484 0.055414
v 0.006119 0.036103 0.055797
v 0.006147 0.035648 0.055859
v 0.006211 0.033699 0.056088
v 0.006208 0.032187 0.056235
v 0.005993 0.027412 0.056575
v 0.005873 0.025781 0.056659
v 0.005650 0.023149 0.056770
v 0.005562 0.022207 0.056804
v 0.004764 0.014712 0.056969
v 0.004451 0.012170 0.056992
v 0.003869 0.008148 0.057012
v 0.003024 0.003773 0.057017
v 0.002961 0.003500 0.057017
v 0.002212 0.000881 0.057018
v 0.002000 0.000337 0.057018
v 0.002118 0.000630 0.057018
v 0.002000 0.000337 0.050018
v 0.002000 0.000140 0.050018
v 0.002000 0.000140 0.055018
v 0.008200 0.031697 0.030018
v 0.006199 0.031697 0.030018
v 0.008200 0.031697 0.027381
v 0.006199 0.031697 0.027381
v 0.008196 0.031546 0.032480
v 0.006195 0.031513 0.032733
v 0.008183 0.031035 0.035123
v 0.006179 0.030952 0.035430
v 0.008154 0.030214 0.037577
v 0.006144 0.030034 0.038004
v 0.008144 0.029978 0.038130
v 0.006086 0.028884 0.040246
v 0.008119 0.029447 0.039234
v 0.008097 0.029015 0.040023
v 0.005989 0.027353 0.042463
v 0.007999 0.027438 0.042357
v 0.005875 0.025805 0.044194
v 0.007871 0.025681 0.044317
v 0.005848 0.025470 0.044520
v 0.005676 0.023437 0.046209
v 0.007696 0.023579 0.046106
v 0.005466 0.021204 0.047614
v 0.007496 0.021415 0.047498
v 0.005216 0.018744 0.048735
v 0.007266 0.019118 0.048590
v 0.007260 0.019065 0.048611
v 0.004969 0.016489 0.049435
v 0.007030 0.016921 0.049324
v 0.004697 0.014148 0.049866
v 0.006744 0.014420 0.049832
v 0.006407 0.011697 0.050018
v 0.004390 0.011697 0.050018
v 0.003024 0.003773 0.050018
v 0.003928 -0.000232 0.050018
v 0.002118 0.000630 0.050018
v 0.004872 0.002888 0.050018
v 0.005627 0.006571 0.050018
v 0.003732 -0.000541 0.050018
v 0.003310 -0.000811 0.050018
v 0.002810 -0.000842 0.050018
v 0.002067 -0.000220 0.050018
v 0.002358 -0.000627 0.050018
v 0.002067 -0.000220 0.055018
v 0.003928 -0.000232 0.055018
v 0.003732 -0.000541 0.055018
v 0.003310 -0.000811 0.055018
v 0.002810 -0.000842 0.055018
v 0.002358 -0.000627 0.055018
v 0.005627 0.006571 0.055018
v 0.005882 0.008069 0.055018
v 0.004872 0.002888 0.055018
v 0.007440 0.040932 0.053504
v 0.007326 0.041405 0.053404
v 0.006816 0.043132 0.052975
v 0.006040 0.045047 0.052332
v 0.005915 0.045305 0.052228
v 0.007416 0.048009 0.052277
v 0.005662 0.045800 0.052014
v 0.006946 0.048347 0.052007
v 0.004779 0.047271 0.051242
v 0.005391 0.049407 0.050990
v 0.003895 0.048470 0.050409
v 0.004731 0.049832 0.050493
v 0.003513 0.048927 0.050026
v 0.004141 0.050201 0.050011
v 0.008117 0.029407 0.054701
v 0.008163 0.030450 0.054649
v 0.008184 0.034881 0.054339
v 0.008118 0.036189 0.054211
v 0.007926 0.038180 0.053968
v 0.007763 0.039294 0.053801
v 0.006917 0.015914 0.055002
v 0.008020 0.027743 0.054773
v 0.007260 0.019064 0.054975
v 0.007778 0.024537 0.054877
v 0.001292 0.051517 0.039997
v 0.000784 0.052110 0.036617
v 0.001373 0.051793 0.039788
v 0.001436 0.051759 0.040089
v 0.002592 0.051115 0.044882
v 0.002262 0.050386 0.044978
v 0.003410 0.049047 0.049646
v -0.003099 -0.003816 -0.050654
v -0.003099 -0.005873 -0.050654
v -0.002853 -0.005816 -0.050623
v -0.002621 -0.003684 -0.050533
v -0.002424 -0.005707 -0.050392
v -0.002424 -0.003624 -0.050392
v 0.001115 -0.004079 -0.047158
v 0.001756 -0.003542 -0.046571
v 0.001211 -0.003135 -0.047070
v -0.000388 -0.002692 -0.048530
v -0.000777 -0.002929 -0.048887
v -0.001821 -0.003414 -0.049841
v 0.000663 -0.001807 -0.047570
v 0.000703 -0.002157 -0.047534
v 0.000992 -0.002859 -0.047269
v -0.002242 -0.005656 -0.050225
v 0.001046 -0.002936 -0.047220
v -0.000375 -0.004971 -0.048519
v 0.000658 -0.004397 -0.047575
v 0.001306 -0.002928 -0.046935
v 0.001333 -0.002572 -0.046553
v 0.001262 -0.002447 -0.046331
v 0.001103 -0.002225 -0.046622
v 0.002577 -0.002642 -0.044503
v 0.002662 -0.002531 -0.044117
v 0.002463 -0.002679 -0.044572
v 0.002314 -0.002822 -0.045189
v 0.002526 -0.002707 -0.044729
v 0.002531 -0.002700 -0.044707
v 0.002073 -0.002945 -0.045779
v 0.002144 -0.003067 -0.045887
v 0.002234 -0.003053 -0.045764
v 0.002277 -0.003004 -0.045641
v 0.002371 -0.002895 -0.045339
v 0.002380 -0.002884 -0.045306
v 0.001861 -0.003442 -0.046461
v 0.002015 -0.003288 -0.046240
v 0.000950 -0.002435 -0.047274
v 0.000686 -0.001783 -0.047549
v 0.001348 -0.002736 -0.046759
v 0.001076 -0.002232 -0.046895
v 0.001035 -0.002328 -0.047095
v 0.001650 -0.002769 -0.046123
v 0.001452 -0.002603 -0.045984
v 0.001298 -0.002483 -0.046265
v 0.001735 -0.002973 -0.046339
v 0.001985 -0.002847 -0.045660
v 0.001000 -0.001910 -0.046811
v 0.002299 -0.002709 -0.044436
v 0.002139 -0.002748 -0.044729
v 0.002181 -0.002770 -0.045047
v 0.002153 -0.003142 -0.045967
v 0.002046 -0.002757 -0.044900
v 0.001772 -0.002735 -0.045399
v 0.001884 -0.002776 -0.045532
v 0.001689 -0.002713 -0.045552
v 0.002804 -0.002337 -0.043513
v 0.002576 -0.002568 -0.043930
v 0.002665 -0.002528 -0.044106
v 0.002545 -0.002589 -0.043987
v 0.001506 -0.002635 -0.045885
v 0.002804 -0.002337 -0.037427
v 0.002450 -0.002646 -0.037408
v 0.002137 -0.002748 -0.037400
v 0.001677 -0.002709 -0.037402
v 0.001986 -0.002759 -0.037399
v 0.001521 -0.002643 -0.037407
v 0.001284 -0.002469 -0.037419
v 0.001156 -0.002313 -0.037428
v 0.001040 -0.002077 -0.037442
v 0.000994 -0.001865 -0.037453
v 0.003912 -0.000273 -0.037499
v 0.004019 0.000000 -0.037500
v 0.001851 0.000000 -0.037500
v 0.000992 -0.001422 -0.037473
v 0.001719 -0.002203 -0.037435
v 0.003693 -0.000781 -0.037492
v 0.002118 0.000630 -0.037495
v 0.008202 0.034276 0.015212
v 0.006201 0.034276 0.015212
v 0.008190 0.034715 0.014181
v 0.006154 0.035519 0.012027
v 0.008006 0.037494 0.000645
v 0.008029 0.037266 0.004180
v 0.006022 0.037233 0.004467
v 0.008032 0.037233 0.004467
v 0.006030 0.037161 0.005034
v 0.008079 0.036715 0.007635
v 0.006089 0.036511 0.008554
v 0.008115 0.036230 0.009678
v 0.008142 0.035805 0.011147
v 0.005997 0.037470 0.001494
v 0.006001 0.037431 -0.002279
v 0.008016 0.037396 -0.002796
v 0.006007 0.037382 -0.002976
v 0.008058 0.036957 -0.006357
v 0.006040 0.037055 -0.005761
v 0.008117 0.036206 -0.009767
v 0.006108 0.036264 -0.009548
v 0.008124 0.036097 -0.010163
v 0.006122 0.036057 -0.010301
v 0.008183 0.034905 -0.013708
v 0.006172 0.035160 -0.013039
v 0.008213 0.033464 -0.016924
v 0.006211 0.033697 -0.016454
v 0.006211 0.033689 -0.016470
v 0.008214 0.033312 -0.017221
v 0.006214 0.033312 -0.017221
v 0.008197 0.031556 -0.020260
v 0.006202 0.031837 -0.019815
v 0.008122 0.029508 -0.023142
v 0.006133 0.029783 -0.022787
v 0.008109 0.029253 -0.023462
v 0.006107 0.029253 -0.023462
v 0.007984 0.027209 -0.025806
v 0.005983 0.027270 -0.025741
v 0.007793 0.024703 -0.028214
v 0.005876 0.025822 -0.027193
v 0.005789 0.024747 -0.028175
v 0.007737 0.024042 -0.028779
v 0.005729 0.024042 -0.028779
v 0.007539 0.021855 -0.030473
v 0.005540 0.021966 -0.030393
v 0.007243 0.018898 -0.032390
v 0.005221 0.018792 -0.032452
v 0.007135 0.017883 -0.032961
v 0.005124 0.017883 -0.032961
v 0.006915 0.015893 -0.033966
v 0.004909 0.015944 -0.033942
v 0.006534 0.012694 -0.035286
v 0.004503 0.012560 -0.035334
v 0.004453 0.012177 -0.035468
v 0.006317 0.011019 -0.035845
v 0.004299 0.011019 -0.035845
v 0.006095 0.009443 -0.036292
v 0.004092 0.009571 -0.036258
v 0.005628 0.006577 -0.036919
v 0.003575 0.006467 -0.036938
v 0.005502 0.005891 -0.037034
v 0.003026 0.003776 -0.037309
v 0.004787 0.002536 -0.037414
v 0.002875 0.003136 -0.037369
v 0.002209 0.000872 -0.037490
v 0.008203 0.031866 0.024206
v 0.006203 0.031854 0.024315
v 0.008211 0.032376 0.021036
v 0.006210 0.032322 0.021291
v 0.008214 0.033172 0.018092
v 0.006211 0.033665 0.016693
v 0.006214 0.033213 0.017964
v 0.000020 0.054757 0.037038
v 0.000020 0.054757 0.037018
v 0.002425 0.053508 0.049037
v 0.001481 0.054012 0.047215
v 0.000377 0.054578 0.043258
v 0.000288 0.054623 0.042657
v 0.000107 0.054714 0.040820
v 0.000261 0.054637 0.042451
v 0.000020 0.054757 0.037131
v 0.000020 0.054757 0.037054
v 0.002040 0.051325 0.000006
v 0.000199 0.052395 0.000002
v 0.000018 0.052496 0.003509
v 0.002612 0.051110 0.049068
v 0.001700 0.051623 0.047709
v 0.000327 0.052356 0.042938
v 0.000805 0.052106 0.045254
v 0.001499 0.051732 0.047263
v 0.000096 0.052475 0.040653
v 0.000070 0.052488 0.040181
v 0.000019 0.052511 0.032485
v 0.000803 0.052088 0.024367
v 0.000019 0.052506 0.020874
v 0.000826 0.052060 0.012129
v 0.000016 0.052498 0.004694
v 0.003825 0.050171 0.000014
v 0.002729 0.050912 0.003662
v 0.002380 0.051135 0.004952
v 0.001265 0.051809 0.009755
v 0.003676 0.051647 0.050431
v 0.002589 0.052258 0.049047
v 0.001763 0.052801 0.047686
v 0.001124 0.053317 0.046245
v 0.001090 0.053096 0.046181
v 0.001074 0.053145 0.046132
v 0.006424 0.046789 -0.008308
v 0.006763 0.047488 -0.008327
v 0.005704 0.048663 -0.005410
v 0.005808 0.045520 -0.008273
v 0.004876 0.047126 -0.005212
v 0.003903 0.048461 -0.001970
v 0.005521 0.048834 -0.004905
v 0.003872 0.048499 -0.001865
v 0.004356 0.049786 -0.001595
v 0.002611 0.049979 0.002788
v 0.002398 0.050228 0.003680
v 0.001595 0.051164 0.007455
v 0.000020 0.054757 0.004288
v 0.000020 0.054757 0.027852
v 0.000020 0.054757 0.033303
v 0.000399 0.051894 -0.008333
v -0.000038 0.050992 -0.008066
v -0.001011 0.051624 -0.006587
v 0.002139 0.048994 -0.010395
v 0.003667 0.048740 -0.011531
v 0.002597 0.049946 -0.010601
v 0.001043 0.050105 -0.009328
v 0.001487 0.051025 -0.009568
v -0.000573 0.052518 -0.006873
v -0.001778 0.052015 -0.004923
v -0.001334 0.052907 -0.005220
v -0.002274 0.052213 -0.003135
v -0.001824 0.053104 -0.003435
v -0.002495 0.052281 -0.001290
v -0.002041 0.053172 -0.001587
v -0.003915 -0.004004 -0.050654
v -0.025012 -0.004935 -0.050654
v -0.025012 -0.006935 -0.050654
v -0.010075 -0.004675 -0.050654
v -0.013157 -0.006803 -0.050654
v -0.005214 -0.006251 -0.050654
v 0.000897 -0.001541 -0.049225
v 0.006211 0.033711 -0.021482
v 0.006213 0.032670 0.022037
v 0.006085 0.036547 -0.019255
v 0.005744 0.039238 -0.017136
v 0.006102 0.029175 -0.025054
v 0.006210 0.032311 -0.022582
v 0.006210 0.032334 -0.022563
v 0.004764 0.014701 -0.036444
v 0.004462 0.012252 -0.038371
v 0.005880 0.025867 -0.027658
v 0.005578 0.022373 -0.030407
v 0.004005 0.008995 -0.040934
v 0.003770 0.007562 -0.042062
v 0.003172 0.004441 -0.044518
v 0.002850 0.003035 -0.045624
v 0.002403 0.001439 -0.046880
v 0.002121 0.000637 -0.047512
v 0.001675 -0.000356 -0.048293
v -0.003072 -0.003809 -0.051010
v -0.003913 -0.004003 -0.051163
v -0.001360 -0.003223 -0.050549
v -0.000753 -0.002916 -0.050307
v -0.000160 -0.002535 -0.050007
v 0.000838 -0.001610 -0.049280
v -0.005384 -0.004255 -0.051361
v -0.006381 -0.004382 -0.051461
v -0.008883 -0.004603 -0.051635
v -0.025012 -0.004935 -0.051896
v -0.014521 -0.004839 -0.051821
v -0.010075 -0.004675 -0.051692
v 0.004665 0.043190 -0.014030
v 0.005039 0.042139 -0.014855
v 0.005676 0.039605 -0.016846
v 0.003249 0.045959 -0.011847
v 0.004545 0.043486 -0.013797
v 0.004381 0.043868 -0.013496
v -0.024281 -0.013220 -0.054065
v -0.025012 -0.013760 -0.054589
v -0.025012 -0.017939 -0.055000
v -0.024935 -0.010301 -0.053993
v -0.025012 -0.010625 -0.054281
v -0.025012 -0.011670 -0.054384
v -0.021349 -0.026123 -0.055780
v -0.018543 -0.026053 -0.055729
v -0.023368 -0.017542 -0.054600
v -0.021481 -0.017247 -0.054325
v -0.023337 -0.012774 -0.053655
v -0.025012 -0.009581 -0.054179
v -0.025012 -0.009250 -0.053893
v -0.025012 -0.008919 -0.053608
v -0.024203 -0.010523 -0.053339
v -0.024459 -0.010795 -0.053574
v -0.024616 -0.009392 -0.053186
v -0.024744 -0.009692 -0.053445
v -0.025012 -0.008258 -0.053037
v -0.025012 -0.008589 -0.053323
v -0.025012 -0.012715 -0.054486
v -0.024483 -0.012143 -0.053943
v -0.024674 -0.011067 -0.053825
v -0.024850 -0.009993 -0.053714
v -0.023169 -0.009250 -0.052321
v -0.025012 -0.006935 -0.051896
v -0.025012 -0.007596 -0.052467
v -0.014002 -0.025786 -0.055552
v -0.010360 -0.025346 -0.055271
v -0.019442 -0.016844 -0.054059
v -0.017642 -0.016196 -0.053594
v -0.022242 -0.012253 -0.053271
v -0.021327 -0.011565 -0.052745
v -0.023634 -0.009934 -0.052870
v -0.024325 -0.008768 -0.052669
v -0.025012 -0.026133 -0.055804
v -0.023089 -0.006933 -0.051895
v -0.010324 -0.025334 -0.055269
v -0.013548 -0.006815 -0.051803
v 0.007327 0.041403 -0.015289
v 0.007452 0.040881 -0.016192
v 0.007790 0.039131 -0.017469
v 0.008064 0.036893 -0.019120
v 0.007161 0.042029 -0.014212
v 0.006797 0.043189 -0.012233
v 0.006349 0.044355 -0.010253
v 0.006042 0.045043 -0.009085
v 0.008117 0.036206 -0.019630
v 0.008211 0.033722 -0.021491
v 0.008119 0.029432 -0.024772
v 0.008051 0.028228 -0.025703
v 0.007897 0.026015 -0.027422
v 0.007633 0.022868 -0.029874
v 0.007280 0.019254 -0.032697
v 0.006700 0.014046 -0.036772
v 0.006576 0.013024 -0.037570
v 0.005776 0.007426 -0.041906
v 0.005263 0.004668 -0.044025
v 0.004547 0.001625 -0.046308
v 0.004439 0.001251 -0.046578
v 0.003917 -0.000261 -0.047629
v 0.003212 -0.001706 -0.048556
v 0.002976 -0.002085 -0.048789
v 0.002578 -0.002641 -0.049123
v 0.001473 -0.003793 -0.049797
v 0.000847 -0.004272 -0.050078
v 0.000680 -0.004384 -0.050144
v -0.000911 -0.005205 -0.050650
v -0.002227 -0.005652 -0.050946
v -0.005071 -0.006230 -0.051358
v -0.005214 -0.006251 -0.051373
v -0.013157 -0.006803 -0.051793
v -0.011036 -0.006725 -0.051732
v -0.008779 -0.006600 -0.051636
v -0.006814 -0.006439 -0.051513
v 0.001919 0.051368 -0.005288
v 0.001114 0.051867 -0.003675
v 0.003411 0.050404 -0.004291
v 0.005993 0.048012 -0.009651
v 0.007607 0.046059 -0.011112
v 0.008120 0.045789 -0.010048
v 0.008262 0.045127 -0.011660
v 0.008480 0.045243 -0.010562
v 0.009251 0.043457 -0.012641
v 0.009225 0.043899 -0.011786
v 0.009950 0.041991 -0.013503
v 0.000571 0.052185 -0.002011
v 0.006252 0.048042 -0.007556
v 0.004188 0.049707 -0.008021
v 0.002929 0.050680 -0.006701
v 0.000021 0.054757 0.003590
v 0.000203 0.054662 0.000000
v 0.000227 0.052497 -0.000200
v 0.000251 0.054637 -0.000361
v 0.000588 0.052753 -0.002046
v 0.000762 0.054364 -0.002674
v 0.001214 0.053156 -0.003885
v 0.001659 0.053860 -0.004823
v 0.002219 0.053526 -0.005749
v 0.002926 0.053079 -0.006686
v 0.003212 0.052890 -0.007013
v 0.003827 0.051065 -0.007654
v 0.004015 0.052315 -0.007831
v 0.005446 0.051027 -0.009135
v 0.006775 0.047756 -0.010353
v 0.000049 0.054742 0.002015
v 0.007349 0.045307 -0.010070
v 0.008735 0.042171 -0.013659
v 0.010922 0.040280 -0.014763
v 0.009205 0.040563 -0.015484
v 0.010936 0.040248 -0.014785
v 0.008116 0.043762 -0.011856
v 0.008531 0.040685 -0.015756
v 0.005540 0.049008 -0.010977
v 0.007444 0.049311 -0.010283
v 0.007449 0.049305 -0.010286
v 0.006877 0.049883 -0.009920
v 0.007364 0.049395 -0.010230
v 0.007483 0.049269 -0.010309
v 0.007502 0.049249 -0.010322
v 0.007578 0.049167 -0.010373
v 0.007649 0.039930 -0.018240
v 0.002627 -0.002894 -0.050849
v 0.001822 -0.004064 -0.051740
v -0.008207 -0.009059 -0.055543
v -0.012368 -0.009557 -0.055922
v -0.017837 -0.009847 -0.056144
v -0.025012 -0.009940 -0.056214
v -0.005038 -0.008362 -0.055013
v -0.002615 -0.007485 -0.054345
v -0.000750 -0.006455 -0.053561
v 0.000697 -0.005304 -0.052684
v 0.003399 -0.001436 -0.049738
v 0.003918 -0.000193 -0.048792
v 0.004408 0.001257 -0.047688
v 0.005093 0.003880 -0.045691
v 0.005638 0.006621 -0.043604
v 0.006086 0.009377 -0.041504
v 0.006501 0.012368 -0.039227
v 0.007372 0.019908 -0.033486
v 0.007841 0.025095 -0.029536
v 0.008079 0.028530 -0.026920
v 0.008213 0.031751 -0.024468
v 0.008146 0.035672 -0.021482
v 0.008117 0.036143 -0.021123
v 0.006338 0.044371 -0.014858
v 0.007125 0.042141 -0.016556
v 0.005215 0.046585 -0.013172
v -0.025012 -0.025968 -0.055846
v -0.025012 -0.025821 -0.055883
v -0.025012 -0.026307 -0.057821
v -0.008155 -0.024899 -0.055013
v -0.008251 -0.024667 -0.055073
v -0.021044 -0.025793 -0.055856
v -0.011297 -0.025189 -0.055421
v -0.017905 -0.025707 -0.055789
v -0.014534 -0.025519 -0.055651
v -0.005631 -0.024151 -0.054578
v -0.005466 -0.023887 -0.054574
v -0.004872 -0.023850 -0.054408
v -0.003573 -0.023219 -0.054061
v -0.003077 -0.022829 -0.053917
v -0.001874 -0.022086 -0.053464
v -0.001867 -0.022082 -0.053462
v -0.003500 -0.011017 -0.051816
v -0.001035 -0.021470 -0.053116
v -0.000280 -0.020826 -0.052755
v 0.007547 -0.001168 -0.042894
v 0.006787 -0.000460 -0.043759
v 0.005695 -0.004174 -0.046178
v 0.008518 -0.002101 -0.041798
v 0.008523 -0.002077 -0.041783
v 0.006652 -0.005860 -0.045313
v 0.008355 -0.002811 -0.042238
v 0.007107 -0.007479 -0.045099
v 0.005864 -0.008004 -0.046673
v 0.005851 -0.011105 -0.047261
v 0.004918 -0.010099 -0.047985
v 0.003775 -0.012114 -0.049236
v 0.004381 -0.014403 -0.049172
v 0.002381 -0.014012 -0.050412
v 0.002826 -0.017107 -0.050698
v -0.000415 -0.012419 -0.051316
v 0.001285 -0.019190 -0.051854
v 0.000800 -0.019744 -0.052159
v -0.001493 -0.009083 -0.051141
v 0.000419 -0.008069 -0.050465
v 0.001917 -0.006880 -0.049717
v 0.001403 -0.011045 -0.050440
v 0.002850 -0.009501 -0.049476
v 0.003109 -0.005522 -0.048895
v 0.004018 -0.007813 -0.048439
v 0.004035 -0.004035 -0.048000
v 0.004953 -0.006020 -0.047335
v 0.004733 -0.002489 -0.047046
v 0.005047 0.001160 -0.045739
v 0.005547 0.000694 -0.045170
v 0.006547 -0.000237 -0.044032
v 0.007995 0.015502 -0.034445
v 0.009222 0.016512 -0.032429
v 0.010181 0.027255 -0.024733
v 0.011226 0.037254 -0.016933
v 0.011637 0.037654 -0.016386
v 0.012263 0.029070 -0.021780
v 0.012284 0.030854 -0.020649
v 0.011354 0.028397 -0.022979
v 0.012283 0.031003 -0.020555
v 0.011454 0.034225 -0.018991
v 0.012102 0.034600 -0.018290
v 0.011902 0.036197 -0.017292
v 0.010348 0.008129 -0.035252
v 0.011324 0.016087 -0.030110
v 0.010466 0.017724 -0.030249
v 0.011557 0.018484 -0.028561
v 0.012107 0.025688 -0.023933
v 0.009132 0.036853 -0.018508
v 0.009297 0.033096 -0.021256
v 0.008756 0.032976 -0.021702
v 0.008450 0.026032 -0.026981
v 0.010181 0.037026 -0.017740
v 0.010376 0.033609 -0.020162
v 0.006952 0.007564 -0.040274
v 0.006323 0.004074 -0.042788
v 0.007412 0.003714 -0.041344
v 0.009018 0.026288 -0.026352
v 0.007407 0.015260 -0.035235
v 0.006389 0.007622 -0.041000
v 0.008113 0.007752 -0.038559
v 0.008508 0.003413 -0.039849
v 0.009288 0.008057 -0.036747
v 0.008906 -0.000236 -0.040620
v 0.009172 0.001108 -0.039763
v 0.005788 0.004331 -0.043442
v 0.012645 0.021038 -0.028057
v 0.011984 0.014312 -0.032286
v 0.010277 0.045520 -0.012666
v 0.009335 0.046995 -0.011738
v 0.008530 0.048065 -0.011066
v 0.010772 0.044611 -0.013238
v 0.012010 0.041635 -0.015109
v 0.012240 0.040892 -0.015575
v 0.012913 0.037872 -0.017474
v 0.013006 0.037251 -0.017864
v 0.013057 0.036856 -0.018113
v 0.013284 0.034067 -0.019866
v 0.013317 0.031551 -0.021448
v 0.012698 0.021659 -0.027667
v 0.013310 0.031138 -0.021707
v 0.012876 0.023850 -0.026289
v 0.012803 0.022934 -0.026865
v 0.011419 0.009728 -0.035167
v 0.011117 0.007592 -0.036510
v 0.009798 0.000000 -0.041283
v 0.010484 0.003658 -0.038983
v 0.011089 0.007401 -0.036630
v -0.012534 -0.025772 -0.057485
v -0.012684 -0.025789 -0.057495
v -0.012732 -0.025794 -0.057499
v -0.012758 -0.025797 -0.057500
v -0.013479 -0.025870 -0.057547
v -0.016397 -0.026093 -0.057687
v -0.011067 -0.025588 -0.057368
v -0.009083 -0.025264 -0.057164
v -0.006152 -0.024569 -0.056728
v -0.007898 -0.025019 -0.057011
v -0.001446 -0.022521 -0.055440
v -0.002341 -0.023039 -0.055766
v -0.003626 -0.023661 -0.056157
v -0.004938 -0.024177 -0.056482
v 0.002290 -0.019261 -0.053391
v 0.001863 -0.019747 -0.053697
v 0.000447 -0.021128 -0.054563
v -0.000098 -0.021577 -0.054845
v 0.003580 -0.017551 -0.052317
v 0.002332 -0.019211 -0.053360
v 0.002328 -0.019215 -0.053363
v 0.005067 -0.015037 -0.050736
v 0.005205 -0.005974 -0.048620
v 0.007111 -0.010237 -0.047719
v 0.007105 -0.010255 -0.047730
v 0.007100 -0.010269 -0.047739
v 0.006335 -0.012284 -0.049005
v 0.009332 -0.002202 -0.042666
v 0.008424 -0.005946 -0.045021
v 0.006499 -0.002014 -0.045952
v 0.007889 -0.007838 -0.046210
v 0.007141 -0.010151 -0.047664
v 0.009618 -0.000872 -0.041831
v 0.008977 0.011055 -0.037174
v 0.010111 0.021500 -0.030102
v -0.018313 -0.026188 -0.057746
vn 0.0023 0.9659 -0.2588
vn 0.0037 0.9512 -0.3086
vn -0.0000 0.9898 -0.1426
vn 0.0006 0.7790 -0.6270
vn 0.0001 0.8407 -0.5415
vn -0.0003 0.8976 -0.4408
vn -0.0000 0.3300 -0.9440
vn -0.0000 0.6135 -0.7897
vn -0.0001 0.6088 -0.7934
vn 0.0001 0.7934 -0.6087
vn -0.0000 0.2588 -0.9659
vn 0.0097 0.0258 -0.9996
vn 0.0070 0.1001 -0.9950
vn -0.0000 -0.0000 -1.0000
vn -0.0000 -0.1916 -0.9815
vn -0.0001 -0.5555 -0.8315
vn 0.0001 -0.8295 -0.5585
vn -0.0000 -0.8315 -0.5556
vn -0.0000 -0.9806 -0.1962
vn -0.0000 -0.9808 -0.1951
vn -0.0000 -0.1951 -0.9808
vn -0.0001 -0.1933 -0.9811
vn 0.0001 -0.5507 -0.8347
vn 0.9848 -0.0000 0.1736
vn 0.8315 -0.0006 0.5556
vn 0.5556 0.0008 0.8315
vn 0.5682 0.0002 0.8229
vn 0.3645 -0.0000 0.9312
vn 0.1891 0.0004 0.9819
vn 0.1758 -0.0000 0.9844
vn 0.9808 -0.0000 0.1951
vn 0.9843 -0.0007 0.1763
vn 0.8549 0.0007 0.5188
vn 0.9978 -0.0658 -0.0000
vn 0.9808 -0.1951 0.0022
vn 0.9707 -0.2401 0.0007
vn 0.8854 -0.4649 -0.0005
vn 0.8315 -0.5556 0.0024
vn 0.7652 -0.6438 -0.0000
vn 0.5556 -0.8315 -0.0000
vn 0.6084 -0.7936 0.0032
vn 0.1951 -0.9808 -0.0042
vn 0.2583 -0.9661 -0.0000
vn 0.0141 0.9699 -0.2432
vn 0.0117 0.9677 -0.2517
vn 0.0409 0.9741 -0.2223
vn 0.0703 0.9737 -0.2166
vn 0.0585 0.9722 -0.2267
vn 0.0415 0.9740 -0.2228
vn 0.2457 0.9554 -0.1638
vn 0.1619 0.9636 -0.2130
vn 0.1177 0.9726 -0.2004
vn 0.1164 0.9724 -0.2023
vn 0.0823 0.9722 -0.2194
vn 0.1890 0.9510 -0.2448
vn 0.2647 0.9398 -0.2162
vn 0.2916 0.9303 -0.2224
vn 0.3187 0.9206 -0.2254
vn 0.3459 0.9013 -0.2607
vn 0.4037 0.8825 -0.2415
vn 0.4312 0.8581 -0.2789
vn 0.4481 0.8470 -0.2859
vn 0.4869 0.8161 -0.3113
vn 0.6123 0.6031 -0.5113
vn 0.6054 0.6082 -0.5134
vn 0.5970 0.6370 -0.4877
vn 0.5978 0.6355 -0.4886
vn 0.5934 0.6656 -0.4525
vn 0.5815 0.6740 -0.4556
vn 0.5740 0.7140 -0.4009
vn 0.5393 0.7457 -0.3914
vn 0.5395 0.7497 -0.3833
vn 0.5098 0.8049 -0.3037
vn 0.5946 0.5179 -0.6151
vn 0.6234 0.5241 -0.5803
vn 0.5965 0.5244 -0.6076
vn 0.5916 0.5453 -0.5939
vn 0.6055 0.5589 -0.5665
vn 0.5950 0.5663 -0.5703
vn 0.6012 0.5876 -0.5415
vn 0.8959 0.1656 0.4123
vn 0.0656 0.2155 0.9743
vn 0.6430 -0.0226 0.7656
vn 0.6960 0.1536 0.7014
vn 0.7355 0.2423 0.6327
vn 0.7046 0.2387 0.6682
vn 0.7028 0.2379 0.6704
vn 0.7186 0.2801 0.6365
vn 0.7068 0.3099 0.6359
vn 0.7274 0.2609 0.6347
vn 0.6756 0.1767 0.7158
vn 0.5859 0.4201 0.6930
vn 0.5824 0.0417 0.8118
vn 0.3399 0.3265 0.8820
vn 0.3318 0.3227 0.8864
vn 0.3261 0.3245 0.8879
vn 0.3383 0.3260 0.8827
vn 0.4339 0.3516 0.8295
vn 0.4101 0.3026 0.8604
vn 0.4435 0.2353 0.8648
vn 0.4407 0.2331 0.8669
vn 0.4543 0.2760 0.8470
vn 0.3807 0.2648 0.8860
vn 0.4785 0.2306 0.8473
vn 0.4645 0.2268 0.8560
vn 0.4724 0.2137 0.8551
vn 0.4566 0.2296 0.8595
vn 0.5947 0.2605 0.7606
vn 0.6332 0.2457 0.7340
vn 0.6124 0.2398 0.7533
vn 0.5842 0.2625 0.7680
vn 0.5572 0.2668 0.7864
vn 0.5322 0.2618 0.8052
vn 0.5014 0.2734 0.8209
vn 0.4569 0.2763 0.8455
vn 0.4609 0.2392 0.8546
vn 0.4611 0.2369 0.8551
vn 0.6399 0.2086 0.7396
vn 0.5996 0.1849 0.7786
vn 0.6130 0.1798 0.7694
vn 0.6457 0.1451 0.7497
vn 0.8339 0.1412 0.5335
vn 0.8434 0.1301 0.5212
vn 0.8003 0.1449 0.5819
vn 0.7702 0.1431 0.6215
vn 0.7693 0.1438 0.6225
vn 0.7160 0.1615 0.6791
vn 0.9854 0.1136 0.1268
vn 0.9927 0.1121 0.0450
vn 0.9926 0.1155 0.0374
vn 0.9871 0.1476 0.0619
vn 0.9867 0.1469 0.0697
vn 0.9867 0.1469 0.0696
vn 0.9867 0.1482 0.0660
vn 0.9862 0.1563 0.0548
vn 0.9843 0.1710 0.0449
vn 0.9866 0.1590 0.0357
vn 0.9888 0.1483 0.0190
vn 0.9884 0.1492 0.0283
vn 0.9846 0.1516 -0.0875
vn 0.9854 0.1612 0.0553
vn 0.9800 0.1574 0.1215
vn 0.9878 0.1069 0.1135
vn 0.9817 0.1111 0.1549
vn 0.9908 0.0513 0.1254
vn 0.9823 0.0577 0.1781
vn 0.9878 0.0198 0.1542
vn 0.9894 0.0060 0.1450
vn 0.9883 0.0027 0.1522
vn 0.9823 -0.0272 0.1851
vn 0.9814 -0.0902 0.1695
vn 0.9822 -0.0402 0.1833
vn 0.9818 -0.0245 0.1884
vn 0.9813 -0.0148 0.1920
vn 0.9802 -0.0013 0.1980
vn 0.9800 -0.0000 0.1988
vn 0.9791 -0.0178 0.2027
vn 0.9828 -0.0022 0.1846
vn 0.9831 -0.0032 0.1828
vn 0.9864 -0.0072 0.1645
vn 0.9709 -0.0441 0.2352
vn 0.9519 -0.0616 0.3000
vn 0.9555 -0.0495 0.2909
vn 0.8870 -0.1145 0.4473
vn 0.7727 -0.1056 0.6259
vn 0.7764 -0.1476 0.6127
vn 0.6596 -0.0038 0.7516
vn 0.5595 0.0517 0.8272
vn 0.5471 0.0465 0.8358
vn 0.5301 0.0378 0.8471
vn 0.4880 0.0096 0.8728
vn 0.5137 0.0261 0.8576
vn 0.6106 0.1056 0.7848
vn 0.4705 0.0668 0.8799
vn 0.4644 0.0633 0.8834
vn 0.4325 0.0904 0.8971
vn 0.4076 0.0822 0.9094
vn 0.3840 0.0511 0.9219
vn 0.3875 0.0770 0.9186
vn 0.3659 0.1998 0.9090
vn 0.3188 0.0986 0.9427
vn 0.0901 0.2150 0.9725
vn 0.2744 0.1468 0.9503
vn 0.2659 0.1830 0.9465
vn 0.1929 0.0413 0.9803
vn 0.2039 0.1407 0.9688
vn 0.1661 0.2140 0.9626
vn 0.1671 0.2349 0.9575
vn 0.1165 0.1678 0.9789
vn 0.1164 0.1704 0.9785
vn 0.1038 0.2365 0.9661
vn 0.0132 0.2506 0.9680
vn 0.0782 0.2179 0.9728
vn 0.0743 0.2294 0.9705
vn 0.0664 0.2122 0.9750
vn 0.0492 0.2515 0.9666
vn 0.0491 0.2513 0.9667
vn 0.0157 0.2111 0.9773
vn 0.0189 0.2458 0.9691
vn 0.5756 0.1781 0.7981
vn 0.5803 0.1612 0.7983
vn 0.5959 0.1255 0.7932
vn 0.5423 0.1165 0.8321
vn 0.5927 0.1310 0.7947
vn 0.6313 0.0908 0.7702
vn 0.6541 0.1038 0.7492
vn 0.7413 0.0708 0.6674
vn 0.7477 0.0583 0.6614
vn 0.6974 0.1048 0.7090
vn 0.8412 0.0669 0.5366
vn 0.8301 0.0566 0.5548
vn 0.8224 0.0485 0.5668
vn 0.8122 0.0361 0.5823
vn 0.8134 0.0382 0.5804
vn 0.7980 0.0568 0.6000
vn 0.7814 0.0714 0.6199
vn 0.7440 0.2233 0.6297
vn 0.7499 0.2123 0.6265
vn 0.7734 0.1748 0.6094
vn 0.7695 0.1673 0.6164
vn 0.8206 0.1144 0.5600
vn 0.7008 -0.0901 0.7076
vn 0.7271 -0.1053 0.6784
vn 0.7635 -0.1033 0.6375
vn 0.7660 -0.1200 0.6315
vn 0.8206 -0.1167 0.5595
vn 0.6911 -0.0467 0.7212
vn 0.7123 -0.0646 0.6989
vn 0.7590 -0.0626 0.6481
vn 0.7650 -0.0725 0.6399
vn 0.8217 -0.0692 0.5657
vn 0.8238 -0.0733 0.5622
vn 0.4000 0.3227 0.8578
vn 0.4576 0.3279 0.8265
vn 0.4422 0.3223 0.8370
vn 0.5336 0.3014 0.7902
vn 0.5689 0.3028 0.7646
vn 0.6328 0.2687 0.7262
vn 0.6729 0.2687 0.6892
vn 0.7304 0.2311 0.6428
vn 0.7544 0.2302 0.6148
vn 0.6408 0.2108 0.7382
vn 0.6272 0.2422 0.7403
vn 0.6779 0.2448 0.6932
vn 0.7177 0.2210 0.6604
vn 0.7560 0.2220 0.6158
vn 0.7881 0.1994 0.5823
vn 0.8242 0.1996 0.5300
vn 0.3974 0.2701 0.8770
vn 0.4283 0.3099 0.8488
vn 0.5173 0.3178 0.7946
vn 0.5717 0.2926 0.7665
vn 0.6207 0.2947 0.7266
vn 0.6738 0.2650 0.6897
vn 0.7074 0.2652 0.6551
vn 0.7534 0.2346 0.6143
vn 0.7810 0.2340 0.5791
vn 0.9817 0.0108 0.1902
vn 0.9806 0.0520 0.1888
vn 0.9832 0.0448 0.1771
vn 0.9788 0.1080 0.1743
vn 0.9818 0.1001 0.1613
vn 0.9747 0.1580 0.1583
vn 0.9783 0.1493 0.1435
vn 0.9770 0.1582 0.1430
vn 0.9795 0.1521 0.1322
vn 0.9849 0.1099 0.1337
vn 0.9673 0.1149 0.2263
vn 0.9737 -0.0225 0.2266
vn 0.9738 -0.0293 0.2256
vn 0.9684 -0.0297 0.2477
vn 0.9690 -0.0001 0.2472
vn 0.9711 -0.0051 0.2386
vn 0.9704 0.0457 0.2372
vn 0.9706 0.0452 0.2363
vn 0.9669 0.1019 0.2340
vn 0.9666 0.1025 0.2350
vn 0.9607 0.1513 0.2325
vn 0.9608 0.1513 0.2324
vn 0.9604 0.1538 0.2323
vn 0.9596 0.1551 0.2347
vn 0.9654 0.1101 0.2364
vn 0.9378 0.1218 0.3252
vn 0.9103 -0.0638 0.4090
vn 0.9083 -0.0902 0.4085
vn 0.9220 -0.0897 0.3768
vn 0.9252 0.1154 0.3614
vn 0.9293 0.0660 0.3633
vn 0.9376 0.0534 0.3437
vn 0.9386 -0.0068 0.3450
vn 0.9393 -0.0080 0.3429
vn 0.9373 -0.0611 0.3431
vn 0.9317 -0.0522 0.3594
vn 0.9302 -0.0765 0.3591
vn 0.9491 -0.0688 0.3074
vn 0.8597 -0.0238 0.5103
vn 0.8935 0.1799 0.4114
vn 0.8674 0.1815 0.4634
vn 0.8709 0.1596 0.4648
vn 0.8531 0.1610 0.4963
vn 0.8592 0.1137 0.4988
vn 0.8280 0.0568 0.5579
vn 0.8581 0.0568 0.5104
vn 0.8493 0.0358 0.5267
vn 0.9134 0.0671 0.4015
vn 0.9151 0.0210 0.4026
vn 0.9250 -0.0072 0.3798
vn 0.9185 -0.0253 0.3945
vn 0.9162 -0.0719 0.3941
vn 0.8858 -0.0749 0.4580
vn 0.8824 -0.1128 0.4568
vn 0.8519 -0.1343 0.5062
vn 0.8421 -0.1482 0.5186
vn 0.8144 -0.1578 0.5585
vn 0.8024 -0.1811 0.5686
vn 0.5323 0.0998 0.8406
vn 0.5215 0.0392 0.8523
vn 0.6361 0.0435 0.7704
vn 0.6586 0.0160 0.7523
vn 0.7447 0.0191 0.6671
vn 0.7591 -0.0025 0.6509
vn 0.8146 -0.0003 0.5800
vn 0.8230 -0.0157 0.5678
vn 0.8643 -0.0137 0.5028
vn 0.8624 -0.0705 0.5014
vn 0.7930 -0.1615 0.5874
vn 0.8131 -0.1560 0.5608
vn 0.8180 -0.1114 0.5643
vn 0.8547 -0.1085 0.5077
vn 0.8679 -0.0839 0.4896
vn 0.8915 -0.0818 0.4455
vn 0.8945 -0.0219 0.4466
vn 0.8924 -0.0269 0.4505
vn 0.8922 0.0358 0.4503
vn 0.8865 0.0210 0.4622
vn 0.8831 0.0875 0.4609
vn 0.8984 0.0864 0.4306
vn 0.8935 0.1345 0.4285
vn 0.9122 0.1328 0.3877
vn 0.9079 0.1636 0.3860
vn 0.9338 0.1155 0.3387
vn 0.9271 0.1647 0.3367
vn 0.9335 0.1564 0.3226
vn 0.9327 0.1617 0.3223
vn 0.9388 0.1533 0.3086
vn 0.9437 0.1135 0.3107
vn 0.9494 0.1043 0.2963
vn 0.9530 0.0523 0.2983
vn 0.9563 0.0462 0.2886
vn 0.9570 -0.0075 0.2899
vn 0.9560 -0.0055 0.2934
vn 0.9545 -0.0500 0.2939
vn 0.9563 -0.0535 0.2876
vn 0.9568 -0.0427 0.2876
vn 0.9649 -0.0479 0.2584
vn 0.8952 0.1298 0.4264
vn 0.8901 0.1241 0.4386
vn 0.8818 0.1799 0.4360
vn 0.8472 0.1803 0.4997
vn 0.8427 0.2047 0.4979
vn 0.8167 0.2058 0.5392
vn 0.8191 0.1927 0.5402
vn 0.8005 0.1939 0.5671
vn 0.8122 0.1161 0.5717
vn 0.8591 0.1684 0.4833
vn 0.8428 0.1201 0.5247
vn 0.8061 0.1218 0.5790
vn 0.8171 0.0886 0.5696
vn -0.0040 0.1760 -0.9844
vn -0.0035 0.1774 -0.9841
vn -0.0009 0.1829 -0.9831
vn -0.0013 0.1843 -0.9829
vn -0.0074 0.1849 -0.9827
vn -0.0038 0.1770 -0.9842
vn -0.0014 0.1903 -0.9817
vn -0.0022 0.1853 -0.9827
vn -0.0020 0.1855 -0.9826
vn -0.0027 0.1852 -0.9827
vn -0.0041 0.1848 -0.9828
vn -0.0053 0.1849 -0.9827
vn -0.1230 0.6319 -0.7653
vn -0.2027 0.3325 -0.9211
vn -0.2554 0.2997 -0.9192
vn -0.0681 0.2118 -0.9749
vn -0.1029 0.3417 -0.9342
vn -0.0911 0.2612 -0.9610
vn -0.1326 0.6047 -0.7853
vn -0.1467 0.8126 -0.5641
vn -0.1433 0.8479 -0.5104
vn -0.1581 0.9259 -0.3430
vn -0.1592 0.9310 -0.3285
vn -0.1626 0.9708 -0.1761
vn -0.1665 0.9855 0.0320
vn -0.1655 0.9842 0.0628
vn -0.1590 0.9569 0.2430
vn -0.1519 0.9077 0.3910
vn -0.1439 0.8732 0.4657
vn -0.1162 0.7074 0.6972
vn -0.1005 0.6342 0.7666
vn -0.0665 0.4110 0.9092
vn -0.0144 0.1377 0.9904
vn -0.0343 0.2323 0.9720
vn -0.0665 0.1615 0.9846
vn -0.1791 0.2524 0.9509
vn -0.2539 0.3449 0.9037
vn -0.4777 0.5243 0.7049
vn -0.4336 0.5039 0.7470
vn -0.6107 0.6723 0.4184
vn -0.6009 0.6932 0.3981
vn -0.5867 0.6398 0.4964
vn -0.6030 0.7793 -0.1703
vn -0.6089 0.7928 0.0269
vn -0.5858 0.7799 0.2202
vn -0.6104 0.7698 0.1868
vn -0.6739 0.7135 0.1917
vn -0.2576 0.3022 -0.9178
vn -0.3910 0.4875 -0.7807
vn -0.4151 0.5311 -0.7387
vn -0.5358 0.6842 -0.4947
vn -0.5238 0.6599 -0.5387
vn -0.5784 0.7562 -0.3061
vn -0.0670 0.1610 0.9847
vn -0.0571 0.1474 0.9874
vn -0.2328 0.3648 0.9015
vn -0.2292 0.3596 0.9045
vn -0.4166 0.5815 0.6988
vn -0.4188 0.5845 0.6950
vn -0.5492 0.7271 0.4120
vn -0.5532 0.7328 0.3961
vn -0.6176 0.7851 0.0473
vn -0.1449 0.3275 -0.9337
vn -0.2735 0.5355 -0.7990
vn -0.2944 0.5828 -0.7574
vn -0.3035 0.5987 -0.7412
vn -0.3660 0.7432 -0.5601
vn -0.3709 0.7530 -0.5435
vn -0.4107 0.8514 -0.3262
vn -0.4135 0.8555 -0.3116
vn -0.4266 0.9039 0.0304
vn -0.4269 0.9034 0.0397
vn -0.3862 0.8377 0.3862
vn -0.3858 0.8364 0.3892
vn -0.2942 0.6596 0.6917
vn -0.2948 0.6614 0.6897
vn -0.1622 0.3920 0.9056
vn -0.1651 0.3994 0.9018
vn -0.0416 0.1415 0.9891
vn -0.0468 0.1538 0.9870
vn -0.0272 0.1464 0.9889
vn -0.0261 0.1405 0.9897
vn -0.0987 0.4138 0.9050
vn -0.0981 0.4094 0.9071
vn -0.1771 0.7008 0.6911
vn -0.1769 0.6985 0.6934
vn -0.2317 0.8934 0.3850
vn -0.2317 0.8928 0.3863
vn -0.2552 0.9665 0.0278
vn -0.2551 0.9665 0.0271
vn -0.2449 0.9116 -0.3301
vn -0.2444 0.9108 -0.3327
vn -0.2171 0.7966 -0.5642
vn -0.2164 0.7944 -0.5676
vn -0.1742 0.6251 -0.7608
vn -0.1725 0.6213 -0.7644
vn -0.1095 0.3739 -0.9210
vn -0.0871 0.3692 -0.9253
vn -0.0205 0.1416 0.9897
vn -0.0198 0.1366 0.9904
vn -0.0746 0.4143 0.9071
vn -0.0743 0.4096 0.9092
vn -0.1339 0.7078 0.6936
vn -0.1338 0.7041 0.6974
vn -0.1750 0.9056 0.3863
vn -0.1752 0.9034 0.3913
vn -0.1925 0.9809 0.0267
vn -0.1931 0.9807 0.0321
vn -0.1840 0.9246 -0.3337
vn -0.1850 0.9262 -0.3284
vn -0.1626 0.8064 -0.5686
vn -0.1635 0.8094 -0.5640
vn -0.1406 0.6892 -0.7108
vn -0.1359 0.6900 -0.7109
vn -0.0000 0.1162 0.9932
vn -0.0004 0.1016 0.9948
vn -0.0014 0.1091 0.9940
vn -0.0029 0.0442 0.9990
vn -0.0019 0.0468 0.9989
vn -0.0015 0.0486 0.9988
vn -0.0004 0.0556 0.9985
vn 0.0003 0.0764 0.9971
vn 0.0003 0.0759 0.9971
vn -0.0003 0.0979 0.9952
vn -0.0000 0.9659 -0.2588
vn -0.0000 0.7071 -0.7071
vn -0.0000 -0.2588 -0.9659
vn -0.0000 -0.7071 -0.7071
vn -0.0000 -0.9659 -0.2588
vn -0.0000 -1.0000 -0.0000
vn 0.0007 -1.0000 -0.0002
vn -0.0001 -1.0000 -0.0000
vn -0.0003 -1.0000 -0.0000
vn -0.0000 1.0000 -0.0000
vn 0.1567 0.9644 -0.2128
vn 0.2303 0.9644 -0.1297
vn 0.2031 0.2534 -0.9458
vn 0.1680 0.6001 -0.7821
vn 0.2587 0.7067 -0.6585
vn 0.4239 0.6991 -0.5758
vn 0.4240 0.6991 -0.5758
vn 0.6230 0.6991 -0.3510
vn 0.6230 0.6991 -0.3509
vn 0.1296 0.7867 -0.6036
vn 0.0554 0.9644 -0.2584
vn 0.2632 0.9644 -0.0237
vn 0.6149 0.7867 -0.0554
vn 0.6851 0.7067 -0.1769
vn 0.7967 0.6001 -0.0718
vn 0.8971 0.4343 -0.0809
vn 0.5735 0.2534 -0.7790
vn 0.5736 0.2534 -0.7790
vn 0.8428 0.2534 -0.4748
vn 0.9546 0.2563 -0.1515
vn 0.9776 0.1909 -0.0882
vn 0.0848 0.9947 -0.0587
vn 0.1758 0.9844 -0.0000
vn 0.3109 0.9504 -0.0009
vn 0.4429 0.8966 0.0030
vn 0.4466 0.8861 -0.1243
vn 0.9960 -0.0000 -0.0898
vn 0.8713 -0.0000 -0.4908
vn 0.5929 -0.0000 -0.8053
vn 0.2100 -0.0000 -0.9777
vn -0.9659 -0.2588 -0.0000
vn -0.7071 -0.7071 -0.0000
vn -0.2588 -0.9659 -0.0000
vn 0.2588 -0.9659 -0.0000
vn 0.7071 -0.7071 -0.0000
vn 0.9659 -0.2588 -0.0000
vn 0.9659 0.2588 -0.0000
vn 0.7071 0.7071 -0.0000
vn 0.2588 0.9659 -0.0000
vn -0.2588 0.9659 -0.0000
vn -0.7071 0.7071 -0.0000
vn -0.9659 0.2588 -0.0000
vn -0.0000 -0.0000 1.0000
vn 0.1915 -0.9626 0.1915
vn 0.8264 -0.5522 0.1099
vn 0.9800 -0.0388 0.1950
vn 0.9800 -0.1949 0.0388
vn 0.8264 -0.4681 0.3128
vn 0.8265 -0.3128 0.4681
vn 0.8264 -0.3128 0.4681
vn 0.5481 -0.8203 0.1632
vn 0.5481 -0.6954 0.4647
vn 0.5481 -0.4647 0.6954
vn 0.8264 -0.1099 0.5522
vn 0.8264 -0.1098 0.5522
vn 0.5481 -0.1632 0.8203
vn 0.3584 -0.1821 0.9156
vn 0.9800 -0.1104 0.1653
vn 0.5481 -0.8203 0.1631
vn 0.8264 -0.5522 0.1098
vn 0.8265 -0.4681 0.3128
vn 0.9800 -0.1652 0.1104
vn 0.1915 -0.8161 0.5453
vn 0.1915 -0.5453 0.8161
vn 0.1921 -0.2096 0.9587
vn 0.1725 -0.1922 0.9661
vn 0.5987 0.4972 -0.6280
vn 0.6422 0.4928 -0.5871
vn 0.6565 0.4612 -0.5969
vn 0.6645 0.4626 -0.5869
vn 0.7220 0.4086 -0.5583
vn 0.7132 0.4162 -0.5641
vn 0.7210 0.4171 -0.5534
vn 0.7018 0.4353 -0.5640
vn 0.7323 0.3966 -0.5537
vn 0.7226 0.3910 -0.5701
vn 0.7093 0.3850 -0.5905
vn 0.7111 0.3828 -0.5898
vn 0.7031 0.3606 -0.6129
vn 0.7028 0.3496 -0.6196
vn 0.6928 0.3757 -0.6155
vn 0.7114 0.3175 -0.6270
vn 0.6806 0.3556 -0.6405
vn 0.6542 0.3058 -0.6917
vn 0.6413 0.3320 -0.6917
vn 0.6310 0.2813 -0.7230
vn 0.6237 0.3083 -0.7183
vn 0.5881 0.2542 -0.7678
vn 0.5544 0.3117 -0.7716
vn 0.5575 0.2652 -0.7867
vn 0.5022 0.2293 -0.8338
vn 0.4885 0.2682 -0.8303
vn 0.4767 0.2278 -0.8490
vn 0.4338 0.2178 -0.8743
vn 0.4260 0.2006 -0.8822
vn 0.4016 0.2058 -0.8924
vn 0.3654 0.2032 -0.9084
vn 0.3261 0.2120 -0.9212
vn -0.0000 0.0622 0.9981
vn 0.0020 0.1768 0.9842
vn -0.0028 0.3200 0.9474
vn 0.0032 0.5420 0.8404
vn -0.0001 0.6144 0.7890
vn 0.0002 0.8454 0.5341
vn 0.0064 0.7875 0.6163
vn -0.0081 0.9850 0.1722
vn -0.0000 0.9628 0.2704
vn 0.9405 -0.1061 0.3228
vn 0.5802 -0.8143 0.0154
vn 0.5828 -0.8125 0.0111
vn 0.5461 -0.8377 0.0055
vn 0.5838 -0.8116 0.0215
vn 0.6164 -0.7874 -0.0063
vn 0.6172 -0.7827 0.0805
vn 0.7300 -0.6789 0.0788
vn 0.6627 -0.7341 0.1478
vn 0.7645 -0.6216 0.1704
vn 0.7338 -0.6532 0.1868
vn 0.7777 -0.5653 0.2750
vn 0.7667 -0.5782 0.2791
vn 0.7951 -0.4859 0.3630
vn 0.8458 -0.4071 0.3448
vn 0.7623 -0.5144 0.3928
vn 0.8073 -0.3978 0.4359
vn 0.7730 -0.4512 0.4460
vn 0.7498 -0.3906 0.5341
vn 0.7215 -0.3493 0.5979
vn 0.7629 -0.3595 0.5374
vn 0.7761 -0.3414 0.5301
vn 0.7652 -0.3583 0.5348
vn 0.8385 -0.1732 0.5167
vn 0.8853 -0.1301 0.4465
vn 0.8836 -0.1326 0.4491
vn 0.8730 -0.1933 0.4478
vn 0.9454 -0.0911 0.3129
vn 0.9487 -0.0738 0.3075
vn 0.9491 -0.0681 0.3075
vn 0.9492 -0.0668 0.3075
vn 0.9541 -0.1272 0.2713
vn 0.9705 -0.1557 0.1841
vn 0.9705 -0.1276 0.2048
vn 0.9665 -0.1151 0.2292
vn 0.6112 -0.7913 0.0153
vn 0.5860 -0.8088 0.0497
vn 0.6942 -0.7180 0.0494
vn 0.6538 -0.7502 0.0984
vn 0.7659 -0.6353 0.0992
vn 0.7133 -0.6832 0.1563
vn 0.8200 -0.5501 0.1581
vn 0.7617 -0.6110 0.2156
vn 0.8557 -0.4692 0.2181
vn 0.7237 -0.3242 0.6092
vn 0.7302 -0.3245 0.6013
vn 0.8115 -0.2761 0.5150
vn 0.7853 -0.3476 0.5123
vn 0.8231 -0.3508 0.4465
vn 0.7755 -0.4489 0.4439
vn 0.9576 -0.0930 0.2728
vn 0.9532 -0.0612 0.2960
vn 0.9427 -0.0829 0.3231
vn 0.9221 -0.0875 0.3768
vn 0.8980 -0.1343 0.4190
vn 0.9206 -0.1046 0.3763
vn 0.9106 -0.1724 0.3756
vn 0.9167 -0.1625 0.3650
vn 0.8971 -0.2507 0.3639
vn 0.8444 -0.4591 0.2761
vn 0.8946 -0.3495 0.2783
vn 0.8780 -0.3413 0.3355
vn 0.9130 -0.2294 0.3372
vn 0.8550 -0.2657 0.4454
vn 0.8735 -0.1925 0.4471
vn 0.8224 -0.2282 0.5212
vn 0.8325 -0.1818 0.5234
vn 0.7920 -0.2214 0.5690
vn 0.7957 -0.2201 0.5643
vn 0.7990 -0.5371 0.2702
vn 0.8470 -0.4563 0.2727
vn 0.8318 -0.4243 0.3579
vn 0.8661 -0.3480 0.3590
vn 0.8396 -0.3419 0.4222
vn 0.8716 -0.2459 0.4241
vn 0.7974 -0.2914 0.5285
vn 0.8123 -0.2411 0.5310
vn 0.7463 -0.2846 0.6017
vn 0.7504 -0.2872 0.5954
vn 0.9575 -0.2402 0.1596
vn 0.9762 -0.1447 0.1617
vn 0.9704 -0.1563 0.1839
vn 0.9659 -0.1807 0.1856
vn 0.9747 -0.1538 0.1621
vn 0.9617 -0.2217 0.1612
vn 0.9538 -0.2504 0.1659
vn 0.8761 -0.4718 0.0990
vn 0.8786 -0.4675 0.0970
vn 0.6165 -0.7872 0.0149
vn 0.6576 -0.7529 0.0255
vn 0.6541 -0.7562 0.0174
vn 0.6957 -0.7177 0.0316
vn 0.7206 -0.6919 0.0445
vn 0.7296 -0.6830 0.0352
vn 0.7825 -0.6199 0.0589
vn 0.7796 -0.6232 0.0618
vn 0.8375 -0.5427 0.0634
vn 0.8056 -0.5834 0.1032
vn 0.8421 -0.5345 0.0716
vn 0.8953 -0.4340 0.1001
vn 0.9036 -0.4147 0.1073
vn 0.9235 -0.3607 0.1305
vn 0.9225 -0.3625 0.1322
vn 0.9461 -0.2949 0.1341
vn 0.9573 -0.1150 0.2651
vn 0.9525 -0.1185 0.2804
vn 0.9454 -0.1670 0.2798
vn 0.9555 -0.1401 0.2596
vn 0.9332 -0.2498 0.2584
vn 0.9491 -0.2163 0.2289
vn 0.9019 -0.3682 0.2259
vn 0.9274 -0.3273 0.1814
vn 0.8627 -0.4732 0.1782
vn 0.8873 -0.4356 0.1511
vn 0.8230 -0.5483 0.1482
vn 0.8499 -0.5134 0.1182
vn 0.7736 -0.6230 0.1159
vn 0.8007 -0.5931 0.0843
vn 0.7154 -0.6938 0.0831
vn 0.7398 -0.6708 0.0524
vn 0.6503 -0.7579 0.0525
vn 0.6693 -0.7425 0.0262
vn 0.5814 -0.8132 0.0272
vn 0.5934 -0.8049 0.0087
vn 0.5100 0.2203 -0.8315
vn 0.8070 0.1630 -0.5676
vn 0.8805 0.1459 -0.4510
vn 0.9494 0.1289 -0.2864
vn 0.9832 0.1149 -0.1419
vn 0.9984 -0.0274 -0.0495
vn 0.8000 0.5389 -0.2638
vn 0.5836 0.4246 -0.6922
vn 0.6084 0.3883 -0.6922
vn 0.6121 0.3741 -0.6967
vn 0.6163 0.3522 -0.7044
vn 0.6202 0.3528 -0.7006
vn 0.6175 0.3597 -0.6995
vn 0.6067 0.3820 -0.6971
vn 0.6190 0.3553 -0.7004
vn 0.6212 0.3503 -0.7010
vn 0.6201 0.3483 -0.7030
vn 0.6103 0.3805 -0.6948
vn 0.6100 0.3822 -0.6941
vn 0.5377 0.5695 -0.6218
vn 0.5761 0.4903 -0.6540
vn 0.5750 0.4505 -0.6830
vn 0.5708 0.3960 -0.7193
vn 0.5295 0.4541 -0.7166
vn 0.5504 0.4188 -0.7223
vn 0.5272 0.6125 -0.5889
vn 0.6441 0.6126 -0.4581
vn 0.5959 0.6698 -0.4430
vn 0.6688 0.6307 -0.3936
vn 0.6750 0.6338 -0.3777
vn 0.7031 0.6337 -0.3226
vn 0.7467 0.5605 -0.3583
vn 0.7251 0.5999 -0.3381
vn 0.7195 0.6099 -0.3322
vn 0.7112 0.6245 -0.3228
vn 0.7298 0.5765 -0.3674
vn 0.6582 0.6486 -0.3822
vn 0.6471 0.6615 -0.3790
vn 0.8126 0.5185 -0.2661
vn 0.7542 0.5736 -0.3198
vn 0.7150 0.6187 -0.3255
vn 0.8255 0.5017 -0.2587
vn 0.8704 0.4445 -0.2118
vn 0.8635 0.4603 -0.2061
vn 0.9121 0.3619 -0.1925
vn 0.9051 0.3971 -0.1523
vn 0.9511 0.2713 -0.1480
vn 0.9479 0.3009 -0.1048
vn 0.9987 -0.0361 -0.0369
vn 0.9988 -0.0405 -0.0256
vn 0.9997 -0.0237 -0.0053
vn 0.9998 0.0171 0.0081
vn 0.9997 -0.0242 -0.0080
vn 0.9963 -0.0439 0.0737
vn 0.9973 -0.0290 0.0670
vn 0.9960 -0.0518 0.0726
vn 0.9880 0.0245 0.1526
vn 0.9884 0.0222 0.1504
vn 0.9900 0.0124 0.1403
vn 0.9921 0.0032 0.1254
vn 0.9933 0.0010 0.1160
vn 0.9942 -0.0004 0.1079
vn 0.9943 0.0211 0.1047
vn 0.9940 0.0181 0.1083
vn 0.9936 0.0148 0.1117
vn 0.9932 0.0102 0.1158
vn 0.9919 -0.0049 0.1266
vn 0.9934 -0.0079 0.1143
vn 0.9923 -0.0057 0.1241
vn 0.9933 -0.0071 0.1152
vn 0.9911 0.0044 0.1329
vn 0.9904 0.0060 0.1380
vn 0.9944 0.1057 0.0090
vn 0.9944 0.0630 0.0843
vn 0.9959 0.0368 0.0825
vn 0.9959 0.0369 0.0822
vn 0.9946 0.0239 0.1009
vn 0.9838 0.1786 -0.0132
vn 0.9852 0.1696 -0.0259
vn 0.9857 0.1652 -0.0329
vn 0.9861 0.1619 -0.0388
vn 0.9862 0.1603 -0.0423
vn 0.9862 0.1604 -0.0419
vn 0.9808 0.1063 -0.1634
vn 0.9874 0.1100 -0.1139
vn 0.9930 0.1054 -0.0538
vn 0.9913 0.1156 -0.0623
vn 0.9857 0.1665 -0.0270
vn 0.9889 0.1484 0.0015
vn 0.7678 0.0862 -0.6348
vn 0.6084 0.3869 -0.6929
vn 0.6084 0.3872 -0.6928
vn 0.5917 0.3442 -0.7290
vn 0.6551 0.3381 -0.6757
vn 0.5843 0.2751 -0.7635
vn 0.6794 0.2022 -0.7054
vn 0.7754 0.2091 -0.5958
vn 0.7515 0.2839 -0.5955
vn 0.8095 0.2135 -0.5468
vn 0.7592 0.3591 -0.5428
vn 0.8239 0.2817 -0.4918
vn 0.7346 0.3544 -0.5786
vn 0.6425 0.4387 -0.6283
vn 0.7158 0.2759 -0.6414
vn 0.6320 0.3544 -0.6892
vn 0.6852 0.2204 -0.6942
vn 0.6083 0.2496 -0.7535
vn 0.8553 0.3670 -0.3657
vn 0.7875 0.4518 -0.4192
vn 0.7788 0.4508 -0.4361
vn 0.6848 0.5397 -0.4896
vn 0.6808 0.5390 -0.4959
vn 0.5623 0.6229 -0.5438
vn 0.5610 0.6226 -0.5456
vn 0.4990 0.6439 -0.5800
vn 0.8476 0.4414 -0.2945
vn 0.9035 0.3547 -0.2404
vn 0.8848 0.4019 -0.2359
vn 0.9300 0.3183 -0.1837
vn 0.9194 0.3493 -0.1811
vn 0.9531 0.2718 -0.1329
vn 0.9483 0.2890 -0.1316
vn 0.7691 0.5320 -0.3543
vn 0.8468 0.4414 -0.2969
vn 0.8213 0.4907 -0.2909
vn 0.8853 0.4019 -0.2339
vn 0.8712 0.4332 -0.2308
vn 0.9203 0.3491 -0.1766
vn 0.9145 0.3646 -0.1754
vn 0.9490 0.2887 -0.1264
vn 0.9487 0.2899 -0.1263
vn 0.9924 0.1199 -0.0276
vn 0.9967 0.0748 -0.0307
vn 0.9961 0.0847 -0.0226
vn 0.9974 0.0681 -0.0237
vn 0.9968 0.0689 -0.0405
vn 0.9988 0.0232 -0.0427
vn 0.9975 0.0244 -0.0659
vn 0.9988 0.0369 -0.0326
vn 0.6725 0.6182 -0.4069
vn 0.7707 0.5321 -0.3505
vn 0.7407 0.5777 -0.3430
vn 0.8236 0.4907 -0.2844
vn 0.8076 0.5185 -0.2810
vn 0.8734 0.4330 -0.2228
vn 0.8678 0.4447 -0.2218
vn 0.9162 0.3643 -0.1672
vn 0.9175 0.3609 -0.1674
vn 0.9497 0.2896 -0.1194
vn 0.9554 0.2698 -0.1204
vn 0.9861 0.1617 -0.0377
vn 0.9859 0.1655 -0.0245
vn 0.9858 0.1669 -0.0186
vn 0.9803 0.1864 -0.0655
vn 0.9807 0.1943 -0.0229
vn 0.9870 0.1598 0.0185
vn 0.9881 0.1540 -0.0041
vn 0.9916 0.0870 0.0960
vn 0.9949 0.0902 0.0453
vn 0.9984 0.0393 0.0417
vn 0.9948 0.0634 0.0803
vn 0.9971 0.0009 0.0757
vn 0.9958 0.0122 0.0911
vn 0.9957 -0.0044 0.0930
vn 0.9957 -0.0208 0.0901
vn 0.9992 0.0322 0.0254
vn 0.9926 0.1196 -0.0196
vn 0.9948 0.1014 0.0031
vn 0.9973 0.0734 0.0010
vn 0.9992 0.0305 0.0277
vn 0.9994 0.0321 -0.0133
vn 0.9998 0.0093 -0.0148
vn 0.9994 0.0101 -0.0342
vn 0.9987 -0.0365 -0.0367
vn 0.9983 -0.0565 0.0112
vn 0.9149 0.1210 -0.3851
vn 0.9388 -0.0777 -0.3355
vn 0.9165 0.1707 -0.3618
vn 0.9438 0.1204 -0.3079
vn 0.9173 0.2478 -0.3116
vn 0.9870 0.1503 -0.0562
vn 0.9727 0.2264 -0.0512
vn 0.9707 0.2023 -0.1297
vn 0.9629 0.2373 -0.1281
vn 0.9520 0.1975 -0.2337
vn 0.9332 0.2743 -0.2323
vn 0.9403 0.2957 -0.1683
vn 0.9576 0.2311 -0.1720
vn 0.9624 0.2588 -0.0822
vn 0.9876 0.1280 -0.0909
vn 0.9789 0.2016 -0.0325
vn 0.9863 0.1613 -0.0354
vn 0.9855 0.1622 -0.0504
vn 0.9843 0.1691 -0.0499
vn 0.9841 0.1693 -0.0537
vn 0.9852 0.1625 -0.0541
vn 0.9852 0.1625 -0.0539
vn 0.9891 0.1362 -0.0555
vn 0.9891 0.1362 -0.0559
vn 0.9938 0.0952 -0.0577
vn 0.9921 0.0964 -0.0800
vn 0.9926 0.1146 -0.0410
vn 0.8923 0.3313 -0.3067
vn 0.8587 0.3673 -0.3575
vn 0.8696 0.3384 -0.3595
vn 0.8384 0.3346 -0.4302
vn 0.7703 0.4166 -0.4827
vn 0.7548 0.4141 -0.5087
vn 0.6593 0.5015 -0.5602
vn 0.6494 0.4995 -0.5734
vn 0.5272 0.5836 -0.6176
vn 0.4936 0.5743 -0.6531
vn 0.5272 0.5628 -0.6367
vn 0.8361 0.1702 -0.5215
vn 0.8800 0.0639 -0.4706
vn 0.8491 0.2220 -0.4793
vn 0.8856 0.1634 -0.4347
vn 0.8532 0.2868 -0.4356
vn 0.8822 0.2422 -0.4037
vn 0.8749 0.3747 -0.3068
vn 0.9032 0.2954 -0.3114
vn 0.9204 0.3312 -0.2076
vn 0.9411 0.2634 -0.2122
vn 0.9491 0.2947 -0.1112
vn 0.9714 0.2060 -0.1177
vn 0.9623 0.1330 -0.2373
vn 0.9802 0.0977 -0.1724
vn 0.9637 0.1997 -0.1772
vn 0.9791 0.1640 -0.1206
vn 0.9639 0.2372 -0.1206
vn 0.9789 0.1950 -0.0613
vn 0.9780 0.1997 -0.0611
vn 0.9881 0.1539 -0.0026
vn 0.9891 0.1474 -0.0030
vn 0.9935 0.1122 0.0185
vn 0.9935 0.1136 -0.0065
vn 0.9976 0.0684 -0.0098
vn 0.9942 0.0994 0.0400
vn 0.9993 0.0151 0.0337
vn 0.9978 0.0308 0.0589
vn 0.9981 -0.0291 0.0547
vn 0.9992 -0.0332 0.0208
vn 0.9992 -0.0187 0.0365
vn 0.9995 -0.0246 0.0184
vn 0.9769 0.2020 -0.0693
vn 0.9776 0.1794 -0.1097
vn 0.9805 0.1780 -0.0834
vn 0.9738 0.2120 -0.0819
vn 0.9735 0.2122 -0.0857
vn 0.9705 0.2255 -0.0849
vn 0.9701 0.2257 -0.0888
vn 0.9712 0.2208 -0.0892
vn 0.9716 0.2206 -0.0861
vn 0.9596 0.2692 -0.0823
vn 0.9712 0.1856 -0.1495
vn 0.9382 0.3165 -0.1399
vn 0.9394 0.2973 -0.1707
vn 0.9020 0.3548 -0.2459
vn 0.8953 0.3724 -0.2444
vn 0.8776 0.3726 -0.3017
vn 0.8139 0.4592 -0.3560
vn 0.8101 0.4590 -0.3648
vn 0.7222 0.5491 -0.4206
vn 0.7219 0.5491 -0.4212
vn 0.6117 0.6337 -0.4736
vn 0.5790 0.6259 -0.5225
vn 0.5483 0.6619 -0.5112
vn -0.0000 0.9902 -0.1397
vn 0.0185 0.9658 -0.2588
vn -0.0071 0.8980 -0.4400
vn 0.0077 0.7609 -0.6488
vn -0.0000 0.7933 -0.6088
vn -0.0000 0.6088 -0.7933
vn -0.0038 0.5886 -0.8084
vn 0.0068 0.2588 -0.9659
vn -0.0000 0.2347 -0.9721
vn 0.0024 -0.6420 -0.7667
vn -0.0015 -0.4619 -0.8869
vn 0.0066 -0.2588 -0.9659
vn 0.0074 -0.2697 -0.9629
vn -0.0000 -0.0963 -0.9954
vn -0.0000 -0.6106 -0.7919
vn -0.0000 -0.7948 -0.6069
vn -0.0012 -0.8070 -0.5905
vn 0.0022 -0.9659 -0.2588
vn -0.0000 -0.9710 -0.2389
vn 0.6953 0.7186 0.0110
vn 0.4879 0.6318 0.6023
vn 0.4923 0.6783 0.5455
vn 0.1362 0.9688 0.2069
vn 0.2312 0.9152 0.3301
vn 0.2414 0.9163 0.3197
vn 0.0704 0.9911 0.1129
vn 0.0761 0.9905 0.1148
vn 0.0803 0.9910 0.1076
vn 0.0825 0.9906 0.1092
vn 0.0892 0.9906 0.1036
vn 0.1155 0.9868 0.1137
vn 0.1263 0.9915 0.0300
vn 0.1605 0.9867 0.0245
vn 0.0872 0.9936 -0.0718
vn 0.2973 0.9546 0.0204
vn 0.6951 0.7184 0.0271
vn 0.6576 0.6994 0.2800
vn 0.6994 0.6733 0.2400
vn 0.6898 0.6874 0.2272
vn 0.7098 0.6849 0.1643
vn 0.7174 0.6753 0.1714
vn 0.7131 0.6951 0.0912
vn 0.7492 0.6523 0.1147
vn 0.6291 0.6752 0.3852
vn 0.5884 0.7068 0.3927
vn 0.5844 0.6936 0.4212
vn 0.5535 0.7055 0.4426
vn 0.5539 0.7041 0.4444
vn 0.5236 0.6924 0.4965
vn 0.5223 0.6963 0.4923
vn 0.7006 0.7132 0.0229
vn 0.4263 0.9039 0.0354
vn 0.4231 0.9038 0.0646
vn 0.4227 0.9040 0.0647
vn 0.4160 0.9040 0.0989
vn 0.4152 0.9043 0.0991
vn 0.4056 0.9043 0.1329
vn 0.4044 0.9048 0.1331
vn 0.3920 0.9049 0.1661
vn 0.3905 0.9055 0.1662
vn 0.3736 0.9054 0.2016
vn 0.1518 0.9879 0.0316
vn 0.1453 0.9885 0.0416
vn 0.1437 0.9885 0.0471
vn 0.1272 0.9908 0.0463
vn 0.1386 0.9886 0.0588
vn 0.1184 0.9910 0.0626
vn 0.1212 0.9905 0.0652
vn 0.1177 0.9894 0.0855
vn 0.0960 0.9933 0.0637
vn 0.1191 0.9876 0.1020
vn 0.1079 0.9904 0.0860
vn 0.0965 0.9904 0.0991
vn 0.2914 0.9084 0.3000
vn 0.2582 0.9089 0.3275
vn 0.3956 0.7513 0.5283
vn 0.4746 0.6877 0.5493
vn 0.4723 0.7055 0.5284
vn 0.2416 0.9322 0.2695
vn 0.3048 0.9078 0.2880
vn 0.3276 0.9078 0.2619
vn 0.3293 0.9071 0.2622
vn 0.3501 0.9071 0.2336
vn 0.3520 0.9063 0.2338
vn 0.3724 0.9063 0.2001
vn 0.6208 0.7087 0.3352
vn 0.6724 0.6689 0.3171
vn 0.5059 0.2311 0.8311
vn 0.4816 0.3835 0.7880
vn 0.4622 0.4397 0.7701
vn 0.3952 0.6648 0.6339
vn 0.3702 0.7068 0.6029
vn 0.2429 0.8862 0.3946
vn 0.2843 0.8511 0.4414
vn 0.0598 0.9911 0.1192
vn 0.1120 0.9775 0.1788
vn 0.5341 0.3835 0.7534
vn 0.5346 0.3796 0.7550
vn 0.4321 0.6647 0.6095
vn 0.4329 0.6625 0.6113
vn 0.2680 0.8861 0.3780
vn 0.2687 0.8854 0.3794
vn 0.0878 0.9884 0.1238
vn 0.0860 0.9890 0.1204
vn 1.0000 0.0001 -0.0000
vn 1.0000 -0.0000 -0.0001
vn 1.0000 -0.0000 0.0001
vn 1.0000 -0.0000 -0.0000
vn -0.0000 0.2441 0.9697
vn 0.0057 0.2658 0.9640
vn -0.0030 0.2876 0.9577
vn -0.0000 0.3094 0.9509
vn -0.0000 0.3396 0.9406
vn 0.0007 0.3413 0.9400
vn -0.0006 0.3822 0.9241
vn -0.0019 0.3785 0.9256
vn -0.0000 0.3964 0.9181
vn -0.0000 -1.0000 0.0012
vn -0.0000 -0.9659 0.2588
vn 0.0027 -0.9998 0.0181
vn 0.0002 -0.7934 0.6087
vn -0.0002 -0.8760 0.4822
vn 0.0009 -0.9819 0.1893
vn -0.0005 -0.6088 0.7934
vn -0.0000 -0.5622 0.8270
vn -0.0000 -0.7536 0.6573
vn 0.0001 -0.4245 0.9054
vn -0.0002 -0.1758 0.9844
vn -0.0000 -0.1996 0.9799
vn 0.1951 -0.0000 -0.9808
vn 0.4423 -0.0000 -0.8969
vn 0.6087 -0.0000 -0.7934
vn 0.7934 -0.0000 -0.6088
vn 0.7934 -0.0000 -0.6087
vn 0.8969 -0.0000 -0.4423
vn 0.9808 -0.0000 -0.1951
vn 0.1887 -0.9486 -0.2542
vn 0.0514 -0.2585 -0.9646
vn 0.1464 -0.2191 -0.9646
vn 0.4406 -0.0877 -0.8934
vn 0.1907 -0.2109 -0.9587
vn 0.2191 -0.1464 -0.9646
vn 0.7002 -0.1393 -0.7002
vn 0.5936 -0.3966 -0.7002
vn 0.3966 -0.5936 -0.7002
vn 0.1393 -0.7002 -0.7002
vn 0.5790 -0.3091 -0.7545
vn 0.7837 -0.1559 -0.6013
vn 0.8829 -0.1756 -0.4354
vn 0.5373 -0.8042 -0.2542
vn 0.8042 -0.5373 -0.2542
vn 0.9316 -0.2570 -0.2570
vn 0.9626 -0.1915 -0.1915
vn 0.1951 -0.9808 -0.0000
vn 0.8315 -0.5556 -0.0000
vn 0.9808 -0.1951 -0.0000
vn -0.0000 0.1048 0.9945
vn 0.0004 0.1758 0.9844
vn -0.0001 0.5391 0.8422
vn 0.0015 0.6523 0.7580
vn 0.0006 0.5431 0.8397
vn 0.0001 0.4486 0.8937
vn -0.0001 0.3004 0.9538
vn -0.0000 0.9844 0.1758
vn 0.0004 0.9902 0.1397
vn -0.0002 0.9170 0.3990
vn 0.0006 0.8422 0.5391
vn 0.0006 0.8386 0.5447
vn 0.0001 0.7745 0.6326
vn 0.0350 0.9838 0.1757
vn 0.1104 0.9800 0.1653
vn 0.3128 0.8264 0.4681
vn 0.4647 0.5481 0.6954
vn 0.5453 0.1915 0.8161
vn 0.0459 0.9803 0.1921
vn 0.0984 0.8381 0.5365
vn 0.1098 0.8264 0.5522
vn 0.1652 0.5317 0.8306
vn 0.1562 0.5474 0.8221
vn 0.1986 0.1723 0.9648
vn 0.1915 0.1915 0.9626
vn 0.6935 0.1951 0.6935
vn 0.5879 0.5556 0.5880
vn 0.5879 0.5556 0.5879
vn 0.3929 0.8315 0.3929
vn 0.3928 0.8315 0.3928
vn 0.1380 0.9808 0.1380
vn 0.1896 0.9803 0.0561
vn 0.2556 0.9659 0.0418
vn 0.5296 0.8293 0.1781
vn 0.5888 0.7893 0.1742
vn 0.7647 0.6034 0.2262
vn 0.7946 0.5515 0.2537
vn 0.8623 0.4374 0.2551
vn 0.9410 0.1925 0.2783
vn 0.1609 0.9803 0.1148
vn 0.1610 0.9803 0.1148
vn 0.4567 0.8279 0.3256
vn 0.6799 0.5502 0.4848
vn 0.6798 0.5503 0.4848
vn 0.7990 0.1925 0.5697
vn 0.9589 -0.0000 0.2836
vn 0.8142 -0.0000 0.5806
vn 1.0000 -0.0000 0.0035
vn 0.9129 0.0006 0.4082
vn 0.9389 -0.0049 0.3442
vn 0.9975 -0.0000 0.0707
vn 0.9988 -0.0164 0.0461
vn 0.9862 0.0114 0.1652
vn 0.9900 -0.0000 0.1409
vn 0.9723 -0.0000 0.2339
vn 0.9760 -0.0072 0.2176
vn 0.9473 0.0097 0.3203
vn 0.7013 0.0098 0.7128
vn 0.7193 -0.0049 0.6947
vn 0.7651 0.0006 0.6439
vn 0.7706 -0.0000 0.6374
vn 0.8129 -0.0000 0.5824
vn 0.8783 -0.0000 0.4780
vn 0.9094 -0.0000 0.4160
vn 0.4796 -0.0000 0.8775
vn 0.5019 -0.0105 0.8649
vn 0.5821 0.0126 0.8130
vn 0.5791 0.0145 0.8151
vn 0.6342 -0.0047 0.7731
vn -0.0000 -0.0895 -0.9960
vn 0.0041 -0.1758 -0.9844
vn -0.0001 -0.2645 -0.9644
vn 0.0001 -0.4829 -0.8757
vn 0.0052 -0.5391 -0.8422
vn -0.0001 -0.6604 -0.7509
vn 0.0003 -0.8422 -0.5392
vn 0.0055 -0.8160 -0.5781
vn -0.0058 -0.9844 -0.1758
vn -0.0000 -0.9743 -0.2254
vn 0.4630 -0.2622 -0.8467
vn 0.3616 -0.6559 -0.6625
vn 0.2792 -0.8127 -0.5115
vn 0.4698 -0.0892 -0.8782
vn 0.4724 -0.1767 -0.8635
vn 0.5733 -0.1763 -0.8001
vn 0.6905 -0.1763 -0.7015
vn 0.7553 -0.1768 -0.6310
vn 0.8013 0.0749 -0.5935
vn 0.8022 -0.1765 -0.5704
vn 0.8662 -0.1765 -0.4674
vn 0.8861 0.0111 -0.4633
vn 0.8999 -0.1768 -0.3986
vn 0.9325 -0.1763 -0.3152
vn 0.9614 -0.1767 -0.2108
vn 0.9746 0.1488 -0.1675
vn 0.9749 -0.1767 -0.1353
vn 0.9832 -0.1766 -0.0454
vn 0.8397 -0.5416 -0.0387
vn 0.5339 -0.8452 -0.0246
vn 0.1723 -0.9850 -0.0079
vn 0.1722 -0.9850 -0.0079
vn 0.1702 -0.9850 -0.0293
vn 0.1637 -0.9850 -0.0553
vn 0.1636 -0.9850 -0.0553
vn 0.1531 -0.9850 -0.0800
vn 0.1388 -0.9850 -0.1028
vn 0.1212 -0.9850 -0.1231
vn 0.1006 -0.9850 -0.1404
vn 0.0823 -0.9850 -0.1515
vn 0.5275 -0.8447 -0.0906
vn 0.5070 -0.8447 -0.1714
vn 0.4743 -0.8447 -0.2480
vn 0.4301 -0.8447 -0.3186
vn 0.3754 -0.8447 -0.3814
vn 0.3755 -0.8447 -0.3814
vn 0.3117 -0.8447 -0.4351
vn 0.2515 -0.8451 -0.4718
vn 0.1143 -0.9733 -0.1991
vn 0.8290 -0.5408 -0.1424
vn 0.8290 -0.5409 -0.1424
vn 0.7968 -0.5408 -0.2693
vn 0.7454 -0.5408 -0.3897
vn 0.6759 -0.5409 -0.5006
vn 0.6759 -0.5408 -0.5006
vn 0.5900 -0.5408 -0.5994
vn 0.5901 -0.5408 -0.5994
vn 0.4899 -0.5408 -0.6837
vn 0.4033 -0.5416 -0.7376
vn 0.4130 -0.4796 -0.7742
vn -0.9560 0.1195 -0.2678
vn -0.9259 0.3570 -0.1234
vn -0.9175 0.1273 -0.3768
vn -0.5271 0.8497 -0.0138
vn -0.7224 0.3258 -0.6100
vn -0.7893 0.2244 -0.5715
vn -0.7850 0.2266 -0.5766
vn -0.7835 0.2540 -0.5672
vn -0.7885 0.4959 -0.3639
vn -0.7631 0.4272 -0.4850
vn -0.7919 0.3633 -0.4908
vn -0.7173 0.4347 -0.5445
vn -0.7550 0.3578 -0.5495
vn -0.7479 0.3724 -0.5496
vn -0.7282 0.3560 -0.5857
vn -0.7350 0.3369 -0.5885
vn -0.7432 0.6492 -0.1619
vn -0.7498 0.6224 -0.2246
vn -0.7776 0.5703 -0.2648
vn -0.7787 0.5688 -0.2647
vn -0.7805 0.5298 -0.3318
vn -0.7991 0.4786 -0.3638
vn -0.5940 0.8042 -0.0209
vn -0.5941 0.8042 -0.0200
vn -0.6388 0.7658 -0.0743
vn -0.6796 0.7300 -0.0731
vn -0.6795 0.7300 -0.0729
vn -0.7045 0.6900 -0.1662
vn -0.4940 0.8694 0.0053
vn -0.4982 0.8670 -0.0074
vn -0.8801 0.3486 -0.3224
vn -0.8852 0.3641 -0.2897
vn -0.8606 0.4198 -0.2884
vn -0.8656 0.4362 -0.2461
vn -0.8170 0.5225 -0.2441
vn -0.7926 0.3486 -0.5003
vn -0.8079 0.3659 -0.4619
vn -0.7923 0.4002 -0.4606
vn -0.8126 0.4203 -0.4037
vn -0.7749 0.4879 -0.4018
vn -0.7873 0.4475 -0.4241
vn -0.8442 0.3464 -0.4091
vn -0.8540 0.3630 -0.3727
vn -0.8332 0.4097 -0.3714
vn -0.8447 0.4282 -0.3211
vn -0.8145 0.4839 -0.3199
vn -0.8304 0.5094 -0.2255
vn -0.7979 0.5592 -0.2251
vn -0.7843 0.5993 -0.1603
vn -0.7437 0.6489 -0.1605
vn -0.7288 0.6779 -0.0962
vn -0.6718 0.7343 -0.0973
vn -0.6588 0.7511 -0.0436
vn -0.5876 0.8078 -0.0453
vn -0.5794 0.8150 -0.0104
vn -0.5279 0.8493 -0.0114
vn -0.5123 0.8588 0.0077
vn -0.8091 0.2450 -0.5342
vn -0.8367 0.1977 -0.5107
vn -0.7602 0.2528 -0.5986
vn -0.7900 0.2586 -0.5559
vn -0.8893 0.1163 -0.4423
vn -0.8434 0.1577 -0.5137
vn -0.8534 0.1617 -0.4955
vn -0.8227 0.1770 -0.5402
vn -0.7261 0.3147 -0.6113
vn -0.7510 0.2877 -0.5943
vn -0.8150 0.2464 -0.5244
vn -0.8266 0.1940 -0.5283
vn -0.8814 0.1534 -0.4467
vn -0.8866 0.1134 -0.4484
vn -0.9169 0.0980 -0.3869
vn -0.9595 0.2351 -0.1554
vn -0.9485 0.2764 -0.1547
vn -0.9635 0.2175 -0.1560
vn -0.9696 0.1701 -0.1757
vn -0.9674 0.1777 -0.1803
vn -0.9749 0.1300 -0.1807
vn -0.9735 0.1110 -0.1999
vn -0.9759 0.0823 -0.2022
vn -0.9399 0.1114 -0.3227
vn -0.9520 0.1276 -0.2783
vn -0.9479 0.1558 -0.2780
vn -0.9591 0.1756 -0.2222
vn -0.9348 0.2784 -0.2206
vn -0.9507 0.2713 -0.1504
vn -0.9327 0.3386 -0.1241
vn -0.7221 0.6914 -0.0237
vn -0.7857 0.6152 -0.0650
vn -0.8164 0.5765 -0.0339
vn -0.8419 0.5330 -0.0844
vn -0.8565 0.5091 -0.0849
vn -0.8894 0.4489 -0.0861
vn -0.8614 0.4927 -0.1239
vn -0.7232 0.6902 -0.0266
vn -0.6745 0.7378 -0.0275
vn -0.6462 0.7626 -0.0292
vn -0.6472 0.7617 -0.0313
vn -0.5716 0.8205 0.0060
vn -0.5746 0.8184 -0.0031
vn -0.5267 0.8501 -0.0041
vn -0.8703 0.2059 -0.4474
vn -0.9091 0.1799 -0.3756
vn -0.9138 0.1830 -0.3627
vn -0.9443 0.1620 -0.2863
vn -0.9182 0.2758 -0.2844
vn -0.9481 0.2586 -0.1848
vn -0.9076 0.3779 -0.1829
vn -0.9198 0.3725 -0.1231
vn -0.9041 0.4188 -0.0855
vn -0.8693 0.2055 -0.4496
vn -0.8791 0.1521 -0.4517
vn -0.9152 0.1254 -0.3830
vn -0.9182 0.0989 -0.3837
vn -0.9435 0.0723 -0.3233
vn -0.9392 0.0833 -0.3331
vn -0.9604 0.0754 -0.2684
vn -0.9565 0.0839 -0.2794
vn -0.9746 0.0684 -0.2135
vn -0.5017 0.8650 0.0096
vn -0.5102 0.8600 -0.0069
vn -0.5706 0.8212 -0.0057
vn -0.5769 0.8164 -0.0248
vn -0.6469 0.7623 -0.0231
vn -0.6571 0.7521 -0.0518
vn -0.7189 0.6933 -0.0507
vn -0.7316 0.6764 -0.0852
vn -0.7827 0.6166 -0.0850
vn -0.7959 0.5932 -0.1211
vn -0.8355 0.5358 -0.1217
vn -0.8473 0.5076 -0.1561
vn -0.8765 0.4551 -0.1571
vn -0.8858 0.4244 -0.1879
vn -0.9044 0.3826 -0.1888
vn -0.9022 0.3545 -0.2458
vn -0.9356 0.2521 -0.2472
vn -0.9064 0.2712 -0.3239
vn -0.8942 0.2652 -0.3607
vn -0.8671 0.2815 -0.4109
vn -0.8517 0.2776 -0.4445
vn -0.8101 0.3020 -0.5025
vn -0.7930 0.3000 -0.5303
vn -0.7369 0.3320 -0.5888
vn -0.7243 0.3319 -0.6043
vn -0.0193 0.8659 -0.4999
vn 0.1947 0.9617 -0.1928
vn -0.0230 0.9943 -0.1045
vn 0.0115 0.9079 -0.4190
vn 0.2512 0.7941 -0.5534
vn 0.2189 0.2029 -0.9544
vn -0.0025 0.3098 -0.9508
vn 0.0049 0.5878 -0.8090
vn 0.3442 0.4835 -0.8048
vn 0.0098 0.6618 -0.7496
vn 0.1670 -0.2050 -0.9644
vn 0.0143 -0.1190 -0.9928
vn 0.0004 -0.0103 -0.9999
vn -0.0000 -0.0035 -1.0000
vn -0.0000 0.1042 -0.9946
vn 0.1128 -0.5840 -0.8039
vn -0.0045 -0.4923 -0.8704
vn 0.0045 -0.3122 -0.9500
vn 0.0790 -0.8633 -0.4984
vn -0.0036 -0.8045 -0.5940
vn 0.0039 -0.6633 -0.7483
vn -0.0000 -0.9964 0.0843
vn 0.0041 -0.9989 0.0457
vn 0.0208 -0.9992 -0.0347
vn 0.0613 -0.9927 -0.1043
vn -0.0006 -0.9781 -0.2079
vn 0.0007 -0.9120 -0.4101
vn -0.0000 -0.9820 0.1889
vn 0.0509 -0.9498 0.3086
vn 0.0104 -0.9278 0.3729
vn 0.0466 -0.7423 0.6684
vn -0.0000 -0.8180 0.5752
vn -0.0000 -0.8752 0.4838
vn 0.0453 -0.4063 0.9126
vn -0.0050 -0.5185 0.8550
vn 0.0062 -0.6892 0.7246
vn -0.0000 0.2504 0.9681
vn -0.0000 0.1432 0.9897
vn 0.0408 -0.0000 0.9992
vn 0.0620 0.0344 0.9975
vn 0.0410 -0.0130 0.9991
vn 0.0450 -0.0037 0.9990
vn -0.0025 -0.1155 0.9933
vn 0.0028 -0.3233 0.9463
vn 0.0276 0.3829 0.9234
vn 0.0454 0.4063 0.9126
vn -0.0000 0.5334 0.8459
vn -0.0000 0.8838 0.4679
vn -0.0000 0.8336 0.5523
vn 0.0525 0.7421 0.6682
vn 0.0293 0.7243 0.6889
vn -0.0000 0.6191 0.7853
vn 0.0356 0.9985 -0.0420
vn -0.0000 0.9979 0.0653
vn -0.0000 0.9511 0.3090
vn 0.1760 0.9635 0.2017
vn 0.0313 0.9375 0.3467
vn -0.5022 -0.1469 -0.8522
vn -0.1482 -0.0433 -0.9880
vn -0.3233 -0.0584 -0.9445
vn -0.6416 -0.1239 -0.7569
vn -0.6354 -0.1244 -0.7621
vn -0.8331 -0.1593 -0.5297
vn -0.8637 -0.1577 -0.4787
vn -0.8853 -0.1673 -0.4339
vn -0.9119 -0.1780 -0.3698
vn -0.3153 -0.0923 -0.9445
vn -0.3538 -0.1069 -0.9292
vn -0.1897 -0.0556 -0.9803
vn -0.6420 -0.1901 -0.7428
vn -0.6216 -0.1819 -0.7619
vn -0.8427 -0.2466 -0.4786
vn -0.8427 -0.2466 -0.4785
vn -0.9134 -0.2674 -0.3069
vn -0.9594 -0.2812 -0.0196
vn -0.9439 -0.2928 -0.1529
vn -0.0719 -0.0167 -0.9973
vn -0.0709 -0.0208 -0.9973
vn -0.0709 -0.0207 -0.9973
vn -0.2404 -0.0446 -0.9697
vn -0.0653 -0.0482 -0.9967
vn -0.3199 -0.0744 -0.9445
vn -0.6307 -0.1467 -0.7621
vn -0.8551 -0.1990 -0.4787
vn -0.9638 -0.2242 -0.1444
vn -0.9511 -0.2586 -0.1688
vn 0.0849 0.9891 -0.1202
vn 0.6949 0.7182 -0.0349
vn 0.2973 0.9547 -0.0124
vn 0.2952 0.9554 -0.0109
vn 0.2539 0.9641 -0.0777
vn 0.2585 0.9642 -0.0589
vn 0.2783 0.9592 -0.0494
vn 0.2729 0.9610 -0.0440
vn 0.2747 0.9611 -0.0290
vn 0.2211 0.9562 -0.1916
vn 0.4647 0.6798 -0.5673
vn 0.4819 0.6463 -0.5916
vn 0.4654 0.7622 -0.4500
vn 0.3525 0.8350 -0.4224
vn 0.2844 0.8840 -0.3709
vn 0.4079 0.7915 -0.4552
vn 0.4128 0.7958 -0.4431
vn 0.4462 0.7718 -0.4530
vn 0.4799 0.7831 -0.3955
vn 0.4995 0.7685 -0.3998
vn 0.6286 0.7477 -0.2141
vn 0.6154 0.7478 -0.2492
vn 0.5815 0.7687 -0.2664
vn 0.5926 0.7504 -0.2927
vn 0.5422 0.7688 -0.3391
vn 0.5321 0.7840 -0.3196
vn 0.5295 0.7681 -0.3601
vn 0.2538 0.9642 -0.0776
vn 0.6268 0.7542 -0.1960
vn 0.6115 0.7713 -0.1763
vn 0.6723 0.7388 -0.0459
vn 0.6754 0.7337 -0.0737
vn 0.6690 0.7333 -0.1216
vn 0.6436 0.7585 -0.1017
vn 0.6605 0.7344 -0.1563
vn 0.1393 0.9742 -0.1775
vn 0.1544 0.9741 -0.1652
vn 0.1573 0.9734 -0.1665
vn 0.1772 0.9734 -0.1453
vn 0.1814 0.9724 -0.1467
vn 0.1981 0.9724 -0.1232
vn 0.2027 0.9714 -0.1240
vn 0.2118 0.9714 -0.1070
vn 0.2262 0.9688 -0.1013
vn 0.2280 0.9681 -0.1040
vn 0.2329 0.9684 -0.0886
vn -0.0000 -0.9950 0.1001
vn 0.0043 -0.9808 0.1951
vn 0.0008 -0.9616 0.2745
vn -0.0010 -0.8819 0.4715
vn 0.0041 -0.8315 0.5556
vn -0.0001 -0.7594 0.6506
vn 0.0002 -0.5838 0.8119
vn 0.0026 -0.5556 0.8315
vn -0.0004 -0.3951 0.9186
vn 0.0018 -0.1951 0.9808
vn -0.0000 -0.1720 0.9851
vn -0.0000 0.0784 0.9969
vn 0.0082 0.1951 0.9808
vn 0.0019 0.2535 0.9673
vn -0.0020 0.4744 0.8803
vn 0.0082 0.5556 0.8314
vn -0.0002 0.6530 0.7574
vn 0.0004 0.8153 0.5791
vn 0.0047 0.8315 0.5556
vn -0.0007 0.9210 0.3897
vn 0.0037 0.9808 0.1951
vn -0.0000 0.9851 0.1721
vn 0.5157 0.5281 0.6746
vn 0.7102 -0.0222 0.7036
vn 0.7054 -0.0182 0.7086
vn 0.7099 0.0253 0.7039
vn 0.7042 0.0292 0.7094
vn 0.7060 0.0680 0.7049
vn 0.6934 0.0854 0.7155
vn 0.7017 0.1005 0.7053
vn 0.6930 0.1460 0.7060
vn 0.6870 0.1493 0.7112
vn 0.6862 0.1845 0.7036
vn 0.6659 0.2326 0.7089
vn 0.6560 0.3234 0.6820
vn 0.6424 0.2907 0.7091
vn 0.6894 0.2272 0.6878
vn 0.5323 0.4940 0.6875
vn 0.5320 0.5075 0.6778
vn 0.5471 0.4797 0.6860
vn 0.5682 0.4648 0.6790
vn 0.5673 0.4390 0.6967
vn 0.6005 0.4136 0.6843
vn 0.6005 0.4124 0.6851
vn 0.6087 0.3657 0.7041
vn 0.6122 0.3805 0.6932
vn 0.6281 0.3435 0.6982
vn 0.5033 0.5719 0.6478
vn 0.5018 0.5494 0.6681
vn 0.4739 0.5709 0.6704
vn 0.4798 0.5659 0.6704
vn 0.4846 0.5699 0.6636
vn 0.5035 0.5985 0.6231
vn 0.5044 0.5836 0.6363
vn 0.5099 0.5498 0.6616
vn 0.0925 0.7860 0.6113
vn 0.1597 0.7715 0.6158
vn 0.1589 0.7708 0.6169
vn 0.2302 0.7469 0.6238
vn 0.2277 0.7452 0.6267
vn 0.3002 0.7112 0.6357
vn 0.2972 0.7095 0.6389
vn 0.3690 0.6648 0.6495
vn 0.3670 0.6640 0.6515
vn 0.4348 0.6095 0.6630
vn 0.4343 0.6093 0.6634
vn 0.4668 0.5770 0.6702
vn 0.4704 0.5736 0.6706
vn 0.0081 0.7918 0.6108
vn -0.0044 0.7916 0.6110
vn 0.0012 0.7919 0.6107
vn 0.0010 0.7918 0.6107
vn 0.0040 0.7920 0.6105
vn 0.0087 0.7926 0.6096
vn 0.0303 0.7975 0.6026
vn 0.0354 0.7914 0.6102
vn 0.0920 0.7854 0.6121
vn 0.5355 0.6797 0.5012
vn 0.5433 0.7237 0.4255
vn 0.5386 0.7374 0.4077
vn 0.5706 0.7067 0.4184
vn 0.6186 0.7158 -0.3240
vn 0.6203 0.7292 -0.2890
vn 0.4505 0.6253 -0.6372
vn 0.5808 0.6846 -0.4404
vn 0.5766 0.6994 -0.4224
vn 0.6106 0.6988 -0.3727
vn 0.6158 0.6925 -0.3758
vn 0.6090 0.7223 -0.3277
vn 0.5114 0.6729 -0.5344
vn 0.1739 0.8410 -0.5123
vn 0.3209 0.7840 -0.5314
vn 0.5783 0.6873 -0.4395
vn 0.1289 0.6187 -0.7750
vn 0.2558 0.6391 -0.7254
vn 0.0539 0.6023 -0.7965
vn 0.4000 0.6916 -0.6014
vn 0.2169 0.6972 -0.6833
vn 0.4239 0.7298 -0.5363
vn 0.4096 0.7789 -0.4749
vn 0.0121 0.9150 -0.4033
vn 0.2847 0.8902 -0.3558
vn 0.5431 0.8362 0.0765
vn 0.4900 0.8713 0.0264
vn 0.5571 0.8109 0.1795
vn 0.5475 0.8212 0.1609
vn 0.5998 0.7980 -0.0578
vn 0.5444 0.8344 -0.0864
vn 0.5329 0.8431 -0.0724
vn 0.4940 0.8324 -0.2512
vn 0.4551 0.8421 -0.2893
vn 0.2729 0.6132 -0.7413
vn 0.4260 0.6529 -0.6263
vn 0.4804 0.6583 -0.5795
vn 0.5248 0.6526 -0.5466
vn 0.3850 0.5169 -0.7646
vn 0.1315 0.5150 -0.8471
vn 0.3840 0.5169 -0.7651
vn 0.3710 0.5626 -0.7388
vn 0.3862 0.5646 -0.7295
vn 0.3709 0.5989 -0.7098
vn 0.3947 0.6043 -0.6921
vn 0.3821 0.6262 -0.6796
vn 0.4093 0.6341 -0.6560
vn 0.4039 0.6425 -0.6512
vn 0.4278 0.6534 -0.6246
vn 0.1311 0.5149 -0.8471
vn 0.1267 0.5304 -0.8382
vn 0.1322 0.5319 -0.8364
vn 0.1270 0.5437 -0.8296
vn 0.1357 0.5471 -0.8260
vn 0.1314 0.5546 -0.8217
vn 0.1415 0.5594 -0.8167
vn 0.1380 0.5649 -0.8136
vn 0.0923 0.5443 -0.8338
vn 0.4972 0.5250 -0.6908
vn 0.4984 0.5219 -0.6922
vn 0.3935 0.6857 -0.6124
vn 0.3635 0.7326 -0.5755
vn 0.3691 0.5324 -0.7617
vn 0.3771 0.5261 -0.7622
vn 0.3875 0.4945 -0.7780
vn 0.1210 0.6029 -0.7886
vn 0.1707 0.5791 -0.7971
vn 0.0979 0.7618 -0.6404
vn -0.0181 0.8093 -0.5872
vn 0.1189 0.8867 -0.4468
vn 0.0244 0.9371 -0.3481
vn 0.1534 0.9601 -0.2340
vn -0.0641 0.9963 -0.0580
vn 0.4505 0.5253 -0.7218
vn 0.4073 0.5548 -0.7255
vn 0.3210 0.6485 -0.6902
vn 0.1560 0.7449 -0.6487
vn 0.2824 0.8098 -0.5142
vn 0.3283 0.7595 -0.5616
vn 0.2584 0.8785 -0.4018
vn 0.0589 0.9794 -0.1933
vn 0.4537 0.5251 -0.7200
vn 0.2330 0.7604 -0.6062
vn 0.2533 0.8017 -0.5414
vn 0.0786 0.7969 -0.5989
vn -0.5068 0.8618 -0.0182
vn 0.0728 0.8168 -0.5723
vn -0.1574 0.9240 -0.3485
vn -0.2064 0.8970 -0.3909
vn -0.1572 0.9246 -0.3471
vn -0.3291 0.8967 -0.2961
vn -0.3268 0.8923 -0.3114
vn -0.2102 0.9751 0.0702
vn -0.2017 0.9735 -0.1079
vn -0.1370 0.9906 0.0028
vn -0.6744 0.7307 -0.1058
vn -0.6735 0.7388 -0.0233
vn -0.4178 0.8991 -0.1308
vn -0.4268 0.8920 -0.1490
vn -0.1283 0.9638 -0.2336
vn -0.1622 0.9417 -0.2947
vn 0.0574 0.9877 -0.1457
vn 0.0769 0.9168 -0.3919
vn 0.2071 0.9175 -0.3397
vn -0.8247 0.5656 -0.0000
vn -0.7230 0.6908 -0.0000
vn -0.7740 0.6331 -0.0122
vn -0.6781 0.7349 0.0017
vn -0.5216 0.8532 -0.0021
vn -0.5069 0.8620 -0.0000
vn -0.3297 0.9441 -0.0000
vn -0.2106 0.9775 0.0122
vn -0.1235 0.9923 -0.0000
vn -0.9845 -0.1756 -0.0000
vn -0.9920 -0.1257 0.0131
vn -0.9994 0.0357 -0.0015
vn -0.9956 0.0935 -0.0000
vn -0.9756 0.2195 -0.0003
vn -0.9466 0.3220 0.0183
vn -0.9007 0.4345 0.0006
vn -0.8274 0.5616 -0.0001
vn 0.1935 0.7784 -0.5972
vn 0.9794 0.1948 -0.0522
vn 0.9654 0.2587 -0.0324
vn 0.8249 0.5399 -0.1673
vn 0.7830 0.6008 -0.1610
vn 0.5955 0.7760 -0.2079
vn 0.5443 0.8056 -0.2338
vn 0.4300 0.8721 -0.2336
vn 0.1887 0.9486 -0.2542
vn 0.1935 0.5972 -0.7784
vn 0.3472 0.6631 -0.6631
vn 0.5423 0.5941 -0.5941
vn 0.8224 0.4023 -0.4023
vn 0.8224 0.4023 -0.4022
vn 0.9795 0.1426 -0.1426
vn 0.9794 0.1426 -0.1426
vn 0.9794 0.0522 -0.1948
vn 0.9795 0.0522 -0.1948
vn 0.8224 0.1472 -0.5495
vn 0.5423 0.2175 -0.8116
vn 0.1887 0.2542 -0.9486
vn 0.5556 0.0005 -0.8315
vn 0.8968 0.0016 -0.4424
vn 0.6088 -0.0000 -0.7933
vn 0.8315 -0.0000 -0.5555
vn 0.9626 0.1915 -0.1915
vn 0.7837 0.1559 -0.6013
vn 0.8829 0.1756 -0.4355
vn 0.9592 0.1307 -0.2508
vn 0.8042 0.5373 -0.2542
vn 0.5373 0.8042 -0.2542
vn 0.4406 0.0876 -0.8934
vn 0.6044 0.1202 -0.7876
vn 0.7179 0.0754 -0.6921
vn 0.5936 0.3966 -0.7002
vn 0.3966 0.5936 -0.7002
vn 0.1393 0.7002 -0.7002
vn 0.1949 0.0388 -0.9800
vn 0.2734 0.0133 -0.9618
vn 0.2191 0.1464 -0.9646
vn 0.1464 0.2191 -0.9647
vn 0.0514 0.2585 -0.9646
vn -0.0000 0.1928 -0.9812
vn -0.0033 0.2588 -0.9659
vn -0.0000 0.4402 -0.8979
vn -0.0043 0.7071 -0.7071
vn -0.0000 0.7934 -0.6088
vn -0.0044 0.9812 -0.1928
vn -0.0000 0.8979 -0.4402
vn 0.7071 -0.0000 0.7071
vn -0.0000 -0.9876 -0.1567
vn -0.0011 -0.9844 -0.1758
vn 0.0012 -0.8779 -0.4788
vn -0.0029 -0.8422 -0.5391
vn 0.0024 -0.6474 -0.7621
vn -0.0039 -0.5391 -0.8422
vn 0.0031 -0.3284 -0.9445
vn -0.0000 -0.9849 -0.1732
vn 0.0008 -0.9874 -0.1583
vn -0.0012 -0.8436 -0.5369
vn 0.0035 -0.8779 -0.4788
vn -0.0040 -0.5370 -0.8436
vn 0.0067 -0.6474 -0.7621
vn -0.0065 -0.1733 -0.9848
vn 0.0056 -0.3284 -0.9445
vn -0.0000 -0.0739 -0.9973
vn -0.0064 -0.0739 -0.9972
vn -0.0000 -0.1758 -0.9844
vn -0.0000 0.0001 -1.0000
vn -0.0000 -0.0001 -1.0000
vn -0.0000 0.0003 -1.0000
vn -0.7490 0.6618 -0.0310
vn -0.9312 0.3553 -0.0815
vn -0.9957 0.0920 0.0087
vn -0.4885 0.8725 -0.0016
vn -0.4862 0.8738 -0.0016
vn -0.4848 0.8746 -0.0017
vn -0.4835 0.8753 -0.0017
vn -0.4820 0.8762 -0.0018
vn -0.4815 0.8764 -0.0019
vn -0.4810 0.8767 -0.0019
vn -0.4756 0.8797 -0.0022
vn -0.4671 0.8842 -0.0031
vn -0.4648 0.8854 -0.0036
vn -0.4645 0.8855 -0.0036
vn -0.4663 0.8846 -0.0032
vn -0.4702 0.8826 -0.0020
vn -0.5442 0.8390 -0.0029
vn -0.5217 0.8531 -0.0053
vn -0.5174 0.8557 -0.0058
vn -0.5138 0.8579 -0.0063
vn -0.5098 0.8603 -0.0069
vn -0.5332 0.8460 -0.0029
vn -0.4987 0.8668 -0.0015
vn -0.4918 0.8707 -0.0015
vn -0.7970 0.6038 -0.0111
vn -0.7576 0.6527 -0.0079
vn -0.7341 0.6790 -0.0103
vn -0.7008 0.7134 -0.0065
vn -0.6451 0.7641 -0.0096
vn -0.8411 0.5408 -0.0103
vn -0.8371 0.5469 -0.0100
vn -0.8114 0.5844 -0.0089
vn -0.8969 0.4422 -0.0078
vn -0.8626 0.5059 -0.0098
vn -0.8520 0.5234 -0.0113
vn -0.8517 0.5238 -0.0113
vn -0.8470 0.5315 -0.0108
vn -0.9973 0.0605 0.0418
vn -0.9907 0.1194 -0.0648
vn -0.9949 0.0944 -0.0365
vn -0.9954 0.0944 -0.0160
vn -0.9857 0.0832 -0.1464
vn -0.9861 0.0885 -0.1407
vn -0.9794 0.1420 -0.1434
vn -0.9829 0.1311 -0.1296
vn -0.9624 0.2412 -0.1248
vn -0.9796 0.1800 -0.0893
vn -0.9708 0.2192 -0.0974
vn -0.9526 0.2903 -0.0913
vn -0.9556 0.2785 -0.0966
vn -0.9666 0.2369 -0.0974
vn -0.9046 0.4190 -0.0783
vn -0.9301 0.3586 -0.0790
vn -0.9370 0.3401 -0.0790
vn -0.9006 0.4285 -0.0734
vn -0.8602 0.5068 -0.0568
vn -0.8667 0.4957 -0.0554
vn -0.8089 0.5859 -0.0492
vn -0.8156 0.5759 -0.0549
vn -0.8582 0.5103 -0.0554
vn -0.6743 0.7383 -0.0152
vn -0.6746 0.7380 -0.0154
vn -0.7230 0.6900 -0.0350
vn -0.6475 0.7621 -0.0060
vn -0.5985 0.8010 -0.0148
vn -0.5986 0.8010 -0.0048
vn -0.4740 0.8805 -0.0007
vn -0.4756 0.8797 -0.0000
vn -0.4755 0.8797 -0.0000
vn -0.5746 0.8184 -0.0095
vn -0.5332 0.8460 -0.0025
vn -0.5266 0.8501 -0.0026
vn -0.4842 0.8750 -0.0025
vn -0.4922 0.8705 -0.0000
vn -0.4918 0.8707 -0.0002
vn -0.4940 0.8694 0.0023
vn -0.9555 0.2911 -0.0471
vn -0.9538 0.2969 -0.0453
vn -0.9334 0.3560 -0.0453
vn -0.9299 0.3653 -0.0424
vn -0.9022 0.4292 -0.0422
vn -0.8961 0.4421 -0.0380
vn -0.8610 0.5072 -0.0377
vn -0.8516 0.5233 -0.0323
vn -0.8095 0.5863 -0.0320
vn -0.7967 0.6038 -0.0256
vn -0.7491 0.6619 -0.0253
vn -0.7339 0.6790 -0.0186
vn -0.6665 0.7453 -0.0182
vn -0.6667 0.7453 -0.0049
vn -0.5917 0.8061 -0.0060
vn -0.9868 0.1545 -0.0490
vn -0.9873 0.1504 -0.0514
vn -0.9938 0.0984 -0.0516
vn -0.9916 0.0900 -0.0924
vn -0.9893 0.0888 -0.1159
vn -0.9902 0.0947 -0.1025
vn -0.9845 0.1427 -0.1023
vn -0.9842 0.1500 -0.0940
vn -0.9721 0.2152 -0.0936
vn -0.9752 0.2158 -0.0489
vn -0.9746 0.2188 -0.0471
vn -0.9387 0.3448 0.0027
vn -0.9334 0.3586 0.0070
vn -0.9652 0.2614 0.0065
vn -0.9579 0.2868 0.0150
vn -0.9802 0.1975 0.0116
vn -0.9782 0.2071 0.0150
vn -0.9886 0.1477 0.0279
vn -0.9886 0.1480 0.0280
vn -0.9945 0.0989 0.0352
vn -0.9951 0.0937 0.0327
vn -0.9974 0.0633 0.0344
vn -0.9898 0.1386 0.0321
vn -0.9971 0.0651 0.0406
vn -0.9952 0.0973 -0.0089
vn -0.9948 0.1022 0.0009
vn -0.9880 0.1544 0.0008
vn -0.9889 0.1483 -0.0028
vn -0.9758 0.2187 -0.0030
vn -0.9782 0.2073 -0.0097
vn -0.9549 0.2969 -0.0100
vn -0.9578 0.2870 -0.0130
vn -0.9308 0.3654 -0.0131
vn -0.9333 0.3588 -0.0151
vn -0.8771 0.4800 -0.0151
vn -0.8975 0.4411 -0.0000
vn 0.7052 0.0741 0.7052
vn 0.6993 0.2908 0.6531
vn 0.6992 0.2908 0.6531
vn 0.6992 0.5313 0.4784
vn 0.6992 0.5313 0.4783
vn 0.6992 0.6799 0.2209
vn 0.6993 0.6799 0.2209
vn 0.6993 0.7110 -0.0747
vn 0.6993 0.6191 -0.3574
vn 0.6992 0.4202 -0.5783
vn 0.6993 0.1486 -0.6992
vn 0.6992 -0.1486 -0.6993
vn 0.6993 -0.1486 -0.6992
vn 0.6993 -0.4202 -0.5783
vn 0.6993 -0.6191 -0.3574
vn 0.6993 -0.7110 -0.0747
vn 0.6993 -0.6799 0.2209
vn 0.6993 -0.5313 0.4783
vn 0.6992 -0.5313 0.4784
vn 0.6992 -0.2908 0.6531
vn 0.6993 -0.2908 0.6531
vn 0.7052 -0.0741 0.7052
vn 0.4295 -0.0000 0.9031
vn 0.0001 1.0000 -0.0000
vn -0.0002 1.0000 -0.0000
vn 0.9069 0.2202 -0.3592
vn 0.9599 0.2555 -0.1153
vn 0.1329 0.9907 -0.0299
vn 0.1546 0.9855 -0.0705
vn 0.1129 0.9927 -0.0424
vn 0.1114 0.9929 -0.0421
vn 0.1539 0.9880 -0.0160
vn 0.1548 0.9879 -0.0063
vn 0.3327 0.9426 -0.0279
vn 0.3044 0.9523 -0.0220
vn 0.5849 0.8109 -0.0188
vn 0.6307 0.7755 -0.0275
vn 0.9989 0.0318 -0.0347
vn 0.9994 0.0345 -0.0032
vn 0.9994 0.0345 -0.0046
vn 0.9578 0.1715 -0.2308
vn 0.9621 0.2091 -0.1749
vn 0.9634 0.2091 -0.1675
vn 0.8754 0.2278 -0.4263
vn 0.9899 0.1379 -0.0318
vn 0.9821 0.1844 -0.0379
vn 0.8418 0.5380 -0.0441
vn 0.9122 0.4094 -0.0186
vn 0.7970 0.6030 -0.0346
vn 0.9087 0.1059 -0.4037
vn 0.9148 0.0662 -0.3985
vn 0.7545 0.5674 -0.3297
vn 0.7666 0.5497 -0.3320
vn 0.4785 0.8523 -0.2112
vn 0.5202 0.8247 -0.2221
vn 0.2792 0.9524 -0.1228
vn 0.2911 0.9525 -0.0900
vn 0.1138 0.9929 -0.0354
vn 0.1257 0.9913 -0.0380
vn 0.9264 0.2201 -0.3055
vn 0.9651 -0.0471 -0.2575
vn 0.8076 0.5489 -0.2157
vn 0.8135 0.5398 -0.2163
vn 0.5473 0.8241 -0.1461
vn 0.5622 0.8136 -0.1485
vn 0.2030 0.9777 -0.0542
vn 0.3199 0.9449 -0.0694
vn 0.1254 0.9917 -0.0272
vn 0.9736 0.1890 -0.1282
vn 0.8358 0.5379 -0.1100
vn 0.8341 0.5407 -0.1093
vn 0.5800 0.8110 -0.0762
vn 0.5757 0.8142 -0.0747
vn 0.3313 0.9425 -0.0431
vn 0.3248 0.9449 -0.0417
vn 0.1317 0.9911 -0.0168
vn 0.1566 0.9874 -0.0249
vn 0.1951 -0.0000 0.9808
vn 0.5556 -0.0000 0.8315
vn 0.8314 -0.0000 0.5556
vn 0.8315 -0.0000 0.5556
vn -0.0000 0.9808 0.1951
vn -0.0001 0.9812 0.1928
vn 0.0001 0.8315 0.5556
vn -0.0000 0.8328 0.5536
vn -0.0000 0.5556 0.8315
vn 0.0001 0.5536 0.8328
vn -0.0001 0.1951 0.9808
vn -0.0000 0.1928 0.9812
vn 0.9626 0.1915 0.1915
vn 0.0126 0.1951 0.9807
vn 0.0622 0.1612 0.9850
vn 0.2190 0.1464 0.9647
vn 0.1337 0.1178 0.9840
vn 0.1904 0.9628 0.1915
vn 0.1914 0.9624 0.1926
vn 0.5452 0.8159 0.1926
vn 0.8159 0.5452 0.1926
vn 0.8159 0.5452 0.1927
vn 0.9626 0.1904 0.1926
vn 0.8202 0.1642 0.5481
vn 0.1639 0.8181 0.5512
vn 0.4636 0.6938 0.5511
vn 0.6938 0.4636 0.5511
vn 0.8189 0.1611 0.5509
vn 0.5521 0.1117 0.8263
vn 0.0986 0.1476 0.9841
vn 0.0576 0.2840 0.9571
vn 0.1076 0.5524 0.8266
vn 0.1949 0.0477 0.9797
vn 0.2131 0.0444 0.9760
vn 0.5481 0.1068 0.8296
vn 0.4640 0.3100 0.8298
vn 0.3100 0.4640 0.8298
vn 0.1106 0.5467 0.8300
vn 0.1614 0.8206 0.5483
vn 0.9801 0.0388 0.1949
vn 0.9800 0.0388 0.1950
vn 0.8264 0.1098 0.5522
vn 0.5481 0.1632 0.8203
vn 0.9800 0.1104 0.1653
vn 0.8264 0.3128 0.4681
vn 0.8264 0.3128 0.4682
vn 0.5481 0.4647 0.6955
vn 0.5481 0.4647 0.6954
vn 0.1915 0.5453 0.8161
vn 0.9800 0.1653 0.1104
vn 0.8264 0.4681 0.3128
vn 0.5481 0.6954 0.4647
vn 0.1915 0.8161 0.5453
vn 0.9800 0.1949 0.0388
vn 0.9801 0.1949 0.0388
vn 0.8264 0.5522 0.1098
vn 0.5481 0.8203 0.1632
vn 0.1915 0.9626 0.1915
vn -0.0000 0.1360 0.9907
vn 0.0010 0.2588 0.9659
vn 0.0001 0.6259 0.7799
vn -0.0000 0.4269 0.9043
vn 0.0006 0.3039 0.9527
vn -0.0000 0.7448 0.6673
vn -0.0000 0.7078 0.7064
vn 0.0004 0.5979 0.8016
vn 0.0001 0.8576 0.5143
vn -0.0009 0.8064 0.5914
vn 0.0006 0.9520 0.3061
vn -0.0000 0.9238 0.3828
vn -0.0000 0.9971 0.0763
vn -0.0006 0.9914 0.1306
vn 0.0003 0.9865 -0.1638
vn -0.0000 0.9941 -0.1087
vn -0.0000 0.9571 -0.2897
vn 0.0003 0.9321 -0.3623
vn -0.0001 0.8871 -0.4615
vn 0.0004 0.7072 -0.7070
vn -0.0000 0.6830 -0.7304
vn -0.0000 -0.0001 1.0000
vn 0.9938 -0.0000 0.1108
vn 0.9659 0.0031 0.2588
vn 0.9594 0.0024 0.2820
vn 0.7933 -0.0035 0.6088
vn 0.8546 0.0008 0.5193
vn 0.6088 -0.0006 0.7934
vn 0.5708 -0.0019 0.8211
vn 0.4246 0.0002 0.9054
vn 0.1758 -0.0005 0.9844
vn 0.1908 -0.0000 0.9816
vn -0.0000 0.5002 -0.8659
vn 0.0004 0.9939 -0.1098
vn -0.0002 0.9670 -0.2549
vn -0.0000 0.9907 -0.1358
vn 0.0019 0.9990 -0.0454
vn -0.0000 0.9958 -0.0918
vn 0.0008 0.9427 -0.3335
vn -0.0036 0.8059 -0.5920
vn 0.0056 0.8906 -0.4548
vn -0.0051 0.5991 -0.8006
vn -0.0000 0.6749 -0.7379
vn 0.1951 0.9808 -0.0000
vn 0.4423 0.8969 -0.0000
vn 0.5556 0.8315 0.0047
vn 0.6088 0.7934 -0.0000
vn 0.8315 0.5556 -0.0000
vn 0.7933 0.6088 0.0071
vn 0.9807 0.1951 -0.0094
vn 0.9808 0.1951 -0.0000
vn 0.5556 0.8315 -0.0000
vn 0.9998 0.0187 -0.0000
vn 0.9888 0.1493 -0.0017
vn 0.9659 0.2588 -0.0122
vn 0.7931 0.6086 0.0239
vn 0.8720 0.4896 -0.0025
vn 0.6088 0.7934 0.0014
vn 0.5639 0.8258 0.0077
vn 0.2588 0.9659 -0.0107
vn 0.1960 0.9806 -0.0000
vn 0.2588 -0.0000 0.9659
vn 0.6088 -0.0009 0.7933
vn 0.4072 0.0011 0.9133
vn 0.1248 -0.0107 0.9921
vn 0.7934 0.0004 0.6088
vn 0.8053 -0.0003 0.5928
vn 0.6387 0.0002 0.7694
vn 0.9999 -0.0000 0.0126
vn 0.9661 -0.0008 0.2581
vn 0.9844 0.0049 0.1758
vn 0.9054 -0.0003 0.4246
vn 0.6766 -0.0040 0.7363
vn 0.6921 -0.0040 0.7218
vn 0.6907 -0.0039 0.7231
vn 0.7119 -0.0086 0.7023
vn 0.6433 -0.7394 0.1987
vn 0.7609 -0.0621 0.6459
vn 0.7776 0.0112 0.6286
vn 0.6779 0.2983 0.6720
vn 0.8170 -0.1902 0.5443
vn 0.5082 0.5901 0.6273
vn 0.7995 0.0275 0.6000
vn 0.8171 -0.0276 0.5758
vn 0.7695 0.1650 0.6170
vn 0.8346 -0.1168 0.5384
vn 0.7317 0.2907 0.6166
vn 0.8429 -0.1766 0.5082
vn 0.7087 0.3614 0.6059
vn 0.7090 -0.6686 0.2244
vn 0.8882 0.0673 0.4545
vn 0.9185 0.0377 0.3937
vn 0.9248 0.0768 0.3727
vn 0.8023 -0.1373 0.5809
vn 0.8556 -0.1010 0.5077
vn 0.8858 -0.0695 0.4589
vn 0.8514 -0.1053 0.5138
vn 0.8478 -0.1095 0.5189
vn 0.8397 -0.1227 0.5290
vn 0.8345 -0.1321 0.5349
vn 0.8295 -0.1425 0.5400
vn 0.8257 -0.1509 0.5436
vn 0.8242 -0.1495 0.5462
vn 0.8149 -0.1424 0.5619
vn 0.8689 0.0872 0.4873
vn 0.8690 0.0880 0.4869
vn 0.8964 -0.0895 0.4341
vn 0.9408 0.0170 0.3384
vn 0.9370 0.0666 0.3430
vn 0.8352 0.0084 0.5499
vn 0.7993 0.0262 0.6003
vn 0.7763 -0.0791 0.6254
vn 0.8228 -0.1384 0.5512
vn 0.7568 -0.0918 0.6471
vn 0.7159 -0.0959 0.6915
vn 0.7023 -0.1001 0.7048
vn 0.6898 -0.1066 0.7161
vn 0.6417 -0.3971 0.6562
vn 0.6200 -0.1618 0.7678
vn 0.6500 -0.1676 0.7412
vn 0.5713 -0.3082 0.7607
vn 0.4259 -0.3212 0.8458
vn 0.5796 -0.3924 0.7142
vn 0.6095 -0.3893 0.6906
vn 0.5886 -0.4062 0.6990
vn 0.5853 -0.4248 0.6906
vn 0.5934 -0.4187 0.6874
vn 0.5904 -0.4314 0.6821
vn 0.6105 -0.4164 0.6737
vn 0.6089 -0.4222 0.6716
vn 0.6089 -0.3680 0.7027
vn 0.5939 -0.3799 0.7092
vn 0.5949 -0.3760 0.7105
vn 0.6157 -0.3614 0.7002
vn 0.5977 -0.3706 0.7109
vn 0.6186 -0.3555 0.7007
vn 0.6206 -0.3506 0.7014
vn 0.6004 -0.3661 0.7110
vn 0.6037 -0.3529 0.7148
vn 0.6302 -0.3396 0.6982
vn 0.4635 0.1883 0.8659
vn 0.8339 0.2602 0.4868
vn 0.6480 0.7577 0.0781
vn 0.2972 0.9395 0.1705
vn 0.7656 0.6303 0.1287
vn 0.8057 0.5331 0.2580
vn 0.8341 0.4869 0.2592
vn 0.9050 0.1643 0.3924
vn 0.9822 0.0674 0.1754
vn 0.9822 0.1754 0.0674
vn 0.9050 0.3924 0.1643
vn 0.8345 0.4861 0.2594
vn 0.8345 0.2592 0.4863
vn 0.8057 0.2580 0.5331
vn 0.7656 0.1287 0.6303
vn 0.6479 0.0781 0.7577
vn 0.1267 0.9694 0.2102
vn 0.1475 0.9705 0.1907
vn 0.1735 0.8202 0.5452
vn 0.1734 0.8201 0.5452
vn 0.1735 0.5452 0.8202
vn 0.1490 0.2054 0.9673
vn 0.1271 0.1912 0.9733
vn 0.4635 0.8658 0.1883
vn 0.4725 0.8644 0.1717
vn 0.5318 0.7195 0.4467
vn 0.5318 0.7195 0.4466
vn 0.5318 0.4466 0.7195
vn 0.5318 0.4467 0.7195
vn 0.4725 0.1717 0.8644
vn 0.2973 0.1705 0.9394
vn 0.1758 0.4924 -0.8524
vn 0.2588 0.4842 -0.8358
vn 0.4246 0.4528 -0.7840
vn 0.6088 0.3968 -0.6870
vn 0.7071 0.3549 -0.6116
vn 0.7933 0.3045 -0.5272
vn 0.9659 0.1295 -0.2241
vn -0.0000 0.3461 0.9382
vn -0.0003 0.3814 0.9244
vn 0.0013 0.1540 0.9881
vn -0.0000 0.1947 0.9809
vn -0.0000 0.4989 0.8667
vn 0.0023 0.5940 0.8044
vn -0.0001 0.6934 0.7206
vn -0.0009 0.9393 0.3431
vn -0.0000 0.8136 0.5815
vn 0.0018 0.8990 0.4380
vn -0.0046 0.9778 0.2097
vn 0.0002 0.9911 0.1334
vn 0.0010 0.9999 0.0134
vn -0.0000 0.9995 -0.0306
vn 0.9771 0.1855 -0.1043
vn 0.4581 0.8012 -0.3849
vn 0.6131 0.7140 -0.3379
vn 0.8413 0.4669 -0.2723
vn 0.8895 0.4249 -0.1681
vn 0.8020 0.5281 -0.2792
vn 0.9644 0.1786 -0.1952
vn 0.5996 0.5401 -0.5905
vn 0.7863 0.4170 -0.4559
vn 0.8348 0.3607 -0.4160
vn 0.9844 0.1387 -0.1084
vn 0.9839 0.1624 -0.0746
vn 0.9996 0.0243 -0.0162
vn 0.9990 0.0386 -0.0210
vn 0.5375 0.7322 -0.4183
vn 0.5301 0.5723 -0.6257
vn 0.4193 0.5834 -0.6956
vn 0.1718 0.6649 -0.7269
vn 0.1741 0.8770 -0.4479
vn 0.1157 0.8954 -0.4300
vn 0.1953 0.9484 -0.2500
vn 0.9999 0.0051 0.0126
vn 0.9998 0.0187 -0.0076
vn 0.2100 -0.0000 0.9777
vn 0.2063 -0.0002 0.9785
vn 0.5929 0.0002 0.8053
vn 0.5878 -0.0001 0.8090
vn 0.8713 0.0001 0.4908
vn 0.8694 -0.0001 0.4941
vn 0.9960 0.0001 0.0898
vn 0.9958 -0.0000 0.0911
vn 0.9762 -0.0000 -0.2169
vn 0.9163 -0.0124 -0.4003
vn 0.9589 0.0035 -0.2836
vn 0.8142 -0.0025 -0.5806
vn 0.7978 -0.0000 -0.6029
vn 0.7071 -0.0000 -0.7071
vn 0.9560 -0.0000 0.2933
vn 0.9053 0.0065 0.4246
vn 0.9281 -0.0291 0.3712
vn 0.9280 -0.0401 0.3704
vn 0.9285 0.1523 0.3388
vn -0.0000 0.2393 -0.9709
vn -0.0000 0.6631 -0.7485
vn -0.0000 0.9350 -0.3546
vn -0.0000 0.9927 0.1205
vn -0.0000 0.8230 0.5681
vn -0.0000 0.4647 0.8855
vn -0.0000 -0.4647 0.8855
vn -0.0000 -0.8230 0.5681
vn -0.0000 -0.9927 0.1205
vn -0.0000 -0.9350 -0.3546
vn -0.0000 -0.6631 -0.7485
vn -0.0000 -0.2393 -0.9709
vn 0.5453 -0.1915 0.8161
vn 0.4647 -0.5481 0.6954
vn 0.3128 -0.8264 0.4681
vn 0.1104 -0.9800 0.1653
vn 0.0388 -0.9800 0.1949
vn 0.1098 -0.8264 0.5522
vn 0.1098 -0.8265 0.5522
vn 0.1632 -0.5481 0.8203
vn 0.1821 -0.3585 0.9156
vn 0.1973 -0.1917 0.9614
vn 0.1922 -0.1725 0.9661
vn 0.4992 -0.8665 -0.0020
vn 0.5063 -0.8624 0.0051
vn 0.5185 -0.8550 -0.0062
vn 0.5174 -0.8557 0.0121
vn -0.0220 -0.9990 -0.0382
vn 0.1202 -0.9890 -0.0863
vn 0.2409 -0.9664 -0.0898
vn 0.0851 -0.9948 0.0564
vn 0.1852 -0.9804 0.0673
vn 0.0335 -0.9988 0.0354
vn 0.6158 0.1687 -0.7697
vn 0.2802 0.8255 -0.4900
vn -0.0697 0.8009 -0.5947
vn 0.0956 0.9799 -0.1750
vn 0.5543 0.0343 -0.8316
vn 0.1930 0.0968 -0.9764
vn 0.5726 0.1073 -0.8128
vn 0.1919 0.3275 -0.9252
vn -0.0884 0.5370 -0.8389
vn 0.1622 0.6429 -0.7486
vn 0.1641 0.7719 -0.6142
vn 0.2802 0.8255 -0.4899
vn 0.1137 0.9298 -0.3500
vn 0.1614 0.9001 -0.4048
vn 0.5130 0.5557 -0.6542
vn 0.3646 0.4771 -0.7997
vn 0.3646 0.4770 -0.7997
vn 0.2428 0.3032 -0.9215
vn 0.1917 0.1008 -0.9763
vn -0.4611 0.1560 -0.8735
vn 0.6680 0.1961 -0.7178
vn 0.6947 -0.5086 0.5086
vn 0.6947 -0.6947 0.1862
vn 0.6947 -0.6947 -0.1862
vn 0.6948 -0.6947 -0.1862
vn 0.6948 -0.5086 -0.5086
vn 0.6947 -0.5086 -0.5086
vn 0.6948 -0.1862 -0.6947
vn 0.6947 0.1862 -0.6948
vn 0.6948 0.1862 -0.6947
vn 0.6948 0.5086 -0.5086
vn 0.6947 0.5086 -0.5086
vn 0.6947 0.6947 -0.1862
vn 0.6947 0.6947 0.1862
vn 0.6947 0.5086 0.5086
vn 0.6947 0.1862 0.6948
vn 0.6947 -0.1862 0.6947
vn 0.6947 -0.1862 0.6948
vn -0.0000 0.9178 -0.3970
vn -0.0000 0.5645 -0.8254
vn -0.0000 0.4234 -0.9059
vn -0.0102 0.2588 -0.9659
vn -0.0015 0.1868 -0.9824
vn -0.0001 0.0191 -0.9998
vn -0.0369 0.8387 -0.5433
vn -0.0109 0.7266 -0.6870
vn -0.0000 0.8437 0.5369
vn -0.0000 0.9208 0.3901
vn -0.0121 0.9659 0.2588
vn -0.0000 0.9904 0.1386
vn -0.0400 0.9984 -0.0393
vn -0.0178 0.9834 -0.1806
vn -0.0182 0.1780 0.9839
vn -0.0000 0.4127 0.9109
vn -0.0000 0.7071 0.7071
vn -0.0399 0.5463 0.8367
vn -0.0066 0.7116 0.7025
vn -0.0469 0.0238 0.9986
vn -0.0013 0.2588 0.9659
vn -0.0000 0.0069 1.0000
vn -0.0000 -0.1494 0.9888
vn -0.0129 -0.2588 0.9658
vn -0.0000 -0.4002 0.9164
vn -0.0000 -0.5433 0.8395
vn -0.0082 -0.7071 0.7071
vn -0.0076 -0.7095 0.7046
vn -0.0126 -0.9659 0.2588
vn -0.0000 -0.9180 0.3966
vn -0.0000 -0.8410 0.5410
vn -0.0000 -0.9254 -0.3791
vn -0.0216 -0.9863 -0.1634
vn -0.0055 -0.9659 -0.2588
vn -0.0001 -0.9993 -0.0377
vn 0.0005 -0.9899 0.1416
vn -0.0000 -0.8532 -0.5216
vn -0.0042 -0.7071 -0.7071
vn -0.0112 -0.7364 -0.6765
vn -0.0000 0.0063 -1.0000
vn -0.0000 -0.1646 -0.9864
vn -0.0108 -0.2588 -0.9659
vn -0.0000 -0.4144 -0.9101
vn -0.0000 -0.5589 -0.8292
vn 0.9862 -0.0630 0.1528
vn 0.9863 -0.0599 0.1540
vn 0.9862 -0.0586 0.1547
vn 0.9861 -0.0569 0.1561
vn 0.9859 -0.0557 0.1579
vn 0.9856 -0.0546 0.1600
vn 0.9849 -0.0533 0.1650
vn 0.9795 -0.0686 0.1893
vn 0.9797 -0.0657 0.1894
vn 0.9798 -0.0648 0.1894
vn 0.9798 -0.0658 0.1888
vn 0.9800 -0.0689 0.1868
vn 0.9805 -0.0719 0.1830
vn 0.9810 -0.0744 0.1792
vn 0.9820 -0.0770 0.1725
vn 0.9827 -0.0773 0.1682
vn 0.9839 -0.0533 0.1703
vn 0.9836 -0.0534 0.1723
vn 0.9821 -0.0562 0.1798
vn 0.9813 -0.0586 0.1832
vn 0.9805 -0.0615 0.1868
vn 0.9799 -0.0648 0.1888
vn 0.9797 -0.0658 0.1892
vn 0.9797 -0.0662 0.1893
vn 0.9862 -0.0639 0.1528
vn 0.9839 -0.0767 0.1617
vn 0.9832 -0.0773 0.1656
vn 0.9843 -0.0755 0.1594
vn 0.9847 -0.0745 0.1575
vn 0.9852 -0.0720 0.1554
vn 0.9855 -0.0703 0.1542
vn 0.9860 -0.0667 0.1529
vn 0.9862 -0.0642 0.1528
vn 0.2588 -0.9659 0.0071
vn 0.4422 -0.8969 -0.0000
vn 0.6088 -0.7933 -0.0000
vn 0.7071 -0.7071 0.0095
vn 0.7934 -0.6087 -0.0000
vn -0.0513 0.0442 0.9977
vn 0.3374 0.0428 0.9404
vn -0.3584 0.0416 0.9326
vn -0.0000 0.0441 0.9990
vn 0.7747 0.0106 0.6322
vn 0.1005 0.0415 0.9941
vn 0.8995 0.0163 0.4365
vn 0.9523 0.0111 0.3050
vn 0.6441 0.0245 0.7646
vn -0.3481 0.0230 0.9372
vn -0.8039 0.0068 0.5947
vn 0.9102 -0.0025 0.4142
vn -0.9706 0.0006 0.2409
vn 0.9867 -0.0043 0.1623
vn -0.9964 -0.0008 0.0847
vn 0.9823 -0.0067 0.1873
vn -0.9294 -0.0197 0.3685
vn 0.8596 -0.0349 0.5098
vn -0.8558 -0.0412 0.5156
vn 0.8846 -0.0434 0.4643
vn -0.8799 -0.0498 0.4725
vn 0.8500 -0.0621 0.5231
vn -0.8984 -0.0577 0.4354
vn 0.8625 -0.0724 0.5008
vn -0.9014 -0.0692 0.4275
vn 0.8496 -0.0893 0.5197
vn -0.7039 -0.1312 0.6981
vn 0.8981 -0.0866 0.4312
vn -0.8277 -0.1163 0.5489
vn 0.9709 -0.0570 0.2325
vn 0.9927 -0.0294 0.1174
vn -0.9679 -0.0693 0.2414
vn 0.9330 -0.1044 0.3444
vn -0.9246 -0.1183 0.3622
vn 0.9456 -0.1051 0.3078
vn -0.9388 -0.1180 0.3237
vn 0.9574 -0.1030 0.2696
vn -0.9472 -0.1196 0.2975
vn 0.9612 -0.1077 0.2539
vn -0.9500 -0.1260 0.2857
vn 0.9917 -0.0560 0.1159
vn -0.9921 -0.0530 0.1140
vn 0.9909 -0.0627 0.1191
vn -0.9911 -0.0606 0.1182
vn 0.9894 -0.0717 0.1262
vn -0.3070 -0.4695 0.8278
vn -0.0000 -0.0479 0.9989
vn 0.1226 -0.5129 0.8496
vn 0.9927 -0.0651 0.1019
vn 0.0178 -0.5204 0.8537
vn -0.6571 -0.4021 0.6376
vn -0.0132 -0.5357 0.8443
vn 0.0247 -0.5482 0.8360
vn -0.8755 -0.2644 0.4045
vn 0.9260 -0.2130 0.3117
vn 0.7030 -0.3981 0.5893
vn -0.5345 -0.4899 0.6888
vn 0.9467 -0.1873 0.2620
vn -0.7906 -0.3615 0.4941
vn 0.7691 -0.3830 0.5117
vn -0.7948 -0.3681 0.4825
vn 0.7697 -0.3906 0.5049
vn -0.7933 -0.3761 0.4788
vn 0.7708 -0.3985 0.4970
vn -0.7835 -0.3907 0.4832
vn 0.7618 -0.4129 0.4992
vn -0.7757 -0.4066 0.4827
vn 0.7465 -0.4328 0.5054
vn -0.7549 -0.4298 0.4954
vn 0.7269 -0.4531 0.5161
vn -0.7361 -0.4515 0.5043
vn -0.7276 -0.4614 0.5076
vn 0.7045 -0.4766 0.5259
vn -0.7153 -0.4740 0.5135
vn 0.9706 -0.1661 0.1742
vn 0.9692 -0.1698 0.1786
vn -0.9710 -0.1634 0.1746
vn 0.9720 -0.1645 0.1679
vn 0.9984 -0.0404 0.0401
vn -0.9976 -0.0483 0.0504
vn 0.9973 -0.0525 0.0507
vn -0.9983 -0.0411 0.0413
vn 0.9988 -0.0359 0.0341
vn -0.9996 -0.0218 0.0193
vn 0.9997 -0.0187 0.0156
vn -1.0000 -0.0038 0.0027
vn -1.0000 -0.0037 0.0042
vn -1.0000 -0.0035 0.0036
vn -0.7864 -0.4448 0.4287
vn 0.7444 -0.4939 0.4494
vn 0.7045 0.0855 0.7045
vn 0.6966 0.3334 0.6353
vn 0.6966 0.5905 0.4076
vn 0.6966 0.7122 0.0865
vn 0.6966 0.6708 -0.2544
vn 0.6966 0.4758 -0.5370
vn 0.6966 0.1717 -0.6966
vn 0.6966 -0.1717 -0.6966
vn 0.6966 -0.4758 -0.5370
vn 0.6966 -0.6708 -0.2544
vn 0.6966 -0.7122 0.0865
vn 0.6966 -0.5905 0.4076
vn 0.6966 -0.3334 0.6353
vn 0.7045 -0.0855 0.7045
vn 0.4390 -0.0000 0.8985
vn 0.9677 -0.0000 0.2521
vn 0.9677 -0.0000 0.2523
vn 0.9678 -0.0001 0.2517
vn 0.9676 -0.0000 0.2523
vn 0.3927 0.9190 -0.0344
vn 0.2023 0.1953 0.9597
vn 0.2067 0.1905 0.9597
vn 0.2008 0.3770 0.9042
vn 0.1864 0.5913 0.7846
vn 0.1988 0.5822 0.7884
vn 0.1596 0.8939 0.4189
vn 0.1828 0.8838 0.4307
vn 0.1597 0.9652 0.2070
vn 0.1336 0.9910 -0.0017
vn 0.1566 0.9876 0.0133
vn 0.5746 0.8163 -0.0582
vn 0.9697 0.2152 -0.1153
vn 0.8396 0.5349 -0.0947
vn 0.9804 0.1953 -0.0241
vn 0.8633 0.1183 0.4907
vn 0.8479 0.3605 0.3886
vn 0.8209 0.5460 0.1674
vn 0.8082 0.5888 -0.0030
vn 0.7082 0.7019 -0.0762
vn 0.4884 0.8724 0.0192
vn 0.5177 0.7915 0.3249
vn 0.5568 0.5226 0.6456
vn 0.5569 0.5226 0.6456
vn 0.5790 0.1721 0.7970
vn 0.5790 0.1721 0.7969
vn 0.9901 0.1289 0.0551
vn 0.9950 0.0422 0.0910
vn 0.9844 0.1758 -0.0000
vn 0.9175 0.3978 -0.0000
vn 0.8636 0.5041 -0.0000
vn 0.7721 0.6355 -0.0000
vn 0.7721 0.6354 -0.0000
vn 0.6499 0.7600 -0.0000
vn 0.6500 0.7599 -0.0000
vn 0.4720 0.8816 -0.0000
vn 0.3019 0.9533 -0.0000
vn 0.3018 0.9534 -0.0000
vn 0.1295 0.9916 -0.0000
vn 0.1395 0.9846 -0.1054
vn 0.4313 0.8413 -0.3259
vn 0.6749 0.5333 -0.5100
vn 0.7860 0.1716 -0.5939
vn 0.7860 0.1717 -0.5939
vn 0.1355 0.9815 -0.1355
vn 0.1205 0.9849 -0.1245
vn 0.3817 0.8436 -0.3777
vn 0.3896 0.8347 -0.3891
vn 0.5963 0.5369 -0.5968
vn 0.5893 0.5585 -0.5837
vn 0.6939 0.1733 -0.6989
vn 0.6934 0.1962 -0.6933
vn 0.9045 0.1483 -0.3999
vn 0.8948 0.1728 -0.4118
vn 0.8051 0.4721 -0.3591
vn 0.7477 0.5368 -0.3909
vn 0.6002 0.7550 -0.2640
vn 0.4496 0.8429 -0.2955
vn 0.1415 0.9804 -0.1369
vn 0.0503 0.9874 -0.1502
vn 0.1312 0.9841 -0.1201
vn 0.0513 0.9878 -0.1473
vn 0.3163 0.9398 -0.1291
vn 0.2804 0.9297 -0.2388
vn 0.9539 0.1935 -0.2296
vn 0.9649 0.1650 -0.2043
vn 0.8188 0.5017 -0.2791
vn 0.8370 0.4808 -0.2613
vn 0.6941 0.6772 -0.2442
vn 0.5977 0.7543 -0.2716
vn 0.5599 0.7931 -0.2397
vn 0.3788 0.9031 -0.2023
vn 0.2574 0.9606 -0.1051
vn 0.7830 0.1610 0.6008
vn 0.9636 0.1890 0.1890
vn 0.4126 0.2357 0.8799
vn 0.5955 0.2079 0.7760
vn 0.7041 0.2718 0.6561
vn 0.6948 0.5086 0.5086
vn 0.9636 0.0692 0.2582
vn 0.1700 0.2550 0.9519
vn 0.2540 0.3082 0.9168
vn 0.2560 0.6050 0.7539
vn 0.3091 0.6724 0.6725
vn 0.2574 0.7792 0.5714
vn 0.2567 0.8929 0.3699
vn 0.2568 0.9582 0.1262
vn 0.3107 0.9181 0.2461
vn 0.6948 0.6947 0.1862
vn 0.9636 0.2582 0.0692
vn 0.2560 0.9010 -0.3502
vn 0.3091 0.9186 -0.2460
vn 0.6948 0.6948 -0.1861
vn 0.6947 0.6948 -0.1861
vn 0.9636 0.2582 -0.0691
vn 0.2506 0.6847 -0.6844
vn 0.6947 0.5087 -0.5085
vn 0.6948 0.5087 -0.5085
vn 0.9636 0.1891 -0.1890
vn 0.6587 -0.3013 0.6894
vn 0.6261 -0.3076 0.7165
vn 0.6626 -0.2568 0.7036
vn 0.6730 -0.2472 0.6971
vn 0.6639 -0.2111 0.7174
vn 0.6903 -0.1870 0.6990
vn 0.6810 -0.1518 0.7164
vn 0.6969 -0.1405 0.7032
vn 0.6944 -0.1038 0.7121
vn 0.7012 -0.1076 0.7048
vn 0.7019 -0.0743 0.7084
vn 0.7114 -0.0708 0.6992
vn 0.7050 -0.0479 0.7076
vn 0.8315 -0.0000 -0.5556
vn 0.5556 -0.0000 -0.8315
vn 0.0795 0.9872 -0.1382
vn 0.1583 0.9505 -0.2676
vn 0.2753 0.8414 -0.4650
vn 0.0880 0.9855 -0.1451
vn 0.1008 0.9854 -0.1371
vn 0.1192 0.9854 -0.1214
vn 0.1352 0.9854 -0.1033
vn 0.1467 0.9855 -0.0857
vn 0.1468 0.9855 -0.0857
vn 0.4516 0.8524 -0.2636
vn 0.7110 0.5677 -0.4150
vn 0.8377 0.2274 -0.4966
vn 0.8273 0.2871 -0.4829
vn 0.7910 0.1836 -0.5836
vn 0.7935 0.0528 -0.6063
vn 0.7551 0.1997 -0.6244
vn 0.7350 0.2333 -0.6366
vn 0.6802 0.2399 -0.6927
vn 0.5936 0.4916 -0.6372
vn 0.5920 0.0415 -0.8049
vn 0.4397 0.5500 -0.7101
vn 0.6544 0.5672 -0.5000
vn 0.5770 0.5672 -0.5876
vn 0.4880 0.5672 -0.6634
vn 0.4089 0.5678 -0.7144
vn 0.4743 0.2247 -0.8512
vn 0.4515 0.8524 -0.2636
vn 0.4158 0.8522 -0.3177
vn 0.3666 0.8522 -0.3734
vn 0.3101 0.8522 -0.4215
vn 0.2705 0.8527 -0.4469
vn 0.4157 0.5150 -0.7496
vn -0.0000 0.1758 -0.9844
vn -0.0000 0.9844 -0.1758
vn -0.0000 0.9298 -0.3681
vn 0.0001 0.9120 -0.4102
vn -0.0003 0.8293 -0.5589
vn -0.0000 0.5391 -0.8422
vn -0.0000 0.8029 -0.5961
vn 0.5546 -0.0000 -0.8321
vn 0.5556 0.0001 -0.8315
vn 0.1939 -0.0000 -0.9810
vn 0.1888 -0.1702 -0.9672
vn 0.1888 -0.9672 -0.1701
vn 0.5448 -0.8259 -0.1453
vn 0.8255 -0.5558 -0.0978
vn 0.9800 -0.1961 -0.0345
vn 0.8232 -0.3049 -0.4789
vn 0.8232 -0.3049 -0.4790
vn 0.5414 -0.4515 -0.7093
vn 0.5415 -0.4515 -0.7092
vn 0.1872 -0.5275 -0.8287
vn 0.1872 -0.8287 -0.5274
vn 0.5414 -0.7093 -0.4514
vn 0.5415 -0.7093 -0.4514
vn 0.8232 -0.4790 -0.3048
vn 0.9796 -0.1694 -0.1078
vn 0.9796 -0.1079 -0.1694
vn 0.1924 -0.1660 -0.9672
vn 0.5494 -0.1491 -0.8222
vn 0.5445 -0.1416 -0.8267
vn 0.8272 -0.1011 -0.5527
vn 0.8252 -0.0945 -0.5569
vn 0.9801 -0.0378 -0.1950
vn 0.1380 -0.9808 0.1379
vn 0.3928 -0.8315 0.3928
vn 0.3929 -0.8315 0.3928
vn 0.5879 -0.5556 0.5879
vn 0.6935 -0.1951 0.6935
vn 0.2973 0.1705 -0.9394
vn 0.4635 0.8659 -0.1883
vn 0.8339 0.4868 -0.2602
vn 0.9050 0.3925 -0.1643
vn 0.9822 0.1754 -0.0674
vn 0.8345 0.4863 -0.2592
vn 0.8057 0.5331 -0.2580
vn 0.7657 0.6302 -0.1287
vn 0.6480 0.7576 -0.0781
vn 0.1271 0.9733 -0.1912
vn 0.1490 0.9673 -0.2054
vn 0.1676 0.8852 -0.4340
vn 0.2238 0.8136 -0.5366
vn 0.1754 0.7811 -0.5993
vn 0.1754 0.5993 -0.7811
vn 0.2238 0.5366 -0.8136
vn 0.1676 0.4339 -0.8852
vn 0.1490 0.2054 -0.9673
vn 0.1271 0.1912 -0.9733
vn 0.9822 0.0674 -0.1754
vn 0.9050 0.1643 -0.3924
vn 0.8345 0.2594 -0.4861
vn 0.8341 0.2592 -0.4869
vn 0.8058 0.2580 -0.5331
vn 0.7656 0.1287 -0.6303
vn 0.6479 0.0781 -0.7577
vn 0.4635 0.1883 -0.8658
vn 0.4725 0.1717 -0.8644
vn 0.5318 0.4466 -0.7195
vn 0.5318 0.7195 -0.4466
vn 0.5318 0.7195 -0.4467
vn 0.4725 0.8644 -0.1717
vn 0.2975 0.9394 -0.1705
vn 0.3250 0.8788 -0.3495
vn 0.0028 1.0000 -0.0044
vn 0.0045 1.0000 -0.0046
vn 0.0034 1.0000 -0.0047
vn 0.0041 1.0000 -0.0047
vn 0.0923 0.9815 -0.1675
vn 0.0933 0.9887 -0.1174
vn 0.0482 0.9885 -0.1432
vn 0.0473 0.9972 -0.0581
vn -0.9988 -0.0347 -0.0341
vn -0.9822 -0.1871 0.0165
vn -0.6823 -0.5601 0.4699
vn -0.0337 -0.5404 0.8407
vn -0.2929 -0.5260 0.7985
vn -0.0779 -0.4737 0.8772
vn -0.1390 0.0181 0.9901
vn -0.1720 0.0060 0.9851
vn -0.1815 0.0309 0.9829
vn -0.0184 0.0361 0.9992
vn -0.0278 -0.0680 0.9973
vn 0.0030 -0.5821 0.8131
vn -0.8969 -0.4421 -0.0029
vn -0.9979 -0.0356 0.0535
vn -0.9866 -0.1626 0.0097
vn -0.9906 -0.1364 0.0087
vn -0.9903 -0.1202 -0.0693
vn -0.9890 -0.1245 -0.0802
vn -0.9865 -0.1603 -0.0329
vn -0.9925 -0.0101 -0.1221
vn -0.9918 -0.0314 -0.1237
vn -0.9958 -0.0626 -0.0666
vn -0.9944 -0.0675 -0.0817
vn -0.9920 -0.0944 -0.0833
vn -0.9918 0.0534 -0.1162
vn -0.9968 0.0474 -0.0651
vn -0.9991 0.0404 -0.0160
vn -0.9991 0.0411 -0.0090
vn -0.9990 0.0299 0.0324
vn -0.9987 0.0295 0.0407
vn -0.9988 0.0304 0.0383
vn -0.9986 0.0313 0.0419
vn -0.9410 -0.3286 0.0808
vn -0.9603 -0.2582 0.1055
vn -0.9818 -0.1546 0.1099
vn -0.9784 -0.2061 0.0155
vn -0.9878 -0.1415 0.0654
vn -0.8012 -0.5606 0.2092
vn -0.7966 -0.5487 0.2538
vn -0.8274 -0.4972 0.2611
vn -0.6553 -0.7175 0.2362
vn -0.6908 -0.6410 0.3344
vn -0.7264 -0.5942 0.3452
vn -0.0380 -0.7024 0.7108
vn -0.0364 -0.7083 0.7050
vn -0.0264 -0.7383 0.6739
vn -0.0192 -0.7171 0.6967
vn -0.0203 -0.7254 0.6880
vn -0.0204 -0.7294 0.6838
vn -0.0203 -0.7320 0.6810
vn -0.0147 -0.6606 0.7506
vn -0.0083 -0.6717 0.7408
vn -0.0010 -0.6823 0.7310
vn -0.0278 -0.6248 0.7803
vn -0.0245 -0.6371 0.7704
vn -0.0201 -0.6491 0.7605
vn -0.0302 -0.5386 0.8420
vn -0.0311 -0.5990 0.8001
vn -0.0300 -0.6121 0.7902
vn -0.0213 -0.5210 0.8533
vn -0.0182 -0.5353 0.8445
vn -0.0155 -0.5447 0.8385
vn -0.0095 -0.5605 0.8281
vn 0.0157 -0.3223 0.9465
vn -0.0058 -0.3556 0.9346
vn -0.0157 -0.3892 0.9210
vn -0.0136 -0.4227 0.9062
vn -0.0065 -0.4391 0.8984
vn -0.0142 -0.4553 0.8902
vn -0.0231 -0.4914 0.8706
vn -0.0351 -0.0927 0.9951
vn -0.0388 -0.1177 0.9923
vn -0.0372 -0.1427 0.9891
vn -0.0299 -0.1692 0.9851
vn 0.0140 0.0169 0.9998
vn -0.0035 0.0023 1.0000
vn -0.0147 -0.0098 0.9998
vn -0.0309 -0.0356 0.9989
vn -0.2615 0.2057 0.9430
vn -0.4416 0.0646 0.8949
vn -0.5590 0.0582 0.8271
vn -0.6430 0.0722 0.7625
vn -0.6439 0.0705 0.7618
vn -0.7238 0.0767 0.6858
vn -0.7210 0.0847 0.6878
vn -0.7969 0.0719 0.5998
vn -0.7885 0.1117 0.6048
vn -0.8602 0.0501 0.5074
vn -0.8306 0.2335 0.5056
vn -0.9641 0.0680 0.2567
vn -0.9448 0.0437 0.3247
vn -0.9283 0.0622 0.3667
vn -0.9945 0.0608 0.0850
vn -0.9878 0.0702 0.1389
vn -0.9870 0.0730 0.1430
vn -0.9785 0.0554 0.1985
vn -0.9658 0.0649 0.2510
vn -0.5360 -0.0300 0.8437
vn -0.5556 0.0621 0.8291
vn -0.4898 0.0495 0.8705
vn -0.3696 -0.0232 0.9289
vn -0.3822 0.0361 0.9234
vn -0.4602 0.0505 0.8864
vn -0.4317 -0.0515 0.9006
vn -0.5054 -0.0196 0.8627
vn -0.2984 -0.0662 0.9522
vn -0.2574 -0.1604 0.9529
vn -0.3807 -0.2079 0.9010
vn 0.0140 0.0168 0.9998
vn -0.0498 -0.0081 0.9987
vn -0.0644 0.0259 0.9976
vn -0.0620 0.0538 0.9966
vn -0.0542 0.0445 0.9975
vn -0.0265 -0.0709 0.9971
vn -0.1341 -0.1162 0.9841
vn -0.1040 -0.0605 0.9927
vn -0.1962 -0.0977 0.9757
vn -0.2484 0.0315 0.9681
vn -0.0163 -0.1970 0.9803
vn -0.0448 -0.1559 0.9868
vn -0.1450 -0.2000 0.9690
vn -0.1458 -0.1985 0.9692
vn -0.2685 -0.2497 0.9303
vn -0.2672 -0.2523 0.9300
vn -0.3905 -0.2999 0.8704
vn -0.2927 -0.4459 0.8459
vn -0.1099 -0.6470 0.7545
vn -0.0489 -0.6184 0.7844
vn -0.0400 -0.6932 0.7196
vn -0.0112 -0.2898 0.9570
vn 0.0041 -0.3341 0.9425
vn -0.0649 -0.3673 0.9278
vn -0.0689 -0.3602 0.9303
vn -0.1663 -0.4048 0.8992
vn -0.0986 -0.5118 0.8534
vn -0.2138 -0.4135 0.8850
vn -0.1085 -0.5720 0.8130
vn -0.2459 -0.5070 0.8261
vn -0.7533 -0.4982 0.4294
vn -0.7544 -0.5743 0.3178
vn -0.8245 -0.4528 0.3394
vn -0.5317 -0.7459 0.4012
vn -0.6399 -0.6318 0.4375
vn -0.7009 -0.6455 0.3033
vn -0.7653 -0.5577 0.3215
vn -0.8330 -0.5001 0.2365
vn -0.8617 -0.4456 0.2427
vn -0.9043 -0.3939 0.1646
vn -0.9471 -0.2754 0.1645
vn -0.9844 -0.1536 0.0858
vn -0.9696 -0.2305 0.0817
vn -0.9517 -0.2747 0.1374
vn -0.9313 -0.3391 0.1331
vn -0.8956 -0.3945 0.2055
vn -0.8758 -0.4388 0.2011
vn -0.8187 -0.4991 0.2839
vn -0.7646 -0.5855 0.2694
vn -0.7039 -0.5748 0.4172
vn -0.6074 -0.6957 0.3835
vn -0.5471 -0.6789 0.4896
vn -0.4539 -0.7421 0.4931
vn -0.4012 -0.7259 0.5587
vn -0.9931 -0.0957 0.0672
vn -0.9981 -0.0483 0.0371
vn -0.9984 -0.0480 0.0308
vn -0.9987 0.0352 0.0356
vn -0.9993 0.0363 0.0087
vn -0.9709 -0.2227 0.0880
vn -0.9811 -0.1879 0.0464
vn -0.9820 -0.1830 0.0467
vn -0.9889 -0.1487 0.0072
vn -0.9907 -0.1357 0.0081
vn -0.9941 -0.1047 -0.0267
vn -0.9869 -0.1609 -0.0148
vn -0.9889 -0.1477 -0.0141
vn -0.9916 -0.1215 -0.0442
vn -0.9937 -0.1039 -0.0430
vn -0.9940 -0.0612 -0.0905
vn -0.9926 0.0150 -0.1205
vn -0.9931 -0.0071 -0.1174
vn -0.9954 -0.0317 -0.0901
vn -0.9937 -0.0626 -0.0925
vn -0.9972 -0.0656 -0.0367
vn -0.9959 -0.0867 -0.0253
vn -0.9926 -0.1211 0.0136
vn -0.9906 -0.1359 0.0124
vn -0.9833 -0.1736 0.0552
vn -0.9815 -0.1833 0.0545
vn -0.9687 -0.2255 0.1033
vn -0.9693 -0.2230 0.1035
vn -0.9513 -0.2663 0.1553
vn -0.9921 -0.1251 -0.0106
vn -0.9994 -0.0334 -0.0033
vn -0.9968 -0.0305 -0.0744
vn -0.9972 0.0232 -0.0704
vn -0.9949 -0.1006 0.0118
vn -0.9998 -0.0078 0.0185
vn -0.9995 -0.0061 -0.0305
vn -0.9991 0.0316 -0.0279
vn -0.9983 0.0462 -0.0366
vn -0.9991 0.0404 0.0110
vn -0.9997 -0.0237 0.0065
vn -0.9985 -0.0253 0.0479
vn -0.9938 -0.1019 0.0437
vn -0.9885 -0.1365 0.0646
vn -0.9795 -0.1920 0.0610
vn -0.9666 -0.2316 0.1098
vn -0.9520 -0.2872 0.1057
vn -0.9245 -0.3401 0.1720
vn -0.9103 -0.3781 0.1684
vn -0.8641 -0.4388 0.2467
vn -0.8205 -0.5212 0.2349
vn -0.7684 -0.5151 0.3797
vn -0.6845 -0.6380 0.3528
vn -0.6037 -0.6179 0.5037
vn -0.9775 -0.1929 0.0854
vn -0.9675 -0.2392 0.0817
vn -0.9470 -0.2884 0.1415
vn -0.9372 -0.3200 0.1385
vn -0.9012 -0.3787 0.2109
vn -0.8961 -0.3914 0.2095
vn -0.8422 -0.4548 0.2895
vn -0.8495 -0.4395 0.2917
vn -0.7793 -0.5033 0.3735
vn -0.7713 -0.5172 0.3708
vn -0.7448 -0.5131 0.4266
vn -0.6463 -0.5718 0.5053
vn -0.6704 -0.5777 0.4656
vn -0.5567 -0.6299 0.5416
vn -0.5873 -0.6388 0.4971
vn -0.4623 -0.6815 0.5673
vn -0.5010 -0.6947 0.5161
vn -0.3700 -0.7267 0.5789
vn -0.4015 -0.7391 0.5409
vn -0.3123 -0.7458 0.5885
vn -0.5966 0.0013 0.8025
vn -0.6708 -0.0238 0.7413
vn -0.6374 0.0321 0.7699
vn -0.7484 -0.0042 0.6632
vn -0.7208 0.0435 0.6918
vn -0.8183 0.0108 0.5747
vn -0.7959 0.0523 0.6032
vn -0.8789 0.0222 0.4765
vn -0.8606 0.0603 0.5058
vn -0.9072 0.0419 0.4185
vn -0.9051 -0.0168 0.4248
vn -0.7579 -0.1655 0.6311
vn -0.8490 -0.1909 0.4928
vn -0.8278 -0.1342 0.5447
vn -0.9021 -0.1558 0.4025
vn -0.8872 -0.1085 0.4485
vn -0.9438 -0.1271 0.3052
vn -0.9345 -0.0882 0.3450
vn -0.9735 -0.1045 0.2035
vn -0.9688 -0.0730 0.2368
vn -0.9912 -0.0874 0.0989
vn -0.9901 -0.0627 0.1257
vn -0.9972 -0.0738 0.0137
vn -0.9982 -0.0227 0.0550
vn -0.8410 -0.2232 0.4928
vn -0.9067 -0.2388 0.3476
vn -0.8956 -0.1879 0.4031
vn -0.9444 -0.2005 0.2606
vn -0.9384 -0.1599 0.3064
vn -0.9708 -0.1701 0.1691
vn -0.9688 -0.1388 0.2052
vn -0.9863 -0.1473 0.0745
vn -0.9870 -0.1245 0.1012
vn -0.9914 -0.1306 -0.0022
vn -0.9945 -0.0924 0.0486
vn -0.0685 -0.6949 0.7159
vn -0.2289 -0.6803 0.6963
vn -0.1439 -0.6427 0.7525
vn -0.3037 -0.6187 0.7246
vn -0.2433 -0.5937 0.7670
vn -0.3959 -0.5595 0.7281
vn -0.3558 -0.5445 0.7595
vn -0.4955 -0.5011 0.7095
vn -0.4696 -0.4925 0.7327
vn -0.5920 -0.4423 0.6738
vn -0.5761 -0.4376 0.6904
vn -0.6789 -0.3838 0.6259
vn -0.7261 -0.3956 0.5624
vn -0.7258 -0.3963 0.5623
vn -0.8105 -0.4143 0.4140
vn -0.8250 -0.3801 0.4182
vn -0.8802 -0.3876 0.2739
vn -0.8850 -0.3756 0.2753
vn -0.9257 -0.3176 0.2052
vn -0.9214 -0.3308 0.2038
vn -0.9538 -0.2667 0.1382
vn -0.9730 -0.2167 0.0798
vn -0.9772 -0.1962 0.0817
vn -0.9888 0.0254 -0.1468
vn -0.9891 0.0488 -0.1386
vn -0.9911 0.0261 -0.1303
vn -0.9901 -0.0027 -0.1401
vn -0.9984 -0.0070 -0.0568
vn -0.9955 -0.0719 -0.0619
vn -0.9968 -0.0757 0.0267
vn -0.9923 -0.1215 0.0229
vn -0.9847 -0.1675 0.0483
vn -0.9837 -0.1733 0.0478
vn -0.9711 -0.2174 0.0984
vn -0.9694 -0.2254 0.0977
vn -0.9487 -0.2751 0.1557
vn -0.9511 -0.2663 0.1564
vn -0.9228 -0.3176 0.2179
vn -0.9187 -0.3301 0.2168
vn -0.8763 -0.3256 0.3552
vn -0.8660 -0.3545 0.3526
vn -0.7962 -0.3412 0.4997
vn -0.7975 -0.3377 0.5000
vn -0.6990 -0.3133 0.6428
vn -0.7115 -0.2790 0.6449
vn -0.6539 -0.2623 0.7096
vn -0.5625 -0.3100 0.7665
vn -0.5649 -0.3108 0.7644
vn -0.4538 -0.3575 0.8163
vn -0.4661 -0.3618 0.8074
vn -0.3352 -0.4052 0.8506
vn -0.2607 -0.3753 0.8895
vn -0.2758 -0.3483 0.8959
vn -0.1577 -0.2985 0.9413
vn -0.1568 -0.3003 0.9409
vn -0.0535 -0.2536 0.9658
vn -0.0452 -0.2692 0.9620
vn 0.0108 -0.2422 0.9702
vn -0.9982 0.0528 0.0300
vn -0.9957 0.0661 0.0651
vn -0.9995 -0.0072 0.0300
vn -0.9885 0.0098 0.1509
vn -0.9924 -0.0194 0.1217
vn -0.9642 0.0016 0.2653
vn -0.9719 -0.0315 0.2332
vn -0.9266 -0.0091 0.3760
vn -0.9387 -0.0464 0.3416
vn -0.8759 -0.0220 0.4820
vn -0.8931 -0.0645 0.4453
vn -0.8133 -0.0375 0.5807
vn -0.8361 -0.0866 0.5417
vn -0.7407 -0.0563 0.6695
vn -0.7694 -0.1135 0.6286
vn -0.6597 -0.0790 0.7474
vn -0.9837 -0.1711 -0.0551
vn -0.9837 -0.1768 -0.0326
vn -0.9841 -0.1767 0.0168
vn -0.9771 -0.1988 0.0759
vn -0.9760 -0.1987 0.0891
vn -0.9586 -0.2286 0.1696
vn -0.9606 -0.2289 0.1576
vn -0.9282 -0.2665 0.2598
vn -0.9158 -0.2646 0.3022
vn -0.8899 -0.2980 0.3455
vn -0.8557 -0.2915 0.4277
vn -0.8577 -0.2848 0.4280
vn -0.7753 -0.2654 0.5731
vn -0.7853 -0.2322 0.5740
vn -0.6784 -0.2022 0.7063
vn -0.6943 -0.1453 0.7049
vn -0.6276 -0.1236 0.7687
vn -0.5531 -0.1622 0.8172
vn -0.5381 -0.1571 0.8281
vn -0.4464 -0.1962 0.8731
vn -0.3577 -0.1643 0.9193
vn -0.4047 -0.0419 0.9135
vn -0.3176 -0.0735 0.9454
vn -0.3582 0.0441 0.9326
vn -0.2890 0.0173 0.9572
vn -0.2888 0.0166 0.9573
vn -0.1615 0.0778 0.9838
vn -0.0188 -0.7529 0.6579
vn -0.0282 -0.7425 0.6693
vn -0.0239 -0.7409 0.6711
vn -0.0843 -0.7166 0.6924
vn -0.1408 -0.7288 0.6701
vn -0.1447 -0.7017 0.6976
vn -0.1637 -0.7481 0.6431
vn -0.2243 -0.7340 0.6410
vn -0.2071 -0.7259 0.6558
vn -0.3519 -0.7055 0.6151
vn -0.2953 -0.6828 0.6683
vn -0.4401 -0.6516 0.6179
vn -0.3975 -0.6362 0.6612
vn -0.5339 -0.5943 0.6015
vn -0.5026 -0.5843 0.6371
vn -0.6250 -0.5334 0.5699
vn -0.6022 -0.5272 0.5995
vn -0.7072 -0.4706 0.5277
vn -0.7436 -0.4782 0.4673
vn -0.7632 -0.4394 0.4738
vn -0.8313 -0.4508 0.3252
vn -0.8372 -0.4383 0.3271
vn -0.8922 -0.3760 0.2501
vn -0.8861 -0.3914 0.2482
vn -0.9276 -0.3305 0.1743
vn -0.9308 -0.3208 0.1753
vn -0.9578 -0.2659 0.1096
vn -0.9642 -0.2402 0.1120
vn -0.9790 -0.1953 0.0586
vn -0.9832 -0.1724 0.0606
vn -0.9913 -0.1269 0.0344
vn -0.9971 -0.0648 0.0390
vn -0.9977 -0.0625 -0.0252
vn -0.9998 0.0081 -0.0199
vn -0.9967 0.0105 -0.0799
vn -0.9964 0.0304 -0.0786
vn -0.9943 0.0523 -0.0927
vn 0.0764 0.6075 -0.7906
vn 0.1271 0.6530 -0.7466
vn 0.2371 0.7993 -0.5521
vn 0.2747 0.8225 -0.4980
vn 0.4774 0.8444 0.2430
vn 0.4681 0.8836 0.0124
vn 0.3829 0.8948 -0.2297
vn 0.3860 0.8970 -0.2154
vn 0.3501 0.8743 -0.3361
vn 0.4868 0.5729 0.6594
vn 0.4871 0.5818 0.6514
vn 0.4853 0.5945 0.6411
vn 0.4963 0.6273 0.6002
vn 0.5024 0.7400 0.4472
vn 0.5253 0.6822 0.5085
vn 0.5120 0.7578 0.4044
vn 0.5405 0.7418 0.3970
vn 0.5303 0.7531 0.3894
vn 0.4817 0.8676 0.1234
vn 0.5105 0.8522 0.1145
vn 0.5173 0.8073 0.2839
vn 0.3597 0.8634 -0.3538
vn 0.4033 0.8771 -0.2607
vn 0.4137 0.8784 -0.2391
vn 0.4365 0.8864 -0.1541
vn 0.4860 0.8728 0.0444
vn 0.0820 0.6106 -0.7877
vn 0.0816 0.6188 -0.7813
vn 0.2595 0.7875 -0.5590
vn 0.2529 0.7768 -0.5768
vn 0.3080 0.8319 -0.4616
vn 0.9844 -0.0000 0.1758
vn 0.9054 -0.0000 0.4246
vn 0.1294 -0.0000 0.9916
vn 0.1758 -0.0017 0.9844
vn 0.9175 -0.0007 0.3978
vn 0.8636 0.0003 0.5042
vn 0.7933 -0.0009 0.6088
vn 0.7721 -0.0000 0.6355
vn 0.6088 -0.0000 0.7934
vn 0.6499 -0.0020 0.7600
vn 0.4246 0.0021 0.9054
vn 0.4720 -0.0000 0.8816
vn 0.3018 -0.0000 0.9534
vn 0.6013 -0.1559 0.7836
vn 0.4179 -0.1772 0.8910
vn 0.2559 -0.2268 0.9397
vn 0.2542 -0.5373 0.8042
vn 0.2542 -0.8042 0.5373
vn 0.2542 -0.9486 0.1887
vn 0.9022 -0.0842 0.4231
vn 0.7876 -0.1202 0.6044
vn 0.7043 -0.1881 0.6845
vn 0.7002 -0.3966 0.5936
vn 0.7002 -0.5936 0.3967
vn 0.7002 -0.5936 0.3966
vn 0.7002 -0.7002 0.1393
vn 0.9838 -0.0350 0.1757
vn 0.9659 -0.1051 0.2366
vn 0.9646 -0.1464 0.2191
vn 0.9646 -0.2191 0.1464
vn 0.9646 -0.2585 0.0514
vn -0.5473 0.0228 -0.8366
vn -0.9731 -0.1736 -0.1515
vn -0.7224 0.6902 -0.0419
vn -0.3250 0.9305 -0.1690
vn -0.2445 0.1245 -0.9616
vn -0.2054 0.1421 -0.9683
vn -0.1329 0.1743 -0.9757
vn -0.1359 0.1752 -0.9751
vn -0.1658 0.5192 -0.8384
vn -0.1486 0.5331 -0.8329
vn -0.1791 0.8092 -0.5595
vn -0.1645 0.8180 -0.5512
vn -0.1541 0.9187 -0.3638
vn -0.1659 0.9647 -0.2047
vn -0.1216 0.9771 -0.1745
vn -0.8107 0.5504 -0.1996
vn -0.8242 0.5052 -0.2559
vn -0.8714 0.4204 -0.2529
vn -0.8168 -0.3229 -0.4781
vn -0.9437 -0.1337 -0.3027
vn -0.9663 -0.0747 -0.2465
vn -0.9696 -0.0789 -0.2315
vn -0.9921 0.0354 -0.1200
vn -0.6732 -0.0742 -0.7357
vn -0.7842 -0.0232 -0.6200
vn -0.8586 0.1696 -0.4838
vn -0.8756 0.4086 -0.2577
vn -0.9730 0.2189 -0.0733
vn -0.4073 0.0817 -0.9096
vn -0.4600 0.1037 -0.8818
vn -0.5371 0.4183 -0.7325
vn -0.5426 0.7038 -0.4586
vn -0.5425 0.7038 -0.4586
vn -0.4930 0.8437 -0.2125
vn -0.5134 0.8398 -0.1766
vn 0.0006 0.5572 0.8304
vn 0.0008 0.5811 0.8138
vn 0.0041 0.5759 0.8175
vn -0.0000 0.5805 0.8143
vn 0.0001 0.5733 0.8193
vn 0.0003 0.5638 0.8259
vn 0.0036 0.5546 0.8321
vn -0.0019 0.5476 0.8367
vn 0.0020 0.5441 0.8390
vn -0.0019 0.5378 0.8431
vn -0.0000 0.5427 0.8400
vn 0.0003 0.5615 0.8275
vn 0.0009 0.5527 0.8334
vn 0.0007 0.5566 0.8307
vn 0.1916 -0.9815 -0.0000
vn 0.2408 -0.9706 -0.0000
vn 0.2194 -0.9756 0.0027
vn 0.5507 -0.8347 -0.0020
vn 0.5972 -0.8021 0.0001
vn 0.7652 -0.6438 -0.0001
vn 0.8295 -0.5585 -0.0024
vn 0.8868 -0.4622 0.0006
vn 0.9687 -0.2482 -0.0007
vn 0.9806 -0.1962 -0.0023
vn 0.9971 -0.0758 -0.0000
vn 0.9768 -0.0000 -0.2141
vn 0.9840 -0.0000 -0.1782
vn 0.9853 0.0003 -0.1706
vn 0.9905 0.0027 -0.1375
vn 0.9930 -0.0042 -0.1181
vn 0.9989 -0.0000 -0.0461
vn 0.9994 0.0051 -0.0344
vn 0.9998 0.0142 -0.0136
vn 1.0000 -0.0000 0.0009
vn 0.7674 0.0007 -0.6411
vn 0.7562 -0.0002 -0.6544
vn 0.7015 0.0024 -0.7127
vn 0.6821 -0.0162 -0.7310
vn 0.5824 0.0118 -0.8128
vn 0.5269 -0.0220 -0.8496
vn 0.4799 -0.0000 -0.8773
vn 0.8800 0.0089 -0.4749
vn 0.8605 -0.0068 -0.5095
vn 0.8150 0.0066 -0.5795
vn 0.8049 -0.0000 -0.5934
vn 0.7709 -0.0000 -0.6370
vn 0.9723 -0.0061 -0.2338
vn 0.9498 0.0094 -0.3127
vn 0.9473 0.0131 -0.3202
vn 0.9299 -0.0002 -0.3678
vn 0.9143 0.0001 -0.4050
vn 0.9140 -0.0000 -0.4058
vn 0.8993 -0.0000 -0.4374
vn 0.9410 -0.1925 0.2783
vn 0.9412 -0.1890 0.2799
vn 0.8012 -0.5501 0.2355
vn 0.8035 -0.5453 0.2387
vn 0.5382 -0.8278 0.1581
vn 0.5406 -0.8258 0.1605
vn 0.1898 -0.9802 0.0555
vn 0.1907 -0.9800 0.0564
vn 0.7990 -0.1925 0.5697
vn 0.6799 -0.5503 0.4848
vn 0.6799 -0.5502 0.4848
vn 0.4567 -0.8279 0.3256
vn 0.1609 -0.9803 0.1148
vn 0.1610 -0.9803 0.1148
vn 0.1559 -0.7837 0.6013
vn 0.2191 -0.1464 0.9647
vn 0.6043 -0.1202 0.7876
vn 0.2585 -0.0514 0.9647
vn 0.0841 -0.4231 0.9022
vn 0.2560 -0.1699 0.9516
vn 0.1464 -0.2191 0.9647
vn 0.8910 -0.1772 0.4179
vn 0.7837 -0.1559 0.6013
vn 0.6589 -0.2570 0.7070
vn 0.5936 -0.3966 0.7002
vn 0.3966 -0.5936 0.7002
vn 0.1393 -0.7002 0.7002
vn 0.3091 -0.5790 0.7545
vn 0.9661 -0.1922 0.1725
vn 0.9286 -0.2674 0.2573
vn 0.8042 -0.5373 0.2542
vn 0.5373 -0.8041 0.2542
vn 0.5373 -0.8042 0.2542
vn 0.1887 -0.9486 0.2542
vn 0.1934 -0.5991 -0.7770
vn 0.4302 -0.8720 -0.2336
vn 0.5443 -0.8057 -0.2338
vn 0.5954 -0.7760 -0.2079
vn 0.8224 -0.5495 -0.1472
vn 0.7779 -0.5969 -0.1961
vn 0.9762 -0.2166 -0.0131
vn 0.9636 -0.2582 -0.0692
vn 0.1936 -0.7798 -0.5954
vn 0.3471 -0.6631 -0.6631
vn 0.5423 -0.5941 -0.5941
vn 0.8224 -0.4023 -0.4023
vn 0.9794 -0.1426 -0.1426
vn 0.1887 -0.2542 -0.9486
vn 0.5423 -0.2175 -0.8116
vn 0.8224 -0.1472 -0.5495
vn 0.9794 -0.0522 -0.1948
vn 0.1295 -0.0037 -0.9916
vn 0.9844 -0.0000 -0.1758
vn 0.9808 -0.0010 -0.1951
vn 0.9175 0.0002 -0.3978
vn 0.8315 -0.0016 -0.5556
vn 0.8636 -0.0044 -0.5041
vn 0.3018 -0.0004 -0.9534
vn 0.4720 0.0007 -0.8816
vn 0.5556 -0.0026 -0.8315
vn 0.6499 -0.0000 -0.7600
vn 0.7721 -0.0000 -0.6355
vn 0.7064 -0.0392 0.7068
vn 0.7061 -0.0428 0.7068
vn 0.7052 -0.0488 0.7073
vn 0.7058 -0.0448 0.7070
vn -0.9588 -0.2606 0.1129
vn -0.9613 -0.2636 -0.0799
vn -0.9551 -0.2963 -0.0000
vn 1.0000 0.0002 -0.0001
vn 1.0000 -0.0008 0.0001
vn 1.0000 -0.0001 -0.0000
vn 0.9590 -0.2817 -0.0321
vn 0.4992 -0.8665 0.0012
vn 0.4963 -0.8681 -0.0006
vn 0.4966 -0.8680 0.0005
vn 0.4997 -0.8662 -0.0025
vn 0.5005 -0.8657 0.0005
vn 0.5033 -0.8641 -0.0056
vn 0.5025 -0.8646 0.0005
vn 0.4931 -0.8700 0.0025
vn 0.5462 -0.8377 0.0043
vn 0.5533 -0.8330 0.0040
vn 0.5802 -0.8145 0.0042
vn 0.5532 -0.8330 0.0079
vn 0.6165 -0.7873 0.0099
vn 0.6577 -0.7531 0.0174
vn 0.8203 -0.5701 0.0455
vn 0.8088 -0.5863 0.0453
vn 0.7634 -0.6448 0.0381
vn 0.7805 -0.6243 0.0333
vn 0.7296 -0.6831 0.0326
vn 0.9065 -0.4164 0.0700
vn 0.8975 -0.4354 0.0698
vn 0.8680 -0.4927 0.0615
vn 0.8788 -0.4736 0.0582
vn 0.8428 -0.5351 0.0576
vn 0.9518 -0.2971 0.0761
vn 0.9452 -0.3159 0.0825
vn 0.9625 -0.2531 0.0982
vn 0.9791 -0.1621 0.1232
vn 0.9787 -0.1480 0.1420
vn 0.9778 -0.1450 0.1514
vn 0.9941 -0.0804 0.0724
vn 0.9953 -0.0634 0.0726
vn 0.9950 -0.0685 0.0725
vn 0.9907 -0.1031 0.0884
vn 0.9934 -0.0918 0.0684
vn 0.9933 -0.0941 0.0676
vn 0.9942 -0.0807 0.0712
vn 0.9887 -0.1157 0.0957
vn 0.9874 -0.1249 0.0970
vn 0.9840 -0.1499 0.0960
vn 0.9849 -0.1472 0.0915
vn 0.9819 -0.1594 0.1024
vn 0.9938 -0.1107 -0.0079
vn 0.9950 -0.0993 0.0080
vn 0.9953 -0.0950 0.0183
vn 0.9940 -0.1061 -0.0259
vn 0.9937 -0.1087 -0.0255
vn 0.9970 -0.0681 -0.0368
vn 0.9971 -0.0662 -0.0368
vn 0.9785 -0.2061 -0.0114
vn 0.9877 -0.1538 -0.0273
vn 0.9885 -0.1490 -0.0254
vn 0.9365 -0.3506 0.0001
vn 0.9520 -0.3060 -0.0099
vn 0.9753 -0.2207 0.0026
vn 0.8646 -0.5024 0.0116
vn 0.8607 -0.5089 0.0122
vn 0.8589 -0.5121 0.0119
vn 0.8512 -0.5247 0.0112
vn 0.8682 -0.4962 0.0112
vn 0.8785 -0.4776 0.0101
vn 0.8924 -0.4512 0.0100
vn 0.9084 -0.4181 -0.0007
vn 0.9314 -0.3640 -0.0009
vn 0.8289 -0.5593 0.0094
vn 0.8090 -0.5876 0.0122
vn 0.7749 -0.6320 0.0087
vn 0.7493 -0.6622 0.0112
vn 0.7169 -0.6971 0.0074
vn 0.6844 -0.7291 0.0093
vn 0.6582 -0.7528 0.0058
vn 0.6179 -0.7862 0.0099
vn 0.6179 -0.7862 0.0064
vn 0.6122 -0.7906 0.0071
vn 0.5178 -0.8555 0.0089
vn 0.5424 -0.8401 0.0055
vn 0.5743 -0.8186 0.0036
vn 0.4927 -0.8702 0.0004
vn 0.4916 -0.8708 0.0010
vn 0.4839 -0.8751 0.0036
vn 0.4804 -0.8770 0.0044
vn 0.4878 -0.8730 0.0029
vn 0.4722 -0.8815 0.0060
vn 0.4811 -0.8766 0.0043
vn 0.4845 -0.8748 0.0038
vn 0.5532 -0.8331 -0.0043
vn 0.5028 -0.8643 0.0130
vn 0.5035 -0.8639 0.0128
vn 0.8600 -0.5088 0.0392
vn 0.8691 -0.4934 0.0342
vn 0.8086 -0.5874 0.0335
vn 0.8209 -0.5705 0.0278
vn 0.7490 -0.6620 0.0269
vn 0.7638 -0.6452 0.0209
vn 0.6842 -0.7290 0.0200
vn 0.6900 -0.7236 0.0178
vn 0.6958 -0.7180 0.0178
vn 0.9948 -0.0950 0.0363
vn 0.9928 -0.1069 0.0534
vn 0.9865 -0.1546 0.0532
vn 0.9873 -0.1504 0.0507
vn 0.9750 -0.2166 0.0505
vn 0.9758 -0.2134 0.0486
vn 0.9554 -0.2912 0.0485
vn 0.9469 -0.3165 0.0561
vn 0.9332 -0.3566 0.0439
vn 0.9801 -0.1670 0.1073
vn 0.9782 -0.1749 0.1116
vn 0.9708 -0.2123 0.1115
vn 0.9784 -0.1836 0.0946
vn 0.9696 -0.2239 0.0984
vn 0.9950 -0.0936 -0.0351
vn 0.9956 -0.0938 0.0019
vn 0.9888 -0.1492 0.0020
vn 0.9880 -0.1546 0.0052
vn 0.9785 -0.2063 0.0054
vn 0.9762 -0.2165 0.0115
vn 0.9592 -0.2823 0.0117
vn 0.9565 -0.2913 0.0144
vn 0.9363 -0.3508 0.0146
vn 0.9341 -0.3567 0.0164
vn 0.9025 -0.4305 0.0165
vn 0.9016 -0.4303 0.0435
vn 0.9076 -0.4179 0.0397
vn 0.9045 -0.4165 0.0913
vn 0.9283 -0.3653 0.0690
vn 0.6759 0.0245 -0.7366
vn 0.9804 0.0569 -0.1887
vn 0.9545 -0.0363 -0.2959
vn 0.9462 0.0180 -0.3232
vn 0.8824 -0.0040 -0.4704
vn 0.9984 0.0055 -0.0562
vn 0.9986 0.0018 -0.0537
vn 1.0000 0.0016 -0.0003
vn 1.0000 0.0027 0.0001
vn 1.0000 0.0011 -0.0010
vn 1.0000 0.0013 0.0001
vn 1.0000 0.0013 -0.0000
vn 1.0000 0.0011 0.0001
vn 1.0000 0.0005 -0.0000
vn 1.0000 0.0006 0.0001
vn 0.9999 -0.0090 0.0147
vn 0.9893 0.0178 0.1446
vn 0.9937 -0.0161 0.1105
vn 0.9978 0.0009 0.0657
vn 0.9998 -0.0013 0.0207
vn 0.9659 -0.0000 0.2588
vn 0.9554 -0.0028 0.2955
vn 0.9479 -0.0602 0.3127
vn 0.9677 -0.0000 0.2522
vn 0.9676 -0.0000 0.2524
vn 0.9730 -0.0005 0.2309
vn 0.9685 0.0057 0.2489
vn 0.9690 0.0051 0.2470
vn 0.9771 -0.0055 0.2128
vn 0.9770 0.0253 0.2115
vn 0.9773 0.0193 0.2112
vn 0.9472 0.0472 -0.3171
vn 0.9873 -0.0380 -0.1540
vn 0.9807 0.0096 -0.1955
vn 0.9907 0.0017 -0.1363
vn 0.9839 -0.0715 -0.1641
vn 0.7288 0.0169 -0.6845
vn 0.7286 -0.0073 -0.6849
vn 0.7929 0.0233 -0.6089
vn 0.7857 0.0100 -0.6185
vn 0.8835 -0.0064 -0.4684
vn 0.8864 0.0217 -0.4623
vn 0.9608 -0.0461 -0.2735
vn 0.7291 0.0198 -0.6841
vn 0.7311 0.0291 -0.6816
vn 0.6744 -0.0003 -0.7384
vn 0.6761 0.0049 -0.7368
vn 0.6665 0.0067 -0.7454
vn 0.6665 0.0068 -0.7455
vn 0.9745 -0.1766 0.1387
vn 0.9763 0.1367 0.1679
vn 0.9607 -0.1768 0.2141
vn 0.9325 -0.1763 0.3153
vn 0.8985 -0.1768 0.4018
vn 0.8851 0.0476 0.4630
vn 0.8645 -0.1765 0.4706
vn 0.4255 -0.4609 0.7788
vn 0.4646 -0.2458 0.8507
vn 0.8001 -0.1765 0.5733
vn 0.8027 0.0433 0.5948
vn 0.7530 -0.1768 0.6338
vn 0.6903 -0.1763 0.7017
vn 0.5730 -0.1763 0.8003
vn 0.4680 -0.1766 0.8659
vn 0.4783 -0.0732 0.8751
vn 0.3678 -0.6399 0.6747
vn 0.1853 -0.9216 0.3410
vn 0.0847 -0.9841 0.1561
vn 0.0827 -0.9850 0.1512
vn 0.1006 -0.9850 0.1404
vn 0.1005 -0.9850 0.1404
vn 0.1211 -0.9850 0.1231
vn 0.1388 -0.9850 0.1028
vn 0.1531 -0.9850 0.0800
vn 0.1530 -0.9850 0.0800
vn 0.1636 -0.9850 0.0553
vn 0.1702 -0.9850 0.0293
vn 0.9832 -0.1766 0.0454
vn 0.9832 -0.1767 0.0454
vn 0.8397 -0.5416 0.0388
vn 0.1721 -0.9850 0.0080
vn 0.1722 -0.9850 0.0080
vn 0.5339 -0.8452 0.0247
vn 0.5275 -0.8447 0.0907
vn 0.5070 -0.8447 0.1715
vn 0.4742 -0.8447 0.2481
vn 0.4743 -0.8447 0.2481
vn 0.4300 -0.8447 0.3187
vn 0.3753 -0.8447 0.3816
vn 0.3753 -0.8447 0.3815
vn 0.3116 -0.8447 0.4352
vn 0.2518 -0.8451 0.4716
vn 0.2767 -0.8163 0.5070
vn 0.3970 -0.5415 0.7411
vn 0.4897 -0.5408 0.6839
vn 0.5899 -0.5408 0.5996
vn 0.5899 -0.5409 0.5996
vn 0.6758 -0.5408 0.5008
vn 0.6758 -0.5409 0.5008
vn 0.7453 -0.5408 0.3899
vn 0.7968 -0.5409 0.2695
vn 0.8290 -0.5409 0.1425
vn 0.8290 -0.5408 0.1425
vn 0.4768 0.3399 0.8106
vn 0.9973 0.0182 0.0707
vn 0.9108 0.4088 0.0585
vn 0.3044 0.9523 0.0209
vn 0.2373 0.8790 0.4136
vn 0.3766 0.6880 0.6203
vn 0.9748 0.1519 0.1632
vn 0.9770 -0.0391 0.2097
vn 0.2394 0.9706 0.0248
vn 0.2357 0.9705 0.0504
vn 0.2262 0.9729 0.0473
vn 0.9609 0.1529 0.2310
vn 0.9279 0.1528 0.3400
vn 0.9278 0.1539 0.3399
vn 0.8985 0.1542 0.4109
vn 0.8799 0.0720 0.4697
vn 0.8678 0.1547 0.4722
vn 0.7988 0.1547 0.5814
vn 0.8110 0.0681 0.5810
vn 0.2214 0.9731 0.0637
vn 0.2091 0.9749 0.0765
vn 0.2077 0.9752 0.0758
vn 0.1950 0.9753 0.1041
vn 0.1895 0.9767 0.1004
vn 0.1733 0.9767 0.1262
vn 0.1713 0.9773 0.1244
vn 0.1517 0.9775 0.1465
vn 0.1374 0.9812 0.1352
vn 0.1604 0.9774 0.1373
vn 0.7612 0.1553 0.6296
vn 0.7106 0.1550 0.6863
vn 0.7106 0.1551 0.6863
vn 0.6265 0.1553 0.7638
vn 0.6161 -0.0238 0.7873
vn 0.5721 0.1554 0.8054
vn 0.4932 0.1550 0.8560
vn 0.5000 0.0843 0.8619
vn 0.4406 0.4744 0.7621
vn 0.5425 0.4744 0.6933
vn 0.5424 0.4745 0.6932
vn 0.6332 0.4745 0.6115
vn 0.6332 0.4743 0.6116
vn 0.7118 0.4743 0.5180
vn 0.7122 0.4734 0.5184
vn 0.7772 0.4734 0.4146
vn 0.7781 0.4712 0.4154
vn 0.8283 0.4712 0.3031
vn 0.8298 0.4679 0.3040
vn 0.8642 0.4678 0.1851
vn 0.8658 0.4646 0.1858
vn 0.8834 0.4645 0.0625
vn 0.9860 0.1515 0.0698
vn 0.9806 0.1841 0.0667
vn 0.9969 0.0344 0.0706
vn 0.3847 0.6742 0.6305
vn 0.4554 0.6737 0.5820
vn 0.4553 0.6738 0.5819
vn 0.5315 0.6738 0.5133
vn 0.5317 0.6735 0.5135
vn 0.5977 0.6735 0.4350
vn 0.5985 0.6723 0.4356
vn 0.6531 0.6723 0.3484
vn 0.6553 0.6696 0.3497
vn 0.6976 0.6695 0.2552
vn 0.7009 0.6655 0.2566
vn 0.7299 0.6654 0.1562
vn 0.7335 0.6612 0.1572
vn 0.7484 0.6611 0.0524
vn 0.7961 0.6024 0.0578
vn 0.2870 0.8348 0.4699
vn 0.3396 0.8344 0.4340
vn 0.3395 0.8345 0.4339
vn 0.3963 0.8345 0.3827
vn 0.3966 0.8342 0.3831
vn 0.4460 0.8342 0.3244
vn 0.4472 0.8331 0.3255
vn 0.4882 0.8331 0.2601
vn 0.4916 0.8304 0.2624
vn 0.5236 0.8303 0.1910
vn 0.5290 0.8262 0.1937
vn 0.5511 0.8261 0.1173
vn 0.5569 0.8219 0.1193
vn 0.5687 0.8218 0.0360
vn 0.6303 0.7751 0.0453
vn 0.1031 0.9801 0.1698
vn 0.1116 0.9775 0.1788
vn 0.1301 0.9775 0.1663
vn 0.1028 0.9851 0.1378
vn 0.1373 0.9776 0.1595
vn -0.0000 -0.8315 0.5556
vn -0.0000 -0.9845 0.1756
vn 0.0004 -0.9808 0.1951
vn -0.0001 -0.9230 0.3847
vn 0.0005 -0.8194 0.5733
vn -0.0000 -0.1951 0.9808
vn 0.0029 -0.0747 0.9972
vn 0.0003 -0.2492 0.9684
vn -0.0005 -0.5556 0.8315
vn 0.0022 -0.4651 0.8852
vn -0.0000 -0.6436 0.7654
vn 0.6008 0.1610 -0.7830
vn 0.1890 0.1890 -0.9636
vn 0.0692 0.2582 -0.9636
vn 0.8720 0.2337 -0.4300
vn 0.7760 0.2079 -0.5955
vn 0.6561 0.2718 -0.7041
vn 0.5086 0.5086 -0.6948
vn 0.5086 0.5086 -0.6947
vn 0.1862 0.6947 -0.6947
vn 0.9486 0.2542 -0.1887
vn 0.9194 0.3005 -0.2536
vn 0.7668 0.5884 -0.2568
vn 0.6721 0.6721 -0.3108
vn 0.5884 0.7668 -0.2567
vn 0.2506 0.9351 -0.2506
vn 0.4392 0.1177 -0.8906
vn 0.1918 0.1844 -0.9640
vn -1.0000 -0.0000 -0.0000
vn 0.9999 0.0022 0.0110
vn 1.0000 0.0005 0.0015
vn 1.0000 0.0004 0.0011
vn -0.0000 0.9854 0.1705
vn -0.0002 0.9831 0.1833
vn 0.0003 0.8354 0.5497
vn -0.0019 0.8868 0.4621
vn -0.0000 0.5601 0.8284
vn -0.0018 0.4746 0.8802
vn 0.0008 0.6900 0.7239
vn 0.0199 0.9002 0.4349
vn 0.5731 0.3216 0.7537
vn 0.5492 0.3201 0.7719
vn 0.0974 0.9240 0.3699
vn 0.0771 0.9889 0.1271
vn 0.2696 0.7913 0.5487
vn 0.2572 0.8851 0.3880
vn 0.4112 0.6618 0.6268
vn 0.1994 0.6058 0.7702
vn 0.2823 0.4956 0.8214
vn 0.0528 0.6890 0.7229
vn -0.1373 0.7468 0.6508
vn 0.0398 0.7372 0.6745
vn 0.1391 0.1594 0.9774
vn 0.0073 0.2625 0.9649
vn 0.0643 0.2957 0.9531
vn 0.2930 0.5276 0.7974
vn 0.0654 0.4215 0.9045
vn 0.0884 0.4883 0.8682
vn 0.4832 0.2042 0.8514
vn 0.5150 0.2321 0.8251
vn 0.4763 0.3007 0.8263
vn 0.5004 0.3186 0.8051
vn 0.4317 0.5056 0.7470
vn 0.5595 0.3798 0.7367
vn 0.5449 0.3744 0.7503
vn 0.3578 0.7128 0.6032
vn 0.4358 0.5085 0.7426
vn 0.2375 0.7825 0.5757
vn 0.2824 0.6681 0.6884
vn 0.1203 0.8608 0.4946
vn 0.0742 0.7643 0.6406
vn 0.4774 0.1384 0.8677
vn 0.5018 0.1483 0.8522
vn 0.2112 0.0464 0.9763
vn 0.1751 0.0514 0.9832
vn 0.1655 0.0477 0.9851
vn 0.1666 0.0411 0.9852
vn 0.4858 0.1060 0.8676
vn 0.5119 0.1139 0.8514
vn -0.0636 0.1944 -0.9789
vn -0.0818 0.1896 -0.9785
vn -0.0936 0.1917 -0.9770
vn -0.1096 0.1895 -0.9757
vn -0.1320 0.1931 -0.9723
vn -0.1327 0.1927 -0.9722
vn -0.1793 0.1857 -0.9661
vn -0.0010 -0.8315 0.5556
vn 0.0009 -0.9847 0.1741
vn -0.0000 -0.9808 0.1951
vn -0.0002 -0.5556 0.8315
vn -0.0009 -0.5689 0.8224
vn 0.0010 -0.8547 0.5191
vn -0.0000 -0.3645 0.9312
vn -0.0005 -0.1758 0.9844
vn -0.0000 -0.1886 0.9821
vn 0.5649 -0.8236 -0.0510
vn 0.1998 -0.9797 -0.0181
vn 0.9783 -0.1875 -0.0882
vn 0.8370 -0.5420 -0.0755
vn 0.8558 -0.1875 -0.4821
vn 0.7322 -0.5420 -0.4125
vn 0.4942 -0.8236 -0.2784
vn 0.3363 -0.8236 -0.4567
vn 0.4982 -0.5420 -0.6767
vn 0.4983 -0.5420 -0.6767
vn 0.5824 -0.1875 -0.7910
vn 0.2062 -0.1875 -0.9604
vn 0.2063 -0.1875 -0.9604
vn 0.1765 -0.5420 -0.8216
vn 0.1191 -0.8236 -0.5545
vn 0.1192 -0.8236 -0.5545
vn 0.0421 -0.9797 -0.1961
vn 0.1189 -0.9797 -0.1615
vn 0.5649 -0.8236 -0.0509
vn 0.1748 -0.9797 -0.0984
vn 0.9988 0.0460 0.0141
vn 0.9538 0.3005 0.0022
vn 0.9776 0.1203 0.1729
vn 0.8357 0.5437 0.0772
vn 0.8153 0.5624 0.1378
vn 0.6946 0.6982 0.1733
vn 0.5274 0.8433 0.1032
vn 0.4440 0.8808 0.1642
vn 0.1729 0.9683 0.1805
vn 0.1730 0.5517 0.8159
vn 0.5329 0.4740 0.7010
vn 0.5328 0.4740 0.7010
vn 0.8381 0.3055 0.4518
vn 0.8382 0.3055 0.4518
vn 0.9839 0.1000 0.1480
vn 0.9839 0.1001 0.1480
vn 0.9839 0.1455 0.1034
vn 0.1719 0.8229 0.5415
vn 0.1720 0.8229 0.5415
vn 0.5304 0.7082 0.4660
vn 0.8365 0.4577 0.3012
vn 0.9858 0.1400 0.0922
vn 0.9844 0.1617 0.0692
vn 0.1566 0.2841 0.9459
vn 0.9445 0.0780 0.3190
vn 0.7616 0.1609 0.6277
vn 0.7621 0.1608 0.6272
vn 0.3740 0.2228 0.9002
vn 0.4788 0.2230 0.8491
vn 0.0749 0.2383 0.9683
vn 0.1567 0.2411 0.9578
vn 0.9844 0.0672 0.1625
vn 0.1566 0.3774 0.9127
vn 0.1757 0.3754 0.9100
vn 0.4787 0.3364 0.8110
vn 0.5390 0.3197 0.7793
vn 0.7620 0.2493 0.5976
vn 0.8421 0.2032 0.4995
vn 0.9445 0.1278 0.3026
vn 0.9973 0.0234 0.0701
vn 0.9973 0.0253 0.0694
vn 0.1566 0.3376 0.9282
vn 0.4787 0.3001 0.8251
vn 0.7620 0.2213 0.6085
vn 0.9445 0.1123 0.3087
vn 0.9973 0.0252 0.0694
vn 0.9973 0.0214 0.0707
vn 0.9744 0.0548 0.2181
vn 0.9972 0.0312 0.0681
vn 0.9445 0.0952 0.3144
vn 0.7619 0.1877 0.6198
vn 0.4786 0.2545 0.8403
vn 0.0840 0.2888 0.9537
vn 0.2067 0.3322 0.9203
vn -0.1332 -0.2949 -0.9462
vn -0.3395 -0.3009 -0.8912
vn -0.3864 -0.1949 -0.9015
vn -0.2648 0.0397 -0.9635
vn -0.9879 -0.0313 -0.1520
vn -0.9814 0.0148 -0.1912
vn -0.7976 0.1722 -0.5781
vn -0.9192 0.0686 -0.3878
vn -0.9495 0.0792 -0.3035
vn -0.9407 0.0611 -0.3336
vn -0.9645 0.0591 -0.2575
vn -0.9588 0.0489 -0.2800
vn -0.9763 0.0561 -0.2088
vn -0.9757 0.0483 -0.2137
vn -0.9819 -0.1708 -0.0818
vn -0.9878 -0.1243 -0.0934
vn -0.6889 0.0453 -0.7234
vn -0.7561 0.1390 -0.6395
vn -0.7422 0.0222 -0.6698
vn -0.8219 0.1299 -0.5546
vn -0.8159 0.0396 -0.5768
vn -0.8786 0.1152 -0.4634
vn -0.8775 0.0629 -0.4754
vn -0.9253 0.0961 -0.3667
vn -0.9254 0.0919 -0.3676
vn -0.9612 0.0741 -0.2656
vn -0.9585 0.1273 -0.2553
vn -0.9859 0.0441 -0.1611
vn -0.9762 0.1660 -0.1398
vn -0.9985 0.0124 -0.0539
vn -0.5870 0.0751 -0.8061
vn -0.5714 0.0991 -0.8147
vn -0.5388 0.0610 -0.8402
vn -0.4927 0.0655 -0.8678
vn -0.4739 0.0851 -0.8765
vn -0.4232 0.0325 -0.9054
vn -0.2195 0.0268 -0.9752
vn -0.1460 0.0411 -0.9884
vn -0.1133 0.0313 -0.9931
vn -0.0466 -0.0285 -0.9985
vn 0.0019 -0.2379 -0.9713
vn -0.0288 -0.1996 -0.9794
vn 0.0313 -0.1735 -0.9843
vn -0.0898 -0.2742 -0.9575
vn -0.0153 -0.2586 -0.9659
vn -0.0178 -0.2913 -0.9565
vn -0.0417 -0.2424 -0.9693
vn -0.0133 -0.3149 -0.9490
vn -0.0216 -0.2682 -0.9631
vn -0.2786 -0.2652 -0.9231
vn -0.1925 -0.2114 -0.9583
vn -0.1023 -0.2189 -0.9704
vn -0.1197 -0.2521 -0.9603
vn -0.0705 -0.2267 -0.9714
vn -0.5074 -0.0720 -0.8587
vn -0.4424 -0.0964 -0.8916
vn -0.3987 -0.1203 -0.9092
vn -0.7305 0.0898 -0.6770
vn -0.6986 0.0615 -0.7128
vn -0.6738 0.0313 -0.7382
vn -0.6730 -0.0083 -0.7396
vn -0.7597 -0.0128 -0.6501
vn -0.7589 0.0823 -0.6460
vn -0.7687 0.0921 -0.6329
vn -0.7674 0.1366 -0.6264
vn -0.7945 0.1464 -0.5893
vn -0.6969 0.2552 -0.6703
vn -0.8034 0.1758 -0.5689
vn -0.8073 0.1457 -0.5719
vn -0.8178 0.1323 -0.5602
vn -0.8215 0.0889 -0.5632
vn -0.8212 0.0893 -0.5636
vn -0.4525 -0.1628 -0.8768
vn -0.6149 -0.1735 -0.7693
vn -0.6295 -0.0487 -0.7754
vn -0.6409 -0.0338 -0.7668
vn -0.7034 -0.2479 -0.6661
vn -0.7433 -0.2077 -0.6359
vn -0.7528 -0.1494 -0.6411
vn -0.6000 -0.2863 -0.7470
vn -0.6462 -0.2474 -0.7219
vn -0.6579 -0.1875 -0.7294
vn -0.7755 -0.1876 -0.6029
vn -0.7895 -0.0697 -0.6098
vn -0.4673 -0.3145 -0.8263
vn -0.5130 -0.2818 -0.8109
vn -0.5255 -0.2243 -0.8207
vn -0.6864 -0.2301 -0.6899
vn -0.7063 -0.0985 -0.7010
vn -0.8082 -0.1007 -0.5802
vn -0.8135 0.0222 -0.5812
vn -0.8239 0.0062 -0.5667
vn -0.7426 0.0106 -0.6696
vn -0.7322 -0.1364 -0.6673
vn -0.5822 -0.1304 -0.8025
vn -0.5575 -0.2676 -0.7858
vn -0.4343 -0.2589 -0.8628
vn -0.3423 -0.2886 -0.8942
vn -0.3648 -0.0767 -0.9279
vn -0.3094 -0.1671 -0.9362
vn -0.3109 -0.1869 -0.9319
vn -0.2132 -0.2097 -0.9542
vn -0.1976 -0.2819 -0.9389
vn -0.0797 -0.2607 -0.9621
vn -0.0699 -0.3031 -0.9504
vn -0.0182 -0.2914 -0.9564
vn -0.5884 -0.0490 -0.8071
vn -0.5062 -0.0713 -0.8594
vn -0.4902 -0.1859 -0.8515
vn -0.3514 -0.1734 -0.9200
vn -0.3299 -0.2807 -0.9013
vn -0.1802 -0.2593 -0.9488
vn -0.1667 -0.3180 -0.9333
vn -0.0606 -0.2963 -0.9532
vn -0.0616 -0.2919 -0.9545
vn -0.0026 -0.2789 -0.9603
vn -0.0298 -0.2605 -0.9650
vn -0.2838 -0.3221 -0.9032
vn -0.2552 -0.3028 -0.9182
vn -0.4313 -0.3280 -0.8405
vn -0.3876 -0.2991 -0.8719
vn -0.5573 -0.3167 -0.7675
vn -0.5077 -0.2836 -0.8135
vn -0.6605 -0.2939 -0.6909
vn -0.6124 -0.2602 -0.7465
vn -0.7423 -0.2649 -0.6154
vn -0.9852 -0.1624 -0.0546
vn -0.9854 -0.1609 -0.0550
vn -0.9780 -0.1630 -0.1299
vn -0.9906 -0.1364 -0.0068
vn -0.9910 -0.1328 -0.0144
vn -0.9833 -0.1346 -0.1228
vn -0.9826 -0.1311 -0.1313
vn -0.9634 -0.1319 -0.2334
vn -0.8084 -0.2344 -0.5399
vn -0.7007 -0.2333 -0.6743
vn -0.7003 -0.2348 -0.6741
vn -0.6193 -0.2292 -0.7509
vn -0.5908 -0.2521 -0.7664
vn -0.5169 -0.2449 -0.8202
vn -0.4888 -0.2649 -0.8312
vn -0.3985 -0.2538 -0.8814
vn -0.3740 -0.2697 -0.8874
vn -0.2666 -0.2535 -0.9299
vn -0.2491 -0.2641 -0.9318
vn -0.1441 -0.2458 -0.9585
vn -0.1319 -0.2529 -0.9585
vn -0.9957 -0.0925 -0.0105
vn -0.9947 -0.0689 -0.0767
vn -0.9895 -0.0685 -0.1274
vn -0.9897 -0.0714 -0.1241
vn -0.9678 -0.0699 -0.2418
vn -0.9691 -0.0761 -0.2348
vn -0.9324 -0.0734 -0.3538
vn -0.9353 -0.0823 -0.3443
vn -0.8837 -0.0783 -0.4615
vn -0.9992 -0.0226 -0.0324
vn -0.9984 -0.0125 -0.0549
vn -0.9908 -0.0106 -0.1350
vn -0.9917 -0.0172 -0.1277
vn -0.9680 -0.0135 -0.2505
vn -0.9701 -0.0215 -0.2419
vn -0.9318 -0.0168 -0.3626
vn -0.9350 -0.0256 -0.3538
vn -0.8822 -0.0196 -0.4704
vn -0.8867 -0.0291 -0.4615
vn -0.8203 -0.0218 -0.5716
vn -0.9975 0.0527 -0.0477
vn -0.9979 0.0490 -0.0414
vn -0.9882 0.0535 -0.1437
vn -0.9899 0.0447 -0.1343
vn -0.9646 0.0505 -0.2588
vn -0.9675 0.0412 -0.2494
vn -0.9278 0.0475 -0.3700
vn -0.9317 0.0383 -0.3612
vn -0.8780 0.0452 -0.4764
vn -0.8827 0.0363 -0.4685
vn -0.8159 0.0441 -0.5766
vn -0.8214 0.0349 -0.5692
vn -0.7425 0.0437 -0.6684
vn -0.3235 0.0248 -0.9459
vn -0.4032 0.0469 -0.9139
vn -0.3800 0.0292 -0.9245
vn -0.4696 0.0183 -0.8827
vn -0.4876 0.0331 -0.8724
vn -0.5687 0.0236 -0.8222
vn -0.5845 0.0382 -0.8105
vn -0.6706 0.0283 -0.7413
vn -0.6677 -0.0254 -0.7440
vn -0.7558 -0.0358 -0.6538
vn -0.7512 -0.0901 -0.6539
vn -0.8295 -0.0976 -0.5500
vn -0.8249 -0.1360 -0.5487
vn -0.8895 -0.1393 -0.4351
vn -0.8867 -0.1589 -0.4341
vn -0.9330 -0.1587 -0.3230
vn -0.9332 -0.1577 -0.3230
vn -0.9613 -0.1557 -0.2272
vn -0.9680 -0.1002 -0.2300
vn -0.9800 -0.0989 -0.1727
vn -0.9839 -0.0369 -0.1751
vn -0.9932 -0.0361 -0.1104
vn -0.9788 -0.0665 -0.1939
vn -0.9710 -0.0278 -0.2373
vn -0.9579 -0.0283 -0.2858
vn -0.9674 -0.0124 -0.2528
vn -0.9548 -0.0516 -0.2927
vn -0.9506 -0.1102 -0.2902
vn -0.9144 -0.1131 -0.3886
vn -0.9050 -0.1824 -0.3843
vn -0.8400 -0.1843 -0.5103
vn -0.8387 -0.1919 -0.5097
vn -0.7624 -0.1894 -0.6187
vn -0.7661 -0.1680 -0.6204
vn -0.6761 -0.1608 -0.7191
vn -0.6830 -0.1139 -0.7215
vn -0.5989 -0.1041 -0.7941
vn -0.5822 -0.1180 -0.8045
vn -0.5002 -0.1074 -0.8592
vn -0.4834 -0.1200 -0.8671
vn -0.3888 -0.1068 -0.9151
vn -0.3733 -0.1175 -0.9202
vn -0.2671 -0.1016 -0.9583
vn -0.2539 -0.1102 -0.9609
vn -0.1500 -0.0939 -0.9842
vn -0.1352 -0.1031 -0.9854
vn -0.0312 -0.0861 -0.9958
vn -0.0396 -0.0698 -0.9968
vn -0.6299 0.0711 -0.7734
vn -0.6603 0.1105 -0.7428
vn -0.6601 0.0426 -0.7500
vn -0.7500 0.0327 -0.6606
vn -0.7480 -0.0235 -0.6633
vn -0.8262 -0.0323 -0.5625
vn -0.8225 -0.0839 -0.5626
vn -0.8884 -0.0896 -0.4502
vn -0.8845 -0.1261 -0.4491
vn -0.9306 -0.1278 -0.3431
vn -0.9268 -0.1348 -0.3506
vn -0.9645 -0.1347 -0.2271
vn -0.9615 -0.1561 -0.2260
vn -0.9764 -0.1544 -0.1511
vn -0.9824 -0.1069 -0.1534
vn -0.9855 -0.1065 -0.1321
vn -0.9877 -0.0940 -0.1250
vn -0.9321 0.0846 -0.3522
vn -0.9349 0.0376 -0.3528
vn -0.9520 0.0365 -0.3039
vn -0.9576 0.0283 -0.2868
vn -0.9659 0.0278 -0.2575
vn -0.9710 0.0189 -0.2383
vn -0.9818 0.0184 -0.1888
vn -0.8602 0.1018 -0.4996
vn -0.8842 0.1241 -0.4504
vn -0.8888 0.0727 -0.4525
vn -0.8921 0.0796 -0.4448
vn -0.8946 0.0305 -0.4458
vn -0.8927 0.0266 -0.4499
vn -0.8927 -0.0298 -0.4497
vn -0.8833 -0.0469 -0.4665
vn -0.8809 -0.0871 -0.4652
vn -0.8644 -0.1138 -0.4898
vn -0.8576 -0.1673 -0.4863
vn -0.9504 0.0583 -0.3054
vn -0.9404 0.0277 -0.3390
vn -0.9409 -0.0126 -0.3385
vn -0.9385 -0.0187 -0.3447
vn -0.9376 -0.0526 -0.3437
vn -0.9321 -0.0654 -0.3563
vn -0.9267 -0.1285 -0.3533
vn -0.8734 -0.1322 -0.4686
vn -0.8620 -0.2060 -0.4631
vn -0.7761 -0.2070 -0.5957
vn -0.7749 -0.2132 -0.5951
vn -0.6848 -0.2086 -0.6983
vn -0.6896 -0.1827 -0.7007
vn -0.6067 -0.1749 -0.7755
vn -0.5843 -0.1930 -0.7882
vn -0.5062 -0.1840 -0.8426
vn -0.4841 -0.2001 -0.8519
vn -0.3917 -0.1877 -0.9008
vn -0.3718 -0.2010 -0.9063
vn -0.2658 -0.1850 -0.9461
vn -0.2500 -0.1949 -0.9484
vn -0.1473 -0.1778 -0.9730
vn -0.1328 -0.1866 -0.9734
vn -0.7807 -0.2068 -0.5897
vn -0.8115 -0.1698 -0.5592
vn -0.8146 -0.1482 -0.5608
vn -0.8393 -0.1147 -0.5314
vn -0.8430 -0.0703 -0.5332
vn -0.8585 -0.0468 -0.5107
vn -0.8595 0.0196 -0.5108
vn -0.8646 0.0284 -0.5016
vn -0.8618 0.0863 -0.4998
vn -0.8596 0.0823 -0.5043
vn -0.8553 0.1296 -0.5017
vn -0.8537 0.1266 -0.5052
vn -0.8236 0.1709 -0.5408
vn -0.9881 -0.0100 -0.1536
vn -0.9807 0.0278 -0.1935
vn -0.9809 -0.0294 -0.1923
vn -0.9721 -0.0298 -0.2328
vn -0.9680 -0.1002 -0.2301
vn -0.9457 -0.1023 -0.3087
vn -0.9378 -0.1652 -0.3052
vn -0.8927 -0.1673 -0.4185
vn -0.8917 -0.1732 -0.4181
vn -0.8300 -0.1723 -0.5305
vn -0.8330 -0.1530 -0.5317
vn -0.7550 -0.1479 -0.6389
vn -0.7605 -0.1060 -0.6406
vn -0.6717 -0.0966 -0.7345
vn -0.6775 -0.0394 -0.7345
vn -0.5926 -0.0288 -0.8050
vn -0.5787 -0.0409 -0.8145
vn -0.4953 -0.0299 -0.8682
vn -0.4806 -0.0414 -0.8759
vn -0.3862 -0.0283 -0.9220
vn -0.3723 -0.0383 -0.9273
vn -0.2673 -0.0233 -0.9633
vn -0.2557 -0.0312 -0.9663
vn -0.1495 -0.0158 -0.9886
vn -0.1366 -0.0243 -0.9903
vn -0.0323 -0.0091 -0.9994
vn -0.0578 0.0391 -0.9976
vn -0.0294 0.0335 -0.9990
vn -0.8919 0.0882 -0.4436
vn -0.9089 0.1135 -0.4014
vn -0.9132 0.0619 -0.4028
vn -0.9167 0.0703 -0.3934
vn -0.9187 0.0290 -0.3938
vn -0.9192 -0.0187 -0.3934
vn -0.9140 -0.0299 -0.4047
vn -0.9125 -0.0665 -0.4037
vn -0.9023 -0.0860 -0.4224
vn -0.8950 -0.1545 -0.4185
vn -0.8532 -0.1574 -0.4972
vn -0.8134 -0.2097 -0.5425
vn -0.7799 -0.2108 -0.5893
vn -0.7465 -0.2469 -0.6179
vn -0.7036 -0.2471 -0.6662
vn -0.6630 -0.2841 -0.6926
vn -0.6011 -0.2822 -0.7477
vn -0.5575 -0.3160 -0.7677
vn -0.4686 -0.3092 -0.8275
vn -0.4292 -0.3356 -0.8385
vn -0.3083 -0.3204 -0.8957
vn -0.2825 -0.3272 -0.9017
vn -0.1462 -0.3037 -0.9415
vn -0.1461 -0.3041 -0.9414
vn -0.0510 -0.2843 -0.9574
vn -0.0607 -0.2393 -0.9690
vn -0.0462 -0.2476 -0.9678
vn -0.0610 -0.1739 -0.9829
vn -0.0392 -0.1868 -0.9816
vn -0.0512 -0.1224 -0.9912
vn -0.0598 -0.1240 -0.9905
vn -0.0000 -1.0000 -0.0001
vn -0.0001 -1.0000 -0.0001
vn -0.0001 -1.0000 -0.0002
vn 0.0001 -1.0000 0.0001
vn -0.0000 -1.0000 0.0001
vn 0.0001 -1.0000 -0.0000
vn -0.0001 -1.0000 -0.0003
vn -0.0002 -1.0000 -0.0001
vn -0.0020 -0.0000 1.0000
vn 0.0052 -0.0000 1.0000
vn 0.0056 -0.0000 1.0000
vn 0.0064 -0.0000 1.0000
vn 0.0074 -0.0000 1.0000
vn 0.0089 0.0001 1.0000
vn 0.0150 0.0007 0.9999
vn 0.1119 0.0201 0.9935
vn 0.1233 -0.0000 0.9924
vn 0.3303 -0.0000 0.9439
vn 0.5320 -0.0000 0.8467
vn 0.8467 -0.0000 0.5320
vn 0.9439 -0.0000 0.3303
vn -0.0166 0.0012 0.9999
vn -0.0122 0.0006 0.9999
vn -0.0087 0.0003 1.0000
vn -0.0040 -0.0000 1.0000
vn -0.1120 -0.0000 -0.9937
vn -0.3303 -0.0000 -0.9439
vn -0.5320 -0.0000 -0.8467
vn -0.7071 -0.0000 -0.7071
vn -0.8467 -0.0000 -0.5320
vn -0.9439 -0.0000 -0.3303
vn -0.9937 -0.0000 -0.1120
vn -0.9937 -0.0000 0.1120
vn -0.9439 -0.0000 0.3303
vn -0.8467 -0.0000 0.5320
vn -0.7071 -0.0000 0.7071
vn -0.5320 -0.0000 0.8467
vn -0.3303 -0.0000 0.9439
vn -0.1120 -0.0000 0.9937
vn -0.1232 0.0224 0.9921
vn -0.0208 0.0019 0.9998
vn 0.0171 0.0011 -0.9999
vn 0.0060 -0.0000 -1.0000
vn 0.0068 0.0034 -1.0000
vn 0.0043 0.0010 -1.0000
vn 0.0025 0.0002 -1.0000
vn 0.0008 -0.0000 -1.0000
vn 0.1232 0.0224 -0.9921
vn 0.1120 -0.0000 -0.9937
vn 0.3303 -0.0000 -0.9439
vn 0.5320 -0.0000 -0.8467
vn 0.8467 -0.0000 -0.5320
vn 0.9439 -0.0000 -0.3303
vn 0.9937 -0.0000 0.1120
vn 0.9937 -0.0000 -0.1120
vn -0.0891 0.5465 0.8327
vn -0.1653 0.5313 0.8309
vn -0.1897 0.4758 0.8589
vn -0.1652 0.4711 0.8665
vn -0.5363 0.4185 0.7329
vn -0.5098 0.4156 0.7533
vn -0.7142 0.3437 0.6098
vn -0.9826 0.1281 0.1344
vn -0.9524 0.1517 0.2644
vn -0.8082 0.2902 0.5124
vn -0.8825 0.2892 0.3708
vn -0.8225 0.2943 0.4866
vn -0.3092 0.5260 0.7923
vn -0.5371 0.4411 0.7190
vn -0.5099 0.4651 0.7236
vn -0.7233 0.3688 0.5838
vn -0.8080 0.2811 0.5177
vn -0.9336 0.2590 0.2474
vn -0.9006 0.1337 0.4137
vn -0.1636 0.9853 0.0498
vn -0.0406 0.9858 0.1629
vn -0.0442 0.9842 0.1713
vn -0.0874 0.9062 0.4137
vn -0.4764 0.8696 0.1298
vn -0.8957 0.3494 0.2749
vn -0.8970 0.3422 0.2797
vn -0.8538 0.3665 0.3696
vn -0.9874 0.0901 0.1301
vn -0.1857 0.5900 0.7858
vn -0.1805 0.5329 0.8267
vn -0.5060 0.5377 0.6744
vn -0.5194 0.4650 0.7169
vn -0.6610 0.4724 0.5830
vn -0.2380 0.9707 0.0343
vn -0.1889 0.9796 0.0687
vn -0.4649 0.8789 0.1063
vn -0.5802 0.8057 0.1192
vn -0.1457 0.9756 0.1640
vn -0.0754 0.9914 0.1068
vn -0.2710 0.8918 0.3624
vn -0.2449 0.9075 0.3413
vn -0.8253 0.5494 0.1309
vn -0.7540 0.6498 0.0962
vn -0.8872 0.3675 0.2790
vn -0.7381 0.6519 0.1739
vn -0.6450 0.6526 0.3976
vn -0.4157 0.8679 0.2718
vn -0.3834 0.8919 0.2397
vn -0.1442 0.9849 0.0958
vn -0.1050 0.9928 0.0580
vn -0.9691 0.2203 0.1111
vn -0.9505 0.2767 0.1413
vn -0.8678 0.4744 0.1477
vn -0.1307 0.8463 0.5164
vn -0.1372 0.7494 0.6478
vn -0.3960 0.7506 0.5289
vn -0.4131 0.7104 0.5698
vn -0.5829 0.7135 0.3888
vn -0.7999 0.3519 0.4861
vn -0.7977 0.3632 0.4815
vn -0.8870 0.2630 0.3795
vn -0.3151 0.2100 0.9255
vn -0.1561 0.0187 0.9876
vn -0.2266 0.0385 0.9732
vn -0.4537 0.0481 0.8898
vn -0.5616 0.0719 0.8243
vn -0.7511 0.0802 0.6552
vn -0.5650 0.1918 0.8025
vn -0.5023 0.3303 0.7991
vn -0.3972 0.2556 0.8814
vn -0.2798 0.3741 0.8842
vn -0.0326 0.1539 0.9876
vn -0.0177 0.1289 0.9915
vn -0.1448 0.2091 0.9671
vn -0.0850 0.1512 0.9848
vn -0.1989 0.1227 0.9723
vn -0.1068 0.0733 0.9916
vn -0.0676 0.4462 0.8924
vn -0.1294 0.5183 0.8453
vn -0.2016 0.3890 0.8989
vn -0.4179 0.4784 0.7724
vn -0.4258 0.3798 0.8213
vn -0.7780 0.4556 0.4326
vn -0.6913 0.3606 0.6262
vn -0.7487 0.2228 0.6244
vn -0.8175 0.2489 0.5193
vn -0.9767 0.1146 0.1812
vn -0.9182 0.1116 0.3800
vn -0.8990 0.1140 0.4228
vn -0.8482 0.1005 0.5201
vn -0.7036 0.0864 0.7053
vn -0.6822 0.1931 0.7052
vn -0.4357 0.1380 0.8894
vn -0.3606 0.1062 0.9267
vn -0.1500 0.0494 0.9874
vn -0.1226 0.0372 0.9918
vn -0.9377 0.2654 0.2243
vn -0.2280 0.9650 0.1297
vn -0.2376 0.9260 0.2932
vn -0.2352 0.9136 0.3316
vn -0.2147 0.8174 0.5346
vn -0.2274 0.8224 0.5215
vn -0.2109 0.5298 0.8214
vn -0.2180 0.5221 0.8246
vn -0.2225 0.3369 0.9149
vn -0.2173 0.1689 0.9614
vn -0.2222 0.1761 0.9589
vn -0.5525 0.1626 0.8175
vn -0.6966 0.3610 0.6201
vn -0.9000 0.1052 0.4231
vn -0.8542 0.4941 0.1621
vn -0.9345 0.1859 0.3035
vn -0.8204 0.5482 0.1628
vn -0.8669 0.4742 0.1535
vn -0.2579 0.9454 0.1992
vn -0.4529 0.8710 0.1903
vn -0.5700 0.8000 0.1873
vn -0.6444 0.1537 0.7491
vn -0.6371 0.4099 0.6527
vn -0.6458 0.6258 0.4375
vn -0.6629 0.6811 0.3109
vn -0.7371 0.6437 0.2058
vn -0.9194 0.2715 0.2847
vn -0.7824 0.0755 0.6182
vn -0.0001 1.0000 -0.0000
vn -0.0002 1.0000 0.0003
vn -0.0001 1.0000 0.0001
vn 0.0006 1.0000 -0.0010
vn 0.0004 1.0000 -0.0009
vn -0.0005 1.0000 0.0009
vn 0.0002 1.0000 -0.0001
vn -0.0003 1.0000 0.0003
vn -0.0000 0.1113 0.9938
vn 0.0010 0.1540 0.9881
vn -0.0013 0.4084 0.9128
vn -0.0000 0.4472 0.8944
vn -0.0000 0.5420 0.8404
vn -0.0000 0.9986 0.0530
vn -0.0023 0.9911 0.1332
vn -0.0012 0.9872 0.1596
vn -0.0000 0.1768 0.9842
vn 0.0162 0.3434 0.9391
vn -0.0000 0.1730 0.9849
vn 0.0006 0.9612 0.2758
vn -0.0000 0.9533 0.3019
vn -0.0000 0.9080 0.4190
vn 0.0038 0.9400 0.3411
vn -0.0096 0.7963 0.6049
vn -0.0000 0.8445 0.5356
vn -0.9286 0.1434 0.3423
vn -0.8869 0.1439 0.4389
vn -0.9747 0.1194 0.1892
vn -0.7166 0.2154 0.6634
vn -0.9925 0.0749 0.0967
vn -0.7714 -0.1502 0.6184
vn -0.5638 0.0448 0.8247
vn -0.6512 0.2414 0.7195
vn -0.6241 0.2143 0.7514
vn -0.6292 0.2176 0.7461
vn -0.6278 0.2168 0.7475
vn -0.6234 0.2148 0.7519
vn -0.6080 0.2085 0.7661
vn -0.6595 0.1843 0.7287
vn -0.6265 0.1386 0.7670
vn -0.6515 0.1027 0.7517
vn -0.5806 0.2505 0.7747
vn -0.5659 0.2389 0.7891
vn -0.5948 0.2461 0.7653
vn -0.4990 0.2605 0.8265
vn -0.4796 0.2456 0.8424
vn -0.5214 0.2584 0.8133
vn -0.4108 0.2729 0.8699
vn -0.4051 0.2590 0.8768
vn -0.4038 0.2585 0.8775
vn -0.4293 0.2651 0.8634
vn -0.7277 0.2238 0.6483
vn -0.7488 0.2191 0.6255
vn -0.7451 0.2195 0.6298
vn -0.7373 0.2209 0.6385
vn -0.3828 0.3102 0.8702
vn -0.3864 0.3287 0.8618
vn -0.4562 0.2819 0.8441
vn -0.4909 0.3199 0.8103
vn -0.5670 0.2638 0.7804
vn -0.5954 0.2900 0.7493
vn -0.6671 0.2334 0.7074
vn -0.6818 0.2513 0.6870
vn -0.7036 0.2373 0.6698
vn -0.7174 0.2283 0.6582
vn -0.7597 0.2063 0.6166
vn -0.7581 0.2080 0.6180
vn -0.7485 0.2186 0.6261
vn -0.7558 0.2188 0.6171
vn -0.7507 0.2190 0.6233
vn -0.8166 0.0620 0.5739
vn -0.8197 -0.0150 0.5726
vn -0.8315 -0.0504 0.5533
vn -0.8356 -0.0375 0.5480
vn -0.8380 -0.0303 0.5448
vn -0.8400 -0.0252 0.5420
vn -0.8420 -0.0201 0.5391
vn -0.8432 -0.0178 0.5374
vn -0.3449 0.1381 0.9284
vn -0.2569 -0.0376 0.9657
vn -0.3906 0.0963 0.9155
vn -0.4174 0.0882 0.9044
vn -0.4123 0.0804 0.9075
vn -0.4948 0.0967 0.8636
vn -0.4977 0.0998 0.8616
vn -0.5612 0.0220 0.8274
vn -0.6256 0.0585 0.7779
vn -0.6634 -0.0037 0.7482
vn -0.7622 -0.0952 0.6404
vn -0.6976 -0.0995 0.7095
vn -0.7060 -0.0378 0.7072
vn -0.7521 -0.1142 0.6491
vn -0.8677 -0.1127 0.4842
vn -0.8434 -0.1052 0.5270
vn -0.8840 -0.1112 0.4540
vn -0.9110 -0.0884 0.4029
vn -0.9074 -0.0846 0.4117
vn -0.9425 -0.0686 0.3271
vn -0.9423 -0.0690 0.3275
vn -0.9231 -0.0831 0.3756
vn -0.9785 -0.0584 0.1976
vn -0.9785 -0.0489 0.2005
vn -0.9822 -0.0321 0.1850
vn -0.9817 -0.0223 0.1889
vn -0.9861 0.0059 0.1661
vn -0.9857 0.0091 0.1682
vn -0.9875 0.0365 0.1536
vn -0.9794 0.1735 0.1032
vn -0.9833 0.1489 0.1046
vn -0.9846 0.1180 0.1289
vn -0.9845 0.1187 0.1293
vn -0.9895 0.0584 0.1321
vn -0.9812 0.0907 0.1706
vn -0.9864 0.0616 0.1526
vn -0.9898 0.1400 0.0277
vn -0.9843 0.1700 0.0472
vn -0.9937 0.0066 0.1123
vn -0.9742 0.0726 0.2136
vn -0.9854 0.0791 0.1507
vn -0.9907 0.0793 0.1107
vn -0.9793 0.0951 0.1785
vn -0.9619 0.0780 0.2621
vn -0.9528 0.0851 0.2914
vn -0.9333 0.0837 0.3492
vn -0.9351 0.0857 0.3439
vn -0.9164 0.0890 0.3902
vn -0.7259 0.0945 0.6812
vn -0.6754 0.0653 0.7345
vn -0.7188 0.0870 0.6897
vn -0.7525 0.0717 0.6547
vn -0.7178 0.0343 0.6954
vn -0.7433 -0.0195 0.6687
vn -0.7433 -0.0575 0.6665
vn -0.8046 -0.0543 0.5914
vn -0.8013 -0.1116 0.5878
vn -0.8157 -0.1317 0.5633
vn -0.8140 -0.1471 0.5620
vn -0.8127 -0.1352 0.5669
vn -0.8093 -0.1473 0.5686
vn -0.7750 -0.1199 0.6205
vn -0.7508 -0.1015 0.6527
vn -0.7527 -0.0464 0.6567
vn -0.7030 -0.0485 0.7095
vn -0.6641 -0.0202 0.7474
vn -0.6481 -0.0284 0.7610
vn -0.5973 0.0007 0.8020
vn -0.8018 -0.1833 0.5688
vn -0.8105 -0.1659 0.5618
vn -0.8743 -0.1598 0.4583
vn -0.8689 -0.1305 0.4775
vn -0.8721 -0.1000 0.4790
vn -0.8383 -0.1029 0.5355
vn -0.8411 -0.0588 0.5376
vn -0.7990 -0.0615 0.5982
vn -0.7997 -0.0165 0.6002
vn -0.7887 0.0229 0.6144
vn -0.8449 0.1332 0.5180
vn -0.8630 0.0896 0.4971
vn -0.8644 0.0725 0.4976
vn -0.8264 0.0732 0.5583
vn -0.8029 0.1601 0.5742
vn -0.7830 0.1364 0.6068
vn -0.7800 0.1851 0.5978
vn -0.8379 0.1809 0.5150
vn -0.8152 0.0799 0.5736
vn -0.8471 0.1329 0.5145
vn -0.3540 0.3278 0.8759
vn -0.3310 0.3111 0.8909
vn -0.4348 0.3271 0.8390
vn -0.3962 0.3008 0.8675
vn -0.5320 0.3139 0.7864
vn -0.4914 0.2905 0.8211
vn -0.6155 0.2987 0.7294
vn -0.5746 0.2746 0.7710
vn -0.6862 0.2789 0.6718
vn -0.6479 0.2554 0.7176
vn -0.7460 0.2569 0.6145
vn -0.7124 0.2348 0.6614
vn -0.7973 0.2344 0.5562
vn -0.3836 0.3313 0.8620
vn -0.3639 0.3211 0.8744
vn -0.4873 0.3327 0.8074
vn -0.4404 0.3067 0.8438
vn -0.5885 0.3154 0.7445
vn -0.5391 0.2879 0.7915
vn -0.6718 0.2908 0.6812
vn -0.6247 0.2636 0.7351
vn -0.7385 0.2625 0.6210
vn -0.6965 0.2366 0.6774
vn -0.7918 0.2334 0.5644
vn -0.7564 0.2096 0.6196
vn -0.8356 0.2054 0.5096
vn -0.8073 0.1844 0.5606
vn -0.8452 0.1001 0.5249
vn -0.8603 0.0915 0.5015
vn -0.8518 0.1589 0.4992
vn -0.9031 0.1593 0.3989
vn -0.9016 0.1687 0.3984
vn -0.9358 0.1667 0.3107
vn -0.9419 0.1212 0.3132
vn -0.9812 0.1755 0.0799
vn -0.9834 0.1579 0.0889
vn -0.9709 0.1600 0.1782
vn -0.9697 0.1567 0.1872
vn -0.9547 0.1581 0.2521
vn -0.9569 0.1428 0.2528
vn -0.9553 0.1399 0.2604
vn -0.9739 0.1392 0.1792
vn -0.9742 0.1399 0.1772
vn -0.9844 0.1391 0.1074
vn -0.9851 0.1436 0.0949
vn -0.9890 0.1428 0.0384
vn -0.9962 0.0849 0.0199
vn -0.9963 0.0761 0.0387
vn -0.8789 0.1941 0.4357
vn -0.8202 0.1962 0.5374
vn -0.8222 0.1852 0.5382
vn -0.7481 0.1829 0.6379
vn -0.7556 0.1368 0.6406
vn -0.9244 0.0027 0.3815
vn -0.9210 -0.0113 0.3895
vn -0.8812 -0.0130 0.4726
vn -0.7930 0.1093 0.5993
vn -0.8129 0.0977 0.5742
vn -0.8029 0.1701 0.5713
vn -0.8658 0.1713 0.4702
vn -0.8642 0.1806 0.4696
vn -0.9104 0.1784 0.3732
vn -0.9160 0.1415 0.3754
vn -0.9387 0.1169 0.3242
vn -0.9424 0.0745 0.3260
vn -0.9489 0.0597 0.3100
vn -0.9503 0.0030 0.3114
vn -0.9508 0.0017 0.3099
vn -0.8216 -0.0152 0.5698
vn -0.8397 -0.0187 0.5427
vn -0.8385 -0.0625 0.5412
vn -0.8797 -0.0594 0.4719
vn -0.8827 -0.0717 0.4645
vn -0.9186 -0.0683 0.3892
vn -0.9133 -0.0567 0.4034
vn -0.9491 -0.0533 0.3104
vn -0.9441 -0.0395 0.3272
vn -0.8897 0.0979 0.4460
vn -0.9014 0.0881 0.4240
vn -0.8941 0.1498 0.4221
vn -0.9334 0.1496 0.3262
vn -0.9317 0.1610 0.3256
vn -0.9554 0.1593 0.2486
vn -0.9607 0.1194 0.2508
vn -0.9691 0.1065 0.2227
vn -0.9727 0.0577 0.2248
vn -0.9720 0.0598 0.2271
vn -0.9734 0.0018 0.2289
vn -0.9714 0.0092 0.2374
vn -0.9705 -0.0373 0.2382
vn -0.9666 -0.0232 0.2554
vn -0.9652 -0.0556 0.2555
vn -0.9643 -0.0530 0.2595
vn -0.6286 0.0809 0.7736
vn -0.6920 0.0879 0.7166
vn -0.6843 0.1441 0.7148
vn -0.6987 0.1321 0.7031
vn -0.6877 0.1964 0.6989
vn -0.7725 0.2003 0.6026
vn -0.7697 0.2146 0.6013
vn -0.8413 0.2131 0.4968
vn -0.8471 0.1821 0.4992
vn -0.8904 0.1471 0.4308
vn -0.8927 0.1291 0.4318
vn -0.9108 0.0770 0.4057
vn -0.9124 0.0863 0.4001
vn -0.9150 0.0396 0.4015
vn -0.8757 0.0403 0.4811
vn -0.8766 0.0025 0.4813
vn -0.8542 0.0017 0.5199
vn -0.8446 -0.0148 0.5352
vn 0.0861 0.1901 0.9780
vn 0.0278 0.1912 0.9812
vn 0.0338 0.2323 0.9721
vn 0.1468 0.8653 0.4793
vn 0.1042 0.6339 0.7664
vn 0.1141 0.7117 0.6932
vn 0.0835 0.5045 0.8594
vn 0.1682 0.9767 0.1331
vn 0.1627 0.9563 0.2429
vn 0.1477 0.8727 0.4655
vn 0.1662 0.9624 0.2149
vn 0.1606 0.9256 -0.3428
vn 0.1665 0.9580 -0.2337
vn 0.1670 0.9701 -0.1760
vn 0.1686 0.9837 0.0627
vn 0.1555 0.8785 -0.4517
vn 0.1572 0.8073 -0.5688
vn 0.1104 0.5520 -0.8265
vn 0.1339 0.2810 -0.9503
vn 0.0961 0.2951 -0.9506
vn 0.0792 0.2163 -0.9731
vn 0.2469 0.2814 -0.9273
vn 0.2339 0.2586 -0.9372
vn 0.3757 0.4636 -0.8025
vn 0.4152 0.5023 -0.7585
vn 0.5123 0.6570 -0.5531
vn 0.5161 0.6648 -0.5401
vn 0.5573 0.7153 -0.4216
vn 0.5863 0.7676 -0.2590
vn 0.5893 0.7805 -0.2087
vn 0.6034 0.7960 -0.0479
vn 0.5844 0.7976 0.1492
vn 0.5761 0.7814 0.2398
vn 0.0893 0.1933 0.9771
vn 0.2752 0.4387 0.8554
vn 0.2744 0.4373 0.8565
vn 0.4645 0.6670 0.5825
vn 0.4215 0.5840 0.6938
vn 0.5030 0.7150 0.4856
vn 0.0666 0.1889 0.9797
vn 0.0726 0.1988 0.9774
vn 0.2120 0.4704 0.8566
vn 0.2149 0.4749 0.8534
vn 0.3094 0.6539 0.6904
vn 0.3101 0.6551 0.6890
vn 0.3841 0.7901 0.4776
vn 0.3834 0.7893 0.4796
vn 0.4426 0.8865 0.1350
vn 0.4413 0.8859 0.1429
vn 0.4434 0.8669 -0.2276
vn 0.4434 0.8704 -0.2141
vn 0.3858 0.7329 -0.5603
vn 0.3887 0.7437 -0.5439
vn 0.2769 0.5012 -0.8198
vn 0.2838 0.5212 -0.8049
vn 0.2559 0.4621 -0.8491
vn 0.1840 0.2904 -0.9391
vn 0.0381 0.1891 0.9812
vn 0.0412 0.1985 0.9792
vn 0.1202 0.4970 0.8594
vn 0.1228 0.5042 0.8548
vn 0.1754 0.6991 0.6932
vn 0.1770 0.7039 0.6879
vn 0.2175 0.8503 0.4793
vn 0.2186 0.8527 0.4745
vn 0.2501 0.9590 0.1335
vn 0.2504 0.9592 0.1314
vn 0.2495 0.9400 -0.2327
vn 0.2494 0.9404 -0.2311
vn 0.2151 0.7947 -0.5676
vn 0.2155 0.7975 -0.5635
vn 0.1665 0.6003 -0.7823
vn 0.1580 0.5465 -0.8224
vn 0.1411 0.4829 -0.8642
vn 0.0950 0.2872 -0.9531
vn 0.0027 0.0442 0.9990
vn 0.1048 0.0760 0.9916
vn 0.0193 0.0760 0.9969
vn 0.0082 0.0755 0.9971
vn 0.0047 0.0748 0.9972
vn 0.0017 0.0738 0.9973
vn 0.0006 0.0729 0.9973
vn -0.0000 0.0694 0.9976
vn -0.0001 0.0717 0.9974
vn 0.0003 0.0570 0.9984
vn 0.0014 0.0485 0.9988
vn -0.9983 0.0585 -0.0000
vn -0.9844 0.1758 0.0028
vn -0.9725 0.2330 -0.0000
vn -0.8860 0.4636 -0.0000
vn -0.8422 0.5391 0.0045
vn -0.7661 0.6427 -0.0000
vn -0.6872 0.7265 -0.0000
vn -0.5936 0.8048 -0.0014
vn -0.5972 0.8021 -0.0016
vn -0.4368 0.8995 0.0009
vn -0.1761 0.9844 -0.0063
vn -0.2403 0.9707 -0.0000
vn -0.1082 0.4300 0.8963
vn -0.1691 0.4796 0.8610
vn -0.6138 0.0863 0.7847
vn -0.0444 0.1341 0.9900
vn -0.0863 0.1109 0.9901
vn -0.0350 0.4081 0.9123
vn -0.2187 0.0998 0.9707
vn -0.2739 0.1506 0.9499
vn -0.4056 0.1769 0.8968
vn -0.1750 0.4929 0.8523
vn -0.7781 0.1257 0.6154
vn -0.8088 0.2158 0.5471
vn -0.8383 0.2329 0.4929
vn -0.9829 0.0561 0.1755
vn -0.9052 0.1293 0.4048
vn -0.8465 0.2198 0.4850
vn -0.5388 0.4587 0.7066
vn -0.5547 0.3948 0.7324
vn -0.4780 0.2279 0.8483
vn -0.4826 0.2322 0.8445
vn -0.2198 -0.0058 0.9755
vn -0.2588 -0.0031 0.9659
vn -0.0448 -0.0000 0.9990
vn -0.9844 -0.0000 0.1758
vn -0.9659 -0.0048 0.2588
vn -0.9129 -0.0005 0.4082
vn -0.4121 -0.0004 0.9111
vn -0.4962 -0.0000 0.8682
vn -0.6088 -0.0004 0.7933
vn -0.6161 -0.0000 0.7877
vn -0.7934 -0.0000 0.6088
vn -0.7843 -0.0006 0.6203
vn -0.8677 0.0001 0.4971
vn 0.0005 -0.7919 0.6106
vn -0.0081 -0.9997 0.0225
vn -0.0008 -0.9683 0.2499
vn -0.0019 -0.2588 0.9659
vn -0.0022 -0.2733 0.9619
vn -0.0000 -0.1036 0.9946
vn -0.0005 -0.8209 0.5711
vn -0.0000 -0.7212 0.6927
vn -0.0000 -0.6069 0.7948
vn 0.0009 -0.5629 0.8265
vn -0.0006 -0.3714 0.9285
vn -0.3583 0.1584 0.9201
vn -0.7536 0.1309 0.6442
vn -0.5006 0.4148 0.7598
vn 0.1531 0.9499 0.2726
vn -0.0031 0.9080 0.4190
vn -0.0593 0.8285 0.5568
vn -0.0952 0.7927 0.6022
vn -0.5724 0.1505 0.8061
vn -0.2407 0.6337 0.7352
vn -0.3578 0.4733 0.8050
vn -0.3258 0.4387 0.8375
vn -0.3556 0.1607 0.9207
vn -0.5694 0.1607 0.8062
vn -0.6564 0.2508 0.7115
vn -0.1230 0.1755 0.9768
vn -0.1464 0.1589 0.9764
vn -0.0690 0.5407 0.8384
vn -0.1868 0.4786 0.8579
vn -0.0677 0.7070 0.7040
vn -0.2065 0.7021 0.6814
vn -0.1633 0.0450 0.9856
vn -0.1701 0.0465 0.9843
vn -0.4708 0.1312 0.8724
vn -0.4940 0.1363 0.8587
vn -0.1675 0.0263 0.9855
vn -0.1607 0.0249 0.9867
vn -0.4830 0.0763 0.8723
vn -0.4649 0.0724 0.8824
vn -0.1988 -0.0031 0.9800
vn -0.5327 -0.0031 0.8463
vn -0.5690 -0.0811 0.8183
vn -0.5669 -0.0931 0.8185
vn -0.2335 -0.4340 0.8701
vn -0.2472 -0.3986 0.8832
vn -0.3576 -0.1917 0.9140
vn -0.4697 -0.1857 0.8631
vn -0.4690 -0.1851 0.8636
vn -0.2206 -0.1010 0.9701
vn -0.1816 -0.2689 0.9459
vn -0.1033 -0.4060 0.9080
vn -0.1006 -0.3696 0.9237
vn -0.0828 -0.4503 0.8890
vn -0.1395 -0.5574 0.8184
vn 0.0740 -0.7192 0.6908
vn 0.0789 0.1968 -0.9773
vn 0.0668 0.1901 -0.9795
vn 0.1076 0.1912 -0.9756
vn 0.0968 0.1874 -0.9775
vn 0.1343 0.1937 -0.9718
vn 0.1316 0.1954 -0.9719
vn 0.1805 0.1833 -0.9664
vn -0.0151 0.2505 0.9680
vn -0.2740 0.1416 0.9513
vn -0.2669 0.1872 0.9454
vn -0.1841 0.0317 0.9824
vn -0.1954 0.1188 0.9735
vn -0.1662 0.2217 0.9608
vn -0.1665 0.2468 0.9547
vn -0.1228 0.1605 0.9794
vn -0.1136 0.2631 0.9581
vn -0.1092 0.2534 0.9612
vn -0.0788 0.1996 0.9767
vn -0.0552 0.2498 0.9667
vn -0.0064 0.2458 0.9693
vn -0.0134 0.2823 0.9592
vn -0.0271 0.2269 0.9735
vn -0.0528 0.2442 0.9683
vn -0.0036 0.9700 -0.2433
vn -0.0176 0.9749 -0.2220
vn -0.0217 0.9726 -0.2314
vn -0.0505 0.9723 -0.2284
vn -0.0452 0.9738 -0.2227
vn -0.0780 0.9714 -0.2242
vn -0.0730 0.9736 -0.2162
vn -0.0978 0.9717 -0.2149
vn -0.1249 0.9704 -0.2066
vn -0.1239 0.9709 -0.2051
vn -0.1722 0.9622 -0.2108
vn -0.1625 0.9660 -0.2012
vn -0.2362 0.9457 -0.2234
vn -0.2295 0.9522 -0.2016
vn -0.2942 0.9292 -0.2237
vn -0.2926 0.9299 -0.2230
vn -0.3482 0.9079 -0.2334
vn -0.3571 0.8972 -0.2600
vn -0.4274 0.8641 -0.2657
vn -0.4421 0.8504 -0.2852
vn -0.4727 0.8292 -0.2983
vn -0.4886 0.8091 -0.3264
vn -0.5355 0.7776 -0.3296
vn -0.5410 0.7489 -0.3827
vn -0.5530 0.7378 -0.3871
vn -0.5764 0.7103 -0.4039
vn -0.5851 0.7023 -0.4056
vn -0.5789 0.6685 -0.4669
vn -0.5934 0.6561 -0.4663
vn -0.5991 0.6318 -0.4919
vn -0.6002 0.6298 -0.4931
vn -0.5987 0.6060 -0.5238
vn -0.6111 0.5954 -0.5215
vn -0.5961 0.5455 -0.5891
vn -0.6110 0.5518 -0.5676
vn -0.6053 0.5566 -0.5690
vn -0.5951 0.5763 -0.5601
vn -0.5896 0.5315 -0.6082
vn -0.6159 0.5113 -0.5994
vn -0.5935 0.5228 -0.6119
vn -0.9844 0.0969 0.1468
vn -0.9851 0.0945 0.1439
vn -0.8421 0.2970 0.4503
vn -0.8588 0.2790 0.4297
vn -0.5389 0.4644 0.7027
vn -0.5952 0.4362 0.6749
vn -0.1757 0.5394 0.8235
vn -0.2371 0.5273 0.8159
vn 0.9075 -0.1670 -0.3854
vn 0.9320 -0.1657 -0.3225
vn 0.0772 -0.2717 -0.9593
vn 0.2019 -0.2627 -0.9435
vn 0.4344 -0.2588 -0.8627
vn 0.7021 -0.1355 -0.6991
vn 0.7214 0.0755 -0.6884
vn 0.7705 0.1440 -0.6210
vn 0.6818 0.0422 -0.7304
vn 0.6296 -0.0489 -0.7754
vn 0.3956 -0.1407 -0.9076
vn 0.4146 -0.1075 -0.9036
vn 0.4701 -0.0854 -0.8785
vn 0.5042 -0.0895 -0.8589
vn 0.5427 -0.0530 -0.8383
vn 0.6097 -0.0487 -0.7911
vn 0.2101 -0.2246 -0.9515
vn 0.2352 -0.2039 -0.9503
vn 0.2915 -0.1918 -0.9372
vn 0.0815 -0.2568 -0.9630
vn 0.1233 -0.2173 -0.9683
vn 0.1690 -0.2135 -0.9622
vn 0.0396 -0.0698 -0.9968
vn 0.0434 0.0334 -0.9985
vn 0.6276 0.0438 -0.7773
vn 0.5359 0.1315 -0.8340
vn 0.5689 0.0265 -0.8220
vn 0.4445 0.0969 -0.8905
vn 0.4707 0.0314 -0.8817
vn 0.3468 0.0719 -0.9352
vn 0.7528 0.1640 -0.6375
vn 0.8255 0.2007 -0.5276
vn 0.8962 0.0170 -0.4434
vn 0.9978 0.0537 -0.0398
vn 0.9990 -0.0162 -0.0407
vn 0.9953 -0.0829 -0.0498
vn 0.9831 -0.1754 -0.0523
vn 0.9884 -0.1444 -0.0468
vn 0.9838 -0.1588 -0.0832
vn 0.9878 -0.0934 -0.1249
vn 0.9879 -0.0313 -0.1520
vn 0.9661 0.0190 -0.2574
vn 0.9806 0.0185 -0.1953
vn 0.9881 -0.0099 -0.1537
vn 0.9723 0.0516 -0.2281
vn 0.9799 0.0298 -0.1974
vn 0.9787 0.0386 -0.2016
vn 0.9812 0.0496 -0.1864
vn 0.9634 0.0745 -0.2573
vn 0.9539 0.0462 -0.2964
vn 0.9646 0.0512 -0.2586
vn 0.8553 0.1296 -0.5017
vn 0.8088 0.1328 -0.5729
vn 0.8034 0.1758 -0.5689
vn 0.6209 -0.1323 -0.7726
vn 0.5761 -0.1714 -0.7992
vn 0.4936 -0.1659 -0.8537
vn 0.4492 -0.1826 -0.8746
vn 0.3896 -0.1772 -0.9038
vn 0.5168 -0.2652 -0.8140
vn 0.5662 -0.2265 -0.7925
vn 0.6500 -0.2296 -0.7244
vn 0.6942 -0.1881 -0.6948
vn 0.7468 -0.1881 -0.6379
vn 0.0596 -0.3008 -0.9518
vn 0.0709 -0.2986 -0.9517
vn 0.1439 -0.3136 -0.9386
vn 0.6837 0.0792 -0.7255
vn 0.6603 0.1142 -0.7423
vn 0.6597 0.0296 -0.7509
vn 0.5696 0.0397 -0.8210
vn 0.5837 0.0217 -0.8117
vn 0.4710 0.0350 -0.8815
vn 0.4863 0.0162 -0.8736
vn 0.3686 0.0306 -0.9291
vn 0.3793 0.0225 -0.9250
vn 0.2439 0.0397 -0.9690
vn 0.2633 0.0270 -0.9643
vn 0.1389 0.0383 -0.9896
vn 0.1452 0.0349 -0.9888
vn 0.0569 0.0374 -0.9977
vn 0.0499 -0.2894 -0.9559
vn 0.0627 -0.2869 -0.9559
vn 0.1317 -0.3012 -0.9444
vn 0.1476 -0.2978 -0.9431
vn 0.2518 -0.3169 -0.9144
vn 0.2873 -0.3081 -0.9069
vn 0.3818 -0.3219 -0.8664
vn 0.4372 -0.3053 -0.8459
vn 0.5004 -0.3120 -0.8076
vn 0.5647 -0.2886 -0.7732
vn 0.6047 -0.2913 -0.7413
vn 0.8139 -0.2072 -0.5427
vn 0.8359 -0.2069 -0.5084
vn 0.8420 -0.1726 -0.5111
vn 0.8845 -0.1732 -0.4332
vn 0.8912 -0.1264 -0.4356
vn 0.9972 -0.0691 -0.0281
vn 0.9899 -0.0686 -0.1241
vn 0.9838 -0.1310 -0.1228
vn 0.9649 -0.1319 -0.2271
vn 0.9616 -0.1556 -0.2260
vn 0.9390 -0.1574 -0.3056
vn 0.9448 -0.1108 -0.3082
vn 0.9993 -0.0130 -0.0353
vn 0.9918 -0.0107 -0.1276
vn 0.9893 -0.0713 -0.1273
vn 0.9695 -0.0700 -0.2348
vn 0.9630 -0.1347 -0.2333
vn 0.9741 0.1703 -0.1489
vn 0.9848 0.0994 -0.1422
vn 0.9886 0.0451 -0.1438
vn 0.9672 0.0501 -0.2491
vn 0.9679 -0.0212 -0.2505
vn 0.9352 -0.0172 -0.3536
vn 0.9318 -0.0820 -0.3536
vn 0.8894 -0.0787 -0.4503
vn 0.8829 -0.1390 -0.4485
vn 0.8353 -0.1366 -0.5325
vn 0.8267 -0.1917 -0.5290
vn 0.7793 -0.1902 -0.5972
vn 0.7704 -0.2348 -0.5927
vn 0.7492 -0.2346 -0.6194
vn 0.9663 0.0715 -0.2472
vn 0.9577 0.1335 -0.2548
vn 0.9650 0.0418 -0.2590
vn 0.9315 0.0470 -0.3607
vn 0.9316 -0.0251 -0.3627
vn 0.8870 -0.0201 -0.4613
vn 0.8828 -0.0891 -0.4613
vn 0.8308 -0.0846 -0.5501
vn 0.8226 -0.1524 -0.5478
vn 0.7691 -0.1490 -0.6215
vn 0.7581 -0.2126 -0.6165
vn 0.7055 -0.2099 -0.6769
vn 0.6937 -0.2641 -0.6701
vn 0.6682 -0.2632 -0.6959
vn 0.8782 0.0369 -0.4768
vn 0.8214 0.0435 -0.5687
vn 0.8198 -0.0316 -0.5717
vn 0.7565 -0.0244 -0.6535
vn 0.7496 -0.1048 -0.6536
vn 0.6850 -0.0980 -0.7219
vn 0.6726 -0.1812 -0.7175
vn 0.5881 -0.1729 -0.7901
vn 0.6030 -0.1949 -0.7736
vn 0.4877 -0.1817 -0.8539
vn 0.5026 -0.2023 -0.8405
vn 0.3749 -0.1853 -0.9083
vn 0.3886 -0.2034 -0.8987
vn 0.2524 -0.1828 -0.9502
vn 0.2635 -0.1970 -0.9443
vn 0.1349 -0.1756 -0.9752
vn 0.1452 -0.1887 -0.9712
vn 0.0423 -0.1704 -0.9845
vn 0.0578 -0.1901 -0.9801
vn 0.0391 -0.1868 -0.9816
vn -0.0203 -0.2605 -0.9653
vn 0.7951 0.0774 -0.6015
vn 0.7423 0.0826 -0.6650
vn 0.7424 0.0336 -0.6691
vn 0.6711 0.0415 -0.7402
vn 0.6668 -0.0381 -0.7442
vn 0.5801 -0.0273 -0.8141
vn 0.5914 -0.0426 -0.8053
vn 0.4821 -0.0282 -0.8756
vn 0.4939 -0.0432 -0.8684
vn 0.3738 -0.0267 -0.9271
vn 0.3847 -0.0401 -0.9222
vn 0.2570 -0.0219 -0.9662
vn 0.2660 -0.0327 -0.9634
vn 0.1381 -0.0142 -0.9903
vn 0.1479 -0.0259 -0.9887
vn 0.0323 -0.0091 -0.9994
vn 0.0466 -0.0285 -0.9985
vn 0.8720 0.1404 -0.4689
vn 0.8134 -0.0451 -0.5800
vn 0.8160 0.0356 -0.5770
vn 0.7502 0.0429 -0.6598
vn 0.7474 -0.0347 -0.6635
vn 0.6785 -0.0266 -0.7341
vn 0.6698 -0.1123 -0.7340
vn 0.5844 -0.1023 -0.8050
vn 0.5967 -0.1198 -0.7935
vn 0.4857 -0.1055 -0.8677
vn 0.4980 -0.1220 -0.8585
vn 0.3754 -0.1048 -0.9209
vn 0.3868 -0.1194 -0.9144
vn 0.2556 -0.0998 -0.9616
vn 0.2654 -0.1120 -0.9576
vn 0.1372 -0.0918 -0.9863
vn 0.1480 -0.1052 -0.9834
vn 0.0312 -0.0861 -0.9958
vn 0.0513 -0.1224 -0.9912
vn 0.0598 -0.1240 -0.9905
vn -0.0795 -0.1991 -0.9768
vn 0.9378 0.0400 -0.3449
vn 0.9197 0.1490 -0.3633
vn 0.9281 0.0389 -0.3703
vn 0.8826 0.0447 -0.4680
vn 0.8819 -0.0285 -0.4705
vn 0.8267 -0.0224 -0.5622
vn 0.8212 -0.0968 -0.5623
vn 0.7622 -0.0912 -0.6409
vn 0.7520 -0.1670 -0.6376
vn 0.6932 -0.1623 -0.7023
vn 0.6796 -0.2336 -0.6954
vn 0.5964 -0.2273 -0.7698
vn 0.6139 -0.2539 -0.7474
vn 0.4941 -0.2424 -0.8349
vn 0.5118 -0.2674 -0.8165
vn 0.3783 -0.2510 -0.8910
vn 0.3942 -0.2724 -0.8777
vn 0.2521 -0.2511 -0.9346
vn 0.2638 -0.2665 -0.9270
vn 0.1338 -0.2439 -0.9605
vn 0.1422 -0.2548 -0.9565
vn 0.0484 -0.2368 -0.9703
vn 0.0585 -0.2500 -0.9665
vn 0.0480 -0.2480 -0.9676
vn 0.0026 -0.2789 -0.9603
vn 0.0180 -0.2913 -0.9565
vn 0.0179 -0.2913 -0.9565
vn 0.0160 -0.2683 -0.9632
vn 0.0231 -0.2603 -0.9653
vn 0.0188 -0.2840 -0.9586
vn 0.9828 0.0103 -0.1843
vn 0.9807 0.0291 -0.1935
vn 0.9807 -0.0371 -0.1920
vn 0.9867 -0.0367 -0.1585
vn 0.9907 -0.0670 -0.1182
vn 0.9831 -0.1619 -0.0854
vn 0.9750 -0.1634 -0.1505
vn 0.9832 -0.0983 -0.1537
vn 0.9680 -0.1002 -0.2300
vn 0.9721 -0.0277 -0.2328
vn 0.7976 0.1722 -0.5780
vn 0.8187 0.1712 -0.5481
vn 0.8555 0.1301 -0.5011
vn 0.8567 0.1303 -0.4990
vn 0.8862 0.1049 -0.4513
vn 0.8956 0.1047 -0.4323
vn 0.9114 0.0866 -0.4022
vn 0.9278 0.0830 -0.3638
vn 0.9329 0.0745 -0.3524
vn 0.9507 0.0631 -0.3037
vn 0.9523 0.0286 -0.3038
vn 0.9708 0.0275 -0.2384
vn 0.9710 -0.0299 -0.2372
vn 0.9841 -0.0292 -0.1753
vn 0.9792 -0.1073 -0.1723
vn 0.9855 -0.1065 -0.1321
vn 0.9879 -0.1239 -0.0936
vn 0.9627 -0.0282 -0.2689
vn 0.9581 -0.0125 -0.2862
vn 0.9573 0.0361 -0.2869
vn 0.9437 0.0371 -0.3287
vn 0.9339 0.0601 -0.3526
vn 0.9173 0.0615 -0.3935
vn 0.9126 0.0707 -0.4026
vn 0.8926 0.0724 -0.4450
vn 0.8883 0.0799 -0.4522
vn 0.8622 0.0821 -0.4999
vn 0.8593 0.0865 -0.5041
vn 0.8215 0.0893 -0.5631
vn 0.8164 0.1451 -0.5590
vn 0.7919 0.1465 -0.5928
vn 0.7524 0.2165 -0.6221
vn 0.7048 0.0684 -0.7061
vn 0.7584 0.0946 -0.6449
vn 0.7602 0.0097 -0.6496
vn 0.8135 0.0069 -0.5815
vn 0.8107 -0.0700 -0.5812
vn 0.8573 -0.0704 -0.5101
vn 0.8444 -0.0466 -0.5337
vn 0.8922 -0.0469 -0.4493
vn 0.8839 -0.0298 -0.4668
vn 0.9190 -0.0298 -0.3932
vn 0.9142 -0.0187 -0.4049
vn 0.8577 -0.1673 -0.4862
vn 0.7869 -0.1706 -0.5930
vn 0.8055 -0.2057 -0.5558
vn 0.7117 -0.2079 -0.6710
vn 0.7353 -0.2474 -0.6310
vn 0.6094 -0.2463 -0.7536
vn 0.6370 -0.2873 -0.7153
vn 0.4761 -0.2789 -0.8340
vn 0.5042 -0.3173 -0.8032
vn 0.3395 -0.3009 -0.8912
vn 0.3424 -0.2886 -0.8941
vn 0.3300 -0.2807 -0.9013
vn 0.3483 -0.1910 -0.9177
vn 0.3143 -0.1873 -0.9307
vn 0.3075 -0.0755 -0.9485
vn 0.9284 -0.1122 -0.3541
vn 0.9126 -0.1298 -0.3877
vn 0.8980 -0.1309 -0.4200
vn 0.9386 -0.0126 -0.3447
vn 0.9409 -0.0186 -0.3383
vn 0.9404 0.0277 -0.3389
vn 0.9187 0.0290 -0.3938
vn 0.9188 0.0290 -0.3938
vn 0.8926 0.0306 -0.4499
vn 0.8947 0.0265 -0.4458
vn 0.8593 0.0287 -0.5106
vn 0.8648 0.0192 -0.5017
vn 0.8239 0.0216 -0.5664
vn 0.8213 0.0889 -0.5635
vn 0.7578 0.0927 -0.6459
vn 0.7661 0.0666 -0.6393
vn 0.9910 -0.1328 -0.0154
vn 0.9822 -0.1347 -0.1310
vn 0.9795 -0.1538 -0.1302
vn 0.9613 -0.1561 -0.2271
vn 0.9680 -0.1002 -0.2299
vn 0.9514 -0.1018 -0.2905
vn 0.9548 -0.0516 -0.2926
vn 0.9327 -0.0529 -0.3567
vn 0.9370 -0.0650 -0.3432
vn 0.9036 -0.0668 -0.4231
vn 0.9113 -0.0855 -0.4028
vn 0.8668 -0.0876 -0.4909
vn 0.8786 -0.1130 -0.4639
vn 0.8186 -0.1153 -0.5627
vn 0.8355 -0.1474 -0.5294
vn 0.7813 -0.1490 -0.6061
vn 0.7870 -0.1004 -0.6088
vn 0.7364 -0.0993 -0.6693
vn 0.7421 -0.0118 -0.6702
vn 0.6614 -0.0077 -0.7500
vn 0.6659 -0.0406 -0.7449
vn 0.0512 -0.2354 -0.9705
vn 0.1025 -0.2178 -0.9706
vn 0.0923 -0.2631 -0.9603
vn 0.1760 -0.2783 -0.9442
vn 0.1691 -0.3081 -0.9362
vn 0.2943 -0.3290 -0.8973
vn 0.2851 -0.3169 -0.9046
vn 0.4609 -0.3388 -0.8203
vn 0.4370 -0.3061 -0.8458
vn 0.5920 -0.3177 -0.7407
vn 0.5667 -0.2804 -0.7747
vn 0.6949 -0.2843 -0.6605
vn 0.6720 -0.2466 -0.6983
vn 0.7727 -0.2461 -0.5851
vn 0.7540 -0.2112 -0.6221
vn 0.8728 -0.2053 -0.4428
vn 0.8221 -0.1586 -0.5468
vn 0.8703 -0.1564 -0.4671
vn 0.8660 -0.1840 -0.4650
vn 0.8901 -0.1832 -0.4174
vn 0.8940 -0.1590 -0.4189
vn 0.9331 -0.1586 -0.3229
vn 0.9248 -0.1277 -0.3585
vn 0.9297 -0.1348 -0.3428
vn 0.9359 -0.0737 -0.3443
vn 0.9674 -0.0759 -0.2416
vn 0.9702 -0.0138 -0.2418
vn 0.9907 -0.0170 -0.1350
vn 0.9895 0.0531 -0.1341
vn 0.9976 0.0493 -0.0480
vn 0.9984 0.0226 -0.0521
vn -0.9808 -0.1951 -0.0000
vn -0.8315 -0.5556 -0.0000
vn -0.1951 -0.9808 -0.0000
vn -0.1551 -0.9879 -0.0099
vn -0.3448 -0.9387 -0.0000
vn -0.5556 -0.8315 -0.0000
vn -0.5275 -0.8495 -0.0081
vn -0.6831 -0.7303 -0.0000
vn -0.0006 -0.0808 0.9967
vn 0.0005 0.3236 0.9462
vn -0.0000 0.3436 0.9391
vn 0.0060 0.1390 0.9903
vn -0.0000 -0.0914 0.9958
vn -0.0001 -0.4693 0.8831
vn 0.0047 -0.2985 0.9544
vn -0.0007 -0.5030 0.8643
vn 0.0005 -0.7564 0.6541
vn -0.0046 -0.9014 0.4330
vn 0.0008 -0.8132 0.5820
vn -0.0006 -0.9791 0.2035
vn -0.0000 -0.9841 0.1776
vn -0.1758 -0.9844 -0.0000
vn -0.9844 -0.1758 0.0106
vn -0.8422 -0.5391 -0.0054
vn -0.7933 -0.6088 -0.0000
vn -0.5391 -0.8422 -0.0000
vn -0.6088 -0.7933 -0.0088
vn -0.2588 -0.9659 0.0072
vn -0.0000 0.9948 0.1017
vn -0.0016 0.9812 0.1928
vn 0.0003 0.9506 0.3103
vn -0.0006 0.8328 0.5536
vn -0.0014 0.5536 0.8328
vn -0.0006 0.5927 0.8054
vn 0.0009 0.8034 0.5954
vn -0.0006 0.1722 0.9851
vn 0.0002 0.4323 0.9017
vn -0.7837 0.1559 0.6013
vn -0.9486 0.1887 0.2542
vn -0.8042 0.5373 0.2542
vn -0.5373 0.8042 0.2542
vn -0.1887 0.9486 0.2542
vn -0.2585 0.0514 0.9646
vn -0.6044 0.1202 0.7876
vn -0.7179 0.0754 0.6921
vn -0.5936 0.3966 0.7002
vn -0.3967 0.5936 0.7002
vn -0.3966 0.5936 0.7002
vn -0.1393 0.7002 0.7002
vn -0.2191 0.1464 0.9646
vn -0.1464 0.2191 0.9646
vn -0.0514 0.2585 0.9646
vn -0.0000 0.1951 0.9808
vn 0.0021 0.2588 0.9659
vn -0.0000 0.4422 0.8969
vn -0.0000 0.6088 0.7933
vn 0.0028 0.7071 0.7071
vn -0.0000 0.7933 0.6088
vn -0.0000 0.8969 0.4423
vn 0.0021 0.9659 0.2588
vn 0.9735 -0.1972 0.1157
vn 0.8648 -0.3735 0.3356
vn 0.4424 -0.7528 0.4874
vn 0.2242 -0.2315 0.9466
vn 0.3031 0.0617 0.9510
vn 0.9988 0.0253 0.0420
vn 0.7405 -0.5906 0.3207
vn 0.0980 -0.7694 0.6311
vn 0.0314 -0.7389 0.6731
vn -0.0027 0.0208 0.9998
vn 0.0534 0.0445 0.9976
vn 0.9627 0.0668 0.2621
vn 0.9890 0.0588 0.1360
vn 0.9921 -0.0938 -0.0832
vn 0.9918 -0.0314 -0.1236
vn 0.9889 0.0284 -0.1458
vn 0.9930 -0.0039 -0.1180
vn 0.9914 0.0104 -0.1306
vn 0.9912 0.0261 -0.1294
vn 0.9908 0.0301 -0.1320
vn 0.9891 0.0499 -0.1382
vn 0.9841 -0.1756 -0.0258
vn 0.9891 -0.1261 0.0767
vn 0.9895 -0.1446 -0.0082
vn 0.9961 -0.0698 0.0545
vn 0.9964 -0.0830 0.0161
vn 0.9986 -0.0041 0.0524
vn 0.9995 -0.0162 0.0274
vn 0.9959 0.0654 0.0622
vn 0.9977 0.0537 0.0402
vn 0.4394 0.0651 0.8959
vn 0.0631 0.0423 0.9971
vn 0.0588 0.0128 0.9982
vn 0.0037 0.0370 0.9993
vn 0.0072 0.0317 0.9995
vn 0.0251 -0.0245 0.9994
vn 0.0310 -0.0532 0.9981
vn -0.0365 -0.3521 0.9353
vn -0.0055 -0.3334 0.9428
vn 0.0002 -0.5767 0.8169
vn 0.0084 -0.5621 0.8270
vn 0.0147 -0.5474 0.8367
vn 0.0189 -0.5331 0.8459
vn 0.0189 -0.5332 0.8458
vn 0.0214 -0.5189 0.8546
vn 0.0256 -0.4487 0.8933
vn -0.0371 -0.4967 0.8671
vn 0.0338 -0.4209 0.9065
vn -0.0040 -0.6887 0.7250
vn -0.0040 -0.6888 0.7249
vn 0.0040 -0.6781 0.7349
vn 0.0109 -0.6670 0.7450
vn 0.0111 -0.6670 0.7450
vn 0.0173 -0.6554 0.7551
vn 0.0224 -0.6433 0.7653
vn 0.0264 -0.6307 0.7756
vn 0.0292 -0.6177 0.7859
vn 0.0308 -0.6044 0.7961
vn 0.0321 -0.5396 0.8413
vn -0.0097 -0.5909 0.8067
vn -0.0097 -0.5910 0.8066
vn 0.0364 -0.7084 0.7049
vn 0.0104 -0.7620 0.6475
vn 0.0199 -0.7423 0.6698
vn 0.0205 -0.7272 0.6861
vn 0.5972 -0.6800 0.4254
vn 0.5620 -0.7175 0.4115
vn 0.5827 -0.6898 0.4296
vn 0.4937 -0.7155 0.4943
vn 0.4531 -0.7429 0.4927
vn 0.4012 -0.7314 0.5514
vn 0.4014 -0.7391 0.5410
vn 0.3163 -0.7457 0.5864
vn 0.6758 -0.6412 0.3635
vn 0.7036 -0.6375 0.3140
vn 0.6516 -0.6572 0.3788
vn 0.8117 -0.5045 0.2941
vn 0.8696 -0.4738 0.1387
vn 0.9378 -0.3123 0.1513
vn 0.9567 -0.2733 0.1006
vn 0.9872 -0.1486 0.0583
vn 0.9712 -0.2124 0.1076
vn 0.9610 -0.2556 0.1057
vn 0.9978 -0.0490 0.0446
vn 0.9990 0.0266 -0.0359
vn 0.9991 0.0405 -0.0154
vn 0.9991 0.0411 -0.0089
vn 0.9956 0.0123 -0.0928
vn 0.3838 -0.0986 0.9181
vn 0.2212 -0.0374 0.9745
vn 0.0064 0.0008 1.0000
vn -0.0158 0.0176 0.9997
vn 0.1158 -0.0340 0.9927
vn 0.0715 0.0427 0.9965
vn 0.2299 -0.0156 0.9731
vn 0.2719 -0.1280 0.9538
vn 0.1276 -0.0700 0.9893
vn 0.0875 -0.0967 0.9915
vn 0.0300 -0.0724 0.9969
vn 0.0224 -0.0833 0.9963
vn 0.1708 -0.7412 0.6492
vn 0.1222 -0.6320 0.7653
vn 0.2451 -0.6867 0.6844
vn 0.0193 -0.7182 0.6956
vn 0.0257 -0.7391 0.6731
vn 0.0573 -0.7051 0.7068
vn 0.1500 -0.7327 0.6639
vn 0.1557 -0.7141 0.6825
vn 0.1675 -0.7444 0.6464
vn 0.2335 -0.7362 0.6352
vn 0.2094 -0.7237 0.6576
vn 0.3583 -0.7079 0.6087
vn 0.3810 -0.7157 0.5853
vn 0.4263 -0.6674 0.6106
vn 0.5309 -0.7032 0.4729
vn 0.5518 -0.6805 0.4821
vn 0.6607 -0.6336 0.4026
vn 0.6580 -0.6369 0.4017
vn 0.7477 -0.5837 0.3166
vn 0.8021 -0.4969 0.3312
vn 0.9129 -0.3732 0.1655
vn 0.8935 -0.4188 0.1620
vn 0.9012 -0.3942 0.1801
vn 0.8454 -0.4775 0.2392
vn 0.7959 -0.5607 0.2283
vn 0.8056 -0.5604 0.1922
vn 0.7932 -0.5646 0.2281
vn 0.9988 0.0353 0.0324
vn 0.9989 0.0298 0.0353
vn 0.9992 -0.0247 0.0322
vn 0.8440 -0.4999 0.1941
vn 0.9164 -0.3405 0.2101
vn 0.9106 -0.3928 0.1289
vn 0.9625 -0.2326 0.1399
vn 0.9589 -0.2723 0.0793
vn 0.9844 -0.1536 0.0858
vn 0.9861 -0.1526 0.0650
vn 0.9925 -0.1025 0.0670
vn 0.9357 -0.3379 0.1017
vn 0.9746 -0.1938 0.1123
vn 0.9716 -0.2295 0.0585
vn 0.9925 -0.1028 0.0666
vn 0.9920 -0.1188 0.0427
vn 0.9977 -0.0487 0.0466
vn 0.9979 -0.0486 0.0438
vn 0.9984 0.0291 0.0489
vn 0.9989 0.0250 0.0407
vn 0.9834 -0.1813 0.0048
vn 0.9943 -0.1065 0.0102
vn 0.9906 -0.1339 -0.0290
vn 0.9888 -0.1378 0.0581
vn 0.9851 -0.1716 0.0095
vn 0.9792 -0.1752 0.1021
vn 0.9939 -0.0611 -0.0924
vn 0.9948 -0.0617 -0.0813
vn 0.9960 -0.0674 -0.0582
vn 0.9051 -0.3760 0.1987
vn 0.9058 -0.3167 0.2814
vn 0.9362 -0.3171 0.1517
vn 0.9380 -0.2664 0.2220
vn 0.9589 -0.2653 0.1003
vn 0.9770 -0.1849 0.1062
vn 0.9733 -0.2238 0.0512
vn 0.9608 -0.2268 0.1597
vn 0.9574 -0.2734 0.0933
vn 0.9382 -0.2756 0.2093
vn 0.9420 -0.3189 0.1044
vn 0.9218 -0.3212 0.2171
vn 0.8672 -0.4554 0.2012
vn 0.9894 -0.1440 0.0210
vn 0.9772 -0.1962 0.0817
vn 0.9614 -0.2646 0.0753
vn 0.9465 -0.2675 0.1806
vn 0.9052 -0.3908 0.1673
vn 0.8710 -0.3904 0.2982
vn 0.8147 -0.5073 0.2810
vn 0.9919 0.0534 -0.1152
vn 0.9957 0.0516 -0.0771
vn 0.9966 0.0236 -0.0790
vn 0.9974 0.0101 -0.0714
vn 0.9973 -0.0062 -0.0726
vn 0.9978 -0.0312 -0.0587
vn 0.9980 -0.0632 -0.0057
vn 0.9992 -0.0326 -0.0230
vn 0.9998 -0.0064 -0.0210
vn 0.9995 0.0085 -0.0295
vn 0.9986 0.0459 -0.0269
vn 0.9968 0.0474 -0.0651
vn 0.9991 0.0405 0.0088
vn 0.9993 0.0362 0.0107
vn 0.9999 -0.0074 0.0076
vn 0.9996 -0.0241 0.0174
vn 0.9978 -0.0640 0.0145
vn 0.9942 -0.1016 0.0363
vn 0.9883 -0.1492 0.0327
vn 0.9775 -0.1929 0.0854
vn 0.9550 -0.2861 0.0778
vn 0.9409 -0.2891 0.1763
vn 0.8842 -0.4380 0.1620
vn 0.8504 -0.4377 0.2920
vn 0.8063 -0.5206 0.2807
vn 0.7272 -0.5802 0.3669
vn 0.7331 -0.5714 0.3688
vn 0.6344 -0.6271 0.4520
vn 0.6190 -0.6464 0.4460
vn 0.5170 -0.6164 0.5939
vn 0.4781 -0.6636 0.5753
vn 0.3516 -0.6175 0.7036
vn 0.3397 -0.6321 0.6965
vn 0.1987 -0.5734 0.7949
vn 0.1102 -0.6814 0.7235
vn 0.1099 -0.6470 0.7545
vn 0.0520 -0.6199 0.7830
vn 0.0389 -0.6985 0.7145
vn 0.9925 -0.0100 -0.1219
vn 0.9930 -0.0070 -0.1175
vn 0.9954 -0.0317 -0.0901
vn 0.9977 -0.0334 -0.0589
vn 0.9966 -0.0730 -0.0373
vn 0.9972 -0.0743 -0.0066
vn 0.9917 -0.1265 0.0225
vn 0.9897 -0.1280 0.0642
vn 0.9697 -0.2381 0.0550
vn 0.9595 -0.2411 0.1455
vn 0.9166 -0.3771 0.1327
vn 0.8902 -0.3785 0.2537
vn 0.8559 -0.4556 0.2445
vn 0.7892 -0.5187 0.3288
vn 0.7966 -0.5057 0.3310
vn 0.7114 -0.5672 0.4150
vn 0.7004 -0.5836 0.4110
vn 0.6073 -0.5606 0.5630
vn 0.5753 -0.6057 0.5497
vn 0.4516 -0.5661 0.6896
vn 0.4444 -0.5760 0.6861
vn 0.2968 -0.5204 0.8007
vn 0.2929 -0.5260 0.7985
vn 0.1748 -0.4759 0.8620
vn 0.1759 -0.4740 0.8628
vn 0.0337 -0.5404 0.8407
vn 0.1302 -0.3888 0.9121
vn 0.0187 -0.4452 0.8952
vn 0.1132 -0.2810 0.9530
vn 0.0070 -0.3396 0.9406
vn 0.0432 -0.2731 0.9610
vn 0.0582 -0.2808 0.9580
vn 0.9864 -0.1602 -0.0360
vn 0.9867 -0.1619 0.0173
vn 0.9799 -0.1990 0.0162
vn 0.9656 -0.1970 0.1694
vn 0.9755 -0.1415 0.1687
vn 0.9640 -0.1677 0.2064
vn 0.9764 -0.0768 0.2020
vn 0.9658 -0.1006 0.2390
vn 0.9731 -0.0036 0.2305
vn 0.9629 -0.0261 0.2685
vn 0.9642 0.0634 0.2574
vn 0.9394 0.0475 0.3396
vn 0.9759 0.0575 0.2103
vn 0.9874 0.0660 0.1439
vn 0.9880 -0.0148 0.1538
vn 0.9928 0.0053 0.1193
vn 0.9882 -0.0846 0.1277
vn 0.9931 -0.0655 0.0976
vn 0.9840 -0.1457 0.1024
vn 0.9892 -0.1263 0.0739
vn 0.9815 -0.1761 0.0753
vn 0.9837 -0.1767 -0.0343
vn 0.9867 -0.1593 -0.0339
vn 0.4882 0.0498 0.8713
vn 0.5554 0.0606 0.8294
vn 0.5467 0.0172 0.8372
vn 0.6304 -0.0098 0.7762
vn 0.6780 0.0195 0.7348
vn 0.7165 0.0069 0.6975
vn 0.7527 0.0335 0.6576
vn 0.7934 0.0198 0.6083
vn 0.8207 0.0441 0.5697
vn 0.8594 0.0301 0.5105
vn 0.8800 0.0531 0.4720
vn 0.1893 0.0517 0.9806
vn 0.3430 -0.0018 0.9393
vn 0.3373 -0.0183 0.9412
vn 0.4896 -0.0725 0.8689
vn 0.4692 -0.1340 0.8729
vn 0.6102 -0.1815 0.7712
vn 0.5890 -0.2429 0.7708
vn 0.6583 -0.2636 0.7051
vn 0.7315 -0.2171 0.6464
vn 0.7432 -0.2204 0.6317
vn 0.7996 -0.1770 0.5739
vn 0.8175 -0.1820 0.5464
vn 0.8589 -0.1429 0.4918
vn 0.8801 -0.1491 0.4507
vn 0.9088 -0.1151 0.4010
vn 0.8899 -0.2980 0.3455
vn 0.8854 -0.2972 0.3574
vn 0.8357 -0.3494 0.4237
vn 0.8368 -0.3496 0.4214
vn 0.7694 -0.4065 0.4927
vn 0.7776 -0.4082 0.4782
vn 0.6915 -0.4668 0.5513
vn 0.6443 -0.4542 0.6153
vn 0.6431 -0.4564 0.6149
vn 0.5128 -0.4175 0.7501
vn 0.5307 -0.3832 0.7560
vn 0.3757 -0.3295 0.8662
vn 0.3905 -0.2999 0.8704
vn 0.3160 -0.2715 0.9091
vn 0.2280 -0.3286 0.9165
vn 0.3027 -0.1780 0.9363
vn 0.3451 -0.1943 0.9182
vn 0.3758 -0.1708 0.9108
vn 0.5145 -0.2205 0.8287
vn 0.4874 -0.2856 0.8252
vn 0.6273 -0.3299 0.7055
vn 0.6118 -0.3650 0.7017
vn 0.6707 -0.3816 0.6360
vn 0.7540 -0.3275 0.5694
vn 0.7539 -0.3274 0.5696
vn 0.8184 -0.2759 0.5041
vn 0.8254 -0.2775 0.4916
vn 0.8728 -0.2308 0.4301
vn 0.8847 -0.2337 0.4033
vn 0.9172 -0.1934 0.3484
vn 0.0608 0.0547 0.9967
vn 0.1580 0.0348 0.9868
vn 0.1941 0.0645 0.9789
vn 0.2630 0.0232 0.9645
vn 0.3145 0.0992 0.9440
vn 0.3661 -0.0227 0.9303
vn 0.3798 0.0370 0.9243
vn 0.4598 0.0489 0.8867
vn 0.4467 -0.0001 0.8947
vn 0.5854 -0.0474 0.8093
vn 0.5701 -0.1055 0.8148
vn 0.6474 -0.1300 0.7509
vn 0.7066 -0.0933 0.7015
vn 0.7322 -0.1014 0.6734
vn 0.7777 -0.0675 0.6250
vn 0.8077 -0.0771 0.5846
vn 0.8415 -0.0464 0.5383
vn 0.8723 -0.0568 0.4857
vn 0.8965 -0.0292 0.4421
vn 0.5556 0.0603 0.8292
vn 0.6413 0.0692 0.7642
vn 0.6429 0.0721 0.7625
vn 0.7194 0.0746 0.6906
vn 0.7246 0.0878 0.6836
vn 0.7905 0.0682 0.6087
vn 0.7979 0.1037 0.5938
vn 0.8513 0.0598 0.5212
vn 0.8580 0.1705 0.4845
vn 0.9016 -0.0286 0.4315
vn 0.9050 0.0429 0.4232
vn 0.9283 0.0614 0.3668
vn 0.9243 -0.0401 0.3795
vn 0.9408 -0.0151 0.3386
vn 0.9298 -0.1220 0.3473
vn 0.9482 -0.0932 0.3036
vn 0.9310 -0.1970 0.3074
vn 0.9515 -0.1637 0.2606
vn 0.9388 -0.2256 0.2605
vn 0.9693 -0.2296 0.0877
vn 0.9779 -0.1888 0.0895
vn 0.9824 -0.1860 -0.0160
vn 0.9923 -0.1230 -0.0129
vn 0.9891 -0.1193 -0.0861
vn 0.9899 -0.1242 -0.0681
vn 0.8141 -0.4350 0.3848
vn 0.8648 -0.4402 0.2416
vn 0.9086 -0.3306 0.2552
vn 0.9349 -0.3295 0.1318
vn 0.9653 -0.2186 0.1426
vn 0.9756 -0.2153 0.0440
vn 0.9911 -0.1226 0.0521
vn 0.9926 -0.1211 0.0137
vn 0.9964 -0.0759 -0.0375
vn 0.9975 -0.0663 -0.0237
vn 0.9941 -0.0628 -0.0887
vn 0.9937 -0.1039 -0.0430
vn 0.9882 -0.1462 -0.0458
vn 0.9874 -0.1503 0.0486
vn 0.9741 -0.2215 0.0443
vn 0.9618 -0.2236 0.1579
vn 0.9506 -0.2689 0.1551
vn 0.9376 -0.2677 0.2219
vn 0.8667 -0.3240 0.3793
vn 0.9018 -0.3289 0.2802
vn 0.8543 -0.3848 0.3495
vn 0.8600 -0.3856 0.3342
vn 0.7959 -0.4459 0.4095
vn 0.8080 -0.4479 0.3828
vn 0.7264 -0.5094 0.4614
vn 0.6905 -0.5007 0.5220
vn 0.6650 -0.5431 0.5126
vn 0.5516 -0.5116 0.6588
vn 0.5481 -0.5172 0.6574
vn 0.4052 -0.4693 0.7845
vn 0.4241 -0.4379 0.7927
vn 0.2910 -0.3877 0.8746
vn 0.2336 -0.4219 0.8760
vn 0.1720 -0.3952 0.9024
vn 0.2135 -0.3225 0.9222
vn 0.1121 -0.3805 0.9180
vn 0.1983 -0.2208 0.9549
vn 0.1055 -0.2775 0.9549
vn 0.1450 -0.2000 0.9690
vn 0.0468 -0.1568 0.9865
vn 0.0480 -0.1551 0.9867
vn 0.5277 0.0380 0.8486
vn -0.6669 0.0318 0.7445
vn 0.1551 0.0438 0.9869
vn -0.1212 0.0452 0.9916
vn -0.2789 -0.0512 0.9590
vn 0.2433 -0.0258 0.9696
vn -0.7278 -0.0170 0.6856
vn 0.5375 -0.0052 0.8432
vn -0.9208 0.0002 0.3901
vn 0.8602 0.0059 0.5099
vn -0.8629 0.0106 0.5053
vn 0.0076 0.0246 0.9997
vn -0.0049 0.0317 0.9995
vn 0.1287 0.0316 0.9912
vn -0.1025 0.0369 0.9940
vn 0.2004 0.0367 0.9790
vn -0.2148 0.0407 0.9758
vn -0.9996 -0.0043 0.0271
vn -0.9996 -0.0047 0.0292
vn -0.9951 -0.0131 0.0984
vn 0.8110 -0.0612 0.5818
vn -0.8600 -0.0426 0.5086
vn 0.1848 -0.0785 0.9796
vn -0.2419 -0.0518 0.9689
vn -0.9998 -0.0048 0.0171
vn -1.0000 -0.0019 0.0078
vn -0.9392 -0.0968 0.3294
vn 0.4486 -0.1857 0.8742
vn -0.9955 -0.0174 0.0930
vn -0.0583 -0.4963 0.8662
vn 0.0514 -0.4637 0.8845
vn -0.9997 -0.0099 0.0201
vn -1.0000 -0.0025 0.0056
vn -0.9997 -0.0096 0.0203
vn 0.3964 -0.3429 0.8516
vn -0.1464 -0.3481 0.9260
vn 0.9397 -0.1165 0.3217
vn -0.9971 -0.0237 0.0729
vn -0.3942 0.1583 0.9053
vn 0.0725 0.2405 0.9679
vn -0.0792 0.4309 0.8989
vn -0.1935 0.5973 0.7784
vn -0.1947 0.8797 0.4338
vn -0.8264 0.5522 0.1098
vn -0.9800 0.1949 0.0388
vn -0.1915 0.9626 0.1915
vn -0.5481 0.8203 0.1632
vn -0.1935 0.7784 0.5973
vn -0.2331 0.8086 0.5403
vn -0.5482 0.6954 0.4647
vn -0.5481 0.6954 0.4647
vn -0.8264 0.4681 0.3128
vn -0.1947 0.4338 0.8797
vn -0.2331 0.5403 0.8086
vn -0.5481 0.4647 0.6954
vn -0.8264 0.3128 0.4681
vn -0.1915 0.1915 0.9626
vn -0.5481 0.1632 0.8203
vn -0.8264 0.1098 0.5522
vn -0.8265 0.1098 0.5522
vn -0.9800 0.0388 0.1950
vn -0.9801 0.1104 0.1653
vn -0.8264 0.4682 0.3128
vn -0.9801 0.1653 0.1104
vn -0.1322 0.9912 -0.0000
vn -0.1768 0.9842 -0.0053
vn -0.3842 0.9233 0.0034
vn -0.4255 0.9050 -0.0000
vn -0.6107 0.7919 -0.0000
vn -0.7070 0.7070 0.0152
vn -0.9851 0.1722 -0.0000
vn -0.9658 0.2588 0.0136
vn -0.9069 0.4213 -0.0000
vn -0.7948 0.6069 -0.0000
vn -0.4196 0.8923 0.1665
vn -0.9814 0.1766 0.0757
vn -0.9816 0.1753 0.0757
vn -0.8424 0.4657 0.2711
vn -0.8595 0.4352 0.2682
vn -0.1730 0.8224 0.5420
vn -0.1729 0.8224 0.5420
vn -0.1739 0.9680 0.1807
vn -0.6041 0.7834 0.1462
vn -0.5338 0.8343 0.1374
vn -0.5340 0.7106 0.4581
vn -0.5573 0.6933 0.4569
vn -0.5036 0.5498 0.6664
vn -0.1761 0.6207 0.7640
vn -0.3173 0.5276 0.7880
vn -0.7897 0.6030 0.1125
vn -0.8397 0.5366 0.0832
vn -0.9041 0.4200 0.0784
vn -0.9885 0.1484 0.0277
vn -0.9848 0.1722 0.0236
vn -0.3599 -0.0000 -0.9330
vn -0.3621 -0.0000 -0.9321
vn -0.3642 0.0001 -0.9313
vn -0.4496 0.0026 -0.8932
vn -0.2943 0.1543 -0.9432
vn -0.3742 0.0832 -0.9236
vn -0.4076 0.0551 -0.9115
vn -0.9109 -0.0000 -0.4127
vn -0.7994 -0.0000 -0.6008
vn -0.6330 -0.0000 -0.7742
vn -0.4798 -0.0000 -0.8774
vn -0.4209 0.0451 -0.9060
vn -0.3792 -0.0000 -0.9253
vn -0.8834 -0.0000 -0.4685
vn -0.6714 -0.0000 -0.7411
vn 0.0001 0.1822 0.9833
vn -0.0000 0.1736 0.9848
vn -0.0000 0.6739 -0.7388
vn 0.0005 0.6429 -0.7659
vn -0.0005 0.8969 -0.4421
vn -0.0000 0.9143 -0.4051
vn -0.0000 0.9998 0.0219
vn -0.0006 0.9980 0.0636
vn -0.0000 0.9844 -0.1762
vn -0.0001 0.4819 0.8762
vn -0.0016 0.6374 0.7705
vn -0.0005 0.5555 0.8315
vn -0.0001 0.6873 0.7264
vn 0.0004 0.8767 0.4811
vn -0.0005 0.8441 0.5362
vn -0.0000 0.9558 0.2940
vn -0.0000 0.4423 -0.8969
vn -0.0000 0.1951 -0.9808
vn -0.0019 0.6088 -0.7933
vn -0.0000 0.5556 -0.8315
vn -0.0013 0.8315 -0.5556
vn -0.0000 0.8969 -0.4423
vn -0.0000 0.9808 -0.1951
vn -0.0000 0.1306 -0.9914
vn -0.0000 0.1305 -0.9914
vn -0.0000 0.3828 -0.9238
vn -0.1915 0.9626 -0.1915
vn -0.1559 0.7836 -0.6013
vn -0.1757 0.8829 -0.4354
vn -0.1307 0.9592 -0.2508
vn -0.5373 0.8042 -0.2542
vn -0.8042 0.5373 -0.2542
vn -0.9486 0.1887 -0.2542
vn -0.0876 0.4406 -0.8934
vn -0.1202 0.6044 -0.7876
vn -0.0754 0.7179 -0.6921
vn -0.3966 0.5936 -0.7002
vn -0.5936 0.3966 -0.7002
vn -0.7002 0.1393 -0.7002
vn -0.0388 0.1950 -0.9800
vn -0.0133 0.2734 -0.9618
vn -0.1464 0.2191 -0.9646
vn -0.2191 0.1464 -0.9646
vn -0.2585 0.0514 -0.9646
vn -0.2588 -0.0000 -0.9659
vn -0.9659 -0.0000 -0.2588
vn -0.0034 0.1583 -0.9874
vn -0.0006 0.3614 -0.9324
vn 0.0011 0.6087 -0.7934
vn -0.0027 0.4668 -0.8844
vn -0.0010 0.8584 -0.5129
vn -0.0000 0.7270 -0.6866
vn -0.0001 0.6095 -0.7928
vn 0.0022 0.7933 -0.6088
vn -0.0019 0.9659 -0.2588
vn -0.0000 0.9835 -0.1811
vn -0.1718 0.0554 -0.9836
vn -0.0945 0.0502 -0.9943
vn -0.0806 0.0399 -0.9959
vn -0.1623 0.0533 -0.9853
vn -0.1672 0.0353 -0.9853
vn -0.1602 0.0345 -0.9865
vn -0.4812 0.2050 -0.8523
vn -0.4977 0.1615 -0.8522
vn -0.4692 0.1554 -0.8693
vn -0.4835 0.1028 -0.8693
vn -0.4650 0.1008 -0.8796
vn -0.5341 0.2708 -0.8009
vn -0.6502 0.3094 -0.6939
vn -0.2857 0.1335 -0.9490
vn -0.1660 0.0805 -0.9828
vn -0.0459 0.0196 -0.9988
vn -0.5584 0.5500 -0.6211
vn -0.0202 0.1840 -0.9827
vn 0.0155 0.1435 -0.9895
vn -0.2152 0.2581 -0.9418
vn -0.1979 0.9234 -0.3290
vn -0.3239 0.8479 -0.4197
vn -0.2019 0.7991 -0.5663
vn -0.0949 0.3903 -0.9158
vn -0.0843 0.4727 -0.8772
vn 0.0822 0.6393 -0.7645
vn -0.0052 0.9817 -0.1902
vn -0.2055 0.9177 -0.3399
vn 0.0636 0.8902 -0.4512
vn -0.1801 0.8151 -0.5506
vn -0.0498 0.7053 -0.7071
vn 0.1363 0.6314 -0.7633
vn -0.2819 0.3155 -0.9061
vn -0.2490 0.5621 -0.7887
vn -0.2105 0.5842 -0.7838
vn -0.3105 0.7459 -0.5893
vn -0.3944 0.6701 -0.6288
vn -0.4293 0.6847 -0.5890
vn -0.4022 0.7904 -0.4621
vn -0.5948 0.5042 -0.6262
vn -0.5679 0.5266 -0.6325
vn -0.5604 0.5431 -0.6253
vn -0.4956 0.5281 -0.6895
vn -0.5322 0.4504 -0.7169
vn -0.5016 0.4342 -0.7482
vn -0.5320 0.3739 -0.7597
vn -0.5019 0.3286 -0.8001
vn -0.0914 0.9958 -0.0060
vn -0.0916 0.9958 -0.0060
vn -0.2757 0.9611 -0.0180
vn -0.2761 0.9610 -0.0180
vn -0.5371 0.8428 -0.0350
vn -0.5379 0.8423 -0.0350
vn -0.8127 0.5803 -0.0530
vn -0.8137 0.5789 -0.0530
vn -0.9704 0.2331 -0.0633
vn -0.9708 0.2315 -0.0632
vn -0.9578 0.2367 -0.1633
vn -0.9585 0.2334 -0.1638
vn -0.8011 0.5827 -0.1366
vn -0.8025 0.5807 -0.1371
vn -0.5289 0.8439 -0.0902
vn -0.5301 0.8431 -0.0906
vn -0.2713 0.9614 -0.0463
vn -0.2721 0.9612 -0.0465
vn -0.1043 0.9944 -0.0178
vn -0.0903 0.9958 -0.0146
vn -0.9401 0.2412 -0.2410
vn -0.9410 0.2367 -0.2417
vn -0.7854 0.5853 -0.2013
vn -0.7871 0.5827 -0.2021
vn -0.5181 0.8449 -0.1328
vn -0.5197 0.8439 -0.1334
vn -0.2658 0.9616 -0.0682
vn -0.2666 0.9614 -0.0684
vn -0.0880 0.9959 -0.0226
vn -0.0752 0.9970 -0.0186
vn -0.0858 0.9959 -0.0302
vn -0.1820 0.9809 -0.0692
vn -0.2568 0.9615 -0.0977
vn -0.2549 0.9621 -0.0969
vn -0.5005 0.8445 -0.1905
vn -0.4973 0.8467 -0.1890
vn -0.7582 0.5847 -0.2886
vn -0.7545 0.5903 -0.2868
vn -0.9071 0.2408 -0.3453
vn -0.8389 0.3179 -0.4418
vn -0.8748 0.2508 -0.4144
vn -0.9050 0.2502 -0.3439
vn -0.0765 0.9960 -0.0470
vn -0.0909 0.9942 -0.0573
vn -0.2293 0.9626 -0.1446
vn -0.2282 0.9629 -0.1438
vn -0.4475 0.8486 -0.2822
vn -0.4457 0.8500 -0.2808
vn -0.6800 0.5946 -0.4289
vn -0.6780 0.5982 -0.4271
vn -0.0546 0.9982 -0.0265
vn -0.0798 0.9960 -0.0413
vn -0.2419 0.9622 -0.1252
vn -0.2408 0.9626 -0.1245
vn -0.4719 0.8471 -0.2443
vn -0.4700 0.8486 -0.2430
vn -0.7163 0.5910 -0.3710
vn -0.7142 0.5946 -0.3693
vn -0.8582 0.2568 -0.4445
vn -0.8174 0.2568 -0.5156
vn -0.7276 0.3477 -0.5913
vn -0.7906 0.2631 -0.5529
vn -0.8164 0.2629 -0.5142
vn -0.1883 0.9635 -0.1904
vn -0.1879 0.9637 -0.1898
vn -0.3680 0.8521 -0.3720
vn -0.3672 0.8530 -0.3710
vn -0.5607 0.6037 -0.5668
vn -0.5597 0.6058 -0.5655
vn -0.2106 0.9628 -0.1693
vn -0.2091 0.9634 -0.1681
vn -0.4110 0.8496 -0.3306
vn -0.4085 0.8517 -0.3282
vn -0.6248 0.5976 -0.5026
vn -0.6219 0.6030 -0.4997
vn -0.7499 0.2717 -0.6032
vn -0.6767 0.2721 -0.6841
vn -0.6762 0.2757 -0.6832
vn -0.6237 0.2379 -0.7446
vn -0.6196 0.2757 -0.7349
vn -0.5335 0.5504 -0.6422
vn -0.5127 0.6058 -0.6084
vn -0.3568 0.8293 -0.4300
vn -0.3363 0.8530 -0.3991
vn -0.1248 0.9805 -0.1516
vn -0.1649 0.9635 -0.2107
vn -0.0374 0.9984 -0.0422
vn -0.0763 0.9941 -0.0771
vn -0.0641 0.9961 -0.0612
vn -0.0693 0.9960 -0.0557
vn -0.0698 0.9960 -0.0561
vn -0.0741 0.9960 -0.0499
vn -0.5442 0.5684 -0.6171
vn -0.0624 0.9513 -0.3018
vn -0.2797 0.9262 -0.2527
vn -0.3647 0.8028 -0.4718
vn -0.4327 0.7906 -0.4333
vn -0.5755 0.5501 -0.6051
vn -0.5620 0.5544 -0.6139
vn -0.5490 0.5541 -0.6257
vn -0.3934 0.8040 -0.4459
vn -0.3863 0.8106 -0.4401
vn -0.1759 0.9640 -0.1992
vn -0.1724 0.9653 -0.1962
vn -0.4832 0.6017 -0.6360
vn -0.4930 0.5684 -0.6588
vn -0.3237 0.8486 -0.4184
vn -0.3490 0.8105 -0.4705
vn -0.1164 0.9827 -0.1438
vn -0.1520 0.9652 -0.2128
vn -0.0250 0.9992 -0.0328
vn -0.0300 0.9990 -0.0341
vn -0.0280 0.9991 -0.0317
vn -0.1618 0.9859 -0.0421
vn -0.5155 -0.8569 -0.0021
vn -0.9903 -0.0922 0.1043
vn -0.6179 -0.7862 0.0063
vn -0.6611 -0.7502 0.0104
vn -0.7493 -0.6622 0.0060
vn -0.7237 -0.6900 0.0128
vn -0.7865 -0.6176 0.0086
vn -0.8090 -0.5876 0.0121
vn -0.8357 -0.5491 0.0100
vn -0.8683 -0.4959 0.0111
vn -0.8637 -0.5039 0.0117
vn -0.8607 -0.5090 0.0122
vn -0.8580 -0.5135 0.0118
vn -0.8542 -0.5199 0.0115
vn -0.9517 -0.3069 0.0032
vn -0.9313 -0.3644 -0.0009
vn -0.9084 -0.4182 -0.0007
vn -0.9365 -0.3504 -0.0160
vn -0.9594 -0.2821 -0.0063
vn -0.9749 -0.2220 -0.0154
vn -0.9785 -0.2061 -0.0112
vn -0.9884 -0.1489 -0.0291
vn -0.9877 -0.1547 -0.0241
vn -0.9937 -0.1074 -0.0330
vn -0.9975 -0.0587 -0.0402
vn -0.9968 -0.0691 -0.0400
vn -0.9965 -0.0775 -0.0303
vn -0.9952 -0.0936 -0.0276
vn -0.9956 -0.0937 -0.0072
vn -0.9942 -0.0949 0.0503
vn -0.9953 -0.0949 0.0191
vn -0.5725 -0.8199 0.0036
vn -0.5414 -0.8408 0.0056
vn -0.5181 -0.8553 0.0089
vn -0.5034 -0.8640 0.0129
vn -0.5029 -0.8642 0.0130
vn -0.5023 -0.8646 0.0132
vn -0.5028 -0.8643 0.0130
vn -0.5039 -0.8637 0.0125
vn -0.5093 -0.8605 0.0100
vn -0.5165 -0.8563 0.0055
vn -0.5210 -0.8535 0.0023
vn -0.5530 -0.8328 -0.0255
vn -0.4927 -0.8702 0.0004
vn -0.4927 -0.8702 0.0005
vn -0.9923 -0.0924 0.0828
vn -0.9936 -0.0995 0.0534
vn -0.9872 -0.1503 0.0532
vn -0.9867 -0.1546 0.0507
vn -0.9757 -0.2133 0.0505
vn -0.9751 -0.2166 0.0486
vn -0.9554 -0.2913 0.0485
vn -0.9469 -0.3165 0.0561
vn -0.9332 -0.3566 0.0439
vn -0.9075 -0.4179 0.0436
vn -0.9018 -0.4304 0.0396
vn -0.8690 -0.4933 0.0393
vn -0.8602 -0.5088 0.0341
vn -0.8207 -0.5704 0.0337
vn -0.8087 -0.5875 0.0277
vn -0.7636 -0.6451 0.0271
vn -0.7491 -0.6621 0.0207
vn -0.6842 -0.7290 0.0200
vn -0.6844 -0.7291 0.0050
vn -0.6114 -0.7913 0.0071
vn -0.9852 -0.0932 0.1441
vn -0.9864 -0.1076 0.1239
vn -0.9831 -0.1411 0.1164
vn -0.9824 -0.1496 0.1115
vn -0.9755 -0.1896 0.1114
vn -0.9722 -0.2126 0.0983
vn -0.9585 -0.2674 0.0984
vn -0.9455 -0.3160 0.0787
vn -0.9416 -0.3271 0.0807
vn -0.9951 -0.0985 0.0095
vn -0.9946 -0.1035 0.0019
vn -0.9880 -0.1546 0.0020
vn -0.9888 -0.1492 0.0051
vn -0.9763 -0.2165 0.0054
vn -0.9784 -0.2063 0.0114
vn -0.9566 -0.2913 0.0118
vn -0.9592 -0.2824 0.0144
vn -0.9341 -0.3567 0.0146
vn -0.9363 -0.3508 0.0164
vn -0.9025 -0.4305 0.0165
vn -0.8924 -0.4512 0.0099
vn -0.8787 -0.4773 0.0100
vn -0.9127 -0.4006 0.0808
vn -0.9059 -0.4171 0.0732
vn -0.8779 -0.4746 0.0637
vn -0.8682 -0.4929 0.0580
vn -0.8307 -0.5537 0.0581
vn -0.8202 -0.5699 0.0498
vn -0.7737 -0.6324 0.0377
vn -0.7635 -0.6449 0.0331
vn -0.7287 -0.6841 0.0326
vn -0.6901 -0.7235 0.0178
vn -0.6699 -0.7422 0.0178
vn -0.6179 -0.7862 0.0106
vn -0.5983 -0.8012 0.0114
vn -0.5532 -0.8331 0.0040
vn -0.5512 -0.8344 0.0040
vn -0.4998 -0.8661 0.0038
vn -0.5136 -0.8580 0.0005
vn -0.6720 0.0089 -0.7405
vn -0.7543 0.0269 -0.6560
vn -1.0000 0.0009 -0.0000
vn -1.0000 0.0009 -0.0003
vn -1.0000 0.0018 -0.0001
vn -1.0000 0.0003 0.0001
vn -1.0000 0.0003 0.0004
vn -1.0000 0.0008 0.0005
vn -0.9997 -0.0006 0.0248
vn -0.9996 0.0012 0.0268
vn -0.9973 -0.0004 0.0732
vn -0.9975 0.0016 0.0703
vn -0.9894 -0.0022 0.1449
vn -0.9867 -0.0214 0.1611
vn -0.9715 0.0071 0.2369
vn -0.9708 0.0082 0.2397
vn -0.9695 0.0107 0.2449
vn -0.9750 -0.0006 0.2221
vn -0.9677 -0.0000 0.2523
vn -0.9479 -0.0612 0.3125
vn -0.9554 -0.0001 0.2952
vn -0.9682 -0.0001 0.2503
vn -0.9984 0.0019 -0.0560
vn -0.9980 -0.0080 -0.0627
vn -0.9799 0.1901 -0.0610
vn -0.9805 -0.0941 -0.1724
vn -0.8886 0.0333 -0.4575
vn -0.9426 -0.0300 -0.3326
vn -0.9584 0.0207 -0.2847
vn -0.9865 0.0054 -0.1636
vn -0.9799 -0.0150 -0.1988
vn -0.9808 0.0213 -0.1939
vn -0.9453 0.0037 -0.3261
vn -0.9453 0.0034 -0.3262
vn -0.8866 0.0123 -0.4624
vn -0.8723 -0.0153 -0.4887
vn -0.7797 0.0201 -0.6258
vn -0.7543 -0.0207 -0.6562
vn -0.6755 0.0181 -0.7371
vn -0.6748 0.0055 -0.7380
vn -0.6661 0.0070 -0.7458
vn -0.6659 0.0074 -0.7460
vn -0.5992 -0.3762 0.7067
vn -0.5917 -0.4016 0.6990
vn -0.5723 -0.4114 0.7094
vn -0.6022 -0.4135 0.6829
vn -0.5851 -0.4236 0.6915
vn -0.5981 -0.4255 0.6791
vn -0.6075 -0.4192 0.6746
vn -0.6116 -0.4202 0.6704
vn -0.5943 -0.3803 0.7086
vn -0.6114 -0.3649 0.7022
vn -0.5969 -0.3773 0.7081
vn -0.6125 -0.3608 0.7033
vn -0.5977 -0.3707 0.7109
vn -0.6176 -0.3563 0.7012
vn -0.6003 -0.3661 0.7111
vn -0.6222 -0.3493 0.7006
vn -0.6037 -0.3529 0.7148
vn -0.6301 -0.3397 0.6983
vn -0.7049 -0.0487 0.7077
vn -0.6435 -0.3162 0.6971
vn -0.6379 -0.2917 0.7127
vn -0.7141 -0.0766 0.6958
vn -0.7007 -0.0697 0.7100
vn -0.7017 -0.1048 0.7047
vn -0.6939 -0.1070 0.7121
vn -0.6625 -0.2571 0.7036
vn -0.6979 -0.2229 0.6806
vn -0.6383 -0.2345 0.7332
vn -0.7164 -0.1609 0.6788
vn -0.6483 -0.1756 0.7409
vn -0.6972 -0.1405 0.7030
vn -0.9052 0.0071 0.4250
vn -0.9281 -0.0314 0.3710
vn -0.9280 -0.0402 0.3703
vn -0.9285 0.1522 0.3388
vn -0.9560 -0.0000 0.2933
vn -0.5183 0.6608 -0.5429
vn -0.5780 0.6944 -0.4287
vn -0.5399 0.6906 0.4811
vn -0.6210 0.7679 -0.1571
vn -0.5943 0.7974 -0.1047
vn -0.5860 0.7820 -0.2121
vn -0.5397 0.8371 -0.0888
vn -0.5981 0.7993 -0.0588
vn -0.5804 0.8131 0.0443
vn -0.5473 0.7333 0.4034
vn -0.5906 0.7037 -0.3949
vn -0.6185 0.6927 -0.3709
vn -0.6064 0.7144 -0.3493
vn -0.6292 0.7138 -0.3076
vn -0.6316 0.7054 -0.3217
vn -0.5497 0.6851 -0.4780
vn -0.1550 0.6231 -0.7666
vn -0.1871 0.6538 -0.7332
vn -0.1660 0.6923 -0.7023
vn -0.3851 0.8655 -0.3204
vn -0.0152 0.9148 -0.4036
vn -0.1850 0.8805 -0.4365
vn -0.4146 0.7636 -0.4950
vn -0.5799 0.6876 -0.4369
vn -0.1263 0.6173 -0.7765
vn -0.4240 0.7298 -0.5363
vn -0.2066 0.6945 -0.6892
vn -0.3389 0.7921 -0.5076
vn -0.4640 0.8394 -0.2831
vn -0.4986 0.8321 -0.2429
vn -0.5261 0.8499 -0.0299
vn -0.4898 0.8709 0.0408
vn -0.5778 0.8116 0.0868
vn -0.4968 0.7839 0.3725
vn -0.5759 0.7712 0.2714
vn -0.5360 0.7633 0.3606
vn -0.5439 0.7494 0.3777
vn -0.4474 0.7038 0.5518
vn -0.8224 -0.3684 0.4336
vn -0.5479 0.5745 0.6081
vn -0.8219 -0.3048 0.4812
vn -0.5992 0.4736 0.6455
vn -0.8140 -0.2655 0.5167
vn -0.6295 0.3878 0.6733
vn -0.8019 -0.2288 0.5519
vn -0.5041 0.5246 0.6861
vn -0.7607 -0.4900 0.4258
vn -0.4515 0.5426 0.7083
vn -0.7541 -0.4442 0.4837
vn -0.7119 -0.0084 0.7023
vn -0.6953 -0.0048 0.7187
vn -0.5772 0.2682 0.7713
vn -0.6972 -0.0347 0.7161
vn -0.6726 0.0020 0.7400
vn -0.7784 -0.1935 0.5973
vn -0.9486 -0.1887 0.2542
vn -0.8116 -0.5423 0.2175
vn -0.5495 -0.8224 0.1472
vn -0.5973 -0.1935 0.7784
vn -0.6807 -0.2707 0.6807
vn -0.5941 -0.5423 0.5941
vn -0.4023 -0.8224 0.4023
vn -0.2542 -0.1887 0.9486
vn -0.2175 -0.5423 0.8116
vn -0.2175 -0.5423 0.8115
vn -0.1472 -0.8224 0.5495
vn -0.1473 -0.8224 0.5495
vn -0.0522 -0.9794 0.1948
vn -0.1426 -0.9795 0.1426
vn -0.5495 -0.8224 0.1473
vn -0.1948 -0.9794 0.0522
vn -0.6415 -0.3973 0.6562
vn -0.4338 -0.3261 0.8399
vn -0.6427 -0.1444 0.7524
vn -0.6335 -0.1963 0.7484
vn -0.5763 -0.3057 0.7579
vn -0.9391 0.0452 0.3407
vn -0.7909 -0.0939 0.6047
vn -0.8035 -0.0792 0.5900
vn -0.8164 -0.0674 0.5735
vn -0.8295 -0.0586 0.5555
vn -0.8424 -0.0530 0.5362
vn -0.8495 -0.0517 0.5251
vn -0.8428 -0.0528 0.5356
vn -0.8502 -0.0418 0.5248
vn -0.8950 0.0321 0.4450
vn -0.7023 -0.1001 0.7048
vn -0.6891 -0.1070 0.7167
vn -0.7124 -0.0970 0.6950
vn -0.7197 -0.0956 0.6876
vn -0.7774 -0.0894 0.6226
vn -0.7502 -0.1611 0.6413
vn -0.7726 -0.1194 0.6236
vn -0.8867 -0.0994 0.4516
vn -0.9057 0.0684 0.4184
vn -0.8990 0.0426 0.4359
vn -0.9676 -0.0000 0.2523
vn -0.7061 -0.0437 0.7068
vn -0.7065 -0.0344 0.7068
vn -0.7062 -0.0400 0.7069
vn -0.0827 0.9824 -0.1674
vn -0.2360 0.8461 -0.4779
vn -0.2361 0.8461 -0.4779
vn -0.1262 0.6207 -0.7738
vn -0.0284 0.9824 -0.1845
vn -0.0812 0.8461 -0.5268
vn -0.1199 0.6166 -0.7781
vn -0.3481 0.6182 -0.7047
vn -0.3821 0.5994 -0.7033
vn -0.1768 0.9842 -0.0000
vn -0.1633 0.9866 -0.0014
vn -0.3721 0.9282 0.0003
vn -0.4256 0.9049 -0.0011
vn -0.5425 0.8400 0.0026
vn -0.6106 0.7919 -0.0024
vn -0.7654 0.6436 0.0031
vn -0.7948 0.6069 -0.0008
vn -0.8987 0.4386 0.0005
vn -0.9069 0.4213 -0.0006
vn -0.9851 0.1722 0.0013
vn -0.9833 0.1820 -0.0000
vn -0.0939 0.9800 -0.1753
vn -0.2662 0.8260 -0.4969
vn -0.3958 0.5455 -0.7388
vn -0.3957 0.5455 -0.7388
vn -0.1336 0.1899 -0.9727
vn -0.0325 0.9800 -0.1961
vn -0.0920 0.8260 -0.5561
vn -0.1367 0.5455 -0.8269
vn -0.1368 0.5455 -0.8269
vn -0.1594 0.2146 -0.9636
vn -0.4614 0.2121 -0.8615
vn -0.4378 0.2341 -0.8680
vn -0.8762 0.4071 -0.2579
vn -0.0692 0.2582 -0.9636
vn -0.5902 0.7654 -0.2567
vn -0.4112 0.8743 -0.2580
vn -0.1610 0.6008 -0.7830
vn -0.2718 0.6561 -0.7041
vn -0.2079 0.7760 -0.5954
vn -0.2466 0.9205 -0.3032
vn -0.1710 0.9517 -0.2550
vn -0.7681 0.5866 -0.2568
vn -0.6721 0.6721 -0.3108
vn -0.5086 0.5086 -0.6947
vn -0.5086 0.5086 -0.6948
vn -0.1890 0.1890 -0.9636
vn -0.9524 0.1665 -0.2552
vn -0.9200 0.2465 -0.3047
vn -0.6947 0.1862 -0.6948
vn -0.6947 0.1861 -0.6948
vn -0.2582 0.0692 -0.9636
vn -0.1951 0.9808 -0.0000
vn -0.5556 0.8315 -0.0000
vn -0.8315 0.5556 -0.0000
vn -0.9808 0.1951 -0.0000
vn -0.0254 0.6360 -0.7713
vn -0.2389 0.7369 -0.6324
vn -0.0636 0.6051 -0.7936
vn -0.4293 0.7979 -0.4232
vn -0.3265 0.7758 -0.5399
vn -0.2388 0.7415 -0.6270
vn -0.4552 0.8281 -0.3272
vn -0.5787 0.7094 -0.4023
vn -0.5238 0.7431 -0.4164
vn -0.9331 0.3321 -0.1380
vn -0.9307 0.3348 -0.1475
vn -0.8589 0.5066 -0.0753
vn -0.0623 0.6072 -0.7921
vn -0.0463 0.6011 -0.7978
vn -0.0921 0.8015 -0.5909
vn -0.1564 0.8554 -0.4938
vn -0.1446 0.9270 -0.3462
vn -0.2173 0.9627 -0.1611
vn -0.1658 0.9861 0.0122
vn -0.3223 0.9394 -0.1167
vn -0.5516 0.8150 -0.1775
vn -0.5587 0.8286 0.0342
vn -0.6981 0.6646 -0.2664
vn -0.7193 0.6910 -0.0716
vn -0.8562 0.4771 -0.1984
vn -0.8569 0.4669 -0.2186
vn -0.0000 0.6362 -0.7715
vn -0.0000 0.9828 -0.1846
vn -0.0007 0.9863 -0.1650
vn 0.0007 0.8661 -0.4999
vn -0.0004 0.8489 -0.5286
vn 0.0004 0.6257 -0.7801
vn -0.1411 0.5567 -0.8187
vn -0.1287 0.5531 -0.8231
vn -0.1342 0.5430 -0.8289
vn -0.1175 0.5393 -0.8339
vn -0.1444 0.5294 -0.8360
vn -0.1634 0.5314 -0.8312
vn -0.1110 0.5089 -0.8536
vn -0.1332 0.5079 -0.8511
vn -0.5211 0.6565 -0.5454
vn -0.4364 0.6544 -0.6174
vn -0.1830 0.5808 -0.7932
vn -0.1347 0.5626 -0.8157
vn -0.3956 0.6445 -0.6543
vn -0.4070 0.6268 -0.6645
vn -0.3765 0.6237 -0.6850
vn -0.3927 0.5942 -0.7020
vn -0.3679 0.5929 -0.7163
vn -0.3848 0.5516 -0.7401
vn -0.3723 0.5521 -0.7460
vn -0.3841 0.5021 -0.7749
vn -0.3913 0.5008 -0.7721
vn -0.5488 0.7369 0.3947
vn -0.4834 0.5741 0.6609
vn -0.4819 0.5631 0.6713
vn -0.5143 0.7204 0.4654
vn -0.5150 0.7187 0.4672
vn -0.4972 0.8376 0.2262
vn -0.4759 0.8706 0.1251
vn -0.4669 0.8843 -0.0000
vn -0.3828 0.8954 -0.2273
vn -0.2866 0.8489 -0.4440
vn -0.1024 0.6218 -0.7764
vn -0.1083 0.6488 -0.7532
vn -0.1419 0.6818 -0.7177
vn -0.0829 0.5911 -0.8023
vn -0.0820 0.6106 -0.7877
vn -0.2616 0.7864 -0.5597
vn -0.2588 0.7879 -0.5588
vn -0.2583 0.7877 -0.5593
vn -0.4101 0.8782 -0.2461
vn -0.3764 0.8697 -0.3192
vn -0.3355 0.8508 -0.4045
vn -0.3822 0.8951 -0.2295
vn -0.4073 0.8820 -0.2372
vn -0.4536 0.8783 -0.1510
vn -0.5405 0.7418 0.3969
vn -0.5306 0.7528 0.3896
vn -0.4835 0.8667 0.1228
vn -0.5315 0.8266 0.1852
vn -0.4883 0.8714 0.0473
vn -0.0000 0.9806 -0.1962
vn -0.0067 0.9997 -0.0241
vn -0.0001 0.5866 -0.8098
vn -0.0000 0.3667 -0.9304
vn -0.0004 0.1916 -0.9815
vn -0.0024 0.2587 -0.9660
vn -0.0000 0.0817 -0.9967
vn -0.0010 0.9839 -0.1789
vn 0.0008 0.8682 -0.4962
vn -0.0011 0.8295 -0.5585
vn 0.0017 0.5507 -0.8347
vn -0.0000 0.5369 0.8436
vn 0.0043 0.5563 0.8309
vn -0.0001 0.6844 0.7291
vn 0.0003 0.7733 0.6341
vn 0.0119 0.8349 0.5502
vn -0.0044 0.9064 0.4225
vn 0.0056 0.9830 0.1835
vn -0.0000 0.9902 0.1400
vn -0.8859 -0.0000 0.4639
vn -0.6766 -0.0000 0.7363
vn -0.3875 -0.0000 0.9219
vn -0.9778 -0.0000 0.2095
vn -0.7860 -0.0000 0.6182
vn -0.4340 -0.0000 0.9009
vn -0.4266 -0.0000 -0.9045
vn -0.7830 -0.0000 -0.6220
vn -0.9775 -0.0000 -0.2110
vn -0.4816 0.5647 0.6702
vn -0.5107 0.5288 0.6779
vn -0.5056 0.5354 0.6765
vn -0.5025 0.5407 0.6747
vn -0.4947 0.5546 0.6691
vn -0.4878 0.5791 0.6532
vn -0.4901 0.5678 0.6613
vn -0.4912 0.5596 0.6675
vn -0.4715 0.5734 0.6700
vn -0.4584 0.5847 0.6693
vn -0.5761 0.4400 0.6888
vn -0.5694 0.4539 0.6854
vn -0.5454 0.4666 0.6963
vn -0.5455 0.4939 0.6771
vn -0.5249 0.5097 0.6816
vn -0.5175 0.5224 0.6778
vn -0.5176 0.5223 0.6777
vn -0.5144 0.5252 0.6780
vn -0.6187 0.3653 0.6955
vn -0.6006 0.4039 0.6901
vn -0.5684 0.4048 0.7163
vn -0.6138 0.3818 0.6909
vn -0.6333 0.3305 0.6998
vn -0.6150 0.3351 0.7138
vn -0.6520 0.3055 0.6939
vn -0.6519 0.2665 0.7099
vn -0.6330 0.2109 0.7449
vn -0.6982 0.2752 0.6609
vn -0.6738 0.1875 0.7147
vn -0.6806 0.1808 0.7100
vn -0.7040 0.1423 0.6958
vn -0.6910 0.1508 0.7069
vn -0.7025 0.1059 0.7038
vn -0.7034 0.1072 0.7027
vn -0.7023 0.0728 0.7081
vn -0.6819 0.0333 0.7307
vn -0.7260 0.0587 0.6852
vn -0.6994 0.0005 0.7147
vn -0.7179 -0.0180 0.6959
vn -0.7084 -0.0307 0.7051
vn -0.4667 0.5806 0.6672
vn -0.4265 0.6063 0.6711
vn -0.4259 0.6169 0.6618
vn -0.3639 0.6666 0.6505
vn -0.3642 0.6641 0.6530
vn -0.2957 0.7148 0.6338
vn -0.2980 0.7021 0.6467
vn -0.2269 0.7558 0.6142
vn -0.2325 0.7337 0.6385
vn -0.1563 0.7843 0.6003
vn -0.1655 0.7579 0.6310
vn -0.0877 0.7982 0.5959
vn -0.0990 0.7735 0.6260
vn -0.0274 0.8008 0.5982
vn -0.0332 0.7914 0.6104
vn 0.4754 0.8798 -0.0000
vn 0.4734 0.8809 -0.0009
vn 0.4699 0.8827 -0.0021
vn 0.4664 0.8846 -0.0032
vn 0.4648 0.8854 -0.0036
vn 0.4756 0.8797 -0.0014
vn 0.4669 0.8843 -0.0031
vn 0.4756 0.8796 -0.0022
vn 0.4811 0.8767 -0.0018
vn 0.4819 0.8762 -0.0018
vn 0.4827 0.8758 -0.0018
vn 0.4855 0.8742 -0.0017
vn 0.4904 0.8715 -0.0025
vn 0.4940 0.8694 0.0023
vn 0.9854 0.0886 -0.1453
vn 0.9921 0.1201 -0.0357
vn 0.9934 0.0949 -0.0649
vn 0.9916 0.0904 -0.0924
vn 0.9953 0.0968 -0.0089
vn 0.9972 0.0617 0.0420
vn 0.9971 0.0643 0.0406
vn 0.9943 0.1013 0.0323
vn 0.9946 0.0989 0.0324
vn 0.9336 0.3583 0.0072
vn 0.9652 0.2614 0.0067
vn 0.9580 0.2864 0.0152
vn 0.9802 0.1975 0.0118
vn 0.9783 0.2067 0.0151
vn 0.9886 0.1477 0.0282
vn 0.9886 0.1478 0.0282
vn 0.9950 0.0933 0.0364
vn 0.7969 0.6041 -0.0081
vn 0.8372 0.5469 -0.0099
vn 0.8411 0.5408 -0.0101
vn 0.8470 0.5316 -0.0106
vn 0.8517 0.5239 -0.0111
vn 0.8519 0.5235 -0.0112
vn 0.8625 0.5059 -0.0096
vn 0.8868 0.4620 -0.0082
vn 0.8975 0.4411 0.0001
vn 0.9387 0.3448 0.0029
vn 0.5983 0.8012 -0.0058
vn 0.6441 0.7649 -0.0052
vn 0.6664 0.7456 -0.0084
vn 0.7008 0.7134 -0.0064
vn 0.7338 0.6793 -0.0102
vn 0.7576 0.6527 -0.0077
vn 0.8115 0.5843 -0.0123
vn 0.4885 0.8725 -0.0016
vn 0.4918 0.8707 -0.0015
vn 0.5330 0.8461 -0.0015
vn 0.5020 0.8648 -0.0084
vn 0.5060 0.8625 -0.0076
vn 0.5094 0.8605 -0.0070
vn 0.5146 0.8574 -0.0062
vn 0.5174 0.8557 -0.0058
vn 0.5214 0.8533 -0.0053
vn 0.5444 0.8388 -0.0029
vn 0.5915 0.8063 -0.0046
vn 0.8598 0.5074 -0.0565
vn 0.8675 0.4945 -0.0550
vn 0.8590 0.5090 -0.0551
vn 0.8082 0.5863 -0.0546
vn 0.8159 0.5759 -0.0510
vn 0.7485 0.6624 -0.0309
vn 0.7222 0.6909 -0.0348
vn 0.8513 0.5234 -0.0370
vn 0.8608 0.5079 -0.0318
vn 0.7964 0.6040 -0.0314
vn 0.8092 0.5870 -0.0253
vn 0.7336 0.6792 -0.0248
vn 0.7487 0.6626 -0.0184
vn 0.6663 0.7455 -0.0179
vn 0.6736 0.7389 -0.0152
vn 0.5982 0.8012 -0.0148
vn 0.6475 0.7621 -0.0060
vn 0.5329 0.8461 -0.0112
vn 0.5749 0.8183 -0.0022
vn 0.5268 0.8500 -0.0025
vn 0.9334 0.3565 -0.0416
vn 0.9298 0.3653 -0.0443
vn 0.9555 0.2915 -0.0444
vn 0.9954 0.0944 -0.0153
vn 0.9943 0.0944 -0.0501
vn 0.9867 0.1544 -0.0499
vn 0.9746 0.2186 -0.0476
vn 0.9874 0.1506 -0.0477
vn 0.9836 0.1501 -0.1004
vn 0.9904 0.0946 -0.1008
vn 0.9894 0.0890 -0.1149
vn 0.9867 0.0833 -0.1395
vn 0.9795 0.1425 -0.1423
vn 0.9854 0.1433 -0.0924
vn 0.9722 0.2155 -0.0920
vn 0.9753 0.2161 -0.0461
vn 0.9538 0.2968 -0.0460
vn 0.9832 0.1304 -0.1278
vn 0.9757 0.1783 -0.1275
vn 0.9708 0.2195 -0.0968
vn 0.9709 0.2192 -0.0967
vn 0.9520 0.2906 -0.0964
vn 0.9563 0.2774 -0.0925
vn 0.9310 0.3558 -0.0810
vn 0.9374 0.3393 -0.0784
vn 0.9308 0.3570 -0.0785
vn 0.9957 0.0925 0.0087
vn 0.9948 0.1017 0.0019
vn 0.9890 0.1480 0.0018
vn 0.9880 0.1544 -0.0019
vn 0.9784 0.2068 -0.0020
vn 0.9758 0.2186 -0.0090
vn 0.9580 0.2866 -0.0092
vn 0.9548 0.2969 -0.0124
vn 0.9334 0.3585 -0.0125
vn 0.9307 0.3654 -0.0146
vn 0.8967 0.4423 -0.0146
vn 0.8960 0.4422 -0.0414
vn 0.9022 0.4298 -0.0374
vn 0.9000 0.4289 -0.0781
vn 0.9052 0.4183 -0.0748
vn -0.9657 0.2588 -0.0200
vn -0.8352 0.4827 0.2634
vn -0.8085 0.5302 0.2553
vn -0.7047 0.7047 -0.0821
vn -0.1735 0.5452 0.8201
vn -0.1735 0.5452 0.8202
vn -0.1735 0.8202 0.5452
vn -0.1735 0.8201 0.5452
vn -0.1488 0.9676 0.2039
vn -0.1298 0.9729 0.1912
vn -0.1271 0.1912 0.9733
vn -0.1490 0.2054 0.9673
vn -0.2974 0.1705 0.9394
vn -0.9822 0.0674 0.1754
vn -0.9050 0.1643 0.3923
vn -0.8345 0.2594 0.4861
vn -0.8341 0.2592 0.4869
vn -0.8057 0.2580 0.5331
vn -0.7657 0.1287 0.6303
vn -0.6479 0.0781 0.7577
vn -0.4635 0.1883 0.8659
vn -0.4725 0.1717 0.8644
vn -0.5319 0.4466 0.7195
vn -0.5318 0.4467 0.7195
vn -0.5318 0.7195 0.4466
vn -0.4830 0.8504 0.2086
vn -0.3798 0.9128 0.1504
vn -0.1742 0.3772 0.9096
vn -0.6772 -0.7239 0.1316
vn -0.3388 -0.9223 0.1857
vn -0.9793 -0.1948 -0.0552
vn -0.9707 -0.1459 0.1910
vn -0.9737 -0.0392 0.2243
vn -0.8542 0.0927 0.5116
vn -0.8484 0.1285 0.5135
vn -0.6221 0.4211 0.6600
vn -0.5331 0.2911 0.7944
vn -0.7220 0.2344 0.6509
vn -0.1039 -0.0909 0.9904
vn -0.1249 -0.0980 0.9873
vn -0.1514 -0.9646 0.2159
vn -0.1679 -0.9652 0.2006
vn -0.1761 -0.8005 0.5729
vn -0.1545 -0.4970 0.8539
vn -0.1317 -0.2957 0.9462
vn -0.3260 -0.0329 0.9448
vn -0.3259 -0.0328 0.9448
vn -0.4745 -0.3911 0.7886
vn -0.5398 -0.6772 0.5000
vn -0.5240 -0.8304 0.1893
vn -0.5168 -0.8323 0.2005
vn -0.8237 -0.5504 0.1363
vn -0.8302 -0.5480 0.1018
vn -0.8420 -0.4139 0.3460
vn -0.7402 -0.1596 0.6532
vn -0.5084 0.1262 0.8518
vn -0.5084 0.1261 0.8518
vn -0.1814 0.3942 0.9010
vn -0.1163 0.3375 0.9341
vn -0.0681 0.1387 0.9880
vn -0.1271 0.3408 0.9315
vn 0.8185 0.2828 -0.5000
vn 0.9708 0.0745 -0.2278
vn 0.8166 0.1850 -0.5467
vn 0.8452 0.1611 -0.5096
vn 0.8553 0.1428 -0.4981
vn 0.8873 0.1219 -0.4448
vn 0.8954 0.1068 -0.4322
vn 0.9195 0.0970 -0.3809
vn 0.9279 0.0810 -0.3639
vn 0.9676 0.1768 -0.1802
vn 0.9751 0.1293 -0.1804
vn 0.9737 0.1098 -0.1997
vn 0.9761 0.0824 -0.2010
vn 0.9773 0.1015 -0.1857
vn 0.9636 0.2176 -0.1553
vn 0.9008 0.4163 -0.1231
vn 0.9265 0.3554 -0.1234
vn 0.9331 0.3377 -0.1238
vn 0.9307 0.3619 -0.0532
vn 0.8884 0.4479 -0.1010
vn 0.8656 0.4934 -0.0853
vn 0.8540 0.5202 0.0127
vn 0.8140 0.5746 -0.0856
vn 0.8572 0.5080 -0.0850
vn 0.7871 0.6134 -0.0646
vn 0.7231 0.6903 -0.0249
vn 0.7224 0.6911 -0.0229
vn 0.6470 0.7619 -0.0303
vn 0.6472 0.7617 -0.0306
vn 0.5720 0.8202 0.0054
vn 0.5749 0.8183 -0.0032
vn 0.5268 0.8500 -0.0041
vn 0.4993 0.8664 -0.0077
vn 0.4940 0.8694 0.0059
vn 0.5946 0.8038 -0.0201
vn 0.6000 0.7998 -0.0146
vn 0.5258 0.8504 -0.0174
vn 0.6800 0.7295 -0.0736
vn 0.6393 0.7653 -0.0748
vn 0.5391 0.8418 0.0267
vn 0.5087 0.8609 -0.0118
vn 0.5971 0.8021 -0.0100
vn 0.5736 0.8178 -0.0455
vn 0.6892 0.7233 -0.0426
vn 0.6475 0.7558 -0.0973
vn 0.7685 0.6328 -0.0948
vn 0.7121 0.6837 -0.1595
vn 0.8267 0.5399 -0.1586
vn 0.7642 0.6053 -0.2228
vn 0.7765 0.4347 -0.4561
vn 0.8634 0.3906 -0.3194
vn 0.8208 0.4372 -0.3677
vn 0.8805 0.4062 -0.2446
vn 0.8510 0.4409 -0.2853
vn 0.7568 0.3546 -0.5491
vn 0.7181 0.4335 -0.5444
vn 0.8358 0.3739 -0.4020
vn 0.7905 0.3632 -0.4932
vn 0.7637 0.4269 -0.4842
vn 0.7763 0.4871 -0.4001
vn 0.7716 0.5014 -0.3915
vn 0.8163 0.4821 -0.3182
vn 0.8319 0.5076 -0.2244
vn 0.8189 0.5202 -0.2425
vn 0.8327 0.4178 -0.3634
vn 0.7995 0.4772 -0.3648
vn 0.7615 0.5751 -0.2989
vn 0.8331 0.4895 -0.2574
vn 0.6843 0.6687 -0.2907
vn 0.8179 0.5543 -0.1543
vn 0.7048 0.6898 -0.1656
vn 0.7863 0.2517 -0.5642
vn 0.7868 0.2257 -0.5745
vn 0.7893 0.2244 -0.5715
vn 0.9526 0.0706 -0.2960
vn 0.9433 0.0855 -0.3209
vn 0.9409 0.1094 -0.3205
vn 0.9162 0.1267 -0.3801
vn 0.9197 0.1202 -0.3737
vn 0.8840 0.1472 -0.4437
vn 0.8810 0.1522 -0.4479
vn 0.8419 0.1818 -0.5081
vn 0.8274 0.2034 -0.5234
vn 0.7729 0.2425 -0.5864
vn 0.9629 0.0786 -0.2582
vn 0.9604 0.0812 -0.2666
vn 0.9567 0.1179 -0.2661
vn 0.9528 0.1257 -0.2762
vn 0.9483 0.1573 -0.2758
vn 0.9098 0.1834 -0.3723
vn 0.9171 0.1721 -0.3595
vn 0.8717 0.2032 -0.4459
vn 0.8734 0.2009 -0.4437
vn 0.8201 0.2366 -0.5210
vn 0.8110 0.2479 -0.5299
vn 0.7926 0.3096 -0.5253
vn 0.8748 0.2608 -0.4082
vn 0.8505 0.2884 -0.4400
vn 0.9133 0.2501 -0.3213
vn 0.8923 0.2764 -0.3569
vn 0.9238 0.2586 -0.2823
vn 0.9470 0.1507 -0.2837
vn 0.7540 0.2849 -0.5919
vn 0.7511 0.2951 -0.5905
vn 0.7444 0.2900 -0.6015
vn 0.7265 0.3188 -0.6087
vn 0.7192 0.3400 -0.6059
vn 0.7433 0.3169 -0.5891
vn 0.7361 0.3356 -0.5878
vn 0.9702 0.1681 -0.1746
vn 0.9599 0.1733 -0.2204
vn 0.9398 0.2623 -0.2192
vn 0.9321 0.2667 -0.2450
vn 0.9038 0.3517 -0.2437
vn 0.8736 0.3675 -0.3190
vn 0.8967 0.3363 -0.2878
vn 0.8363 0.3695 -0.4050
vn 0.8680 0.3304 -0.3708
vn 0.7831 0.3761 -0.4954
vn 0.8249 0.3282 -0.4603
vn 0.7196 0.3848 -0.5780
vn 0.7657 0.3331 -0.5503
vn 0.5131 0.8582 0.0139
vn 0.4994 0.8664 -0.0071
vn 0.5807 0.8141 -0.0055
vn 0.5694 0.8217 -0.0249
vn 0.6637 0.7477 -0.0226
vn 0.6446 0.7628 -0.0517
vn 0.7407 0.6699 -0.0500
vn 0.7154 0.6936 -0.0845
vn 0.8065 0.5852 -0.0843
vn 0.7782 0.6165 -0.1197
vn 0.8583 0.4988 -0.1210
vn 0.8305 0.5353 -0.1541
vn 0.8962 0.4153 -0.1562
vn 0.8714 0.4541 -0.1854
vn 0.9060 0.3796 -0.1872
vn 0.9091 0.3750 -0.1814
vn 0.9447 0.2721 -0.1832
vn 0.9517 0.2685 -0.1490
vn 0.9488 0.2753 -0.1550
vn -0.0000 0.0563 0.9984
vn -0.0011 0.1758 0.9844
vn -0.0002 0.2224 0.9750
vn 0.0004 0.5395 0.8420
vn 0.0004 0.5392 0.8422
vn -0.0001 0.7565 0.6540
vn -0.0017 0.8422 0.5391
vn 0.0001 0.8754 0.4833
vn -0.0002 0.9844 0.1758
vn -0.0000 0.9853 0.1707
vn -0.4115 0.0006 0.9114
vn -0.3921 0.0039 0.9199
vn -0.3794 0.0073 0.9252
vn -0.3930 0.0023 0.9195
vn -0.3585 -0.0000 0.9335
vn -0.3936 0.0001 0.9193
vn -0.3168 0.0294 0.9480
vn -0.3644 0.0118 0.9312
vn -0.3895 0.0131 0.9209
vn -0.3839 0.0346 0.9227
vn -0.3759 0.0809 0.9231
vn -0.3671 0.1571 0.9168
vn -0.3475 0.3074 0.8859
vn -0.2139 0.7979 0.5636
vn -0.9191 -0.0000 0.3939
vn -0.8286 -0.0000 0.5599
vn -0.6910 -0.0000 0.7228
vn -0.5221 -0.0000 0.8529
vn -0.4248 -0.0000 0.9053
vn -0.0042 -0.3459 0.9383
vn -0.0003 -0.1278 0.9918
vn -0.0000 -0.0202 0.9998
vn 0.0021 -0.1951 0.9808
vn -0.0012 -0.5556 0.8315
vn 0.0003 -0.6084 0.7936
vn -0.0011 -0.9859 0.1676
vn 0.0014 -0.8315 0.5556
vn -0.0035 -0.8891 0.4577
vn -0.0002 -0.7761 0.6306
vn -0.1295 -0.0000 0.9916
vn -0.2588 -0.0043 0.9659
vn -0.9659 -0.0037 0.2588
vn -0.9175 -0.0006 0.3978
vn -0.3018 -0.0028 0.9534
vn -0.4720 0.0011 0.8816
vn -0.6088 -0.0010 0.7933
vn -0.6500 -0.0000 0.7600
vn -0.7721 -0.0011 0.6355
vn -0.8636 0.0002 0.5041
vn -0.9844 0.0841 0.1545
vn -0.9844 0.0841 0.1544
vn -0.8421 0.2580 0.4736
vn -0.8579 0.2494 0.4493
vn -0.7277 0.3281 0.6023
vn -0.5390 0.4030 0.7397
vn -0.1757 0.4710 0.8645
vn -0.0679 -0.9977 -0.0000
vn -0.1951 -0.9808 0.0022
vn -0.2423 -0.9702 0.0006
vn -0.4611 -0.8873 -0.0005
vn -0.5556 -0.8315 0.0024
vn -0.6406 -0.7678 -0.0000
vn -0.8162 -0.5778 0.0013
vn -0.9808 -0.1951 -0.0015
vn -0.9752 -0.2215 -0.0000
vn -0.1951 -0.0000 0.9808
vn -0.2588 -0.0025 0.9659
vn -0.5556 0.0017 0.8315
vn -0.6088 -0.0000 0.7933
vn -0.8315 -0.0000 0.5556
vn -0.7933 0.0025 0.6088
vn -0.9808 -0.0034 0.1951
vn -0.9659 -0.0000 0.2588
vn -0.0000 0.1033 0.9947
vn -0.0039 0.0061 1.0000
vn 0.0076 0.3054 0.9522
vn -0.0079 0.1106 0.9938
vn -0.0000 0.3054 0.9522
vn -0.0000 0.3075 0.9515
vn -0.0000 0.3599 0.9330
vn 0.0113 0.3669 0.9302
vn -0.0000 0.3848 0.9230
vn 0.0129 0.3698 0.9290
vn 0.0253 0.3830 0.9234
vn 0.0297 0.3873 0.9215
vn 0.0010 0.3389 0.9408
vn -0.0000 0.3196 0.9476
vn -0.0069 0.3009 0.9536
vn 0.0179 0.2638 0.9644
vn 0.0004 0.2565 0.9666
vn -0.0000 0.2322 0.9727
vn -0.0000 0.1509 0.9885
vn -0.0000 0.1508 0.9886
vn -0.4223 0.1925 -0.8858
vn -0.5968 0.5070 -0.6219
vn -0.6472 0.4820 -0.5906
vn -0.7161 0.4220 -0.5559
vn -0.6750 0.4583 -0.5782
vn -0.6444 0.4590 -0.6116
vn -0.6565 0.4612 -0.5969
vn -0.7396 0.4027 -0.5392
vn -0.7019 0.4146 -0.5792
vn -0.7141 0.4165 -0.5627
vn -0.4338 0.2179 -0.8742
vn -0.5098 0.2352 -0.8275
vn -0.5180 0.2174 -0.8273
vn -0.5570 0.2738 -0.7841
vn -0.5570 0.2744 -0.7839
vn -0.6067 0.2797 -0.7441
vn -0.6136 0.2919 -0.7337
vn -0.6354 0.3022 -0.7105
vn -0.6380 0.3151 -0.7026
vn -0.6619 0.3200 -0.6778
vn -0.6757 0.3460 -0.6509
vn -0.7024 0.3444 -0.6229
vn -0.7029 0.3607 -0.6130
vn -0.7057 0.3690 -0.6049
vn -0.7113 0.3840 -0.5887
vn -0.7078 0.3845 -0.5926
vn -0.7231 0.3912 -0.5693
vn -0.3272 0.2114 -0.9210
vn -0.3660 0.2032 -0.9082
vn -0.4194 0.2071 -0.8839
vn -0.0895 0.9805 0.1751
vn -0.0543 0.8162 0.5752
vn -0.1142 0.8367 0.5356
vn -0.1668 0.5423 0.8234
vn -0.1547 0.5326 0.8321
vn -0.4454 0.2145 0.8693
vn -0.0997 0.9803 0.1706
vn -0.2831 0.8276 0.4846
vn -0.2832 0.8276 0.4847
vn -0.4221 0.5478 0.7223
vn -0.4973 0.1675 0.8512
vn -0.2071 0.2351 0.9497
vn -0.1454 0.1739 0.9740
vn -0.5884 -0.7668 0.2568
vn -0.2721 -0.6559 0.7041
vn -0.1605 -0.5990 0.7845
vn -0.0692 -0.2582 0.9636
vn -0.2506 -0.9351 0.2506
vn -0.2076 -0.7747 0.5973
vn -0.7668 -0.5883 0.2567
vn -0.6721 -0.6721 0.3108
vn -0.5086 -0.5086 0.6947
vn -0.1890 -0.1890 0.9636
vn -0.2582 -0.0692 0.9636
vn -0.6008 -0.1610 0.7830
vn -0.6561 -0.2718 0.7041
vn -0.7760 -0.2079 0.5954
vn -0.9351 -0.2506 0.2506
vn -0.5425 0.8151 0.2033
vn -0.6524 0.6896 0.3144
vn -0.8417 0.5388 -0.0361
vn -0.9375 0.1674 0.3052
vn -0.3145 0.7921 0.5232
vn -0.3144 0.7922 0.5231
vn -0.4532 0.8664 0.2099
vn -0.4290 0.8833 0.1889
vn -0.1740 0.9728 0.1531
vn -0.1610 0.9772 0.1383
vn -0.1104 0.8675 0.4850
vn -0.1104 0.8676 0.4849
vn -0.0390 0.6174 0.7857
vn -0.1111 0.5907 0.7992
vn -0.9628 0.2637 0.0593
vn -0.8330 0.3727 0.4090
vn -0.8243 0.3884 0.4119
vn -0.5359 0.4764 0.6971
vn -0.5754 0.4110 0.7071
vn -0.5972 0.8020 -0.0109
vn -0.7770 0.6240 0.0830
vn -0.6981 0.6615 0.2741
vn -0.4706 0.6528 0.5936
vn -0.1662 0.5416 0.8241
vn -0.1751 0.5231 0.8341
vn 0.0014 0.1843 -0.9829
vn 0.0022 0.1853 -0.9827
vn 0.0020 0.1854 -0.9827
vn 0.0043 0.1847 -0.9828
vn -0.0010 0.1829 -0.9831
vn 0.0013 0.1823 -0.9832
vn 0.0080 0.1854 -0.9826
vn 0.0031 0.1806 -0.9835
vn 0.0039 0.1768 -0.9842
vn 0.0039 0.1766 -0.9843
vn -0.9685 0.2002 0.1481
vn -0.9425 0.1694 0.2882
vn -0.6154 0.2177 0.7575
vn -0.2648 0.9408 0.2118
vn -0.0451 0.9987 0.0225
vn -0.0476 0.9989 0.0033
vn -0.0917 0.9958 0.0030
vn -0.2761 0.9611 0.0110
vn -0.3414 0.9398 0.0176
vn -0.5383 0.8426 0.0153
vn -0.6348 0.7722 0.0264
vn -0.8146 0.5794 0.0273
vn -0.8550 0.5174 0.0350
vn -0.9721 0.2320 0.0337
vn -0.9819 0.1856 0.0381
vn -0.0578 0.9982 0.0132
vn -0.0752 0.9968 0.0288
vn -0.1284 0.9805 0.1489
vn -0.0949 0.9949 0.0348
vn -0.3198 0.9402 0.1172
vn -0.3193 0.9404 0.1170
vn -0.5946 0.7739 0.2179
vn -0.5938 0.7746 0.2175
vn -0.8015 0.5209 0.2937
vn -0.8007 0.5223 0.2933
vn -0.7975 0.0251 0.6028
vn -0.2647 0.9408 0.2117
vn -0.4926 0.7760 0.3941
vn -0.4924 0.7761 0.3939
vn -0.6646 0.5250 0.5317
vn -0.6645 0.5253 0.5315
vn -0.7498 0.2792 0.5998
vn -0.7399 0.1952 0.6437
vn -0.6617 0.2106 0.7196
vn -0.5868 0.4390 0.6804
vn -0.5561 0.5249 0.6444
vn -0.5443 0.5500 0.6335
vn -0.4128 0.7758 0.4772
vn -0.3626 0.8291 0.4255
vn -0.2236 0.9407 0.2550
vn -0.0465 0.9967 0.0668
vn -0.0580 0.9968 0.0556
vn -0.0625 0.9968 0.0506
vn -0.0540 0.9976 0.0432
vn -0.0661 0.9959 0.0625
vn -0.2463 0.9408 0.2329
vn -0.4582 0.7761 0.4332
vn -0.6183 0.5253 0.5846
vn -0.6984 0.2758 0.6604
vn -0.7054 0.2106 0.6768
vn -0.0671 0.9968 0.0443
vn -0.2252 0.9642 0.1400
vn -0.2885 0.9405 0.1793
vn -0.2890 0.9403 0.1796
vn -0.5364 0.7753 0.3334
vn -0.5372 0.7746 0.3338
vn -0.7233 0.5242 0.4496
vn -0.7241 0.5227 0.4500
vn -0.7501 0.4690 0.4662
vn -0.7526 0.4639 0.4673
vn -0.9050 0.2663 0.3317
vn -0.9165 0.2060 0.3429
vn -0.9003 0.2062 0.3833
vn -0.0731 0.9967 0.0340
vn -0.3083 0.9404 0.1436
vn -0.3079 0.9406 0.1434
vn -0.5732 0.7746 0.2671
vn -0.5726 0.7752 0.2667
vn -0.7730 0.5223 0.3601
vn -0.7724 0.5235 0.3597
vn -0.8694 0.2830 0.4050
vn -0.8935 0.0308 0.4480
vn -0.0765 0.9967 0.0256
vn -0.0786 0.9967 0.0188
vn -0.3318 0.9400 0.0794
vn -0.3327 0.9397 0.0796
vn -0.6166 0.7734 0.1476
vn -0.6180 0.7721 0.1478
vn -0.8306 0.5202 0.1988
vn -0.8321 0.5177 0.1990
vn -0.8699 0.4471 0.2081
vn -0.9571 0.1999 0.2097
vn -0.0960 0.9953 0.0115
vn -0.3395 0.9397 0.0408
vn -0.3391 0.9399 0.0407
vn -0.6309 0.7722 0.0757
vn -0.6303 0.7727 0.0756
vn -0.8497 0.5173 0.1020
vn -0.8490 0.5184 0.1018
vn -0.9705 0.2111 0.1165
vn -0.9488 0.2976 0.1059
vn -0.6291 0.4184 -0.6551
vn -0.5303 0.4787 -0.6997
vn -0.5058 0.5487 -0.6657
vn -0.9976 -0.0565 -0.0402
vn -0.9997 -0.0240 -0.0073
vn -0.9950 0.0762 -0.0647
vn -0.9916 0.1222 -0.0414
vn -0.9849 0.1600 -0.0660
vn -0.9886 0.1504 0.0089
vn -0.9844 0.1749 0.0169
vn -0.9841 0.1767 -0.0196
vn -0.9851 0.1705 -0.0245
vn -0.9897 0.1402 -0.0279
vn -0.9947 0.0371 0.0955
vn -0.9936 0.0624 0.0946
vn -0.9934 0.0971 0.0603
vn -0.9941 0.0927 0.0558
vn -0.9910 0.1200 0.0591
vn -0.9878 -0.0588 0.1444
vn -0.9893 -0.0428 0.1396
vn -0.9937 -0.0410 0.1046
vn -0.9948 -0.0342 0.0962
vn -0.9988 -0.0451 0.0191
vn -0.9973 -0.0087 0.0722
vn -0.9990 0.0349 0.0266
vn -0.9995 -0.0219 0.0225
vn -0.9976 -0.0399 0.0557
vn -0.9982 -0.0323 0.0505
vn -0.9959 -0.0356 0.0831
vn -0.9986 -0.0434 -0.0303
vn -0.9992 0.0273 -0.0283
vn -0.9979 -0.0022 -0.0642
vn -0.9785 0.1924 -0.0743
vn -0.9790 0.1883 -0.0777
vn -0.9911 0.1058 -0.0802
vn -0.9898 0.1427 -0.0034
vn -0.9942 0.0744 -0.0775
vn -0.9196 0.3510 -0.1767
vn -0.8448 0.4874 -0.2210
vn -0.7665 0.5759 -0.2843
vn -0.6907 0.6350 -0.3460
vn -0.6968 0.6267 -0.3488
vn -0.7035 0.6184 -0.3504
vn -0.5058 0.5923 -0.6272
vn -0.5228 0.6023 -0.6032
vn -0.5351 0.6410 -0.5503
vn -0.5554 0.6228 -0.5511
vn -0.5750 0.6677 -0.4729
vn -0.6554 0.6299 -0.4168
vn -0.5987 0.4217 -0.6809
vn -0.7049 0.3644 -0.6086
vn -0.7034 0.3751 -0.6038
vn -0.7068 0.3611 -0.6084
vn -0.6395 0.4133 -0.6483
vn -0.6876 0.2910 -0.6653
vn -0.7164 0.2095 -0.6655
vn -0.6309 0.2738 -0.7259
vn -0.7109 0.1288 -0.6914
vn -0.6959 0.1452 -0.7033
vn -0.5818 0.1907 -0.7906
vn -0.6360 0.1372 -0.7594
vn -0.8844 -0.0152 -0.4666
vn -0.8420 0.0968 -0.5308
vn -0.8153 0.0986 -0.5705
vn -0.9334 0.0510 -0.3551
vn -0.9738 0.0947 -0.2069
vn -0.9288 -0.3347 -0.1590
vn -0.7728 0.0872 -0.6286
vn -0.7775 0.1122 -0.6189
vn -0.7699 0.1462 -0.6212
vn -0.7842 0.2261 -0.5778
vn -0.7842 0.2260 -0.5778
vn -0.7927 0.3132 -0.5230
vn -0.7998 0.2933 -0.5237
vn -0.8011 0.3842 -0.4590
vn -0.8179 0.3429 -0.4621
vn -0.8117 0.4345 -0.3903
vn -0.8416 0.3664 -0.3969
vn -0.8295 0.4567 -0.3216
vn -0.8716 0.3612 -0.3316
vn -0.8560 0.4491 -0.2561
vn -0.7794 0.5430 -0.3125
vn -0.8003 0.4468 -0.3999
vn -0.7417 0.5497 -0.3843
vn -0.7582 0.4495 -0.4723
vn -0.7154 0.5254 -0.4607
vn -0.7245 0.4218 -0.5452
vn -0.6987 0.4709 -0.5386
vn -0.6987 0.3658 -0.6149
vn -0.7256 0.3013 -0.6186
vn -0.7161 0.3302 -0.6149
vn -0.6255 0.4168 -0.6596
vn -0.6108 0.4056 -0.6800
vn -0.5835 0.4459 -0.6787
vn -0.5679 0.5660 -0.5976
vn -0.6093 0.5046 -0.6116
vn -0.5970 0.6143 -0.5160
vn -0.6535 0.5356 -0.5348
vn -0.6331 0.6393 -0.4364
vn -0.7087 0.5351 -0.4597
vn -0.6832 0.6335 -0.3632
vn -0.9998 0.0178 0.0095
vn -0.9990 -0.0439 -0.0115
vn -0.9999 0.0129 -0.0077
vn -0.9999 -0.0054 -0.0159
vn -0.9971 0.0749 -0.0105
vn -0.9989 0.0370 -0.0274
vn -0.9203 0.3648 -0.1415
vn -0.8920 0.3686 -0.2617
vn -0.8719 0.4526 -0.1867
vn -0.8329 0.4544 -0.3160
vn -0.8074 0.5418 -0.2335
vn -0.7604 0.5399 -0.3609
vn -0.7400 0.6121 -0.2787
vn -0.7090 0.6081 -0.3572
vn -0.7287 0.6147 -0.3020
vn -0.6724 0.6401 -0.3717
vn -0.6669 0.6402 -0.3813
vn -0.9845 0.1497 -0.0912
vn -0.9799 0.1913 -0.0566
vn -0.9951 0.0773 -0.0617
vn -0.9938 0.1036 -0.0398
vn -0.9989 0.0145 -0.0442
vn -0.9991 0.0275 -0.0333
vn -0.9988 -0.0339 -0.0366
vn -0.9991 -0.0346 -0.0236
vn -0.9984 -0.0443 -0.0362
vn -0.9864 0.1621 0.0268
vn -0.9866 0.1628 0.0120
vn -0.9949 0.1003 0.0087
vn -0.9733 0.2096 -0.0935
vn -0.9761 0.2083 -0.0622
vn -0.9849 0.1603 -0.0651
vn -0.9838 0.1739 -0.0429
vn -0.9916 0.1285 -0.0110
vn -0.9895 0.1311 -0.0614
vn -0.9837 0.1786 -0.0215
vn -0.9777 0.1828 -0.1035
vn -0.9695 0.2387 -0.0561
vn -0.9593 0.2432 -0.1436
vn -0.9476 0.3067 -0.0891
vn -0.9317 0.3114 -0.1868
vn -0.9158 0.3814 -0.1257
vn -0.8950 0.3856 -0.2245
vn -0.8822 0.4486 -0.1432
vn -0.9960 0.0404 0.0796
vn -0.9867 0.0352 0.1589
vn -0.9973 0.0063 0.0737
vn -0.9884 -0.0322 0.1482
vn -0.9921 -0.0023 0.1256
vn -0.9951 -0.0007 0.0985
vn -0.9969 0.0154 0.0777
vn -0.9981 0.0163 0.0597
vn -0.9988 0.0356 0.0344
vn -0.9990 0.0359 0.0275
vn -0.9968 0.0799 -0.0009
vn -0.9964 0.0810 -0.0246
vn -0.9938 0.1065 -0.0323
vn -0.9871 0.1482 -0.0600
vn -0.9967 0.0703 0.0417
vn -0.9971 0.0713 0.0249
vn -0.9954 0.0873 0.0383
vn -0.9955 0.0907 -0.0280
vn -0.9919 0.1271 0.0026
vn -0.9894 0.1304 -0.0637
vn -0.9845 0.1732 -0.0276
vn -0.9794 0.1767 -0.0972
vn -0.9725 0.2265 -0.0552
vn -0.9639 0.2306 -0.1334
vn -0.9539 0.2877 -0.0851
vn -0.9505 0.2894 -0.1128
vn -0.9584 0.2547 -0.1286
vn -0.9950 0.0764 -0.0649
vn -0.9824 0.0617 -0.1763
vn -0.9771 0.1130 -0.1801
vn -0.9765 0.1500 -0.1548
vn -0.9754 0.1565 -0.1551
vn -0.9726 0.1941 -0.1279
vn -0.9672 0.2191 -0.1282
vn -0.9397 0.2871 -0.1861
vn -0.9312 0.2660 -0.2492
vn -0.9376 0.2420 -0.2495
vn -0.9388 0.1872 -0.2890
vn -0.9382 0.1901 -0.2891
vn -0.9359 0.1376 -0.3242
vn -0.9374 0.1285 -0.3237
vn -0.9318 0.0788 -0.3544
vn -0.9374 0.0155 -0.3480
vn -0.9657 0.0775 -0.2478
vn -0.9232 0.3077 -0.2302
vn -0.9544 0.2696 -0.1283
vn -0.9441 0.2714 -0.1869
vn -0.9686 0.2305 -0.0928
vn -0.9626 0.2309 -0.1416
vn -0.9608 0.2386 -0.1413
vn -0.9667 0.2370 -0.0963
vn -0.9714 0.2164 -0.0977
vn -0.9670 0.2179 -0.1320
vn -0.9661 0.2390 -0.0973
vn -0.9445 0.2870 -0.1600
vn -0.9348 0.2884 -0.2071
vn -0.9816 0.1908 -0.0017
vn -0.9806 0.1912 -0.0436
vn -0.9819 0.1843 -0.0437
vn -0.9827 0.1836 -0.0262
vn -0.9956 0.0888 -0.0314
vn -0.9857 0.1521 0.0729
vn -0.9920 0.1183 0.0450
vn -0.9913 0.1236 -0.0462
vn -0.9855 0.1697 -0.0081
vn -0.9794 0.1746 -0.1019
vn -0.9713 0.2318 -0.0540
vn -0.9597 0.2366 -0.1517
vn -0.9480 0.3037 -0.0946
vn -0.9302 0.3084 -0.1991
vn -0.9139 0.3833 -0.1337
vn -0.8878 0.3873 -0.2486
vn -0.8664 0.4672 -0.1762
vn -0.8356 0.4694 -0.2853
vn -0.8156 0.5381 -0.2127
vn -0.9010 0.0750 -0.4272
vn -0.8679 0.0651 -0.4924
vn -0.8616 0.1073 -0.4961
vn -0.8719 0.1713 -0.4588
vn -0.8710 0.1752 -0.4590
vn -0.8769 0.2448 -0.4138
vn -0.8801 0.2329 -0.4138
vn -0.8807 0.3061 -0.3615
vn -0.8878 0.2837 -0.3623
vn -0.8989 0.3506 -0.2628
vn -0.8901 0.3973 -0.2232
vn -0.8895 0.3693 -0.2691
vn -0.9111 0.3080 -0.2738
vn -0.9277 0.3563 -0.1111
vn -0.9309 0.3299 -0.1565
vn -0.9043 0.3326 -0.2676
vn -0.8881 0.4160 -0.1957
vn -0.8470 0.4175 -0.3292
vn -0.8250 0.5084 -0.2466
vn -0.7709 0.5061 -0.3867
vn -0.7438 0.5993 -0.2959
vn -0.6845 0.5923 -0.4250
vn -0.6814 0.6487 -0.3390
vn -0.8647 -0.1387 0.4828
vn -0.9221 -0.0944 0.3753
vn -0.5155 -0.8569 -0.0057
vn -0.5249 -0.8511 0.0108
vn -0.5512 -0.8344 0.0067
vn -0.5965 -0.8026 0.0060
vn -0.5983 -0.8013 0.0027
vn -0.6697 -0.7419 0.0324
vn -0.6697 -0.7419 0.0323
vn -0.7287 -0.6841 0.0323
vn -0.7394 -0.6713 0.0515
vn -0.7734 -0.6320 0.0492
vn -0.9329 -0.3522 0.0747
vn -0.8733 -0.4715 0.1227
vn -0.8976 -0.4313 0.0909
vn -0.8291 -0.5523 0.0872
vn -0.8628 -0.5053 0.0150
vn -0.8016 -0.5936 0.0704
vn -0.9738 -0.1633 0.1582
vn -0.9515 -0.2651 0.1561
vn -0.9530 -0.2613 0.1532
vn -0.9371 -0.3252 0.1269
vn -0.9087 -0.3984 0.1247
vn -0.9684 -0.1386 0.2074
vn -0.9771 -0.0893 0.1930
vn -0.9760 -0.0922 0.1971
vn -0.9628 -0.0768 0.2592
vn -0.9609 -0.0685 0.2682
vn -0.9563 -0.1175 0.2677
vn -0.9775 -0.1070 0.1818
vn -0.9655 -0.1873 0.1807
vn -0.7954 -0.2203 0.5646
vn -0.7838 -0.2245 0.5789
vn -0.7848 -0.2351 0.5734
vn -0.7475 -0.2893 0.5979
vn -0.7492 -0.3576 0.5575
vn -0.7638 -0.3236 0.5584
vn -0.6973 -0.3872 0.6032
vn -0.7478 -0.3087 0.5879
vn -0.7084 -0.3427 0.6170
vn -0.7467 -0.2884 0.5994
vn -0.7394 -0.3890 0.5496
vn -0.7666 -0.4016 0.5011
vn -0.7568 -0.4255 0.4962
vn -0.7114 -0.6415 0.2869
vn -0.8387 -0.4590 0.2929
vn -0.7393 -0.5633 0.3689
vn -0.7911 -0.4784 0.3811
vn -0.5524 -0.8323 0.0465
vn -0.6669 -0.7451 -0.0057
vn -0.6163 -0.7852 0.0604
vn -0.7105 -0.6938 0.1177
vn -0.6884 -0.7124 0.1362
vn -0.7528 -0.6285 0.1958
vn -0.8263 -0.5340 0.1791
vn -0.9060 -0.1001 0.4113
vn -0.9186 -0.0995 0.3823
vn -0.9160 -0.1231 0.3819
vn -0.9184 -0.1251 0.3754
vn -0.9104 -0.1751 0.3748
vn -0.9150 -0.1782 0.3620
vn -0.8966 -0.2565 0.3610
vn -0.9080 -0.2621 0.3269
vn -0.8758 -0.3565 0.3253
vn -0.8827 -0.1239 0.4534
vn -0.8864 -0.1243 0.4460
vn -0.8827 -0.1504 0.4452
vn -0.8809 -0.1494 0.4491
vn -0.8713 -0.2006 0.4480
vn -0.8725 -0.2011 0.4454
vn -0.8544 -0.2702 0.4439
vn -0.8684 -0.2736 0.4135
vn -0.8470 -0.3353 0.4125
vn -0.8658 -0.3692 0.3379
vn -0.8606 -0.3813 0.3376
vn -0.8554 -0.4264 0.2941
vn -0.8410 -0.4545 0.2935
vn -0.8320 -0.5003 0.2397
vn -0.8094 -0.5365 0.2389
vn -0.7964 -0.5780 0.1777
vn -0.7615 -0.6235 0.1769
vn -0.7462 -0.6558 0.1145
vn -0.6961 -0.7088 0.1139
vn -0.6815 -0.7295 0.0590
vn -0.6167 -0.7850 0.0590
vn -0.6061 -0.7951 0.0198
vn -0.5611 -0.8275 0.0201
vn -0.5391 -0.8422 -0.0001
vn -0.8365 -0.1627 0.5233
vn -0.8443 -0.1624 0.5106
vn -0.8388 -0.1938 0.5088
vn -0.8297 -0.1906 0.5246
vn -0.8180 -0.2414 0.5221
vn -0.8126 -0.2402 0.5311
vn -0.7962 -0.2943 0.5286
vn -0.8111 -0.2959 0.5045
vn -0.7944 -0.3400 0.5033
vn -0.8085 -0.3559 0.4687
vn -0.7942 -0.3879 0.4678
vn -0.8131 -0.4071 0.4162
vn -0.7849 -0.4602 0.4149
vn -0.7871 -0.4433 0.4289
vn -0.9418 -0.0763 0.3274
vn -0.9432 -0.0794 0.3225
vn -0.9403 -0.1095 0.3221
vn -0.9522 -0.1258 0.2783
vn -0.9480 -0.1550 0.2780
vn -0.9510 -0.1742 0.2554
vn -0.9358 -0.2441 0.2545
vn -0.9381 -0.2678 0.2195
vn -0.9171 -0.3334 0.2184
vn -0.9111 -0.3636 0.1939
vn -0.8929 -0.4070 0.1928
vn -0.8842 -0.4373 0.1641
vn -0.8580 -0.4873 0.1627
vn -0.8467 -0.5158 0.1305
vn -0.8109 -0.5707 0.1292
vn -0.7979 -0.5952 0.0950
vn -0.7514 -0.6531 0.0941
vn -0.7382 -0.6718 0.0606
vn -0.6812 -0.7296 0.0604
vn -0.6698 -0.7419 0.0314
vn -0.6039 -0.7964 0.0319
vn -0.5961 -0.8028 0.0107
vn -0.5380 -0.8429 0.0115
vn -0.5254 -0.8508 -0.0089
vn -0.1904 0.2743 0.9426
vn -0.0953 0.2552 0.9622
vn -0.0892 0.2776 0.9565
vn -0.0849 0.2765 0.9573
vn -0.0776 0.3097 0.9477
vn -0.1292 0.3167 0.9397
vn -0.0811 0.3232 0.9428
vn -0.0805 0.3357 0.9385
vn -0.0880 0.3355 0.9379
vn -0.0898 0.3510 0.9321
vn -0.0961 0.3502 0.9317
vn -0.0984 0.3610 0.9274
vn -0.1058 0.3594 0.9271
vn -0.3485 -0.0257 0.9370
vn -0.2762 0.3149 0.9080
vn -0.2416 0.3080 0.9202
vn -0.2381 0.3241 0.9156
vn -0.2409 0.3243 0.9148
vn -0.2410 0.3224 0.9154
vn -0.2650 0.3202 0.9095
vn -0.2643 0.3138 0.9120
vn -0.2886 0.3088 0.9063
vn -0.2873 0.3028 0.9087
vn -0.3176 0.2938 0.9016
vn -0.3493 0.6826 0.6420
vn -0.3246 0.3169 0.8912
vn -0.4348 0.4055 0.8041
vn -0.2252 0.8367 0.4991
vn -0.2615 0.8072 0.5292
vn -0.1559 0.9158 0.3702
vn -0.1240 0.6713 0.7307
vn -0.2345 0.5965 0.7676
vn -0.2271 0.5014 0.8349
vn -0.0557 0.6559 0.7528
vn -0.1284 0.6970 0.7055
vn -0.0930 0.7135 0.6945
vn -0.0315 0.9841 0.1748
vn -0.1033 0.9453 0.3093
vn -0.0362 0.8918 0.4510
vn -0.4160 0.3407 0.8431
vn -0.2712 0.3824 0.8833
vn -0.0889 0.4918 0.8662
vn -0.1401 0.4709 0.8710
vn -0.0849 0.5041 0.8594
vn -0.0319 0.8948 0.4454
vn -0.1763 0.7945 0.5812
vn -0.2317 0.7099 0.6651
vn -0.3985 0.4717 0.7866
vn -0.3679 0.5510 0.7490
vn -0.4393 0.3967 0.8060
vn -0.4034 0.3106 0.8607
vn -0.0863 0.9890 0.1203
vn -0.0897 0.9861 0.1400
vn -0.0774 0.9890 0.1264
vn -0.2164 0.9172 0.3344
vn -0.2578 0.8856 0.3863
vn -0.4991 0.3810 0.7783
vn -0.4899 0.4058 0.7715
vn -0.4071 0.6633 0.6279
vn -0.3942 0.6828 0.6151
vn -0.2942 0.8385 0.4588
vn -0.5397 0.3780 0.7522
vn -0.5386 0.3810 0.7515
vn -0.4372 0.6616 0.6093
vn -0.4359 0.6633 0.6083
vn -0.2811 0.8761 0.3917
vn -0.2681 0.8856 0.3793
vn -0.1816 0.9502 0.2533
vn -0.0866 0.9889 0.1207
vn -0.0924 0.8650 0.4931
vn -0.0259 0.9858 0.1660
vn 0.1426 0.6802 0.7190
vn -0.1302 0.6073 0.7838
vn -0.1988 0.5526 0.8094
vn -0.2882 0.5151 0.8072
vn -0.1547 0.9533 0.2594
vn -0.0793 0.9430 0.3233
vn -0.2733 0.7358 0.6196
vn 0.0107 0.8122 0.5833
vn -0.2570 0.6494 0.7157
vn -0.2108 0.7070 0.6751
vn -0.3049 0.6506 0.6955
vn -0.3910 0.5389 0.7461
vn -0.4969 0.3149 0.8086
vn -0.4859 0.3435 0.8037
vn -0.4915 0.4563 0.7418
vn -0.5493 0.3358 0.7652
vn -0.5654 0.3427 0.7502
vn -0.5467 0.3781 0.7471
vn -0.4670 0.5713 0.6749
vn -0.3964 0.6601 0.6381
vn -0.2454 0.8694 0.4289
vn -0.2363 0.8742 0.4243
vn -0.1593 0.9496 0.2700
vn -0.4897 0.2959 0.8202
vn -0.1845 0.1045 0.9773
vn -0.1763 0.2578 0.9500
vn -0.5073 0.2574 0.8224
vn -0.5082 0.2583 0.8216
vn -0.0948 0.3550 0.9300
vn -0.2922 0.5263 0.7985
vn -0.0645 0.4359 0.8977
vn -0.0088 0.0010 1.0000
vn -0.7362 0.1458 0.6609
vn -0.5969 0.1227 0.7929
vn -0.0082 0.0017 1.0000
vn -0.2087 0.0429 0.9770
vn -0.1913 0.0406 0.9807
vn -0.5227 0.1033 0.8462
vn -0.3615 0.0332 0.9318
vn -0.1230 0.0051 0.9924
vn -0.0029 0.0001 1.0000
vn -0.0075 0.0008 1.0000
vn -0.1942 0.0206 0.9808
vn -0.2952 0.0201 0.9552
vn -0.5312 0.0426 0.8462
vn -0.5776 0.0441 0.8151
vn -0.7485 0.0568 0.6607
vn -0.7586 0.0571 0.6491
vn -0.0000 0.9852 0.1714
vn -0.0000 0.6179 0.7863
vn -0.0003 0.6005 0.7997
vn 0.0003 0.8536 0.5209
vn -0.0002 0.8729 0.4879
vn 0.0002 0.9878 0.1555
vn -0.0000 0.4784 0.8781
vn -0.0022 0.4846 0.8747
vn 0.0027 0.5428 0.8399
vn -0.0000 0.5487 0.8360
vn -0.0000 0.2588 0.9659
vn -0.0000 0.9659 0.2588
vn -0.0000 -0.7071 0.7071
vn -0.0000 -0.2588 0.9659
vn 0.6947 -0.6948 0.1862
vn 0.6947 -0.1862 -0.6948
vn 0.6947 0.6948 -0.1862
vn 0.6947 0.6948 0.1862
vn 0.6948 0.6947 0.1861
vn 0.6948 -0.1862 0.6947
vn -0.6948 0.5086 0.5086
vn -0.6947 0.5086 0.5086
vn -0.6948 0.6947 0.1862
vn -0.6947 0.6948 -0.1862
vn -0.6948 0.6947 -0.1862
vn -0.6947 0.5086 -0.5086
vn -0.6947 0.1862 -0.6947
vn -0.6947 -0.1862 -0.6947
vn -0.6947 -0.5086 -0.5086
vn -0.6948 -0.5086 -0.5086
vn -0.6948 -0.6947 -0.1862
vn -0.6947 -0.6947 -0.1862
vn -0.6948 -0.6947 0.1861
vn -0.6947 -0.6948 0.1862
vn -0.6947 -0.5086 0.5086
vn -0.6947 -0.1862 0.6948
vn -0.6948 -0.1862 0.6947
vn -0.6948 0.1862 0.6947
vn 0.6948 -0.5086 0.5086
vn 0.6947 -0.6948 -0.1862
vn 0.6948 0.1862 0.6947
vn 0.6947 -0.1861 0.6948
vn -0.6947 0.6947 0.1862
vn -0.6947 0.6948 0.1862
vn -0.6948 0.6947 -0.1861
vn -0.6948 0.5086 -0.5086
vn -0.6948 0.1862 -0.6947
vn -0.6948 -0.1862 -0.6947
vn -0.6947 -0.6948 -0.1862
vn -0.6948 -0.6947 0.1862
vn -0.6947 -0.6948 0.1861
vn -0.6948 -0.5086 0.5086
vn 0.6948 -0.6947 0.1861
vn 0.6948 -0.1861 -0.6947
vn -0.6948 0.6947 0.1861
vn -0.6947 -0.1862 -0.6948
vn -0.6947 -0.1862 0.6947
vn -0.6947 0.1862 0.6947
vn 0.6948 0.6947 -0.1861
vn 0.6947 0.1862 0.6947
vn 0.6948 -0.6947 0.1862
vn 0.6947 -0.6948 -0.1861
vn 0.6947 -0.1861 -0.6948
vn -0.6947 -0.6947 0.1862
vn 0.9880 -0.0000 0.1544
vn 0.9929 -0.0578 0.1041
vn 0.9560 0.0149 0.2931
vn 0.8633 -0.0479 0.5024
vn 0.8213 0.1992 0.5346
vn 0.0063 -0.1378 0.9904
vn 0.0140 -0.1621 0.9867
vn 0.0493 -0.2179 0.9747
vn 0.1569 -0.2560 0.9539
vn 0.1555 -0.2594 0.9532
vn 0.2495 -0.3632 0.8977
vn 0.2811 -0.3259 0.9026
vn 0.3564 -0.4352 0.8267
vn 0.6626 -0.4894 0.5670
vn 0.4911 -0.4219 0.7621
vn 0.7527 -0.4300 0.4984
vn 0.9922 -0.0813 0.0943
vn 0.9355 -0.1004 0.3388
vn 0.4692 -0.2984 0.8312
vn 0.5288 -0.2322 0.8164
vn 0.8386 -0.0532 0.5421
vn 0.8796 -0.1962 0.4334
vn 0.8722 -0.1899 0.4508
vn 0.8815 -0.1760 0.4381
vn 0.9677 -0.1648 0.1910
vn 0.1178 -0.1627 0.9796
vn 0.1206 -0.1469 0.9818
vn 0.2848 -0.2572 0.9234
vn 0.6057 -0.1912 0.7724
vn 0.6874 -0.0710 0.7228
vn 0.4404 -0.4887 0.7531
vn 0.4172 -0.3908 0.8205
vn 0.4887 -0.4234 0.7628
vn 0.4916 -0.4266 0.7592
vn 0.5622 -0.3770 0.7360
vn 0.8445 -0.3499 0.4055
vn 0.7841 -0.2538 0.5664
vn 0.7717 -0.2673 0.5771
vn 0.6540 -0.1834 0.7339
vn 0.5248 -0.3279 0.7855
vn 0.3263 -0.1591 0.9318
vn 0.3304 -0.1678 0.9288
vn 0.4839 -0.1883 0.8546
vn 0.4723 -0.2060 0.8570
vn 0.2156 -0.0954 0.9718
vn 0.0279 -0.1814 0.9830
vn 0.0919 -0.1870 0.9780
vn 0.0846 -0.2192 0.9720
vn 0.2259 -0.2359 0.9452
vn 0.2002 -0.2832 0.9379
vn 0.4294 -0.2866 0.8564
vn 0.4392 -0.2763 0.8548
vn 0.6555 -0.3316 0.6785
vn 0.6663 -0.3223 0.6725
vn 0.9194 -0.2569 0.2978
vn -0.0145 -0.2443 -0.9696
vn -0.0145 -0.2449 -0.9694
vn -0.0149 0.1301 -0.9914
vn -0.0072 -0.2457 -0.9693
vn -0.0168 -0.2436 -0.9697
vn -0.0158 -0.2011 -0.9794
vn -0.0540 -0.2632 -0.9632
vn -0.0536 -0.2606 -0.9640
vn -0.0881 -0.1806 -0.9796
vn -0.1074 -0.2708 -0.9566
vn -0.2190 -0.1421 -0.9653
vn -0.2008 -0.0931 -0.9752
vn -0.1683 -0.2407 -0.9559
vn -0.1338 -0.1255 -0.9830
vn -0.1252 -0.1815 -0.9754
vn -0.1241 -0.1885 -0.9742
vn -0.2748 -0.1481 -0.9500
vn -0.2707 -0.0295 -0.9622
vn -0.2464 0.0448 -0.9681
vn -0.5339 -0.4156 -0.7363
vn 0.6029 0.1823 -0.7767
vn 0.6006 0.1646 -0.7824
vn 0.5914 0.1843 -0.7851
vn 0.5926 0.2658 -0.7603
vn 0.6006 0.2688 -0.7530
vn 0.5903 0.3443 -0.7301
vn 0.5922 0.3452 -0.7281
vn 0.5808 0.3969 -0.7108
vn 0.5826 0.4006 -0.7071
vn 0.5662 0.4317 -0.7021
vn 0.5635 0.4553 -0.6894
vn 0.5412 0.4762 -0.6931
vn 0.5347 0.4905 -0.6881
vn 0.5267 0.5035 -0.6849
vn 0.5245 0.5101 -0.6816
vn 0.5009 0.5278 -0.6859
vn 0.4892 0.5442 -0.6815
vn 0.4901 0.5409 -0.6835
vn 0.4666 0.5586 -0.6858
vn 0.4619 0.5647 -0.6839
vn 0.4657 0.5563 -0.6883
vn 0.4312 0.5783 -0.6925
vn 0.4247 0.5725 -0.7014
vn 0.3905 0.5936 -0.7037
vn 0.3744 0.5888 -0.7164
vn 0.3589 0.5965 -0.7179
vn 0.3105 0.6126 -0.7269
vn 0.3093 0.6074 -0.7317
vn 0.2884 0.6213 -0.7285
vn 0.2938 0.6154 -0.7314
vn 0.2641 0.6273 -0.7326
vn 0.2643 0.6270 -0.7328
vn 0.2515 0.6320 -0.7331
vn 0.2353 0.6391 -0.7322
vn 0.2355 0.6380 -0.7332
vn 0.2204 0.6492 -0.7280
vn 0.2221 0.6476 -0.7289
vn 0.1972 0.6579 -0.7268
vn 0.1985 0.6576 -0.7267
vn 0.1678 0.6677 -0.7252
vn 0.1605 0.6687 -0.7260
vn 0.1496 0.6711 -0.7261
vn 0.1332 0.6741 -0.7265
vn 0.1317 0.6745 -0.7264
vn 0.0964 0.6765 -0.7301
vn 0.0961 0.6766 -0.7300
vn 0.0386 0.6709 -0.7406
vn 0.0631 0.6744 -0.7356
vn 0.0557 0.6753 -0.7354
vn 0.0713 0.6757 -0.7337
vn 0.0292 0.6699 -0.7419
vn 0.0242 0.6701 -0.7419
vn 0.0377 0.6693 -0.7420
vn 0.0190 0.6647 -0.7469
vn 0.0135 0.6638 -0.7478
vn 0.0206 0.6634 -0.7480
vn 0.0087 0.6595 -0.7517
vn 0.0064 0.6590 -0.7521
vn 0.0103 0.6591 -0.7520
vn 0.0046 0.6563 -0.7545
vn 0.0026 0.6555 -0.7552
vn 0.0042 0.6550 -0.7556
vn 0.0005 0.6536 -0.7568
vn 0.0011 0.6532 -0.7572
vn -0.0301 -0.7915 -0.6105
vn -0.0298 -0.7919 -0.6099
vn -0.0924 -0.7854 -0.6121
vn -0.0921 -0.7860 -0.6113
vn -0.1591 -0.7717 -0.6158
vn -0.1595 -0.7706 -0.6170
vn -0.2284 -0.7476 -0.6236
vn -0.2294 -0.7445 -0.6270
vn -0.2983 -0.7122 -0.6355
vn -0.2990 -0.7085 -0.6393
vn -0.3678 -0.6656 -0.6494
vn -0.3681 -0.6632 -0.6517
vn -0.4345 -0.6097 -0.6629
vn -0.4345 -0.6091 -0.6634
vn -0.4973 -0.5444 -0.6755
vn -0.4976 -0.5463 -0.6738
vn -0.5534 -0.4723 -0.6860
vn -0.5544 -0.4760 -0.6827
vn -0.6011 -0.3952 -0.6946
vn -0.6032 -0.4002 -0.6899
vn -0.6394 -0.3152 -0.7013
vn -0.6430 -0.3216 -0.6951
vn -0.6686 -0.2335 -0.7060
vn -0.6743 -0.2411 -0.6980
vn -0.6888 -0.1541 -0.7084
vn -0.6955 -0.1612 -0.7002
vn -0.6996 -0.0844 -0.7095
vn -0.7069 -0.0907 -0.7015
vn -0.7036 -0.0251 -0.7101
vn -0.7115 -0.0308 -0.7020
vn -0.7039 0.0220 -0.7100
vn -0.7113 0.0175 -0.7027
vn -0.7060 0.0439 -0.7068
vn -0.7062 0.0408 -0.7068
vn -0.7065 0.0385 -0.7066
vn 0.9023 -0.4311 0.0023
vn 0.9975 -0.0700 -0.0123
vn 0.9995 0.0288 -0.0086
vn 0.9996 -0.0275 0.0116
vn 0.9989 0.0457 -0.0049
vn 0.9997 0.0230 -0.0068
vn 0.9999 0.0147 -0.0047
vn 1.0000 0.0045 -0.0027
vn 0.9999 -0.0129 -0.0006
vn 1.0000 0.0069 -0.0012
vn 1.0000 0.0066 0.0001
vn 0.9984 -0.0555 -0.0098
vn 0.9999 0.0117 -0.0000
vn 1.0000 0.0083 -0.0007
vn 0.9963 0.0860 -0.0049
vn 0.9970 0.0779 -0.0018
vn 0.9975 0.0708 -0.0006
vn 0.9997 0.0260 0.0011
vn 0.9984 0.0561 -0.0000
vn 0.9981 0.0611 -0.0000
vn 0.9978 0.0658 -0.0002
vn 0.9956 0.0929 -0.0095
vn 0.9970 0.0769 0.0078
vn 0.9945 0.1048 -0.0034
vn 0.9958 0.0909 0.0078
vn 0.9940 0.1093 -0.0064
vn 0.9948 0.1023 -0.0000
vn 0.9933 0.1153 -0.0000
vn 0.9935 0.1140 0.0004
vn 0.9923 0.1240 -0.0006
vn 0.9910 0.1339 -0.0056
vn 0.9863 0.1649 0.0100
vn 0.9831 0.1832 -0.0000
vn 0.9763 0.2164 -0.0000
vn 0.9679 0.2512 0.0049
vn 0.9619 0.2733 -0.0031
vn 0.9313 0.3644 0.0020
vn 0.9364 0.3510 -0.0000
vn 1.0000 -0.0066 -0.0009
vn 0.9999 -0.0126 -0.0000
vn 0.9981 -0.0609 -0.0000
vn 0.9972 -0.0750 0.0002
vn 0.9970 -0.0773 -0.0074
vn 0.9773 -0.2116 0.0090
vn 0.9910 -0.1342 0.0015
vn 0.9959 -0.0903 -0.0058
vn 0.9934 -0.1146 -0.0037
vn 0.9906 -0.1369 -0.0021
vn 0.9893 -0.1460 0.0060
vn 0.9912 -0.1315 0.0122
vn 0.9824 -0.1839 -0.0323
vn 0.9950 -0.0995 0.0117
vn 0.9923 -0.1235 -0.0059
vn 0.9978 -0.0662 0.0001
vn 0.9368 -0.3499 0.0002
vn 0.9618 -0.2739 -0.0001
vn 0.9636 -0.2675 -0.0000
vn 0.9853 -0.1708 -0.0000
vn 0.9867 -0.1627 0.0016
vn 0.9135 -0.4068 0.0016
vn 0.9320 -0.3625 -0.0000
vn 0.8712 -0.4909 -0.0000
vn 0.8141 -0.5807 -0.0000
vn 0.8194 -0.5733 -0.0001
vn 0.8727 -0.4882 0.0003
vn 0.9990 -0.0454 -0.0000
vn 0.9997 -0.0242 0.0026
vn 0.9997 -0.0234 0.0033
vn 0.9999 0.0138 -0.0015
vn 0.9999 0.0161 -0.0002
vn 0.9992 0.0392 0.0003
vn 0.9992 0.0394 -0.0013
vn 0.9985 0.0556 0.0003
vn 0.9985 0.0553 -0.0000
vn 0.9978 0.0664 -0.0000
vn 0.9981 0.0555 0.0261
vn 0.9982 0.0472 0.0376
vn 0.9949 0.1006 -0.0111
vn 0.9967 0.0721 0.0382
vn 0.9953 0.0966 0.0100
vn 0.9940 0.1097 0.0001
vn 0.9934 0.1146 -0.0001
vn 0.9927 0.1203 0.0119
vn 0.9928 0.1193 0.0128
vn 0.9912 0.1322 0.0061
vn 0.9888 0.1491 -0.0015
vn 0.9866 0.1630 0.0003
vn 0.9829 0.1840 -0.0015
vn 0.9305 0.3663 -0.0013
vn 0.9440 0.3300 -0.0001
vn 0.9545 0.2982 0.0001
vn 0.9663 0.2573 0.0037
vn 0.9718 0.2359 -0.0024
vn 0.9770 0.2132 -0.0001
vn 0.9823 0.1872 0.0004
vn 0.8047 0.5937 -0.0000
vn 0.8049 0.5934 -0.0000
vn 0.8695 0.4939 -0.0000
vn 0.8557 0.5175 -0.0031
vn 0.9182 0.3962 0.0019
vn 0.7921 0.6104 0.0040
vn 0.7727 0.6347 0.0121
vn 0.7560 0.6540 0.0254
vn 0.7505 0.6601 0.0303
vn 0.7473 0.6637 0.0332
vn 0.7895 0.6137 -0.0104
vn 0.6632 0.7482 0.0182
vn 0.6790 0.7340 -0.0184
vn 0.5874 0.8093 -0.0001
vn 0.5612 0.8277 0.0001
vn 0.5022 0.8647 0.0069
vn 0.4269 0.9036 -0.0339
vn 0.3992 0.9169 -0.0046
vn 0.3334 0.9428 0.0046
vn 0.3273 0.9446 0.0230
vn 0.0958 0.9954 -0.0000
vn 0.1212 0.9913 -0.0508
vn 0.1444 0.9794 -0.1414
vn 0.2889 0.9574 0.0004
vn 0.2717 0.9624 -0.0002
vn 0.2709 0.9626 0.0002
vn 0.2574 0.9663 -0.0003
vn 0.2427 0.9700 0.0113
vn 0.1650 0.9833 -0.0774
vn 0.0014 1.0000 -0.0000
vn 0.0093 0.9998 0.0157
vn 0.0271 0.9939 -0.1073
vn 0.0412 0.9987 -0.0299
vn 0.0743 0.9972 -0.0000
vn 0.5391 0.8422 -0.0000
vn 0.8422 0.5391 -0.0000
vn -0.6994 0.0696 -0.7113
vn -0.7099 0.0665 -0.7011
vn -0.6957 0.1039 -0.7108
vn -0.7060 0.1016 -0.7009
vn -0.6869 0.1384 -0.7135
vn -0.7035 0.1312 -0.6985
vn -0.6723 0.1821 -0.7175
vn -0.6990 0.1726 -0.6940
vn -0.6505 0.2389 -0.7210
vn -0.6864 0.2295 -0.6901
vn -0.6198 0.3046 -0.7232
vn -0.6621 0.2980 -0.6877
vn -0.0000 -0.9343 -0.3564
vn 0.0058 -0.9356 -0.3530
vn -0.0053 -0.9667 -0.2559
vn -0.0000 -0.9989 -0.0472
vn -0.0055 -0.9987 -0.0511
vn 0.0059 -0.9890 -0.1477
vn -0.0031 -0.9881 -0.1536
vn 0.0001 -0.9790 -0.2040
vn -0.0019 -0.9673 -0.2536
vn -0.0059 -0.9642 -0.2649
vn 0.0005 -0.9496 -0.3136
vn 0.0072 -0.9365 -0.3507
vn -0.0097 -0.9326 -0.3608
vn -0.0000 -0.9165 -0.4001
vn -0.0365 -0.9586 -0.2823
vn 0.0029 -0.9724 -0.2335
vn -0.0066 -0.9858 -0.1678
vn 0.0073 -0.9872 -0.1596
vn -0.0073 -0.9976 -0.0691
vn 0.0068 -0.9981 -0.0607
vn -0.0070 -0.9995 0.0299
vn 0.0075 -0.9992 0.0385
vn -0.0077 -0.9917 0.1287
vn 0.0061 -0.9906 0.1366
vn -0.0062 -0.9739 0.2268
vn -0.0143 -0.9749 0.2223
vn -0.0001 -0.9637 0.2671
vn -0.0000 -0.9560 0.2934
vn -0.0119 -0.9606 0.2778
vn 0.0293 -0.9398 0.3404
vn 0.0042 -0.9448 0.3276
vn -0.0040 -0.9092 0.4164
vn -0.0005 -0.9084 0.4181
vn 0.0014 -0.8636 0.5042
vn 0.0010 -0.7480 0.6637
vn -0.0008 -0.6802 0.7330
vn -0.0027 -0.6795 0.7337
vn 0.0003 -0.6431 0.7658
vn -0.0016 -0.6034 0.7975
vn 0.0005 -0.8639 0.5037
vn -0.0006 -0.8124 0.5831
vn -0.0065 -0.8105 0.5857
vn -0.0002 -0.7825 0.6227
vn 0.0001 -0.7723 0.6352
vn 0.0237 -0.7390 0.6733
vn -0.0101 -0.6075 0.7943
vn 0.0077 -0.5320 0.8467
vn -0.0114 -0.5228 0.8524
vn 0.0003 -0.4851 0.8744
vn -0.0017 -0.4587 0.8886
vn 0.0118 -0.4433 0.8963
vn -0.0049 -0.4154 0.9096
vn 0.0127 -0.3680 0.9297
vn -0.0154 -0.3515 0.9360
vn 0.0024 -0.3100 0.9507
vn -0.0194 -0.2689 0.9630
vn -0.0000 -0.2541 0.9672
vn -0.0000 -0.2992 0.9542
vn 0.0093 -0.2057 0.9786
vn -0.0247 -0.1650 0.9860
vn -0.0129 -0.1721 0.9850
vn 0.0052 -0.1212 0.9926
vn -0.0110 -0.0910 0.9958
vn -0.0029 -0.0794 0.9968
vn 0.0009 -0.0427 0.9991
vn 0.0073 -0.0268 0.9996
vn -0.0000 -0.0169 0.9999
vn 0.0116 0.0425 0.9990
vn -0.0061 0.0545 0.9985
vn -0.0069 0.0553 0.9984
vn -0.0052 0.0539 0.9985
vn -0.0024 0.0523 0.9986
vn 0.0038 0.0499 0.9987
vn 0.0277 0.0455 0.9986
vn 0.0243 0.0470 0.9986
vn 0.0149 0.0475 0.9988
vn 0.0090 0.0484 0.9988
vn -0.0000 0.0037 1.0000
vn -0.0014 0.0141 0.9999
vn -0.0014 0.0142 0.9999
vn 0.0021 0.0434 0.9991
vn -0.0077 0.0561 0.9984
vn 0.4398 -0.8981 -0.0001
vn 0.9716 -0.2364 0.0016
vn 0.9490 -0.3152 0.0051
vn 0.9927 -0.1209 -0.0000
vn 0.6348 -0.7726 -0.0090
vn 0.3836 -0.9235 0.0079
vn 0.5950 -0.8037 -0.0008
vn 0.8016 -0.5979 0.0007
vn 0.7966 -0.6045 0.0010
vn 0.8899 -0.4562 -0.0003
vn -0.7787 -0.6273 -0.0000
vn -0.7132 -0.7009 -0.0020
vn -0.6676 -0.7445 -0.0000
vn -0.5279 -0.8493 -0.0000
vn -0.4665 -0.8845 0.0016
vn -0.3983 -0.9173 -0.0001
vn -0.2497 -0.9683 0.0001
vn -0.2452 -0.9695 -0.0001
vn -0.0058 -1.0000 0.0001
vn -0.1010 -0.9949 0.0042
vn 0.2251 -0.9743 -0.0050
vn 0.0832 -0.9965 0.0018
vn 0.2541 -0.9672 -0.0000
vn 0.5975 -0.6958 0.3985
vn 0.6901 -0.4236 0.5868
vn 0.7445 -0.0922 0.6613
vn 0.7211 -0.1387 0.6788
vn 0.7214 -0.1067 0.6843
vn 0.7408 -0.3568 0.5691
vn 0.7528 -0.5239 0.3985
vn 0.6798 -0.5026 0.5341
vn 0.6512 -0.5976 0.4677
vn 0.6079 -0.6134 0.5042
vn 0.5241 -0.7127 0.4663
vn 0.5272 -0.7285 0.4375
vn 0.1025 -0.9490 0.2982
vn 0.1087 -0.9460 0.3054
vn -0.1702 -0.9566 0.2365
vn 0.9479 -0.1301 0.2907
vn 0.9758 -0.1935 0.1023
vn 0.9730 -0.1563 -0.1700
vn 0.9584 -0.2755 0.0750
vn 0.0919 -0.9585 0.2700
vn 0.1879 -0.9651 0.1826
vn 0.3488 -0.9093 0.2269
vn 0.0464 -0.9980 0.0423
vn -0.0688 -0.9867 0.1473
vn -0.0685 -0.9867 0.1475
vn -0.1704 -0.9567 0.2360
vn -0.2366 -0.9690 -0.0716
vn -0.1943 -0.9805 0.0293
vn -0.3238 -0.9345 0.1481
vn -0.3864 -0.9223 0.0077
vn -0.4499 -0.8790 0.1579
vn -0.4893 -0.8717 0.0288
vn -0.5923 -0.7971 0.1174
vn 0.8573 -0.4896 0.1592
vn 0.8820 -0.3289 0.3375
vn 0.9527 -0.1483 0.2654
vn 0.8754 -0.0909 0.4748
vn 0.8343 -0.0956 0.5430
vn 0.7121 0.0065 0.7020
vn 0.6844 -0.0036 0.7291
vn 0.7480 -0.0241 0.6632
vn 0.7374 -0.0722 0.6715
vn 0.8177 -0.2276 0.5288
vn 0.8414 -0.2516 0.4782
vn 0.8594 -0.4272 0.2810
vn 0.7472 -0.5438 0.3821
vn 0.7494 -0.6002 0.2795
vn 0.6126 -0.6777 0.4067
vn 0.5431 -0.7989 0.2585
vn 0.4162 -0.8281 0.3756
vn 0.3547 -0.8872 0.2951
vn 0.2105 -0.9074 0.3638
vn 0.2399 -0.9068 0.3467
vn 0.8149 -0.5595 -0.1515
vn 0.8284 -0.5577 0.0522
vn 0.6838 -0.7065 0.1822
vn 0.6543 -0.7545 0.0516
vn 0.4469 -0.8771 0.1759
vn 0.4070 -0.9132 0.0229
vn 0.3049 -0.9149 0.2646
vn 0.3098 -0.9502 0.0329
vn 0.2454 -0.9650 0.0919
vn 0.6746 -0.0000 0.7382
vn 0.6746 -0.0002 0.7382
vn 0.6746 -0.0000 0.7381
vn 0.5409 -0.0000 0.8411
vn 0.5770 -0.0073 0.8167
vn 0.3223 0.0050 0.9466
vn 0.2468 0.0145 0.9689
vn 0.1238 -0.0000 0.9923
vn 1.0000 -0.0000 0.0006
vn 1.0000 -0.0000 0.0004
vn 1.0000 -0.0000 0.0002
vn 1.0000 -0.0000 -0.0008
vn 0.0005 -0.1808 0.9835
vn 0.0059 -0.1848 0.9828
vn 0.0034 -0.1846 0.9828
vn 0.0061 -0.1850 0.9827
vn 0.0078 -0.1843 0.9828
vn 0.0006 -0.1808 0.9835
vn 0.0325 -0.1700 0.9849
vn 0.1153 -0.1947 0.9741
vn 0.0216 -0.1789 0.9836
vn 0.0804 -0.1958 0.9773
vn 0.0169 -0.1868 0.9822
vn 0.0857 -0.1228 0.9887
vn 0.2485 -0.1783 0.9521
vn 0.0697 -0.1450 0.9870
vn 0.2121 -0.1865 0.9593
vn 0.0486 -0.1594 0.9860
vn 0.1646 -0.1927 0.9673
vn 0.1441 -0.1887 0.9714
vn 0.2908 -0.1853 0.9387
vn 0.2623 -0.1797 0.9481
vn 0.2067 -0.1737 0.9629
vn 0.4727 -0.1445 0.8693
vn 0.5084 -0.1519 0.8476
vn 0.5751 -0.1303 0.8076
vn 0.6089 -0.1393 0.7809
vn 0.6762 -0.1158 0.7275
vn 0.7104 -0.1553 0.6865
vn 0.7998 -0.1476 0.5819
vn 0.7544 -0.2080 0.6226
vn 0.7577 -0.0646 0.6494
vn 0.7520 -0.1328 0.6456
vn 0.7793 -0.1352 0.6119
vn 0.7849 -0.1578 0.5991
vn 0.7126 -0.1063 0.6935
vn 0.1800 -0.1521 0.9718
vn 0.1261 -0.0832 0.9885
vn 0.2771 -0.1135 0.9541
vn 0.2085 -0.0338 0.9774
vn 0.3712 -0.1129 0.9217
vn 0.7041 0.0024 0.7101
vn 0.7241 -0.0861 0.6843
vn 0.7949 -0.1364 0.5912
vn 0.8061 -0.1744 0.5655
vn 0.8060 -0.1744 0.5656
vn 0.8003 -0.1359 0.5840
vn 0.7941 -0.1503 0.5890
vn 0.7398 -0.0785 0.6683
vn 0.7383 -0.1191 0.6639
vn 0.6527 -0.0487 0.7561
vn 0.6593 -0.1136 0.7432
vn 0.5331 -0.0433 0.8449
vn 0.5547 -0.1219 0.8231
vn 0.4070 -0.0613 0.9114
vn 0.4423 -0.1386 0.8861
vn 0.2903 -0.0878 0.9529
vn 0.3310 -0.1556 0.9307
vn 0.2113 -0.1190 0.9701
vn 0.3079 0.0104 0.9514
vn 0.3591 -0.0181 0.9331
vn 0.4982 -0.0848 0.8629
vn 0.4408 0.0506 0.8962
vn 0.5776 -0.1258 0.8066
vn 0.5689 0.0660 0.8198
vn 0.6239 -0.0226 0.7812
vn 0.7991 -0.1451 0.5834
vn 0.7956 -0.1509 0.5867
vn 0.7577 -0.0995 0.6449
vn 0.7537 -0.1312 0.6440
vn 0.6932 -0.0794 0.7163
vn 0.6922 -0.1318 0.7096
vn 0.5976 -0.0770 0.7981
vn 0.6056 -0.1425 0.7829
vn 0.4830 -0.0910 0.8709
vn 0.5025 -0.1578 0.8501
vn 0.3622 -0.1109 0.9255
vn 0.3891 -0.1694 0.9055
vn 0.2127 -0.1224 0.9694
vn 0.3457 -0.2063 0.9154
vn 0.3182 -0.1933 0.9281
vn -0.8444 -0.5357 -0.0001
vn 0.9831 -0.1830 -0.0000
vn 0.8133 -0.5819 -0.0000
vn 0.4293 -0.9032 -0.0000
vn -0.0623 -0.9981 -0.0000
vn -0.5383 -0.8428 -0.0000
vn -0.8448 -0.5352 -0.0000
vn -0.0069 -0.7640 -0.6452
vn -0.0000 -0.0681 -0.9977
vn -0.0168 -0.0577 -0.9982
vn 0.0147 -0.1823 -0.9831
vn -0.0017 -0.1709 -0.9853
vn 0.0003 -0.2522 -0.9677
vn 0.0168 -0.2869 -0.9578
vn -0.0241 -0.3411 -0.9397
vn -0.0002 -0.3750 -0.9270
vn 0.0008 -0.4670 -0.8842
vn -0.0468 -0.4399 -0.8968
vn 0.0681 -0.5787 -0.8127
vn -0.0688 -0.5310 -0.8446
vn 0.0716 -0.6845 -0.7255
vn -0.0753 -0.6376 -0.7667
vn 0.0207 -0.7312 -0.6819
vn 0.0080 -0.8059 -0.5920
vn 0.0207 -0.8149 -0.5793
vn 0.0013 -0.8358 -0.5491
vn -0.0032 -0.8713 -0.4907
vn -0.0040 -0.8708 -0.4916
vn 0.0030 -0.9041 -0.4274
vn 0.0014 -0.9029 -0.4298
vn -0.0018 -0.9313 -0.3644
vn 0.0227 -0.9416 -0.3359
vn -0.0211 -0.9649 -0.2617
vn 0.0233 -0.9788 -0.2036
vn -0.0227 -0.9910 -0.1320
vn 0.0231 -0.9974 -0.0678
vn -0.0000 -0.9995 -0.0323
vn 0.3846 -0.6421 0.6632
vn 0.1921 -0.7677 0.6114
vn -0.0331 -0.6621 0.7487
vn -0.2634 -0.6708 0.6933
vn -0.3117 -0.5348 0.7854
vn -0.3115 -0.5394 0.7823
vn -0.6606 -0.3665 0.6552
vn -0.6005 -0.2709 0.7523
vn 0.1907 -0.6501 0.7356
vn 0.3581 -0.7444 0.5636
vn 0.2760 -0.7553 0.5944
vn 0.3288 -0.8369 0.4376
vn -0.8058 -0.3788 0.4551
vn -0.5967 -0.4316 0.6765
vn -0.5320 -0.6608 0.5294
vn -0.4293 -0.5837 0.6892
vn -0.2056 -0.8221 0.5309
vn -0.1203 -0.7236 0.6797
vn 0.0940 -0.8664 0.4905
vn 0.0936 -0.8670 0.4895
vn 0.5332 -0.4917 0.6884
vn 0.7097 -0.3540 0.6091
vn 0.5558 -0.4742 0.6828
vn 0.3940 -0.5760 0.7162
vn 0.8083 -0.1847 0.5591
vn 0.8023 -0.2008 0.5621
vn 0.7887 -0.2340 0.5685
vn 0.5893 -0.4268 0.6860
vn 0.6029 -0.4080 0.6857
vn 0.6186 -0.4065 0.6724
vn 0.7129 -0.3394 0.6137
vn 0.7204 -0.3257 0.6123
vn 0.4226 -0.5550 0.7165
vn 0.4438 -0.5290 0.7233
vn 0.4388 -0.5273 0.7276
vn 0.4853 -0.5049 0.7139
vn 0.4932 -0.4855 0.7218
vn 0.5274 -0.4702 0.7076
vn 0.5720 -0.4401 0.6922
vn 0.4369 -0.5497 0.7120
vn 0.4273 -0.5604 0.7094
vn 0.4240 -0.5711 0.7029
vn 0.4267 -0.5701 0.7021
vn 0.3922 -0.5903 0.7055
vn 0.4676 -0.5286 0.7084
vn 0.4787 -0.5134 0.7122
vn 0.4736 -0.5152 0.7144
vn 0.5347 -0.4964 0.6839
vn 0.4231 -0.5674 0.7064
vn 0.4351 -0.5440 0.7175
vn 0.4616 -0.5369 0.7061
vn 0.4617 -0.5371 0.7059
vn 0.4559 -0.5346 0.7116
vn 0.5345 -0.4965 0.6840
vn 0.5434 -0.4939 0.6788
vn 0.5315 -0.4963 0.6865
vn 0.7870 -0.2541 0.5622
vn 0.7876 -0.2680 0.5548
vn 0.7685 -0.2849 0.5728
vn 0.7602 -0.3237 0.5633
vn 0.6885 -0.3683 0.6248
vn 0.8115 -0.2005 0.5489
vn 0.8052 -0.2067 0.5558
vn 0.8108 -0.1972 0.5510
vn 0.8031 -0.2375 0.5465
vn 0.7941 -0.2456 0.5559
vn 0.8065 -0.2288 0.5451
vn 0.8110 -0.1980 0.5506
vn 0.8217 -0.1957 0.5353
vn 0.7956 -0.2223 0.5636
vn 0.7951 -0.2538 0.5508
vn 0.7851 -0.2628 0.5608
vn 0.7765 -0.2924 0.5582
vn 0.7804 -0.2892 0.5544
vn 0.7580 -0.3028 0.5777
vn 0.7435 -0.3399 0.5760
vn 0.7225 -0.3525 0.5948
vn 0.6607 -0.4106 0.6284
vn 0.6494 -0.4224 0.6324
vn 0.5866 -0.4363 0.6823
vn 0.6831 -0.3958 0.6138
vn 0.5553 -0.4648 0.6897
vn 0.6663 -0.4118 0.6217
vn 0.6047 -0.4467 0.6594
vn 0.6840 -0.4065 0.6057
vn 0.8185 -0.2178 0.5316
vn 0.7979 -0.2084 0.5656
vn 0.8092 -0.1979 0.5533
vn 0.3948 -0.5691 0.7213
vn 0.4303 -0.5534 0.7132
vn 0.4399 -0.5358 0.7207
vn 0.4756 -0.5185 0.7106
vn 0.4908 -0.4988 0.7143
vn 0.5736 -0.4559 0.6805
vn 0.5930 -0.4332 0.6787
vn 0.7150 -0.3520 0.6041
vn 0.7410 -0.3100 0.5956
vn 0.7195 -0.3249 0.6139
vn 0.7777 -0.2716 0.5669
vn -0.5892 -0.5579 0.5845
vn -0.0978 -0.9715 0.2157
vn -0.1245 -0.9719 0.1999
vn -0.1403 -0.9654 0.2196
vn -0.1721 -0.9632 0.2064
vn -0.3454 -0.8978 0.2732
vn -0.3077 -0.9243 0.2257
vn -0.2291 -0.9509 0.2080
vn -0.2456 -0.9360 0.2520
vn -0.2072 -0.9552 0.2113
vn -0.3357 -0.9098 0.2439
vn -0.4334 -0.8621 0.2626
vn -0.3979 -0.8742 0.2782
vn -0.4612 -0.8404 0.2846
vn -0.4626 -0.8396 0.2846
vn -0.4770 -0.8228 0.3090
vn -0.4979 -0.8063 0.3193
vn -0.5119 -0.7899 0.3376
vn -0.5688 -0.7144 0.4075
vn -0.5634 -0.7248 0.3965
vn -0.5485 -0.7506 0.3684
vn -0.5488 -0.7551 0.3587
vn -0.5105 -0.7910 0.3372
vn -0.5839 -0.6987 0.4133
vn -0.5602 -0.7227 0.4048
vn -0.5588 -0.7242 0.4041
vn -0.6397 -0.5802 0.5041
vn -0.5546 -0.6549 0.5134
vn -0.6364 -0.6202 0.4586
vn -0.5792 -0.6715 0.4623
vn -0.5959 -0.5669 0.5688
vn -0.5903 -0.5573 0.5840
vn -0.5958 -0.5664 0.5693
vn -0.5961 -0.5666 0.5689
vn -0.5960 -0.5672 0.5684
vn -0.6024 -0.5802 0.5482
vn -0.5403 -0.6185 0.5706
vn -0.5956 -0.5393 0.5953
vn -0.5968 -0.5395 0.5939
vn -0.5844 -0.5270 0.6170
vn -0.5954 -0.5140 0.6175
vn -0.5953 -0.5140 0.6176
vn -0.5918 -0.5209 0.6152
vn -0.6033 -0.5274 0.5982
vn -0.0124 -0.9717 0.2360
vn -0.0146 -0.9699 0.2432
vn -0.0915 -0.9713 0.2197
vn -0.0899 -0.9712 0.2208
vn -0.0829 -0.9707 0.2255
vn -0.0910 -0.9682 0.2330
vn -0.0470 -0.9802 0.1926
vn -0.0660 -0.9663 0.2489
vn -0.0408 -0.9723 0.2301
vn -0.7451 0.2188 -0.6300
vn -0.0351 0.0976 -0.9946
vn -0.0432 0.0956 -0.9945
vn -0.0575 0.0952 -0.9938
vn -0.0582 0.0952 -0.9938
vn -0.0790 0.0947 -0.9924
vn -0.0085 0.0977 -0.9952
vn -0.0094 0.0973 -0.9952
vn -0.0261 0.0968 -0.9950
vn -0.1681 0.6497 -0.7413
vn -0.1690 0.6492 -0.7416
vn -0.1260 0.6567 -0.7435
vn -0.7135 0.1753 -0.6784
vn -0.7139 0.1757 -0.6779
vn -0.7144 0.1761 -0.6772
vn -0.7385 0.1942 -0.6457
vn -0.7065 0.1987 -0.6792
vn -0.7340 0.2039 -0.6478
vn -0.6392 0.1648 -0.7511
vn -0.6982 0.1650 -0.6967
vn -0.7135 0.1755 -0.6783
vn -0.4967 0.1233 -0.8591
vn -0.7621 0.0850 -0.6419
vn -0.6371 0.0801 -0.7666
vn -0.4602 0.1099 -0.8810
vn -0.6688 0.1007 -0.7366
vn -0.4947 0.1234 -0.8603
vn -0.4959 0.1233 -0.8596
vn -0.5824 0.0792 -0.8090
vn -0.3765 0.1196 -0.9187
vn -0.4012 0.1161 -0.9086
vn -0.4769 0.0680 -0.8763
vn -0.2738 0.1188 -0.9544
vn -0.3362 0.1080 -0.9356
vn -0.3536 0.0702 -0.9328
vn -0.1959 0.1143 -0.9739
vn -0.2383 0.1059 -0.9654
vn -0.0583 0.1003 -0.9932
vn -0.0778 0.0952 -0.9924
vn -0.1450 0.0908 -0.9853
vn -0.1077 0.1002 -0.9891
vn -0.2396 0.0750 -0.9680
vn -0.1280 0.1113 -0.9855
vn -0.1623 0.1031 -0.9813
vn -0.2483 0.6233 -0.7415
vn -0.2592 0.6153 -0.7445
vn -0.2466 0.6238 -0.7417
vn -0.2115 0.6383 -0.7402
vn -0.2196 0.6323 -0.7429
vn -0.2023 0.6405 -0.7409
vn -0.4608 0.5173 -0.7212
vn -0.4438 0.5025 -0.7420
vn -0.4172 0.5395 -0.7313
vn -0.4958 0.4668 -0.7323
vn -0.5057 0.4531 -0.7341
vn -0.4228 0.5214 -0.7412
vn -0.4152 0.5278 -0.7410
vn -0.3591 0.5693 -0.7396
vn -0.3495 0.5814 -0.7348
vn -0.3696 0.5521 -0.7474
vn -0.3410 0.5738 -0.7446
vn -0.2973 0.6014 -0.7416
vn -0.3026 0.5943 -0.7451
vn -0.2718 0.6121 -0.7426
vn -0.7243 0.2866 -0.6271
vn -0.5183 0.1407 -0.8435
vn -0.6037 0.1325 -0.7861
vn -0.7818 0.1372 -0.6083
vn -0.7288 0.1423 -0.6698
vn -0.8049 0.1623 -0.5708
vn -0.7699 0.1644 -0.6167
vn -0.8011 0.2159 -0.5582
vn -0.7468 0.2062 -0.6323
vn -0.7845 0.2692 -0.5587
vn -0.7365 0.2413 -0.6320
vn -0.7786 0.2951 -0.5538
vn -0.7180 0.2691 -0.6420
vn -0.7245 0.2792 -0.6302
vn -0.6232 0.3714 -0.6882
vn -0.6605 0.3706 -0.6530
vn -0.6989 0.3170 -0.6412
vn -0.7241 0.2907 -0.6254
vn -0.7014 0.3678 -0.6106
vn -0.7014 0.3677 -0.6106
vn -0.7009 0.3463 -0.6236
vn -0.5779 0.4511 -0.6801
vn -0.5679 0.4655 -0.6788
vn -0.6222 0.3779 -0.6856
vn -0.6217 0.3794 -0.6852
vn -0.5680 0.4656 -0.6787
vn -0.5640 0.4069 -0.7186
vn -0.5633 0.4155 -0.7142
vn 0.9057 0.4213 -0.0476
vn 0.8665 0.4654 -0.1807
vn 0.9370 0.3286 -0.1181
vn 0.8351 0.4226 -0.3521
vn 0.8846 0.3432 -0.3158
vn 0.8280 0.2362 -0.5086
vn 0.8429 0.2165 -0.4926
vn 0.7499 0.2082 -0.6279
vn 0.7866 0.1686 -0.5939
vn 0.7175 0.1672 -0.6762
vn 0.6643 0.1853 -0.7241
vn 0.6689 0.1549 -0.7270
vn 0.6086 0.1108 -0.7857
vn 0.5872 0.1697 -0.7915
vn 0.5878 0.1704 -0.7909
vn 0.8910 0.4539 -0.0030
vn 0.8907 0.4540 -0.0218
vn 0.8932 0.4493 -0.0181
vn 0.9001 0.4198 -0.1170
vn 0.9016 0.4170 -0.1150
vn 0.8916 0.3569 -0.2787
vn 0.9102 0.2699 -0.3142
vn 0.8658 0.2950 -0.4042
vn 0.8322 0.2480 -0.4959
vn 0.8313 0.2490 -0.4970
vn 0.7785 0.1906 -0.5980
vn 0.7730 0.1951 -0.6036
vn 0.7020 0.1303 -0.7002
vn 0.7041 0.1087 -0.7017
vn 0.6326 0.1191 -0.7653
vn 0.6133 0.1044 -0.7829
vn 0.5662 0.1380 -0.8126
vn 0.8906 0.4547 -0.0000
vn 0.1807 -0.9835 -0.0000
vn 0.3649 -0.9310 0.0070
vn 0.3572 -0.9340 0.0003
vn 0.6109 -0.7917 -0.0000
vn 0.7944 -0.6075 -0.0000
vn 0.7942 -0.6076 -0.0000
vn 0.7928 -0.6095 -0.0000
vn 0.7819 -0.6234 -0.0000
vn 0.6236 -0.7818 -0.0000
vn 0.6478 -0.7618 -0.0002
vn 0.6797 -0.7334 0.0004
vn 0.7646 -0.6445 -0.0012
vn 0.6958 -0.7183 0.0038
vn 0.7418 -0.6706 0.0009
vn 0.4707 -0.8823 0.0026
vn 0.5165 -0.8563 0.0013
vn 0.5673 -0.8235 -0.0000
vn 0.5785 -0.8157 -0.0026
vn 0.4899 -0.8718 -0.0002
vn 0.3972 -0.9177 0.0001
vn 0.3973 -0.9177 0.0001
vn 0.3172 -0.9483 -0.0002
vn 0.3071 -0.9517 -0.0000
vn 0.2473 -0.9689 0.0001
vn 0.0339 -0.9994 -0.0002
vn 0.4104 0.2118 0.8869
vn 0.4072 0.2092 0.8891
vn 0.4460 0.2249 0.8663
vn 0.4757 0.2705 0.8370
vn 0.4721 0.2478 0.8460
vn 0.5188 0.2651 0.8128
vn 0.5225 0.2668 0.8098
vn 0.2650 0.1363 0.9546
vn 0.2901 0.1606 0.9434
vn 0.3066 0.1818 0.9343
vn 0.3727 -0.0100 0.9279
vn 0.2860 0.1360 0.9485
vn 0.3603 0.1870 0.9139
vn 0.3717 0.1899 0.9087
vn 0.4000 0.2042 0.8935
vn 0.1320 0.0713 0.9887
vn 0.1511 0.0854 0.9848
vn 0.1709 0.1080 0.9794
vn 0.2348 0.1198 0.9646
vn 0.2192 0.1120 0.9692
vn 0.2259 0.1161 0.9672
vn 0.1704 0.0838 0.9818
vn 0.1278 0.0387 0.9910
vn 0.0013 0.0007 1.0000
vn 0.0015 0.0008 1.0000
vn 0.0041 0.0022 1.0000
vn 0.0159 0.0091 0.9998
vn 0.0185 -0.0008 0.9998
vn 0.0219 0.0024 0.9998
vn 0.1118 0.0571 0.9921
vn 0.0772 0.0394 0.9962
vn 0.0430 0.0197 0.9989
vn 0.0182 -0.0009 0.9998
vn 0.0172 -0.0019 0.9999
vn 0.0157 -0.0034 0.9999
vn 0.0149 -0.0042 0.9999
vn 0.0145 -0.0045 0.9999
vn 0.0143 -0.0047 0.9999
vn 0.0269 0.0175 0.9995
vn 0.0422 0.0296 0.9987
vn 0.0125 -0.0058 0.9999
vn 0.0551 0.0415 0.9976
vn 0.0135 -0.0057 0.9999
vn 0.0139 -0.0052 0.9999
vn 0.0001 -0.0001 1.0000
vn 0.0001 -0.0000 1.0000
vn -0.6063 0.3609 -0.7086
vn -0.6220 0.3418 -0.7045
vn -0.6119 0.3509 -0.7089
vn -0.6276 0.3313 -0.7046
vn -0.6018 0.3671 -0.7093
vn -0.6194 0.3493 -0.7031
vn -0.6192 0.3496 -0.7032
vn -0.5997 0.3719 -0.7086
vn -0.6154 0.3555 -0.7035
vn -0.6177 0.3531 -0.7027
vn -0.5970 0.3774 -0.7079
vn -0.6123 0.3612 -0.7032
vn -0.6148 0.3589 -0.7023
vn -0.5939 0.3800 -0.7092
vn -0.6131 0.3646 -0.7008
vn -0.6122 0.4197 -0.6701
vn -0.6145 0.4144 -0.6713
vn -0.6010 0.4264 -0.6760
vn -0.6048 0.4221 -0.6753
vn -0.5986 0.4258 -0.6785
vn -0.5883 0.4243 -0.6884
vn -0.5828 0.4268 -0.6915
vn -0.5905 0.4147 -0.6923
vn -0.5821 0.4218 -0.6951
vn -0.5935 0.4072 -0.6942
vn -0.5868 0.4102 -0.6982
vn -0.5977 0.3811 -0.7053
vn -0.5881 0.3856 -0.7109
vn -0.0049 -0.0025 -1.0000
vn -0.2599 -0.1362 -0.9560
vn -0.2436 -0.1243 -0.9619
vn -0.2139 -0.1093 -0.9707
vn -0.1629 -0.0699 -0.9842
vn -0.1830 -0.1172 -0.9761
vn -0.1239 -0.0307 -0.9918
vn -0.1573 -0.1025 -0.9822
vn -0.1473 -0.0886 -0.9851
vn -0.1287 -0.0689 -0.9893
vn -0.0156 -0.0096 -0.9998
vn -0.0179 0.0066 -0.9998
vn -0.0174 0.0074 -0.9998
vn -0.0183 0.0061 -0.9998
vn -0.0187 0.0056 -0.9998
vn -0.0192 0.0050 -0.9998
vn -0.0198 0.0041 -0.9998
vn -0.0206 0.0033 -0.9998
vn -0.0212 0.0025 -0.9998
vn -0.1047 -0.0541 -0.9930
vn -0.0945 -0.0482 -0.9944
vn -0.0678 -0.0346 -0.9971
vn -0.0325 -0.0101 -0.9994
vn -0.0171 0.0077 -0.9998
vn -0.0423 -0.0351 -0.9985
vn -0.0295 -0.0205 -0.9994
vn -0.5084 -0.2599 -0.8210
vn -0.5093 -0.2618 -0.8198
vn -0.4632 -0.2319 -0.8554
vn -0.4641 -0.2485 -0.8502
vn -0.4140 -0.2020 -0.8876
vn -0.4179 -0.2131 -0.8832
vn -0.3642 -0.1860 -0.9126
vn -0.3724 -0.2012 -0.9060
vn -0.3263 -0.1465 -0.9338
vn -0.3440 -0.2041 -0.9165
vn -0.2969 -0.0902 -0.9506
vn -0.2974 -0.1937 -0.9349
vn -0.2790 -0.1542 -0.9478
vn -0.8438 -0.4194 -0.3349
vn -0.8349 -0.4394 -0.3314
vn -0.8616 -0.4160 -0.2908
vn -0.8322 -0.4870 -0.2652
vn -0.8386 -0.4769 -0.2633
vn -0.8998 -0.3844 -0.2063
vn -0.9997 0.0259 0.0009
vn -1.0000 0.0091 0.0016
vn -0.9998 0.0183 -0.0000
vn -1.0000 0.0075 0.0020
vn -0.9999 0.0151 0.0014
vn -1.0000 0.0035 0.0024
vn -1.0000 0.0021 0.0026
vn -1.0000 -0.0048 0.0047
vn -0.9998 -0.0155 0.0077
vn -0.9987 0.0480 -0.0164
vn -0.9868 0.1620 -0.0023
vn -0.9891 0.1470 -0.0075
vn -0.9906 0.1361 -0.0136
vn -0.9827 0.1824 0.0306
vn -0.9847 0.1729 0.0235
vn -0.9958 0.0911 -0.0000
vn -0.9981 0.0615 -0.0000
vn -0.9992 0.0404 0.0002
vn -0.9904 0.1383 -0.0017
vn -0.9824 0.1867 -0.0051
vn -0.9956 0.0931 0.0045
vn -0.9738 0.2271 -0.0075
vn -0.9932 0.1162 0.0044
vn -0.9988 0.0482 -0.0004
vn -0.9929 0.1192 0.0030
vn -0.9970 0.0772 -0.0000
vn -0.9978 0.0660 -0.0000
vn -0.9980 0.0632 -0.0000
vn -0.9966 -0.0789 -0.0234
vn -0.9945 -0.1037 0.0165
vn -0.9977 -0.0601 -0.0305
vn -0.9977 -0.0606 -0.0295
vn -0.9963 -0.0858 0.0078
vn -0.9979 -0.0650 -0.0058
vn -0.9976 -0.0694 0.0058
vn -0.9985 -0.0555 -0.0006
vn -0.9987 -0.0508 -0.0000
vn -0.9998 -0.0217 0.0002
vn -0.9998 -0.0148 -0.0164
vn -0.9993 0.0099 0.0374
vn -0.9997 0.0192 -0.0175
vn -0.9996 0.0289 -0.0053
vn -0.9832 -0.1828 -0.0019
vn -0.9865 -0.1636 0.0014
vn -0.9906 -0.1366 -0.0063
vn -0.9903 -0.1383 -0.0124
vn -0.9916 -0.1293 -0.0018
vn -0.9926 -0.1216 0.0011
vn -0.9927 -0.1207 0.0023
vn -0.9941 -0.1085 -0.0044
vn -0.9946 -0.1033 -0.0097
vn -0.9945 -0.1045 -0.0033
vn -0.9946 -0.1038 0.0050
vn -0.9455 -0.3257 -0.0011
vn -0.9308 -0.3655 -0.0000
vn -0.9797 -0.2003 -0.0093
vn -0.9827 -0.1853 0.0032
vn -0.9730 -0.2307 -0.0035
vn -0.9764 -0.2160 0.0023
vn -0.9549 -0.2969 -0.0056
vn -0.9665 -0.2563 0.0107
vn -0.9594 -0.2819 0.0056
vn -0.8893 -0.4561 0.0347
vn -0.8494 -0.5265 -0.0371
vn -0.8509 -0.5242 -0.0349
vn -0.8528 -0.5212 -0.0324
vn -0.8814 -0.4724 -0.0000
vn -0.8670 -0.4982 -0.0068
vn -0.9175 -0.3978 -0.0000
vn -0.5567 -0.8307 0.0002
vn -0.6055 -0.7959 0.0054
vn -0.6106 -0.7919 0.0083
vn -0.7247 -0.6890 -0.0097
vn -0.7114 -0.7026 -0.0188
vn -0.7329 -0.6803 -0.0094
vn -0.7417 -0.6707 -0.0066
vn -0.7470 -0.6648 -0.0050
vn -0.7578 -0.6525 -0.0024
vn -0.7655 -0.6435 -0.0014
vn -0.7714 -0.6364 -0.0006
vn -0.7791 -0.6270 -0.0002
vn -0.8464 -0.5325 0.0099
vn -0.8132 -0.5820 0.0001
vn -0.7859 -0.6184 -0.0000
vn -0.7824 -0.6228 -0.0001
vn -0.1394 -0.9902 -0.0000
vn -0.1754 -0.9845 0.0080
vn -0.2124 -0.9718 -0.1021
vn -0.2391 -0.9708 -0.0214
vn -0.2560 -0.9667 -0.0038
vn -0.2658 -0.9640 -0.0000
vn -0.3215 -0.9469 0.0009
vn -0.3195 -0.9476 -0.0059
vn -0.4559 -0.8899 0.0119
vn -0.4459 -0.8950 -0.0106
vn -0.5328 -0.8463 -0.0000
vn -0.1167 -0.9932 -0.0000
vn -0.0771 -0.9943 0.0735
vn -0.0689 -0.9923 0.1025
vn -0.0536 -0.9980 0.0332
vn -0.0369 -0.9993 -0.0000
vn -0.0293 -0.9996 -0.0000
vn -0.0111 -0.9999 0.0059
vn -0.0130 -0.9996 0.0248
vn -0.0016 -1.0000 -0.0000
vn -0.9349 0.3549 0.0021
vn -0.9589 0.2839 -0.0016
vn -0.9137 0.4064 0.0011
vn -0.9811 0.1932 0.0057
vn -0.9859 0.1674 -0.0000
vn -0.9662 0.2576 -0.0000
vn -0.9544 0.2986 0.0004
vn -0.7591 0.6510 -0.0000
vn -0.7715 0.6362 -0.0075
vn -0.7623 0.6472 -0.0006
vn -0.9264 0.3766 -0.0000
vn -0.9006 0.4347 -0.0000
vn -0.8976 0.4407 -0.0000
vn -0.8899 0.4562 -0.0000
vn -0.8648 0.5021 -0.0002
vn -0.8574 0.5146 0.0002
vn -0.8081 0.5890 -0.0002
vn -0.8042 0.5944 -0.0000
vn -0.7776 0.6288 -0.0000
vn -0.7614 0.6483 -0.0000
vn -0.7599 0.6500 0.0001
vn -0.7594 0.6506 0.0002
vn -0.7594 0.6507 0.0002
vn -1.0000 -0.0074 -0.0005
vn -0.9989 -0.0460 0.0001
vn -0.9990 -0.0448 -0.0000
vn -0.9986 -0.0534 -0.0000
vn -0.9980 -0.0630 0.0005
vn -0.9974 -0.0720 0.0021
vn -0.9968 -0.0798 0.0052
vn -0.9982 -0.0585 -0.0101
vn -0.9960 -0.0895 0.0059
vn -0.9971 -0.0761 -0.0067
vn -0.9952 -0.0978 0.0028
vn -0.9955 -0.0947 0.0007
vn -0.9947 -0.1032 -0.0002
vn -0.9941 -0.1083 0.0002
vn -0.9941 -0.1088 0.0004
vn -0.9571 -0.2896 -0.0001
vn -0.9933 -0.1155 -0.0004
vn -0.9923 -0.1238 0.0023
vn -0.9913 -0.1316 0.0085
vn -0.9886 -0.1504 -0.0055
vn -0.9858 -0.1682 -0.0000
vn -0.9796 -0.2007 -0.0000
vn -0.9572 -0.2895 -0.0000
vn -0.8097 -0.3809 0.4464
vn -0.8087 -0.3804 0.4487
vn -0.8115 -0.3767 0.4468
vn -0.8221 -0.3941 0.4109
vn -0.8250 -0.3905 0.4084
vn -0.8336 -0.3942 0.3870
vn -0.8379 -0.3971 0.3745
vn -0.8751 -0.3502 0.3340
vn -0.8191 -0.4440 0.3633
vn -0.8561 -0.4069 0.3187
vn -0.8600 -0.4091 0.3049
vn -0.8805 -0.3812 0.2818
vn -0.8127 -0.5194 0.2639
vn -0.9498 -0.2388 0.2020
vn -0.8001 0.5378 -0.2656
vn -0.7380 0.6086 -0.2917
vn -0.7607 0.6120 -0.2162
vn -0.7352 0.6431 -0.2142
vn -0.7323 0.6521 -0.1962
vn -0.7080 0.6918 -0.1416
vn -0.5436 0.8393 -0.0036
vn -0.5388 0.8424 0.0097
vn -0.6357 0.7668 -0.0891
vn -0.6297 0.7767 -0.0139
vn -0.5878 0.8085 -0.0275
vn -0.5534 0.8328 -0.0141
vn -0.5351 0.8448 -0.0058
vn -0.5428 0.8398 -0.0144
vn -0.5038 0.8638 0.0008
vn -0.5024 0.8647 0.0024
vn -0.7054 0.6923 -0.1522
vn -0.6783 0.7269 -0.1074
vn -0.6642 0.7418 -0.0927
vn -0.7195 0.6942 -0.0219
vn -0.5725 0.8148 -0.0913
vn -0.5976 0.8013 -0.0295
vn -0.5693 0.8221 -0.0103
vn -0.5984 -0.2994 0.7432
vn -0.5962 -0.2867 0.7499
vn -0.5840 -0.2740 0.7641
vn -0.5677 -0.2558 0.7825
vn -0.6482 -0.2966 0.7014
vn -0.6468 -0.3344 0.6854
vn -0.6545 -0.3117 0.6888
vn -0.6646 -0.3332 0.6687
vn -0.6650 -0.3364 0.6668
vn -0.6939 -0.3420 0.6337
vn -0.6851 -0.3655 0.6302
vn -0.7118 -0.3672 0.5988
vn -0.7118 -0.3731 0.5951
vn -0.7138 -0.3812 0.5876
vn -0.7137 -0.3818 0.5872
vn -0.7324 -0.3902 0.5580
vn -0.7431 -0.3873 0.5458
vn -0.7283 -0.4053 0.5526
vn -0.7191 -0.4141 0.5580
vn -0.7108 -0.4155 0.5676
vn -0.7136 -0.4155 0.5640
vn -0.7324 -0.4182 0.5373
vn -0.7126 -0.4222 0.5602
vn -0.6762 -0.4562 0.5784
vn -0.6448 -0.4622 0.6088
vn -0.5958 -0.5120 0.6188
vn -0.6518 -0.4676 0.5970
vn -0.6483 -0.4720 0.5974
vn -0.6310 -0.4910 0.6007
vn -0.5875 -0.4966 0.6390
vn -0.6087 -0.5011 0.6151
vn -0.5647 -0.2565 0.7844
vn -0.5086 -0.2431 0.8260
vn -0.5099 -0.2457 0.8244
vn -0.4747 -0.2194 0.8524
vn -0.4324 -0.2114 0.8765
vn -0.4704 -0.2343 0.8508
vn -0.4714 -0.2616 0.8422
vn -0.3413 -0.2030 0.9178
vn -0.3737 -0.2021 0.9053
vn -0.3819 -0.2049 0.9012
vn -0.3841 -0.2059 0.9000
vn -0.3840 -0.2058 0.9001
vn -0.3844 -0.2060 0.8999
vn -0.3856 -0.2066 0.8992
vn -0.3905 -0.2095 0.8965
vn -0.4071 -0.2077 0.8895
vn -0.4359 -0.2205 0.8726
vn -0.1735 0.6346 -0.7531
vn -0.1734 0.6353 -0.7526
vn -0.1731 0.6358 -0.7522
vn -0.1726 0.6364 -0.7518
vn -0.1727 0.6368 -0.7514
vn -0.1693 0.6434 -0.7466
vn -0.1366 0.6712 -0.7286
vn 0.0981 0.8877 -0.4498
vn 0.0221 0.8146 -0.5795
vn 0.0079 0.8103 -0.5859
vn -0.0612 0.7540 -0.6540
vn -0.0759 0.7455 -0.6622
vn -0.1001 0.6817 -0.7248
vn -0.1200 0.6722 -0.7306
vn 0.0941 0.8640 -0.4947
vn 0.1621 0.8978 -0.4095
vn 0.2170 0.9058 -0.3638
vn 0.2206 0.9079 -0.3565
vn 0.2850 0.9143 -0.2878
vn 0.2841 0.9141 -0.2892
vn 0.3833 0.9016 -0.2004
vn 0.3704 0.8967 -0.2422
vn 0.4063 0.8969 -0.1745
vn 0.4649 0.8768 -0.1228
vn 0.5088 0.8566 -0.0864
vn 0.5460 0.8377 -0.0136
vn 0.5478 0.8341 -0.0642
vn 0.5925 0.8056 -0.0071
vn 0.6014 0.7990 -0.0000
vn 0.8241 0.4012 0.3998
vn 0.8253 0.4006 0.3979
vn 0.8185 0.4035 0.4090
vn 0.8139 0.4049 0.4168
vn 0.8154 0.4045 0.4141
vn 0.8104 0.4058 0.4225
vn 0.8055 0.4054 0.4322
vn 0.8030 0.4065 0.4358
vn 0.8671 0.4403 0.2330
vn 0.8646 0.4405 0.2415
vn 0.8504 0.4372 0.2926
vn 0.8687 0.4217 0.2598
vn 0.8324 0.4424 0.3336
vn 0.8906 0.4547 -0.0001
vn 0.8907 0.4547 0.0010
vn 0.8909 0.4541 0.0035
vn 0.8931 0.4495 0.0168
vn 0.8889 0.4574 0.0272
vn 0.8894 0.4530 0.0619
vn 0.8896 0.4527 0.0602
vn 0.8787 0.4599 0.1277
vn 0.8983 0.4284 0.0974
vn 0.8569 0.4664 0.2197
vn 0.8828 0.4339 0.1798
vn 0.8687 0.4399 0.2278
vn 0.6884 0.3435 0.6388
vn 0.6917 0.3537 0.6297
vn 0.7127 0.3638 0.5998
vn 0.7149 0.3650 0.5965
vn 0.7968 0.4058 0.4477
vn 0.7916 0.4042 0.4583
vn 0.7850 0.4008 0.4723
vn 0.7651 0.3973 0.5067
vn 0.7572 0.3666 0.5406
vn 0.7398 0.3705 0.5616
vn 0.7230 0.3683 0.5844
vn 0.5785 0.2928 0.7613
vn 0.6078 0.2988 0.7357
vn 0.5767 0.2923 0.7629
vn 0.5750 0.2919 0.7643
vn 0.5627 0.2883 0.7748
vn 0.6637 0.3389 0.6668
vn 0.6412 0.3274 0.6940
vn 0.6453 0.3351 0.6865
vn 0.6259 0.3166 0.7128
vn 0.6077 0.2974 0.7364
vn 0.5356 0.2735 0.7990
vn 0.5458 0.2747 0.7916
vn 0.5513 0.2799 0.7860
vn 0.5547 0.2807 0.7832
vn 0.4744 0.2422 0.8463
vn 0.4626 0.2462 0.8517
vn 0.4083 0.2064 0.8892
vn 0.4009 0.2045 0.8930
vn 0.3613 0.1843 0.9140
vn 0.3397 0.1880 0.9216
vn 0.3136 0.1567 0.9365
vn 0.0079 0.0059 1.0000
vn 0.0010 0.0004 1.0000
vn 0.0015 0.0009 1.0000
vn 0.0020 0.0015 1.0000
vn 0.0024 0.0020 1.0000
vn 0.0025 0.0022 1.0000
vn 0.0027 0.0028 1.0000
vn 0.0018 0.0004 1.0000
vn 0.0043 0.0033 1.0000
vn 0.0029 0.0007 1.0000
vn 0.0068 0.0043 1.0000
vn 0.0076 0.0056 1.0000
vn 0.0118 0.0037 0.9999
vn 0.0109 0.0022 0.9999
vn 0.0130 0.0080 0.9999
vn 0.0061 0.0025 1.0000
vn 0.0050 0.0013 1.0000
vn 0.2569 0.1399 0.9563
vn 0.2675 0.1365 0.9538
vn 0.2258 0.1127 0.9676
vn 0.1621 0.0923 0.9824
vn 0.1823 0.0851 0.9795
vn 0.1053 0.0588 0.9927
vn 0.1127 0.0575 0.9920
vn 0.0806 0.0398 0.9960
vn 0.0380 0.0233 0.9990
vn 0.0460 0.0214 0.9987
vn 0.0150 0.0081 0.9999
vn -0.5147 0.4856 -0.7066
vn -0.6117 0.3189 -0.7240
vn -0.5514 0.3367 -0.7633
vn -0.6218 0.2456 -0.7436
vn -0.6115 0.2554 -0.7489
vn -0.6432 0.1463 -0.7516
vn -0.6384 0.1477 -0.7554
vn -0.6113 0.7912 0.0164
vn -0.5967 0.8024 -0.0145
vn -0.5806 0.8141 0.0103
vn -0.5730 0.8195 -0.0066
vn -0.5428 0.8398 -0.0075
vn -0.5024 0.8647 0.0020
vn -0.5027 0.8644 0.0028
vn -0.5044 0.8635 0.0005
vn -0.5049 0.8631 -0.0127
vn -0.5002 0.8659 -0.0005
vn -0.5003 0.8658 -0.0058
vn -0.4892 0.8722 -0.0020
vn -0.4788 0.8780 -0.0005
vn -0.4742 0.8804 -0.0010
vn -0.4721 0.8815 -0.0004
vn -0.4687 0.8834 -0.0009
vn -0.4670 0.8843 -0.0005
vn -0.4710 0.8821 0.0006
vn -0.4707 0.8823 -0.0010
vn -0.4705 0.8824 -0.0016
vn -0.4792 0.8777 0.0023
vn -0.4844 0.8748 -0.0054
vn -0.5122 0.8589 -0.0016
vn -0.4916 0.8708 -0.0015
vn -0.4866 0.8736 -0.0036
vn -0.4845 0.8748 -0.0050
vn -0.5430 0.8397 0.0107
vn -0.5550 0.8318 -0.0053
vn -0.5303 0.8478 -0.0010
vn -0.5338 0.8456 -0.0034
vn -0.5110 0.8596 0.0011
vn -0.6747 0.0052 0.7380
vn -0.7078 -0.0098 0.7063
vn -0.9998 0.0223 0.0001
vn -0.9044 -0.0646 -0.4217
vn -0.9789 0.0072 -0.2042
vn -0.9701 0.0448 -0.2384
vn -0.9745 -0.0791 -0.2099
vn -0.9463 0.0276 -0.3220
vn -0.9892 -0.0012 -0.1468
vn -0.9916 0.0010 -0.1294
vn -0.9949 0.0073 -0.1002
vn -0.9950 0.0069 -0.0997
vn -0.9986 -0.0036 -0.0535
vn -0.9995 -0.0150 -0.0276
vn -0.9998 0.0193 -0.0022
vn -0.9998 0.0219 0.0004
vn -0.9998 0.0217 -0.0006
vn -0.9040 0.0102 0.4274
vn -0.9529 -0.0373 0.3011
vn -0.9445 0.0266 0.3273
vn -0.9829 -0.0431 0.1792
vn -0.9657 0.1525 0.2103
vn -0.9923 -0.0741 0.0993
vn -0.7997 -0.0100 0.6003
vn -0.7889 -0.0176 0.6142
vn -0.7334 0.0082 0.6798
vn -0.7336 0.0066 0.6795
vn -0.6743 -0.0201 0.7382
vn -0.6675 -0.0068 0.7446
vn -0.6660 -0.0073 0.7459
vn -0.6659 -0.0075 0.7460
vn -0.8464 0.0010 0.5326
vn -0.8875 -0.0189 0.4604
vn -0.8714 0.0913 0.4820
vn -0.9014 0.0069 0.4329
vn -0.9393 0.0076 0.3430
vn -0.9446 0.0255 0.3271
vn -0.9622 0.0022 0.2723
vn -0.9810 0.0021 0.1938
vn -0.9813 0.0033 0.1926
vn -0.9913 -0.0014 0.1319
vn -0.9948 0.0014 0.1021
vn -0.9977 -0.0165 0.0659
vn -0.9995 0.0063 0.0318
vn -1.0000 -0.0035 0.0071
vn -1.0000 -0.0015 0.0013
vn -1.0000 -0.0017 -0.0000
vn -1.0000 -0.0008 -0.0001
vn -1.0000 -0.0007 -0.0000
vn -1.0000 -0.0004 -0.0001
vn -1.0000 0.0020 -0.0066
vn 0.5356 0.2734 0.7990
vn 0.5477 0.2838 0.7871
vn 0.5524 0.2876 0.7824
vn 0.5577 0.2939 0.7763
vn 0.5644 0.3041 0.7675
vn 0.5652 0.3055 0.7663
vn 0.5490 0.2790 0.7878
vn 0.5754 0.2965 0.7623
vn 0.6547 0.3573 0.6661
vn 0.6269 0.3471 0.6975
vn 0.6583 0.3808 0.6493
vn 0.6415 0.3503 0.6825
vn 0.6291 0.3415 0.6982
vn 0.6160 0.3295 0.7155
vn 0.6178 0.3310 0.7133
vn 0.5977 0.3099 0.7394
vn 0.6056 0.3119 0.7321
vn 0.5815 0.3009 0.7558
vn 0.6695 0.3901 0.6322
vn 0.6402 0.3725 0.6718
vn 0.6807 0.4124 0.6054
vn 0.6599 0.4019 0.6349
vn 0.6724 0.4316 0.6014
vn 0.6944 0.5094 0.5082
vn 0.6246 0.5121 0.5896
vn 0.6440 0.5151 0.5656
vn 0.7469 0.5642 0.3519
vn 0.5650 0.6624 0.4919
vn 0.6069 0.6598 0.4431
vn 0.6151 0.6594 0.4322
vn 0.6232 0.6597 0.4199
vn 0.6277 0.6603 0.4124
vn 0.6311 0.6609 0.4062
vn 0.6351 0.6621 0.3978
vn 0.6360 0.6622 0.3961
vn 0.6379 0.6630 0.3918
vn 0.6417 0.6647 0.3826
vn 0.6889 0.6915 0.2174
vn 0.6043 0.7819 0.1532
vn 0.6353 0.7654 0.1024
vn 0.6161 0.7620 0.1994
vn 0.6318 0.7638 0.1323
vn 0.6095 0.7316 0.3054
vn 0.6279 0.7428 0.2324
vn 0.6341 0.7585 0.1506
vn 0.6176 0.7570 0.2132
vn 0.6194 0.7577 0.2053
vn 0.6014 0.7989 0.0008
vn 0.6013 0.7990 0.0004
vn 0.6013 0.7990 0.0016
vn 0.6013 0.7990 0.0009
vn 0.6131 0.7858 0.0809
vn 0.6009 0.7978 0.0482
vn 0.5923 0.8053 0.0273
vn 0.5973 0.8017 0.0211
vn 0.6012 0.7991 0.0024
vn -0.7739 0.0898 -0.6269
vn -0.7006 0.0973 -0.7069
vn -0.6740 0.0064 -0.7387
vn -0.5504 0.8324 -0.0643
vn -0.5472 0.8348 -0.0606
vn -0.5524 0.8308 -0.0678
vn -0.7556 0.1334 -0.6414
vn -0.7811 0.1010 -0.6163
vn -0.7917 0.0892 -0.6044
vn -0.8026 0.0792 -0.5912
vn -0.8137 0.0714 -0.5768
vn -0.8378 0.0588 -0.5427
vn -0.9443 -0.0385 -0.3267
vn -0.9326 0.0101 -0.3608
vn -0.8834 -0.0143 -0.4683
vn -0.8354 0.0644 -0.5459
vn -0.6475 0.7452 -0.1593
vn -0.8303 0.1278 -0.5426
vn -0.8247 0.2419 -0.5112
vn -0.8230 0.1749 -0.5404
vn -0.8141 0.2094 -0.5417
vn -0.8128 0.2045 -0.5455
vn -0.8020 0.1849 -0.5680
vn -0.8030 0.2206 -0.5536
vn -0.7900 0.1602 -0.5917
vn -0.7934 0.2288 -0.5640
vn -0.7761 0.1375 -0.6155
vn -0.7067 0.0085 -0.7075
vn -0.6330 -0.2015 -0.7475
vn -0.7638 0.2650 -0.5886
vn -0.7116 -0.0696 -0.6992
vn -0.7532 0.0891 -0.6517
vn -0.7829 0.2365 -0.5754
vn 0.7103 0.0222 -0.7036
vn 0.7046 0.0173 -0.7094
vn 0.7108 -0.0253 -0.7029
vn 0.7040 -0.0305 -0.7095
vn 0.7067 -0.0852 -0.7023
vn 0.6995 -0.0898 -0.7090
vn 0.6959 -0.1557 -0.7010
vn 0.6880 -0.1595 -0.7079
vn 0.6753 -0.2358 -0.6988
vn 0.6673 -0.2386 -0.7055
vn 0.6443 -0.3176 -0.6957
vn 0.6379 -0.3190 -0.7009
vn 0.6045 -0.3974 -0.6904
vn 0.5997 -0.3979 -0.6943
vn 0.5556 -0.4741 -0.6830
vn 0.5522 -0.4741 -0.6858
vn 0.4982 -0.5455 -0.6739
vn 0.4966 -0.5452 -0.6754
vn 0.4343 -0.6093 -0.6634
vn 0.4348 -0.6095 -0.6630
vn 0.3670 -0.6640 -0.6515
vn 0.3690 -0.6648 -0.6495
vn 0.2972 -0.7095 -0.6389
vn 0.3002 -0.7112 -0.6357
vn 0.2277 -0.7452 -0.6267
vn 0.2302 -0.7469 -0.6238
vn 0.1589 -0.7708 -0.6169
vn 0.1597 -0.7715 -0.6158
vn 0.0925 -0.7860 -0.6113
vn 0.0920 -0.7854 -0.6121
vn 0.0301 -0.7919 -0.6099
vn 0.0298 -0.7915 -0.6105
vn 0.7068 0.0408 -0.7063
vn 0.7058 0.0439 -0.7071
vn 0.7066 0.0385 -0.7066
vn 0.6435 0.3162 -0.6971
vn 0.6367 0.2866 -0.7159
vn 0.6719 0.2468 -0.6983
vn 0.6635 0.2219 -0.7145
vn 0.6892 0.1867 -0.7001
vn 0.6811 0.1682 -0.7126
vn 0.6979 0.1407 -0.7022
vn 0.6919 0.1291 -0.7104
vn 0.7041 0.1052 -0.7022
vn 0.6971 0.1003 -0.7099
vn 0.7085 0.0705 -0.7022
vn 0.7005 0.0656 -0.7106
vn 0.6276 0.3313 -0.7046
vn 0.6119 0.3509 -0.7089
vn 0.6220 0.3418 -0.7045
vn 0.6063 0.3609 -0.7086
vn 0.6210 0.3502 -0.7012
vn 0.6011 0.3666 -0.7102
vn 0.6192 0.3495 -0.7031
vn 0.6174 0.3566 -0.7012
vn 0.5987 0.3713 -0.7097
vn 0.6178 0.3531 -0.7026
vn 0.6144 0.3625 -0.7008
vn 0.5960 0.3767 -0.7091
vn 0.6148 0.3589 -0.7023
vn 0.5945 0.3804 -0.7084
vn 0.6124 0.3642 -0.7016
vn 0.5950 0.4208 -0.6847
vn 0.5959 0.4204 -0.6842
vn 0.5881 0.3857 -0.7109
vn 0.5978 0.3811 -0.7053
vn 0.5868 0.4101 -0.6982
vn 0.5934 0.4071 -0.6944
vn 0.5822 0.4218 -0.6951
vn 0.5801 0.4235 -0.6958
vn 0.6157 0.4171 -0.6685
vn 0.6110 0.4174 -0.6726
vn 0.6051 0.4226 -0.6747
vn 0.6000 0.4248 -0.6779
vn 0.5917 0.4297 -0.6821
vn -0.0013 0.0007 1.0000
vn -0.4673 0.2385 0.8513
vn -0.4704 0.2520 0.8457
vn -0.4025 0.2022 0.8928
vn -0.4077 0.2080 0.8891
vn -0.3613 0.1843 0.9140
vn -0.3398 0.1880 0.9215
vn -0.3136 0.1566 0.9365
vn -0.2632 0.1417 0.9543
vn -0.2619 0.1338 0.9558
vn -0.2239 0.1144 0.9679
vn -0.2201 0.1110 0.9691
vn -0.1715 0.0951 0.9806
vn -0.1717 0.0826 0.9817
vn -0.1095 0.0595 0.9922
vn -0.1088 0.0556 0.9925
vn -0.0792 0.0406 0.9960
vn -0.0778 0.0389 0.9962
vn -0.0418 0.0245 0.9988
vn -0.0426 0.0199 0.9989
vn -0.0151 0.0082 0.9999
vn -0.0050 0.0013 1.0000
vn -0.0061 0.0025 1.0000
vn -0.0130 0.0080 0.9999
vn -0.0109 0.0022 0.9999
vn -0.0118 0.0037 0.9999
vn -0.0015 0.0008 1.0000
vn -0.0079 0.0057 1.0000
vn -0.0076 0.0056 1.0000
vn -0.0038 0.0002 1.0000
vn -0.0053 0.0052 1.0000
vn -0.0025 -0.0000 1.0000
vn -0.0032 0.0039 1.0000
vn -0.0027 0.0028 1.0000
vn -0.0025 0.0023 1.0000
vn -0.0023 0.0016 1.0000
vn -0.0020 0.0015 1.0000
vn -0.8908 0.4544 -0.0006
vn -0.8908 0.4543 0.0010
vn -0.7935 0.4051 0.4541
vn -0.7964 0.4064 0.4479
vn -0.8024 0.4076 0.4358
vn -0.8054 0.4071 0.4308
vn -0.8096 0.4076 0.4225
vn -0.8143 0.4066 0.4143
vn -0.8148 0.4067 0.4132
vn -0.7695 0.3941 0.5025
vn -0.7677 0.3759 0.5189
vn -0.7368 0.3758 0.5620
vn -0.6897 0.3467 0.6358
vn -0.6918 0.3535 0.6296
vn -0.7195 0.3671 0.5895
vn -0.7160 0.3634 0.5961
vn -0.7226 0.3691 0.5845
vn -0.5356 0.2735 0.7990
vn -0.6514 0.3466 0.6749
vn -0.6436 0.3286 0.6912
vn -0.6660 0.3400 0.6640
vn -0.5597 0.2764 0.7812
vn -0.5580 0.2725 0.7838
vn -0.5597 0.2770 0.7811
vn -0.5655 0.2851 0.7739
vn -0.5746 0.2923 0.7645
vn -0.5760 0.2932 0.7631
vn -0.5773 0.2943 0.7616
vn -0.5859 0.2998 0.7529
vn -0.6245 0.3107 0.7166
vn -0.6224 0.2929 0.7258
vn -0.6309 0.3096 0.7114
vn -0.8175 0.4059 0.4086
vn -0.8228 0.4041 0.3997
vn -0.8269 0.4022 0.3930
vn -0.8325 0.4424 0.3336
vn -0.8552 0.4311 0.2879
vn -0.8600 0.4394 0.2596
vn -0.8643 0.4412 0.2417
vn -0.8665 0.4414 0.2332
vn -0.8681 0.4412 0.2276
vn -0.8734 0.4399 0.2091
vn -0.8726 0.4544 0.1793
vn -0.8893 0.4421 0.1173
vn -0.8851 0.4552 0.0969
vn -0.8889 0.4536 0.0634
vn -0.8890 0.4539 0.0603
vn -0.8904 0.4548 0.0196
vn -0.8949 0.4455 0.0273
vn -0.8911 0.4538 0.0036
vn 0.7427 0.1625 -0.6496
vn 0.6805 -0.0834 -0.7280
vn 0.7629 0.2595 -0.5921
vn 0.7000 -0.0973 -0.7075
vn 0.7660 0.1640 -0.6216
vn 0.7771 0.1579 -0.6092
vn 0.8175 0.3181 -0.4800
vn 0.8013 0.0733 -0.5937
vn 0.8022 0.3645 -0.4728
vn 0.7821 0.0400 -0.6218
vn 0.7998 0.2358 -0.5521
vn 0.7788 0.0919 -0.6205
vn 0.7876 0.1581 -0.5955
vn 0.7792 0.1854 -0.5987
vn 0.6481 0.7446 -0.1599
vn 0.8287 0.1145 -0.5478
vn 0.8212 0.2395 -0.5180
vn 0.5121 0.4872 -0.7074
vn 0.6130 0.3227 -0.7212
vn 0.5421 0.3407 -0.7682
vn 0.6244 0.2534 -0.7389
vn 0.5740 0.2901 -0.7658
vn 0.6588 0.2002 -0.7252
vn 0.5891 0.1661 -0.7908
vn 0.6419 0.1451 -0.7530
vn -0.8906 0.4547 -0.0000
vn -0.8908 0.4544 -0.0000
vn -1.0000 -0.0000 0.0100
vn -0.9946 0.0058 0.1036
vn -0.9800 -0.0456 0.1937
vn -0.9562 0.0108 0.2925
vn -0.9263 -0.0019 0.3767
vn -0.8379 0.0242 0.5453
vn -0.2881 -0.9576 0.0001
vn -0.1995 -0.9799 -0.0000
vn -0.2275 -0.9738 -0.0000
vn -0.6050 -0.7962 -0.0000
vn -0.7944 -0.6075 -0.0000
vn -0.7927 -0.6096 -0.0000
vn -0.7755 -0.6313 0.0001
vn -0.7249 -0.6889 0.0021
vn -0.6836 -0.7298 0.0051
vn -0.7818 -0.6235 -0.0027
vn -0.7263 -0.6874 -0.0002
vn -0.6517 -0.7584 0.0001
vn -0.6456 -0.7637 -0.0000
vn -0.6017 -0.7987 -0.0000
vn -0.5509 -0.8346 -0.0000
vn -0.4660 -0.8848 0.0021
vn -0.5515 -0.8341 -0.0016
vn -0.3974 -0.9176 0.0010
vn -0.4553 -0.8903 -0.0004
vn -0.3536 -0.9354 0.0002
vn -0.3660 -0.9306 -0.0000
vn -0.3079 -0.9514 -0.0000
vn -0.2659 -0.9640 0.0002
vn -0.4526 0.2630 0.8520
vn -0.4384 0.1270 0.8897
vn -0.4793 0.2949 0.8266
vn -0.4721 0.2478 0.8460
vn -0.5187 0.2651 0.8128
vn -0.5225 0.2668 0.8098
vn -0.4169 0.2123 0.8838
vn -0.3865 0.1975 0.9009
vn -0.3607 0.1858 0.9140
vn -0.3550 0.1797 0.9174
vn -0.2901 0.1596 0.9436
vn -0.2670 0.1276 0.9552
vn -0.3122 0.1603 0.9364
vn -0.2718 0.1436 0.9516
vn -0.2507 0.1279 0.9596
vn -0.2193 0.1119 0.9692
vn -0.1718 0.0824 0.9817
vn -0.2029 0.1184 0.9720
vn -0.1282 0.0383 0.9910
vn -0.1721 0.1097 0.9789
vn -0.1604 0.0958 0.9824
vn -0.1406 0.0765 0.9871
vn -0.1145 0.0596 0.9916
vn -0.0988 0.0504 0.9938
vn -0.0387 0.0261 0.9989
vn -0.0192 0.0117 0.9997
vn -0.0114 0.0065 0.9999
vn -0.0142 -0.0048 0.9999
vn -0.0139 -0.0051 0.9999
vn -0.0511 0.0401 0.9979
vn -0.0134 -0.0057 0.9999
vn -0.0135 -0.0057 0.9999
vn -0.0145 -0.0045 0.9999
vn -0.0149 -0.0042 0.9999
vn -0.0157 -0.0033 0.9999
vn -0.0172 -0.0019 0.9999
vn -0.0182 -0.0009 0.9998
vn -0.0185 -0.0007 0.9998
vn -0.0219 0.0024 0.9998
vn -0.0430 0.0197 0.9989
vn -0.0772 0.0394 0.9962
vn -0.0036 0.0019 1.0000
vn -0.0015 0.0007 1.0000
vn -0.0000 -0.9981 -0.0615
vn 0.0079 -0.9977 -0.0678
vn -0.0078 -0.9818 -0.1897
vn 0.0095 -0.9790 -0.2035
vn -0.0092 -0.9483 -0.3174
vn 0.0131 -0.9419 -0.3357
vn -0.0009 -0.9199 -0.3921
vn 0.0040 -0.8899 -0.4561
vn 0.0343 -0.9010 -0.4324
vn 0.0038 -0.8771 -0.4803
vn -0.0095 -0.8226 -0.5685
vn 0.0052 -0.8286 -0.5598
vn -0.0039 -0.7452 -0.6668
vn -0.0050 -0.7446 -0.6675
vn 0.0010 -0.6970 -0.7170
vn -0.0103 -0.6386 -0.7695
vn 0.0064 -0.6482 -0.7615
vn -0.0061 -0.5321 -0.8467
vn 0.0083 -0.5416 -0.8406
vn -0.0089 -0.4140 -0.9103
vn 0.0146 -0.4304 -0.9025
vn 0.0017 -0.3699 -0.9291
vn -0.0116 -0.2953 -0.9553
vn 0.0151 -0.3169 -0.9483
vn -0.0157 -0.1791 -0.9837
vn 0.0103 -0.2002 -0.9797
vn -0.0077 -0.0673 -0.9977
vn -0.0000 -0.0619 -0.9981
vn -0.9831 -0.1830 -0.0000
vn 0.8448 -0.5352 -0.0000
vn 0.8444 -0.5357 -0.0000
vn 0.5383 -0.8428 -0.0000
vn 0.0623 -0.9981 -0.0000
vn -0.4293 -0.9032 -0.0000
vn -0.8133 -0.5819 -0.0000
vn 0.0001 0.0002 -1.0000
vn 0.2616 -0.1377 -0.9553
vn 0.2784 -0.1534 -0.9481
vn 0.2663 -0.1285 -0.9553
vn 0.3328 -0.1762 -0.9264
vn 0.3439 -0.2040 -0.9166
vn 0.3328 -0.1679 -0.9279
vn 0.3814 -0.1953 -0.9035
vn 0.3802 -0.1942 -0.9043
vn 0.4178 -0.2131 -0.8832
vn 0.4217 -0.2244 -0.8785
vn 0.4766 -0.2364 -0.8467
vn 0.4789 -0.2418 -0.8439
vn 0.5091 -0.2618 -0.8199
vn 0.5081 -0.2598 -0.8212
vn 0.1057 -0.0547 -0.9929
vn 0.1297 -0.0697 -0.9891
vn 0.1477 -0.0891 -0.9850
vn 0.1586 -0.1043 -0.9818
vn 0.2468 -0.1259 -0.9609
vn 0.2140 -0.1093 -0.9707
vn 0.2190 -0.1132 -0.9691
vn 0.1570 -0.0758 -0.9847
vn 0.1271 -0.0279 -0.9915
vn 0.0054 -0.0028 -1.0000
vn 0.0947 -0.0483 -0.9943
vn 0.0678 -0.0346 -0.9971
vn 0.0325 -0.0101 -0.9994
vn 0.0213 0.0025 -0.9998
vn 0.0206 0.0033 -0.9998
vn 0.0198 0.0042 -0.9998
vn 0.0192 0.0050 -0.9998
vn 0.0187 0.0056 -0.9998
vn 0.0183 0.0062 -0.9998
vn 0.0165 -0.0102 -0.9998
vn 0.0300 -0.0208 -0.9993
vn 0.0092 0.0035 -1.0000
vn 0.0458 -0.0359 -0.9983
vn 0.0174 0.0074 -0.9998
vn 0.0180 0.0065 -0.9998
vn 0.8851 -0.4173 -0.2061
vn 0.8718 -0.4321 -0.2309
vn 0.8691 -0.4172 -0.2657
vn 0.8650 -0.4259 -0.2653
vn 0.8435 -0.4246 -0.3291
vn 0.8411 -0.4283 -0.3303
vn 0.8355 -0.4156 -0.3594
vn -0.1237 -0.0000 0.9923
vn -0.2412 -0.0148 0.9704
vn -0.4775 0.0148 0.8785
vn -0.5822 -0.0000 0.8131
vn -0.6747 -0.0000 0.7381
vn -0.6746 -0.0000 0.7382
vn -0.7335 -0.0989 0.6725
vn -0.8372 -0.5453 0.0414
vn 0.1698 -0.9564 0.2378
vn 0.0855 -0.9751 0.2047
vn 0.1723 -0.9562 0.2366
vn 0.1710 -0.9566 0.2360
vn -0.5255 -0.7147 0.4616
vn -0.5239 -0.7114 0.4685
vn -0.5066 -0.7491 0.4269
vn -0.3177 -0.8942 0.3153
vn -0.2086 -0.9078 0.3638
vn -0.2473 -0.9068 0.3413
vn -0.7162 -0.1170 0.6880
vn -0.6871 -0.0751 0.7227
vn -0.7356 -0.1960 0.6484
vn -0.7125 0.0073 0.7016
vn -0.8602 -0.3702 0.3506
vn -0.9553 -0.1408 0.2601
vn -0.9465 -0.1427 0.2896
vn -0.6039 -0.7927 0.0831
vn -0.7362 -0.6664 0.1179
vn -0.7860 -0.6110 0.0948
vn -0.6065 -0.6818 0.4090
vn -0.6048 -0.6958 0.3875
vn -0.5418 -0.8004 0.2567
vn -0.4410 -0.8258 0.3514
vn -0.7180 -0.6233 0.3098
vn -0.7870 -0.5091 0.3485
vn -0.8773 -0.4043 0.2585
vn -0.8390 -0.5348 0.1003
vn -0.9757 -0.1927 0.1043
vn -0.9212 -0.3721 -0.1141
vn -0.9928 -0.0611 0.1034
vn 0.0882 -0.9928 0.0811
vn -0.7348 -0.0828 0.6732
vn -0.7340 -0.0662 0.6759
vn -0.7590 -0.0690 0.6475
vn -0.7281 -0.0058 0.6855
vn -0.6851 -0.0022 0.7285
vn -0.8362 -0.0681 0.5442
vn -0.8640 -0.1276 0.4870
vn -0.8292 -0.2084 0.5186
vn -0.8320 -0.2667 0.4865
vn -0.7799 -0.3233 0.5359
vn -0.7238 -0.4930 0.4828
vn -0.7041 -0.4563 0.5441
vn -0.4573 -0.6686 0.5864
vn -0.6099 -0.6058 0.5109
vn -0.0184 -0.9976 0.0672
vn -0.0871 -0.9962 0.0039
vn -0.1970 -0.9712 0.1341
vn -0.3109 -0.9499 0.0312
vn 0.5930 -0.7967 0.1167
vn 0.5015 -0.8634 0.0554
vn 0.5489 -0.8270 0.1214
vn 0.4439 -0.8961 -0.0039
vn 0.3117 -0.9351 0.1686
vn 0.2228 -0.9734 0.0532
vn -0.1124 -0.9618 0.2494
vn -0.2209 -0.9639 0.1487
vn -0.3060 -0.9153 0.2618
vn -0.3220 -0.9136 0.2482
vn -0.3734 -0.9205 0.1149
vn -0.5638 -0.8175 0.1175
vn -0.6071 -0.7909 0.0764
vn 0.7114 -0.7027 -0.0000
vn 0.6575 -0.7535 0.0037
vn 0.5710 -0.8210 0.0012
vn 0.4401 -0.8979 -0.0013
vn 0.3100 -0.9507 0.0019
vn 0.2317 -0.9728 -0.0000
vn -0.0840 -0.9965 0.0022
vn 0.1041 -0.9946 -0.0000
vn 0.0740 -0.9973 0.0004
vn -0.1581 -0.9874 -0.0015
vn -0.2582 -0.9661 0.0001
vn -0.3902 -0.9207 -0.0001
vn -0.3922 -0.9199 -0.0002
vn -0.5921 -0.8058 0.0003
vn -0.5135 -0.8581 0.0034
vn -0.6160 -0.7878 0.0002
vn -0.7723 -0.6353 -0.0003
vn -0.7100 -0.7042 0.0021
vn -0.8979 -0.4401 -0.0041
vn -0.8153 -0.5790 0.0037
vn -0.9770 -0.2133 -0.0033
vn -0.9500 -0.3123 0.0009
vn -0.9986 -0.0530 -0.0004
vn -0.9971 -0.0759 -0.0000
vn -0.0063 0.0425 0.9991
vn 0.0008 0.0651 0.9979
vn 0.0026 0.0659 0.9978
vn 0.0017 0.0653 0.9979
vn -0.0197 0.0300 0.9994
vn 0.0042 0.0584 0.9983
vn -0.0121 0.0263 0.9996
vn 0.0106 0.0355 0.9993
vn 0.0013 0.0135 0.9999
vn 0.0009 0.0573 0.9984
vn -0.0002 0.0525 0.9986
vn 0.0001 0.0531 0.9986
vn -0.0002 0.0627 0.9980
vn -0.0015 0.0649 0.9979
vn -0.0026 0.0654 0.9979
vn -0.0000 -0.0084 1.0000
vn -0.0000 -0.9200 -0.3920
vn 0.0171 -0.9313 -0.3637
vn 0.0074 -0.9979 -0.0644
vn -0.0000 -0.9933 -0.1153
vn -0.0000 -0.9919 -0.1267
vn -0.0100 -0.9868 -0.1614
vn 0.0165 -0.9832 -0.1816
vn -0.0072 -0.9730 -0.2308
vn 0.0189 -0.9613 -0.2750
vn 0.0151 -0.9605 -0.2779
vn -0.0142 -0.9411 -0.3378
vn -0.0215 -0.9966 -0.0793
vn 0.0165 -0.9998 0.0105
vn -0.0100 -0.9995 0.0287
vn 0.0006 -0.9975 0.0701
vn -0.0041 -0.9925 0.1221
vn -0.0136 -0.9931 0.1164
vn 0.0164 -0.9764 0.2155
vn -0.0062 -0.9789 0.2043
vn 0.0010 -0.9640 0.2658
vn 0.0006 -0.9643 0.2647
vn -0.0034 -0.9479 0.3186
vn -0.0172 -0.9502 0.3111
vn 0.0202 -0.9123 0.4089
vn -0.0148 -0.9192 0.3935
vn -0.0019 -0.8985 0.4390
vn 0.0028 -0.8903 0.4553
vn -0.0000 -0.8934 0.4493
vn -0.0000 -0.8659 0.5003
vn -0.0123 -0.8693 0.4942
vn 0.0142 -0.8152 0.5790
vn -0.0122 -0.8224 0.5688
vn 0.0026 -0.7835 0.6213
vn -0.0000 -0.7872 0.6167
vn -0.0000 -0.7535 0.6575
vn -0.0018 -0.7542 0.6566
vn 0.0021 -0.6930 0.7210
vn -0.0360 -0.7064 0.7069
vn -0.0006 -0.6744 0.7384
vn 0.0004 -0.6500 0.7599
vn -0.0000 -0.6506 0.7595
vn -0.0000 -0.6124 0.7906
vn -0.0025 -0.6137 0.7896
vn 0.0033 -0.5442 0.8389
vn 0.0030 -0.5443 0.8389
vn -0.0009 -0.4904 0.8715
vn -0.0000 -0.4890 0.8723
vn -0.0000 -0.4505 0.8928
vn -0.0008 -0.4511 0.8925
vn 0.0013 -0.3817 0.9243
vn 0.0033 -0.3808 0.9246
vn -0.0005 -0.3298 0.9441
vn -0.0044 -0.3157 0.9488
vn -0.0000 -0.3093 0.9510
vn -0.0000 -0.2729 0.9620
vn -0.0014 -0.2744 0.9616
vn 0.0027 -0.2142 0.9768
vn 0.0023 -0.2144 0.9767
vn -0.0004 -0.1662 0.9861
vn 0.0081 -0.1383 0.9904
vn -0.0175 -0.1088 0.9939
vn -0.0049 -0.0910 0.9958
vn 0.0120 -0.0375 0.9992
vn -0.0177 -0.0483 0.9987
vn -0.0034 -0.0187 0.9998
vn -0.0000 -0.9986 -0.0530
vn 0.0029 -0.9987 -0.0512
vn -0.0030 -0.9873 -0.1589
vn 0.0072 -0.9882 -0.1528
vn -0.0072 -0.9653 -0.2609
vn -0.0000 -0.9245 -0.3811
vn 0.0198 -0.9335 -0.3581
vn 0.0017 -0.9422 -0.3352
vn -0.0037 -0.9659 -0.2589
vn -0.6014 0.7990 -0.0000
vn -0.5662 0.3073 0.7649
vn -0.5653 0.3056 0.7662
vn -0.5643 0.3041 0.7675
vn -0.5577 0.2939 0.7763
vn -0.5500 0.2834 0.7856
vn -0.5477 0.2838 0.7871
vn -0.5356 0.2734 0.7990
vn -0.6534 0.3567 0.6677
vn -0.6297 0.3477 0.6947
vn -0.6160 0.3293 0.7156
vn -0.6275 0.3402 0.7004
vn -0.6400 0.3494 0.6844
vn -0.5491 0.2778 0.7882
vn -0.5824 0.3012 0.7550
vn -0.5841 0.3019 0.7534
vn -0.6016 0.3151 0.7340
vn -0.6042 0.3163 0.7314
vn -0.6160 0.3294 0.7156
vn -0.6897 0.5218 0.5020
vn -0.6566 0.3816 0.6506
vn -0.6674 0.3922 0.6331
vn -0.6423 0.3742 0.6689
vn -0.6804 0.4123 0.6058
vn -0.6599 0.4019 0.6349
vn -0.6781 0.4461 0.5841
vn -0.6720 0.4323 0.6013
vn -0.6758 0.4427 0.5893
vn -0.6272 0.6603 0.4131
vn -0.6232 0.6598 0.4199
vn -0.6150 0.6595 0.4322
vn -0.6102 0.6597 0.4387
vn -0.6772 0.6517 0.3416
vn -0.6792 0.5352 0.5023
vn -0.6419 0.5178 0.5655
vn -0.6359 0.6623 0.3961
vn -0.6351 0.6622 0.3977
vn -0.6310 0.6610 0.4062
vn -0.6095 0.7316 0.3054
vn -0.6888 0.6915 0.2176
vn -0.6416 0.6648 0.3826
vn -0.6378 0.6631 0.3917
vn -0.6279 0.7428 0.2324
vn -0.6341 0.7585 0.1506
vn -0.6176 0.7570 0.2132
vn -0.6093 0.7873 0.0947
vn -0.6256 0.7645 0.1557
vn -0.6301 0.7652 0.1322
vn -0.6205 0.7583 0.2000
vn -0.6194 0.7577 0.2053
vn -0.6012 0.7991 0.0024
vn -0.5973 0.8017 0.0211
vn -0.5955 0.8030 0.0234
vn -0.6034 0.7960 0.0483
vn -0.6122 0.7866 0.0808
vn -0.6014 0.7990 0.0009
vn -0.6014 0.7990 0.0004
vn -0.6012 0.7991 -0.0001
vn 0.5024 0.8647 0.0009
vn 0.5639 0.8252 -0.0332
vn 0.5721 0.8201 -0.0070
vn 0.5829 0.8125 0.0019
vn 0.5842 0.8116 0.0100
vn 0.6177 0.7858 -0.0315
vn 0.5506 0.8343 0.0275
vn 0.5423 0.8402 -0.0015
vn 0.5320 0.8467 -0.0024
vn 0.5316 0.8470 -0.0030
vn 0.5107 0.8598 0.0011
vn 0.5119 0.8591 -0.0015
vn 0.4915 0.8709 -0.0014
vn 0.4841 0.8750 -0.0053
vn 0.4841 0.8750 -0.0049
vn 0.4864 0.8738 -0.0035
vn 0.4827 0.8758 -0.0032
vn 0.4728 0.8811 0.0044
vn 0.4710 0.8821 -0.0012
vn 0.4712 0.8820 0.0018
vn 0.4709 0.8822 0.0005
vn 0.4670 0.8843 -0.0005
vn 0.4687 0.8834 -0.0009
vn 0.4721 0.8815 -0.0004
vn 0.4742 0.8804 -0.0010
vn 0.4787 0.8780 -0.0005
vn 0.5428 0.8398 -0.0074
vn 0.5044 0.8635 0.0025
vn 0.5049 0.8631 -0.0124
vn 0.4995 0.8663 -0.0005
vn 0.4999 0.8661 -0.0055
vn 0.4891 0.8722 -0.0020
vn 0.7516 0.1474 -0.6429
vn 0.7415 0.1577 -0.6522
vn 0.7934 0.1399 -0.5924
vn 0.8054 0.1459 -0.5745
vn 0.8087 0.1489 -0.5691
vn 0.8184 0.1329 -0.5591
vn 0.7846 0.1375 -0.6046
vn 0.7742 0.1371 -0.6179
vn 0.7626 0.1404 -0.6314
vn 0.8945 0.1140 -0.4322
vn 0.8565 0.1084 -0.5046
vn 0.8393 0.1083 -0.5327
vn 0.8544 -0.0026 -0.5195
vn 0.9207 0.0652 -0.3848
vn 0.9454 -0.0319 -0.3242
vn 0.7138 0.1551 -0.6830
vn 0.7006 0.0973 -0.7069
vn 0.7862 0.0884 -0.6117
vn 0.7716 0.0754 -0.6317
vn 0.7875 0.0045 -0.6162
vn 0.8312 0.0064 -0.5560
vn 0.8434 -0.0564 -0.5343
vn 0.9072 -0.0575 -0.4168
vn 0.9112 -0.0211 -0.4115
vn 0.9341 -0.0411 -0.3547
vn 0.9389 -0.0520 -0.3403
vn 0.8093 -0.3807 0.4472
vn 0.8097 -0.3809 0.4463
vn 0.8105 -0.3791 0.4465
vn 0.8244 -0.3916 0.4086
vn 0.8409 -0.3411 0.4202
vn 0.8131 -0.4290 0.3936
vn 0.8250 -0.3952 0.4039
vn 0.8404 -0.3943 0.3719
vn 0.8603 -0.3700 0.3508
vn 0.8404 -0.4234 0.3384
vn 0.8560 -0.4069 0.3187
vn 0.8603 -0.4094 0.3036
vn 0.8822 -0.3777 0.2813
vn 0.8144 -0.5179 0.2617
vn 0.9525 -0.2293 0.2006
vn -0.7772 0.2001 -0.5965
vn -0.5734 0.1512 -0.8052
vn -0.5818 0.1058 -0.8064
vn -0.6201 0.1314 -0.7734
vn -0.6244 0.0992 -0.7747
vn -0.7781 0.1894 -0.5989
vn -0.8486 0.2701 -0.4548
vn -0.8485 0.2708 -0.4546
vn -0.8925 0.3487 -0.2862
vn -0.8910 0.3546 -0.2836
vn -0.9019 0.4140 -0.1233
vn -0.9001 0.4185 -0.1211
vn -0.7802 0.1925 -0.5952
vn -0.8483 0.2712 -0.4548
vn -0.8483 0.2709 -0.4549
vn -0.8920 0.3477 -0.2889
vn -0.8905 0.3536 -0.2862
vn -0.9019 0.4133 -0.1255
vn -0.9002 0.4177 -0.1233
vn -0.8935 0.4486 -0.0201
vn -0.8934 0.4487 -0.0201
vn -0.8930 0.4497 -0.0192
vn -0.6963 0.1550 -0.7009
vn -0.7369 0.1662 -0.6553
vn -0.7790 0.2061 -0.5923
vn -0.6075 0.1360 -0.7826
vn -0.6267 0.1509 -0.7645
vn -0.6332 0.1112 -0.7659
vn -0.6921 0.1583 -0.7043
vn -0.6952 0.1521 -0.7025
vn -0.6972 0.1292 -0.7051
vn -0.7558 0.6548 -0.0001
vn -0.9999 -0.0115 -0.0000
vn -0.9999 -0.0106 -0.0016
vn -1.0000 0.0075 0.0009
vn -0.9999 0.0108 -0.0006
vn -0.9999 0.0137 -0.0006
vn -0.9998 0.0216 -0.0014
vn -0.9995 0.0308 -0.0026
vn -0.9991 0.0414 -0.0047
vn -0.9986 0.0520 -0.0080
vn -0.9999 0.0033 0.0148
vn -0.9990 0.0450 0.0001
vn -0.9990 -0.0441 -0.0001
vn -0.9949 -0.1003 0.0084
vn -0.9949 -0.0895 -0.0465
vn -0.9964 -0.0810 0.0233
vn -0.9957 -0.0921 0.0122
vn -0.9941 -0.1088 0.0050
vn -0.9925 -0.1221 0.0024
vn -0.9916 -0.1297 0.0014
vn -0.9932 -0.1165 -0.0009
vn -0.9937 -0.1122 -0.0010
vn -0.9951 -0.0993 -0.0016
vn -0.9999 0.0110 -0.0006
vn -0.9999 0.0140 -0.0000
vn -0.9994 -0.0332 -0.0058
vn -1.0000 0.0057 -0.0000
vn -0.9995 -0.0324 -0.0000
vn -0.9971 -0.0757 -0.0030
vn -0.9987 -0.0509 -0.0051
vn -0.9874 -0.1582 0.0083
vn -0.9996 -0.0287 -0.0053
vn -0.9944 -0.1051 0.0042
vn -0.9981 -0.0622 0.0015
vn -0.9994 0.0335 0.0009
vn -0.9994 0.0290 0.0168
vn -0.9991 0.0324 -0.0263
vn -0.9995 0.0299 0.0025
vn -1.0000 0.0025 -0.0024
vn -1.0000 0.0057 0.0013
vn -1.0000 -0.0079 -0.0000
vn -0.9928 0.1200 -0.0021
vn -0.9926 0.1216 0.0010
vn -0.9918 0.1275 0.0004
vn -0.9913 0.1319 0.0006
vn -0.9974 0.0685 0.0223
vn -0.9941 0.1084 0.0038
vn -0.9949 0.1000 0.0115
vn -0.9962 0.0823 0.0299
vn -0.9956 0.0931 0.0108
vn -0.9957 0.0927 -0.0027
vn -0.9971 0.0754 0.0110
vn -0.9968 0.0804 0.0001
vn -0.9977 0.0680 -0.0011
vn -0.9983 0.0560 0.0178
vn -0.9980 0.0626 -0.0005
vn -0.9901 0.1402 0.0047
vn -0.9905 0.1378 0.0015
vn -0.9864 0.1646 -0.0019
vn -0.9866 0.1633 -0.0027
vn -0.9799 0.1993 0.0052
vn -0.9818 0.1900 -0.0025
vn -0.9733 0.2294 0.0013
vn -0.9747 0.2234 0.0002
vn -0.9594 0.2822 -0.0006
vn -0.9623 0.2721 -0.0035
vn -0.9360 0.3520 0.0019
vn -0.9433 0.3321 -0.0001
vn -0.9205 0.3906 -0.0000
vn -0.8362 0.5484 0.0005
vn -0.8164 0.5758 0.0455
vn -0.8756 0.4726 -0.1000
vn -0.8692 0.4922 0.0473
vn -0.8762 0.4819 0.0027
vn -0.8766 0.4812 -0.0000
vn -0.7854 0.6178 0.0384
vn -0.8560 0.5168 0.0097
vn -0.2248 0.9744 -0.0001
vn -0.2239 0.9746 0.0021
vn -0.2657 0.9640 -0.0012
vn -0.3419 0.9365 0.0779
vn -0.3418 0.9365 0.0779
vn -0.3496 0.9366 0.0258
vn -0.4376 0.8982 -0.0419
vn -0.4225 0.9064 0.0014
vn -0.5402 0.8415 -0.0012
vn -0.5264 0.8502 0.0095
vn -0.6695 0.7424 -0.0240
vn -0.6545 0.7558 0.0198
vn -0.7646 0.6445 -0.0042
vn -0.7356 0.6774 0.0052
vn -0.7391 0.6736 0.0042
vn -0.1686 0.9857 0.0001
vn -0.1141 0.9870 -0.1136
vn -0.1074 0.9852 -0.1333
vn -0.0858 0.9958 -0.0308
vn -0.0091 1.0000 -0.0000
vn -0.0174 0.9971 -0.0742
vn -0.0369 0.9993 -0.0000
vn -0.0607 0.9982 -0.0000
vn -0.9433 -0.3320 -0.0042
vn -0.9904 -0.1382 0.0003
vn -0.9899 -0.1416 -0.0000
vn -0.9833 -0.1821 -0.0000
vn -0.9698 -0.2438 -0.0003
vn -0.7993 -0.6010 -0.0000
vn -0.8177 -0.5757 0.0001
vn -0.8391 -0.5439 -0.0005
vn -0.8998 -0.4362 0.0013
vn -0.9778 -0.2095 0.0033
vn -0.9507 -0.3102 -0.0002
vn -0.9271 -0.3747 -0.0000
vn -0.9253 -0.3792 -0.0000
vn -0.9185 -0.3955 -0.0000
vn -0.8797 -0.4756 -0.0006
vn -0.9973 0.0735 -0.0000
vn -0.9973 0.0736 -0.0000
vn -0.9969 0.0787 -0.0000
vn -0.9964 0.0844 -0.0002
vn -0.9957 0.0922 -0.0019
vn -0.9964 0.0845 0.0020
vn -0.9949 0.1006 -0.0014
vn -0.9957 0.0924 0.0031
vn -0.9942 0.1075 -0.0034
vn -0.9944 0.1058 -0.0021
vn -0.9933 0.1155 0.0002
vn -0.9925 0.1223 -0.0003
vn -0.9922 0.1246 0.0003
vn -0.9897 0.1434 -0.0010
vn -0.9854 0.1698 0.0128
vn -0.9819 0.1895 -0.0000
vn -0.9608 0.2771 0.0030
vn -0.9615 0.2749 0.0021
vn -0.9743 0.2251 -0.0000
vn -0.9271 0.3749 -0.0000
vn -0.9361 0.3518 -0.0000
vn -0.5396 -0.0823 0.8379
vn -0.9577 -0.0281 0.2863
vn -0.0145 -0.1395 0.9901
vn -0.1117 -0.1926 0.9749
vn -0.1117 -0.1924 0.9749
vn -0.9269 -0.1019 0.3612
vn -0.9922 -0.0812 0.0942
vn -0.4589 -0.2946 0.8382
vn -0.4687 -0.2839 0.8365
vn -0.7109 -0.2602 0.6534
vn -0.6507 -0.3175 0.6898
vn -0.9200 -0.2560 0.2967
vn -0.5892 -0.2000 0.7828
vn -0.6764 -0.0720 0.7330
vn -0.7274 -0.2002 0.6564
vn -0.7788 -0.1314 0.6133
vn -0.8609 -0.1905 0.4717
vn -0.8708 -0.1762 0.4590
vn -0.5429 -0.5486 0.6359
vn -0.0520 -0.1952 0.9794
vn -0.1418 -0.2865 0.9475
vn -0.1538 -0.2577 0.9539
vn -0.2457 -0.3605 0.8998
vn -0.2772 -0.3226 0.9050
vn -0.3498 -0.4309 0.8318
vn -0.4101 -0.3857 0.8265
vn -0.4095 -0.3830 0.8280
vn -0.0064 -0.0977 0.9952
vn -0.1918 -0.1779 0.9652
vn -0.1964 -0.1611 0.9672
vn -0.3180 -0.1822 0.9304
vn -0.3252 -0.1671 0.9308
vn -0.3582 -0.2401 0.9022
vn -0.6321 -0.1936 0.7503
vn -0.5915 -0.2428 0.7689
vn -0.8211 -0.1908 0.5380
vn -0.7701 -0.2518 0.5861
vn -0.9678 -0.1644 0.1906
vn -0.0285 -0.1666 0.9856
vn -0.0846 -0.2139 0.9732
vn -0.0911 -0.1844 0.9786
vn -0.1963 -0.2812 0.9394
vn -0.2280 -0.2212 0.9482
vn -0.3449 -0.3568 0.8682
vn -0.4273 -0.2722 0.8622
vn -0.4785 -0.4169 0.7728
vn -0.6179 -0.3103 0.7225
vn -0.6653 -0.4877 0.5653
vn -0.0002 -0.1805 0.9836
vn -0.0034 -0.1846 0.9828
vn -0.0073 -0.1803 0.9836
vn -0.0057 -0.1845 0.9828
vn -0.0061 -0.1850 0.9827
vn 0.9980 0.0626 -0.0000
vn 0.9999 -0.0140 0.0072
vn 0.9998 -0.0201 0.0094
vn 0.9986 0.0490 -0.0173
vn 0.9995 -0.0318 0.0071
vn 0.9999 0.0153 0.0014
vn 0.9996 0.0284 0.0008
vn 0.9990 0.0445 0.0002
vn 1.0000 -0.0037 0.0044
vn 1.0000 0.0082 0.0019
vn 0.9998 0.0182 -0.0000
vn 1.0000 0.0088 0.0016
vn 1.0000 0.0019 0.0026
vn 1.0000 0.0038 0.0024
vn 0.9955 -0.0943 -0.0000
vn 0.9949 -0.1012 0.0060
vn 0.9952 -0.0981 0.0034
vn 0.9971 -0.0753 -0.0063
vn 0.9960 -0.0887 0.0054
vn 0.9982 -0.0588 -0.0090
vn 0.9969 -0.0789 0.0047
vn 0.9975 -0.0709 0.0018
vn 1.0000 -0.0050 -0.0025
vn 0.9990 -0.0440 -0.0000
vn 0.9986 -0.0520 -0.0000
vn 0.9981 -0.0612 0.0002
vn 0.9886 -0.1504 -0.0055
vn 0.9914 -0.1308 0.0091
vn 0.9924 -0.1228 0.0022
vn 0.9941 -0.1083 -0.0020
vn 0.9936 -0.1131 0.0024
vn 0.9943 -0.1068 -0.0000
vn 0.9857 -0.1682 -0.0000
vn 0.9796 -0.2008 -0.0000
vn 0.9572 -0.2896 -0.0000
vn 0.9571 -0.2896 -0.0000
vn 0.9949 0.1003 0.0061
vn 0.9726 0.2322 -0.0099
vn 0.9813 0.1924 -0.0055
vn 0.9895 0.1443 -0.0021
vn 0.9954 0.0959 -0.0000
vn 0.9807 0.1957 0.0062
vn 0.9859 0.1673 -0.0000
vn 0.9919 0.1268 0.0035
vn 0.9932 0.1160 0.0044
vn 0.9865 0.1640 -0.0018
vn 0.9888 0.1490 -0.0067
vn 0.9795 0.2006 0.0197
vn 0.9919 0.1263 -0.0107
vn 0.9847 0.1726 0.0238
vn 0.9929 0.1191 0.0031
vn 0.9662 0.2576 -0.0000
vn 0.9544 0.2986 0.0004
vn 0.9349 0.3549 0.0021
vn 0.8049 0.5934 -0.0001
vn 0.8576 0.5144 0.0001
vn 0.8647 0.5023 -0.0002
vn 0.8899 0.4562 -0.0000
vn 0.8976 0.4407 -0.0000
vn 0.9006 0.4346 -0.0000
vn 0.9130 0.4080 -0.0000
vn 0.9267 0.3757 0.0004
vn 0.9591 0.2832 -0.0016
vn 0.8081 0.5890 -0.0000
vn 0.7769 0.6296 -0.0000
vn 0.7613 0.6484 -0.0000
vn 0.7593 0.6507 0.0001
vn 0.7598 0.6501 0.0001
vn 0.7591 0.6510 -0.0000
vn 0.7616 0.6480 -0.0004
vn 0.7695 0.6386 -0.0061
vn 0.7702 0.6378 -0.0071
vn 0.9970 0.0772 -0.0000
vn 0.9978 0.0659 -0.0000
vn 0.9987 0.0502 -0.0002
vn 0.9995 0.0306 -0.0045
vn 0.9996 0.0252 -0.0100
vn 0.9994 0.0358 0.0027
vn 1.0000 -0.0074 -0.0014
vn 0.9999 -0.0129 -0.0112
vn 0.9994 -0.0355 -0.0006
vn 0.9987 -0.0509 0.0001
vn 0.9985 -0.0556 -0.0005
vn 0.9978 -0.0663 0.0044
vn 0.9979 -0.0653 -0.0054
vn 0.9964 -0.0848 0.0091
vn 0.9975 -0.0677 -0.0193
vn 0.9977 -0.0600 -0.0306
vn 0.9950 -0.0990 0.0115
vn 0.9967 -0.0774 -0.0253
vn 0.9949 -0.1012 0.0027
vn 0.9945 -0.1048 -0.0015
vn 0.9946 -0.1032 -0.0097
vn 0.9942 -0.1070 -0.0059
vn 0.9920 -0.1259 0.0068
vn 0.9904 -0.1377 -0.0068
vn 0.9908 -0.1349 -0.0085
vn 0.9917 -0.1284 -0.0007
vn 0.9930 -0.1185 0.0007
vn 0.9869 -0.1611 0.0019
vn 0.9836 -0.1803 -0.0015
vn 0.9834 -0.1815 -0.0019
vn 0.9779 -0.2088 0.0031
vn 0.9739 -0.2268 -0.0030
vn 0.9600 -0.2801 0.0028
vn 0.9570 -0.2900 0.0043
vn 0.9455 -0.3257 -0.0011
vn 0.8684 -0.4958 -0.0000
vn 0.8770 -0.4805 -0.0052
vn 0.9183 -0.3960 -0.0000
vn 0.9308 -0.3656 0.0001
vn 0.8527 -0.5215 -0.0325
vn 0.8514 -0.5235 -0.0343
vn 0.8916 -0.4520 0.0264
vn 0.8088 -0.5880 -0.0092
vn 0.8465 -0.5323 0.0096
vn 0.7736 -0.6337 -0.0003
vn 0.8131 -0.5821 -0.0000
vn 0.7856 -0.6188 -0.0000
vn 0.7826 -0.6225 -0.0001
vn 0.7654 -0.6436 -0.0014
vn 0.7597 -0.6503 -0.0022
vn 0.7525 -0.6586 -0.0036
vn 0.7459 -0.6660 -0.0052
vn 0.7341 -0.6790 -0.0089
vn 0.7180 -0.6958 -0.0158
vn 0.7030 -0.7107 -0.0243
vn 0.6668 -0.7437 -0.0476
vn 0.7153 -0.6985 0.0216
vn 0.5781 -0.8159 -0.0098
vn 0.6054 -0.7959 0.0057
vn 0.5566 -0.8308 0.0003
vn 0.4855 -0.8742 -0.0006
vn 0.4636 -0.8859 -0.0190
vn 0.3165 -0.9483 0.0248
vn 0.3435 -0.9391 0.0017
vn 0.2656 -0.9641 -0.0001
vn 0.2499 -0.9682 -0.0060
vn 0.2325 -0.9717 -0.0415
vn 0.2123 -0.9719 -0.1018
vn 0.1755 -0.9844 0.0075
vn 0.1395 -0.9902 -0.0000
vn 0.0370 -0.9993 -0.0000
vn 0.0537 -0.9980 0.0329
vn 0.0690 -0.9923 0.1026
vn 0.0770 -0.9943 0.0742
vn 0.1168 -0.9932 -0.0000
vn 0.0011 -1.0000 -0.0000
vn 0.0111 -0.9998 0.0155
vn 0.0123 -0.9999 0.0058
vn 0.0293 -0.9996 -0.0000
vn 0.5388 0.8424 0.0078
vn 0.7097 0.6906 -0.1393
vn 0.6904 0.7069 -0.1536
vn 0.7441 0.6385 -0.1968
vn 0.7121 0.6692 -0.2123
vn 0.7786 0.5888 -0.2170
vn 0.6720 0.6663 -0.3231
vn 0.8086 0.5326 -0.2499
vn 0.5674 0.8234 -0.0101
vn 0.5926 0.8052 -0.0231
vn 0.5845 0.8091 -0.0611
vn 0.5024 0.8647 0.0027
vn 0.5428 0.8399 -0.0068
vn 0.5353 0.8446 -0.0102
vn 0.5049 0.8632 0.0002
vn 0.7252 0.6884 -0.0140
vn 0.6642 0.7418 -0.0927
vn 0.5855 0.8063 -0.0838
vn 0.6472 0.7588 -0.0723
vn 0.5966 0.8022 -0.0256
vn 0.5935 0.8044 -0.0266
vn 0.5491 0.8356 -0.0142
vn 0.9789 0.0073 -0.2041
vn 0.9794 0.0047 -0.2018
vn 0.9949 0.0073 -0.1002
vn 0.9916 0.0010 -0.1293
vn 0.9892 -0.0012 -0.1468
vn 0.9999 0.0129 -0.0066
vn 0.9998 0.0219 -0.0002
vn 0.9998 0.0220 -0.0001
vn 0.9998 0.0218 -0.0002
vn 0.9972 -0.0516 -0.0548
vn 0.9997 -0.0032 -0.0235
vn 0.9956 0.0021 -0.0940
vn 1.0000 -0.0015 0.0013
vn 1.0000 -0.0015 0.0011
vn 1.0000 -0.0018 -0.0001
vn 1.0000 -0.0007 -0.0000
vn 1.0000 -0.0005 -0.0001
vn 1.0000 -0.0004 -0.0000
vn 0.9912 -0.0013 0.1321
vn 0.9813 0.0033 0.1926
vn 0.9757 -0.0204 0.2180
vn 0.9446 0.0255 0.3271
vn 0.9170 -0.0531 0.3953
vn 0.8018 0.0160 0.5974
vn 0.8129 -0.0028 0.5824
vn 0.7112 -0.0075 0.7030
vn 0.6747 0.0030 0.7381
vn 0.6665 -0.0069 0.7454
vn 0.6666 -0.0068 0.7454
vn 0.6667 -0.0068 0.7453
vn 0.6743 -0.0200 0.7382
vn 0.7263 0.0075 0.6873
vn 0.7271 0.0037 0.6865
vn 0.7518 -0.0033 0.6594
vn 0.8543 -0.0079 0.5196
vn 0.8998 0.0123 0.4362
vn 0.8953 0.0032 0.4455
vn 0.9479 -0.0217 0.3179
vn 0.9501 -0.0090 0.3117
vn 0.9817 -0.0175 0.1897
vn 0.9819 0.0758 0.1737
vn 0.9907 -0.0016 0.1357
vn 0.9987 -0.0017 0.0516
vn 0.9966 0.0358 0.0747
vn 0.9998 -0.0021 0.0179
vn 0.9572 -0.0033 -0.2895
vn 0.9517 0.0128 -0.3069
vn 0.9464 0.0283 -0.3218
vn 0.9047 -0.0632 -0.4214
vn 0.3154 -0.5391 0.7809
vn -0.1918 -0.6960 0.6920
vn -0.1906 -0.6498 0.7358
vn -0.3593 -0.7442 0.5631
vn -0.3846 -0.6418 0.6634
vn 0.6993 -0.3220 0.6382
vn 0.5361 -0.6511 0.5373
vn 0.5320 -0.6608 0.5294
vn 0.5399 -0.6662 0.5145
vn 0.1210 -0.7245 0.6786
vn 0.2097 -0.8263 0.5228
vn -0.3288 -0.8369 0.4376
vn -0.3293 -0.8376 0.4359
vn -0.1529 -0.7607 0.6308
vn -0.1502 -0.7663 0.6246
vn 0.0487 -0.7406 0.6702
vn 0.0495 -0.7448 0.6655
vn 0.3099 -0.5402 0.7824
vn 0.3119 -0.5337 0.7860
vn 0.1204 0.6711 -0.7315
vn 0.1730 0.6359 -0.7521
vn 0.1368 0.6712 -0.7286
vn 0.1693 0.6434 -0.7466
vn 0.1729 0.6363 -0.7518
vn 0.1733 0.6355 -0.7524
vn 0.1733 0.6354 -0.7525
vn 0.1735 0.6349 -0.7529
vn 0.1209 0.6722 -0.7305
vn 0.0743 0.7283 -0.6813
vn 0.0720 0.7479 -0.6599
vn -0.0132 0.8120 -0.5836
vn -0.0136 0.8121 -0.5834
vn -0.0491 0.8449 -0.5326
vn -0.0922 0.8700 -0.4844
vn -0.1308 0.8773 -0.4619
vn -0.1554 0.8955 -0.4170
vn -0.2469 0.9118 -0.3280
vn -0.2491 0.9147 -0.3184
vn -0.3798 0.9024 -0.2037
vn -0.3839 0.9033 -0.1914
vn -0.4652 0.8766 -0.1231
vn -0.5054 0.8580 -0.0910
vn -0.5152 0.8539 -0.0733
vn -0.5807 0.8139 -0.0178
vn -0.5853 0.8107 -0.0150
vn -0.5999 0.8001 -0.0012
vn -0.5697 0.4143 -0.7098
vn -0.5647 0.4440 -0.6957
vn -0.1676 0.6676 -0.7254
vn -0.0100 0.6576 -0.7533
vn -0.0043 0.6561 -0.7547
vn -0.0022 0.6542 -0.7563
vn -0.0011 0.6538 -0.7567
vn -0.0005 0.6532 -0.7572
vn -0.0041 0.6590 -0.7521
vn -0.0059 0.6589 -0.7522
vn -0.0201 0.6619 -0.7493
vn -0.0096 0.6640 -0.7477
vn -0.0129 0.6638 -0.7478
vn -0.0362 0.6668 -0.7444
vn -0.0200 0.6704 -0.7417
vn -0.0293 0.6696 -0.7422
vn -0.0627 0.6740 -0.7361
vn -0.0492 0.6759 -0.7354
vn -0.0624 0.6754 -0.7348
vn -0.0938 0.6763 -0.7306
vn -0.0960 0.6766 -0.7301
vn -0.1338 0.6744 -0.7262
vn -0.1262 0.6767 -0.7254
vn -0.1491 0.6701 -0.7272
vn -0.1973 0.6579 -0.7268
vn -0.1957 0.6593 -0.7260
vn -0.2209 0.6475 -0.7294
vn -0.2187 0.6498 -0.7279
vn -0.2372 0.6381 -0.7325
vn -0.2361 0.6409 -0.7304
vn -0.2580 0.6270 -0.7350
vn -0.2601 0.6333 -0.7289
vn -0.2711 0.6167 -0.7390
vn -0.2840 0.6260 -0.7263
vn -0.3000 0.6083 -0.7348
vn -0.3112 0.6186 -0.7215
vn -0.3119 0.6026 -0.7346
vn -0.3357 0.6112 -0.7168
vn -0.3365 0.6077 -0.7194
vn -0.3618 0.5909 -0.7211
vn -0.3898 0.5947 -0.7032
vn -0.3994 0.5879 -0.7034
vn -0.4412 0.5686 -0.6943
vn -0.4464 0.5615 -0.6968
vn -0.4594 0.5683 -0.6826
vn -0.4744 0.5457 -0.6907
vn -0.4849 0.5516 -0.6787
vn -0.4909 0.5423 -0.6819
vn -0.5060 0.5171 -0.6904
vn -0.5308 0.5237 -0.6663
vn -0.5200 0.5131 -0.6829
vn -0.5644 0.4655 -0.6818
vn -0.5485 0.4626 -0.6965
vn -0.5351 0.4904 -0.6879
vn -0.6021 0.3495 -0.7178
vn -0.5933 0.3444 -0.7276
vn -0.5784 0.4032 -0.7092
vn -0.5967 0.3332 -0.7301
vn -0.5951 0.3232 -0.7358
vn -0.5958 0.2730 -0.7553
vn -0.5961 0.2730 -0.7551
vn -0.5908 0.2000 -0.7817
vn -0.5966 0.1691 -0.7846
vn -1.0000 0.0005 -0.0048
vn -1.0000 -0.0006 0.0051
vn 0.1528 -0.1883 -0.9702
vn 0.0072 -0.2455 -0.9694
vn 0.0181 0.0005 -0.9998
vn 0.0083 -0.2439 -0.9698
vn 0.1067 -0.2735 -0.9559
vn 0.0126 -0.3391 -0.9407
vn 0.0269 -0.2186 -0.9754
vn 0.0530 -0.2645 -0.9629
vn 0.0535 -0.2519 -0.9663
vn 0.0886 -0.1864 -0.9785
vn 0.1338 -0.1255 -0.9830
vn 0.1252 -0.1818 -0.9753
vn 0.1250 -0.1833 -0.9751
vn 0.2138 -0.1614 -0.9635
vn 0.2060 -0.1138 -0.9719
vn 0.2750 -0.1573 -0.9485
vn 0.2707 -0.0276 -0.9623
vn 0.2480 0.0410 -0.9679
vn 0.5255 -0.3900 -0.7561
vn -0.0181 -0.1870 0.9822
vn -0.0213 -0.1875 0.9820
vn -0.2067 -0.1736 0.9629
vn -0.2622 -0.1797 0.9481
vn -0.2909 -0.1853 0.9386
vn -0.0486 -0.1591 0.9861
vn -0.2125 -0.1867 0.9592
vn -0.0698 -0.1451 0.9870
vn -0.2501 -0.1784 0.9516
vn -0.0858 -0.1228 0.9887
vn -0.0788 -0.1892 0.9788
vn -0.1106 -0.1935 0.9748
vn -0.0324 -0.1709 0.9848
vn -0.1428 -0.1885 0.9716
vn -0.1651 -0.1928 0.9672
vn -0.7991 -0.1451 0.5834
vn -0.1155 -0.1322 0.9845
vn -0.7348 -0.2316 0.6375
vn -0.7443 -0.2204 0.6304
vn -0.7969 -0.1462 0.5861
vn -0.7571 -0.1278 0.6407
vn -0.7597 -0.1181 0.6395
vn -0.6924 -0.1316 0.7094
vn -0.6653 -0.0831 0.7419
vn -0.6426 -0.1490 0.7516
vn -0.5402 -0.1195 0.8330
vn -0.5425 -0.1543 0.8258
vn -0.3752 -0.1386 0.9165
vn -0.4257 -0.1774 0.8873
vn -0.3805 -0.1678 0.9094
vn -0.3180 -0.1932 0.9282
vn -0.2234 -0.1480 0.9634
vn -0.2113 -0.1190 0.9701
vn -0.2259 -0.1034 0.9687
vn -0.2720 -0.0644 0.9601
vn -0.4147 -0.0498 0.9086
vn -0.3701 -0.1144 0.9219
vn -0.4823 -0.0918 0.8712
vn -0.4896 -0.0947 0.8668
vn -0.5968 -0.0778 0.7986
vn -0.6154 -0.0882 0.7833
vn -0.6925 -0.0802 0.7170
vn -0.7177 -0.1012 0.6890
vn -0.8061 -0.1744 0.5655
vn -0.7949 -0.1364 0.5912
vn -0.7241 -0.0861 0.6843
vn -0.7254 -0.0934 0.6819
vn -0.7572 -0.1001 0.6455
vn -0.7941 -0.1503 0.5890
vn -0.8003 -0.1359 0.5840
vn -0.6571 -0.0525 0.7519
vn -0.6239 -0.0226 0.7812
vn -0.6439 -0.0582 0.7629
vn -0.5021 -0.0241 0.8645
vn -0.5248 -0.0534 0.8495
vn -0.3888 -0.0319 0.9208
vn -0.3591 -0.0181 0.9331
vn -0.7998 -0.1476 0.5819
vn -0.7956 -0.1509 0.5867
vn -0.7698 -0.1151 0.6279
vn -0.7392 -0.1182 0.6630
vn -0.7216 -0.1029 0.6846
vn -0.6603 -0.1127 0.7425
vn -0.6452 -0.1039 0.7570
vn -0.5556 -0.1211 0.8226
vn -0.5435 -0.1161 0.8313
vn -0.4430 -0.1378 0.8859
vn -0.3623 -0.1109 0.9255
vn -0.3617 -0.1116 0.9256
vn -0.2655 -0.1357 0.9545
vn -0.2962 -0.0762 0.9521
vn -0.1875 -0.0957 0.9776
vn -0.6959 -0.3761 0.6118
vn -0.4165 -0.5563 0.7191
vn -0.5885 -0.4279 0.6860
vn -0.5693 -0.4420 0.6932
vn -0.5156 -0.4779 0.7112
vn -0.5016 -0.4788 0.7205
vn -0.4701 -0.5199 0.7133
vn -0.4153 -0.5190 0.7470
vn -0.4456 -0.5298 0.7216
vn -0.7101 -0.3187 0.6279
vn -0.7205 -0.3254 0.6123
vn -0.7007 -0.3609 0.6155
vn -0.5785 -0.4092 0.7056
vn -0.6023 -0.4088 0.6857
vn -0.3922 -0.5903 0.7055
vn -0.4254 -0.5709 0.7022
vn -0.4706 -0.5208 0.7123
vn -0.3948 -0.5691 0.7213
vn -0.4209 -0.5717 0.7043
vn -0.4391 -0.5360 0.7211
vn -0.4614 -0.5370 0.7062
vn -0.4884 -0.4997 0.7154
vn -0.4241 -0.5706 0.7032
vn -0.4273 -0.5604 0.7094
vn -0.4440 -0.5417 0.7137
vn -0.4636 -0.5423 0.7007
vn -0.4617 -0.5371 0.7059
vn -0.4560 -0.5345 0.7116
vn -0.5345 -0.4965 0.6840
vn -0.8023 -0.2472 0.5434
vn -0.5690 -0.4584 0.6828
vn -0.6707 -0.4034 0.6224
vn -0.6827 -0.3800 0.6241
vn -0.7884 -0.2506 0.5617
vn -0.8059 -0.2349 0.5434
vn -0.7964 -0.2378 0.5561
vn -0.7945 -0.2073 0.5707
vn -0.8117 -0.2133 0.5437
vn -0.7843 -0.2482 0.5685
vn -0.7753 -0.2845 0.5639
vn -0.7843 -0.2774 0.5549
vn -0.8139 -0.2138 0.5402
vn -0.7855 -0.2320 0.5737
vn -0.7880 -0.2762 0.5503
vn -0.7627 -0.2899 0.5781
vn -0.7435 -0.3399 0.5759
vn -0.7225 -0.3526 0.5948
vn -0.6607 -0.4106 0.6284
vn -0.6494 -0.4224 0.6324
vn -0.5433 -0.4940 0.6788
vn -0.5315 -0.4963 0.6865
vn -0.5332 -0.4917 0.6884
vn -0.5436 -0.4885 0.6826
vn -0.5385 -0.4906 0.6850
vn -0.5494 -0.4740 0.6881
vn -0.6047 -0.4467 0.6594
vn -0.6840 -0.4065 0.6057
vn -0.8083 -0.1847 0.5591
vn -0.8002 -0.2063 0.5631
vn -0.8107 -0.1964 0.5515
vn -0.8091 -0.1987 0.5531
vn -0.8109 -0.1972 0.5510
vn -0.8055 -0.2025 0.5570
vn -0.8115 -0.2005 0.5489
vn -0.8124 -0.2054 0.5457
vn -0.7956 -0.2161 0.5660
vn -0.7948 -0.2614 0.5476
vn -0.7703 -0.2756 0.5750
vn -0.7622 -0.3150 0.5655
vn -0.7718 -0.3073 0.5567
vn -0.7223 -0.3328 0.6062
vn -0.7309 -0.3269 0.5992
vn -0.7012 -0.3727 0.6078
vn -0.6122 -0.4097 0.6763
vn -0.5582 -0.4732 0.6815
vn -0.5034 -0.4821 0.7170
vn -0.4675 -0.5287 0.7085
vn -0.4452 -0.5258 0.7248
vn -0.4223 -0.5675 0.7068
vn -0.3957 -0.5604 0.7276
vn 0.7118 -0.4227 0.5610
vn 0.4480 -0.2529 0.8575
vn 0.4359 -0.2206 0.8726
vn 0.3993 -0.2042 0.8938
vn 0.4000 -0.2148 0.8910
vn 0.3860 -0.2067 0.8990
vn 0.3845 -0.2060 0.8999
vn 0.3838 -0.2056 0.9002
vn 0.3833 -0.2055 0.9005
vn 0.3820 -0.2049 0.9011
vn 0.3736 -0.2022 0.9053
vn 0.3412 -0.2032 0.9178
vn 0.4672 -0.1804 0.8655
vn 0.4699 -0.2232 0.8541
vn 0.5083 -0.2426 0.8263
vn 0.5086 -0.2431 0.8260
vn 0.5662 -0.2569 0.7832
vn 0.5667 -0.2551 0.7835
vn 0.5958 -0.2870 0.7501
vn 0.5927 -0.2672 0.7598
vn 0.6023 -0.3244 0.7294
vn 0.6516 -0.2631 0.7114
vn 0.6437 -0.3362 0.6875
vn 0.6540 -0.3103 0.6900
vn 0.6648 -0.3332 0.6686
vn 0.6675 -0.3567 0.6536
vn 0.7085 -0.3078 0.6351
vn 0.6690 -0.3893 0.6331
vn 0.7327 -0.4182 0.5368
vn 0.7137 -0.4155 0.5640
vn 0.7155 -0.4155 0.5617
vn 0.7116 -0.3484 0.6101
vn 0.7118 -0.3726 0.5955
vn 0.7126 -0.3818 0.5885
vn 0.7127 -0.3816 0.5886
vn 0.7351 -0.3917 0.5534
vn 0.7511 -0.3788 0.5407
vn 0.7267 -0.4061 0.5541
vn 0.7231 -0.4094 0.5564
vn 0.6893 -0.4446 0.5721
vn 0.6496 -0.4672 0.5998
vn 0.6509 -0.4680 0.5978
vn 0.5958 -0.5122 0.6187
vn 0.6079 -0.5013 0.6157
vn 0.6026 -0.5004 0.6217
vn 0.6416 -0.4798 0.5985
vn 0.6479 -0.4721 0.5978
vn 0.0561 0.1009 -0.9933
vn 0.0790 0.0946 -0.9924
vn 0.0561 0.0952 -0.9939
vn 0.0625 0.0951 -0.9935
vn 0.0545 0.0953 -0.9940
vn 0.0403 0.0963 -0.9945
vn 0.0351 0.0976 -0.9946
vn 0.0670 0.0980 -0.9929
vn 0.1467 0.0834 -0.9857
vn 0.0848 0.1058 -0.9908
vn 0.2355 0.0863 -0.9680
vn 0.1350 0.0951 -0.9863
vn 0.1071 0.1002 -0.9892
vn 0.4675 0.0827 -0.8801
vn 0.2895 0.0988 -0.9521
vn 0.2429 0.1049 -0.9644
vn 0.3471 0.0829 -0.9341
vn 0.2032 0.0964 -0.9744
vn 0.1661 0.1024 -0.9808
vn 0.6688 0.1007 -0.7366
vn 0.4934 0.1090 -0.8630
vn 0.4366 0.1125 -0.8926
vn 0.5825 0.0868 -0.8082
vn 0.3887 0.1026 -0.9156
vn 0.3370 0.1078 -0.9353
vn 0.5390 0.1186 -0.8339
vn 0.5072 0.1221 -0.8531
vn 0.4944 0.1235 -0.8604
vn 0.7386 0.1146 -0.6644
vn 0.8105 0.1014 -0.5769
vn 0.5903 0.1496 -0.7932
vn 0.7340 0.1438 -0.6638
vn 0.7136 0.1756 -0.6781
vn 0.7130 0.1749 -0.6790
vn 0.7025 0.1679 -0.6916
vn 0.6553 0.1623 -0.7377
vn 0.7455 0.2156 -0.6306
vn 0.7305 0.2032 -0.6519
vn 0.7285 0.2029 -0.6543
vn 0.7244 0.1837 -0.6645
vn 0.7141 0.1759 -0.6776
vn 0.7378 0.2428 -0.6299
vn 0.7786 0.2951 -0.5538
vn 0.7180 0.2691 -0.6420
vn 0.6982 0.3076 -0.6465
vn 0.7216 0.3292 -0.6091
vn 0.7243 0.2866 -0.6271
vn 0.7245 0.2792 -0.6302
vn 0.6199 0.3926 -0.6794
vn 0.6834 0.3392 -0.6464
vn 0.6989 0.3170 -0.6411
vn 0.6206 0.3814 -0.6851
vn 0.6218 0.3794 -0.6852
vn 0.6222 0.3779 -0.6856
vn 0.5385 0.4420 -0.7174
vn 0.4560 0.5190 -0.7230
vn 0.3938 0.5464 -0.7392
vn 0.4631 0.4983 -0.7329
vn 0.4958 0.4668 -0.7323
vn 0.2973 0.6014 -0.7416
vn 0.3410 0.5738 -0.7446
vn 0.3245 0.5858 -0.7427
vn 0.3725 0.5520 -0.7460
vn 0.3591 0.5693 -0.7396
vn 0.4152 0.5278 -0.7410
vn 0.4228 0.5214 -0.7412
vn 0.2473 0.6234 -0.7418
vn 0.2695 0.6134 -0.7423
vn 0.3026 0.5943 -0.7451
vn 0.1261 0.6567 -0.7435
vn 0.1690 0.6492 -0.7416
vn 0.1681 0.6497 -0.7413
vn 0.2023 0.6405 -0.7409
vn 0.2076 0.6380 -0.7415
vn 0.2231 0.6336 -0.7408
vn 0.2466 0.6238 -0.7417
vn 0.0259 0.0968 -0.9950
vn 0.0095 0.0973 -0.9952
vn 0.0085 0.0977 -0.9952
vn 0.7351 0.2405 -0.6339
vn 0.7413 0.2439 -0.6253
vn 0.8324 0.2211 -0.5081
vn 0.7285 0.2028 -0.6543
vn 0.8515 0.1583 -0.4998
vn 0.8049 0.1623 -0.5708
vn 0.5633 0.4155 -0.7142
vn 0.5586 0.4613 -0.6893
vn 0.5679 0.4655 -0.6788
vn 0.6138 0.3958 -0.6831
vn 0.7015 0.3787 -0.6037
vn 0.7014 0.3677 -0.6106
vn 0.0893 -0.9688 0.2312
vn 0.0829 -0.9707 0.2255
vn 0.0906 -0.9712 0.2202
vn 0.0921 -0.9713 0.2193
vn 0.0052 -0.9699 0.2433
vn 0.0149 -0.9743 0.2249
vn 0.0216 -0.9720 0.2340
vn 0.0408 -0.9723 0.2301
vn 0.0449 -0.9714 0.2332
vn 0.0641 -0.9742 0.2164
vn 0.0845 -0.9702 0.2270
vn 0.4558 -0.8385 0.2986
vn 0.5167 -0.7905 0.3287
vn 0.4908 -0.8056 0.3318
vn 0.5593 -0.7513 0.3503
vn 0.5988 -0.6786 0.4253
vn 0.5259 -0.7682 0.3650
vn 0.5587 -0.7333 0.3875
vn 0.5668 -0.7184 0.4032
vn 0.5615 -0.7244 0.4000
vn 0.5616 -0.7242 0.4001
vn 0.5542 -0.6999 0.4505
vn 0.6064 -0.6482 0.4606
vn 0.5876 -0.6269 0.5116
vn 0.6109 -0.6035 0.5124
vn 0.5874 -0.5855 0.5587
vn 0.5987 -0.5767 0.5559
vn 0.5967 -0.5668 0.5681
vn 0.5967 -0.5670 0.5678
vn 0.5966 -0.5664 0.5686
vn 0.5925 -0.5540 0.5848
vn 0.5951 -0.5141 0.6177
vn 0.5916 -0.5164 0.6192
vn 0.5959 -0.5114 0.6192
vn 0.5824 -0.5592 0.5901
vn 0.5954 -0.5415 0.5935
vn 0.5832 -0.5321 0.6138
vn 0.5946 -0.5264 0.6077
vn 0.5931 -0.5180 0.6164
vn 0.5946 -0.5149 0.6174
vn 0.4876 -0.8246 0.2867
vn 0.4615 -0.8403 0.2846
vn 0.4030 -0.8717 0.2789
vn 0.4306 -0.8615 0.2691
vn 0.3609 -0.8996 0.2457
vn 0.3316 -0.9080 0.2560
vn 0.2243 -0.9473 0.2286
vn 0.2601 -0.9413 0.2153
vn 0.3077 -0.9243 0.2259
vn 0.1051 -0.9717 0.2116
vn 0.1359 -0.9673 0.2143
vn 0.1403 -0.9654 0.2198
vn 0.1721 -0.9632 0.2065
vn 0.2116 -0.9541 0.2120
vt 0.149506 0.477148
vt 0.165884 0.525124
vt 0.188579 0.525836
vt 0.186937 0.589408
vt 0.207919 0.590409
vt 0.151923 0.748528
vt 0.165628 0.748919
vt 0.165525 0.780458
vt 0.175808 0.793474
vt 0.149325 0.792926
vt 0.149108 0.760941
vt 0.211874 0.754218
vt 0.197857 0.754560
vt 0.197734 0.745649
vt 0.172101 0.697283
vt 0.152483 0.693229
vt 0.166476 0.667620
vt 0.148303 0.728909
vt 0.130622 0.724929
vt 0.137281 0.716337
vt 0.192513 0.717564
vt 0.165654 0.717089
vt 0.164509 0.692267
vt 0.152025 0.716793
vt 0.138401 0.716385
vt 0.141045 0.711623
vt 0.147691 0.707070
vt 0.152555 0.703303
vt 0.163048 0.693756
vt 0.187504 0.754893
vt 0.162108 0.755978
vt 0.170403 0.744684
vt 0.136883 0.757426
vt 0.142738 0.743796
vt 0.186143 0.700419
vt 0.180288 0.714049
vt 0.154646 0.715896
vt 0.158577 0.699581
vt 0.130133 0.718023
vt 0.224487 0.754019
vt 0.171299 0.749238
vt 0.149253 0.749115
vt 0.137451 0.741920
vt 0.186494 0.744657
vt 0.193653 0.749798
vt 0.123401 0.701473
vt 0.141920 0.701042
vt 0.140436 0.728041
vt 0.125556 0.679143
vt 0.143500 0.676702
vt 0.127064 0.658026
vt 0.145398 0.650747
vt 0.150505 0.591345
vt 0.147831 0.621513
vt 0.128571 0.618721
vt 0.129073 0.580637
vt 0.151628 0.578213
vt 0.129854 0.539667
vt 0.154157 0.546004
vt 0.153801 0.550787
vt 0.131696 0.495327
vt 0.157540 0.496723
vt 0.156032 0.519556
vt 0.165488 0.444731
vt 0.193386 0.449661
vt 0.189775 0.496674
vt 0.247473 0.449655
vt 0.158632 0.479139
vt 0.130690 0.806317
vt 0.133209 0.760316
vt 0.162723 0.765077
vt 0.184777 0.806311
vt 0.185467 0.794345
vt 0.142062 0.837722
vt 0.119318 0.808454
vt 0.143558 0.811656
vt 0.189602 0.806207
vt 0.179098 0.756619
vt 0.217500 0.811137
vt 0.213350 0.763916
vt 0.126540 0.759096
vt 0.221676 0.697837
vt 0.197159 0.697519
vt 0.194285 0.665604
vt 0.169186 0.665569
vt 0.180994 0.637086
vt 0.122249 0.760466
vt 0.192730 0.749549
vt 0.192755 0.781270
vt 0.149350 0.824647
vt 0.122223 0.792296
vt 0.176066 0.825337
vt 0.202190 0.825940
vt 0.171051 0.714309
vt 0.143869 0.713279
vt 0.115172 0.742958
vt 0.187274 0.669902
vt 0.160109 0.668871
vt 0.133268 0.667850
vt 0.220077 0.672669
vt 0.216942 0.722843
vt 0.192041 0.725391
vt 0.193799 0.671672
vt 0.199009 0.546928
vt 0.200131 0.484910
vt 0.225863 0.548434
vt 0.139053 0.543614
vt 0.113321 0.480090
vt 0.140597 0.481484
vt 0.166031 0.544949
vt 0.167848 0.482630
vt 0.192881 0.546154
vt 0.149476 0.589531
vt 0.124443 0.526007
vt 0.151378 0.526999
vt 0.176005 0.590608
vt 0.116899 0.523784
vt 0.141922 0.524460
vt 0.140325 0.587626
vt 0.164334 0.588493
vt 0.163332 0.619916
vt 0.185934 0.620950
vt 0.185181 0.652296
vt 0.213874 0.662846
vt 0.212365 0.683963
vt 0.186598 0.660612
vt 0.187693 0.621350
vt 0.227104 0.591515
vt 0.225105 0.655023
vt 0.209860 0.526632
vt 0.187722 0.461813
vt 0.210211 0.706293
vt 0.185130 0.681501
vt 0.225134 0.686469
vt 0.206135 0.653580
vt 0.202629 0.731954
vt 0.180579 0.729596
vt 0.207359 0.729907
vt 0.179856 0.726723
vt 0.182891 0.703496
vt 0.156221 0.698382
vt 0.226113 0.717611
vt 0.206706 0.715786
vt 0.206023 0.684835
vt 0.184874 0.683401
vt 0.162474 0.651144
vt 0.139275 0.618945
vt 0.115179 0.586744
vt 0.227134 0.592446
vt 0.201989 0.591564
vt 0.203709 0.528604
vt 0.177851 0.527858
vt 0.156875 0.725380
vt 0.152991 0.721222
vt 0.208399 0.746377
vt 0.185227 0.714202
vt 0.161931 0.682135
vt 0.138278 0.650081
vt 0.114062 0.617975
vt 0.226085 0.623765
vt 0.200871 0.622794
vt 0.162751 0.743183
vt 0.161929 0.712827
vt 0.137094 0.711619
vt 0.137475 0.680995
vt 0.111839 0.679920
vt 0.224284 0.685814
vt 0.198649 0.684740
vt 0.199723 0.653866
vt 0.173549 0.652796
vt 0.174832 0.621764
vt 0.146927 0.651645
vt 0.148293 0.620626
vt 0.120153 0.650410
vt 0.191698 0.577249
vt 0.163558 0.607033
vt 0.164921 0.576000
vt 0.136871 0.605729
vt 0.138120 0.574647
vt 0.110507 0.604352
vt 0.224929 0.579467
vt 0.197317 0.609171
vt 0.198343 0.577990
vt 0.137678 0.749200
vt 0.110925 0.740829
vt 0.224261 0.746740
vt 0.197873 0.715345
vt 0.172218 0.683670
vt 0.145388 0.682556
vt 0.116704 0.712248
vt 0.188793 0.639178
vt 0.161897 0.638018
vt 0.135206 0.636827
vt 0.222016 0.641647
vt 0.195766 0.640436
vt 0.111063 0.710526
vt 0.223904 0.716439
vt 0.118492 0.681395
vt 0.190332 0.608268
vt 0.223681 0.610548
vt 0.187929 0.727255
vt 0.187929 0.708762
vt 0.192041 0.723332
vt 0.135843 0.793675
vt 0.131989 0.775224
vt 0.135843 0.766598
vt 0.112913 0.649046
vt 0.225088 0.654901
vt 0.121516 0.619377
vt 0.111533 0.573171
vt 0.160664 0.444835
vt 0.102965 0.491855
vt 0.218505 0.500146
vt 0.216664 0.544487
vt 0.247768 0.528541
vt 0.244381 0.592736
vt 0.229610 0.527532
vt 0.151533 0.823524
vt 0.129042 0.806191
vt 0.151533 0.771418
vt 0.253443 0.824839
vt 0.253724 0.889007
vt 0.233262 0.824001
vt 0.229992 0.759820
vt 0.191091 0.637125
vt 0.208901 0.637272
vt 0.134867 0.693017
vt 0.122091 0.632452
vt 0.151847 0.632934
vt 0.158740 0.693442
vt 0.179120 0.633667
vt 0.181844 0.694009
vt 0.207965 0.634821
vt 0.204077 0.694757
vt 0.162061 0.800333
vt 0.202771 0.732861
vt 0.222235 0.741618
vt 0.202771 0.802895
vt 0.161234 0.492246
vt 0.250346 0.760745
vt 0.187936 0.541479
vt 0.154508 0.728041
vt 0.172447 0.734120
vt 0.154508 0.795777
vt 0.210442 0.791189
vt 0.208625 0.759039
vt 0.202771 0.791107
vt 0.179093 0.774824
vt 0.202771 0.732861
vt 0.184233 0.726183
vt 0.161086 0.725633
vt 0.137150 0.725179
vt 0.112539 0.724785
vt 0.199348 0.729604
vt 0.141021 0.711107
vt 0.174146 0.729244
vt 0.175271 0.761382
vt 0.200768 0.761814
vt 0.201646 0.793976
vt 0.225631 0.762244
vt 0.114836 0.789156
vt 0.138821 0.757425
vt 0.140016 0.789622
vt 0.162961 0.757879
vt 0.164427 0.790084
vt 0.186265 0.758399
vt 0.187942 0.790588
vt 0.165513 0.822161
vt 0.141197 0.853536
vt 0.140847 0.821656
vt 0.115500 0.852903
vt 0.227657 0.826476
vt 0.202309 0.857723
vt 0.175971 0.856994
vt 0.149104 0.856151
vt 0.121826 0.855161
vt 0.165231 0.811783
vt 0.138112 0.779361
vt 0.138245 0.748019
vt 0.129345 0.718221
vt 0.211835 0.823288
vt 0.212693 0.887311
vt 0.189223 0.822686
vt 0.165109 0.461210
vt 0.189997 0.886599
vt 0.113958 0.756994
vt 0.223960 0.729999
vt 0.241920 0.656644
vt 0.209148 0.462525
vt 0.233974 0.888108
vt 0.115381 0.821120
vt 0.226825 0.794442
vt 0.121104 0.735644
vt 0.137435 0.841565
vt 0.141117 0.450308
vt 0.168395 0.451298
vt 0.124991 0.494675
vt 0.151857 0.495519
vt 0.178196 0.496247
vt 0.203893 0.496880
vt 0.141013 0.885260
vt 0.141399 0.460686
vt 0.158561 0.676732
vt 0.120549 0.725087
vt 0.227246 0.732861
vt 0.157857 0.619962
vt 0.138236 0.627736
vt 0.139191 0.595584
vt 0.167596 0.719569
vt 0.144296 0.725643
vt 0.141179 0.692940
vt 0.179064 0.692708
vt 0.204620 0.687667
vt 0.212481 0.723627
vt 0.225413 0.845616
vt 0.227390 0.862432
vt 0.202401 0.862809
vt 0.189412 0.563390
vt 0.162933 0.561677
vt 0.157560 0.532291
vt 0.202394 0.756435
vt 0.209587 0.756224
vt 0.208132 0.781143
vt 0.162841 0.602439
vt 0.166840 0.612394
vt 0.161474 0.620874
vt 0.189021 0.771418
vt 0.202825 0.775464
vt 0.189021 0.793976
vt 0.166074 0.764073
vt 0.150836 0.767017
vt 0.146589 0.745093
vt 0.185372 0.724992
vt 0.159392 0.727510
vt 0.162693 0.707036
vt 0.167416 0.547373
vt 0.174761 0.499186
vt 0.194250 0.830284
vt 0.180356 0.815450
vt 0.163240 0.521033
vt 0.115227 0.522516
vt 0.166705 0.495320
vt 0.117259 0.488212
vt 0.190819 0.856796
vt 0.141373 0.849688
vt 0.157421 0.634573
vt 0.157524 0.657255
vt 0.159237 0.681358
vt 0.147488 0.560273
vt 0.134641 0.556999
vt 0.130526 0.532450
vt 0.177200 0.634598
vt 0.187329 0.652936
vt 0.170283 0.656910
vt 0.189994 0.657360
vt 0.203377 0.677633
vt 0.219799 0.699079
vt 0.236820 0.718380
vt 0.174112 0.628419
vt 0.158258 0.589635
vt 0.154011 0.585008
vt 0.154068 0.576019
vt 0.151243 0.565223
vt 0.146906 0.543597
vt 0.128855 0.557856
vt 0.144327 0.521582
vt 0.128086 0.524222
vt 0.206419 0.805566
vt 0.205474 0.816940
vt 0.182174 0.828268
vt 0.143627 0.501246
vt 0.144028 0.516959
vt 0.206867 0.799623
vt 0.186116 0.806108
vt 0.164787 0.814989
vt 0.202351 0.815946
vt 0.218725 0.835250
vt 0.217242 0.816111
vt 0.220741 0.816133
vt 0.109145 0.811901
vt 0.136282 0.813677
vt 0.162966 0.831261
vt 0.152470 0.502176
vt 0.178287 0.501333
vt 0.183600 0.532716
vt 0.208431 0.533689
vt 0.231937 0.535141
vt 0.237529 0.568462
vt 0.214346 0.565659
vt 0.203276 0.500956
vt 0.229473 0.518200
vt 0.189021 0.771418
vt 0.189021 0.808022
vt 0.162429 0.772530
vt 0.244141 0.755867
vt 0.246997 0.791673
vt 0.217875 0.759062
vt 0.255864 0.737259
vt 0.186415 0.727982
vt 0.153883 0.698012
vt 0.146133 0.662898
vt 0.138630 0.627585
vt 0.132572 0.592446
vt 0.148030 0.550126
vt 0.194882 0.796525
vt 0.250552 0.795268
vt 0.192465 0.818463
vt 0.134591 0.779905
vt 0.192679 0.756711
vt 0.189680 0.780882
vt 0.247553 0.819439
vt 0.189290 0.844520
vt 0.225440 0.632405
vt 0.198445 0.604793
vt 0.219381 0.597265
vt 0.195997 0.570846
vt 0.215664 0.562675
vt 0.196221 0.537724
vt 0.214895 0.529041
vt 0.155242 0.829345
vt 0.176695 0.579023
vt 0.177822 0.546394
vt 0.189002 0.506427
vt 0.161752 0.506796
vt 0.165177 0.483044
vt 0.219876 0.483190
vt 0.157180 0.839846
vt 0.102481 0.839700
vt 0.160743 0.814619
vt 0.152700 0.592903
vt 0.181114 0.593972
vt 0.177634 0.614504
vt 0.156193 0.569999
vt 0.184587 0.572004
vt 0.209174 0.593997
vt 0.212747 0.573155
vt 0.142536 0.632387
vt 0.144031 0.600876
vt 0.162123 0.624376
vt 0.159725 0.545976
vt 0.124011 0.590750
vt 0.131356 0.542563
vt 0.119703 0.699962
vt 0.163107 0.656585
vt 0.187701 0.682266
vt 0.165122 0.688873
vt 0.142402 0.664208
vt 0.143391 0.696208
vt 0.122593 0.672582
vt 0.123740 0.641021
vt 0.184584 0.649563
vt 0.159851 0.653065
vt 0.181241 0.646100
vt 0.186041 0.680026
vt 0.129352 0.545789
vt 0.185103 0.547723
vt 0.153812 0.568657
vt 0.162537 0.592415
vt 0.182595 0.552207
vt 0.181640 0.584359
vt 0.182392 0.616858
vt 0.138987 0.660235
vt 0.163322 0.686350
vt 0.191498 0.713834
vt 0.195955 0.816720
vt 0.249776 0.836081
vt 0.104010 0.851976
vt 0.159879 0.857808
vt 0.222575 0.501152
vt 0.219430 0.526533
vt 0.188498 0.524983
vt 0.132620 0.521713
vt 0.191628 0.500216
vt 0.135765 0.496333
vt 0.215741 0.861691
vt 0.276869 0.815803
vt 0.136738 0.815971
vt 0.274452 0.837741
vt 0.133754 0.842413
vt 0.247163 0.502323
vt 0.243739 0.526074
vt 0.212625 0.547682
vt 0.157747 0.587239
vt 0.177939 0.612347
vt 0.203107 0.639225
vt 0.209261 0.673831
vt 0.122452 0.669012
vt 0.129080 0.703458
vt 0.160591 0.732617
vt 0.191724 0.762670
vt 0.221220 0.794027
vt 0.216162 0.550608
vt 0.215890 0.708277
vt 0.221837 0.742242
vt 0.135028 0.737422
vt 0.165652 0.766578
vt 0.195347 0.796757
vt 0.222506 0.811347
vt 0.273279 0.807919
vt 0.248824 0.827258
vt 0.164028 0.570038
vt 0.161033 0.591767
vt 0.189618 0.591860
vt 0.117629 0.635144
vt 0.146214 0.635237
vt 0.142034 0.675802
vt 0.190428 0.781789
vt 0.189895 0.718504
vt 0.211160 0.772260
vt 0.190428 0.811999
vt 0.211645 0.802347
vt 0.141803 0.697408
vt 0.168541 0.692149
vt 0.143259 0.720467
vt 0.189895 0.840742
vt 0.211670 0.831055
vt 0.169631 0.714069
vt 0.172762 0.737598
vt 0.186618 0.758776
vt 0.141967 0.768369
vt 0.119288 0.750413
vt 0.186664 0.677090
vt 0.115832 0.724735
vt 0.185208 0.654031
vt 0.114119 0.700632
vt 0.185439 0.632425
vt 0.154508 0.780862
vt 0.135426 0.791925
vt 0.135426 0.728041
vt 0.122436 0.554306
vt 0.217336 0.537270
vt 0.209246 0.559125
vt 0.189638 0.538120
vt 0.185835 0.510196
vt 0.161728 0.539876
vt 0.158818 0.512780
vt 0.134080 0.542824
vt 0.132113 0.516342
vt 0.175518 0.472965
vt 0.177485 0.499447
vt 0.150486 0.503820
vt 0.149459 0.477770
vt 0.124438 0.509782
vt 0.124326 0.484038
vt 0.125966 0.503503
vt 0.176584 0.863652
vt 0.150080 0.864978
vt 0.146346 0.834639
vt 0.119904 0.837444
vt 0.117071 0.806771
vt 0.203881 0.811590
vt 0.206714 0.842264
vt 0.180344 0.845616
vt 0.177980 0.815635
vt 0.154362 0.849770
vt 0.152553 0.820335
vt 0.129052 0.855001
vt 0.127836 0.825957
vt 0.171241 0.782579
vt 0.172457 0.811624
vt 0.148072 0.818175
vt 0.147458 0.789370
vt 0.146433 0.759251
vt 0.167524 0.720919
vt 0.169647 0.752273
vt 0.126243 0.795650
vt 0.124119 0.764297
vt 0.147582 0.758022
vt 0.150388 0.789688
vt 0.171792 0.752397
vt 0.175274 0.784504
vt 0.196595 0.747200
vt 0.200708 0.779854
vt 0.226491 0.775520
vt 0.113899 0.775034
vt 0.139681 0.770700
vt 0.143194 0.803144
vt 0.169326 0.799813
vt 0.172583 0.832242
vt 0.198438 0.830212
vt 0.200243 0.846649
vt 0.223836 0.828559
vt 0.230003 0.807964
vt 0.215499 0.586221
vt 0.194734 0.576589
vt 0.170834 0.567450
vt 0.212776 0.508322
vt 0.123139 0.866852
vt 0.209949 0.871672
vt 0.182932 0.874256
vt 0.156227 0.877818
vt 0.130168 0.882622
vt 0.173573 0.839245
vt 0.148440 0.845514
vt 0.184565 0.554885
vt 0.158866 0.552145
vt 0.134436 0.551138
vt 0.177841 0.507761
vt 0.152396 0.508437
vt 0.130147 0.510590
vt 0.135843 0.766598
vt 0.138269 0.787655
vt 0.135843 0.792942
vt 0.211247 0.514602
vt 0.216957 0.515409
vt 0.195000 0.519133
vt 0.211136 0.488858
vt 0.197531 0.727963
vt 0.187187 0.496751
vt 0.210768 0.461519
vt 0.124491 0.853407
vt 0.124861 0.826236
vt 0.124835 0.797527
vt 0.124350 0.767440
vt 0.122656 0.704437
vt 0.209466 0.709256
vt 0.190637 0.686641
vt 0.149325 0.614606
vt 0.120623 0.613415
vt 0.192730 0.571229
vt 0.118718 0.667753
vt 0.125937 0.568335
vt 0.209402 0.677402
vt 0.109785 0.742381
vt 0.249969 0.844943
vt 0.251538 0.862442
vt 0.253587 0.879676
vt 0.227424 0.500967
vt 0.252472 0.514361
vt 0.158311 0.510885
vt 0.224281 0.510902
vt 0.210411 0.529102
vt 0.259281 0.510932
vt 0.269855 0.511234
vt 0.277092 0.511798
vt 0.195105 0.492519
vt 0.206804 0.494337
vt 0.128424 0.509823
vt 0.211752 0.495533
vt 0.212119 0.495635
vt 0.225378 0.500633
vt 0.232828 0.504968
vt 0.233106 0.505158
vt 0.205092 0.879202
vt 0.202825 0.774348
vt 0.203935 0.772866
vt 0.205092 0.771418
vt 0.079445 0.510885
vt 0.166254 0.515705
vt 0.297221 0.533922
vt 0.150212 0.533776
vt 0.149912 0.516686
vt 0.181960 0.784553
vt 0.131602 0.782155
vt 0.218412 0.786974
vt 0.223092 0.818497
vt 0.204041 0.784516
vt 0.209742 0.753386
vt 0.137009 0.757967
vt 0.211618 0.716304
vt 0.113688 0.651308
vt 0.185985 0.671085
vt 0.112932 0.670941
vt 0.141868 0.637204
vt 0.214921 0.637347
vt 0.214188 0.658036
vt 0.185252 0.691773
vt 0.112094 0.689863
vt 0.141031 0.656126
vt 0.213373 0.677909
vt 0.184436 0.711647
vt 0.110287 0.725832
vt 0.139224 0.692095
vt 0.182681 0.750042
vt 0.108456 0.760271
vt 0.108072 0.791705
vt 0.128541 0.593485
vt 0.274028 0.618619
vt 0.128193 0.614600
vt 0.041383 0.609780
vt 0.187218 0.613799
vt 0.187216 0.614417
vt 0.187204 0.616655
vt 0.187187 0.618714
vt 0.187170 0.620215
vt 0.273980 0.625035
vt 0.127702 0.635415
vt 0.040892 0.630595
vt 0.187073 0.626951
vt 0.273883 0.631771
vt 0.200497 0.656128
vt 0.142624 0.617570
vt 0.216009 0.593213
vt 0.215539 0.615725
vt 0.128668 0.530322
vt 0.264190 0.549581
vt 0.128775 0.551174
vt 0.041966 0.546354
vt 0.177380 0.544761
vt 0.182372 0.561586
vt 0.269182 0.566406
vt 0.128735 0.572279
vt 0.041925 0.567459
vt 0.185422 0.578912
vt 0.272232 0.583732
vt 0.041731 0.588665
vt 0.186886 0.596412
vt 0.321015 0.529096
vt 0.210655 0.549601
vt 0.239028 0.509817
vt 0.240922 0.511585
vt 0.242774 0.513465
vt 0.244269 0.515096
vt 0.245460 0.516475
vt 0.246663 0.517934
vt 0.248094 0.519762
vt 0.257240 0.534038
vt 0.041859 0.525503
vt 0.170430 0.529218
vt 0.223752 0.637968
vt 0.223359 0.658525
vt 0.150085 0.644158
vt 0.150198 0.637423
vt 0.150208 0.636778
vt 0.224016 0.617080
vt 0.150558 0.603353
vt 0.224141 0.596047
vt 0.150590 0.574862
vt 0.209689 0.654694
vt 0.136549 0.653705
vt 0.210180 0.633878
vt 0.136942 0.633149
vt 0.210528 0.612764
vt 0.137206 0.612260
vt 0.210722 0.591558
vt 0.137331 0.591227
vt 0.210762 0.570453
vt 0.063780 0.570042
vt 0.297465 0.554421
vt 0.150510 0.559927
vt 0.063700 0.555107
vt 0.150227 0.534746
vt 0.136040 0.673772
vt 0.209071 0.675024
vt 0.135434 0.693243
vt 0.208350 0.694738
vt 0.134752 0.712076
vt 0.205822 0.750000
vt 0.207551 0.713781
vt 0.133235 0.747969
vt 0.220045 0.752788
vt 0.145067 0.782731
vt 0.183542 0.750734
vt 0.221562 0.716896
vt 0.146717 0.747832
vt 0.147678 0.725318
vt 0.148156 0.713069
vt 0.222244 0.698062
vt 0.149077 0.685956
vt 0.222850 0.678592
vt 0.149347 0.676615
vt 0.149361 0.676129
vt 0.138754 0.796855
vt 0.195266 0.765090
vt 0.277253 0.784369
vt 0.122054 0.765237
vt 0.197097 0.730652
vt 0.279084 0.749931
vt 0.123835 0.730722
vt 0.198904 0.694683
vt 0.280891 0.713962
vt 0.125564 0.694503
vt 0.199742 0.675761
vt 0.281729 0.695040
vt 0.126363 0.675460
vt 0.282484 0.675407
vt 0.151620 0.651081
vt 0.174550 0.623217
vt 0.189410 0.627174
vt 0.140471 0.731344
vt 0.221071 0.602000
vt 0.134261 0.597180
vt 0.157902 0.596870
vt 0.179980 0.596893
vt 0.200629 0.597223
vt 0.104586 0.743216
vt 0.147991 0.699839
vt 0.190122 0.704455
vt 0.188471 0.739354
vt 0.186963 0.768279
vt 0.112087 0.710093
vt 0.119584 0.674611
vt 0.162989 0.631234
vt 0.166672 0.612508
vt 0.193490 0.600781
vt 0.123267 0.655885
vt 0.126824 0.636547
vt 0.130180 0.616687
vt 0.133250 0.596427
vt 0.135947 0.575919
vt 0.138199 0.555348
vt 0.139981 0.534915
vt 0.142667 0.517982
vt 0.156398 0.512550
vt 0.147314 0.504300
vt 0.162378 0.491907
vt 0.156327 0.492111
vt 0.165247 0.483820
vt 0.149215 0.532962
vt 0.141669 0.517609
vt 0.143751 0.512901
vt 0.175498 0.478007
vt 0.172885 0.491717
vt 0.169014 0.512245
vt 0.164309 0.532746
vt 0.140975 0.552741
vt 0.158847 0.552957
vt 0.131947 0.571605
vt 0.152786 0.572675
vt 0.185983 0.608405
vt 0.209219 0.594278
vt 0.199388 0.611159
vt 0.221160 0.595584
vt 0.212849 0.613338
vt 0.126039 0.608518
vt 0.134350 0.590764
vt 0.146302 0.591781
vt 0.139548 0.610212
vt 0.172652 0.604975
vt 0.197290 0.592628
vt 0.186564 0.589154
vt 0.192647 0.581595
vt 0.218757 0.576425
vt 0.122409 0.589458
vt 0.197865 0.574712
vt 0.204433 0.565421
vt 0.117623 0.560601
vt 0.227785 0.557561
vt 0.208125 0.559837
vt 0.121316 0.555017
vt 0.133774 0.533728
vt 0.206596 0.575066
vt 0.198605 0.595547
vt 0.202660 0.731695
vt 0.178147 0.726251
vt 0.191805 0.697037
vt 0.203683 0.558400
vt 0.185863 0.558526
vt 0.166600 0.559087
vt 0.145705 0.560142
vt 0.119786 0.570246
vt 0.227280 0.736164
vt 0.115850 0.726875
vt 0.234801 0.704659
vt 0.205560 0.666105
vt 0.170534 0.691776
vt 0.187377 0.662187
vt 0.149506 0.685312
vt 0.169382 0.657237
vt 0.173553 0.521522
vt 0.155691 0.523239
vt 0.204385 0.630309
vt 0.219454 0.632750
vt 0.118750 0.661285
vt 0.132644 0.627930
vt 0.137073 0.664343
vt 0.122991 0.561748
vt 0.131791 0.537629
vt 0.136004 0.525704
vt 0.163850 0.486787
vt 0.148221 0.489723
vt 0.191083 0.681941
vt 0.155491 0.666716
vt 0.147789 0.629803
vt 0.117575 0.625490
vt 0.161310 0.616809
vt 0.172643 0.604985
vt 0.132093 0.521384
vt 0.129480 0.535094
vt 0.183386 0.491538
vt 0.125609 0.555622
vt 0.181604 0.511971
vt 0.179352 0.532542
vt 0.176655 0.553050
vt 0.173585 0.573310
vt 0.170228 0.593170
vt 0.192482 0.642579
vt 0.187929 0.709401
vt 0.185529 0.716137
vt 0.185529 0.708762
vt 0.162429 0.771418
vt 0.162429 0.860885
vt 0.151533 0.779227
vt 0.135020 0.752897
vt 0.142999 0.746120
vt 0.136156 0.834163
vt 0.131684 0.837438
vt 0.125392 0.841551
vt 0.125392 0.759440
vt 0.149701 0.739186
vt 0.154906 0.732861
vt 0.156025 0.815148
vt 0.153633 0.817873
vt 0.145946 0.825790
vt 0.143073 0.828433
vt 0.202645 0.844751
vt 0.199607 0.856013
vt 0.165781 0.781295
vt 0.167755 0.772058
vt 0.168921 0.764538
vt 0.205766 0.828697
vt 0.188721 0.786701
vt 0.208794 0.800234
vt 0.207860 0.812027
vt 0.209487 0.755088
vt 0.209633 0.775721
vt 0.190243 0.763909
vt 0.209429 0.786337
vt 0.208836 0.799547
vt 0.209300 0.747853
vt 0.171206 0.726123
vt 0.209146 0.743128
vt 0.171219 0.711204
vt 0.208265 0.723477
vt 0.188615 0.693197
vt 0.206052 0.691379
vt 0.206929 0.702609
vt 0.207002 0.703615
vt 0.184349 0.638760
vt 0.200031 0.632866
vt 0.203861 0.667494
vt 0.198264 0.618502
vt 0.198849 0.623174
vt 0.199648 0.629687
vt 0.193076 0.581687
vt 0.168357 0.628139
vt 0.192717 0.579645
vt 0.167195 0.610351
vt 0.165781 0.593898
vt 0.186830 0.554289
vt 0.190257 0.567397
vt 0.156025 0.767510
vt 0.166953 0.740982
vt 0.166066 0.782706
vt 0.169481 0.743296
vt 0.167243 0.784703
vt 0.179093 0.753670
vt 0.176582 0.801967
vt 0.186273 0.552483
vt 0.156025 0.732861
vt 0.205092 0.792851
vt 0.207640 0.771418
vt 0.212886 0.798946
vt 0.212886 0.772831
vt 0.126076 0.798348
vt 0.126076 0.766598
vt 0.131989 0.770074
vt 0.170825 0.741210
vt 0.169864 0.756052
vt 0.169705 0.655278
vt 0.170971 0.695199
s 0
usemtl Material.013
f 1/1/1 2/1/1 3/1/1
f 3/1/2 2/1/2 4/1/2
f 3/1/3 4/1/3 5/1/3
f 6/1/4 7/1/4 1/1/4
f 1/1/5 7/1/5 8/1/5
f 1/1/6 8/1/6 2/1/6
f 9/1/7 10/1/7 11/1/7
f 11/1/8 10/1/8 6/1/8
f 11/1/9 6/1/9 12/1/9
f 12/1/10 6/1/10 1/1/10
f 13/1/11 14/1/11 11/1/11
f 11/1/12 14/1/12 15/1/12
f 11/1/13 15/1/13 9/1/13
f 16/1/14 13/1/14 17/1/14
f 17/1/14 13/1/14 18/1/14
f 19/1/14 20/1/14 18/1/14
f 18/1/14 20/1/14 21/1/14
f 18/1/14 21/1/14 17/1/14
f 16/1/14 22/1/14 13/1/14
f 13/1/14 22/1/14 23/1/14
f 13/1/14 23/1/14 14/1/14
f 23/1/14 24/1/14 14/1/14
f 14/1/14 24/1/14 25/1/14
f 14/1/14 25/1/14 26/1/14
f 26/1/14 25/1/14 27/1/14
f 27/1/14 28/1/14 26/1/14
f 26/1/14 28/1/14 29/1/14
f 26/1/14 29/1/14 19/1/14
f 19/1/15 18/1/15 30/1/15
f 31/1/16 32/1/16 33/1/16
f 33/1/17 32/1/17 34/1/17
f 33/1/18 34/1/18 35/1/18
f 35/1/19 34/1/19 36/1/19
f 35/1/20 36/1/20 37/1/20
f 26/1/21 19/1/21 31/1/21
f 31/1/22 19/1/22 30/1/22
f 31/1/23 30/1/23 32/1/23
f 38/1/24 39/1/24 40/1/24
f 41/1/25 42/1/25 43/1/25
f 42/1/26 41/1/26 44/1/26
f 44/1/27 41/1/27 45/1/27
f 44/1/28 45/1/28 46/1/28
f 46/1/29 45/1/29 47/1/29
f 46/1/30 47/1/30 48/1/30
f 49/1/31 38/1/31 43/1/31
f 43/1/32 38/1/32 40/1/32
f 43/1/33 40/1/33 41/1/33
f 50/1/34 49/1/34 51/1/34
f 51/1/35 49/1/35 52/1/35
f 51/1/36 52/1/36 53/1/36
f 53/1/37 52/1/37 54/1/37
f 54/1/38 52/1/38 55/1/38
f 54/1/39 55/1/39 56/1/39
f 56/1/40 55/1/40 57/1/40
f 56/1/41 57/1/41 58/1/41
f 58/1/42 57/1/42 59/1/42
f 58/1/43 59/1/43 60/1/43
f 61/1/44 62/1/44 63/1/44
f 63/1/45 62/1/45 64/1/45
f 63/1/46 64/1/46 65/1/46
f 66/1/47 67/1/47 65/1/47
f 65/1/48 67/1/48 68/1/48
f 65/1/49 68/1/49 63/1/49
f 69/1/50 70/1/50 71/1/50
f 71/1/51 70/1/51 72/1/51
f 71/1/52 72/1/52 66/1/52
f 66/1/53 72/1/53 73/1/53
f 66/1/54 73/1/54 67/1/54
f 71/1/55 74/1/55 69/1/55
f 69/1/56 74/1/56 75/1/56
f 69/1/57 75/1/57 76/1/57
f 76/1/58 75/1/58 77/1/58
f 76/1/59 77/1/59 78/1/59
f 78/1/60 77/1/60 79/1/60
f 78/1/61 79/1/61 80/1/61
f 80/1/62 79/1/62 81/1/62
f 80/1/63 81/1/63 82/1/63
f 83/1/64 84/1/64 85/1/64
f 85/1/65 84/1/65 86/1/65
f 85/1/66 86/1/66 87/1/66
f 87/1/67 86/1/67 88/1/67
f 87/1/68 88/1/68 89/1/68
f 89/1/69 88/1/69 90/1/69
f 89/1/70 90/1/70 91/1/70
f 91/1/71 90/1/71 82/1/71
f 91/1/72 82/1/72 92/1/72
f 92/1/73 82/1/73 81/1/73
f 93/1/74 94/1/74 95/1/74
f 95/1/75 94/1/75 96/1/75
f 95/1/76 96/1/76 97/1/76
f 97/1/77 96/1/77 98/1/77
f 97/1/78 98/1/78 83/1/78
f 83/1/79 98/1/79 99/1/79
f 83/1/80 99/1/80 84/1/80
f 100/1/81 101/1/81 102/1/81
f 67/1/82 103/1/82 68/1/82
f 88/1/83 104/1/83 90/1/83
f 105/1/84 106/1/84 107/1/84
f 108/1/85 109/1/85 110/1/85
f 111/1/86 112/1/86 113/1/86
f 113/1/87 112/1/87 114/1/87
f 113/1/88 114/1/88 110/1/88
f 110/1/89 114/1/89 115/1/89
f 110/1/90 115/1/90 108/1/90
f 111/1/91 113/1/91 116/1/91
f 116/1/92 113/1/92 117/1/92
f 116/1/93 117/1/93 118/1/93
f 119/1/94 120/1/94 121/1/94
f 121/1/95 120/1/95 122/1/95
f 121/1/96 122/1/96 123/1/96
f 119/1/97 121/1/97 124/1/97
f 124/1/98 121/1/98 125/1/98
f 124/1/99 125/1/99 126/1/99
f 127/1/100 128/1/100 129/1/100
f 129/1/101 128/1/101 130/1/101
f 129/1/102 130/1/102 131/1/102
f 131/1/103 130/1/103 132/1/103
f 133/1/104 134/1/104 135/1/104
f 133/1/105 135/1/105 129/1/105
f 129/1/106 135/1/106 136/1/106
f 129/1/107 136/1/107 127/1/107
f 137/1/108 138/1/108 139/1/108
f 139/1/109 138/1/109 140/1/109
f 139/1/110 140/1/110 141/1/110
f 137/1/111 142/1/111 138/1/111
f 138/1/112 142/1/112 143/1/112
f 138/1/113 143/1/113 131/1/113
f 131/1/114 143/1/114 144/1/114
f 131/1/115 144/1/115 129/1/115
f 129/1/116 144/1/116 145/1/116
f 129/1/117 145/1/117 133/1/117
f 146/1/118 106/1/118 147/1/118
f 147/1/119 106/1/119 105/1/119
f 147/1/120 105/1/120 148/1/120
f 148/1/121 105/1/121 149/1/121
f 150/1/122 151/1/122 152/1/122
f 152/1/123 153/1/123 150/1/123
f 150/1/124 153/1/124 154/1/124
f 150/1/125 154/1/125 107/1/125
f 107/1/126 154/1/126 155/1/126
f 107/1/127 155/1/127 105/1/127
f 156/1/128 157/1/128 158/1/128
f 158/1/129 157/1/129 159/1/129
f 158/1/130 159/1/130 160/1/130
f 161/1/131 162/1/131 157/1/131
f 157/1/132 162/1/132 163/1/132
f 157/1/133 163/1/133 164/1/133
f 164/1/134 165/1/134 157/1/134
f 157/1/135 165/1/135 166/1/135
f 157/1/136 166/1/136 159/1/136
f 159/1/137 166/1/137 167/1/137
f 159/1/138 167/1/138 168/1/138
f 161/1/139 157/1/139 169/1/139
f 169/1/140 157/1/140 170/1/140
f 169/1/141 170/1/141 171/1/141
f 170/1/142 172/1/142 171/1/142
f 171/1/143 172/1/143 173/1/143
f 171/1/144 173/1/144 174/1/144
f 174/1/145 173/1/145 175/1/145
f 174/1/146 175/1/146 176/1/146
f 176/1/147 175/1/147 177/1/147
f 178/1/148 179/1/148 180/1/148
f 180/1/149 179/1/149 181/1/149
f 180/1/150 181/1/150 182/1/150
f 181/1/151 183/1/151 182/1/151
f 182/1/152 183/1/152 184/1/152
f 182/1/153 184/1/153 185/1/153
f 185/1/154 186/1/154 182/1/154
f 182/1/155 186/1/155 177/1/155
f 182/1/156 177/1/156 187/1/156
f 188/1/157 189/1/157 182/1/157
f 182/1/158 189/1/158 180/1/158
f 180/1/159 189/1/159 190/1/159
f 180/1/160 190/1/160 191/1/160
f 192/1/161 193/1/161 194/1/161
f 195/1/162 196/1/162 197/1/162
f 197/1/163 196/1/163 198/1/163
f 199/1/164 200/1/164 201/1/164
f 99/1/165 98/1/165 202/1/165
f 202/1/166 98/1/166 96/1/166
f 104/1/167 88/1/167 203/1/167
f 204/1/168 205/1/168 104/1/168
f 205/1/169 206/1/169 104/1/169
f 104/1/170 206/1/170 207/1/170
f 104/1/171 207/1/171 90/1/171
f 90/1/172 207/1/172 208/1/172
f 90/1/173 208/1/173 82/1/173
f 82/1/174 208/1/174 209/1/174
f 82/1/175 209/1/175 80/1/175
f 209/1/176 210/1/176 80/1/176
f 80/1/177 210/1/177 211/1/177
f 80/1/178 211/1/178 78/1/178
f 211/1/179 212/1/179 78/1/179
f 78/1/180 212/1/180 213/1/180
f 78/1/181 213/1/181 76/1/181
f 67/1/182 73/1/182 214/1/182
f 76/1/183 213/1/183 69/1/183
f 69/1/184 213/1/184 215/1/184
f 69/1/185 215/1/185 70/1/185
f 70/1/186 215/1/186 216/1/186
f 70/1/187 216/1/187 72/1/187
f 72/1/188 216/1/188 217/1/188
f 72/1/189 217/1/189 73/1/189
f 73/1/190 217/1/190 218/1/190
f 73/1/191 218/1/191 214/1/191
f 219/1/192 220/1/192 221/1/192
f 67/1/193 214/1/193 103/1/193
f 103/1/194 214/1/194 222/1/194
f 103/1/195 222/1/195 68/1/195
f 68/1/196 222/1/196 219/1/196
f 68/1/197 219/1/197 63/1/197
f 63/1/198 219/1/198 221/1/198
f 63/1/199 221/1/199 61/1/199
f 223/1/200 224/1/200 225/1/200
f 225/1/201 224/1/201 226/1/201
f 225/1/202 226/1/202 227/1/202
f 227/1/203 228/1/203 229/1/203
f 227/1/204 229/1/204 225/1/204
f 225/1/205 229/1/205 230/1/205
f 225/1/206 230/1/206 231/1/206
f 232/1/207 233/1/207 230/1/207
f 230/1/208 233/1/208 234/1/208
f 230/1/209 234/1/209 231/1/209
f 235/1/210 236/1/210 237/1/210
f 237/1/211 236/1/211 238/1/211
f 238/1/212 239/1/212 237/1/212
f 237/1/213 239/1/213 240/1/213
f 237/1/214 240/1/214 232/1/214
f 232/1/215 240/1/215 241/1/215
f 232/1/216 241/1/216 233/1/216
f 109/1/217 242/1/217 110/1/217
f 110/1/218 242/1/218 243/1/218
f 110/1/219 243/1/219 244/1/219
f 244/1/220 243/1/220 245/1/220
f 244/1/221 245/1/221 246/1/221
f 86/1/222 84/1/222 247/1/222
f 247/1/223 84/1/223 99/1/223
f 247/1/224 99/1/224 248/1/224
f 248/1/225 99/1/225 202/1/225
f 248/1/226 202/1/226 249/1/226
f 88/1/227 86/1/227 203/1/227
f 203/1/228 86/1/228 247/1/228
f 203/1/229 247/1/229 250/1/229
f 250/1/230 247/1/230 248/1/230
f 250/1/231 248/1/231 251/1/231
f 251/1/232 248/1/232 249/1/232
f 123/1/233 252/1/233 121/1/233
f 121/1/234 252/1/234 118/1/234
f 121/1/235 118/1/235 125/1/235
f 125/1/236 118/1/236 117/1/236
f 125/1/237 117/1/237 253/1/237
f 253/1/238 117/1/238 113/1/238
f 253/1/239 113/1/239 254/1/239
f 254/1/240 113/1/240 110/1/240
f 254/1/241 110/1/241 255/1/241
f 146/1/242 141/1/242 106/1/242
f 106/1/243 141/1/243 140/1/243
f 106/1/244 140/1/244 107/1/244
f 107/1/245 140/1/245 256/1/245
f 107/1/246 256/1/246 150/1/246
f 150/1/247 256/1/247 257/1/247
f 150/1/248 257/1/248 151/1/248
f 132/1/249 126/1/249 131/1/249
f 131/1/250 126/1/250 125/1/250
f 131/1/251 125/1/251 138/1/251
f 138/1/252 125/1/252 253/1/252
f 138/1/253 253/1/253 140/1/253
f 140/1/254 253/1/254 254/1/254
f 140/1/255 254/1/255 256/1/255
f 256/1/256 254/1/256 255/1/256
f 256/1/257 255/1/257 257/1/257
f 177/1/258 175/1/258 187/1/258
f 187/1/259 175/1/259 173/1/259
f 187/1/260 173/1/260 258/1/260
f 258/1/261 173/1/261 172/1/261
f 258/1/262 172/1/262 259/1/262
f 259/1/263 172/1/263 170/1/263
f 259/1/264 170/1/264 260/1/264
f 260/1/265 170/1/265 157/1/265
f 260/1/266 157/1/266 261/1/266
f 261/1/267 157/1/267 156/1/267
f 261/1/268 156/1/268 262/1/268
f 193/1/269 188/1/269 194/1/269
f 194/1/270 188/1/270 182/1/270
f 194/1/271 182/1/271 263/1/271
f 263/1/272 182/1/272 187/1/272
f 263/1/273 187/1/273 264/1/273
f 264/1/274 187/1/274 258/1/274
f 264/1/275 258/1/275 265/1/275
f 265/1/276 258/1/276 259/1/276
f 265/1/277 259/1/277 266/1/277
f 266/1/278 259/1/278 260/1/278
f 266/1/279 260/1/279 267/1/279
f 267/1/280 260/1/280 261/1/280
f 267/1/281 261/1/281 268/1/281
f 268/1/282 261/1/282 262/1/282
f 268/1/283 262/1/283 269/1/283
f 270/1/284 199/1/284 271/1/284
f 271/1/285 199/1/285 201/1/285
f 271/1/286 201/1/286 272/1/286
f 273/1/287 274/1/287 275/1/287
f 275/1/288 274/1/288 276/1/288
f 275/1/289 276/1/289 277/1/289
f 277/1/290 276/1/290 270/1/290
f 277/1/291 270/1/291 278/1/291
f 278/1/292 270/1/292 271/1/292
f 278/1/293 271/1/293 197/1/293
f 197/1/294 271/1/294 272/1/294
f 197/1/295 272/1/295 195/1/295
f 279/1/296 280/1/296 237/1/296
f 101/1/297 100/1/297 281/1/297
f 281/1/298 100/1/298 282/1/298
f 281/1/299 282/1/299 283/1/299
f 283/1/300 282/1/300 284/1/300
f 283/1/301 284/1/301 285/1/301
f 235/1/302 237/1/302 286/1/302
f 286/1/303 237/1/303 280/1/303
f 286/1/304 280/1/304 285/1/304
f 274/1/305 287/1/305 276/1/305
f 276/1/306 287/1/306 288/1/306
f 276/1/307 288/1/307 270/1/307
f 270/1/308 288/1/308 289/1/308
f 270/1/309 289/1/309 199/1/309
f 199/1/310 289/1/310 290/1/310
f 199/1/311 290/1/311 200/1/311
f 200/1/312 290/1/312 291/1/312
f 200/1/313 291/1/313 292/1/313
f 292/1/314 291/1/314 94/1/314
f 292/1/315 94/1/315 93/1/315
f 228/1/316 204/1/316 229/1/316
f 229/1/317 204/1/317 104/1/317
f 229/1/318 104/1/318 230/1/318
f 230/1/319 104/1/319 203/1/319
f 230/1/320 203/1/320 232/1/320
f 232/1/321 203/1/321 250/1/321
f 232/1/322 250/1/322 237/1/322
f 237/1/323 250/1/323 251/1/323
f 237/1/324 251/1/324 279/1/324
f 279/1/325 251/1/325 249/1/325
f 96/1/326 94/1/326 202/1/326
f 202/1/327 94/1/327 291/1/327
f 202/1/328 291/1/328 249/1/328
f 249/1/329 291/1/329 290/1/329
f 249/1/330 290/1/330 279/1/330
f 279/1/331 290/1/331 289/1/331
f 279/1/332 289/1/332 280/1/332
f 280/1/333 289/1/333 288/1/333
f 280/1/334 288/1/334 285/1/334
f 285/1/335 288/1/335 287/1/335
f 285/1/336 287/1/336 283/1/336
f 283/1/337 287/1/337 274/1/337
f 283/1/338 274/1/338 281/1/338
f 281/1/339 274/1/339 273/1/339
f 281/1/340 273/1/340 101/1/340
f 269/1/341 102/1/341 268/1/341
f 268/1/342 102/1/342 101/1/342
f 268/1/343 101/1/343 267/1/343
f 267/1/344 101/1/344 273/1/344
f 267/1/345 273/1/345 266/1/345
f 266/1/346 273/1/346 275/1/346
f 266/1/347 275/1/347 265/1/347
f 265/1/348 275/1/348 277/1/348
f 265/1/349 277/1/349 264/1/349
f 264/1/350 277/1/350 278/1/350
f 264/1/351 278/1/351 263/1/351
f 263/1/352 278/1/352 197/1/352
f 263/1/353 197/1/353 194/1/353
f 194/1/354 197/1/354 198/1/354
f 194/1/355 198/1/355 192/1/355
f 269/1/356 152/1/356 102/1/356
f 102/1/357 152/1/357 151/1/357
f 102/1/358 151/1/358 100/1/358
f 100/1/359 151/1/359 257/1/359
f 100/1/360 257/1/360 282/1/360
f 282/1/361 257/1/361 255/1/361
f 282/1/362 255/1/362 284/1/362
f 284/1/363 255/1/363 110/1/363
f 284/1/364 110/1/364 285/1/364
f 285/1/365 110/1/365 244/1/365
f 285/1/366 244/1/366 286/1/366
f 286/1/367 244/1/367 246/1/367
f 286/1/368 246/1/368 235/1/368
f 293/1/369 294/1/369 295/1/369
f 295/1/370 294/1/370 296/1/370
f 295/1/371 296/1/371 297/1/371
f 295/1/372 220/1/372 219/1/372
f 298/1/373 293/1/373 299/1/373
f 299/1/374 293/1/374 295/1/374
f 299/1/375 295/1/375 300/1/375
f 300/1/376 295/1/376 219/1/376
f 300/1/377 219/1/377 222/1/377
f 222/1/378 214/1/378 300/1/378
f 300/1/379 214/1/379 218/1/379
f 300/1/380 218/1/380 217/1/380
f 293/1/381 301/1/381 302/1/381
f 303/1/382 304/1/382 305/1/382
f 305/1/383 304/1/383 212/1/383
f 300/1/384 306/1/384 299/1/384
f 299/1/385 306/1/385 307/1/385
f 299/1/386 307/1/386 298/1/386
f 293/1/387 302/1/387 294/1/387
f 308/1/388 309/1/388 296/1/388
f 296/1/389 309/1/389 297/1/389
f 297/1/390 309/1/390 310/1/390
f 310/1/391 309/1/391 311/1/391
f 310/1/392 311/1/392 312/1/392
f 312/1/393 311/1/393 313/1/393
f 312/1/394 313/1/394 314/1/394
f 314/1/395 313/1/395 315/1/395
f 315/1/396 313/1/396 316/1/396
f 315/1/397 316/1/397 317/1/397
f 317/1/398 316/1/398 318/1/398
f 317/1/399 318/1/399 319/1/399
f 318/1/400 320/1/400 319/1/400
f 319/1/401 320/1/401 321/1/401
f 319/1/402 321/1/402 322/1/402
f 323/1/403 324/1/403 226/1/403
f 226/1/404 324/1/404 227/1/404
f 324/1/405 325/1/405 227/1/405
f 227/1/406 325/1/406 326/1/406
f 227/1/407 326/1/407 228/1/407
f 327/1/408 205/1/408 326/1/408
f 326/1/409 205/1/409 204/1/409
f 326/1/410 204/1/410 228/1/410
f 209/1/411 208/1/411 328/1/411
f 328/1/412 208/1/412 207/1/412
f 328/1/413 207/1/413 327/1/413
f 327/1/414 207/1/414 206/1/414
f 327/1/415 206/1/415 205/1/415
f 212/1/416 211/1/416 305/1/416
f 305/1/417 211/1/417 210/1/417
f 305/1/418 210/1/418 329/1/418
f 329/1/419 210/1/419 209/1/419
f 329/1/420 209/1/420 330/1/420
f 330/1/421 209/1/421 328/1/421
f 323/1/422 331/1/422 324/1/422
f 324/1/423 331/1/423 332/1/423
f 324/1/424 332/1/424 325/1/424
f 325/1/425 332/1/425 333/1/425
f 325/1/426 333/1/426 326/1/426
f 326/1/427 333/1/427 334/1/427
f 326/1/428 334/1/428 327/1/428
f 327/1/429 334/1/429 335/1/429
f 327/1/430 335/1/430 328/1/430
f 306/1/431 303/1/431 307/1/431
f 307/1/432 303/1/432 305/1/432
f 307/1/433 305/1/433 336/1/433
f 336/1/434 305/1/434 329/1/434
f 336/1/435 329/1/435 337/1/435
f 337/1/436 329/1/436 330/1/436
f 337/1/437 330/1/437 338/1/437
f 338/1/438 330/1/438 328/1/438
f 338/1/439 328/1/439 339/1/439
f 339/1/440 328/1/440 335/1/440
f 339/1/441 335/1/441 340/1/441
f 340/1/442 335/1/442 334/1/442
f 340/1/443 334/1/443 341/1/443
f 341/1/444 334/1/444 333/1/444
f 341/1/445 333/1/445 342/1/445
f 342/1/446 333/1/446 332/1/446
f 342/1/447 332/1/447 343/1/447
f 343/1/448 332/1/448 331/1/448
f 343/1/449 344/1/449 342/1/449
f 342/1/450 344/1/450 345/1/450
f 342/1/451 345/1/451 341/1/451
f 341/1/452 345/1/452 346/1/452
f 341/1/453 346/1/453 340/1/453
f 340/1/454 346/1/454 347/1/454
f 340/1/455 347/1/455 339/1/455
f 339/1/456 347/1/456 348/1/456
f 339/1/457 348/1/457 338/1/457
f 338/1/458 348/1/458 349/1/458
f 338/1/459 349/1/459 337/1/459
f 337/1/460 349/1/460 350/1/460
f 337/1/461 350/1/461 336/1/461
f 336/1/462 350/1/462 302/1/462
f 336/1/463 302/1/463 307/1/463
f 307/1/464 302/1/464 301/1/464
f 307/1/465 301/1/465 298/1/465
f 298/1/466 301/1/466 293/1/466
f 344/1/467 321/1/467 345/1/467
f 345/1/468 321/1/468 320/1/468
f 345/1/469 320/1/469 346/1/469
f 346/1/470 320/1/470 318/1/470
f 346/1/471 318/1/471 347/1/471
f 347/1/472 318/1/472 316/1/472
f 347/1/473 316/1/473 348/1/473
f 348/1/474 316/1/474 313/1/474
f 348/1/475 313/1/475 349/1/475
f 349/1/476 313/1/476 311/1/476
f 349/1/477 311/1/477 350/1/477
f 350/1/478 311/1/478 309/1/478
f 350/1/479 309/1/479 302/1/479
f 302/1/480 309/1/480 308/1/480
f 302/1/481 308/1/481 294/1/481
f 294/1/482 308/1/482 296/1/482
f 223/1/483 351/1/483 224/1/483
f 224/1/484 351/1/484 352/1/484
f 224/1/485 352/1/485 226/1/485
f 322/1/486 321/1/486 353/1/486
f 353/1/487 321/1/487 344/1/487
f 344/1/488 343/1/488 353/1/488
f 353/1/489 343/1/489 331/1/489
f 353/1/490 331/1/490 352/1/490
f 352/1/491 331/1/491 323/1/491
f 352/1/492 323/1/492 226/1/492
f 354/1/493 355/1/493 356/1/493
f 354/1/493 356/1/493 357/1/493
f 357/1/494 356/1/494 358/1/494
f 357/1/494 358/1/494 359/1/494
f 359/1/11 358/1/11 360/1/11
f 359/1/11 360/1/11 361/1/11
f 360/1/14 362/1/14 361/1/14
f 361/1/14 362/1/14 363/1/14
f 363/1/495 362/1/495 364/1/495
f 363/1/495 364/1/495 365/1/495
f 365/1/496 364/1/496 366/1/496
f 365/1/496 366/1/496 367/1/496
f 367/1/497 366/1/497 368/1/497
f 367/1/497 368/1/497 369/1/497
f 370/1/498 371/1/498 372/1/498
f 118/1/498 252/1/498 373/1/498
f 373/1/498 252/1/498 123/1/498
f 373/1/498 123/1/498 122/1/498
f 368/1/498 374/1/498 369/1/498
f 369/1/498 374/1/498 111/1/498
f 369/1/498 111/1/498 373/1/498
f 373/1/498 111/1/498 116/1/498
f 373/1/498 116/1/498 118/1/498
f 373/1/498 375/1/498 369/1/498
f 369/1/499 375/1/499 376/1/499
f 369/1/500 376/1/500 372/1/500
f 372/1/498 376/1/498 377/1/498
f 372/1/501 377/1/501 370/1/501
f 5/1/502 378/1/502 135/1/502
f 379/1/502 5/1/502 380/1/502
f 380/1/502 5/1/502 135/1/502
f 380/1/502 135/1/502 134/1/502
f 379/1/502 381/1/502 5/1/502
f 5/1/502 381/1/502 382/1/502
f 5/1/502 382/1/502 383/1/502
f 384/1/502 3/1/502 385/1/502
f 385/1/502 3/1/502 5/1/502
f 385/1/502 5/1/502 386/1/502
f 386/1/502 5/1/502 383/1/502
f 3/1/503 387/1/503 388/1/503
f 389/1/504 387/1/504 3/1/504
f 13/1/505 11/1/505 390/1/505
f 390/1/506 11/1/506 12/1/506
f 12/1/507 388/1/507 390/1/507
f 390/1/508 388/1/508 387/1/508
f 390/1/509 387/1/509 391/1/509
f 391/1/510 387/1/510 389/1/510
f 391/1/511 389/1/511 392/1/511
f 12/1/512 1/1/512 388/1/512
f 388/1/513 1/1/513 3/1/513
f 3/1/514 393/1/514 389/1/514
f 389/1/515 393/1/515 394/1/515
f 389/1/516 394/1/516 392/1/516
f 392/1/517 394/1/517 395/1/517
f 392/1/518 395/1/518 396/1/518
f 13/1/505 390/1/505 397/1/505
f 397/1/519 390/1/519 391/1/519
f 397/1/520 391/1/520 398/1/520
f 398/1/521 391/1/521 392/1/521
f 398/1/521 392/1/521 399/1/521
f 399/1/522 392/1/522 396/1/522
f 399/1/523 396/1/523 400/1/523
f 4/1/524 401/1/524 5/1/524
f 5/1/525 401/1/525 378/1/525
f 4/1/526 2/1/526 401/1/526
f 401/1/527 2/1/527 8/1/527
f 401/1/528 8/1/528 7/1/528
f 400/1/529 402/1/529 403/1/529
f 400/1/529 403/1/529 399/1/529
f 399/1/530 403/1/530 404/1/530
f 399/1/530 404/1/530 398/1/530
f 398/1/531 404/1/531 405/1/531
f 398/1/531 405/1/531 397/1/531
f 397/1/532 405/1/532 18/1/532
f 397/1/532 18/1/532 13/1/532
f 17/1/533 406/1/533 16/1/533
f 16/1/533 406/1/533 407/1/533
f 16/1/534 407/1/534 22/1/534
f 22/1/534 407/1/534 408/1/534
f 22/1/535 408/1/535 23/1/535
f 23/1/535 408/1/535 409/1/535
f 23/1/536 409/1/536 24/1/536
f 24/1/536 409/1/536 410/1/536
f 24/1/537 410/1/537 25/1/537
f 25/1/537 410/1/537 411/1/537
f 25/1/538 411/1/538 27/1/538
f 27/1/538 411/1/538 412/1/538
f 27/1/539 412/1/539 28/1/539
f 28/1/539 412/1/539 413/1/539
f 28/1/540 413/1/540 29/1/540
f 29/1/540 413/1/540 414/1/540
f 29/1/541 414/1/541 19/1/541
f 19/1/541 414/1/541 415/1/541
f 19/1/542 415/1/542 20/1/542
f 20/1/542 415/1/542 416/1/542
f 20/1/543 416/1/543 21/1/543
f 21/1/543 416/1/543 417/1/543
f 21/1/544 417/1/544 17/1/544
f 17/1/544 417/1/544 406/1/544
f 418/1/545 419/1/545 47/1/545
f 418/1/545 47/1/545 420/1/545
f 421/1/545 48/1/545 422/1/545
f 422/1/545 48/1/545 47/1/545
f 422/1/545 47/1/545 423/1/545
f 423/1/545 47/1/545 419/1/545
f 47/1/545 424/1/545 425/1/545
f 425/1/545 424/1/545 426/1/545
f 427/1/545 428/1/545 429/1/545
f 47/1/545 429/1/545 420/1/545
f 420/1/545 429/1/545 430/1/545
f 420/1/545 430/1/545 431/1/545
f 431/1/545 430/1/545 432/1/545
f 429/1/545 428/1/545 433/1/545
f 433/1/545 428/1/545 434/1/545
f 433/1/545 434/1/545 435/1/545
f 435/1/545 436/1/545 433/1/545
f 433/1/545 436/1/545 437/1/545
f 433/1/545 437/1/545 424/1/545
f 424/1/545 437/1/545 438/1/545
f 424/1/545 438/1/545 426/1/545
f 425/1/545 439/1/545 47/1/545
f 47/1/545 439/1/545 440/1/545
f 47/1/545 440/1/545 429/1/545
f 429/1/545 440/1/545 441/1/545
f 429/1/545 441/1/545 427/1/545
f 442/1/545 443/1/545 430/1/545
f 430/1/545 443/1/545 444/1/545
f 430/1/545 444/1/545 432/1/545
f 59/1/546 57/1/546 445/1/546
f 55/1/547 52/1/547 446/1/547
f 49/1/548 43/1/548 447/1/548
f 446/1/549 52/1/549 49/1/549
f 448/1/550 449/1/550 450/1/550
f 450/1/551 449/1/551 447/1/551
f 450/1/552 447/1/552 451/1/552
f 57/1/553 448/1/553 445/1/553
f 445/1/554 448/1/554 450/1/554
f 445/1/554 450/1/554 452/1/554
f 452/1/555 450/1/555 451/1/555
f 452/1/555 451/1/555 453/1/555
f 447/1/556 43/1/556 451/1/556
f 451/1/557 43/1/557 42/1/557
f 451/1/558 42/1/558 453/1/558
f 453/1/558 42/1/558 44/1/558
f 453/1/559 44/1/559 46/1/559
f 449/1/560 49/1/560 447/1/560
f 57/1/561 55/1/561 448/1/561
f 448/1/562 55/1/562 446/1/562
f 448/1/563 446/1/563 449/1/563
f 449/1/564 446/1/564 49/1/564
f 59/1/546 445/1/546 454/1/546
f 454/1/565 445/1/565 452/1/565
f 454/1/565 452/1/565 455/1/565
f 455/1/566 452/1/566 453/1/566
f 455/1/566 453/1/566 456/1/566
f 456/1/567 453/1/567 46/1/567
f 456/1/568 46/1/568 48/1/568
f 457/1/498 458/1/498 459/1/498
f 460/1/498 60/1/498 59/1/498
f 461/1/498 462/1/498 463/1/498
f 463/1/498 462/1/498 464/1/498
f 463/1/498 464/1/498 459/1/498
f 459/1/498 464/1/498 465/1/498
f 459/1/498 465/1/498 457/1/498
f 460/1/498 59/1/498 466/1/498
f 59/1/498 467/1/498 466/1/498
f 466/1/498 467/1/498 468/1/498
f 466/1/498 468/1/498 469/1/498
f 469/1/498 468/1/498 470/1/498
f 469/1/498 470/1/498 471/1/498
f 471/1/498 470/1/498 472/1/498
f 471/1/498 472/1/498 473/1/498
f 472/1/498 474/1/498 473/1/498
f 473/1/498 474/1/498 475/1/498
f 473/1/498 475/1/498 476/1/498
f 476/1/498 475/1/498 477/1/498
f 476/1/498 477/1/498 478/1/498
f 478/1/498 477/1/498 479/1/498
f 479/1/498 480/1/498 478/1/498
f 478/1/498 480/1/498 481/1/498
f 478/1/498 481/1/498 482/1/498
f 482/1/498 481/1/498 483/1/498
f 482/1/498 483/1/498 484/1/498
f 483/1/498 485/1/498 484/1/498
f 484/1/498 485/1/498 486/1/498
f 484/1/498 486/1/498 487/1/498
f 487/1/498 486/1/498 488/1/498
f 487/1/498 488/1/498 489/1/498
f 489/1/498 488/1/498 490/1/498
f 489/1/498 490/1/498 465/1/498
f 465/1/498 490/1/498 491/1/498
f 465/1/498 491/1/498 457/1/498
f 93/1/569 95/1/569 492/1/569
f 93/1/570 492/1/570 493/1/570
f 493/1/571 492/1/571 494/1/571
f 493/1/572 494/1/572 495/1/572
f 496/1/573 497/1/573 498/1/573
f 498/1/574 497/1/574 495/1/574
f 498/1/575 495/1/575 499/1/575
f 499/1/576 495/1/576 494/1/576
f 496/1/577 500/1/577 497/1/577
f 497/1/578 500/1/578 501/1/578
f 497/1/579 501/1/579 502/1/579
f 502/1/580 501/1/580 503/1/580
f 502/1/581 503/1/581 504/1/581
f 504/1/582 503/1/582 505/1/582
f 505/1/583 503/1/583 506/1/583
f 505/1/584 506/1/584 507/1/584
f 507/1/585 506/1/585 508/1/585
f 507/1/586 508/1/586 509/1/586
f 509/1/587 508/1/587 510/1/587
f 509/1/588 510/1/588 511/1/588
f 511/1/589 510/1/589 512/1/589
f 511/1/590 512/1/590 513/1/590
f 512/1/591 514/1/591 513/1/591
f 513/1/592 514/1/592 515/1/592
f 513/1/593 515/1/593 516/1/593
f 515/1/594 517/1/594 516/1/594
f 516/1/595 517/1/595 518/1/595
f 516/1/596 518/1/596 519/1/596
f 519/1/597 518/1/597 520/1/597
f 519/1/598 520/1/598 521/1/598
f 521/1/599 520/1/599 522/1/599
f 521/1/600 522/1/600 523/1/600
f 246/1/601 524/1/601 235/1/601
f 235/1/602 524/1/602 525/1/602
f 235/1/603 525/1/603 236/1/603
f 236/1/604 525/1/604 526/1/604
f 236/1/605 526/1/605 238/1/605
f 238/1/606 526/1/606 527/1/606
f 238/1/607 527/1/607 239/1/607
f 239/1/608 527/1/608 528/1/608
f 239/1/609 528/1/609 240/1/609
f 529/1/610 530/1/610 531/1/610
f 532/1/611 533/1/611 534/1/611
f 534/1/612 533/1/612 535/1/612
f 534/1/613 535/1/613 536/1/613
f 537/1/614 538/1/614 539/1/614
f 539/1/615 538/1/615 540/1/615
f 539/1/616 540/1/616 541/1/616
f 541/1/617 540/1/617 519/1/617
f 519/1/618 540/1/618 542/1/618
f 519/1/619 542/1/619 516/1/619
f 516/1/620 542/1/620 543/1/620
f 516/1/621 543/1/621 513/1/621
f 513/1/622 543/1/622 544/1/622
f 513/1/623 544/1/623 511/1/623
f 511/1/624 544/1/624 509/1/624
f 509/1/625 544/1/625 545/1/625
f 509/1/626 545/1/626 507/1/626
f 507/1/627 545/1/627 546/1/627
f 507/1/628 546/1/628 505/1/628
f 547/1/629 497/1/629 502/1/629
f 547/1/630 502/1/630 546/1/630
f 546/1/631 502/1/631 504/1/631
f 546/1/632 504/1/632 505/1/632
f 548/1/633 200/1/633 292/1/633
f 201/1/634 200/1/634 549/1/634
f 549/1/635 200/1/635 548/1/635
f 549/1/636 548/1/636 550/1/636
f 551/1/637 552/1/637 272/1/637
f 552/1/638 553/1/638 272/1/638
f 272/1/639 553/1/639 554/1/639
f 272/1/640 554/1/640 195/1/640
f 529/1/641 531/1/641 555/1/641
f 556/1/642 557/1/642 558/1/642
f 558/1/643 557/1/643 559/1/643
f 558/1/644 559/1/644 560/1/644
f 538/1/645 561/1/645 540/1/645
f 540/1/646 561/1/646 562/1/646
f 540/1/647 562/1/647 542/1/647
f 542/1/648 562/1/648 563/1/648
f 542/1/649 563/1/649 543/1/649
f 543/1/650 563/1/650 564/1/650
f 543/1/651 564/1/651 544/1/651
f 544/1/652 564/1/652 565/1/652
f 544/1/653 565/1/653 545/1/653
f 495/1/654 497/1/654 566/1/654
f 566/1/655 497/1/655 547/1/655
f 566/1/656 547/1/656 567/1/656
f 567/1/657 547/1/657 546/1/657
f 567/1/658 546/1/658 568/1/658
f 568/1/659 546/1/659 545/1/659
f 555/1/660 551/1/660 529/1/660
f 529/1/661 551/1/661 272/1/661
f 529/1/662 272/1/662 530/1/662
f 530/1/663 272/1/663 201/1/663
f 530/1/664 201/1/664 531/1/664
f 531/1/665 201/1/665 549/1/665
f 531/1/666 549/1/666 569/1/666
f 569/1/667 549/1/667 550/1/667
f 569/1/668 550/1/668 570/1/668
f 571/1/669 572/1/669 573/1/669
f 573/1/670 572/1/670 570/1/670
f 573/1/671 570/1/671 574/1/671
f 574/1/672 570/1/672 550/1/672
f 574/1/673 550/1/673 575/1/673
f 575/1/674 550/1/674 548/1/674
f 575/1/675 548/1/675 576/1/675
f 576/1/676 548/1/676 292/1/676
f 576/1/677 292/1/677 493/1/677
f 493/1/678 292/1/678 93/1/678
f 565/1/679 571/1/679 545/1/679
f 545/1/680 571/1/680 573/1/680
f 545/1/681 573/1/681 568/1/681
f 568/1/682 573/1/682 574/1/682
f 568/1/683 574/1/683 567/1/683
f 567/1/684 574/1/684 575/1/684
f 567/1/685 575/1/685 566/1/685
f 566/1/686 575/1/686 576/1/686
f 566/1/687 576/1/687 495/1/687
f 495/1/688 576/1/688 493/1/688
f 577/1/689 578/1/689 579/1/689
f 580/1/690 556/1/690 581/1/690
f 581/1/691 556/1/691 558/1/691
f 581/1/692 558/1/692 582/1/692
f 582/1/693 558/1/693 577/1/693
f 582/1/694 577/1/694 583/1/694
f 583/1/695 577/1/695 579/1/695
f 584/1/696 585/1/696 586/1/696
f 586/1/697 585/1/697 587/1/697
f 532/1/698 588/1/698 533/1/698
f 533/1/699 588/1/699 589/1/699
f 533/1/700 589/1/700 590/1/700
f 590/1/701 589/1/701 591/1/701
f 590/1/702 591/1/702 592/1/702
f 592/1/703 591/1/703 593/1/703
f 592/1/704 593/1/704 594/1/704
f 594/1/705 593/1/705 595/1/705
f 594/1/706 595/1/706 587/1/706
f 587/1/707 595/1/707 596/1/707
f 587/1/708 596/1/708 586/1/708
f 584/1/709 597/1/709 585/1/709
f 585/1/710 597/1/710 598/1/710
f 585/1/711 598/1/711 578/1/711
f 578/1/712 598/1/712 599/1/712
f 578/1/713 599/1/713 579/1/713
f 560/1/714 555/1/714 558/1/714
f 558/1/715 555/1/715 531/1/715
f 558/1/716 531/1/716 577/1/716
f 577/1/717 531/1/717 569/1/717
f 577/1/718 569/1/718 578/1/718
f 578/1/719 569/1/719 570/1/719
f 578/1/720 570/1/720 585/1/720
f 585/1/721 570/1/721 572/1/721
f 585/1/722 572/1/722 587/1/722
f 587/1/723 572/1/723 571/1/723
f 587/1/724 571/1/724 594/1/724
f 594/1/725 571/1/725 565/1/725
f 594/1/726 565/1/726 592/1/726
f 592/1/727 565/1/727 564/1/727
f 592/1/728 564/1/728 590/1/728
f 590/1/729 564/1/729 563/1/729
f 590/1/730 563/1/730 533/1/730
f 533/1/731 563/1/731 562/1/731
f 533/1/732 562/1/732 535/1/732
f 535/1/733 562/1/733 561/1/733
f 600/1/734 601/1/734 602/1/734
f 603/1/735 604/1/735 605/1/735
f 606/1/736 607/1/736 608/1/736
f 609/1/737 610/1/737 611/1/737
f 612/1/738 160/1/738 159/1/738
f 613/1/739 614/1/739 615/1/739
f 616/1/740 617/1/740 618/1/740
f 619/1/741 620/1/741 621/1/741
f 622/1/742 623/1/742 620/1/742
f 624/1/743 625/1/743 620/1/743
f 626/1/744 627/1/744 620/1/744
f 620/1/745 627/1/745 628/1/745
f 620/1/746 628/1/746 624/1/746
f 619/1/747 629/1/747 620/1/747
f 620/1/748 629/1/748 630/1/748
f 620/1/749 630/1/749 626/1/749
f 625/1/750 631/1/750 620/1/750
f 620/1/751 631/1/751 632/1/751
f 620/1/752 632/1/752 622/1/752
f 621/1/753 633/1/753 634/1/753
f 634/1/754 635/1/754 621/1/754
f 621/1/755 635/1/755 636/1/755
f 621/1/756 636/1/756 619/1/756
f 619/1/757 636/1/757 637/1/757
f 619/1/758 637/1/758 638/1/758
f 639/1/759 640/1/759 641/1/759
f 642/1/760 643/1/760 644/1/760
f 644/1/761 643/1/761 645/1/761
f 646/1/762 647/1/762 648/1/762
f 648/1/763 647/1/763 649/1/763
f 648/1/764 649/1/764 650/1/764
f 650/1/765 649/1/765 651/1/765
f 650/1/766 651/1/766 652/1/766
f 652/1/767 653/1/767 650/1/767
f 650/1/768 653/1/768 654/1/768
f 650/1/769 654/1/769 642/1/769
f 642/1/770 654/1/770 655/1/770
f 642/1/771 655/1/771 643/1/771
f 618/1/772 617/1/772 650/1/772
f 650/1/773 617/1/773 656/1/773
f 650/1/774 656/1/774 648/1/774
f 616/1/775 618/1/775 657/1/775
f 657/1/776 618/1/776 658/1/776
f 657/1/777 658/1/777 659/1/777
f 659/1/778 658/1/778 660/1/778
f 659/1/779 660/1/779 661/1/779
f 661/1/780 660/1/780 662/1/780
f 661/1/781 662/1/781 663/1/781
f 664/1/782 665/1/782 666/1/782
f 665/1/783 664/1/783 667/1/783
f 668/1/784 669/1/784 664/1/784
f 664/1/785 669/1/785 670/1/785
f 664/1/786 670/1/786 667/1/786
f 671/1/787 672/1/787 673/1/787
f 673/1/788 672/1/788 674/1/788
f 673/1/789 674/1/789 675/1/789
f 191/1/790 676/1/790 677/1/790
f 677/1/791 676/1/791 678/1/791
f 677/1/792 678/1/792 679/1/792
f 679/1/793 680/1/793 677/1/793
f 677/1/794 680/1/794 681/1/794
f 677/1/795 681/1/795 682/1/795
f 683/1/796 684/1/796 677/1/796
f 677/1/797 684/1/797 685/1/797
f 685/1/798 686/1/798 677/1/798
f 677/1/799 686/1/799 687/1/799
f 677/1/800 687/1/800 191/1/800
f 687/1/801 688/1/801 191/1/801
f 191/1/802 688/1/802 689/1/802
f 191/1/803 689/1/803 180/1/803
f 180/1/804 689/1/804 690/1/804
f 180/1/805 690/1/805 178/1/805
f 691/1/806 692/1/806 693/1/806
f 693/1/807 692/1/807 694/1/807
f 693/1/808 694/1/808 677/1/808
f 677/1/809 694/1/809 695/1/809
f 677/1/810 695/1/810 683/1/810
f 696/1/811 697/1/811 698/1/811
f 698/1/812 697/1/812 699/1/812
f 698/1/813 699/1/813 700/1/813
f 700/1/814 701/1/814 698/1/814
f 698/1/815 701/1/815 702/1/815
f 698/1/816 702/1/816 703/1/816
f 704/1/817 705/1/817 698/1/817
f 698/1/818 705/1/818 706/1/818
f 706/1/819 612/1/819 698/1/819
f 698/1/820 612/1/820 159/1/820
f 698/1/821 159/1/821 696/1/821
f 696/1/822 159/1/822 168/1/822
f 603/1/823 605/1/823 707/1/823
f 623/1/824 708/1/824 620/1/824
f 620/1/825 708/1/825 709/1/825
f 620/1/826 709/1/826 602/1/826
f 602/1/827 709/1/827 710/1/827
f 602/1/828 710/1/828 600/1/828
f 711/1/829 707/1/829 712/1/829
f 712/1/830 707/1/830 605/1/830
f 712/1/831 605/1/831 713/1/831
f 713/1/832 605/1/832 714/1/832
f 713/1/833 714/1/833 715/1/833
f 715/1/834 714/1/834 716/1/834
f 715/1/835 621/1/835 713/1/835
f 713/1/836 621/1/836 620/1/836
f 713/1/837 620/1/837 712/1/837
f 712/1/838 620/1/838 602/1/838
f 712/1/839 602/1/839 711/1/839
f 711/1/840 602/1/840 601/1/840
f 717/1/841 718/1/841 719/1/841
f 717/1/842 719/1/842 720/1/842
f 720/1/843 719/1/843 721/1/843
f 720/1/844 721/1/844 722/1/844
f 722/1/845 721/1/845 723/1/845
f 722/1/846 723/1/846 639/1/846
f 639/1/847 723/1/847 724/1/847
f 639/1/848 724/1/848 640/1/848
f 725/1/849 726/1/849 727/1/849
f 727/1/850 726/1/850 728/1/850
f 727/1/851 728/1/851 729/1/851
f 729/1/852 728/1/852 730/1/852
f 729/1/853 730/1/853 731/1/853
f 731/1/854 730/1/854 732/1/854
f 731/1/855 732/1/855 733/1/855
f 734/1/856 725/1/856 735/1/856
f 735/1/857 725/1/857 727/1/857
f 735/1/858 727/1/858 736/1/858
f 736/1/859 727/1/859 729/1/859
f 736/1/860 729/1/860 737/1/860
f 737/1/861 729/1/861 731/1/861
f 737/1/862 731/1/862 738/1/862
f 738/1/863 731/1/863 733/1/863
f 738/1/864 733/1/864 739/1/864
f 740/1/865 741/1/865 742/1/865
f 742/1/866 741/1/866 743/1/866
f 742/1/867 743/1/867 744/1/867
f 744/1/868 743/1/868 745/1/868
f 744/1/869 745/1/869 746/1/869
f 746/1/870 745/1/870 615/1/870
f 746/1/871 615/1/871 747/1/871
f 747/1/872 615/1/872 614/1/872
f 644/1/873 734/1/873 642/1/873
f 642/1/874 734/1/874 735/1/874
f 642/1/875 735/1/875 650/1/875
f 650/1/876 735/1/876 736/1/876
f 650/1/877 736/1/877 618/1/877
f 618/1/878 736/1/878 737/1/878
f 618/1/879 737/1/879 658/1/879
f 658/1/880 737/1/880 738/1/880
f 658/1/881 738/1/881 660/1/881
f 660/1/882 738/1/882 739/1/882
f 660/1/883 739/1/883 662/1/883
f 703/1/884 748/1/884 698/1/884
f 698/1/885 748/1/885 749/1/885
f 698/1/886 749/1/886 750/1/886
f 750/1/887 749/1/887 751/1/887
f 750/1/888 751/1/888 752/1/888
f 752/1/889 751/1/889 691/1/889
f 752/1/890 691/1/890 753/1/890
f 753/1/891 691/1/891 693/1/891
f 753/1/892 693/1/892 754/1/892
f 754/1/893 693/1/893 677/1/893
f 754/1/894 677/1/894 755/1/894
f 755/1/895 677/1/895 682/1/895
f 755/1/896 682/1/896 671/1/896
f 671/1/897 682/1/897 756/1/897
f 671/1/898 756/1/898 672/1/898
f 757/1/899 758/1/899 668/1/899
f 740/1/900 759/1/900 741/1/900
f 741/1/901 759/1/901 757/1/901
f 741/1/902 757/1/902 743/1/902
f 743/1/903 757/1/903 668/1/903
f 743/1/904 668/1/904 745/1/904
f 745/1/905 668/1/905 664/1/905
f 745/1/906 664/1/906 615/1/906
f 615/1/907 664/1/907 666/1/907
f 615/1/908 666/1/908 613/1/908
f 607/1/909 760/1/909 608/1/909
f 608/1/910 760/1/910 609/1/910
f 608/1/911 609/1/911 761/1/911
f 761/1/912 609/1/912 611/1/912
f 761/1/913 611/1/913 762/1/913
f 763/1/914 764/1/914 765/1/914
f 765/1/915 764/1/915 766/1/915
f 765/1/916 766/1/916 767/1/916
f 767/1/917 766/1/917 768/1/917
f 611/1/918 768/1/918 762/1/918
f 762/1/919 768/1/919 766/1/919
f 762/1/920 766/1/920 769/1/920
f 769/1/921 766/1/921 764/1/921
f 769/1/922 764/1/922 770/1/922
f 770/1/923 764/1/923 763/1/923
f 770/1/924 763/1/924 771/1/924
f 771/1/925 763/1/925 759/1/925
f 771/1/926 759/1/926 772/1/926
f 772/1/927 759/1/927 740/1/927
f 772/1/928 740/1/928 773/1/928
f 773/1/929 740/1/929 742/1/929
f 773/1/930 742/1/930 774/1/930
f 774/1/931 742/1/931 744/1/931
f 774/1/932 744/1/932 775/1/932
f 775/1/933 744/1/933 746/1/933
f 775/1/934 746/1/934 776/1/934
f 776/1/935 746/1/935 747/1/935
f 777/1/936 718/1/936 778/1/936
f 778/1/937 718/1/937 717/1/937
f 778/1/938 717/1/938 716/1/938
f 716/1/939 717/1/939 720/1/939
f 716/1/940 720/1/940 715/1/940
f 715/1/941 720/1/941 722/1/941
f 715/1/942 722/1/942 621/1/942
f 621/1/943 722/1/943 639/1/943
f 621/1/944 639/1/944 633/1/944
f 633/1/945 639/1/945 641/1/945
f 633/1/946 641/1/946 634/1/946
f 604/1/947 606/1/947 605/1/947
f 605/1/948 606/1/948 608/1/948
f 605/1/949 608/1/949 714/1/949
f 714/1/950 608/1/950 761/1/950
f 714/1/951 761/1/951 716/1/951
f 716/1/952 761/1/952 762/1/952
f 716/1/953 762/1/953 778/1/953
f 778/1/954 762/1/954 769/1/954
f 778/1/955 769/1/955 777/1/955
f 777/1/956 769/1/956 770/1/956
f 777/1/957 770/1/957 779/1/957
f 779/1/958 770/1/958 771/1/958
f 610/1/959 704/1/959 611/1/959
f 611/1/960 704/1/960 698/1/960
f 611/1/961 698/1/961 768/1/961
f 768/1/962 698/1/962 750/1/962
f 768/1/963 750/1/963 767/1/963
f 767/1/964 750/1/964 752/1/964
f 767/1/965 752/1/965 765/1/965
f 765/1/966 752/1/966 753/1/966
f 765/1/967 753/1/967 763/1/967
f 763/1/968 753/1/968 754/1/968
f 763/1/969 754/1/969 759/1/969
f 759/1/970 754/1/970 755/1/970
f 759/1/971 755/1/971 757/1/971
f 757/1/972 755/1/972 671/1/972
f 757/1/973 671/1/973 758/1/973
f 758/1/974 671/1/974 673/1/974
f 758/1/975 673/1/975 668/1/975
f 668/1/976 673/1/976 780/1/976
f 668/1/977 780/1/977 669/1/977
f 776/1/978 663/1/978 775/1/978
f 775/1/979 663/1/979 662/1/979
f 775/1/980 662/1/980 774/1/980
f 774/1/981 662/1/981 739/1/981
f 774/1/982 739/1/982 773/1/982
f 773/1/983 739/1/983 733/1/983
f 773/1/984 733/1/984 772/1/984
f 772/1/985 733/1/985 732/1/985
f 772/1/986 732/1/986 771/1/986
f 771/1/987 732/1/987 730/1/987
f 771/1/988 730/1/988 779/1/988
f 779/1/989 730/1/989 728/1/989
f 779/1/990 728/1/990 777/1/990
f 777/1/991 728/1/991 726/1/991
f 777/1/992 726/1/992 718/1/992
f 718/1/993 726/1/993 725/1/993
f 718/1/994 725/1/994 719/1/994
f 719/1/995 725/1/995 734/1/995
f 719/1/996 734/1/996 721/1/996
f 721/1/997 734/1/997 644/1/997
f 721/1/998 644/1/998 723/1/998
f 723/1/999 644/1/999 645/1/999
f 723/1/1000 645/1/1000 724/1/1000
f 181/1/1001 781/1/1001 183/1/1001
f 183/1/1002 781/1/1002 782/1/1002
f 183/1/1003 782/1/1003 184/1/1003
f 184/1/1004 782/1/1004 185/1/1004
f 782/1/1005 783/1/1005 185/1/1005
f 185/1/1006 783/1/1006 784/1/1006
f 185/1/1007 784/1/1007 186/1/1007
f 186/1/1008 784/1/1008 785/1/1008
f 186/1/1009 785/1/1009 177/1/1009
f 786/1/14 787/1/14 788/1/14
f 788/1/14 787/1/14 169/1/14
f 788/1/14 169/1/14 789/1/14
f 789/1/14 169/1/14 790/1/14
f 176/1/14 177/1/14 785/1/14
f 176/1/14 785/1/14 174/1/14
f 174/1/14 785/1/14 171/1/14
f 171/1/14 785/1/14 791/1/14
f 171/1/14 791/1/14 169/1/14
f 169/1/14 791/1/14 792/1/14
f 169/1/14 792/1/14 790/1/14
f 164/1/1010 163/1/1010 793/1/1010
f 793/1/1011 163/1/1011 162/1/1011
f 793/1/1012 162/1/1012 787/1/1012
f 787/1/1013 162/1/1013 161/1/1013
f 787/1/1014 161/1/1014 169/1/1014
f 793/1/1015 794/1/1015 164/1/1015
f 164/1/1016 794/1/1016 795/1/1016
f 164/1/1017 795/1/1017 165/1/1017
f 165/1/1018 795/1/1018 796/1/1018
f 165/1/1019 796/1/1019 166/1/1019
f 160/1/1020 612/1/1020 797/1/1020
f 798/1/1021 149/1/1021 442/1/1021
f 442/1/1022 149/1/1022 799/1/1022
f 432/1/1023 444/1/1023 800/1/1023
f 800/1/1024 444/1/1024 443/1/1024
f 800/1/1025 443/1/1025 801/1/1025
f 431/1/1026 432/1/1026 802/1/1026
f 802/1/1027 432/1/1027 800/1/1027
f 802/1/1028 800/1/1028 803/1/1028
f 803/1/1029 800/1/1029 801/1/1029
f 803/1/1030 801/1/1030 804/1/1030
f 804/1/1031 801/1/1031 805/1/1031
f 806/1/1032 807/1/1032 808/1/1032
f 807/1/1033 809/1/1033 808/1/1033
f 808/1/1034 809/1/1034 797/1/1034
f 808/1/1035 797/1/1035 810/1/1035
f 160/1/1036 797/1/1036 158/1/1036
f 811/1/1037 269/1/1037 812/1/1037
f 812/1/1038 269/1/1038 262/1/1038
f 812/1/1039 262/1/1039 813/1/1039
f 813/1/1040 262/1/1040 156/1/1040
f 813/1/1041 156/1/1041 814/1/1041
f 814/1/1042 156/1/1042 158/1/1042
f 814/1/1043 158/1/1043 815/1/1043
f 152/1/1044 816/1/1044 153/1/1044
f 153/1/1045 816/1/1045 817/1/1045
f 153/1/1046 817/1/1046 154/1/1046
f 154/1/1047 817/1/1047 818/1/1047
f 154/1/1048 818/1/1048 155/1/1048
f 155/1/1049 818/1/1049 819/1/1049
f 155/1/1050 819/1/1050 105/1/1050
f 158/1/1051 797/1/1051 815/1/1051
f 815/1/1052 797/1/1052 809/1/1052
f 815/1/1053 809/1/1053 814/1/1053
f 814/1/1054 809/1/1054 807/1/1054
f 814/1/1055 807/1/1055 813/1/1055
f 813/1/1056 807/1/1056 806/1/1056
f 813/1/1057 806/1/1057 812/1/1057
f 812/1/1058 806/1/1058 820/1/1058
f 812/1/1059 820/1/1059 811/1/1059
f 811/1/1060 820/1/1060 821/1/1060
f 811/1/1061 821/1/1061 822/1/1061
f 808/1/1062 823/1/1062 806/1/1062
f 806/1/1063 823/1/1063 824/1/1063
f 806/1/1064 824/1/1064 820/1/1064
f 820/1/1065 824/1/1065 825/1/1065
f 820/1/1066 825/1/1066 821/1/1066
f 821/1/1067 825/1/1067 826/1/1067
f 821/1/1068 826/1/1068 822/1/1068
f 822/1/1069 826/1/1069 827/1/1069
f 822/1/1070 827/1/1070 828/1/1070
f 828/1/1071 827/1/1071 805/1/1071
f 828/1/1072 805/1/1072 829/1/1072
f 829/1/1073 805/1/1073 801/1/1073
f 829/1/1074 801/1/1074 799/1/1074
f 799/1/1075 801/1/1075 443/1/1075
f 799/1/1076 443/1/1076 442/1/1076
f 149/1/1077 105/1/1077 799/1/1077
f 799/1/1078 105/1/1078 819/1/1078
f 799/1/1079 819/1/1079 829/1/1079
f 829/1/1080 819/1/1080 818/1/1080
f 829/1/1081 818/1/1081 828/1/1081
f 828/1/1082 818/1/1082 817/1/1082
f 828/1/1083 817/1/1083 822/1/1083
f 822/1/1084 817/1/1084 816/1/1084
f 822/1/1085 816/1/1085 811/1/1085
f 811/1/1086 816/1/1086 152/1/1086
f 811/1/1087 152/1/1087 269/1/1087
f 144/1/1088 143/1/1088 145/1/1088
f 145/1/1089 143/1/1089 830/1/1089
f 145/1/1090 830/1/1090 831/1/1090
f 831/1/1091 830/1/1091 832/1/1091
f 831/1/1092 832/1/1092 833/1/1092
f 833/1/1093 832/1/1093 834/1/1093
f 833/1/1094 834/1/1094 835/1/1094
f 835/1/1095 834/1/1095 379/1/1095
f 835/1/1096 379/1/1096 380/1/1096
f 143/1/1097 142/1/1097 830/1/1097
f 830/1/1098 142/1/1098 836/1/1098
f 830/1/1099 836/1/1099 832/1/1099
f 832/1/1100 836/1/1100 837/1/1100
f 832/1/1101 837/1/1101 834/1/1101
f 834/1/1102 837/1/1102 838/1/1102
f 834/1/1103 838/1/1103 379/1/1103
f 379/1/1104 838/1/1104 381/1/1104
f 835/1/1105 380/1/1105 134/1/1105
f 133/1/1106 145/1/1106 831/1/1106
f 133/1/1107 831/1/1107 134/1/1107
f 134/1/1108 831/1/1108 833/1/1108
f 134/1/1108 833/1/1108 835/1/1108
f 375/1/1109 373/1/1109 839/1/1109
f 839/1/1110 373/1/1110 120/1/1110
f 839/1/1111 120/1/1111 840/1/1111
f 840/1/1112 120/1/1112 841/1/1112
f 840/1/1113 841/1/1113 842/1/1113
f 842/1/1114 841/1/1114 126/1/1114
f 842/1/1115 126/1/1115 843/1/1115
f 843/1/1116 126/1/1116 132/1/1116
f 843/1/1117 132/1/1117 130/1/1117
f 111/1/1118 374/1/1118 112/1/1118
f 112/1/1119 374/1/1119 844/1/1119
f 112/1/1120 844/1/1120 114/1/1120
f 845/1/1121 108/1/1121 844/1/1121
f 844/1/1122 108/1/1122 115/1/1122
f 844/1/1123 115/1/1123 114/1/1123
f 846/1/1124 242/1/1124 845/1/1124
f 845/1/1125 242/1/1125 109/1/1125
f 845/1/1126 109/1/1126 108/1/1126
f 846/1/1127 847/1/1127 242/1/1127
f 242/1/1128 847/1/1128 848/1/1128
f 242/1/1129 848/1/1129 243/1/1129
f 360/1/1130 849/1/1130 362/1/1130
f 362/1/1130 849/1/1130 850/1/1130
f 850/1/1131 849/1/1131 851/1/1131
f 851/1/1131 849/1/1131 852/1/1131
f 851/1/1132 852/1/1132 853/1/1132
f 853/1/1132 852/1/1132 854/1/1132
f 853/1/1133 854/1/1133 855/1/1133
f 855/1/1134 854/1/1134 856/1/1134
f 855/1/1135 856/1/1135 857/1/1135
f 856/1/1135 858/1/1135 857/1/1135
f 857/1/1136 858/1/1136 859/1/1136
f 857/1/1136 859/1/1136 860/1/1136
f 368/1/1137 366/1/1137 861/1/1137
f 362/1/1138 862/1/1138 364/1/1138
f 863/1/1139 862/1/1139 362/1/1139
f 851/1/1140 864/1/1140 850/1/1140
f 850/1/1141 864/1/1141 362/1/1141
f 863/1/1142 362/1/1142 864/1/1142
f 851/1/1143 865/1/1143 864/1/1143
f 864/1/1144 865/1/1144 866/1/1144
f 864/1/1144 866/1/1144 863/1/1144
f 863/1/1145 866/1/1145 861/1/1145
f 863/1/1145 861/1/1145 862/1/1145
f 862/1/1146 861/1/1146 366/1/1146
f 862/1/1146 366/1/1146 364/1/1146
f 851/1/1147 853/1/1147 865/1/1147
f 865/1/1148 853/1/1148 855/1/1148
f 865/1/1149 855/1/1149 857/1/1149
f 368/1/1137 861/1/1137 867/1/1137
f 867/1/1150 861/1/1150 866/1/1150
f 867/1/1150 866/1/1150 868/1/1150
f 868/1/1151 866/1/1151 865/1/1151
f 868/1/1151 865/1/1151 869/1/1151
f 869/1/1152 865/1/1152 857/1/1152
f 869/1/1153 857/1/1153 860/1/1153
f 374/1/1154 368/1/1154 867/1/1154
f 374/1/1154 867/1/1154 870/1/1154
f 870/1/40 867/1/40 868/1/40
f 870/1/40 868/1/40 871/1/40
f 871/1/1155 868/1/1155 869/1/1155
f 871/1/1155 869/1/1155 872/1/1155
f 872/1/1156 869/1/1156 860/1/1156
f 872/1/1156 860/1/1156 873/1/1156
f 429/1/1157 433/1/1157 874/1/1157
f 874/1/1158 433/1/1158 875/1/1158
f 876/1/1159 877/1/1159 875/1/1159
f 875/1/1160 877/1/1160 878/1/1160
f 878/1/1161 879/1/1161 875/1/1161
f 875/1/1162 879/1/1162 880/1/1162
f 875/1/1163 880/1/1163 874/1/1163
f 881/1/1164 382/1/1164 381/1/1164
f 381/1/1165 882/1/1165 881/1/1165
f 881/1/1166 882/1/1166 883/1/1166
f 881/1/1167 883/1/1167 876/1/1167
f 876/1/1168 883/1/1168 884/1/1168
f 876/1/1169 884/1/1169 877/1/1169
f 383/1/1170 382/1/1170 881/1/1170
f 386/1/1171 383/1/1171 885/1/1171
f 885/1/1171 383/1/1171 886/1/1171
f 885/1/1172 886/1/1172 887/1/1172
f 887/1/1172 886/1/1172 888/1/1172
f 887/1/1173 888/1/1173 889/1/1173
f 889/1/1173 888/1/1173 890/1/1173
f 889/1/1174 890/1/1174 891/1/1174
f 891/1/1174 890/1/1174 892/1/1174
f 383/1/1175 881/1/1175 886/1/1175
f 886/1/1176 881/1/1176 876/1/1176
f 886/1/1177 876/1/1177 888/1/1177
f 888/1/1178 876/1/1178 875/1/1178
f 888/1/1179 875/1/1179 890/1/1179
f 890/1/1180 875/1/1180 433/1/1180
f 890/1/1181 433/1/1181 892/1/1181
f 891/1/1182 893/1/1182 894/1/1182
f 891/1/1182 894/1/1182 889/1/1182
f 889/1/1183 894/1/1183 895/1/1183
f 889/1/1184 895/1/1184 887/1/1184
f 887/1/1185 895/1/1185 896/1/1185
f 887/1/1186 896/1/1186 885/1/1186
f 885/1/1187 896/1/1187 385/1/1187
f 885/1/1187 385/1/1187 386/1/1187
f 3/1/1188 384/1/1188 897/1/1188
f 3/1/1189 897/1/1189 393/1/1189
f 393/1/1190 897/1/1190 898/1/1190
f 393/1/1191 898/1/1191 394/1/1191
f 394/1/1192 898/1/1192 395/1/1192
f 395/1/1193 898/1/1193 899/1/1193
f 395/1/1194 899/1/1194 396/1/1194
f 396/1/1195 899/1/1195 900/1/1195
f 396/1/1195 900/1/1195 400/1/1195
f 384/1/1196 385/1/1196 897/1/1196
f 897/1/1197 385/1/1197 896/1/1197
f 897/1/1198 896/1/1198 898/1/1198
f 898/1/1198 896/1/1198 895/1/1198
f 898/1/1199 895/1/1199 899/1/1199
f 899/1/1200 895/1/1200 894/1/1200
f 899/1/1201 894/1/1201 900/1/1201
f 900/1/1201 894/1/1201 893/1/1201
f 402/1/1202 400/1/1202 900/1/1202
f 402/1/1202 900/1/1202 901/1/1202
f 901/1/1203 900/1/1203 893/1/1203
f 901/1/1203 893/1/1203 902/1/1203
f 903/1/1204 904/1/1204 905/1/1204
f 906/1/1205 907/1/1205 908/1/1205
f 908/1/1206 907/1/1206 909/1/1206
f 903/1/1207 905/1/1207 910/1/1207
f 910/1/1208 905/1/1208 911/1/1208
f 910/1/1209 911/1/1209 912/1/1209
f 912/1/1210 911/1/1210 913/1/1210
f 912/1/1211 913/1/1211 909/1/1211
f 909/1/1212 913/1/1212 914/1/1212
f 909/1/1213 914/1/1213 908/1/1213
f 915/1/1214 916/1/1214 917/1/1214
f 917/1/1215 916/1/1215 918/1/1215
f 917/1/1216 918/1/1216 919/1/1216
f 919/1/1217 918/1/1217 920/1/1217
f 919/1/1218 920/1/1218 921/1/1218
f 921/1/1218 920/1/1218 922/1/1218
f 921/1/1219 922/1/1219 906/1/1219
f 906/1/1219 922/1/1219 923/1/1219
f 906/1/1220 923/1/1220 907/1/1220
f 421/1/1221 422/1/1221 924/1/1221
f 924/1/1222 422/1/1222 925/1/1222
f 924/1/1223 925/1/1223 915/1/1223
f 915/1/1224 925/1/1224 926/1/1224
f 915/1/1225 926/1/1225 916/1/1225
f 927/1/498 461/1/498 463/1/498
f 927/1/498 463/1/498 928/1/498
f 928/1/498 463/1/498 459/1/498
f 928/1/498 459/1/498 458/1/498
f 929/1/1226 930/1/1226 931/1/1226
f 931/1/1227 930/1/1227 932/1/1227
f 931/1/1228 932/1/1228 933/1/1228
f 933/1/1229 932/1/1229 934/1/1229
f 934/1/1230 932/1/1230 935/1/1230
f 934/1/1231 935/1/1231 936/1/1231
f 936/1/1232 935/1/1232 937/1/1232
f 936/1/1233 937/1/1233 938/1/1233
f 938/1/1234 937/1/1234 458/1/1234
f 938/1/1235 458/1/1235 457/1/1235
f 931/1/1236 933/1/1236 939/1/1236
f 934/1/1237 936/1/1237 940/1/1237
f 940/1/1238 936/1/1238 938/1/1238
f 931/1/1239 939/1/1239 929/1/1239
f 929/1/1240 939/1/1240 941/1/1240
f 941/1/1241 939/1/1241 942/1/1241
f 941/1/1241 942/1/1241 943/1/1241
f 943/1/1242 942/1/1242 944/1/1242
f 943/1/1242 944/1/1242 945/1/1242
f 945/1/1243 944/1/1243 946/1/1243
f 946/1/1244 944/1/1244 947/1/1244
f 946/1/1245 947/1/1245 948/1/1245
f 948/1/1246 947/1/1246 949/1/1246
f 949/1/1247 947/1/1247 950/1/1247
f 949/1/1248 950/1/1248 951/1/1248
f 951/1/1249 950/1/1249 952/1/1249
f 951/1/1249 952/1/1249 953/1/1249
f 953/1/1250 952/1/1250 954/1/1250
f 954/1/1251 952/1/1251 955/1/1251
f 954/1/1252 955/1/1252 956/1/1252
f 905/1/1253 956/1/1253 957/1/1253
f 957/1/1253 956/1/1253 955/1/1253
f 957/1/1254 955/1/1254 958/1/1254
f 959/1/1255 958/1/1255 960/1/1255
f 481/1/1256 480/1/1256 959/1/1256
f 959/1/1257 961/1/1257 481/1/1257
f 481/1/1258 961/1/1258 962/1/1258
f 481/1/1258 962/1/1258 483/1/1258
f 483/1/1259 962/1/1259 963/1/1259
f 483/1/1260 963/1/1260 485/1/1260
f 485/1/1261 963/1/1261 964/1/1261
f 485/1/1261 964/1/1261 486/1/1261
f 486/1/1262 964/1/1262 965/1/1262
f 486/1/1262 965/1/1262 488/1/1262
f 488/1/1263 965/1/1263 966/1/1263
f 488/1/1263 966/1/1263 490/1/1263
f 490/1/1264 966/1/1264 967/1/1264
f 490/1/1264 967/1/1264 491/1/1264
f 491/1/1265 967/1/1265 457/1/1265
f 959/1/1255 960/1/1255 961/1/1255
f 961/1/1266 960/1/1266 968/1/1266
f 961/1/1266 968/1/1266 962/1/1266
f 962/1/1267 968/1/1267 969/1/1267
f 962/1/1267 969/1/1267 963/1/1267
f 963/1/1268 969/1/1268 970/1/1268
f 963/1/1268 970/1/1268 964/1/1268
f 964/1/1269 970/1/1269 971/1/1269
f 964/1/1269 971/1/1269 965/1/1269
f 965/1/1270 971/1/1270 972/1/1270
f 965/1/1271 972/1/1271 966/1/1271
f 966/1/1272 972/1/1272 940/1/1272
f 966/1/1272 940/1/1272 967/1/1272
f 967/1/1273 940/1/1273 938/1/1273
f 967/1/1274 938/1/1274 457/1/1274
f 958/1/1254 955/1/1254 960/1/1254
f 960/1/1275 955/1/1275 952/1/1275
f 960/1/1276 952/1/1276 968/1/1276
f 968/1/1277 952/1/1277 950/1/1277
f 968/1/1277 950/1/1277 969/1/1277
f 969/1/1278 950/1/1278 947/1/1278
f 969/1/1278 947/1/1278 970/1/1278
f 970/1/1279 947/1/1279 944/1/1279
f 970/1/1280 944/1/1280 971/1/1280
f 971/1/1281 944/1/1281 942/1/1281
f 971/1/1282 942/1/1282 972/1/1282
f 972/1/1283 942/1/1283 939/1/1283
f 972/1/1283 939/1/1283 940/1/1283
f 940/1/1284 939/1/1284 933/1/1284
f 940/1/1285 933/1/1285 934/1/1285
f 973/1/1286 974/1/1286 975/1/1286
f 976/1/1287 977/1/1287 978/1/1287
f 979/1/1288 980/1/1288 981/1/1288
f 982/1/1289 983/1/1289 984/1/1289
f 496/1/1290 498/1/1290 985/1/1290
f 95/1/1291 986/1/1291 492/1/1291
f 492/1/1292 986/1/1292 987/1/1292
f 492/1/1293 987/1/1293 494/1/1293
f 988/1/1294 989/1/1294 512/1/1294
f 510/1/1295 508/1/1295 990/1/1295
f 990/1/1296 508/1/1296 506/1/1296
f 990/1/1297 506/1/1297 991/1/1297
f 991/1/1298 506/1/1298 503/1/1298
f 991/1/1299 503/1/1299 992/1/1299
f 992/1/1300 503/1/1300 501/1/1300
f 992/1/1301 501/1/1301 500/1/1301
f 993/1/1302 994/1/1302 518/1/1302
f 518/1/1303 517/1/1303 993/1/1303
f 993/1/1304 517/1/1304 515/1/1304
f 993/1/1305 515/1/1305 989/1/1305
f 989/1/1306 515/1/1306 514/1/1306
f 989/1/1307 514/1/1307 512/1/1307
f 983/1/1308 982/1/1308 995/1/1308
f 982/1/1309 523/1/1309 995/1/1309
f 995/1/1310 523/1/1310 522/1/1310
f 995/1/1311 522/1/1311 994/1/1311
f 994/1/1312 522/1/1312 520/1/1312
f 994/1/1313 520/1/1313 518/1/1313
f 996/1/1314 997/1/1314 998/1/1314
f 998/1/1315 997/1/1315 999/1/1315
f 1000/1/1316 1001/1/1316 1002/1/1316
f 1002/1/1317 1001/1/1317 1003/1/1317
f 1002/1/1318 1003/1/1318 1004/1/1318
f 1004/1/1319 1003/1/1319 1005/1/1319
f 1004/1/1320 1005/1/1320 1006/1/1320
f 992/1/1321 1007/1/1321 991/1/1321
f 991/1/1322 1007/1/1322 1008/1/1322
f 991/1/1323 1008/1/1323 990/1/1323
f 990/1/1324 1008/1/1324 988/1/1324
f 990/1/1325 988/1/1325 510/1/1325
f 510/1/1326 988/1/1326 512/1/1326
f 1007/1/1327 1000/1/1327 1008/1/1327
f 1008/1/1328 1000/1/1328 1002/1/1328
f 1008/1/1329 1002/1/1329 988/1/1329
f 988/1/1330 1002/1/1330 1004/1/1330
f 988/1/1331 1004/1/1331 989/1/1331
f 989/1/1332 1004/1/1332 1006/1/1332
f 989/1/1333 1006/1/1333 993/1/1333
f 993/1/1334 1006/1/1334 1009/1/1334
f 993/1/1335 1009/1/1335 994/1/1335
f 994/1/1336 1009/1/1336 1010/1/1336
f 994/1/1337 1010/1/1337 995/1/1337
f 995/1/1338 1010/1/1338 1011/1/1338
f 995/1/1339 1011/1/1339 983/1/1339
f 983/1/1340 1011/1/1340 1012/1/1340
f 983/1/1341 1012/1/1341 984/1/1341
f 984/1/1342 1012/1/1342 1013/1/1342
f 1014/1/1343 1015/1/1343 985/1/1343
f 1016/1/1344 1017/1/1344 987/1/1344
f 987/1/1345 1017/1/1345 499/1/1345
f 987/1/1346 499/1/1346 494/1/1346
f 1018/1/1347 1016/1/1347 1019/1/1347
f 1019/1/1348 1016/1/1348 987/1/1348
f 1019/1/1349 987/1/1349 1020/1/1349
f 1020/1/1350 987/1/1350 986/1/1350
f 498/1/1351 499/1/1351 985/1/1351
f 985/1/1352 499/1/1352 1017/1/1352
f 985/1/1353 1017/1/1353 1014/1/1353
f 1014/1/1354 1017/1/1354 1016/1/1354
f 1014/1/1355 1016/1/1355 1021/1/1355
f 1021/1/1356 1016/1/1356 1018/1/1356
f 1021/1/1357 1018/1/1357 1022/1/1357
f 1023/1/1358 1024/1/1358 1025/1/1358
f 1025/1/1359 1024/1/1359 1026/1/1359
f 1023/1/1360 1025/1/1360 1027/1/1360
f 1027/1/1361 1025/1/1361 975/1/1361
f 1027/1/1362 975/1/1362 1028/1/1362
f 1028/1/1363 975/1/1363 1029/1/1363
f 1029/1/1364 975/1/1364 974/1/1364
f 1029/1/1365 974/1/1365 1030/1/1365
f 979/1/1366 973/1/1366 980/1/1366
f 980/1/1367 973/1/1367 975/1/1367
f 980/1/1368 975/1/1368 1031/1/1368
f 1031/1/1369 975/1/1369 1025/1/1369
f 1031/1/1370 1025/1/1370 978/1/1370
f 978/1/1371 1025/1/1371 1026/1/1371
f 978/1/1372 1026/1/1372 976/1/1372
f 1032/1/1373 1033/1/1373 1034/1/1373
f 1034/1/1374 1033/1/1374 1035/1/1374
f 1034/1/1375 1035/1/1375 1036/1/1375
f 1036/1/1376 1035/1/1376 1037/1/1376
f 1036/1/1377 1037/1/1377 1038/1/1377
f 1038/1/1378 1037/1/1378 1039/1/1378
f 1038/1/1379 1039/1/1379 1040/1/1379
f 1034/1/1380 1041/1/1380 1032/1/1380
f 1032/1/1381 1041/1/1381 1042/1/1381
f 1032/1/1382 1042/1/1382 1043/1/1382
f 1043/1/1383 1042/1/1383 1044/1/1383
f 1043/1/1384 1044/1/1384 999/1/1384
f 999/1/1385 1044/1/1385 1045/1/1385
f 999/1/1386 1045/1/1386 998/1/1386
f 1015/1/1387 981/1/1387 1046/1/1387
f 1046/1/1388 981/1/1388 980/1/1388
f 1046/1/1389 980/1/1389 1047/1/1389
f 1047/1/1390 980/1/1390 1031/1/1390
f 1047/1/1391 1031/1/1391 1048/1/1391
f 1048/1/1392 1031/1/1392 978/1/1392
f 1048/1/1393 978/1/1393 1039/1/1393
f 1039/1/1394 978/1/1394 977/1/1394
f 1039/1/1395 977/1/1395 1040/1/1395
f 1015/1/1396 1014/1/1396 981/1/1396
f 981/1/1397 1014/1/1397 1021/1/1397
f 981/1/1398 1021/1/1398 979/1/1398
f 979/1/1399 1021/1/1399 1022/1/1399
f 979/1/1400 1022/1/1400 973/1/1400
f 973/1/1401 1022/1/1401 1049/1/1401
f 973/1/1402 1049/1/1402 974/1/1402
f 974/1/1403 1049/1/1403 1050/1/1403
f 974/1/1404 1050/1/1404 1030/1/1404
f 997/1/1405 1013/1/1405 999/1/1405
f 999/1/1406 1013/1/1406 1012/1/1406
f 999/1/1407 1012/1/1407 1043/1/1407
f 1043/1/1408 1012/1/1408 1011/1/1408
f 1043/1/1409 1011/1/1409 1032/1/1409
f 1032/1/1410 1011/1/1410 1010/1/1410
f 1032/1/1411 1010/1/1411 1033/1/1411
f 1033/1/1412 1010/1/1412 1009/1/1412
f 1033/1/1413 1009/1/1413 1035/1/1413
f 1035/1/1414 1009/1/1414 1006/1/1414
f 1035/1/1415 1006/1/1415 1037/1/1415
f 1037/1/1416 1006/1/1416 1005/1/1416
f 1037/1/1417 1005/1/1417 1039/1/1417
f 1039/1/1418 1005/1/1418 1003/1/1418
f 1039/1/1419 1003/1/1419 1048/1/1419
f 1048/1/1420 1003/1/1420 1001/1/1420
f 1048/1/1421 1001/1/1421 1047/1/1421
f 1047/1/1422 1001/1/1422 1000/1/1422
f 1047/1/1423 1000/1/1423 1046/1/1423
f 1046/1/1424 1000/1/1424 1007/1/1424
f 1046/1/1425 1007/1/1425 1015/1/1425
f 1015/1/1426 1007/1/1426 992/1/1426
f 1015/1/1427 992/1/1427 985/1/1427
f 985/1/1428 992/1/1428 500/1/1428
f 985/1/1429 500/1/1429 496/1/1429
f 526/1/1108 525/1/1108 527/1/1108
f 527/1/1108 525/1/1108 524/1/1108
f 527/1/1108 524/1/1108 528/1/1108
f 528/1/1108 524/1/1108 1051/1/1108
f 528/1/1108 1051/1/1108 1052/1/1108
f 1053/1/1430 1054/1/1430 560/1/1430
f 556/1/1431 1055/1/1431 557/1/1431
f 557/1/1432 1055/1/1432 1053/1/1432
f 557/1/1433 1053/1/1433 559/1/1433
f 559/1/1434 1053/1/1434 560/1/1434
f 1056/1/1435 552/1/1435 1057/1/1435
f 1057/1/1436 552/1/1436 551/1/1436
f 1057/1/1437 551/1/1437 1054/1/1437
f 1054/1/1438 551/1/1438 555/1/1438
f 1054/1/1439 555/1/1439 560/1/1439
f 1058/1/1440 196/1/1440 1056/1/1440
f 1056/1/1441 196/1/1441 195/1/1441
f 195/1/1442 554/1/1442 1056/1/1442
f 1056/1/1443 554/1/1443 553/1/1443
f 1056/1/1444 553/1/1444 552/1/1444
f 1059/1/1445 192/1/1445 1058/1/1445
f 1058/1/1446 192/1/1446 198/1/1446
f 1058/1/1447 198/1/1447 196/1/1447
f 1060/1/1448 188/1/1448 1059/1/1448
f 1059/1/1449 188/1/1449 193/1/1449
f 1059/1/1450 193/1/1450 192/1/1450
f 1061/1/1451 678/1/1451 676/1/1451
f 676/1/1452 191/1/1452 1061/1/1452
f 1061/1/1453 191/1/1453 190/1/1453
f 1061/1/1454 190/1/1454 1060/1/1454
f 1060/1/1455 190/1/1455 189/1/1455
f 1060/1/1456 189/1/1456 188/1/1456
f 678/1/1457 1061/1/1457 679/1/1457
f 679/1/1458 1061/1/1458 1062/1/1458
f 679/1/1459 1062/1/1459 680/1/1459
f 1063/1/1460 682/1/1460 1062/1/1460
f 1062/1/1461 682/1/1461 681/1/1461
f 1062/1/1462 681/1/1462 680/1/1462
f 1064/1/1463 672/1/1463 1063/1/1463
f 1063/1/1464 672/1/1464 756/1/1464
f 1063/1/1465 756/1/1465 682/1/1465
f 1065/1/1466 1066/1/1466 1067/1/1466
f 1067/1/1467 1066/1/1467 1068/1/1467
f 1067/1/1468 1068/1/1468 1064/1/1468
f 1064/1/1469 1068/1/1469 1069/1/1469
f 1064/1/1470 1069/1/1470 1070/1/1470
f 1070/1/1471 675/1/1471 1064/1/1471
f 1064/1/1472 675/1/1472 674/1/1472
f 1064/1/1473 674/1/1473 672/1/1473
f 1065/1/1474 1067/1/1474 1071/1/1474
f 1071/1/1475 1067/1/1475 1072/1/1475
f 1071/1/1476 1072/1/1476 1073/1/1476
f 1074/1/1477 1075/1/1477 1076/1/1477
f 1076/1/1478 1075/1/1478 1077/1/1478
f 1076/1/1479 1077/1/1479 1072/1/1479
f 1072/1/1480 1077/1/1480 1078/1/1480
f 1072/1/1481 1078/1/1481 1073/1/1481
f 556/1/1482 580/1/1482 1055/1/1482
f 1055/1/1483 580/1/1483 1079/1/1483
f 1055/1/1484 1079/1/1484 1076/1/1484
f 1076/1/1485 1079/1/1485 1080/1/1485
f 1076/1/1486 1080/1/1486 1074/1/1486
f 1081/1/1487 1082/1/1487 1083/1/1487
f 1084/1/1488 1085/1/1488 1086/1/1488
f 1087/1/1489 1088/1/1489 1089/1/1489
f 1089/1/1490 1088/1/1490 1090/1/1490
f 1089/1/1491 1090/1/1491 1091/1/1491
f 1091/1/1492 1090/1/1492 1092/1/1492
f 1091/1/1493 1092/1/1493 1093/1/1493
f 1093/1/1494 1092/1/1494 601/1/1494
f 1093/1/1495 601/1/1495 600/1/1495
f 1083/1/1496 1082/1/1496 1086/1/1496
f 1086/1/1497 1082/1/1497 1094/1/1497
f 1086/1/1498 1094/1/1498 1084/1/1498
f 1081/1/1499 1083/1/1499 1095/1/1499
f 1095/1/1500 1083/1/1500 1096/1/1500
f 1095/1/1501 1096/1/1501 1097/1/1501
f 1097/1/1502 1096/1/1502 1098/1/1502
f 1097/1/1503 1098/1/1503 1099/1/1503
f 1099/1/1504 1098/1/1504 1100/1/1504
f 1099/1/1505 1100/1/1505 1101/1/1505
f 1102/1/1506 1086/1/1506 1103/1/1506
f 1103/1/1507 1086/1/1507 1085/1/1507
f 1103/1/1508 1085/1/1508 1104/1/1508
f 1105/1/1509 1088/1/1509 1102/1/1509
f 1102/1/1510 1088/1/1510 1087/1/1510
f 1102/1/1506 1087/1/1506 1086/1/1506
f 1086/1/1511 1087/1/1511 1089/1/1511
f 1086/1/1511 1089/1/1511 1083/1/1511
f 1083/1/1512 1089/1/1512 1091/1/1512
f 1083/1/1512 1091/1/1512 1096/1/1512
f 1096/1/1513 1091/1/1513 1093/1/1513
f 1096/1/1513 1093/1/1513 1098/1/1513
f 1098/1/1514 1093/1/1514 600/1/1514
f 1098/1/1515 600/1/1515 1100/1/1515
f 1106/1/1516 1107/1/1516 1108/1/1516
f 797/1/1517 612/1/1517 706/1/1517
f 810/1/1518 797/1/1518 1109/1/1518
f 1109/1/1519 797/1/1519 1110/1/1519
f 1111/1/1520 1112/1/1520 1113/1/1520
f 1113/1/1521 1112/1/1521 1114/1/1521
f 1113/1/1522 1114/1/1522 1110/1/1522
f 1110/1/1523 1114/1/1523 1115/1/1523
f 1110/1/1524 1115/1/1524 1109/1/1524
f 1106/1/1525 1108/1/1525 1116/1/1525
f 1090/1/1526 711/1/1526 1092/1/1526
f 1092/1/1527 711/1/1527 601/1/1527
f 1090/1/1528 1088/1/1528 1117/1/1528
f 1117/1/1529 1088/1/1529 1105/1/1529
f 1117/1/1530 1105/1/1530 1116/1/1530
f 1090/1/1531 1117/1/1531 711/1/1531
f 711/1/1532 1117/1/1532 1118/1/1532
f 711/1/1533 1118/1/1533 707/1/1533
f 707/1/1534 1118/1/1534 1119/1/1534
f 707/1/1535 1119/1/1535 603/1/1535
f 609/1/1536 760/1/1536 1120/1/1536
f 1120/1/1537 760/1/1537 607/1/1537
f 1120/1/1538 607/1/1538 1121/1/1538
f 1121/1/1539 607/1/1539 606/1/1539
f 1121/1/1540 606/1/1540 1119/1/1540
f 1119/1/1541 606/1/1541 604/1/1541
f 1119/1/1542 604/1/1542 603/1/1542
f 1111/1/1543 1113/1/1543 1120/1/1543
f 1120/1/1544 1113/1/1544 610/1/1544
f 1120/1/1545 610/1/1545 609/1/1545
f 797/1/1546 706/1/1546 1110/1/1546
f 1110/1/1547 706/1/1547 705/1/1547
f 1110/1/1548 705/1/1548 1113/1/1548
f 1113/1/1549 705/1/1549 704/1/1549
f 1113/1/1550 704/1/1550 610/1/1550
f 1116/1/1551 1108/1/1551 1117/1/1551
f 1117/1/1552 1108/1/1552 1122/1/1552
f 1117/1/1553 1122/1/1553 1118/1/1553
f 1118/1/1554 1122/1/1554 1123/1/1554
f 1118/1/1555 1123/1/1555 1119/1/1555
f 1119/1/1556 1123/1/1556 1124/1/1556
f 1119/1/1557 1124/1/1557 1121/1/1557
f 1121/1/1558 1124/1/1558 1125/1/1558
f 1121/1/1559 1125/1/1559 1120/1/1559
f 1120/1/1560 1125/1/1560 1126/1/1560
f 1120/1/1561 1126/1/1561 1111/1/1561
f 697/1/1562 1127/1/1562 699/1/1562
f 699/1/1563 1127/1/1563 1128/1/1563
f 699/1/1564 1128/1/1564 700/1/1564
f 700/1/1565 1128/1/1565 701/1/1565
f 701/1/1566 1128/1/1566 1129/1/1566
f 701/1/1567 1129/1/1567 702/1/1567
f 702/1/1568 1129/1/1568 703/1/1568
f 703/1/1569 1129/1/1569 1130/1/1569
f 703/1/1570 1130/1/1570 748/1/1570
f 748/1/1571 1130/1/1571 1131/1/1571
f 748/1/1572 1131/1/1572 749/1/1572
f 1132/1/545 695/1/545 694/1/545
f 1131/1/545 1133/1/545 749/1/545
f 749/1/545 1133/1/545 1134/1/545
f 749/1/545 1134/1/545 1135/1/545
f 1135/1/545 1136/1/545 749/1/545
f 749/1/545 1136/1/545 1137/1/545
f 749/1/545 1137/1/545 751/1/545
f 751/1/545 1137/1/545 1138/1/545
f 751/1/545 1138/1/545 691/1/545
f 691/1/545 1138/1/545 1132/1/545
f 691/1/545 1132/1/545 692/1/545
f 692/1/545 1132/1/545 694/1/545
f 695/1/1573 1132/1/1573 683/1/1573
f 683/1/1574 1132/1/1574 1139/1/1574
f 683/1/1575 1139/1/1575 684/1/1575
f 684/1/1576 1139/1/1576 685/1/1576
f 685/1/1577 1139/1/1577 1140/1/1577
f 685/1/1578 1140/1/1578 686/1/1578
f 686/1/1579 1140/1/1579 687/1/1579
f 687/1/1580 1140/1/1580 1141/1/1580
f 687/1/1581 1141/1/1581 688/1/1581
f 688/1/1582 1141/1/1582 1142/1/1582
f 688/1/1583 1142/1/1583 689/1/1583
f 1143/1/1584 646/1/1584 1144/1/1584
f 613/1/1585 1145/1/1585 1146/1/1585
f 613/1/1586 1146/1/1586 614/1/1586
f 614/1/1587 1146/1/1587 1147/1/1587
f 614/1/1588 1147/1/1588 747/1/1588
f 747/1/1589 1147/1/1589 1148/1/1589
f 747/1/1590 1148/1/1590 776/1/1590
f 1148/1/1591 1149/1/1591 776/1/1591
f 776/1/1592 1149/1/1592 1150/1/1592
f 776/1/1593 1150/1/1593 663/1/1593
f 663/1/1594 1150/1/1594 1151/1/1594
f 663/1/1595 1151/1/1595 1152/1/1595
f 1153/1/1596 659/1/1596 1152/1/1596
f 1152/1/1597 659/1/1597 661/1/1597
f 1152/1/1598 661/1/1598 663/1/1598
f 1144/1/1599 646/1/1599 1154/1/1599
f 646/1/1600 648/1/1600 1154/1/1600
f 1154/1/1601 648/1/1601 656/1/1601
f 1154/1/1602 656/1/1602 1155/1/1602
f 1155/1/1603 656/1/1603 617/1/1603
f 1155/1/1604 617/1/1604 1156/1/1604
f 1156/1/1605 617/1/1605 616/1/1605
f 1156/1/1606 616/1/1606 1153/1/1606
f 1153/1/1607 616/1/1607 657/1/1607
f 1153/1/1608 657/1/1608 659/1/1608
f 1157/1/1609 1144/1/1609 1158/1/1609
f 1158/1/1610 1144/1/1610 1159/1/1610
f 1158/1/1611 1159/1/1611 1160/1/1611
f 1161/1/1612 1162/1/1612 1157/1/1612
f 1157/1/1613 1162/1/1613 1163/1/1613
f 1157/1/1614 1163/1/1614 1144/1/1614
f 1144/1/1615 1163/1/1615 1164/1/1615
f 1144/1/1616 1164/1/1616 1143/1/1616
f 1165/1/1617 1166/1/1617 1167/1/1617
f 1167/1/1618 1166/1/1618 1168/1/1618
f 1167/1/1619 1168/1/1619 1169/1/1619
f 1169/1/1620 1168/1/1620 1170/1/1620
f 1169/1/1621 1170/1/1621 1171/1/1621
f 1171/1/1622 1170/1/1622 1172/1/1622
f 1171/1/1623 1172/1/1623 1173/1/1623
f 1173/1/1624 1172/1/1624 1174/1/1624
f 1173/1/1625 1174/1/1625 1175/1/1625
f 1175/1/1626 1174/1/1626 1176/1/1626
f 1175/1/1627 1176/1/1627 1159/1/1627
f 1159/1/1628 1176/1/1628 1177/1/1628
f 1159/1/1629 1177/1/1629 1160/1/1629
f 1178/1/1630 1179/1/1630 1180/1/1630
f 1180/1/1631 1181/1/1631 1178/1/1631
f 1178/1/1632 1181/1/1632 1182/1/1632
f 1178/1/1633 1182/1/1633 1183/1/1633
f 1182/1/1634 1184/1/1634 1183/1/1634
f 1183/1/1635 1184/1/1635 1185/1/1635
f 1183/1/1636 1185/1/1636 1165/1/1636
f 1165/1/1637 1185/1/1637 1186/1/1637
f 1165/1/1638 1186/1/1638 1166/1/1638
f 1164/1/1639 1163/1/1639 1187/1/1639
f 1187/1/1640 1188/1/1640 1164/1/1640
f 1164/1/1641 1188/1/1641 1189/1/1641
f 1164/1/1642 1189/1/1642 1143/1/1642
f 1190/1/1643 647/1/1643 1191/1/1643
f 1191/1/1644 647/1/1644 646/1/1644
f 1191/1/1645 646/1/1645 1143/1/1645
f 653/1/1646 652/1/1646 1192/1/1646
f 1192/1/1647 652/1/1647 651/1/1647
f 1192/1/1648 651/1/1648 1190/1/1648
f 1190/1/1649 651/1/1649 649/1/1649
f 1190/1/1650 649/1/1650 647/1/1650
f 1193/1/1651 654/1/1651 653/1/1651
f 1194/1/1652 1195/1/1652 1196/1/1652
f 1196/1/1653 1195/1/1653 1197/1/1653
f 653/1/1654 1192/1/1654 1193/1/1654
f 1193/1/1655 1192/1/1655 1198/1/1655
f 1193/1/1656 1198/1/1656 1199/1/1656
f 1200/1/1657 1199/1/1657 1197/1/1657
f 1197/1/1658 1199/1/1658 1198/1/1658
f 1197/1/1659 1198/1/1659 1196/1/1659
f 1196/1/1660 1198/1/1660 1192/1/1660
f 1196/1/1661 1192/1/1661 1194/1/1661
f 1194/1/1662 1192/1/1662 1190/1/1662
f 1194/1/1663 1190/1/1663 1201/1/1663
f 1202/1/1664 1203/1/1664 1204/1/1664
f 1204/1/1665 1203/1/1665 1205/1/1665
f 1189/1/1666 1202/1/1666 1143/1/1666
f 1143/1/1667 1202/1/1667 1204/1/1667
f 1143/1/1668 1204/1/1668 1191/1/1668
f 1191/1/1669 1204/1/1669 1205/1/1669
f 1191/1/1670 1205/1/1670 1190/1/1670
f 1190/1/1671 1205/1/1671 1206/1/1671
f 1190/1/1672 1206/1/1672 1201/1/1672
f 1207/1/1673 1193/1/1673 1199/1/1673
f 1207/1/1674 643/1/1674 1193/1/1674
f 1193/1/1675 643/1/1675 655/1/1675
f 1193/1/1676 655/1/1676 654/1/1676
f 1208/1/1677 635/1/1677 634/1/1677
f 1209/1/1678 1208/1/1678 1210/1/1678
f 1208/1/1679 634/1/1679 1210/1/1679
f 1210/1/1680 634/1/1680 641/1/1680
f 1210/1/1681 641/1/1681 1211/1/1681
f 1211/1/1682 641/1/1682 640/1/1682
f 1211/1/1683 640/1/1683 1212/1/1683
f 1212/1/1684 640/1/1684 724/1/1684
f 1212/1/1685 724/1/1685 1207/1/1685
f 1207/1/1686 724/1/1686 645/1/1686
f 1207/1/1687 645/1/1687 643/1/1687
f 1209/1/1688 1210/1/1688 1213/1/1688
f 1213/1/1689 1210/1/1689 1211/1/1689
f 1213/1/1690 1211/1/1690 1214/1/1690
f 1214/1/1691 1211/1/1691 1212/1/1691
f 1214/1/1692 1212/1/1692 1215/1/1692
f 1215/1/1693 1212/1/1693 1207/1/1693
f 1215/1/1694 1207/1/1694 1216/1/1694
f 1216/1/1695 1207/1/1695 1199/1/1695
f 1216/1/1696 1199/1/1696 1200/1/1696
f 619/1/1697 638/1/1697 1217/1/1697
f 619/1/1698 1217/1/1698 1218/1/1698
f 1218/1/1699 1217/1/1699 1219/1/1699
f 1218/1/1700 1219/1/1700 1220/1/1700
f 1221/1/1701 637/1/1701 1208/1/1701
f 1208/1/1702 637/1/1702 636/1/1702
f 1208/1/1703 636/1/1703 635/1/1703
f 1208/1/1704 1209/1/1704 1221/1/1704
f 1221/1/1705 1209/1/1705 1222/1/1705
f 1221/1/1706 1222/1/1706 1223/1/1706
f 1223/1/1707 1222/1/1707 1224/1/1707
f 1223/1/1708 1224/1/1708 1225/1/1708
f 1225/1/1709 1224/1/1709 1226/1/1709
f 1225/1/1710 1226/1/1710 1227/1/1710
f 1227/1/1711 1226/1/1711 1228/1/1711
f 638/1/1712 637/1/1712 1217/1/1712
f 1217/1/1713 637/1/1713 1221/1/1713
f 1217/1/1714 1221/1/1714 1219/1/1714
f 1219/1/1715 1221/1/1715 1223/1/1715
f 1219/1/1716 1223/1/1716 1220/1/1716
f 1220/1/1717 1223/1/1717 1225/1/1717
f 1220/1/1718 1225/1/1718 1229/1/1718
f 1229/1/1719 1225/1/1719 1227/1/1719
f 1218/1/1720 629/1/1720 619/1/1720
f 1218/1/1721 1220/1/1721 629/1/1721
f 629/1/1722 1220/1/1722 1230/1/1722
f 629/1/1723 1230/1/1723 630/1/1723
f 1231/1/1724 1232/1/1724 1233/1/1724
f 630/1/1725 1230/1/1725 626/1/1725
f 626/1/1726 1230/1/1726 1234/1/1726
f 626/1/1727 1234/1/1727 627/1/1727
f 627/1/1728 1234/1/1728 1235/1/1728
f 627/1/1729 1235/1/1729 628/1/1729
f 628/1/1730 1235/1/1730 624/1/1730
f 1236/1/1731 1232/1/1731 1237/1/1731
f 1237/1/1732 1232/1/1732 1231/1/1732
f 1237/1/1733 1231/1/1733 1238/1/1733
f 631/1/1734 625/1/1734 1233/1/1734
f 1233/1/1735 625/1/1735 624/1/1735
f 1233/1/1736 624/1/1736 1231/1/1736
f 1231/1/1737 624/1/1737 1235/1/1737
f 1231/1/1738 1235/1/1738 1238/1/1738
f 1238/1/1739 1235/1/1739 1234/1/1739
f 1238/1/1740 1234/1/1740 1239/1/1740
f 1239/1/1741 1234/1/1741 1230/1/1741
f 1239/1/1742 1230/1/1742 1220/1/1742
f 622/1/1743 632/1/1743 1240/1/1743
f 1240/1/1744 632/1/1744 1241/1/1744
f 632/1/1745 631/1/1745 1241/1/1745
f 1241/1/1746 631/1/1746 1233/1/1746
f 1241/1/1747 1233/1/1747 1242/1/1747
f 1242/1/1748 1233/1/1748 1232/1/1748
f 1242/1/1749 1232/1/1749 1243/1/1749
f 1243/1/1750 1232/1/1750 1236/1/1750
f 1243/1/1751 1236/1/1751 1244/1/1751
f 1101/1/1752 709/1/1752 1245/1/1752
f 1245/1/1753 709/1/1753 708/1/1753
f 1245/1/1754 708/1/1754 1246/1/1754
f 1246/1/1755 708/1/1755 623/1/1755
f 1246/1/1756 623/1/1756 1247/1/1756
f 1247/1/1757 623/1/1757 622/1/1757
f 1247/1/1758 622/1/1758 1248/1/1758
f 1248/1/1759 622/1/1759 1240/1/1759
f 783/1/1760 782/1/1760 1249/1/1760
f 1250/1/1761 1251/1/1761 1252/1/1761
f 1250/1/1762 1252/1/1762 1253/1/1762
f 1253/1/1763 1252/1/1763 1254/1/1763
f 1253/1/1764 1254/1/1764 1255/1/1764
f 1255/1/1765 1254/1/1765 1256/1/1765
f 1256/1/1766 1254/1/1766 1249/1/1766
f 1256/1/1767 1249/1/1767 1257/1/1767
f 1257/1/1768 1249/1/1768 782/1/1768
f 1257/1/1768 782/1/1768 781/1/1768
f 784/1/1769 783/1/1769 1258/1/1769
f 1258/1/1770 783/1/1770 1249/1/1770
f 1258/1/1771 1249/1/1771 1259/1/1771
f 1259/1/1771 1249/1/1771 1254/1/1771
f 1259/1/1772 1254/1/1772 1260/1/1772
f 1260/1/1773 1254/1/1773 1252/1/1773
f 1260/1/1774 1252/1/1774 1261/1/1774
f 1261/1/1775 1252/1/1775 1251/1/1775
f 1261/1/1776 1262/1/1776 1260/1/1776
f 1260/1/1777 1262/1/1777 1263/1/1777
f 1260/1/1778 1263/1/1778 1259/1/1778
f 1259/1/1778 1263/1/1778 1264/1/1778
f 1259/1/1779 1264/1/1779 1258/1/1779
f 1258/1/1779 1264/1/1779 1265/1/1779
f 1258/1/1780 1265/1/1780 784/1/1780
f 784/1/1780 1265/1/1780 785/1/1780
f 791/1/1130 785/1/1130 1265/1/1130
f 1264/1/1781 1266/1/1781 1265/1/1781
f 1265/1/1131 1266/1/1131 1267/1/1131
f 1265/1/1130 1267/1/1130 791/1/1130
f 1268/1/1782 1269/1/1782 1264/1/1782
f 1264/1/1133 1269/1/1133 1270/1/1133
f 1264/1/1783 1270/1/1783 1266/1/1783
f 1264/1/1784 1263/1/1784 1268/1/1784
f 1268/1/1136 1263/1/1136 1262/1/1136
f 1268/1/1136 1262/1/1136 1271/1/1136
f 1268/1/1785 1271/1/1785 1272/1/1785
f 1270/1/1786 1269/1/1786 1273/1/1786
f 1273/1/1787 1269/1/1787 1268/1/1787
f 1268/1/1788 1272/1/1788 1273/1/1788
f 1273/1/1789 1272/1/1789 1274/1/1789
f 1273/1/1789 1274/1/1789 1275/1/1789
f 1275/1/1790 1274/1/1790 1276/1/1790
f 1275/1/1790 1276/1/1790 1277/1/1790
f 1277/1/1768 1276/1/1768 1278/1/1768
f 1277/1/1768 1278/1/1768 1279/1/1768
f 1267/1/1791 1266/1/1791 1280/1/1791
f 1280/1/1792 1266/1/1792 1270/1/1792
f 1270/1/1793 1273/1/1793 1280/1/1793
f 1280/1/1794 1273/1/1794 1275/1/1794
f 1280/1/1794 1275/1/1794 1281/1/1794
f 1281/1/1795 1275/1/1795 1277/1/1795
f 1281/1/1795 1277/1/1795 1282/1/1795
f 1282/1/1796 1277/1/1796 1279/1/1796
f 1282/1/1796 1279/1/1796 1283/1/1796
f 792/1/1797 791/1/1797 1267/1/1797
f 1267/1/1798 1280/1/1798 792/1/1798
f 792/1/1799 1280/1/1799 1281/1/1799
f 792/1/1799 1281/1/1799 790/1/1799
f 790/1/1800 1281/1/1800 1282/1/1800
f 790/1/1800 1282/1/1800 789/1/1800
f 789/1/1801 1282/1/1801 1283/1/1801
f 789/1/1801 1283/1/1801 788/1/1801
f 786/1/1802 788/1/1802 1284/1/1802
f 1284/1/1803 788/1/1803 1283/1/1803
f 1284/1/1804 1283/1/1804 1285/1/1804
f 1285/1/1006 1283/1/1006 1286/1/1006
f 1286/1/1805 1283/1/1805 1279/1/1805
f 1286/1/1806 1279/1/1806 1287/1/1806
f 1278/1/493 1288/1/493 1279/1/493
f 1279/1/1807 1288/1/1807 1289/1/1807
f 1279/1/1808 1289/1/1808 1287/1/1808
f 873/1/1108 860/1/1108 1290/1/1108
f 1290/1/1108 860/1/1108 859/1/1108
f 891/1/1809 1291/1/1809 893/1/1809
f 893/1/1809 1291/1/1809 902/1/1809
f 928/1/1810 458/1/1810 1292/1/1810
f 1292/1/1811 458/1/1811 937/1/1811
f 1292/1/1812 937/1/1812 1293/1/1812
f 1293/1/1813 937/1/1813 935/1/1813
f 1293/1/1814 935/1/1814 1294/1/1814
f 1294/1/1815 935/1/1815 932/1/1815
f 1294/1/1816 932/1/1816 1295/1/1816
f 927/1/1817 928/1/1817 1296/1/1817
f 1296/1/1818 928/1/1818 1292/1/1818
f 1296/1/1819 1292/1/1819 1297/1/1819
f 1297/1/1820 1292/1/1820 1293/1/1820
f 1297/1/1821 1293/1/1821 1298/1/1821
f 1298/1/1822 1293/1/1822 1294/1/1822
f 1298/1/1823 1294/1/1823 1299/1/1823
f 1299/1/1824 1294/1/1824 1295/1/1824
f 1299/1/1825 1295/1/1825 1300/1/1825
f 1300/1/1826 1295/1/1826 932/1/1826
f 1300/1/1827 932/1/1827 930/1/1827
f 930/1/14 929/1/14 1301/1/14
f 1302/1/14 1104/1/14 1303/1/14
f 1303/1/14 1104/1/14 1304/1/14
f 1303/1/14 1304/1/14 1305/1/14
f 1301/1/14 1306/1/14 1307/1/14
f 1307/1/14 1306/1/14 1308/1/14
f 1307/1/14 1308/1/14 1104/1/14
f 1104/1/14 1308/1/14 1309/1/14
f 1310/1/14 1311/1/14 1312/1/14
f 1312/1/14 1311/1/14 1313/1/14
f 1312/1/14 1313/1/14 1304/1/14
f 1304/1/14 1313/1/14 1314/1/14
f 1304/1/14 1314/1/14 1305/1/14
f 930/1/14 1301/1/14 1300/1/14
f 1300/1/14 1301/1/14 1307/1/14
f 1300/1/14 1307/1/14 1299/1/14
f 1310/1/14 1312/1/14 1315/1/14
f 1315/1/14 1312/1/14 1307/1/14
f 1315/1/14 1307/1/14 1316/1/14
f 1107/1/1828 1106/1/1828 1317/1/1828
f 1317/1/1829 1106/1/1829 1116/1/1829
f 1317/1/1830 1116/1/1830 1318/1/1830
f 1302/1/14 1319/1/14 1104/1/14
f 1104/1/14 1319/1/14 1320/1/14
f 1104/1/14 1320/1/14 1307/1/14
f 1307/1/14 1320/1/14 1321/1/14
f 1307/1/14 1321/1/14 1316/1/14
f 1116/1/1829 1105/1/1829 1318/1/1829
f 1318/1/14 1105/1/14 1102/1/14
f 1318/1/1830 1102/1/1830 1309/1/1830
f 1309/1/14 1102/1/14 1103/1/14
f 1309/1/14 1103/1/14 1104/1/14
f 1034/1/1831 1322/1/1831 1323/1/1831
f 1026/1/1832 1324/1/1832 1325/1/1832
f 1326/1/1833 1327/1/1833 1328/1/1833
f 1329/1/1834 1330/1/1834 1331/1/1834
f 1330/1/1835 1332/1/1835 1331/1/1835
f 1331/1/1836 1332/1/1836 1333/1/1836
f 1331/1/1837 1333/1/1837 1334/1/1837
f 1334/1/1838 1335/1/1838 1331/1/1838
f 1331/1/1839 1335/1/1839 1336/1/1839
f 1331/1/1840 1336/1/1840 1337/1/1840
f 1337/1/1841 1338/1/1841 1331/1/1841
f 1331/1/1842 1338/1/1842 1339/1/1842
f 1331/1/1843 1339/1/1843 1340/1/1843
f 1340/1/1844 1341/1/1844 1331/1/1844
f 1331/1/1845 1341/1/1845 1342/1/1845
f 1331/1/1846 1342/1/1846 1343/1/1846
f 1344/1/1847 1345/1/1847 1346/1/1847
f 1346/1/1848 1345/1/1848 1347/1/1848
f 1346/1/1849 1347/1/1849 1348/1/1849
f 1348/1/1850 1349/1/1850 1346/1/1850
f 1346/1/1851 1349/1/1851 1350/1/1851
f 1346/1/1852 1350/1/1852 1331/1/1852
f 1331/1/1853 1350/1/1853 1351/1/1853
f 1331/1/1854 1351/1/1854 1329/1/1854
f 1352/1/1855 1353/1/1855 1354/1/1855
f 1354/1/1856 1353/1/1856 1355/1/1856
f 1354/1/1857 1355/1/1857 1356/1/1857
f 1356/1/1858 1355/1/1858 1357/1/1858
f 1356/1/1859 1357/1/1859 1358/1/1859
f 1359/1/1860 1360/1/1860 1352/1/1860
f 1352/1/1861 1360/1/1861 1361/1/1861
f 1352/1/1862 1361/1/1862 1353/1/1862
f 1362/1/1863 1363/1/1863 1364/1/1863
f 1364/1/1864 1363/1/1864 1365/1/1864
f 1364/1/1865 1365/1/1865 1352/1/1865
f 1352/1/1866 1365/1/1866 1366/1/1866
f 1352/1/1867 1366/1/1867 1359/1/1867
f 1367/1/1868 1145/1/1868 1368/1/1868
f 1369/1/1869 1370/1/1869 1371/1/1869
f 1371/1/1870 1370/1/1870 1372/1/1870
f 1371/1/1871 1372/1/1871 1373/1/1871
f 1029/1/1872 1030/1/1872 1374/1/1872
f 1374/1/1873 1375/1/1873 1029/1/1873
f 1029/1/1874 1375/1/1874 1376/1/1874
f 1029/1/1875 1376/1/1875 1028/1/1875
f 1028/1/1876 1376/1/1876 1377/1/1876
f 1028/1/1877 1377/1/1877 1027/1/1877
f 1027/1/1878 1377/1/1878 1023/1/1878
f 1324/1/1879 1026/1/1879 1377/1/1879
f 1377/1/1880 1026/1/1880 1024/1/1880
f 1377/1/1881 1024/1/1881 1023/1/1881
f 1040/1/1882 977/1/1882 1325/1/1882
f 1325/1/1883 977/1/1883 976/1/1883
f 1325/1/1884 976/1/1884 1026/1/1884
f 1325/1/1885 1378/1/1885 1040/1/1885
f 1040/1/1886 1378/1/1886 1379/1/1886
f 1040/1/1887 1379/1/1887 1038/1/1887
f 1322/1/1888 1034/1/1888 1379/1/1888
f 1379/1/1889 1034/1/1889 1036/1/1889
f 1379/1/1890 1036/1/1890 1038/1/1890
f 1380/1/1891 1042/1/1891 1323/1/1891
f 1323/1/1892 1042/1/1892 1041/1/1892
f 1323/1/1893 1041/1/1893 1034/1/1893
f 1044/1/1894 1042/1/1894 1346/1/1894
f 1346/1/1895 1042/1/1895 1380/1/1895
f 1346/1/1896 1380/1/1896 1344/1/1896
f 1343/1/1897 1381/1/1897 1331/1/1897
f 1331/1/1898 1381/1/1898 1382/1/1898
f 1331/1/1899 1382/1/1899 1383/1/1899
f 1044/1/1900 1346/1/1900 1045/1/1900
f 1045/1/1901 1346/1/1901 1331/1/1901
f 1045/1/1902 1331/1/1902 998/1/1902
f 998/1/1903 1331/1/1903 1383/1/1903
f 998/1/1904 1383/1/1904 1384/1/1904
f 1384/1/1905 1385/1/1905 998/1/1905
f 998/1/1904 1385/1/1904 1386/1/1904
f 998/1/1906 1386/1/1906 996/1/1906
f 1377/1/1907 1387/1/1907 1324/1/1907
f 1324/1/1908 1387/1/1908 1388/1/1908
f 1324/1/1909 1388/1/1909 1325/1/1909
f 1325/1/1910 1388/1/1910 1362/1/1910
f 1325/1/1911 1362/1/1911 1378/1/1911
f 1378/1/1912 1362/1/1912 1364/1/1912
f 1378/1/1913 1364/1/1913 1379/1/1913
f 1379/1/1914 1364/1/1914 1352/1/1914
f 1379/1/1915 1352/1/1915 1322/1/1915
f 1322/1/1916 1352/1/1916 1354/1/1916
f 1322/1/1917 1354/1/1917 1323/1/1917
f 1323/1/1918 1354/1/1918 1356/1/1918
f 1323/1/1919 1356/1/1919 1380/1/1919
f 1380/1/1920 1356/1/1920 1358/1/1920
f 1380/1/1921 1358/1/1921 1344/1/1921
f 1389/1/1922 1390/1/1922 1371/1/1922
f 1371/1/1923 1390/1/1923 1391/1/1923
f 1371/1/1924 1391/1/1924 1369/1/1924
f 1369/1/1925 1391/1/1925 1392/1/1925
f 1374/1/1926 1392/1/1926 1375/1/1926
f 1375/1/1927 1392/1/1927 1391/1/1927
f 1375/1/1928 1391/1/1928 1376/1/1928
f 1376/1/1929 1391/1/1929 1390/1/1929
f 1376/1/1930 1390/1/1930 1377/1/1930
f 1377/1/1931 1390/1/1931 1389/1/1931
f 1377/1/1932 1389/1/1932 1387/1/1932
f 1393/1/1933 1394/1/1933 1395/1/1933
f 1395/1/1934 1394/1/1934 1396/1/1934
f 1395/1/1935 1396/1/1935 1397/1/1935
f 1397/1/1936 1396/1/1936 1398/1/1936
f 1397/1/1937 1398/1/1937 1399/1/1937
f 1399/1/1938 1398/1/1938 1400/1/1938
f 1399/1/1939 1400/1/1939 1401/1/1939
f 1401/1/1940 1400/1/1940 1328/1/1940
f 1401/1/1941 1328/1/1941 1402/1/1941
f 1402/1/1942 1328/1/1942 1327/1/1942
f 1402/1/1943 1327/1/1943 1368/1/1943
f 1368/1/1944 1327/1/1944 1403/1/1944
f 1368/1/1945 1403/1/1945 1367/1/1945
f 1373/1/1946 1326/1/1946 1371/1/1946
f 1371/1/1947 1326/1/1947 1328/1/1947
f 1371/1/1948 1328/1/1948 1389/1/1948
f 1389/1/1949 1328/1/1949 1400/1/1949
f 1389/1/1950 1400/1/1950 1387/1/1950
f 1387/1/1951 1400/1/1951 1398/1/1951
f 1387/1/1952 1398/1/1952 1388/1/1952
f 1388/1/1953 1398/1/1953 1396/1/1953
f 1388/1/1954 1396/1/1954 1362/1/1954
f 1362/1/1955 1396/1/1955 1394/1/1955
f 1362/1/1956 1394/1/1956 1363/1/1956
f 1363/1/1957 1394/1/1957 1393/1/1957
f 1404/1/1958 1405/1/1958 1067/1/1958
f 1067/1/1959 1405/1/1959 1406/1/1959
f 1067/1/1960 1406/1/1960 1072/1/1960
f 1072/1/1961 1406/1/1961 1407/1/1961
f 1072/1/1962 1407/1/1962 1076/1/1962
f 1076/1/1963 1407/1/1963 1408/1/1963
f 1076/1/1964 1408/1/1964 1055/1/1964
f 1055/1/1965 1408/1/1965 1409/1/1965
f 1055/1/1965 1409/1/1965 1053/1/1965
f 1053/1/1966 1409/1/1966 1410/1/1966
f 1053/1/1966 1410/1/1966 1054/1/1966
f 1054/1/1967 1410/1/1967 1411/1/1967
f 1054/1/1967 1411/1/1967 1057/1/1967
f 1057/1/1968 1411/1/1968 1412/1/1968
f 1057/1/1968 1412/1/1968 1056/1/1968
f 1056/1/1969 1412/1/1969 1413/1/1969
f 1056/1/1970 1413/1/1970 1058/1/1970
f 1058/1/1971 1413/1/1971 1414/1/1971
f 1058/1/1971 1414/1/1971 1059/1/1971
f 1059/1/1972 1414/1/1972 1415/1/1972
f 1059/1/1972 1415/1/1972 1060/1/1972
f 1060/1/1973 1415/1/1973 1416/1/1973
f 1060/1/1973 1416/1/1973 1061/1/1973
f 1061/1/1974 1416/1/1974 1417/1/1974
f 1061/1/1974 1417/1/1974 1062/1/1974
f 1062/1/1975 1417/1/1975 1418/1/1975
f 1062/1/1976 1418/1/1976 1063/1/1976
f 1063/1/1977 1418/1/1977 1419/1/1977
f 1063/1/1978 1419/1/1978 1064/1/1978
f 1064/1/1979 1419/1/1979 1404/1/1979
f 1064/1/1980 1404/1/1980 1067/1/1980
f 1125/1/1981 1124/1/1981 1420/1/1981
f 1420/1/1982 1124/1/1982 1123/1/1982
f 1420/1/502 1123/1/502 1421/1/502
f 1421/1/1981 1123/1/1981 1122/1/1981
f 1421/1/502 1122/1/502 1422/1/502
f 1422/1/502 1122/1/502 1108/1/502
f 1422/1/502 1108/1/502 1423/1/502
f 1423/1/502 1108/1/502 1107/1/502
f 1423/1/502 1107/1/502 1317/1/502
f 1424/1/1983 1425/1/1983 1426/1/1983
f 1427/1/1984 1428/1/1984 1429/1/1984
f 1430/1/1985 1114/1/1985 1112/1/1985
f 1125/1/1986 1431/1/1986 1126/1/1986
f 1126/1/1987 1431/1/1987 1432/1/1987
f 1126/1/1988 1432/1/1988 1111/1/1988
f 1433/1/1989 1109/1/1989 1115/1/1989
f 1109/1/1990 1433/1/1990 810/1/1990
f 810/1/1991 1433/1/1991 1434/1/1991
f 810/1/1992 1434/1/1992 1435/1/1992
f 1435/1/1993 1434/1/1993 1436/1/1993
f 1435/1/1994 1436/1/1994 1437/1/1994
f 1428/1/1995 1438/1/1995 1439/1/1995
f 1439/1/1996 1438/1/1996 1440/1/1996
f 1439/1/1997 1440/1/1997 1441/1/1997
f 1442/1/1998 1443/1/1998 1444/1/1998
f 1444/1/1999 1443/1/1999 1445/1/1999
f 1444/1/2000 1445/1/2000 1427/1/2000
f 1446/1/2001 1447/1/2001 1448/1/2001
f 1428/1/2002 1439/1/2002 1429/1/2002
f 1429/1/2003 1439/1/2003 1449/1/2003
f 1429/1/2004 1449/1/2004 1436/1/2004
f 1436/1/2005 1449/1/2005 1450/1/2005
f 1436/1/2006 1450/1/2006 1437/1/2006
f 1448/1/2007 1424/1/2007 1446/1/2007
f 1446/1/2008 1424/1/2008 1426/1/2008
f 1446/1/2009 1426/1/2009 1451/1/2009
f 1451/1/2010 1426/1/2010 1452/1/2010
f 1451/1/2011 1452/1/2011 1431/1/2011
f 1431/1/2012 1452/1/2012 1453/1/2012
f 1431/1/2013 1453/1/2013 1432/1/2013
f 1432/1/2014 1453/1/2014 1430/1/2014
f 1432/1/2015 1430/1/2015 1111/1/2015
f 1111/1/2016 1430/1/2016 1112/1/2016
f 1425/1/2017 1442/1/2017 1426/1/2017
f 1426/1/2018 1442/1/2018 1444/1/2018
f 1426/1/2019 1444/1/2019 1452/1/2019
f 1452/1/2020 1444/1/2020 1454/1/2020
f 1452/1/2021 1454/1/2021 1453/1/2021
f 1453/1/2022 1454/1/2022 1455/1/2022
f 1453/1/2023 1455/1/2023 1430/1/2023
f 1430/1/2024 1455/1/2024 1456/1/2024
f 1430/1/2025 1456/1/2025 1114/1/2025
f 1427/1/2026 1429/1/2026 1444/1/2026
f 1444/1/2027 1429/1/2027 1436/1/2027
f 1444/1/2028 1436/1/2028 1454/1/2028
f 1454/1/2029 1436/1/2029 1434/1/2029
f 1454/1/2030 1434/1/2030 1455/1/2030
f 1455/1/2031 1434/1/2031 1433/1/2031
f 1455/1/2032 1433/1/2032 1456/1/2032
f 1456/1/2033 1433/1/2033 1115/1/2033
f 1456/1/2034 1115/1/2034 1114/1/2034
f 1132/1/2035 1138/1/2035 1457/1/2035
f 1132/1/2035 1457/1/2035 1458/1/2035
f 1458/1/2036 1457/1/2036 1459/1/2036
f 1458/1/2036 1459/1/2036 1460/1/2036
f 1460/1/2037 1459/1/2037 1461/1/2037
f 1460/1/2038 1461/1/2038 1462/1/2038
f 1462/1/31 1461/1/31 1463/1/31
f 1462/1/31 1463/1/31 1464/1/31
f 1465/1/2039 1466/1/2039 1467/1/2039
f 1465/1/2040 1467/1/2040 1468/1/2040
f 1468/1/2041 1467/1/2041 1469/1/2041
f 1468/1/2042 1469/1/2042 1470/1/2042
f 1470/1/2043 1469/1/2043 1471/1/2043
f 1470/1/2044 1471/1/2044 1472/1/2044
f 1472/1/2045 1471/1/2045 1134/1/2045
f 1472/1/2046 1134/1/2046 1133/1/2046
f 1473/1/2047 1463/1/2047 1461/1/2047
f 1135/1/2048 1134/1/2048 1471/1/2048
f 1135/1/2049 1471/1/2049 1136/1/2049
f 1474/1/2050 1475/1/2050 1136/1/2050
f 1136/1/2051 1475/1/2051 1137/1/2051
f 1476/1/2052 1467/1/2052 1466/1/2052
f 1466/1/2053 1477/1/2053 1476/1/2053
f 1476/1/2054 1477/1/2054 1478/1/2054
f 1476/1/2054 1478/1/2054 1479/1/2054
f 1479/1/2055 1478/1/2055 1473/1/2055
f 1479/1/2056 1473/1/2056 1480/1/2056
f 1480/1/2057 1473/1/2057 1461/1/2057
f 1480/1/2058 1461/1/2058 1459/1/2058
f 1467/1/2059 1476/1/2059 1481/1/2059
f 1481/1/2060 1476/1/2060 1479/1/2060
f 1481/1/2060 1479/1/2060 1482/1/2060
f 1482/1/2061 1479/1/2061 1480/1/2061
f 1482/1/2061 1480/1/2061 1483/1/2061
f 1483/1/2062 1480/1/2062 1459/1/2062
f 1483/1/2063 1459/1/2063 1457/1/2063
f 1474/1/2064 1136/1/2064 1484/1/2064
f 1484/1/2065 1136/1/2065 1471/1/2065
f 1484/1/2066 1471/1/2066 1469/1/2066
f 1138/1/2067 1137/1/2067 1457/1/2067
f 1457/1/2068 1137/1/2068 1475/1/2068
f 1457/1/2069 1475/1/2069 1483/1/2069
f 1483/1/2070 1475/1/2070 1474/1/2070
f 1483/1/2070 1474/1/2070 1482/1/2070
f 1482/1/2071 1474/1/2071 1484/1/2071
f 1482/1/2071 1484/1/2071 1481/1/2071
f 1481/1/2072 1484/1/2072 1469/1/2072
f 1481/1/2073 1469/1/2073 1467/1/2073
f 1464/1/2074 1485/1/2074 1462/1/2074
f 1462/1/2075 1485/1/2075 1486/1/2075
f 1462/1/2076 1486/1/2076 1460/1/2076
f 1460/1/2076 1486/1/2076 1487/1/2076
f 1460/1/2077 1487/1/2077 1458/1/2077
f 1458/1/2077 1487/1/2077 1488/1/2077
f 1458/1/1181 1488/1/1181 1132/1/1181
f 1132/1/1181 1488/1/1181 1139/1/1181
f 1485/1/2078 1489/1/2078 1486/1/2078
f 1486/1/2078 1489/1/2078 1490/1/2078
f 1486/1/2079 1490/1/2079 1487/1/2079
f 1487/1/2080 1490/1/2080 1491/1/2080
f 1487/1/2081 1491/1/2081 1488/1/2081
f 1488/1/2082 1491/1/2082 1492/1/2082
f 1488/1/2083 1492/1/2083 1139/1/2083
f 1139/1/2083 1492/1/2083 1140/1/2083
f 1489/1/2084 1493/1/2084 1490/1/2084
f 1490/1/2084 1493/1/2084 1494/1/2084
f 1490/1/2085 1494/1/2085 1491/1/2085
f 1491/1/2085 1494/1/2085 1495/1/2085
f 1491/1/2086 1495/1/2086 1492/1/2086
f 1492/1/2086 1495/1/2086 1496/1/2086
f 1492/1/2087 1496/1/2087 1140/1/2087
f 1140/1/2087 1496/1/2087 1141/1/2087
f 1493/1/2088 1497/1/2088 1494/1/2088
f 1494/1/2089 1497/1/2089 1498/1/2089
f 1494/1/2090 1498/1/2090 1495/1/2090
f 1495/1/2090 1498/1/2090 1499/1/2090
f 1495/1/2091 1499/1/2091 1496/1/2091
f 1496/1/2091 1499/1/2091 1500/1/2091
f 1496/1/2092 1500/1/2092 1141/1/2092
f 1141/1/2092 1500/1/2092 1142/1/2092
f 1177/1/2093 1501/1/2093 1160/1/2093
f 1160/1/2094 1501/1/2094 1502/1/2094
f 1503/1/2095 1157/1/2095 1502/1/2095
f 1502/1/2096 1157/1/2096 1158/1/2096
f 1502/1/2097 1158/1/2097 1160/1/2097
f 1504/1/2098 1505/1/2098 1503/1/2098
f 1503/1/2099 1505/1/2099 1161/1/2099
f 1503/1/2100 1161/1/2100 1157/1/2100
f 1504/1/2101 1503/1/2101 1506/1/2101
f 1506/1/2102 1503/1/2102 1507/1/2102
f 1506/1/2103 1507/1/2103 1508/1/2103
f 1508/1/2104 1507/1/2104 1509/1/2104
f 1508/1/2105 1509/1/2105 1510/1/2105
f 1510/1/2106 1509/1/2106 1511/1/2106
f 1510/1/2107 1511/1/2107 1512/1/2107
f 1512/1/2108 1511/1/2108 1513/1/2108
f 1512/1/2109 1513/1/2109 1514/1/2109
f 1514/1/2110 1513/1/2110 1515/1/2110
f 1514/1/2111 1515/1/2111 1516/1/2111
f 1516/1/2112 1515/1/2112 1517/1/2112
f 1516/1/2113 1517/1/2113 1518/1/2113
f 1186/1/545 1185/1/545 1501/1/545
f 1501/1/2114 1177/1/2114 1176/1/2114
f 1170/1/545 1168/1/545 1501/1/545
f 1501/1/545 1168/1/545 1166/1/545
f 1501/1/545 1166/1/545 1186/1/545
f 1176/1/545 1174/1/545 1501/1/545
f 1501/1/545 1174/1/545 1172/1/545
f 1501/1/545 1172/1/545 1170/1/545
f 1179/1/2115 1519/1/2115 1180/1/2115
f 1180/1/2116 1519/1/2116 1520/1/2116
f 1180/1/2117 1520/1/2117 1181/1/2117
f 1181/1/2118 1520/1/2118 1521/1/2118
f 1181/1/2119 1521/1/2119 1182/1/2119
f 1182/1/2120 1521/1/2120 1522/1/2120
f 1182/1/2121 1522/1/2121 1184/1/2121
f 1522/1/2122 1523/1/2122 1184/1/2122
f 1184/1/2123 1523/1/2123 1501/1/2123
f 1184/1/2124 1501/1/2124 1185/1/2124
f 1524/1/2125 1209/1/2125 1213/1/2125
f 1524/1/2125 1213/1/2125 1517/1/2125
f 1213/1/2125 1214/1/2125 1517/1/2125
f 1517/1/2125 1214/1/2125 1215/1/2125
f 1517/1/2125 1215/1/2125 1518/1/2125
f 1518/1/2125 1215/1/2125 1216/1/2125
f 1518/1/2125 1216/1/2125 1525/1/2125
f 1525/1/2125 1216/1/2125 1200/1/2125
f 1526/1/2126 1228/1/2126 1226/1/2126
f 1526/1/2127 1226/1/2127 1527/1/2127
f 1528/1/2128 1529/1/2128 1526/1/2128
f 1526/1/2129 1529/1/2129 1530/1/2129
f 1526/1/2130 1530/1/2130 1228/1/2130
f 1226/1/2131 1224/1/2131 1527/1/2131
f 1527/1/2132 1224/1/2132 1222/1/2132
f 1527/1/2133 1222/1/2133 1531/1/2133
f 1531/1/2134 1222/1/2134 1209/1/2134
f 1531/1/2135 1209/1/2135 1524/1/2135
f 1228/1/502 1530/1/502 1532/1/502
f 1532/1/502 1533/1/502 1228/1/502
f 1228/1/502 1533/1/502 1244/1/502
f 1228/1/502 1244/1/502 1534/1/502
f 1534/1/502 1244/1/502 1236/1/502
f 1142/1/2136 1500/1/2136 781/1/2136
f 781/1/2136 1500/1/2136 1257/1/2136
f 1257/1/2137 1500/1/2137 1256/1/2137
f 1256/1/2138 1500/1/2138 1499/1/2138
f 1256/1/2139 1499/1/2139 1255/1/2139
f 1255/1/2140 1499/1/2140 1498/1/2140
f 1255/1/2141 1498/1/2141 1253/1/2141
f 1253/1/2142 1498/1/2142 1497/1/2142
f 1253/1/539 1497/1/539 1250/1/539
f 1497/1/1108 1271/1/1108 1262/1/1108
f 1497/1/1108 1493/1/1108 1489/1/1108
f 1261/1/1108 1251/1/1108 1262/1/1108
f 1262/1/1108 1251/1/1108 1250/1/1108
f 1262/1/1108 1250/1/1108 1497/1/1108
f 1463/1/1108 1271/1/1108 1464/1/1108
f 1464/1/1108 1271/1/1108 1497/1/1108
f 1464/1/1108 1497/1/1108 1485/1/1108
f 1485/1/1108 1497/1/1108 1489/1/1108
f 1271/1/2143 1463/1/2143 1272/1/2143
f 1272/1/2143 1463/1/2143 1473/1/2143
f 1272/1/2140 1473/1/2140 1274/1/2140
f 1274/1/2140 1473/1/2140 1478/1/2140
f 1274/1/2144 1478/1/2144 1276/1/2144
f 1276/1/2144 1478/1/2144 1477/1/2144
f 1276/1/2136 1477/1/2136 1278/1/2136
f 1278/1/2136 1477/1/2136 1466/1/2136
f 1466/1/502 1465/1/502 1278/1/502
f 1278/1/502 1465/1/502 1288/1/502
f 1535/1/2145 1290/1/2145 859/1/2145
f 1535/1/2146 859/1/2146 1536/1/2146
f 859/1/2147 1537/1/2147 1536/1/2147
f 1536/1/2148 1537/1/2148 1538/1/2148
f 1536/1/2149 1538/1/2149 1539/1/2149
f 1539/1/2150 1538/1/2150 1540/1/2150
f 1539/1/2151 1540/1/2151 1541/1/2151
f 1541/1/2152 1540/1/2152 355/1/2152
f 1541/1/2153 355/1/2153 1542/1/2153
f 1543/1/2154 848/1/2154 1544/1/2154
f 1545/1/2155 1546/1/2155 1544/1/2155
f 1544/1/2156 1546/1/2156 1547/1/2156
f 1544/1/2157 1547/1/2157 1543/1/2157
f 1548/1/2158 1549/1/2158 1545/1/2158
f 1545/1/2159 1549/1/2159 1550/1/2159
f 1545/1/2160 1550/1/2160 1546/1/2160
f 1290/1/2161 1551/1/2161 873/1/2161
f 873/1/2162 1551/1/2162 1549/1/2162
f 873/1/2163 1549/1/2163 1552/1/2163
f 1552/1/2164 1549/1/2164 1548/1/2164
f 1307/1/498 1312/1/498 1553/1/498
f 1553/1/498 1312/1/498 1554/1/498
f 1555/1/498 1556/1/498 1312/1/498
f 1312/1/498 1556/1/498 1557/1/498
f 1312/1/498 1557/1/498 1554/1/498
f 1558/1/498 1559/1/498 1560/1/498
f 1560/1/498 1559/1/498 1555/1/498
f 1560/1/498 1555/1/498 1561/1/498
f 1561/1/498 1555/1/498 1312/1/498
f 1561/1/498 1312/1/498 1562/1/498
f 1563/1/498 1564/1/498 1565/1/498
f 1565/1/498 1564/1/498 1559/1/498
f 1565/1/498 1559/1/498 1566/1/498
f 1566/1/498 1559/1/498 1558/1/498
f 1348/1/2165 1347/1/2165 1567/1/2165
f 1348/1/2166 1567/1/2166 1349/1/2166
f 1349/1/2167 1567/1/2167 1568/1/2167
f 1349/1/2168 1568/1/2168 1350/1/2168
f 1350/1/2169 1568/1/2169 1569/1/2169
f 1350/1/2170 1569/1/2170 1351/1/2170
f 1351/1/2171 1569/1/2171 1570/1/2171
f 1351/1/2172 1570/1/2172 1329/1/2172
f 1329/1/2173 1570/1/2173 1571/1/2173
f 1329/1/2174 1571/1/2174 1330/1/2174
f 1571/1/2175 1572/1/2175 1330/1/2175
f 1330/1/2176 1572/1/2176 1573/1/2176
f 1330/1/2177 1573/1/2177 1332/1/2177
f 1332/1/2178 1573/1/2178 1574/1/2178
f 1332/1/2179 1574/1/2179 1333/1/2179
f 1333/1/2180 1574/1/2180 1575/1/2180
f 1333/1/2181 1575/1/2181 1334/1/2181
f 1334/1/2182 1575/1/2182 1335/1/2182
f 1576/1/2183 1577/1/2183 1578/1/2183
f 1578/1/2184 1577/1/2184 1579/1/2184
f 1578/1/2185 1579/1/2185 1580/1/2185
f 1570/1/2186 1569/1/2186 1581/1/2186
f 1336/1/2187 1582/1/2187 1337/1/2187
f 1337/1/2188 1582/1/2188 1338/1/2188
f 1336/1/2189 1335/1/2189 1582/1/2189
f 1582/1/2190 1335/1/2190 1575/1/2190
f 1582/1/2191 1575/1/2191 1574/1/2191
f 1574/1/2192 1573/1/2192 1582/1/2192
f 1582/1/2193 1573/1/2193 1572/1/2193
f 1582/1/2194 1572/1/2194 1581/1/2194
f 1581/1/2195 1572/1/2195 1571/1/2195
f 1581/1/2196 1571/1/2196 1570/1/2196
f 1583/1/2197 1576/1/2197 1582/1/2197
f 1582/1/2198 1576/1/2198 1578/1/2198
f 1582/1/2199 1578/1/2199 1338/1/2199
f 1338/1/2200 1578/1/2200 1580/1/2200
f 1338/1/2201 1580/1/2201 1339/1/2201
f 1583/1/2202 1582/1/2202 1584/1/2202
f 1584/1/2203 1582/1/2203 1581/1/2203
f 1584/1/2204 1581/1/2204 1585/1/2204
f 1585/1/2205 1581/1/2205 1569/1/2205
f 1585/1/2206 1569/1/2206 1568/1/2206
f 1568/1/2207 1567/1/2207 1585/1/2207
f 1585/1/2208 1567/1/2208 1347/1/2208
f 1585/1/2209 1347/1/2209 1345/1/2209
f 1344/1/2210 1358/1/2210 1586/1/2210
f 1585/1/2211 1345/1/2211 1587/1/2211
f 1587/1/2212 1345/1/2212 1344/1/2212
f 1587/1/2213 1344/1/2213 1588/1/2213
f 1588/1/2214 1344/1/2214 1586/1/2214
f 1353/1/2215 1361/1/2215 1589/1/2215
f 1589/1/2216 1590/1/2216 1353/1/2216
f 1353/1/2217 1590/1/2217 1591/1/2217
f 1353/1/2218 1591/1/2218 1355/1/2218
f 1355/1/2219 1591/1/2219 1592/1/2219
f 1355/1/2220 1592/1/2220 1357/1/2220
f 1357/1/2221 1592/1/2221 1586/1/2221
f 1357/1/2222 1586/1/2222 1358/1/2222
f 1589/1/2223 1361/1/2223 1593/1/2223
f 1593/1/2224 1361/1/2224 1360/1/2224
f 1359/1/2225 1594/1/2225 1360/1/2225
f 1360/1/2226 1594/1/2226 1593/1/2226
f 1366/1/2227 1595/1/2227 1359/1/2227
f 1359/1/2228 1595/1/2228 1594/1/2228
f 1595/1/2229 1366/1/2229 1596/1/2229
f 1596/1/2230 1366/1/2230 1365/1/2230
f 1363/1/2231 1597/1/2231 1365/1/2231
f 1365/1/2232 1597/1/2232 1596/1/2232
f 1598/1/1108 1404/1/1108 1599/1/1108
f 1599/1/1108 1404/1/1108 1419/1/1108
f 1599/1/1108 1419/1/1108 1600/1/1108
f 1600/1/1108 1419/1/1108 1418/1/1108
f 1600/1/1108 1418/1/1108 1601/1/1108
f 1601/1/1108 1418/1/1108 1417/1/1108
f 1601/1/1108 1417/1/1108 1602/1/1108
f 1603/1/1108 1408/1/1108 1604/1/1108
f 1604/1/1108 1408/1/1108 1407/1/1108
f 1604/1/1108 1407/1/1108 1605/1/1108
f 1605/1/1108 1407/1/1108 1406/1/1108
f 1605/1/1108 1406/1/1108 1598/1/1108
f 1598/1/1108 1406/1/1108 1405/1/1108
f 1598/1/1108 1405/1/1108 1404/1/1108
f 1417/1/1108 1416/1/1108 1602/1/1108
f 1602/1/1108 1416/1/1108 1415/1/1108
f 1602/1/1108 1415/1/1108 1606/1/1108
f 1606/1/1108 1415/1/1108 1414/1/1108
f 1606/1/1108 1414/1/1108 1607/1/1108
f 1607/1/1108 1414/1/1108 1413/1/1108
f 1607/1/1108 1413/1/1108 1608/1/1108
f 1608/1/1108 1413/1/1108 1412/1/1108
f 1608/1/1108 1412/1/1108 1609/1/1108
f 1609/1/1108 1412/1/1108 1411/1/1108
f 1609/1/1108 1411/1/1108 1610/1/1108
f 1610/1/1108 1411/1/1108 1410/1/1108
f 1610/1/1108 1410/1/1108 1603/1/1108
f 1603/1/1108 1410/1/1108 1409/1/1108
f 1603/1/1108 1409/1/1108 1408/1/1108
f 1611/1/2233 1612/1/2233 1613/1/2233
f 1614/1/2234 1615/1/2234 1616/1/2234
f 1617/1/2235 1618/1/2235 1619/1/2235
f 1620/1/2236 1621/1/2236 1622/1/2236
f 1617/1/2237 1619/1/2237 1623/1/2237
f 1623/1/2238 1619/1/2238 1624/1/2238
f 1623/1/2239 1624/1/2239 1625/1/2239
f 1615/1/2240 1626/1/2240 1616/1/2240
f 1616/1/2241 1626/1/2241 1627/1/2241
f 1616/1/2242 1627/1/2242 1628/1/2242
f 1628/1/2243 1625/1/2243 1616/1/2243
f 1616/1/2244 1625/1/2244 1624/1/2244
f 1616/1/2245 1624/1/2245 1614/1/2245
f 1614/1/2246 1624/1/2246 1613/1/2246
f 1614/1/2247 1613/1/2247 1629/1/2247
f 1629/1/2248 1613/1/2248 1612/1/2248
f 1621/1/2249 1465/1/2249 1622/1/2249
f 1622/1/2250 1465/1/2250 1468/1/2250
f 1622/1/2251 1468/1/2251 1630/1/2251
f 1630/1/2252 1468/1/2252 1470/1/2252
f 1630/1/2253 1470/1/2253 1631/1/2253
f 1631/1/2253 1470/1/2253 1472/1/2253
f 1631/1/2254 1472/1/2254 1632/1/2254
f 1632/1/2255 1472/1/2255 1133/1/2255
f 1618/1/2256 1620/1/2256 1619/1/2256
f 1619/1/2257 1620/1/2257 1622/1/2257
f 1619/1/2258 1622/1/2258 1624/1/2258
f 1624/1/2259 1622/1/2259 1630/1/2259
f 1624/1/2260 1630/1/2260 1613/1/2260
f 1613/1/2261 1630/1/2261 1631/1/2261
f 1613/1/2262 1631/1/2262 1611/1/2262
f 1611/1/2263 1631/1/2263 1632/1/2263
f 1524/1/2264 1517/1/2264 1633/1/2264
f 1633/1/2265 1517/1/2265 1634/1/2265
f 1633/1/2266 1634/1/2266 1635/1/2266
f 1635/1/2267 1634/1/2267 1636/1/2267
f 1636/1/2268 1634/1/2268 1637/1/2268
f 1636/1/2269 1637/1/2269 1638/1/2269
f 1638/1/2270 1637/1/2270 1519/1/2270
f 1638/1/2270 1519/1/2270 1639/1/2270
f 1640/1/2271 1641/1/2271 1642/1/2271
f 1640/1/2272 1642/1/2272 1643/1/2272
f 1643/1/2273 1642/1/2273 1644/1/2273
f 1643/1/2274 1644/1/2274 1645/1/2274
f 1641/1/2275 1640/1/2275 1646/1/2275
f 1646/1/2276 1640/1/2276 1647/1/2276
f 1646/1/2277 1647/1/2277 1648/1/2277
f 1649/1/2278 1650/1/2278 1651/1/2278
f 1648/1/2279 1647/1/2279 1651/1/2279
f 1651/1/2280 1647/1/2280 1652/1/2280
f 1651/1/2281 1652/1/2281 1649/1/2281
f 1650/1/2282 1649/1/2282 1653/1/2282
f 1653/1/2283 1649/1/2283 1528/1/2283
f 1653/1/2284 1528/1/2284 1526/1/2284
f 1641/1/2285 1646/1/2285 1654/1/2285
f 1650/1/2286 1653/1/2286 1655/1/2286
f 1650/1/2287 1655/1/2287 1651/1/2287
f 1654/1/2288 1646/1/2288 1656/1/2288
f 1656/1/2289 1646/1/2289 1648/1/2289
f 1656/1/2290 1648/1/2290 1651/1/2290
f 1638/1/2291 1639/1/2291 1657/1/2291
f 1635/1/2292 1636/1/2292 1656/1/2292
f 1656/1/2293 1636/1/2293 1638/1/2293
f 1656/1/2294 1638/1/2294 1654/1/2294
f 1654/1/2295 1638/1/2295 1657/1/2295
f 1654/1/2296 1657/1/2296 1641/1/2296
f 1641/1/2297 1657/1/2297 1658/1/2297
f 1641/1/2298 1658/1/2298 1642/1/2298
f 1651/1/2299 1655/1/2299 1656/1/2299
f 1656/1/2300 1655/1/2300 1633/1/2300
f 1656/1/2301 1633/1/2301 1635/1/2301
f 1524/1/2302 1633/1/2302 1531/1/2302
f 1531/1/2302 1633/1/2302 1655/1/2302
f 1531/1/2303 1655/1/2303 1527/1/2303
f 1527/1/2304 1655/1/2304 1653/1/2304
f 1527/1/2305 1653/1/2305 1526/1/2305
f 1551/1/2306 1290/1/2306 1659/1/2306
f 1659/1/2307 1290/1/2307 1535/1/2307
f 1660/1/545 1644/1/545 1661/1/545
f 1661/1/545 1644/1/545 1555/1/545
f 1661/1/545 1555/1/545 1662/1/545
f 1660/1/545 1663/1/545 1644/1/545
f 1644/1/545 1663/1/545 1664/1/545
f 1644/1/545 1664/1/545 1645/1/545
f 1664/1/545 1665/1/545 1645/1/545
f 1645/1/545 1665/1/545 1666/1/545
f 1645/1/545 1666/1/545 1559/1/545
f 1559/1/545 1666/1/545 1667/1/545
f 1559/1/545 1667/1/545 1668/1/545
f 1668/1/545 1669/1/545 1559/1/545
f 1559/1/545 1669/1/545 1670/1/545
f 1559/1/545 1670/1/545 1555/1/545
f 1555/1/545 1670/1/545 1671/1/545
f 1555/1/545 1671/1/545 1662/1/545
f 1645/1/2308 1559/1/2308 1564/1/2308
f 1645/1/2309 1564/1/2309 1672/1/2309
f 1672/1/2310 1564/1/2310 1563/1/2310
f 1672/1/2311 1563/1/2311 1673/1/2311
f 1673/1/2312 1563/1/2312 1565/1/2312
f 1673/1/2313 1565/1/2313 1674/1/2313
f 1674/1/2314 1565/1/2314 1566/1/2314
f 1674/1/2315 1566/1/2315 1675/1/2315
f 1676/1/2316 1675/1/2316 1566/1/2316
f 1676/1/2317 1566/1/2317 1677/1/2317
f 1566/1/2318 1558/1/2318 1677/1/2318
f 1677/1/2319 1558/1/2319 1560/1/2319
f 1677/1/2320 1560/1/2320 1678/1/2320
f 1561/1/2321 1679/1/2321 1560/1/2321
f 1560/1/2321 1679/1/2321 1678/1/2321
f 1680/1/2322 1681/1/2322 1682/1/2322
f 1583/1/2323 1683/1/2323 1576/1/2323
f 1576/1/2324 1683/1/2324 1680/1/2324
f 1576/1/2325 1680/1/2325 1577/1/2325
f 1577/1/2326 1680/1/2326 1682/1/2326
f 1684/1/2327 1609/1/2327 1685/1/2327
f 1685/1/2328 1609/1/2328 1610/1/2328
f 1685/1/2328 1610/1/2328 1686/1/2328
f 1686/1/2329 1610/1/2329 1603/1/2329
f 1686/1/2329 1603/1/2329 1687/1/2329
f 1687/1/2330 1603/1/2330 1604/1/2330
f 1687/1/2330 1604/1/2330 1688/1/2330
f 1688/1/2331 1604/1/2331 1605/1/2331
f 1688/1/2331 1605/1/2331 1689/1/2331
f 1689/1/2332 1605/1/2332 1598/1/2332
f 1689/1/2332 1598/1/2332 1690/1/2332
f 1690/1/545 1598/1/545 1599/1/545
f 1690/1/545 1599/1/545 1691/1/545
f 1691/1/2333 1599/1/2333 1600/1/2333
f 1691/1/2333 1600/1/2333 1692/1/2333
f 1692/1/2334 1600/1/2334 1601/1/2334
f 1692/1/2334 1601/1/2334 1693/1/2334
f 1693/1/2335 1601/1/2335 1602/1/2335
f 1693/1/2335 1602/1/2335 1694/1/2335
f 1694/1/2336 1602/1/2336 1606/1/2336
f 1694/1/2336 1606/1/2336 1695/1/2336
f 1695/1/2337 1606/1/2337 1607/1/2337
f 1695/1/2337 1607/1/2337 1696/1/2337
f 1696/1/2338 1607/1/2338 1608/1/2338
f 1696/1/2338 1608/1/2338 1684/1/2338
f 1684/1/2327 1608/1/2327 1609/1/2327
f 1667/1/544 1697/1/544 1668/1/544
f 1668/1/544 1697/1/544 1698/1/544
f 1668/1/543 1698/1/543 1669/1/543
f 1669/1/543 1698/1/543 1699/1/543
f 1669/1/542 1699/1/542 1670/1/542
f 1670/1/542 1699/1/542 1700/1/542
f 1670/1/541 1700/1/541 1671/1/541
f 1671/1/541 1700/1/541 1701/1/541
f 1671/1/540 1701/1/540 1662/1/540
f 1662/1/540 1701/1/540 1702/1/540
f 1662/1/539 1702/1/539 1661/1/539
f 1661/1/539 1702/1/539 1703/1/539
f 1661/1/538 1703/1/538 1660/1/538
f 1660/1/538 1703/1/538 1704/1/538
f 1660/1/537 1704/1/537 1663/1/537
f 1663/1/537 1704/1/537 1705/1/537
f 1663/1/536 1705/1/536 1664/1/536
f 1664/1/536 1705/1/536 1706/1/536
f 1664/1/535 1706/1/535 1665/1/535
f 1665/1/535 1706/1/535 1707/1/535
f 1665/1/534 1707/1/534 1666/1/534
f 1666/1/534 1707/1/534 1708/1/534
f 1666/1/533 1708/1/533 1667/1/533
f 1667/1/533 1708/1/533 1697/1/533
f 1291/1/2339 1709/1/2339 1710/1/2339
f 1710/1/2339 1709/1/2339 1711/1/2339
f 1710/1/2340 1711/1/2340 1712/1/2340
f 1712/1/2340 1711/1/2340 1713/1/2340
f 1712/1/2341 1713/1/2341 1714/1/2341
f 1714/1/2341 1713/1/2341 1715/1/2341
f 1714/1/2342 1715/1/2342 1716/1/2342
f 1716/1/2342 1715/1/2342 1717/1/2342
f 1718/1/2343 1717/1/2343 1719/1/2343
f 1719/1/2343 1717/1/2343 1715/1/2343
f 1719/1/2344 1715/1/2344 1720/1/2344
f 1720/1/2345 1715/1/2345 1713/1/2345
f 1720/1/2346 1713/1/2346 1721/1/2346
f 1721/1/2346 1713/1/2346 1711/1/2346
f 1721/1/2347 1711/1/2347 1722/1/2347
f 1722/1/2348 1711/1/2348 1709/1/2348
f 1722/1/2349 1709/1/2349 424/1/2349
f 1723/1/2350 1724/1/2350 1725/1/2350
f 1725/1/2351 1724/1/2351 1726/1/2351
f 1725/1/2352 1726/1/2352 1727/1/2352
f 1727/1/2353 1726/1/2353 1728/1/2353
f 1724/1/2354 1729/1/2354 1730/1/2354
f 1730/1/2355 1729/1/2355 1731/1/2355
f 1730/1/2356 1731/1/2356 1732/1/2356
f 1733/1/2357 1728/1/2357 1730/1/2357
f 1730/1/2358 1728/1/2358 1726/1/2358
f 1730/1/2359 1726/1/2359 1724/1/2359
f 1679/1/2360 1734/1/2360 1735/1/2360
f 1736/1/2361 1737/1/2361 1738/1/2361
f 1739/1/2362 1740/1/2362 1741/1/2362
f 1742/1/2363 1533/1/2363 1736/1/2363
f 1679/1/2364 1743/1/2364 1744/1/2364
f 1744/1/2365 1743/1/2365 1304/1/2365
f 1734/1/2366 1679/1/2366 1744/1/2366
f 1745/1/2367 1746/1/2367 1747/1/2367
f 1747/1/2368 1746/1/2368 1741/1/2368
f 1747/1/2369 1741/1/2369 1738/1/2369
f 1738/1/2370 1741/1/2370 1740/1/2370
f 1738/1/2371 1740/1/2371 1736/1/2371
f 1736/1/2372 1740/1/2372 1739/1/2372
f 1736/1/2373 1739/1/2373 1742/1/2373
f 1737/1/2374 1735/1/2374 1738/1/2374
f 1738/1/2375 1735/1/2375 1734/1/2375
f 1738/1/2376 1734/1/2376 1747/1/2376
f 1747/1/2377 1734/1/2377 1744/1/2377
f 1747/1/2377 1744/1/2377 1745/1/2377
f 1745/1/2378 1744/1/2378 1304/1/2378
f 1745/1/2379 1304/1/2379 1746/1/2379
f 1737/1/2374 1748/1/2374 1735/1/2374
f 1735/1/2380 1748/1/2380 1679/1/2380
f 1749/1/2381 1750/1/2381 1751/1/2381
f 1751/1/2381 1750/1/2381 1752/1/2381
f 1751/1/2382 1752/1/2382 1753/1/2382
f 1753/1/2382 1752/1/2382 1754/1/2382
f 1753/1/2383 1754/1/2383 1755/1/2383
f 1755/1/2384 1754/1/2384 1756/1/2384
f 1755/1/2385 1756/1/2385 1757/1/2385
f 1757/1/2386 1756/1/2386 1758/1/2386
f 1757/1/2387 1758/1/2387 1759/1/2387
f 1759/1/2387 1758/1/2387 1760/1/2387
f 1759/1/2388 1760/1/2388 1761/1/2388
f 1761/1/2389 1760/1/2389 1762/1/2389
f 1761/1/2390 1762/1/2390 1763/1/2390
f 1763/1/2391 1762/1/2391 1764/1/2391
f 1763/1/2392 1764/1/2392 1765/1/2392
f 1765/1/2392 1764/1/2392 1766/1/2392
f 1765/1/2393 1766/1/2393 1767/1/2393
f 1767/1/2393 1766/1/2393 1768/1/2393
f 1767/1/2394 1768/1/2394 1769/1/2394
f 1769/1/2394 1768/1/2394 1770/1/2394
f 1769/1/2395 1770/1/2395 1771/1/2395
f 1771/1/2395 1770/1/2395 1772/1/2395
f 1771/1/2396 1772/1/2396 1749/1/2396
f 1749/1/2397 1772/1/2397 1750/1/2397
f 1773/1/2398 1774/1/2398 1763/1/2398
f 1775/1/2399 1776/1/2399 1761/1/2399
f 1761/1/2400 1776/1/2400 1777/1/2400
f 1761/1/2401 1777/1/2401 1759/1/2401
f 1759/1/2402 1777/1/2402 1778/1/2402
f 1759/1/2403 1778/1/2403 1779/1/2403
f 1763/1/494 1774/1/494 1761/1/494
f 1761/1/2404 1774/1/2404 1780/1/2404
f 1761/1/2405 1780/1/2405 1775/1/2405
f 1781/1/2406 1782/1/2406 1767/1/2406
f 1767/1/2407 1782/1/2407 1783/1/2407
f 1767/1/2408 1783/1/2408 1765/1/2408
f 1765/1/2409 1783/1/2409 1784/1/2409
f 1765/1/493 1784/1/493 1763/1/493
f 1763/1/2410 1784/1/2410 1785/1/2410
f 1763/1/2411 1785/1/2411 1773/1/2411
f 1786/1/2412 1787/1/2412 1769/1/2412
f 1769/1/2413 1787/1/2413 1788/1/2413
f 1769/1/2414 1788/1/2414 1767/1/2414
f 1767/1/2415 1788/1/2415 1789/1/2415
f 1767/1/2416 1789/1/2416 1781/1/2416
f 1786/1/2417 1769/1/2417 1790/1/2417
f 1790/1/2418 1769/1/2418 1771/1/2418
f 1790/1/2419 1771/1/2419 1791/1/2419
f 1791/1/2420 1771/1/2420 1792/1/2420
f 1792/1/2421 1771/1/2421 1749/1/2421
f 1792/1/2422 1749/1/2422 1793/1/2422
f 1793/1/2423 1749/1/2423 1794/1/2423
f 1794/1/2424 1749/1/2424 1751/1/2424
f 1794/1/2425 1751/1/2425 1795/1/2425
f 1753/1/2426 1796/1/2426 1751/1/2426
f 1751/1/2427 1796/1/2427 1797/1/2427
f 1751/1/2428 1797/1/2428 1795/1/2428
f 1798/1/2429 1799/1/2429 1755/1/2429
f 1755/1/2430 1799/1/2430 1800/1/2430
f 1755/1/2431 1800/1/2431 1753/1/2431
f 1753/1/2432 1800/1/2432 1801/1/2432
f 1753/1/2433 1801/1/2433 1796/1/2433
f 1798/1/2434 1755/1/2434 1802/1/2434
f 1802/1/2435 1755/1/2435 1757/1/2435
f 1802/1/2436 1757/1/2436 1803/1/2436
f 1779/1/2437 1804/1/2437 1759/1/2437
f 1759/1/2438 1804/1/2438 1805/1/2438
f 1759/1/2439 1805/1/2439 1757/1/2439
f 1757/1/2440 1805/1/2440 1806/1/2440
f 1757/1/2441 1806/1/2441 1803/1/2441
f 1807/1/2442 1778/1/2442 1777/1/2442
f 1777/1/2443 1776/1/2443 1807/1/2443
f 1807/1/2444 1776/1/2444 1775/1/2444
f 1807/1/2445 1775/1/2445 1780/1/2445
f 1780/1/2446 1774/1/2446 1807/1/2446
f 1807/1/2447 1774/1/2447 1773/1/2447
f 1807/1/2448 1773/1/2448 1785/1/2448
f 1807/1/2449 1786/1/2449 1790/1/2449
f 1790/1/2450 1791/1/2450 1807/1/2450
f 1807/1/2451 1791/1/2451 1792/1/2451
f 1807/1/2451 1792/1/2451 1793/1/2451
f 1793/1/2452 1794/1/2452 1807/1/2452
f 1807/1/2453 1794/1/2453 1795/1/2453
f 1807/1/2454 1795/1/2454 1797/1/2454
f 1797/1/2455 1796/1/2455 1807/1/2455
f 1807/1/2456 1796/1/2456 1801/1/2456
f 1807/1/2457 1801/1/2457 1800/1/2457
f 1785/1/2458 1784/1/2458 1807/1/2458
f 1807/1/2459 1784/1/2459 1783/1/2459
f 1783/1/2460 1782/1/2460 1807/1/2460
f 1807/1/2461 1782/1/2461 1781/1/2461
f 1807/1/2462 1781/1/2462 1789/1/2462
f 1789/1/2463 1788/1/2463 1807/1/2463
f 1807/1/2464 1788/1/2464 1787/1/2464
f 1807/1/2465 1787/1/2465 1786/1/2465
f 1779/1/2466 1778/1/2466 1807/1/2466
f 1798/1/2467 1807/1/2467 1799/1/2467
f 1799/1/2468 1807/1/2468 1800/1/2468
f 1798/1/2469 1802/1/2469 1807/1/2469
f 1807/1/2470 1802/1/2470 1803/1/2470
f 1807/1/2471 1803/1/2471 1806/1/2471
f 1806/1/2472 1805/1/2472 1807/1/2472
f 1807/1/2473 1805/1/2473 1804/1/2473
f 1807/1/2474 1804/1/2474 1779/1/2474
f 1808/1/1108 1809/1/1108 1760/1/1108
f 1760/1/1108 1809/1/1108 1810/1/1108
f 1760/1/1108 1810/1/1108 1762/1/1108
f 1762/1/1108 1810/1/1108 1811/1/1108
f 1762/1/1108 1811/1/1108 1764/1/1108
f 1764/1/1108 1811/1/1108 1812/1/1108
f 1764/1/1108 1812/1/1108 1766/1/1108
f 1766/1/1108 1812/1/1108 1813/1/1108
f 1766/1/1108 1813/1/1108 1768/1/1108
f 1768/1/1108 1813/1/1108 1814/1/1108
f 1768/1/1108 1814/1/1108 1770/1/1108
f 1770/1/1108 1814/1/1108 1815/1/1108
f 1770/1/1108 1815/1/1108 1772/1/1108
f 1772/1/1108 1815/1/1108 1816/1/1108
f 1772/1/1108 1816/1/1108 1750/1/1108
f 1750/1/1108 1816/1/1108 1817/1/1108
f 1750/1/1108 1817/1/1108 1752/1/1108
f 1752/1/1108 1817/1/1108 1818/1/1108
f 1752/1/1108 1818/1/1108 1754/1/1108
f 1754/1/1108 1818/1/1108 1819/1/1108
f 1754/1/1108 1819/1/1108 1756/1/1108
f 1756/1/1108 1819/1/1108 1820/1/1108
f 1756/1/1108 1820/1/1108 1758/1/1108
f 1758/1/1108 1820/1/1108 1821/1/1108
f 1758/1/1108 1821/1/1108 1760/1/1108
f 1760/1/1108 1821/1/1108 1808/1/1108
f 1822/1/1108 1823/1/1108 1824/1/1108
f 1825/1/1108 1826/1/1108 1827/1/1108
f 1827/1/1108 1826/1/1108 1828/1/1108
f 1827/1/1108 1828/1/1108 1829/1/1108
f 1824/1/1108 1830/1/1108 1822/1/1108
f 1822/1/1108 1830/1/1108 1831/1/1108
f 1822/1/1108 1831/1/1108 1828/1/1108
f 1828/1/1108 1831/1/1108 1627/1/1108
f 1828/1/1108 1627/1/1108 1829/1/1108
f 796/1/1154 1832/1/1154 1127/1/1154
f 1127/1/2475 1832/1/2475 1833/1/2475
f 1832/1/2476 1834/1/2476 1833/1/2476
f 1833/1/2477 1834/1/2477 1835/1/2477
f 1833/1/2478 1835/1/2478 1836/1/2478
f 1835/1/2479 1837/1/2479 1836/1/2479
f 1836/1/538 1837/1/538 1822/1/538
f 1836/1/538 1822/1/538 1828/1/538
f 1838/1/2480 1839/1/2480 1840/1/2480
f 1838/1/2481 1840/1/2481 1841/1/2481
f 1841/1/2482 1840/1/2482 1842/1/2482
f 1841/1/2483 1842/1/2483 1843/1/2483
f 1844/1/2484 1845/1/2484 1846/1/2484
f 1839/1/2485 1847/1/2485 1840/1/2485
f 1840/1/2486 1847/1/2486 1848/1/2486
f 1840/1/2487 1848/1/2487 1846/1/2487
f 1846/1/2488 1848/1/2488 1849/1/2488
f 1846/1/2489 1849/1/2489 1844/1/2489
f 1844/1/2490 1850/1/2490 1845/1/2490
f 1845/1/2491 1850/1/2491 1851/1/2491
f 1845/1/2492 1851/1/2492 1852/1/2492
f 1852/1/2493 1851/1/2493 1853/1/2493
f 1852/1/2494 1853/1/2494 1854/1/2494
f 1854/1/2495 1853/1/2495 1855/1/2495
f 1855/1/2496 1853/1/2496 1856/1/2496
f 1855/1/2497 1856/1/2497 1857/1/2497
f 1857/1/2498 1856/1/2498 1858/1/2498
f 1857/1/2499 1858/1/2499 1859/1/2499
f 1859/1/2500 1858/1/2500 1860/1/2500
f 1859/1/2501 1860/1/2501 1861/1/2501
f 1861/1/2502 1860/1/2502 1862/1/2502
f 1861/1/2503 1862/1/2503 1863/1/2503
f 1863/1/2504 1862/1/2504 1864/1/2504
f 1863/1/2505 1864/1/2505 1865/1/2505
f 1865/1/2506 1864/1/2506 1866/1/2506
f 1865/1/2507 1866/1/2507 1867/1/2507
f 1866/1/2508 1868/1/2508 1867/1/2508
f 1867/1/2509 1868/1/2509 1869/1/2509
f 1867/1/2510 1869/1/2510 1870/1/2510
f 1870/1/2511 1869/1/2511 1871/1/2511
f 1870/1/2512 1871/1/2512 1872/1/2512
f 1872/1/2513 1871/1/2513 1873/1/2513
f 1872/1/2514 1873/1/2514 1874/1/2514
f 1874/1/2515 1873/1/2515 1875/1/2515
f 1874/1/2516 1875/1/2516 1876/1/2516
f 1876/1/2517 1875/1/2517 1877/1/2517
f 1876/1/2518 1877/1/2518 1878/1/2518
f 1877/1/2519 1879/1/2519 1878/1/2519
f 1878/1/2520 1879/1/2520 1880/1/2520
f 1878/1/2521 1880/1/2521 1881/1/2521
f 1881/1/2522 1880/1/2522 1882/1/2522
f 1881/1/2523 1882/1/2523 1883/1/2523
f 1883/1/2524 1882/1/2524 1884/1/2524
f 1883/1/2525 1884/1/2525 1885/1/2525
f 1886/1/2526 1887/1/2526 1888/1/2526
f 1884/1/2527 1889/1/2527 1885/1/2527
f 1885/1/2528 1889/1/2528 1890/1/2528
f 1885/1/2529 1890/1/2529 1891/1/2529
f 1891/1/2530 1890/1/2530 1892/1/2530
f 1891/1/2531 1892/1/2531 1893/1/2531
f 1893/1/2532 1892/1/2532 1894/1/2532
f 1893/1/2533 1894/1/2533 1895/1/2533
f 1895/1/2534 1894/1/2534 1896/1/2534
f 1895/1/2535 1896/1/2535 1897/1/2535
f 1897/1/2536 1896/1/2536 1886/1/2536
f 1897/1/2537 1886/1/2537 1898/1/2537
f 1898/1/2538 1886/1/2538 1888/1/2538
f 1898/1/2539 1888/1/2539 1899/1/2539
f 1899/1/2540 1888/1/2540 1900/1/2540
f 1899/1/2541 1900/1/2541 1901/1/2541
f 1901/1/2542 1900/1/2542 1902/1/2542
f 1901/1/2543 1902/1/2543 1903/1/2543
f 1903/1/2544 1902/1/2544 1904/1/2544
f 1903/1/2545 1904/1/2545 1905/1/2545
f 1905/1/2546 1904/1/2546 1906/1/2546
f 1905/1/2547 1906/1/2547 1907/1/2547
f 1907/1/2548 1906/1/2548 1908/1/2548
f 1907/1/2549 1908/1/2549 1909/1/2549
f 1908/1/2550 1910/1/2550 1909/1/2550
f 1909/1/2551 1910/1/2551 1911/1/2551
f 1909/1/2552 1911/1/2552 1912/1/2552
f 1912/1/2553 1911/1/2553 1913/1/2553
f 1913/1/2554 1914/1/2554 1912/1/2554
f 1912/1/2555 1914/1/2555 1915/1/2555
f 1912/1/2556 1915/1/2556 1916/1/2556
f 1915/1/2557 1917/1/2557 1916/1/2557
f 1916/1/2558 1917/1/2558 1918/1/2558
f 1916/1/2559 1918/1/2559 1919/1/2559
f 1919/1/2560 1918/1/2560 1920/1/2560
f 1919/1/2561 1920/1/2561 1921/1/2561
f 1921/1/2562 1920/1/2562 1922/1/2562
f 1923/1/2563 1924/1/2563 1925/1/2563
f 1925/1/2564 1924/1/2564 1183/1/2564
f 1926/1/2565 1927/1/2565 1928/1/2565
f 1928/1/2566 1927/1/2566 1921/1/2566
f 1928/1/2567 1921/1/2567 1923/1/2567
f 1923/1/2568 1921/1/2568 1922/1/2568
f 1923/1/2569 1922/1/2569 1924/1/2569
f 1929/1/545 1708/1/545 1930/1/545
f 1930/1/545 1708/1/545 1707/1/545
f 1930/1/545 1707/1/545 1931/1/545
f 1931/1/545 1707/1/545 1706/1/545
f 1931/1/545 1706/1/545 1932/1/545
f 1932/1/545 1706/1/545 1705/1/545
f 1932/1/545 1705/1/545 1933/1/545
f 1933/1/545 1705/1/545 1704/1/545
f 1933/1/545 1704/1/545 1934/1/545
f 1934/1/545 1704/1/545 1703/1/545
f 1934/1/545 1703/1/545 1935/1/545
f 1935/1/545 1703/1/545 1702/1/545
f 1935/1/545 1702/1/545 1936/1/545
f 1936/1/545 1702/1/545 1701/1/545
f 1936/1/545 1701/1/545 1937/1/545
f 1937/1/545 1701/1/545 1700/1/545
f 1937/1/545 1700/1/545 1938/1/545
f 1938/1/545 1700/1/545 1699/1/545
f 1938/1/545 1699/1/545 1939/1/545
f 1939/1/545 1699/1/545 1698/1/545
f 1939/1/545 1698/1/545 1940/1/545
f 1940/1/545 1698/1/545 1697/1/545
f 1940/1/545 1697/1/545 1929/1/545
f 1929/1/545 1697/1/545 1708/1/545
f 1809/1/2570 1808/1/2570 1690/1/2570
f 1690/1/2571 1808/1/2571 1821/1/2571
f 1690/1/2571 1821/1/2571 1689/1/2571
f 1689/1/2572 1821/1/2572 1820/1/2572
f 1689/1/2572 1820/1/2572 1688/1/2572
f 1688/1/2573 1820/1/2573 1819/1/2573
f 1688/1/2573 1819/1/2573 1687/1/2573
f 1687/1/2574 1819/1/2574 1818/1/2574
f 1687/1/2574 1818/1/2574 1686/1/2574
f 1686/1/2575 1818/1/2575 1817/1/2575
f 1686/1/2575 1817/1/2575 1685/1/2575
f 1685/1/2576 1817/1/2576 1816/1/2576
f 1685/1/2576 1816/1/2576 1684/1/2576
f 1684/1/2577 1816/1/2577 1815/1/2577
f 1684/1/2577 1815/1/2577 1696/1/2577
f 1696/1/2578 1815/1/2578 1814/1/2578
f 1696/1/2578 1814/1/2578 1695/1/2578
f 1695/1/2579 1814/1/2579 1813/1/2579
f 1695/1/2579 1813/1/2579 1694/1/2579
f 1694/1/2580 1813/1/2580 1812/1/2580
f 1694/1/2580 1812/1/2580 1693/1/2580
f 1693/1/2581 1812/1/2581 1811/1/2581
f 1693/1/2581 1811/1/2581 1692/1/2581
f 1692/1/2582 1811/1/2582 1810/1/2582
f 1692/1/2582 1810/1/2582 1691/1/2582
f 1691/1/2583 1810/1/2583 1809/1/2583
f 1691/1/2584 1809/1/2584 1690/1/2584
f 1941/1/2585 1682/1/2585 1942/1/2585
f 1942/1/2586 1682/1/2586 1681/1/2586
f 1942/1/2587 1681/1/2587 1943/1/2587
f 1943/1/2588 1681/1/2588 1944/1/2588
f 1943/1/2588 1944/1/2588 1945/1/2588
f 1945/1/2586 1944/1/2586 1946/1/2586
f 1947/1/2589 1948/1/2589 1949/1/2589
f 1672/1/2590 1950/1/2590 1645/1/2590
f 1645/1/2591 1950/1/2591 1643/1/2591
f 1643/1/2592 1950/1/2592 1640/1/2592
f 1640/1/2593 1950/1/2593 1951/1/2593
f 1640/1/2594 1951/1/2594 1647/1/2594
f 1647/1/2595 1951/1/2595 1949/1/2595
f 1647/1/2596 1949/1/2596 1652/1/2596
f 1652/1/2597 1949/1/2597 1649/1/2597
f 1649/1/2598 1949/1/2598 1948/1/2598
f 1649/1/2599 1948/1/2599 1528/1/2599
f 1952/1/2600 1953/1/2600 1947/1/2600
f 1675/1/2601 1954/1/2601 1955/1/2601
f 1955/1/2602 1954/1/2602 1956/1/2602
f 1957/1/2603 1675/1/2603 1955/1/2603
f 1673/1/2604 1958/1/2604 1959/1/2604
f 1959/1/2605 1958/1/2605 1957/1/2605
f 1959/1/2605 1957/1/2605 1960/1/2605
f 1960/1/2606 1957/1/2606 1955/1/2606
f 1960/1/2606 1955/1/2606 1952/1/2606
f 1952/1/2607 1955/1/2607 1956/1/2607
f 1952/1/2608 1956/1/2608 1953/1/2608
f 1947/1/2609 1949/1/2609 1952/1/2609
f 1952/1/2610 1949/1/2610 1951/1/2610
f 1952/1/2610 1951/1/2610 1960/1/2610
f 1960/1/2611 1951/1/2611 1950/1/2611
f 1960/1/2612 1950/1/2612 1959/1/2612
f 1959/1/2613 1950/1/2613 1672/1/2613
f 1959/1/2614 1672/1/2614 1673/1/2614
f 1958/1/2615 1675/1/2615 1957/1/2615
f 1673/1/2604 1674/1/2604 1958/1/2604
f 1958/1/2616 1674/1/2616 1675/1/2616
f 1627/1/2617 1831/1/2617 1628/1/2617
f 1628/1/2617 1831/1/2617 1961/1/2617
f 1628/1/2618 1961/1/2618 1625/1/2618
f 1625/1/2618 1961/1/2618 1962/1/2618
f 1625/1/2619 1962/1/2619 1623/1/2619
f 1623/1/2619 1962/1/2619 1963/1/2619
f 1623/1/2620 1963/1/2620 1617/1/2620
f 1617/1/2621 1963/1/2621 1964/1/2621
f 1617/1/2622 1964/1/2622 1618/1/2622
f 1618/1/2623 1964/1/2623 1965/1/2623
f 1618/1/2624 1965/1/2624 1620/1/2624
f 1620/1/2624 1965/1/2624 1966/1/2624
f 1620/1/2625 1966/1/2625 1621/1/2625
f 1621/1/2626 1966/1/2626 1967/1/2626
f 1621/1/2627 1967/1/2627 1465/1/2627
f 1465/1/2627 1967/1/2627 1288/1/2627
f 1532/1/2628 1530/1/2628 1968/1/2628
f 1968/1/2628 1530/1/2628 1969/1/2628
f 1968/1/2629 1969/1/2629 1970/1/2629
f 1970/1/2629 1969/1/2629 1971/1/2629
f 1970/1/2630 1971/1/2630 1972/1/2630
f 1971/1/2630 1973/1/2630 1972/1/2630
f 1972/1/2631 1973/1/2631 1677/1/2631
f 1972/1/2632 1677/1/2632 1678/1/2632
f 1736/1/2633 1533/1/2633 1532/1/2633
f 1532/1/2634 1968/1/2634 1736/1/2634
f 1736/1/2635 1968/1/2635 1970/1/2635
f 1736/1/2636 1970/1/2636 1737/1/2636
f 1737/1/2637 1970/1/2637 1972/1/2637
f 1737/1/2638 1972/1/2638 1748/1/2638
f 1748/1/2639 1972/1/2639 1678/1/2639
f 1748/1/2640 1678/1/2640 1679/1/2640
f 1676/1/2641 1677/1/2641 1974/1/2641
f 1974/1/2642 1677/1/2642 1973/1/2642
f 1974/1/2643 1973/1/2643 1975/1/2643
f 1975/1/2644 1973/1/2644 1971/1/2644
f 1975/1/2645 1971/1/2645 1976/1/2645
f 1976/1/2646 1971/1/2646 1969/1/2646
f 1948/1/2647 1977/1/2647 1528/1/2647
f 1528/1/2648 1977/1/2648 1529/1/2648
f 1530/1/2649 1529/1/2649 1969/1/2649
f 1969/1/2650 1529/1/2650 1977/1/2650
f 1969/1/2651 1977/1/2651 1976/1/2651
f 1976/1/2652 1977/1/2652 1948/1/2652
f 1675/1/2653 1676/1/2653 1954/1/2653
f 1954/1/2654 1676/1/2654 1974/1/2654
f 1954/1/2655 1974/1/2655 1956/1/2655
f 1956/1/2656 1974/1/2656 1975/1/2656
f 1956/1/2657 1975/1/2657 1953/1/2657
f 1953/1/2658 1975/1/2658 1976/1/2658
f 1953/1/2659 1976/1/2659 1947/1/2659
f 1947/1/2660 1976/1/2660 1948/1/2660
f 1513/1/2661 1511/1/2661 1978/1/2661
f 1521/1/2662 1520/1/2662 1979/1/2662
f 1519/1/2663 1980/1/2663 1979/1/2663
f 1523/1/2664 1522/1/2664 1981/1/2664
f 1981/1/2665 1522/1/2665 1521/1/2665
f 1521/1/2666 1979/1/2666 1981/1/2666
f 1981/1/2667 1979/1/2667 1980/1/2667
f 1981/1/2667 1980/1/2667 1982/1/2667
f 1520/1/2668 1519/1/2668 1979/1/2668
f 1501/1/2669 1523/1/2669 1502/1/2669
f 1502/1/2670 1523/1/2670 1981/1/2670
f 1502/1/2671 1981/1/2671 1503/1/2671
f 1503/1/2672 1981/1/2672 1982/1/2672
f 1503/1/2673 1982/1/2673 1507/1/2673
f 1507/1/2674 1982/1/2674 1509/1/2674
f 1511/1/2675 1509/1/2675 1978/1/2675
f 1978/1/2676 1509/1/2676 1982/1/2676
f 1978/1/2677 1982/1/2677 1983/1/2677
f 1983/1/2393 1982/1/2393 1980/1/2393
f 1983/1/2678 1980/1/2678 1519/1/2678
f 1515/1/2679 1513/1/2679 1984/1/2679
f 1984/1/2680 1513/1/2680 1978/1/2680
f 1984/1/2681 1978/1/2681 1985/1/2681
f 1985/1/2682 1978/1/2682 1983/1/2682
f 1985/1/2683 1983/1/2683 1519/1/2683
f 1517/1/2684 1515/1/2684 1634/1/2684
f 1634/1/2684 1515/1/2684 1984/1/2684
f 1634/1/2685 1984/1/2685 1637/1/2685
f 1637/1/2686 1984/1/2686 1985/1/2686
f 1637/1/2687 1985/1/2687 1519/1/2687
f 1597/1/2688 1363/1/2688 1986/1/2688
f 1986/1/2689 1363/1/2689 1393/1/2689
f 1986/1/2690 1393/1/2690 1987/1/2690
f 1987/1/2691 1393/1/2691 1395/1/2691
f 1987/1/2692 1395/1/2692 1988/1/2692
f 1988/1/2693 1395/1/2693 1397/1/2693
f 1988/1/2694 1397/1/2694 1989/1/2694
f 1397/1/2695 1399/1/2695 1989/1/2695
f 1989/1/2696 1399/1/2696 1401/1/2696
f 1989/1/2697 1401/1/2697 1990/1/2697
f 1990/1/2698 1401/1/2698 1991/1/2698
f 1991/1/2699 1401/1/2699 1402/1/2699
f 1991/1/2700 1402/1/2700 1992/1/2700
f 1313/1/533 1940/1/533 1314/1/533
f 1314/1/533 1940/1/533 1929/1/533
f 1314/1/534 1929/1/534 1305/1/534
f 1305/1/534 1929/1/534 1930/1/534
f 1305/1/535 1930/1/535 1303/1/535
f 1303/1/535 1930/1/535 1931/1/535
f 1303/1/536 1931/1/536 1302/1/536
f 1302/1/536 1931/1/536 1932/1/536
f 1302/1/537 1932/1/537 1319/1/537
f 1319/1/537 1932/1/537 1933/1/537
f 1319/1/538 1933/1/538 1320/1/538
f 1320/1/538 1933/1/538 1934/1/538
f 1320/1/539 1934/1/539 1321/1/539
f 1321/1/539 1934/1/539 1935/1/539
f 1321/1/540 1935/1/540 1316/1/540
f 1316/1/540 1935/1/540 1936/1/540
f 1316/1/541 1936/1/541 1315/1/541
f 1315/1/541 1936/1/541 1937/1/541
f 1315/1/542 1937/1/542 1310/1/542
f 1310/1/542 1937/1/542 1938/1/542
f 1310/1/543 1938/1/543 1311/1/543
f 1311/1/543 1938/1/543 1939/1/543
f 1311/1/544 1939/1/544 1313/1/544
f 1313/1/544 1939/1/544 1940/1/544
f 1993/1/1136 1994/1/1136 1995/1/1136
f 1557/1/1136 1556/1/1136 1993/1/1136
f 1993/1/1136 1995/1/1136 1557/1/1136
f 1557/1/2701 1995/1/2701 1996/1/2701
f 1557/1/2701 1996/1/2701 1554/1/2701
f 1554/1/2702 1996/1/2702 1997/1/2702
f 1554/1/2702 1997/1/2702 1553/1/2702
f 1553/1/1130 1997/1/1130 1299/1/1130
f 1553/1/1130 1299/1/1130 1307/1/1130
f 1317/1/2703 1318/1/2703 1998/1/2703
f 1998/1/2704 1318/1/2704 1309/1/2704
f 1998/1/2705 1309/1/2705 1308/1/2705
f 1317/1/2706 1998/1/2706 1423/1/2706
f 1423/1/2707 1998/1/2707 1999/1/2707
f 1423/1/2707 1999/1/2707 1422/1/2707
f 1422/1/2708 1999/1/2708 2000/1/2708
f 1422/1/2708 2000/1/2708 1421/1/2708
f 1421/1/2709 2000/1/2709 2001/1/2709
f 1421/1/2709 2001/1/2709 1420/1/2709
f 1125/1/2710 1420/1/2710 1431/1/2710
f 1431/1/2711 1420/1/2711 2001/1/2711
f 1431/1/2712 2001/1/2712 1451/1/2712
f 1446/1/2713 1451/1/2713 2002/1/2713
f 1447/1/2714 1446/1/2714 2003/1/2714
f 2003/1/2715 1446/1/2715 2004/1/2715
f 2003/1/2716 2004/1/2716 2005/1/2716
f 2005/1/2717 2004/1/2717 2006/1/2717
f 2005/1/2718 2006/1/2718 2007/1/2718
f 2007/1/2719 2006/1/2719 2008/1/2719
f 2008/1/2720 2006/1/2720 2009/1/2720
f 2008/1/2721 2009/1/2721 2010/1/2721
f 2010/1/2722 2009/1/2722 2011/1/2722
f 2010/1/2723 2011/1/2723 1301/1/2723
f 1446/1/2713 2002/1/2713 2004/1/2713
f 2004/1/2724 2002/1/2724 2012/1/2724
f 2004/1/2724 2012/1/2724 2006/1/2724
f 2006/1/2725 2012/1/2725 2013/1/2725
f 2006/1/2725 2013/1/2725 2009/1/2725
f 2009/1/2726 2013/1/2726 2014/1/2726
f 2009/1/2726 2014/1/2726 2011/1/2726
f 2011/1/2727 2014/1/2727 1306/1/2727
f 2011/1/2728 1306/1/2728 1301/1/2728
f 1451/1/2729 2001/1/2729 2002/1/2729
f 2002/1/2730 2001/1/2730 2000/1/2730
f 2002/1/2730 2000/1/2730 2012/1/2730
f 2012/1/2731 2000/1/2731 1999/1/2731
f 2012/1/2731 1999/1/2731 2013/1/2731
f 2013/1/2732 1999/1/2732 1998/1/2732
f 2013/1/2732 1998/1/2732 2014/1/2732
f 2014/1/2733 1998/1/2733 1308/1/2733
f 2014/1/2734 1308/1/2734 1306/1/2734
f 1746/1/2735 1304/1/2735 1104/1/2735
f 1244/1/2736 1533/1/2736 2015/1/2736
f 2015/1/2736 1533/1/2736 1742/1/2736
f 2015/1/2737 1742/1/2737 2016/1/2737
f 2016/1/2738 1742/1/2738 1739/1/2738
f 2016/1/2739 1739/1/2739 2017/1/2739
f 1104/1/2735 2018/1/2735 1746/1/2735
f 1746/1/2740 2018/1/2740 2017/1/2740
f 1746/1/2740 2017/1/2740 1741/1/2740
f 1741/1/2741 2017/1/2741 1739/1/2741
f 1679/1/2742 1561/1/2742 1743/1/2742
f 1743/1/2743 1561/1/2743 1562/1/2743
f 1743/1/2744 1562/1/2744 1304/1/2744
f 1304/1/1130 1562/1/1130 1312/1/1130
f 2019/1/2745 1298/1/2745 1299/1/2745
f 927/1/2746 1296/1/2746 2020/1/2746
f 2020/1/2746 1296/1/2746 2021/1/2746
f 2020/1/2747 2021/1/2747 2022/1/2747
f 2022/1/2747 2021/1/2747 2023/1/2747
f 2022/1/2748 2023/1/2748 2024/1/2748
f 2024/1/2748 2023/1/2748 2025/1/2748
f 2024/1/2749 2025/1/2749 1994/1/2749
f 2026/1/2750 2027/1/2750 2028/1/2750
f 2028/1/2751 2027/1/2751 2029/1/2751
f 2028/1/2752 2029/1/2752 2019/1/2752
f 2019/1/2753 2029/1/2753 2030/1/2753
f 2019/1/2754 2030/1/2754 1298/1/2754
f 1298/1/2754 2030/1/2754 1297/1/2754
f 1296/1/2755 1297/1/2755 2021/1/2755
f 2021/1/2755 1297/1/2755 2030/1/2755
f 2021/1/2756 2030/1/2756 2023/1/2756
f 2023/1/2757 2030/1/2757 2029/1/2757
f 2023/1/2758 2029/1/2758 2025/1/2758
f 2025/1/2758 2029/1/2758 2027/1/2758
f 2025/1/2759 2027/1/2759 1994/1/2759
f 2026/1/2760 1994/1/2760 2027/1/2760
f 1299/1/2761 1997/1/2761 2019/1/2761
f 2019/1/2762 1997/1/2762 1996/1/2762
f 2019/1/2763 1996/1/2763 2028/1/2763
f 2028/1/2764 1996/1/2764 1995/1/2764
f 2028/1/2765 1995/1/2765 2026/1/2765
f 2026/1/2766 1995/1/2766 1994/1/2766
f 1716/1/2767 2031/1/2767 2032/1/2767
f 1716/1/2767 2032/1/2767 1714/1/2767
f 1714/1/2768 2032/1/2768 2033/1/2768
f 1714/1/2769 2033/1/2769 1712/1/2769
f 1712/1/2770 2033/1/2770 2034/1/2770
f 1712/1/2770 2034/1/2770 1710/1/2770
f 1710/1/2771 2034/1/2771 902/1/2771
f 1710/1/2771 902/1/2771 1291/1/2771
f 2035/1/2772 2036/1/2772 2037/1/2772
f 1966/1/2773 1965/1/2773 2038/1/2773
f 1963/1/2774 1962/1/2774 2039/1/2774
f 2039/1/2775 1962/1/2775 1961/1/2775
f 2039/1/2776 1961/1/2776 1831/1/2776
f 2039/1/2777 2040/1/2777 1963/1/2777
f 1963/1/2778 2040/1/2778 2038/1/2778
f 1963/1/2779 2038/1/2779 1964/1/2779
f 1964/1/2780 2038/1/2780 1965/1/2780
f 1288/1/2781 1967/1/2781 1289/1/2781
f 1289/1/2782 1967/1/2782 2041/1/2782
f 1289/1/2783 2041/1/2783 1287/1/2783
f 1287/1/2784 2041/1/2784 2042/1/2784
f 1287/1/2785 2042/1/2785 1286/1/2785
f 1286/1/2786 2042/1/2786 1285/1/2786
f 1285/1/2787 2042/1/2787 2037/1/2787
f 1285/1/2788 2037/1/2788 1284/1/2788
f 1284/1/2789 2037/1/2789 2036/1/2789
f 1284/1/2790 2036/1/2790 786/1/2790
f 1831/1/2791 2043/1/2791 2039/1/2791
f 2039/1/2792 2043/1/2792 2044/1/2792
f 2039/1/2793 2044/1/2793 2040/1/2793
f 2040/1/2794 2044/1/2794 2045/1/2794
f 2040/1/2795 2045/1/2795 2046/1/2795
f 2046/1/2796 2045/1/2796 2047/1/2796
f 2046/1/2797 2047/1/2797 2048/1/2797
f 2048/1/2798 2035/1/2798 2046/1/2798
f 2046/1/2799 2035/1/2799 2037/1/2799
f 2046/1/2800 2037/1/2800 2040/1/2800
f 2040/1/2800 2037/1/2800 2042/1/2800
f 2040/1/2801 2042/1/2801 2038/1/2801
f 2038/1/2802 2042/1/2802 2041/1/2802
f 2038/1/2803 2041/1/2803 1966/1/2803
f 1966/1/2804 2041/1/2804 1967/1/2804
f 1220/1/2805 1229/1/2805 1239/1/2805
f 1236/1/2806 1237/1/2806 2049/1/2806
f 1236/1/2807 2049/1/2807 1534/1/2807
f 1534/1/2808 2049/1/2808 1227/1/2808
f 1534/1/2809 1227/1/2809 1228/1/2809
f 1229/1/2810 1227/1/2810 1239/1/2810
f 1239/1/2811 1227/1/2811 2049/1/2811
f 1239/1/2812 2049/1/2812 1238/1/2812
f 1238/1/2813 2049/1/2813 1237/1/2813
f 2050/1/2814 2051/1/2814 2052/1/2814
f 2053/1/2815 2054/1/2815 2055/1/2815
f 2056/1/2816 2057/1/2816 2058/1/2816
f 2059/1/2817 2060/1/2817 2061/1/2817
f 2062/1/2818 2063/1/2818 2064/1/2818
f 2060/1/2819 2059/1/2819 2065/1/2819
f 2066/1/2820 2067/1/2820 2068/1/2820
f 2068/1/2821 2067/1/2821 2069/1/2821
f 2068/1/2822 2069/1/2822 2070/1/2822
f 1846/1/2823 2071/1/2823 1840/1/2823
f 1855/1/2824 1857/1/2824 2066/1/2824
f 1897/1/2825 1898/1/2825 2060/1/2825
f 1153/1/2826 1152/1/2826 2072/1/2826
f 1147/1/2827 1146/1/2827 2073/1/2827
f 2074/1/2828 2075/1/2828 2076/1/2828
f 2076/1/2829 2075/1/2829 2077/1/2829
f 2078/1/2830 2079/1/2830 2080/1/2830
f 2080/1/2831 2079/1/2831 2081/1/2831
f 2080/1/2832 2081/1/2832 2053/1/2832
f 2082/1/2833 2083/1/2833 2084/1/2833
f 2084/1/2834 2083/1/2834 2085/1/2834
f 2084/1/2835 2085/1/2835 2078/1/2835
f 2078/1/2836 2085/1/2836 2086/1/2836
f 2078/1/2837 2086/1/2837 2079/1/2837
f 2087/1/2838 1392/1/2838 1374/1/2838
f 2088/1/2839 1370/1/2839 1369/1/2839
f 1372/1/2840 2089/1/2840 1373/1/2840
f 1373/1/2841 2089/1/2841 1326/1/2841
f 2073/1/2842 1403/1/2842 1327/1/2842
f 1403/1/2843 2073/1/2843 1367/1/2843
f 1367/1/2844 2073/1/2844 1146/1/2844
f 1367/1/2845 1146/1/2845 1145/1/2845
f 1152/1/2846 1151/1/2846 2090/1/2846
f 2090/1/2847 1151/1/2847 1150/1/2847
f 2090/1/2848 1150/1/2848 2091/1/2848
f 2091/1/2849 1150/1/2849 1149/1/2849
f 2091/1/2850 1149/1/2850 1148/1/2850
f 2092/1/2851 1155/1/2851 2072/1/2851
f 2072/1/2852 1155/1/2852 1156/1/2852
f 2072/1/2853 1156/1/2853 1153/1/2853
f 1159/1/2854 1144/1/2854 2092/1/2854
f 2092/1/2855 1144/1/2855 1154/1/2855
f 2092/1/2856 1154/1/2856 1155/1/2856
f 1919/1/2857 1921/1/2857 2093/1/2857
f 2093/1/2858 1921/1/2858 1927/1/2858
f 2093/1/2859 1927/1/2859 2094/1/2859
f 2094/1/2860 1927/1/2860 1926/1/2860
f 1926/1/2861 1928/1/2861 2094/1/2861
f 2094/1/2862 1928/1/2862 1923/1/2862
f 2094/1/2863 1923/1/2863 1925/1/2863
f 1907/1/2864 1909/1/2864 2061/1/2864
f 2061/1/2865 1909/1/2865 1912/1/2865
f 2061/1/2866 1912/1/2866 1916/1/2866
f 1901/1/2867 1903/1/2867 2061/1/2867
f 2061/1/2868 1903/1/2868 1905/1/2868
f 2061/1/2869 1905/1/2869 1907/1/2869
f 2060/1/2870 1898/1/2870 2061/1/2870
f 2061/1/2871 1898/1/2871 1899/1/2871
f 2061/1/2872 1899/1/2872 1901/1/2872
f 2060/1/2873 1885/1/2873 1891/1/2873
f 1891/1/2874 1893/1/2874 2060/1/2874
f 2060/1/2875 1893/1/2875 1895/1/2875
f 2060/1/2876 1895/1/2876 1897/1/2876
f 1872/1/2877 1874/1/2877 2065/1/2877
f 2065/1/2878 1874/1/2878 1876/1/2878
f 1876/1/2879 1878/1/2879 2065/1/2879
f 2065/1/2880 1878/1/2880 1881/1/2880
f 2065/1/2881 1881/1/2881 2060/1/2881
f 2060/1/2882 1881/1/2882 1883/1/2882
f 2060/1/2883 1883/1/2883 1885/1/2883
f 1857/1/2884 1859/1/2884 2095/1/2884
f 1859/1/2885 1861/1/2885 2095/1/2885
f 2095/1/2886 1861/1/2886 1863/1/2886
f 2095/1/2887 1863/1/2887 1865/1/2887
f 1846/1/2888 1845/1/2888 2066/1/2888
f 1845/1/2889 1852/1/2889 2066/1/2889
f 2066/1/2890 1852/1/2890 1854/1/2890
f 2066/1/2891 1854/1/2891 1855/1/2891
f 2096/1/2892 2097/1/2892 2098/1/2892
f 2099/1/2893 2100/1/2893 2101/1/2893
f 2102/1/2894 2103/1/2894 2104/1/2894
f 2104/1/2895 2103/1/2895 2105/1/2895
f 2104/1/2896 2105/1/2896 2106/1/2896
f 2106/1/2897 2105/1/2897 2107/1/2897
f 2106/1/2898 2107/1/2898 2108/1/2898
f 2108/1/2899 2107/1/2899 2109/1/2899
f 2108/1/2900 2109/1/2900 2110/1/2900
f 2110/1/2901 2109/1/2901 2111/1/2901
f 2110/1/2902 2111/1/2902 2112/1/2902
f 2113/1/2903 2114/1/2903 2115/1/2903
f 2115/1/2904 2114/1/2904 2116/1/2904
f 2115/1/2905 2116/1/2905 2117/1/2905
f 2118/1/2906 2119/1/2906 2120/1/2906
f 2120/1/2907 2119/1/2907 2121/1/2907
f 2120/1/2908 2121/1/2908 2113/1/2908
f 2113/1/2909 2121/1/2909 2122/1/2909
f 2113/1/2910 2122/1/2910 2114/1/2910
f 2123/1/2911 2103/1/2911 2099/1/2911
f 2099/1/2912 2103/1/2912 2102/1/2912
f 2099/1/2913 2102/1/2913 2100/1/2913
f 2097/1/2914 2096/1/2914 2101/1/2914
f 2101/1/2915 2096/1/2915 2124/1/2915
f 2101/1/2916 2124/1/2916 2099/1/2916
f 2099/1/2917 2124/1/2917 2125/1/2917
f 2099/1/2918 2125/1/2918 2123/1/2918
f 2126/1/2919 2127/1/2919 2128/1/2919
f 2128/1/2920 2127/1/2920 2129/1/2920
f 2128/1/2921 2129/1/2921 2130/1/2921
f 1846/1/2922 2066/1/2922 2071/1/2922
f 2071/1/2923 2066/1/2923 2068/1/2923
f 2071/1/2924 2068/1/2924 1840/1/2924
f 1840/1/2925 2068/1/2925 2070/1/2925
f 1840/1/2926 2070/1/2926 1842/1/2926
f 1857/1/2927 2095/1/2927 2066/1/2927
f 2066/1/2928 2095/1/2928 2127/1/2928
f 2066/1/2929 2127/1/2929 2067/1/2929
f 2067/1/2930 2127/1/2930 2126/1/2930
f 2067/1/2931 2126/1/2931 2069/1/2931
f 1865/1/2932 1867/1/2932 2095/1/2932
f 2095/1/2933 1867/1/2933 2131/1/2933
f 2095/1/2934 2131/1/2934 2127/1/2934
f 2127/1/2935 2131/1/2935 2132/1/2935
f 2127/1/2936 2132/1/2936 2129/1/2936
f 2129/1/2937 2132/1/2937 2133/1/2937
f 2129/1/2938 2133/1/2938 2130/1/2938
f 2062/1/2939 2064/1/2939 2134/1/2939
f 2135/1/2940 2061/1/2940 2093/1/2940
f 2093/1/2941 2061/1/2941 1916/1/2941
f 2093/1/2942 1916/1/2942 1919/1/2942
f 1870/1/2943 1872/1/2943 2136/1/2943
f 2136/1/2944 1872/1/2944 2065/1/2944
f 2136/1/2945 2065/1/2945 2137/1/2945
f 2137/1/2946 2065/1/2946 2059/1/2946
f 2137/1/2947 2059/1/2947 2134/1/2947
f 2134/1/2948 2059/1/2948 2061/1/2948
f 2134/1/2949 2061/1/2949 2062/1/2949
f 2062/1/2950 2061/1/2950 2135/1/2950
f 2062/1/2951 2135/1/2951 2063/1/2951
f 2138/1/2952 2057/1/2952 2139/1/2952
f 2139/1/2953 2057/1/2953 2056/1/2953
f 2139/1/2954 2056/1/2954 2140/1/2954
f 1175/1/2955 1159/1/2955 2141/1/2955
f 2141/1/2956 1159/1/2956 2092/1/2956
f 2141/1/2957 2092/1/2957 2142/1/2957
f 2142/1/2958 2092/1/2958 2072/1/2958
f 2142/1/2959 2072/1/2959 2143/1/2959
f 2143/1/2960 2072/1/2960 1152/1/2960
f 2143/1/2961 1152/1/2961 2144/1/2961
f 2144/1/2962 1152/1/2962 2090/1/2962
f 2091/1/2963 2145/1/2963 2090/1/2963
f 2090/1/2964 2145/1/2964 2146/1/2964
f 2090/1/2965 2146/1/2965 2144/1/2965
f 2144/1/2966 2146/1/2966 2147/1/2966
f 2144/1/2967 2147/1/2967 2143/1/2967
f 2143/1/2968 2147/1/2968 2148/1/2968
f 2143/1/2969 2148/1/2969 2142/1/2969
f 2142/1/2970 2148/1/2970 2149/1/2970
f 2142/1/2971 2149/1/2971 2141/1/2971
f 2141/1/2972 2149/1/2972 2150/1/2972
f 2141/1/2973 2150/1/2973 1175/1/2973
f 1175/1/2974 2150/1/2974 2151/1/2974
f 1175/1/2975 2151/1/2975 1173/1/2975
f 1148/1/2976 1147/1/2976 2091/1/2976
f 2091/1/2977 1147/1/2977 2073/1/2977
f 2091/1/2978 2073/1/2978 2152/1/2978
f 2152/1/2979 2073/1/2979 1327/1/2979
f 2152/1/2980 1327/1/2980 1326/1/2980
f 2054/1/2981 2153/1/2981 2154/1/2981
f 2054/1/2982 2154/1/2982 2055/1/2982
f 2055/1/2983 2154/1/2983 2155/1/2983
f 2055/1/2984 2155/1/2984 2156/1/2984
f 2156/1/2985 2155/1/2985 2157/1/2985
f 2156/1/2986 2157/1/2986 2158/1/2986
f 2053/1/2987 2055/1/2987 2080/1/2987
f 2080/1/2988 2055/1/2988 2156/1/2988
f 2080/1/2989 2156/1/2989 2078/1/2989
f 2078/1/2990 2156/1/2990 2158/1/2990
f 2078/1/2991 2158/1/2991 2084/1/2991
f 2159/1/2992 2082/1/2992 2050/1/2992
f 2050/1/2993 2082/1/2993 2084/1/2993
f 2050/1/2994 2084/1/2994 2051/1/2994
f 2051/1/2995 2084/1/2995 2158/1/2995
f 2051/1/2996 2158/1/2996 2052/1/2996
f 2052/1/2997 2158/1/2997 2157/1/2997
f 2052/1/2998 2157/1/2998 2160/1/2998
f 2160/1/2999 2157/1/2999 2155/1/2999
f 2160/1/3000 2155/1/3000 2161/1/3000
f 2161/1/3001 2155/1/3001 2154/1/3001
f 2161/1/3002 2154/1/3002 2162/1/3002
f 2162/1/3003 2154/1/3003 2153/1/3003
f 2162/1/3004 2153/1/3004 2163/1/3004
f 2164/1/3005 2165/1/3005 2166/1/3005
f 2166/1/3006 2165/1/3006 2167/1/3006
f 2166/1/3007 2167/1/3007 2168/1/3007
f 2168/1/3008 2167/1/3008 2087/1/3008
f 2169/1/3009 2170/1/3009 2171/1/3009
f 2171/1/3010 2170/1/3010 2089/1/3010
f 2171/1/3011 2089/1/3011 2088/1/3011
f 2088/1/3012 2089/1/3012 1372/1/3012
f 2088/1/3013 1372/1/3013 1370/1/3013
f 1326/1/3014 2089/1/3014 2152/1/3014
f 2152/1/3015 2089/1/3015 2170/1/3015
f 2152/1/3016 2170/1/3016 2091/1/3016
f 2091/1/3017 2170/1/3017 2169/1/3017
f 2091/1/3018 2169/1/3018 2145/1/3018
f 2145/1/3019 2169/1/3019 2172/1/3019
f 2145/1/3020 2172/1/3020 2146/1/3020
f 2146/1/3021 2172/1/3021 2173/1/3021
f 2146/1/3022 2173/1/3022 2147/1/3022
f 2147/1/3023 2173/1/3023 2140/1/3023
f 2147/1/3024 2140/1/3024 2148/1/3024
f 2148/1/3025 2140/1/3025 2056/1/3025
f 2148/1/3026 2056/1/3026 2149/1/3026
f 2149/1/3027 2056/1/3027 2058/1/3027
f 2149/1/3028 2058/1/3028 2150/1/3028
f 2169/1/3029 2174/1/3029 2172/1/3029
f 2172/1/3030 2174/1/3030 2175/1/3030
f 2172/1/3031 2175/1/3031 2173/1/3031
f 2173/1/3032 2175/1/3032 2176/1/3032
f 2173/1/3033 2176/1/3033 2140/1/3033
f 2140/1/3034 2176/1/3034 2177/1/3034
f 2140/1/3035 2177/1/3035 2139/1/3035
f 2139/1/3036 2177/1/3036 2178/1/3036
f 2139/1/3037 2178/1/3037 2138/1/3037
f 2138/1/3038 2178/1/3038 2179/1/3038
f 2138/1/3039 2179/1/3039 2057/1/3039
f 2057/1/3040 2179/1/3040 2180/1/3040
f 2057/1/3041 2180/1/3041 2058/1/3041
f 2058/1/3042 2180/1/3042 2181/1/3042
f 2058/1/3043 2181/1/3043 2150/1/3043
f 2150/1/3044 2181/1/3044 2182/1/3044
f 2150/1/3045 2182/1/3045 2151/1/3045
f 2151/1/3046 2182/1/3046 2183/1/3046
f 2151/1/3047 2183/1/3047 1173/1/3047
f 1173/1/3048 2183/1/3048 1171/1/3048
f 2123/1/3049 2184/1/3049 2103/1/3049
f 2103/1/3050 2184/1/3050 2185/1/3050
f 2103/1/3051 2185/1/3051 2105/1/3051
f 2105/1/3052 2185/1/3052 2186/1/3052
f 2105/1/3053 2186/1/3053 2107/1/3053
f 2107/1/3054 2186/1/3054 2187/1/3054
f 2107/1/3055 2187/1/3055 2109/1/3055
f 2109/1/3056 2187/1/3056 2117/1/3056
f 2109/1/3057 2117/1/3057 2111/1/3057
f 2111/1/3058 2117/1/3058 2116/1/3058
f 2111/1/3059 2116/1/3059 2112/1/3059
f 2188/1/3060 2189/1/3060 2190/1/3060
f 2190/1/3061 2189/1/3061 2191/1/3061
f 2190/1/3062 2191/1/3062 2192/1/3062
f 2192/1/3063 2191/1/3063 2193/1/3063
f 2192/1/3064 2193/1/3064 2194/1/3064
f 2194/1/3065 2193/1/3065 2195/1/3065
f 2194/1/3066 2195/1/3066 2196/1/3066
f 2196/1/3067 2195/1/3067 2197/1/3067
f 2196/1/3068 2197/1/3068 2198/1/3068
f 2198/1/3069 2197/1/3069 2199/1/3069
f 2198/1/3070 2199/1/3070 2200/1/3070
f 2200/1/3071 2199/1/3071 2201/1/3071
f 2200/1/3072 2201/1/3072 2202/1/3072
f 2189/1/3073 2203/1/3073 2191/1/3073
f 2191/1/3074 2203/1/3074 2204/1/3074
f 2191/1/3075 2204/1/3075 2193/1/3075
f 2193/1/3076 2204/1/3076 2205/1/3076
f 2193/1/3077 2205/1/3077 2195/1/3077
f 2195/1/3078 2205/1/3078 2206/1/3078
f 2195/1/3079 2206/1/3079 2197/1/3079
f 2197/1/3080 2206/1/3080 2076/1/3080
f 2197/1/3081 2076/1/3081 2199/1/3081
f 2199/1/3082 2076/1/3082 2077/1/3082
f 2199/1/3083 2077/1/3083 2201/1/3083
f 2093/1/3084 2207/1/3084 2135/1/3084
f 2135/1/3085 2207/1/3085 2208/1/3085
f 2135/1/3086 2208/1/3086 2063/1/3086
f 2063/1/3087 2208/1/3087 2209/1/3087
f 2063/1/3088 2209/1/3088 2064/1/3088
f 2064/1/3089 2209/1/3089 2210/1/3089
f 2064/1/3090 2210/1/3090 2211/1/3090
f 2211/1/3091 2210/1/3091 2212/1/3091
f 2211/1/3092 2212/1/3092 2213/1/3092
f 2213/1/3093 2212/1/3093 2214/1/3093
f 2213/1/3094 2214/1/3094 2215/1/3094
f 2215/1/3095 2214/1/3095 2216/1/3095
f 2215/1/3096 2216/1/3096 2217/1/3096
f 2217/1/3097 2216/1/3097 2218/1/3097
f 2217/1/3098 2218/1/3098 2219/1/3098
f 2219/1/3099 2218/1/3099 2220/1/3099
f 2219/1/3100 2220/1/3100 2221/1/3100
f 2221/1/3101 2220/1/3101 2222/1/3101
f 2221/1/3102 2222/1/3102 2223/1/3102
f 2223/1/3103 2222/1/3103 2224/1/3103
f 2223/1/2965 2224/1/2965 2225/1/2965
f 2225/1/3104 2224/1/3104 2226/1/3104
f 2225/1/3105 2226/1/3105 2227/1/3105
f 2227/1/3106 2226/1/3106 2164/1/3106
f 1374/1/3107 1030/1/3107 2087/1/3107
f 2087/1/3108 1030/1/3108 2159/1/3108
f 2087/1/3109 2159/1/3109 2168/1/3109
f 2168/1/3110 2159/1/3110 2050/1/3110
f 2168/1/3111 2050/1/3111 2166/1/3111
f 2166/1/3112 2050/1/3112 2052/1/3112
f 2166/1/3113 2052/1/3113 2164/1/3113
f 2164/1/3114 2052/1/3114 2160/1/3114
f 2164/1/3115 2160/1/3115 2227/1/3115
f 2227/1/3116 2160/1/3116 2161/1/3116
f 2227/1/3117 2161/1/3117 2225/1/3117
f 2225/1/3118 2161/1/3118 2162/1/3118
f 2225/1/3119 2162/1/3119 2223/1/3119
f 2223/1/3120 2162/1/3120 2163/1/3120
f 2223/1/3121 2163/1/3121 2221/1/3121
f 2221/1/3122 2163/1/3122 2228/1/3122
f 2221/1/3123 2228/1/3123 2219/1/3123
f 2219/1/3124 2228/1/3124 2229/1/3124
f 2219/1/3125 2229/1/3125 2217/1/3125
f 2217/1/3126 2229/1/3126 2230/1/3126
f 2217/1/3127 2230/1/3127 2215/1/3127
f 2215/1/3128 2230/1/3128 2231/1/3128
f 2215/1/3129 2231/1/3129 2213/1/3129
f 2213/1/3130 2231/1/3130 2232/1/3130
f 2213/1/3131 2232/1/3131 2211/1/3131
f 2211/1/3132 2232/1/3132 2130/1/3132
f 2211/1/3133 2130/1/3133 2064/1/3133
f 2064/1/3134 2130/1/3134 2133/1/3134
f 2064/1/3135 2133/1/3135 2134/1/3135
f 2134/1/3136 2133/1/3136 2132/1/3136
f 2134/1/3137 2132/1/3137 2137/1/3137
f 2137/1/3138 2132/1/3138 2131/1/3138
f 2137/1/3139 2131/1/3139 2136/1/3139
f 2136/1/3140 2131/1/3140 1867/1/3140
f 2136/1/3141 1867/1/3141 1870/1/3141
f 2233/1/3142 2118/1/3142 2202/1/3142
f 2202/1/3143 2118/1/3143 2120/1/3143
f 2202/1/3144 2120/1/3144 2200/1/3144
f 2200/1/3145 2120/1/3145 2113/1/3145
f 2200/1/3146 2113/1/3146 2198/1/3146
f 2198/1/3147 2113/1/3147 2115/1/3147
f 2198/1/3148 2115/1/3148 2196/1/3148
f 2196/1/3149 2115/1/3149 2117/1/3149
f 2196/1/3150 2117/1/3150 2194/1/3150
f 2194/1/3151 2117/1/3151 2187/1/3151
f 2194/1/3152 2187/1/3152 2192/1/3152
f 2192/1/3153 2187/1/3153 2186/1/3153
f 2192/1/3154 2186/1/3154 2190/1/3154
f 2190/1/3155 2186/1/3155 2185/1/3155
f 2190/1/3156 2185/1/3156 2188/1/3156
f 2188/1/3157 2185/1/3157 2184/1/3157
f 2081/1/3158 2074/1/3158 2053/1/3158
f 2053/1/3159 2074/1/3159 2076/1/3159
f 2053/1/3160 2076/1/3160 2054/1/3160
f 2054/1/3161 2076/1/3161 2206/1/3161
f 2054/1/3162 2206/1/3162 2153/1/3162
f 2153/1/3163 2206/1/3163 2205/1/3163
f 2153/1/3164 2205/1/3164 2163/1/3164
f 2163/1/3165 2205/1/3165 2204/1/3165
f 2163/1/3166 2204/1/3166 2228/1/3166
f 2228/1/3167 2204/1/3167 2203/1/3167
f 2228/1/3168 2203/1/3168 2229/1/3168
f 2229/1/3169 2203/1/3169 2189/1/3169
f 2229/1/3170 2189/1/3170 2230/1/3170
f 2230/1/3171 2189/1/3171 2188/1/3171
f 2230/1/3172 2188/1/3172 2231/1/3172
f 2231/1/3173 2188/1/3173 2184/1/3173
f 2231/1/3174 2184/1/3174 2232/1/3174
f 2232/1/3175 2184/1/3175 2123/1/3175
f 2232/1/3176 2123/1/3176 2130/1/3176
f 2130/1/3177 2123/1/3177 2125/1/3177
f 2130/1/3178 2125/1/3178 2128/1/3178
f 2128/1/3179 2125/1/3179 2124/1/3179
f 2128/1/3180 2124/1/3180 2126/1/3180
f 2126/1/3181 2124/1/3181 2096/1/3181
f 2126/1/3182 2096/1/3182 2069/1/3182
f 2069/1/3183 2096/1/3183 2098/1/3183
f 2069/1/3184 2098/1/3184 2070/1/3184
f 1925/1/3185 1183/1/3185 2094/1/3185
f 2094/1/3186 1183/1/3186 1165/1/3186
f 2094/1/3187 1165/1/3187 2093/1/3187
f 2093/1/3188 1165/1/3188 1167/1/3188
f 2093/1/3189 1167/1/3189 2207/1/3189
f 2207/1/3190 1167/1/3190 1169/1/3190
f 2207/1/3191 1169/1/3191 2208/1/3191
f 2208/1/3192 1169/1/3192 1171/1/3192
f 2208/1/3193 1171/1/3193 2209/1/3193
f 2209/1/3194 1171/1/3194 2183/1/3194
f 2209/1/3195 2183/1/3195 2210/1/3195
f 2210/1/3196 2183/1/3196 2182/1/3196
f 2210/1/3197 2182/1/3197 2212/1/3197
f 2212/1/3198 2182/1/3198 2181/1/3198
f 2212/1/3199 2181/1/3199 2214/1/3199
f 2214/1/3200 2181/1/3200 2180/1/3200
f 2214/1/3201 2180/1/3201 2216/1/3201
f 2216/1/3202 2180/1/3202 2179/1/3202
f 2216/1/3203 2179/1/3203 2218/1/3203
f 2218/1/3204 2179/1/3204 2178/1/3204
f 2218/1/3205 2178/1/3205 2220/1/3205
f 2220/1/3206 2178/1/3206 2177/1/3206
f 2220/1/3207 2177/1/3207 2222/1/3207
f 2222/1/3208 2177/1/3208 2176/1/3208
f 2222/1/3209 2176/1/3209 2224/1/3209
f 2224/1/3210 2176/1/3210 2175/1/3210
f 2224/1/3211 2175/1/3211 2226/1/3211
f 2226/1/3212 2175/1/3212 2174/1/3212
f 2226/1/3213 2174/1/3213 2164/1/3213
f 2164/1/3214 2174/1/3214 2169/1/3214
f 2164/1/3215 2169/1/3215 2165/1/3215
f 2165/1/3216 2169/1/3216 2171/1/3216
f 2165/1/3217 2171/1/3217 2167/1/3217
f 2167/1/3218 2171/1/3218 2088/1/3218
f 2167/1/3219 2088/1/3219 2087/1/3219
f 2087/1/3220 2088/1/3220 1369/1/3220
f 2087/1/3221 1369/1/3221 1392/1/3221
f 1993/1/1108 1556/1/1108 2234/1/1108
f 2234/1/1108 1556/1/1108 1555/1/1108
f 2234/1/1108 1555/1/1108 1658/1/1108
f 1658/1/1108 1555/1/1108 1644/1/1108
f 1658/1/1108 1644/1/1108 1642/1/1108
f 1518/1/3222 1525/1/3222 2235/1/3222
f 1518/1/3223 2235/1/3223 1516/1/3223
f 1516/1/3224 2235/1/3224 2236/1/3224
f 1516/1/3225 2236/1/3225 1514/1/3225
f 1506/1/3226 1508/1/3226 2237/1/3226
f 2237/1/3227 1508/1/3227 1510/1/3227
f 2237/1/3228 1510/1/3228 2236/1/3228
f 2236/1/3229 1510/1/3229 1512/1/3229
f 2236/1/3230 1512/1/3230 1514/1/3230
f 1187/1/3231 1163/1/3231 1505/1/3231
f 1505/1/3232 1163/1/3232 1162/1/3232
f 1505/1/3233 1162/1/3233 1161/1/3233
f 1505/1/3234 1504/1/3234 1187/1/3234
f 1187/1/3235 1504/1/3235 1506/1/3235
f 1187/1/3236 1506/1/3236 1188/1/3236
f 1188/1/3237 1506/1/3237 2238/1/3237
f 1188/1/3238 2238/1/3238 1189/1/3238
f 1189/1/3239 2238/1/3239 1202/1/3239
f 1506/1/3240 2237/1/3240 2238/1/3240
f 2238/1/3241 2237/1/3241 1203/1/3241
f 2238/1/3242 1203/1/3242 1202/1/3242
f 1194/1/3243 1201/1/3243 2236/1/3243
f 2236/1/3244 1201/1/3244 1206/1/3244
f 2236/1/3245 1206/1/3245 2237/1/3245
f 2237/1/3246 1206/1/3246 1205/1/3246
f 2237/1/3247 1205/1/3247 1203/1/3247
f 1525/1/3248 1200/1/3248 2235/1/3248
f 2235/1/3249 1200/1/3249 1197/1/3249
f 2235/1/3250 1197/1/3250 2236/1/3250
f 2236/1/3251 1197/1/3251 1195/1/3251
f 2236/1/3252 1195/1/3252 1194/1/3252
f 1829/1/3253 1627/1/3253 2239/1/3253
f 2239/1/3253 1627/1/3253 1626/1/3253
f 2239/1/3254 1626/1/3254 2240/1/3254
f 1133/1/3255 1131/1/3255 1632/1/3255
f 1632/1/3256 1131/1/3256 2241/1/3256
f 1626/1/3257 1615/1/3257 2240/1/3257
f 2240/1/3258 1615/1/3258 1614/1/3258
f 2240/1/3259 1614/1/3259 2242/1/3259
f 2242/1/3260 1614/1/3260 1629/1/3260
f 2242/1/3261 1629/1/3261 2243/1/3261
f 2243/1/3262 1629/1/3262 1612/1/3262
f 2243/1/3263 1612/1/3263 2241/1/3263
f 2241/1/3264 1612/1/3264 1611/1/3264
f 2241/1/3265 1611/1/3265 1632/1/3265
f 2241/1/568 1131/1/568 1130/1/568
f 2242/1/3266 2243/1/3266 2244/1/3266
f 2244/1/3267 2243/1/3267 2241/1/3267
f 2241/1/3268 1130/1/3268 2244/1/3268
f 2244/1/3269 1130/1/3269 1129/1/3269
f 2244/1/3269 1129/1/3269 2245/1/3269
f 2245/1/3270 1129/1/3270 1128/1/3270
f 2245/1/3270 1128/1/3270 2246/1/3270
f 2246/1/3271 1128/1/3271 1127/1/3271
f 2246/1/3271 1127/1/3271 1833/1/3271
f 2239/1/3272 2240/1/3272 2247/1/3272
f 2247/1/3273 2240/1/3273 2242/1/3273
f 2242/1/3274 2244/1/3274 2247/1/3274
f 2247/1/3275 2244/1/3275 2245/1/3275
f 2247/1/3275 2245/1/3275 2248/1/3275
f 2248/1/3276 2245/1/3276 2246/1/3276
f 2248/1/3277 2246/1/3277 2249/1/3277
f 2249/1/3278 2246/1/3278 1833/1/3278
f 2249/1/3278 1833/1/3278 1836/1/3278
f 1827/1/3279 1829/1/3279 2239/1/3279
f 2239/1/3280 2247/1/3280 1827/1/3280
f 1827/1/3281 2247/1/3281 2248/1/3281
f 1827/1/3281 2248/1/3281 1825/1/3281
f 1825/1/3282 2248/1/3282 2249/1/3282
f 1825/1/3282 2249/1/3282 1826/1/3282
f 1826/1/3283 2249/1/3283 1836/1/3283
f 1826/1/3283 1836/1/3283 1828/1/3283
f 1082/1/3284 1081/1/3284 2250/1/3284
f 1099/1/3285 1101/1/3285 1245/1/3285
f 1240/1/3286 1241/1/3286 2251/1/3286
f 1242/1/3287 1243/1/3287 2252/1/3287
f 1084/1/3288 1094/1/3288 2253/1/3288
f 1084/1/3289 2253/1/3289 1085/1/3289
f 2018/1/3290 1104/1/3290 1085/1/3290
f 1085/1/3291 2253/1/3291 2018/1/3291
f 2018/1/3292 2253/1/3292 2254/1/3292
f 2018/1/3293 2254/1/3293 2017/1/3293
f 2017/1/3294 2254/1/3294 2252/1/3294
f 2017/1/3295 2252/1/3295 2016/1/3295
f 2016/1/3296 2252/1/3296 2015/1/3296
f 2015/1/3297 2252/1/3297 1243/1/3297
f 2015/1/3298 1243/1/3298 1244/1/3298
f 1240/1/3299 2251/1/3299 1248/1/3299
f 1248/1/3300 2251/1/3300 2255/1/3300
f 1248/1/3301 2255/1/3301 1247/1/3301
f 1095/1/3302 1097/1/3302 2256/1/3302
f 2256/1/3303 1097/1/3303 1099/1/3303
f 2256/1/3304 1099/1/3304 2257/1/3304
f 2257/1/3305 1099/1/3305 1245/1/3305
f 2257/1/3306 1245/1/3306 1246/1/3306
f 1081/1/3307 1095/1/3307 2250/1/3307
f 2250/1/3308 1095/1/3308 2256/1/3308
f 2250/1/3309 2256/1/3309 2255/1/3309
f 2255/1/3309 2256/1/3309 2257/1/3309
f 2255/1/3310 2257/1/3310 1247/1/3310
f 1247/1/3311 2257/1/3311 1246/1/3311
f 1094/1/3312 1082/1/3312 2253/1/3312
f 2253/1/3313 1082/1/3313 2250/1/3313
f 2253/1/3314 2250/1/3314 2254/1/3314
f 2254/1/3314 2250/1/3314 2255/1/3314
f 2254/1/3315 2255/1/3315 2252/1/3315
f 2252/1/3316 2255/1/3316 2251/1/3316
f 2252/1/3317 2251/1/3317 1242/1/3317
f 1242/1/3318 2251/1/3318 1241/1/3318
f 1551/1/3319 1659/1/3319 1051/1/3319
f 1547/1/3320 1546/1/3320 1543/1/3320
f 1543/1/3321 1546/1/3321 1550/1/3321
f 1543/1/3322 1550/1/3322 1051/1/3322
f 1051/1/3323 1550/1/3323 1549/1/3323
f 1051/1/3324 1549/1/3324 1551/1/3324
f 1535/1/3325 1536/1/3325 2258/1/3325
f 2258/1/3326 1536/1/3326 1539/1/3326
f 2258/1/3327 1539/1/3327 1542/1/3327
f 1542/1/3328 1539/1/3328 1541/1/3328
f 1542/1/3329 1052/1/3329 2258/1/3329
f 2258/1/3330 1052/1/3330 1051/1/3330
f 2258/1/3331 1051/1/3331 1535/1/3331
f 1535/1/3332 1051/1/3332 1659/1/3332
f 461/1/3333 927/1/3333 2020/1/3333
f 2259/1/3334 462/1/3334 461/1/3334
f 461/1/3335 2020/1/3335 2259/1/3335
f 2259/1/3336 2020/1/3336 2022/1/3336
f 2259/1/3337 2022/1/3337 2260/1/3337
f 2260/1/3338 2022/1/3338 2261/1/3338
f 2261/1/3339 2022/1/3339 2024/1/3339
f 2261/1/3340 2024/1/3340 2262/1/3340
f 2262/1/3341 2024/1/3341 2263/1/3341
f 2263/1/3342 2024/1/3342 1994/1/3342
f 2263/1/3343 1994/1/3343 2264/1/3343
f 953/1/3344 954/1/3344 1443/1/3344
f 1443/1/3345 954/1/3345 1445/1/3345
f 1445/1/3346 954/1/3346 1427/1/3346
f 1427/1/3347 954/1/3347 956/1/3347
f 1427/1/3348 956/1/3348 1428/1/3348
f 956/1/3349 905/1/3349 904/1/3349
f 1428/1/3350 956/1/3350 1438/1/3350
f 1438/1/3351 956/1/3351 904/1/3351
f 1438/1/1108 904/1/1108 1440/1/1108
f 1440/1/3352 904/1/3352 903/1/3352
f 1440/1/1108 903/1/1108 1441/1/1108
f 946/1/3353 2007/1/3353 945/1/3353
f 945/1/3354 2007/1/3354 2008/1/3354
f 945/1/3355 2008/1/3355 943/1/3355
f 943/1/3356 2008/1/3356 2010/1/3356
f 943/1/3357 2010/1/3357 941/1/3357
f 941/1/3358 2010/1/3358 1301/1/3358
f 941/1/3359 1301/1/3359 929/1/3359
f 949/1/3360 1447/1/3360 948/1/3360
f 948/1/3361 1447/1/3361 2003/1/3361
f 948/1/3362 2003/1/3362 946/1/3362
f 946/1/3363 2003/1/3363 2005/1/3363
f 946/1/3364 2005/1/3364 2007/1/3364
f 1443/1/3365 1442/1/3365 953/1/3365
f 953/1/3366 1442/1/3366 1425/1/3366
f 953/1/3367 1425/1/3367 951/1/3367
f 951/1/3368 1425/1/3368 1424/1/3368
f 951/1/3369 1424/1/3369 949/1/3369
f 949/1/3370 1424/1/3370 1448/1/3370
f 949/1/3371 1448/1/3371 1447/1/3371
f 402/1/3372 901/1/3372 2265/1/3372
f 402/1/3373 2265/1/3373 2266/1/3373
f 2266/1/3374 2265/1/3374 2267/1/3374
f 2266/1/3375 2267/1/3375 2268/1/3375
f 2268/1/3376 2267/1/3376 2269/1/3376
f 2268/1/3377 2269/1/3377 2270/1/3377
f 2270/1/3378 2269/1/3378 2271/1/3378
f 2270/1/3379 2271/1/3379 36/1/3379
f 901/1/3380 902/1/3380 2265/1/3380
f 2265/1/3380 902/1/3380 2034/1/3380
f 2265/1/3381 2034/1/3381 2267/1/3381
f 2267/1/3382 2034/1/3382 2033/1/3382
f 2267/1/3383 2033/1/3383 2269/1/3383
f 2269/1/3383 2033/1/3383 2032/1/3383
f 2269/1/3384 2032/1/3384 2271/1/3384
f 2271/1/3385 2032/1/3385 2031/1/3385
f 845/1/3386 844/1/3386 2272/1/3386
f 848/1/3387 2273/1/3387 2274/1/3387
f 1545/1/3388 1544/1/3388 2274/1/3388
f 2274/1/3389 1544/1/3389 848/1/3389
f 846/1/3390 2275/1/3390 847/1/3390
f 847/1/3391 2275/1/3391 848/1/3391
f 2273/1/3392 848/1/3392 2275/1/3392
f 1552/1/3393 1548/1/3393 2276/1/3393
f 2276/1/3394 1548/1/3394 1545/1/3394
f 1545/1/3395 2274/1/3395 2276/1/3395
f 2276/1/3396 2274/1/3396 2273/1/3396
f 2276/1/3396 2273/1/3396 2277/1/3396
f 2277/1/3397 2273/1/3397 2275/1/3397
f 2277/1/3397 2275/1/3397 2272/1/3397
f 2272/1/3398 2275/1/3398 846/1/3398
f 2272/1/3399 846/1/3399 845/1/3399
f 872/1/3400 873/1/3400 1552/1/3400
f 1552/1/3401 2276/1/3401 872/1/3401
f 872/1/3402 2276/1/3402 2277/1/3402
f 872/1/3402 2277/1/3402 871/1/3402
f 871/1/3403 2277/1/3403 2272/1/3403
f 871/1/3404 2272/1/3404 870/1/3404
f 870/1/3405 2272/1/3405 844/1/3405
f 870/1/3405 844/1/3405 374/1/3405
f 794/1/3406 793/1/3406 2278/1/3406
f 795/1/1137 2279/1/1137 796/1/1137
f 796/1/1137 2279/1/1137 1832/1/1137
f 1832/1/3407 2279/1/3407 1834/1/3407
f 1834/1/3408 2279/1/3408 2280/1/3408
f 1834/1/3409 2280/1/3409 1835/1/3409
f 1835/1/3410 2280/1/3410 2281/1/3410
f 1835/1/3411 2281/1/3411 1837/1/3411
f 1837/1/3412 2281/1/3412 1823/1/3412
f 1837/1/3413 1823/1/3413 1822/1/3413
f 795/1/3414 794/1/3414 2279/1/3414
f 2279/1/3415 794/1/3415 2278/1/3415
f 2279/1/3416 2278/1/3416 2280/1/3416
f 2280/1/3416 2278/1/3416 2282/1/3416
f 2280/1/3417 2282/1/3417 2281/1/3417
f 2281/1/3417 2282/1/3417 2283/1/3417
f 2281/1/3418 2283/1/3418 1823/1/3418
f 1823/1/3418 2283/1/3418 1824/1/3418
f 793/1/3419 787/1/3419 2278/1/3419
f 2278/1/3419 787/1/3419 2284/1/3419
f 2278/1/3420 2284/1/3420 2282/1/3420
f 2282/1/3420 2284/1/3420 2285/1/3420
f 2282/1/3421 2285/1/3421 2283/1/3421
f 2283/1/3421 2285/1/3421 2286/1/3421
f 2283/1/3422 2286/1/3422 1824/1/3422
f 1824/1/3422 2286/1/3422 1830/1/3422
f 787/1/1130 786/1/1130 2284/1/1130
f 2284/1/3423 786/1/3423 2036/1/3423
f 1831/1/3424 1830/1/3424 2043/1/3424
f 2043/1/3425 1830/1/3425 2286/1/3425
f 2043/1/3426 2286/1/3426 2044/1/3426
f 2044/1/3427 2286/1/3427 2285/1/3427
f 2044/1/3428 2285/1/3428 2045/1/3428
f 2036/1/3429 2035/1/3429 2284/1/3429
f 2284/1/3430 2035/1/3430 2048/1/3430
f 2284/1/3431 2048/1/3431 2285/1/3431
f 2285/1/3432 2048/1/3432 2047/1/3432
f 2285/1/3433 2047/1/3433 2045/1/3433
f 1145/1/3434 613/1/3434 666/1/3434
f 1145/1/3435 666/1/3435 1368/1/3435
f 1368/1/3436 666/1/3436 1992/1/3436
f 1368/1/3437 1992/1/3437 1402/1/3437
f 600/1/3438 710/1/3438 1100/1/3438
f 1100/1/3439 710/1/3439 709/1/3439
f 1100/1/3440 709/1/3440 1101/1/3440
f 1730/1/1108 1732/1/1108 536/1/1108
f 536/1/3441 535/1/3441 1730/1/3441
f 1730/1/3442 535/1/3442 561/1/3442
f 1730/1/3443 561/1/3443 1733/1/3443
f 1733/1/1108 561/1/1108 538/1/1108
f 1733/1/1108 538/1/1108 2287/1/1108
f 2287/1/1108 538/1/1108 537/1/1108
f 1989/1/3444 2288/1/3444 2289/1/3444
f 1729/1/3445 1724/1/3445 1723/1/3445
f 1723/1/3446 2290/1/3446 1729/1/3446
f 1729/1/3447 2290/1/3447 2291/1/3447
f 1729/1/3448 2291/1/3448 1731/1/3448
f 1731/1/3449 2291/1/3449 2292/1/3449
f 1731/1/3450 2292/1/3450 1732/1/3450
f 1732/1/3451 2292/1/3451 2293/1/3451
f 1732/1/3452 2293/1/3452 2294/1/3452
f 536/1/3453 1732/1/3453 534/1/3453
f 534/1/3454 1732/1/3454 2294/1/3454
f 534/1/3455 2294/1/3455 532/1/3455
f 532/1/3456 2294/1/3456 2295/1/3456
f 532/1/3457 2295/1/3457 588/1/3457
f 2296/1/3458 589/1/3458 588/1/3458
f 2297/1/3459 596/1/3459 2298/1/3459
f 2298/1/3460 596/1/3460 595/1/3460
f 2298/1/3461 595/1/3461 2299/1/3461
f 2299/1/3462 595/1/3462 593/1/3462
f 2299/1/3463 593/1/3463 591/1/3463
f 598/1/3464 597/1/3464 2300/1/3464
f 2300/1/3465 597/1/3465 584/1/3465
f 2300/1/3466 584/1/3466 2297/1/3466
f 2297/1/3467 584/1/3467 586/1/3467
f 2297/1/3468 586/1/3468 596/1/3468
f 599/1/3469 2301/1/3469 579/1/3469
f 579/1/3470 2301/1/3470 2302/1/3470
f 579/1/3471 2302/1/3471 583/1/3471
f 1074/1/3472 1080/1/3472 581/1/3472
f 581/1/3473 1080/1/3473 1079/1/3473
f 581/1/3474 1079/1/3474 580/1/3474
f 675/1/3475 1070/1/3475 673/1/3475
f 673/1/3476 1070/1/3476 1069/1/3476
f 673/1/3477 1069/1/3477 1068/1/3477
f 1071/1/3478 2303/1/3478 1065/1/3478
f 1065/1/3479 2303/1/3479 673/1/3479
f 1065/1/3480 673/1/3480 1066/1/3480
f 1066/1/3481 673/1/3481 1068/1/3481
f 1071/1/3482 1073/1/3482 2303/1/3482
f 2303/1/3483 1073/1/3483 1078/1/3483
f 2303/1/3484 1078/1/3484 2304/1/3484
f 2304/1/3485 1078/1/3485 1077/1/3485
f 2304/1/3486 1077/1/3486 1075/1/3486
f 667/1/3487 670/1/3487 2305/1/3487
f 2305/1/3488 670/1/3488 669/1/3488
f 2305/1/3489 669/1/3489 780/1/3489
f 1990/1/3490 1991/1/3490 667/1/3490
f 667/1/3491 1991/1/3491 665/1/3491
f 665/1/3492 1991/1/3492 1992/1/3492
f 665/1/3493 1992/1/3493 666/1/3493
f 2288/1/3494 1989/1/3494 2306/1/3494
f 2306/1/3495 1989/1/3495 1990/1/3495
f 2306/1/3496 1990/1/3496 2307/1/3496
f 2308/1/3497 1987/1/3497 2289/1/3497
f 2289/1/3498 1987/1/3498 1988/1/3498
f 2289/1/3499 1988/1/3499 1989/1/3499
f 1595/1/3500 2309/1/3500 1594/1/3500
f 1594/1/3501 2309/1/3501 2310/1/3501
f 1594/1/3502 2310/1/3502 1593/1/3502
f 1593/1/3503 2310/1/3503 1589/1/3503
f 1595/1/3504 1596/1/3504 2309/1/3504
f 2309/1/3505 1596/1/3505 1597/1/3505
f 2309/1/3506 1597/1/3506 2308/1/3506
f 2308/1/3507 1597/1/3507 1986/1/3507
f 2308/1/3508 1986/1/3508 1987/1/3508
f 1589/1/3509 2310/1/3509 1590/1/3509
f 1590/1/3510 2310/1/3510 2311/1/3510
f 1590/1/3511 2311/1/3511 1591/1/3511
f 1591/1/3512 2311/1/3512 2312/1/3512
f 1591/1/3513 2312/1/3513 1592/1/3513
f 1592/1/3514 2312/1/3514 2296/1/3514
f 1592/1/3515 2296/1/3515 1586/1/3515
f 588/1/3516 2295/1/3516 2296/1/3516
f 2296/1/3517 2295/1/3517 1588/1/3517
f 2296/1/3518 1588/1/3518 1586/1/3518
f 1584/1/3519 1585/1/3519 2295/1/3519
f 2295/1/3520 1585/1/3520 1587/1/3520
f 2295/1/3521 1587/1/3521 1588/1/3521
f 2293/1/3522 2313/1/3522 2294/1/3522
f 2294/1/3523 2313/1/3523 2314/1/3523
f 2294/1/3524 2314/1/3524 2315/1/3524
f 2315/1/3525 1946/1/3525 2294/1/3525
f 2294/1/3526 1946/1/3526 1944/1/3526
f 2294/1/3527 1944/1/3527 1681/1/3527
f 1681/1/3528 1680/1/3528 2294/1/3528
f 2294/1/3529 1680/1/3529 1683/1/3529
f 2294/1/3530 1683/1/3530 2295/1/3530
f 2295/1/3531 1683/1/3531 1583/1/3531
f 2295/1/3532 1583/1/3532 1584/1/3532
f 2309/1/3533 2300/1/3533 2310/1/3533
f 2310/1/3534 2300/1/3534 2297/1/3534
f 2310/1/3535 2297/1/3535 2311/1/3535
f 2311/1/3536 2297/1/3536 2298/1/3536
f 2311/1/3537 2298/1/3537 2312/1/3537
f 2312/1/3538 2298/1/3538 2299/1/3538
f 2312/1/3539 2299/1/3539 2296/1/3539
f 2296/1/3540 2299/1/3540 591/1/3540
f 2296/1/3541 591/1/3541 589/1/3541
f 780/1/3542 673/1/3542 2305/1/3542
f 2305/1/3543 673/1/3543 2303/1/3543
f 2305/1/3544 2303/1/3544 2316/1/3544
f 2316/1/3545 2303/1/3545 2304/1/3545
f 2316/1/3546 2304/1/3546 2317/1/3546
f 2317/1/3547 2304/1/3547 2302/1/3547
f 2317/1/3548 2302/1/3548 2318/1/3548
f 2318/1/3549 2302/1/3549 2301/1/3549
f 2318/1/3550 2301/1/3550 2319/1/3550
f 1075/1/3551 1074/1/3551 2304/1/3551
f 2304/1/3552 1074/1/3552 581/1/3552
f 2304/1/3553 581/1/3553 2302/1/3553
f 2302/1/3554 581/1/3554 582/1/3554
f 2302/1/3555 582/1/3555 583/1/3555
f 1990/1/3556 667/1/3556 2307/1/3556
f 2307/1/3557 667/1/3557 2305/1/3557
f 2307/1/3558 2305/1/3558 2306/1/3558
f 2306/1/3559 2305/1/3559 2316/1/3559
f 2306/1/3560 2316/1/3560 2288/1/3560
f 2288/1/3561 2316/1/3561 2317/1/3561
f 2288/1/3562 2317/1/3562 2289/1/3562
f 2289/1/3563 2317/1/3563 2318/1/3563
f 2289/1/3564 2318/1/3564 2308/1/3564
f 2308/1/3565 2318/1/3565 2319/1/3565
f 2308/1/3566 2319/1/3566 2309/1/3566
f 2309/1/3567 2319/1/3567 2301/1/3567
f 2309/1/3568 2301/1/3568 2300/1/3568
f 2300/1/3569 2301/1/3569 599/1/3569
f 2300/1/3570 599/1/3570 598/1/3570
f 982/1/3571 2320/1/3571 523/1/3571
f 2321/1/3572 1725/1/3572 2322/1/3572
f 2322/1/3573 1725/1/3573 1727/1/3573
f 2322/1/3574 1727/1/3574 2323/1/3574
f 2323/1/3575 1727/1/3575 1728/1/3575
f 2290/1/3576 1723/1/3576 1386/1/3576
f 1386/1/3577 1723/1/3577 996/1/3577
f 1385/1/3578 2292/1/3578 1386/1/3578
f 1386/1/3579 2292/1/3579 2291/1/3579
f 1386/1/3580 2291/1/3580 2290/1/3580
f 1385/1/3581 1384/1/3581 2292/1/3581
f 2292/1/3582 1384/1/3582 1383/1/3582
f 2292/1/3583 1383/1/3583 2293/1/3583
f 2293/1/3584 1383/1/3584 1382/1/3584
f 2293/1/3584 1382/1/3584 2313/1/3584
f 2313/1/3585 1382/1/3585 1381/1/3585
f 2313/1/3586 1381/1/3586 2314/1/3586
f 1341/1/3587 2315/1/3587 1342/1/3587
f 1342/1/3588 2315/1/3588 2314/1/3588
f 1342/1/3589 2314/1/3589 1343/1/3589
f 1343/1/3590 2314/1/3590 1381/1/3590
f 1339/1/3591 1580/1/3591 1682/1/3591
f 1682/1/3592 1580/1/3592 1579/1/3592
f 1682/1/3593 1579/1/3593 1577/1/3593
f 1339/1/3594 1682/1/3594 1340/1/3594
f 1340/1/3595 1682/1/3595 1941/1/3595
f 1340/1/3596 1941/1/3596 1341/1/3596
f 1941/1/3597 1942/1/3597 1341/1/3597
f 1341/1/3598 1942/1/3598 1943/1/3598
f 1341/1/3599 1943/1/3599 2315/1/3599
f 2315/1/3600 1943/1/3600 1945/1/3600
f 2315/1/3601 1945/1/3601 1946/1/3601
f 2323/1/3602 997/1/3602 2322/1/3602
f 2322/1/3603 997/1/3603 996/1/3603
f 2322/1/3604 996/1/3604 2321/1/3604
f 2321/1/3605 996/1/3605 1723/1/3605
f 2321/1/3606 1723/1/3606 1725/1/3606
f 2287/1/3607 2320/1/3607 1733/1/3607
f 1733/1/3608 2320/1/3608 982/1/3608
f 1733/1/3609 982/1/3609 1728/1/3609
f 1728/1/3610 982/1/3610 984/1/3610
f 1728/1/3611 984/1/3611 2323/1/3611
f 2323/1/3612 984/1/3612 1013/1/3612
f 2323/1/3613 1013/1/3613 997/1/3613
f 2287/1/3614 537/1/3614 2320/1/3614
f 2320/1/3615 537/1/3615 539/1/3615
f 2320/1/3616 539/1/3616 523/1/3616
f 523/1/3617 539/1/3617 541/1/3617
f 523/1/3618 541/1/3618 521/1/3618
f 521/1/3619 541/1/3619 519/1/3619
f 911/1/3620 2324/1/3620 913/1/3620
f 913/1/3621 2324/1/3621 2325/1/3621
f 913/1/3622 2325/1/3622 914/1/3622
f 914/1/3623 2325/1/3623 2326/1/3623
f 914/1/3623 2326/1/3623 908/1/3623
f 908/1/3624 2326/1/3624 906/1/3624
f 906/1/3625 2326/1/3625 2327/1/3625
f 906/1/3626 2327/1/3626 921/1/3626
f 2328/1/3627 2329/1/3627 2330/1/3627
f 2330/1/3628 2329/1/3628 2331/1/3628
f 921/1/3629 2327/1/3629 919/1/3629
f 919/1/3630 2327/1/3630 2332/1/3630
f 919/1/3631 2332/1/3631 917/1/3631
f 917/1/3632 2332/1/3632 2333/1/3632
f 917/1/3632 2333/1/3632 915/1/3632
f 915/1/3633 2333/1/3633 2330/1/3633
f 915/1/3633 2330/1/3633 924/1/3633
f 924/1/3634 2330/1/3634 2331/1/3634
f 924/1/3635 2331/1/3635 421/1/3635
f 2334/1/3636 2335/1/3636 2328/1/3636
f 2336/1/3637 2337/1/3637 2338/1/3637
f 468/1/3638 467/1/3638 2337/1/3638
f 2337/1/3639 2336/1/3639 468/1/3639
f 468/1/3640 2336/1/3640 2339/1/3640
f 468/1/3641 2339/1/3641 470/1/3641
f 470/1/3642 2339/1/3642 2340/1/3642
f 470/1/3642 2340/1/3642 472/1/3642
f 472/1/3643 2340/1/3643 2341/1/3643
f 472/1/3643 2341/1/3643 474/1/3643
f 474/1/3644 2341/1/3644 2342/1/3644
f 474/1/3645 2342/1/3645 475/1/3645
f 475/1/3646 2342/1/3646 2343/1/3646
f 475/1/3646 2343/1/3646 477/1/3646
f 477/1/3647 2343/1/3647 2344/1/3647
f 477/1/3647 2344/1/3647 479/1/3647
f 911/1/3648 905/1/3648 2324/1/3648
f 2324/1/3649 905/1/3649 957/1/3649
f 2324/1/3650 957/1/3650 958/1/3650
f 480/1/3651 479/1/3651 959/1/3651
f 959/1/3652 479/1/3652 2344/1/3652
f 959/1/3653 2344/1/3653 2345/1/3653
f 2345/1/3654 2344/1/3654 2343/1/3654
f 2345/1/3654 2343/1/3654 2346/1/3654
f 2346/1/3655 2343/1/3655 2342/1/3655
f 2346/1/3655 2342/1/3655 2347/1/3655
f 2347/1/3656 2342/1/3656 2341/1/3656
f 2347/1/3657 2341/1/3657 2348/1/3657
f 2348/1/3658 2341/1/3658 2340/1/3658
f 2348/1/3658 2340/1/3658 2349/1/3658
f 2349/1/3659 2340/1/3659 2339/1/3659
f 2349/1/3660 2339/1/3660 2350/1/3660
f 2350/1/3661 2339/1/3661 2336/1/3661
f 2350/1/3661 2336/1/3661 2334/1/3661
f 2334/1/3662 2336/1/3662 2338/1/3662
f 2334/1/3663 2338/1/3663 2335/1/3663
f 2328/1/3664 2330/1/3664 2334/1/3664
f 2334/1/3665 2330/1/3665 2333/1/3665
f 2334/1/3665 2333/1/3665 2350/1/3665
f 2350/1/3666 2333/1/3666 2332/1/3666
f 2350/1/3667 2332/1/3667 2349/1/3667
f 2349/1/3668 2332/1/3668 2327/1/3668
f 2349/1/3669 2327/1/3669 2348/1/3669
f 2348/1/3670 2327/1/3670 2326/1/3670
f 2348/1/3670 2326/1/3670 2347/1/3670
f 2347/1/3671 2326/1/3671 2325/1/3671
f 2347/1/3671 2325/1/3671 2346/1/3671
f 2346/1/3672 2325/1/3672 2324/1/3672
f 2346/1/3673 2324/1/3673 2345/1/3673
f 2345/1/3650 2324/1/3650 958/1/3650
f 2345/1/3653 958/1/3653 959/1/3653
f 2351/1/533 437/1/533 2352/1/533
f 2352/1/533 437/1/533 436/1/533
f 2352/1/534 436/1/534 2353/1/534
f 2353/1/534 436/1/534 435/1/534
f 2353/1/535 435/1/535 2354/1/535
f 2354/1/535 435/1/535 434/1/535
f 2354/1/536 434/1/536 2355/1/536
f 2355/1/536 434/1/536 428/1/536
f 2355/1/537 428/1/537 2356/1/537
f 2356/1/537 428/1/537 427/1/537
f 2356/1/538 427/1/538 2357/1/538
f 2357/1/538 427/1/538 441/1/538
f 2357/1/539 441/1/539 2358/1/539
f 2358/1/539 441/1/539 440/1/539
f 2358/1/540 440/1/540 2359/1/540
f 2359/1/540 440/1/540 439/1/540
f 2359/1/541 439/1/541 2360/1/541
f 2360/1/541 439/1/541 425/1/541
f 2360/1/542 425/1/542 2361/1/542
f 2361/1/542 425/1/542 426/1/542
f 2361/1/543 426/1/543 2362/1/543
f 2362/1/543 426/1/543 438/1/543
f 2362/1/544 438/1/544 2351/1/544
f 2351/1/544 438/1/544 437/1/544
f 1291/1/2036 891/1/2036 892/1/2036
f 1291/1/2036 892/1/2036 1709/1/2036
f 1709/1/2035 892/1/2035 433/1/2035
f 1709/1/2035 433/1/2035 424/1/2035
f 423/1/3674 419/1/3674 2363/1/3674
f 1441/1/3675 903/1/3675 910/1/3675
f 2364/1/3676 1450/1/3676 1449/1/3676
f 808/1/3677 810/1/3677 1435/1/3677
f 2365/1/3678 418/1/3678 420/1/3678
f 2366/1/3679 419/1/3679 418/1/3679
f 2367/1/3680 910/1/3680 912/1/3680
f 2367/1/3681 912/1/3681 2368/1/3681
f 1435/1/3682 2369/1/3682 808/1/3682
f 808/1/3683 2369/1/3683 2370/1/3683
f 808/1/3684 2370/1/3684 823/1/3684
f 912/1/3685 909/1/3685 2368/1/3685
f 2368/1/3686 909/1/3686 907/1/3686
f 2368/1/3687 907/1/3687 2371/1/3687
f 2371/1/3688 907/1/3688 923/1/3688
f 2371/1/3689 923/1/3689 2372/1/3689
f 2372/1/3690 923/1/3690 922/1/3690
f 2372/1/3691 922/1/3691 2373/1/3691
f 2373/1/3692 922/1/3692 920/1/3692
f 823/1/3693 2370/1/3693 824/1/3693
f 824/1/3694 2370/1/3694 2374/1/3694
f 824/1/3695 2374/1/3695 825/1/3695
f 825/1/3696 2374/1/3696 2375/1/3696
f 825/1/3697 2375/1/3697 826/1/3697
f 826/1/3698 2375/1/3698 2376/1/3698
f 826/1/3699 2376/1/3699 827/1/3699
f 2377/1/3700 804/1/3700 2376/1/3700
f 2376/1/3701 804/1/3701 805/1/3701
f 2376/1/3702 805/1/3702 827/1/3702
f 920/1/3703 918/1/3703 2373/1/3703
f 2373/1/3704 918/1/3704 916/1/3704
f 2373/1/3705 916/1/3705 2378/1/3705
f 2378/1/3706 916/1/3706 926/1/3706
f 2378/1/3707 926/1/3707 2363/1/3707
f 2363/1/3708 926/1/3708 925/1/3708
f 2363/1/3709 925/1/3709 423/1/3709
f 423/1/3710 925/1/3710 422/1/3710
f 419/1/3711 2366/1/3711 2363/1/3711
f 2363/1/3712 2366/1/3712 2379/1/3712
f 2363/1/3713 2379/1/3713 2378/1/3713
f 2378/1/3714 2379/1/3714 2380/1/3714
f 2378/1/3715 2380/1/3715 2373/1/3715
f 2373/1/3716 2380/1/3716 2381/1/3716
f 2373/1/3717 2381/1/3717 2372/1/3717
f 2372/1/3718 2381/1/3718 2382/1/3718
f 2372/1/3719 2382/1/3719 2371/1/3719
f 2371/1/3720 2382/1/3720 2383/1/3720
f 2371/1/3721 2383/1/3721 2368/1/3721
f 2368/1/3722 2383/1/3722 2364/1/3722
f 2368/1/3723 2364/1/3723 2367/1/3723
f 2367/1/3724 2364/1/3724 1449/1/3724
f 2367/1/3725 1449/1/3725 910/1/3725
f 910/1/3726 1449/1/3726 1439/1/3726
f 910/1/3727 1439/1/3727 1441/1/3727
f 418/1/3728 2365/1/3728 2366/1/3728
f 2366/1/3729 2365/1/3729 2384/1/3729
f 2366/1/3730 2384/1/3730 2379/1/3730
f 2379/1/3731 2384/1/3731 2385/1/3731
f 2379/1/3732 2385/1/3732 2380/1/3732
f 2380/1/3733 2385/1/3733 2386/1/3733
f 2380/1/3734 2386/1/3734 2381/1/3734
f 2381/1/3735 2386/1/3735 2387/1/3735
f 2381/1/3736 2387/1/3736 2382/1/3736
f 2382/1/3737 2387/1/3737 2388/1/3737
f 2382/1/3738 2388/1/3738 2383/1/3738
f 2383/1/3739 2388/1/3739 2389/1/3739
f 2383/1/3740 2389/1/3740 2364/1/3740
f 2364/1/3741 2389/1/3741 1437/1/3741
f 2364/1/3742 1437/1/3742 1450/1/3742
f 420/1/3743 2390/1/3743 2365/1/3743
f 2365/1/3744 2390/1/3744 2377/1/3744
f 2365/1/3745 2377/1/3745 2384/1/3745
f 2384/1/3746 2377/1/3746 2376/1/3746
f 2384/1/3747 2376/1/3747 2385/1/3747
f 2385/1/3748 2376/1/3748 2375/1/3748
f 2385/1/3749 2375/1/3749 2386/1/3749
f 2386/1/3750 2375/1/3750 2374/1/3750
f 2386/1/3751 2374/1/3751 2387/1/3751
f 2387/1/3752 2374/1/3752 2370/1/3752
f 2387/1/3753 2370/1/3753 2388/1/3753
f 2388/1/3754 2370/1/3754 2369/1/3754
f 2388/1/3755 2369/1/3755 2389/1/3755
f 2389/1/3756 2369/1/3756 1435/1/3756
f 2389/1/3757 1435/1/3757 1437/1/3757
f 420/1/3758 431/1/3758 2390/1/3758
f 2390/1/3759 431/1/3759 802/1/3759
f 2390/1/3760 802/1/3760 2377/1/3760
f 2377/1/3761 802/1/3761 803/1/3761
f 2377/1/3762 803/1/3762 804/1/3762
f 454/1/3763 455/1/3763 2335/1/3763
f 467/1/3764 59/1/3764 2337/1/3764
f 2337/1/3765 59/1/3765 454/1/3765
f 2337/1/3766 454/1/3766 2338/1/3766
f 2338/1/3767 454/1/3767 2335/1/3767
f 456/1/3768 48/1/3768 421/1/3768
f 421/1/3769 2331/1/3769 456/1/3769
f 456/1/3770 2331/1/3770 2329/1/3770
f 456/1/3771 2329/1/3771 455/1/3771
f 455/1/3772 2329/1/3772 2328/1/3772
f 455/1/3773 2328/1/3773 2335/1/3773
f 2352/1/14 407/1/14 2351/1/14
f 2351/1/14 407/1/14 406/1/14
f 2351/1/14 406/1/14 2362/1/14
f 2362/1/14 406/1/14 417/1/14
f 2362/1/14 417/1/14 2361/1/14
f 2361/1/14 417/1/14 416/1/14
f 2361/1/14 416/1/14 2360/1/14
f 2360/1/14 416/1/14 415/1/14
f 2360/1/14 415/1/14 2359/1/14
f 2359/1/14 415/1/14 414/1/14
f 2359/1/14 414/1/14 2358/1/14
f 2358/1/14 414/1/14 413/1/14
f 2358/1/14 413/1/14 2357/1/14
f 2357/1/14 413/1/14 412/1/14
f 2357/1/14 412/1/14 2356/1/14
f 2356/1/14 412/1/14 411/1/14
f 2356/1/14 411/1/14 2355/1/14
f 2355/1/14 411/1/14 410/1/14
f 2355/1/14 410/1/14 2354/1/14
f 2354/1/14 410/1/14 409/1/14
f 2354/1/14 409/1/14 2353/1/14
f 2353/1/14 409/1/14 408/1/14
f 2353/1/14 408/1/14 2352/1/14
f 2352/1/14 408/1/14 407/1/14
f 854/1/3774 852/1/3774 2391/1/3774
f 360/1/3775 2392/1/3775 2391/1/3775
f 358/1/3776 2392/1/3776 360/1/3776
f 858/1/3777 856/1/3777 2393/1/3777
f 2393/1/3778 856/1/3778 854/1/3778
f 854/1/3779 2391/1/3779 2393/1/3779
f 2393/1/3780 2391/1/3780 2392/1/3780
f 2393/1/3781 2392/1/3781 2394/1/3781
f 2394/1/3782 2392/1/3782 358/1/3782
f 2394/1/3782 358/1/3782 356/1/3782
f 859/1/3783 858/1/3783 1537/1/3783
f 1537/1/3784 858/1/3784 2393/1/3784
f 1537/1/3785 2393/1/3785 1538/1/3785
f 1538/1/3786 2393/1/3786 2394/1/3786
f 1538/1/3787 2394/1/3787 1540/1/3787
f 1540/1/3788 2394/1/3788 356/1/3788
f 1540/1/3788 356/1/3788 355/1/3788
f 852/1/3789 849/1/3789 2391/1/3789
f 2391/1/3790 849/1/3790 360/1/3790
f 373/1/3791 122/1/3791 120/1/3791
f 120/1/3792 119/1/3792 841/1/3792
f 841/1/3793 119/1/3793 124/1/3793
f 841/1/3794 124/1/3794 126/1/3794
f 136/1/3795 135/1/3795 378/1/3795
f 378/1/3796 2395/1/3796 136/1/3796
f 136/1/3797 2395/1/3797 2396/1/3797
f 136/1/3798 2396/1/3798 127/1/3798
f 843/1/3799 130/1/3799 2396/1/3799
f 2396/1/3800 130/1/3800 128/1/3800
f 2396/1/3801 128/1/3801 127/1/3801
f 883/1/3802 882/1/3802 2397/1/3802
f 137/1/3803 139/1/3803 2398/1/3803
f 2398/1/3804 139/1/3804 141/1/3804
f 882/1/3805 381/1/3805 2397/1/3805
f 2397/1/3806 381/1/3806 838/1/3806
f 2397/1/3807 838/1/3807 2399/1/3807
f 2399/1/3808 838/1/3808 837/1/3808
f 2399/1/3809 837/1/3809 836/1/3809
f 2400/1/3810 2401/1/3810 2402/1/3810
f 2402/1/3811 2401/1/3811 2403/1/3811
f 2403/1/3812 878/1/3812 2402/1/3812
f 2402/1/3813 878/1/3813 877/1/3813
f 2402/1/3814 877/1/3814 884/1/3814
f 2404/1/3815 429/1/3815 874/1/3815
f 2404/1/3816 874/1/3816 2401/1/3816
f 2401/1/3817 874/1/3817 880/1/3817
f 2401/1/3818 880/1/3818 2403/1/3818
f 2403/1/3819 880/1/3819 879/1/3819
f 2403/1/3820 879/1/3820 878/1/3820
f 147/1/3821 2404/1/3821 146/1/3821
f 146/1/3822 2404/1/3822 2401/1/3822
f 146/1/3823 2401/1/3823 141/1/3823
f 141/1/3824 2401/1/3824 2400/1/3824
f 141/1/3825 2400/1/3825 2398/1/3825
f 142/1/3826 137/1/3826 836/1/3826
f 836/1/3827 137/1/3827 2398/1/3827
f 836/1/3828 2398/1/3828 2399/1/3828
f 2399/1/3829 2398/1/3829 2400/1/3829
f 2399/1/3830 2400/1/3830 2397/1/3830
f 2397/1/3831 2400/1/3831 2402/1/3831
f 2397/1/3832 2402/1/3832 883/1/3832
f 883/1/3833 2402/1/3833 884/1/3833
f 148/1/3834 2405/1/3834 147/1/3834
f 147/1/3835 2405/1/3835 2404/1/3835
f 798/1/3836 442/1/3836 430/1/3836
f 429/1/3837 2404/1/3837 430/1/3837
f 430/1/3838 2404/1/3838 2405/1/3838
f 430/1/3839 2405/1/3839 798/1/3839
f 798/1/3840 2405/1/3840 148/1/3840
f 798/1/3841 148/1/3841 149/1/3841
f 697/1/498 696/1/498 1127/1/498
f 1127/1/498 696/1/498 168/1/498
f 1127/1/498 168/1/498 796/1/498
f 796/1/498 168/1/498 167/1/498
f 796/1/498 167/1/498 166/1/498
f 690/1/502 689/1/502 1142/1/502
f 690/1/502 1142/1/502 178/1/502
f 178/1/502 1142/1/502 179/1/502
f 179/1/502 1142/1/502 781/1/502
f 179/1/502 781/1/502 181/1/502
f 300/1/3842 217/1/3842 306/1/3842
f 306/1/3843 217/1/3843 216/1/3843
f 306/1/3844 216/1/3844 303/1/3844
f 303/1/3845 216/1/3845 215/1/3845
f 303/1/3846 215/1/3846 304/1/3846
f 304/1/3847 215/1/3847 213/1/3847
f 304/1/3848 213/1/3848 212/1/3848
f 848/1/545 1543/1/545 243/1/545
f 243/1/545 1543/1/545 1051/1/545
f 243/1/545 1051/1/545 245/1/545
f 245/1/545 1051/1/545 524/1/545
f 245/1/545 524/1/545 246/1/545
f 1720/1/3849 40/1/3849 1719/1/3849
f 1719/1/3850 40/1/3850 39/1/3850
f 1719/1/3851 39/1/3851 1718/1/3851
f 1721/1/3852 45/1/3852 1720/1/3852
f 1720/1/3853 45/1/3853 41/1/3853
f 1720/1/3854 41/1/3854 40/1/3854
f 1721/1/3855 1722/1/3855 45/1/3855
f 45/1/3856 1722/1/3856 424/1/3856
f 45/1/3857 424/1/3857 47/1/3857
f 2268/1/3858 2270/1/3858 2406/1/3858
f 2406/1/3859 2270/1/3859 36/1/3859
f 403/1/3860 402/1/3860 2407/1/3860
f 2407/1/3860 402/1/3860 2266/1/3860
f 2407/1/3861 2266/1/3861 2408/1/3861
f 404/1/3862 403/1/3862 2409/1/3862
f 2409/1/3862 403/1/3862 2407/1/3862
f 2409/1/3863 2407/1/3863 2410/1/3863
f 2410/1/3863 2407/1/3863 2408/1/3863
f 2410/1/3864 2408/1/3864 2411/1/3864
f 2411/1/3865 2412/1/3865 2410/1/3865
f 2410/1/3865 2412/1/3865 2413/1/3865
f 2410/1/3866 2413/1/3866 2409/1/3866
f 2409/1/3867 2413/1/3867 2414/1/3867
f 2409/1/3868 2414/1/3868 404/1/3868
f 404/1/3868 2414/1/3868 405/1/3868
f 18/1/3869 405/1/3869 30/1/3869
f 30/1/3870 405/1/3870 2414/1/3870
f 30/1/3871 2414/1/3871 32/1/3871
f 32/1/3871 2414/1/3871 2413/1/3871
f 32/1/3872 2413/1/3872 34/1/3872
f 34/1/3873 2413/1/3873 2412/1/3873
f 34/1/3874 2412/1/3874 36/1/3874
f 2411/1/3875 36/1/3875 2412/1/3875
f 2266/1/3861 2268/1/3861 2408/1/3861
f 2408/1/3876 2268/1/3876 2406/1/3876
f 2408/1/3864 2406/1/3864 2411/1/3864
f 2411/1/3877 2406/1/3877 36/1/3877
f 9/1/3878 15/1/3878 2415/1/3878
f 9/1/3879 2415/1/3879 10/1/3879
f 2415/1/3880 2416/1/3880 10/1/3880
f 10/1/3881 2416/1/3881 2417/1/3881
f 10/1/3882 2417/1/3882 6/1/3882
f 6/1/3883 2417/1/3883 7/1/3883
f 7/1/3884 2417/1/3884 2418/1/3884
f 7/1/3885 2418/1/3885 401/1/3885
f 401/1/3886 2418/1/3886 2395/1/3886
f 401/1/3886 2395/1/3886 378/1/3886
f 843/1/3887 2396/1/3887 2419/1/3887
f 2419/1/3887 2396/1/3887 2420/1/3887
f 2419/1/3888 2420/1/3888 2421/1/3888
f 2421/1/3889 2420/1/3889 2422/1/3889
f 2421/1/3890 2422/1/3890 2423/1/3890
f 2423/1/3891 2422/1/3891 2424/1/3891
f 2425/1/3892 2423/1/3892 2426/1/3892
f 2426/1/3893 2423/1/3893 2424/1/3893
f 2426/1/3894 2424/1/3894 2427/1/3894
f 2396/1/3895 2395/1/3895 2420/1/3895
f 2420/1/3896 2395/1/3896 2418/1/3896
f 2420/1/3897 2418/1/3897 2422/1/3897
f 2422/1/3897 2418/1/3897 2417/1/3897
f 2422/1/3898 2417/1/3898 2424/1/3898
f 2424/1/3898 2417/1/3898 2416/1/3898
f 2424/1/3899 2416/1/3899 2427/1/3899
f 2427/1/3900 2416/1/3900 2415/1/3900
f 2428/1/3901 839/1/3901 840/1/3901
f 2429/1/3902 370/1/3902 2430/1/3902
f 2430/1/3903 370/1/3903 377/1/3903
f 2430/1/3904 377/1/3904 2431/1/3904
f 2431/1/3905 377/1/3905 376/1/3905
f 2431/1/3906 376/1/3906 2428/1/3906
f 2428/1/3907 376/1/3907 375/1/3907
f 2428/1/3908 375/1/3908 839/1/3908
f 2423/1/3909 2425/1/3909 2432/1/3909
f 842/1/3910 843/1/3910 2433/1/3910
f 2433/1/3911 843/1/3911 2419/1/3911
f 2433/1/3912 2419/1/3912 2434/1/3912
f 2434/1/3913 2419/1/3913 2421/1/3913
f 2434/1/3914 2421/1/3914 2435/1/3914
f 2435/1/3915 2421/1/3915 2423/1/3915
f 2435/1/3916 2423/1/3916 2436/1/3916
f 2436/1/3917 2423/1/3917 2432/1/3917
f 2436/1/3918 2432/1/3918 2437/1/3918
f 842/1/3919 2433/1/3919 2438/1/3919
f 2438/1/3920 2433/1/3920 2434/1/3920
f 2438/1/3920 2434/1/3920 2439/1/3920
f 2439/1/3921 2434/1/3921 2435/1/3921
f 2439/1/3921 2435/1/3921 2440/1/3921
f 2440/1/3922 2435/1/3922 2436/1/3922
f 2440/1/3922 2436/1/3922 2441/1/3922
f 2441/1/3923 2436/1/3923 2437/1/3923
f 2441/1/3924 2437/1/3924 2442/1/3924
f 371/1/3925 370/1/3925 2442/1/3925
f 2442/1/3926 370/1/3926 2429/1/3926
f 2442/1/3924 2429/1/3924 2441/1/3924
f 2441/1/3927 2429/1/3927 2430/1/3927
f 2441/1/3927 2430/1/3927 2440/1/3927
f 2440/1/3928 2430/1/3928 2431/1/3928
f 2440/1/3928 2431/1/3928 2439/1/3928
f 2439/1/3929 2431/1/3929 2428/1/3929
f 2439/1/3929 2428/1/3929 2438/1/3929
f 2438/1/3930 2428/1/3930 840/1/3930
f 2438/1/3931 840/1/3931 842/1/3931
f 241/1/502 240/1/502 528/1/502
f 1052/1/502 1542/1/502 354/1/502
f 354/1/502 1542/1/502 355/1/502
f 1052/1/502 234/1/502 528/1/502
f 528/1/502 234/1/502 233/1/502
f 528/1/502 233/1/502 241/1/502
f 1052/1/502 354/1/502 234/1/502
f 234/1/502 354/1/502 2443/1/502
f 234/1/502 2443/1/502 231/1/502
f 351/1/502 223/1/502 2443/1/502
f 2443/1/502 223/1/502 225/1/502
f 2443/1/502 225/1/502 231/1/502
f 2444/1/3932 2445/1/3932 2446/1/3932
f 2447/1/3933 2448/1/3933 2449/1/3933
f 2450/1/3934 2451/1/3934 2452/1/3934
f 2453/1/3935 2454/1/3935 2455/1/3935
f 2085/1/3936 2083/1/3936 2456/1/3936
f 2082/1/3937 2159/1/3937 2457/1/3937
f 2458/1/3938 986/1/3938 95/1/3938
f 1018/1/3939 2459/1/3939 1022/1/3939
f 1022/1/3940 2459/1/3940 2460/1/3940
f 1022/1/3941 2460/1/3941 1049/1/3941
f 1049/1/3942 2460/1/3942 2457/1/3942
f 1049/1/3943 2457/1/3943 1050/1/3943
f 1050/1/3944 2457/1/3944 2159/1/3944
f 1050/1/3945 2159/1/3945 1030/1/3945
f 2074/1/3946 2081/1/3946 2461/1/3946
f 2461/1/3947 2081/1/3947 2079/1/3947
f 2462/1/3948 2463/1/3948 2464/1/3948
f 2464/1/3949 2463/1/3949 2465/1/3949
f 2464/1/3950 2465/1/3950 2466/1/3950
f 2466/1/3951 2465/1/3951 2467/1/3951
f 2466/1/3952 2467/1/3952 2468/1/3952
f 2468/1/3953 2467/1/3953 2469/1/3953
f 2468/1/3954 2469/1/3954 2470/1/3954
f 2470/1/3955 2469/1/3955 2471/1/3955
f 2470/1/3956 2471/1/3956 2472/1/3956
f 2472/1/3957 2471/1/3957 2473/1/3957
f 2472/1/3958 2473/1/3958 2474/1/3958
f 2474/1/3959 2473/1/3959 2475/1/3959
f 2474/1/3960 2475/1/3960 2476/1/3960
f 2476/1/3961 2475/1/3961 2233/1/3961
f 2477/1/3962 2478/1/3962 2479/1/3962
f 2479/1/3963 2478/1/3963 2480/1/3963
f 2479/1/3964 2480/1/3964 2481/1/3964
f 2481/1/3965 2480/1/3965 2482/1/3965
f 2482/1/3966 2480/1/3966 2483/1/3966
f 2482/1/3967 2483/1/3967 2484/1/3967
f 2453/1/3968 2455/1/3968 2485/1/3968
f 2485/1/3969 2455/1/3969 2486/1/3969
f 2485/1/3970 2486/1/3970 2487/1/3970
f 2488/1/3971 2489/1/3971 2490/1/3971
f 2491/1/3972 2492/1/3972 2493/1/3972
f 2493/1/3973 2492/1/3973 2494/1/3973
f 2493/1/3974 2494/1/3974 2495/1/3974
f 2496/1/3975 2497/1/3975 2498/1/3975
f 2498/1/3976 2497/1/3976 2499/1/3976
f 2498/1/3977 2499/1/3977 2500/1/3977
f 65/1/3978 64/1/3978 2497/1/3978
f 2497/1/3979 64/1/3979 62/1/3979
f 2497/1/3980 62/1/3980 2499/1/3980
f 75/1/3981 74/1/3981 2496/1/3981
f 2496/1/3982 74/1/3982 71/1/3982
f 2496/1/3983 71/1/3983 2497/1/3983
f 2497/1/3984 71/1/3984 66/1/3984
f 2497/1/3985 66/1/3985 65/1/3985
f 92/1/3986 81/1/3986 2450/1/3986
f 2450/1/3987 81/1/3987 79/1/3987
f 2450/1/3988 79/1/3988 2451/1/3988
f 83/1/3989 85/1/3989 2501/1/3989
f 2501/1/3990 85/1/3990 87/1/3990
f 2501/1/3991 87/1/3991 89/1/3991
f 89/1/3992 2502/1/3992 2501/1/3992
f 2501/1/3993 2502/1/3993 2503/1/3993
f 2501/1/3994 2503/1/3994 83/1/3994
f 83/1/3995 2503/1/3995 2504/1/3995
f 83/1/3996 2504/1/3996 97/1/3996
f 97/1/3997 2504/1/3997 2505/1/3997
f 97/1/3998 2505/1/3998 95/1/3998
f 95/1/3999 2505/1/3999 2458/1/3999
f 2458/1/4000 2505/1/4000 2504/1/4000
f 2458/1/4001 2504/1/4001 2506/1/4001
f 2506/1/4002 2504/1/4002 2503/1/4002
f 2506/1/4003 2503/1/4003 2507/1/4003
f 2508/1/4004 2509/1/4004 2510/1/4004
f 2510/1/4005 2509/1/4005 2502/1/4005
f 2510/1/4006 2502/1/4006 91/1/4006
f 91/1/4007 2502/1/4007 89/1/4007
f 2511/1/4008 2512/1/4008 2513/1/4008
f 2513/1/4009 2512/1/4009 2514/1/4009
f 2513/1/4010 2514/1/4010 2515/1/4010
f 2516/1/4011 2511/1/4011 2517/1/4011
f 2517/1/4012 2511/1/4012 2513/1/4012
f 2517/1/4013 2513/1/4013 2518/1/4013
f 2518/1/4014 2513/1/4014 2515/1/4014
f 2518/1/4015 2515/1/4015 2519/1/4015
f 2447/1/4016 2516/1/4016 2448/1/4016
f 2448/1/4017 2516/1/4017 2517/1/4017
f 2448/1/4018 2517/1/4018 2520/1/4018
f 2520/1/4019 2517/1/4019 2518/1/4019
f 2520/1/4020 2518/1/4020 2521/1/4020
f 2521/1/4021 2518/1/4021 2519/1/4021
f 2521/1/4022 2519/1/4022 2507/1/4022
f 2507/1/4023 2503/1/4023 2521/1/4023
f 2521/1/4024 2503/1/4024 2502/1/4024
f 2521/1/4025 2502/1/4025 2520/1/4025
f 2520/1/4026 2502/1/4026 2509/1/4026
f 2520/1/4027 2509/1/4027 2448/1/4027
f 2448/1/4028 2509/1/4028 2508/1/4028
f 2448/1/4029 2508/1/4029 2449/1/4029
f 79/1/4030 77/1/4030 2451/1/4030
f 2451/1/4031 77/1/4031 75/1/4031
f 2451/1/4032 75/1/4032 2452/1/4032
f 2452/1/4033 75/1/4033 2496/1/4033
f 2452/1/4034 2496/1/4034 2522/1/4034
f 2522/1/4035 2496/1/4035 2498/1/4035
f 2522/1/4036 2498/1/4036 2523/1/4036
f 2523/1/4037 2498/1/4037 2500/1/4037
f 91/1/4038 92/1/4038 2510/1/4038
f 2510/1/4039 92/1/4039 2450/1/4039
f 2510/1/4040 2450/1/4040 2508/1/4040
f 2508/1/4041 2450/1/4041 2452/1/4041
f 2508/1/4042 2452/1/4042 2449/1/4042
f 2449/1/4043 2452/1/4043 2522/1/4043
f 2449/1/4044 2522/1/4044 2524/1/4044
f 2524/1/4045 2522/1/4045 2523/1/4045
f 2524/1/4046 2523/1/4046 2491/1/4046
f 2491/1/4047 2523/1/4047 2500/1/4047
f 2491/1/4048 2500/1/4048 2492/1/4048
f 2446/1/4049 2445/1/4049 2525/1/4049
f 2525/1/4050 2445/1/4050 2526/1/4050
f 2525/1/4051 2526/1/4051 2527/1/4051
f 2527/1/4052 2526/1/4052 2528/1/4052
f 2527/1/4053 2528/1/4053 2529/1/4053
f 2529/1/4054 2528/1/4054 2530/1/4054
f 2529/1/4055 2530/1/4055 2531/1/4055
f 2531/1/4056 2530/1/4056 2532/1/4056
f 2531/1/4057 2532/1/4057 2533/1/4057
f 2075/1/4058 2074/1/4058 2534/1/4058
f 2534/1/4059 2074/1/4059 2461/1/4059
f 2534/1/4060 2461/1/4060 2535/1/4060
f 2077/1/4061 2075/1/4061 2536/1/4061
f 2536/1/4062 2075/1/4062 2534/1/4062
f 2536/1/4063 2534/1/4063 2537/1/4063
f 2537/1/4064 2534/1/4064 2535/1/4064
f 2537/1/4065 2535/1/4065 2538/1/4065
f 2539/1/4066 2533/1/4066 2540/1/4066
f 2540/1/4067 2533/1/4067 2532/1/4067
f 2540/1/4068 2532/1/4068 2541/1/4068
f 2541/1/4069 2532/1/4069 2530/1/4069
f 2541/1/4070 2530/1/4070 2542/1/4070
f 2542/1/4071 2530/1/4071 2528/1/4071
f 2542/1/4072 2528/1/4072 2543/1/4072
f 2543/1/4073 2528/1/4073 2526/1/4073
f 2543/1/4074 2526/1/4074 2544/1/4074
f 2544/1/4075 2526/1/4075 2445/1/4075
f 2544/1/4076 2445/1/4076 2545/1/4076
f 2545/1/4077 2445/1/4077 2444/1/4077
f 2545/1/4078 2444/1/4078 2546/1/4078
f 2201/1/4079 2077/1/4079 2547/1/4079
f 2547/1/4080 2077/1/4080 2536/1/4080
f 2547/1/4081 2536/1/4081 2548/1/4081
f 2548/1/4082 2536/1/4082 2537/1/4082
f 2548/1/4083 2537/1/4083 2549/1/4083
f 2549/1/4084 2537/1/4084 2538/1/4084
f 2549/1/4085 2538/1/4085 2550/1/4085
f 2550/1/4086 2538/1/4086 2551/1/4086
f 2550/1/4087 2551/1/4087 2552/1/4087
f 2202/1/4088 2201/1/4088 2553/1/4088
f 2553/1/4089 2201/1/4089 2547/1/4089
f 2553/1/4090 2547/1/4090 2554/1/4090
f 2554/1/4091 2547/1/4091 2548/1/4091
f 2554/1/4092 2548/1/4092 2555/1/4092
f 2555/1/4093 2548/1/4093 2549/1/4093
f 2555/1/4094 2549/1/4094 2556/1/4094
f 2556/1/4095 2549/1/4095 2550/1/4095
f 2556/1/4096 2550/1/4096 2557/1/4096
f 2557/1/4097 2550/1/4097 2552/1/4097
f 2557/1/4098 2552/1/4098 2558/1/4098
f 2233/1/4099 2202/1/4099 2476/1/4099
f 2476/1/4100 2202/1/4100 2553/1/4100
f 2476/1/4101 2553/1/4101 2474/1/4101
f 2474/1/4102 2553/1/4102 2554/1/4102
f 2474/1/4103 2554/1/4103 2472/1/4103
f 2472/1/4104 2554/1/4104 2555/1/4104
f 2472/1/4105 2555/1/4105 2470/1/4105
f 2470/1/4106 2555/1/4106 2556/1/4106
f 2470/1/4107 2556/1/4107 2468/1/4107
f 2468/1/4108 2556/1/4108 2557/1/4108
f 2468/1/4109 2557/1/4109 2466/1/4109
f 2466/1/4110 2557/1/4110 2558/1/4110
f 2466/1/4111 2558/1/4111 2464/1/4111
f 2453/1/4112 2484/1/4112 2454/1/4112
f 2454/1/4113 2484/1/4113 2483/1/4113
f 2454/1/4114 2483/1/4114 2559/1/4114
f 2559/1/4115 2483/1/4115 2480/1/4115
f 2559/1/4116 2480/1/4116 2560/1/4116
f 2560/1/4117 2480/1/4117 2478/1/4117
f 2560/1/4118 2478/1/4118 2561/1/4118
f 2561/1/4119 2478/1/4119 2562/1/4119
f 2561/1/4120 2562/1/4120 2563/1/4120
f 2563/1/4121 2562/1/4121 2564/1/4121
f 2563/1/4122 2564/1/4122 2565/1/4122
f 2565/1/4123 2564/1/4123 2566/1/4123
f 2565/1/4124 2566/1/4124 2567/1/4124
f 2567/1/4125 2566/1/4125 2568/1/4125
f 2567/1/4126 2568/1/4126 2569/1/4126
f 2569/1/4127 2568/1/4127 2570/1/4127
f 2569/1/4128 2570/1/4128 2571/1/4128
f 2571/1/4129 2570/1/4129 2572/1/4129
f 2571/1/4130 2572/1/4130 2573/1/4130
f 2573/1/4131 2572/1/4131 2574/1/4131
f 2573/1/4132 2574/1/4132 2456/1/4132
f 2456/1/4133 2574/1/4133 2086/1/4133
f 2456/1/4134 2086/1/4134 2085/1/4134
f 2575/1/4135 2576/1/4135 2577/1/4135
f 2577/1/4136 2576/1/4136 2578/1/4136
f 2578/1/4137 2579/1/4137 2577/1/4137
f 2577/1/4138 2579/1/4138 2580/1/4138
f 2577/1/4139 2580/1/4139 2581/1/4139
f 2581/1/4140 2580/1/4140 2582/1/4140
f 2581/1/4141 2582/1/4141 2583/1/4141
f 2583/1/4142 2582/1/4142 2584/1/4142
f 2583/1/4143 2584/1/4143 2585/1/4143
f 2585/1/4144 2584/1/4144 2586/1/4144
f 2585/1/4145 2586/1/4145 2587/1/4145
f 2587/1/4146 2586/1/4146 2588/1/4146
f 2587/1/4147 2588/1/4147 2589/1/4147
f 2589/1/4148 2588/1/4148 2590/1/4148
f 2589/1/4149 2590/1/4149 2591/1/4149
f 2591/1/4150 2590/1/4150 2592/1/4150
f 2591/1/4151 2592/1/4151 2593/1/4151
f 2593/1/4152 2592/1/4152 2594/1/4152
f 2593/1/4153 2594/1/4153 2595/1/4153
f 2595/1/4154 2594/1/4154 2596/1/4154
f 2595/1/4155 2596/1/4155 2597/1/4155
f 2597/1/4156 2596/1/4156 2598/1/4156
f 2597/1/4157 2598/1/4157 2488/1/4157
f 2488/1/4158 2598/1/4158 2599/1/4158
f 2488/1/4159 2599/1/4159 2489/1/4159
f 2477/1/4160 2462/1/4160 2478/1/4160
f 2478/1/4161 2462/1/4161 2464/1/4161
f 2478/1/4162 2464/1/4162 2562/1/4162
f 2562/1/4163 2464/1/4163 2558/1/4163
f 2562/1/4164 2558/1/4164 2564/1/4164
f 2564/1/4165 2558/1/4165 2552/1/4165
f 2564/1/4166 2552/1/4166 2566/1/4166
f 2566/1/4167 2552/1/4167 2551/1/4167
f 2566/1/4168 2551/1/4168 2568/1/4168
f 2568/1/4169 2551/1/4169 2538/1/4169
f 2568/1/4170 2538/1/4170 2570/1/4170
f 2570/1/4171 2538/1/4171 2535/1/4171
f 2570/1/4172 2535/1/4172 2572/1/4172
f 2572/1/4173 2535/1/4173 2461/1/4173
f 2572/1/4174 2461/1/4174 2574/1/4174
f 2574/1/4175 2461/1/4175 2079/1/4175
f 2574/1/4176 2079/1/4176 2086/1/4176
f 1018/1/4177 2600/1/4177 2459/1/4177
f 2459/1/4178 2600/1/4178 2578/1/4178
f 2459/1/4179 2578/1/4179 2460/1/4179
f 2460/1/4180 2578/1/4180 2576/1/4180
f 2460/1/4181 2576/1/4181 2457/1/4181
f 2457/1/4182 2576/1/4182 2575/1/4182
f 2457/1/4183 2575/1/4183 2082/1/4183
f 1019/1/4184 1020/1/4184 2601/1/4184
f 2601/1/4185 1020/1/4185 2602/1/4185
f 2601/1/4186 2602/1/4186 2603/1/4186
f 2603/1/4187 2602/1/4187 2604/1/4187
f 2603/1/4188 2604/1/4188 2605/1/4188
f 2605/1/4189 2604/1/4189 2606/1/4189
f 2605/1/4190 2606/1/4190 2607/1/4190
f 2607/1/4191 2606/1/4191 2608/1/4191
f 2607/1/4192 2608/1/4192 2609/1/4192
f 2609/1/4193 2608/1/4193 2610/1/4193
f 2609/1/4194 2610/1/4194 2611/1/4194
f 2600/1/4195 2612/1/4195 2578/1/4195
f 2578/1/4196 2612/1/4196 2613/1/4196
f 2578/1/4197 2613/1/4197 2579/1/4197
f 2579/1/4198 2613/1/4198 2614/1/4198
f 2579/1/4199 2614/1/4199 2580/1/4199
f 2580/1/4200 2614/1/4200 2615/1/4200
f 2580/1/4201 2615/1/4201 2582/1/4201
f 2582/1/4202 2615/1/4202 2539/1/4202
f 2582/1/4203 2539/1/4203 2584/1/4203
f 2584/1/4204 2539/1/4204 2540/1/4204
f 2584/1/4205 2540/1/4205 2586/1/4205
f 2586/1/4206 2540/1/4206 2541/1/4206
f 2586/1/4207 2541/1/4207 2588/1/4207
f 2588/1/4208 2541/1/4208 2542/1/4208
f 2588/1/4209 2542/1/4209 2590/1/4209
f 2590/1/4210 2542/1/4210 2543/1/4210
f 2590/1/4211 2543/1/4211 2592/1/4211
f 2592/1/4212 2543/1/4212 2544/1/4212
f 2592/1/4213 2544/1/4213 2594/1/4213
f 2594/1/4214 2544/1/4214 2545/1/4214
f 2594/1/4215 2545/1/4215 2596/1/4215
f 2596/1/4216 2545/1/4216 2546/1/4216
f 2596/1/4217 2546/1/4217 2598/1/4217
f 2512/1/4218 2611/1/4218 2514/1/4218
f 2514/1/4219 2611/1/4219 2610/1/4219
f 2514/1/4220 2610/1/4220 2515/1/4220
f 2515/1/4221 2610/1/4221 2608/1/4221
f 2515/1/4222 2608/1/4222 2519/1/4222
f 2519/1/4223 2608/1/4223 2606/1/4223
f 2519/1/4224 2606/1/4224 2507/1/4224
f 2507/1/4225 2606/1/4225 2604/1/4225
f 2507/1/4226 2604/1/4226 2506/1/4226
f 2506/1/4227 2604/1/4227 2602/1/4227
f 2506/1/4228 2602/1/4228 2458/1/4228
f 2458/1/4229 2602/1/4229 1020/1/4229
f 2458/1/4230 1020/1/4230 986/1/4230
f 2083/1/4231 2082/1/4231 2456/1/4231
f 2456/1/4232 2082/1/4232 2575/1/4232
f 2456/1/4233 2575/1/4233 2573/1/4233
f 2573/1/4234 2575/1/4234 2577/1/4234
f 2573/1/4235 2577/1/4235 2571/1/4235
f 2571/1/4236 2577/1/4236 2581/1/4236
f 2571/1/4237 2581/1/4237 2569/1/4237
f 2569/1/4238 2581/1/4238 2583/1/4238
f 2569/1/4239 2583/1/4239 2567/1/4239
f 2567/1/4240 2583/1/4240 2585/1/4240
f 2567/1/4241 2585/1/4241 2565/1/4241
f 2565/1/4242 2585/1/4242 2587/1/4242
f 2565/1/4243 2587/1/4243 2563/1/4243
f 2563/1/4244 2587/1/4244 2589/1/4244
f 2563/1/4245 2589/1/4245 2561/1/4245
f 2561/1/4246 2589/1/4246 2591/1/4246
f 2561/1/4247 2591/1/4247 2560/1/4247
f 2560/1/4248 2591/1/4248 2593/1/4248
f 2560/1/4249 2593/1/4249 2559/1/4249
f 2559/1/4250 2593/1/4250 2595/1/4250
f 2559/1/4251 2595/1/4251 2454/1/4251
f 2454/1/4252 2595/1/4252 2597/1/4252
f 2454/1/4253 2597/1/4253 2455/1/4253
f 2455/1/4254 2597/1/4254 2488/1/4254
f 2455/1/4255 2488/1/4255 2486/1/4255
f 2486/1/4256 2488/1/4256 2490/1/4256
f 2486/1/4257 2490/1/4257 2487/1/4257
f 2487/1/4258 2490/1/4258 2616/1/4258
f 1018/1/4259 1019/1/4259 2600/1/4259
f 2600/1/4260 1019/1/4260 2601/1/4260
f 2600/1/4261 2601/1/4261 2612/1/4261
f 2612/1/4262 2601/1/4262 2603/1/4262
f 2612/1/4263 2603/1/4263 2613/1/4263
f 2613/1/4263 2603/1/4263 2605/1/4263
f 2613/1/4264 2605/1/4264 2614/1/4264
f 2614/1/4265 2605/1/4265 2607/1/4265
f 2614/1/4266 2607/1/4266 2615/1/4266
f 2615/1/4267 2607/1/4267 2609/1/4267
f 2615/1/4268 2609/1/4268 2539/1/4268
f 2539/1/4269 2609/1/4269 2611/1/4269
f 2539/1/4270 2611/1/4270 2533/1/4270
f 2533/1/4271 2611/1/4271 2512/1/4271
f 2533/1/4272 2512/1/4272 2531/1/4272
f 2531/1/4273 2512/1/4273 2511/1/4273
f 2531/1/4274 2511/1/4274 2529/1/4274
f 2529/1/4275 2511/1/4275 2516/1/4275
f 2529/1/4276 2516/1/4276 2527/1/4276
f 2527/1/4277 2516/1/4277 2447/1/4277
f 2527/1/4278 2447/1/4278 2525/1/4278
f 2525/1/4279 2447/1/4279 2449/1/4279
f 2525/1/4280 2449/1/4280 2446/1/4280
f 2446/1/4281 2449/1/4281 2524/1/4281
f 2446/1/4282 2524/1/4282 2444/1/4282
f 2444/1/4283 2524/1/4283 2491/1/4283
f 2444/1/4284 2491/1/4284 2546/1/4284
f 2546/1/4285 2491/1/4285 2493/1/4285
f 2546/1/4286 2493/1/4286 2598/1/4286
f 2598/1/4287 2493/1/4287 2495/1/4287
f 2598/1/4288 2495/1/4288 2599/1/4288
f 2599/1/4289 2495/1/4289 2494/1/4289
f 2617/1/4290 2618/1/4290 2619/1/4290
f 2620/1/498 2621/1/498 2622/1/498
f 2622/1/500 2621/1/500 2623/1/500
f 2624/1/498 2119/1/498 2118/1/498
f 2617/1/500 2619/1/500 2625/1/500
f 2626/1/498 2627/1/498 2628/1/498
f 2629/1/498 2630/1/498 2631/1/498
f 2631/1/498 2630/1/498 2632/1/498
f 2631/1/498 2632/1/498 2633/1/498
f 2118/1/498 2233/1/498 2624/1/498
f 2624/1/498 2233/1/498 2475/1/498
f 2624/1/498 2475/1/498 2634/1/498
f 2119/1/498 2624/1/498 2121/1/498
f 2121/1/498 2624/1/498 2635/1/498
f 2121/1/498 2635/1/498 2122/1/498
f 2636/1/498 2116/1/498 2635/1/498
f 2635/1/498 2116/1/498 2114/1/498
f 2635/1/498 2114/1/498 2122/1/498
f 2637/1/4291 2638/1/4291 2639/1/4291
f 2623/1/498 2640/1/498 2622/1/498
f 2622/1/4290 2640/1/4290 2641/1/4290
f 2622/1/500 2641/1/500 2617/1/500
f 2617/1/498 2641/1/498 2642/1/498
f 2617/1/4290 2642/1/4290 2618/1/4290
f 2626/1/498 2628/1/498 2643/1/498
f 2481/1/498 2482/1/498 2644/1/498
f 2644/1/498 2482/1/498 2484/1/498
f 2644/1/498 2484/1/498 2645/1/498
f 2646/1/498 2647/1/498 2467/1/498
f 2475/1/498 2473/1/498 2634/1/498
f 2634/1/498 2473/1/498 2471/1/498
f 2634/1/498 2471/1/498 2647/1/498
f 2647/1/498 2471/1/498 2469/1/498
f 2647/1/498 2469/1/498 2467/1/498
f 2648/1/498 2110/1/498 2636/1/498
f 2636/1/498 2110/1/498 2112/1/498
f 2636/1/498 2112/1/498 2116/1/498
f 2649/1/498 2106/1/498 2648/1/498
f 2648/1/498 2106/1/498 2108/1/498
f 2648/1/498 2108/1/498 2110/1/498
f 2650/1/498 1843/1/498 2651/1/498
f 2652/1/4292 2653/1/4292 2654/1/4292
f 2654/1/4290 2653/1/4290 2637/1/4290
f 2654/1/4290 2637/1/4290 2655/1/4290
f 2655/1/498 2637/1/498 2639/1/498
f 2619/1/4293 2656/1/4293 2625/1/4293
f 2625/1/498 2656/1/498 2657/1/498
f 2625/1/500 2657/1/500 2638/1/500
f 2638/1/4294 2657/1/4294 2658/1/4294
f 2638/1/4290 2658/1/4290 2639/1/4290
f 2628/1/498 2659/1/498 2643/1/498
f 2643/1/498 2659/1/498 2660/1/498
f 2643/1/498 2660/1/498 2620/1/498
f 2620/1/500 2660/1/500 2661/1/500
f 2620/1/498 2661/1/498 2621/1/498
f 2629/1/498 2662/1/498 2630/1/498
f 2630/1/4294 2662/1/4294 2663/1/4294
f 2630/1/498 2663/1/498 2626/1/498
f 2626/1/498 2663/1/498 2664/1/498
f 2626/1/498 2664/1/498 2627/1/498
f 2633/1/498 2632/1/498 2665/1/498
f 2665/1/4290 2632/1/4290 2666/1/4290
f 2665/1/498 2666/1/498 2667/1/498
f 2667/1/4295 2666/1/4295 2668/1/4295
f 2668/1/4294 2666/1/4294 2669/1/4294
f 2668/1/500 2669/1/500 2616/1/500
f 2484/1/498 2453/1/498 2645/1/498
f 2645/1/498 2453/1/498 2485/1/498
f 2645/1/498 2485/1/498 2669/1/498
f 2669/1/498 2485/1/498 2487/1/498
f 2669/1/498 2487/1/498 2616/1/498
f 2101/1/498 2670/1/498 2097/1/498
f 2097/1/498 2670/1/498 2671/1/498
f 2652/1/4296 2672/1/4296 2653/1/4296
f 2653/1/4297 2672/1/4297 2673/1/4297
f 2653/1/4290 2673/1/4290 2674/1/4290
f 2481/1/498 2644/1/498 2479/1/498
f 2479/1/498 2644/1/498 2675/1/498
f 2479/1/498 2675/1/498 2477/1/498
f 2467/1/498 2465/1/498 2646/1/498
f 2646/1/498 2465/1/498 2463/1/498
f 2646/1/498 2463/1/498 2675/1/498
f 2675/1/498 2463/1/498 2462/1/498
f 2675/1/498 2462/1/498 2477/1/498
f 2101/1/498 2100/1/498 2670/1/498
f 2670/1/498 2100/1/498 2102/1/498
f 2670/1/498 2102/1/498 2649/1/498
f 2649/1/498 2102/1/498 2104/1/498
f 2649/1/498 2104/1/498 2106/1/498
f 1843/1/498 1842/1/498 2651/1/498
f 2651/1/498 1842/1/498 2070/1/498
f 2651/1/498 2070/1/498 2671/1/498
f 2671/1/498 2070/1/498 2098/1/498
f 2671/1/498 2098/1/498 2097/1/498
f 2673/1/498 2676/1/498 2674/1/498
f 2674/1/498 2676/1/498 2677/1/498
f 2674/1/498 2677/1/498 2651/1/498
f 2651/1/4290 2677/1/4290 2678/1/4290
f 2651/1/498 2678/1/498 2650/1/498
f 2679/1/4298 50/1/4298 2669/1/4298
f 2669/1/4299 50/1/4299 51/1/4299
f 51/1/4300 53/1/4300 2669/1/4300
f 2669/1/4301 53/1/4301 54/1/4301
f 2669/1/4302 54/1/4302 56/1/4302
f 56/1/4303 58/1/4303 2669/1/4303
f 2669/1/4304 58/1/4304 60/1/4304
f 2669/1/4305 60/1/4305 2645/1/4305
f 2645/1/4306 60/1/4306 460/1/4306
f 2645/1/4307 460/1/4307 2644/1/4307
f 2644/1/4307 460/1/4307 466/1/4307
f 2644/1/4308 466/1/4308 2675/1/4308
f 2675/1/4308 466/1/4308 469/1/4308
f 2675/1/1809 469/1/1809 2646/1/1809
f 2646/1/1809 469/1/1809 471/1/1809
f 2646/1/4309 471/1/4309 2647/1/4309
f 2647/1/4309 471/1/4309 473/1/4309
f 2647/1/4310 473/1/4310 2634/1/4310
f 2680/1/4311 2681/1/4311 2669/1/4311
f 2681/1/4312 2682/1/4312 2669/1/4312
f 2669/1/4313 2682/1/4313 2683/1/4313
f 2669/1/4314 2683/1/4314 2679/1/4314
f 2651/1/4315 2684/1/4315 2674/1/4315
f 2674/1/4315 2684/1/4315 2685/1/4315
f 2674/1/4316 2685/1/4316 2653/1/4316
f 2653/1/4316 2685/1/4316 2686/1/4316
f 2653/1/4317 2686/1/4317 2637/1/4317
f 2637/1/4317 2686/1/4317 2687/1/4317
f 2637/1/4318 2687/1/4318 2638/1/4318
f 2638/1/4318 2687/1/4318 2688/1/4318
f 2638/1/4319 2688/1/4319 2625/1/4319
f 2625/1/4319 2688/1/4319 2689/1/4319
f 2625/1/4320 2689/1/4320 2617/1/4320
f 2617/1/4320 2689/1/4320 2690/1/4320
f 2617/1/4321 2690/1/4321 2622/1/4321
f 2622/1/4321 2690/1/4321 2691/1/4321
f 2622/1/4322 2691/1/4322 2620/1/4322
f 2620/1/4322 2691/1/4322 2692/1/4322
f 2620/1/4323 2692/1/4323 2643/1/4323
f 2643/1/4323 2692/1/4323 2693/1/4323
f 2643/1/4324 2693/1/4324 2626/1/4324
f 2626/1/4324 2693/1/4324 2694/1/4324
f 2626/1/4325 2694/1/4325 2630/1/4325
f 2630/1/4325 2694/1/4325 2695/1/4325
f 2630/1/4326 2695/1/4326 2632/1/4326
f 2632/1/4326 2695/1/4326 2696/1/4326
f 2632/1/4327 2696/1/4327 2666/1/4327
f 2666/1/4327 2696/1/4327 2697/1/4327
f 2666/1/4328 2697/1/4328 2669/1/4328
f 2669/1/4329 2697/1/4329 2698/1/4329
f 2669/1/4330 2698/1/4330 2680/1/4330
f 462/1/4331 2259/1/4331 2651/1/4331
f 2651/1/4332 2259/1/4332 2684/1/4332
f 2684/1/4333 2259/1/4333 2260/1/4333
f 2684/1/4334 2260/1/4334 2261/1/4334
f 2261/1/4335 2262/1/4335 2684/1/4335
f 2684/1/4336 2262/1/4336 2263/1/4336
f 2684/1/14 2263/1/14 2264/1/14
f 462/1/4337 2651/1/4337 464/1/4337
f 464/1/4338 2651/1/4338 2671/1/4338
f 464/1/4339 2671/1/4339 465/1/4339
f 465/1/4339 2671/1/4339 2670/1/4339
f 465/1/4340 2670/1/4340 489/1/4340
f 489/1/4340 2670/1/4340 2649/1/4340
f 489/1/2321 2649/1/2321 487/1/2321
f 487/1/2321 2649/1/2321 2648/1/2321
f 487/1/4341 2648/1/4341 484/1/4341
f 484/1/4341 2648/1/4341 2636/1/4341
f 484/1/4342 2636/1/4342 482/1/4342
f 473/1/4310 476/1/4310 2634/1/4310
f 2634/1/4343 476/1/4343 478/1/4343
f 2634/1/4343 478/1/4343 2624/1/4343
f 2624/1/4344 478/1/4344 482/1/4344
f 2624/1/4344 482/1/4344 2635/1/4344
f 2635/1/4342 482/1/4342 2636/1/4342
f 1718/1/498 39/1/498 37/1/498
f 36/1/498 2271/1/498 37/1/498
f 37/1/498 2271/1/498 2031/1/498
f 37/1/498 2031/1/498 1718/1/498
f 1718/1/498 2031/1/498 1716/1/498
f 1718/1/498 1716/1/498 1717/1/498
f 369/1/1108 372/1/1108 367/1/1108
f 367/1/1108 372/1/1108 365/1/1108
f 2443/1/1108 354/1/1108 357/1/1108
f 357/1/1108 359/1/1108 2443/1/1108
f 2443/1/1108 359/1/1108 361/1/1108
f 2443/1/1108 361/1/1108 372/1/1108
f 372/1/1108 361/1/1108 363/1/1108
f 372/1/1108 363/1/1108 365/1/1108
f 39/1/1108 38/1/1108 37/1/1108
f 37/1/1108 38/1/1108 2699/1/1108
f 37/1/1108 2699/1/1108 35/1/1108
f 35/1/1108 2699/1/1108 33/1/1108
f 2699/1/1108 2427/1/1108 2415/1/1108
f 15/1/1108 14/1/1108 2415/1/1108
f 2415/1/1108 14/1/1108 26/1/1108
f 2415/1/1108 26/1/1108 2699/1/1108
f 2699/1/1108 26/1/1108 31/1/1108
f 2699/1/1108 31/1/1108 33/1/1108
f 2700/1/4345 2701/1/4345 2702/1/4345
f 2700/1/4346 2702/1/4346 2703/1/4346
f 2704/1/4347 2700/1/4347 2705/1/4347
f 2705/1/4348 2700/1/4348 2703/1/4348
f 2705/1/4349 2703/1/4349 2706/1/4349
f 2706/1/4350 2703/1/4350 2707/1/4350
f 2706/1/4351 2707/1/4351 2708/1/4351
f 2709/1/4352 2710/1/4352 2711/1/4352
f 2711/1/4353 2710/1/4353 2712/1/4353
f 2711/1/4354 2712/1/4354 2707/1/4354
f 2707/1/4355 2712/1/4355 2713/1/4355
f 2707/1/4356 2713/1/4356 2708/1/4356
f 2702/1/4357 2714/1/4357 2703/1/4357
f 2703/1/4358 2714/1/4358 2715/1/4358
f 2703/1/4359 2715/1/4359 2707/1/4359
f 2707/1/4360 2715/1/4360 2716/1/4360
f 2707/1/4361 2716/1/4361 2711/1/4361
f 2711/1/4362 2716/1/4362 2717/1/4362
f 2711/1/4363 2717/1/4363 2709/1/4363
f 2718/1/4364 2719/1/4364 2720/1/4364
f 2721/1/4365 2722/1/4365 2723/1/4365
f 2723/1/4366 2722/1/4366 2724/1/4366
f 2723/1/4367 2724/1/4367 2725/1/4367
f 2720/1/4368 2726/1/4368 2727/1/4368
f 2710/1/4369 2728/1/4369 2712/1/4369
f 2712/1/4370 2728/1/4370 2729/1/4370
f 2712/1/4371 2729/1/4371 2713/1/4371
f 2710/1/4372 2709/1/4372 2730/1/4372
f 2731/1/4373 2704/1/4373 2732/1/4373
f 2732/1/4374 2704/1/4374 2705/1/4374
f 2732/1/4375 2705/1/4375 2733/1/4375
f 2733/1/4376 2705/1/4376 2706/1/4376
f 2733/1/4377 2706/1/4377 2708/1/4377
f 2734/1/4378 2718/1/4378 2735/1/4378
f 2735/1/4379 2718/1/4379 2720/1/4379
f 2735/1/4380 2720/1/4380 2736/1/4380
f 2736/1/4381 2720/1/4381 2727/1/4381
f 2737/1/4382 2721/1/4382 2738/1/4382
f 2738/1/4383 2721/1/4383 2723/1/4383
f 2738/1/4384 2723/1/4384 2739/1/4384
f 2739/1/4385 2723/1/4385 2725/1/4385
f 2740/1/4386 2741/1/4386 2728/1/4386
f 2728/1/4387 2741/1/4387 2727/1/4387
f 2728/1/4388 2727/1/4388 2729/1/4388
f 2729/1/4389 2727/1/4389 2726/1/4389
f 2729/1/4390 2726/1/4390 2739/1/4390
f 2739/1/4391 2726/1/4391 2720/1/4391
f 2739/1/4392 2720/1/4392 2738/1/4392
f 2738/1/4393 2720/1/4393 2719/1/4393
f 2738/1/4394 2719/1/4394 2737/1/4394
f 2710/1/4395 2730/1/4395 2728/1/4395
f 2728/1/4396 2730/1/4396 2742/1/4396
f 2728/1/4397 2742/1/4397 2740/1/4397
f 2724/1/4398 2731/1/4398 2725/1/4398
f 2725/1/4399 2731/1/4399 2732/1/4399
f 2725/1/4400 2732/1/4400 2739/1/4400
f 2739/1/4401 2732/1/4401 2733/1/4401
f 2739/1/4402 2733/1/4402 2729/1/4402
f 2729/1/4403 2733/1/4403 2708/1/4403
f 2729/1/4404 2708/1/4404 2713/1/4404
f 2743/1/4405 2717/1/4405 2716/1/4405
f 2744/1/4406 2745/1/4406 2746/1/4406
f 2747/1/4407 2748/1/4407 2749/1/4407
f 2749/1/4408 2748/1/4408 2750/1/4408
f 2749/1/4409 2750/1/4409 2751/1/4409
f 2751/1/4410 2750/1/4410 2752/1/4410
f 2751/1/4411 2752/1/4411 2753/1/4411
f 2754/1/4412 2755/1/4412 2745/1/4412
f 2745/1/4413 2755/1/4413 2756/1/4413
f 2745/1/4414 2756/1/4414 2746/1/4414
f 2746/1/4415 2756/1/4415 2757/1/4415
f 2758/1/4416 2759/1/4416 2757/1/4416
f 2757/1/4417 2759/1/4417 2760/1/4417
f 2757/1/4418 2760/1/4418 2746/1/4418
f 2746/1/4419 2760/1/4419 2761/1/4419
f 2746/1/4420 2761/1/4420 2744/1/4420
f 2744/1/4421 2761/1/4421 2762/1/4421
f 2701/1/4422 2758/1/4422 2702/1/4422
f 2702/1/4423 2758/1/4423 2757/1/4423
f 2702/1/4424 2757/1/4424 2714/1/4424
f 2714/1/4425 2757/1/4425 2756/1/4425
f 2714/1/4426 2756/1/4426 2715/1/4426
f 2715/1/4427 2756/1/4427 2755/1/4427
f 2715/1/4428 2755/1/4428 2716/1/4428
f 2716/1/4429 2755/1/4429 2754/1/4429
f 2716/1/4430 2754/1/4430 2743/1/4430
f 2709/1/4431 2717/1/4431 2763/1/4431
f 2763/1/4432 2717/1/4432 2743/1/4432
f 2763/1/4433 2743/1/4433 2753/1/4433
f 2753/1/4434 2743/1/4434 2754/1/4434
f 2753/1/4435 2754/1/4435 2751/1/4435
f 2751/1/4436 2754/1/4436 2745/1/4436
f 2751/1/4437 2745/1/4437 2749/1/4437
f 2749/1/4438 2745/1/4438 2744/1/4438
f 2749/1/4439 2744/1/4439 2747/1/4439
f 2747/1/4440 2744/1/4440 2762/1/4440
f 2709/1/4441 2764/1/4441 2765/1/4441
f 2766/1/4442 2734/1/4442 2735/1/4442
f 2767/1/4443 2768/1/4443 2766/1/4443
f 2768/1/4444 2767/1/4444 2769/1/4444
f 2769/1/4445 2767/1/4445 2770/1/4445
f 2769/1/4446 2770/1/4446 2771/1/4446
f 2771/1/4447 2770/1/4447 2772/1/4447
f 2772/1/4448 2770/1/4448 2773/1/4448
f 2772/1/4449 2773/1/4449 2774/1/4449
f 2748/1/4450 2774/1/4450 2750/1/4450
f 2750/1/4451 2774/1/4451 2773/1/4451
f 2750/1/4452 2773/1/4452 2752/1/4452
f 2752/1/4453 2773/1/4453 2753/1/4453
f 2753/1/4454 2775/1/4454 2763/1/4454
f 2763/1/4455 2775/1/4455 2709/1/4455
f 2764/1/4456 2709/1/4456 2775/1/4456
f 2741/1/4457 2740/1/4457 2765/1/4457
f 2765/1/4458 2740/1/4458 2742/1/4458
f 2766/1/4459 2735/1/4459 2767/1/4459
f 2767/1/4460 2735/1/4460 2736/1/4460
f 2767/1/4461 2736/1/4461 2727/1/4461
f 2753/1/4462 2773/1/4462 2775/1/4462
f 2775/1/4463 2773/1/4463 2770/1/4463
f 2775/1/4463 2770/1/4463 2764/1/4463
f 2764/1/4464 2770/1/4464 2767/1/4464
f 2764/1/4464 2767/1/4464 2765/1/4464
f 2765/1/4465 2767/1/4465 2727/1/4465
f 2765/1/4466 2727/1/4466 2741/1/4466
f 2742/1/4467 2730/1/4467 2765/1/4467
f 2765/1/4468 2730/1/4468 2709/1/4468
f 2718/1/502 2734/1/502 2776/1/502
f 2777/1/4469 2778/1/4469 2779/1/4469
f 2779/1/4470 2778/1/4470 2780/1/4470
f 2780/1/502 2778/1/502 2781/1/502
f 2780/1/4471 2781/1/4471 2782/1/4471
f 2783/1/4472 2784/1/4472 2779/1/4472
f 2779/1/4473 2784/1/4473 2785/1/4473
f 2779/1/4474 2785/1/4474 2777/1/4474
f 2786/1/4475 2722/1/4475 2781/1/4475
f 2781/1/502 2722/1/502 2721/1/502
f 2781/1/502 2721/1/502 2782/1/502
f 2782/1/502 2721/1/502 2737/1/502
f 2782/1/502 2737/1/502 2776/1/502
f 2776/1/502 2737/1/502 2719/1/502
f 2776/1/502 2719/1/502 2718/1/502
f 2787/1/502 2788/1/502 2789/1/502
f 2789/1/502 2788/1/502 2722/1/502
f 2789/1/4476 2722/1/4476 2790/1/4476
f 2790/1/502 2722/1/502 2786/1/502
f 2791/1/4477 2759/1/4477 2792/1/4477
f 2792/1/4478 2759/1/4478 2758/1/4478
f 2792/1/4479 2758/1/4479 2793/1/4479
f 2793/1/4480 2758/1/4480 2701/1/4480
f 2761/1/545 2794/1/545 2762/1/545
f 2762/1/545 2794/1/545 2795/1/545
f 2762/1/545 2795/1/545 2747/1/545
f 2747/1/545 2795/1/545 2796/1/545
f 2747/1/545 2796/1/545 2748/1/545
f 2748/1/545 2796/1/545 2797/1/545
f 2791/1/545 2798/1/545 2759/1/545
f 2759/1/545 2798/1/545 2794/1/545
f 2759/1/545 2794/1/545 2760/1/545
f 2760/1/545 2794/1/545 2761/1/545
f 2772/1/4481 2799/1/4481 2800/1/4481
f 2776/1/4482 2734/1/4482 2801/1/4482
f 2801/1/4483 2734/1/4483 2766/1/4483
f 2801/1/4484 2766/1/4484 2802/1/4484
f 2799/1/4485 2772/1/4485 2797/1/4485
f 2797/1/4486 2772/1/4486 2774/1/4486
f 2797/1/4487 2774/1/4487 2748/1/4487
f 2802/1/4488 2766/1/4488 2803/1/4488
f 2803/1/4489 2766/1/4489 2768/1/4489
f 2803/1/4490 2768/1/4490 2804/1/4490
f 2804/1/4491 2768/1/4491 2769/1/4491
f 2804/1/4492 2769/1/4492 2800/1/4492
f 2800/1/4493 2769/1/4493 2771/1/4493
f 2800/1/4481 2771/1/4481 2772/1/4481
f 2805/1/4494 2806/1/4494 2807/1/4494
f 2808/1/4495 2809/1/4495 2810/1/4495
f 2811/1/4496 2812/1/4496 2813/1/4496
f 2814/1/4497 2815/1/4497 2816/1/4497
f 2817/1/4498 2818/1/4498 2819/1/4498
f 2820/1/4499 2821/1/4499 2822/1/4499
f 2823/1/4500 2824/1/4500 2825/1/4500
f 2826/1/4501 2827/1/4501 2815/1/4501
f 2815/1/4502 2827/1/4502 2828/1/4502
f 2815/1/4503 2828/1/4503 2829/1/4503
f 2829/1/4504 2830/1/4504 2815/1/4504
f 2815/1/4505 2830/1/4505 2831/1/4505
f 2815/1/4506 2831/1/4506 2816/1/4506
f 2816/1/4507 2831/1/4507 2832/1/4507
f 2816/1/4508 2832/1/4508 2833/1/4508
f 2833/1/4509 2832/1/4509 2834/1/4509
f 2835/1/4510 2836/1/4510 2826/1/4510
f 2826/1/4511 2836/1/4511 2837/1/4511
f 2826/1/4512 2837/1/4512 2827/1/4512
f 2838/1/4513 2839/1/4513 2835/1/4513
f 2835/1/4514 2839/1/4514 2840/1/4514
f 2835/1/4515 2840/1/4515 2836/1/4515
f 2838/1/4516 2841/1/4516 2842/1/4516
f 2842/1/4517 2843/1/4517 2838/1/4517
f 2838/1/4518 2843/1/4518 2844/1/4518
f 2838/1/4519 2844/1/4519 2839/1/4519
f 2845/1/4520 2846/1/4520 2847/1/4520
f 2848/1/4521 2849/1/4521 2847/1/4521
f 2847/1/4522 2849/1/4522 2850/1/4522
f 2847/1/4523 2850/1/4523 2845/1/4523
f 2851/1/4524 2852/1/4524 2853/1/4524
f 2853/1/4525 2852/1/4525 2854/1/4525
f 2853/1/4526 2854/1/4526 2855/1/4526
f 2855/1/4527 2854/1/4527 2856/1/4527
f 2855/1/4528 2856/1/4528 2857/1/4528
f 2857/1/4529 2856/1/4529 2858/1/4529
f 2857/1/4530 2858/1/4530 2859/1/4530
f 2859/1/4531 2858/1/4531 2847/1/4531
f 2859/1/4532 2847/1/4532 2860/1/4532
f 2860/1/4533 2847/1/4533 2846/1/4533
f 2861/1/4534 2862/1/4534 2863/1/4534
f 2863/1/4535 2862/1/4535 2864/1/4535
f 2863/1/4536 2864/1/4536 2847/1/4536
f 2847/1/4537 2864/1/4537 2865/1/4537
f 2847/1/4538 2865/1/4538 2848/1/4538
f 2866/1/4539 2867/1/4539 2868/1/4539
f 2869/1/4540 2776/1/4540 2801/1/4540
f 2802/1/4541 2870/1/4541 2871/1/4541
f 2871/1/4542 2870/1/4542 2872/1/4542
f 2871/1/4543 2872/1/4543 2873/1/4543
f 2873/1/4544 2874/1/4544 2871/1/4544
f 2871/1/4545 2874/1/4545 2875/1/4545
f 2871/1/4546 2875/1/4546 2876/1/4546
f 2877/1/4547 2878/1/4547 2879/1/4547
f 2879/1/4548 2880/1/4548 2877/1/4548
f 2877/1/4549 2880/1/4549 2881/1/4549
f 2877/1/4550 2881/1/4550 2882/1/4550
f 2882/1/4551 2881/1/4551 2783/1/4551
f 2882/1/4552 2783/1/4552 2824/1/4552
f 2824/1/4553 2783/1/4553 2779/1/4553
f 2824/1/4554 2779/1/4554 2825/1/4554
f 2825/1/4555 2779/1/4555 2780/1/4555
f 2825/1/4556 2780/1/4556 2883/1/4556
f 2884/1/4557 2885/1/4557 2886/1/4557
f 2886/1/4558 2885/1/4558 2887/1/4558
f 2886/1/4559 2887/1/4559 2888/1/4559
f 2821/1/4560 2820/1/4560 2889/1/4560
f 2890/1/4561 2891/1/4561 2892/1/4561
f 2892/1/4562 2891/1/4562 2893/1/4562
f 2890/1/4563 2892/1/4563 2894/1/4563
f 2894/1/4564 2892/1/4564 2895/1/4564
f 2894/1/4565 2895/1/4565 2896/1/4565
f 2897/1/4566 2898/1/4566 2895/1/4566
f 2895/1/4567 2898/1/4567 2899/1/4567
f 2895/1/4568 2899/1/4568 2896/1/4568
f 2900/1/4569 2901/1/4569 2902/1/4569
f 2902/1/4570 2901/1/4570 2903/1/4570
f 2902/1/4571 2903/1/4571 2904/1/4571
f 2904/1/4572 2903/1/4572 2905/1/4572
f 2904/1/4573 2905/1/4573 2906/1/4573
f 2906/1/4574 2905/1/4574 2907/1/4574
f 2906/1/4575 2907/1/4575 2908/1/4575
f 2909/1/4576 2910/1/4576 2812/1/4576
f 2812/1/4577 2910/1/4577 2911/1/4577
f 2812/1/4578 2911/1/4578 2813/1/4578
f 2813/1/4579 2911/1/4579 2912/1/4579
f 2813/1/4580 2912/1/4580 2907/1/4580
f 2907/1/4581 2912/1/4581 2913/1/4581
f 2907/1/4582 2913/1/4582 2908/1/4582
f 2914/1/4583 2915/1/4583 2916/1/4583
f 2916/1/4584 2915/1/4584 2917/1/4584
f 2916/1/4585 2917/1/4585 2918/1/4585
f 2919/1/4586 2920/1/4586 2819/1/4586
f 2819/1/4587 2920/1/4587 2921/1/4587
f 2819/1/4588 2921/1/4588 2817/1/4588
f 2819/1/4589 2922/1/4589 2919/1/4589
f 2919/1/4590 2922/1/4590 2806/1/4590
f 2919/1/4591 2806/1/4591 2923/1/4591
f 2923/1/4592 2806/1/4592 2924/1/4592
f 2924/1/4593 2806/1/4593 2805/1/4593
f 2924/1/4594 2805/1/4594 2925/1/4594
f 2926/1/4595 2927/1/4595 2928/1/4595
f 2929/1/4596 2930/1/4596 2928/1/4596
f 2928/1/4597 2930/1/4597 2931/1/4597
f 2928/1/4598 2931/1/4598 2926/1/4598
f 2780/1/4599 2782/1/4599 2883/1/4599
f 2883/1/4600 2782/1/4600 2932/1/4600
f 2883/1/4601 2932/1/4601 2889/1/4601
f 2889/1/4602 2932/1/4602 2933/1/4602
f 2889/1/4603 2933/1/4603 2821/1/4603
f 2821/1/4604 2933/1/4604 2934/1/4604
f 2821/1/4605 2934/1/4605 2822/1/4605
f 2822/1/4606 2934/1/4606 2935/1/4606
f 2822/1/4607 2935/1/4607 2936/1/4607
f 2820/1/4608 2884/1/4608 2889/1/4608
f 2889/1/4609 2884/1/4609 2886/1/4609
f 2889/1/4610 2886/1/4610 2883/1/4610
f 2883/1/4611 2886/1/4611 2888/1/4611
f 2883/1/4612 2888/1/4612 2825/1/4612
f 2825/1/4613 2888/1/4613 2937/1/4613
f 2825/1/4614 2937/1/4614 2823/1/4614
f 2938/1/4615 2936/1/4615 2893/1/4615
f 2893/1/4616 2936/1/4616 2935/1/4616
f 2893/1/4617 2935/1/4617 2892/1/4617
f 2892/1/4618 2935/1/4618 2934/1/4618
f 2892/1/4619 2934/1/4619 2939/1/4619
f 2939/1/4620 2934/1/4620 2933/1/4620
f 2939/1/4621 2933/1/4621 2869/1/4621
f 2869/1/4622 2933/1/4622 2932/1/4622
f 2869/1/4623 2932/1/4623 2776/1/4623
f 2776/1/4624 2932/1/4624 2782/1/4624
f 2940/1/4625 2941/1/4625 2942/1/4625
f 2942/1/4626 2941/1/4626 2943/1/4626
f 2942/1/4627 2943/1/4627 2866/1/4627
f 2866/1/4628 2868/1/4628 2942/1/4628
f 2942/1/4629 2868/1/4629 2861/1/4629
f 2942/1/4630 2861/1/4630 2940/1/4630
f 2940/1/4631 2861/1/4631 2863/1/4631
f 2940/1/4632 2863/1/4632 2941/1/4632
f 2941/1/4633 2863/1/4633 2944/1/4633
f 2941/1/4634 2944/1/4634 2945/1/4634
f 2946/1/4635 2947/1/4635 2948/1/4635
f 2948/1/4636 2947/1/4636 2841/1/4636
f 2948/1/4637 2841/1/4637 2949/1/4637
f 2949/1/4638 2841/1/4638 2838/1/4638
f 2949/1/4639 2838/1/4639 2950/1/4639
f 2950/1/4640 2838/1/4640 2835/1/4640
f 2950/1/4641 2835/1/4641 2951/1/4641
f 2951/1/4642 2835/1/4642 2826/1/4642
f 2951/1/4643 2826/1/4643 2952/1/4643
f 2952/1/4644 2826/1/4644 2815/1/4644
f 2952/1/4645 2815/1/4645 2953/1/4645
f 2953/1/4646 2815/1/4646 2814/1/4646
f 2953/1/4647 2814/1/4647 2954/1/4647
f 2852/1/4648 2946/1/4648 2854/1/4648
f 2854/1/4649 2946/1/4649 2948/1/4649
f 2854/1/4650 2948/1/4650 2856/1/4650
f 2856/1/4651 2948/1/4651 2949/1/4651
f 2856/1/4652 2949/1/4652 2858/1/4652
f 2858/1/4653 2949/1/4653 2950/1/4653
f 2858/1/4654 2950/1/4654 2847/1/4654
f 2847/1/4655 2950/1/4655 2951/1/4655
f 2847/1/4656 2951/1/4656 2863/1/4656
f 2863/1/4657 2951/1/4657 2952/1/4657
f 2863/1/4658 2952/1/4658 2944/1/4658
f 2944/1/4659 2952/1/4659 2953/1/4659
f 2944/1/4660 2953/1/4660 2945/1/4660
f 2945/1/4661 2953/1/4661 2954/1/4661
f 2955/1/4662 2956/1/4662 2957/1/4662
f 2957/1/4663 2956/1/4663 2958/1/4663
f 2957/1/4664 2958/1/4664 2959/1/4664
f 2959/1/4665 2958/1/4665 2960/1/4665
f 2959/1/4666 2960/1/4666 2961/1/4666
f 2961/1/4667 2960/1/4667 2962/1/4667
f 2961/1/4668 2962/1/4668 2963/1/4668
f 2917/1/4669 2909/1/4669 2918/1/4669
f 2918/1/4670 2909/1/4670 2812/1/4670
f 2918/1/4671 2812/1/4671 2964/1/4671
f 2964/1/4672 2812/1/4672 2811/1/4672
f 2964/1/4673 2811/1/4673 2807/1/4673
f 2807/1/4674 2806/1/4674 2964/1/4674
f 2964/1/4675 2806/1/4675 2922/1/4675
f 2964/1/4676 2922/1/4676 2918/1/4676
f 2918/1/4677 2922/1/4677 2819/1/4677
f 2918/1/4678 2819/1/4678 2916/1/4678
f 2916/1/4679 2819/1/4679 2818/1/4679
f 2916/1/4680 2818/1/4680 2914/1/4680
f 2914/1/4681 2818/1/4681 2817/1/4681
f 2914/1/4682 2817/1/4682 2965/1/4682
f 2809/1/4683 2808/1/4683 2966/1/4683
f 2966/1/4684 2808/1/4684 2967/1/4684
f 2966/1/4685 2967/1/4685 2927/1/4685
f 2927/1/4686 2967/1/4686 2968/1/4686
f 2927/1/4687 2968/1/4687 2928/1/4687
f 2969/1/4688 2970/1/4688 2971/1/4688
f 2971/1/4689 2970/1/4689 2972/1/4689
f 2971/1/4690 2972/1/4690 2871/1/4690
f 2926/1/4691 2955/1/4691 2927/1/4691
f 2927/1/4692 2955/1/4692 2957/1/4692
f 2927/1/4693 2957/1/4693 2966/1/4693
f 2966/1/4694 2957/1/4694 2959/1/4694
f 2966/1/4695 2959/1/4695 2809/1/4695
f 2809/1/4696 2959/1/4696 2961/1/4696
f 2809/1/4697 2961/1/4697 2810/1/4697
f 2810/1/4698 2961/1/4698 2963/1/4698
f 2810/1/4699 2963/1/4699 2969/1/4699
f 2969/1/4700 2963/1/4700 2973/1/4700
f 2969/1/4701 2973/1/4701 2970/1/4701
f 2970/1/4702 2973/1/4702 2974/1/4702
f 2801/1/4703 2802/1/4703 2869/1/4703
f 2869/1/4704 2802/1/4704 2871/1/4704
f 2869/1/4705 2871/1/4705 2939/1/4705
f 2939/1/4706 2871/1/4706 2972/1/4706
f 2939/1/4707 2972/1/4707 2892/1/4707
f 2892/1/4708 2972/1/4708 2970/1/4708
f 2892/1/4709 2970/1/4709 2895/1/4709
f 2895/1/4710 2970/1/4710 2974/1/4710
f 2895/1/4711 2974/1/4711 2897/1/4711
f 2956/1/4712 2925/1/4712 2958/1/4712
f 2958/1/4713 2925/1/4713 2805/1/4713
f 2958/1/4714 2805/1/4714 2960/1/4714
f 2960/1/4715 2805/1/4715 2807/1/4715
f 2960/1/4716 2807/1/4716 2962/1/4716
f 2962/1/4717 2807/1/4717 2811/1/4717
f 2962/1/4718 2811/1/4718 2963/1/4718
f 2963/1/4719 2811/1/4719 2813/1/4719
f 2963/1/4720 2813/1/4720 2973/1/4720
f 2973/1/4721 2813/1/4721 2907/1/4721
f 2973/1/4722 2907/1/4722 2974/1/4722
f 2974/1/4723 2907/1/4723 2905/1/4723
f 2974/1/4724 2905/1/4724 2897/1/4724
f 2897/1/4725 2905/1/4725 2903/1/4725
f 2897/1/4726 2903/1/4726 2898/1/4726
f 2898/1/4727 2903/1/4727 2901/1/4727
f 2834/1/4728 2929/1/4728 2833/1/4728
f 2833/1/4729 2929/1/4729 2928/1/4729
f 2833/1/4730 2928/1/4730 2816/1/4730
f 2816/1/4731 2928/1/4731 2968/1/4731
f 2816/1/4732 2968/1/4732 2814/1/4732
f 2814/1/4733 2968/1/4733 2967/1/4733
f 2814/1/4734 2967/1/4734 2954/1/4734
f 2954/1/4735 2967/1/4735 2808/1/4735
f 2954/1/4736 2808/1/4736 2945/1/4736
f 2945/1/4737 2808/1/4737 2810/1/4737
f 2945/1/4738 2810/1/4738 2941/1/4738
f 2941/1/4739 2810/1/4739 2969/1/4739
f 2941/1/4740 2969/1/4740 2943/1/4740
f 2943/1/4741 2969/1/4741 2971/1/4741
f 2943/1/4742 2971/1/4742 2866/1/4742
f 2866/1/4743 2971/1/4743 2871/1/4743
f 2866/1/4744 2871/1/4744 2867/1/4744
f 2867/1/4745 2871/1/4745 2876/1/4745
f 2975/1/4746 2976/1/4746 2789/1/4746
f 2977/1/4747 2978/1/4747 322/1/4747
f 322/1/4748 2978/1/4748 319/1/4748
f 2979/1/4749 317/1/4749 2980/1/4749
f 2980/1/4750 317/1/4750 319/1/4750
f 2980/1/4751 319/1/4751 2981/1/4751
f 2981/1/4752 319/1/4752 2978/1/4752
f 2982/1/4753 314/1/4753 2979/1/4753
f 2979/1/4754 314/1/4754 315/1/4754
f 2979/1/4755 315/1/4755 317/1/4755
f 2983/1/4756 297/1/4756 2984/1/4756
f 2984/1/4757 297/1/4757 310/1/4757
f 2984/1/4758 310/1/4758 2982/1/4758
f 2982/1/4759 310/1/4759 312/1/4759
f 2982/1/4760 312/1/4760 314/1/4760
f 2983/1/4761 2984/1/4761 2985/1/4761
f 2985/1/4762 2984/1/4762 2986/1/4762
f 2985/1/4763 2986/1/4763 2987/1/4763
f 2988/1/4764 2989/1/4764 2990/1/4764
f 2990/1/4765 2989/1/4765 2991/1/4765
f 2990/1/4766 2991/1/4766 2992/1/4766
f 2881/1/4767 2880/1/4767 2993/1/4767
f 2993/1/4768 2994/1/4768 2881/1/4768
f 2881/1/4769 2994/1/4769 2995/1/4769
f 2881/1/4770 2995/1/4770 2783/1/4770
f 2783/1/4771 2995/1/4771 2784/1/4771
f 2784/1/4772 2995/1/4772 2996/1/4772
f 2784/1/4773 2996/1/4773 2785/1/4773
f 2785/1/4774 2996/1/4774 2777/1/4774
f 2777/1/4775 2996/1/4775 2997/1/4775
f 2777/1/4776 2997/1/4776 2778/1/4776
f 2778/1/4777 2997/1/4777 2998/1/4777
f 2778/1/4778 2998/1/4778 2781/1/4778
f 2789/1/4779 2790/1/4779 2975/1/4779
f 2975/1/4780 2790/1/4780 2786/1/4780
f 2975/1/4781 2786/1/4781 2999/1/4781
f 2999/1/4782 2786/1/4782 2781/1/4782
f 2999/1/4783 2781/1/4783 3000/1/4783
f 3000/1/4784 2781/1/4784 2998/1/4784
f 3001/1/4785 2976/1/4785 3002/1/4785
f 3002/1/4786 2976/1/4786 2975/1/4786
f 3002/1/4787 2975/1/4787 3003/1/4787
f 3003/1/4788 2975/1/4788 2999/1/4788
f 3003/1/4789 2999/1/4789 3004/1/4789
f 3004/1/4790 2999/1/4790 3000/1/4790
f 3004/1/4791 3000/1/4791 3005/1/4791
f 3005/1/4792 3000/1/4792 2998/1/4792
f 3005/1/4793 2998/1/4793 3006/1/4793
f 3006/1/4794 2998/1/4794 2997/1/4794
f 3006/1/4795 2997/1/4795 3007/1/4795
f 3007/1/4796 2997/1/4796 2996/1/4796
f 3007/1/4797 2996/1/4797 3008/1/4797
f 3008/1/4798 2996/1/4798 2995/1/4798
f 3008/1/4799 2995/1/4799 2990/1/4799
f 2990/1/4800 2995/1/4800 2994/1/4800
f 2990/1/4801 2994/1/4801 2988/1/4801
f 2988/1/4802 2994/1/4802 2993/1/4802
f 2977/1/4803 3001/1/4803 2978/1/4803
f 2978/1/4804 3001/1/4804 3002/1/4804
f 2978/1/4805 3002/1/4805 2981/1/4805
f 2981/1/4806 3002/1/4806 3003/1/4806
f 2981/1/4807 3003/1/4807 2980/1/4807
f 2980/1/4808 3003/1/4808 3004/1/4808
f 2980/1/4809 3004/1/4809 2979/1/4809
f 2979/1/4810 3004/1/4810 3005/1/4810
f 2979/1/4811 3005/1/4811 2982/1/4811
f 2982/1/4812 3005/1/4812 3006/1/4812
f 2982/1/4813 3006/1/4813 2984/1/4813
f 2984/1/4814 3006/1/4814 3007/1/4814
f 2984/1/4815 3007/1/4815 2986/1/4815
f 2986/1/4816 3007/1/4816 3008/1/4816
f 2986/1/4817 3008/1/4817 2987/1/4817
f 2987/1/4818 3008/1/4818 2990/1/4818
f 2987/1/4819 2990/1/4819 3009/1/4819
f 3009/1/4820 2990/1/4820 2992/1/4820
f 2977/1/4821 322/1/4821 353/1/4821
f 352/1/4822 3010/1/4822 353/1/4822
f 353/1/4823 3010/1/4823 3011/1/4823
f 353/1/4824 3011/1/4824 3012/1/4824
f 3012/1/4825 3013/1/4825 353/1/4825
f 353/1/4826 3013/1/4826 3014/1/4826
f 353/1/4827 3014/1/4827 2787/1/4827
f 2787/1/4828 2789/1/4828 2976/1/4828
f 2787/1/4829 2976/1/4829 353/1/4829
f 353/1/4830 2976/1/4830 3001/1/4830
f 353/1/4831 3001/1/4831 2977/1/4831
f 352/1/4832 3015/1/4832 3010/1/4832
f 3010/1/4833 3015/1/4833 3016/1/4833
f 3010/1/4834 3016/1/4834 3011/1/4834
f 3011/1/4835 3016/1/4835 3012/1/4835
f 3012/1/4836 3016/1/4836 3017/1/4836
f 3012/1/4837 3017/1/4837 3013/1/4837
f 3013/1/4838 3017/1/4838 3018/1/4838
f 3013/1/4839 3018/1/4839 3014/1/4839
f 3014/1/4840 3018/1/4840 3019/1/4840
f 3014/1/4841 3019/1/4841 3020/1/4841
f 3014/1/4842 3020/1/4842 2788/1/4842
f 3014/1/4843 2788/1/4843 2787/1/4843
f 2793/1/4844 3021/1/4844 3022/1/4844
f 3023/1/4845 3021/1/4845 2793/1/4845
f 3024/1/4846 3025/1/4846 3026/1/4846
f 3027/1/4847 2791/1/4847 3022/1/4847
f 3022/1/4848 2791/1/4848 2792/1/4848
f 3022/1/4849 2792/1/4849 2793/1/4849
f 3027/1/4850 3022/1/4850 3028/1/4850
f 3028/1/4851 3022/1/4851 3021/1/4851
f 3028/1/4852 3021/1/4852 3029/1/4852
f 3030/1/4853 3023/1/4853 2793/1/4853
f 3024/1/4854 3026/1/4854 3031/1/4854
f 3031/1/4855 3026/1/4855 3032/1/4855
f 3031/1/4856 3032/1/4856 3033/1/4856
f 3034/1/4857 3035/1/4857 3033/1/4857
f 3033/1/4858 3035/1/4858 3036/1/4858
f 3033/1/4859 3036/1/4859 3031/1/4859
f 3030/1/4860 3032/1/4860 3023/1/4860
f 3023/1/4861 3032/1/4861 3026/1/4861
f 3023/1/4862 3026/1/4862 3021/1/4862
f 3021/1/4862 3026/1/4862 3025/1/4862
f 3021/1/4863 3025/1/4863 3029/1/4863
f 3028/1/4864 3037/1/4864 3027/1/4864
f 3027/1/4865 3037/1/4865 2798/1/4865
f 3027/1/4866 2798/1/4866 2791/1/4866
f 3034/1/4867 3038/1/4867 3035/1/4867
f 3035/1/4868 3038/1/4868 3039/1/4868
f 3035/1/4869 3039/1/4869 3036/1/4869
f 3028/1/4870 3029/1/4870 3037/1/4870
f 3037/1/4871 3029/1/4871 3025/1/4871
f 3037/1/4872 3025/1/4872 3040/1/4872
f 3040/1/4873 3025/1/4873 3024/1/4873
f 3040/1/4874 3024/1/4874 3039/1/4874
f 3039/1/4875 3024/1/4875 3031/1/4875
f 3039/1/4876 3031/1/4876 3036/1/4876
f 3041/1/4877 3042/1/4877 2846/1/4877
f 3043/1/1119 2859/1/1119 3042/1/1119
f 3042/1/4878 2859/1/4878 2860/1/4878
f 3042/1/4879 2860/1/4879 2846/1/4879
f 3044/1/4880 3045/1/4880 2798/1/4880
f 2798/1/4881 3045/1/4881 3046/1/4881
f 2798/1/4882 3046/1/4882 2794/1/4882
f 2846/1/4883 2845/1/4883 3041/1/4883
f 3041/1/4884 2845/1/4884 3047/1/4884
f 3041/1/4885 3047/1/4885 3044/1/4885
f 3044/1/4886 3047/1/4886 3048/1/4886
f 3044/1/4887 3048/1/4887 3045/1/4887
f 3049/1/4888 3050/1/4888 3051/1/4888
f 2876/1/4889 3052/1/4889 2867/1/4889
f 2874/1/4890 3053/1/4890 2875/1/4890
f 2802/1/4891 2803/1/4891 2870/1/4891
f 2870/1/4892 2803/1/4892 2804/1/4892
f 2870/1/4893 2804/1/4893 2872/1/4893
f 2872/1/4894 2804/1/4894 2800/1/4894
f 3052/1/4895 2876/1/4895 3051/1/4895
f 2873/1/4896 3054/1/4896 2874/1/4896
f 2874/1/4897 3054/1/4897 3049/1/4897
f 2874/1/4898 3049/1/4898 3053/1/4898
f 3053/1/4899 3049/1/4899 3051/1/4899
f 3053/1/4900 3051/1/4900 2875/1/4900
f 2875/1/4901 3051/1/4901 2876/1/4901
f 2797/1/4902 3050/1/4902 2799/1/4902
f 2799/1/4903 3050/1/4903 3049/1/4903
f 2799/1/4904 3049/1/4904 2800/1/4904
f 2800/1/4905 3049/1/4905 3054/1/4905
f 2800/1/4906 3054/1/4906 2872/1/4906
f 2872/1/4907 3054/1/4907 2873/1/4907
f 3055/1/4908 3056/1/4908 3057/1/4908
f 3055/1/4909 3057/1/4909 3058/1/4909
f 3058/1/4910 3057/1/4910 2832/1/4910
f 3058/1/4911 2832/1/4911 2831/1/4911
f 3056/1/4912 3059/1/4912 3057/1/4912
f 3057/1/4913 3059/1/4913 3060/1/4913
f 3057/1/4914 3060/1/4914 2832/1/4914
f 2832/1/4915 3060/1/4915 2834/1/4915
f 3061/1/4916 3062/1/4916 2794/1/4916
f 3061/1/4917 2864/1/4917 3062/1/4917
f 3062/1/4918 2864/1/4918 2862/1/4918
f 3062/1/4919 2862/1/4919 2861/1/4919
f 2850/1/4920 2849/1/4920 3063/1/4920
f 3063/1/4921 2849/1/4921 2848/1/4921
f 3063/1/4922 2848/1/4922 3061/1/4922
f 3061/1/4923 2848/1/4923 2865/1/4923
f 3061/1/4924 2865/1/4924 2864/1/4924
f 2794/1/4925 3046/1/4925 3061/1/4925
f 3061/1/4926 3046/1/4926 3045/1/4926
f 3061/1/4927 3045/1/4927 3063/1/4927
f 3063/1/4928 3045/1/4928 3048/1/4928
f 3063/1/4929 3048/1/4929 2850/1/4929
f 2850/1/4930 3048/1/4930 3047/1/4930
f 2850/1/4931 3047/1/4931 2845/1/4931
f 3064/1/4932 2991/1/4932 3065/1/4932
f 3065/1/4933 2991/1/4933 2989/1/4933
f 3065/1/4934 2989/1/4934 3066/1/4934
f 2989/1/4935 2988/1/4935 3066/1/4935
f 3066/1/4936 2988/1/4936 2993/1/4936
f 3066/1/4937 2993/1/4937 2879/1/4937
f 2879/1/4938 2993/1/4938 2880/1/4938
f 221/1/4939 220/1/4939 3067/1/4939
f 2879/1/4940 2878/1/4940 3068/1/4940
f 2879/1/4941 3068/1/4941 3066/1/4941
f 3066/1/4942 3068/1/4942 3069/1/4942
f 3066/1/4943 3069/1/4943 3065/1/4943
f 3065/1/4944 3069/1/4944 3070/1/4944
f 3065/1/4945 3070/1/4945 3064/1/4945
f 3064/1/4946 3070/1/4946 3071/1/4946
f 3064/1/4947 3071/1/4947 3072/1/4947
f 3071/1/4948 3073/1/4948 3072/1/4948
f 3072/1/4949 3073/1/4949 3074/1/4949
f 3072/1/4950 3074/1/4950 3067/1/4950
f 61/1/4951 221/1/4951 3075/1/4951
f 3075/1/4952 221/1/4952 3067/1/4952
f 3075/1/4953 3067/1/4953 3076/1/4953
f 3076/1/4954 3067/1/4954 3074/1/4954
f 62/1/4955 61/1/4955 3075/1/4955
f 62/1/4956 3075/1/4956 3077/1/4956
f 3077/1/4957 3075/1/4957 3076/1/4957
f 3077/1/4958 3076/1/4958 3078/1/4958
f 3078/1/4959 3076/1/4959 3074/1/4959
f 3078/1/4960 3074/1/4960 3079/1/4960
f 3074/1/4961 3073/1/4961 3079/1/4961
f 3079/1/4962 3073/1/4962 3071/1/4962
f 3079/1/4963 3071/1/4963 3080/1/4963
f 3080/1/4964 3071/1/4964 3070/1/4964
f 3080/1/4965 3070/1/4965 3081/1/4965
f 3081/1/4966 3070/1/4966 3069/1/4966
f 3081/1/4967 3069/1/4967 3082/1/4967
f 3082/1/4968 3069/1/4968 3068/1/4968
f 3082/1/4969 3068/1/4969 3083/1/4969
f 3083/1/4970 3068/1/4970 2878/1/4970
f 3083/1/4971 2878/1/4971 3084/1/4971
f 3084/1/4972 2878/1/4972 2877/1/4972
f 3084/1/4973 2877/1/4973 3085/1/4973
f 3085/1/4974 2877/1/4974 2882/1/4974
f 3085/1/4975 2882/1/4975 3086/1/4975
f 3086/1/4976 2882/1/4976 2824/1/4976
f 3086/1/4977 2824/1/4977 3087/1/4977
f 3087/1/4978 2824/1/4978 2823/1/4978
f 3087/1/4979 2823/1/4979 3088/1/4979
f 3088/1/4980 2823/1/4980 2937/1/4980
f 3088/1/4981 2937/1/4981 3089/1/4981
f 3089/1/4982 2937/1/4982 2888/1/4982
f 3089/1/4983 2888/1/4983 3090/1/4983
f 3090/1/4984 2888/1/4984 2887/1/4984
f 3090/1/4985 2887/1/4985 3091/1/4985
f 3091/1/4986 2887/1/4986 2885/1/4986
f 3091/1/4987 2885/1/4987 3092/1/4987
f 2822/1/4988 3093/1/4988 2820/1/4988
f 2820/1/4989 3093/1/4989 3092/1/4989
f 2820/1/4990 3092/1/4990 2884/1/4990
f 2884/1/4991 3092/1/4991 2885/1/4991
f 2822/1/4992 2936/1/4992 3093/1/4992
f 3093/1/4993 2936/1/4993 2938/1/4993
f 3093/1/4994 2938/1/4994 3094/1/4994
f 3095/1/3791 3015/1/3791 3096/1/3791
f 3096/1/3791 3015/1/3791 352/1/3791
f 3096/1/3791 352/1/3791 2443/1/3791
f 2443/1/3791 352/1/3791 351/1/3791
f 372/1/3791 371/1/3791 2442/1/3791
f 2427/1/3791 3097/1/3791 2426/1/3791
f 2426/1/3791 3097/1/3791 3098/1/3791
f 2426/1/3791 3098/1/3791 2425/1/3791
f 2425/1/3791 3098/1/3791 3099/1/3791
f 2425/1/3791 3099/1/3791 2432/1/3791
f 2432/1/3791 3099/1/3791 3100/1/3791
f 2432/1/3791 3100/1/3791 2437/1/3791
f 2437/1/3791 3100/1/3791 3101/1/3791
f 2437/1/3791 3101/1/3791 2442/1/3791
f 2442/1/3791 3101/1/3791 3102/1/3791
f 2442/1/3791 3102/1/3791 372/1/3791
f 3103/1/4995 3034/1/4995 3033/1/4995
f 3103/1/4996 3033/1/4996 3104/1/4996
f 3104/1/4997 3033/1/4997 3032/1/4997
f 3104/1/4998 3032/1/4998 3105/1/4998
f 3105/1/4999 3032/1/4999 3030/1/4999
f 3105/1/5000 3030/1/5000 3106/1/5000
f 3106/1/5001 3030/1/5001 2793/1/5001
f 3106/1/5002 2793/1/5002 3107/1/5002
f 3038/1/3791 3034/1/3791 3103/1/3791
f 3108/1/3791 3109/1/3791 3110/1/3791
f 3110/1/3791 3109/1/3791 3038/1/3791
f 3110/1/3791 3038/1/3791 3111/1/3791
f 3111/1/3791 3038/1/3791 3103/1/3791
f 3112/1/545 3113/1/545 3114/1/545
f 3114/1/545 3113/1/545 3115/1/545
f 3114/1/545 3115/1/545 3116/1/545
f 3055/1/545 3117/1/545 3056/1/545
f 3056/1/545 3117/1/545 3118/1/545
f 3056/1/545 3118/1/545 3059/1/545
f 3118/1/545 3119/1/545 3059/1/545
f 3059/1/545 3119/1/545 3120/1/545
f 3059/1/545 3120/1/545 3115/1/545
f 3115/1/545 3120/1/545 3121/1/545
f 3115/1/545 3121/1/545 3116/1/545
f 3122/2/5003 3123/3/5003 3124/4/5003
f 3124/4/5004 3123/3/5004 3125/5/5004
f 3126/1/5005 3127/1/5005 3128/1/5005
f 3129/1/5006 3130/1/5006 3131/1/5006
f 3132/6/5007 3133/7/5007 3134/8/5007
f 3135/9/5008 3136/10/5008 3137/11/5008
f 2664/12/5009 2663/13/5009 3138/14/5009
f 3139/15/5010 3092/16/5010 3093/17/5010
f 3140/18/5011 3089/19/5011 3090/20/5011
f 3137/21/5012 3141/22/5012 3088/23/5012
f 3142/24/5013 3143/25/5013 3084/26/5013
f 3084/26/5014 3085/27/5014 3142/24/5014
f 3142/1/5015 3085/1/5015 3086/1/5015
f 3142/24/5016 3086/28/5016 3141/22/5016
f 3141/22/5017 3086/28/5017 3087/29/5017
f 3141/1/5018 3087/1/5018 3088/1/5018
f 3129/1/5019 3081/1/5019 3130/1/5019
f 3130/1/5020 3081/1/5020 3082/1/5020
f 3130/1/5021 3082/1/5021 3083/1/5021
f 3078/1/5022 3079/1/5022 3129/1/5022
f 3129/1/5023 3079/1/5023 3080/1/5023
f 3129/1/5024 3080/1/5024 3081/1/5024
f 3144/1/5025 2489/1/5025 2599/1/5025
f 2668/1/5026 2616/1/5026 2490/1/5026
f 2662/30/5027 2629/31/5027 3145/32/5027
f 3145/32/5028 2629/31/5028 2631/33/5028
f 3145/32/5029 2631/33/5029 3146/34/5029
f 3146/35/5030 2631/36/5030 2633/37/5030
f 3146/35/5031 2633/37/5031 3147/38/5031
f 3147/38/5032 2633/37/5032 2665/39/5032
f 2664/12/5033 3138/14/5033 2627/40/5033
f 2659/41/5034 2628/42/5034 3148/43/5034
f 3149/44/5035 2660/45/5035 2659/41/5035
f 3150/46/5036 3151/47/5036 2640/48/5036
f 3152/49/5037 3153/50/5037 3151/47/5037
f 3154/51/5038 3155/52/5038 3153/50/5038
f 3156/53/5039 3157/54/5039 3158/55/5039
f 3158/55/5040 3157/54/5040 3155/52/5040
f 3159/56/5041 3160/57/5041 3156/53/5041
f 3161/58/5042 3162/59/5042 3163/60/5042
f 3164/61/5043 3165/62/5043 3166/63/5043
f 3167/64/5044 3168/65/5044 3169/66/5044
f 3169/66/5045 3168/65/5045 3170/67/5045
f 3165/62/5046 3164/61/5046 3171/68/5046
f 3168/69/5047 3172/70/5047 3173/71/5047
f 3170/72/5048 3168/69/5048 3174/73/5048
f 3174/73/5049 3168/69/5049 3173/71/5049
f 3174/74/5050 3173/75/5050 3175/76/5050
f 3167/77/5051 3176/78/5051 3168/79/5051
f 3168/79/5052 3176/78/5052 3177/80/5052
f 3168/69/5053 3177/81/5053 3172/70/5053
f 3178/82/5054 3179/83/5054 3180/84/5054
f 3180/84/5055 3179/83/5055 3181/85/5055
f 3180/84/5056 3181/85/5056 3094/86/5056
f 3137/11/5057 3136/10/5057 3141/87/5057
f 3141/22/5058 3136/88/5058 3133/7/5058
f 3141/22/5059 3133/7/5059 3142/24/5059
f 3142/24/5060 3133/7/5060 3132/6/5060
f 3142/24/5061 3132/6/5061 3143/25/5061
f 3134/8/5062 3133/7/5062 3182/89/5062
f 3182/90/5063 3133/91/5063 3136/10/5063
f 3182/90/5064 3136/10/5064 3183/92/5064
f 3183/92/5065 3136/10/5065 3135/9/5065
f 3183/92/5066 3135/9/5066 3184/93/5066
f 3185/1/5067 3127/1/5067 3186/1/5067
f 3186/1/5068 3127/1/5068 3126/1/5068
f 3186/1/5069 3126/1/5069 3187/1/5069
f 2663/13/5070 2662/30/5070 3138/14/5070
f 3138/14/5071 2662/30/5071 3145/32/5071
f 3138/14/5072 3145/32/5072 3188/94/5072
f 3188/94/5073 3145/32/5073 3146/34/5073
f 3188/94/5074 3146/34/5074 3189/95/5074
f 3189/95/5075 3146/34/5075 3147/96/5075
f 3189/97/5076 3147/38/5076 3190/98/5076
f 3190/98/5077 3147/38/5077 2665/39/5077
f 3190/98/5078 2665/39/5078 3191/99/5078
f 3191/100/5079 2665/101/5079 2667/102/5079
f 3191/100/5080 2667/102/5080 3192/103/5080
f 3192/1/5081 2667/1/5081 2668/1/5081
f 3192/1/5082 2668/1/5082 3193/1/5082
f 3193/1/5083 2668/1/5083 2490/1/5083
f 3194/1/5084 3185/1/5084 3195/1/5084
f 3195/1/5085 3185/1/5085 3186/1/5085
f 3195/1/5086 3186/1/5086 3196/1/5086
f 3196/1/5087 3186/1/5087 3187/1/5087
f 3196/104/5088 3187/105/5088 3197/106/5088
f 3197/107/5089 3187/108/5089 3198/109/5089
f 3197/107/5090 3198/109/5090 3199/110/5090
f 3199/110/5091 3198/109/5091 3200/111/5091
f 3199/110/5092 3200/111/5092 3201/112/5092
f 3201/113/5093 3200/114/5093 3202/115/5093
f 3201/113/5094 3202/115/5094 3203/116/5094
f 3204/117/5095 3205/118/5095 3206/119/5095
f 3206/119/5096 3205/118/5096 3207/120/5096
f 3206/119/5097 3207/120/5097 3208/121/5097
f 3208/121/5098 3207/120/5098 3209/122/5098
f 3208/121/5099 3209/122/5099 3210/123/5099
f 3153/50/5100 3152/49/5100 3154/51/5100
f 3154/124/5101 3152/125/5101 3211/126/5101
f 3154/124/5102 3211/126/5102 3212/127/5102
f 3212/128/5103 3211/129/5103 3125/5/5103
f 3212/128/5104 3125/5/5104 3213/130/5104
f 3213/130/5105 3125/5/5105 3123/3/5105
f 3213/130/5106 3123/3/5106 3214/131/5106
f 3151/47/5107 3150/46/5107 3152/49/5107
f 3152/125/5108 3150/132/5108 3215/133/5108
f 3152/125/5109 3215/133/5109 3211/126/5109
f 3211/129/5110 3215/134/5110 3216/135/5110
f 3211/129/5111 3216/135/5111 3125/5/5111
f 2623/136/5112 2621/137/5112 3217/138/5112
f 3217/138/5113 2621/137/5113 3218/139/5113
f 3217/138/5114 3218/139/5114 3219/140/5114
f 3219/140/5115 3218/139/5115 3220/141/5115
f 3219/142/5116 3220/143/5116 3221/144/5116
f 3221/144/5117 3220/143/5117 3222/145/5117
f 3221/144/5118 3222/145/5118 3210/123/5118
f 3210/123/5119 3222/145/5119 3223/146/5119
f 3210/123/5120 3223/146/5120 3208/121/5120
f 3208/121/5121 3223/146/5121 3224/147/5121
f 3208/121/5122 3224/147/5122 3206/119/5122
f 3206/119/5123 3224/147/5123 3225/148/5123
f 3206/149/5124 3225/150/5124 3204/151/5124
f 3204/151/5125 3225/150/5125 3226/152/5125
f 2621/137/5126 2661/153/5126 3218/139/5126
f 3218/139/5127 2661/153/5127 3227/154/5127
f 3218/139/5128 3227/154/5128 3220/141/5128
f 3220/143/5129 3227/155/5129 3228/156/5129
f 3220/143/5130 3228/156/5130 3222/145/5130
f 3222/145/5131 3228/156/5131 3229/157/5131
f 3222/145/5132 3229/157/5132 3223/146/5132
f 3223/146/5133 3229/157/5133 3230/158/5133
f 3223/146/5134 3230/158/5134 3224/147/5134
f 3224/147/5135 3230/158/5135 3231/159/5135
f 3224/160/5136 3231/161/5136 3225/150/5136
f 3225/150/5137 3231/161/5137 3203/116/5137
f 3225/150/5138 3203/116/5138 3226/152/5138
f 3226/152/5139 3203/116/5139 3202/115/5139
f 3149/44/5140 3232/162/5140 3233/163/5140
f 3233/163/5141 3232/162/5141 3234/164/5141
f 3233/163/5142 3234/164/5142 3235/165/5142
f 3235/165/5143 3234/164/5143 3236/166/5143
f 3235/167/5144 3236/168/5144 3237/169/5144
f 3237/169/5145 3236/168/5145 3238/170/5145
f 3237/169/5146 3238/170/5146 3239/171/5146
f 3239/171/5147 3238/170/5147 3240/172/5147
f 3239/171/5148 3240/172/5148 3241/173/5148
f 3241/173/5149 3240/172/5149 3242/174/5149
f 3241/175/5150 3242/176/5150 3243/177/5150
f 3243/177/5151 3242/176/5151 3244/178/5151
f 3243/177/5152 3244/178/5152 3245/179/5152
f 3245/179/5153 3244/178/5153 3246/180/5153
f 3245/181/5154 3246/182/5154 3247/183/5154
f 3247/1/5155 3246/1/5155 3248/1/5155
f 3247/1/5156 3248/1/5156 3249/1/5156
f 3249/1/5157 3248/1/5157 3250/1/5157
f 3249/1/5158 3250/1/5158 3251/1/5158
f 3251/1/5159 3250/1/5159 2492/1/5159
f 3251/1/5160 2492/1/5160 2500/1/5160
f 2628/42/5161 2627/184/5161 3148/43/5161
f 3148/43/5162 2627/184/5162 3138/185/5162
f 3148/186/5163 3138/14/5163 3252/187/5163
f 3252/187/5164 3138/14/5164 3188/94/5164
f 3252/187/5165 3188/94/5165 3253/188/5165
f 3253/188/5166 3188/94/5166 3189/95/5166
f 3253/188/5167 3189/95/5167 3254/189/5167
f 3254/189/5168 3189/95/5168 3190/190/5168
f 3254/191/5169 3190/98/5169 3255/192/5169
f 3255/192/5170 3190/98/5170 3191/99/5170
f 3255/192/5171 3191/99/5171 3256/193/5171
f 3256/1/5172 3191/1/5172 3192/1/5172
f 3256/194/5173 3192/103/5173 3257/195/5173
f 3257/1/5174 3192/1/5174 3193/1/5174
f 3257/1/5175 3193/1/5175 3144/1/5175
f 3144/1/5176 3193/1/5176 2490/1/5176
f 3144/1/5177 2490/1/5177 2489/1/5177
f 3149/44/5178 2659/41/5178 3232/162/5178
f 3232/162/5179 2659/41/5179 3148/43/5179
f 3232/162/5180 3148/43/5180 3234/164/5180
f 3234/164/5181 3148/43/5181 3252/196/5181
f 3234/197/5182 3252/187/5182 3236/168/5182
f 3236/168/5183 3252/187/5183 3253/188/5183
f 3236/168/5184 3253/188/5184 3238/170/5184
f 3238/170/5185 3253/188/5185 3254/189/5185
f 3238/170/5186 3254/189/5186 3240/172/5186
f 3240/172/5187 3254/189/5187 3255/198/5187
f 3240/199/5188 3255/192/5188 3242/176/5188
f 3242/176/5189 3255/192/5189 3256/193/5189
f 3242/176/5190 3256/193/5190 3244/178/5190
f 3244/200/5191 3256/194/5191 3257/195/5191
f 3244/1/5192 3257/1/5192 3246/1/5192
f 3246/1/5193 3257/1/5193 3144/1/5193
f 3246/1/5194 3144/1/5194 3248/1/5194
f 3248/1/5195 3144/1/5195 2599/1/5195
f 3248/1/5196 2599/1/5196 3250/1/5196
f 3250/1/5197 2599/1/5197 2494/1/5197
f 3250/1/5198 2494/1/5198 2492/1/5198
f 2661/201/5199 2660/202/5199 3227/203/5199
f 3227/204/5200 2660/205/5200 3149/206/5200
f 3227/155/5201 3149/44/5201 3228/156/5201
f 3228/156/5202 3149/44/5202 3233/163/5202
f 3228/156/5203 3233/163/5203 3229/157/5203
f 3229/157/5204 3233/163/5204 3235/165/5204
f 3229/157/5205 3235/165/5205 3230/158/5205
f 3230/158/5206 3235/165/5206 3237/207/5206
f 3230/208/5207 3237/169/5207 3231/161/5207
f 3231/161/5208 3237/169/5208 3239/171/5208
f 3231/161/5209 3239/171/5209 3203/116/5209
f 3203/116/5210 3239/171/5210 3241/173/5210
f 3203/116/5211 3241/173/5211 3201/113/5211
f 3201/113/5212 3241/173/5212 3243/209/5212
f 3201/112/5213 3243/177/5213 3199/110/5213
f 3199/110/5214 3243/177/5214 3245/179/5214
f 3199/110/5215 3245/179/5215 3197/107/5215
f 3197/107/5216 3245/179/5216 3247/210/5216
f 3197/106/5217 3247/183/5217 3196/104/5217
f 3196/1/5218 3247/1/5218 3249/1/5218
f 3196/1/5219 3249/1/5219 3195/1/5219
f 3195/1/5220 3249/1/5220 3251/1/5220
f 3195/1/5221 3251/1/5221 3194/1/5221
f 3194/1/5222 3251/1/5222 2500/1/5222
f 3194/1/5223 2500/1/5223 3185/1/5223
f 3185/1/5224 2500/1/5224 2499/1/5224
f 3185/1/5225 2499/1/5225 3127/1/5225
f 3127/1/5226 2499/1/5226 62/1/5226
f 3127/1/5227 62/1/5227 3128/1/5227
f 3128/1/5228 62/1/5228 3077/1/5228
f 3170/211/5229 3171/68/5229 3169/212/5229
f 3169/212/5230 3171/68/5230 3164/61/5230
f 3169/66/5231 3164/213/5231 3161/214/5231
f 3161/58/5232 3164/61/5232 3166/63/5232
f 3161/58/5233 3166/63/5233 3162/59/5233
f 3156/53/5234 3158/55/5234 3159/56/5234
f 3159/215/5235 3158/216/5235 3258/217/5235
f 3159/218/5236 3258/219/5236 3259/220/5236
f 3259/221/5237 3258/222/5237 3260/223/5237
f 3259/221/5238 3260/223/5238 3261/224/5238
f 3094/86/5239 3262/225/5239 3180/84/5239
f 3180/84/5240 3262/225/5240 3263/226/5240
f 3180/84/5241 3263/226/5241 3178/82/5241
f 3178/227/5242 3263/228/5242 3264/229/5242
f 3178/227/5243 3264/229/5243 3265/230/5243
f 3265/230/5244 3264/229/5244 3266/231/5244
f 3265/230/5245 3266/231/5245 3267/232/5245
f 3267/232/5246 3266/231/5246 3176/233/5246
f 3267/232/5247 3176/233/5247 3268/234/5247
f 3268/235/5248 3176/78/5248 3167/77/5248
f 3268/236/5249 3167/237/5249 3261/238/5249
f 3261/239/5250 3167/64/5250 3169/66/5250
f 3261/224/5251 3169/240/5251 3259/221/5251
f 3259/241/5252 3169/66/5252 3161/214/5252
f 3259/242/5253 3161/243/5253 3159/244/5253
f 3159/56/5254 3161/58/5254 3163/60/5254
f 3159/56/5255 3163/60/5255 3160/57/5255
f 3260/223/5256 3269/245/5256 3261/224/5256
f 3261/224/5257 3269/245/5257 3270/246/5257
f 3261/247/5258 3270/248/5258 3268/249/5258
f 3268/234/5259 3270/246/5259 3271/250/5259
f 3268/234/5260 3271/250/5260 3267/232/5260
f 3267/232/5261 3271/250/5261 3272/251/5261
f 3267/232/5262 3272/251/5262 3265/230/5262
f 3265/230/5263 3272/251/5263 3273/252/5263
f 3265/230/5264 3273/252/5264 3178/227/5264
f 3178/227/5265 3273/252/5265 3274/253/5265
f 3178/82/5266 3274/254/5266 3179/83/5266
f 3179/83/5267 3274/254/5267 3139/15/5267
f 3179/83/5268 3139/15/5268 3181/85/5268
f 3181/85/5269 3139/15/5269 3093/17/5269
f 3181/85/5270 3093/17/5270 3094/86/5270
f 3090/20/5271 3091/255/5271 3140/18/5271
f 3140/18/5272 3091/255/5272 3275/256/5272
f 3140/18/5273 3275/256/5273 3276/257/5273
f 3276/257/5274 3275/256/5274 3277/258/5274
f 3276/257/5275 3277/258/5275 3278/259/5275
f 3278/259/5276 3277/258/5276 3279/260/5276
f 3278/261/5277 3279/262/5277 3280/263/5277
f 3280/263/5278 3279/262/5278 3281/264/5278
f 3280/263/5279 3281/264/5279 3282/265/5279
f 3282/265/5280 3281/264/5280 3283/266/5280
f 3282/265/5281 3283/266/5281 3284/267/5281
f 3285/268/5282 3286/269/5282 3287/270/5282
f 3287/270/5283 3286/269/5283 3288/271/5283
f 3287/272/5284 3288/273/5284 3184/93/5284
f 3184/93/5285 3288/273/5285 3289/274/5285
f 3184/93/5286 3289/274/5286 3183/92/5286
f 3183/92/5287 3289/274/5287 3290/275/5287
f 3183/92/5288 3290/275/5288 3182/90/5288
f 3182/90/5289 3290/275/5289 3291/276/5289
f 3182/89/5290 3291/277/5290 3134/8/5290
f 3134/8/5291 3291/277/5291 3131/278/5291
f 3134/8/5292 3131/278/5292 3132/6/5292
f 3132/6/5293 3131/278/5293 3130/279/5293
f 3132/6/5294 3130/279/5294 3143/25/5294
f 3143/25/5295 3130/279/5295 3083/280/5295
f 3143/1/5296 3083/1/5296 3084/1/5296
f 3214/281/5297 3123/282/5297 3292/283/5297
f 3292/284/5298 3123/3/5298 3122/2/5298
f 3292/283/5299 3122/285/5299 3285/268/5299
f 3269/245/5300 3284/267/5300 3270/246/5300
f 3270/246/5301 3284/267/5301 3283/266/5301
f 3270/246/5302 3283/266/5302 3271/250/5302
f 3271/250/5303 3283/266/5303 3281/264/5303
f 3271/250/5304 3281/264/5304 3272/251/5304
f 3272/251/5305 3281/264/5305 3279/262/5305
f 3272/251/5306 3279/262/5306 3273/252/5306
f 3273/252/5307 3279/262/5307 3277/286/5307
f 3273/287/5308 3277/258/5308 3274/254/5308
f 3274/254/5309 3277/258/5309 3275/256/5309
f 3274/254/5310 3275/256/5310 3139/15/5310
f 3139/15/5311 3275/256/5311 3091/255/5311
f 3139/15/5312 3091/255/5312 3092/16/5312
f 3155/52/5313 3154/51/5313 3158/55/5313
f 3158/216/5314 3154/288/5314 3212/128/5314
f 3158/216/5315 3212/128/5315 3258/217/5315
f 3258/217/5316 3212/128/5316 3213/130/5316
f 3258/217/5317 3213/130/5317 3260/289/5317
f 3260/223/5318 3213/290/5318 3214/281/5318
f 3260/223/5319 3214/281/5319 3269/245/5319
f 3269/245/5320 3214/281/5320 3292/283/5320
f 3269/245/5321 3292/283/5321 3284/267/5321
f 3284/267/5322 3292/283/5322 3285/268/5322
f 3284/267/5323 3285/268/5323 3282/265/5323
f 3282/265/5324 3285/268/5324 3287/270/5324
f 3282/265/5325 3287/270/5325 3280/263/5325
f 3280/263/5326 3287/270/5326 3184/291/5326
f 3280/292/5327 3184/93/5327 3278/259/5327
f 3278/259/5328 3184/93/5328 3135/9/5328
f 3278/259/5329 3135/9/5329 3276/257/5329
f 3276/257/5330 3135/9/5330 3137/11/5330
f 3276/257/5331 3137/11/5331 3140/18/5331
f 3140/18/5332 3137/11/5332 3088/293/5332
f 3140/18/5333 3088/293/5333 3089/19/5333
f 3077/1/5334 3078/1/5334 3128/1/5334
f 3128/1/5335 3078/1/5335 3129/1/5335
f 3128/1/5336 3129/1/5336 3126/1/5336
f 3126/1/5337 3129/1/5337 3131/1/5337
f 3126/1/5338 3131/1/5338 3187/1/5338
f 3187/294/5339 3131/278/5339 3291/277/5339
f 3187/108/5340 3291/295/5340 3198/109/5340
f 3198/109/5341 3291/295/5341 3290/296/5341
f 3198/109/5342 3290/296/5342 3200/111/5342
f 3200/114/5343 3290/297/5343 3289/298/5343
f 3200/114/5344 3289/298/5344 3202/115/5344
f 3202/115/5345 3289/298/5345 3288/299/5345
f 3202/115/5346 3288/299/5346 3226/152/5346
f 3226/152/5347 3288/299/5347 3286/300/5347
f 3226/152/5348 3286/300/5348 3204/151/5348
f 3204/301/5349 3286/269/5349 3285/268/5349
f 3204/117/5350 3285/302/5350 3205/118/5350
f 3205/118/5351 3285/302/5351 3122/2/5351
f 3205/118/5352 3122/2/5352 3207/120/5352
f 3207/120/5353 3122/2/5353 3124/4/5353
f 3207/120/5354 3124/4/5354 3209/122/5354
f 3209/122/5355 3124/4/5355 3125/5/5355
f 3209/122/5356 3125/5/5356 3210/123/5356
f 3210/123/5357 3125/5/5357 3216/135/5357
f 3210/123/5358 3216/135/5358 3221/144/5358
f 3221/144/5359 3216/135/5359 3215/134/5359
f 3221/303/5360 3215/133/5360 3219/140/5360
f 3219/140/5361 3215/133/5361 3150/132/5361
f 3219/140/5362 3150/132/5362 3217/138/5362
f 3217/304/5363 3150/46/5363 2640/48/5363
f 3217/138/5364 2640/305/5364 2623/136/5364
f 3095/1/5365 3096/1/5365 3293/1/5365
f 3095/1/5365 3293/1/5365 3294/1/5365
f 3294/1/5366 3293/1/5366 3295/1/5366
f 3294/1/5366 3295/1/5366 3296/1/5366
f 3297/1/5367 3298/1/5367 3299/1/5367
f 3299/1/5368 3300/1/5368 3297/1/5368
f 3297/1/5369 3300/1/5369 3301/1/5369
f 3297/1/5370 3301/1/5370 3295/1/5370
f 3295/1/5371 3301/1/5371 3302/1/5371
f 3295/1/5372 3302/1/5372 3296/1/5372
f 3303/1/2114 3304/1/2114 3305/1/2114
f 3297/1/545 3295/1/545 2443/1/545
f 2443/1/545 3295/1/545 3293/1/545
f 2443/1/545 3293/1/545 3096/1/545
f 3102/1/545 3306/1/545 372/1/545
f 372/1/545 3306/1/545 3303/1/545
f 372/1/545 3303/1/545 2443/1/545
f 2443/1/545 3303/1/545 3298/1/545
f 2443/1/545 3298/1/545 3297/1/545
f 3305/1/545 3307/1/545 3303/1/545
f 3303/1/545 3307/1/545 3308/1/545
f 3303/1/545 3308/1/545 3298/1/545
f 3298/1/545 3308/1/545 3109/1/545
f 3298/1/545 3109/1/545 3108/1/545
f 3309/1/545 2427/1/545 3310/1/545
f 3310/1/545 2427/1/545 2699/1/545
f 3311/1/545 3312/1/545 3313/1/545
f 3309/1/545 3314/1/545 2427/1/545
f 2427/1/545 3314/1/545 3312/1/545
f 2427/1/545 3312/1/545 3097/1/545
f 3097/1/545 3312/1/545 3311/1/545
f 3097/1/545 3311/1/545 3315/1/545
f 3313/1/545 3316/1/545 3311/1/545
f 3311/1/545 3316/1/545 3317/1/545
f 3311/1/545 3317/1/545 3318/1/545
f 3105/1/5373 3106/1/5373 3319/1/5373
f 3319/1/5374 3106/1/5374 3107/1/5374
f 3319/1/5375 3107/1/5375 3320/1/5375
f 3319/1/5376 3321/1/5376 3105/1/5376
f 3105/1/5377 3321/1/5377 3322/1/5377
f 3105/1/5378 3322/1/5378 3104/1/5378
f 3322/1/5379 3323/1/5379 3104/1/5379
f 3104/1/5380 3323/1/5380 3324/1/5380
f 3104/1/5381 3324/1/5381 3103/1/5381
f 3103/1/5382 3324/1/5382 3111/1/5382
f 3324/1/5383 3325/1/5383 3111/1/5383
f 3111/1/5384 3325/1/5384 3299/1/5384
f 3111/1/5385 3299/1/5385 3110/1/5385
f 3305/1/5386 3304/1/5386 3043/1/5386
f 3326/1/533 3038/1/533 3109/1/533
f 3109/1/5387 3308/1/5387 3326/1/5387
f 3326/1/5388 3308/1/5388 3307/1/5388
f 3326/1/5389 3307/1/5389 3327/1/5389
f 3327/1/5390 3307/1/5390 3305/1/5390
f 3327/1/5391 3305/1/5391 3328/1/5391
f 3328/1/5392 3305/1/5392 3043/1/5392
f 3329/1/5393 3330/1/5393 3331/1/5393
f 3331/1/5394 3330/1/5394 3332/1/5394
f 3331/1/5395 3332/1/5395 3333/1/5395
f 3333/1/5396 3332/1/5396 3334/1/5396
f 3335/1/5397 3336/1/5397 3334/1/5397
f 3334/1/5398 3336/1/5398 3337/1/5398
f 3334/1/5399 3337/1/5399 3333/1/5399
f 3117/1/2046 3055/1/2046 3335/1/2046
f 3335/1/5400 3055/1/5400 3338/1/5400
f 3335/1/5401 3338/1/5401 3336/1/5401
f 3339/1/5402 3340/1/5402 3341/1/5402
f 3340/1/5403 3342/1/5403 3343/1/5403
f 3340/1/5403 3343/1/5403 3341/1/5403
f 3341/1/5404 3343/1/5404 3344/1/5404
f 3341/1/5404 3344/1/5404 3345/1/5404
f 3345/1/5405 3344/1/5405 3346/1/5405
f 3345/1/5405 3346/1/5405 3347/1/5405
f 3347/1/5406 3346/1/5406 3348/1/5406
f 3347/1/5406 3348/1/5406 3349/1/5406
f 3118/1/5407 3350/1/5407 3351/1/5407
f 3351/1/5408 3350/1/5408 3339/1/5408
f 3339/1/5409 3341/1/5409 3351/1/5409
f 3351/1/5410 3341/1/5410 3345/1/5410
f 3351/1/5410 3345/1/5410 3352/1/5410
f 3352/1/5411 3345/1/5411 3347/1/5411
f 3352/1/5412 3347/1/5412 3353/1/5412
f 3353/1/5413 3347/1/5413 3349/1/5413
f 3353/1/5413 3349/1/5413 3354/1/5413
f 3118/1/5407 3351/1/5407 3119/1/5407
f 3119/1/5414 3351/1/5414 3352/1/5414
f 3119/1/5414 3352/1/5414 3120/1/5414
f 3120/1/5415 3352/1/5415 3353/1/5415
f 3120/1/5415 3353/1/5415 3121/1/5415
f 3121/1/5416 3353/1/5416 3354/1/5416
f 3121/1/5416 3354/1/5416 3116/1/5416
f 3114/1/5417 3116/1/5417 3355/1/5417
f 3355/1/5418 3116/1/5418 3354/1/5418
f 3355/1/5419 3354/1/5419 3356/1/5419
f 3356/1/5420 3354/1/5420 3357/1/5420
f 3357/1/5421 3354/1/5421 3349/1/5421
f 3357/1/5422 3349/1/5422 3358/1/5422
f 3358/1/5423 3349/1/5423 3359/1/5423
f 3359/1/5424 3349/1/5424 3348/1/5424
f 3359/1/2039 3348/1/2039 3360/1/2039
f 3361/306/5425 3362/307/5425 3363/308/5425
f 3364/309/5426 3365/310/5426 3366/311/5426
f 3367/312/5427 3368/313/5427 3369/314/5427
f 3370/315/5428 3371/316/5428 3372/317/5428
f 3373/318/5429 3374/319/5429 3375/320/5429
f 3376/321/5430 3377/322/5430 3378/323/5430
f 3379/324/5431 3380/325/5431 3381/326/5431
f 3382/1/5432 3383/1/5432 3384/1/5432
f 3384/1/5433 3383/1/5433 1183/1/5433
f 3385/1/5434 3386/1/5434 3387/1/5434
f 3388/327/5435 2650/328/5435 2678/329/5435
f 2619/330/5436 2618/331/5436 3389/332/5436
f 2642/333/5437 2641/334/5437 3390/335/5437
f 3163/60/5438 3162/59/5438 3391/336/5438
f 3166/63/5439 3165/62/5439 3392/337/5439
f 3393/338/5440 3175/76/5440 3394/339/5440
f 3395/340/5441 3171/341/5441 3396/342/5441
f 3396/342/5442 3171/341/5442 3170/343/5442
f 3396/344/5443 3170/345/5443 3393/338/5443
f 3393/338/5444 3170/345/5444 3174/74/5444
f 3393/338/5445 3174/74/5445 3175/76/5445
f 3156/53/5446 3397/346/5446 3157/54/5446
f 3157/54/5447 3397/346/5447 3398/347/5447
f 3157/54/5448 3398/347/5448 3155/52/5448
f 3155/52/5449 3398/347/5449 3399/348/5449
f 3155/52/5450 3399/348/5450 3153/50/5450
f 3153/50/5451 3399/348/5451 3390/335/5451
f 3153/50/5452 3390/335/5452 3151/47/5452
f 3151/47/5453 3390/335/5453 2641/334/5453
f 3151/47/5454 2641/334/5454 2640/48/5454
f 2673/349/5455 2672/350/5455 3400/351/5455
f 3388/1/5456 3401/1/5456 3402/1/5456
f 3402/1/5457 3401/1/5457 3387/1/5457
f 3402/1/5458 3387/1/5458 3403/1/5458
f 3403/1/5459 3387/1/5459 3386/1/5459
f 3404/1/5460 3405/1/5460 3406/1/5460
f 3406/1/5461 3405/1/5461 3407/1/5461
f 3408/1/5462 3409/1/5462 3410/1/5462
f 3410/1/5463 3409/1/5463 3411/1/5463
f 1886/1/5464 1896/1/5464 3412/1/5464
f 1896/1/5465 1894/1/5465 3412/1/5465
f 3412/1/5466 1894/1/5466 1892/1/5466
f 3412/1/5467 1892/1/5467 1890/1/5467
f 1890/1/5468 1889/1/5468 3412/1/5468
f 3412/1/5469 1889/1/5469 1884/1/5469
f 3412/1/5470 1884/1/5470 3411/1/5470
f 3411/1/5471 1884/1/5471 3413/1/5471
f 3411/1/5472 3413/1/5472 3410/1/5472
f 1915/1/5473 1914/1/5473 3414/1/5473
f 3414/1/5474 1914/1/5474 1913/1/5474
f 1913/1/5475 1911/1/5475 3414/1/5475
f 3414/1/5476 1911/1/5476 1910/1/5476
f 3414/1/5477 1910/1/5477 1908/1/5477
f 1908/1/5478 1906/1/5478 3414/1/5478
f 3414/1/5479 1906/1/5479 1904/1/5479
f 3414/1/5480 1904/1/5480 1902/1/5480
f 1902/1/5481 1900/1/5481 3414/1/5481
f 3414/1/5482 1900/1/5482 1888/1/5482
f 3414/1/5483 1888/1/5483 3412/1/5483
f 3412/1/5484 1888/1/5484 1887/1/5484
f 3412/1/5485 1887/1/5485 1886/1/5485
f 1918/1/5486 1917/1/5486 3415/1/5486
f 1183/1/5487 1924/1/5487 3384/1/5487
f 3384/1/5488 1924/1/5488 1922/1/5488
f 3384/1/5489 1922/1/5489 1920/1/5489
f 3416/352/5490 3417/353/5490 3418/354/5490
f 3418/354/5491 3417/353/5491 3419/355/5491
f 3418/354/5492 3419/355/5492 3367/312/5492
f 3367/312/5493 3419/355/5493 3420/356/5493
f 3367/312/5494 3420/356/5494 3368/313/5494
f 3368/313/5495 3420/356/5495 3421/357/5495
f 3368/313/5496 3421/357/5496 3369/314/5496
f 3369/314/5497 3421/357/5497 3422/358/5497
f 3381/326/5498 3380/325/5498 3418/354/5498
f 3418/354/5499 3380/325/5499 3423/359/5499
f 3418/354/5500 3423/359/5500 3416/352/5500
f 3424/360/5501 3425/361/5501 3426/362/5501
f 3426/362/5502 3425/361/5502 3427/363/5502
f 3428/364/5503 3429/365/5503 3430/366/5503
f 3430/366/5504 3429/365/5504 3431/367/5504
f 3432/368/5505 3433/369/5505 3431/370/5505
f 3431/367/5506 3433/371/5506 3434/372/5506
f 3431/367/5507 3434/372/5507 3430/366/5507
f 3378/323/5508 3435/373/5508 3436/374/5508
f 3437/375/5509 3438/376/5509 3439/377/5509
f 3439/377/5510 3438/376/5510 3440/378/5510
f 3439/377/5511 3440/378/5511 3441/379/5511
f 3442/380/5512 3443/381/5512 3444/382/5512
f 3445/383/5513 3372/384/5513 3446/385/5513
f 3446/385/5514 3372/384/5514 3447/386/5514
f 3404/1/5515 3385/1/5515 3405/1/5515
f 3405/1/5516 3385/1/5516 3387/1/5516
f 3405/387/5517 3387/388/5517 3447/386/5517
f 3447/386/5518 3387/388/5518 3401/389/5518
f 3447/386/5519 3401/389/5519 3446/385/5519
f 3372/384/5520 3371/390/5520 3447/386/5520
f 3447/386/5521 3371/390/5521 3448/391/5521
f 3447/386/5522 3448/391/5522 3405/387/5522
f 3405/1/5523 3448/1/5523 3449/1/5523
f 3405/1/5524 3449/1/5524 3407/1/5524
f 3450/392/5525 3415/393/5525 3451/394/5525
f 3451/1/5526 3415/1/5526 3452/1/5526
f 3451/395/5527 3452/396/5527 3453/397/5527
f 1920/1/5528 1918/1/5528 3384/1/5528
f 3384/1/5529 1918/1/5529 3415/1/5529
f 3384/1/5530 3415/1/5530 3382/1/5530
f 3382/1/5531 3415/1/5531 3450/1/5531
f 3382/1/5532 3450/1/5532 3454/1/5532
f 3454/1/5533 3450/1/5533 3451/1/5533
f 3454/398/5534 3451/395/5534 3422/358/5534
f 3422/358/5535 3451/395/5535 3453/397/5535
f 3422/358/5536 3453/397/5536 3369/314/5536
f 3369/314/5537 3453/397/5537 3455/399/5537
f 3369/314/5538 3455/399/5538 3367/312/5538
f 3367/312/5539 3455/399/5539 3456/400/5539
f 3367/312/5540 3456/400/5540 3418/354/5540
f 3418/354/5541 3456/400/5541 3457/401/5541
f 3418/354/5542 3457/401/5542 3381/326/5542
f 3381/326/5543 3457/401/5543 3458/402/5543
f 3381/326/5544 3458/402/5544 3459/403/5544
f 3428/364/5545 3460/404/5545 3429/365/5545
f 3429/365/5546 3460/404/5546 3427/363/5546
f 3429/365/5547 3427/363/5547 3459/403/5547
f 3459/403/5548 3427/363/5548 3425/361/5548
f 3459/403/5549 3425/361/5549 3381/326/5549
f 3381/326/5550 3425/361/5550 3424/360/5550
f 3381/326/5551 3424/360/5551 3379/324/5551
f 3461/405/5552 3462/406/5552 3463/407/5552
f 3463/408/5553 3462/409/5553 3464/410/5553
f 3463/407/5554 3464/411/5554 3465/412/5554
f 3458/413/5555 3466/414/5555 3459/415/5555
f 3459/415/5556 3466/414/5556 3467/416/5556
f 3459/415/5557 3467/416/5557 3429/417/5557
f 3429/417/5558 3467/416/5558 3468/418/5558
f 3429/417/5559 3468/418/5559 3431/419/5559
f 3431/370/5560 3468/420/5560 3436/374/5560
f 3431/370/5561 3436/374/5561 3432/368/5561
f 3432/368/5562 3436/374/5562 3435/373/5562
f 3466/414/5563 3469/421/5563 3467/416/5563
f 3467/416/5564 3469/421/5564 3470/422/5564
f 3467/416/5565 3470/422/5565 3468/418/5565
f 3468/423/5566 3470/424/5566 3465/425/5566
f 3468/423/5567 3465/425/5567 3436/426/5567
f 3436/427/5568 3465/428/5568 3464/429/5568
f 3436/374/5569 3464/410/5569 3378/323/5569
f 3378/323/5570 3464/410/5570 3462/409/5570
f 3378/323/5571 3462/409/5571 3376/321/5571
f 3471/430/5572 3472/431/5572 3473/432/5572
f 3471/430/5573 3474/433/5573 3472/431/5573
f 3472/431/5574 3474/433/5574 3475/434/5574
f 3472/431/5575 3475/434/5575 3476/435/5575
f 3476/435/5576 3475/434/5576 3477/436/5576
f 3476/437/5577 3477/438/5577 3478/439/5577
f 3479/440/5578 3391/441/5578 3392/442/5578
f 3392/337/5579 3391/336/5579 3162/59/5579
f 3392/337/5580 3162/59/5580 3166/63/5580
f 3366/311/5581 3365/310/5581 3480/443/5581
f 3480/444/5582 3365/445/5582 3481/446/5582
f 3480/444/5583 3481/446/5583 3482/447/5583
f 3482/447/5584 3481/446/5584 3483/448/5584
f 3482/447/5585 3483/448/5585 3473/449/5585
f 3473/449/5586 3472/450/5586 3482/447/5586
f 3482/447/5587 3472/450/5587 3476/437/5587
f 3482/447/5588 3476/437/5588 3480/444/5588
f 3480/444/5589 3476/437/5589 3478/439/5589
f 3480/444/5590 3478/439/5590 3366/451/5590
f 3362/307/5591 3361/306/5591 3484/452/5591
f 3484/452/5592 3361/306/5592 3485/453/5592
f 3484/452/5593 3485/453/5593 3486/454/5593
f 3487/455/5594 3363/456/5594 3488/457/5594
f 3488/458/5595 3363/459/5595 3362/460/5595
f 3488/458/5596 3362/460/5596 3489/461/5596
f 3489/462/5597 3362/307/5597 3484/452/5597
f 3489/462/5598 3484/452/5598 3490/463/5598
f 3490/463/5599 3484/452/5599 3486/454/5599
f 3490/463/5600 3486/454/5600 3491/464/5600
f 3394/339/5601 3442/465/5601 3393/338/5601
f 3393/338/5602 3442/465/5602 3444/466/5602
f 3393/338/5603 3444/466/5603 3396/344/5603
f 3396/467/5604 3444/382/5604 3492/468/5604
f 3396/342/5605 3492/469/5605 3395/340/5605
f 3395/340/5606 3492/469/5606 3493/470/5606
f 3494/471/5607 3493/472/5607 3495/473/5607
f 3495/473/5608 3493/472/5608 3492/474/5608
f 3495/475/5609 3492/468/5609 3439/377/5609
f 3439/377/5610 3492/468/5610 3444/382/5610
f 3439/377/5611 3444/382/5611 3437/375/5611
f 3437/375/5612 3444/382/5612 3443/381/5612
f 3441/379/5613 3461/476/5613 3439/377/5613
f 3439/477/5614 3461/405/5614 3463/407/5614
f 3439/377/5615 3463/478/5615 3495/475/5615
f 3495/479/5616 3463/407/5616 3465/412/5616
f 3495/473/5617 3465/480/5617 3494/471/5617
f 3494/471/5618 3465/480/5618 3470/481/5618
f 3494/471/5619 3470/481/5619 3496/482/5619
f 3496/483/5620 3470/422/5620 3469/421/5620
f 3496/483/5621 3469/421/5621 3497/484/5621
f 3497/484/5622 3469/421/5622 3466/414/5622
f 3497/484/5623 3466/414/5623 3498/485/5623
f 3498/485/5624 3466/414/5624 3458/413/5624
f 3498/485/5625 3458/413/5625 3499/486/5625
f 3499/487/5626 3458/402/5626 3457/401/5626
f 3499/487/5627 3457/401/5627 3500/488/5627
f 3500/488/5628 3457/401/5628 3456/400/5628
f 3500/488/5629 3456/400/5629 3501/489/5629
f 3501/489/5630 3456/400/5630 3455/399/5630
f 3501/489/5631 3455/399/5631 3502/490/5631
f 3502/490/5632 3455/399/5632 3453/397/5632
f 3502/490/5633 3453/397/5633 3503/491/5633
f 3503/491/5634 3453/397/5634 3452/396/5634
f 3503/1/5635 3452/1/5635 3414/1/5635
f 3414/1/5636 3452/1/5636 3415/1/5636
f 3414/1/5637 3415/1/5637 1915/1/5637
f 1915/1/5638 3415/1/5638 1917/1/5638
f 3165/62/5639 3171/68/5639 3392/337/5639
f 3392/442/5640 3171/341/5640 3395/340/5640
f 3392/442/5641 3395/340/5641 3479/440/5641
f 3479/440/5642 3395/340/5642 3493/470/5642
f 3479/440/5643 3493/470/5643 3487/492/5643
f 3487/455/5644 3493/472/5644 3494/471/5644
f 3487/455/5645 3494/471/5645 3363/456/5645
f 3363/456/5646 3494/471/5646 3496/482/5646
f 3363/308/5647 3496/483/5647 3361/306/5647
f 3361/306/5648 3496/483/5648 3497/484/5648
f 3361/306/5649 3497/484/5649 3485/453/5649
f 3485/453/5650 3497/484/5650 3498/485/5650
f 3485/453/5651 3498/485/5651 3486/454/5651
f 3486/454/5652 3498/485/5652 3499/486/5652
f 3486/454/5653 3499/486/5653 3491/464/5653
f 3491/464/5654 3499/486/5654 3500/493/5654
f 3491/464/5655 3500/493/5655 3504/494/5655
f 3504/495/5656 3500/488/5656 3501/489/5656
f 3504/495/5657 3501/489/5657 3505/496/5657
f 3505/496/5658 3501/489/5658 3502/490/5658
f 3505/496/5659 3502/490/5659 3506/497/5659
f 3506/497/5660 3502/490/5660 3503/491/5660
f 3506/497/5661 3503/491/5661 3507/498/5661
f 3507/498/5662 3503/491/5662 3414/499/5662
f 3507/498/5663 3414/499/5663 3508/500/5663
f 3508/1/5664 3414/1/5664 3412/1/5664
f 3508/1/5665 3412/1/5665 3509/1/5665
f 3509/1/5666 3412/1/5666 3411/1/5666
f 3509/1/5667 3411/1/5667 3510/1/5667
f 3510/1/5668 3411/1/5668 3409/1/5668
f 3510/1/5669 3409/1/5669 3511/1/5669
f 3511/1/5670 3409/1/5670 3408/1/5670
f 3160/57/5671 3512/501/5671 3513/502/5671
f 3513/502/5672 3512/501/5672 3514/503/5672
f 3513/504/5673 3514/505/5673 3515/506/5673
f 3515/507/5674 3514/508/5674 3516/509/5674
f 3515/507/5675 3516/509/5675 3517/510/5675
f 3517/510/5676 3516/509/5676 3518/511/5676
f 3517/512/5677 3518/513/5677 3519/514/5677
f 3519/515/5678 3518/511/5678 3520/516/5678
f 3519/514/5679 3520/517/5679 3389/332/5679
f 3389/332/5680 3520/517/5680 3521/518/5680
f 3389/332/5681 3521/518/5681 2619/330/5681
f 2619/330/5682 3521/518/5682 2656/519/5682
f 2618/331/5683 2642/520/5683 3389/332/5683
f 3389/332/5684 2642/520/5684 3390/521/5684
f 3389/332/5685 3390/521/5685 3519/514/5685
f 3519/522/5686 3390/335/5686 3399/348/5686
f 3519/514/5687 3399/523/5687 3517/512/5687
f 3517/524/5688 3399/348/5688 3398/347/5688
f 3517/512/5689 3398/525/5689 3515/506/5689
f 3515/526/5690 3398/347/5690 3397/346/5690
f 3515/527/5691 3397/528/5691 3513/529/5691
f 3513/502/5692 3397/346/5692 3156/53/5692
f 3513/502/5693 3156/53/5693 3160/57/5693
f 2672/350/5694 2652/530/5694 3400/351/5694
f 3400/531/5695 2652/532/5695 3522/533/5695
f 3400/531/5696 3522/533/5696 3523/534/5696
f 3523/534/5697 3522/533/5697 3524/535/5697
f 3523/534/5698 3524/535/5698 3525/536/5698
f 3525/536/5699 3524/535/5699 3526/537/5699
f 3525/536/5700 3526/537/5700 3527/538/5700
f 3527/539/5701 3526/540/5701 3528/541/5701
f 3527/539/5702 3528/541/5702 3529/542/5702
f 3529/542/5703 3528/541/5703 3530/543/5703
f 3529/542/5704 3530/543/5704 3531/544/5704
f 3401/389/5705 3373/318/5705 3446/385/5705
f 3446/385/5706 3373/318/5706 3375/320/5706
f 3446/385/5707 3375/320/5707 3445/383/5707
f 3445/383/5708 3375/320/5708 3532/545/5708
f 3445/546/5709 3532/547/5709 3533/548/5709
f 3533/548/5710 3532/547/5710 3534/549/5710
f 3533/548/5711 3534/549/5711 3535/550/5711
f 3535/551/5712 3534/552/5712 3536/553/5712
f 3535/551/5713 3536/553/5713 3537/554/5713
f 3537/554/5714 3536/553/5714 3538/555/5714
f 3537/554/5715 3538/555/5715 3539/556/5715
f 3539/556/5716 3538/555/5716 3540/557/5716
f 3539/556/5717 3540/557/5717 3541/558/5717
f 3541/559/5718 3540/560/5718 3542/561/5718
f 3541/559/5719 3542/561/5719 3543/562/5719
f 3544/563/5720 3545/564/5720 3546/565/5720
f 3546/566/5721 3545/567/5721 3547/568/5721
f 3546/566/5722 3547/568/5722 3548/569/5722
f 3548/569/5723 3547/568/5723 3549/570/5723
f 3548/569/5724 3549/570/5724 3550/571/5724
f 3550/571/5725 3549/570/5725 3551/572/5725
f 3550/571/5726 3551/572/5726 3552/573/5726
f 3552/573/5727 3551/572/5727 3553/574/5727
f 3552/575/5728 3553/576/5728 3554/577/5728
f 3554/577/5729 3553/576/5729 3555/578/5729
f 3554/577/5730 3555/578/5730 3556/579/5730
f 3556/579/5731 3555/578/5731 3557/580/5731
f 3556/579/5732 3557/580/5732 3558/581/5732
f 3558/581/5733 3557/580/5733 3559/582/5733
f 3558/581/5734 3559/582/5734 3370/315/5734
f 3370/315/5735 3372/317/5735 3558/581/5735
f 3558/581/5736 3372/317/5736 3445/546/5736
f 3558/581/5737 3445/546/5737 3556/579/5737
f 3556/579/5738 3445/546/5738 3533/548/5738
f 3556/579/5739 3533/548/5739 3554/577/5739
f 3554/577/5740 3533/548/5740 3535/550/5740
f 3554/583/5741 3535/551/5741 3552/573/5741
f 3552/573/5742 3535/551/5742 3537/554/5742
f 3552/573/5743 3537/554/5743 3550/571/5743
f 3550/571/5744 3537/554/5744 3539/556/5744
f 3550/571/5745 3539/556/5745 3548/569/5745
f 3548/569/5746 3539/556/5746 3541/558/5746
f 3548/569/5747 3541/558/5747 3546/566/5747
f 3546/565/5748 3541/559/5748 3543/562/5748
f 3546/565/5749 3543/562/5749 3544/563/5749
f 3388/1/5750 2678/1/5750 3401/1/5750
f 3401/389/5751 2678/584/5751 2677/585/5751
f 3401/389/5752 2677/585/5752 3373/318/5752
f 3373/318/5753 2677/585/5753 2676/586/5753
f 3373/318/5754 2676/586/5754 3374/319/5754
f 3374/319/5755 2676/586/5755 2673/349/5755
f 3374/319/5756 2673/349/5756 3375/320/5756
f 3375/320/5757 2673/349/5757 3400/351/5757
f 3375/320/5758 3400/351/5758 3532/545/5758
f 3532/587/5759 3400/531/5759 3523/534/5759
f 3532/547/5760 3523/588/5760 3534/549/5760
f 3534/552/5761 3523/589/5761 3525/590/5761
f 3534/552/5762 3525/590/5762 3536/553/5762
f 3536/553/5763 3525/590/5763 3527/591/5763
f 3536/553/5764 3527/591/5764 3538/555/5764
f 3538/555/5765 3527/591/5765 3529/592/5765
f 3538/555/5766 3529/592/5766 3540/557/5766
f 3540/560/5767 3529/593/5767 3531/594/5767
f 3540/560/5768 3531/594/5768 3542/561/5768
f 2652/532/5769 2654/595/5769 3522/533/5769
f 3522/533/5770 2654/595/5770 2655/596/5770
f 3522/533/5771 2655/596/5771 3524/535/5771
f 3524/535/5772 2655/596/5772 2639/597/5772
f 3524/535/5773 2639/597/5773 3526/537/5773
f 3526/540/5774 2639/598/5774 2658/599/5774
f 3526/540/5775 2658/599/5775 3528/541/5775
f 3528/541/5776 2658/599/5776 2657/600/5776
f 3528/601/5777 2657/602/5777 3530/603/5777
f 3530/604/5778 2657/605/5778 2656/606/5778
f 3530/604/5779 2656/606/5779 3531/607/5779
f 3531/608/5780 2656/519/5780 3521/518/5780
f 3531/607/5781 3521/609/5781 3542/610/5781
f 3542/561/5782 3521/611/5782 3520/612/5782
f 3542/561/5783 3520/612/5783 3543/562/5783
f 3543/562/5784 3520/612/5784 3518/613/5784
f 3543/562/5785 3518/613/5785 3544/563/5785
f 3544/563/5786 3518/613/5786 3516/614/5786
f 3544/563/5787 3516/614/5787 3560/615/5787
f 3560/616/5788 3516/509/5788 3514/508/5788
f 3560/616/5789 3514/508/5789 3561/617/5789
f 3561/618/5790 3514/505/5790 3512/619/5790
f 3561/620/5791 3512/501/5791 3391/336/5791
f 3391/336/5792 3512/501/5792 3160/57/5792
f 3391/336/5793 3160/57/5793 3163/60/5793
f 3491/464/5794 3364/309/5794 3490/463/5794
f 3490/463/5795 3364/309/5795 3366/311/5795
f 3490/463/5796 3366/311/5796 3489/462/5796
f 3489/462/5797 3366/311/5797 3478/621/5797
f 3489/461/5798 3478/439/5798 3488/458/5798
f 3488/458/5799 3478/439/5799 3477/438/5799
f 3488/457/5800 3477/622/5800 3487/455/5800
f 3487/492/5801 3477/436/5801 3475/434/5801
f 3487/492/5802 3475/434/5802 3479/440/5802
f 3479/440/5803 3475/434/5803 3474/433/5803
f 3479/440/5804 3474/433/5804 3391/441/5804
f 3391/441/5805 3474/433/5805 3471/430/5805
f 3391/441/5806 3471/430/5806 3561/618/5806
f 3561/618/5807 3471/430/5807 3473/432/5807
f 3561/617/5808 3473/623/5808 3560/616/5808
f 3560/615/5809 3473/449/5809 3483/448/5809
f 3560/615/5810 3483/448/5810 3544/563/5810
f 3544/563/5811 3483/448/5811 3481/446/5811
f 3544/563/5812 3481/446/5812 3545/564/5812
f 3545/564/5813 3481/446/5813 3365/445/5813
f 3545/567/5814 3365/310/5814 3547/568/5814
f 3547/568/5815 3365/310/5815 3364/309/5815
f 3547/568/5816 3364/309/5816 3549/570/5816
f 3549/570/5817 3364/309/5817 3491/464/5817
f 3549/570/5818 3491/464/5818 3551/572/5818
f 3551/572/5819 3491/464/5819 3504/494/5819
f 3551/624/5820 3504/495/5820 3553/576/5820
f 3553/576/5821 3504/495/5821 3505/496/5821
f 3553/576/5822 3505/496/5822 3555/578/5822
f 3555/578/5823 3505/496/5823 3506/497/5823
f 3555/578/5824 3506/497/5824 3557/580/5824
f 3557/580/5825 3506/497/5825 3507/498/5825
f 3557/580/5826 3507/498/5826 3559/582/5826
f 3559/582/5827 3507/498/5827 3508/500/5827
f 3559/582/5828 3508/500/5828 3370/315/5828
f 3370/1/5829 3508/1/5829 3509/1/5829
f 3370/315/5830 3509/625/5830 3371/316/5830
f 3371/316/5831 3509/625/5831 3510/626/5831
f 3371/316/5832 3510/626/5832 3448/627/5832
f 3448/391/5833 3510/628/5833 3511/629/5833
f 3448/1/5834 3511/1/5834 3449/1/5834
f 3311/1/3791 3342/1/3791 3562/1/3791
f 3563/1/3791 3315/1/3791 3564/1/3791
f 3564/1/3791 3315/1/3791 3311/1/3791
f 3564/1/3791 3311/1/3791 3565/1/3791
f 3565/1/3791 3311/1/3791 3562/1/3791
f 3313/1/502 3312/1/502 3348/1/502
f 3348/1/502 3312/1/502 3360/1/502
f 2684/1/498 3566/1/498 2685/1/498
f 2685/1/498 3566/1/498 3567/1/498
f 2685/1/498 3567/1/498 2686/1/498
f 3568/1/498 3569/1/498 2689/1/498
f 2689/1/498 3569/1/498 2690/1/498
f 2686/1/498 3567/1/498 2687/1/498
f 2687/1/498 3567/1/498 3570/1/498
f 2687/1/498 3570/1/498 2688/1/498
f 2688/1/498 3570/1/498 3571/1/498
f 2688/1/498 3571/1/498 2689/1/498
f 2689/1/498 3571/1/498 3572/1/498
f 2689/1/498 3572/1/498 3573/1/498
f 3569/1/498 3574/1/498 2690/1/498
f 2690/1/498 3574/1/498 3575/1/498
f 2690/1/498 3575/1/498 2691/1/498
f 2691/1/498 3575/1/498 3576/1/498
f 2691/1/498 3576/1/498 2692/1/498
f 2692/1/498 3576/1/498 3577/1/498
f 2692/1/498 3577/1/498 2693/1/498
f 3573/1/498 3578/1/498 2689/1/498
f 2689/1/498 3578/1/498 3579/1/498
f 2689/1/498 3579/1/498 3568/1/498
f 3577/1/498 3580/1/498 2693/1/498
f 2693/1/498 3580/1/498 3581/1/498
f 2693/1/498 3581/1/498 3582/1/498
f 3583/1/498 2698/1/498 3584/1/498
f 3584/1/498 2698/1/498 2697/1/498
f 3584/1/498 2697/1/498 3585/1/498
f 3585/1/498 2697/1/498 2696/1/498
f 3585/1/498 2696/1/498 3586/1/498
f 3586/1/498 2696/1/498 2695/1/498
f 3586/1/498 2695/1/498 3587/1/498
f 3587/1/498 2695/1/498 2694/1/498
f 3587/1/498 2694/1/498 3588/1/498
f 3588/1/498 2694/1/498 2693/1/498
f 3588/1/498 2693/1/498 3589/1/498
f 3589/1/498 2693/1/498 3582/1/498
f 3589/1/498 3582/1/498 3590/1/498
f 1993/1/3791 3591/1/3791 3592/1/3791
f 2684/1/3791 2264/1/3791 3566/1/3791
f 3566/1/3791 2264/1/3791 1994/1/3791
f 3566/1/3791 1994/1/3791 3593/1/3791
f 3593/1/3791 1994/1/3791 1993/1/3791
f 3593/1/3791 1993/1/3791 3594/1/3791
f 3594/1/3791 1993/1/3791 3592/1/3791
f 1519/1/3791 1179/1/3791 1178/1/3791
f 1519/1/3791 3595/1/3791 3596/1/3791
f 1658/1/3791 1657/1/3791 3597/1/3791
f 3597/1/3791 1657/1/3791 1639/1/3791
f 3597/1/3791 1639/1/3791 3598/1/3791
f 3599/1/3791 3595/1/3791 3600/1/3791
f 3600/1/3791 3595/1/3791 1519/1/3791
f 3600/1/3791 1519/1/3791 3601/1/3791
f 3601/1/3791 1519/1/3791 1178/1/3791
f 3596/1/3791 3602/1/3791 1519/1/3791
f 1519/1/3791 3602/1/3791 3603/1/3791
f 1519/1/3791 3603/1/3791 1639/1/3791
f 1639/1/3791 3603/1/3791 3604/1/3791
f 1639/1/3791 3604/1/3791 3598/1/3791
f 1843/1/2483 2650/1/2483 1841/1/2483
f 1841/1/5835 2650/1/5835 3388/1/5835
f 3402/1/5836 1839/1/5836 3388/1/5836
f 3388/1/5837 1839/1/5837 1838/1/5837
f 3388/1/5838 1838/1/5838 1841/1/5838
f 3407/1/5839 1853/1/5839 3406/1/5839
f 3406/1/5840 1853/1/5840 1851/1/5840
f 3406/1/5841 1851/1/5841 3404/1/5841
f 3404/1/5842 1851/1/5842 1850/1/5842
f 3404/1/5843 1850/1/5843 3385/1/5843
f 3385/1/5844 1850/1/5844 1844/1/5844
f 3385/1/5845 1844/1/5845 3386/1/5845
f 3386/1/5846 1844/1/5846 1849/1/5846
f 3386/1/5847 1849/1/5847 3403/1/5847
f 3403/1/5848 1849/1/5848 1848/1/5848
f 3403/1/5849 1848/1/5849 3402/1/5849
f 3402/1/5850 1848/1/5850 1847/1/5850
f 3402/1/5851 1847/1/5851 1839/1/5851
f 3449/1/5852 3511/1/5852 1862/1/5852
f 1862/1/5853 3511/1/5853 1864/1/5853
f 1862/1/5854 1860/1/5854 3449/1/5854
f 3449/1/5855 1860/1/5855 1858/1/5855
f 3449/1/5856 1858/1/5856 3407/1/5856
f 3407/1/5857 1858/1/5857 1856/1/5857
f 3407/1/5858 1856/1/5858 1853/1/5858
f 1871/1/5859 1869/1/5859 3408/1/5859
f 3408/1/5860 1869/1/5860 1868/1/5860
f 3408/1/5861 1868/1/5861 3511/1/5861
f 3511/1/5862 1868/1/5862 1866/1/5862
f 3511/1/5863 1866/1/5863 1864/1/5863
f 1884/1/5864 1882/1/5864 3413/1/5864
f 3413/1/5865 1882/1/5865 1880/1/5865
f 1880/1/5866 1879/1/5866 3413/1/5866
f 3413/1/5867 1879/1/5867 1877/1/5867
f 3413/1/5868 1877/1/5868 3410/1/5868
f 3410/1/5869 1877/1/5869 1875/1/5869
f 3410/1/5870 1875/1/5870 3408/1/5870
f 3408/1/5871 1875/1/5871 1873/1/5871
f 3408/1/5872 1873/1/5872 1871/1/5872
f 3605/1/502 3606/1/502 3607/1/502
f 3607/1/502 3606/1/502 3330/1/502
f 3607/1/502 3330/1/502 3329/1/502
f 3055/1/5873 3608/1/5873 3338/1/5873
f 3338/1/5874 3608/1/5874 3609/1/5874
f 3338/1/5875 3609/1/5875 3336/1/5875
f 3356/1/5876 3357/1/5876 3610/1/5876
f 3358/1/5877 3359/1/5877 3611/1/5877
f 3612/1/5878 3613/1/5878 3614/1/5878
f 3614/1/5879 3613/1/5879 38/1/5879
f 3359/1/5880 3360/1/5880 3611/1/5880
f 3611/1/5880 3360/1/5880 3615/1/5880
f 3611/1/5881 3615/1/5881 3616/1/5881
f 3357/1/5882 3358/1/5882 3610/1/5882
f 3610/1/5883 3358/1/5883 3611/1/5883
f 3610/1/5884 3611/1/5884 3617/1/5884
f 3617/1/5885 3611/1/5885 3616/1/5885
f 3617/1/5886 3616/1/5886 3618/1/5886
f 3355/1/5887 3356/1/5887 3619/1/5887
f 3619/1/5888 3356/1/5888 3610/1/5888
f 3619/1/5889 3610/1/5889 3620/1/5889
f 3620/1/5889 3610/1/5889 3617/1/5889
f 3620/1/5890 3617/1/5890 3621/1/5890
f 3621/1/5890 3617/1/5890 3618/1/5890
f 3114/1/5891 3355/1/5891 3622/1/5891
f 3622/1/5891 3355/1/5891 3619/1/5891
f 3622/1/5892 3619/1/5892 3623/1/5892
f 3623/1/5892 3619/1/5892 3620/1/5892
f 3623/1/5893 3620/1/5893 3624/1/5893
f 3624/1/5894 3620/1/5894 3621/1/5894
f 3624/1/5895 3621/1/5895 38/1/5895
f 3618/1/5896 38/1/5896 3621/1/5896
f 3615/1/5881 3612/1/5881 3616/1/5881
f 3616/1/5878 3612/1/5878 3614/1/5878
f 3616/1/5897 3614/1/5897 3618/1/5897
f 3618/1/5898 3614/1/5898 38/1/5898
f 3330/1/5899 3606/1/5899 3625/1/5899
f 3625/1/5900 3606/1/5900 3626/1/5900
f 3625/1/5901 3626/1/5901 3627/1/5901
f 3626/1/5902 3628/1/5902 3627/1/5902
f 3627/1/5903 3628/1/5903 3629/1/5903
f 3627/1/5904 3629/1/5904 3630/1/5904
f 3565/1/5905 3562/1/5905 3631/1/5905
f 3631/1/5906 3562/1/5906 3630/1/5906
f 3631/1/5907 3630/1/5907 3632/1/5907
f 3632/1/5908 3630/1/5908 3629/1/5908
f 3628/1/5909 3626/1/5909 3633/1/5909
f 3563/1/5910 3564/1/5910 3634/1/5910
f 3563/1/5911 3634/1/5911 3635/1/5911
f 3635/1/5912 3634/1/5912 3636/1/5912
f 3635/1/5913 3636/1/5913 3637/1/5913
f 3638/1/5914 3639/1/5914 3633/1/5914
f 3638/1/5915 3633/1/5915 3640/1/5915
f 3640/1/5916 3633/1/5916 3626/1/5916
f 3640/1/5916 3626/1/5916 3606/1/5916
f 3629/1/5917 3628/1/5917 3636/1/5917
f 3636/1/5918 3628/1/5918 3633/1/5918
f 3636/1/5919 3633/1/5919 3637/1/5919
f 3637/1/5920 3633/1/5920 3639/1/5920
f 3637/1/5921 3639/1/5921 3641/1/5921
f 3641/1/5922 3639/1/5922 3638/1/5922
f 3641/1/5923 3638/1/5923 3642/1/5923
f 3629/1/5924 3636/1/5924 3632/1/5924
f 3632/1/5925 3636/1/5925 3634/1/5925
f 3632/1/5926 3634/1/5926 3631/1/5926
f 3631/1/5927 3634/1/5927 3564/1/5927
f 3631/1/5928 3564/1/5928 3565/1/5928
f 3567/1/14 3566/1/14 3643/1/14
f 3643/1/14 3566/1/14 3593/1/14
f 3593/1/14 3644/1/14 3643/1/14
f 3643/1/14 3644/1/14 3645/1/14
f 3643/1/14 3645/1/14 3646/1/14
f 3645/1/14 3647/1/14 3646/1/14
f 3646/1/14 3647/1/14 3648/1/14
f 3646/1/14 3648/1/14 3649/1/14
f 3649/1/14 3648/1/14 3650/1/14
f 3649/1/14 3650/1/14 3651/1/14
f 3651/1/14 3650/1/14 3652/1/14
f 3653/1/14 3654/1/14 3652/1/14
f 3652/1/14 3654/1/14 3655/1/14
f 3652/1/14 3655/1/14 3651/1/14
f 3567/1/5929 3643/1/5929 3656/1/5929
f 3656/1/5930 3657/1/5930 3567/1/5930
f 3567/1/5931 3657/1/5931 3658/1/5931
f 3567/1/5932 3658/1/5932 3570/1/5932
f 3658/1/5933 3659/1/5933 3570/1/5933
f 3570/1/5934 3659/1/5934 3660/1/5934
f 3570/1/5935 3660/1/5935 3661/1/5935
f 3662/1/5936 3573/1/5936 3663/1/5936
f 3663/1/5936 3573/1/5936 3572/1/5936
f 3663/1/5937 3572/1/5937 3664/1/5937
f 3664/1/5937 3572/1/5937 3571/1/5937
f 3664/1/5938 3571/1/5938 3665/1/5938
f 3665/1/5938 3571/1/5938 3570/1/5938
f 3665/1/5939 3570/1/5939 3666/1/5939
f 3666/1/5940 3570/1/5940 3661/1/5940
f 3667/1/5941 3668/1/5941 3568/1/5941
f 3578/1/5942 3573/1/5942 3662/1/5942
f 3568/1/5941 3579/1/5941 3667/1/5941
f 3667/1/5943 3579/1/5943 3578/1/5943
f 3667/1/5943 3578/1/5943 3669/1/5943
f 3669/1/5942 3578/1/5942 3662/1/5942
f 3670/1/3791 3576/1/3791 3671/1/3791
f 3671/1/3791 3576/1/3791 3575/1/3791
f 3672/1/2125 3673/1/2125 3674/1/2125
f 3674/1/2125 3604/1/2125 3603/1/2125
f 3675/1/2125 3676/1/2125 3674/1/2125
f 3603/1/2125 3677/1/2125 3674/1/2125
f 3674/1/2125 3677/1/2125 3678/1/2125
f 3674/1/2125 3678/1/2125 3679/1/2125
f 3676/1/2125 3680/1/2125 3674/1/2125
f 3674/1/2125 3680/1/2125 3681/1/2125
f 3674/1/2125 3681/1/2125 3672/1/2125
f 3679/1/2125 3682/1/2125 3674/1/2125
f 3674/1/2125 3682/1/2125 3683/1/2125
f 3674/1/2125 3683/1/2125 3675/1/2125
f 3684/1/5944 3600/1/5944 3685/1/5944
f 3685/1/5945 3600/1/5945 3601/1/5945
f 3686/1/5946 3677/1/5946 3603/1/5946
f 3603/1/5947 3602/1/5947 3686/1/5947
f 3686/1/5948 3602/1/5948 3596/1/5948
f 3686/1/5949 3596/1/5949 3687/1/5949
f 3595/1/5950 3688/1/5950 3596/1/5950
f 3596/1/5951 3688/1/5951 3689/1/5951
f 3596/1/5952 3689/1/5952 3687/1/5952
f 3684/1/5953 3690/1/5953 3600/1/5953
f 3600/1/5954 3690/1/5954 3691/1/5954
f 3600/1/5955 3691/1/5955 3599/1/5955
f 3599/1/5956 3691/1/5956 3692/1/5956
f 3599/1/5957 3692/1/5957 3595/1/5957
f 3595/1/5958 3692/1/5958 3693/1/5958
f 3595/1/5959 3693/1/5959 3688/1/5959
f 3694/1/5960 3695/1/5960 3594/1/5960
f 3594/1/5961 3695/1/5961 3644/1/5961
f 3594/1/5961 3644/1/5961 3593/1/5961
f 3694/1/5962 3594/1/5962 3696/1/5962
f 3696/1/5963 3594/1/5963 3592/1/5963
f 3696/1/1005 3592/1/1005 3697/1/1005
f 3697/1/5964 3592/1/5964 3591/1/5964
f 3697/1/5965 3591/1/5965 3698/1/5965
f 3698/1/5966 3591/1/5966 1993/1/5966
f 3698/1/5966 1993/1/5966 3699/1/5966
f 3700/1/502 3699/1/502 2234/1/502
f 2234/1/502 3699/1/502 1993/1/502
f 3701/1/5967 3597/1/5967 3598/1/5967
f 3701/1/5968 3598/1/5968 3702/1/5968
f 3702/1/5969 3598/1/5969 3604/1/5969
f 3702/1/5969 3604/1/5969 3674/1/5969
f 3698/1/5970 3699/1/5970 3703/1/5970
f 3696/1/5971 3697/1/5971 3704/1/5971
f 3704/1/5972 3697/1/5972 3698/1/5972
f 3698/1/5973 3703/1/5973 3704/1/5973
f 3704/1/5974 3703/1/5974 3705/1/5974
f 3704/1/5974 3705/1/5974 3706/1/5974
f 3706/1/5975 3705/1/5975 3707/1/5975
f 3706/1/5975 3707/1/5975 3708/1/5975
f 3708/1/5976 3707/1/5976 3709/1/5976
f 3708/1/5976 3709/1/5976 3710/1/5976
f 3695/1/5977 3694/1/5977 3711/1/5977
f 3711/1/5978 3694/1/5978 3696/1/5978
f 3696/1/5979 3704/1/5979 3711/1/5979
f 3711/1/5980 3704/1/5980 3706/1/5980
f 3711/1/5980 3706/1/5980 3712/1/5980
f 3712/1/5981 3706/1/5981 3708/1/5981
f 3712/1/5981 3708/1/5981 3713/1/5981
f 3713/1/5982 3708/1/5982 3710/1/5982
f 3713/1/5982 3710/1/5982 3714/1/5982
f 3645/1/5983 3644/1/5983 3695/1/5983
f 3695/1/5984 3711/1/5984 3645/1/5984
f 3645/1/5985 3711/1/5985 3712/1/5985
f 3645/1/5985 3712/1/5985 3647/1/5985
f 3647/1/5986 3712/1/5986 3713/1/5986
f 3647/1/5986 3713/1/5986 3648/1/5986
f 3648/1/5987 3713/1/5987 3714/1/5987
f 3648/1/5987 3714/1/5987 3650/1/5987
f 3652/1/5988 3650/1/5988 3714/1/5988
f 3652/1/5988 3714/1/5988 3715/1/5988
f 3715/1/4318 3714/1/4318 3710/1/4318
f 3715/1/4318 3710/1/4318 3716/1/4318
f 3716/1/5989 3710/1/5989 3709/1/5989
f 3716/1/5989 3709/1/5989 3717/1/5989
f 3652/1/11 3718/1/11 3653/1/11
f 3653/1/5990 3718/1/5990 3719/1/5990
f 3719/1/5991 3718/1/5991 3720/1/5991
f 3720/1/5992 3718/1/5992 3721/1/5992
f 3720/1/5993 3721/1/5993 3722/1/5993
f 3723/1/5994 3724/1/5994 3721/1/5994
f 3721/1/5995 3724/1/5995 3725/1/5995
f 3721/1/5996 3725/1/5996 3722/1/5996
f 3721/1/5997 3726/1/5997 3723/1/5997
f 3723/1/5998 3726/1/5998 3727/1/5998
f 3723/1/5999 3727/1/5999 3728/1/5999
f 3651/1/6000 3729/1/6000 3730/1/6000
f 3654/1/6001 3653/1/6001 3731/1/6001
f 3654/1/6002 3731/1/6002 3655/1/6002
f 3651/1/6003 3730/1/6003 3649/1/6003
f 3649/1/6004 3730/1/6004 3732/1/6004
f 3649/1/6005 3732/1/6005 3646/1/6005
f 3733/1/6006 3734/1/6006 3729/1/6006
f 3729/1/6007 3734/1/6007 3735/1/6007
f 3729/1/6008 3735/1/6008 3730/1/6008
f 3730/1/6009 3735/1/6009 3736/1/6009
f 3730/1/6010 3736/1/6010 3732/1/6010
f 3737/1/6011 3733/1/6011 3738/1/6011
f 3738/1/6012 3733/1/6012 3729/1/6012
f 3738/1/6013 3729/1/6013 3731/1/6013
f 3731/1/6014 3729/1/6014 3651/1/6014
f 3731/1/6015 3651/1/6015 3655/1/6015
f 3665/1/502 3666/1/502 3739/1/502
f 3665/1/502 3739/1/502 3664/1/502
f 3740/1/502 3741/1/502 3742/1/502
f 3742/1/502 3741/1/502 3743/1/502
f 3744/1/502 3745/1/502 3746/1/502
f 3747/1/502 3668/1/502 3667/1/502
f 3748/1/502 3749/1/502 3750/1/502
f 3750/1/502 3749/1/502 3751/1/502
f 3750/1/502 3751/1/502 3752/1/502
f 3752/1/502 3751/1/502 3743/1/502
f 3752/1/502 3743/1/502 3753/1/502
f 3753/1/502 3743/1/502 3741/1/502
f 3746/1/502 3745/1/502 3754/1/502
f 3745/1/502 3755/1/502 3754/1/502
f 3754/1/502 3755/1/502 3756/1/502
f 3754/1/502 3756/1/502 3757/1/502
f 3757/1/502 3756/1/502 3670/1/502
f 3667/1/502 3669/1/502 3747/1/502
f 3747/1/502 3669/1/502 3662/1/502
f 3747/1/502 3662/1/502 3758/1/502
f 3758/1/502 3662/1/502 3663/1/502
f 3758/1/502 3663/1/502 3759/1/502
f 3739/1/502 3760/1/502 3664/1/502
f 3664/1/502 3760/1/502 3761/1/502
f 3664/1/502 3761/1/502 3663/1/502
f 3663/1/502 3761/1/502 3762/1/502
f 3663/1/502 3762/1/502 3759/1/502
f 3740/1/502 3742/1/502 3763/1/502
f 3763/1/502 3742/1/502 3764/1/502
f 3763/1/502 3764/1/502 3746/1/502
f 3746/1/502 3764/1/502 3765/1/502
f 3746/1/502 3765/1/502 3744/1/502
f 3668/1/502 3747/1/502 3766/1/502
f 3766/1/502 3747/1/502 3767/1/502
f 3766/1/502 3767/1/502 3768/1/502
f 3768/1/502 3767/1/502 3769/1/502
f 3768/1/502 3769/1/502 3671/1/502
f 3671/1/502 3769/1/502 3770/1/502
f 3671/1/502 3770/1/502 3670/1/502
f 3670/1/502 3770/1/502 3771/1/502
f 3670/1/502 3771/1/502 3757/1/502
f 3772/1/502 3773/1/502 3727/1/502
f 3727/1/502 3773/1/502 3774/1/502
f 3727/1/502 3774/1/502 3728/1/502
f 3775/1/6016 3776/1/6016 3777/1/6016
f 3731/1/6017 3653/1/6017 3778/1/6017
f 3778/1/6018 3653/1/6018 3719/1/6018
f 3779/1/6019 3738/1/6019 3731/1/6019
f 3780/1/6020 3781/1/6020 3782/1/6020
f 3782/1/6021 3781/1/6021 3783/1/6021
f 3782/1/6022 3783/1/6022 3784/1/6022
f 3719/1/6023 3720/1/6023 3778/1/6023
f 3778/1/6024 3720/1/6024 3722/1/6024
f 3778/1/6025 3722/1/6025 3784/1/6025
f 3728/1/6026 3780/1/6026 3723/1/6026
f 3723/1/6027 3780/1/6027 3782/1/6027
f 3723/1/6028 3782/1/6028 3724/1/6028
f 3724/1/6029 3782/1/6029 3784/1/6029
f 3724/1/6030 3784/1/6030 3725/1/6030
f 3725/1/6031 3784/1/6031 3722/1/6031
f 3731/1/6032 3778/1/6032 3779/1/6032
f 3779/1/6033 3778/1/6033 3784/1/6033
f 3779/1/6034 3784/1/6034 3785/1/6034
f 3785/1/6035 3784/1/6035 3783/1/6035
f 3785/1/6036 3783/1/6036 3775/1/6036
f 3775/1/6037 3783/1/6037 3781/1/6037
f 3775/1/6038 3781/1/6038 3776/1/6038
f 3777/1/6039 3786/1/6039 3775/1/6039
f 3775/1/6040 3786/1/6040 3787/1/6040
f 3775/1/6041 3787/1/6041 3785/1/6041
f 3785/1/6042 3787/1/6042 3788/1/6042
f 3785/1/6043 3788/1/6043 3779/1/6043
f 3779/1/6044 3788/1/6044 3789/1/6044
f 3779/1/6045 3789/1/6045 3738/1/6045
f 3738/1/6046 3789/1/6046 3737/1/6046
f 3771/1/6047 3770/1/6047 3790/1/6047
f 3771/1/6048 3790/1/6048 3791/1/6048
f 3791/1/6049 3790/1/6049 3792/1/6049
f 3791/1/6050 3792/1/6050 3793/1/6050
f 3793/1/6051 3792/1/6051 3794/1/6051
f 3793/1/6052 3794/1/6052 3795/1/6052
f 3795/1/6053 3794/1/6053 3796/1/6053
f 3795/1/6054 3796/1/6054 3797/1/6054
f 3797/1/6055 3796/1/6055 3798/1/6055
f 3797/1/6056 3798/1/6056 2965/1/6056
f 3799/1/6057 3798/1/6057 3800/1/6057
f 3800/1/6058 3798/1/6058 3796/1/6058
f 3800/1/6059 3796/1/6059 3801/1/6059
f 3801/1/6060 3796/1/6060 3794/1/6060
f 3801/1/6061 3794/1/6061 3802/1/6061
f 3802/1/6062 3794/1/6062 3792/1/6062
f 3802/1/6063 3792/1/6063 3803/1/6063
f 3803/1/6064 3792/1/6064 3790/1/6064
f 3803/1/6065 3790/1/6065 3769/1/6065
f 3769/1/6066 3790/1/6066 3770/1/6066
f 3804/1/6067 3799/1/6067 3805/1/6067
f 3805/1/6068 3799/1/6068 3800/1/6068
f 3805/1/6069 3800/1/6069 3806/1/6069
f 3806/1/6070 3800/1/6070 3801/1/6070
f 3806/1/6071 3801/1/6071 3807/1/6071
f 3807/1/6072 3801/1/6072 3802/1/6072
f 3807/1/6073 3802/1/6073 3808/1/6073
f 3808/1/6074 3802/1/6074 3803/1/6074
f 3808/1/6075 3803/1/6075 3767/1/6075
f 3767/1/6076 3803/1/6076 3769/1/6076
f 3767/1/6077 3747/1/6077 3808/1/6077
f 3808/1/6078 3747/1/6078 3809/1/6078
f 3808/1/6079 3809/1/6079 3807/1/6079
f 3807/1/6080 3809/1/6080 3810/1/6080
f 3807/1/6081 3810/1/6081 3806/1/6081
f 3806/1/6082 3810/1/6082 3811/1/6082
f 3806/1/6083 3811/1/6083 3805/1/6083
f 3805/1/6084 3811/1/6084 3812/1/6084
f 3805/1/6085 3812/1/6085 3804/1/6085
f 3813/1/6086 3814/1/6086 3812/1/6086
f 3812/1/6087 3814/1/6087 3815/1/6087
f 3812/1/6088 3815/1/6088 3804/1/6088
f 3758/1/6089 3759/1/6089 3816/1/6089
f 3816/1/6090 3759/1/6090 3817/1/6090
f 3816/1/6091 3817/1/6091 3818/1/6091
f 3818/1/6092 3817/1/6092 3819/1/6092
f 3818/1/6093 3819/1/6093 3820/1/6093
f 3820/1/6094 3819/1/6094 3821/1/6094
f 3820/1/6095 3821/1/6095 3822/1/6095
f 3822/1/6096 3821/1/6096 3823/1/6096
f 3747/1/6097 3758/1/6097 3809/1/6097
f 3809/1/6098 3758/1/6098 3816/1/6098
f 3809/1/6099 3816/1/6099 3810/1/6099
f 3810/1/6100 3816/1/6100 3818/1/6100
f 3810/1/6101 3818/1/6101 3811/1/6101
f 3811/1/6102 3818/1/6102 3820/1/6102
f 3811/1/6103 3820/1/6103 3812/1/6103
f 3812/1/6104 3820/1/6104 3822/1/6104
f 3812/1/6105 3822/1/6105 3813/1/6105
f 3813/1/6106 3822/1/6106 3823/1/6106
f 3824/1/6107 3825/1/6107 3823/1/6107
f 3823/1/6108 3825/1/6108 3826/1/6108
f 3823/1/6109 3826/1/6109 3813/1/6109
f 3827/1/6110 3828/1/6110 3829/1/6110
f 3829/1/6111 3828/1/6111 3830/1/6111
f 3829/1/6112 3830/1/6112 3831/1/6112
f 3831/1/6113 3830/1/6113 3832/1/6113
f 3831/1/6114 3832/1/6114 3833/1/6114
f 3833/1/6115 3832/1/6115 3834/1/6115
f 3817/1/6116 3827/1/6116 3819/1/6116
f 3819/1/6117 3827/1/6117 3829/1/6117
f 3819/1/6118 3829/1/6118 3821/1/6118
f 3821/1/6119 3829/1/6119 3831/1/6119
f 3821/1/6120 3831/1/6120 3823/1/6120
f 3823/1/6121 3831/1/6121 3833/1/6121
f 3823/1/6122 3833/1/6122 3824/1/6122
f 3824/1/6123 3833/1/6123 3834/1/6123
f 3824/1/6124 3834/1/6124 3835/1/6124
f 3736/1/6125 3835/1/6125 3836/1/6125
f 3836/1/6126 3835/1/6126 3834/1/6126
f 3836/1/6127 3834/1/6127 3837/1/6127
f 3837/1/6128 3834/1/6128 3832/1/6128
f 3837/1/6129 3832/1/6129 3838/1/6129
f 3838/1/6130 3832/1/6130 3830/1/6130
f 3838/1/6131 3830/1/6131 3739/1/6131
f 3739/1/6132 3830/1/6132 3828/1/6132
f 3739/1/6133 3828/1/6133 3760/1/6133
f 3760/1/6134 3828/1/6134 3827/1/6134
f 3760/1/6135 3827/1/6135 3761/1/6135
f 3761/1/6136 3827/1/6136 3817/1/6136
f 3761/1/6137 3817/1/6137 3762/1/6137
f 3762/1/6138 3817/1/6138 3759/1/6138
f 3839/1/6139 3840/1/6139 3841/1/6139
f 3842/1/6140 3843/1/6140 3780/1/6140
f 3780/1/6141 3843/1/6141 3781/1/6141
f 3781/1/6142 3843/1/6142 3844/1/6142
f 3781/1/6143 3844/1/6143 3776/1/6143
f 3777/1/6144 3776/1/6144 3841/1/6144
f 3841/1/6145 3776/1/6145 3844/1/6145
f 3841/1/6146 3844/1/6146 3839/1/6146
f 3839/1/6147 3844/1/6147 3843/1/6147
f 3839/1/6148 3843/1/6148 3845/1/6148
f 3845/1/6149 3843/1/6149 3842/1/6149
f 3845/1/6150 3842/1/6150 3846/1/6150
f 3847/1/6151 3840/1/6151 3848/1/6151
f 3848/1/6152 3840/1/6152 3839/1/6152
f 3848/1/6153 3839/1/6153 3849/1/6153
f 3849/1/6154 3839/1/6154 3845/1/6154
f 3849/1/6155 3845/1/6155 3773/1/6155
f 3773/1/6156 3845/1/6156 3846/1/6156
f 3773/1/6157 3846/1/6157 3774/1/6157
f 3774/1/6158 3846/1/6158 3842/1/6158
f 3774/1/6159 3842/1/6159 3728/1/6159
f 3728/1/6160 3842/1/6160 3780/1/6160
f 3850/1/6161 3851/1/6161 3852/1/6161
f 3853/1/6162 3854/1/6162 3855/1/6162
f 3856/1/6163 3857/1/6163 3858/1/6163
f 3859/1/6164 3860/1/6164 3861/1/6164
f 3861/1/6165 3860/1/6165 3862/1/6165
f 3861/1/6166 3862/1/6166 3863/1/6166
f 3863/1/6167 3862/1/6167 3864/1/6167
f 3864/1/6168 3862/1/6168 3865/1/6168
f 3864/1/6169 3865/1/6169 3866/1/6169
f 3867/1/6170 3868/1/6170 3869/1/6170
f 3869/1/6171 3868/1/6171 3870/1/6171
f 3869/1/6172 3870/1/6172 3865/1/6172
f 3865/1/6173 3870/1/6173 3871/1/6173
f 3865/1/6174 3871/1/6174 3866/1/6174
f 3872/1/6175 3873/1/6175 3874/1/6175
f 3874/1/6176 3873/1/6176 3875/1/6176
f 3874/1/6177 3875/1/6177 3876/1/6177
f 3874/1/6178 3877/1/6178 3872/1/6178
f 3872/1/6179 3877/1/6179 3878/1/6179
f 3872/1/6180 3878/1/6180 3879/1/6180
f 3878/1/6181 3880/1/6181 3879/1/6181
f 3879/1/6182 3880/1/6182 3881/1/6182
f 3879/1/6183 3881/1/6183 3882/1/6183
f 3882/1/6184 3881/1/6184 3883/1/6184
f 3884/1/6185 3885/1/6185 3886/1/6185
f 3886/1/6186 3885/1/6186 3883/1/6186
f 3886/1/6187 3883/1/6187 3887/1/6187
f 3887/1/6188 3883/1/6188 3881/1/6188
f 3887/1/6189 3881/1/6189 3888/1/6189
f 3889/1/6190 3890/1/6190 3891/1/6190
f 3891/1/6191 3890/1/6191 3892/1/6191
f 3858/1/6192 3893/1/6192 3856/1/6192
f 3856/1/6193 3893/1/6193 3894/1/6193
f 3856/1/6194 3894/1/6194 3895/1/6194
f 3895/1/6195 3896/1/6195 3856/1/6195
f 3856/1/6196 3896/1/6196 3897/1/6196
f 3856/1/6197 3897/1/6197 3898/1/6197
f 3898/1/6198 3899/1/6198 3856/1/6198
f 3856/1/6199 3899/1/6199 3900/1/6199
f 3856/1/6200 3900/1/6200 3901/1/6200
f 3901/1/6201 3902/1/6201 3856/1/6201
f 3856/1/6202 3902/1/6202 3903/1/6202
f 3856/1/6203 3903/1/6203 3904/1/6203
f 3904/1/6204 3903/1/6204 3905/1/6204
f 3904/1/6205 3905/1/6205 3906/1/6205
f 3854/1/6206 3889/1/6206 3855/1/6206
f 3855/1/6207 3889/1/6207 3891/1/6207
f 3855/1/6208 3891/1/6208 3907/1/6208
f 3907/1/6209 3891/1/6209 3908/1/6209
f 3907/1/6210 3908/1/6210 3909/1/6210
f 3908/1/6211 3910/1/6211 3909/1/6211
f 3909/1/6212 3910/1/6212 3911/1/6212
f 3909/1/6213 3911/1/6213 3912/1/6213
f 3912/1/6214 3911/1/6214 3913/1/6214
f 3912/1/6215 3913/1/6215 3914/1/6215
f 3914/1/6216 3913/1/6216 3869/1/6216
f 3914/1/6217 3869/1/6217 3915/1/6217
f 3915/1/6218 3869/1/6218 3865/1/6218
f 3915/1/6219 3865/1/6219 3916/1/6219
f 3916/1/6220 3865/1/6220 3862/1/6220
f 3916/1/6221 3862/1/6221 3917/1/6221
f 3917/1/6222 3862/1/6222 3860/1/6222
f 3917/1/6223 3860/1/6223 3857/1/6223
f 3857/1/6224 3860/1/6224 3859/1/6224
f 3857/1/6225 3859/1/6225 3858/1/6225
f 2900/1/6226 3853/1/6226 3918/1/6226
f 3918/1/6227 3853/1/6227 3855/1/6227
f 3918/1/6228 3855/1/6228 3919/1/6228
f 3919/1/6229 3855/1/6229 3907/1/6229
f 3919/1/6230 3907/1/6230 3920/1/6230
f 3920/1/6231 3907/1/6231 3909/1/6231
f 3920/1/6232 3909/1/6232 3921/1/6232
f 3921/1/6233 3909/1/6233 3912/1/6233
f 3921/1/6234 3912/1/6234 3922/1/6234
f 3892/1/6235 3888/1/6235 3891/1/6235
f 3891/1/6236 3888/1/6236 3881/1/6236
f 3891/1/6237 3881/1/6237 3908/1/6237
f 3908/1/6238 3881/1/6238 3880/1/6238
f 3908/1/6239 3880/1/6239 3910/1/6239
f 3910/1/6240 3880/1/6240 3878/1/6240
f 3910/1/6241 3878/1/6241 3911/1/6241
f 3911/1/6242 3878/1/6242 3877/1/6242
f 3911/1/6243 3877/1/6243 3913/1/6243
f 3913/1/6244 3877/1/6244 3874/1/6244
f 3913/1/6245 3874/1/6245 3869/1/6245
f 3869/1/6246 3874/1/6246 3876/1/6246
f 3869/1/6247 3876/1/6247 3867/1/6247
f 3922/1/6248 3912/1/6248 3923/1/6248
f 3923/1/6249 3912/1/6249 3914/1/6249
f 3923/1/6250 3914/1/6250 3924/1/6250
f 3924/1/6251 3914/1/6251 3915/1/6251
f 3924/1/6252 3915/1/6252 3925/1/6252
f 3925/1/6253 3915/1/6253 3916/1/6253
f 3925/1/6254 3916/1/6254 3926/1/6254
f 3926/1/6255 3916/1/6255 3917/1/6255
f 3926/1/6256 3917/1/6256 3927/1/6256
f 3927/1/6257 3917/1/6257 3857/1/6257
f 3927/1/6258 3857/1/6258 3928/1/6258
f 3928/1/6259 3857/1/6259 3856/1/6259
f 3928/1/6260 3856/1/6260 3929/1/6260
f 3929/1/6261 3856/1/6261 3904/1/6261
f 3929/1/6262 3904/1/6262 3852/1/6262
f 3852/1/6263 3904/1/6263 3906/1/6263
f 3852/1/6264 3906/1/6264 3850/1/6264
f 3930/1/6265 3931/1/6265 3932/1/6265
f 3932/1/6266 3931/1/6266 3933/1/6266
f 3934/1/6267 3935/1/6267 3906/1/6267
f 3906/1/6268 3935/1/6268 3936/1/6268
f 3906/1/6269 3936/1/6269 3850/1/6269
f 3906/1/6270 3905/1/6270 3934/1/6270
f 3934/1/6271 3905/1/6271 3903/1/6271
f 3934/1/6272 3903/1/6272 3937/1/6272
f 3937/1/6273 3903/1/6273 3902/1/6273
f 3937/1/6274 3902/1/6274 3938/1/6274
f 3938/1/6275 3902/1/6275 3939/1/6275
f 3939/1/6276 3902/1/6276 3901/1/6276
f 3939/1/6277 3901/1/6277 3940/1/6277
f 3940/1/6278 3901/1/6278 3900/1/6278
f 3940/1/6279 3900/1/6279 3941/1/6279
f 3941/1/6280 3942/1/6280 3940/1/6280
f 3940/1/6281 3942/1/6281 3943/1/6281
f 3940/1/6282 3943/1/6282 3944/1/6282
f 3944/1/6283 3943/1/6283 3945/1/6283
f 3946/1/6284 3947/1/6284 3945/1/6284
f 3945/1/6285 3947/1/6285 3948/1/6285
f 3945/1/6286 3948/1/6286 3944/1/6286
f 3936/1/6287 3949/1/6287 3850/1/6287
f 3850/1/6288 3949/1/6288 3950/1/6288
f 3850/1/6289 3950/1/6289 3851/1/6289
f 3851/1/6290 3950/1/6290 3951/1/6290
f 3952/1/6291 3953/1/6291 3954/1/6291
f 3954/1/6292 3953/1/6292 3955/1/6292
f 3954/1/6293 3955/1/6293 3956/1/6293
f 3949/1/6294 3956/1/6294 3950/1/6294
f 3950/1/6295 3956/1/6295 3955/1/6295
f 3950/1/6296 3955/1/6296 3951/1/6296
f 3951/1/6297 3955/1/6297 3953/1/6297
f 3951/1/6298 3953/1/6298 3957/1/6298
f 3957/1/6299 3953/1/6299 3952/1/6299
f 3957/1/6300 3952/1/6300 3933/1/6300
f 3933/1/6301 3952/1/6301 3958/1/6301
f 3933/1/6302 3958/1/6302 3932/1/6302
f 3932/1/6303 3958/1/6303 3959/1/6303
f 3932/1/6304 3959/1/6304 3930/1/6304
f 3930/1/6305 3959/1/6305 3960/1/6305
f 3930/1/6306 3960/1/6306 3961/1/6306
f 3864/1/6307 3866/1/6307 3962/1/6307
f 3962/1/6308 3963/1/6308 3864/1/6308
f 3864/1/6309 3963/1/6309 3964/1/6309
f 3864/1/6310 3964/1/6310 3863/1/6310
f 3863/1/6311 3964/1/6311 3965/1/6311
f 3863/1/6312 3965/1/6312 3861/1/6312
f 3861/1/6313 3965/1/6313 3966/1/6313
f 3861/1/6314 3966/1/6314 3859/1/6314
f 3962/1/6315 3866/1/6315 3967/1/6315
f 3967/1/6316 3866/1/6316 3871/1/6316
f 3967/1/6317 3871/1/6317 3968/1/6317
f 3968/1/6318 3871/1/6318 3870/1/6318
f 3969/1/6319 3968/1/6319 3868/1/6319
f 3868/1/6320 3968/1/6320 3870/1/6320
f 3970/1/6321 3969/1/6321 3867/1/6321
f 3867/1/6322 3969/1/6322 3868/1/6322
f 3971/1/6323 3970/1/6323 3876/1/6323
f 3876/1/6324 3970/1/6324 3867/1/6324
f 3883/1/6325 3885/1/6325 3972/1/6325
f 3971/1/6326 3876/1/6326 3973/1/6326
f 3973/1/6327 3876/1/6327 3875/1/6327
f 3883/1/6328 3972/1/6328 3882/1/6328
f 3972/1/6329 3974/1/6329 3882/1/6329
f 3882/1/6330 3974/1/6330 3975/1/6330
f 3882/1/6331 3975/1/6331 3879/1/6331
f 3875/1/6332 3873/1/6332 3973/1/6332
f 3973/1/6333 3873/1/6333 3872/1/6333
f 3973/1/6334 3872/1/6334 3976/1/6334
f 3976/1/6335 3872/1/6335 3879/1/6335
f 3976/1/6336 3879/1/6336 3977/1/6336
f 3977/1/6337 3879/1/6337 3975/1/6337
f 3897/1/6338 3896/1/6338 3978/1/6338
f 3897/1/6339 3978/1/6339 3898/1/6339
f 3978/1/6340 3946/1/6340 3898/1/6340
f 3898/1/6341 3946/1/6341 3945/1/6341
f 3898/1/6342 3945/1/6342 3899/1/6342
f 3979/1/6343 3980/1/6343 3981/1/6343
f 3982/1/6344 3983/1/6344 3984/1/6344
f 3985/1/6345 3986/1/6345 3987/1/6345
f 3988/1/6346 3989/1/6346 3990/1/6346
f 3990/1/6347 3989/1/6347 3991/1/6347
f 3988/1/6348 3992/1/6348 3989/1/6348
f 3989/1/6349 3992/1/6349 3993/1/6349
f 3989/1/6350 3993/1/6350 3991/1/6350
f 3991/1/6351 3993/1/6351 3994/1/6351
f 3985/1/6352 3987/1/6352 3995/1/6352
f 3982/1/6353 3984/1/6353 3996/1/6353
f 3996/1/6354 3984/1/6354 3992/1/6354
f 3996/1/6355 3992/1/6355 3997/1/6355
f 3997/1/6356 3992/1/6356 3988/1/6356
f 3997/1/6357 3988/1/6357 3998/1/6357
f 3979/1/6358 3981/1/6358 3983/1/6358
f 3981/1/6359 3679/1/6359 3999/1/6359
f 3999/1/6360 3679/1/6360 4000/1/6360
f 3999/1/6361 4000/1/6361 4001/1/6361
f 4002/1/6362 3992/1/6362 4003/1/6362
f 4003/1/6363 3992/1/6363 3984/1/6363
f 4003/1/6364 3984/1/6364 4004/1/6364
f 4004/1/6365 3984/1/6365 4005/1/6365
f 3983/1/6366 3981/1/6366 3984/1/6366
f 3984/1/6367 3981/1/6367 3999/1/6367
f 3984/1/6368 3999/1/6368 4005/1/6368
f 4005/1/6369 3999/1/6369 4001/1/6369
f 4005/1/6370 4001/1/6370 4004/1/6370
f 4002/1/6371 4006/1/6371 3992/1/6371
f 3992/1/6372 4006/1/6372 4007/1/6372
f 3992/1/6373 4007/1/6373 3993/1/6373
f 3993/1/6374 4007/1/6374 4008/1/6374
f 3993/1/6375 4008/1/6375 3994/1/6375
f 3994/1/6376 4008/1/6376 4009/1/6376
f 3994/1/6377 4009/1/6377 3987/1/6377
f 3987/1/6378 4009/1/6378 4010/1/6378
f 3987/1/6379 4010/1/6379 3995/1/6379
f 4011/1/6380 4012/1/6380 4013/1/6380
f 4013/1/6381 4012/1/6381 4014/1/6381
f 4013/1/6382 4014/1/6382 4015/1/6382
f 4015/1/6383 4014/1/6383 4016/1/6383
f 4015/1/6384 4016/1/6384 4017/1/6384
f 4017/1/6385 4016/1/6385 4018/1/6385
f 4017/1/6386 4018/1/6386 4019/1/6386
f 4019/1/6387 4018/1/6387 4020/1/6387
f 4019/1/6388 4020/1/6388 4021/1/6388
f 4021/1/6389 4020/1/6389 4022/1/6389
f 4021/1/6390 4022/1/6390 4023/1/6390
f 4023/1/6391 4022/1/6391 4024/1/6391
f 4023/1/6392 4024/1/6392 4025/1/6392
f 4025/1/6393 4024/1/6393 4026/1/6393
f 4025/1/6394 4026/1/6394 4027/1/6394
f 4027/1/6395 4026/1/6395 4028/1/6395
f 4027/1/6396 4028/1/6396 4029/1/6396
f 4030/1/6397 4031/1/6397 4032/1/6397
f 4031/1/6398 49/1/6398 4032/1/6398
f 4032/1/6398 49/1/6398 4033/1/6398
f 4032/1/6399 4033/1/6399 4034/1/6399
f 4034/1/6399 4033/1/6399 4035/1/6399
f 4034/1/6400 4035/1/6400 4036/1/6400
f 4037/1/6401 4030/1/6401 4038/1/6401
f 4038/1/6402 4030/1/6402 4032/1/6402
f 4038/1/6403 4032/1/6403 4039/1/6403
f 4039/1/6403 4032/1/6403 4034/1/6403
f 4039/1/6404 4034/1/6404 4040/1/6404
f 4040/1/6404 4034/1/6404 4036/1/6404
f 3112/1/6405 4037/1/6405 4041/1/6405
f 4041/1/6405 4037/1/6405 4038/1/6405
f 4041/1/6406 4038/1/6406 4042/1/6406
f 4042/1/6407 4038/1/6407 4039/1/6407
f 4042/1/6408 4039/1/6408 4043/1/6408
f 4043/1/6409 4039/1/6409 4040/1/6409
f 4043/1/6410 4040/1/6410 3583/1/6410
f 4036/1/6411 3583/1/6411 4040/1/6411
f 4035/1/6412 4044/1/6412 4036/1/6412
f 4036/1/6413 4044/1/6413 3583/1/6413
f 3966/1/6414 4045/1/6414 3859/1/6414
f 3859/1/6415 4045/1/6415 3858/1/6415
f 4046/1/6416 3894/1/6416 4045/1/6416
f 4045/1/6417 3894/1/6417 3893/1/6417
f 4045/1/6418 3893/1/6418 3858/1/6418
f 3947/1/6419 4047/1/6419 3948/1/6419
f 4020/1/6420 4018/1/6420 3895/1/6420
f 4018/1/6421 4016/1/6421 3895/1/6421
f 3895/1/6422 4016/1/6422 4014/1/6422
f 3895/1/6423 4014/1/6423 4012/1/6423
f 4012/1/6424 4011/1/6424 3895/1/6424
f 3895/1/6425 4011/1/6425 4048/1/6425
f 3895/1/6426 4048/1/6426 3896/1/6426
f 3896/1/6427 4048/1/6427 4049/1/6427
f 3896/1/6428 4049/1/6428 3978/1/6428
f 4028/1/6429 3894/1/6429 4029/1/6429
f 4029/1/6430 3894/1/6430 4046/1/6430
f 4028/1/6431 4026/1/6431 3894/1/6431
f 3894/1/6432 4026/1/6432 4024/1/6432
f 3894/1/6433 4024/1/6433 3895/1/6433
f 3895/1/6434 4024/1/6434 4022/1/6434
f 3895/1/6435 4022/1/6435 4020/1/6435
f 4047/1/6436 3947/1/6436 4049/1/6436
f 4049/1/6437 3947/1/6437 3946/1/6437
f 4049/1/6438 3946/1/6438 3978/1/6438
f 3899/1/6283 3945/1/6283 3943/1/6283
f 3943/1/6283 3942/1/6283 3899/1/6283
f 3899/1/6439 3942/1/6439 3941/1/6439
f 3899/1/6283 3941/1/6283 3900/1/6283
f 3972/1/6440 3885/1/6440 3377/1/6440
f 3377/1/6441 3885/1/6441 3884/1/6441
f 3377/1/6442 3884/1/6442 4050/1/6442
f 3773/1/6443 4051/1/6443 3849/1/6443
f 3849/1/6444 4051/1/6444 4052/1/6444
f 3849/1/6445 4052/1/6445 3848/1/6445
f 4053/1/6446 3680/1/6446 4054/1/6446
f 3773/1/6447 4055/1/6447 4051/1/6447
f 4051/1/6448 4055/1/6448 4053/1/6448
f 4051/1/6448 4053/1/6448 4052/1/6448
f 4052/1/6449 4053/1/6449 4054/1/6449
f 4052/1/6450 4054/1/6450 3848/1/6450
f 3848/1/6451 4054/1/6451 3847/1/6451
f 3727/1/6452 4056/1/6452 3772/1/6452
f 3772/1/6453 4056/1/6453 4057/1/6453
f 4057/1/6454 4056/1/6454 4058/1/6454
f 4058/1/6455 4056/1/6455 4059/1/6455
f 4058/1/6456 4059/1/6456 4060/1/6456
f 4060/1/6457 4059/1/6457 4061/1/6457
f 4060/1/6458 4061/1/6458 4062/1/6458
f 4062/1/6459 4061/1/6459 4063/1/6459
f 4062/1/6460 4063/1/6460 4064/1/6460
f 4063/1/6461 4065/1/6461 4064/1/6461
f 4064/1/6462 4065/1/6462 3717/1/6462
f 4064/1/6463 3717/1/6463 4066/1/6463
f 3739/1/6464 4067/1/6464 3838/1/6464
f 3838/1/6465 4067/1/6465 4068/1/6465
f 3838/1/6465 4068/1/6465 3837/1/6465
f 3837/1/6466 4068/1/6466 4069/1/6466
f 3837/1/6467 4069/1/6467 3836/1/6467
f 4070/1/6468 3646/1/6468 3732/1/6468
f 3739/1/6469 4071/1/6469 4067/1/6469
f 4067/1/6470 4071/1/6470 4072/1/6470
f 4067/1/6470 4072/1/6470 4068/1/6470
f 4068/1/6471 4072/1/6471 4070/1/6471
f 4068/1/6472 4070/1/6472 4069/1/6472
f 4069/1/6473 4070/1/6473 3732/1/6473
f 4069/1/6474 3732/1/6474 3836/1/6474
f 3836/1/6475 3732/1/6475 3736/1/6475
f 4065/1/6476 4063/1/6476 4073/1/6476
f 3652/1/6477 4074/1/6477 3718/1/6477
f 4061/1/6478 4059/1/6478 4075/1/6478
f 4075/1/6479 4059/1/6479 4056/1/6479
f 3718/1/6480 4074/1/6480 3721/1/6480
f 3721/1/6481 4074/1/6481 4075/1/6481
f 3721/1/6482 4075/1/6482 3726/1/6482
f 3726/1/6483 4075/1/6483 4056/1/6483
f 3726/1/6484 4056/1/6484 3727/1/6484
f 4063/1/6485 4061/1/6485 4073/1/6485
f 4073/1/6486 4061/1/6486 4075/1/6486
f 4073/1/6487 4075/1/6487 4076/1/6487
f 4076/1/6488 4075/1/6488 4074/1/6488
f 4076/1/6489 4074/1/6489 3652/1/6489
f 3717/1/6490 4065/1/6490 3716/1/6490
f 3716/1/6491 4065/1/6491 4073/1/6491
f 3716/1/6492 4073/1/6492 3715/1/6492
f 3715/1/6493 4073/1/6493 4076/1/6493
f 3715/1/6494 4076/1/6494 3652/1/6494
f 3699/1/6495 3700/1/6495 3703/1/6495
f 3703/1/6495 3700/1/6495 4077/1/6495
f 3703/1/6496 4077/1/6496 3705/1/6496
f 3705/1/6496 4077/1/6496 4078/1/6496
f 3705/1/6497 4078/1/6497 3707/1/6497
f 3707/1/6497 4078/1/6497 4079/1/6497
f 3707/1/6498 4079/1/6498 3709/1/6498
f 3709/1/6498 4079/1/6498 4080/1/6498
f 3672/1/6499 3681/1/6499 4081/1/6499
f 4082/1/6500 4083/1/6500 4084/1/6500
f 4084/1/6501 4083/1/6501 3673/1/6501
f 4085/1/6502 4086/1/6502 4082/1/6502
f 4082/1/6503 4086/1/6503 4087/1/6503
f 4082/1/6504 4087/1/6504 4083/1/6504
f 4085/1/6505 4088/1/6505 4086/1/6505
f 4086/1/6506 4088/1/6506 4089/1/6506
f 4086/1/6507 4089/1/6507 4090/1/6507
f 4066/1/6508 4091/1/6508 4064/1/6508
f 4064/1/6509 4091/1/6509 4092/1/6509
f 4064/1/6510 4092/1/6510 4062/1/6510
f 3673/1/6511 3672/1/6511 4084/1/6511
f 4084/1/6512 3672/1/6512 4081/1/6512
f 4084/1/6513 4081/1/6513 4082/1/6513
f 4082/1/6514 4081/1/6514 4093/1/6514
f 4082/1/6515 4093/1/6515 4085/1/6515
f 4085/1/6516 4093/1/6516 3772/1/6516
f 3772/1/6517 4057/1/6517 4085/1/6517
f 4085/1/6518 4057/1/6518 4058/1/6518
f 4085/1/6519 4058/1/6519 4088/1/6519
f 4088/1/6520 4058/1/6520 4060/1/6520
f 4088/1/6521 4060/1/6521 4089/1/6521
f 4089/1/6522 4060/1/6522 4062/1/6522
f 4089/1/6523 4062/1/6523 4090/1/6523
f 4090/1/6524 4062/1/6524 4092/1/6524
f 4081/1/6525 3681/1/6525 3680/1/6525
f 4055/1/6526 3773/1/6526 3772/1/6526
f 3772/1/6527 4093/1/6527 4055/1/6527
f 4055/1/6528 4093/1/6528 4081/1/6528
f 4055/1/6529 4081/1/6529 4053/1/6529
f 4053/1/6530 4081/1/6530 3680/1/6530
f 3682/1/6531 4094/1/6531 4095/1/6531
f 3682/1/6532 4095/1/6532 3683/1/6532
f 3683/1/6533 4095/1/6533 4096/1/6533
f 3683/1/6534 4096/1/6534 3675/1/6534
f 3675/1/6535 4096/1/6535 4097/1/6535
f 3675/1/6536 4097/1/6536 3676/1/6536
f 3676/1/6537 4097/1/6537 4054/1/6537
f 3676/1/6538 4054/1/6538 3680/1/6538
f 3980/1/6539 4098/1/6539 3981/1/6539
f 3981/1/6540 4098/1/6540 4094/1/6540
f 3981/1/6541 4094/1/6541 3679/1/6541
f 3679/1/6542 4094/1/6542 3682/1/6542
f 4098/1/6543 4099/1/6543 4094/1/6543
f 4094/1/6544 4099/1/6544 4100/1/6544
f 4094/1/6545 4100/1/6545 4095/1/6545
f 4095/1/6546 4100/1/6546 4101/1/6546
f 4095/1/6547 4101/1/6547 4096/1/6547
f 4096/1/6548 4101/1/6548 4102/1/6548
f 4096/1/6549 4102/1/6549 4097/1/6549
f 4097/1/6550 4102/1/6550 3847/1/6550
f 4097/1/6551 3847/1/6551 4054/1/6551
f 3985/1/6552 3995/1/6552 4103/1/6552
f 3691/1/6553 3986/1/6553 3692/1/6553
f 3692/1/6554 3986/1/6554 3985/1/6554
f 3692/1/6555 3985/1/6555 3693/1/6555
f 3693/1/6556 3985/1/6556 4103/1/6556
f 3693/1/6557 4103/1/6557 3688/1/6557
f 3688/1/6558 4103/1/6558 4104/1/6558
f 3688/1/6559 4104/1/6559 3689/1/6559
f 4105/1/6560 3687/1/6560 3689/1/6560
f 3687/1/6561 4106/1/6561 3686/1/6561
f 3686/1/6562 4106/1/6562 3678/1/6562
f 3686/1/6563 3678/1/6563 3677/1/6563
f 4001/1/6564 4000/1/6564 4106/1/6564
f 4106/1/6565 4000/1/6565 3679/1/6565
f 4106/1/6566 3679/1/6566 3678/1/6566
f 3687/1/6567 4105/1/6567 4106/1/6567
f 4106/1/6568 4105/1/6568 4004/1/6568
f 4106/1/6569 4004/1/6569 4001/1/6569
f 4006/1/6570 4002/1/6570 4105/1/6570
f 4105/1/6571 4002/1/6571 4003/1/6571
f 4105/1/6572 4003/1/6572 4004/1/6572
f 3689/1/6573 4104/1/6573 4105/1/6573
f 4105/1/6574 4104/1/6574 4007/1/6574
f 4105/1/6575 4007/1/6575 4006/1/6575
f 3995/1/6576 4010/1/6576 4103/1/6576
f 4103/1/6577 4010/1/6577 4009/1/6577
f 4103/1/6578 4009/1/6578 4104/1/6578
f 4104/1/6579 4009/1/6579 4008/1/6579
f 4104/1/6580 4008/1/6580 4007/1/6580
f 3702/1/3791 3674/1/3791 3673/1/3791
f 3702/1/3791 3673/1/3791 3701/1/3791
f 3701/1/3791 3673/1/3791 4080/1/3791
f 4080/1/3791 3673/1/3791 4083/1/3791
f 4080/1/3791 4083/1/3791 4087/1/3791
f 4087/1/3791 4086/1/3791 4080/1/3791
f 4080/1/3791 4086/1/3791 4090/1/3791
f 4080/1/3791 4090/1/3791 4092/1/3791
f 3717/1/3791 3709/1/3791 4066/1/3791
f 4066/1/3791 3709/1/3791 4080/1/3791
f 4066/1/3791 4080/1/3791 4091/1/3791
f 4091/1/3791 4080/1/3791 4092/1/3791
f 3739/1/6581 3666/1/6581 4071/1/6581
f 4071/1/6582 3666/1/6582 3661/1/6582
f 3659/1/6583 3658/1/6583 4070/1/6583
f 4070/1/6584 3658/1/6584 3657/1/6584
f 4070/1/6585 3657/1/6585 3646/1/6585
f 3646/1/6586 3657/1/6586 3656/1/6586
f 3646/1/6587 3656/1/6587 3643/1/6587
f 3661/1/6588 3660/1/6588 4071/1/6588
f 4071/1/6589 3660/1/6589 3659/1/6589
f 4071/1/6590 3659/1/6590 4072/1/6590
f 4072/1/6591 3659/1/6591 4070/1/6591
f 4107/1/6592 3642/1/6592 4108/1/6592
f 4108/1/6593 3642/1/6593 3638/1/6593
f 4108/1/6594 3638/1/6594 4109/1/6594
f 4109/1/6595 3638/1/6595 4110/1/6595
f 4110/1/6596 3638/1/6596 3640/1/6596
f 4110/1/6597 3640/1/6597 4111/1/6597
f 4111/1/6598 3640/1/6598 3606/1/6598
f 4111/1/6599 3606/1/6599 3605/1/6599
f 3597/1/14 3701/1/14 1658/1/14
f 1658/1/14 3701/1/14 3700/1/14
f 1658/1/14 3700/1/14 2234/1/14
f 4078/1/14 4077/1/14 4079/1/14
f 4079/1/14 4077/1/14 3700/1/14
f 4079/1/14 3700/1/14 4080/1/14
f 4080/1/14 3700/1/14 3701/1/14
f 1178/1/545 4112/1/545 3601/1/545
f 3601/1/545 4112/1/545 4113/1/545
f 4113/1/545 4114/1/545 3601/1/545
f 3601/1/545 4114/1/545 4115/1/545
f 3601/1/545 4115/1/545 4116/1/545
f 4116/1/545 4117/1/545 3601/1/545
f 3601/1/545 4117/1/545 4118/1/545
f 3601/1/545 4118/1/545 3685/1/545
f 3765/1/6600 3764/1/6600 3589/1/6600
f 3589/1/6600 3590/1/6600 3765/1/6600
f 3765/1/6601 3590/1/6601 3582/1/6601
f 3765/1/6601 3582/1/6601 3744/1/6601
f 3744/1/6602 3582/1/6602 3581/1/6602
f 3744/1/6602 3581/1/6602 3745/1/6602
f 3576/1/6603 3670/1/6603 3577/1/6603
f 3577/1/6603 3670/1/6603 3756/1/6603
f 3577/1/6604 3756/1/6604 3580/1/6604
f 3580/1/6604 3756/1/6604 3755/1/6604
f 3580/1/6605 3755/1/6605 3581/1/6605
f 3581/1/6605 3755/1/6605 3745/1/6605
f 3568/1/6606 3668/1/6606 3569/1/6606
f 3569/1/6606 3668/1/6606 3766/1/6606
f 3569/1/6607 3766/1/6607 3574/1/6607
f 3574/1/6607 3766/1/6607 3768/1/6607
f 3574/1/6608 3768/1/6608 3575/1/6608
f 3575/1/6608 3768/1/6608 3671/1/6608
f 3986/1/6609 3691/1/6609 3690/1/6609
f 3416/1/6610 3990/1/6610 3991/1/6610
f 3991/1/6611 3994/1/6611 3416/1/6611
f 3416/1/6612 3994/1/6612 3987/1/6612
f 3416/1/6613 3987/1/6613 3986/1/6613
f 3986/1/6614 3690/1/6614 3416/1/6614
f 3416/1/6615 3690/1/6615 3684/1/6615
f 3416/1/6616 3684/1/6616 3417/1/6616
f 3417/1/6617 3684/1/6617 3685/1/6617
f 3417/1/6618 3685/1/6618 3419/1/6618
f 3379/1/6619 4119/1/6619 4120/1/6619
f 3379/1/6620 4120/1/6620 3380/1/6620
f 3380/1/6621 4120/1/6621 4121/1/6621
f 3380/1/6622 4121/1/6622 3423/1/6622
f 3423/1/6623 4121/1/6623 3998/1/6623
f 3423/1/6624 3998/1/6624 3416/1/6624
f 3416/1/6625 3998/1/6625 3988/1/6625
f 3416/1/6626 3988/1/6626 3990/1/6626
f 3426/1/6627 4122/1/6627 4123/1/6627
f 4119/1/6628 3379/1/6628 4123/1/6628
f 4123/1/6629 3379/1/6629 3424/1/6629
f 4123/1/6630 3424/1/6630 3426/1/6630
f 4122/1/6631 3426/1/6631 4124/1/6631
f 4124/1/6632 3426/1/6632 3427/1/6632
f 4124/1/6633 3427/1/6633 3460/1/6633
f 3460/1/6634 3428/1/6634 4124/1/6634
f 4124/1/6635 3428/1/6635 3430/1/6635
f 4124/1/6636 3430/1/6636 4125/1/6636
f 4125/1/6637 3430/1/6637 4126/1/6637
f 4126/1/6638 3430/1/6638 3434/1/6638
f 4126/1/6639 3434/1/6639 4127/1/6639
f 3434/1/6640 3433/1/6640 4127/1/6640
f 4127/1/6641 3433/1/6641 3432/1/6641
f 4127/1/6642 3432/1/6642 4128/1/6642
f 3432/1/6643 3435/1/6643 4128/1/6643
f 4128/1/6644 3435/1/6644 3378/1/6644
f 4128/1/6645 3378/1/6645 4129/1/6645
f 4129/1/6646 3378/1/6646 4130/1/6646
f 4130/1/6647 3378/1/6647 3377/1/6647
f 4130/1/6648 3377/1/6648 4050/1/6648
f 3685/1/6649 4118/1/6649 3419/1/6649
f 3419/1/6650 4118/1/6650 4117/1/6650
f 3419/1/6651 4117/1/6651 3420/1/6651
f 3420/1/6652 4117/1/6652 4116/1/6652
f 3420/1/6653 4116/1/6653 3421/1/6653
f 3421/1/6654 4116/1/6654 4115/1/6654
f 3421/1/6655 4115/1/6655 3422/1/6655
f 3422/1/6656 4115/1/6656 4114/1/6656
f 3422/1/6657 4114/1/6657 3454/1/6657
f 3454/1/6658 4114/1/6658 4113/1/6658
f 3454/1/6659 4113/1/6659 3382/1/6659
f 3382/1/6660 4113/1/6660 4112/1/6660
f 3382/1/6661 4112/1/6661 3383/1/6661
f 3383/1/6662 4112/1/6662 1178/1/6662
f 3383/1/6663 1178/1/6663 1183/1/6663
f 3935/630/6664 3934/631/6664 4131/632/6664
f 3934/631/6664 3937/633/6664 4131/632/6664
f 4131/632/6665 3937/633/6665 3938/634/6665
f 4131/632/6666 3938/634/6666 3939/635/6666
f 3939/636/6667 3940/637/6667 4131/638/6667
f 4131/638/6668 3940/637/6668 3944/639/6668
f 4131/638/6669 3944/639/6669 3948/640/6669
f 3948/640/6670 4047/641/6670 4131/638/6670
f 4131/638/6671 4047/641/6671 4049/642/6671
f 4131/638/6672 4049/642/6672 4048/643/6672
f 4048/1/6673 4011/1/6673 4131/1/6673
f 4131/644/6674 4011/645/6674 4013/646/6674
f 4131/644/6675 4013/646/6675 4015/647/6675
f 3935/630/6664 4131/632/6664 3936/648/6664
f 3936/649/6676 4131/650/6676 4132/651/6676
f 3936/649/6677 4132/651/6677 3949/652/6677
f 4133/653/6678 3394/339/6678 3175/76/6678
f 3438/376/6679 3437/375/6679 4134/654/6679
f 4134/654/6680 3437/375/6680 3443/381/6680
f 4134/655/6681 3443/656/6681 3442/465/6681
f 3441/379/6682 3440/378/6682 4135/657/6682
f 3972/658/6683 3377/322/6683 3376/321/6683
f 3376/321/6684 3462/409/6684 3972/658/6684
f 3972/658/6685 3462/409/6685 3461/659/6685
f 3972/658/6686 3461/659/6686 3974/660/6686
f 4136/661/6687 3976/662/6687 4137/663/6687
f 4137/664/6688 3976/665/6688 3977/666/6688
f 4137/663/6689 3977/667/6689 4138/668/6689
f 4138/669/6690 3977/666/6690 3975/670/6690
f 4138/668/6691 3975/671/6691 4139/672/6691
f 4139/673/6692 3975/670/6692 3974/660/6692
f 4139/672/6693 3974/674/6693 4140/675/6693
f 4140/675/6694 3974/674/6694 3461/676/6694
f 4141/677/6695 3962/678/6695 4142/679/6695
f 4142/680/6696 3962/681/6696 3967/682/6696
f 4142/680/6697 3967/682/6697 3968/683/6697
f 3968/683/6698 3969/684/6698 4142/680/6698
f 4142/680/6699 3969/684/6699 3970/685/6699
f 4142/679/6700 3970/686/6700 4143/687/6700
f 4143/688/6701 3970/685/6701 3971/689/6701
f 4143/687/6702 3971/690/6702 4136/691/6702
f 4136/692/6703 3971/693/6703 3973/694/6703
f 4136/692/6704 3973/694/6704 3976/665/6704
f 4144/695/6705 3966/696/6705 4145/697/6705
f 4145/698/6706 3966/699/6706 3965/700/6706
f 4145/697/6707 3965/701/6707 4146/702/6707
f 4146/703/6708 3965/700/6708 3964/704/6708
f 4146/702/6709 3964/705/6709 4141/677/6709
f 4141/706/6710 3964/704/6710 3963/707/6710
f 4141/706/6711 3963/707/6711 3962/681/6711
f 4015/1/6712 4017/1/6712 4131/1/6712
f 4131/1/6713 4017/1/6713 4019/1/6713
f 4131/632/6714 4019/708/6714 4144/709/6714
f 4144/695/6715 4019/710/6715 4021/711/6715
f 4144/695/6716 4021/711/6716 4023/712/6716
f 4023/712/6717 4025/713/6717 4144/695/6717
f 4144/695/6718 4025/713/6718 4027/714/6718
f 4144/695/6719 4027/714/6719 4029/715/6719
f 4029/715/6720 4046/716/6720 4144/695/6720
f 4144/695/6721 4046/716/6721 4045/717/6721
f 4144/718/6722 4045/719/6722 3966/699/6722
f 4147/720/6723 4148/721/6723 4149/722/6723
f 4149/722/6724 4150/723/6724 4147/720/6724
f 4147/720/6725 4150/723/6725 4151/724/6725
f 4147/720/6726 4151/724/6726 4152/725/6726
f 4152/725/6727 4151/724/6727 4153/726/6727
f 4152/725/6728 4153/726/6728 4154/727/6728
f 4154/727/6729 4153/726/6729 4155/728/6729
f 4143/729/6730 4148/730/6730 4142/731/6730
f 4142/731/6731 4148/730/6731 4147/732/6731
f 4142/731/6732 4147/732/6732 4141/733/6732
f 4141/733/6733 4147/732/6733 4152/734/6733
f 4141/733/6734 4152/734/6734 4146/735/6734
f 4146/735/6735 4152/734/6735 4154/736/6735
f 4146/735/6736 4154/736/6736 4145/737/6736
f 4145/737/6737 4154/736/6737 4155/738/6737
f 4145/737/6738 4155/738/6738 4144/709/6738
f 4144/739/6739 4155/728/6739 4156/740/6739
f 4144/709/6740 4156/741/6740 4131/632/6740
f 4131/650/6741 4156/740/6741 4157/742/6741
f 4131/1/6742 4157/1/6742 4132/1/6742
f 4158/743/6743 4159/744/6743 4160/745/6743
f 4160/745/6744 4159/744/6744 4161/746/6744
f 4160/745/6745 4161/746/6745 4162/747/6745
f 3440/378/6746 3438/376/6746 4135/657/6746
f 4135/657/6747 3438/376/6747 4134/654/6747
f 4135/657/6748 4134/654/6748 4163/748/6748
f 4164/749/6749 4163/748/6749 4165/750/6749
f 4165/750/6750 4163/748/6750 4134/654/6750
f 4165/751/6751 4134/655/6751 4133/653/6751
f 4133/653/6752 4134/655/6752 3442/465/6752
f 4133/653/6753 3442/465/6753 3394/339/6753
f 3175/76/6754 4166/752/6754 4133/653/6754
f 4133/653/6755 4166/752/6755 4167/753/6755
f 4133/653/6756 4167/753/6756 4165/751/6756
f 4165/751/6757 4167/753/6757 4162/754/6757
f 4165/750/6758 4162/747/6758 4164/749/6758
f 4164/749/6759 4162/747/6759 4161/746/6759
f 4166/752/6760 4168/755/6760 4167/753/6760
f 4167/753/6761 4168/755/6761 4169/756/6761
f 4167/753/6762 4169/756/6762 4162/754/6762
f 4162/754/6763 4169/756/6763 4170/757/6763
f 4162/754/6764 4170/757/6764 4160/758/6764
f 4160/758/6765 4170/757/6765 4171/759/6765
f 4160/758/6766 4171/759/6766 4158/760/6766
f 4158/760/6767 4171/759/6767 4172/761/6767
f 4158/760/6768 4172/761/6768 4173/762/6768
f 3461/405/6769 3441/763/6769 4140/764/6769
f 4140/765/6770 3441/379/6770 4135/657/6770
f 4140/764/6771 4135/766/6771 4139/767/6771
f 4139/768/6772 4135/657/6772 4163/748/6772
f 4139/767/6773 4163/769/6773 4138/770/6773
f 4138/771/6774 4163/748/6774 4164/749/6774
f 4138/770/6775 4164/772/6775 4137/773/6775
f 4137/774/6776 4164/749/6776 4161/746/6776
f 4137/773/6777 4161/775/6777 4136/691/6777
f 4136/776/6778 4161/746/6778 4159/744/6778
f 4136/776/6779 4159/744/6779 4143/729/6779
f 4143/729/6780 4159/744/6780 4158/743/6780
f 4143/729/6781 4158/743/6781 4148/730/6781
f 4148/721/6782 4158/760/6782 4173/762/6782
f 4148/721/6783 4173/762/6783 4149/722/6783
f 3562/1/6784 4174/1/6784 3630/1/6784
f 4174/1/6785 4175/1/6785 3630/1/6785
f 3630/1/6786 4175/1/6786 4176/1/6786
f 3630/1/6787 4176/1/6787 3627/1/6787
f 4177/1/6788 3335/1/6788 4178/1/6788
f 4178/1/6789 3335/1/6789 3334/1/6789
f 4178/1/6790 3334/1/6790 4179/1/6790
f 4179/1/6791 3334/1/6791 3332/1/6791
f 4179/1/6792 3332/1/6792 3625/1/6792
f 3625/1/6793 3332/1/6793 3330/1/6793
f 3117/1/6794 3335/1/6794 4180/1/6794
f 4180/1/6795 3335/1/6795 4177/1/6795
f 4180/1/6796 4177/1/6796 4181/1/6796
f 3562/1/6797 4182/1/6797 4174/1/6797
f 4174/1/6798 4182/1/6798 4183/1/6798
f 4174/1/6799 4183/1/6799 4175/1/6799
f 4175/1/6800 4183/1/6800 4184/1/6800
f 4175/1/6801 4184/1/6801 4185/1/6801
f 4185/1/6802 4184/1/6802 4186/1/6802
f 4185/1/6803 4186/1/6803 4187/1/6803
f 4187/1/6804 4181/1/6804 4185/1/6804
f 4185/1/6805 4181/1/6805 4177/1/6805
f 4185/1/6806 4177/1/6806 4175/1/6806
f 4175/1/6807 4177/1/6807 4178/1/6807
f 4175/1/6808 4178/1/6808 4176/1/6808
f 4176/1/6808 4178/1/6808 4179/1/6808
f 4176/1/6809 4179/1/6809 3627/1/6809
f 3627/1/6810 4179/1/6810 3625/1/6810
f 3313/1/6495 3348/1/6495 3316/1/6495
f 3316/1/6495 3348/1/6495 3346/1/6495
f 3316/1/6496 3346/1/6496 3317/1/6496
f 3317/1/6496 3346/1/6496 3344/1/6496
f 3317/1/6497 3344/1/6497 3318/1/6497
f 3318/1/6497 3344/1/6497 3343/1/6497
f 3318/1/6498 3343/1/6498 3311/1/6498
f 3311/1/6498 3343/1/6498 3342/1/6498
f 4188/1/1108 4189/1/1108 3306/1/1108
f 3306/1/1108 4189/1/1108 3303/1/1108
f 4190/1/6811 4191/1/6811 3320/1/6811
f 3296/1/6812 3302/1/6812 4192/1/6812
f 3301/1/6813 3300/1/6813 4193/1/6813
f 3294/1/6814 4194/1/6814 3095/1/6814
f 3095/1/6815 4194/1/6815 4195/1/6815
f 3095/1/6816 4195/1/6816 4196/1/6816
f 4196/1/6817 4195/1/6817 4197/1/6817
f 4196/1/6818 4197/1/6818 4198/1/6818
f 4191/1/6819 4190/1/6819 4197/1/6819
f 4197/1/6820 4190/1/6820 4199/1/6820
f 4197/1/6821 4199/1/6821 4198/1/6821
f 3321/1/6822 4200/1/6822 3322/1/6822
f 3322/1/6823 4200/1/6823 4201/1/6823
f 3300/1/6824 3299/1/6824 4193/1/6824
f 4193/1/6825 3299/1/6825 3325/1/6825
f 4193/1/6826 3325/1/6826 4202/1/6826
f 4202/1/6826 3325/1/6826 3324/1/6826
f 4202/1/6827 3324/1/6827 4201/1/6827
f 4201/1/6827 3324/1/6827 3323/1/6827
f 4201/1/6828 3323/1/6828 3322/1/6828
f 4200/1/6829 4203/1/6829 4201/1/6829
f 4201/1/6830 4203/1/6830 4204/1/6830
f 4201/1/6831 4204/1/6831 4202/1/6831
f 4202/1/6831 4204/1/6831 4205/1/6831
f 4202/1/6832 4205/1/6832 4193/1/6832
f 4193/1/6832 4205/1/6832 4192/1/6832
f 4193/1/6833 4192/1/6833 3301/1/6833
f 3301/1/6834 4192/1/6834 3302/1/6834
f 3294/1/6835 3296/1/6835 4194/1/6835
f 4194/1/6836 3296/1/6836 4192/1/6836
f 4194/1/6837 4192/1/6837 4195/1/6837
f 4195/1/6837 4192/1/6837 4205/1/6837
f 4195/1/6838 4205/1/6838 4197/1/6838
f 4197/1/6838 4205/1/6838 4204/1/6838
f 4197/1/6839 4204/1/6839 4191/1/6839
f 4191/1/6840 4204/1/6840 4203/1/6840
f 4191/1/6841 4203/1/6841 3320/1/6841
f 4200/1/6842 3320/1/6842 4203/1/6842
f 3321/1/6843 3319/1/6843 4200/1/6843
f 4200/1/6844 3319/1/6844 3320/1/6844
f 4206/777/6845 4207/778/6845 4208/779/6845
f 3173/71/6846 3172/70/6846 4209/780/6846
f 3262/225/6847 4210/781/6847 3263/226/6847
f 3263/228/6848 4210/782/6848 4211/783/6848
f 3263/228/6849 4211/783/6849 3264/229/6849
f 3264/229/6850 4211/783/6850 4212/784/6850
f 3264/229/6851 4212/784/6851 3266/231/6851
f 3266/231/6852 4212/784/6852 4213/785/6852
f 3266/231/6853 4213/785/6853 3176/233/6853
f 4169/756/6854 4168/755/6854 4214/786/6854
f 4214/787/6855 4168/788/6855 4166/789/6855
f 4214/787/6856 4166/789/6856 4209/780/6856
f 4209/780/6857 4166/789/6857 3175/790/6857
f 4209/780/6858 3175/790/6858 3173/71/6858
f 4215/791/6859 4170/757/6859 4169/756/6859
f 4149/722/6860 4173/762/6860 4216/792/6860
f 4216/1/6861 4173/1/6861 4172/1/6861
f 4216/792/6862 4172/761/6862 4171/759/6862
f 4216/793/6863 4217/794/6863 4149/795/6863
f 4149/722/6864 4217/796/6864 4218/797/6864
f 4149/722/6865 4218/797/6865 4150/723/6865
f 4219/798/6866 4153/726/6866 4218/797/6866
f 4218/797/6867 4153/726/6867 4151/724/6867
f 4218/1/6868 4151/1/6868 4150/1/6868
f 4219/798/6869 4220/799/6869 4153/726/6869
f 4153/726/6870 4220/799/6870 4221/800/6870
f 4153/726/6871 4221/800/6871 4155/728/6871
f 4155/728/6872 4221/800/6872 4222/801/6872
f 4155/728/6873 4222/801/6873 4156/740/6873
f 4156/740/6874 4222/801/6874 4223/802/6874
f 4156/740/6875 4223/802/6875 4157/742/6875
f 4157/1/6876 4223/1/6876 4132/1/6876
f 4132/651/6877 4223/802/6877 3956/803/6877
f 4132/651/6878 3956/803/6878 3949/652/6878
f 4224/804/6879 3959/805/6879 4225/806/6879
f 4225/806/6880 3959/805/6880 3958/807/6880
f 4225/806/6881 3958/807/6881 3952/808/6881
f 4226/809/6882 4227/810/6882 4224/804/6882
f 4224/804/6882 4227/810/6882 4228/811/6882
f 4224/804/6883 4228/811/6883 3959/805/6883
f 3952/808/6884 3954/812/6884 4225/806/6884
f 4225/806/6885 3954/812/6885 4229/813/6885
f 4225/806/6886 4229/813/6886 4224/804/6886
f 4224/804/6887 4229/813/6887 4230/814/6887
f 4224/804/6888 4230/814/6888 4226/809/6888
f 4226/809/6889 4230/814/6889 4231/815/6889
f 4226/809/6890 4231/815/6890 4232/816/6890
f 4232/816/6891 4231/815/6891 4233/817/6891
f 4232/816/6892 4233/817/6892 4234/818/6892
f 4234/818/6893 4233/817/6893 4235/819/6893
f 4236/820/6894 4237/821/6894 4238/822/6894
f 4238/822/6895 4237/821/6895 4239/823/6895
f 4238/822/6896 4239/823/6896 4240/824/6896
f 4240/825/6897 4239/826/6897 4241/827/6897
f 4240/825/6898 4241/827/6898 4242/828/6898
f 4243/1/6899 4244/1/6899 4236/1/6899
f 4236/820/6900 4244/829/6900 4245/830/6900
f 4236/820/6901 4245/830/6901 4237/821/6901
f 4244/829/6902 4246/831/6902 4245/830/6902
f 4245/830/6903 4246/831/6903 4247/832/6903
f 4245/830/6904 4247/832/6904 4237/821/6904
f 4237/821/6905 4247/832/6905 4234/833/6905
f 4237/834/6906 4234/818/6906 4239/826/6906
f 4239/826/6907 4234/818/6907 4235/819/6907
f 4239/826/6908 4235/819/6908 4241/827/6908
f 4247/832/6909 4248/835/6909 4234/833/6909
f 4234/833/6910 4248/835/6910 4249/836/6910
f 4234/818/6911 4249/837/6911 4232/816/6911
f 4232/838/6912 4249/836/6912 4250/839/6912
f 4232/816/6913 4250/840/6913 4226/809/6913
f 4226/809/6914 4250/840/6914 4251/841/6914
f 4226/809/6915 4251/841/6915 4227/810/6915
f 4252/842/6916 4210/781/6916 4253/843/6916
f 4253/843/6917 4210/781/6917 3262/225/6917
f 4253/843/6918 3262/225/6918 3094/86/6918
f 3177/80/6919 3176/78/6919 4254/844/6919
f 4254/844/6920 3176/78/6920 4213/845/6920
f 4254/844/6921 4213/845/6921 4255/846/6921
f 4255/847/6922 4213/785/6922 4212/784/6922
f 4255/847/6923 4212/784/6923 4256/848/6923
f 4256/848/6924 4212/784/6924 4211/783/6924
f 4256/848/6925 4211/783/6925 4257/849/6925
f 4257/849/6926 4211/783/6926 4210/782/6926
f 4257/849/6927 4210/782/6927 4258/850/6927
f 4258/850/6928 4210/782/6928 4252/851/6928
f 3172/70/6929 3177/81/6929 4209/780/6929
f 4209/852/6930 3177/80/6930 4254/844/6930
f 4209/780/6931 4254/853/6931 4214/787/6931
f 4214/854/6932 4254/844/6932 4255/846/6932
f 4214/854/6933 4255/846/6933 4259/855/6933
f 4259/855/6934 4255/846/6934 4256/856/6934
f 4259/855/6935 4256/856/6935 4260/857/6935
f 4260/857/6936 4256/856/6936 4257/858/6936
f 4260/857/6937 4257/858/6937 4261/859/6937
f 4261/860/6938 4257/849/6938 4258/850/6938
f 4261/860/6939 4258/850/6939 4206/861/6939
f 4206/777/6940 4208/779/6940 4261/859/6940
f 4261/859/6941 4208/779/6941 4262/862/6941
f 4261/859/6942 4262/862/6942 4260/857/6942
f 4260/857/6943 4262/862/6943 4263/863/6943
f 4260/857/6944 4263/863/6944 4259/855/6944
f 4259/864/6945 4263/865/6945 4264/866/6945
f 4259/864/6946 4264/866/6946 4214/787/6946
f 4252/851/6947 4265/867/6947 4258/850/6947
f 4258/850/6948 4265/867/6948 4266/868/6948
f 4258/850/6949 4266/868/6949 4206/861/6949
f 4206/861/6950 4266/868/6950 4267/869/6950
f 4206/861/6951 4267/869/6951 4207/870/6951
f 4207/870/6952 4267/869/6952 4268/871/6952
f 4207/1/6953 4268/1/6953 4269/1/6953
f 4169/872/6954 4214/787/6954 4215/873/6954
f 4215/873/6955 4214/787/6955 4264/866/6955
f 4215/873/6956 4264/866/6956 4270/874/6956
f 4270/874/6957 4264/866/6957 4263/865/6957
f 4270/874/6958 4263/865/6958 4242/828/6958
f 4242/828/6959 4263/865/6959 4262/875/6959
f 4242/828/6960 4262/875/6960 4240/825/6960
f 4240/824/6961 4262/862/6961 4208/779/6961
f 4240/824/6962 4208/779/6962 4238/822/6962
f 4238/822/6963 4208/779/6963 4207/778/6963
f 4238/822/6964 4207/778/6964 4236/820/6964
f 4236/820/6965 4207/778/6965 4269/876/6965
f 4236/820/6966 4269/876/6966 4243/877/6966
f 3954/878/6967 3956/803/6967 4229/879/6967
f 4229/879/6968 3956/803/6968 4223/802/6968
f 4229/813/6969 4223/880/6969 4230/814/6969
f 4230/881/6970 4223/802/6970 4222/801/6970
f 4230/814/6971 4222/882/6971 4231/815/6971
f 4231/815/6972 4222/882/6972 4221/883/6972
f 4231/815/6973 4221/883/6973 4233/817/6973
f 4233/817/6974 4221/883/6974 4220/884/6974
f 4233/817/6975 4220/884/6975 4235/819/6975
f 4235/819/6976 4220/884/6976 4219/885/6976
f 4235/819/6977 4219/885/6977 4241/827/6977
f 4241/827/6978 4219/885/6978 4218/886/6978
f 4241/827/6979 4218/886/6979 4242/828/6979
f 4242/828/6980 4218/886/6980 4217/794/6980
f 4242/828/6981 4217/794/6981 4270/874/6981
f 4270/874/6982 4217/794/6982 4216/793/6982
f 4270/874/6983 4216/793/6983 4215/873/6983
f 4215/873/6984 4216/793/6984 4171/887/6984
f 4215/791/6985 4171/759/6985 4170/757/6985
f 3059/1/6986 3115/1/6986 4271/1/6986
f 3059/1/6987 4271/1/6987 4272/1/6987
f 4271/1/6988 4273/1/6988 4272/1/6988
f 4272/1/6989 4273/1/6989 4274/1/6989
f 4272/1/6990 4274/1/6990 4275/1/6990
f 4275/1/6991 4274/1/6991 4276/1/6991
f 4275/1/6992 4276/1/6992 4277/1/6992
f 4277/1/6993 4276/1/6993 4278/1/6993
f 4277/1/6994 4278/1/6994 3750/1/6994
f 3750/1/6995 4278/1/6995 3748/1/6995
f 3748/1/6996 4278/1/6996 3585/1/6996
f 3585/1/6997 4278/1/6997 4276/1/6997
f 3585/1/6998 4276/1/6998 4274/1/6998
f 3113/1/6999 4279/1/6999 3585/1/6999
f 3115/1/7000 3113/1/7000 4271/1/7000
f 4271/1/7001 3113/1/7001 3585/1/7001
f 4271/1/7002 3585/1/7002 4273/1/7002
f 4273/1/7003 3585/1/7003 4274/1/7003
f 4279/1/7004 4280/1/7004 3585/1/7004
f 3585/1/7005 4280/1/7005 4281/1/7005
f 3585/1/7006 4281/1/7006 4282/1/7006
f 4282/1/7007 4283/1/7007 3585/1/7007
f 3585/1/7008 4283/1/7008 4284/1/7008
f 3585/1/7009 4284/1/7009 3584/1/7009
f 3589/1/7010 3764/1/7010 3588/1/7010
f 3588/1/7010 3764/1/7010 3742/1/7010
f 3588/1/7011 3742/1/7011 3587/1/7011
f 3587/1/7011 3742/1/7011 3743/1/7011
f 3587/1/7012 3743/1/7012 3586/1/7012
f 3586/1/7012 3743/1/7012 3751/1/7012
f 3586/1/7013 3751/1/7013 3585/1/7013
f 3585/1/7013 3751/1/7013 3749/1/7013
f 3585/1/7014 3749/1/7014 3748/1/7014
f 4281/1/7015 4280/1/7015 3112/1/7015
f 3112/1/7016 4280/1/7016 4279/1/7016
f 3112/1/7017 4279/1/7017 3113/1/7017
f 3112/1/7018 4041/1/7018 4281/1/7018
f 4281/1/7019 4041/1/7019 4042/1/7019
f 4281/1/7020 4042/1/7020 4282/1/7020
f 3583/1/3851 3584/1/3851 4043/1/3851
f 4043/1/7021 3584/1/7021 4284/1/7021
f 4043/1/7022 4284/1/7022 4042/1/7022
f 4042/1/7023 4284/1/7023 4283/1/7023
f 4042/1/7024 4283/1/7024 4282/1/7024
f 3118/1/7025 3117/1/7025 4180/1/7025
f 3118/1/7026 4180/1/7026 3350/1/7026
f 3562/1/4867 3342/1/4867 4182/1/4867
f 4182/1/7027 3342/1/7027 3340/1/7027
f 4182/1/7028 3340/1/7028 4183/1/7028
f 4180/1/7029 4181/1/7029 3350/1/7029
f 3350/1/7030 4181/1/7030 4187/1/7030
f 3350/1/7031 4187/1/7031 3339/1/7031
f 3339/1/7032 4187/1/7032 4186/1/7032
f 3339/1/4874 4186/1/4874 3340/1/4874
f 3340/1/7033 4186/1/7033 4184/1/7033
f 3340/1/7034 4184/1/7034 4183/1/7034
f 3298/1/498 3108/1/498 3299/1/498
f 3299/1/498 3108/1/498 3110/1/498
f 3015/1/7035 3095/1/7035 4285/1/7035
f 4285/1/7036 3095/1/7036 4196/1/7036
f 4285/1/7037 4196/1/7037 4286/1/7037
f 4196/1/7038 4198/1/7038 4286/1/7038
f 4286/1/7039 4198/1/7039 4199/1/7039
f 4286/1/7040 4199/1/7040 4287/1/7040
f 4287/1/7040 4199/1/7040 4190/1/7040
f 4287/1/7041 4190/1/7041 4288/1/7041
f 4288/1/7041 4190/1/7041 3320/1/7041
f 2698/1/7042 3583/1/7042 2680/1/7042
f 2680/1/7043 3583/1/7043 4044/1/7043
f 2680/1/7044 4044/1/7044 2681/1/7044
f 2681/1/7045 4044/1/7045 2682/1/7045
f 2682/1/7046 4044/1/7046 4035/1/7046
f 2682/1/7047 4035/1/7047 2683/1/7047
f 2683/1/5366 4035/1/5366 4033/1/5366
f 2683/1/7048 4033/1/7048 2679/1/7048
f 2679/1/7049 4033/1/7049 49/1/7049
f 2679/1/7050 49/1/7050 50/1/7050
f 3112/1/7051 3114/1/7051 3622/1/7051
f 3112/1/7052 3622/1/7052 4037/1/7052
f 4037/1/7053 3622/1/7053 3623/1/7053
f 4037/1/7054 3623/1/7054 4030/1/7054
f 4030/1/7055 3623/1/7055 3624/1/7055
f 4030/1/7056 3624/1/7056 4031/1/7056
f 4031/1/7057 3624/1/7057 38/1/7057
f 4031/1/7058 38/1/7058 49/1/7058
f 2699/1/6498 38/1/6498 3613/1/6498
f 2699/1/6498 3613/1/6498 3310/1/6498
f 3310/1/6497 3613/1/6497 3612/1/6497
f 3310/1/6497 3612/1/6497 3309/1/6497
f 3309/1/6496 3612/1/6496 3615/1/6496
f 3309/1/6496 3615/1/6496 3314/1/6496
f 3314/1/6495 3615/1/6495 3360/1/6495
f 3314/1/6495 3360/1/6495 3312/1/6495
f 3097/1/7059 3315/1/7059 3098/1/7059
f 3098/1/7060 3315/1/7060 3563/1/7060
f 3098/1/7061 3563/1/7061 3099/1/7061
f 3099/1/7062 3563/1/7062 3635/1/7062
f 3099/1/7063 3635/1/7063 3637/1/7063
f 4188/1/7064 3101/1/7064 3100/1/7064
f 3100/1/7065 3099/1/7065 3637/1/7065
f 4289/1/7066 4290/1/7066 3100/1/7066
f 4107/1/7067 4289/1/7067 3642/1/7067
f 3642/1/7068 4289/1/7068 3100/1/7068
f 3642/1/7069 3100/1/7069 3641/1/7069
f 3641/1/7070 3100/1/7070 3637/1/7070
f 4290/1/7071 4291/1/7071 3100/1/7071
f 3100/1/7072 4291/1/7072 4292/1/7072
f 3100/1/7064 4292/1/7064 4188/1/7064
f 4188/1/7073 4292/1/7073 4293/1/7073
f 4188/1/7074 4293/1/7074 4189/1/7074
f 4189/1/7075 4293/1/7075 4294/1/7075
f 4189/1/7076 4294/1/7076 4295/1/7076
f 3101/1/7077 4188/1/7077 3102/1/7077
f 3102/1/7078 4188/1/7078 3306/1/7078
f 4251/1/7079 3961/1/7079 3960/1/7079
f 2938/1/7080 4296/1/7080 3094/1/7080
f 3094/1/7081 4296/1/7081 4253/1/7081
f 4297/1/7082 4266/1/7082 4265/1/7082
f 4297/1/7083 4265/1/7083 4296/1/7083
f 4296/1/7084 4265/1/7084 4252/1/7084
f 4296/1/7085 4252/1/7085 4253/1/7085
f 4298/1/7086 4268/1/7086 4297/1/7086
f 4297/1/7087 4268/1/7087 4267/1/7087
f 4297/1/7088 4267/1/7088 4266/1/7088
f 3961/1/7089 4251/1/7089 4299/1/7089
f 4299/1/7090 4251/1/7090 4250/1/7090
f 4299/1/7091 4250/1/7091 4300/1/7091
f 4300/1/7092 4250/1/7092 4249/1/7092
f 4300/1/7093 4249/1/7093 4301/1/7093
f 4301/1/7094 4249/1/7094 4248/1/7094
f 4301/1/7095 4248/1/7095 4302/1/7095
f 4302/1/7096 4248/1/7096 4247/1/7096
f 4302/1/7097 4247/1/7097 4303/1/7097
f 4303/1/7098 4247/1/7098 4246/1/7098
f 4303/1/7099 4246/1/7099 4304/1/7099
f 4304/1/7100 4246/1/7100 4244/1/7100
f 4304/1/7101 4244/1/7101 4305/1/7101
f 4305/1/7102 4244/1/7102 4243/1/7102
f 4305/1/7103 4243/1/7103 4298/1/7103
f 4298/1/7104 4243/1/7104 4269/1/7104
f 4298/1/7105 4269/1/7105 4268/1/7105
f 3959/1/7106 4228/1/7106 3960/1/7106
f 3960/1/7107 4228/1/7107 4227/1/7107
f 3960/1/7108 4227/1/7108 4251/1/7108
f 3750/1/7109 4306/1/7109 4277/1/7109
f 4277/1/7110 4306/1/7110 4307/1/7110
f 4277/1/7111 4307/1/7111 4275/1/7111
f 4275/1/7112 4307/1/7112 4308/1/7112
f 4275/1/7113 4308/1/7113 4272/1/7113
f 4309/1/7114 2834/1/7114 3060/1/7114
f 3750/1/7115 4310/1/7115 4306/1/7115
f 4306/1/7116 4310/1/7116 4311/1/7116
f 4306/1/7117 4311/1/7117 4307/1/7117
f 4307/1/7118 4311/1/7118 4309/1/7118
f 4307/1/7118 4309/1/7118 4308/1/7118
f 4308/1/7119 4309/1/7119 3060/1/7119
f 4308/1/7120 3060/1/7120 4272/1/7120
f 4272/1/7121 3060/1/7121 3059/1/7121
f 3327/1/7122 3328/1/7122 4312/1/7122
f 4312/1/7123 3041/1/7123 4313/1/7123
f 4313/1/7124 3041/1/7124 3044/1/7124
f 4313/1/7125 3044/1/7125 2798/1/7125
f 3328/1/7126 3043/1/7126 4312/1/7126
f 4312/1/7126 3043/1/7126 3042/1/7126
f 4312/1/7127 3042/1/7127 3041/1/7127
f 3326/1/7128 3327/1/7128 4314/1/7128
f 4314/1/7129 3327/1/7129 4312/1/7129
f 4314/1/7130 4312/1/7130 4315/1/7130
f 4315/1/7130 4312/1/7130 4313/1/7130
f 4315/1/7131 4313/1/7131 2798/1/7131
f 2798/1/7132 3037/1/7132 4315/1/7132
f 4315/1/7133 3037/1/7133 3040/1/7133
f 4315/1/7134 3040/1/7134 4314/1/7134
f 4314/1/7135 3040/1/7135 3039/1/7135
f 4314/1/7136 3039/1/7136 3326/1/7136
f 3326/1/7136 3039/1/7136 3038/1/7136
f 3019/1/7137 4316/1/7137 4317/1/7137
f 3018/1/7138 3017/1/7138 4318/1/7138
f 4318/1/7139 3017/1/7139 3016/1/7139
f 4318/1/7140 3016/1/7140 3015/1/7140
f 4319/1/7141 4320/1/7141 4317/1/7141
f 4317/1/7142 4320/1/7142 4321/1/7142
f 4317/1/7143 4321/1/7143 3019/1/7143
f 3019/1/7144 4321/1/7144 3020/1/7144
f 2788/1/7145 3020/1/7145 4322/1/7145
f 4322/1/7146 3020/1/7146 4321/1/7146
f 4322/1/7147 4321/1/7147 4323/1/7147
f 4323/1/7148 4321/1/7148 4320/1/7148
f 4323/1/7149 4320/1/7149 4288/1/7149
f 4319/1/7150 4288/1/7150 4320/1/7150
f 3015/1/7151 4285/1/7151 4318/1/7151
f 4318/1/7152 4285/1/7152 4286/1/7152
f 4318/1/7153 4286/1/7153 4324/1/7153
f 4324/1/7154 4286/1/7154 4287/1/7154
f 4324/1/7155 4287/1/7155 4325/1/7155
f 3019/1/7156 3018/1/7156 4316/1/7156
f 4316/1/7157 3018/1/7157 4318/1/7157
f 4316/1/7158 4318/1/7158 4317/1/7158
f 4317/1/7158 4318/1/7158 4324/1/7158
f 4317/1/7159 4324/1/7159 4319/1/7159
f 4319/1/7159 4324/1/7159 4325/1/7159
f 4319/1/7160 4325/1/7160 4288/1/7160
f 4287/1/7161 4288/1/7161 4325/1/7161
f 220/1/7162 295/1/7162 3067/1/7162
f 3067/1/7163 295/1/7163 2991/1/7163
f 3067/1/7164 2991/1/7164 3072/1/7164
f 3072/1/7165 2991/1/7165 3064/1/7165
f 297/1/7166 2983/1/7166 295/1/7166
f 295/1/7167 2983/1/7167 2985/1/7167
f 2992/1/7168 2991/1/7168 3009/1/7168
f 3009/1/7169 2991/1/7169 295/1/7169
f 3009/1/7170 295/1/7170 2987/1/7170
f 2987/1/7171 295/1/7171 2985/1/7171
f 2921/1/7172 2920/1/7172 4326/1/7172
f 2919/1/7173 2923/1/7173 4327/1/7173
f 2929/1/7174 2834/1/7174 4309/1/7174
f 4328/1/7175 4329/1/7175 4330/1/7175
f 4331/1/7176 3740/1/7176 3763/1/7176
f 4332/1/7177 3757/1/7177 3771/1/7177
f 3771/1/7178 3791/1/7178 4332/1/7178
f 4332/1/7179 3791/1/7179 3793/1/7179
f 4332/1/7180 3793/1/7180 4333/1/7180
f 4333/1/7181 3793/1/7181 3795/1/7181
f 4333/1/7182 3795/1/7182 4334/1/7182
f 4334/1/7183 3795/1/7183 3797/1/7183
f 4334/1/7184 3797/1/7184 4335/1/7184
f 4335/1/7185 3797/1/7185 2965/1/7185
f 4335/1/7186 2965/1/7186 2817/1/7186
f 3754/1/7187 3757/1/7187 4336/1/7187
f 4337/1/7188 3763/1/7188 3746/1/7188
f 4310/1/7189 3750/1/7189 3752/1/7189
f 3746/1/7190 4338/1/7190 4337/1/7190
f 4337/1/7191 4338/1/7191 4339/1/7191
f 4337/1/7192 4339/1/7192 4340/1/7192
f 4340/1/7193 4339/1/7193 4341/1/7193
f 4340/1/7194 4341/1/7194 4342/1/7194
f 4342/1/7195 4341/1/7195 4327/1/7195
f 4342/1/7196 4327/1/7196 4343/1/7196
f 4344/1/7197 2955/1/7197 2926/1/7197
f 4328/1/7198 4330/1/7198 4345/1/7198
f 4345/1/7199 4330/1/7199 4346/1/7199
f 4345/1/7200 4346/1/7200 4347/1/7200
f 4347/1/7201 4346/1/7201 4344/1/7201
f 4347/1/7202 4344/1/7202 4348/1/7202
f 4348/1/7203 4344/1/7203 2926/1/7203
f 4348/1/7204 2926/1/7204 2931/1/7204
f 2930/1/7205 2929/1/7205 4349/1/7205
f 4349/1/7206 2929/1/7206 4309/1/7206
f 4349/1/7207 4309/1/7207 4350/1/7207
f 4350/1/7208 4309/1/7208 4311/1/7208
f 4350/1/7209 4311/1/7209 4351/1/7209
f 4351/1/7210 4311/1/7210 4310/1/7210
f 4351/1/7211 4310/1/7211 4352/1/7211
f 4352/1/7212 4310/1/7212 3752/1/7212
f 4352/1/7213 3752/1/7213 3753/1/7213
f 3741/1/7214 4329/1/7214 3753/1/7214
f 3753/1/7215 4329/1/7215 4328/1/7215
f 3753/1/7216 4328/1/7216 4352/1/7216
f 4352/1/7217 4328/1/7217 4345/1/7217
f 4352/1/7217 4345/1/7217 4351/1/7217
f 4351/1/7218 4345/1/7218 4347/1/7218
f 4351/1/7218 4347/1/7218 4350/1/7218
f 4350/1/7219 4347/1/7219 4348/1/7219
f 4350/1/7219 4348/1/7219 4349/1/7219
f 4349/1/7220 4348/1/7220 2931/1/7220
f 4349/1/7221 2931/1/7221 2930/1/7221
f 3741/1/7222 3740/1/7222 4329/1/7222
f 4329/1/7223 3740/1/7223 4331/1/7223
f 4329/1/7224 4331/1/7224 4330/1/7224
f 4330/1/7225 4331/1/7225 4353/1/7225
f 4330/1/7226 4353/1/7226 4346/1/7226
f 4346/1/7227 4353/1/7227 4354/1/7227
f 4346/1/7228 4354/1/7228 4344/1/7228
f 4344/1/7229 4354/1/7229 4355/1/7229
f 4344/1/7230 4355/1/7230 2955/1/7230
f 2955/1/7231 4355/1/7231 2956/1/7231
f 4327/1/7232 2923/1/7232 4343/1/7232
f 4343/1/7233 2923/1/7233 2924/1/7233
f 4343/1/7234 2924/1/7234 2925/1/7234
f 3763/1/7235 4337/1/7235 4331/1/7235
f 4331/1/7236 4337/1/7236 4340/1/7236
f 4331/1/7237 4340/1/7237 4353/1/7237
f 4353/1/7238 4340/1/7238 4342/1/7238
f 4353/1/7239 4342/1/7239 4354/1/7239
f 4354/1/7240 4342/1/7240 4343/1/7240
f 4354/1/7241 4343/1/7241 4355/1/7241
f 4355/1/7242 4343/1/7242 2925/1/7242
f 4355/1/7243 2925/1/7243 2956/1/7243
f 3746/1/7244 3754/1/7244 4338/1/7244
f 4338/1/7245 3754/1/7245 4336/1/7245
f 4338/1/7246 4336/1/7246 4339/1/7246
f 4339/1/7247 4336/1/7247 4356/1/7247
f 4339/1/7248 4356/1/7248 4341/1/7248
f 4341/1/7249 4356/1/7249 4357/1/7249
f 4341/1/7250 4357/1/7250 4327/1/7250
f 4327/1/7251 4357/1/7251 4326/1/7251
f 4327/1/7252 4326/1/7252 2919/1/7252
f 2919/1/7253 4326/1/7253 2920/1/7253
f 3757/1/7254 4332/1/7254 4336/1/7254
f 4336/1/7255 4332/1/7255 4333/1/7255
f 4336/1/7256 4333/1/7256 4356/1/7256
f 4356/1/7257 4333/1/7257 4334/1/7257
f 4356/1/7258 4334/1/7258 4357/1/7258
f 4357/1/7259 4334/1/7259 4335/1/7259
f 4357/1/7260 4335/1/7260 4326/1/7260
f 4326/1/7261 4335/1/7261 2817/1/7261
f 4326/1/7262 2817/1/7262 2921/1/7262
f 3786/1/7263 3777/1/7263 4358/1/7263
f 3840/1/7264 3847/1/7264 4102/1/7264
f 4101/1/7265 4359/1/7265 4102/1/7265
f 4050/1/7266 3884/1/7266 3886/1/7266
f 3887/1/7267 3888/1/7267 4360/1/7267
f 2965/1/7268 4361/1/7268 2914/1/7268
f 2914/1/7269 4361/1/7269 4362/1/7269
f 2914/1/7270 4362/1/7270 4363/1/7270
f 2911/1/7271 2910/1/7271 4364/1/7271
f 4364/1/7272 2910/1/7272 2909/1/7272
f 2909/1/7273 2917/1/7273 4363/1/7273
f 4363/1/7274 2917/1/7274 2915/1/7274
f 4363/1/7275 2915/1/7275 2914/1/7275
f 2906/1/7276 2908/1/7276 4365/1/7276
f 4365/1/7277 2908/1/7277 2913/1/7277
f 4365/1/7278 2913/1/7278 4366/1/7278
f 4366/1/7279 2913/1/7279 2912/1/7279
f 4366/1/7280 2912/1/7280 2911/1/7280
f 2900/1/7281 2902/1/7281 3853/1/7281
f 3853/1/7282 2902/1/7282 4367/1/7282
f 3853/1/7283 4367/1/7283 3854/1/7283
f 3854/1/7284 4367/1/7284 4368/1/7284
f 3892/1/7285 3890/1/7285 4369/1/7285
f 4369/1/7286 3890/1/7286 4370/1/7286
f 4371/1/7287 4370/1/7287 4372/1/7287
f 4372/1/7288 4370/1/7288 3890/1/7288
f 4372/1/7289 3890/1/7289 4368/1/7289
f 4368/1/7290 3890/1/7290 3889/1/7290
f 4368/1/7291 3889/1/7291 3854/1/7291
f 3887/1/7292 4360/1/7292 3886/1/7292
f 4373/1/7293 4129/1/7293 4374/1/7293
f 4374/1/7294 4129/1/7294 4130/1/7294
f 4375/1/7295 4126/1/7295 4376/1/7295
f 4376/1/7296 4126/1/7296 4127/1/7296
f 4376/1/7297 4127/1/7297 4373/1/7297
f 4373/1/7298 4127/1/7298 4128/1/7298
f 4373/1/7299 4128/1/7299 4129/1/7299
f 4377/1/7300 4124/1/7300 4125/1/7300
f 4378/1/7301 4123/1/7301 4122/1/7301
f 4379/1/7302 4120/1/7302 4119/1/7302
f 3980/1/7303 3979/1/7303 4380/1/7303
f 4380/1/7304 3979/1/7304 3983/1/7304
f 4380/1/7305 3983/1/7305 3982/1/7305
f 4359/1/7306 4101/1/7306 4381/1/7306
f 4101/1/7307 4100/1/7307 4381/1/7307
f 4381/1/7308 4100/1/7308 4099/1/7308
f 4381/1/7309 4099/1/7309 4382/1/7309
f 4382/1/7310 4099/1/7310 4098/1/7310
f 4382/1/7311 4098/1/7311 4383/1/7311
f 3840/1/7312 4102/1/7312 3841/1/7312
f 3733/1/7313 3737/1/7313 4384/1/7313
f 4384/1/7314 3737/1/7314 3789/1/7314
f 4384/1/7315 3789/1/7315 3788/1/7315
f 3786/1/7316 4358/1/7316 3787/1/7316
f 4384/1/7317 4385/1/7317 3733/1/7317
f 3733/1/7318 4385/1/7318 4386/1/7318
f 3733/1/7319 4386/1/7319 3734/1/7319
f 4386/1/7320 3824/1/7320 3734/1/7320
f 3734/1/7321 3824/1/7321 3835/1/7321
f 3734/1/7322 3835/1/7322 3735/1/7322
f 3735/1/7323 3835/1/7323 3736/1/7323
f 3814/1/7324 3813/1/7324 4387/1/7324
f 4387/1/7325 3813/1/7325 3826/1/7325
f 4387/1/7326 3826/1/7326 3825/1/7326
f 3804/1/7327 3815/1/7327 4388/1/7327
f 4389/1/7328 3798/1/7328 4390/1/7328
f 4390/1/7329 3798/1/7329 3799/1/7329
f 3825/1/7330 3824/1/7330 4387/1/7330
f 4387/1/7331 3824/1/7331 4386/1/7331
f 4387/1/7332 4386/1/7332 4391/1/7332
f 4391/1/7333 4386/1/7333 4385/1/7333
f 4391/1/7334 4385/1/7334 4392/1/7334
f 4392/1/7335 4385/1/7335 4384/1/7335
f 4392/1/7336 4384/1/7336 4393/1/7336
f 4393/1/7337 4384/1/7337 4394/1/7337
f 4393/1/7338 4394/1/7338 4395/1/7338
f 4395/1/7339 4394/1/7339 4396/1/7339
f 4395/1/7340 4396/1/7340 4397/1/7340
f 4397/1/7341 4396/1/7341 4398/1/7341
f 4397/1/7342 4398/1/7342 4399/1/7342
f 4399/1/7343 4398/1/7343 4400/1/7343
f 4401/1/7344 4400/1/7344 4402/1/7344
f 4402/1/7345 4400/1/7345 4398/1/7345
f 4402/1/7346 4398/1/7346 4403/1/7346
f 4403/1/7347 4398/1/7347 4396/1/7347
f 4403/1/7348 4396/1/7348 4404/1/7348
f 4404/1/7349 4396/1/7349 4394/1/7349
f 4404/1/7350 4394/1/7350 4358/1/7350
f 4358/1/7351 4394/1/7351 4384/1/7351
f 4358/1/7352 4384/1/7352 3787/1/7352
f 3787/1/7353 4384/1/7353 3788/1/7353
f 3777/1/7354 3841/1/7354 4358/1/7354
f 4358/1/7355 3841/1/7355 4102/1/7355
f 4358/1/7356 4102/1/7356 4404/1/7356
f 4404/1/7357 4102/1/7357 4359/1/7357
f 4404/1/7358 4359/1/7358 4403/1/7358
f 4403/1/7359 4359/1/7359 4381/1/7359
f 4403/1/7360 4381/1/7360 4402/1/7360
f 4402/1/7361 4381/1/7361 4382/1/7361
f 4402/1/7362 4382/1/7362 4401/1/7362
f 4401/1/7363 4382/1/7363 4383/1/7363
f 3888/1/7364 3892/1/7364 4360/1/7364
f 4360/1/7365 3892/1/7365 4369/1/7365
f 4360/1/7366 4369/1/7366 4405/1/7366
f 4405/1/7367 4369/1/7367 4370/1/7367
f 4405/1/7368 4370/1/7368 4406/1/7368
f 4406/1/7369 4370/1/7369 4371/1/7369
f 4407/1/7370 4408/1/7370 4409/1/7370
f 4409/1/7371 4408/1/7371 4410/1/7371
f 4409/1/7372 4410/1/7372 4411/1/7372
f 4411/1/7373 4410/1/7373 4380/1/7373
f 4411/1/7374 4380/1/7374 4379/1/7374
f 4379/1/7375 4380/1/7375 3982/1/7375
f 4379/1/7376 3982/1/7376 4120/1/7376
f 4120/1/7377 3982/1/7377 3996/1/7377
f 4120/1/7378 3996/1/7378 4121/1/7378
f 4121/1/7379 3996/1/7379 3997/1/7379
f 4121/1/7380 3997/1/7380 3998/1/7380
f 4412/1/7381 4375/1/7381 4406/1/7381
f 4406/1/7382 4375/1/7382 4376/1/7382
f 4406/1/7383 4376/1/7383 4405/1/7383
f 4405/1/7384 4376/1/7384 4373/1/7384
f 4405/1/7385 4373/1/7385 4360/1/7385
f 4360/1/7386 4373/1/7386 4374/1/7386
f 4360/1/7387 4374/1/7387 3886/1/7387
f 3886/1/7388 4374/1/7388 4130/1/7388
f 3886/1/7389 4130/1/7389 4050/1/7389
f 2911/1/7390 4364/1/7390 4366/1/7390
f 4366/1/7391 4364/1/7391 4413/1/7391
f 4366/1/7392 4413/1/7392 4365/1/7392
f 4414/1/7393 4415/1/7393 4416/1/7393
f 4416/1/7394 4415/1/7394 4417/1/7394
f 4416/1/7395 4417/1/7395 4418/1/7395
f 4418/1/7396 4417/1/7396 4419/1/7396
f 4420/1/7397 4421/1/7397 4422/1/7397
f 4422/1/7398 4421/1/7398 4423/1/7398
f 4422/1/7399 4423/1/7399 4424/1/7399
f 4424/1/7400 4423/1/7400 4425/1/7400
f 4424/1/7401 4425/1/7401 4426/1/7401
f 4426/1/7402 4425/1/7402 4427/1/7402
f 4426/1/7403 4427/1/7403 4428/1/7403
f 4428/1/7404 4427/1/7404 4378/1/7404
f 4428/1/7405 4378/1/7405 4377/1/7405
f 4377/1/7406 4378/1/7406 4122/1/7406
f 4377/1/7407 4122/1/7407 4124/1/7407
f 4429/1/7408 4430/1/7408 4365/1/7408
f 4365/1/7409 4430/1/7409 2904/1/7409
f 4365/1/7410 2904/1/7410 2906/1/7410
f 2902/1/7411 2904/1/7411 4367/1/7411
f 4367/1/7412 2904/1/7412 4430/1/7412
f 4367/1/7413 4430/1/7413 4368/1/7413
f 4368/1/7414 4430/1/7414 4429/1/7414
f 4368/1/7415 4429/1/7415 4372/1/7415
f 4372/1/7416 4429/1/7416 4431/1/7416
f 4372/1/7417 4431/1/7417 4371/1/7417
f 4371/1/7418 4431/1/7418 4432/1/7418
f 4371/1/7419 4432/1/7419 4406/1/7419
f 4406/1/7420 4432/1/7420 4433/1/7420
f 4406/1/7421 4433/1/7421 4412/1/7421
f 4365/1/7422 4420/1/7422 4429/1/7422
f 4429/1/7423 4420/1/7423 4422/1/7423
f 4429/1/7424 4422/1/7424 4431/1/7424
f 4431/1/7425 4422/1/7425 4424/1/7425
f 4431/1/7426 4424/1/7426 4432/1/7426
f 4432/1/7427 4424/1/7427 4426/1/7427
f 4432/1/7428 4426/1/7428 4433/1/7428
f 4433/1/7429 4426/1/7429 4428/1/7429
f 4433/1/7430 4428/1/7430 4412/1/7430
f 4412/1/7431 4428/1/7431 4377/1/7431
f 4412/1/7432 4377/1/7432 4375/1/7432
f 4375/1/7433 4377/1/7433 4125/1/7433
f 4375/1/7434 4125/1/7434 4126/1/7434
f 2965/1/7435 3798/1/7435 4361/1/7435
f 4361/1/7436 3798/1/7436 4389/1/7436
f 4361/1/7437 4389/1/7437 4362/1/7437
f 4362/1/7438 4389/1/7438 4434/1/7438
f 4362/1/7439 4434/1/7439 4363/1/7439
f 4363/1/7440 4434/1/7440 4435/1/7440
f 4363/1/7441 4435/1/7441 4414/1/7441
f 4436/1/7442 4437/1/7442 4438/1/7442
f 4438/1/7443 4437/1/7443 4435/1/7443
f 4438/1/7444 4435/1/7444 4439/1/7444
f 4439/1/7445 4435/1/7445 4434/1/7445
f 4439/1/7446 4434/1/7446 4440/1/7446
f 4440/1/7447 4434/1/7447 4389/1/7447
f 4440/1/7448 4389/1/7448 4388/1/7448
f 4388/1/7449 4389/1/7449 4390/1/7449
f 4388/1/7450 4390/1/7450 3804/1/7450
f 3804/1/7451 4390/1/7451 3799/1/7451
f 4441/1/7452 4442/1/7452 4436/1/7452
f 4436/1/7453 4442/1/7453 4443/1/7453
f 4436/1/7454 4443/1/7454 4437/1/7454
f 4414/1/7455 4435/1/7455 4415/1/7455
f 4415/1/7456 4435/1/7456 4437/1/7456
f 4415/1/7457 4437/1/7457 4417/1/7457
f 4417/1/7458 4437/1/7458 4443/1/7458
f 4417/1/7459 4443/1/7459 4419/1/7459
f 4419/1/7460 4443/1/7460 4442/1/7460
f 4419/1/7461 4442/1/7461 4407/1/7461
f 4407/1/7462 4442/1/7462 4444/1/7462
f 4407/1/7463 4444/1/7463 4408/1/7463
f 2909/1/7464 4363/1/7464 4364/1/7464
f 4364/1/7465 4363/1/7465 4414/1/7465
f 4364/1/7466 4414/1/7466 4413/1/7466
f 4413/1/7467 4414/1/7467 4416/1/7467
f 4413/1/7468 4416/1/7468 4365/1/7468
f 4365/1/7469 4416/1/7469 4418/1/7469
f 4365/1/7470 4418/1/7470 4420/1/7470
f 4420/1/7471 4418/1/7471 4419/1/7471
f 4420/1/7472 4419/1/7472 4421/1/7472
f 4421/1/7473 4419/1/7473 4407/1/7473
f 4421/1/7474 4407/1/7474 4423/1/7474
f 4423/1/7475 4407/1/7475 4409/1/7475
f 4423/1/7476 4409/1/7476 4425/1/7476
f 4425/1/7477 4409/1/7477 4411/1/7477
f 4425/1/7478 4411/1/7478 4427/1/7478
f 4427/1/7479 4411/1/7479 4379/1/7479
f 4427/1/7480 4379/1/7480 4378/1/7480
f 4378/1/7481 4379/1/7481 4119/1/7481
f 4378/1/7482 4119/1/7482 4123/1/7482
f 3815/1/7483 3814/1/7483 4388/1/7483
f 4388/1/7484 3814/1/7484 4387/1/7484
f 4388/1/7485 4387/1/7485 4440/1/7485
f 4440/1/7486 4387/1/7486 4391/1/7486
f 4440/1/7487 4391/1/7487 4439/1/7487
f 4439/1/7488 4391/1/7488 4392/1/7488
f 4439/1/7489 4392/1/7489 4438/1/7489
f 4438/1/7490 4392/1/7490 4393/1/7490
f 4438/1/7491 4393/1/7491 4436/1/7491
f 4436/1/7492 4393/1/7492 4395/1/7492
f 4436/1/7493 4395/1/7493 4441/1/7493
f 4441/1/7494 4395/1/7494 4397/1/7494
f 4441/1/7495 4397/1/7495 4442/1/7495
f 4442/1/7496 4397/1/7496 4399/1/7496
f 4442/1/7497 4399/1/7497 4444/1/7497
f 4444/1/7498 4399/1/7498 4400/1/7498
f 4444/1/7499 4400/1/7499 4408/1/7499
f 4408/1/7500 4400/1/7500 4401/1/7500
f 4408/1/7501 4401/1/7501 4410/1/7501
f 4410/1/7502 4401/1/7502 4383/1/7502
f 4410/1/7503 4383/1/7503 4380/1/7503
f 4380/1/7504 4383/1/7504 4098/1/7504
f 4380/1/7505 4098/1/7505 3980/1/7505
f 2891/1/7506 2890/1/7506 4445/1/7506
f 2896/1/7507 2899/1/7507 4446/1/7507
f 3851/1/7508 3951/1/7508 3852/1/7508
f 3852/1/7509 3951/1/7509 4447/1/7509
f 3852/1/7510 4447/1/7510 3929/1/7510
f 3929/1/7511 4447/1/7511 4448/1/7511
f 3929/1/7512 4448/1/7512 3928/1/7512
f 3928/1/7513 4448/1/7513 4449/1/7513
f 3928/1/7514 4449/1/7514 3927/1/7514
f 3927/1/7515 4449/1/7515 3926/1/7515
f 3926/1/7516 4449/1/7516 4450/1/7516
f 3926/1/7517 4450/1/7517 3925/1/7517
f 4451/1/7518 3923/1/7518 4452/1/7518
f 4452/1/7519 3923/1/7519 3924/1/7519
f 4452/1/7520 3924/1/7520 4453/1/7520
f 4453/1/7521 3924/1/7521 3925/1/7521
f 4453/1/7522 3925/1/7522 4454/1/7522
f 4454/1/7523 3925/1/7523 4450/1/7523
f 4455/1/7524 3920/1/7524 4456/1/7524
f 4456/1/7525 3920/1/7525 3921/1/7525
f 4456/1/7526 3921/1/7526 4451/1/7526
f 4451/1/7527 3921/1/7527 3922/1/7527
f 4451/1/7528 3922/1/7528 3923/1/7528
f 3919/1/7529 4457/1/7529 3918/1/7529
f 3918/1/7530 4457/1/7530 2901/1/7530
f 3918/1/7531 2901/1/7531 2900/1/7531
f 2898/1/7532 2901/1/7532 4458/1/7532
f 4458/1/7533 2901/1/7533 4457/1/7533
f 4458/1/7534 4457/1/7534 4455/1/7534
f 4455/1/7535 4457/1/7535 3919/1/7535
f 4455/1/7536 3919/1/7536 3920/1/7536
f 4296/1/7537 2938/1/7537 2893/1/7537
f 2893/1/7538 4459/1/7538 4296/1/7538
f 4296/1/7539 4459/1/7539 4460/1/7539
f 4296/1/7540 4460/1/7540 4297/1/7540
f 4304/1/7541 4305/1/7541 4461/1/7541
f 4461/1/7542 4305/1/7542 4298/1/7542
f 4461/1/7543 4298/1/7543 4462/1/7543
f 4462/1/7544 4298/1/7544 4297/1/7544
f 4462/1/7545 4297/1/7545 4463/1/7545
f 4463/1/7546 4297/1/7546 4460/1/7546
f 4304/1/7547 4461/1/7547 4303/1/7547
f 4303/1/7548 4461/1/7548 4464/1/7548
f 4303/1/7549 4464/1/7549 4302/1/7549
f 4465/1/7550 4300/1/7550 4466/1/7550
f 4466/1/7551 4300/1/7551 4301/1/7551
f 4466/1/7552 4301/1/7552 4467/1/7552
f 4467/1/7553 4301/1/7553 4468/1/7553
f 3933/1/7554 3931/1/7554 4469/1/7554
f 4469/1/7555 3931/1/7555 3930/1/7555
f 4469/1/7556 3930/1/7556 4470/1/7556
f 4470/1/7557 3930/1/7557 3961/1/7557
f 4470/1/7558 3961/1/7558 4465/1/7558
f 4465/1/7559 3961/1/7559 4299/1/7559
f 4465/1/7560 4299/1/7560 4300/1/7560
f 2894/1/7561 2896/1/7561 4471/1/7561
f 4471/1/7562 2896/1/7562 4446/1/7562
f 4471/1/7563 4446/1/7563 4472/1/7563
f 4472/1/7564 4446/1/7564 4473/1/7564
f 4472/1/7565 4473/1/7565 4474/1/7565
f 4474/1/7566 4473/1/7566 4475/1/7566
f 4474/1/7567 4475/1/7567 4476/1/7567
f 4476/1/7568 4475/1/7568 4477/1/7568
f 4476/1/7569 4477/1/7569 4478/1/7569
f 2890/1/7570 2894/1/7570 4445/1/7570
f 4445/1/7571 2894/1/7571 4471/1/7571
f 4445/1/7572 4471/1/7572 4479/1/7572
f 4479/1/7573 4471/1/7573 4472/1/7573
f 4479/1/7574 4472/1/7574 4480/1/7574
f 4480/1/7575 4472/1/7575 4474/1/7575
f 4480/1/7576 4474/1/7576 4481/1/7576
f 4481/1/7577 4474/1/7577 4476/1/7577
f 4481/1/7578 4476/1/7578 4482/1/7578
f 4482/1/7579 4476/1/7579 4478/1/7579
f 4482/1/7580 4478/1/7580 4468/1/7580
f 4468/1/7581 4478/1/7581 4483/1/7581
f 4468/1/7582 4483/1/7582 4467/1/7582
f 4467/1/7583 4483/1/7583 4484/1/7583
f 4467/1/7584 4484/1/7584 4466/1/7584
f 4466/1/7585 4484/1/7585 4485/1/7585
f 4466/1/7586 4485/1/7586 4465/1/7586
f 4465/1/7587 4485/1/7587 4486/1/7587
f 4465/1/7588 4486/1/7588 4470/1/7588
f 4470/1/7589 4486/1/7589 4487/1/7589
f 4470/1/7590 4487/1/7590 4469/1/7590
f 4469/1/7591 4487/1/7591 4488/1/7591
f 4469/1/7592 4488/1/7592 3933/1/7592
f 3933/1/7593 4488/1/7593 3957/1/7593
f 2893/1/7594 2891/1/7594 4459/1/7594
f 4459/1/7595 2891/1/7595 4445/1/7595
f 4459/1/7596 4445/1/7596 4460/1/7596
f 4460/1/7597 4445/1/7597 4479/1/7597
f 4460/1/7598 4479/1/7598 4463/1/7598
f 4463/1/7599 4479/1/7599 4480/1/7599
f 4463/1/7600 4480/1/7600 4462/1/7600
f 4462/1/7601 4480/1/7601 4481/1/7601
f 4462/1/7602 4481/1/7602 4461/1/7602
f 4461/1/7603 4481/1/7603 4482/1/7603
f 4461/1/7604 4482/1/7604 4464/1/7604
f 4464/1/7605 4482/1/7605 4468/1/7605
f 4464/1/7606 4468/1/7606 4302/1/7606
f 4302/1/7607 4468/1/7607 4301/1/7607
f 2899/1/7608 2898/1/7608 4446/1/7608
f 4446/1/7609 2898/1/7609 4458/1/7609
f 4446/1/7610 4458/1/7610 4473/1/7610
f 4473/1/7611 4458/1/7611 4455/1/7611
f 4473/1/7612 4455/1/7612 4475/1/7612
f 4475/1/7613 4455/1/7613 4456/1/7613
f 4475/1/7614 4456/1/7614 4477/1/7614
f 4477/1/7615 4456/1/7615 4451/1/7615
f 4477/1/7616 4451/1/7616 4478/1/7616
f 4478/1/7617 4451/1/7617 4452/1/7617
f 4478/1/7618 4452/1/7618 4483/1/7618
f 4483/1/7619 4452/1/7619 4453/1/7619
f 4483/1/7620 4453/1/7620 4484/1/7620
f 4484/1/7621 4453/1/7621 4454/1/7621
f 4484/1/7622 4454/1/7622 4485/1/7622
f 4485/1/7623 4454/1/7623 4450/1/7623
f 4485/1/7624 4450/1/7624 4486/1/7624
f 4486/1/7625 4450/1/7625 4449/1/7625
f 4486/1/7626 4449/1/7626 4487/1/7626
f 4487/1/7627 4449/1/7627 4448/1/7627
f 4487/1/7628 4448/1/7628 4488/1/7628
f 4488/1/7629 4448/1/7629 4447/1/7629
f 4488/1/7630 4447/1/7630 3957/1/7630
f 3957/1/7631 4447/1/7631 3951/1/7631
f 3303/1/498 4189/1/498 3304/1/498
f 3304/1/498 4189/1/498 4295/1/498
f 3304/1/498 4295/1/498 3043/1/498
f 3043/1/498 4295/1/498 2851/1/498
f 3043/1/498 2851/1/498 2853/1/498
f 2853/1/498 2855/1/498 3043/1/498
f 3043/1/498 2855/1/498 2857/1/498
f 3043/1/498 2857/1/498 2859/1/498
f 2852/1/7632 2851/1/7632 4295/1/7632
f 4295/1/7633 4294/1/7633 4489/1/7633
f 4489/1/7634 4294/1/7634 4293/1/7634
f 4489/1/7635 4293/1/7635 4490/1/7635
f 4490/1/7636 4293/1/7636 4292/1/7636
f 4490/1/7637 4292/1/7637 4491/1/7637
f 4292/1/7638 4291/1/7638 4491/1/7638
f 4491/1/7639 4291/1/7639 4290/1/7639
f 4491/1/7640 4290/1/7640 4492/1/7640
f 4492/1/7641 4290/1/7641 4289/1/7641
f 4492/1/7642 4289/1/7642 4493/1/7642
f 4493/1/7643 4289/1/7643 4107/1/7643
f 4493/1/7644 4107/1/7644 4494/1/7644
f 4295/1/7645 4489/1/7645 2852/1/7645
f 2852/1/7646 4489/1/7646 4490/1/7646
f 2852/1/7647 4490/1/7647 2946/1/7647
f 2946/1/7648 4490/1/7648 4491/1/7648
f 2946/1/7649 4491/1/7649 2947/1/7649
f 2947/1/7650 4491/1/7650 4492/1/7650
f 2947/1/7651 4492/1/7651 2841/1/7651
f 2841/1/7652 4492/1/7652 4493/1/7652
f 2841/1/7653 4493/1/7653 2842/1/7653
f 2842/1/7654 4493/1/7654 4494/1/7654
f 2842/1/7655 4494/1/7655 2843/1/7655
f 4495/1/7656 4496/1/7656 4497/1/7656
f 2844/1/7657 2843/1/7657 4494/1/7657
f 4497/1/7658 2840/1/7658 2839/1/7658
f 4496/1/7659 4495/1/7659 4498/1/7659
f 4498/1/7660 4495/1/7660 4499/1/7660
f 4498/1/7661 4499/1/7661 4500/1/7661
f 4501/1/7662 4502/1/7662 4503/1/7662
f 4503/1/7663 4502/1/7663 4504/1/7663
f 4501/1/7664 4505/1/7664 2844/1/7664
f 4108/1/7665 4109/1/7665 4504/1/7665
f 4504/1/7666 4109/1/7666 4110/1/7666
f 4504/1/7667 4110/1/7667 4503/1/7667
f 3605/1/7668 4500/1/7668 4111/1/7668
f 4111/1/7669 4500/1/7669 4499/1/7669
f 4111/1/7670 4499/1/7670 4110/1/7670
f 4501/1/7671 2844/1/7671 4502/1/7671
f 4502/1/7672 2844/1/7672 4494/1/7672
f 4502/1/7673 4494/1/7673 4504/1/7673
f 4504/1/7674 4494/1/7674 4107/1/7674
f 4504/1/7675 4107/1/7675 4108/1/7675
f 4110/1/7676 4499/1/7676 4503/1/7676
f 4503/1/7677 4499/1/7677 4495/1/7677
f 4503/1/7678 4495/1/7678 4501/1/7678
f 4501/1/7679 4495/1/7679 4497/1/7679
f 4501/1/7680 4497/1/7680 4505/1/7680
f 4505/1/7681 4497/1/7681 2839/1/7681
f 4505/1/7682 2839/1/7682 2844/1/7682
f 4506/1/7683 3607/1/7683 3329/1/7683
f 3605/1/7684 3607/1/7684 4500/1/7684
f 4500/1/7685 3607/1/7685 4506/1/7685
f 4500/1/7686 4506/1/7686 4498/1/7686
f 4498/1/7687 4506/1/7687 4507/1/7687
f 2836/1/7688 2840/1/7688 4508/1/7688
f 4508/1/7689 2840/1/7689 4497/1/7689
f 4508/1/7690 4497/1/7690 4507/1/7690
f 4507/1/7691 4497/1/7691 4496/1/7691
f 4507/1/7692 4496/1/7692 4498/1/7692
f 2837/1/7693 2836/1/7693 4509/1/7693
f 4509/1/7694 2836/1/7694 4508/1/7694
f 4509/1/7695 4508/1/7695 4510/1/7695
f 4510/1/7696 4508/1/7696 4507/1/7696
f 4510/1/7697 4507/1/7697 4511/1/7697
f 4511/1/7698 4507/1/7698 4506/1/7698
f 4511/1/7699 4506/1/7699 4512/1/7699
f 4512/1/7700 4506/1/7700 3329/1/7700
f 3331/1/7701 3333/1/7701 4513/1/7701
f 4512/1/7702 3329/1/7702 3331/1/7702
f 3337/1/7703 3336/1/7703 4514/1/7703
f 4514/1/7704 3336/1/7704 4515/1/7704
f 4514/1/7705 4515/1/7705 4516/1/7705
f 4516/1/7706 4515/1/7706 4517/1/7706
f 4512/1/7707 3331/1/7707 4518/1/7707
f 4518/1/7708 3331/1/7708 4513/1/7708
f 4518/1/7709 4513/1/7709 4519/1/7709
f 3333/1/7710 3337/1/7710 4513/1/7710
f 4513/1/7711 3337/1/7711 4514/1/7711
f 4513/1/7712 4514/1/7712 4519/1/7712
f 4519/1/7713 4514/1/7713 4516/1/7713
f 4519/1/7714 4516/1/7714 4520/1/7714
f 4517/1/7715 2829/1/7715 4516/1/7715
f 4516/1/7716 2829/1/7716 2828/1/7716
f 4516/1/7717 2828/1/7717 4520/1/7717
f 4520/1/7718 2828/1/7718 2827/1/7718
f 2827/1/7719 2837/1/7719 4520/1/7719
f 4520/1/7720 2837/1/7720 4509/1/7720
f 4520/1/7721 4509/1/7721 4519/1/7721
f 4519/1/7722 4509/1/7722 4510/1/7722
f 4519/1/7723 4510/1/7723 4518/1/7723
f 4518/1/7724 4510/1/7724 4511/1/7724
f 4518/1/7725 4511/1/7725 4512/1/7725
f 2830/1/7726 2829/1/7726 4517/1/7726
f 3608/1/7727 3055/1/7727 3058/1/7727
f 3608/1/7728 3058/1/7728 3609/1/7728
f 2831/1/7729 2830/1/7729 3058/1/7729
f 3058/1/7730 2830/1/7730 4517/1/7730
f 3058/1/7731 4517/1/7731 3609/1/7731
f 3609/1/7732 4517/1/7732 4515/1/7732
f 3609/1/7733 4515/1/7733 3336/1/7733
f 2796/1/7734 2795/1/7734 4521/1/7734
f 2868/1/7735 4522/1/7735 2861/1/7735
f 2861/1/7736 4522/1/7736 3062/1/7736
f 2795/1/7737 2794/1/7737 4521/1/7737
f 4521/1/7738 2794/1/7738 3062/1/7738
f 4521/1/7739 3062/1/7739 4523/1/7739
f 4523/1/7740 3062/1/7740 4522/1/7740
f 3051/1/7741 3050/1/7741 4524/1/7741
f 4524/1/7742 3050/1/7742 2797/1/7742
f 4524/1/7743 2797/1/7743 2796/1/7743
f 2796/1/7744 4521/1/7744 4524/1/7744
f 4524/1/7745 4521/1/7745 4523/1/7745
f 4524/1/7746 4523/1/7746 3051/1/7746
f 3051/1/7747 4523/1/7747 4522/1/7747
f 3051/1/7748 4522/1/7748 3052/1/7748
f 3052/1/7749 4522/1/7749 2868/1/7749
f 3052/1/7750 2868/1/7750 2867/1/7750
f 2724/1/7751 2722/1/7751 2788/1/7751
f 4323/1/7752 4288/1/7752 2704/1/7752
f 2704/1/7753 2731/1/7753 4323/1/7753
f 4323/1/7754 2731/1/7754 2724/1/7754
f 4323/1/7755 2724/1/7755 4322/1/7755
f 4322/1/7756 2724/1/7756 2788/1/7756
f 2704/1/7757 4288/1/7757 3107/1/7757
f 3107/1/7757 4288/1/7757 3320/1/7757
f 2704/1/7758 3107/1/7758 2700/1/7758
f 2700/1/7759 3107/1/7759 2793/1/7759
f 2700/1/7760 2793/1/7760 2701/1/7760
f 4525/1/1108 4526/1/1108 4527/1/1108
f 4527/1/1108 4526/1/1108 4528/1/1108
f 4527/1/1108 4528/1/1108 4529/1/1108
f 4530/1/1108 4531/1/1108 4527/1/1108
f 4527/1/1108 4531/1/1108 4532/1/1108
f 4527/1/1108 4532/1/1108 4525/1/1108
f 4533/1/1108 4534/1/1108 4527/1/1108
f 4527/1/1108 4534/1/1108 4535/1/1108
f 4527/1/1108 4535/1/1108 4530/1/1108
f 4529/1/1108 4536/1/1108 4527/1/1108
f 4527/1/1108 4536/1/1108 4537/1/1108
f 4527/1/1108 4537/1/1108 4533/1/1108
f 4538/1/7761 4528/1/7761 4539/1/7761
f 4539/1/7761 4528/1/7761 4526/1/7761
f 4539/1/2414 4526/1/2414 4540/1/2414
f 4540/1/2414 4526/1/2414 4525/1/2414
f 4540/1/7762 4525/1/7762 4541/1/7762
f 4541/1/7762 4525/1/7762 4532/1/7762
f 4541/1/493 4532/1/493 4542/1/493
f 4542/1/493 4532/1/493 4531/1/493
f 4542/1/494 4531/1/494 4543/1/494
f 4543/1/494 4531/1/494 4530/1/494
f 4543/1/11 4530/1/11 4544/1/11
f 4544/1/11 4530/1/11 4535/1/11
f 4544/1/495 4535/1/495 4545/1/495
f 4545/1/495 4535/1/495 4534/1/495
f 4545/1/496 4534/1/496 4546/1/496
f 4546/1/496 4534/1/496 4533/1/496
f 4546/1/497 4533/1/497 4547/1/497
f 4547/1/497 4533/1/497 4537/1/497
f 4547/1/1119 4537/1/1119 4548/1/1119
f 4548/1/1119 4537/1/1119 4536/1/1119
f 4548/1/7763 4536/1/7763 4549/1/7763
f 4549/1/7763 4536/1/7763 4529/1/7763
f 4549/1/7764 4529/1/7764 4538/1/7764
f 4538/1/7764 4529/1/7764 4528/1/7764
f 4549/1/2381 4550/1/2381 4548/1/2381
f 4548/1/2381 4550/1/2381 4551/1/2381
f 4548/1/7765 4551/1/7765 4547/1/7765
f 4547/1/2382 4551/1/2382 4552/1/2382
f 4547/1/2384 4552/1/2384 4546/1/2384
f 4546/1/2384 4552/1/2384 4553/1/2384
f 4546/1/2385 4553/1/2385 4545/1/2385
f 4545/1/2386 4553/1/2386 4554/1/2386
f 4545/1/2387 4554/1/2387 4544/1/2387
f 4544/1/7766 4554/1/7766 4555/1/7766
f 4544/1/2389 4555/1/2389 4543/1/2389
f 4543/1/2388 4555/1/2388 4556/1/2388
f 4543/1/2390 4556/1/2390 4542/1/2390
f 4542/1/2391 4556/1/2391 4557/1/2391
f 4542/1/7767 4557/1/7767 4541/1/7767
f 4541/1/7767 4557/1/7767 4558/1/7767
f 4541/1/7768 4558/1/7768 4540/1/7768
f 4540/1/7769 4558/1/7769 4559/1/7769
f 4540/1/2394 4559/1/2394 4539/1/2394
f 4539/1/2394 4559/1/2394 4560/1/2394
f 4539/1/2395 4560/1/2395 4538/1/2395
f 4538/1/2395 4560/1/2395 4561/1/2395
f 4538/1/7770 4561/1/7770 4549/1/7770
f 4549/1/2397 4561/1/2397 4550/1/2397
f 4562/1/3791 4563/1/3791 4564/1/3791
f 4564/1/3791 4563/1/3791 4565/1/3791
f 4564/1/3791 4565/1/3791 4566/1/3791
f 4567/1/3791 4568/1/3791 4564/1/3791
f 4564/1/3791 4568/1/3791 4569/1/3791
f 4564/1/3791 4569/1/3791 4562/1/3791
f 4570/1/3791 4571/1/3791 4564/1/3791
f 4564/1/3791 4571/1/3791 4572/1/3791
f 4564/1/3791 4572/1/3791 4567/1/3791
f 4566/1/3791 4573/1/3791 4564/1/3791
f 4564/1/3791 4573/1/3791 4574/1/3791
f 4564/1/3791 4574/1/3791 4570/1/3791
f 4575/1/7764 4565/1/7764 4576/1/7764
f 4576/1/7764 4565/1/7764 4563/1/7764
f 4576/1/7763 4563/1/7763 4577/1/7763
f 4577/1/7763 4563/1/7763 4562/1/7763
f 4577/1/1119 4562/1/1119 4578/1/1119
f 4578/1/1119 4562/1/1119 4569/1/1119
f 4578/1/497 4569/1/497 4579/1/497
f 4579/1/497 4569/1/497 4568/1/497
f 4579/1/496 4568/1/496 4580/1/496
f 4580/1/496 4568/1/496 4567/1/496
f 4580/1/495 4567/1/495 4581/1/495
f 4581/1/495 4567/1/495 4572/1/495
f 4581/1/11 4572/1/11 4582/1/11
f 4582/1/11 4572/1/11 4571/1/11
f 4582/1/494 4571/1/494 4583/1/494
f 4583/1/494 4571/1/494 4570/1/494
f 4583/1/493 4570/1/493 4584/1/493
f 4584/1/493 4570/1/493 4574/1/493
f 4584/1/7762 4574/1/7762 4585/1/7762
f 4585/1/7762 4574/1/7762 4573/1/7762
f 4585/1/2414 4573/1/2414 4586/1/2414
f 4586/1/2414 4573/1/2414 4566/1/2414
f 4586/1/7761 4566/1/7761 4575/1/7761
f 4575/1/7761 4566/1/7761 4565/1/7761
f 4586/1/7771 4560/1/7771 4585/1/7771
f 4585/1/7772 4560/1/7772 4559/1/7772
f 4585/1/7773 4559/1/7773 4584/1/7773
f 4584/1/7773 4559/1/7773 4558/1/7773
f 4584/1/7774 4558/1/7774 4583/1/7774
f 4583/1/7775 4558/1/7775 4557/1/7775
f 4583/1/7776 4557/1/7776 4582/1/7776
f 4582/1/7776 4557/1/7776 4556/1/7776
f 4582/1/6492 4556/1/6492 4581/1/6492
f 4581/1/7777 4556/1/7777 4555/1/7777
f 4581/1/7778 4555/1/7778 4580/1/7778
f 4580/1/7778 4555/1/7778 4554/1/7778
f 4580/1/7779 4554/1/7779 4579/1/7779
f 4579/1/7780 4554/1/7780 4553/1/7780
f 4579/1/7781 4553/1/7781 4578/1/7781
f 4578/1/7782 4553/1/7782 4552/1/7782
f 4578/1/7783 4552/1/7783 4577/1/7783
f 4577/1/7784 4552/1/7784 4551/1/7784
f 4577/1/7785 4551/1/7785 4576/1/7785
f 4576/1/7785 4551/1/7785 4550/1/7785
f 4576/1/7786 4550/1/7786 4575/1/7786
f 4575/1/7787 4550/1/7787 4561/1/7787
f 4575/1/7788 4561/1/7788 4586/1/7788
f 4586/1/7788 4561/1/7788 4560/1/7788
f 4587/1/2381 4588/1/2381 4589/1/2381
f 4589/1/7789 4588/1/7789 4590/1/7789
f 4589/1/2382 4590/1/2382 4591/1/2382
f 4591/1/2382 4590/1/2382 4592/1/2382
f 4591/1/2384 4592/1/2384 4593/1/2384
f 4593/1/7790 4592/1/7790 4594/1/7790
f 4593/1/2386 4594/1/2386 4595/1/2386
f 4595/1/2385 4594/1/2385 4596/1/2385
f 4595/1/2387 4596/1/2387 4597/1/2387
f 4597/1/2387 4596/1/2387 4598/1/2387
f 4597/1/2389 4598/1/2389 4599/1/2389
f 4599/1/2388 4598/1/2388 4600/1/2388
f 4599/1/2391 4600/1/2391 4601/1/2391
f 4601/1/2390 4600/1/2390 4602/1/2390
f 4601/1/2392 4602/1/2392 4603/1/2392
f 4603/1/7767 4602/1/7767 4604/1/7767
f 4603/1/2393 4604/1/2393 4605/1/2393
f 4605/1/2393 4604/1/2393 4606/1/2393
f 4605/1/2394 4606/1/2394 4607/1/2394
f 4607/1/2667 4606/1/2667 4608/1/2667
f 4607/1/2395 4608/1/2395 4609/1/2395
f 4609/1/7791 4608/1/7791 4610/1/7791
f 4609/1/7792 4610/1/7792 4587/1/7792
f 4587/1/2396 4610/1/2396 4588/1/2396
f 4609/1/7761 4611/1/7761 4607/1/7761
f 4607/1/7761 4611/1/7761 4612/1/7761
f 4607/1/2414 4612/1/2414 4605/1/2414
f 4605/1/2414 4612/1/2414 4613/1/2414
f 4605/1/7762 4613/1/7762 4603/1/7762
f 4603/1/7762 4613/1/7762 4614/1/7762
f 4603/1/493 4614/1/493 4601/1/493
f 4601/1/493 4614/1/493 4615/1/493
f 4601/1/494 4615/1/494 4599/1/494
f 4599/1/494 4615/1/494 4616/1/494
f 4599/1/11 4616/1/11 4597/1/11
f 4597/1/11 4616/1/11 4617/1/11
f 4597/1/495 4617/1/495 4595/1/495
f 4595/1/495 4617/1/495 4618/1/495
f 4595/1/496 4618/1/496 4593/1/496
f 4593/1/496 4618/1/496 4619/1/496
f 4593/1/497 4619/1/497 4591/1/497
f 4591/1/497 4619/1/497 4620/1/497
f 4591/1/1119 4620/1/1119 4589/1/1119
f 4589/1/1119 4620/1/1119 4621/1/1119
f 4589/1/7763 4621/1/7763 4587/1/7763
f 4587/1/7763 4621/1/7763 4622/1/7763
f 4587/1/7764 4622/1/7764 4609/1/7764
f 4609/1/7764 4622/1/7764 4611/1/7764
f 4619/1/1108 4618/1/1108 4623/1/1108
f 4623/1/1108 4618/1/1108 4617/1/1108
f 4623/1/1108 4617/1/1108 4616/1/1108
f 4622/1/1108 4621/1/1108 4623/1/1108
f 4623/1/1108 4621/1/1108 4620/1/1108
f 4623/1/1108 4620/1/1108 4619/1/1108
f 4613/1/1108 4612/1/1108 4623/1/1108
f 4623/1/1108 4612/1/1108 4611/1/1108
f 4623/1/1108 4611/1/1108 4622/1/1108
f 4616/1/1108 4615/1/1108 4623/1/1108
f 4623/1/1108 4615/1/1108 4614/1/1108
f 4623/1/1108 4614/1/1108 4613/1/1108
f 4624/1/3791 4625/1/3791 4626/1/3791
f 4626/1/3791 4625/1/3791 4627/1/3791
f 4626/1/3791 4627/1/3791 4628/1/3791
f 4629/1/3791 4630/1/3791 4626/1/3791
f 4626/1/3791 4630/1/3791 4631/1/3791
f 4626/1/3791 4631/1/3791 4624/1/3791
f 4632/1/3791 4633/1/3791 4626/1/3791
f 4626/1/3791 4633/1/3791 4634/1/3791
f 4626/1/3791 4634/1/3791 4629/1/3791
f 4628/1/3791 4635/1/3791 4626/1/3791
f 4626/1/3791 4635/1/3791 4636/1/3791
f 4626/1/3791 4636/1/3791 4632/1/3791
f 4637/1/7764 4627/1/7764 4638/1/7764
f 4638/1/7764 4627/1/7764 4625/1/7764
f 4638/1/7763 4625/1/7763 4639/1/7763
f 4639/1/7763 4625/1/7763 4624/1/7763
f 4639/1/1119 4624/1/1119 4640/1/1119
f 4640/1/1119 4624/1/1119 4631/1/1119
f 4640/1/497 4631/1/497 4641/1/497
f 4641/1/497 4631/1/497 4630/1/497
f 4641/1/496 4630/1/496 4642/1/496
f 4642/1/496 4630/1/496 4629/1/496
f 4642/1/495 4629/1/495 4643/1/495
f 4643/1/495 4629/1/495 4634/1/495
f 4643/1/11 4634/1/11 4644/1/11
f 4644/1/11 4634/1/11 4633/1/11
f 4644/1/494 4633/1/494 4645/1/494
f 4645/1/494 4633/1/494 4632/1/494
f 4645/1/493 4632/1/493 4646/1/493
f 4646/1/493 4632/1/493 4636/1/493
f 4646/1/7762 4636/1/7762 4647/1/7762
f 4647/1/7762 4636/1/7762 4635/1/7762
f 4647/1/2414 4635/1/2414 4648/1/2414
f 4648/1/2414 4635/1/2414 4628/1/2414
f 4648/1/7761 4628/1/7761 4637/1/7761
f 4637/1/7761 4628/1/7761 4627/1/7761
f 4648/1/7771 4608/1/7771 4647/1/7771
f 4647/1/7771 4608/1/7771 4606/1/7771
f 4647/1/7793 4606/1/7793 4646/1/7793
f 4646/1/7794 4606/1/7794 4604/1/7794
f 4646/1/7774 4604/1/7774 4645/1/7774
f 4645/1/7795 4604/1/7795 4602/1/7795
f 4645/1/7796 4602/1/7796 4644/1/7796
f 4644/1/7776 4602/1/7776 4600/1/7776
f 4644/1/6492 4600/1/6492 4643/1/6492
f 4643/1/7797 4600/1/7797 4598/1/7797
f 4643/1/7778 4598/1/7778 4642/1/7778
f 4642/1/7798 4598/1/7798 4596/1/7798
f 4642/1/7780 4596/1/7780 4641/1/7780
f 4641/1/7780 4596/1/7780 4594/1/7780
f 4641/1/7781 4594/1/7781 4640/1/7781
f 4640/1/7799 4594/1/7799 4592/1/7799
f 4640/1/7800 4592/1/7800 4639/1/7800
f 4639/1/7801 4592/1/7801 4590/1/7801
f 4639/1/7802 4590/1/7802 4638/1/7802
f 4638/1/7785 4590/1/7785 4588/1/7785
f 4638/1/7787 4588/1/7787 4637/1/7787
f 4637/1/7786 4588/1/7786 4610/1/7786
f 4637/1/7788 4610/1/7788 4648/1/7788
f 4648/1/7788 4610/1/7788 4608/1/7788
f 4649/1/2381 4650/1/2381 4651/1/2381
f 4651/1/7789 4650/1/7789 4652/1/7789
f 4651/1/7803 4652/1/7803 4653/1/7803
f 4653/1/2382 4652/1/2382 4654/1/2382
f 4653/1/2383 4654/1/2383 4655/1/2383
f 4655/1/2383 4654/1/2383 4656/1/2383
f 4655/1/2385 4656/1/2385 4657/1/2385
f 4657/1/2385 4656/1/2385 4658/1/2385
f 4657/1/2387 4658/1/2387 4659/1/2387
f 4659/1/7804 4658/1/7804 4660/1/7804
f 4659/1/2389 4660/1/2389 4661/1/2389
f 4661/1/2388 4660/1/2388 4662/1/2388
f 4661/1/2391 4662/1/2391 4663/1/2391
f 4663/1/2390 4662/1/2390 4664/1/2390
f 4663/1/2392 4664/1/2392 4665/1/2392
f 4665/1/7767 4664/1/7767 4666/1/7767
f 4665/1/2393 4666/1/2393 4667/1/2393
f 4667/1/2677 4666/1/2677 4668/1/2677
f 4667/1/2667 4668/1/2667 4669/1/2667
f 4669/1/2667 4668/1/2667 4670/1/2667
f 4669/1/2395 4670/1/2395 4671/1/2395
f 4671/1/7791 4670/1/7791 4672/1/7791
f 4671/1/2397 4672/1/2397 4649/1/2397
f 4649/1/2396 4672/1/2396 4650/1/2396
f 4671/1/7761 4673/1/7761 4669/1/7761
f 4669/1/7761 4673/1/7761 4674/1/7761
f 4669/1/2414 4674/1/2414 4667/1/2414
f 4667/1/2414 4674/1/2414 4675/1/2414
f 4667/1/7762 4675/1/7762 4665/1/7762
f 4665/1/7762 4675/1/7762 4676/1/7762
f 4665/1/493 4676/1/493 4663/1/493
f 4663/1/493 4676/1/493 4677/1/493
f 4663/1/494 4677/1/494 4661/1/494
f 4661/1/494 4677/1/494 4678/1/494
f 4661/1/11 4678/1/11 4659/1/11
f 4659/1/11 4678/1/11 4679/1/11
f 4659/1/495 4679/1/495 4657/1/495
f 4657/1/495 4679/1/495 4680/1/495
f 4657/1/496 4680/1/496 4655/1/496
f 4655/1/496 4680/1/496 4681/1/496
f 4655/1/497 4681/1/497 4653/1/497
f 4653/1/497 4681/1/497 4682/1/497
f 4653/1/1119 4682/1/1119 4651/1/1119
f 4651/1/1119 4682/1/1119 4683/1/1119
f 4651/1/7763 4683/1/7763 4649/1/7763
f 4649/1/7763 4683/1/7763 4684/1/7763
f 4649/1/7764 4684/1/7764 4671/1/7764
f 4671/1/7764 4684/1/7764 4673/1/7764
f 4681/1/1108 4680/1/1108 4685/1/1108
f 4685/1/1108 4680/1/1108 4679/1/1108
f 4685/1/1108 4679/1/1108 4678/1/1108
f 4684/1/1108 4683/1/1108 4685/1/1108
f 4685/1/1108 4683/1/1108 4682/1/1108
f 4685/1/1108 4682/1/1108 4681/1/1108
f 4675/1/1108 4674/1/1108 4685/1/1108
f 4685/1/1108 4674/1/1108 4673/1/1108
f 4685/1/1108 4673/1/1108 4684/1/1108
f 4678/1/1108 4677/1/1108 4685/1/1108
f 4685/1/1108 4677/1/1108 4676/1/1108
f 4685/1/1108 4676/1/1108 4675/1/1108
f 4686/1/3791 4687/1/3791 4688/1/3791
f 4688/1/3791 4687/1/3791 4689/1/3791
f 4688/1/3791 4689/1/3791 4690/1/3791
f 4691/1/3791 4692/1/3791 4688/1/3791
f 4688/1/3791 4692/1/3791 4693/1/3791
f 4688/1/3791 4693/1/3791 4686/1/3791
f 4694/1/3791 4695/1/3791 4688/1/3791
f 4688/1/3791 4695/1/3791 4696/1/3791
f 4688/1/3791 4696/1/3791 4691/1/3791
f 4690/1/3791 4697/1/3791 4688/1/3791
f 4688/1/3791 4697/1/3791 4698/1/3791
f 4688/1/3791 4698/1/3791 4694/1/3791
f 4699/1/7764 4689/1/7764 4700/1/7764
f 4700/1/7764 4689/1/7764 4687/1/7764
f 4700/1/7763 4687/1/7763 4701/1/7763
f 4701/1/7763 4687/1/7763 4686/1/7763
f 4701/1/1119 4686/1/1119 4702/1/1119
f 4702/1/1119 4686/1/1119 4693/1/1119
f 4702/1/497 4693/1/497 4703/1/497
f 4703/1/497 4693/1/497 4692/1/497
f 4703/1/496 4692/1/496 4704/1/496
f 4704/1/496 4692/1/496 4691/1/496
f 4704/1/495 4691/1/495 4705/1/495
f 4705/1/495 4691/1/495 4696/1/495
f 4705/1/11 4696/1/11 4706/1/11
f 4706/1/11 4696/1/11 4695/1/11
f 4706/1/494 4695/1/494 4707/1/494
f 4707/1/494 4695/1/494 4694/1/494
f 4707/1/493 4694/1/493 4708/1/493
f 4708/1/493 4694/1/493 4698/1/493
f 4708/1/7762 4698/1/7762 4709/1/7762
f 4709/1/7762 4698/1/7762 4697/1/7762
f 4709/1/2414 4697/1/2414 4710/1/2414
f 4710/1/2414 4697/1/2414 4690/1/2414
f 4710/1/7761 4690/1/7761 4699/1/7761
f 4699/1/7761 4690/1/7761 4689/1/7761
f 4710/1/7771 4670/1/7771 4709/1/7771
f 4709/1/7771 4670/1/7771 4668/1/7771
f 4709/1/7805 4668/1/7805 4708/1/7805
f 4708/1/7793 4668/1/7793 4666/1/7793
f 4708/1/7775 4666/1/7775 4707/1/7775
f 4707/1/7795 4666/1/7795 4664/1/7795
f 4707/1/7776 4664/1/7776 4706/1/7776
f 4706/1/7776 4664/1/7776 4662/1/7776
f 4706/1/7777 4662/1/7777 4705/1/7777
f 4705/1/7777 4662/1/7777 4660/1/7777
f 4705/1/7806 4660/1/7806 4704/1/7806
f 4704/1/7778 4660/1/7778 4658/1/7778
f 4704/1/7780 4658/1/7780 4703/1/7780
f 4703/1/7780 4658/1/7780 4656/1/7780
f 4703/1/7782 4656/1/7782 4702/1/7782
f 4702/1/7782 4656/1/7782 4654/1/7782
f 4702/1/7784 4654/1/7784 4701/1/7784
f 4701/1/7783 4654/1/7783 4652/1/7783
f 4701/1/7802 4652/1/7802 4700/1/7802
f 4700/1/7785 4652/1/7785 4650/1/7785
f 4700/1/7807 4650/1/7807 4699/1/7807
f 4699/1/7786 4650/1/7786 4672/1/7786
f 4699/1/7808 4672/1/7808 4710/1/7808
f 4710/1/7808 4672/1/7808 4670/1/7808
f 4711/1/2390 4712/1/2390 4713/1/2390
f 4713/1/2391 4712/1/2391 4714/1/2391
f 4713/1/7809 4714/1/7809 4715/1/7809
f 4715/1/7767 4714/1/7767 4716/1/7767
f 4715/1/7768 4716/1/7768 4717/1/7768
f 4717/1/7769 4716/1/7769 4718/1/7769
f 4717/1/2394 4718/1/2394 4719/1/2394
f 4719/1/2667 4718/1/2667 4720/1/2667
f 4719/1/7810 4720/1/7810 4721/1/7810
f 4721/1/2395 4720/1/2395 4722/1/2395
f 4721/1/7770 4722/1/7770 4723/1/7770
f 4723/1/2397 4722/1/2397 4724/1/2397
f 4723/1/2381 4724/1/2381 4725/1/2381
f 4725/1/7789 4724/1/7789 4726/1/7789
f 4725/1/2382 4726/1/2382 4727/1/2382
f 4727/1/7811 4726/1/7811 4728/1/7811
f 4727/1/2384 4728/1/2384 4729/1/2384
f 4729/1/7812 4728/1/7812 4730/1/7812
f 4729/1/2386 4730/1/2386 4731/1/2386
f 4731/1/2386 4730/1/2386 4732/1/2386
f 4731/1/2387 4732/1/2387 4733/1/2387
f 4733/1/7813 4732/1/7813 4734/1/7813
f 4733/1/2389 4734/1/2389 4711/1/2389
f 4711/1/2388 4734/1/2388 4712/1/2388
f 4733/1/495 4735/1/495 4731/1/495
f 4731/1/495 4735/1/495 4736/1/495
f 4731/1/496 4736/1/496 4729/1/496
f 4729/1/496 4736/1/496 4737/1/496
f 4729/1/497 4737/1/497 4727/1/497
f 4727/1/497 4737/1/497 4738/1/497
f 4727/1/1119 4738/1/1119 4725/1/1119
f 4725/1/1119 4738/1/1119 4739/1/1119
f 4725/1/7763 4739/1/7763 4723/1/7763
f 4723/1/7763 4739/1/7763 4740/1/7763
f 4723/1/7764 4740/1/7764 4721/1/7764
f 4721/1/7764 4740/1/7764 4741/1/7764
f 4721/1/7761 4741/1/7761 4719/1/7761
f 4719/1/7761 4741/1/7761 4742/1/7761
f 4719/1/2414 4742/1/2414 4717/1/2414
f 4717/1/2414 4742/1/2414 4743/1/2414
f 4717/1/7762 4743/1/7762 4715/1/7762
f 4715/1/7762 4743/1/7762 4744/1/7762
f 4715/1/493 4744/1/493 4713/1/493
f 4713/1/493 4744/1/493 4745/1/493
f 4713/1/494 4745/1/494 4711/1/494
f 4711/1/494 4745/1/494 4746/1/494
f 4711/1/11 4746/1/11 4733/1/11
f 4733/1/11 4746/1/11 4735/1/11
f 4745/1/1108 4744/1/1108 4743/1/1108
f 4745/1/1108 4739/1/1108 4738/1/1108
f 4740/1/1108 4739/1/1108 4741/1/1108
f 4741/1/1108 4739/1/1108 4745/1/1108
f 4741/1/1108 4745/1/1108 4742/1/1108
f 4742/1/1108 4745/1/1108 4743/1/1108
f 4735/1/1108 4746/1/1108 4736/1/1108
f 4736/1/1108 4746/1/1108 4745/1/1108
f 4736/1/1108 4745/1/1108 4737/1/1108
f 4737/1/1108 4745/1/1108 4738/1/1108
f 4747/1/7779 4732/1/7779 4748/1/7779
f 4748/1/7780 4732/1/7780 4730/1/7780
f 4748/1/7782 4730/1/7782 4749/1/7782
f 4749/1/7799 4730/1/7799 4728/1/7799
f 4749/1/7814 4728/1/7814 4750/1/7814
f 4750/1/7800 4728/1/7800 4726/1/7800
f 4750/1/7802 4726/1/7802 4751/1/7802
f 4751/1/7802 4726/1/7802 4724/1/7802
f 4751/1/7787 4724/1/7787 4752/1/7787
f 4752/1/7787 4724/1/7787 4722/1/7787
f 4752/1/7808 4722/1/7808 4753/1/7808
f 4753/1/7788 4722/1/7788 4720/1/7788
f 4753/1/7771 4720/1/7771 4754/1/7771
f 4754/1/7771 4720/1/7771 4718/1/7771
f 4754/1/7793 4718/1/7793 4755/1/7793
f 4755/1/7793 4718/1/7793 4716/1/7793
f 4755/1/7775 4716/1/7775 4756/1/7775
f 4756/1/7774 4716/1/7774 4714/1/7774
f 4756/1/7776 4714/1/7776 4757/1/7776
f 4757/1/7776 4714/1/7776 4712/1/7776
f 4757/1/6492 4712/1/6492 4758/1/6492
f 4758/1/6492 4712/1/6492 4734/1/6492
f 4758/1/7806 4734/1/7806 4747/1/7806
f 4747/1/7798 4734/1/7798 4732/1/7798
f 4759/1/495 4758/1/495 4760/1/495
f 4760/1/495 4758/1/495 4747/1/495
f 4760/1/496 4747/1/496 4761/1/496
f 4761/1/496 4747/1/496 4748/1/496
f 4761/1/497 4748/1/497 4762/1/497
f 4762/1/497 4748/1/497 4749/1/497
f 4762/1/1119 4749/1/1119 4763/1/1119
f 4763/1/1119 4749/1/1119 4750/1/1119
f 4763/1/7763 4750/1/7763 4764/1/7763
f 4764/1/7763 4750/1/7763 4751/1/7763
f 4764/1/7764 4751/1/7764 4765/1/7764
f 4765/1/7764 4751/1/7764 4752/1/7764
f 4765/1/7761 4752/1/7761 4766/1/7761
f 4766/1/7761 4752/1/7761 4753/1/7761
f 4766/1/2414 4753/1/2414 4767/1/2414
f 4767/1/2414 4753/1/2414 4754/1/2414
f 4767/1/7762 4754/1/7762 4768/1/7762
f 4768/1/7762 4754/1/7762 4755/1/7762
f 4768/1/493 4755/1/493 4769/1/493
f 4769/1/493 4755/1/493 4756/1/493
f 4769/1/494 4756/1/494 4770/1/494
f 4770/1/494 4756/1/494 4757/1/494
f 4770/1/11 4757/1/11 4759/1/11
f 4759/1/11 4757/1/11 4758/1/11
f 4761/1/3791 4762/1/3791 4763/1/3791
f 4767/1/3791 4768/1/3791 4766/1/3791
f 4766/1/3791 4768/1/3791 4769/1/3791
f 4766/1/3791 4769/1/3791 4765/1/3791
f 4770/1/3791 4759/1/3791 4769/1/3791
f 4769/1/3791 4759/1/3791 4760/1/3791
f 4769/1/3791 4760/1/3791 4761/1/3791
f 4761/1/3791 4763/1/3791 4769/1/3791
f 4769/1/3791 4763/1/3791 4764/1/3791
f 4769/1/3791 4764/1/3791 4765/1/3791
f 4771/1/1108 4772/1/1108 4773/1/1108
f 4773/1/1108 4772/1/1108 4774/1/1108
f 4775/1/7815 4774/1/7815 4772/1/7815
f 4772/1/7816 4776/1/7816 4775/1/7816
f 4775/1/7817 4776/1/7817 4777/1/7817
f 4775/1/7818 4777/1/7818 4778/1/7818
f 4778/1/7819 4777/1/7819 4779/1/7819
f 4780/1/7820 4781/1/7820 4782/1/7820
f 4783/1/7821 4784/1/7821 4781/1/7821
f 4785/1/7822 4786/1/7822 4787/1/7822
f 4787/1/7823 4788/1/7823 4785/1/7823
f 4785/1/7824 4788/1/7824 4789/1/7824
f 4785/1/7825 4789/1/7825 4790/1/7825
f 4790/1/7826 4789/1/7826 4791/1/7826
f 4790/1/7827 4791/1/7827 4792/1/7827
f 4793/1/7828 4794/1/7828 4795/1/7828
f 4795/1/7829 4794/1/7829 4796/1/7829
f 4795/1/7830 4796/1/7830 4797/1/7830
f 4798/1/7831 4799/1/7831 4800/1/7831
f 4800/1/7832 4799/1/7832 4801/1/7832
f 4800/1/1108 4801/1/1108 4802/1/1108
f 4803/1/7833 4804/1/7833 4805/1/7833
f 4805/1/7834 4804/1/7834 4806/1/7834
f 4807/1/7835 4801/1/7835 4808/1/7835
f 4808/1/7836 4801/1/7836 4799/1/7836
f 4808/1/7837 4799/1/7837 4809/1/7837
f 4809/1/7838 4799/1/7838 4798/1/7838
f 4809/1/7839 4798/1/7839 4810/1/7839
f 4781/1/7840 4780/1/7840 4783/1/7840
f 4783/1/7841 4780/1/7841 4811/1/7841
f 4783/1/7842 4811/1/7842 4803/1/7842
f 4807/1/7835 4808/1/7835 4812/1/7835
f 4812/1/7843 4808/1/7843 4813/1/7843
f 4812/1/7844 4813/1/7844 4814/1/7844
f 4793/1/7845 4792/1/7845 4794/1/7845
f 4794/1/7846 4792/1/7846 4791/1/7846
f 4794/1/7847 4791/1/7847 4796/1/7847
f 4796/1/7848 4791/1/7848 4815/1/7848
f 4796/1/7849 4815/1/7849 4797/1/7849
f 4797/1/7850 4815/1/7850 4816/1/7850
f 4810/1/7851 4806/1/7851 4809/1/7851
f 4809/1/7852 4806/1/7852 4804/1/7852
f 4809/1/7853 4804/1/7853 4808/1/7853
f 4808/1/7854 4804/1/7854 4803/1/7854
f 4808/1/7855 4803/1/7855 4813/1/7855
f 4813/1/7856 4803/1/7856 4811/1/7856
f 4813/1/7857 4811/1/7857 4814/1/7857
f 4814/1/7858 4811/1/7858 4780/1/7858
f 4814/1/7859 4780/1/7859 4817/1/7859
f 4817/1/7859 4780/1/7859 4782/1/7859
f 4787/1/7860 4784/1/7860 4788/1/7860
f 4788/1/7861 4784/1/7861 4783/1/7861
f 4788/1/7862 4783/1/7862 4789/1/7862
f 4789/1/7863 4783/1/7863 4803/1/7863
f 4789/1/7864 4803/1/7864 4791/1/7864
f 4791/1/7865 4803/1/7865 4805/1/7865
f 4791/1/7866 4805/1/7866 4815/1/7866
f 4815/1/7867 4805/1/7867 4806/1/7867
f 4815/1/7868 4806/1/7868 4816/1/7868
f 4816/1/7869 4806/1/7869 4810/1/7869
f 4818/1/7870 4819/1/7870 4784/1/7870
f 4784/1/7871 4819/1/7871 4820/1/7871
f 4784/1/7872 4820/1/7872 4781/1/7872
f 4781/1/7873 4820/1/7873 4782/1/7873
f 4821/1/7874 4818/1/7874 4822/1/7874
f 4822/1/7875 4818/1/7875 4784/1/7875
f 4822/1/7876 4784/1/7876 4823/1/7876
f 4823/1/7877 4784/1/7877 4787/1/7877
f 4823/1/7878 4787/1/7878 4824/1/7878
f 4824/1/7879 4787/1/7879 4786/1/7879
f 4825/1/7880 4826/1/7880 4827/1/7880
f 4827/1/7881 4826/1/7881 4828/1/7881
f 4827/1/7882 4828/1/7882 4829/1/7882
f 4829/1/7883 4828/1/7883 4824/1/7883
f 4829/1/7884 4824/1/7884 4830/1/7884
f 4830/1/7885 4824/1/7885 4786/1/7885
f 4825/1/7886 4831/1/7886 4826/1/7886
f 4826/1/7887 4831/1/7887 4832/1/7887
f 4826/1/7888 4832/1/7888 4833/1/7888
f 4833/1/7889 4832/1/7889 4834/1/7889
f 4835/1/7890 4836/1/7890 4837/1/7890
f 4838/1/7891 4839/1/7891 4835/1/7891
f 4835/1/7892 4837/1/7892 4838/1/7892
f 4838/1/7893 4837/1/7893 4840/1/7893
f 4838/1/7894 4840/1/7894 4841/1/7894
f 4841/1/7895 4840/1/7895 4842/1/7895
f 4841/1/7896 4842/1/7896 4843/1/7896
f 4843/1/7897 4842/1/7897 4844/1/7897
f 4843/1/7898 4844/1/7898 4845/1/7898
f 4845/1/7899 4844/1/7899 4846/1/7899
f 4845/1/7900 4846/1/7900 4847/1/7900
f 4847/1/7901 4846/1/7901 4848/1/7901
f 4847/1/7902 4848/1/7902 4849/1/7902
f 4849/1/7903 4848/1/7903 4850/1/7903
f 4849/1/7904 4850/1/7904 4851/1/7904
f 4850/1/7905 4852/1/7905 4851/1/7905
f 4851/1/7906 4852/1/7906 4853/1/7906
f 4851/1/7907 4853/1/7907 4854/1/7907
f 4853/1/7908 4855/1/7908 4854/1/7908
f 4854/1/7909 4855/1/7909 4856/1/7909
f 4854/1/7910 4856/1/7910 4857/1/7910
f 4857/1/7911 4856/1/7911 4858/1/7911
f 4857/1/7912 4858/1/7912 4859/1/7912
f 4859/1/7913 4858/1/7913 4860/1/7913
f 4859/1/7914 4860/1/7914 4861/1/7914
f 4861/1/7915 4860/1/7915 4862/1/7915
f 4862/1/7916 4860/1/7916 4863/1/7916
f 4862/1/7917 4863/1/7917 4864/1/7917
f 4864/1/7918 4863/1/7918 4865/1/7918
f 4864/1/7919 4865/1/7919 4866/1/7919
f 4866/1/7920 4865/1/7920 4867/1/7920
f 4866/1/7921 4867/1/7921 4868/1/7921
f 4867/1/7922 4869/1/7922 4868/1/7922
f 4868/1/7923 4869/1/7923 4870/1/7923
f 4868/1/7924 4870/1/7924 4871/1/7924
f 4871/1/7925 4870/1/7925 4872/1/7925
f 4871/1/7926 4872/1/7926 4873/1/7926
f 4873/1/7927 4872/1/7927 4874/1/7927
f 4874/1/7928 4872/1/7928 4875/1/7928
f 4874/1/7929 4875/1/7929 4876/1/7929
f 4876/1/7930 4875/1/7930 4877/1/7930
f 4876/1/7931 4877/1/7931 4878/1/7931
f 4878/1/7932 4877/1/7932 4879/1/7932
f 4878/1/7933 4879/1/7933 4880/1/7933
f 4880/1/7934 4879/1/7934 4881/1/7934
f 4880/1/7935 4881/1/7935 4882/1/7935
f 4883/1/7936 4884/1/7936 4885/1/7936
f 4885/1/7937 4884/1/7937 4882/1/7937
f 4885/1/7938 4882/1/7938 4886/1/7938
f 4886/1/7939 4882/1/7939 4881/1/7939
f 4883/1/7940 4887/1/7940 4884/1/7940
f 4884/1/7941 4887/1/7941 4888/1/7941
f 4884/1/7942 4888/1/7942 4889/1/7942
f 4888/1/7943 4890/1/7943 4889/1/7943
f 4889/1/7944 4890/1/7944 4891/1/7944
f 4889/1/7945 4891/1/7945 4892/1/7945
f 4891/1/7946 4893/1/7946 4892/1/7946
f 4892/1/7947 4893/1/7947 4894/1/7947
f 4892/1/7948 4894/1/7948 4895/1/7948
f 4894/1/7949 4896/1/7949 4895/1/7949
f 4895/1/7950 4896/1/7950 4897/1/7950
f 4895/1/7951 4897/1/7951 4898/1/7951
f 4898/1/7952 4897/1/7952 4899/1/7952
f 4898/1/7953 4899/1/7953 4900/1/7953
f 4901/1/502 4902/1/502 4903/1/502
f 4903/1/502 4902/1/502 4904/1/502
f 1183/1/1108 4905/1/1108 4903/1/1108
f 4903/1/1108 4905/1/1108 4901/1/1108
f 4905/1/7954 1183/1/7954 1165/1/7954
f 4905/1/7955 1165/1/7955 1186/1/7955
f 1186/1/7956 1165/1/7956 1167/1/7956
f 1186/1/7957 1167/1/7957 1166/1/7957
f 1166/1/7958 1167/1/7958 1169/1/7958
f 1166/1/7959 1169/1/7959 1168/1/7959
f 1168/1/7960 1169/1/7960 1171/1/7960
f 1168/1/7961 1171/1/7961 1170/1/7961
f 1170/1/7962 1171/1/7962 1173/1/7962
f 1170/1/7963 1173/1/7963 1172/1/7963
f 1172/1/7964 1173/1/7964 1175/1/7964
f 1172/1/7965 1175/1/7965 1174/1/7965
f 1174/1/7966 1175/1/7966 1159/1/7966
f 1174/1/7967 1159/1/7967 1176/1/7967
f 1176/1/7968 1159/1/7968 1144/1/7968
f 1176/1/7969 1144/1/7969 4906/1/7969
f 4906/1/7970 1144/1/7970 1155/1/7970
f 4906/1/7971 1155/1/7971 4907/1/7971
f 4907/1/7972 1155/1/7972 1153/1/7972
f 4907/1/7973 1153/1/7973 4908/1/7973
f 4908/1/7974 1153/1/7974 1152/1/7974
f 4908/1/7975 1152/1/7975 4909/1/7975
f 4909/1/7976 1152/1/7976 1151/1/7976
f 4909/1/7977 1151/1/7977 4910/1/7977
f 4910/1/7978 1151/1/7978 1149/1/7978
f 4910/1/7979 1149/1/7979 4911/1/7979
f 4911/1/7980 1149/1/7980 1147/1/7980
f 4911/1/7981 1147/1/7981 4912/1/7981
f 4912/1/7982 1147/1/7982 1146/1/7982
f 4912/1/7983 1146/1/7983 4913/1/7983
f 4913/1/7984 1146/1/7984 4914/1/7984
f 4913/1/7985 4914/1/7985 4915/1/7985
f 4916/1/7986 4917/1/7986 4914/1/7986
f 4914/1/7987 4917/1/7987 4918/1/7987
f 4914/1/7988 4918/1/7988 4915/1/7988
f 4919/1/7989 4920/1/7989 4837/1/7989
f 4921/1/7990 4922/1/7990 4923/1/7990
f 4924/1/7991 4925/1/7991 4926/1/7991
f 4926/1/7992 4925/1/7992 4927/1/7992
f 4926/1/7993 4927/1/7993 4928/1/7993
f 4924/1/7994 4929/1/7994 4925/1/7994
f 4925/1/7995 4929/1/7995 4930/1/7995
f 4925/1/7996 4930/1/7996 4931/1/7996
f 4932/1/7997 4921/1/7997 4933/1/7997
f 4934/1/7998 4935/1/7998 4933/1/7998
f 4933/1/7998 4935/1/7998 4936/1/7998
f 4933/1/7999 4936/1/7999 4932/1/7999
f 4921/1/8000 4923/1/8000 4933/1/8000
f 4933/1/8001 4923/1/8001 4937/1/8001
f 4933/1/8002 4937/1/8002 4934/1/8002
f 4938/1/8003 4939/1/8003 4940/1/8003
f 4940/1/8004 4939/1/8004 4941/1/8004
f 4940/1/8005 4941/1/8005 4942/1/8005
f 4927/1/8006 4943/1/8006 4928/1/8006
f 4928/1/8007 4943/1/8007 4940/1/8007
f 4928/1/8008 4940/1/8008 4944/1/8008
f 4944/1/8009 4940/1/8009 4942/1/8009
f 4938/1/8010 4940/1/8010 4945/1/8010
f 4945/1/8011 4940/1/8011 4946/1/8011
f 4945/1/8012 4946/1/8012 4947/1/8012
f 4947/1/8013 4946/1/8013 4948/1/8013
f 4947/1/8014 4948/1/8014 4949/1/8014
f 4949/1/8015 4948/1/8015 4950/1/8015
f 4949/1/8016 4950/1/8016 4951/1/8016
f 4951/1/8017 4950/1/8017 4952/1/8017
f 4951/1/8018 4952/1/8018 4953/1/8018
f 4953/1/8019 4952/1/8019 4954/1/8019
f 4953/1/8020 4954/1/8020 4955/1/8020
f 4954/1/8021 4956/1/8021 4955/1/8021
f 4955/1/8022 4956/1/8022 4957/1/8022
f 4955/1/8023 4957/1/8023 4958/1/8023
f 4957/1/8024 4959/1/8024 4958/1/8024
f 4958/1/8025 4959/1/8025 4960/1/8025
f 4958/1/8026 4960/1/8026 4961/1/8026
f 4931/1/8027 4923/1/8027 4925/1/8027
f 4925/1/8028 4923/1/8028 4922/1/8028
f 4925/1/8029 4922/1/8029 4962/1/8029
f 4962/1/8030 4922/1/8030 4963/1/8030
f 4964/1/8031 4965/1/8031 4922/1/8031
f 4922/1/8032 4965/1/8032 4966/1/8032
f 4922/1/8033 4966/1/8033 4963/1/8033
f 4964/1/8034 4967/1/8034 4965/1/8034
f 4965/1/8035 4967/1/8035 4968/1/8035
f 4965/1/8036 4968/1/8036 4969/1/8036
f 4970/1/8037 4971/1/8037 4844/1/8037
f 4844/1/8038 4971/1/8038 4972/1/8038
f 4844/1/8039 4972/1/8039 4846/1/8039
f 4846/1/8040 4972/1/8040 4973/1/8040
f 4846/1/8041 4973/1/8041 4848/1/8041
f 4848/1/8042 4973/1/8042 4850/1/8042
f 4974/1/8043 4975/1/8043 4842/1/8043
f 4842/1/8044 4975/1/8044 4965/1/8044
f 4842/1/8045 4965/1/8045 4844/1/8045
f 4844/1/8046 4965/1/8046 4969/1/8046
f 4844/1/8047 4969/1/8047 4970/1/8047
f 4974/1/8048 4842/1/8048 4920/1/8048
f 4920/1/8049 4842/1/8049 4840/1/8049
f 4920/1/8050 4840/1/8050 4837/1/8050
f 4836/1/8051 4976/1/8051 4837/1/8051
f 4837/1/8052 4976/1/8052 4977/1/8052
f 4837/1/8053 4977/1/8053 4919/1/8053
f 4973/1/8054 4978/1/8054 4850/1/8054
f 4850/1/8055 4978/1/8055 4979/1/8055
f 4850/1/8056 4979/1/8056 4852/1/8056
f 4852/1/8057 4979/1/8057 4980/1/8057
f 4852/1/8058 4980/1/8058 4853/1/8058
f 4853/1/8059 4980/1/8059 4981/1/8059
f 4853/1/8060 4981/1/8060 4855/1/8060
f 4855/1/8061 4981/1/8061 4982/1/8061
f 4855/1/8062 4982/1/8062 4856/1/8062
f 4982/1/8063 4983/1/8063 4856/1/8063
f 4856/1/8064 4983/1/8064 4984/1/8064
f 4856/1/8065 4984/1/8065 4858/1/8065
f 4858/1/8066 4984/1/8066 4985/1/8066
f 4858/1/8067 4985/1/8067 4860/1/8067
f 4860/1/8068 4985/1/8068 4986/1/8068
f 4986/1/8069 4987/1/8069 4860/1/8069
f 4860/1/8070 4987/1/8070 4988/1/8070
f 4860/1/8071 4988/1/8071 4863/1/8071
f 4863/1/8072 4988/1/8072 4989/1/8072
f 4989/1/8073 4990/1/8073 4863/1/8073
f 4863/1/8074 4990/1/8074 4991/1/8074
f 4863/1/8075 4991/1/8075 4865/1/8075
f 4865/1/8076 4991/1/8076 4992/1/8076
f 4993/1/8077 4872/1/8077 4994/1/8077
f 4994/1/8078 4872/1/8078 4870/1/8078
f 4994/1/8079 4870/1/8079 4995/1/8079
f 4995/1/8080 4870/1/8080 4869/1/8080
f 4995/1/8081 4869/1/8081 4992/1/8081
f 4992/1/8082 4869/1/8082 4867/1/8082
f 4992/1/8083 4867/1/8083 4865/1/8083
f 4773/1/8084 4774/1/8084 4996/1/8084
f 4996/1/8085 4774/1/8085 4877/1/8085
f 4996/1/8086 4877/1/8086 4993/1/8086
f 4993/1/8087 4877/1/8087 4875/1/8087
f 4993/1/8088 4875/1/8088 4872/1/8088
f 4774/1/8089 4775/1/8089 4877/1/8089
f 4877/1/8090 4775/1/8090 4778/1/8090
f 4877/1/8091 4778/1/8091 4779/1/8091
f 4779/1/8092 4997/1/8092 4877/1/8092
f 4877/1/8093 4997/1/8093 4998/1/8093
f 4877/1/8094 4998/1/8094 4879/1/8094
f 4879/1/8095 4998/1/8095 4999/1/8095
f 4879/1/8096 4999/1/8096 4881/1/8096
f 4881/1/8097 4999/1/8097 4886/1/8097
f 4886/1/8098 4999/1/8098 5000/1/8098
f 4886/1/8099 5000/1/8099 4885/1/8099
f 4885/1/8100 5000/1/8100 5001/1/8100
f 4885/1/8101 5001/1/8101 4883/1/8101
f 4883/1/8102 5001/1/8102 5002/1/8102
f 4883/1/8103 5002/1/8103 4887/1/8103
f 4894/1/8104 4893/1/8104 5003/1/8104
f 5003/1/8105 4893/1/8105 4891/1/8105
f 5003/1/8106 4891/1/8106 5004/1/8106
f 5002/1/8107 5005/1/8107 4887/1/8107
f 4887/1/8108 5005/1/8108 5006/1/8108
f 4887/1/8109 5006/1/8109 4888/1/8109
f 4888/1/8110 5006/1/8110 5004/1/8110
f 4888/1/8111 5004/1/8111 4890/1/8111
f 4890/1/8112 5004/1/8112 4891/1/8112
f 5007/1/8113 4899/1/8113 5008/1/8113
f 5008/1/8114 4899/1/8114 4897/1/8114
f 5008/1/8115 4897/1/8115 5003/1/8115
f 5003/1/8116 4897/1/8116 4896/1/8116
f 5003/1/8117 4896/1/8117 4894/1/8117
f 5009/1/1108 4961/1/1108 5010/1/1108
f 5010/1/3443 4961/1/3443 4960/1/3443
f 5010/1/1108 4960/1/1108 5011/1/1108
f 5011/1/1108 4960/1/1108 5012/1/1108
f 4904/1/525 4902/1/525 5013/1/525
f 5013/1/525 4902/1/525 5014/1/525
f 5013/1/8118 5014/1/8118 5015/1/8118
f 5015/1/8118 5014/1/8118 5016/1/8118
f 5015/1/8119 5016/1/8119 5017/1/8119
f 5017/1/8119 5016/1/8119 5018/1/8119
f 5017/1/2617 5018/1/2617 5012/1/2617
f 5012/1/2617 5018/1/2617 5011/1/2617
f 4917/1/8120 4916/1/8120 1401/1/8120
f 4917/1/8121 1401/1/8121 5019/1/8121
f 5019/1/8122 1401/1/8122 1399/1/8122
f 5019/1/8123 1399/1/8123 5020/1/8123
f 5020/1/8124 1399/1/8124 1397/1/8124
f 5020/1/8125 1397/1/8125 5021/1/8125
f 5021/1/8126 1397/1/8126 1395/1/8126
f 5021/1/8127 1395/1/8127 5022/1/8127
f 5022/1/8128 1395/1/8128 1393/1/8128
f 5022/1/8129 1393/1/8129 5023/1/8129
f 5023/1/8130 1393/1/8130 5024/1/8130
f 5023/1/8131 5024/1/8131 5025/1/8131
f 5026/1/8132 4921/1/8132 5027/1/8132
f 5027/1/8133 4921/1/8133 4932/1/8133
f 5027/1/8134 4932/1/8134 5028/1/8134
f 4937/1/8135 5029/1/8135 4934/1/8135
f 4934/1/8136 5029/1/8136 5030/1/8136
f 4934/1/8137 5030/1/8137 4935/1/8137
f 4935/1/8138 5030/1/8138 5028/1/8138
f 4935/1/8139 5028/1/8139 4936/1/8139
f 4936/1/8140 5028/1/8140 4932/1/8140
f 4967/1/8141 4964/1/8141 5031/1/8141
f 5031/1/8142 4964/1/8142 4922/1/8142
f 5031/1/8143 4922/1/8143 5032/1/8143
f 5032/1/8144 4922/1/8144 4921/1/8144
f 5032/1/8145 4921/1/8145 5026/1/8145
f 5031/1/8146 5033/1/8146 4967/1/8146
f 4967/1/8147 5033/1/8147 5034/1/8147
f 4967/1/8148 5034/1/8148 4968/1/8148
f 4968/1/8149 5034/1/8149 5035/1/8149
f 4968/1/8150 5035/1/8150 4969/1/8150
f 4969/1/8151 5035/1/8151 5036/1/8151
f 4969/1/8152 5036/1/8152 4970/1/8152
f 4970/1/8153 5036/1/8153 5037/1/8153
f 4970/1/8154 5037/1/8154 4971/1/8154
f 4971/1/8155 5037/1/8155 5038/1/8155
f 4971/1/8156 5038/1/8156 4972/1/8156
f 5038/1/8157 5039/1/8157 4972/1/8157
f 4972/1/8158 5039/1/8158 5040/1/8158
f 4972/1/8159 5040/1/8159 4973/1/8159
f 4973/1/8160 5040/1/8160 5041/1/8160
f 4973/1/8161 5041/1/8161 4978/1/8161
f 4978/1/8162 5041/1/8162 5042/1/8162
f 4978/1/8163 5042/1/8163 4979/1/8163
f 4979/1/8164 5042/1/8164 5043/1/8164
f 4979/1/8165 5043/1/8165 4980/1/8165
f 5044/1/8166 5045/1/8166 4983/1/8166
f 4983/1/8167 5045/1/8167 5046/1/8167
f 4983/1/8168 5046/1/8168 4984/1/8168
f 4984/1/8169 5046/1/8169 5047/1/8169
f 4984/1/8170 5047/1/8170 4985/1/8170
f 5043/1/8171 5048/1/8171 4980/1/8171
f 4980/1/8172 5048/1/8172 5049/1/8172
f 4980/1/8173 5049/1/8173 4981/1/8173
f 4981/1/8174 5049/1/8174 5044/1/8174
f 4981/1/8175 5044/1/8175 4982/1/8175
f 4982/1/8176 5044/1/8176 4983/1/8176
f 5047/1/8177 5050/1/8177 4985/1/8177
f 4985/1/8178 5050/1/8178 5051/1/8178
f 4985/1/8179 5051/1/8179 4986/1/8179
f 4986/1/8180 5051/1/8180 5052/1/8180
f 4986/1/8181 5052/1/8181 4987/1/8181
f 4987/1/8182 5052/1/8182 5053/1/8182
f 4987/1/8183 5053/1/8183 4988/1/8183
f 4988/1/8184 5053/1/8184 5054/1/8184
f 4988/1/8185 5054/1/8185 4989/1/8185
f 4989/1/8186 5054/1/8186 5055/1/8186
f 5056/1/8187 4991/1/8187 5055/1/8187
f 5055/1/8188 4991/1/8188 4990/1/8188
f 5055/1/8189 4990/1/8189 4989/1/8189
f 5056/1/8190 5057/1/8190 4991/1/8190
f 4991/1/8191 5057/1/8191 5058/1/8191
f 4991/1/8192 5058/1/8192 4992/1/8192
f 4992/1/8193 5058/1/8193 5059/1/8193
f 4992/1/8194 5059/1/8194 4995/1/8194
f 4995/1/8195 5059/1/8195 5060/1/8195
f 4995/1/8196 5060/1/8196 4994/1/8196
f 4994/1/8197 5060/1/8197 5061/1/8197
f 4994/1/8198 5061/1/8198 4993/1/8198
f 4771/1/8199 4773/1/8199 4996/1/8199
f 5062/1/8200 4996/1/8200 5063/1/8200
f 5063/1/8201 4996/1/8201 5064/1/8201
f 5062/1/8202 5065/1/8202 4996/1/8202
f 4996/1/8203 5065/1/8203 5066/1/8203
f 4996/1/8204 5066/1/8204 5067/1/8204
f 5068/1/8205 4771/1/8205 5069/1/8205
f 5069/1/8206 4771/1/8206 4996/1/8206
f 5069/1/8207 4996/1/8207 5070/1/8207
f 5070/1/8208 4996/1/8208 5067/1/8208
f 5061/1/8209 5071/1/8209 4993/1/8209
f 4993/1/8210 5071/1/8210 5072/1/8210
f 4993/1/8211 5072/1/8211 4996/1/8211
f 4996/1/8212 5072/1/8212 5073/1/8212
f 4996/1/8213 5073/1/8213 5064/1/8213
f 5070/1/8214 5067/1/8214 5074/1/8214
f 5068/1/8215 5075/1/8215 4771/1/8215
f 4771/1/8216 5075/1/8216 5076/1/8216
f 4771/1/8217 5076/1/8217 4772/1/8217
f 5070/1/8218 5074/1/8218 5069/1/8218
f 5074/1/8219 5077/1/8219 5069/1/8219
f 5069/1/8220 5077/1/8220 5078/1/8220
f 5069/1/8221 5078/1/8221 5068/1/8221
f 5068/1/8222 5078/1/8222 5079/1/8222
f 5068/1/8223 5079/1/8223 5075/1/8223
f 5073/1/8224 5080/1/8224 5064/1/8224
f 5064/1/8225 5080/1/8225 5081/1/8225
f 5064/1/8226 5081/1/8226 5063/1/8226
f 5063/1/8227 5081/1/8227 5082/1/8227
f 5063/1/8228 5082/1/8228 5062/1/8228
f 5062/1/8229 5082/1/8229 5083/1/8229
f 5062/1/8230 5083/1/8230 5065/1/8230
f 5065/1/8231 5083/1/8231 5084/1/8231
f 5065/1/8232 5084/1/8232 5066/1/8232
f 5066/1/8233 5084/1/8233 5085/1/8233
f 5066/1/8234 5085/1/8234 5067/1/8234
f 5067/1/8235 5085/1/8235 5086/1/8235
f 5067/1/8236 5086/1/8236 5074/1/8236
f 5087/1/8237 5088/1/8237 5089/1/8237
f 5090/1/8238 5091/1/8238 5089/1/8238
f 5092/1/8239 5093/1/8239 5094/1/8239
f 5091/1/8240 5095/1/8240 5093/1/8240
f 5093/1/8241 5092/1/8241 5091/1/8241
f 5091/1/8242 5092/1/8242 5096/1/8242
f 5091/1/8243 5096/1/8243 5089/1/8243
f 5090/1/8244 5089/1/8244 5097/1/8244
f 5097/1/8245 5089/1/8245 5088/1/8245
f 5097/1/8246 5088/1/8246 5098/1/8246
f 5098/1/8247 5088/1/8247 5087/1/8247
f 5098/1/8248 5087/1/8248 5099/1/8248
f 5100/1/8249 5101/1/8249 5102/1/8249
f 5102/1/8250 5101/1/8250 5103/1/8250
f 5104/1/8251 5105/1/8251 5106/1/8251
f 4777/1/8252 4776/1/8252 5107/1/8252
f 4776/1/8253 4772/1/8253 5107/1/8253
f 5107/1/8254 4772/1/8254 5076/1/8254
f 5107/1/8255 5076/1/8255 5075/1/8255
f 5103/1/8256 5108/1/8256 5102/1/8256
f 5102/1/8257 5108/1/8257 5109/1/8257
f 5102/1/8258 5109/1/8258 5110/1/8258
f 5110/1/8259 5085/1/8259 5102/1/8259
f 5102/1/8260 5085/1/8260 5104/1/8260
f 5102/1/8261 5104/1/8261 5100/1/8261
f 5100/1/8262 5104/1/8262 5106/1/8262
f 5085/1/8263 5084/1/8263 5104/1/8263
f 5104/1/8264 5084/1/8264 5083/1/8264
f 5104/1/8265 5083/1/8265 5105/1/8265
f 5105/1/8266 5083/1/8266 5082/1/8266
f 5105/1/8267 5082/1/8267 5111/1/8267
f 5111/1/8268 5082/1/8268 5081/1/8268
f 5111/1/8269 5081/1/8269 5080/1/8269
f 5075/1/8270 5112/1/8270 5107/1/8270
f 5107/1/8271 5112/1/8271 5113/1/8271
f 5107/1/8272 5113/1/8272 4777/1/8272
f 4777/1/8273 5113/1/8273 5114/1/8273
f 4777/1/8274 5114/1/8274 4779/1/8274
f 4779/1/8275 5114/1/8275 4997/1/8275
f 4998/1/8276 4997/1/8276 5094/1/8276
f 5094/1/8277 4997/1/8277 5114/1/8277
f 5094/1/8278 5114/1/8278 5092/1/8278
f 5092/1/8279 5114/1/8279 5113/1/8279
f 5092/1/8280 5113/1/8280 5096/1/8280
f 5096/1/8281 5113/1/8281 5112/1/8281
f 5096/1/8282 5112/1/8282 5089/1/8282
f 5089/1/8283 5112/1/8283 5115/1/8283
f 5089/1/8284 5115/1/8284 5087/1/8284
f 5087/1/8285 5115/1/8285 5109/1/8285
f 5087/1/8286 5109/1/8286 5099/1/8286
f 5099/1/8287 5109/1/8287 5108/1/8287
f 5099/1/8288 5108/1/8288 5116/1/8288
f 5116/1/8289 5108/1/8289 5103/1/8289
f 5075/1/8290 5079/1/8290 5112/1/8290
f 5112/1/8291 5079/1/8291 5078/1/8291
f 5112/1/8292 5078/1/8292 5115/1/8292
f 5115/1/8293 5078/1/8293 5077/1/8293
f 5115/1/8294 5077/1/8294 5109/1/8294
f 5109/1/8295 5077/1/8295 5074/1/8295
f 5109/1/8296 5074/1/8296 5110/1/8296
f 5110/1/8297 5074/1/8297 5086/1/8297
f 5110/1/8298 5086/1/8298 5085/1/8298
f 5117/1/8299 5118/1/8299 5094/1/8299
f 5002/1/8299 5001/1/8299 5118/1/8299
f 5118/1/8299 5001/1/8299 5000/1/8299
f 5118/1/8299 5000/1/8299 5094/1/8299
f 5094/1/8300 5000/1/8300 4999/1/8300
f 5094/1/8299 4999/1/8299 4998/1/8299
f 5095/1/8301 5119/1/8301 5093/1/8301
f 5093/1/8299 5119/1/8299 5120/1/8299
f 5093/1/8299 5120/1/8299 5094/1/8299
f 5094/1/8299 5120/1/8299 5121/1/8299
f 5094/1/8299 5121/1/8299 5117/1/8299
f 5002/1/8302 5118/1/8302 5005/1/8302
f 5005/1/8303 5118/1/8303 5122/1/8303
f 5005/1/8304 5122/1/8304 5006/1/8304
f 5006/1/8305 5122/1/8305 5123/1/8305
f 5006/1/8306 5123/1/8306 5004/1/8306
f 5003/1/545 5004/1/545 5123/1/545
f 5123/1/545 5124/1/545 5003/1/545
f 5003/1/545 5124/1/545 5125/1/545
f 5003/1/545 5125/1/545 5008/1/545
f 5008/1/545 5125/1/545 5126/1/545
f 5008/1/545 5126/1/545 5007/1/545
f 4817/1/1106 4782/1/1106 4820/1/1106
f 5007/1/1108 5126/1/1108 4899/1/1108
f 4899/1/1108 5126/1/1108 4793/1/1108
f 4899/1/1108 4793/1/1108 4795/1/1108
f 4802/1/8307 4801/1/8307 4821/1/8307
f 4821/1/8308 4801/1/8308 4807/1/8308
f 4821/1/8309 4807/1/8309 4818/1/8309
f 4818/1/8310 4807/1/8310 4812/1/8310
f 4812/1/1108 4814/1/1108 4818/1/1108
f 4818/1/8309 4814/1/8309 4817/1/8309
f 4818/1/1107 4817/1/1107 4819/1/1107
f 4819/1/1108 4817/1/1108 4820/1/1108
f 4821/1/1108 5127/1/1108 4802/1/1108
f 4802/1/1108 5127/1/1108 4900/1/1108
f 4802/1/1108 4900/1/1108 4800/1/1108
f 4800/1/1108 4900/1/1108 4798/1/1108
f 4795/1/1108 4797/1/1108 4899/1/1108
f 4899/1/1108 4797/1/1108 4816/1/1108
f 4899/1/1108 4816/1/1108 4900/1/1108
f 4900/1/1108 4816/1/1108 4810/1/1108
f 4900/1/1108 4810/1/1108 4798/1/1108
f 4792/1/8311 4793/1/8311 5128/1/8311
f 4830/1/8312 4786/1/8312 4785/1/8312
f 4829/1/8313 4830/1/8313 5129/1/8313
f 5129/1/8314 4830/1/8314 4785/1/8314
f 5129/1/8315 4785/1/8315 5128/1/8315
f 5128/1/8316 4785/1/8316 4790/1/8316
f 5128/1/8316 4790/1/8316 4792/1/8316
f 5130/1/8317 4825/1/8317 5131/1/8317
f 5131/1/8318 4825/1/8318 4827/1/8318
f 5131/1/8319 4827/1/8319 5132/1/8319
f 5132/1/8320 4827/1/8320 4829/1/8320
f 5132/1/8321 4829/1/8321 5129/1/8321
f 5133/1/8322 5134/1/8322 5135/1/8322
f 5135/1/8323 5134/1/8323 4834/1/8323
f 5135/1/8324 4834/1/8324 5136/1/8324
f 5136/1/8325 4834/1/8325 4832/1/8325
f 5136/1/8326 4832/1/8326 5130/1/8326
f 5130/1/8327 4832/1/8327 4831/1/8327
f 5130/1/8328 4831/1/8328 4825/1/8328
f 5137/1/8329 5138/1/8329 5134/1/8329
f 5134/1/8330 5138/1/8330 5139/1/8330
f 5134/1/8331 5139/1/8331 4834/1/8331
f 5140/1/8332 5141/1/8332 5142/1/8332
f 5142/1/8333 5141/1/8333 5143/1/8333
f 5142/1/8334 5143/1/8334 5144/1/8334
f 5144/1/8335 5143/1/8335 5145/1/8335
f 5144/1/8336 5145/1/8336 5146/1/8336
f 5146/1/8337 5145/1/8337 5147/1/8337
f 5148/1/8338 5149/1/8338 5150/1/8338
f 5150/1/8339 5149/1/8339 5151/1/8339
f 5145/1/8340 5152/1/8340 5147/1/8340
f 5147/1/8341 5152/1/8341 5150/1/8341
f 5147/1/8342 5150/1/8342 5153/1/8342
f 5153/1/8343 5150/1/8343 5151/1/8343
f 5154/1/8344 5155/1/8344 5156/1/8344
f 5134/1/8345 5133/1/8345 5157/1/8345
f 5157/1/8346 5133/1/8346 5158/1/8346
f 5157/1/8347 5158/1/8347 5159/1/8347
f 5159/1/8348 5158/1/8348 5160/1/8348
f 5159/1/8349 5160/1/8349 5161/1/8349
f 5156/1/8350 5162/1/8350 5154/1/8350
f 5154/1/8351 5162/1/8351 5163/1/8351
f 5154/1/8352 5163/1/8352 5164/1/8352
f 5165/1/8353 5166/1/8353 5164/1/8353
f 5164/1/8353 5166/1/8353 5167/1/8353
f 5167/1/8353 5168/1/8353 5164/1/8353
f 5164/1/8354 5168/1/8354 5169/1/8354
f 5164/1/8355 5169/1/8355 5154/1/8355
f 5154/1/8356 5169/1/8356 5170/1/8356
f 5154/1/8357 5170/1/8357 5155/1/8357
f 5155/1/8358 5170/1/8358 5171/1/8358
f 5155/1/8359 5171/1/8359 5172/1/8359
f 5172/1/8360 5171/1/8360 5173/1/8360
f 5172/1/8361 5173/1/8361 5161/1/8361
f 5161/1/8362 5173/1/8362 5174/1/8362
f 5161/1/8363 5174/1/8363 5159/1/8363
f 5159/1/8364 5174/1/8364 5175/1/8364
f 5159/1/8365 5175/1/8365 5157/1/8365
f 5157/1/8366 5175/1/8366 5176/1/8366
f 5157/1/8367 5176/1/8367 5134/1/8367
f 5160/1/8368 5177/1/8368 5161/1/8368
f 5161/1/8369 5177/1/8369 5178/1/8369
f 5161/1/8370 5178/1/8370 5172/1/8370
f 5172/1/8371 5178/1/8371 5179/1/8371
f 5172/1/8372 5179/1/8372 5155/1/8372
f 5155/1/8373 5179/1/8373 5180/1/8373
f 5155/1/8374 5180/1/8374 5156/1/8374
f 5169/1/8375 5148/1/8375 5170/1/8375
f 5170/1/8376 5148/1/8376 5150/1/8376
f 5170/1/8377 5150/1/8377 5171/1/8377
f 5171/1/8378 5150/1/8378 5152/1/8378
f 5171/1/8379 5152/1/8379 5173/1/8379
f 5173/1/8380 5152/1/8380 5145/1/8380
f 5173/1/8381 5145/1/8381 5174/1/8381
f 5174/1/8382 5145/1/8382 5143/1/8382
f 5174/1/8383 5143/1/8383 5175/1/8383
f 5175/1/8384 5143/1/8384 5141/1/8384
f 5175/1/8385 5141/1/8385 5176/1/8385
f 5176/1/8386 5141/1/8386 5140/1/8386
f 5176/1/8387 5140/1/8387 5134/1/8387
f 5134/1/8388 5140/1/8388 5181/1/8388
f 5134/1/8389 5181/1/8389 5137/1/8389
f 4908/1/14 4909/1/14 5182/1/14
f 5010/1/14 5011/1/14 5183/1/14
f 5183/1/14 5011/1/14 5184/1/14
f 5182/1/14 4909/1/14 5185/1/14
f 4909/1/14 4910/1/14 5185/1/14
f 5185/1/14 4910/1/14 4911/1/14
f 5185/1/14 4911/1/14 5186/1/14
f 4911/1/14 4912/1/14 5186/1/14
f 5186/1/14 4912/1/14 4913/1/14
f 5186/1/14 4913/1/14 5187/1/14
f 5016/1/14 1176/1/14 5018/1/14
f 5018/1/14 1176/1/14 4906/1/14
f 5018/1/14 4906/1/14 5011/1/14
f 4913/1/14 4915/1/14 5187/1/14
f 5187/1/14 4915/1/14 4918/1/14
f 5187/1/14 4918/1/14 5188/1/14
f 5184/1/14 5011/1/14 5189/1/14
f 5189/1/14 5011/1/14 4906/1/14
f 5189/1/14 4906/1/14 5182/1/14
f 5182/1/14 4906/1/14 4907/1/14
f 5182/1/14 4907/1/14 4908/1/14
f 4901/1/14 4905/1/14 1186/1/14
f 4918/1/14 4917/1/14 5188/1/14
f 5188/1/14 4917/1/14 5019/1/14
f 5188/1/14 5019/1/14 5190/1/14
f 5190/1/14 5019/1/14 5020/1/14
f 5190/1/14 5020/1/14 5021/1/14
f 5021/1/14 5022/1/14 5190/1/14
f 5190/1/14 5022/1/14 5023/1/14
f 5190/1/14 5023/1/14 5025/1/14
f 1186/1/14 1166/1/14 4901/1/14
f 4901/1/14 1166/1/14 1168/1/14
f 4901/1/14 1168/1/14 4902/1/14
f 4902/1/14 1168/1/14 1170/1/14
f 4902/1/14 1170/1/14 5014/1/14
f 5014/1/14 1170/1/14 1172/1/14
f 5014/1/14 1172/1/14 5016/1/14
f 5016/1/14 1172/1/14 1174/1/14
f 5016/1/14 1174/1/14 1176/1/14
f 5185/1/8390 5186/1/8390 5191/1/8390
f 5192/1/8391 5009/1/8391 5010/1/8391
f 5010/1/8391 5183/1/8391 5192/1/8391
f 5192/1/8392 5183/1/8392 5184/1/8392
f 5192/1/8392 5184/1/8392 5193/1/8392
f 5193/1/8393 5184/1/8393 5189/1/8393
f 5193/1/8393 5189/1/8393 5194/1/8393
f 5194/1/8394 5189/1/8394 5182/1/8394
f 5194/1/8394 5182/1/8394 5195/1/8394
f 5195/1/8395 5182/1/8395 5185/1/8395
f 5195/1/8395 5185/1/8395 5196/1/8395
f 5196/1/8396 5185/1/8396 5191/1/8396
f 4955/1/14 4958/1/14 5191/1/14
f 5191/1/14 4958/1/14 4961/1/14
f 5197/1/14 4953/1/14 5198/1/14
f 5198/1/14 4953/1/14 4955/1/14
f 5198/1/14 4955/1/14 5199/1/14
f 5199/1/14 4955/1/14 5191/1/14
f 5194/1/14 5195/1/14 5193/1/14
f 5193/1/14 5195/1/14 5196/1/14
f 5193/1/14 5196/1/14 5192/1/14
f 5192/1/14 5196/1/14 5191/1/14
f 5192/1/14 5191/1/14 5009/1/14
f 5009/1/14 5191/1/14 4961/1/14
f 5200/1/8397 4942/1/8397 4941/1/8397
f 4953/1/8398 5197/1/8398 4951/1/8398
f 4951/1/8399 5197/1/8399 5201/1/8399
f 4951/1/8400 5201/1/8400 4949/1/8400
f 4949/1/8401 5201/1/8401 5202/1/8401
f 4949/1/8402 5202/1/8402 4947/1/8402
f 4947/1/8403 5202/1/8403 5203/1/8403
f 4947/1/8404 5203/1/8404 4945/1/8404
f 4945/1/8405 5203/1/8405 5204/1/8405
f 4945/1/8406 5204/1/8406 4938/1/8406
f 4938/1/8407 5204/1/8407 5205/1/8407
f 4938/1/8408 5205/1/8408 4939/1/8408
f 4939/1/8409 5205/1/8409 5206/1/8409
f 4939/1/8410 5206/1/8410 4941/1/8410
f 4941/1/8411 5206/1/8411 5207/1/8411
f 4941/1/8412 5207/1/8412 5200/1/8412
f 4942/1/8413 5200/1/8413 4944/1/8413
f 4944/1/8414 5200/1/8414 5208/1/8414
f 4944/1/8415 5208/1/8415 4928/1/8415
f 4928/1/8416 5208/1/8416 4926/1/8416
f 4926/1/8417 5208/1/8417 5209/1/8417
f 4926/1/8418 5209/1/8418 4924/1/8418
f 4924/1/8419 5209/1/8419 5210/1/8419
f 4924/1/8420 5210/1/8420 4929/1/8420
f 4929/1/8421 5210/1/8421 5211/1/8421
f 4929/1/8422 5211/1/8422 4930/1/8422
f 4930/1/8423 5211/1/8423 5212/1/8423
f 4930/1/8424 5212/1/8424 4931/1/8424
f 4931/1/8425 5212/1/8425 5213/1/8425
f 4931/1/8426 5213/1/8426 4923/1/8426
f 5213/1/498 5029/1/498 4923/1/498
f 4923/1/498 5029/1/498 4937/1/498
f 5214/1/8427 5215/1/8427 5216/1/8427
f 5217/1/8428 5218/1/8428 5219/1/8428
f 5219/1/8429 5218/1/8429 5220/1/8429
f 5220/1/8429 5218/1/8429 5221/1/8429
f 5221/1/8430 5218/1/8430 5222/1/8430
f 5221/1/8431 5222/1/8431 5223/1/8431
f 5223/1/8432 5222/1/8432 5224/1/8432
f 5224/1/8433 5222/1/8433 5225/1/8433
f 5224/1/8434 5225/1/8434 5226/1/8434
f 5219/1/8435 5214/1/8435 5217/1/8435
f 5217/1/8436 5214/1/8436 5216/1/8436
f 5217/1/8437 5216/1/8437 5227/1/8437
f 5227/1/8438 5216/1/8438 5228/1/8438
f 5227/1/8438 5228/1/8438 5229/1/8438
f 5230/1/8439 5225/1/8439 5231/1/8439
f 5231/1/8440 5225/1/8440 5222/1/8440
f 5231/1/8441 5222/1/8441 5232/1/8441
f 5232/1/8442 5222/1/8442 5218/1/8442
f 5232/1/8443 5218/1/8443 5233/1/8443
f 5233/1/8444 5218/1/8444 5217/1/8444
f 5233/1/8445 5217/1/8445 5234/1/8445
f 5234/1/8446 5217/1/8446 5227/1/8446
f 5235/1/8447 5236/1/8447 5237/1/8447
f 5238/1/8448 5239/1/8448 5240/1/8448
f 5241/1/8449 5242/1/8449 5243/1/8449
f 5244/1/8450 5228/1/8450 5216/1/8450
f 5245/1/8451 5149/1/8451 5148/1/8451
f 5245/1/8452 5148/1/8452 5246/1/8452
f 5247/1/8453 5248/1/8453 5246/1/8453
f 5249/1/8454 5250/1/8454 5251/1/8454
f 5251/1/8455 5250/1/8455 5252/1/8455
f 5251/1/8456 5252/1/8456 5253/1/8456
f 5253/1/8457 5252/1/8457 5254/1/8457
f 5253/1/8458 5254/1/8458 5255/1/8458
f 5215/1/8459 5256/1/8459 5257/1/8459
f 5257/1/8460 5256/1/8460 5258/1/8460
f 5257/1/8461 5258/1/8461 5259/1/8461
f 5259/1/8462 5258/1/8462 5260/1/8462
f 5259/1/8463 5260/1/8463 5251/1/8463
f 5251/1/8464 5260/1/8464 5261/1/8464
f 5251/1/8465 5261/1/8465 5249/1/8465
f 5262/1/8466 5263/1/8466 5244/1/8466
f 5244/1/8467 5263/1/8467 5264/1/8467
f 5244/1/8468 5264/1/8468 5228/1/8468
f 5228/1/8469 5264/1/8469 5265/1/8469
f 5228/1/8470 5265/1/8470 5229/1/8470
f 5266/1/8471 5241/1/8471 5267/1/8471
f 5267/1/8472 5241/1/8472 5243/1/8472
f 5267/1/8473 5243/1/8473 5268/1/8473
f 5268/1/8474 5243/1/8474 5237/1/8474
f 5216/1/8475 5266/1/8475 5244/1/8475
f 5244/1/8476 5266/1/8476 5267/1/8476
f 5244/1/8477 5267/1/8477 5262/1/8477
f 5262/1/8478 5267/1/8478 5268/1/8478
f 5262/1/8479 5268/1/8479 5269/1/8479
f 5269/1/8480 5268/1/8480 5237/1/8480
f 5269/1/8481 5237/1/8481 5270/1/8481
f 5270/1/8482 5237/1/8482 5236/1/8482
f 5271/1/8483 5272/1/8483 5273/1/8483
f 5273/1/8484 5272/1/8484 5274/1/8484
f 5273/1/8485 5274/1/8485 5238/1/8485
f 5238/1/8486 5274/1/8486 5275/1/8486
f 5238/1/8487 5275/1/8487 5239/1/8487
f 5166/1/8488 5276/1/8488 5167/1/8488
f 5167/1/8489 5276/1/8489 5277/1/8489
f 5167/1/8490 5277/1/8490 5168/1/8490
f 5276/1/8491 5278/1/8491 5277/1/8491
f 5277/1/8492 5278/1/8492 5247/1/8492
f 5277/1/8493 5247/1/8493 5279/1/8493
f 5165/1/8494 5271/1/8494 5166/1/8494
f 5166/1/8495 5271/1/8495 5273/1/8495
f 5166/1/8496 5273/1/8496 5276/1/8496
f 5276/1/8497 5273/1/8497 5238/1/8497
f 5276/1/8498 5238/1/8498 5278/1/8498
f 5278/1/8499 5238/1/8499 5240/1/8499
f 5278/1/8500 5240/1/8500 5247/1/8500
f 5272/1/8501 5280/1/8501 5274/1/8501
f 5274/1/8502 5280/1/8502 5281/1/8502
f 5274/1/8503 5281/1/8503 5275/1/8503
f 5275/1/8504 5281/1/8504 5282/1/8504
f 5275/1/8505 5282/1/8505 5283/1/8505
f 5242/1/8506 5240/1/8506 5243/1/8506
f 5243/1/8507 5240/1/8507 5239/1/8507
f 5243/1/8508 5239/1/8508 5237/1/8508
f 5237/1/8509 5239/1/8509 5275/1/8509
f 5237/1/8510 5275/1/8510 5235/1/8510
f 5235/1/8511 5275/1/8511 5283/1/8511
f 5247/1/8512 5246/1/8512 5279/1/8512
f 5279/1/8513 5246/1/8513 5148/1/8513
f 5279/1/8514 5148/1/8514 5277/1/8514
f 5277/1/8490 5148/1/8490 5169/1/8490
f 5277/1/8490 5169/1/8490 5168/1/8490
f 5216/1/8515 5215/1/8515 5266/1/8515
f 5266/1/8516 5215/1/8516 5257/1/8516
f 5266/1/8517 5257/1/8517 5241/1/8517
f 5241/1/8518 5257/1/8518 5259/1/8518
f 5241/1/8519 5259/1/8519 5242/1/8519
f 5242/1/8520 5259/1/8520 5251/1/8520
f 5242/1/8521 5251/1/8521 5240/1/8521
f 5240/1/8522 5251/1/8522 5253/1/8522
f 5240/1/8523 5253/1/8523 5247/1/8523
f 5247/1/8524 5253/1/8524 5255/1/8524
f 5247/1/8525 5255/1/8525 5248/1/8525
f 5284/1/8526 5285/1/8526 5147/1/8526
f 4824/1/8527 5286/1/8527 5287/1/8527
f 5286/1/8528 4824/1/8528 5288/1/8528
f 5288/1/8529 4824/1/8529 4828/1/8529
f 5288/1/8530 4828/1/8530 5289/1/8530
f 5290/1/8531 5291/1/8531 4826/1/8531
f 4826/1/8532 5291/1/8532 5292/1/8532
f 4826/1/8533 5292/1/8533 4828/1/8533
f 4828/1/8534 5292/1/8534 5293/1/8534
f 4828/1/8535 5293/1/8535 5289/1/8535
f 4826/1/8536 4833/1/8536 5290/1/8536
f 5290/1/8537 4833/1/8537 4834/1/8537
f 5290/1/8538 4834/1/8538 5294/1/8538
f 5294/1/8539 4834/1/8539 5139/1/8539
f 5294/1/8540 5139/1/8540 5295/1/8540
f 5295/1/8541 5139/1/8541 5138/1/8541
f 5295/1/8542 5138/1/8542 5296/1/8542
f 5296/1/8543 5138/1/8543 5137/1/8543
f 5140/1/8544 5297/1/8544 5181/1/8544
f 5181/1/8545 5297/1/8545 5298/1/8545
f 5181/1/8546 5298/1/8546 5137/1/8546
f 5137/1/8547 5298/1/8547 5299/1/8547
f 5137/1/8548 5299/1/8548 5296/1/8548
f 5300/1/8549 5301/1/8549 5140/1/8549
f 5140/1/8550 5301/1/8550 5302/1/8550
f 5140/1/8551 5302/1/8551 5297/1/8551
f 5146/1/8552 5303/1/8552 5144/1/8552
f 5144/1/8553 5303/1/8553 5300/1/8553
f 5144/1/8554 5300/1/8554 5142/1/8554
f 5142/1/8555 5300/1/8555 5140/1/8555
f 5304/1/8556 5305/1/8556 5146/1/8556
f 5147/1/8557 5285/1/8557 5146/1/8557
f 5146/1/8558 5285/1/8558 5306/1/8558
f 5146/1/8559 5306/1/8559 5304/1/8559
f 5305/1/8560 5307/1/8560 5146/1/8560
f 5146/1/8561 5307/1/8561 5308/1/8561
f 5146/1/8562 5308/1/8562 5303/1/8562
f 5284/1/8563 5147/1/8563 5309/1/8563
f 5309/1/8564 5147/1/8564 5153/1/8564
f 5309/1/8565 5153/1/8565 5310/1/8565
f 5245/1/8566 5311/1/8566 5149/1/8566
f 5149/1/8567 5311/1/8567 5310/1/8567
f 5149/1/8568 5310/1/8568 5151/1/8568
f 5151/1/8569 5310/1/8569 5153/1/8569
f 4822/1/8570 5312/1/8570 4821/1/8570
f 4821/1/8571 5312/1/8571 5127/1/8571
f 5287/1/8572 5313/1/8572 4824/1/8572
f 4824/1/8573 5313/1/8573 5314/1/8573
f 4824/1/8574 5314/1/8574 4823/1/8574
f 4823/1/8575 5314/1/8575 5315/1/8575
f 4823/1/8576 5315/1/8576 4822/1/8576
f 4822/1/8577 5315/1/8577 5316/1/8577
f 4822/1/8578 5316/1/8578 5312/1/8578
f 5309/1/8579 5310/1/8579 5317/1/8579
f 4898/1/8580 5316/1/8580 4895/1/8580
f 4895/1/8581 5316/1/8581 5315/1/8581
f 4895/1/8582 5315/1/8582 5314/1/8582
f 5314/1/8582 5313/1/8582 4895/1/8582
f 4895/1/8583 5313/1/8583 5287/1/8583
f 4895/1/8584 5287/1/8584 4892/1/8584
f 4900/1/8585 5127/1/8585 4898/1/8585
f 4898/1/8586 5127/1/8586 5312/1/8586
f 4898/1/8587 5312/1/8587 5316/1/8587
f 4841/1/8588 5318/1/8588 4838/1/8588
f 4838/1/8589 5318/1/8589 5319/1/8589
f 4838/1/8590 5319/1/8590 4839/1/8590
f 5320/1/8591 5305/1/8591 5304/1/8591
f 5304/1/8592 5306/1/8592 5320/1/8592
f 5320/1/8593 5306/1/8593 5285/1/8593
f 5320/1/8594 5285/1/8594 5317/1/8594
f 5317/1/8595 5285/1/8595 5284/1/8595
f 5317/1/8596 5284/1/8596 5309/1/8596
f 5303/1/8597 5308/1/8597 5320/1/8597
f 5320/1/8598 5308/1/8598 5307/1/8598
f 5320/1/8599 5307/1/8599 5305/1/8599
f 4874/1/8600 5302/1/8600 5301/1/8600
f 4874/1/8601 5301/1/8601 4873/1/8601
f 4878/1/8602 5299/1/8602 4876/1/8602
f 4876/1/8603 5299/1/8603 5298/1/8603
f 4876/1/8604 5298/1/8604 4874/1/8604
f 4874/1/8605 5298/1/8605 5297/1/8605
f 4874/1/8606 5297/1/8606 5302/1/8606
f 4880/1/8607 5295/1/8607 4878/1/8607
f 4878/1/8608 5295/1/8608 5296/1/8608
f 4878/1/8609 5296/1/8609 5299/1/8609
f 4882/1/8610 5290/1/8610 4880/1/8610
f 4880/1/8611 5290/1/8611 5294/1/8611
f 4880/1/8612 5294/1/8612 5295/1/8612
f 4884/1/8613 5292/1/8613 4882/1/8613
f 4882/1/8614 5292/1/8614 5291/1/8614
f 4882/1/8615 5291/1/8615 5290/1/8615
f 5287/1/8616 5286/1/8616 4892/1/8616
f 4892/1/8617 5286/1/8617 5288/1/8617
f 4892/1/8618 5288/1/8618 4889/1/8618
f 4889/1/8619 5288/1/8619 5289/1/8619
f 4889/1/8620 5289/1/8620 4884/1/8620
f 4884/1/8621 5289/1/8621 5293/1/8621
f 4884/1/8622 5293/1/8622 5292/1/8622
f 4843/1/8623 4845/1/8623 5321/1/8623
f 5321/1/8624 5322/1/8624 4843/1/8624
f 4843/1/8625 5322/1/8625 5323/1/8625
f 4843/1/8626 5323/1/8626 4841/1/8626
f 4841/1/8627 5323/1/8627 5324/1/8627
f 4841/1/8628 5324/1/8628 5318/1/8628
f 4854/1/8629 4857/1/8629 5325/1/8629
f 5326/1/8630 4851/1/8630 5327/1/8630
f 5327/1/8631 4851/1/8631 4854/1/8631
f 5327/1/8632 4854/1/8632 5328/1/8632
f 5328/1/8633 4854/1/8633 5325/1/8633
f 5326/1/8634 5329/1/8634 4851/1/8634
f 4851/1/8635 5329/1/8635 5330/1/8635
f 4851/1/8636 5330/1/8636 4849/1/8636
f 4849/1/8637 5330/1/8637 4847/1/8637
f 5330/1/8638 5331/1/8638 4847/1/8638
f 4847/1/8639 5331/1/8639 5332/1/8639
f 4847/1/8640 5332/1/8640 4845/1/8640
f 4845/1/8641 5332/1/8641 5333/1/8641
f 4845/1/8642 5333/1/8642 5321/1/8642
f 5334/1/8643 5335/1/8643 4862/1/8643
f 5301/1/8644 5300/1/8644 4873/1/8644
f 4873/1/8645 5300/1/8645 5303/1/8645
f 4873/1/8646 5303/1/8646 4871/1/8646
f 4871/1/8647 5303/1/8647 5320/1/8647
f 4871/1/8648 5320/1/8648 4868/1/8648
f 4868/1/8649 5320/1/8649 5317/1/8649
f 4868/1/8650 5317/1/8650 4866/1/8650
f 4866/1/8651 5317/1/8651 5310/1/8651
f 4866/1/8652 5310/1/8652 4864/1/8652
f 4864/1/8653 5310/1/8653 5311/1/8653
f 4864/1/8654 5311/1/8654 4862/1/8654
f 4862/1/8655 5311/1/8655 5336/1/8655
f 4862/1/8656 5336/1/8656 5334/1/8656
f 5337/1/8657 5338/1/8657 5339/1/8657
f 5339/1/8658 5338/1/8658 5340/1/8658
f 5339/1/8659 5340/1/8659 5341/1/8659
f 5335/1/8660 5341/1/8660 4862/1/8660
f 4862/1/8661 5341/1/8661 5340/1/8661
f 4862/1/8662 5340/1/8662 4861/1/8662
f 4861/1/8663 5340/1/8663 5338/1/8663
f 4861/1/8664 5338/1/8664 4859/1/8664
f 4859/1/8665 5338/1/8665 4857/1/8665
f 5337/1/8666 5342/1/8666 5338/1/8666
f 5338/1/8667 5342/1/8667 5343/1/8667
f 5338/1/8668 5343/1/8668 4857/1/8668
f 4857/1/8669 5343/1/8669 5344/1/8669
f 4857/1/8670 5344/1/8670 5325/1/8670
f 5345/1/8671 5346/1/8671 5347/1/8671
f 5347/1/8672 5346/1/8672 5348/1/8672
f 5347/1/8673 5348/1/8673 5349/1/8673
f 5349/1/8674 5348/1/8674 5350/1/8674
f 5349/1/8675 5350/1/8675 5351/1/8675
f 5351/1/8676 5350/1/8676 5352/1/8676
f 5351/1/8677 5352/1/8677 5353/1/8677
f 5353/1/8678 5352/1/8678 5354/1/8678
f 5353/1/8679 5354/1/8679 5355/1/8679
f 5355/1/8680 5354/1/8680 5356/1/8680
f 5355/1/8681 5356/1/8681 5357/1/8681
f 5357/1/8682 5356/1/8682 5358/1/8682
f 5357/1/8683 5358/1/8683 4835/1/8683
f 4835/1/8684 5358/1/8684 5359/1/8684
f 4835/1/8685 5359/1/8685 4836/1/8685
f 5360/1/8686 5345/1/8686 5361/1/8686
f 5361/1/8687 5345/1/8687 5347/1/8687
f 5361/1/8688 5347/1/8688 5362/1/8688
f 5362/1/8689 5347/1/8689 5349/1/8689
f 5362/1/8690 5349/1/8690 5363/1/8690
f 5363/1/8691 5349/1/8691 5364/1/8691
f 5364/1/8692 5349/1/8692 5351/1/8692
f 5364/1/8693 5351/1/8693 5365/1/8693
f 5365/1/8694 5351/1/8694 5353/1/8694
f 5365/1/8695 5353/1/8695 5366/1/8695
f 5366/1/8696 5353/1/8696 5355/1/8696
f 5366/1/8697 5355/1/8697 5367/1/8697
f 5367/1/8698 5355/1/8698 5368/1/8698
f 5368/1/8699 5355/1/8699 5357/1/8699
f 5368/1/8700 5357/1/8700 5369/1/8700
f 5369/1/8701 5357/1/8701 4835/1/8701
f 5369/1/8702 4835/1/8702 4839/1/8702
f 5360/1/8703 5361/1/8703 5370/1/8703
f 5370/1/8703 5361/1/8703 5371/1/8703
f 5360/1/8704 5370/1/8704 5372/1/8704
f 5372/1/8705 5373/1/8705 5374/1/8705
f 5346/1/8706 5374/1/8706 5375/1/8706
f 5376/1/8707 5377/1/8707 5354/1/8707
f 4976/1/8708 4836/1/8708 5378/1/8708
f 5378/1/8709 4836/1/8709 5359/1/8709
f 5378/1/8710 5359/1/8710 5379/1/8710
f 5379/1/8711 5359/1/8711 5380/1/8711
f 5354/1/8712 5377/1/8712 5356/1/8712
f 5356/1/8713 5377/1/8713 5381/1/8713
f 5356/1/8714 5381/1/8714 5358/1/8714
f 5358/1/8715 5381/1/8715 5359/1/8715
f 5359/1/8716 5381/1/8716 5382/1/8716
f 5359/1/8717 5382/1/8717 5380/1/8717
f 5383/1/8718 5384/1/8718 5354/1/8718
f 5354/1/8719 5384/1/8719 5385/1/8719
f 5354/1/8720 5385/1/8720 5376/1/8720
f 5354/1/8721 5352/1/8721 5383/1/8721
f 5383/1/8722 5352/1/8722 5350/1/8722
f 5383/1/8723 5350/1/8723 5375/1/8723
f 5375/1/8724 5350/1/8724 5348/1/8724
f 5375/1/8725 5348/1/8725 5346/1/8725
f 5374/1/8726 5346/1/8726 5372/1/8726
f 5372/1/8727 5346/1/8727 5345/1/8727
f 5372/1/8728 5345/1/8728 5360/1/8728
f 4920/1/8729 4919/1/8729 5386/1/8729
f 5386/1/8730 4919/1/8730 5387/1/8730
f 4919/1/8731 4977/1/8731 5387/1/8731
f 5387/1/8732 4977/1/8732 4976/1/8732
f 5387/1/8733 4976/1/8733 5388/1/8733
f 5388/1/8734 4976/1/8734 5378/1/8734
f 5388/1/8735 5378/1/8735 5379/1/8735
f 4963/1/8736 4966/1/8736 5389/1/8736
f 5389/1/8737 4966/1/8737 4965/1/8737
f 5389/1/8738 4965/1/8738 4975/1/8738
f 5390/1/8739 5389/1/8739 5391/1/8739
f 5391/1/8740 5389/1/8740 4975/1/8740
f 5391/1/8741 4975/1/8741 5386/1/8741
f 5386/1/8742 4975/1/8742 4974/1/8742
f 5386/1/8743 4974/1/8743 4920/1/8743
f 4940/1/8744 4943/1/8744 5392/1/8744
f 5392/1/8745 4943/1/8745 4927/1/8745
f 5392/1/8746 4927/1/8746 4925/1/8746
f 4963/1/8747 5389/1/8747 4962/1/8747
f 4962/1/8748 5389/1/8748 5393/1/8748
f 4962/1/8749 5393/1/8749 4925/1/8749
f 4925/1/8750 5393/1/8750 5394/1/8750
f 4925/1/8751 5394/1/8751 5392/1/8751
f 5395/1/8752 4959/1/8752 4957/1/8752
f 4957/1/8753 4956/1/8753 5395/1/8753
f 5395/1/8754 4956/1/8754 4954/1/8754
f 5395/1/8755 4954/1/8755 4952/1/8755
f 5396/1/8756 5397/1/8756 4946/1/8756
f 5396/1/8757 4946/1/8757 5398/1/8757
f 4940/1/8758 5392/1/8758 4946/1/8758
f 4946/1/8759 5392/1/8759 5399/1/8759
f 4946/1/8760 5399/1/8760 5398/1/8760
f 5397/1/8761 5400/1/8761 4946/1/8761
f 4946/1/8762 5400/1/8762 5401/1/8762
f 4946/1/8763 5401/1/8763 5402/1/8763
f 5402/1/8764 5403/1/8764 4946/1/8764
f 4946/1/8765 5403/1/8765 5404/1/8765
f 4946/1/8766 5404/1/8766 5405/1/8766
f 4952/1/8767 4950/1/8767 5395/1/8767
f 5395/1/8768 4950/1/8768 4948/1/8768
f 5395/1/8769 4948/1/8769 5406/1/8769
f 5406/1/8770 4948/1/8770 4946/1/8770
f 5406/1/8771 4946/1/8771 5407/1/8771
f 5407/1/8772 4946/1/8772 5405/1/8772
f 5395/1/8773 5024/1/8773 1393/1/8773
f 1165/1/545 1183/1/545 4903/1/545
f 1165/1/545 4903/1/545 1167/1/545
f 4960/1/545 4914/1/545 1146/1/545
f 5017/1/545 1159/1/545 5015/1/545
f 5015/1/545 1159/1/545 1175/1/545
f 5015/1/545 1175/1/545 5013/1/545
f 5013/1/545 1175/1/545 1173/1/545
f 5013/1/545 1173/1/545 4904/1/545
f 4904/1/545 1173/1/545 1171/1/545
f 4904/1/545 1171/1/545 4903/1/545
f 4903/1/545 1171/1/545 1169/1/545
f 4903/1/545 1169/1/545 1167/1/545
f 1397/1/545 1399/1/545 4959/1/545
f 4959/1/545 1399/1/545 1401/1/545
f 4959/1/545 1401/1/545 4960/1/545
f 4960/1/545 1401/1/545 4916/1/545
f 4960/1/545 4916/1/545 4914/1/545
f 1146/1/545 1147/1/545 4960/1/545
f 4960/1/545 1147/1/545 1149/1/545
f 4960/1/545 1149/1/545 1151/1/545
f 5395/1/8774 1393/1/8774 4959/1/8774
f 4959/1/545 1393/1/545 1395/1/545
f 4959/1/545 1395/1/545 1397/1/545
f 1151/1/545 1152/1/545 4960/1/545
f 4960/1/545 1152/1/545 1153/1/545
f 4960/1/545 1153/1/545 5012/1/545
f 5012/1/545 1153/1/545 1155/1/545
f 5012/1/545 1155/1/545 5017/1/545
f 5017/1/545 1155/1/545 1144/1/545
f 5017/1/545 1144/1/545 1159/1/545
f 5408/1/8775 5409/1/8775 5410/1/8775
f 5410/1/8776 5409/1/8776 5411/1/8776
f 5410/1/8777 5411/1/8777 5024/1/8777
f 5024/1/8778 5411/1/8778 5025/1/8778
f 5412/1/8779 5413/1/8779 5408/1/8779
f 5408/1/8780 5413/1/8780 5414/1/8780
f 5408/1/8781 5414/1/8781 5409/1/8781
f 5415/1/8782 5416/1/8782 5412/1/8782
f 5412/1/8783 5416/1/8783 5417/1/8783
f 5412/1/8784 5417/1/8784 5413/1/8784
f 5418/1/8785 1593/1/8785 5415/1/8785
f 5415/1/8786 1593/1/8786 5419/1/8786
f 5415/1/8787 5419/1/8787 5416/1/8787
f 5418/1/8788 5420/1/8788 1593/1/8788
f 1593/1/8789 5420/1/8789 5421/1/8789
f 5422/1/8790 1586/1/8790 5423/1/8790
f 5423/1/8791 1586/1/8791 5424/1/8791
f 5423/1/8792 5424/1/8792 5425/1/8792
f 5424/1/8793 1592/1/8793 5425/1/8793
f 5425/1/8794 1592/1/8794 1591/1/8794
f 5425/1/8795 1591/1/8795 5426/1/8795
f 5426/1/8796 1591/1/8796 5427/1/8796
f 5427/1/8797 1591/1/8797 5428/1/8797
f 5427/1/8798 5428/1/8798 5429/1/8798
f 5429/1/8799 5428/1/8799 1590/1/8799
f 5429/1/8800 1590/1/8800 5430/1/8800
f 5430/1/8801 1590/1/8801 5421/1/8801
f 5430/1/8802 5421/1/8802 5420/1/8802
f 5431/1/8803 5190/1/8803 5025/1/8803
f 5432/1/8804 5433/1/8804 5424/1/8804
f 5424/1/8805 5433/1/8805 5434/1/8805
f 5424/1/8806 5434/1/8806 1592/1/8806
f 1592/1/8807 5434/1/8807 1591/1/8807
f 1591/1/8808 5434/1/8808 5435/1/8808
f 1591/1/8809 5435/1/8809 5428/1/8809
f 5435/1/8810 5436/1/8810 5428/1/8810
f 5428/1/8811 5436/1/8811 5437/1/8811
f 5428/1/8812 5437/1/8812 5438/1/8812
f 5431/1/8813 5025/1/8813 5439/1/8813
f 5409/1/8814 5414/1/8814 5440/1/8814
f 5409/1/8815 5440/1/8815 5411/1/8815
f 5414/1/8816 5413/1/8816 5440/1/8816
f 5440/1/8817 5413/1/8817 5417/1/8817
f 5440/1/8818 5417/1/8818 5416/1/8818
f 5416/1/8819 5419/1/8819 5440/1/8819
f 5440/1/8820 5419/1/8820 1593/1/8820
f 5440/1/8821 1593/1/8821 5421/1/8821
f 5438/1/8822 5441/1/8822 5428/1/8822
f 5428/1/8823 5441/1/8823 5440/1/8823
f 5428/1/8824 5440/1/8824 1590/1/8824
f 1590/1/8825 5440/1/8825 5421/1/8825
f 5411/1/8826 5440/1/8826 5025/1/8826
f 5025/1/8827 5440/1/8827 5442/1/8827
f 5025/1/8828 5442/1/8828 5439/1/8828
f 5443/1/8829 5444/1/8829 5445/1/8829
f 5445/1/8830 5444/1/8830 5446/1/8830
f 5445/1/8831 5446/1/8831 5447/1/8831
f 5447/1/8832 5446/1/8832 5448/1/8832
f 5447/1/8833 5448/1/8833 5449/1/8833
f 5449/1/8834 5448/1/8834 5450/1/8834
f 5449/1/8835 5450/1/8835 5451/1/8835
f 5451/1/8836 5450/1/8836 5452/1/8836
f 5451/1/8837 5452/1/8837 1586/1/8837
f 1586/1/8838 5452/1/8838 5453/1/8838
f 1586/1/8839 5453/1/8839 5424/1/8839
f 5424/1/8840 5453/1/8840 5454/1/8840
f 5424/1/8841 5454/1/8841 5432/1/8841
f 5444/1/8842 5443/1/8842 5455/1/8842
f 5455/1/8843 5443/1/8843 5456/1/8843
f 5455/1/8844 5456/1/8844 5457/1/8844
f 5457/1/8845 5456/1/8845 5458/1/8845
f 5457/1/8846 5458/1/8846 5459/1/8846
f 5459/1/8847 5458/1/8847 5460/1/8847
f 5436/1/8848 5032/1/8848 5026/1/8848
f 5030/1/8849 5029/1/8849 5436/1/8849
f 5436/1/8850 5029/1/8850 5213/1/8850
f 5436/1/8851 5213/1/8851 5212/1/8851
f 5026/1/8852 5027/1/8852 5436/1/8852
f 5436/1/8853 5027/1/8853 5028/1/8853
f 5436/1/8854 5028/1/8854 5030/1/8854
f 5212/1/8855 5211/1/8855 5436/1/8855
f 5436/1/8856 5211/1/8856 5210/1/8856
f 5436/1/8857 5210/1/8857 5437/1/8857
f 5037/1/8858 5036/1/8858 5227/1/8858
f 5037/1/8859 5227/1/8859 5038/1/8859
f 5038/1/8860 5227/1/8860 5039/1/8860
f 5039/1/8861 5227/1/8861 5229/1/8861
f 5039/1/8862 5229/1/8862 5265/1/8862
f 5435/1/8863 5033/1/8863 5436/1/8863
f 5436/1/8864 5033/1/8864 5031/1/8864
f 5436/1/8865 5031/1/8865 5032/1/8865
f 5435/1/8866 5434/1/8866 5033/1/8866
f 5033/1/8867 5434/1/8867 5433/1/8867
f 5033/1/8868 5433/1/8868 5034/1/8868
f 5034/1/8869 5433/1/8869 5432/1/8869
f 5034/1/8870 5432/1/8870 5035/1/8870
f 5263/1/8871 5042/1/8871 5041/1/8871
f 5265/1/8872 5264/1/8872 5039/1/8872
f 5039/1/8873 5264/1/8873 5263/1/8873
f 5039/1/8874 5263/1/8874 5040/1/8874
f 5040/1/8875 5263/1/8875 5041/1/8875
f 5283/1/8876 5050/1/8876 5235/1/8876
f 5235/1/8877 5050/1/8877 5047/1/8877
f 5235/1/8878 5047/1/8878 5236/1/8878
f 5047/1/8879 5046/1/8879 5236/1/8879
f 5236/1/8880 5046/1/8880 5045/1/8880
f 5236/1/8881 5045/1/8881 5270/1/8881
f 5270/1/8882 5045/1/8882 5044/1/8882
f 5270/1/8883 5044/1/8883 5269/1/8883
f 5269/1/8884 5044/1/8884 5049/1/8884
f 5269/1/8885 5049/1/8885 5262/1/8885
f 5262/1/8886 5049/1/8886 5048/1/8886
f 5262/1/8887 5048/1/8887 5263/1/8887
f 5263/1/8888 5048/1/8888 5043/1/8888
f 5263/1/8889 5043/1/8889 5042/1/8889
f 5058/1/8890 5057/1/8890 5280/1/8890
f 5280/1/8891 5057/1/8891 5056/1/8891
f 5280/1/8892 5056/1/8892 5281/1/8892
f 5056/1/8893 5055/1/8893 5281/1/8893
f 5281/1/8894 5055/1/8894 5054/1/8894
f 5281/1/8895 5054/1/8895 5282/1/8895
f 5054/1/8896 5053/1/8896 5282/1/8896
f 5282/1/8897 5053/1/8897 5052/1/8897
f 5282/1/8898 5052/1/8898 5283/1/8898
f 5283/1/8899 5052/1/8899 5051/1/8899
f 5283/1/8900 5051/1/8900 5050/1/8900
f 5164/1/8901 5163/1/8901 5061/1/8901
f 5061/1/8902 5163/1/8902 5071/1/8902
f 5058/1/8903 5280/1/8903 5059/1/8903
f 5059/1/8904 5280/1/8904 5272/1/8904
f 5059/1/8905 5272/1/8905 5060/1/8905
f 5060/1/8906 5272/1/8906 5271/1/8906
f 5060/1/8907 5271/1/8907 5061/1/8907
f 5061/1/8908 5271/1/8908 5165/1/8908
f 5061/1/8909 5165/1/8909 5164/1/8909
f 5163/1/8910 5162/1/8910 5106/1/8910
f 5106/1/8911 5105/1/8911 5163/1/8911
f 5163/1/8912 5105/1/8912 5111/1/8912
f 5163/1/8913 5111/1/8913 5080/1/8913
f 5080/1/8914 5073/1/8914 5163/1/8914
f 5163/1/8915 5073/1/8915 5072/1/8915
f 5163/1/8916 5072/1/8916 5071/1/8916
f 5178/1/8917 5177/1/8917 5119/1/8917
f 5178/1/8918 5119/1/8918 5179/1/8918
f 5179/1/8919 5119/1/8919 5095/1/8919
f 5179/1/8920 5095/1/8920 5180/1/8920
f 5180/1/8921 5095/1/8921 5091/1/8921
f 5180/1/8922 5091/1/8922 5090/1/8922
f 5090/1/8923 5097/1/8923 5180/1/8923
f 5180/1/8924 5097/1/8924 5098/1/8924
f 5180/1/8925 5098/1/8925 5099/1/8925
f 5099/1/8926 5116/1/8926 5180/1/8926
f 5180/1/8927 5116/1/8927 5103/1/8927
f 5180/1/8928 5103/1/8928 5101/1/8928
f 5162/1/8929 5156/1/8929 5106/1/8929
f 5106/1/8930 5156/1/8930 5180/1/8930
f 5106/1/8931 5180/1/8931 5100/1/8931
f 5100/1/8932 5180/1/8932 5101/1/8932
f 5135/1/8933 5124/1/8933 5133/1/8933
f 5133/1/8934 5124/1/8934 5123/1/8934
f 5133/1/8935 5123/1/8935 5158/1/8935
f 5158/1/8936 5123/1/8936 5122/1/8936
f 5122/1/8937 5118/1/8937 5158/1/8937
f 5158/1/8938 5118/1/8938 5117/1/8938
f 5158/1/8939 5117/1/8939 5160/1/8939
f 5160/1/8940 5117/1/8940 5121/1/8940
f 5160/1/8941 5121/1/8941 5177/1/8941
f 5177/1/8942 5121/1/8942 5120/1/8942
f 5177/1/8943 5120/1/8943 5119/1/8943
f 5135/1/8944 5136/1/8944 5124/1/8944
f 5124/1/8945 5136/1/8945 5130/1/8945
f 5124/1/8946 5130/1/8946 5125/1/8946
f 5125/1/8947 5130/1/8947 5131/1/8947
f 5131/1/8948 5132/1/8948 5125/1/8948
f 5125/1/8949 5132/1/8949 5129/1/8949
f 5125/1/8950 5129/1/8950 5126/1/8950
f 5126/1/8951 5129/1/8951 5128/1/8951
f 5126/1/8952 5128/1/8952 4793/1/8952
f 5233/1/8953 5432/1/8953 5232/1/8953
f 5232/1/8954 5432/1/8954 5454/1/8954
f 5232/1/8955 5454/1/8955 5231/1/8955
f 5036/1/8956 5035/1/8956 5227/1/8956
f 5227/1/8957 5035/1/8957 5432/1/8957
f 5227/1/8958 5432/1/8958 5234/1/8958
f 5234/1/8959 5432/1/8959 5233/1/8959
f 5459/1/8960 5460/1/8960 5461/1/8960
f 5446/1/8961 5444/1/8961 5455/1/8961
f 5446/1/8962 5455/1/8962 5461/1/8962
f 5461/1/8960 5455/1/8960 5457/1/8960
f 5461/1/8960 5457/1/8960 5459/1/8960
f 5461/1/8960 5462/1/8960 5463/1/8960
f 5454/1/8963 5453/1/8963 5231/1/8963
f 5231/1/8964 5453/1/8964 5452/1/8964
f 5231/1/8965 5452/1/8965 5230/1/8965
f 5230/1/8966 5452/1/8966 5450/1/8966
f 5230/1/8967 5450/1/8967 5464/1/8967
f 5464/1/8968 5450/1/8968 5448/1/8968
f 5464/1/8969 5448/1/8969 5465/1/8969
f 5465/1/8970 5448/1/8970 5446/1/8970
f 5465/1/8971 5446/1/8971 5466/1/8971
f 5466/1/8972 5446/1/8972 5467/1/8972
f 5461/1/8973 5463/1/8973 5446/1/8973
f 5446/1/8974 5463/1/8974 5468/1/8974
f 5446/1/8975 5468/1/8975 5467/1/8975
f 5437/1/8976 5210/1/8976 5438/1/8976
f 5438/1/8977 5210/1/8977 5209/1/8977
f 5438/1/8978 5209/1/8978 5441/1/8978
f 5441/1/8979 5209/1/8979 5208/1/8979
f 5441/1/8980 5208/1/8980 5200/1/8980
f 5200/1/8981 5207/1/8981 5441/1/8981
f 5441/1/8982 5207/1/8982 5206/1/8982
f 5441/1/8983 5206/1/8983 5440/1/8983
f 5440/1/8984 5206/1/8984 5205/1/8984
f 5440/1/8985 5205/1/8985 5442/1/8985
f 5442/1/8986 5205/1/8986 5204/1/8986
f 5442/1/8987 5204/1/8987 5439/1/8987
f 5204/1/8988 5203/1/8988 5439/1/8988
f 5439/1/8989 5203/1/8989 5202/1/8989
f 5439/1/8990 5202/1/8990 5431/1/8990
f 5199/1/8991 5191/1/8991 5186/1/8991
f 5202/1/8992 5201/1/8992 5431/1/8992
f 5431/1/8993 5201/1/8993 5197/1/8993
f 5431/1/8994 5197/1/8994 5190/1/8994
f 5190/1/8995 5197/1/8995 5198/1/8995
f 5190/1/8996 5198/1/8996 5188/1/8996
f 5188/1/8997 5198/1/8997 5199/1/8997
f 5188/1/8997 5199/1/8997 5187/1/8997
f 5187/1/8998 5199/1/8998 5186/1/8998
f 5225/1/8999 5230/1/8999 5464/1/8999
f 5226/1/9000 5225/1/9000 5469/1/9000
f 5469/1/9001 5225/1/9001 5464/1/9001
f 5469/1/9002 5464/1/9002 5470/1/9002
f 5464/1/9003 5465/1/9003 5470/1/9003
f 5470/1/9004 5465/1/9004 5466/1/9004
f 5470/1/9005 5466/1/9005 5471/1/9005
f 5471/1/9006 5466/1/9006 5472/1/9006
f 5466/1/9007 5467/1/9007 5472/1/9007
f 5472/1/9008 5467/1/9008 5468/1/9008
f 5472/1/9009 5468/1/9009 5473/1/9009
f 5473/1/9010 5468/1/9010 5463/1/9010
f 5473/1/9011 5463/1/9011 5474/1/9011
f 5474/1/9012 5463/1/9012 5462/1/9012
f 5475/1/9013 5219/1/9013 5220/1/9013
f 5475/1/9014 5220/1/9014 5476/1/9014
f 5476/1/9015 5220/1/9015 5221/1/9015
f 5476/1/9016 5221/1/9016 5477/1/9016
f 5477/1/9017 5221/1/9017 5223/1/9017
f 5477/1/9018 5223/1/9018 5478/1/9018
f 5479/1/9019 5480/1/9019 5481/1/9019
f 5481/1/9020 5480/1/9020 5482/1/9020
f 5478/1/9021 5483/1/9021 5484/1/9021
f 5484/1/9022 5483/1/9022 5480/1/9022
f 5484/1/9023 5480/1/9023 5485/1/9023
f 5485/1/9024 5480/1/9024 5479/1/9024
f 5480/1/9025 5471/1/9025 5482/1/9025
f 5482/1/9026 5471/1/9026 5486/1/9026
f 5482/1/9027 5486/1/9027 5487/1/9027
f 5487/1/9028 5486/1/9028 1723/1/9028
f 5223/1/9029 5224/1/9029 5478/1/9029
f 5478/1/9030 5224/1/9030 5226/1/9030
f 5478/1/9031 5226/1/9031 5483/1/9031
f 5483/1/9032 5226/1/9032 5469/1/9032
f 5483/1/9033 5469/1/9033 5480/1/9033
f 5480/1/9034 5469/1/9034 5470/1/9034
f 5480/1/9035 5470/1/9035 5471/1/9035
f 5256/1/9036 5215/1/9036 5331/1/9036
f 5331/1/9037 5215/1/9037 5332/1/9037
f 5332/1/9038 5215/1/9038 5214/1/9038
f 5332/1/9039 5214/1/9039 5333/1/9039
f 5331/1/9040 5330/1/9040 5256/1/9040
f 5256/1/9041 5330/1/9041 5329/1/9041
f 5256/1/9042 5329/1/9042 5258/1/9042
f 5258/1/9043 5329/1/9043 5326/1/9043
f 5258/1/9044 5326/1/9044 5260/1/9044
f 5260/1/9045 5326/1/9045 5327/1/9045
f 5260/1/9046 5327/1/9046 5261/1/9046
f 5261/1/9047 5327/1/9047 5328/1/9047
f 5261/1/9048 5328/1/9048 5249/1/9048
f 5249/1/9049 5328/1/9049 5325/1/9049
f 5249/1/9050 5325/1/9050 5250/1/9050
f 5250/1/9051 5325/1/9051 5252/1/9051
f 5325/1/9052 5344/1/9052 5252/1/9052
f 5252/1/9053 5344/1/9053 5343/1/9053
f 5252/1/9054 5343/1/9054 5254/1/9054
f 5343/1/9055 5342/1/9055 5254/1/9055
f 5254/1/9056 5342/1/9056 5337/1/9056
f 5254/1/9057 5337/1/9057 5255/1/9057
f 5255/1/9058 5337/1/9058 5339/1/9058
f 5255/1/9059 5339/1/9059 5248/1/9059
f 5248/1/9060 5339/1/9060 5341/1/9060
f 5311/1/9061 5245/1/9061 5246/1/9061
f 5341/1/9062 5335/1/9062 5248/1/9062
f 5248/1/9063 5335/1/9063 5334/1/9063
f 5248/1/9064 5334/1/9064 5246/1/9064
f 5246/1/9065 5334/1/9065 5336/1/9065
f 5246/1/9066 5336/1/9066 5311/1/9066
f 5214/1/9067 5219/1/9067 5333/1/9067
f 5333/1/9068 5219/1/9068 5475/1/9068
f 5333/1/9069 5475/1/9069 5321/1/9069
f 5321/1/9070 5475/1/9070 5476/1/9070
f 5477/1/9071 5323/1/9071 5476/1/9071
f 5476/1/9072 5323/1/9072 5322/1/9072
f 5476/1/9073 5322/1/9073 5321/1/9073
f 5488/1/9074 5489/1/9074 5490/1/9074
f 5490/1/9075 5489/1/9075 5491/1/9075
f 5491/1/9076 5492/1/9076 5490/1/9076
f 5490/1/9077 5492/1/9077 5493/1/9077
f 5490/1/9078 5493/1/9078 5494/1/9078
f 5494/1/9079 5495/1/9079 5490/1/9079
f 5490/1/9080 5495/1/9080 5318/1/9080
f 5490/1/9081 5318/1/9081 5477/1/9081
f 5477/1/9082 5318/1/9082 5324/1/9082
f 5477/1/9083 5324/1/9083 5323/1/9083
f 5319/1/9084 5318/1/9084 5495/1/9084
f 5495/1/9085 5494/1/9085 5319/1/9085
f 5319/1/9086 5494/1/9086 5493/1/9086
f 5319/1/9087 5493/1/9087 5492/1/9087
f 5492/1/9088 5491/1/9088 5319/1/9088
f 5319/1/9089 5491/1/9089 5489/1/9089
f 5319/1/9090 5489/1/9090 5488/1/9090
f 5366/1/9091 5367/1/9091 5496/1/9091
f 5496/1/9092 5367/1/9092 5368/1/9092
f 5496/1/9093 5368/1/9093 5497/1/9093
f 5497/1/9094 5368/1/9094 5369/1/9094
f 5497/1/9095 5369/1/9095 5488/1/9095
f 5488/1/9096 5369/1/9096 4839/1/9096
f 5488/1/9097 4839/1/9097 5319/1/9097
f 5496/1/9098 5498/1/9098 5366/1/9098
f 5366/1/9099 5498/1/9099 5499/1/9099
f 5366/1/9100 5499/1/9100 5365/1/9100
f 5365/1/9101 5499/1/9101 5500/1/9101
f 5365/1/9102 5500/1/9102 5364/1/9102
f 5364/1/9103 5500/1/9103 5501/1/9103
f 5364/1/9104 5501/1/9104 5363/1/9104
f 5363/1/9105 5501/1/9105 5502/1/9105
f 5502/1/9106 5503/1/9106 5363/1/9106
f 5363/1/9107 5503/1/9107 5504/1/9107
f 5363/1/9108 5504/1/9108 5362/1/9108
f 5362/1/9109 5504/1/9109 5361/1/9109
f 5361/1/9110 5504/1/9110 5505/1/9110
f 5361/1/9111 5505/1/9111 5506/1/9111
f 5361/1/9112 5506/1/9112 5507/1/9112
f 5361/1/9112 5507/1/9112 5371/1/9112
f 5371/1/9112 5507/1/9112 5508/1/9112
f 5371/1/9112 5508/1/9112 5509/1/9112
f 5510/1/9113 5384/1/9113 5511/1/9113
f 5511/1/9114 5384/1/9114 5383/1/9114
f 5510/1/9115 5512/1/9115 5384/1/9115
f 5384/1/9116 5512/1/9116 5513/1/9116
f 5384/1/9117 5513/1/9117 5514/1/9117
f 5514/1/9118 5515/1/9118 5384/1/9118
f 5384/1/9119 5515/1/9119 5516/1/9119
f 5384/1/9120 5516/1/9120 5517/1/9120
f 5518/1/9121 5519/1/9121 5375/1/9121
f 5375/1/9122 5519/1/9122 5520/1/9122
f 5375/1/9123 5520/1/9123 5383/1/9123
f 5383/1/9124 5520/1/9124 5521/1/9124
f 5383/1/9125 5521/1/9125 5511/1/9125
f 5370/1/9126 5371/1/9126 5522/1/9126
f 5522/1/9127 5523/1/9127 5370/1/9127
f 5370/1/9128 5523/1/9128 5524/1/9128
f 5370/1/9129 5524/1/9129 5372/1/9129
f 5372/1/9130 5524/1/9130 5525/1/9130
f 5372/1/9131 5525/1/9131 5373/1/9131
f 5373/1/9132 5525/1/9132 5526/1/9132
f 5373/1/9133 5526/1/9133 5374/1/9133
f 5374/1/9134 5526/1/9134 5527/1/9134
f 5374/1/9135 5527/1/9135 5375/1/9135
f 5375/1/9136 5527/1/9136 5528/1/9136
f 5375/1/9137 5528/1/9137 5518/1/9137
f 5529/1/9138 5381/1/9138 5377/1/9138
f 5529/1/9139 5377/1/9139 5530/1/9139
f 5530/1/9140 5377/1/9140 5376/1/9140
f 5530/1/9141 5376/1/9141 5531/1/9141
f 5517/1/9142 5532/1/9142 5384/1/9142
f 5384/1/9143 5532/1/9143 5533/1/9143
f 5384/1/9144 5533/1/9144 5385/1/9144
f 5385/1/9145 5533/1/9145 5534/1/9145
f 5385/1/9146 5534/1/9146 5376/1/9146
f 5376/1/9147 5534/1/9147 5535/1/9147
f 5376/1/9148 5535/1/9148 5531/1/9148
f 5536/1/9149 5380/1/9149 5537/1/9149
f 5537/1/9150 5380/1/9150 5382/1/9150
f 5536/1/9151 5538/1/9151 5380/1/9151
f 5380/1/9152 5538/1/9152 5539/1/9152
f 5380/1/9153 5539/1/9153 5540/1/9153
f 5529/1/9154 5541/1/9154 5381/1/9154
f 5381/1/9155 5541/1/9155 5542/1/9155
f 5381/1/9156 5542/1/9156 5382/1/9156
f 5382/1/9157 5542/1/9157 5543/1/9157
f 5382/1/9158 5543/1/9158 5537/1/9158
f 5388/1/9159 5379/1/9159 5544/1/9159
f 5544/1/9160 5379/1/9160 5380/1/9160
f 5544/1/9161 5380/1/9161 5545/1/9161
f 5545/1/9162 5380/1/9162 5540/1/9162
f 5388/1/9163 5546/1/9163 5387/1/9163
f 5387/1/9164 5546/1/9164 5547/1/9164
f 5387/1/9165 5547/1/9165 5386/1/9165
f 5386/1/9166 5547/1/9166 5548/1/9166
f 5386/1/9167 5548/1/9167 5391/1/9167
f 5391/1/9168 5548/1/9168 5422/1/9168
f 5391/1/9169 5422/1/9169 5390/1/9169
f 5397/1/9170 5396/1/9170 5408/1/9170
f 5024/1/9171 5395/1/9171 5406/1/9171
f 5406/1/9172 5407/1/9172 5024/1/9172
f 5024/1/9173 5407/1/9173 5405/1/9173
f 5024/1/9174 5405/1/9174 5404/1/9174
f 5404/1/9175 5403/1/9175 5024/1/9175
f 5024/1/9176 5403/1/9176 5402/1/9176
f 5024/1/9177 5402/1/9177 5410/1/9177
f 5410/1/9178 5402/1/9178 5401/1/9178
f 5410/1/9179 5401/1/9179 5408/1/9179
f 5408/1/9180 5401/1/9180 5400/1/9180
f 5408/1/9181 5400/1/9181 5397/1/9181
f 5420/1/9182 5418/1/9182 5398/1/9182
f 5398/1/9183 5418/1/9183 5415/1/9183
f 5398/1/9184 5415/1/9184 5396/1/9184
f 5396/1/9185 5415/1/9185 5412/1/9185
f 5396/1/9186 5412/1/9186 5408/1/9186
f 5390/1/9187 5422/1/9187 5389/1/9187
f 5389/1/9188 5422/1/9188 5423/1/9188
f 5389/1/8748 5423/1/8748 5393/1/8748
f 5393/1/9189 5423/1/9189 5425/1/9189
f 5393/1/9190 5425/1/9190 5394/1/9190
f 5394/1/9191 5425/1/9191 5426/1/9191
f 5394/1/9192 5426/1/9192 5392/1/9192
f 5392/1/9193 5426/1/9193 5427/1/9193
f 5392/1/8759 5427/1/8759 5399/1/8759
f 5399/1/9194 5427/1/9194 5429/1/9194
f 5399/1/9195 5429/1/9195 5398/1/9195
f 5398/1/9196 5429/1/9196 5430/1/9196
f 5398/1/9197 5430/1/9197 5420/1/9197
f 1586/1/9198 5422/1/9198 5549/1/9198
f 5549/1/9199 5422/1/9199 5548/1/9199
f 5549/1/9200 5548/1/9200 5550/1/9200
f 5550/1/9201 5548/1/9201 5547/1/9201
f 5550/1/9202 5547/1/9202 5551/1/9202
f 5551/1/9203 5547/1/9203 5546/1/9203
f 5551/1/9204 5546/1/9204 1585/1/9204
f 5451/1/9205 1586/1/9205 5549/1/9205
f 5451/1/9206 5549/1/9206 5449/1/9206
f 5449/1/9207 5549/1/9207 5550/1/9207
f 5449/1/9208 5550/1/9208 5447/1/9208
f 5486/1/9209 5471/1/9209 5472/1/9209
f 1723/1/9210 5486/1/9210 5552/1/9210
f 5552/1/9211 5486/1/9211 5472/1/9211
f 5552/1/9212 5472/1/9212 5553/1/9212
f 5553/1/9213 5472/1/9213 5473/1/9213
f 5553/1/9214 5473/1/9214 5554/1/9214
f 5473/1/9215 5474/1/9215 5554/1/9215
f 5554/1/9216 5474/1/9216 5462/1/9216
f 5554/1/9217 5462/1/9217 5555/1/9217
f 5555/1/9218 5462/1/9218 5461/1/9218
f 5555/1/9219 5461/1/9219 5556/1/9219
f 5556/1/9220 5461/1/9220 5460/1/9220
f 5556/1/9221 5460/1/9221 5557/1/9221
f 5557/1/9222 5460/1/9222 5458/1/9222
f 5557/1/9223 5458/1/9223 5558/1/9223
f 5558/1/9224 5458/1/9224 5559/1/9224
f 5559/1/9225 5458/1/9225 5456/1/9225
f 5559/1/9226 5456/1/9226 5560/1/9226
f 5561/1/9227 5456/1/9227 5443/1/9227
f 5561/1/9228 5562/1/9228 5456/1/9228
f 5456/1/9229 5562/1/9229 5563/1/9229
f 5456/1/9230 5563/1/9230 5560/1/9230
f 5447/1/9231 5550/1/9231 5445/1/9231
f 5445/1/9232 5550/1/9232 5551/1/9232
f 5445/1/9233 5551/1/9233 5443/1/9233
f 5443/1/9234 5551/1/9234 1585/1/9234
f 5443/1/9235 1585/1/9235 5561/1/9235
f 5488/1/9236 5564/1/9236 5497/1/9236
f 5497/1/9237 5564/1/9237 5496/1/9237
f 5557/1/9238 5509/1/9238 5508/1/9238
f 5563/1/9239 5562/1/9239 5565/1/9239
f 5566/1/9240 5567/1/9240 5559/1/9240
f 5566/1/9241 5559/1/9241 5565/1/9241
f 5565/1/9242 5559/1/9242 5560/1/9242
f 5565/1/9243 5560/1/9243 5563/1/9243
f 5567/1/9244 5568/1/9244 5559/1/9244
f 5559/1/9245 5568/1/9245 5569/1/9245
f 5559/1/9246 5569/1/9246 5558/1/9246
f 5558/1/9247 5569/1/9247 5570/1/9247
f 5558/1/9248 5570/1/9248 5557/1/9248
f 5557/1/9249 5570/1/9249 5571/1/9249
f 5557/1/9250 5571/1/9250 5572/1/9250
f 5572/1/9251 5573/1/9251 5557/1/9251
f 5557/1/9252 5573/1/9252 5509/1/9252
f 5481/1/9253 5482/1/9253 5574/1/9253
f 5574/1/9254 5482/1/9254 5487/1/9254
f 5574/1/9255 5487/1/9255 5575/1/9255
f 5575/1/9256 5487/1/9256 1723/1/9256
f 5575/1/9257 1723/1/9257 5576/1/9257
f 5576/1/9258 1723/1/9258 5552/1/9258
f 5485/1/9259 5479/1/9259 5498/1/9259
f 5498/1/9260 5496/1/9260 5485/1/9260
f 5485/1/9261 5496/1/9261 5564/1/9261
f 5485/1/9262 5564/1/9262 5484/1/9262
f 5484/1/9263 5564/1/9263 5488/1/9263
f 5484/1/9264 5488/1/9264 5478/1/9264
f 5478/1/9265 5488/1/9265 5490/1/9265
f 5478/1/9266 5490/1/9266 5477/1/9266
f 5479/1/9267 5481/1/9267 5498/1/9267
f 5498/1/9268 5481/1/9268 5574/1/9268
f 5498/1/9269 5574/1/9269 5499/1/9269
f 5499/1/9270 5574/1/9270 5500/1/9270
f 5500/1/9271 5574/1/9271 5501/1/9271
f 5501/1/9272 5574/1/9272 5575/1/9272
f 5501/1/9273 5575/1/9273 5502/1/9273
f 5502/1/9274 5575/1/9274 5503/1/9274
f 5503/1/9275 5575/1/9275 5576/1/9275
f 5503/1/9276 5576/1/9276 5504/1/9276
f 5504/1/9277 5576/1/9277 5552/1/9277
f 5504/1/9278 5552/1/9278 5505/1/9278
f 5505/1/9279 5552/1/9279 5553/1/9279
f 5505/1/9280 5553/1/9280 5506/1/9280
f 5506/1/9281 5553/1/9281 5554/1/9281
f 5506/1/9282 5554/1/9282 5507/1/9282
f 5507/1/9283 5554/1/9283 5555/1/9283
f 5507/1/9284 5555/1/9284 5508/1/9284
f 5508/1/9285 5555/1/9285 5556/1/9285
f 5508/1/9286 5556/1/9286 5557/1/9286
f 5546/1/9287 5388/1/9287 5544/1/9287
f 5544/1/9288 5545/1/9288 5546/1/9288
f 5546/1/9289 5545/1/9289 5540/1/9289
f 5546/1/9290 5540/1/9290 5539/1/9290
f 5539/1/9291 5538/1/9291 5546/1/9291
f 5546/1/9292 5538/1/9292 5536/1/9292
f 5546/1/9293 5536/1/9293 5577/1/9293
f 5577/1/9294 5536/1/9294 5537/1/9294
f 5578/1/9295 5542/1/9295 5579/1/9295
f 5579/1/9296 5542/1/9296 5541/1/9296
f 5579/1/9297 5541/1/9297 5580/1/9297
f 5578/1/9298 5581/1/9298 5542/1/9298
f 5542/1/9299 5581/1/9299 5582/1/9299
f 5542/1/9300 5582/1/9300 5543/1/9300
f 5543/1/9301 5582/1/9301 5583/1/9301
f 5543/1/9302 5583/1/9302 5537/1/9302
f 5537/1/9303 5583/1/9303 5584/1/9303
f 5537/1/9304 5584/1/9304 5577/1/9304
f 5580/1/9305 5541/1/9305 5585/1/9305
f 5585/1/9306 5541/1/9306 5529/1/9306
f 5585/1/9307 5529/1/9307 5586/1/9307
f 5529/1/9308 5530/1/9308 5586/1/9308
f 5586/1/9309 5530/1/9309 5531/1/9309
f 5586/1/9310 5531/1/9310 5587/1/9310
f 5531/1/9311 5535/1/9311 5587/1/9311
f 5587/1/9312 5535/1/9312 5534/1/9312
f 5587/1/9313 5534/1/9313 5566/1/9313
f 5566/1/9314 5534/1/9314 5533/1/9314
f 5566/1/9315 5533/1/9315 5532/1/9315
f 5532/1/9316 5517/1/9316 5566/1/9316
f 5566/1/9317 5517/1/9317 5516/1/9317
f 5566/1/9318 5516/1/9318 5515/1/9318
f 5515/1/9319 5514/1/9319 5566/1/9319
f 5566/1/9320 5514/1/9320 5513/1/9320
f 5566/1/9321 5513/1/9321 5512/1/9321
f 5512/1/9322 5510/1/9322 5566/1/9322
f 5566/1/9323 5510/1/9323 5511/1/9323
f 5566/1/9324 5511/1/9324 5567/1/9324
f 5527/1/9325 5570/1/9325 5528/1/9325
f 5528/1/9326 5570/1/9326 5569/1/9326
f 5528/1/9327 5569/1/9327 5518/1/9327
f 5518/1/9328 5569/1/9328 5568/1/9328
f 5511/1/9329 5521/1/9329 5567/1/9329
f 5567/1/9330 5521/1/9330 5520/1/9330
f 5567/1/9331 5520/1/9331 5568/1/9331
f 5568/1/9332 5520/1/9332 5519/1/9332
f 5568/1/9333 5519/1/9333 5518/1/9333
f 5509/1/9334 5573/1/9334 5371/1/9334
f 5371/1/9335 5573/1/9335 5572/1/9335
f 5371/1/9112 5572/1/9112 5522/1/9112
f 5522/1/9336 5572/1/9336 5571/1/9336
f 5522/1/9337 5571/1/9337 5523/1/9337
f 5527/1/9338 5526/1/9338 5570/1/9338
f 5570/1/9339 5526/1/9339 5525/1/9339
f 5570/1/9340 5525/1/9340 5571/1/9340
f 5571/1/9341 5525/1/9341 5524/1/9341
f 5571/1/9342 5524/1/9342 5523/1/9342
f 5561/1/9343 1585/1/9343 1568/1/9343
f 1568/1/9344 1585/1/9344 5546/1/9344
f 1568/1/9345 5546/1/9345 5577/1/9345
f 5588/1/9346 5589/1/9346 5590/1/9346
f 5588/1/9347 5590/1/9347 5591/1/9347
f 1568/1/9348 5588/1/9348 5591/1/9348
f 1568/1/9349 5591/1/9349 5561/1/9349
f 5561/1/9350 5591/1/9350 5592/1/9350
f 5561/1/9351 5592/1/9351 5593/1/9351
f 5593/1/9352 5594/1/9352 5561/1/9352
f 5561/1/9353 5594/1/9353 5595/1/9353
f 5561/1/9354 5595/1/9354 5562/1/9354
f 5566/1/9355 5565/1/9355 5587/1/9355
f 5587/1/9356 5565/1/9356 5562/1/9356
f 5587/1/9357 5562/1/9357 5586/1/9357
f 5586/1/9358 5562/1/9358 5595/1/9358
f 5585/1/9359 5586/1/9359 5595/1/9359
f 5585/1/9360 5595/1/9360 5580/1/9360
f 5580/1/9361 5595/1/9361 5594/1/9361
f 5580/1/9362 5594/1/9362 5579/1/9362
f 5579/1/9363 5594/1/9363 5578/1/9363
f 5578/1/9364 5594/1/9364 5593/1/9364
f 5578/1/9365 5593/1/9365 5581/1/9365
f 5581/1/9366 5593/1/9366 5592/1/9366
f 5581/1/9367 5592/1/9367 5582/1/9367
f 5582/1/9368 5592/1/9368 5591/1/9368
f 5582/1/9369 5591/1/9369 5583/1/9369
f 1568/1/9370 5577/1/9370 5588/1/9370
f 5588/1/9371 5577/1/9371 5584/1/9371
f 5588/1/9372 5584/1/9372 5589/1/9372
f 5589/1/9373 5584/1/9373 5583/1/9373
f 5589/1/9374 5583/1/9374 5590/1/9374
f 5590/1/9375 5583/1/9375 5591/1/9375
f 5596/1/6498 5597/1/6498 5598/1/6498
f 5598/1/6498 5597/1/6498 5599/1/6498
f 5598/1/6497 5599/1/6497 5600/1/6497
f 5600/1/6497 5599/1/6497 5601/1/6497
f 5600/1/6496 5601/1/6496 5602/1/6496
f 5602/1/6496 5601/1/6496 5603/1/6496
f 5602/1/6495 5603/1/6495 5604/1/6495
f 5604/1/6495 5603/1/6495 5605/1/6495
f 5606/1/502 5607/1/502 5605/1/502
f 5605/1/502 5607/1/502 5604/1/502
f 5608/1/3791 5607/1/3791 5609/1/3791
f 5609/1/3791 5607/1/3791 5606/1/3791
f 5610/1/9376 5611/1/9376 5612/1/9376
f 5610/1/9377 5612/1/9377 5613/1/9377
f 5613/1/9378 5612/1/9378 5614/1/9378
f 5613/1/9379 5614/1/9379 5615/1/9379
f 5615/1/9380 5614/1/9380 5616/1/9380
f 5615/1/9381 5616/1/9381 5617/1/9381
f 5617/1/9382 5616/1/9382 5618/1/9382
f 5617/1/9383 5618/1/9383 5619/1/9383
f 5619/1/9384 5618/1/9384 5620/1/9384
f 5619/1/9385 5620/1/9385 5621/1/9385
f 5621/1/9386 5620/1/9386 5622/1/9386
f 5621/1/9387 5622/1/9387 5623/1/9387
f 5623/1/9388 5622/1/9388 5624/1/9388
f 5623/1/9389 5624/1/9389 5625/1/9389
f 5625/1/9390 5624/1/9390 5626/1/9390
f 5625/1/9391 5626/1/9391 5627/1/9391
f 5627/1/9392 5626/1/9392 5628/1/9392
f 5627/1/9393 5628/1/9393 5629/1/9393
f 5629/1/9394 5628/1/9394 5630/1/9394
f 5629/1/9395 5630/1/9395 5631/1/9395
f 5631/1/9396 5630/1/9396 5632/1/9396
f 5631/1/9397 5632/1/9397 5633/1/9397
f 5633/1/9398 5632/1/9398 5634/1/9398
f 5633/1/9399 5634/1/9399 5635/1/9399
f 5635/1/9400 5634/1/9400 5636/1/9400
f 5635/1/9401 5636/1/9401 5637/1/9401
f 5637/1/9402 5636/1/9402 5638/1/9402
f 5637/1/9403 5638/1/9403 5639/1/9403
f 5639/1/9404 5638/1/9404 5640/1/9404
f 5639/1/9405 5640/1/9405 5641/1/9405
f 5641/1/9406 5640/1/9406 5608/1/9406
f 5641/1/9407 5608/1/9407 5609/1/9407
f 5642/1/9408 3972/1/9408 5643/1/9408
f 5643/1/9409 3972/1/9409 5611/1/9409
f 5643/1/9410 5611/1/9410 5610/1/9410
f 5644/1/9411 5645/1/9411 3973/1/9411
f 5644/1/9412 3973/1/9412 5646/1/9412
f 5646/1/9413 3973/1/9413 3976/1/9413
f 5646/1/9414 3976/1/9414 5647/1/9414
f 5647/1/9415 3976/1/9415 3977/1/9415
f 5647/1/9416 3977/1/9416 5648/1/9416
f 5648/1/9417 3977/1/9417 3975/1/9417
f 5648/1/9418 3975/1/9418 5649/1/9418
f 5649/1/9419 3975/1/9419 3974/1/9419
f 5649/1/9420 3974/1/9420 5650/1/9420
f 5650/1/9421 3974/1/9421 3972/1/9421
f 5650/1/9422 3972/1/9422 5642/1/9422
f 5645/1/9423 5644/1/9423 5651/1/9423
f 5645/1/9424 5651/1/9424 5652/1/9424
f 5652/1/9425 5651/1/9425 5653/1/9425
f 5652/1/9426 5653/1/9426 3970/1/9426
f 5654/1/9427 3969/1/9427 5655/1/9427
f 5655/1/9428 3969/1/9428 3970/1/9428
f 5655/1/9429 3970/1/9429 5653/1/9429
f 5656/1/9430 3968/1/9430 5657/1/9430
f 5657/1/9431 3968/1/9431 3969/1/9431
f 5657/1/9432 3969/1/9432 5654/1/9432
f 5658/1/9433 3967/1/9433 5659/1/9433
f 5659/1/9434 3967/1/9434 3968/1/9434
f 5659/1/9435 3968/1/9435 5656/1/9435
f 3962/1/9436 3967/1/9436 5660/1/9436
f 5660/1/9437 3967/1/9437 5658/1/9437
f 5661/1/9438 5662/1/9438 5663/1/9438
f 5662/1/9439 5661/1/9439 5664/1/9439
f 3962/1/9440 5660/1/9440 5665/1/9440
f 5665/1/9441 5660/1/9441 5666/1/9441
f 5665/1/9442 5666/1/9442 5667/1/9442
f 5667/1/9443 5666/1/9443 5664/1/9443
f 5667/1/9444 5664/1/9444 5668/1/9444
f 5668/1/9445 5664/1/9445 5661/1/9445
f 5669/1/9446 3966/1/9446 5670/1/9446
f 5670/1/9447 3966/1/9447 5671/1/9447
f 5670/1/9448 5671/1/9448 5663/1/9448
f 5663/1/9449 5671/1/9449 5672/1/9449
f 5663/1/9450 5672/1/9450 5661/1/9450
f 5673/1/9451 5674/1/9451 5645/1/9451
f 5675/1/9452 5676/1/9452 4045/1/9452
f 4045/1/9453 5676/1/9453 5677/1/9453
f 4045/1/9454 5677/1/9454 5678/1/9454
f 5677/1/9455 5679/1/9455 5678/1/9455
f 5678/1/9456 5679/1/9456 5680/1/9456
f 5678/1/9457 5680/1/9457 3966/1/9457
f 3966/1/9458 5680/1/9458 5681/1/9458
f 3966/1/9459 5681/1/9459 5671/1/9459
f 5671/1/9460 5681/1/9460 5682/1/9460
f 5671/1/9461 5682/1/9461 5672/1/9461
f 5672/1/9462 5682/1/9462 5683/1/9462
f 5672/1/9463 5683/1/9463 5661/1/9463
f 5661/1/9464 5683/1/9464 5684/1/9464
f 5661/1/9465 5684/1/9465 5668/1/9465
f 5668/1/9466 5684/1/9466 5685/1/9466
f 5668/1/9467 5685/1/9467 5667/1/9467
f 5667/1/9468 5685/1/9468 5686/1/9468
f 5667/1/9469 5686/1/9469 5665/1/9469
f 5665/1/9470 5686/1/9470 5687/1/9470
f 5665/1/9471 5687/1/9471 3962/1/9471
f 3970/1/9472 3969/1/9472 5688/1/9472
f 5688/1/9473 3969/1/9473 3968/1/9473
f 5688/1/9474 3968/1/9474 5687/1/9474
f 5687/1/9475 3968/1/9475 3967/1/9475
f 5687/1/9476 3967/1/9476 3962/1/9476
f 5673/1/9477 5645/1/9477 5689/1/9477
f 5688/1/9478 5690/1/9478 3970/1/9478
f 3970/1/9479 5690/1/9479 5691/1/9479
f 3970/1/9480 5691/1/9480 5652/1/9480
f 5652/1/9481 5691/1/9481 5692/1/9481
f 5652/1/9482 5692/1/9482 5645/1/9482
f 5645/1/9483 5692/1/9483 5693/1/9483
f 5645/1/9484 5693/1/9484 5694/1/9484
f 5694/1/9485 5695/1/9485 5645/1/9485
f 5645/1/9486 5695/1/9486 5696/1/9486
f 5645/1/9487 5696/1/9487 5689/1/9487
f 5697/1/9488 5698/1/9488 5699/1/9488
f 5698/1/9489 5697/1/9489 5700/1/9489
f 5701/1/9490 5702/1/9490 5703/1/9490
f 5703/1/9491 5704/1/9491 5701/1/9491
f 5701/1/9492 5704/1/9492 5705/1/9492
f 5701/1/9493 5705/1/9493 5706/1/9493
f 5706/1/9494 5707/1/9494 5701/1/9494
f 5701/1/9495 5707/1/9495 5708/1/9495
f 5701/1/9496 5708/1/9496 5709/1/9496
f 5702/1/9497 5701/1/9497 5710/1/9497
f 5710/1/9498 5701/1/9498 5711/1/9498
f 5710/1/9499 5711/1/9499 5712/1/9499
f 5713/1/9500 5714/1/9500 5715/1/9500
f 5715/1/9501 5714/1/9501 5716/1/9501
f 5715/1/9502 5716/1/9502 5711/1/9502
f 5711/1/9503 5716/1/9503 5717/1/9503
f 5711/1/9504 5717/1/9504 5712/1/9504
f 5718/1/9505 5676/1/9505 5719/1/9505
f 5720/1/9506 5721/1/9506 5713/1/9506
f 5713/1/9507 5721/1/9507 5722/1/9507
f 5713/1/9508 5722/1/9508 5714/1/9508
f 5718/1/9509 5719/1/9509 5723/1/9509
f 5723/1/9510 5719/1/9510 5724/1/9510
f 5723/1/9511 5724/1/9511 5725/1/9511
f 5725/1/9512 5726/1/9512 5723/1/9512
f 5723/1/9513 5726/1/9513 5727/1/9513
f 5723/1/9514 5727/1/9514 5728/1/9514
f 5728/1/9515 5729/1/9515 5723/1/9515
f 5723/1/9516 5729/1/9516 5730/1/9516
f 5723/1/9517 5730/1/9517 5720/1/9517
f 5720/1/9518 5730/1/9518 5731/1/9518
f 5720/1/9519 5731/1/9519 5721/1/9519
f 5709/1/9520 5732/1/9520 5701/1/9520
f 5701/1/9521 5732/1/9521 5733/1/9521
f 5701/1/9522 5733/1/9522 5734/1/9522
f 5734/1/9523 5733/1/9523 5735/1/9523
f 5734/1/9524 5735/1/9524 5736/1/9524
f 5736/1/9525 5735/1/9525 5737/1/9525
f 5736/1/9526 5737/1/9526 5738/1/9526
f 5738/1/9527 5739/1/9527 5736/1/9527
f 5736/1/9528 5739/1/9528 5740/1/9528
f 5736/1/9529 5740/1/9529 5741/1/9529
f 5741/1/9530 5740/1/9530 5742/1/9530
f 5741/1/9531 5742/1/9531 5743/1/9531
f 5743/1/9532 5742/1/9532 5744/1/9532
f 5743/1/9533 5744/1/9533 5745/1/9533
f 5745/1/9534 5744/1/9534 5746/1/9534
f 5745/1/9535 5746/1/9535 5697/1/9535
f 5697/1/9536 5746/1/9536 5747/1/9536
f 5697/1/9537 5747/1/9537 5700/1/9537
f 5748/1/9538 5749/1/9538 5750/1/9538
f 5748/1/9539 5750/1/9539 5751/1/9539
f 5751/1/9540 5750/1/9540 5752/1/9540
f 5751/1/9541 5752/1/9541 5753/1/9541
f 5753/1/9542 5752/1/9542 5754/1/9542
f 5753/1/9543 5754/1/9543 5755/1/9543
f 5756/1/9544 5757/1/9544 5758/1/9544
f 5758/1/9545 5757/1/9545 5759/1/9545
f 5758/1/9546 5759/1/9546 5760/1/9546
f 5760/1/9547 5759/1/9547 5761/1/9547
f 5760/1/9548 5761/1/9548 5762/1/9548
f 5762/1/9549 5761/1/9549 5755/1/9549
f 5762/1/9550 5755/1/9550 5763/1/9550
f 5763/1/9551 5755/1/9551 5754/1/9551
f 5764/1/9552 5765/1/9552 5756/1/9552
f 5756/1/9553 5765/1/9553 5766/1/9553
f 5756/1/9554 5766/1/9554 5757/1/9554
f 3966/1/9555 5669/1/9555 5767/1/9555
f 3966/1/9556 5767/1/9556 5678/1/9556
f 5678/1/9557 5767/1/9557 5768/1/9557
f 5678/1/9558 5768/1/9558 4045/1/9558
f 4045/1/9559 5768/1/9559 5769/1/9559
f 4045/1/9560 5769/1/9560 5675/1/9560
f 5675/1/9561 5769/1/9561 5770/1/9561
f 5675/1/9562 5770/1/9562 5771/1/9562
f 5772/1/9563 5697/1/9563 5773/1/9563
f 5773/1/9564 5697/1/9564 5699/1/9564
f 5774/1/3791 5775/1/3791 5776/1/3791
f 5776/1/3791 5775/1/3791 5777/1/3791
f 5776/1/9565 5777/1/9565 5778/1/9565
f 5776/1/9566 5778/1/9566 5779/1/9566
f 5779/1/9567 5778/1/9567 5780/1/9567
f 5779/1/9568 5780/1/9568 5781/1/9568
f 5781/1/9569 5780/1/9569 5782/1/9569
f 5781/1/9570 5782/1/9570 5783/1/9570
f 5784/1/9571 5745/1/9571 5785/1/9571
f 5785/1/9572 5745/1/9572 5697/1/9572
f 5785/1/9573 5697/1/9573 5772/1/9573
f 5786/1/9574 5787/1/9574 5711/1/9574
f 5788/1/9575 5789/1/9575 5790/1/9575
f 5790/1/9576 5789/1/9576 5718/1/9576
f 5790/1/9577 5718/1/9577 5723/1/9577
f 5723/1/9578 5720/1/9578 5790/1/9578
f 5790/1/9579 5720/1/9579 5713/1/9579
f 5790/1/9580 5713/1/9580 5791/1/9580
f 5791/1/9581 5713/1/9581 5792/1/9581
f 5792/1/9582 5713/1/9582 5787/1/9582
f 5787/1/9583 5713/1/9583 5715/1/9583
f 5787/1/9584 5715/1/9584 5711/1/9584
f 5711/1/9585 5701/1/9585 5786/1/9585
f 5786/1/9586 5701/1/9586 5734/1/9586
f 5786/1/9587 5734/1/9587 5793/1/9587
f 5793/1/9588 5734/1/9588 5736/1/9588
f 5793/1/9589 5736/1/9589 5794/1/9589
f 5794/1/9590 5736/1/9590 5741/1/9590
f 5794/1/9591 5741/1/9591 5784/1/9591
f 5784/1/9592 5741/1/9592 5743/1/9592
f 5784/1/9593 5743/1/9593 5745/1/9593
f 5795/1/9594 5679/1/9594 5796/1/9594
f 5796/1/9595 5679/1/9595 5677/1/9595
f 5796/1/9596 5677/1/9596 5788/1/9596
f 5788/1/9597 5677/1/9597 5676/1/9597
f 5788/1/9598 5676/1/9598 5789/1/9598
f 5789/1/9599 5676/1/9599 5718/1/9599
f 5795/1/9600 5797/1/9600 5679/1/9600
f 5679/1/9601 5797/1/9601 5798/1/9601
f 5679/1/9602 5798/1/9602 5680/1/9602
f 5680/1/9603 5798/1/9603 5799/1/9603
f 5800/1/9604 5682/1/9604 5799/1/9604
f 5799/1/9605 5682/1/9605 5681/1/9605
f 5799/1/9606 5681/1/9606 5680/1/9606
f 5800/1/9607 5801/1/9607 5682/1/9607
f 5682/1/9608 5801/1/9608 5802/1/9608
f 5682/1/9609 5802/1/9609 5683/1/9609
f 5683/1/9610 5802/1/9610 5684/1/9610
f 5684/1/9611 5802/1/9611 5803/1/9611
f 5684/1/9612 5803/1/9612 5685/1/9612
f 5685/1/9613 5803/1/9613 5804/1/9613
f 5685/1/9614 5804/1/9614 5805/1/9614
f 5805/1/9615 5806/1/9615 5685/1/9615
f 5685/1/9616 5806/1/9616 5807/1/9616
f 5685/1/9617 5807/1/9617 5808/1/9617
f 5809/1/9618 5810/1/9618 5674/1/9618
f 5674/1/9619 5810/1/9619 5811/1/9619
f 5674/1/9620 5811/1/9620 5812/1/9620
f 5696/1/9621 5695/1/9621 5808/1/9621
f 5696/1/9622 5808/1/9622 5689/1/9622
f 5809/1/9623 5674/1/9623 5808/1/9623
f 5808/1/9624 5674/1/9624 5673/1/9624
f 5808/1/9625 5673/1/9625 5689/1/9625
f 5695/1/9626 5694/1/9626 5808/1/9626
f 5808/1/9627 5694/1/9627 5693/1/9627
f 5808/1/9628 5693/1/9628 5692/1/9628
f 5692/1/9629 5691/1/9629 5808/1/9629
f 5808/1/9630 5691/1/9630 5690/1/9630
f 5808/1/9631 5690/1/9631 5688/1/9631
f 5688/1/9632 5687/1/9632 5808/1/9632
f 5808/1/9633 5687/1/9633 5686/1/9633
f 5808/1/9634 5686/1/9634 5685/1/9634
f 5812/1/9635 5813/1/9635 5674/1/9635
f 5674/1/9636 5813/1/9636 5814/1/9636
f 5674/1/9477 5814/1/9477 5815/1/9477
f 5600/1/545 5628/1/545 5598/1/545
f 5598/1/545 5628/1/545 5626/1/545
f 5598/1/545 5626/1/545 5596/1/545
f 5607/1/545 5608/1/545 5640/1/545
f 5618/1/545 5616/1/545 5816/1/545
f 5816/1/545 5616/1/545 5817/1/545
f 5817/1/545 5616/1/545 5614/1/545
f 5817/1/545 5614/1/545 5612/1/545
f 5640/1/545 5638/1/545 5607/1/545
f 5607/1/545 5638/1/545 5636/1/545
f 5607/1/545 5636/1/545 5604/1/545
f 5604/1/545 5636/1/545 5634/1/545
f 5604/1/545 5634/1/545 5602/1/545
f 5602/1/545 5634/1/545 5632/1/545
f 5602/1/545 5632/1/545 5600/1/545
f 5600/1/545 5632/1/545 5630/1/545
f 5600/1/545 5630/1/545 5628/1/545
f 5626/1/545 5624/1/545 5596/1/545
f 5596/1/545 5624/1/545 5622/1/545
f 5596/1/545 5622/1/545 5816/1/545
f 5816/1/545 5622/1/545 5620/1/545
f 5816/1/545 5620/1/545 5618/1/545
f 5612/1/545 5611/1/545 5817/1/545
f 5817/1/545 5611/1/545 3972/1/545
f 5817/1/545 3972/1/545 5815/1/545
f 5815/1/545 3972/1/545 3974/1/545
f 5815/1/545 3974/1/545 3975/1/545
f 3975/1/545 3977/1/545 5815/1/545
f 5815/1/545 3977/1/545 3976/1/545
f 5815/1/545 3976/1/545 5674/1/545
f 5674/1/545 3976/1/545 3973/1/545
f 5674/1/545 3973/1/545 5645/1/545
f 5818/1/3791 5819/1/3791 5820/1/3791
f 5597/1/3791 5596/1/3791 5820/1/3791
f 5820/1/3791 5596/1/3791 5816/1/3791
f 5820/1/3791 5816/1/3791 5818/1/3791
f 5821/1/498 5822/1/498 5823/1/498
f 5823/1/498 5822/1/498 5824/1/498
f 5822/1/9637 5821/1/9637 5825/1/9637
f 5822/1/9638 5825/1/9638 5826/1/9638
f 5826/1/9639 5825/1/9639 5827/1/9639
f 5826/1/9640 5827/1/9640 5828/1/9640
f 5828/1/9641 5827/1/9641 5829/1/9641
f 5828/1/9642 5829/1/9642 5830/1/9642
f 5830/1/9643 5829/1/9643 5831/1/9643
f 5830/1/9644 5831/1/9644 5832/1/9644
f 5831/1/9645 5833/1/9645 5832/1/9645
f 5832/1/9646 5833/1/9646 5834/1/9646
f 5832/1/9647 5834/1/9647 5835/1/9647
f 5835/1/9648 5834/1/9648 5836/1/9648
f 5835/1/9649 5836/1/9649 5837/1/9649
f 5837/1/9650 5836/1/9650 5838/1/9650
f 5837/1/9651 5838/1/9651 5839/1/9651
f 5839/1/9652 5838/1/9652 5840/1/9652
f 5840/1/9653 5838/1/9653 5841/1/9653
f 5840/1/9654 5841/1/9654 5842/1/9654
f 5842/1/9655 5841/1/9655 5843/1/9655
f 5842/1/9656 5843/1/9656 5844/1/9656
f 5843/1/9657 5845/1/9657 5844/1/9657
f 5844/1/9658 5845/1/9658 5846/1/9658
f 5844/1/9659 5846/1/9659 5847/1/9659
f 5847/1/9660 5846/1/9660 5848/1/9660
f 5847/1/9661 5848/1/9661 5849/1/9661
f 5848/1/9662 5850/1/9662 5849/1/9662
f 5849/1/9663 5850/1/9663 5851/1/9663
f 5849/1/9664 5851/1/9664 5852/1/9664
f 5853/1/14 5852/1/14 5851/1/14
f 5854/1/14 5855/1/14 5856/1/14
f 5856/1/14 5855/1/14 5853/1/14
f 5856/1/14 5853/1/14 5857/1/14
f 5857/1/14 5853/1/14 5851/1/14
f 5858/1/14 5859/1/14 5860/1/14
f 5818/1/14 5855/1/14 5819/1/14
f 5819/1/14 5855/1/14 5854/1/14
f 5819/1/14 5854/1/14 5861/1/14
f 5861/1/14 5854/1/14 5858/1/14
f 5861/1/14 5858/1/14 5862/1/14
f 5862/1/14 5858/1/14 5860/1/14
f 5863/1/9665 5820/1/9665 5819/1/9665
f 5858/1/9666 5854/1/9666 5864/1/9666
f 5864/1/9667 5865/1/9667 5858/1/9667
f 5858/1/9668 5865/1/9668 5866/1/9668
f 5858/1/9668 5866/1/9668 5859/1/9668
f 5859/1/9669 5866/1/9669 5867/1/9669
f 5859/1/9669 5867/1/9669 5860/1/9669
f 5860/1/9670 5867/1/9670 5868/1/9670
f 5860/1/9670 5868/1/9670 5862/1/9670
f 5862/1/9671 5868/1/9671 5863/1/9671
f 5862/1/9671 5863/1/9671 5861/1/9671
f 5861/1/9665 5863/1/9665 5819/1/9665
f 5820/1/14 5863/1/14 5597/1/14
f 5597/1/14 5863/1/14 5868/1/14
f 5597/1/14 5868/1/14 5867/1/14
f 5869/1/14 5870/1/14 5644/1/14
f 5648/1/14 5649/1/14 5865/1/14
f 5865/1/14 5649/1/14 5650/1/14
f 5865/1/1828 5650/1/1828 5866/1/1828
f 5866/1/14 5650/1/14 5642/1/14
f 5866/1/14 5642/1/14 5867/1/14
f 5648/1/14 5865/1/14 5647/1/14
f 5647/1/9672 5865/1/9672 5864/1/9672
f 5647/1/14 5864/1/14 5646/1/14
f 5646/1/14 5864/1/14 5644/1/14
f 5644/1/14 5864/1/14 5871/1/14
f 5644/1/14 5871/1/14 5869/1/14
f 5641/1/14 5609/1/14 5606/1/14
f 5642/1/14 5643/1/14 5867/1/14
f 5867/1/14 5643/1/14 5610/1/14
f 5867/1/14 5610/1/14 5613/1/14
f 5641/1/14 5606/1/14 5639/1/14
f 5613/1/14 5615/1/14 5867/1/14
f 5867/1/14 5615/1/14 5617/1/14
f 5867/1/14 5617/1/14 5619/1/14
f 5599/1/14 5629/1/14 5601/1/14
f 5601/1/14 5629/1/14 5631/1/14
f 5601/1/14 5631/1/14 5603/1/14
f 5603/1/14 5631/1/14 5633/1/14
f 5603/1/14 5633/1/14 5605/1/14
f 5605/1/14 5633/1/14 5635/1/14
f 5605/1/14 5635/1/14 5606/1/14
f 5606/1/14 5635/1/14 5637/1/14
f 5606/1/14 5637/1/14 5639/1/14
f 5619/1/14 5621/1/14 5867/1/14
f 5867/1/14 5621/1/14 5623/1/14
f 5867/1/14 5623/1/14 5597/1/14
f 5597/1/14 5623/1/14 5625/1/14
f 5597/1/14 5625/1/14 5599/1/14
f 5599/1/14 5625/1/14 5627/1/14
f 5599/1/14 5627/1/14 5629/1/14
f 5872/1/9673 5873/1/9673 5670/1/9673
f 5670/1/9674 5873/1/9674 5874/1/9674
f 5670/1/9675 5874/1/9675 5669/1/9675
f 5874/1/9676 5875/1/9676 5669/1/9676
f 5669/1/9677 5875/1/9677 5876/1/9677
f 5669/1/9678 5876/1/9678 5877/1/9678
f 5877/1/9679 5876/1/9679 5878/1/9679
f 5877/1/9680 5878/1/9680 5879/1/9680
f 5879/1/9681 5878/1/9681 5880/1/9681
f 5879/1/9682 5880/1/9682 5881/1/9682
f 5881/1/9683 5880/1/9683 5882/1/9683
f 5881/1/9684 5882/1/9684 5883/1/9684
f 5883/1/9685 5882/1/9685 5884/1/9685
f 5883/1/9686 5884/1/9686 5885/1/9686
f 5886/1/9687 5887/1/9687 5664/1/9687
f 5887/1/9688 5888/1/9688 5664/1/9688
f 5664/1/9689 5888/1/9689 5889/1/9689
f 5664/1/9690 5889/1/9690 5890/1/9690
f 5872/1/9691 5670/1/9691 5891/1/9691
f 5891/1/9692 5670/1/9692 5663/1/9692
f 5891/1/9693 5663/1/9693 5890/1/9693
f 5890/1/9694 5663/1/9694 5662/1/9694
f 5890/1/9695 5662/1/9695 5664/1/9695
f 5644/1/9696 5870/1/9696 5892/1/9696
f 5886/1/9697 5664/1/9697 5893/1/9697
f 5893/1/9698 5664/1/9698 5666/1/9698
f 5893/1/9699 5666/1/9699 5660/1/9699
f 5660/1/9700 5658/1/9700 5893/1/9700
f 5893/1/9701 5658/1/9701 5659/1/9701
f 5893/1/9702 5659/1/9702 5656/1/9702
f 5656/1/9703 5657/1/9703 5893/1/9703
f 5893/1/9704 5657/1/9704 5654/1/9704
f 5893/1/9705 5654/1/9705 5655/1/9705
f 5892/1/9706 5894/1/9706 5644/1/9706
f 5644/1/9707 5894/1/9707 5895/1/9707
f 5644/1/9708 5895/1/9708 5651/1/9708
f 5651/1/9709 5895/1/9709 5893/1/9709
f 5651/1/9710 5893/1/9710 5653/1/9710
f 5653/1/9711 5893/1/9711 5655/1/9711
f 5896/1/9712 5897/1/9712 5898/1/9712
f 5898/1/9713 5899/1/9713 5896/1/9713
f 5896/1/9714 5899/1/9714 5900/1/9714
f 5896/1/9715 5900/1/9715 5901/1/9715
f 5901/1/9716 5900/1/9716 5902/1/9716
f 5902/1/9717 5900/1/9717 5885/1/9717
f 5902/1/9718 5885/1/9718 5884/1/9718
f 5903/1/9719 5904/1/9719 5905/1/9719
f 5903/1/9720 5905/1/9720 5906/1/9720
f 5906/1/9721 5905/1/9721 5907/1/9721
f 5906/1/9722 5907/1/9722 5908/1/9722
f 5909/1/9723 5910/1/9723 5911/1/9723
f 5912/1/9724 5913/1/9724 5907/1/9724
f 5907/1/9724 5913/1/9724 5914/1/9724
f 5907/1/9724 5914/1/9724 5908/1/9724
f 5915/1/9724 5912/1/9724 5916/1/9724
f 5916/1/9724 5912/1/9724 5907/1/9724
f 5916/1/9724 5907/1/9724 5917/1/9724
f 5917/1/9724 5907/1/9724 5918/1/9724
f 5917/1/9724 5918/1/9724 5919/1/9724
f 5919/1/9724 5918/1/9724 5920/1/9724
f 5919/1/9724 5920/1/9724 5911/1/9724
f 5911/1/9724 5920/1/9724 5921/1/9724
f 5911/1/9724 5921/1/9724 5909/1/9724
f 5919/1/9725 5911/1/9725 5922/1/9725
f 5923/1/9726 5924/1/9726 5925/1/9726
f 5926/1/9727 5927/1/9727 5928/1/9727
f 5929/1/9728 5930/1/9728 5928/1/9728
f 5928/1/9729 5930/1/9729 5931/1/9729
f 5928/1/9730 5931/1/9730 5926/1/9730
f 5932/1/9731 5933/1/9731 5934/1/9731
f 5934/1/9732 5935/1/9732 5932/1/9732
f 5932/1/9733 5935/1/9733 5936/1/9733
f 5932/1/9734 5936/1/9734 5929/1/9734
f 5929/1/9735 5936/1/9735 5937/1/9735
f 5929/1/9736 5937/1/9736 5930/1/9736
f 5911/1/9737 5910/1/9737 5922/1/9737
f 5922/1/9738 5910/1/9738 5938/1/9738
f 5922/1/9739 5938/1/9739 5939/1/9739
f 5940/1/9740 5783/1/9740 5941/1/9740
f 5942/1/9741 5943/1/9741 5944/1/9741
f 5944/1/9742 5943/1/9742 5779/1/9742
f 5944/1/9743 5779/1/9743 5781/1/9743
f 5945/1/9744 5946/1/9744 5923/1/9744
f 5923/1/9745 5946/1/9745 5947/1/9745
f 5923/1/9746 5947/1/9746 5924/1/9746
f 5948/1/9747 5933/1/9747 5945/1/9747
f 5945/1/9748 5933/1/9748 5932/1/9748
f 5945/1/9749 5932/1/9749 5949/1/9749
f 5949/1/9750 5932/1/9750 5929/1/9750
f 5948/1/9751 5945/1/9751 5942/1/9751
f 5942/1/9752 5945/1/9752 5923/1/9752
f 5942/1/9753 5923/1/9753 5943/1/9753
f 5943/1/9754 5923/1/9754 5925/1/9754
f 5943/1/9755 5925/1/9755 5779/1/9755
f 5779/1/9756 5925/1/9756 5950/1/9756
f 5779/1/9757 5950/1/9757 5776/1/9757
f 5951/1/9758 5952/1/9758 5953/1/9758
f 5919/1/9759 5922/1/9759 5917/1/9759
f 5917/1/9760 5922/1/9760 5940/1/9760
f 5917/1/9761 5940/1/9761 5916/1/9761
f 5916/1/9762 5940/1/9762 5941/1/9762
f 5916/1/9763 5941/1/9763 5915/1/9763
f 5781/1/9764 5783/1/9764 5944/1/9764
f 5944/1/9765 5783/1/9765 5940/1/9765
f 5944/1/9766 5940/1/9766 5942/1/9766
f 5942/1/9767 5940/1/9767 5922/1/9767
f 5942/1/9768 5922/1/9768 5948/1/9768
f 5948/1/9769 5922/1/9769 5939/1/9769
f 5948/1/9770 5939/1/9770 5933/1/9770
f 5933/1/9771 5939/1/9771 5954/1/9771
f 5933/1/9772 5954/1/9772 5934/1/9772
f 5952/1/9773 5955/1/9773 5953/1/9773
f 5953/1/9774 5955/1/9774 5956/1/9774
f 5953/1/9775 5956/1/9775 5957/1/9775
f 5957/1/9776 5956/1/9776 5958/1/9776
f 5959/1/9777 5960/1/9777 5961/1/9777
f 5961/1/9778 5960/1/9778 5962/1/9778
f 5961/1/9779 5962/1/9779 5927/1/9779
f 5927/1/9780 5962/1/9780 5951/1/9780
f 5927/1/9781 5951/1/9781 5928/1/9781
f 5928/1/9782 5951/1/9782 5953/1/9782
f 5928/1/9783 5953/1/9783 5929/1/9783
f 5929/1/9784 5953/1/9784 5957/1/9784
f 5929/1/9785 5957/1/9785 5949/1/9785
f 5949/1/9786 5957/1/9786 5958/1/9786
f 5949/1/9787 5958/1/9787 5945/1/9787
f 5945/1/9788 5958/1/9788 5963/1/9788
f 5945/1/9789 5963/1/9789 5946/1/9789
f 5959/1/9790 5964/1/9790 5960/1/9790
f 5960/1/9791 5964/1/9791 5965/1/9791
f 5960/1/9792 5965/1/9792 5962/1/9792
f 5962/1/9793 5965/1/9793 5951/1/9793
f 5951/1/9794 5965/1/9794 5966/1/9794
f 5951/1/9795 5966/1/9795 5952/1/9795
f 5956/1/9796 5955/1/9796 5967/1/9796
f 5952/1/9797 5966/1/9797 5955/1/9797
f 5955/1/9798 5966/1/9798 5968/1/9798
f 5955/1/9799 5968/1/9799 5967/1/9799
f 5956/1/9800 5967/1/9800 5958/1/9800
f 5958/1/9801 5967/1/9801 5969/1/9801
f 5958/1/9802 5969/1/9802 5963/1/9802
f 5963/1/9803 5969/1/9803 5970/1/9803
f 5963/1/9804 5970/1/9804 5946/1/9804
f 5946/1/9805 5970/1/9805 5947/1/9805
f 5947/1/9806 5970/1/9806 5971/1/9806
f 5947/1/9807 5971/1/9807 5924/1/9807
f 5924/1/9808 5971/1/9808 5972/1/9808
f 5924/1/9809 5972/1/9809 5925/1/9809
f 5925/1/9810 5972/1/9810 5973/1/9810
f 5925/1/9811 5973/1/9811 5950/1/9811
f 5950/1/9812 5973/1/9812 5774/1/9812
f 5950/1/9813 5774/1/9813 5776/1/9813
f 5974/1/8209 5975/1/8209 5976/1/8209
f 5977/1/9814 5775/1/9814 5774/1/9814
f 5967/1/9815 5968/1/9815 5978/1/9815
f 5968/1/9816 5966/1/9816 5978/1/9816
f 5978/1/9817 5966/1/9817 5965/1/9817
f 5978/1/9818 5965/1/9818 5977/1/9818
f 5977/1/9819 5965/1/9819 5964/1/9819
f 5977/1/9820 5964/1/9820 5976/1/9820
f 5976/1/9821 5964/1/9821 5979/1/9821
f 5976/1/9822 5979/1/9822 5974/1/9822
f 5972/1/9823 5971/1/9823 5978/1/9823
f 5977/1/9814 5774/1/9814 5978/1/9814
f 5978/1/9824 5774/1/9824 5973/1/9824
f 5978/1/9825 5973/1/9825 5972/1/9825
f 5971/1/9826 5970/1/9826 5978/1/9826
f 5978/1/9827 5970/1/9827 5969/1/9827
f 5978/1/9828 5969/1/9828 5967/1/9828
f 5980/1/9829 5976/1/9829 5975/1/9829
f 5981/1/9830 5982/1/9830 5983/1/9830
f 5983/1/9831 5982/1/9831 5984/1/9831
f 5985/1/9832 5986/1/9832 5987/1/9832
f 5987/1/9833 5986/1/9833 5988/1/9833
f 5987/1/9834 5988/1/9834 5989/1/9834
f 5989/1/9835 5988/1/9835 5990/1/9835
f 5989/1/9836 5990/1/9836 5991/1/9836
f 5991/1/9837 5990/1/9837 5992/1/9837
f 5991/1/9838 5992/1/9838 5984/1/9838
f 5984/1/9839 5992/1/9839 5993/1/9839
f 5984/1/9840 5993/1/9840 5983/1/9840
f 5987/1/9841 5994/1/9841 5985/1/9841
f 5985/1/9842 5994/1/9842 5995/1/9842
f 5985/1/9843 5995/1/9843 5996/1/9843
f 5996/1/9844 5995/1/9844 5997/1/9844
f 5996/1/9845 5997/1/9845 5998/1/9845
f 5998/1/9846 5997/1/9846 5999/1/9846
f 5998/1/9847 5999/1/9847 6000/1/9847
f 6000/1/9848 5999/1/9848 6001/1/9848
f 6000/1/9849 6001/1/9849 6002/1/9849
f 6002/1/9850 6001/1/9850 6003/1/9850
f 6002/1/9851 6003/1/9851 6004/1/9851
f 6004/1/9852 6003/1/9852 6005/1/9852
f 6004/1/9853 6005/1/9853 6006/1/9853
f 6005/1/9854 6007/1/9854 6006/1/9854
f 6006/1/9855 6007/1/9855 6008/1/9855
f 6006/1/9856 6008/1/9856 6009/1/9856
f 6009/1/9857 6008/1/9857 6010/1/9857
f 6009/1/9858 6010/1/9858 6011/1/9858
f 6011/1/9859 6010/1/9859 6012/1/9859
f 6011/1/9860 6012/1/9860 6013/1/9860
f 6013/1/9861 6012/1/9861 6014/1/9861
f 6013/1/9862 6014/1/9862 6015/1/9862
f 6015/1/9863 6014/1/9863 6016/1/9863
f 6015/1/9864 6016/1/9864 6017/1/9864
f 6017/1/9865 6016/1/9865 6018/1/9865
f 6017/1/9866 6018/1/9866 6019/1/9866
f 6018/1/9867 6020/1/9867 6019/1/9867
f 6019/1/9868 6020/1/9868 6021/1/9868
f 6019/1/9869 6021/1/9869 6022/1/9869
f 6022/1/9870 6021/1/9870 6023/1/9870
f 6022/1/9871 6023/1/9871 6024/1/9871
f 6024/1/9872 6023/1/9872 6025/1/9872
f 6024/1/9873 6025/1/9873 6026/1/9873
f 6026/1/9874 6025/1/9874 6027/1/9874
f 6026/1/9875 6027/1/9875 6028/1/9875
f 6028/1/9876 6027/1/9876 6029/1/9876
f 6028/1/9877 6029/1/9877 6030/1/9877
f 6030/1/9878 6029/1/9878 6031/1/9878
f 6030/1/9879 6031/1/9879 6032/1/9879
f 6031/1/9880 6033/1/9880 6032/1/9880
f 6032/1/9881 6033/1/9881 6034/1/9881
f 6032/1/9882 6034/1/9882 6035/1/9882
f 6035/1/9883 6034/1/9883 6036/1/9883
f 6035/1/9884 6036/1/9884 6037/1/9884
f 6037/1/9885 6036/1/9885 6038/1/9885
f 6037/1/9886 6038/1/9886 6039/1/9886
f 6039/1/9887 6038/1/9887 6040/1/9887
f 6039/1/9888 6040/1/9888 6041/1/9888
f 6041/1/9889 6040/1/9889 6042/1/9889
f 6041/1/9890 6042/1/9890 6043/1/9890
f 6043/1/9891 6042/1/9891 6044/1/9891
f 6043/1/9892 6044/1/9892 5975/1/9892
f 5975/1/9893 6044/1/9893 6045/1/9893
f 5975/1/9894 6045/1/9894 5980/1/9894
f 5823/1/9895 5824/1/9895 6046/1/9895
f 6046/1/9896 5824/1/9896 6047/1/9896
f 6046/1/9897 6047/1/9897 6048/1/9897
f 6048/1/9898 6047/1/9898 6049/1/9898
f 6048/1/9899 6049/1/9899 6050/1/9899
f 5982/1/9900 5981/1/9900 6051/1/9900
f 6051/1/9901 5981/1/9901 6050/1/9901
f 6051/1/9902 6050/1/9902 6052/1/9902
f 6052/1/9903 6050/1/9903 6049/1/9903
f 6053/1/9904 6054/1/9904 5699/1/9904
f 5675/1/9905 5729/1/9905 5728/1/9905
f 5728/1/9906 5727/1/9906 5675/1/9906
f 5675/1/9907 5727/1/9907 5726/1/9907
f 5675/1/9908 5726/1/9908 5725/1/9908
f 5725/1/9909 5724/1/9909 5675/1/9909
f 5675/1/9910 5724/1/9910 5719/1/9910
f 5675/1/9911 5719/1/9911 5676/1/9911
f 5759/1/9912 5757/1/9912 5721/1/9912
f 5721/1/9913 5757/1/9913 5722/1/9913
f 5753/1/9914 5755/1/9914 5721/1/9914
f 5721/1/9915 5755/1/9915 5761/1/9915
f 5721/1/9916 5761/1/9916 5759/1/9916
f 5675/1/9917 5748/1/9917 5729/1/9917
f 5729/1/9918 5748/1/9918 5751/1/9918
f 5729/1/9919 5751/1/9919 5730/1/9919
f 5730/1/9920 5751/1/9920 5753/1/9920
f 5730/1/9921 5753/1/9921 5731/1/9921
f 5731/1/9922 5753/1/9922 5721/1/9922
f 6055/1/9923 6056/1/9923 5712/1/9923
f 5757/1/9924 5766/1/9924 5722/1/9924
f 5722/1/9925 5766/1/9925 5765/1/9925
f 5722/1/9926 5765/1/9926 5714/1/9926
f 5714/1/9927 5765/1/9927 5764/1/9927
f 5714/1/9928 5764/1/9928 5716/1/9928
f 5716/1/9929 5764/1/9929 6055/1/9929
f 5716/1/9930 6055/1/9930 5717/1/9930
f 5717/1/9931 6055/1/9931 5712/1/9931
f 5706/1/9932 5705/1/9932 3948/1/9932
f 3948/1/9933 5705/1/9933 5704/1/9933
f 5704/1/9934 5703/1/9934 3948/1/9934
f 3948/1/9935 5703/1/9935 5702/1/9935
f 3948/1/9936 5702/1/9936 6056/1/9936
f 6056/1/9937 5702/1/9937 5710/1/9937
f 6056/1/9938 5710/1/9938 5712/1/9938
f 5709/1/9939 5708/1/9939 3948/1/9939
f 3948/1/9940 5708/1/9940 5707/1/9940
f 3948/1/9941 5707/1/9941 5706/1/9941
f 6057/1/9942 5735/1/9942 5733/1/9942
f 6057/1/9943 5733/1/9943 3948/1/9943
f 3948/1/9944 5733/1/9944 5732/1/9944
f 3948/1/9945 5732/1/9945 5709/1/9945
f 5735/1/9946 6057/1/9946 5737/1/9946
f 5737/1/9947 6057/1/9947 6058/1/9947
f 5737/1/9948 6058/1/9948 5738/1/9948
f 6059/1/9949 5742/1/9949 6060/1/9949
f 6060/1/9950 5742/1/9950 5740/1/9950
f 6060/1/9951 5740/1/9951 6058/1/9951
f 6058/1/9952 5740/1/9952 5739/1/9952
f 6058/1/9953 5739/1/9953 5738/1/9953
f 5700/1/9954 5747/1/9954 6061/1/9954
f 6061/1/9955 5747/1/9955 5746/1/9955
f 6061/1/9956 5746/1/9956 6059/1/9956
f 6059/1/9957 5746/1/9957 5744/1/9957
f 6059/1/9958 5744/1/9958 5742/1/9958
f 5700/1/9959 6061/1/9959 5698/1/9959
f 5698/1/9904 6061/1/9904 5699/1/9904
f 5699/1/9960 6061/1/9960 6062/1/9960
f 5699/1/9961 6062/1/9961 6053/1/9961
f 6063/1/9962 6064/1/9962 6065/1/9962
f 5770/1/9963 5769/1/9963 5879/1/9963
f 5879/1/9964 5769/1/9964 5768/1/9964
f 5879/1/9965 5768/1/9965 5877/1/9965
f 5877/1/9966 5768/1/9966 5767/1/9966
f 5877/1/9967 5767/1/9967 5669/1/9967
f 5879/1/9968 5881/1/9968 5770/1/9968
f 5770/1/9969 5881/1/9969 5883/1/9969
f 5770/1/9970 5883/1/9970 5771/1/9970
f 5771/1/9971 5883/1/9971 5885/1/9971
f 5771/1/9972 5885/1/9972 6066/1/9972
f 6066/1/9973 5885/1/9973 5900/1/9973
f 6066/1/9974 5900/1/9974 6067/1/9974
f 6068/1/9975 6069/1/9975 5900/1/9975
f 5900/1/9976 6069/1/9976 6070/1/9976
f 5900/1/9977 6070/1/9977 6067/1/9977
f 6068/1/9978 5900/1/9978 6071/1/9978
f 6071/1/9979 5900/1/9979 5899/1/9979
f 6071/1/9980 5899/1/9980 6072/1/9980
f 5899/1/9981 5898/1/9981 6072/1/9981
f 6072/1/9982 5898/1/9982 5897/1/9982
f 6072/1/9983 5897/1/9983 6073/1/9983
f 6073/1/9984 5897/1/9984 6074/1/9984
f 6073/1/9985 6074/1/9985 6075/1/9985
f 6075/1/9986 6074/1/9986 6076/1/9986
f 6075/1/9987 6076/1/9987 6077/1/9987
f 6078/1/9988 6063/1/9988 6079/1/9988
f 6079/1/9989 6063/1/9989 6065/1/9989
f 6079/1/9990 6065/1/9990 6080/1/9990
f 6080/1/9991 6065/1/9991 6077/1/9991
f 6080/1/9992 6077/1/9992 6081/1/9992
f 6081/1/9993 6077/1/9993 6076/1/9993
f 5752/1/9994 5750/1/9994 6082/1/9994
f 6082/1/9995 5750/1/9995 5749/1/9995
f 5760/1/9996 5762/1/9996 6082/1/9996
f 5760/1/9997 6082/1/9997 5758/1/9997
f 5758/1/9998 6082/1/9998 6083/1/9998
f 5758/1/9999 6083/1/9999 5756/1/9999
f 5762/1/10000 5763/1/10000 6082/1/10000
f 6082/1/10001 5763/1/10001 5754/1/10001
f 6082/1/10002 5754/1/10002 5752/1/10002
f 6056/1/10003 6055/1/10003 6083/1/10003
f 6083/1/10004 6055/1/10004 5764/1/10004
f 6083/1/10005 5764/1/10005 5756/1/10005
f 6083/1/10006 6084/1/10006 6056/1/10006
f 6056/1/10007 6084/1/10007 6085/1/10007
f 6056/1/10008 6085/1/10008 3948/1/10008
f 5748/1/10009 5675/1/10009 5749/1/10009
f 5749/1/10010 5675/1/10010 5771/1/10010
f 5749/1/10011 5771/1/10011 6082/1/10011
f 6082/1/10012 5771/1/10012 6066/1/10012
f 6082/1/10013 6066/1/10013 6083/1/10013
f 6083/1/10014 6066/1/10014 6067/1/10014
f 6083/1/10015 6067/1/10015 6084/1/10015
f 6084/1/10016 6067/1/10016 6086/1/10016
f 6084/1/10017 6086/1/10017 6085/1/10017
f 6085/1/10018 6086/1/10018 6087/1/10018
f 6085/1/10019 6087/1/10019 3948/1/10019
f 6088/1/10020 6089/1/10020 6090/1/10020
f 6091/1/10021 6088/1/10021 6092/1/10021
f 6092/1/10022 6088/1/10022 6090/1/10022
f 6092/1/10023 6090/1/10023 6093/1/10023
f 6093/1/10024 6090/1/10024 6094/1/10024
f 6093/1/10025 6094/1/10025 6095/1/10025
f 6094/1/10026 6096/1/10026 6095/1/10026
f 6095/1/10027 6096/1/10027 6078/1/10027
f 6095/1/10028 6078/1/10028 6097/1/10028
f 6097/1/10029 6078/1/10029 6079/1/10029
f 6097/1/10030 6079/1/10030 6098/1/10030
f 6098/1/10031 6079/1/10031 6080/1/10031
f 6098/1/10032 6080/1/10032 6099/1/10032
f 6099/1/10033 6080/1/10033 6081/1/10033
f 6099/1/10034 6081/1/10034 6076/1/10034
f 6100/1/9904 5773/1/9904 6101/1/9904
f 6101/1/9904 5773/1/9904 5699/1/9904
f 6101/1/9904 5699/1/9904 6102/1/9904
f 6102/1/9904 5699/1/9904 6054/1/9904
f 6103/1/10035 6104/1/10035 6105/1/10035
f 6106/1/10036 6107/1/10036 5790/1/10036
f 6107/1/10037 6106/1/10037 6108/1/10037
f 6108/1/10038 6106/1/10038 6109/1/10038
f 6108/1/10039 6109/1/10039 6110/1/10039
f 6103/1/10040 6105/1/10040 6111/1/10040
f 6111/1/10041 6105/1/10041 6112/1/10041
f 6111/1/10042 6112/1/10042 6113/1/10042
f 6113/1/10043 6112/1/10043 6114/1/10043
f 6113/1/10044 6114/1/10044 6115/1/10044
f 6115/1/10045 6114/1/10045 6116/1/10045
f 6115/1/10046 6116/1/10046 6117/1/10046
f 6104/1/10047 5793/1/10047 6105/1/10047
f 6105/1/10048 5793/1/10048 5794/1/10048
f 6105/1/10049 5794/1/10049 6112/1/10049
f 6112/1/10050 5794/1/10050 5784/1/10050
f 6112/1/10051 5784/1/10051 6114/1/10051
f 6114/1/10052 5784/1/10052 5785/1/10052
f 6114/1/10053 5785/1/10053 6116/1/10053
f 6116/1/10054 5785/1/10054 5772/1/10054
f 6116/1/10055 5772/1/10055 6117/1/10055
f 6117/1/10056 5772/1/10056 5773/1/10056
f 5792/1/10057 5787/1/10057 6104/1/10057
f 6104/1/10058 5787/1/10058 5786/1/10058
f 6104/1/10059 5786/1/10059 5793/1/10059
f 5790/1/10060 5791/1/10060 6106/1/10060
f 6106/1/10061 5791/1/10061 5792/1/10061
f 6106/1/10062 5792/1/10062 6109/1/10062
f 6109/1/10063 5792/1/10063 6104/1/10063
f 6109/1/10064 6104/1/10064 6110/1/10064
f 6110/1/10065 6104/1/10065 6103/1/10065
f 5904/1/545 5903/1/545 6118/1/545
f 6119/1/545 6120/1/545 6121/1/545
f 6121/1/545 6120/1/545 6122/1/545
f 6121/1/545 6122/1/545 6118/1/545
f 6118/1/545 6122/1/545 6123/1/545
f 6118/1/545 6123/1/545 5904/1/545
f 5783/1/10066 5782/1/10066 6124/1/10066
f 6008/1/10067 6007/1/10067 6125/1/10067
f 6051/1/10068 6052/1/10068 6126/1/10068
f 6126/1/10069 6052/1/10069 6049/1/10069
f 6126/1/10070 6049/1/10070 6047/1/10070
f 5822/1/10071 5826/1/10071 5804/1/10071
f 5804/1/10072 5826/1/10072 5828/1/10072
f 5804/1/10073 5828/1/10073 5830/1/10073
f 5830/1/10074 5832/1/10074 5804/1/10074
f 5804/1/10075 5832/1/10075 5835/1/10075
f 5804/1/10076 5835/1/10076 5805/1/10076
f 5805/1/10077 5835/1/10077 5806/1/10077
f 6125/1/10078 6007/1/10078 6127/1/10078
f 6003/1/10079 6001/1/10079 6128/1/10079
f 6127/1/10080 6007/1/10080 6128/1/10080
f 6128/1/10081 6007/1/10081 6005/1/10081
f 6128/1/10082 6005/1/10082 6003/1/10082
f 6001/1/10083 5999/1/10083 6128/1/10083
f 6128/1/10084 5999/1/10084 5997/1/10084
f 6128/1/10085 5997/1/10085 5995/1/10085
f 5994/1/10086 5987/1/10086 5800/1/10086
f 5800/1/10087 5987/1/10087 5989/1/10087
f 5800/1/10088 5989/1/10088 5991/1/10088
f 6047/1/10089 5824/1/10089 6126/1/10089
f 6126/1/10090 5824/1/10090 5822/1/10090
f 6126/1/10091 5822/1/10091 6051/1/10091
f 6051/1/10092 5822/1/10092 5804/1/10092
f 6051/1/10093 5804/1/10093 5803/1/10093
f 5991/1/10094 5984/1/10094 5800/1/10094
f 5800/1/10095 5984/1/10095 5982/1/10095
f 5800/1/10096 5982/1/10096 5801/1/10096
f 5801/1/10097 5982/1/10097 6051/1/10097
f 5801/1/10098 6051/1/10098 5802/1/10098
f 5802/1/10099 6051/1/10099 5803/1/10099
f 6129/1/10100 6016/1/10100 6130/1/10100
f 6130/1/10101 6016/1/10101 6014/1/10101
f 6130/1/10102 6014/1/10102 6131/1/10102
f 6131/1/10103 6014/1/10103 6012/1/10103
f 6131/1/10104 6012/1/10104 6125/1/10104
f 6125/1/10105 6012/1/10105 6010/1/10105
f 6125/1/10106 6010/1/10106 6008/1/10106
f 6031/1/10107 6132/1/10107 6033/1/10107
f 6033/1/10108 6132/1/10108 6133/1/10108
f 6033/1/10109 6133/1/10109 6034/1/10109
f 6034/1/10110 6133/1/10110 6036/1/10110
f 6023/1/10111 6134/1/10111 6135/1/10111
f 6031/1/10112 6029/1/10112 6132/1/10112
f 6132/1/10113 6029/1/10113 6027/1/10113
f 6132/1/10114 6027/1/10114 6135/1/10114
f 6135/1/10115 6027/1/10115 6025/1/10115
f 6135/1/10116 6025/1/10116 6023/1/10116
f 6023/1/10117 6021/1/10117 6134/1/10117
f 6134/1/10118 6021/1/10118 6020/1/10118
f 6134/1/10119 6020/1/10119 6129/1/10119
f 6129/1/10120 6020/1/10120 6018/1/10120
f 6129/1/10121 6018/1/10121 6016/1/10121
f 6036/1/10122 6133/1/10122 6038/1/10122
f 6038/1/10123 6133/1/10123 6136/1/10123
f 6038/1/10124 6136/1/10124 6040/1/10124
f 6040/1/10125 6136/1/10125 6137/1/10125
f 6040/1/10126 6137/1/10126 6042/1/10126
f 6042/1/10127 6137/1/10127 6138/1/10127
f 6042/1/10128 6138/1/10128 6044/1/10128
f 6044/1/10129 6138/1/10129 6139/1/10129
f 6044/1/10130 6139/1/10130 6045/1/10130
f 6045/1/10131 6139/1/10131 6140/1/10131
f 6045/1/10132 6140/1/10132 5980/1/10132
f 5980/1/10133 6140/1/10133 6141/1/10133
f 5980/1/10134 6141/1/10134 5976/1/10134
f 6124/1/10135 5782/1/10135 6142/1/10135
f 6142/1/10136 5782/1/10136 5780/1/10136
f 6142/1/10137 5780/1/10137 6141/1/10137
f 6141/1/10138 5780/1/10138 5778/1/10138
f 6141/1/10139 5778/1/10139 5777/1/10139
f 5777/1/10140 5775/1/10140 6141/1/10140
f 6141/1/10141 5775/1/10141 5977/1/10141
f 6141/1/10142 5977/1/10142 5976/1/10142
f 6143/1/10143 6144/1/10143 6118/1/10143
f 6118/1/10144 5903/1/10144 6143/1/10144
f 6143/1/10145 5903/1/10145 5906/1/10145
f 6143/1/10146 5906/1/10146 6145/1/10146
f 5906/1/10147 5908/1/10147 6145/1/10147
f 6145/1/10148 5908/1/10148 5914/1/10148
f 6145/1/10149 5914/1/10149 6146/1/10149
f 6146/1/10150 5914/1/10150 5913/1/10150
f 6146/1/10151 5913/1/10151 6147/1/10151
f 6147/1/10152 5913/1/10152 5912/1/10152
f 6147/1/10153 5912/1/10153 6148/1/10153
f 6148/1/10154 5912/1/10154 5915/1/10154
f 6148/1/10155 5915/1/10155 6124/1/10155
f 6124/1/10156 5915/1/10156 5941/1/10156
f 6124/1/10157 5941/1/10157 5783/1/10157
f 6144/1/10158 6149/1/10158 6118/1/10158
f 6118/1/10159 6149/1/10159 6150/1/10159
f 6118/1/10160 6150/1/10160 6121/1/10160
f 6121/1/10161 6150/1/10161 6151/1/10161
f 6152/1/10162 6119/1/10162 6153/1/10162
f 6153/1/10163 6119/1/10163 6121/1/10163
f 6153/1/10164 6121/1/10164 6154/1/10164
f 6154/1/10165 6121/1/10165 6151/1/10165
f 6155/1/10166 6156/1/10166 5800/1/10166
f 5995/1/10167 5994/1/10167 6128/1/10167
f 6128/1/10168 5994/1/10168 5800/1/10168
f 6128/1/10169 5800/1/10169 6157/1/10169
f 6157/1/10170 5800/1/10170 6156/1/10170
f 5788/1/10171 5790/1/10171 5796/1/10171
f 5796/1/10172 5790/1/10172 6158/1/10172
f 5796/1/10173 6158/1/10173 5795/1/10173
f 5795/1/10174 6158/1/10174 5797/1/10174
f 5800/1/10175 5799/1/10175 6155/1/10175
f 6155/1/10176 5799/1/10176 5798/1/10176
f 6155/1/10177 5798/1/10177 6159/1/10177
f 6159/1/10178 5798/1/10178 5797/1/10178
f 6159/1/10179 5797/1/10179 6160/1/10179
f 6160/1/10180 5797/1/10180 6158/1/10180
f 5806/1/10181 5835/1/10181 5807/1/10181
f 5807/1/10182 5835/1/10182 5837/1/10182
f 5807/1/10183 5837/1/10183 5839/1/10183
f 5839/1/10184 5840/1/10184 5807/1/10184
f 5807/1/10185 5840/1/10185 5842/1/10185
f 5807/1/10186 5842/1/10186 5808/1/10186
f 5808/1/10187 5842/1/10187 5844/1/10187
f 5808/1/10188 5844/1/10188 5809/1/10188
f 5809/1/10189 5844/1/10189 5847/1/10189
f 5809/1/10190 5847/1/10190 5810/1/10190
f 5810/1/10191 5847/1/10191 5849/1/10191
f 5810/1/10192 5849/1/10192 5811/1/10192
f 5811/1/10193 5849/1/10193 5852/1/10193
f 5811/1/10194 5852/1/10194 5812/1/10194
f 5812/1/10195 5852/1/10195 5853/1/10195
f 5812/1/10196 5853/1/10196 5813/1/10196
f 5855/1/10197 5815/1/10197 5853/1/10197
f 5853/1/10198 5815/1/10198 5814/1/10198
f 5853/1/10199 5814/1/10199 5813/1/10199
f 5818/1/10200 5816/1/10200 5855/1/10200
f 5855/1/10200 5816/1/10200 5817/1/10200
f 5855/1/10201 5817/1/10201 5815/1/10201
f 6161/1/10202 6162/1/10202 6163/1/10202
f 6164/1/10203 6165/1/10203 6166/1/10203
f 6167/1/10204 6168/1/10204 6169/1/10204
f 6169/1/10205 6168/1/10205 6170/1/10205
f 6169/1/10206 6170/1/10206 6171/1/10206
f 6172/1/3791 6165/1/3791 6173/1/3791
f 6173/1/10207 6165/1/10207 6164/1/10207
f 6173/1/10208 6164/1/10208 6174/1/10208
f 6171/1/10209 6175/1/10209 6176/1/10209
f 6176/1/10210 6175/1/10210 6177/1/10210
f 6176/1/10211 6177/1/10211 6178/1/10211
f 6178/1/10212 6177/1/10212 6179/1/10212
f 6178/1/10213 6179/1/10213 6180/1/10213
f 6162/1/10202 6161/1/10202 6181/1/10202
f 6181/1/10214 6161/1/10214 6182/1/10214
f 6181/1/10215 6182/1/10215 6166/1/10215
f 6166/1/10216 6182/1/10216 6183/1/10216
f 6166/1/10217 6183/1/10217 6164/1/10217
f 6164/1/10218 6183/1/10218 6184/1/10218
f 6164/1/10219 6184/1/10219 6174/1/10219
f 6185/1/10220 6186/1/10220 6187/1/10220
f 6188/1/10221 6189/1/10221 6190/1/10221
f 6190/1/10222 6189/1/10222 6191/1/10222
f 6190/1/10223 6191/1/10223 6192/1/10223
f 6192/1/10224 6191/1/10224 6193/1/10224
f 6192/1/10225 6193/1/10225 6194/1/10225
f 6194/1/10226 6193/1/10226 6185/1/10226
f 6194/1/10227 6185/1/10227 6195/1/10227
f 6195/1/10228 6185/1/10228 6187/1/10228
f 6196/1/10229 6167/1/10229 6163/1/10229
f 6163/1/10230 6167/1/10230 6169/1/10230
f 6163/1/10231 6169/1/10231 6161/1/10231
f 6161/1/10232 6169/1/10232 6171/1/10232
f 6161/1/10233 6171/1/10233 6182/1/10233
f 6182/1/10234 6171/1/10234 6176/1/10234
f 6182/1/10235 6176/1/10235 6183/1/10235
f 6183/1/10236 6176/1/10236 6178/1/10236
f 6183/1/10237 6178/1/10237 6184/1/10237
f 6184/1/10238 6178/1/10238 6180/1/10238
f 6184/1/10239 6180/1/10239 6174/1/10239
f 6168/1/10240 6188/1/10240 6170/1/10240
f 6170/1/10241 6188/1/10241 6190/1/10241
f 6170/1/10242 6190/1/10242 6171/1/10242
f 6171/1/10243 6190/1/10243 6192/1/10243
f 6171/1/10244 6192/1/10244 6175/1/10244
f 6175/1/10245 6192/1/10245 6194/1/10245
f 6175/1/10246 6194/1/10246 6177/1/10246
f 6177/1/10247 6194/1/10247 6195/1/10247
f 6177/1/10248 6195/1/10248 6179/1/10248
f 6179/1/10249 6195/1/10249 6187/1/10249
f 6197/1/10250 6186/1/10250 6185/1/10250
f 6198/1/10251 3064/1/10251 6199/1/10251
f 6197/1/10252 6185/1/10252 6199/1/10252
f 6189/1/10253 6198/1/10253 6191/1/10253
f 6191/1/10254 6198/1/10254 6199/1/10254
f 6191/1/10254 6199/1/10254 6193/1/10254
f 6193/1/10254 6199/1/10254 6185/1/10254
f 5993/1/10255 5992/1/10255 5889/1/10255
f 5829/1/10256 5827/1/10256 5889/1/10256
f 5829/1/10257 5889/1/10257 5831/1/10257
f 5831/1/10258 5889/1/10258 5888/1/10258
f 5831/1/10259 5888/1/10259 5833/1/10259
f 6050/1/10260 5981/1/10260 5889/1/10260
f 5889/1/10261 5981/1/10261 5983/1/10261
f 5889/1/10262 5983/1/10262 5993/1/10262
f 5827/1/10263 5825/1/10263 5889/1/10263
f 5889/1/10264 5825/1/10264 5821/1/10264
f 5889/1/10265 5821/1/10265 5823/1/10265
f 5823/1/10266 6046/1/10266 5889/1/10266
f 5889/1/10267 6046/1/10267 6048/1/10267
f 5889/1/10268 6048/1/10268 6050/1/10268
f 5895/1/10269 5894/1/10269 5846/1/10269
f 5846/1/10270 5845/1/10270 5895/1/10270
f 5895/1/10271 5845/1/10271 5843/1/10271
f 5895/1/10272 5843/1/10272 5893/1/10272
f 5893/1/10273 5843/1/10273 5841/1/10273
f 5893/1/10274 5841/1/10274 5886/1/10274
f 5886/1/10275 5841/1/10275 5838/1/10275
f 5886/1/10276 5838/1/10276 5836/1/10276
f 5888/1/10277 5887/1/10277 5833/1/10277
f 5833/1/10278 5887/1/10278 5886/1/10278
f 5833/1/10279 5886/1/10279 5834/1/10279
f 5834/1/10280 5886/1/10280 5836/1/10280
f 5857/1/10281 5851/1/10281 5870/1/10281
f 5870/1/10282 5851/1/10282 5892/1/10282
f 5892/1/10283 5851/1/10283 5850/1/10283
f 5892/1/10284 5850/1/10284 5894/1/10284
f 5894/1/10285 5850/1/10285 5848/1/10285
f 5894/1/10286 5848/1/10286 5846/1/10286
f 5870/1/10287 5869/1/10287 5857/1/10287
f 5857/1/10288 5869/1/10288 5871/1/10288
f 5857/1/10288 5871/1/10288 5856/1/10288
f 5856/1/10289 5871/1/10289 5864/1/10289
f 5856/1/10290 5864/1/10290 5854/1/10290
f 5990/1/10291 5873/1/10291 5992/1/10291
f 5992/1/10292 5873/1/10292 5872/1/10292
f 5872/1/10293 5891/1/10293 5992/1/10293
f 5992/1/10294 5891/1/10294 5890/1/10294
f 5992/1/10295 5890/1/10295 5889/1/10295
f 5985/1/10296 6200/1/10296 5986/1/10296
f 5986/1/10297 6200/1/10297 5873/1/10297
f 5986/1/10298 5873/1/10298 5988/1/10298
f 5988/1/10299 5873/1/10299 5990/1/10299
f 5985/1/10300 5996/1/10300 6200/1/10300
f 6200/1/10301 5996/1/10301 5998/1/10301
f 6200/1/10302 5998/1/10302 6201/1/10302
f 6201/1/10303 5998/1/10303 6000/1/10303
f 6201/1/10304 6000/1/10304 6202/1/10304
f 6202/1/10305 6000/1/10305 6203/1/10305
f 6200/1/10306 6204/1/10306 5873/1/10306
f 5873/1/10307 6204/1/10307 6205/1/10307
f 5873/1/10308 6205/1/10308 6206/1/10308
f 5882/1/10309 5880/1/10309 6092/1/10309
f 6092/1/10310 5880/1/10310 5878/1/10310
f 6092/1/10311 5878/1/10311 6091/1/10311
f 6091/1/10312 5878/1/10312 5876/1/10312
f 6091/1/10313 5876/1/10313 6207/1/10313
f 6207/1/10314 5876/1/10314 5875/1/10314
f 6207/1/10315 5875/1/10315 6206/1/10315
f 6206/1/10316 5875/1/10316 5874/1/10316
f 6206/1/10317 5874/1/10317 5873/1/10317
f 6092/1/10318 6093/1/10318 5882/1/10318
f 5882/1/10319 6093/1/10319 6095/1/10319
f 5882/1/10320 6095/1/10320 6097/1/10320
f 6097/1/10321 6098/1/10321 5882/1/10321
f 5882/1/10321 6098/1/10321 6099/1/10321
f 5882/1/10322 6099/1/10322 6074/1/10322
f 6074/1/10323 6099/1/10323 6076/1/10323
f 5897/1/10323 5896/1/10323 6074/1/10323
f 6074/1/10323 5896/1/10323 5901/1/10323
f 6074/1/10324 5901/1/10324 5882/1/10324
f 5882/1/10325 5901/1/10325 5902/1/10325
f 5882/1/10326 5902/1/10326 5884/1/10326
f 6203/1/10327 6000/1/10327 6208/1/10327
f 6208/1/10328 6000/1/10328 6002/1/10328
f 6208/1/10329 6002/1/10329 6004/1/10329
f 6004/1/10330 6006/1/10330 6208/1/10330
f 6208/1/10331 6006/1/10331 6009/1/10331
f 6208/1/10332 6009/1/10332 6209/1/10332
f 6209/1/10333 6009/1/10333 6011/1/10333
f 6209/1/10334 6011/1/10334 6210/1/10334
f 6011/1/10335 6013/1/10335 6210/1/10335
f 6210/1/10336 6013/1/10336 6015/1/10336
f 6210/1/10337 6015/1/10337 6211/1/10337
f 6211/1/10338 6015/1/10338 6017/1/10338
f 6211/1/10339 6017/1/10339 6212/1/10339
f 6017/1/10340 6019/1/10340 6212/1/10340
f 6212/1/10341 6019/1/10341 6022/1/10341
f 6212/1/10342 6022/1/10342 6213/1/10342
f 6213/1/10343 6022/1/10343 6024/1/10343
f 6213/1/10344 6024/1/10344 6214/1/10344
f 6024/1/10345 6026/1/10345 6214/1/10345
f 6214/1/10346 6026/1/10346 6028/1/10346
f 6214/1/10347 6028/1/10347 6215/1/10347
f 6215/1/10348 6028/1/10348 6030/1/10348
f 6215/1/10349 6030/1/10349 6216/1/10349
f 6037/1/10350 6217/1/10350 6035/1/10350
f 6035/1/10351 6217/1/10351 6216/1/10351
f 6035/1/10352 6216/1/10352 6032/1/10352
f 6032/1/10353 6216/1/10353 6030/1/10353
f 6037/1/10354 6039/1/10354 6217/1/10354
f 6217/1/10355 6039/1/10355 6041/1/10355
f 6217/1/10356 6041/1/10356 6218/1/10356
f 6218/1/10357 6041/1/10357 6043/1/10357
f 6218/1/10358 6043/1/10358 6219/1/10358
f 6219/1/10359 6043/1/10359 6220/1/10359
f 6220/1/10360 6043/1/10360 5975/1/10360
f 6220/1/10361 5975/1/10361 6221/1/10361
f 5964/1/10362 5959/1/10362 5979/1/10362
f 5979/1/10363 5959/1/10363 6221/1/10363
f 5979/1/10364 6221/1/10364 5974/1/10364
f 5974/1/10365 6221/1/10365 5975/1/10365
f 5959/1/10366 5961/1/10366 6221/1/10366
f 6221/1/10367 5961/1/10367 5927/1/10367
f 6221/1/10368 5927/1/10368 6222/1/10368
f 6222/1/10369 5927/1/10369 5926/1/10369
f 6222/1/10370 5926/1/10370 6223/1/10370
f 5930/1/10371 5937/1/10371 6224/1/10371
f 6223/1/10372 5926/1/10372 6224/1/10372
f 6224/1/10373 5926/1/10373 5931/1/10373
f 6224/1/10374 5931/1/10374 5930/1/10374
f 5937/1/10375 5936/1/10375 6224/1/10375
f 6224/1/10376 5936/1/10376 5935/1/10376
f 6224/1/10377 5935/1/10377 5934/1/10377
f 5934/1/10378 5954/1/10378 6224/1/10378
f 6224/1/10379 5954/1/10379 5939/1/10379
f 6224/1/10380 5939/1/10380 5938/1/10380
f 5938/1/10381 5910/1/10381 6224/1/10381
f 6224/1/10382 5910/1/10382 5909/1/10382
f 6224/1/10383 5909/1/10383 6225/1/10383
f 6225/1/10384 5909/1/10384 5921/1/10384
f 6225/1/10385 5921/1/10385 6226/1/10385
f 6226/1/10386 5921/1/10386 6227/1/10386
f 6227/1/10387 5921/1/10387 5920/1/10387
f 6227/1/10388 5920/1/10388 6228/1/10388
f 6228/1/10389 5920/1/10389 6229/1/10389
f 6229/1/10390 5920/1/10390 5918/1/10390
f 6229/1/10391 5918/1/10391 5907/1/10391
f 5907/1/10392 5905/1/10392 6229/1/10392
f 6229/1/10393 5905/1/10393 5904/1/10393
f 6229/1/10394 5904/1/10394 6230/1/10394
f 6230/1/10395 5904/1/10395 6123/1/10395
f 6230/1/10396 6123/1/10396 6231/1/10396
f 6232/1/10397 6233/1/10397 6122/1/10397
f 6122/1/10398 6233/1/10398 6234/1/10398
f 6122/1/10399 6234/1/10399 6123/1/10399
f 6123/1/10400 6234/1/10400 6235/1/10400
f 6123/1/10401 6235/1/10401 6231/1/10401
f 6120/1/10402 6186/1/10402 6197/1/10402
f 6120/1/10403 6197/1/10403 6122/1/10403
f 6122/1/10404 6197/1/10404 6199/1/10404
f 6122/1/10405 6199/1/10405 6232/1/10405
f 6236/1/10406 6237/1/10406 6238/1/10406
f 6239/1/10407 6089/1/10407 6240/1/10407
f 6240/1/10408 6089/1/10408 6241/1/10408
f 6240/1/10409 6241/1/10409 6242/1/10409
f 6242/1/10410 6241/1/10410 6243/1/10410
f 6242/1/10411 6243/1/10411 6244/1/10411
f 6244/1/10412 6243/1/10412 6245/1/10412
f 6244/1/10413 6245/1/10413 6246/1/10413
f 6078/1/10414 6096/1/10414 6238/1/10414
f 6238/1/10415 6096/1/10415 6094/1/10415
f 6238/1/10416 6094/1/10416 6090/1/10416
f 6247/1/10417 6064/1/10417 6063/1/10417
f 6078/1/10418 6238/1/10418 6063/1/10418
f 6063/1/10419 6238/1/10419 6237/1/10419
f 6063/1/10420 6237/1/10420 6247/1/10420
f 6090/1/10421 6089/1/10421 6248/1/10421
f 6248/1/10422 6089/1/10422 6239/1/10422
f 6248/1/10423 6239/1/10423 6090/1/10423
f 6090/1/10424 6239/1/10424 6249/1/10424
f 6090/1/10425 6249/1/10425 6238/1/10425
f 6238/1/10426 6249/1/10426 6250/1/10426
f 6238/1/10427 6250/1/10427 6236/1/10427
f 6068/1/10428 6057/1/10428 3948/1/10428
f 6068/1/10429 3948/1/10429 6069/1/10429
f 6071/1/10430 6060/1/10430 6068/1/10430
f 6068/1/10431 6060/1/10431 6058/1/10431
f 6068/1/10432 6058/1/10432 6057/1/10432
f 6073/1/10433 6054/1/10433 6072/1/10433
f 6072/1/10434 6054/1/10434 6053/1/10434
f 6072/1/10435 6053/1/10435 6062/1/10435
f 6062/1/10436 6061/1/10436 6072/1/10436
f 6072/1/10437 6061/1/10437 6071/1/10437
f 6071/1/10438 6061/1/10438 6059/1/10438
f 6071/1/10439 6059/1/10439 6060/1/10439
f 6065/1/10440 6251/1/10440 6077/1/10440
f 6077/1/10441 6251/1/10441 6100/1/10441
f 6077/1/10442 6100/1/10442 6075/1/10442
f 6075/1/10443 6100/1/10443 6101/1/10443
f 6075/1/10444 6101/1/10444 6073/1/10444
f 6073/1/10445 6101/1/10445 6102/1/10445
f 6073/1/10445 6102/1/10445 6054/1/10445
f 6252/1/10446 6253/1/10446 6254/1/10446
f 6254/1/10447 6253/1/10447 6255/1/10447
f 6254/1/10448 6255/1/10448 6256/1/10448
f 6256/1/10449 6255/1/10449 6257/1/10449
f 6256/1/10450 6257/1/10450 6258/1/10450
f 6259/1/10451 6236/1/10451 6260/1/10451
f 6260/1/10452 6236/1/10452 6250/1/10452
f 6261/1/10453 6262/1/10453 6263/1/10453
f 6263/1/10454 6262/1/10454 6264/1/10454
f 6240/1/10455 6265/1/10455 6239/1/10455
f 6239/1/10456 6265/1/10456 6264/1/10456
f 6239/1/10457 6264/1/10457 6249/1/10457
f 6249/1/10458 6264/1/10458 6262/1/10458
f 6249/1/10459 6262/1/10459 6250/1/10459
f 6250/1/10460 6262/1/10460 6261/1/10460
f 6250/1/10461 6261/1/10461 6260/1/10461
f 6259/1/10462 6258/1/10462 6236/1/10462
f 6236/1/10463 6258/1/10463 6257/1/10463
f 6236/1/10464 6257/1/10464 6237/1/10464
f 6237/1/10465 6257/1/10465 6255/1/10465
f 6237/1/10466 6255/1/10466 6247/1/10466
f 6247/1/10467 6255/1/10467 6253/1/10467
f 6247/1/10468 6253/1/10468 6064/1/10468
f 6064/1/10469 6253/1/10469 6252/1/10469
f 6064/1/10470 6252/1/10470 6065/1/10470
f 6065/1/10471 6252/1/10471 6266/1/10471
f 6065/1/10472 6266/1/10472 6251/1/10472
f 3948/1/10473 6087/1/10473 6069/1/10473
f 6069/1/10474 6087/1/10474 6086/1/10474
f 6069/1/10475 6086/1/10475 6070/1/10475
f 6070/1/10476 6086/1/10476 6067/1/10476
f 6267/1/10477 6241/1/10477 6089/1/10477
f 6268/1/10478 6246/1/10478 6245/1/10478
f 6246/1/10479 6268/1/10479 6269/1/10479
f 6269/1/10480 6268/1/10480 6270/1/10480
f 6269/1/10481 6270/1/10481 6271/1/10481
f 6089/1/10482 6088/1/10482 6267/1/10482
f 6267/1/10482 6088/1/10482 6091/1/10482
f 6267/1/10483 6091/1/10483 6207/1/10483
f 6207/1/10484 6206/1/10484 6267/1/10484
f 6267/1/10485 6206/1/10485 6205/1/10485
f 6267/1/10486 6205/1/10486 6272/1/10486
f 6272/1/10487 6205/1/10487 6204/1/10487
f 6201/1/10488 6273/1/10488 6200/1/10488
f 6200/1/10488 6273/1/10488 6270/1/10488
f 6200/1/10489 6270/1/10489 6204/1/10489
f 6204/1/10490 6270/1/10490 6268/1/10490
f 6204/1/10491 6268/1/10491 6272/1/10491
f 6272/1/10492 6268/1/10492 6245/1/10492
f 6272/1/10493 6245/1/10493 6267/1/10493
f 6267/1/10494 6245/1/10494 6243/1/10494
f 6267/1/10495 6243/1/10495 6241/1/10495
f 6274/1/10496 6107/1/10496 6108/1/10496
f 6275/1/10497 6276/1/10497 6274/1/10497
f 6264/1/10498 6277/1/10498 6274/1/10498
f 6274/1/10499 6277/1/10499 6278/1/10499
f 6274/1/10500 6278/1/10500 6275/1/10500
f 6276/1/10501 6279/1/10501 6274/1/10501
f 6274/1/10502 6279/1/10502 6280/1/10502
f 6274/1/10503 6280/1/10503 6281/1/10503
f 6274/1/10504 6108/1/10504 6264/1/10504
f 6264/1/10505 6108/1/10505 6110/1/10505
f 6264/1/10506 6110/1/10506 6263/1/10506
f 6263/1/10507 6110/1/10507 6261/1/10507
f 6261/1/10508 6110/1/10508 6103/1/10508
f 6261/1/10509 6103/1/10509 6260/1/10509
f 6260/1/10510 6103/1/10510 6259/1/10510
f 6259/1/10511 6103/1/10511 6111/1/10511
f 6259/1/10512 6111/1/10512 6258/1/10512
f 6258/1/10513 6111/1/10513 6113/1/10513
f 6258/1/10514 6113/1/10514 6256/1/10514
f 6256/1/10515 6113/1/10515 6115/1/10515
f 6256/1/10516 6115/1/10516 6254/1/10516
f 6254/1/10517 6115/1/10517 6252/1/10517
f 6252/1/10518 6115/1/10518 6117/1/10518
f 6252/1/10519 6117/1/10519 6266/1/10519
f 6266/1/10520 6117/1/10520 6251/1/10520
f 6251/1/10521 6117/1/10521 5773/1/10521
f 6251/1/10522 5773/1/10522 6100/1/10522
f 6282/1/10523 6157/1/10523 6156/1/10523
f 6157/1/10524 6282/1/10524 6128/1/10524
f 6283/1/10525 6284/1/10525 6142/1/10525
f 6285/1/10526 6286/1/10526 6154/1/10526
f 6154/1/10527 6286/1/10527 6287/1/10527
f 6154/1/10528 6287/1/10528 6153/1/10528
f 6153/1/10529 6287/1/10529 6288/1/10529
f 6153/1/10530 6288/1/10530 6152/1/10530
f 6154/1/10531 6151/1/10531 6285/1/10531
f 6285/1/10532 6151/1/10532 6150/1/10532
f 6285/1/10533 6150/1/10533 6289/1/10533
f 6150/1/10534 6149/1/10534 6289/1/10534
f 6289/1/10535 6149/1/10535 6144/1/10535
f 6289/1/10536 6144/1/10536 6290/1/10536
f 6144/1/10537 6143/1/10537 6290/1/10537
f 6290/1/10538 6143/1/10538 6145/1/10538
f 6290/1/10539 6145/1/10539 6291/1/10539
f 6291/1/10540 6145/1/10540 6146/1/10540
f 6146/1/10541 6147/1/10541 6291/1/10541
f 6291/1/10542 6147/1/10542 6148/1/10542
f 6291/1/10543 6148/1/10543 6292/1/10543
f 6292/1/10544 6148/1/10544 6284/1/10544
f 6284/1/10545 6148/1/10545 6124/1/10545
f 6284/1/10546 6124/1/10546 6142/1/10546
f 6283/1/10547 6142/1/10547 6293/1/10547
f 6293/1/10548 6142/1/10548 6141/1/10548
f 6293/1/10549 6141/1/10549 6294/1/10549
f 6294/1/10550 6141/1/10550 6140/1/10550
f 6294/1/10551 6140/1/10551 6295/1/10551
f 6295/1/10552 6140/1/10552 6139/1/10552
f 6295/1/10553 6139/1/10553 6296/1/10553
f 6296/1/10554 6139/1/10554 6138/1/10554
f 6296/1/10555 6138/1/10555 6297/1/10555
f 6297/1/10556 6138/1/10556 6137/1/10556
f 6297/1/10557 6137/1/10557 6298/1/10557
f 6298/1/10558 6137/1/10558 6136/1/10558
f 6298/1/10559 6136/1/10559 6299/1/10559
f 6136/1/10560 6133/1/10560 6299/1/10560
f 6299/1/10561 6133/1/10561 6132/1/10561
f 6299/1/10562 6132/1/10562 6300/1/10562
f 6132/1/10563 6135/1/10563 6300/1/10563
f 6300/1/10564 6135/1/10564 6134/1/10564
f 6300/1/10565 6134/1/10565 6301/1/10565
f 6301/1/10566 6134/1/10566 6302/1/10566
f 6302/1/10567 6134/1/10567 6129/1/10567
f 6302/1/10568 6129/1/10568 6303/1/10568
f 6129/1/10569 6130/1/10569 6303/1/10569
f 6303/1/10570 6130/1/10570 6131/1/10570
f 6303/1/10571 6131/1/10571 6304/1/10571
f 6304/1/10572 6131/1/10572 6125/1/10572
f 6304/1/10573 6125/1/10573 6127/1/10573
f 6128/1/10574 6282/1/10574 6127/1/10574
f 6127/1/10575 6282/1/10575 6305/1/10575
f 6127/1/10576 6305/1/10576 6304/1/10576
f 6155/1/10577 6306/1/10577 6156/1/10577
f 6156/1/10578 6306/1/10578 6307/1/10578
f 6156/1/10579 6307/1/10579 6282/1/10579
f 6155/1/10580 6159/1/10580 6306/1/10580
f 6306/1/10581 6159/1/10581 6160/1/10581
f 6306/1/10582 6160/1/10582 6308/1/10582
f 6160/1/10583 6158/1/10583 6308/1/10583
f 6308/1/10584 6158/1/10584 5790/1/10584
f 6308/1/10585 5790/1/10585 6107/1/10585
f 6196/1/10586 6163/1/10586 6309/1/10586
f 6309/1/10587 6163/1/10587 6310/1/10587
f 6120/1/3791 6119/1/3791 6186/1/3791
f 6186/1/3791 6119/1/3791 6152/1/3791
f 6186/1/3791 6152/1/3791 6187/1/3791
f 6162/1/3791 6181/1/3791 6288/1/3791
f 6288/1/3791 6181/1/3791 6166/1/3791
f 6166/1/3791 6165/1/3791 6288/1/3791
f 6288/1/3791 6165/1/3791 6172/1/3791
f 6288/1/3791 6172/1/3791 6173/1/3791
f 6162/1/3791 6288/1/3791 6163/1/3791
f 6163/1/3791 6288/1/3791 6311/1/3791
f 6163/1/3791 6311/1/3791 6310/1/3791
f 6173/1/3791 6174/1/3791 6288/1/3791
f 6288/1/3791 6174/1/3791 6180/1/3791
f 6288/1/3791 6180/1/3791 6152/1/3791
f 6152/1/3791 6180/1/3791 6179/1/3791
f 6152/1/3791 6179/1/3791 6187/1/3791
f 6312/1/10588 3064/1/10588 6313/1/10588
f 6196/1/10589 6309/1/10589 6167/1/10589
f 6167/1/10590 6309/1/10590 6168/1/10590
f 6309/1/10591 6310/1/10591 6314/1/10591
f 6315/1/10592 6189/1/10592 6188/1/10592
f 6309/1/10593 6314/1/10593 6168/1/10593
f 6168/1/10594 6314/1/10594 6316/1/10594
f 6168/1/10595 6316/1/10595 6188/1/10595
f 6188/1/10596 6316/1/10596 6317/1/10596
f 6188/1/10597 6317/1/10597 6315/1/10597
f 6313/1/10598 3064/1/10598 6315/1/10598
f 6315/1/10599 3064/1/10599 6198/1/10599
f 6315/1/10600 6198/1/10600 6189/1/10600
f 6312/1/10601 6313/1/10601 6318/1/10601
f 6318/1/10602 6313/1/10602 6319/1/10602
f 6318/1/10603 6319/1/10603 6320/1/10603
f 6320/1/10604 6319/1/10604 6321/1/10604
f 6321/1/10605 6319/1/10605 6322/1/10605
f 6321/1/10606 6322/1/10606 6323/1/10606
f 6232/1/10607 6199/1/10607 3064/1/10607
f 6232/1/10608 3064/1/10608 6233/1/10608
f 6323/1/10609 6324/1/10609 6325/1/10609
f 6325/1/10610 6324/1/10610 6326/1/10610
f 6325/1/10611 6326/1/10611 6327/1/10611
f 6234/1/10612 6321/1/10612 6235/1/10612
f 6235/1/10613 6321/1/10613 6323/1/10613
f 6235/1/10614 6323/1/10614 6231/1/10614
f 6231/1/10615 6323/1/10615 6325/1/10615
f 6231/1/10616 6325/1/10616 6230/1/10616
f 3064/1/10617 6312/1/10617 6233/1/10617
f 6233/1/10618 6312/1/10618 6318/1/10618
f 6233/1/10619 6318/1/10619 6234/1/10619
f 6234/1/10620 6318/1/10620 6320/1/10620
f 6234/1/10621 6320/1/10621 6321/1/10621
f 6328/1/10622 6329/1/10622 6330/1/10622
f 6229/1/10623 6230/1/10623 6325/1/10623
f 6331/1/10624 6332/1/10624 6333/1/10624
f 6331/1/10625 6333/1/10625 6334/1/10625
f 6334/1/10626 6333/1/10626 6335/1/10626
f 6335/1/10627 6333/1/10627 6336/1/10627
f 6335/1/10628 6336/1/10628 6337/1/10628
f 6336/1/10629 6338/1/10629 6337/1/10629
f 6337/1/10630 6338/1/10630 6339/1/10630
f 6337/1/10631 6339/1/10631 6340/1/10631
f 6340/1/10632 6339/1/10632 6341/1/10632
f 6340/1/10633 6341/1/10633 6342/1/10633
f 6342/1/10634 6341/1/10634 6343/1/10634
f 6342/1/10635 6343/1/10635 6344/1/10635
f 6344/1/10636 6343/1/10636 6345/1/10636
f 6325/1/10637 6327/1/10637 6345/1/10637
f 6345/1/10638 6343/1/10638 6325/1/10638
f 6325/1/10639 6343/1/10639 6346/1/10639
f 6325/1/10640 6346/1/10640 6229/1/10640
f 6228/1/10641 6347/1/10641 6227/1/10641
f 6227/1/10642 6347/1/10642 6348/1/10642
f 6347/1/10643 6349/1/10643 6348/1/10643
f 6348/1/10644 6349/1/10644 6350/1/10644
f 6348/1/10645 6350/1/10645 6351/1/10645
f 6351/1/10646 6350/1/10646 6352/1/10646
f 6351/1/10647 6352/1/10647 6353/1/10647
f 6353/1/10648 6352/1/10648 6354/1/10648
f 6353/1/10649 6354/1/10649 6355/1/10649
f 6356/1/10650 6219/1/10650 6220/1/10650
f 6356/1/10650 6220/1/10650 6357/1/10650
f 6220/1/10651 6221/1/10651 6355/1/10651
f 6355/1/10652 6221/1/10652 6222/1/10652
f 6355/1/10653 6222/1/10653 6353/1/10653
f 6354/1/10654 6330/1/10654 6355/1/10654
f 6355/1/10655 6330/1/10655 6329/1/10655
f 6355/1/10656 6329/1/10656 6220/1/10656
f 6220/1/10650 6329/1/10650 6358/1/10650
f 6220/1/10650 6358/1/10650 6357/1/10650
f 6222/1/10657 6223/1/10657 6353/1/10657
f 6353/1/10658 6223/1/10658 6224/1/10658
f 6353/1/10659 6224/1/10659 6351/1/10659
f 6351/1/10660 6224/1/10660 6225/1/10660
f 6351/1/10661 6225/1/10661 6348/1/10661
f 6348/1/10662 6225/1/10662 6226/1/10662
f 6348/1/10663 6226/1/10663 6227/1/10663
f 6332/1/10664 6328/1/10664 6333/1/10664
f 6333/1/10665 6328/1/10665 6330/1/10665
f 6333/1/10666 6330/1/10666 6336/1/10666
f 6336/1/10667 6330/1/10667 6354/1/10667
f 6336/1/10668 6354/1/10668 6338/1/10668
f 6338/1/10669 6354/1/10669 6352/1/10669
f 6338/1/10670 6352/1/10670 6339/1/10670
f 6339/1/10671 6352/1/10671 6350/1/10671
f 6339/1/10672 6350/1/10672 6341/1/10672
f 6341/1/10673 6350/1/10673 6349/1/10673
f 6341/1/10674 6349/1/10674 6343/1/10674
f 6343/1/10675 6349/1/10675 6347/1/10675
f 6343/1/10676 6347/1/10676 6346/1/10676
f 6346/1/10677 6347/1/10677 6228/1/10677
f 6346/1/10678 6228/1/10678 6229/1/10678
f 6359/1/10679 6360/1/10679 6361/1/10679
f 6271/1/10680 6362/1/10680 6363/1/10680
f 6364/1/10681 6365/1/10681 6366/1/10681
f 6366/1/10682 6365/1/10682 6367/1/10682
f 6366/1/10683 6367/1/10683 6368/1/10683
f 6368/1/10684 6367/1/10684 6369/1/10684
f 6368/1/10685 6369/1/10685 6362/1/10685
f 6362/1/10686 6369/1/10686 6370/1/10686
f 6362/1/10687 6370/1/10687 6363/1/10687
f 6371/1/10688 6372/1/10688 6373/1/10688
f 6373/1/10689 6372/1/10689 6374/1/10689
f 6373/1/10690 6374/1/10690 6366/1/10690
f 6366/1/10691 6374/1/10691 6375/1/10691
f 6366/1/10692 6375/1/10692 6364/1/10692
f 6273/1/10693 6201/1/10693 6202/1/10693
f 6273/1/10694 6202/1/10694 6376/1/10694
f 6377/1/10695 6378/1/10695 6379/1/10695
f 6270/1/10696 6273/1/10696 6380/1/10696
f 6380/1/10697 6273/1/10697 6376/1/10697
f 6380/1/10698 6376/1/10698 6381/1/10698
f 6381/1/10699 6376/1/10699 6377/1/10699
f 6381/1/10700 6377/1/10700 6361/1/10700
f 6202/1/10701 6203/1/10701 6376/1/10701
f 6376/1/10702 6203/1/10702 6208/1/10702
f 6376/1/10703 6208/1/10703 6377/1/10703
f 6377/1/10704 6208/1/10704 6209/1/10704
f 6377/1/10705 6209/1/10705 6378/1/10705
f 6378/1/10706 6209/1/10706 6210/1/10706
f 6378/1/10707 6210/1/10707 6379/1/10707
f 6382/1/10708 6383/1/10708 6384/1/10708
f 6361/1/10709 6385/1/10709 6359/1/10709
f 6359/1/10710 6385/1/10710 6386/1/10710
f 6359/1/10711 6386/1/10711 6387/1/10711
f 6382/1/10712 6384/1/10712 6388/1/10712
f 6388/1/10713 6384/1/10713 6389/1/10713
f 6388/1/10714 6389/1/10714 6390/1/10714
f 6391/1/10715 6392/1/10715 6389/1/10715
f 6389/1/10716 6392/1/10716 6371/1/10716
f 6389/1/10717 6371/1/10717 6390/1/10717
f 6390/1/10718 6371/1/10718 6373/1/10718
f 6390/1/10719 6373/1/10719 6388/1/10719
f 6219/1/10720 6356/1/10720 6218/1/10720
f 6218/1/10721 6356/1/10721 6393/1/10721
f 6218/1/10722 6393/1/10722 6217/1/10722
f 6217/1/10723 6393/1/10723 6387/1/10723
f 6217/1/10724 6387/1/10724 6216/1/10724
f 6216/1/10725 6387/1/10725 6386/1/10725
f 6216/1/10726 6386/1/10726 6215/1/10726
f 6215/1/10727 6386/1/10727 6214/1/10727
f 6210/1/10728 6211/1/10728 6379/1/10728
f 6379/1/10729 6211/1/10729 6212/1/10729
f 6379/1/10730 6212/1/10730 6213/1/10730
f 6361/1/10731 6377/1/10731 6385/1/10731
f 6385/1/10732 6377/1/10732 6379/1/10732
f 6385/1/10733 6379/1/10733 6386/1/10733
f 6386/1/10734 6379/1/10734 6213/1/10734
f 6386/1/10735 6213/1/10735 6214/1/10735
f 6332/1/10736 6391/1/10736 6328/1/10736
f 6328/1/10737 6391/1/10737 6389/1/10737
f 6328/1/10738 6389/1/10738 6329/1/10738
f 6329/1/10739 6389/1/10739 6384/1/10739
f 6329/1/10740 6384/1/10740 6358/1/10740
f 6358/1/10741 6384/1/10741 6383/1/10741
f 6358/1/10742 6383/1/10742 6357/1/10742
f 6356/1/10743 6357/1/10743 6393/1/10743
f 6393/1/10744 6357/1/10744 6383/1/10744
f 6393/1/10745 6383/1/10745 6387/1/10745
f 6387/1/10746 6383/1/10746 6382/1/10746
f 6387/1/10747 6382/1/10747 6359/1/10747
f 6359/1/10748 6382/1/10748 6388/1/10748
f 6359/1/10749 6388/1/10749 6360/1/10749
f 6360/1/10750 6388/1/10750 6373/1/10750
f 6360/1/10751 6373/1/10751 6361/1/10751
f 6361/1/10752 6373/1/10752 6366/1/10752
f 6361/1/10753 6366/1/10753 6381/1/10753
f 6381/1/10754 6366/1/10754 6368/1/10754
f 6381/1/10755 6368/1/10755 6380/1/10755
f 6380/1/10756 6368/1/10756 6362/1/10756
f 6380/1/10757 6362/1/10757 6270/1/10757
f 6270/1/10758 6362/1/10758 6271/1/10758
f 6394/1/10759 6372/1/10759 6395/1/10759
f 6396/1/10760 6397/1/10760 6240/1/10760
f 6240/1/10761 6397/1/10761 6398/1/10761
f 6240/1/10762 6398/1/10762 6265/1/10762
f 6265/1/10763 6398/1/10763 6281/1/10763
f 6265/1/10764 6281/1/10764 6280/1/10764
f 6280/1/10765 6279/1/10765 6265/1/10765
f 6265/1/10766 6279/1/10766 6276/1/10766
f 6265/1/10767 6276/1/10767 6275/1/10767
f 6275/1/10768 6278/1/10768 6265/1/10768
f 6265/1/10769 6278/1/10769 6277/1/10769
f 6265/1/10770 6277/1/10770 6264/1/10770
f 6240/1/10771 6242/1/10771 6396/1/10771
f 6396/1/10772 6242/1/10772 6244/1/10772
f 6396/1/10773 6244/1/10773 6399/1/10773
f 6399/1/10774 6244/1/10774 6246/1/10774
f 6399/1/10775 6246/1/10775 6400/1/10775
f 6400/1/10776 6246/1/10776 6269/1/10776
f 6400/1/10777 6269/1/10777 6401/1/10777
f 6401/1/10778 6269/1/10778 6271/1/10778
f 6401/1/10779 6271/1/10779 6402/1/10779
f 6402/1/10780 6271/1/10780 6363/1/10780
f 6402/1/10781 6363/1/10781 6403/1/10781
f 6403/1/10782 6363/1/10782 6370/1/10782
f 6403/1/10783 6370/1/10783 6404/1/10783
f 6404/1/10784 6370/1/10784 6405/1/10784
f 6405/1/10785 6370/1/10785 6369/1/10785
f 6405/1/10786 6369/1/10786 6406/1/10786
f 6372/1/10787 6394/1/10787 6374/1/10787
f 6374/1/10788 6394/1/10788 6407/1/10788
f 6374/1/10789 6407/1/10789 6375/1/10789
f 6369/1/10790 6367/1/10790 6406/1/10790
f 6406/1/10791 6367/1/10791 6365/1/10791
f 6406/888/10792 6365/889/10792 6408/890/10792
f 6408/1/10793 6365/1/10793 6364/1/10793
f 6408/1/10794 6364/1/10794 6409/1/10794
f 6409/1/10795 6364/1/10795 6375/1/10795
f 6409/1/10796 6375/1/10796 6410/1/10796
f 6410/1/10797 6375/1/10797 6407/1/10797
f 6395/1/10798 6372/1/10798 6411/1/10798
f 6411/1/10799 6372/1/10799 6371/1/10799
f 6411/1/10800 6371/1/10800 6412/1/10800
f 6391/1/10801 6413/1/10801 6392/1/10801
f 6392/1/10802 6413/1/10802 6414/1/10802
f 6392/1/10803 6414/1/10803 6371/1/10803
f 6371/1/10804 6414/1/10804 6415/1/10804
f 6371/1/10805 6415/1/10805 6412/1/10805
f 6285/1/10806 6416/1/10806 6417/1/10806
f 6285/1/10807 6417/1/10807 6286/1/10807
f 6286/1/10808 6417/1/10808 6418/1/10808
f 6286/1/10809 6418/1/10809 6419/1/10809
f 6419/1/10810 6420/1/10810 6286/1/10810
f 6286/1/10811 6420/1/10811 6421/1/10811
f 6286/1/10812 6421/1/10812 6287/1/10812
f 6416/1/10813 6285/1/10813 6422/1/10813
f 6422/1/10814 6285/1/10814 6289/1/10814
f 6422/1/10815 6289/1/10815 6423/1/10815
f 6290/891/10816 6424/892/10816 6289/893/10816
f 6289/1/10817 6424/1/10817 6425/1/10817
f 6289/1/10818 6425/1/10818 6423/1/10818
f 6291/894/10819 6292/895/10819 6426/896/10819
f 6426/896/10820 6427/897/10820 6291/894/10820
f 6291/894/10821 6427/897/10821 6428/898/10821
f 6291/894/10822 6428/898/10822 6290/899/10822
f 6290/1/10823 6428/1/10823 6429/1/10823
f 6290/1/10824 6429/1/10824 6424/1/10824
f 6284/900/10825 6283/901/10825 6430/902/10825
f 6430/902/10826 6431/903/10826 6284/900/10826
f 6284/900/10827 6431/903/10827 6432/904/10827
f 6284/900/10828 6432/904/10828 6292/895/10828
f 6292/895/10829 6432/904/10829 6433/905/10829
f 6292/895/10830 6433/905/10830 6426/896/10830
f 6434/906/10831 6435/907/10831 6283/908/10831
f 6283/1/10832 6435/1/10832 6436/1/10832
f 6283/1/10833 6436/1/10833 6430/1/10833
f 6283/908/10834 6293/909/10834 6434/906/10834
f 6434/906/10835 6293/909/10835 6294/910/10835
f 6434/906/10836 6294/910/10836 6437/911/10836
f 6437/911/10837 6294/910/10837 6438/912/10837
f 6439/1/10838 6440/1/10838 6438/1/10838
f 6440/1/10839 6441/1/10839 6438/1/10839
f 6438/912/10840 6441/913/10840 6442/914/10840
f 6438/912/10841 6442/914/10841 6437/911/10841
f 6443/915/10842 6444/916/10842 6445/917/10842
f 6445/917/10843 6444/916/10843 6446/918/10843
f 6445/917/10844 6446/918/10844 6438/912/10844
f 6438/912/10845 6446/918/10845 6447/919/10845
f 6438/1/10846 6447/1/10846 6439/1/10846
f 6448/920/10847 6297/921/10847 6413/922/10847
f 6413/922/10848 6297/921/10848 6298/923/10848
f 6413/922/10849 6298/923/10849 6414/924/10849
f 6449/925/10850 6411/926/10850 6412/927/10850
f 6449/925/10851 6412/927/10851 6298/923/10851
f 6298/923/10852 6412/927/10852 6415/928/10852
f 6298/923/10853 6415/928/10853 6414/924/10853
f 6450/929/10854 6394/930/10854 6449/925/10854
f 6449/925/10855 6394/930/10855 6395/931/10855
f 6449/925/10856 6395/931/10856 6411/926/10856
f 6409/932/10857 6410/933/10857 6450/929/10857
f 6450/929/10858 6410/933/10858 6407/934/10858
f 6450/929/10859 6407/934/10859 6394/930/10859
f 6408/935/10860 6301/936/10860 6406/937/10860
f 6406/937/10861 6301/936/10861 6302/938/10861
f 6303/939/10862 6404/940/10862 6302/938/10862
f 6302/938/10863 6404/940/10863 6405/941/10863
f 6302/938/10864 6405/941/10864 6406/937/10864
f 6282/942/10865 6400/943/10865 6305/944/10865
f 6305/944/10866 6400/943/10866 6401/945/10866
f 6305/944/10867 6401/945/10867 6304/946/10867
f 6304/946/10868 6401/945/10868 6402/947/10868
f 6304/946/10869 6402/947/10869 6303/948/10869
f 6303/1/10870 6402/1/10870 6403/1/10870
f 6303/939/10871 6403/949/10871 6404/940/10871
f 6307/1/10872 6396/1/10872 6282/1/10872
f 6282/1/10873 6396/1/10873 6399/1/10873
f 6282/942/10874 6399/950/10874 6400/943/10874
f 6107/1/10875 6274/1/10875 6308/1/10875
f 6308/1/10876 6274/1/10876 6281/1/10876
f 6308/951/10877 6281/952/10877 6306/953/10877
f 6306/953/10878 6281/952/10878 6398/954/10878
f 6306/1/10879 6398/1/10879 6307/1/10879
f 6307/1/10880 6398/1/10880 6397/1/10880
f 6307/955/10881 6397/956/10881 6396/957/10881
f 6421/1/10882 6451/1/10882 6287/1/10882
f 6287/1/10883 6451/1/10883 6311/1/10883
f 6287/1/10884 6311/1/10884 6288/1/10884
f 6448/920/10885 6443/915/10885 6297/921/10885
f 6297/921/10886 6443/915/10886 6445/917/10886
f 6297/921/10887 6445/917/10887 6296/958/10887
f 6296/958/10888 6445/917/10888 6438/912/10888
f 6296/958/10889 6438/912/10889 6295/959/10889
f 6295/959/10890 6438/912/10890 6294/910/10890
f 6408/935/10891 6409/932/10891 6301/936/10891
f 6301/936/10892 6409/932/10892 6450/929/10892
f 6301/936/10893 6450/929/10893 6300/960/10893
f 6300/960/10894 6450/929/10894 6449/925/10894
f 6300/960/10895 6449/925/10895 6299/961/10895
f 6299/961/10896 6449/925/10896 6298/923/10896
f 6419/1/10897 6418/1/10897 6317/1/10897
f 6317/1/10898 6418/1/10898 6315/1/10898
f 6315/1/10899 6418/1/10899 6417/1/10899
f 6315/1/10900 6417/1/10900 6416/1/10900
f 6310/1/10901 6311/1/10901 6314/1/10901
f 6314/1/10902 6311/1/10902 6451/1/10902
f 6314/1/10903 6451/1/10903 6316/1/10903
f 6316/1/10904 6451/1/10904 6421/1/10904
f 6316/1/10905 6421/1/10905 6317/1/10905
f 6317/1/10906 6421/1/10906 6420/1/10906
f 6317/1/10907 6420/1/10907 6419/1/10907
f 6426/1/10908 6433/1/10908 6326/1/10908
f 6326/1/10909 6433/1/10909 6327/1/10909
f 6327/1/10910 6433/1/10910 6432/1/10910
f 6327/1/10911 6432/1/10911 6345/1/10911
f 6342/1/10912 6344/1/10912 6435/1/10912
f 6432/1/10913 6431/1/10913 6345/1/10913
f 6345/1/10914 6431/1/10914 6430/1/10914
f 6345/1/10915 6430/1/10915 6344/1/10915
f 6344/1/10916 6430/1/10916 6436/1/10916
f 6344/1/10917 6436/1/10917 6435/1/10917
f 6435/1/10918 6434/1/10918 6342/1/10918
f 6342/1/10919 6434/1/10919 6437/1/10919
f 6342/1/10920 6437/1/10920 6340/1/10920
f 6340/1/10921 6437/1/10921 6442/1/10921
f 6340/1/10922 6442/1/10922 6337/1/10922
f 6337/1/10923 6442/1/10923 6441/1/10923
f 6337/1/10924 6441/1/10924 6440/1/10924
f 6440/1/10925 6439/1/10925 6337/1/10925
f 6337/1/10926 6439/1/10926 6447/1/10926
f 6337/1/10927 6447/1/10927 6335/1/10927
f 6332/1/10928 6443/1/10928 6391/1/10928
f 6391/1/10929 6443/1/10929 6448/1/10929
f 6391/1/10930 6448/1/10930 6413/1/10930
f 6447/1/10931 6446/1/10931 6335/1/10931
f 6335/1/10932 6446/1/10932 6444/1/10932
f 6335/1/10933 6444/1/10933 6334/1/10933
f 6334/1/10934 6444/1/10934 6443/1/10934
f 6334/1/10935 6443/1/10935 6331/1/10935
f 6331/1/10936 6443/1/10936 6332/1/10936
f 6326/1/10937 6324/1/10937 6426/1/10937
f 6426/1/10938 6324/1/10938 6323/1/10938
f 6426/1/10939 6323/1/10939 6427/1/10939
f 6427/1/10940 6323/1/10940 6322/1/10940
f 6427/1/10941 6322/1/10941 6428/1/10941
f 6428/1/10942 6322/1/10942 6319/1/10942
f 6313/1/10943 6424/1/10943 6319/1/10943
f 6319/1/10944 6424/1/10944 6429/1/10944
f 6319/1/10945 6429/1/10945 6428/1/10945
f 6416/1/10946 6422/1/10946 6315/1/10946
f 6315/1/10947 6422/1/10947 6423/1/10947
f 6315/1/10948 6423/1/10948 6313/1/10948
f 6313/1/10949 6423/1/10949 6425/1/10949
f 6313/1/10950 6425/1/10950 6424/1/10950
