# Blender 4.4.3
# www.blender.org
mtllib right_arm_link1.mtl
o right_arm_link1
v 0.018987 0.001647 0.130788
v 0.018987 -0.000000 0.130815
v -0.006001 -0.000000 0.130815
v 0.011642 0.017116 0.034765
v 0.013926 0.015315 0.034141
v 0.018988 0.017705 0.034986
v 0.015936 0.013211 0.033509
v 0.017629 0.010849 0.032918
v 0.018988 0.008243 0.032406
v 0.018988 0.008995 0.032538
v 0.018635 0.009013 0.032542
v 0.018988 0.009009 0.032541
v 0.018988 0.009576 0.032649
v -0.001848 0.020617 0.036208
v -0.006000 0.025826 0.038978
v -0.004550 0.020194 0.036017
v -0.006000 0.020581 0.036191
v -0.006000 0.019811 0.035848
v 0.000958 0.020678 0.036236
v 0.003756 0.020356 0.036090
v 0.018988 0.025826 0.038978
v 0.006493 0.019655 0.035780
v 0.009167 0.018559 0.035322
v 0.010660 0.017744 0.035001
v -0.006000 0.028751 0.040910
v 0.018988 0.033085 0.044379
v 0.018988 0.039241 0.051010
v -0.006000 0.035880 0.047091
v -0.006000 0.033085 0.044379
v 0.018988 0.044088 0.058651
v -0.006000 0.041707 0.054512
v -0.006000 0.039241 0.051010
v 0.018988 0.047466 0.067045
v -0.006000 0.046022 0.062903
v -0.006000 0.044088 0.058651
v 0.018987 0.049260 0.075914
v -0.006000 0.048668 0.071960
v -0.006000 0.047465 0.067045
v 0.018987 0.049412 0.084961
v -0.006000 0.049550 0.081354
v -0.006000 0.049260 0.075913
v 0.018987 0.047916 0.093884
v -0.006001 0.048635 0.090744
v -0.006000 0.049412 0.084960
v 0.018987 0.044822 0.102387
v -0.006001 0.045956 0.099791
v -0.006001 0.047916 0.093884
v 0.018987 0.040234 0.110186
v -0.006001 0.041611 0.108167
v -0.006001 0.044822 0.102387
v 0.018987 0.034304 0.117020
v -0.006001 0.035757 0.115567
v -0.006001 0.040234 0.110186
v 0.018987 0.019248 0.126924
v -0.006001 0.020419 0.126412
v 0.018987 0.023000 0.125154
v -0.006001 0.027230 0.122662
v 0.018987 0.027230 0.122662
v -0.006001 0.028607 0.121723
v -0.006001 0.034304 0.117020
v -0.006001 0.002147 0.130768
v -0.006001 0.010625 0.129662
v 0.018987 0.010625 0.129663
v -0.006001 0.011491 0.129464
v -0.006001 0.019248 0.126923
v 0.018988 0.008243 0.034188
v 0.017676 0.010775 0.034703
v 0.016028 0.013100 0.035303
v 0.014051 0.015203 0.035955
v 0.011804 0.017005 0.036600
v 0.009285 0.018501 0.037199
v 0.006629 0.019611 0.037681
v 0.003879 0.020333 0.038013
v 0.001075 0.020673 0.038175
v -0.001686 0.020631 0.038155
v -0.004399 0.020229 0.037964
v -0.007071 0.019455 0.037611
v -0.007230 0.019396 0.035669
v -0.009604 0.018339 0.037131
v -0.008706 0.018780 0.035412
v -0.012018 0.016855 0.036543
v -0.011272 0.017362 0.034856
v -0.012203 0.016722 0.036493
v -0.012202 0.016721 0.034622
v -0.014246 0.015020 0.035894
v -0.013274 0.015884 0.034330
v -0.016195 0.012895 0.035245
v -0.015284 0.013960 0.033722
v -0.018357 0.009566 0.032647
v -0.018357 0.009566 0.032698
v -0.016931 0.011910 0.033168
v -0.016267 0.012802 0.033397
v -0.020012 0.005292 0.032049
v -0.020012 0.005292 0.033766
v -0.019481 0.007000 0.032263
v -0.019136 0.007898 0.034129
v -0.017845 0.010491 0.034638
v 0.018988 -0.022985 0.039362
v 0.018988 -0.014774 0.035813
v 0.018988 -0.017765 0.035009
v 0.018988 -0.009004 0.032540
v 0.018988 -0.008243 0.034188
v 0.018988 -0.008243 0.032406
v 0.018988 -0.023023 0.037389
v 0.018988 -0.025926 0.039039
v 0.018988 -0.030390 0.044379
v 0.018988 -0.033213 0.044494
v 0.018988 -0.036731 0.050687
v 0.018988 -0.039379 0.051189
v 0.018988 -0.041785 0.058067
v 0.018988 -0.044216 0.058900
v 0.018988 -0.045376 0.066259
v 0.018988 -0.047048 0.065717
v 0.018987 -0.023000 0.125154
v 0.018987 -0.023000 0.123160
v 0.018987 -0.026633 0.123049
v 0.018987 -0.026119 0.121290
v 0.018987 -0.033827 0.117472
v 0.018987 -0.033120 0.115722
v 0.018987 -0.039879 0.110674
v 0.018987 -0.038960 0.108947
v 0.018988 -0.044586 0.102883
v 0.018988 -0.043436 0.101203
v 0.018988 -0.047788 0.094363
v 0.018988 -0.046390 0.092760
v 0.018988 -0.049377 0.085401
v 0.018988 -0.047720 0.083915
v 0.018988 -0.049301 0.076299
v 0.018988 -0.047378 0.074977
v 0.018988 -0.047561 0.067365
v 0.018988 -0.047135 0.065985
v -0.006795 -0.044388 0.059243
v -0.007000 -0.044398 0.059265
v -0.007000 -0.047561 0.067365
v 0.018987 -0.000773 0.130809
v -0.007415 -0.044400 0.103263
v -0.020012 -0.044400 0.103263
v -0.020012 -0.044399 0.103265
v -0.007000 -0.044357 0.103348
v -0.007000 -0.044586 0.102883
v -0.007000 -0.047788 0.094363
v -0.007000 -0.049377 0.085401
v -0.007000 -0.049301 0.076299
v -0.006143 -0.044155 0.058780
v -0.006291 -0.044251 0.058970
v -0.006424 -0.044308 0.059082
v -0.006652 -0.044367 0.059202
v -0.006000 -0.041784 0.054631
v -0.006000 -0.043889 0.058265
v -0.006000 -0.031487 0.043006
v -0.006000 -0.033213 0.044494
v -0.006000 -0.036450 0.047700
v -0.006000 -0.039379 0.051189
v -0.006000 -0.029695 0.041599
v -0.006000 -0.027840 0.040276
v -0.006000 -0.025926 0.039039
v 0.003863 -0.020336 0.036081
v 0.001068 -0.020672 0.036233
v -0.001716 -0.020629 0.036213
v -0.004443 -0.020218 0.036027
v -0.006000 -0.022925 0.037337
v -0.006000 -0.019811 0.035848
v 0.016028 -0.013099 0.033478
v 0.014055 -0.015197 0.034103
v 0.017676 -0.010773 0.032900
v 0.011795 -0.017011 0.034726
v 0.010557 -0.017806 0.035025
v 0.009294 -0.018496 0.035297
v 0.006623 -0.019612 0.035761
v -0.020013 -0.000000 0.130815
v -0.020013 -0.000773 0.130809
v -0.020013 -0.009823 0.129832
v 0.018987 -0.009823 0.129832
v -0.020013 -0.018541 0.127215
v 0.018987 -0.018541 0.127216
v -0.020013 -0.026633 0.123049
v -0.020013 -0.033827 0.117472
v -0.020013 -0.039879 0.110674
v -0.020012 0.009566 0.032647
v -0.020012 0.009566 0.032698
v -0.023598 -0.043499 0.103637
v -0.024720 -0.042235 0.103635
v -0.024386 -0.042332 0.103450
v -0.022289 -0.044402 0.103265
v -0.022457 -0.044777 0.103640
v -0.023173 -0.043415 0.103265
v -0.024052 -0.042429 0.103265
v -0.024719 0.015885 0.036189
v -0.025012 0.009787 0.034485
v -0.025012 0.018568 0.037227
v -0.024719 0.009273 0.034380
v -0.024912 0.009003 0.034327
v -0.025012 0.008566 0.034246
v -0.025012 0.026661 0.041599
v -0.024719 0.024036 0.039956
v -0.024719 0.018568 0.037227
v -0.024719 0.028913 0.043210
v -0.024719 0.031339 0.045182
v -0.025012 0.033766 0.047442
v -0.024719 0.028708 0.043055
v -0.024719 0.026661 0.041599
v -0.025012 0.039620 0.054537
v -0.024720 0.037536 0.051681
v -0.024719 0.033766 0.047442
v -0.025012 0.044007 0.062623
v -0.024720 0.042407 0.059225
v -0.024720 0.039620 0.054537
v -0.025013 0.046763 0.071399
v -0.024720 0.045782 0.067547
v -0.024720 0.044007 0.062623
v -0.025013 0.047787 0.080540
v -0.024720 0.047540 0.076353
v -0.024720 0.046763 0.071399
v -0.025013 0.047041 0.089709
v -0.024720 0.047619 0.085333
v -0.024720 0.047787 0.080540
v -0.025013 0.044552 0.098564
v -0.024720 0.046018 0.094169
v -0.024720 0.047041 0.089709
v -0.025013 0.040412 0.106779
v -0.024720 0.042791 0.102550
v -0.024720 0.044552 0.098564
v -0.025013 0.034776 0.114049
v -0.024720 0.038054 0.110179
v -0.024720 0.040412 0.106779
v -0.025013 0.027851 0.120104
v -0.024720 0.031974 0.116787
v -0.024720 0.034776 0.114049
v -0.025013 0.019895 0.124720
v -0.024720 0.024765 0.122141
v -0.024720 0.027851 0.120104
v -0.025013 0.011201 0.127727
v -0.024720 0.016681 0.126052
v -0.024720 0.019895 0.124720
v -0.025013 -0.000000 0.129058
v -0.024720 -0.000000 0.129058
v -0.025013 0.002093 0.129012
v -0.024720 0.008009 0.128382
v -0.024720 0.011201 0.127727
v -0.020012 -0.044402 0.103265
v -0.007000 -0.045345 0.059265
v -0.025012 -0.045345 0.059264
v -0.025012 -0.045279 0.059129
v -0.006001 -0.000000 0.131665
v -0.021698 -0.000000 0.131665
v -0.021698 -0.000998 0.131655
v 0.021087 -0.000000 0.131665
v 0.021087 -0.001250 0.131650
v 0.021087 -0.006614 0.131229
v -0.021698 -0.005728 0.131338
v 0.021087 -0.010343 0.130592
v -0.021698 -0.010407 0.130579
v 0.021087 -0.015792 0.129127
v -0.021698 -0.014994 0.129383
v 0.021087 -0.019095 0.127908
v -0.021698 -0.019095 0.127908
v -0.021698 -0.019448 0.127762
v 0.021087 -0.024418 0.125355
v -0.021698 -0.023730 0.125729
v 0.021087 -0.027217 0.123685
v -0.021698 -0.027217 0.123685
v -0.021698 -0.027802 0.123303
v 0.021087 -0.032193 0.120044
v -0.021698 -0.031629 0.120505
v 0.021087 -0.034441 0.118062
v -0.021698 -0.034441 0.118062
v -0.021698 -0.035175 0.117360
v 0.021087 -0.038844 0.113379
v -0.021698 -0.038411 0.113896
v 0.021087 -0.040528 0.111225
v -0.021698 -0.040528 0.111225
v -0.021698 -0.041307 0.110143
v -0.007000 -0.044991 0.103981
v -0.021698 -0.043837 0.106135
v -0.007415 -0.045033 0.103896
v -0.021698 -0.045033 0.103896
v -0.007000 -0.045279 0.103400
v 0.021088 -0.045279 0.103401
v 0.021088 -0.044139 0.105594
v -0.007000 -0.048536 0.094845
v 0.021088 -0.047894 0.096959
v 0.021088 -0.045819 0.102260
v -0.007000 -0.050192 0.085842
v 0.021088 -0.049978 0.087777
v 0.021088 -0.048536 0.094845
v -0.007000 -0.050192 0.076688
v 0.021088 -0.050317 0.078368
v 0.021088 -0.050192 0.085842
v -0.007000 -0.048536 0.067685
v 0.021088 -0.048900 0.069060
v 0.021088 -0.050192 0.076688
v -0.025012 -0.040528 0.051304
v 0.023089 -0.040528 0.051305
v 0.023089 -0.041334 0.052428
v 0.023090 -0.043439 0.055710
v 0.023091 -0.043726 0.056201
v 0.021088 -0.043726 0.056201
v 0.021088 -0.045279 0.059130
v 0.021088 -0.045776 0.060177
v 0.021088 -0.048536 0.067685
v 0.023088 -0.033094 0.043252
v 0.023088 -0.034441 0.044468
v -0.025012 -0.034441 0.044468
v 0.023088 -0.036151 0.046147
v 0.023088 -0.038901 0.049221
v 0.023088 -0.029780 0.040604
v -0.025012 -0.027217 0.038845
v 0.023088 -0.027217 0.038845
v -0.005881 -0.019847 0.034937
v -0.004191 -0.020271 0.035121
v -0.025012 -0.019095 0.034622
v -0.007897 -0.019135 0.034638
v -0.006945 -0.019500 0.034790
v -0.001433 -0.020651 0.035290
v -0.000000 -0.020700 0.035312
v 0.001348 -0.020656 0.035292
v 0.004072 -0.020296 0.035132
v 0.007894 -0.019136 0.034639
v 0.023088 -0.019095 0.034622
v 0.006735 -0.019574 0.034821
v 0.023088 -0.022087 0.035962
v 0.005881 -0.019847 0.034937
v 0.023088 -0.026046 0.038116
v 0.009317 -0.018485 0.034377
v 0.011275 -0.017360 0.033949
v 0.011756 -0.017038 0.033832
v 0.013988 -0.015258 0.033230
v 0.015740 -0.013444 0.032691
v 0.023088 -0.017955 0.034171
v 0.015986 -0.013151 0.032611
v 0.023088 -0.013662 0.032752
v 0.017673 -0.010778 0.032031
v 0.023088 -0.010343 0.031938
v 0.017924 -0.010355 0.031940
v 0.018910 -0.008420 0.031573
v 0.023088 -0.009605 0.031789
v 0.019003 -0.008208 0.031538
v 0.023088 -0.005281 0.031143
v 0.019946 -0.005536 0.031170
v 0.020516 -0.002753 0.030940
v 0.023093 -0.001373 0.030884
v 0.020662 -0.001253 0.030881
v 0.020700 -0.000000 0.030865
v 0.023108 -0.000000 0.030865
v -0.015740 -0.013444 0.032691
v -0.014304 -0.014963 0.033137
v -0.012075 -0.016814 0.033752
v -0.011275 -0.017360 0.033949
v -0.009594 -0.018343 0.034321
v -0.020512 -0.002785 0.030942
v -0.019952 -0.005516 0.031168
v -0.025012 -0.010343 0.031938
v -0.019102 -0.007976 0.031500
v -0.018910 -0.008421 0.031573
v -0.017849 -0.010485 0.031968
v -0.016239 -0.012837 0.032527
v -0.025012 -0.001250 0.030880
v -0.025012 -0.000000 0.030865
v -0.020700 -0.000000 0.030865
v -0.024720 0.009273 0.031725
v -0.024473 0.009454 0.031759
v -0.024012 0.009566 0.031781
v -0.025012 0.004833 0.031097
v -0.025012 0.008566 0.031598
v -0.019018 0.008174 0.031532
v -0.024973 0.008844 0.031647
v -0.024832 0.009139 0.031700
v -0.018910 0.008420 0.031573
v -0.021698 0.009566 0.031781
v -0.018357 0.009566 0.031781
v -0.020510 0.002797 0.030943
v -0.019939 0.005563 0.031173
v -0.007000 -0.044342 0.059265
v -0.006597 -0.044300 0.059180
v -0.006273 -0.044185 0.058951
v -0.006031 -0.043961 0.058512
v -0.006000 -0.043832 0.058265
v -0.022081 0.048565 0.068077
v -0.022405 0.048356 0.068134
v -0.022405 0.049342 0.072541
v -0.022406 0.048246 0.094794
v -0.022406 0.048213 0.094910
v -0.022081 0.048422 0.094969
v -0.022406 0.047066 0.098455
v -0.022081 0.047270 0.098529
v -0.022405 0.049246 0.090513
v -0.022081 0.049459 0.090553
v -0.022081 0.050094 0.086063
v -0.022405 0.050106 0.081532
v -0.022405 0.049925 0.085530
v -0.022405 0.049879 0.086042
v -0.022081 0.050323 0.081533
v -0.022081 0.050143 0.077001
v -0.022405 0.049927 0.077019
v -0.022405 0.049842 0.076116
v -0.022081 0.049555 0.072504
v -0.022405 0.047998 0.066883
v -0.022081 0.047180 0.063758
v -0.022405 0.046977 0.063834
v -0.022081 0.045412 0.059581
v -0.022405 0.045217 0.059675
v -0.022405 0.044461 0.058158
v -0.022081 0.043276 0.055581
v -0.022405 0.043394 0.056211
v -0.022405 0.043089 0.055691
v -0.022081 0.040787 0.051789
v -0.022405 0.040612 0.051916
v -0.022405 0.039354 0.050249
v -0.022081 0.037968 0.048236
v -0.022405 0.037804 0.048378
v -0.022081 0.034840 0.044952
v -0.022405 0.034690 0.045108
v -0.022405 0.032857 0.043435
v -0.022081 0.031429 0.041962
v -0.022405 0.031294 0.042132
v -0.022081 0.027763 0.039292
v -0.022405 0.027643 0.039473
v -0.022405 0.030098 0.041205
v -0.022405 0.030313 0.041368
v -0.022405 0.025200 0.037956
v -0.022081 0.023871 0.036963
v -0.022405 0.023768 0.037154
v -0.022081 0.019785 0.034994
v -0.022405 0.019700 0.035193
v -0.022405 0.016654 0.034006
v -0.022081 0.015539 0.033400
v -0.022405 0.015472 0.033606
v -0.022081 0.011166 0.032195
v -0.022405 0.011118 0.032407
v -0.021698 0.011183 0.032121
v -0.022160 0.009566 0.031896
v -0.022405 0.009566 0.032079
v -0.021698 0.015562 0.033328
v -0.021698 0.019815 0.034924
v -0.021698 0.023907 0.036896
v -0.021698 0.027805 0.039229
v -0.021698 0.031476 0.041903
v -0.021698 0.034893 0.044897
v -0.021698 0.038025 0.048186
v -0.021698 0.040849 0.051744
v -0.021698 0.043341 0.055542
v -0.021698 0.045481 0.059549
v -0.021698 0.047252 0.063732
v -0.021698 0.048638 0.068057
v -0.021698 0.049630 0.072490
v -0.021698 0.050218 0.076994
v -0.021698 0.050399 0.081533
v -0.021698 0.050170 0.086070
v -0.021698 0.049534 0.090568
v -0.021698 0.048495 0.094990
v -0.021698 0.047341 0.098555
v -0.024012 0.009566 0.033718
v -0.023209 0.009566 0.032899
v -0.022083 0.046963 0.099344
v -0.021698 0.047035 0.099372
v -0.022083 0.045057 0.103676
v -0.021698 0.045126 0.103711
v -0.022083 0.042752 0.107810
v -0.021698 0.042817 0.107851
v -0.021698 0.040533 0.111219
v -0.022083 0.040069 0.111709
v -0.021698 0.040130 0.111756
v -0.022083 0.037032 0.115339
v -0.021698 0.037088 0.115391
v -0.021698 0.034503 0.118003
v -0.022083 0.033667 0.118667
v -0.021698 0.033718 0.118725
v -0.022083 0.030004 0.121665
v -0.021698 0.030050 0.121727
v -0.021698 0.027355 0.123595
v -0.022083 0.026076 0.124305
v -0.021698 0.026116 0.124371
v -0.022083 0.021917 0.126564
v -0.021698 0.021950 0.126634
v -0.021698 0.019320 0.127815
v -0.022083 0.017564 0.128423
v -0.021698 0.017591 0.128495
v -0.022083 0.013056 0.129865
v -0.021698 0.013076 0.129939
v -0.021698 0.010659 0.130525
v -0.022083 0.008433 0.130876
v -0.021698 0.008446 0.130952
v -0.022083 0.003734 0.131449
v -0.021698 0.003740 0.131526
v -0.022083 -0.000997 0.131578
v -0.022083 -0.005719 0.131262
v -0.022083 -0.010391 0.130503
v -0.022083 -0.014971 0.129310
v -0.022083 -0.019418 0.127691
v -0.022083 -0.023694 0.125661
v -0.022083 -0.027760 0.123239
v -0.022083 -0.031581 0.120445
v -0.022083 -0.035122 0.117305
v -0.022083 -0.038352 0.113846
v -0.022083 -0.041244 0.110099
v -0.022083 -0.043770 0.106097
v -0.022002 -0.044998 0.103861
v -0.022405 -0.044815 0.103678
v -0.022405 -0.043582 0.105990
v -0.022405 -0.043394 0.106318
v -0.022405 -0.041067 0.109975
v -0.022405 -0.038188 0.113706
v -0.022405 -0.034971 0.117150
v -0.022405 -0.031445 0.120277
v -0.022405 -0.030314 0.121162
v -0.022405 -0.030099 0.121325
v -0.022405 -0.027641 0.123059
v -0.022406 -0.023592 0.125471
v -0.022406 -0.019335 0.127491
v -0.022406 -0.014907 0.129103
v -0.022406 -0.010346 0.130292
v -0.022406 -0.005695 0.131047
v -0.022406 -0.000992 0.131362
v -0.022406 0.003718 0.131234
v -0.022406 0.008396 0.130663
v -0.022406 0.013000 0.129656
v -0.022406 0.017489 0.128221
v -0.022406 0.021823 0.126370
v -0.022406 0.025964 0.124120
v -0.022406 0.029875 0.121492
v -0.022406 0.033522 0.118507
v -0.022406 0.036873 0.115193
v -0.022406 0.039897 0.111579
v -0.022406 0.042569 0.107696
v -0.022406 0.044863 0.103580
v -0.022406 0.046761 0.099267
v 0.018910 -0.008419 0.000000
v -0.020700 -0.000000 -0.000000
v -0.020523 -0.002702 -0.000000
v -0.018910 -0.008419 -0.000000
v -0.015740 -0.013444 -0.000000
v -0.011274 -0.017361 -0.000000
v -0.005879 -0.019848 -0.000000
v 0.000000 -0.020700 -0.000000
v 0.005879 -0.019848 -0.000000
v 0.011274 -0.017360 0.000000
v 0.015740 -0.013444 0.000000
v 0.020523 -0.002702 0.000000
v 0.020700 0.000000 0.000000
v 0.021088 0.013917 0.032825
v 0.022392 0.009566 0.033110
v 0.021088 0.010343 0.031938
v 0.021088 0.009566 0.031781
v 0.023694 -0.000000 0.129058
v 0.023695 -0.043449 0.101174
v 0.023695 -0.041856 0.104335
v 0.023694 -0.006272 0.128645
v 0.023694 -0.012107 0.127499
v 0.023694 -0.014975 0.126651
v 0.023694 -0.020373 0.124498
v 0.023694 -0.023155 0.123074
v 0.023695 -0.027950 0.120033
v 0.023695 -0.030528 0.118038
v 0.023695 -0.034580 0.114256
v 0.023695 -0.036835 0.111718
v 0.023695 -0.040039 0.107362
v 0.023695 -0.046370 0.069691
v 0.023695 -0.043726 0.061972
v 0.023521 -0.043726 0.061546
v 0.023695 0.027972 0.042513
v 0.023695 0.021511 0.038587
v 0.021088 0.022684 0.036259
v 0.023695 0.020140 0.037923
v 0.021088 0.019094 0.034622
v 0.023695 0.013197 0.035330
v 0.023695 0.009566 0.034439
v 0.021088 0.027216 0.038845
v 0.021088 0.030659 0.041263
v 0.023695 0.029073 0.043332
v 0.023695 0.034796 0.048502
v 0.021088 0.034440 0.044468
v 0.021088 0.037565 0.047664
v 0.023695 0.035621 0.049402
v 0.023695 0.040363 0.055673
v 0.021088 0.040528 0.051305
v 0.021088 0.043159 0.055237
v 0.023695 0.040926 0.056584
v 0.021088 0.045279 0.059130
v 0.023695 0.043449 0.061356
v 0.021088 0.045819 0.060270
v 0.023695 0.044474 0.063767
v 0.021088 0.047247 0.063719
v 0.023695 0.044803 0.064627
v 0.021088 0.048536 0.067685
v 0.023695 0.046981 0.072493
v 0.021087 0.049686 0.072813
v 0.023695 0.047116 0.073250
v 0.021087 0.050192 0.076688
v 0.023695 0.047792 0.081535
v 0.021087 0.050391 0.082202
v 0.023695 0.047784 0.082154
v 0.023695 0.047575 0.085821
v 0.021087 0.050192 0.085842
v 0.023695 0.046879 0.090567
v 0.021087 0.049337 0.091559
v 0.023695 0.046785 0.091026
v 0.021087 0.048536 0.094845
v 0.023694 0.044274 0.099264
v 0.021087 0.046562 0.100556
v 0.023694 0.044153 0.099558
v 0.021087 0.045279 0.103401
v 0.023694 0.039980 0.107451
v 0.021087 0.042161 0.108880
v 0.021087 0.040528 0.111226
v 0.023694 0.034412 0.114431
v 0.021087 0.036289 0.116240
v 0.021087 0.034440 0.118062
v 0.023694 0.027643 0.120253
v 0.021087 0.020995 0.127084
v 0.023694 0.019909 0.124714
v 0.021087 0.027216 0.123685
v 0.021087 0.029151 0.122379
v 0.021087 0.002795 0.131588
v 0.023694 0.002650 0.128984
v 0.021087 0.010343 0.130592
v 0.023694 0.011057 0.127761
v 0.021087 0.012106 0.130189
v 0.023694 0.011480 0.127659
v 0.021087 0.019094 0.127908
v 0.023694 0.019650 0.124832
v 0.023694 0.019842 0.124744
v 0.023695 -0.047187 0.073677
v 0.023695 -0.047575 0.076710
v 0.023695 -0.047714 0.078518
v 0.023695 -0.047778 0.082452
v 0.023695 -0.047392 0.087440
v 0.023695 -0.046752 0.091186
v 0.023695 -0.045417 0.096148
v 0.023695 -0.044143 0.099584
v 0.023694 0.002650 0.128984
v 0.023987 -0.000000 0.129058
v 0.023987 0.002065 0.129013
v 0.023987 0.011057 0.127761
v 0.023987 0.019650 0.124832
v 0.023694 0.011480 0.127659
v 0.023987 0.027533 0.120330
v 0.023987 0.034424 0.114419
v 0.023987 0.040072 0.107311
v 0.023987 0.044274 0.099264
v 0.023987 0.046879 0.090567
v 0.023987 0.047792 0.081535
v 0.023987 0.046981 0.072493
v 0.023988 0.044474 0.063767
v 0.023988 0.040363 0.055673
v 0.023695 0.040926 0.056584
v 0.023988 0.034796 0.048502
v 0.023695 0.035621 0.049402
v 0.023988 0.027972 0.042513
v 0.023695 0.029073 0.043332
v 0.023988 0.020140 0.037923
v 0.023695 0.021511 0.038587
v 0.023988 0.009566 0.034439
v 0.023988 0.011581 0.034897
v 0.023695 0.013197 0.035330
v -0.020523 0.002702 -0.000000
v 0.020523 0.002702 0.000000
v -0.018910 0.008419 -0.000000
v 0.018910 0.008419 0.000000
v 0.015740 0.013444 0.000000
v 0.011274 0.017361 0.000000
v -0.015740 0.013444 -0.000000
v -0.011274 0.017360 -0.000000
v -0.005879 0.019848 0.000000
v -0.000000 0.020700 0.000000
v 0.005879 0.019848 0.000000
v 0.023988 -0.047187 0.073677
v 0.023695 -0.046370 0.069691
v 0.023988 -0.044998 0.065160
v 0.023988 -0.043726 0.061972
v 0.023988 -0.047778 0.082452
v 0.023988 -0.046752 0.091186
v 0.023988 -0.044143 0.099584
v 0.023987 -0.040039 0.107362
v 0.023987 -0.034580 0.114256
v 0.023987 -0.027950 0.120033
v 0.023987 -0.020373 0.124498
v 0.023987 -0.012107 0.127499
v 0.023987 -0.003431 0.128935
v 0.023988 -0.043726 0.058005
v 0.023988 -0.043100 0.056910
v 0.023988 -0.032678 0.044084
v 0.023988 -0.030086 0.041957
v 0.023988 -0.035120 0.046382
v 0.023988 -0.027356 0.040011
v 0.023988 -0.024501 0.038254
v 0.023988 -0.019102 0.035599
v 0.023988 -0.015967 0.034411
v 0.023988 -0.012759 0.033438
v 0.023988 -0.009388 0.032663
v 0.023988 -0.039510 0.051445
v 0.023988 -0.037401 0.048839
v 0.023988 -0.005972 0.032127
v 0.023988 0.000491 0.031738
v 0.023988 0.009566 0.031927
v 0.023842 0.009566 0.031781
v -0.016781 0.012120 0.032344
v -0.015740 0.013444 0.032691
v 0.020559 0.002407 0.030923
v 0.020090 0.004986 0.031112
v 0.019203 0.007729 0.031462
v 0.018910 0.008421 0.031574
v 0.017990 0.010239 0.031916
v 0.016352 0.012692 0.032490
v 0.011275 0.017360 0.033949
v 0.012377 0.016592 0.033675
v 0.014490 0.014783 0.033082
v 0.015740 0.013444 0.032691
v 0.010009 0.018119 0.034234
v 0.007637 0.019239 0.034682
v 0.000000 0.020700 0.035312
v 0.002236 0.020579 0.035257
v 0.004918 0.020107 0.035049
v 0.005881 0.019847 0.034937
v -0.007876 0.019143 0.034642
v -0.006000 0.019811 0.034922
v -0.003292 0.020437 0.035194
v -0.000585 0.020692 0.035308
v -0.014876 0.014395 0.032964
v -0.013376 0.015798 0.033405
v -0.012785 0.016280 0.033567
v -0.011275 0.017360 0.033949
v -0.010508 0.017835 0.034126
v 0.023654 0.008244 0.031544
v 0.023272 0.004265 0.031046
v -0.006000 0.027216 0.038845
v -0.006000 0.048536 0.067685
v -0.006000 0.045481 0.059549
v -0.006000 0.045279 0.059130
v -0.006000 0.040849 0.051744
v -0.006000 0.040528 0.051305
v -0.006000 0.034893 0.044897
v -0.006000 0.034440 0.044468
v -0.006000 0.027805 0.039229
v -0.006000 0.050192 0.076688
v -0.006000 0.050191 0.085842
v -0.006001 0.048536 0.094845
v -0.006001 0.045279 0.103401
v -0.006001 0.040528 0.111225
v -0.006001 0.034440 0.118062
v -0.006001 0.027216 0.123685
v -0.006001 0.019094 0.127908
v -0.006001 0.010343 0.130592
v -0.006001 0.001250 0.131649
v -0.006000 -0.019811 0.035902
v -0.006000 -0.020214 0.036080
v -0.006000 -0.022281 0.037063
v -0.006000 -0.024301 0.038141
v -0.006000 -0.026269 0.039310
v -0.006000 -0.028181 0.040570
v -0.006000 -0.030032 0.041916
v -0.006000 -0.031820 0.043347
v -0.006000 -0.035186 0.046448
v -0.006000 -0.038252 0.049847
v -0.006000 -0.040990 0.053515
v -0.020012 -0.005292 0.032049
v -0.020012 -0.011557 0.033133
v -0.019745 -0.006217 0.032157
v -0.018693 -0.008892 0.032570
v -0.020012 -0.020214 0.036080
v -0.007230 -0.019397 0.035724
v -0.008642 -0.018810 0.035478
v -0.011143 -0.017444 0.034941
v -0.012203 -0.016721 0.034675
v -0.013424 -0.015759 0.034340
v -0.015498 -0.013723 0.033705
v -0.016268 -0.012802 0.033449
v -0.017260 -0.011427 0.033102
v -0.006500 -0.044090 0.058763
v -0.020012 -0.044342 0.059264
v -0.020012 -0.040990 0.053515
v -0.020012 -0.035186 0.046448
v -0.020012 -0.028181 0.040570
v -0.024600 0.009375 0.034278
v -0.024347 0.009508 0.034047
v -0.023598 -0.043499 0.103637
v -0.024720 -0.039170 0.108649
v -0.024720 -0.038960 0.108947
v -0.024720 -0.033356 0.115493
v -0.024720 -0.028914 0.119320
v -0.024720 -0.028709 0.119475
v -0.024720 -0.026364 0.121128
v -0.024720 -0.018442 0.125356
v -0.024720 -0.009868 0.128028
v -0.024719 0.015885 0.036189
v -0.024720 -0.000947 0.129048
v -0.024719 0.024036 0.039956
v 0.017635 -0.010839 0.034717
v 0.016009 -0.013122 0.035309
v 0.013948 -0.015295 0.035984
v 0.011723 -0.017060 0.036622
v 0.009161 -0.018563 0.037224
v 0.006571 -0.019629 0.037689
v 0.003925 -0.020324 0.038009
v 0.003795 -0.020349 0.038020
v 0.000978 -0.020677 0.038175
v -0.001736 -0.020627 0.038152
v -0.004406 -0.020226 0.037961
v -0.012027 -0.016848 0.036540
v -0.009674 -0.018301 0.037114
v -0.007211 -0.019404 0.037588
v -0.014165 -0.015095 0.035919
v -0.014484 -0.014789 0.035819
v -0.016037 -0.013089 0.035298
v -0.017746 -0.010657 0.034675
v -0.019084 -0.008018 0.034151
v -0.020012 -0.005292 0.033766
v -0.020012 -0.042428 0.059264
v -0.020012 -0.041786 0.058067
v -0.020012 -0.036731 0.050687
v -0.020012 -0.030390 0.044378
v -0.020012 -0.022985 0.039362
v -0.020012 -0.014774 0.035813
v -0.020012 -0.006046 0.033856
v -0.025012 -0.042428 0.059264
v -0.025012 -0.045376 0.066259
v -0.025012 -0.047720 0.083915
v -0.025012 -0.047378 0.074977
v -0.025012 -0.046390 0.092760
v -0.025012 -0.043436 0.101203
v -0.025013 -0.038960 0.108947
v -0.025013 -0.033120 0.115722
v -0.025013 -0.026119 0.121289
v -0.025013 -0.018204 0.125455
v -0.025013 -0.009651 0.128073
v -0.025013 -0.000760 0.129052
v -0.020012 0.020581 0.036191
v -0.020012 0.011664 0.033107
v -0.020012 0.028751 0.040910
v -0.020012 0.035880 0.047091
v -0.020012 0.041707 0.054512
v -0.020012 0.042655 0.056051
v -0.020012 0.046022 0.062903
v -0.020013 0.048668 0.071959
v -0.020013 0.049550 0.081354
v -0.020013 0.048635 0.090744
v -0.020013 0.045956 0.099791
v -0.020013 0.041611 0.108167
v -0.020013 0.039361 0.111363
v -0.020013 0.035757 0.115567
v -0.020013 0.028607 0.121723
v -0.020013 0.020419 0.126412
v -0.020013 0.011491 0.129464
v -0.020013 0.002147 0.130768
v -0.020012 -0.042429 0.103265
v -0.024720 -0.000947 0.129048
v -0.024720 -0.026364 0.121128
v -0.024720 -0.018442 0.125356
v -0.024720 -0.009868 0.128028
v -0.024720 -0.033356 0.115493
v -0.020013 -0.038960 0.108947
v -0.020013 -0.033120 0.115722
v -0.020013 -0.026119 0.121289
v -0.020013 -0.018204 0.125455
v 0.018987 -0.018204 0.125455
v 0.018987 -0.009651 0.128073
v -0.020013 -0.009651 0.128073
v 0.018987 -0.000760 0.129052
v -0.020013 -0.000760 0.129052
v 0.018987 -0.000000 0.129058
v -0.020013 -0.000000 0.129058
v -0.020012 0.022883 0.039306
v -0.020012 0.014714 0.035794
v -0.020012 0.006037 0.033855
v -0.020013 0.001618 0.129030
v -0.020013 0.010438 0.127904
v -0.020013 0.018897 0.125163
v -0.020013 0.026702 0.120903
v -0.020013 0.033582 0.115270
v -0.020013 0.039300 0.108461
v -0.020012 0.030259 0.044271
v -0.020012 0.036588 0.050517
v -0.020012 0.041651 0.057827
v -0.020012 0.045272 0.065948
v -0.020013 0.047326 0.074599
v -0.020013 0.047741 0.083481
v -0.020013 0.046504 0.092287
v -0.020013 0.043658 0.100710
v 0.018987 0.001618 0.129031
v 0.018987 0.010438 0.127904
v 0.018987 0.018897 0.125163
v 0.018987 0.023000 0.123160
v 0.018988 0.022883 0.039307
v 0.018988 0.014715 0.035794
v 0.018987 0.026702 0.120903
v 0.018987 0.033582 0.115271
v 0.018987 0.039300 0.108461
v 0.018987 0.043658 0.100711
v 0.018987 0.046504 0.092287
v 0.018987 0.047741 0.083481
v 0.018987 0.047326 0.074599
v 0.018988 0.045272 0.065948
v 0.018988 0.041651 0.057827
v 0.018988 0.036588 0.050517
v 0.018988 0.030259 0.044272
vn -0.0000 -0.0166 -0.9999
vn -0.0020 -0.3297 0.9441
vn -0.0165 -0.3022 0.9531
vn -0.0539 -0.2787 0.9589
vn 0.0008 -0.1739 0.9848
vn 0.0003 -0.1821 0.9833
vn 0.0001 -0.2004 0.9797
vn 0.0182 -0.1875 0.9821
vn -0.0690 -0.2756 0.9588
vn 0.0098 -0.4633 0.8861
vn -0.0187 -0.4690 0.8830
vn 0.0013 -0.4076 0.9132
vn -0.0057 -0.4546 0.8907
vn -0.0116 -0.4414 0.8972
vn -0.0203 -0.4273 0.9039
vn -0.0077 -0.4411 0.8974
vn -0.0001 -0.3667 0.9303
vn -0.0000 -0.3514 0.9362
vn 0.0014 -0.4687 0.8834
vn -0.0000 -0.4701 0.8826
vn -0.0000 -0.5511 0.8345
vn -0.0079 -0.5969 0.8022
vn -0.0081 -0.7329 0.6803
vn -0.0000 -0.6965 0.7176
vn -0.0000 -0.6250 0.7807
vn -0.0083 -0.8444 0.5357
vn -0.0000 -0.8176 0.5758
vn -0.0000 -0.7591 0.6510
vn -0.0083 -0.9277 0.3732
vn -0.0000 -0.9103 0.4139
vn -0.0000 -0.8668 0.4987
vn -0.0082 -0.9801 0.1983
vn -0.0000 -0.9713 0.2377
vn -0.0000 -0.9443 0.3291
vn -0.0079 -0.9998 0.0168
vn -0.0000 -0.9986 0.0532
vn -0.0000 -0.9890 0.1480
vn -0.0076 -0.9862 -0.1653
vn -0.0000 -0.9911 -0.1332
vn -0.0000 -0.9993 -0.0382
vn -0.0071 -0.9397 -0.3419
vn -0.0000 -0.9491 -0.3149
vn -0.0000 -0.9748 -0.2231
vn -0.0065 -0.8619 -0.5071
vn -0.0000 -0.8741 -0.4857
vn -0.0000 -0.9164 -0.4002
vn -0.0058 -0.7553 -0.6554
vn -0.0000 -0.7687 -0.6396
vn -0.0000 -0.8261 -0.5635
vn -0.0015 -0.4267 -0.9044
vn 0.0057 -0.4823 -0.8760
vn -0.0000 -0.5075 -0.8617
vn -0.0000 -0.5635 -0.8261
vn -0.0050 -0.6235 -0.7818
vn -0.0000 -0.6366 -0.7712
vn -0.0000 -0.7071 -0.7071
vn 0.0003 -0.0217 -0.9998
vn -0.0018 -0.1294 -0.9916
vn -0.0000 -0.1244 -0.9922
vn -0.0000 -0.2232 -0.9748
vn -0.0029 -0.3027 -0.9531
vn -0.0000 -0.3112 -0.9503
vn -0.0000 -0.4003 -0.9164
vn 0.9089 0.4169 -0.0000
vn 0.8896 0.4562 0.0225
vn 0.8768 0.4809 -0.0033
vn 0.8161 0.5779 0.0023
vn 0.8121 0.5835 -0.0057
vn 0.7293 0.6842 0.0048
vn 0.7220 0.6918 -0.0070
vn 0.6265 0.7794 0.0049
vn 0.6179 0.7862 -0.0073
vn 0.5394 0.8420 0.0030
vn 0.5152 0.8566 0.0271
vn 0.4788 0.8779 -0.0031
vn 0.3859 0.9225 0.0041
vn 0.3784 0.9256 -0.0054
vn 0.2547 0.9670 0.0044
vn 0.2477 0.9688 -0.0043
vn 0.1205 0.9927 0.0041
vn 0.1139 0.9935 -0.0045
vn -0.0152 0.9999 0.0033
vn -0.0215 0.9998 -0.0053
vn -0.1472 0.9891 0.0052
vn -0.1545 0.9880 -0.0057
vn -0.2786 0.9604 0.0044
vn -0.2589 0.9652 0.0377
vn -0.3194 0.9476 -0.0026
vn -0.4042 0.9146 0.0053
vn -0.3899 0.9203 0.0327
vn -0.5143 0.8562 -0.0487
vn -0.4906 0.8702 0.0444
vn -0.5831 0.8123 -0.0139
vn -0.5671 0.8236 -0.0004
vn -0.6400 0.7684 -0.0004
vn -0.6226 0.7812 0.0447
vn -0.7241 0.6861 -0.0709
vn -0.7013 0.7088 0.0761
vn -0.8542 0.5199 -0.0000
vn -0.8581 0.5098 0.0620
vn -0.8023 0.5970 0.0008
vn -0.7622 0.6474 -0.0033
vn -0.9548 0.2972 -0.0000
vn -0.9486 0.3158 0.0233
vn -0.9141 0.4046 -0.0258
vn -0.8970 0.4412 0.0261
vn -0.8160 0.5751 -0.0591
vn -1.0000 -0.0000 -0.0000
vn -0.0101 0.9315 0.3637
vn -0.0000 0.0078 -1.0000
vn -0.0000 0.8961 -0.4438
vn -0.0303 0.8971 -0.4408
vn -0.0000 0.8559 -0.5171
vn -0.0000 0.9361 -0.3518
vn -0.0000 0.9846 -0.1746
vn -0.0000 1.0000 0.0084
vn -0.0000 0.9816 0.1912
vn 0.0004 0.9235 0.3836
vn -0.0183 0.8976 0.4404
vn 0.0221 0.9501 0.3110
vn 0.0273 0.9553 0.2944
vn -0.0233 0.9042 0.4266
vn -0.0000 0.9308 0.3656
vn -0.0538 0.9307 0.3618
vn -0.0288 0.9313 0.3631
vn -0.0083 0.8471 0.5314
vn -0.0014 0.8653 0.5013
vn -0.0000 0.8884 0.4590
vn -0.0000 0.6530 0.7573
vn -0.0000 0.7037 0.7105
vn -0.0084 0.7356 0.6774
vn -0.0000 0.7660 0.6429
vn -0.0000 0.8197 0.5728
vn -0.0042 0.6175 0.7865
vn -0.0084 0.5993 0.8005
vn -0.0042 0.5807 0.8141
vn -0.0000 0.5427 0.8399
vn -0.0000 0.4678 0.8838
vn -0.0100 0.4815 0.8764
vn 0.0010 0.4700 0.8827
vn 0.0096 0.4645 0.8855
vn -0.1248 0.4894 0.8631
vn 0.0087 0.4315 0.9021
vn -0.0183 0.3013 0.9534
vn -0.0571 0.2785 0.9588
vn -0.1009 0.2699 0.9576
vn 0.0357 0.1739 0.9841
vn -0.0027 0.3281 0.9446
vn -0.0000 0.3513 0.9363
vn -0.0003 0.4123 0.9111
vn -0.0159 0.3913 0.9201
vn 0.0431 0.4938 0.8685
vn -0.0213 0.4275 0.9038
vn -0.0122 0.4417 0.8971
vn -0.0000 0.1074 -0.9942
vn -0.0000 0.2874 -0.9578
vn -0.0000 0.4197 -0.9077
vn 0.0053 0.4578 -0.8891
vn -0.0000 0.5013 -0.8653
vn -0.0000 0.6127 -0.7903
vn -0.0000 0.7469 -0.6649
vn -0.0000 0.8537 -0.5208
vn 0.0006 0.8522 -0.5232
vn -0.0000 0.8956 -0.4449
vn -0.0000 1.0000 -0.0000
vn -0.0000 1.0000 0.0001
vn -0.0000 -0.1673 0.9859
vn 0.0843 -0.1497 0.9851
vn -0.5287 -0.4706 -0.7064
vn -0.5269 -0.4718 -0.7069
vn -0.5270 -0.4718 -0.7068
vn -0.5277 -0.4704 -0.7073
vn -0.5285 -0.4705 -0.7066
vn -0.5453 0.2498 -0.8001
vn 0.1179 0.2620 -0.9578
vn -0.0034 0.1976 -0.9803
vn -0.0482 0.1918 -0.9802
vn -0.5600 0.3938 -0.7289
vn -0.0000 0.4466 -0.8947
vn -0.0000 0.3606 -0.9327
vn -0.5035 0.5449 -0.6705
vn -0.5723 0.5208 -0.6334
vn -0.2411 0.5850 -0.7743
vn -0.0000 0.5795 -0.8150
vn -0.0000 0.5307 -0.8476
vn -0.5824 0.6270 -0.5173
vn -0.0000 0.7473 -0.6645
vn -0.0000 0.6815 -0.7318
vn -0.5904 0.7094 -0.3849
vn -0.0000 0.8596 -0.5110
vn -0.0000 0.8078 -0.5895
vn -0.5965 0.7657 -0.2405
vn -0.0000 0.9408 -0.3390
vn -0.0000 0.9048 -0.4259
vn -0.6007 0.7945 -0.0890
vn -0.0001 0.9879 -0.1548
vn -0.0000 0.9690 -0.2469
vn -0.6031 0.7950 0.0647
vn -0.0000 0.9994 0.0350
vn -0.0000 0.9983 -0.0590
vn -0.6037 0.7674 0.2157
vn -0.0000 0.9747 0.2236
vn -0.0000 0.9914 0.1310
vn -0.6026 0.7126 0.3591
vn -0.0001 0.9147 0.4041
vn -0.0001 0.9486 0.3164
vn -0.5998 0.6324 0.4903
vn -0.0000 0.8217 0.5700
vn -0.0000 0.8716 0.4902
vn -0.5951 0.5290 0.6050
vn -0.0000 0.6989 0.7152
vn -0.0000 0.7630 0.6464
vn -0.5885 0.4057 0.6993
vn -0.0000 0.5509 0.8346
vn -0.0000 0.6269 0.7791
vn -0.5800 0.2662 0.7699
vn -0.0000 0.3829 0.9238
vn -0.0000 0.4680 0.8837
vn -0.0000 0.0219 0.9998
vn 0.4065 0.0768 0.9104
vn -0.5694 0.1149 0.8140
vn -0.0000 0.2011 0.9796
vn -0.0000 0.2922 0.9563
vn -0.0000 -0.8990 -0.4378
vn -0.0000 -0.0099 1.0000
vn -0.0000 -0.0124 0.9999
vn 0.0001 -0.0110 0.9999
vn -0.0003 -0.0781 0.9969
vn 0.0012 -0.0668 0.9978
vn -0.0010 -0.1683 0.9857
vn -0.0001 -0.1602 0.9871
vn 0.0001 -0.2597 0.9657
vn 0.0011 -0.2523 0.9677
vn -0.0009 -0.3463 0.9381
vn -0.0000 -0.3385 0.9410
vn -0.0000 -0.3823 0.9240
vn 0.0005 -0.4324 0.9017
vn 0.0010 -0.4288 0.9034
vn -0.0007 -0.5125 0.8587
vn -0.0000 -0.5058 0.8626
vn -0.0000 -0.5458 0.8379
vn 0.0009 -0.5905 0.8070
vn 0.0009 -0.5902 0.8072
vn -0.0006 -0.6613 0.7501
vn -0.0000 -0.6559 0.7549
vn -0.0000 -0.6906 0.7232
vn 0.0013 -0.7285 0.6850
vn 0.0008 -0.7308 0.6826
vn -0.0005 -0.7877 0.6160
vn -0.0000 -0.7836 0.6213
vn -0.0000 -0.8119 0.5838
vn -0.0024 -0.8883 0.4593
vn -0.0000 -0.8819 0.4714
vn -0.0000 -0.8955 0.4450
vn 0.0019 -0.8456 0.5338
vn 0.0065 -0.8624 0.5061
vn -0.0055 -0.8418 0.5398
vn 0.0004 -0.8874 0.4611
vn -0.0054 -0.9346 0.3558
vn -0.0031 -0.9312 0.3646
vn -0.0000 -0.9038 0.4279
vn -0.0050 -0.9835 0.1809
vn -0.0000 -0.9798 0.1998
vn -0.0000 -0.9569 0.2905
vn -0.0044 -1.0000 -0.0000
vn -0.0000 -0.9999 0.0167
vn -0.0000 -0.9939 0.1100
vn -0.0039 -0.9835 -0.1809
vn -0.0000 -0.9860 -0.1670
vn -0.0000 -0.9972 -0.0742
vn -0.0000 -0.8123 -0.5832
vn -0.0000 -0.8636 -0.5042
vn -0.0015 -0.8417 -0.5400
vn -0.0044 -0.8557 -0.5175
vn -0.0042 -0.8548 -0.5190
vn -0.0000 -0.8835 -0.4685
vn -0.0000 -0.8991 -0.4378
vn 0.0001 -0.9034 -0.4288
vn -0.0028 -0.9351 -0.3544
vn -0.0000 -0.9386 -0.3450
vn -0.0000 -0.9667 -0.2558
vn -0.0000 -0.6701 -0.7423
vn -0.0000 -0.7005 -0.7136
vn -0.0033 -0.7468 -0.6650
vn -0.0037 -0.7452 -0.6668
vn -0.0000 -0.7884 -0.6152
vn -0.0023 -0.6243 -0.7812
vn -0.0039 -0.6142 -0.7891
vn -0.0000 -0.5657 -0.8246
vn -0.0131 -0.4416 -0.8971
vn -0.0002 -0.4613 -0.8872
vn -0.0202 -0.4276 -0.9037
vn -0.0169 -0.4338 -0.9008
vn -0.0080 -0.4538 -0.8910
vn -0.0025 -0.4693 -0.8831
vn -0.0000 -0.4766 -0.8791
vn 0.0024 -0.4701 -0.8826
vn 0.0079 -0.4557 -0.8901
vn -0.0000 -0.3841 -0.9233
vn 0.0009 -0.4087 -0.9126
vn 0.0135 -0.4436 -0.8961
vn 0.0174 -0.4365 -0.8996
vn -0.0380 -0.5281 -0.8484
vn -0.0122 -0.4779 -0.8783
vn -0.0000 -0.3732 -0.9278
vn 0.0008 -0.3569 -0.9342
vn 0.0028 -0.3449 -0.9386
vn 0.0064 -0.3276 -0.9448
vn 0.0188 -0.3013 -0.9533
vn -0.0383 -0.3673 -0.9293
vn 0.0213 -0.2803 -0.9597
vn -0.0037 -0.3139 -0.9494
vn 0.0021 -0.2389 -0.9711
vn 0.0024 -0.2383 -0.9712
vn -0.0000 -0.2097 -0.9778
vn -0.0000 -0.1863 -0.9825
vn -0.0056 -0.1979 -0.9802
vn 0.0036 -0.1665 -0.9860
vn 0.0102 -0.1478 -0.9890
vn 0.0025 -0.1373 -0.9905
vn -0.0021 -0.0818 -0.9966
vn 0.0136 -0.0660 -0.9977
vn -0.0005 -0.0397 -0.9992
vn 0.0008 -0.0125 -0.9999
vn -0.0000 -0.0139 -0.9999
vn -0.0177 -0.2972 -0.9547
vn -0.0068 -0.3226 -0.9465
vn -0.0028 -0.3426 -0.9395
vn -0.0009 -0.3555 -0.9347
vn -0.0000 -0.3718 -0.9283
vn -0.0609 -0.0946 -0.9936
vn -0.0173 -0.1397 -0.9900
vn -0.0067 -0.1655 -0.9862
vn 0.0004 -0.1874 -0.9823
vn -0.0018 -0.2932 -0.9560
vn -0.0448 -0.2601 -0.9645
vn -0.0279 -0.2819 -0.9590
vn -0.0258 -0.1154 -0.9930
vn 0.0094 -0.0124 -0.9999
vn -0.0000 -0.0276 -0.9996
vn 0.0029 0.1803 -0.9836
vn -0.0022 0.1330 -0.9911
vn 0.0004 0.1720 -0.9851
vn 0.0012 0.1785 -0.9839
vn 0.0016 0.1812 -0.9835
vn 0.0019 0.1826 -0.9832
vn -0.0029 0.1659 -0.9861
vn -0.0000 0.1784 -0.9840
vn -0.0000 0.1784 -0.9839
vn -0.0000 0.0279 -0.9996
vn -0.0125 0.0480 -0.9988
vn 0.0030 0.0822 -0.9966
vn -0.0051 0.1381 -0.9904
vn 0.1024 -0.0000 0.9947
vn 0.1649 0.3100 0.9363
vn 0.2627 0.1056 0.9591
vn 0.4837 -0.1054 0.8689
vn 0.4769 0.2987 0.8266
vn 0.6333 0.0461 0.7725
vn 0.7998 -0.0522 0.5980
vn 0.6820 0.4270 0.5937
vn 0.8248 -0.5621 -0.0614
vn 0.9923 -0.0000 0.1242
vn -0.5552 0.8117 -0.1816
vn -0.5556 0.8003 0.2255
vn -0.5553 0.7912 0.2561
vn -0.5454 0.8162 0.1907
vn -0.5552 0.8097 0.1902
vn -0.5552 0.8235 0.1165
vn -0.5119 0.8581 0.0389
vn -0.5556 0.8281 0.0750
vn -0.5552 0.8307 0.0419
vn -0.5552 0.8311 -0.0331
vn -0.5556 0.8278 -0.0780
vn -0.4759 0.8710 -0.1218
vn -0.5552 0.8247 -0.1078
vn -0.5555 0.7995 -0.2283
vn -0.4743 0.8383 -0.2688
vn -0.5554 0.7885 -0.2641
vn -0.5552 0.7659 -0.3242
vn -0.5555 0.7442 -0.3709
vn -0.4616 0.7825 -0.4179
vn -0.5242 0.7468 -0.4094
vn -0.5556 0.7176 -0.4201
vn -0.5552 0.6954 -0.4563
vn -0.5555 0.6636 -0.5010
vn -0.4554 0.6974 -0.5535
vn -0.5554 0.6404 -0.5304
vn -0.5552 0.6023 -0.5736
vn -0.5554 0.5607 -0.6141
vn -0.4558 0.5866 -0.6694
vn -0.5555 0.5324 -0.6387
vn -0.5554 0.4794 -0.6795
vn -0.4667 0.5207 -0.7149
vn -0.5208 0.5146 -0.6811
vn -0.5555 0.5112 -0.6558
vn -0.5554 0.4387 -0.7065
vn -0.4630 0.4552 -0.7606
vn -0.5555 0.4064 -0.7254
vn -0.5552 0.3611 -0.7492
vn -0.5554 0.3018 -0.7749
vn -0.4765 0.3089 -0.8231
vn -0.5555 0.2666 -0.7876
vn -0.5552 0.2209 -0.8019
vn -0.2370 0.2000 -0.9507
vn -0.5901 0.1667 -0.7900
vn -0.5556 0.1793 -0.8119
vn -0.1950 0.1896 -0.9623
vn -0.1949 0.2605 -0.9456
vn -0.1949 0.3446 -0.9183
vn -0.1949 0.4259 -0.8835
vn -0.1949 0.5037 -0.8416
vn -0.1949 0.5774 -0.7928
vn -0.1949 0.6465 -0.7376
vn -0.1949 0.7102 -0.6764
vn -0.1949 0.7683 -0.6097
vn -0.1949 0.8200 -0.5381
vn -0.1949 0.8652 -0.4621
vn -0.1949 0.9032 -0.3823
vn -0.1949 0.9340 -0.2994
vn -0.1949 0.9572 -0.2141
vn -0.1949 0.9726 -0.1271
vn -0.1949 0.9800 -0.0390
vn -0.1949 0.9796 0.0494
vn -0.1949 0.9712 0.1374
vn -0.1949 0.9711 0.1374
vn -0.1949 0.9548 0.2243
vn -0.1950 0.9332 0.3020
vn -0.0000 1.0000 -0.0015
vn -0.0001 1.0000 0.0008
vn -0.1951 0.9181 0.3449
vn -0.1962 0.9181 0.3444
vn -0.1960 0.8975 0.3949
vn -0.1960 0.8565 0.4775
vn -0.1961 0.8115 0.5505
vn -0.2609 0.7953 0.5472
vn -0.1963 0.7847 0.5880
vn -0.1960 0.7520 0.6293
vn -0.1961 0.6969 0.6898
vn -0.2882 0.6734 0.6808
vn -0.1962 0.6637 0.7218
vn -0.1960 0.6210 0.7589
vn -0.1961 0.6210 0.7589
vn -0.1962 0.5587 0.8058
vn -0.3078 0.5307 0.7897
vn -0.1962 0.5202 0.8312
vn -0.1960 0.4681 0.8616
vn -0.1961 0.4681 0.8616
vn -0.1962 0.4016 0.8945
vn -0.3202 0.3720 0.8712
vn -0.1962 0.3591 0.9124
vn -0.1960 0.2987 0.9340
vn -0.1962 0.2310 0.9530
vn -0.3257 0.2021 0.9236
vn -0.1962 0.1859 0.9628
vn -0.1960 0.1187 0.9734
vn -0.1961 0.0364 0.9799
vn -0.2840 0.0261 0.9585
vn -0.1962 -0.0097 0.9805
vn -0.1960 -0.0655 0.9784
vn -0.1961 -0.0655 0.9784
vn -0.1961 -0.1571 0.9679
vn -0.1960 -0.1571 0.9679
vn -0.1961 -0.2474 0.9489
vn -0.1960 -0.2474 0.9489
vn -0.1961 -0.3319 0.9227
vn -0.2360 -0.3324 0.9131
vn -0.1963 -0.3748 0.9061
vn -0.1960 -0.4205 0.8859
vn -0.1961 -0.4960 0.8459
vn -0.2631 -0.4938 0.8288
vn -0.1962 -0.5352 0.8216
vn -0.1960 -0.5788 0.7916
vn -0.1961 -0.6432 0.7402
vn -0.2851 -0.6359 0.7171
vn -0.1963 -0.6772 0.7091
vn -0.1961 -0.7166 0.6693
vn -0.1960 -0.7166 0.6693
vn -0.1961 -0.7684 0.6092
vn -0.3022 -0.7547 0.5823
vn -0.1962 -0.7961 0.5724
vn -0.1962 -0.8624 0.4667
vn -0.1548 -0.8713 0.4657
vn -0.5231 -0.7520 0.4010
vn -0.5563 -0.7367 0.3845
vn -0.5566 -0.7211 0.4127
vn -0.5231 -0.7190 0.4576
vn -0.1960 -0.8292 0.5234
vn -0.5561 -0.7028 0.4436
vn -0.5561 -0.6580 0.5077
vn -0.5561 -0.6074 0.5673
vn -0.5561 -0.5514 0.6218
vn -0.5565 -0.5121 0.6543
vn -0.5105 -0.5184 0.6861
vn -0.4545 -0.5258 0.7190
vn -0.5564 -0.4790 0.6790
vn -0.5561 -0.4254 0.7140
vn -0.5561 -0.3564 0.7508
vn -0.5561 -0.2843 0.7810
vn -0.5561 -0.2097 0.8042
vn -0.5561 -0.1332 0.8204
vn -0.5561 -0.0555 0.8292
vn -0.5561 0.0226 0.8308
vn -0.5561 0.1006 0.8250
vn -0.5562 0.1006 0.8250
vn -0.5562 0.1776 0.8119
vn -0.5561 0.1776 0.8119
vn -0.5561 0.2531 0.7916
vn -0.5561 0.3264 0.7643
vn -0.5561 0.3968 0.7303
vn -0.5561 0.3967 0.7303
vn -0.5561 0.4636 0.6898
vn -0.5561 0.5264 0.6432
vn -0.5561 0.5844 0.5909
vn -0.5561 0.5845 0.5909
vn -0.5561 0.6374 0.5334
vn -0.5561 0.6847 0.4711
vn -0.5561 0.7259 0.4047
vn -0.5561 0.7607 0.3347
vn -0.5566 0.7781 0.2913
vn -0.5556 0.7785 0.2920
vn 0.9158 -0.4015 -0.0000
vn -0.9979 -0.0654 -0.0000
vn -0.9977 -0.0674 0.0002
vn -0.9796 -0.2010 -0.0002
vn -0.9624 -0.2714 -0.0069
vn -0.9451 -0.3267 -0.0011
vn -0.7726 -0.6349 -0.0000
vn -0.8251 -0.5650 -0.0021
vn -0.8457 -0.5336 -0.0064
vn -0.8893 -0.4573 -0.0000
vn -0.9183 -0.3960 -0.0000
vn -0.7265 -0.6871 -0.0000
vn -0.6593 -0.7518 -0.0059
vn -0.6383 -0.7698 -0.0027
vn -0.3585 -0.9335 -0.0017
vn -0.4219 -0.9066 -0.0059
vn -0.4187 -0.9081 -0.0055
vn -0.5047 -0.8633 -0.0000
vn -0.5641 -0.8257 -0.0000
vn -0.0345 -0.9994 -0.0000
vn -0.1360 -0.9907 -0.0041
vn -0.1435 -0.9896 -0.0050
vn -0.2434 -0.9699 -0.0000
vn -0.3100 -0.9507 -0.0000
vn 0.3049 -0.9524 -0.0000
vn 0.2406 -0.9706 -0.0000
vn 0.1435 -0.9896 -0.0052
vn 0.1311 -0.9914 -0.0038
vn 0.0325 -0.9995 -0.0000
vn 0.5564 -0.8309 -0.0000
vn 0.4982 -0.8671 -0.0000
vn 0.4187 -0.9081 -0.0059
vn 0.4150 -0.9098 -0.0054
vn 0.3535 -0.9354 -0.0013
vn 0.8457 -0.5336 -0.0000
vn 0.8895 -0.4565 -0.0167
vn 0.8589 -0.5121 -0.0092
vn 0.8149 -0.5795 -0.0009
vn 0.7664 -0.6424 -0.0000
vn 0.6593 -0.7518 -0.0000
vn 0.7172 -0.6967 -0.0145
vn 0.6231 -0.7821 -0.0014
vn 0.9979 -0.0654 -0.0000
vn 0.9995 -0.0302 -0.0031
vn 0.9953 -0.0968 0.0001
vn 0.9625 -0.2714 -0.0002
vn 0.9793 -0.2018 -0.0139
vn 0.9430 -0.3329 -0.0005
vn 0.7127 0.1689 -0.6808
vn 0.7067 0.1397 -0.6935
vn 0.7071 -0.0088 0.7071
vn 0.7071 -0.6391 0.3026
vn 0.7110 -0.6280 0.3164
vn 0.7152 -0.0460 0.6974
vn 0.7066 -0.0553 0.7055
vn 0.7064 -0.1363 0.6945
vn 0.7260 -0.1158 0.6779
vn 0.6872 -0.2059 0.6966
vn 0.7065 -0.1838 0.6834
vn 0.7064 -0.2622 0.6574
vn 0.7265 -0.2380 0.6447
vn 0.6852 -0.3318 0.6483
vn 0.7065 -0.3060 0.6381
vn 0.7065 -0.3791 0.5977
vn 0.7269 -0.3520 0.5897
vn 0.6831 -0.4471 0.5775
vn 0.7064 -0.4179 0.5712
vn 0.7065 -0.4829 0.5174
vn 0.7273 -0.4539 0.5148
vn 0.6809 -0.5475 0.4864
vn 0.7064 -0.5157 0.4849
vn 0.7065 -0.5700 0.4193
vn 0.7276 -0.5403 0.4226
vn 0.6785 -0.6298 0.3781
vn 0.7063 -0.5959 0.3821
vn 0.7070 -0.6275 0.3261
vn 0.7061 -0.6982 -0.1182
vn 0.7071 -0.6836 -0.1809
vn 0.7192 -0.6573 -0.2252
vn 0.6984 -0.6718 -0.2469
vn 0.7066 -0.6464 -0.2879
vn 0.7080 -0.6380 -0.3029
vn 0.7172 -0.6157 -0.3265
vn 0.7060 0.3678 -0.6052
vn 0.7071 0.3082 -0.6365
vn 0.7020 0.2954 -0.6480
vn 0.7228 0.2418 -0.6474
vn 0.7066 0.2321 -0.6685
vn 0.7068 0.1686 -0.6870
vn 0.7042 0.1658 -0.6904
vn 0.7332 0.3371 -0.5906
vn 0.7016 0.4095 -0.5831
vn 0.7071 0.4221 -0.5674
vn 0.7060 0.4748 -0.5255
vn 0.7375 0.4367 -0.5151
vn 0.7015 0.5096 -0.4982
vn 0.7071 0.5210 -0.4781
vn 0.7059 0.5650 -0.4272
vn 0.7420 0.5200 -0.4232
vn 0.7015 0.5924 -0.3963
vn 0.7071 0.6014 -0.3719
vn 0.7068 0.6213 -0.3383
vn 0.7140 0.6191 -0.3271
vn 0.7071 0.6391 -0.3026
vn 0.7070 0.6508 -0.2769
vn 0.7034 0.6567 -0.2720
vn 0.7071 0.6605 -0.2525
vn 0.7068 0.6728 -0.2186
vn 0.7296 0.6591 -0.1825
vn 0.7020 0.6949 -0.1559
vn 0.7071 0.6961 -0.1242
vn 0.7068 0.7014 -0.0915
vn 0.7301 0.6810 -0.0556
vn 0.7025 0.7112 -0.0257
vn 0.7071 0.7071 0.0086
vn 0.7068 0.7062 0.0403
vn 0.7080 0.7052 0.0387
vn 0.7050 0.7017 0.1029
vn 0.7032 0.7032 0.1051
vn 0.7071 0.6929 0.1410
vn 0.7069 0.6872 0.1676
vn 0.7304 0.6533 0.1992
vn 0.7040 0.6712 0.2320
vn 0.7071 0.6542 0.2685
vn 0.7069 0.6447 0.2908
vn 0.7308 0.6035 0.3191
vn 0.7064 0.6152 0.3500
vn 0.7070 0.5804 0.4041
vn 0.7297 0.5345 0.4265
vn 0.7064 0.5406 0.4570
vn 0.7070 0.4964 0.5037
vn 0.7284 0.4468 0.5195
vn 0.7062 0.3395 0.6213
vn 0.7269 0.3431 0.5948
vn 0.7070 0.3956 0.5862
vn 0.7063 0.4476 0.5484
vn 0.7070 0.0196 0.7070
vn 0.7061 0.0926 0.7020
vn 0.7192 0.1000 0.6876
vn 0.7063 0.1577 0.6902
vn 0.7071 0.1668 0.6872
vn 0.7062 0.2197 0.6731
vn 0.7226 0.2260 0.6532
vn 0.7063 0.2816 0.6494
vn 0.7071 0.2921 0.6440
vn 0.7071 0.2940 0.6431
vn 0.6679 -0.7291 -0.1493
vn 0.7059 -0.7026 -0.0900
vn 0.7076 -0.7047 -0.0524
vn 0.7070 -0.7051 -0.0540
vn 0.7061 -0.7080 0.0118
vn 0.6708 -0.7416 -0.0121
vn 0.7284 -0.6809 0.0754
vn 0.7066 -0.7055 0.0546
vn 0.7062 -0.6937 0.1415
vn 0.6735 -0.7286 0.1246
vn 0.7282 -0.6558 0.1991
vn 0.7066 -0.6833 0.1839
vn 0.7065 -0.6590 0.2580
vn 0.6924 -0.6765 0.2508
vn 0.7070 -0.6481 0.2829
vn -0.0000 0.0277 0.9996
vn -0.0554 0.0216 0.9982
vn 0.1750 0.1358 0.9752
vn -0.0000 0.1440 0.9896
vn -0.0000 0.3227 0.9465
vn 0.1397 0.3238 0.9357
vn -0.0000 0.2358 0.9718
vn 0.0933 0.4975 0.8624
vn 0.0021 0.4158 0.9094
vn -0.0000 0.4131 0.9107
vn -0.0440 0.4954 0.8676
vn 0.0428 0.6505 0.7583
vn 0.0054 0.6521 0.7582
vn -0.0054 0.7829 0.6221
vn 0.0990 0.8821 0.4606
vn -0.0522 0.8829 0.4667
vn 0.0543 0.7805 0.6227
vn 0.1427 0.9482 0.2840
vn -0.0000 0.9565 0.2916
vn -0.0000 0.9251 0.3797
vn -0.0000 0.9999 0.0121
vn 0.0945 0.9939 0.0567
vn 0.5924 0.8015 0.0810
vn 0.0001 0.9894 0.1452
vn 0.0001 0.9799 0.1994
vn -0.0000 0.9967 -0.0813
vn 0.2228 0.9710 -0.0871
vn -0.0000 0.9845 -0.1756
vn -0.0000 0.9637 -0.2668
vn 0.2592 0.9283 -0.2666
vn 0.0001 0.9340 -0.3571
vn 0.0001 0.9202 -0.3915
vn 0.5178 0.7628 -0.3874
vn 0.2401 0.8583 -0.4536
vn 0.3244 0.7471 -0.5801
vn -0.0000 0.7976 -0.6031
vn -0.0000 0.8505 -0.5260
vn 0.3535 0.6171 -0.7030
vn -0.0000 0.6704 -0.7420
vn -0.0000 0.7368 -0.6762
vn 0.3803 0.4676 -0.7979
vn -0.0000 0.5193 -0.8546
vn -0.0000 0.5969 -0.8023
vn -0.0000 0.2213 -0.9752
vn -0.1226 0.2365 -0.9639
vn 0.4050 0.3048 -0.8620
vn -0.0000 0.3498 -0.9368
vn -0.0000 0.4358 -0.9000
vn -0.0000 -0.0000 -1.0000
vn -0.0000 -0.9919 -0.1271
vn -0.0000 -0.9797 -0.2007
vn 0.5669 -0.7979 -0.2051
vn -0.5020 -0.8182 -0.2803
vn -0.0000 -0.9288 -0.3706
vn 0.4694 -0.8804 -0.0675
vn 0.5647 -0.8235 -0.0555
vn -0.0001 -0.9999 -0.0163
vn -0.0000 -0.9970 0.0771
vn 0.5618 -0.8216 0.0965
vn -0.0001 -0.9857 0.1685
vn -0.0001 -0.9656 0.2599
vn 0.5581 -0.7924 0.2462
vn -0.0001 -0.9376 0.3476
vn 0.5536 -0.7365 0.3886
vn 0.3106 -0.8489 0.4277
vn -0.0001 -0.9165 0.4000
vn 0.5484 -0.6556 0.5191
vn -0.0000 -0.8055 0.5926
vn -0.0000 -0.8574 0.5147
vn 0.5423 -0.5520 0.6335
vn -0.0000 -0.6823 0.7311
vn -0.0000 -0.7476 0.6642
vn 0.5353 -0.4288 0.7277
vn -0.0000 -0.5356 0.8445
vn -0.0000 -0.6121 0.7908
vn 0.5274 -0.2899 0.7986
vn -0.0000 -0.3705 0.9288
vn -0.0000 -0.4556 0.8902
vn -0.0000 -0.0359 0.9994
vn -0.3305 -0.0621 0.9418
vn 0.5186 -0.1396 0.8435
vn -0.0000 -0.1926 0.9813
vn -0.0000 -0.2835 0.9590
vn 1.0000 -0.0000 -0.0000
vn -0.7862 0.6180 -0.0000
vn 0.9983 0.0582 -0.0000
vn 0.9979 0.0654 -0.0006
vn 0.9839 0.1789 0.0005
vn 0.9510 0.3090 -0.0095
vn 0.9625 0.2714 -0.0030
vn 0.9207 0.3902 -0.0000
vn 0.8924 0.4513 -0.0000
vn 0.8457 0.5336 -0.0060
vn 0.8313 0.5557 -0.0028
vn 0.5716 0.8205 -0.0000
vn 0.6498 0.7601 -0.0039
vn 0.6593 0.7518 -0.0055
vn 0.7309 0.6825 -0.0000
vn 0.7754 0.6315 -0.0000
vn 0.5144 0.8575 -0.0000
vn 0.4187 0.9081 -0.0047
vn 0.4262 0.9046 -0.0057
vn 0.0541 0.9985 -0.0000
vn 0.1726 0.9850 -0.0076
vn 0.1435 0.9896 -0.0034
vn 0.2609 0.9654 -0.0000
vn 0.3269 0.9451 -0.0000
vn -0.3355 0.9420 -0.0002
vn -0.2250 0.9744 0.0002
vn -0.1435 0.9896 -0.0060
vn -0.0938 0.9956 -0.0013
vn -0.0141 0.9999 -0.0000
vn -0.6593 0.7518 -0.0000
vn -0.7369 0.6757 -0.0197
vn -0.6819 0.7314 -0.0087
vn -0.6314 0.7754 -0.0035
vn -0.5818 0.8134 -0.0000
vn -0.4187 0.9081 -0.0000
vn -0.5227 0.8523 -0.0206
vn -0.4440 0.8960 -0.0074
vn -0.9790 0.2035 -0.0136
vn -0.9430 0.3327 -0.0006
vn -0.9161 0.4008 -0.0000
vn -0.8457 0.5336 -0.0000
vn -0.8989 0.4376 -0.0206
vn -0.8504 0.5261 -0.0058
vn -0.9625 0.2714 -0.0004
vn -0.9979 0.0654 0.0002
vn -0.9977 0.0677 -0.0000
vn -0.0000 -1.0000 -0.0000
vn 0.6929 -0.1119 -0.7123
vn 0.7071 0.0264 -0.7066
vn 0.7294 0.0142 -0.6839
vn 0.7335 0.0145 -0.6795
vn 0.7036 0.0031 -0.7106
vn 0.7227 -0.0414 -0.6900
vn 0.7379 -0.0455 -0.6733
vn 0.7093 -0.0174 -0.7047
vn 0.7195 -0.1655 -0.6745
vn 0.7072 -0.1399 -0.6930
vn 0.7060 -0.1047 -0.7004
vn 0.6965 -0.3166 -0.6439
vn 0.7094 -0.2591 -0.6554
vn 0.7180 -0.2467 -0.6509
vn 0.6872 -0.2281 -0.6897
vn 0.7142 -0.2032 -0.6698
vn 0.6952 -0.1609 -0.7006
vn 0.7197 -0.3669 -0.5895
vn 0.6904 -0.3458 -0.6354
vn 0.7752 -0.2582 -0.5765
vn 0.6876 -0.4606 -0.5613
vn 0.7234 -0.3906 -0.5694
vn 0.6942 -0.4179 -0.5861
vn 0.7146 -0.3666 -0.5957
vn 0.7298 -0.4789 -0.4879
vn 0.7056 -0.4748 -0.5260
vn 0.7108 -0.4391 -0.5495
vn 0.6981 -0.4906 -0.5215
vn 0.7131 -0.5139 -0.4770
vn 0.6925 -0.5376 -0.4811
vn 0.7173 -0.5416 -0.4383
vn 0.7028 -0.5607 -0.4377
vn 0.7066 -0.6145 -0.3510
vn 0.7079 -0.6094 -0.3572
vn 0.7242 -0.5764 -0.3787
vn 0.7449 -0.5614 -0.3605
vn 0.7107 -0.5714 -0.4104
vn -0.0194 0.4681 -0.8835
vn 0.0400 0.2890 -0.9565
vn -0.0180 0.3279 -0.9445
vn 0.0086 0.2329 -0.9725
vn -0.0014 0.2408 -0.9706
vn 0.0005 0.1855 -0.9826
vn -0.0104 0.1975 -0.9802
vn 0.0081 0.1633 -0.9865
vn 0.0253 0.3017 -0.9531
vn 0.0104 0.3222 -0.9466
vn 0.0041 0.3415 -0.9399
vn 0.0016 0.3540 -0.9352
vn -0.0001 0.3710 -0.9286
vn 0.0004 0.4148 -0.9099
vn 0.0051 0.3997 -0.9166
vn -0.0170 0.4956 -0.8684
vn 0.0153 0.4437 -0.8960
vn 0.0047 0.4801 -0.8772
vn -0.0013 0.4758 -0.8796
vn -0.0073 0.4719 -0.8816
vn -0.0000 0.9510 -0.3091
vn -0.0121 0.9238 -0.3826
vn -0.0023 0.9362 -0.3515
vn 0.0001 0.9038 -0.4279
vn -0.0000 0.9004 -0.4350
vn -0.0000 0.8782 -0.4783
vn -0.0068 0.8576 -0.5143
vn 0.0008 0.8311 -0.5561
vn -0.0000 0.8073 -0.5901
vn -0.0000 0.7756 -0.6313
vn -0.0066 0.7509 -0.6604
vn 0.0009 0.7150 -0.6991
vn -0.0000 0.6878 -0.7259
vn -0.0000 0.6466 -0.7628
vn -0.0064 0.6197 -0.7848
vn 0.0009 0.5747 -0.8184
vn -0.0000 0.5459 -0.8379
vn -0.0000 0.4710 -0.8821
vn 0.0195 0.4940 -0.8692
vn -0.0000 0.9758 -0.2189
vn -0.0075 0.9835 -0.1809
vn -0.0000 0.9916 -0.1294
vn -0.0000 0.9993 -0.0362
vn -0.0074 1.0000 -0.0000
vn -0.0000 0.9985 0.0547
vn -0.0000 0.9890 0.1478
vn -0.0072 0.9835 0.1809
vn -0.0000 0.9715 0.2370
vn -0.0000 0.9451 0.3267
vn -0.0069 0.9345 0.3558
vn -0.0000 0.9116 0.4112
vn -0.0000 0.8692 0.4945
vn -0.0066 0.8548 0.5190
vn -0.0000 0.8207 0.5714
vn -0.0000 0.7637 0.6456
vn -0.0062 0.7468 0.6650
vn -0.0000 0.7019 0.7123
vn -0.0000 0.6323 0.7747
vn -0.0058 0.6142 0.7891
vn -0.0000 0.5594 0.8289
vn -0.0000 0.4795 0.8776
vn -0.0054 0.4613 0.8872
vn -0.0000 0.3978 0.9175
vn -0.0000 0.3104 0.9506
vn -0.0049 0.2932 0.9560
vn -0.0000 0.2227 0.9749
vn -0.0000 0.1155 0.9933
vn -0.0052 0.1307 0.9914
vn 0.0016 0.0124 0.9999
vn -0.0000 0.1714 -0.9852
vn -0.0023 0.1770 -0.9842
vn 0.0036 0.1274 -0.9918
vn 0.0073 0.1235 -0.9923
vn -0.0044 0.0725 -0.9974
vn 0.0168 0.0417 -0.9990
vn -0.0000 0.0240 -0.9997
vn -0.0010 0.9523 -0.3053
vn -0.0010 0.3685 -0.9296
vn -0.0039 0.3546 -0.9350
vn -0.0071 0.3426 -0.9395
vn -0.0121 0.3317 -0.9433
vn -0.0194 0.3182 -0.9478
vn -0.0325 0.3033 -0.9523
vn -0.0000 0.2153 -0.9765
vn 0.0051 0.2059 -0.9786
vn -0.0052 0.2574 -0.9663
vn -0.0086 0.2656 -0.9640
vn 0.0249 0.3512 -0.9360
vn -0.0000 0.0371 0.9993
vn -0.0059 0.0124 0.9999
vn 0.0114 0.1210 0.9926
vn 0.0088 0.1155 0.9933
vn -0.0003 0.3662 0.9305
vn 0.0065 0.3046 0.9525
vn 0.0113 0.2932 0.9560
vn 0.0006 0.2355 0.9719
vn -0.0004 0.1896 0.9819
vn 0.0064 0.4613 0.8872
vn 0.0155 0.4773 0.8786
vn 0.0005 0.4096 0.9123
vn -0.0001 0.6768 0.7361
vn 0.0035 0.6333 0.7739
vn 0.0124 0.6142 0.7891
vn 0.0004 0.5698 0.8218
vn -0.0001 0.5305 0.8477
vn 0.0002 0.7107 0.7035
vn 0.0128 0.7468 0.6650
vn 0.0023 0.7669 0.6418
vn 0.0131 0.8547 0.5189
vn -0.0000 0.8276 0.5614
vn -0.0000 0.8002 0.5997
vn 0.0004 0.9514 0.3079
vn 0.0117 0.9362 0.3512
vn 0.0132 0.9345 0.3558
vn -0.0010 0.9153 0.4028
vn 0.0011 0.8734 0.4870
vn 0.0013 0.9835 0.1809
vn 0.0248 0.9898 0.1401
vn -0.0004 0.9735 0.2287
vn 0.0021 0.9835 -0.1809
vn 0.0235 0.9756 -0.2182
vn -0.0008 0.9916 -0.1295
vn 0.0017 1.0000 -0.0000
vn 0.0241 0.9989 -0.0397
vn -0.0006 0.9987 0.0504
vn 0.0228 0.9207 -0.3897
vn -0.0000 0.9362 -0.3515
vn -0.0000 0.8821 -0.4711
vn -0.0117 0.9003 -0.4350
vn 0.0222 0.8359 -0.5485
vn -0.0000 0.8576 -0.5143
vn -0.0000 0.7833 -0.6217
vn -0.0115 0.8073 -0.5901
vn 0.0216 0.7240 -0.6895
vn -0.0000 0.7509 -0.6604
vn -0.0000 0.6591 -0.7521
vn -0.0113 0.6878 -0.7258
vn 0.0209 0.5886 -0.8082
vn -0.0000 0.6197 -0.7848
vn -0.0000 0.5135 -0.8581
vn -0.0110 0.5458 -0.8378
vn 0.0203 0.4341 -0.9006
vn -0.0000 0.4682 -0.8836
vn -0.0000 0.3869 -0.9221
vn 0.2119 -0.6910 -0.6910
vn 1.0000 0.0001 0.0015
vn 1.0000 0.0001 0.0005
vn 0.1874 0.1675 0.9679
vn 0.0627 0.1764 0.9823
vn -0.0000 0.4043 0.9146
vn 0.0003 0.3967 0.9179
vn 0.0009 0.3878 0.9217
vn 0.0033 0.3715 0.9284
vn 0.0088 0.3564 0.9343
vn 0.0148 0.3447 0.9386
vn 0.0297 0.3252 0.9452
vn 0.0544 0.3095 0.9493
vn 0.0272 0.3222 0.9463
vn -0.0006 0.2444 0.9697
vn 0.0013 0.2060 0.9785
vn 0.0014 0.8927 0.4506
vn 0.0020 0.8926 0.4508
vn -0.0040 0.8897 0.4565
vn 0.0205 0.8856 0.4641
vn -0.0000 0.8933 0.4495
vn 0.0005 0.8879 0.4600
vn 0.0045 0.8639 0.5037
vn -0.0000 0.8581 0.5134
vn -0.0000 0.8013 0.5983
vn 0.0151 0.7727 0.6346
vn -0.0000 0.7426 0.6697
vn -0.0000 0.6775 0.7355
vn 0.0151 0.6427 0.7659
vn 0.0075 0.6249 0.7807
vn -0.0000 0.5882 0.8087
vn -0.0000 0.5501 0.8351
vn 0.0075 0.5109 0.8596
vn 0.0151 0.4909 0.8711
vn 0.0075 0.4706 0.8823
vn -0.0000 0.4294 0.9031
vn -0.9745 0.2244 -0.0000
vn -0.7672 0.6414 0.0099
vn -0.9017 0.4324 -0.0051
vn -0.9903 0.1381 0.0144
vn -0.8144 0.5802 -0.0000
vn -0.6499 0.7600 -0.0000
vn -0.5905 0.8070 -0.0047
vn -0.4621 0.8868 0.0042
vn -0.1825 0.9831 -0.0135
vn -0.2370 0.9715 -0.0000
vn -0.0000 -0.7068 -0.7074
vn 0.0011 -0.7066 -0.7076
vn -0.0006 -0.7070 -0.7072
vn -0.7067 0.6896 0.1582
vn -0.7074 -0.6312 0.3180
vn -0.7036 -0.6270 0.3344
vn -0.7064 -0.6039 0.3691
vn -0.6959 -0.6169 0.3677
vn -0.7499 -0.5581 0.3553
vn -0.7211 -0.6013 0.3441
vn -0.7071 -0.5780 0.4074
vn -0.7043 -0.5620 0.4337
vn -0.7350 -0.5151 0.4410
vn -0.7067 -0.5171 0.4829
vn -0.7067 -0.4694 0.5294
vn -0.7166 -0.4553 0.5285
vn -0.7071 -0.4358 0.5569
vn -0.7071 -0.4262 0.5642
vn -0.7071 -0.4263 0.5642
vn -0.7069 -0.4077 0.5779
vn -0.7070 -0.4077 0.5779
vn -0.7067 -0.3621 0.6078
vn -0.7373 -0.3181 0.5960
vn -0.7067 -0.3034 0.6391
vn -0.7067 -0.2420 0.6648
vn -0.7373 -0.2010 0.6450
vn -0.7056 0.1882 -0.6832
vn -0.7144 0.1849 -0.6749
vn -0.7225 0.1824 -0.6668
vn -0.7126 0.6656 0.2220
vn -0.7075 0.6723 0.2176
vn -0.7071 0.6806 0.1917
vn -0.7067 -0.1785 0.6846
vn -0.7067 -0.1134 0.6984
vn -0.7373 -0.0768 0.6712
vn -0.7067 -0.0473 0.7059
vn -0.7071 -0.0070 0.7071
vn -0.7013 0.0194 0.7126
vn -0.7313 0.0574 0.6797
vn -0.7067 0.0856 0.7023
vn -0.7069 0.1422 0.6929
vn -0.7002 0.1526 0.6975
vn -0.7156 0.2041 0.6680
vn -0.7067 0.2155 0.6739
vn -0.7069 0.2708 0.6534
vn -0.7010 0.2801 0.6559
vn -0.7141 0.3276 0.6187
vn -0.7067 0.3377 0.6217
vn -0.7068 0.3897 0.5904
vn -0.7020 0.3973 0.5911
vn -0.7125 0.4398 0.5467
vn -0.7067 0.4481 0.5475
vn -0.7068 0.4944 0.5059
vn -0.7031 0.5001 0.5056
vn -0.7109 0.5366 0.4546
vn -0.7067 0.5426 0.4540
vn -0.7068 0.5813 0.4032
vn -0.7043 0.5848 0.4024
vn -0.7093 0.6144 0.3455
vn -0.7067 0.6179 0.3445
vn -0.7067 0.6471 0.2859
vn -0.7058 0.6485 0.2853
vn -0.7073 0.6619 0.2482
vn -0.7116 0.7014 -0.0415
vn -0.7071 0.7040 -0.0663
vn -0.7066 0.6991 -0.1095
vn -0.7096 0.6862 0.1603
vn -0.7043 0.7029 0.0995
vn -0.7099 0.6982 0.0923
vn -0.7071 0.7042 0.0638
vn -0.7067 0.7071 0.0248
vn -0.7142 0.6992 0.0317
vn -0.7015 0.7121 -0.0283
vn -0.7192 0.6881 -0.0963
vn -0.6998 0.6971 -0.1560
vn -0.7124 0.6800 -0.1733
vn -0.7071 0.6800 -0.1942
vn -0.7066 0.6657 -0.2399
vn -0.7244 0.6537 -0.2190
vn -0.6843 0.6598 -0.3106
vn -0.7216 0.6376 -0.2699
vn -0.7071 0.6329 -0.3155
vn -0.7070 0.6201 -0.3399
vn -0.7160 0.6024 -0.3527
vn -0.7187 0.5977 -0.3553
vn -0.6998 0.5972 -0.3919
vn -0.7120 0.5672 -0.4140
vn -0.7070 0.5644 -0.4261
vn -0.7070 0.5447 -0.4511
vn -0.7192 0.5192 -0.4617
vn -0.7016 0.5160 -0.4914
vn -0.7106 0.4795 -0.5149
vn -0.7070 0.4768 -0.5223
vn -0.7070 0.4528 -0.5432
vn -0.7107 0.4437 -0.5459
vn -0.7071 0.4347 -0.5577
vn -0.7071 0.4263 -0.5642
vn -0.7070 0.4098 -0.5764
vn -0.7055 0.4085 -0.5791
vn -0.7085 0.3745 -0.5981
vn -0.7070 0.3731 -0.6008
vn -0.7071 0.3456 -0.6170
vn -0.7181 0.3109 -0.6227
vn -0.7085 0.3064 -0.6357
vn -0.7057 0.2555 -0.6609
vn -0.7069 0.2567 -0.6591
vn -0.7062 0.1879 -0.6826
vn -0.7793 0.2009 -0.5935
vn -0.7025 0.1782 -0.6890
vn -0.7407 0.1784 -0.6477
vn -0.7061 0.1462 -0.6929
vn 0.8877 -0.4604 -0.0000
vn 0.8871 -0.4616 0.0030
vn 0.8158 -0.5784 -0.0028
vn 0.8147 -0.5799 0.0013
vn 0.7283 -0.6853 -0.0009
vn 0.7264 -0.6873 0.0055
vn 0.6250 -0.7806 -0.0051
vn 0.6221 -0.7829 0.0031
vn 0.5401 -0.8416 -0.0015
vn 0.4875 -0.8716 0.0509
vn 0.5067 -0.8621 0.0054
vn 0.3847 -0.9230 -0.0052
vn 0.3812 -0.9245 0.0020
vn 0.2537 -0.9673 -0.0019
vn 0.2538 -0.9672 -0.0022
vn 0.1865 -0.9825 0.0001
vn 0.1192 -0.9929 -0.0023
vn 0.1157 -0.9933 0.0031
vn -0.0157 -0.9999 -0.0030
vn -0.0183 -0.9998 0.0007
vn -0.1490 -0.9888 -0.0007
vn -0.1486 -0.9889 -0.0013
vn -0.2526 -0.9676 0.0009
vn -0.6200 -0.7846 0.0053
vn -0.5631 -0.8264 -0.0029
vn -0.5294 -0.8480 0.0238
vn -0.4748 -0.8797 -0.0255
vn -0.4124 -0.9107 0.0236
vn -0.3837 -0.9235 0.0005
vn -0.2812 -0.9596 -0.0006
vn -0.3272 -0.9428 0.0636
vn -0.2515 -0.9679 -0.0000
vn -0.6381 -0.7696 0.0242
vn -0.6889 -0.7246 -0.0186
vn -0.6957 -0.7178 -0.0280
vn -0.7408 -0.6715 0.0170
vn -0.7669 -0.6417 -0.0037
vn -0.8120 -0.5836 0.0110
vn -0.8209 -0.5704 0.0259
vn -0.8681 -0.4957 -0.0252
vn -0.8937 -0.4479 0.0264
vn -0.9290 -0.3693 -0.0259
vn -0.9474 -0.3189 0.0257
vn -0.9606 -0.2779 -0.0000
vn -0.0000 -0.0000 1.0000
vn 0.0046 -0.4076 0.9131
vn 0.0791 -0.3030 0.9497
vn 0.0560 -0.3135 0.9479
vn 0.0306 -0.3300 0.9435
vn 0.0165 -0.3478 0.9374
vn 0.0109 -0.3578 0.9337
vn 0.0048 -0.3720 0.9282
vn 0.0016 -0.3887 0.9214
vn 0.0075 -0.3268 0.9450
vn -0.0021 -0.2143 0.9768
vn -0.0000 -0.2169 0.9762
vn -0.0000 -0.4036 0.9149
vn -0.0000 -0.4691 0.8831
vn 0.0150 -0.5000 0.8659
vn 0.0156 -0.6551 0.7554
vn 0.0159 -0.7864 0.6175
vn -0.0000 -0.8514 0.5245
vn -0.0039 -0.8667 0.4987
vn 0.0100 -0.8974 0.4410
vn 0.0160 -0.9597 0.2804
vn 0.0157 -0.9955 0.0934
vn 0.0152 -0.9952 -0.0970
vn 0.0144 -0.9588 -0.2839
vn 0.0135 -0.8876 -0.4605
vn -0.0000 -0.8177 -0.5756
vn 0.0041 -0.8261 -0.5635
vn -0.0074 -0.7592 -0.6508
vn 0.0109 -0.6524 -0.7578
vn 0.0093 -0.4970 -0.8677
vn -0.0000 -0.4823 -0.8760
vn 0.0075 -0.3235 -0.9462
vn -0.0000 -0.0217 -0.9998
vn -0.0000 -0.1294 -0.9916
vn 0.0055 -0.1383 -0.9904
vn -0.0331 -0.5761 0.8167
vn 0.0906 -0.4689 0.8786
vn -0.0797 -0.4643 0.8821
vn 0.0801 -0.2965 0.9517
vn -0.0691 -0.2920 0.9539
vn 0.0694 -0.1134 0.9911
vn -0.0583 -0.1092 0.9923
vn 0.0063 -0.0080 0.9999
vn -0.3602 -0.5623 0.7444
vn -0.5600 -0.5157 0.6484
vn 0.0649 -0.6513 0.7560
vn -0.1007 -0.7536 0.6496
vn -0.0000 -0.7596 0.6503
vn 0.0055 -0.8535 0.5210
vn -0.0000 -0.8985 0.4389
vn -0.0130 -0.8961 0.4437
vn -0.0154 -0.8958 0.4442
vn -0.5174 -0.7409 0.4282
vn -0.0810 -0.8504 0.5198
vn -0.0000 -0.8174 0.5761
vn -0.0000 -0.8658 0.5004
vn -0.0000 -0.7574 0.6530
vn -0.0000 -0.6225 0.7826
vn -0.0000 -0.5142 0.8576
vn -0.0052 -0.4657 0.8849
vn -0.0000 -0.4317 0.9020
vn -0.0000 -0.2927 0.9562
vn -0.0000 -0.1094 0.9940
vn -0.0000 -0.0079 1.0000
vn -0.0000 -0.0080 1.0000
vn 0.0834 -0.2406 -0.9670
vn 0.0176 -0.2625 -0.9648
vn -0.0104 -0.4139 -0.9103
vn -0.0202 -0.3959 -0.9181
vn -0.0053 -0.4285 -0.9035
vn -0.0023 -0.4423 -0.8969
vn -0.0008 -0.4515 -0.8923
vn 0.0047 -0.4323 -0.9017
vn 0.0034 -0.4381 -0.8989
vn 0.0093 -0.4184 -0.9082
vn 0.0193 -0.4002 -0.9162
vn 0.0227 -0.3967 -0.9177
vn 0.0036 -0.3437 -0.9391
vn -0.0020 -0.2950 -0.9555
vn -0.0712 -0.2290 -0.9708
vn -0.1530 -0.2162 -0.9643
vn 0.0633 -0.1184 -0.9910
vn -0.0157 -0.2582 -0.9660
vn 0.0003 -0.2930 -0.9561
vn -0.0000 -0.3968 -0.9179
vn -0.0566 -0.3637 -0.9298
vn -0.0389 -0.3752 -0.9261
vn -0.0000 -0.8250 -0.5651
vn -0.0000 -0.7053 -0.7089
vn -0.0000 -0.5609 -0.8279
vn -0.0000 -0.4573 -0.8893
vn 0.0022 -0.4434 -0.8963
vn -0.0000 -0.9215 -0.3884
vn -0.0000 -0.9439 0.3303
vn -0.0000 -0.9889 0.1486
vn -0.0000 -0.9746 -0.2238
vn 0.0028 -0.9159 -0.4014
vn -0.0000 -0.8811 -0.4729
vn -0.0171 0.2558 -0.9666
vn -0.0745 0.2275 -0.9709
vn -0.1557 0.2154 -0.9640
vn 0.0590 0.1183 -0.9912
vn 0.0091 0.4170 -0.9088
vn 0.0044 0.4316 -0.9021
vn 0.0020 0.4427 -0.8967
vn -0.0023 0.4403 -0.8979
vn -0.0048 0.4288 -0.9034
vn -0.0096 0.4138 -0.9103
vn -0.0194 0.3953 -0.9183
vn -0.0283 0.3853 -0.9224
vn -0.0193 0.3950 -0.9185
vn -0.0013 0.3336 -0.9427
vn 0.0012 0.2911 -0.9567
vn 0.0840 0.2399 -0.9672
vn 0.0175 0.2615 -0.9651
vn -0.0020 0.2944 -0.9557
vn 0.0091 0.3950 -0.9186
vn 0.0384 0.3789 -0.9247
vn 0.0190 0.3989 -0.9168
vn -0.0000 0.0169 0.9999
vn -0.0000 0.1267 0.9919
vn -0.0000 0.3082 0.9513
vn -0.0000 0.4388 0.8986
vn -0.0053 0.4791 0.8777
vn -0.0000 0.5205 0.8539
vn -0.0000 0.6334 0.7738
vn -0.0000 0.7658 0.6431
vn -0.0000 0.8717 0.4901
vn -0.0000 0.9474 0.3201
vn -0.0000 0.9903 0.1391
vn -0.0000 0.9989 -0.0468
vn -0.0000 0.9730 -0.2310
vn -0.0000 0.9133 -0.4072
vn -0.0000 0.8221 -0.5694
vn -0.0000 0.7024 -0.7118
vn -0.0000 0.5584 -0.8296
vn -0.0000 0.4558 -0.8901
vn -0.0004 0.4529 -0.8916
vt 0.520858 0.000000
vt 0.852585 0.509219
vt 0.947912 0.509201
vt 0.948761 0.518002
vt 0.688091 0.509250
vt 0.689174 0.520270
vt 0.696106 0.567178
vt 0.954524 0.559424
vt 0.703149 0.599424
vt 0.963106 0.599923
vt 0.720020 0.691955
vt 0.717306 0.311927
vt 0.756129 0.693504
vt 0.747417 0.313242
vt 0.780546 0.694342
vt 0.777439 0.314295
vt 0.671924 0.648496
vt 0.671924 0.268533
vt 0.715758 0.649711
vt 0.707024 0.269517
vt 0.741303 0.650253
vt 0.738573 0.270202
vt 0.744164 0.270306
vt 0.791846 0.651017
vt 0.783014 0.270895
vt 0.817247 0.651262
vt 0.814518 0.271212
vt 0.823233 0.271276
vt 0.873116 0.651505
vt 0.864462 0.271448
vt 0.897252 0.651491
vt 0.894523 0.271440
vt 0.906339 0.271408
vt 0.971138 0.401501
vt 0.948493 0.271157
vt 0.971951 0.397813
vt 0.971040 0.270936
vt 0.956732 0.651159
vt 0.701126 0.598142
vt 0.715532 0.348485
vt 0.723072 0.597914
vt 0.851266 0.479990
vt 0.832201 0.729744
vt 0.771097 0.480745
vt 0.795211 0.312057
vt 0.856314 0.561055
vt 0.806381 0.561500
vt 0.795211 0.561558
vt 0.686392 0.362809
vt 0.670648 0.612692
vt 0.610128 0.364318
vt 0.610128 0.613819
vt 0.591062 0.614072
vt 0.669363 0.265082
vt 0.671924 0.304154
vt 0.668497 0.303964
vt 0.671202 0.343807
vt 0.667774 0.343678
vt 0.670628 0.383968
vt 0.667198 0.383900
vt 0.670269 0.417249
vt 0.666839 0.417231
vt 0.666770 0.424986
vt 0.669949 0.466926
vt 0.666499 0.466983
vt 0.669851 0.508323
vt 0.666401 0.508444
vt 0.666455 0.543332
vt 0.669926 0.548817
vt 0.666476 0.549000
vt 0.670174 0.588051
vt 0.666725 0.588294
vt 0.690838 0.419606
vt 0.694288 0.419363
vt 0.691148 0.448971
vt 0.694706 0.456989
vt 0.691257 0.457289
vt 0.657498 0.413912
vt 0.661532 0.449298
vt 0.658084 0.449653
vt 0.658584 0.473067
vt 0.759250 0.556473
vt 0.762292 0.528179
vt 0.762292 0.568211
vt 0.662279 0.482728
vt 0.658832 0.483134
vt 0.950316 0.439440
vt 0.953110 0.439721
vt 0.941803 0.478873
vt 0.938992 0.478652
vt 0.933442 0.503146
vt 0.933235 0.519307
vt 0.930411 0.519148
vt 0.927480 0.560664
vt 0.924647 0.560568
vt 0.922769 0.582543
vt 0.946882 0.413854
vt 0.948703 0.433890
vt 0.945866 0.433858
vt 0.948703 0.475990
vt 0.945866 0.476023
vt 0.951594 0.517906
vt 0.957348 0.559264
vt 0.930411 0.728113
vt 0.933235 0.727953
vt 0.941803 0.768389
vt 0.938992 0.768611
vt 0.953110 0.807546
vt 0.950316 0.807827
vt 0.723303 0.481931
vt 0.723732 0.478481
vt 0.753325 0.482983
vt 0.756433 0.479617
vt 0.672306 0.265082
vt 0.707352 0.266065
vt 0.744435 0.266853
vt 0.783226 0.267440
vt 0.823383 0.267821
vt 0.864550 0.267993
vt 0.906362 0.267953
vt 0.971130 0.268217
vt 0.948451 0.267702
vt 0.688831 0.445916
vt 0.720179 0.436466
vt 0.723252 0.447131
vt 0.661138 0.492910
vt 0.633592 0.479745
vt 0.667129 0.486485
vt 0.649956 0.461117
vt 0.702082 0.499966
vt 0.734153 0.493464
vt 0.709498 0.551478
vt 0.739508 0.526233
vt 0.711306 0.577251
vt 0.743880 0.574965
vt 0.735420 0.408562
vt 0.767994 0.406276
vt 0.735223 0.457971
vt 0.768507 0.436352
vt 0.733093 0.483938
vt 0.765540 0.485764
vt 0.699333 0.440561
vt 0.731781 0.442387
vt 0.691875 0.486251
vt 0.728102 0.468886
vt 0.685536 0.511397
vt 0.717231 0.517087
vt 0.671411 0.551956
vt 0.710144 0.539398
vt 0.660751 0.575221
vt 0.691094 0.584392
vt 0.684865 0.406532
vt 0.715207 0.415704
vt 0.664879 0.440797
vt 0.705581 0.433496
vt 0.678394 0.473266
vt 0.531259 0.252093
vt 0.553561 0.245066
vt 0.530504 0.294075
vt 0.552657 0.295669
vt 0.791444 0.544156
vt 0.820596 0.551742
vt 0.822216 0.574989
vt 0.791444 0.604262
vt 0.820331 0.617510
vt 0.625089 0.497290
vt 0.655920 0.492910
vt 0.663688 0.514066
vt 0.643380 0.560345
vt 0.675209 0.559405
vt 0.678551 0.580940
vt 0.649549 0.629455
vt 0.681715 0.632285
vt 0.681220 0.653139
vt 0.643380 0.702208
vt 0.655920 0.786891
vt 0.625089 0.776064
vt 0.671606 0.728282
vt 0.675209 0.709006
vt 0.712583 0.412794
vt 0.681628 0.423469
vt 0.687002 0.350138
vt 0.652394 0.353865
vt 0.679925 0.335771
vt 0.650659 0.350430
vt 0.647460 0.279939
vt 0.611673 0.285414
vt 0.637317 0.265082
vt 0.610620 0.283915
vt 0.661395 0.634726
vt 0.629892 0.635373
vt 0.787443 0.453793
vt 0.795211 0.411640
vt 0.795211 0.466539
vt 0.858373 0.582357
vt 0.846472 0.625017
vt 0.835818 0.582357
vt 0.816217 0.604832
vt 0.835818 0.582357
vt 0.835818 0.638573
vt 0.771097 0.478481
vt 0.771097 0.528179
vt 0.756938 0.499433
vt 0.625088 0.488203
vt 0.554251 0.213823
vt 0.794285 0.247536
vt 0.792963 0.328120
vt 0.552239 0.325650
vt 0.551705 0.379390
vt 0.792262 0.409486
vt 0.551537 0.407016
vt 0.551428 0.462062
vt 0.792204 0.488951
vt 0.551480 0.486481
vt 0.551836 0.540801
vt 0.792791 0.563892
vt 0.552067 0.561422
vt 0.576181 0.392733
vt 0.816905 0.395203
vt 0.577028 0.444170
vt 0.818119 0.463148
vt 0.577395 0.460678
vt 0.543636 0.417301
vt 0.784360 0.419771
vt 0.544980 0.463655
vt 0.786160 0.478479
vt 0.545436 0.476009
vt 0.673198 0.505291
vt 0.837691 0.505261
vt 0.663974 0.569451
vt 0.827256 0.585426
vt 0.688088 0.400762
vt 0.851369 0.416738
vt 0.686876 0.416768
vt 0.851702 0.498166
vt 0.686393 0.484484
vt 0.924084 0.430118
vt 0.520908 0.531495
vt 0.659735 0.514060
vt 0.660356 0.531498
vt 0.551653 0.448219
vt 0.691843 0.493030
vt 0.957095 0.440014
vt 0.519108 0.472787
vt 0.931976 0.535278
vt 0.526952 0.541967
vt 0.931653 0.455427
vt 0.527711 0.381136
vt 0.932022 0.371970
vt 0.527010 0.462503
vt 0.933749 0.250948
vt 0.529033 0.300552
vt 0.791283 0.583041
vt 0.791279 0.623546
vt 0.769833 0.622567
vt 0.783095 0.486559
vt 0.782752 0.486202
vt 0.795211 0.487371
vt 0.816217 0.587762
vt 0.806566 0.639135
vt 0.795211 0.582357
vt 0.795211 0.642868
vt 0.771097 0.528179
vt 0.771097 0.580328
vt 0.762292 0.557251
vt 0.769830 0.661510
vt 0.742019 0.659817
vt 0.769403 0.658955
vt 0.738064 0.626107
vt 0.765557 0.596008
vt 0.737540 0.591143
vt 0.740452 0.555235
vt 0.769830 0.551190
vt 0.742019 0.544156
vt 0.625089 0.578570
vt 0.603400 0.597172
vt 0.601992 0.595599
vt 0.610486 0.561207
vt 0.586682 0.577395
vt 0.875738 0.508191
vt 0.851934 0.524379
vt 0.829508 0.493592
vt 0.834944 0.447059
vt 0.809165 0.460286
vt 0.791086 0.424756
vt 0.802767 0.377459
vt 0.791444 0.664759
vt 0.769955 0.656776
vt 0.769835 0.623637
vt 0.766972 0.593445
vt 0.751317 0.556005
vt 0.778654 0.546148
vt 0.738223 0.516987
vt 0.756230 0.470538
vt 0.727808 0.476734
vt 0.754474 0.462340
vt 0.720162 0.435604
vt 0.744352 0.391587
vt 0.778111 0.434964
vt 0.753921 0.478981
vt 0.749113 0.437338
vt 0.776503 0.406062
vt 0.747185 0.395549
vt 0.752389 0.574751
vt 0.723072 0.564237
vt 0.753083 0.524148
vt 0.724041 0.522672
vt 0.755691 0.493840
vt 0.727899 0.481699
vt 0.763165 0.446897
vt 0.734611 0.441681
vt 0.770434 0.416417
vt 0.744119 0.402970
vt 0.783888 0.374627
vt 0.756337 0.365911
vt 0.796074 0.345349
vt 0.771159 0.330830
vt 0.814519 0.309888
vt 0.788452 0.298038
vt 0.831659 0.283269
vt 0.808064 0.267824
vt 0.853978 0.254968
vt 0.829821 0.240457
vt 0.588726 0.307984
vt 0.564570 0.293474
vt 0.610620 0.285493
vt 0.588280 0.269195
vt 0.592838 0.265082
vt 0.769830 0.583645
vt 0.769979 0.544156
vt 0.791444 0.544515
vt 0.520858 0.523564
vt 0.521250 0.487682
vt 0.541681 0.479282
vt 0.762292 0.592413
vt 0.759144 0.569725
vt 0.762292 0.568211
vt 0.544972 0.354875
vt 0.565795 0.310593
vt 0.561534 0.701416
vt 0.643726 0.310593
vt 0.639465 0.701416
vt 0.717306 0.309793
vt 0.713045 0.700616
s 0
usemtl Material.011
f 1/1/1 2/1/1 3/1/1
f 4/1/2 5/1/2 6/1/2
f 6/1/3 5/1/3 7/1/3
f 6/1/4 7/1/4 8/1/4
f 9/1/5 10/1/5 11/1/5
f 11/1/6 10/1/6 12/1/6
f 11/1/7 12/1/7 8/1/7
f 8/1/8 12/1/8 13/1/8
f 8/1/9 13/1/9 6/1/9
f 14/1/10 15/1/10 16/1/10
f 16/1/11 15/1/11 17/1/11
f 16/1/12 17/1/12 18/1/12
f 19/1/13 20/1/13 21/1/13
f 20/1/14 22/1/14 21/1/14
f 21/1/15 22/1/15 23/1/15
f 21/1/16 23/1/16 6/1/16
f 6/1/17 23/1/17 24/1/17
f 6/1/18 24/1/18 4/1/18
f 14/1/19 19/1/19 15/1/19
f 15/1/20 19/1/20 21/1/20
f 15/1/21 21/1/21 25/1/21
f 25/1/22 21/1/22 26/1/22
f 27/1/23 28/1/23 26/1/23
f 26/1/24 28/1/24 29/1/24
f 26/1/25 29/1/25 25/1/25
f 30/1/26 31/1/26 27/1/26
f 27/1/27 31/1/27 32/1/27
f 27/1/28 32/1/28 28/1/28
f 33/1/29 34/1/29 30/1/29
f 30/1/30 34/1/30 35/1/30
f 30/1/31 35/1/31 31/1/31
f 36/1/32 37/1/32 33/1/32
f 33/1/33 37/1/33 38/1/33
f 33/1/34 38/1/34 34/1/34
f 39/1/35 40/1/35 36/1/35
f 36/1/36 40/1/36 41/1/36
f 36/1/37 41/1/37 37/1/37
f 42/1/38 43/1/38 39/1/38
f 39/1/39 43/1/39 44/1/39
f 39/1/40 44/1/40 40/1/40
f 45/1/41 46/1/41 42/1/41
f 42/1/42 46/1/42 47/1/42
f 42/1/43 47/1/43 43/1/43
f 48/1/44 49/1/44 45/1/44
f 45/1/45 49/1/45 50/1/45
f 45/1/46 50/1/46 46/1/46
f 51/1/47 52/1/47 48/1/47
f 48/1/48 52/1/48 53/1/48
f 48/1/49 53/1/49 49/1/49
f 54/1/50 55/1/50 56/1/50
f 56/1/51 55/1/51 57/1/51
f 56/1/52 57/1/52 58/1/52
f 58/1/53 57/1/53 59/1/53
f 58/1/54 59/1/54 51/1/54
f 51/1/55 59/1/55 60/1/55
f 51/1/56 60/1/56 52/1/56
f 3/1/57 61/1/57 1/1/57
f 1/1/58 61/1/58 62/1/58
f 1/1/59 62/1/59 63/1/59
f 63/1/60 62/1/60 64/1/60
f 63/1/61 64/1/61 54/1/61
f 54/1/62 64/1/62 65/1/62
f 54/1/63 65/1/63 55/1/63
f 66/1/64 9/1/64 11/1/64
f 66/1/65 11/1/65 67/1/65
f 67/1/66 11/1/66 8/1/66
f 67/1/67 8/1/67 68/1/67
f 68/1/68 8/1/68 7/1/68
f 68/1/69 7/1/69 69/1/69
f 69/1/70 7/1/70 5/1/70
f 69/1/71 5/1/71 70/1/71
f 5/1/72 4/1/72 70/1/72
f 70/1/73 4/1/73 24/1/73
f 70/1/74 24/1/74 71/1/74
f 71/1/75 24/1/75 23/1/75
f 71/1/76 23/1/76 72/1/76
f 72/1/77 23/1/77 22/1/77
f 72/1/78 22/1/78 73/1/78
f 73/1/79 22/1/79 20/1/79
f 73/1/80 20/1/80 74/1/80
f 74/1/81 20/1/81 19/1/81
f 74/1/82 19/1/82 75/1/82
f 75/1/83 19/1/83 14/1/83
f 75/1/84 14/1/84 76/1/84
f 76/1/85 14/1/85 16/1/85
f 76/1/86 16/1/86 77/1/86
f 16/1/87 18/1/87 77/1/87
f 77/1/88 18/1/88 78/1/88
f 77/1/89 78/1/89 79/1/89
f 79/1/90 78/1/90 80/1/90
f 79/1/91 80/1/91 81/1/91
f 81/1/92 80/1/92 82/1/92
f 81/1/93 82/1/93 83/1/93
f 83/1/94 82/1/94 84/1/94
f 83/1/95 84/1/95 85/1/95
f 85/1/96 84/1/96 86/1/96
f 85/1/97 86/1/97 87/1/97
f 87/1/98 86/1/98 88/1/98
f 89/1/99 90/1/99 91/1/99
f 91/1/100 90/1/100 87/1/100
f 91/1/101 87/1/101 92/1/101
f 92/1/102 87/1/102 88/1/102
f 93/1/103 94/1/103 95/1/103
f 95/1/104 94/1/104 96/1/104
f 95/1/105 96/1/105 90/1/105
f 90/1/106 96/1/106 97/1/106
f 90/1/107 97/1/107 87/1/107
f 98/1/108 99/1/108 100/1/108
f 100/1/108 99/1/108 101/1/108
f 101/1/108 99/1/108 102/1/108
f 101/1/108 102/1/108 103/1/108
f 100/1/108 104/1/108 98/1/108
f 98/1/108 104/1/108 105/1/108
f 98/1/108 105/1/108 106/1/108
f 106/1/108 105/1/108 107/1/108
f 106/1/108 107/1/108 108/1/108
f 108/1/108 107/1/108 109/1/108
f 108/1/108 109/1/108 110/1/108
f 110/1/108 109/1/108 111/1/108
f 110/1/108 111/1/108 112/1/108
f 112/1/108 111/1/108 113/1/108
f 114/1/108 115/1/108 116/1/108
f 116/1/108 115/1/108 117/1/108
f 116/1/108 117/1/108 118/1/108
f 118/1/108 117/1/108 119/1/108
f 118/1/108 119/1/108 120/1/108
f 120/1/108 119/1/108 121/1/108
f 120/1/108 121/1/108 122/1/108
f 122/1/108 121/1/108 123/1/108
f 122/1/108 123/1/108 124/1/108
f 124/1/108 123/1/108 125/1/108
f 124/1/108 125/1/108 126/1/108
f 126/1/108 125/1/108 127/1/108
f 126/1/108 127/1/108 128/1/108
f 128/1/108 127/1/108 129/1/108
f 128/1/108 129/1/108 130/1/108
f 130/1/108 129/1/108 112/1/108
f 130/1/108 112/1/108 131/1/108
f 131/1/108 112/1/108 113/1/108
f 132/1/109 133/1/109 134/1/109
f 3/1/110 2/1/110 135/1/110
f 136/1/111 137/1/111 138/1/111
f 139/1/112 120/1/112 140/1/112
f 140/1/113 120/1/113 122/1/113
f 140/1/114 122/1/114 141/1/114
f 141/1/114 122/1/114 124/1/114
f 141/1/115 124/1/115 142/1/115
f 142/1/115 124/1/115 126/1/115
f 142/1/116 126/1/116 143/1/116
f 143/1/116 126/1/116 128/1/116
f 143/1/117 128/1/117 134/1/117
f 134/1/117 128/1/117 130/1/117
f 111/1/118 144/1/118 113/1/118
f 113/1/119 144/1/119 145/1/119
f 113/1/120 145/1/120 131/1/120
f 131/1/121 145/1/121 130/1/121
f 130/1/122 145/1/122 146/1/122
f 130/1/123 146/1/123 134/1/123
f 134/1/124 146/1/124 147/1/124
f 134/1/125 147/1/125 132/1/125
f 109/1/126 148/1/126 111/1/126
f 111/1/127 148/1/127 149/1/127
f 111/1/128 149/1/128 144/1/128
f 150/1/129 151/1/129 107/1/129
f 107/1/130 151/1/130 152/1/130
f 107/1/131 152/1/131 109/1/131
f 109/1/132 152/1/132 153/1/132
f 109/1/133 153/1/133 148/1/133
f 150/1/134 107/1/134 154/1/134
f 154/1/135 107/1/135 105/1/135
f 154/1/136 105/1/136 155/1/136
f 155/1/137 105/1/137 156/1/137
f 156/1/138 105/1/138 157/1/138
f 156/1/139 157/1/139 158/1/139
f 158/1/140 159/1/140 156/1/140
f 156/1/141 159/1/141 160/1/141
f 156/1/142 160/1/142 161/1/142
f 161/1/143 160/1/143 162/1/143
f 163/1/144 164/1/144 100/1/144
f 163/1/145 100/1/145 165/1/145
f 165/1/146 100/1/146 101/1/146
f 165/1/147 101/1/147 103/1/147
f 164/1/148 166/1/148 100/1/148
f 100/1/149 166/1/149 167/1/149
f 100/1/150 167/1/150 104/1/150
f 104/1/151 167/1/151 168/1/151
f 104/1/152 168/1/152 105/1/152
f 105/1/153 168/1/153 169/1/153
f 105/1/154 169/1/154 157/1/154
f 170/1/110 3/1/110 171/1/110
f 171/1/110 3/1/110 135/1/110
f 171/1/155 135/1/155 172/1/155
f 172/1/155 135/1/155 173/1/155
f 172/1/156 173/1/156 174/1/156
f 173/1/156 175/1/156 174/1/156
f 174/1/157 175/1/157 114/1/157
f 174/1/158 114/1/158 176/1/158
f 176/1/159 114/1/159 116/1/159
f 176/1/160 116/1/160 177/1/160
f 177/1/160 116/1/160 118/1/160
f 177/1/161 118/1/161 178/1/161
f 178/1/161 118/1/161 120/1/161
f 178/1/162 120/1/162 138/1/162
f 138/1/163 120/1/163 139/1/163
f 138/1/164 139/1/164 136/1/164
f 179/1/165 180/1/165 89/1/165
f 89/1/166 180/1/166 90/1/166
f 90/1/167 180/1/167 95/1/167
f 95/1/168 180/1/168 93/1/168
f 181/1/169 182/1/169 183/1/169
f 184/1/170 185/1/170 186/1/170
f 186/1/171 185/1/171 181/1/171
f 186/1/172 181/1/172 187/1/172
f 187/1/173 181/1/173 183/1/173
f 188/1/174 189/1/174 190/1/174
f 188/1/175 191/1/175 189/1/175
f 189/1/176 191/1/176 192/1/176
f 189/1/177 192/1/177 193/1/177
f 194/1/178 195/1/178 190/1/178
f 190/1/179 195/1/179 196/1/179
f 190/1/180 196/1/180 188/1/180
f 197/1/181 194/1/181 198/1/181
f 198/1/182 194/1/182 199/1/182
f 197/1/183 200/1/183 194/1/183
f 194/1/184 200/1/184 201/1/184
f 194/1/185 201/1/185 195/1/185
f 202/1/186 203/1/186 199/1/186
f 199/1/187 203/1/187 204/1/187
f 199/1/188 204/1/188 198/1/188
f 205/1/189 206/1/189 202/1/189
f 202/1/190 206/1/190 207/1/190
f 202/1/191 207/1/191 203/1/191
f 208/1/192 209/1/192 205/1/192
f 205/1/193 209/1/193 210/1/193
f 205/1/194 210/1/194 206/1/194
f 211/1/195 212/1/195 208/1/195
f 208/1/196 212/1/196 213/1/196
f 208/1/197 213/1/197 209/1/197
f 214/1/198 215/1/198 211/1/198
f 211/1/199 215/1/199 216/1/199
f 211/1/200 216/1/200 212/1/200
f 217/1/201 218/1/201 214/1/201
f 214/1/202 218/1/202 219/1/202
f 214/1/203 219/1/203 215/1/203
f 220/1/204 221/1/204 217/1/204
f 217/1/205 221/1/205 222/1/205
f 217/1/206 222/1/206 218/1/206
f 223/1/207 224/1/207 220/1/207
f 220/1/208 224/1/208 225/1/208
f 220/1/209 225/1/209 221/1/209
f 226/1/210 227/1/210 223/1/210
f 223/1/211 227/1/211 228/1/211
f 223/1/212 228/1/212 224/1/212
f 229/1/213 230/1/213 226/1/213
f 226/1/214 230/1/214 231/1/214
f 226/1/215 231/1/215 227/1/215
f 232/1/216 233/1/216 229/1/216
f 229/1/217 233/1/217 234/1/217
f 229/1/218 234/1/218 230/1/218
f 235/1/219 236/1/219 237/1/219
f 237/1/220 236/1/220 238/1/220
f 237/1/221 238/1/221 232/1/221
f 232/1/222 238/1/222 239/1/222
f 232/1/223 239/1/223 233/1/223
f 137/1/108 240/1/108 138/1/108
f 241/1/224 242/1/224 243/1/224
f 244/2/225 245/3/225 246/4/225
f 247/5/226 244/2/226 248/6/226
f 248/6/227 244/2/227 246/4/227
f 248/6/228 246/4/228 249/7/228
f 249/7/229 246/4/229 250/8/229
f 249/7/230 250/8/230 251/9/230
f 251/9/231 250/8/231 252/10/231
f 251/11/232 252/12/232 253/13/232
f 253/13/233 252/12/233 254/14/233
f 253/13/234 254/14/234 255/15/234
f 254/14/235 256/16/235 255/15/235
f 255/1/236 256/1/236 257/1/236
f 255/17/237 257/18/237 258/19/237
f 258/19/238 257/18/238 259/20/238
f 258/19/239 259/20/239 260/21/239
f 259/20/240 261/22/240 260/21/240
f 260/21/241 261/22/241 262/23/241
f 260/21/242 262/23/242 263/24/242
f 263/24/243 262/23/243 264/25/243
f 263/24/244 264/25/244 265/26/244
f 264/25/245 266/27/245 265/26/245
f 265/26/246 266/27/246 267/28/246
f 265/26/247 267/28/247 268/29/247
f 268/29/248 267/28/248 269/30/248
f 268/29/249 269/30/249 270/31/249
f 270/31/250 269/30/250 271/32/250
f 270/31/251 271/32/251 272/33/251
f 273/34/252 274/35/252 275/36/252
f 275/36/253 274/35/253 276/37/253
f 273/1/254 277/1/254 278/1/254
f 272/33/255 274/35/255 270/31/255
f 270/31/256 274/35/256 273/34/256
f 270/31/257 273/34/257 279/38/257
f 279/39/258 273/40/258 278/41/258
f 280/42/259 281/43/259 277/44/259
f 277/45/260 281/46/260 282/47/260
f 277/45/261 282/47/261 278/48/261
f 283/49/262 284/50/262 280/51/262
f 280/51/263 284/50/263 285/52/263
f 280/51/264 285/52/264 281/53/264
f 286/1/265 287/1/265 283/1/265
f 283/1/266 287/1/266 288/1/266
f 283/1/267 288/1/267 284/1/267
f 289/1/268 290/1/268 286/1/268
f 286/1/269 290/1/269 291/1/269
f 286/1/270 291/1/270 287/1/270
f 292/1/271 293/1/271 294/1/271
f 295/1/272 296/1/272 297/1/272
f 294/1/273 295/1/273 292/1/273
f 292/1/274 295/1/274 297/1/274
f 292/1/275 297/1/275 243/1/275
f 243/1/276 297/1/276 298/1/276
f 243/1/277 298/1/277 241/1/277
f 241/1/278 298/1/278 299/1/278
f 241/1/279 299/1/279 289/1/279
f 289/1/280 299/1/280 300/1/280
f 289/1/281 300/1/281 290/1/281
f 301/1/282 302/1/282 303/1/282
f 303/1/283 302/1/283 304/1/283
f 303/1/284 304/1/284 292/1/284
f 292/1/285 304/1/285 305/1/285
f 292/1/286 305/1/286 293/1/286
f 301/1/287 303/1/287 306/1/287
f 306/1/288 303/1/288 307/1/288
f 306/1/289 307/1/289 308/1/289
f 309/1/290 310/1/290 307/1/290
f 311/1/291 312/1/291 307/1/291
f 307/1/292 312/1/292 313/1/292
f 307/1/293 313/1/293 309/1/293
f 310/1/294 314/1/294 307/1/294
f 307/1/295 314/1/295 315/1/295
f 307/1/296 315/1/296 308/1/296
f 308/1/297 315/1/297 316/1/297
f 308/1/298 316/1/298 317/1/298
f 318/1/299 319/1/299 320/1/299
f 320/1/300 319/1/300 321/1/300
f 317/1/301 322/1/301 308/1/301
f 308/1/302 322/1/302 320/1/302
f 308/1/303 320/1/303 323/1/303
f 323/1/304 320/1/304 321/1/304
f 318/1/305 324/1/305 319/1/305
f 319/1/306 324/1/306 325/1/306
f 319/1/307 325/1/307 326/1/307
f 326/1/308 327/1/308 319/1/308
f 319/1/309 327/1/309 328/1/309
f 319/1/310 328/1/310 329/1/310
f 329/1/311 328/1/311 330/1/311
f 329/1/312 330/1/312 331/1/312
f 331/1/313 330/1/313 332/1/313
f 331/1/314 332/1/314 333/1/314
f 332/1/315 334/1/315 333/1/315
f 333/1/316 334/1/316 335/1/316
f 333/1/317 335/1/317 336/1/317
f 336/1/318 335/1/318 337/1/318
f 336/1/319 337/1/319 338/1/319
f 337/1/320 339/1/320 338/1/320
f 338/1/321 339/1/321 340/1/321
f 338/1/322 340/1/322 341/1/322
f 340/1/323 342/1/323 341/1/323
f 341/1/324 342/1/324 343/1/324
f 341/1/325 343/1/325 344/1/325
f 345/1/326 346/1/326 311/1/326
f 311/1/327 346/1/327 347/1/327
f 347/1/328 348/1/328 311/1/328
f 311/1/329 348/1/329 349/1/329
f 311/1/330 349/1/330 312/1/330
f 350/1/331 351/1/331 352/1/331
f 352/1/332 351/1/332 353/1/332
f 353/1/333 354/1/333 352/1/333
f 352/1/334 354/1/334 355/1/334
f 352/1/335 355/1/335 311/1/335
f 311/1/336 355/1/336 356/1/336
f 311/1/337 356/1/337 345/1/337
f 352/1/338 357/1/338 350/1/338
f 350/1/339 357/1/339 358/1/339
f 350/1/340 358/1/340 359/1/340
f 360/1/341 361/1/341 362/1/341
f 363/1/342 364/1/342 365/1/342
f 365/1/343 364/1/343 366/1/343
f 365/1/344 366/1/344 367/1/344
f 367/1/345 360/1/345 365/1/345
f 365/1/346 360/1/346 362/1/346
f 365/1/347 362/1/347 368/1/347
f 368/1/348 362/1/348 369/1/348
f 368/1/349 369/1/349 370/1/349
f 359/1/350 358/1/350 371/1/350
f 371/1/351 358/1/351 363/1/351
f 371/1/352 363/1/352 372/1/352
f 372/1/353 363/1/353 365/1/353
f 133/1/108 241/1/108 134/1/108
f 134/1/108 241/1/108 289/1/108
f 134/1/108 289/1/108 143/1/108
f 143/1/108 289/1/108 286/1/108
f 143/1/108 286/1/108 142/1/108
f 142/1/108 286/1/108 283/1/108
f 142/1/108 283/1/108 141/1/108
f 141/1/108 283/1/108 280/1/108
f 141/1/108 280/1/108 140/1/108
f 140/1/108 280/1/108 277/1/108
f 140/1/108 277/1/108 139/1/108
f 139/1/108 277/1/108 273/1/108
f 373/1/354 133/1/354 132/1/354
f 373/1/355 132/1/355 374/1/355
f 132/1/356 147/1/356 374/1/356
f 374/1/357 147/1/357 146/1/357
f 374/1/358 146/1/358 375/1/358
f 146/1/359 145/1/359 375/1/359
f 375/1/360 145/1/360 144/1/360
f 375/1/361 144/1/361 376/1/361
f 376/1/362 144/1/362 149/1/362
f 376/1/363 149/1/363 377/1/363
f 378/1/364 379/1/364 380/1/364
f 381/1/365 382/1/365 383/1/365
f 383/1/366 382/1/366 384/1/366
f 383/1/366 384/1/366 385/1/366
f 381/1/367 383/1/367 386/1/367
f 386/1/368 383/1/368 387/1/368
f 386/1/369 387/1/369 388/1/369
f 389/1/370 390/1/370 388/1/370
f 388/1/371 390/1/371 391/1/371
f 388/1/369 391/1/369 386/1/369
f 388/1/372 392/1/372 389/1/372
f 389/1/373 392/1/373 393/1/373
f 389/1/373 393/1/373 394/1/373
f 394/1/374 393/1/374 395/1/374
f 395/1/375 393/1/375 380/1/375
f 380/1/376 393/1/376 396/1/376
f 380/1/364 396/1/364 378/1/364
f 379/1/377 378/1/377 397/1/377
f 397/1/378 378/1/378 398/1/378
f 397/1/379 398/1/379 399/1/379
f 399/1/380 398/1/380 400/1/380
f 399/1/380 400/1/380 401/1/380
f 401/1/381 400/1/381 402/1/381
f 402/1/382 400/1/382 403/1/382
f 402/1/383 403/1/383 404/1/383
f 404/1/384 403/1/384 405/1/384
f 405/1/385 403/1/385 406/1/385
f 405/1/385 406/1/385 407/1/385
f 407/1/386 406/1/386 408/1/386
f 408/1/387 406/1/387 409/1/387
f 408/1/388 409/1/388 410/1/388
f 410/1/389 409/1/389 411/1/389
f 410/1/389 411/1/389 412/1/389
f 412/1/390 411/1/390 413/1/390
f 413/1/391 411/1/391 414/1/391
f 413/1/392 414/1/392 415/1/392
f 416/1/393 417/1/393 418/1/393
f 416/1/394 418/1/394 414/1/394
f 414/1/395 418/1/395 419/1/395
f 414/1/396 419/1/396 415/1/396
f 417/1/397 416/1/397 420/1/397
f 420/1/398 416/1/398 421/1/398
f 420/1/399 421/1/399 422/1/399
f 422/1/400 421/1/400 423/1/400
f 422/1/400 423/1/400 424/1/400
f 424/1/401 423/1/401 425/1/401
f 425/1/402 423/1/402 426/1/402
f 425/1/403 426/1/403 427/1/403
f 427/1/404 426/1/404 428/1/404
f 427/1/404 428/1/404 429/1/404
f 430/1/405 369/1/405 431/1/405
f 432/1/406 429/1/406 431/1/406
f 431/1/407 429/1/407 428/1/407
f 431/1/408 428/1/408 430/1/408
f 430/1/409 428/1/409 426/1/409
f 430/1/409 426/1/409 433/1/409
f 433/1/410 426/1/410 423/1/410
f 433/1/410 423/1/410 434/1/410
f 434/1/411 423/1/411 421/1/411
f 434/1/411 421/1/411 435/1/411
f 435/1/412 421/1/412 416/1/412
f 435/1/412 416/1/412 436/1/412
f 436/1/413 416/1/413 414/1/413
f 436/1/413 414/1/413 437/1/413
f 437/1/414 414/1/414 411/1/414
f 437/1/414 411/1/414 438/1/414
f 438/1/415 411/1/415 409/1/415
f 438/1/415 409/1/415 439/1/415
f 439/1/416 409/1/416 406/1/416
f 439/1/416 406/1/416 440/1/416
f 440/1/417 406/1/417 403/1/417
f 440/1/417 403/1/417 441/1/417
f 441/1/418 403/1/418 400/1/418
f 441/1/418 400/1/418 442/1/418
f 442/1/419 400/1/419 398/1/419
f 442/1/419 398/1/419 443/1/419
f 443/1/420 398/1/420 378/1/420
f 443/1/420 378/1/420 444/1/420
f 444/1/421 378/1/421 396/1/421
f 444/1/421 396/1/421 445/1/421
f 445/1/422 396/1/422 393/1/422
f 445/1/422 393/1/422 446/1/422
f 446/1/423 393/1/423 392/1/423
f 446/1/423 392/1/423 447/1/423
f 447/1/424 392/1/424 388/1/424
f 447/54/424 388/55/424 448/56/424
f 448/1/425 388/1/425 387/1/425
f 448/56/426 387/57/426 449/58/426
f 449/1/427 387/1/427 383/1/427
f 449/58/427 383/59/427 450/60/427
f 450/1/428 383/1/428 385/1/428
f 450/60/428 385/61/428 451/62/428
f 431/1/429 369/1/429 362/1/429
f 452/1/165 453/1/165 362/1/165
f 362/1/165 453/1/165 432/1/165
f 362/1/430 432/1/430 431/1/430
f 451/1/431 385/1/431 454/1/431
f 451/1/432 454/1/432 455/1/432
f 455/1/433 454/1/433 456/1/433
f 455/63/433 456/64/433 457/65/433
f 457/1/434 456/1/434 458/1/434
f 457/65/434 458/66/434 459/67/434
f 459/67/435 458/66/435 460/68/435
f 460/1/436 458/1/436 461/1/436
f 460/68/437 461/69/437 462/70/437
f 462/1/438 461/1/438 463/1/438
f 462/70/438 463/71/438 464/72/438
f 464/73/439 463/74/439 465/75/439
f 465/75/440 463/74/440 466/76/440
f 465/75/441 466/76/441 467/77/441
f 467/1/442 466/1/442 468/1/442
f 467/78/443 468/79/443 469/80/443
f 469/80/444 468/79/444 470/81/444
f 470/82/445 468/83/445 471/84/445
f 470/81/446 471/85/446 472/86/446
f 472/87/447 471/88/447 473/89/447
f 472/87/448 473/89/448 474/90/448
f 474/90/449 473/89/449 475/91/449
f 475/91/450 473/89/450 476/92/450
f 475/91/451 476/92/451 477/93/451
f 477/93/452 476/92/452 478/94/452
f 477/93/452 478/94/452 479/95/452
f 479/95/453 478/94/453 480/96/453
f 480/1/454 478/1/454 481/1/454
f 480/97/455 481/98/455 482/99/455
f 482/99/456 481/98/456 483/100/456
f 482/99/456 483/100/456 484/101/456
f 484/101/457 483/100/457 245/3/457
f 245/3/458 483/100/458 485/102/458
f 245/3/459 485/102/459 246/4/459
f 246/4/460 485/102/460 486/103/460
f 246/4/461 486/103/461 250/8/461
f 250/104/462 486/105/462 487/106/462
f 250/104/463 487/106/463 252/107/463
f 252/107/464 487/106/464 488/108/464
f 252/107/465 488/108/465 254/109/465
f 254/110/466 488/111/466 256/112/466
f 256/112/467 488/111/467 489/113/467
f 256/1/468 489/1/468 257/1/468
f 257/18/469 489/114/469 490/115/469
f 257/18/469 490/115/469 259/20/469
f 259/20/470 490/115/470 261/22/470
f 261/22/471 490/115/471 491/116/471
f 261/22/472 491/116/472 262/23/472
f 262/1/473 491/1/473 492/1/473
f 262/23/473 492/117/473 264/25/473
f 264/25/474 492/117/474 266/27/474
f 266/1/475 492/1/475 493/1/475
f 266/27/476 493/118/476 267/28/476
f 267/28/477 493/118/477 494/119/477
f 267/28/478 494/119/478 269/30/478
f 269/30/479 494/119/479 271/32/479
f 271/32/480 494/119/480 495/120/480
f 271/32/481 495/120/481 272/33/481
f 496/1/482 497/1/482 274/1/482
f 274/35/483 497/121/483 276/37/483
f 498/1/484 497/1/484 499/1/484
f 499/1/485 497/1/485 496/1/485
f 499/1/486 496/1/486 500/1/486
f 500/1/487 496/1/487 501/1/487
f 274/35/488 272/33/488 496/122/488
f 496/1/488 272/1/488 495/1/488
f 496/1/489 495/1/489 501/1/489
f 501/1/490 495/1/490 494/1/490
f 501/1/490 494/1/490 502/1/490
f 502/1/491 494/1/491 493/1/491
f 502/1/491 493/1/491 503/1/491
f 503/1/492 493/1/492 492/1/492
f 503/1/492 492/1/492 504/1/492
f 504/1/493 492/1/493 505/1/493
f 505/1/494 492/1/494 506/1/494
f 506/1/495 492/1/495 491/1/495
f 506/1/496 491/1/496 507/1/496
f 507/1/497 491/1/497 490/1/497
f 507/1/497 490/1/497 508/1/497
f 508/1/498 490/1/498 489/1/498
f 508/1/498 489/1/498 509/1/498
f 509/1/499 489/1/499 488/1/499
f 509/1/499 488/1/499 510/1/499
f 510/1/500 488/1/500 487/1/500
f 510/1/500 487/1/500 511/1/500
f 511/1/501 487/1/501 486/1/501
f 511/1/501 486/1/501 512/1/501
f 512/1/502 486/1/502 485/1/502
f 512/1/502 485/1/502 513/1/502
f 513/1/503 485/1/503 483/1/503
f 513/1/503 483/1/503 514/1/503
f 514/1/504 483/1/504 481/1/504
f 514/1/505 481/1/505 515/1/505
f 515/1/506 481/1/506 478/1/506
f 515/1/507 478/1/507 516/1/507
f 516/1/508 478/1/508 476/1/508
f 516/1/508 476/1/508 517/1/508
f 517/1/509 476/1/509 473/1/509
f 517/1/509 473/1/509 518/1/509
f 518/1/510 473/1/510 471/1/510
f 518/1/511 471/1/511 519/1/511
f 519/1/512 471/1/512 468/1/512
f 519/1/512 468/1/512 520/1/512
f 520/1/513 468/1/513 466/1/513
f 520/1/513 466/1/513 521/1/513
f 521/1/514 466/1/514 463/1/514
f 521/1/515 463/1/515 522/1/515
f 522/1/516 463/1/516 461/1/516
f 522/1/516 461/1/516 523/1/516
f 523/1/517 461/1/517 458/1/517
f 523/1/517 458/1/517 524/1/517
f 524/1/518 458/1/518 456/1/518
f 524/1/518 456/1/518 525/1/518
f 525/1/519 456/1/519 454/1/519
f 525/1/519 454/1/519 526/1/519
f 526/1/520 454/1/520 385/1/520
f 526/1/521 385/1/521 384/1/521
f 337/1/522 335/1/522 527/1/522
f 528/1/523 529/1/523 359/1/523
f 359/1/524 529/1/524 350/1/524
f 350/1/525 529/1/525 351/1/525
f 351/1/526 529/1/526 530/1/526
f 351/1/527 530/1/527 353/1/527
f 345/1/528 356/1/528 531/1/528
f 531/1/529 356/1/529 355/1/529
f 531/1/530 355/1/530 530/1/530
f 530/1/531 355/1/531 354/1/531
f 530/1/532 354/1/532 353/1/532
f 345/1/533 531/1/533 346/1/533
f 346/1/534 531/1/534 532/1/534
f 346/1/535 532/1/535 347/1/535
f 313/1/536 312/1/536 533/1/536
f 533/1/537 312/1/537 349/1/537
f 533/1/538 349/1/538 532/1/538
f 532/1/539 349/1/539 348/1/539
f 532/1/540 348/1/540 347/1/540
f 315/1/541 314/1/541 534/1/541
f 534/1/542 314/1/542 310/1/542
f 534/1/543 310/1/543 533/1/543
f 533/1/544 310/1/544 309/1/544
f 533/1/545 309/1/545 313/1/545
f 320/1/546 322/1/546 535/1/546
f 535/1/547 322/1/547 317/1/547
f 535/1/548 317/1/548 534/1/548
f 534/1/549 317/1/549 316/1/549
f 534/1/550 316/1/550 315/1/550
f 326/1/551 325/1/551 536/1/551
f 536/1/552 325/1/552 324/1/552
f 536/1/553 324/1/553 535/1/553
f 535/1/554 324/1/554 318/1/554
f 535/1/555 318/1/555 320/1/555
f 527/1/556 335/1/556 537/1/556
f 537/1/557 335/1/557 334/1/557
f 537/1/558 334/1/558 332/1/558
f 332/1/559 330/1/559 537/1/559
f 537/1/560 330/1/560 328/1/560
f 537/1/561 328/1/561 536/1/561
f 536/1/562 328/1/562 327/1/562
f 536/1/563 327/1/563 326/1/563
f 538/1/564 539/1/564 343/1/564
f 343/1/565 342/1/565 538/1/565
f 538/1/566 342/1/566 340/1/566
f 538/1/567 340/1/567 527/1/567
f 527/1/568 340/1/568 339/1/568
f 527/1/569 339/1/569 337/1/569
f 540/1/570 541/1/570 542/1/570
f 542/1/571 541/1/571 543/1/571
f 544/123/572 247/124/572 248/125/572
f 282/126/573 545/127/573 278/128/573
f 278/128/574 545/127/574 546/129/574
f 544/123/575 248/125/575 547/130/575
f 547/130/576 248/125/576 249/131/576
f 547/130/577 249/131/577 548/132/577
f 548/132/578 249/131/578 251/133/578
f 548/132/579 251/133/579 549/134/579
f 549/134/580 251/133/580 253/135/580
f 549/136/581 253/137/581 550/138/581
f 550/138/582 253/137/582 255/139/582
f 550/138/583 255/139/583 551/140/583
f 551/140/584 255/139/584 258/141/584
f 551/142/585 258/143/585 552/144/585
f 552/144/586 258/143/586 260/145/586
f 552/144/587 260/145/587 553/146/587
f 553/146/588 260/145/588 263/147/588
f 553/146/589 263/147/589 554/148/589
f 554/148/590 263/147/590 265/149/590
f 554/148/591 265/149/591 555/150/591
f 555/150/592 265/149/592 268/151/592
f 555/152/593 268/153/593 556/154/593
f 556/154/594 268/153/594 270/155/594
f 556/154/595 270/155/595 546/129/595
f 546/129/596 270/155/596 279/156/596
f 546/129/597 279/156/597 278/128/597
f 291/1/598 290/1/598 557/1/598
f 557/1/599 290/1/599 300/1/599
f 557/1/600 300/1/600 558/1/600
f 558/1/601 300/1/601 299/1/601
f 558/1/602 299/1/602 559/1/602
f 559/1/603 299/1/603 298/1/603
f 559/1/604 298/1/604 297/1/604
f 560/1/605 561/1/605 562/1/605
f 562/1/606 561/1/606 563/1/606
f 562/1/607 563/1/607 564/1/607
f 564/1/608 563/1/608 565/1/608
f 564/1/609 565/1/609 540/1/609
f 540/1/610 565/1/610 566/1/610
f 540/1/611 566/1/611 541/1/611
f 562/1/612 567/1/612 560/1/612
f 560/1/613 567/1/613 568/1/613
f 560/1/614 568/1/614 569/1/614
f 569/1/615 568/1/615 570/1/615
f 568/1/616 571/1/616 570/1/616
f 570/1/617 571/1/617 572/1/617
f 570/1/618 572/1/618 573/1/618
f 573/1/619 572/1/619 574/1/619
f 572/1/620 575/1/620 574/1/620
f 574/1/621 575/1/621 576/1/621
f 574/1/622 576/1/622 577/1/622
f 577/1/623 576/1/623 578/1/623
f 577/1/624 578/1/624 579/1/624
f 579/1/625 578/1/625 580/1/625
f 579/1/626 580/1/626 581/1/626
f 581/1/627 580/1/627 582/1/627
f 581/1/628 582/1/628 583/1/628
f 583/1/629 582/1/629 584/1/629
f 583/1/630 584/1/630 585/1/630
f 585/1/631 584/1/631 586/1/631
f 585/1/632 586/1/632 587/1/632
f 587/1/633 586/1/633 588/1/633
f 587/1/634 588/1/634 589/1/634
f 589/1/635 588/1/635 590/1/635
f 589/1/636 590/1/636 591/1/636
f 591/1/637 590/1/637 592/1/637
f 592/1/638 590/1/638 593/1/638
f 592/157/639 593/158/639 594/159/639
f 594/159/640 593/158/640 595/160/640
f 594/1/641 595/1/641 596/1/641
f 596/161/642 595/162/642 597/163/642
f 596/161/643 597/163/643 598/164/643
f 598/164/644 597/163/644 599/165/644
f 598/1/645 599/1/645 600/1/645
f 600/166/646 599/167/646 601/168/646
f 600/166/647 601/168/647 602/169/647
f 601/168/648 603/170/648 602/169/648
f 602/169/649 603/170/649 604/171/649
f 602/169/650 604/171/650 605/172/650
f 604/171/651 606/173/651 605/172/651
f 605/172/652 606/173/652 607/174/652
f 605/172/653 607/174/653 608/175/653
f 609/176/654 610/177/654 611/178/654
f 611/178/655 610/177/655 608/175/655
f 611/178/656 608/175/656 612/179/656
f 612/179/657 608/175/657 607/174/657
f 247/124/658 544/123/658 613/180/658
f 613/180/658 544/123/658 614/181/658
f 613/180/659 614/181/659 615/182/659
f 615/182/660 614/181/660 616/183/660
f 615/182/661 616/183/661 617/184/661
f 617/184/662 616/183/662 618/185/662
f 617/184/663 618/185/663 619/186/663
f 619/186/664 618/185/664 620/187/664
f 619/186/665 620/187/665 609/188/665
f 609/188/666 620/187/666 621/189/666
f 609/1/667 621/1/667 610/1/667
f 557/1/668 622/1/668 291/1/668
f 291/1/669 622/1/669 623/1/669
f 291/1/670 623/1/670 287/1/670
f 287/1/671 623/1/671 624/1/671
f 287/1/672 624/1/672 288/1/672
f 288/1/673 624/1/673 625/1/673
f 288/1/674 625/1/674 284/1/674
f 284/1/675 625/1/675 626/1/675
f 284/50/676 626/190/676 285/52/676
f 285/52/677 626/190/677 627/191/677
f 285/192/678 627/193/678 281/194/678
f 281/195/679 627/196/679 628/197/679
f 281/198/680 628/199/680 282/200/680
f 282/201/681 628/202/681 629/203/681
f 282/126/682 629/204/682 545/127/682
f 630/1/683 544/1/683 631/1/683
f 631/1/684 632/1/684 630/1/684
f 630/1/685 632/1/685 633/1/685
f 630/1/686 633/1/686 616/1/686
f 634/1/687 620/1/687 633/1/687
f 633/1/688 620/1/688 635/1/688
f 633/1/689 635/1/689 616/1/689
f 608/1/690 610/1/690 634/1/690
f 634/1/691 610/1/691 621/1/691
f 634/1/692 621/1/692 620/1/692
f 634/1/693 636/1/693 608/1/693
f 608/1/694 636/1/694 637/1/694
f 608/1/695 637/1/695 605/1/695
f 605/1/696 637/1/696 638/1/696
f 639/1/697 600/1/697 638/1/697
f 638/1/698 600/1/698 602/1/698
f 638/1/699 602/1/699 605/1/699
f 640/1/700 596/1/700 639/1/700
f 639/1/701 596/1/701 598/1/701
f 639/1/702 598/1/702 600/1/702
f 589/1/703 591/1/703 641/1/703
f 641/1/704 591/1/704 592/1/704
f 641/1/705 592/1/705 640/1/705
f 640/1/706 592/1/706 594/1/706
f 640/1/707 594/1/707 596/1/707
f 589/1/708 641/1/708 587/1/708
f 587/1/709 641/1/709 642/1/709
f 587/1/710 642/1/710 585/1/710
f 585/1/711 642/1/711 583/1/711
f 583/1/712 642/1/712 643/1/712
f 583/1/713 643/1/713 581/1/713
f 581/1/714 643/1/714 579/1/714
f 579/1/715 643/1/715 644/1/715
f 579/1/716 644/1/716 645/1/716
f 646/1/717 647/1/717 644/1/717
f 644/1/718 647/1/718 574/1/718
f 644/1/719 574/1/719 645/1/719
f 648/1/720 649/1/720 646/1/720
f 646/1/721 649/1/721 570/1/721
f 646/1/722 570/1/722 647/1/722
f 650/1/723 651/1/723 648/1/723
f 648/1/724 651/1/724 560/1/724
f 648/1/725 560/1/725 649/1/725
f 652/1/726 566/1/726 653/1/726
f 653/1/727 566/1/727 654/1/727
f 653/1/728 654/1/728 650/1/728
f 650/1/729 654/1/729 563/1/729
f 650/1/730 563/1/730 651/1/730
f 539/1/731 538/1/731 529/1/731
f 529/1/731 538/1/731 527/1/731
f 529/1/731 528/1/731 539/1/731
f 539/1/731 528/1/731 655/1/731
f 539/1/731 655/1/731 656/1/731
f 656/1/731 655/1/731 657/1/731
f 656/1/731 657/1/731 658/1/731
f 658/1/731 657/1/731 659/1/731
f 527/1/731 537/1/731 529/1/731
f 529/1/731 537/1/731 536/1/731
f 529/1/731 536/1/731 535/1/731
f 535/1/731 534/1/731 529/1/731
f 529/1/731 534/1/731 533/1/731
f 529/1/731 533/1/731 530/1/731
f 530/1/731 533/1/731 532/1/731
f 530/1/731 532/1/731 531/1/731
f 659/1/731 657/1/731 660/1/731
f 660/1/731 657/1/731 661/1/731
f 660/1/731 661/1/731 662/1/731
f 662/1/731 663/1/731 660/1/731
f 660/1/731 663/1/731 664/1/731
f 660/1/731 664/1/731 665/1/731
f 623/1/732 622/1/732 666/1/732
f 666/1/733 622/1/733 667/1/733
f 666/1/734 667/1/734 668/1/734
f 668/1/735 667/1/735 558/1/735
f 668/1/736 558/1/736 669/1/736
f 623/1/737 666/1/737 624/1/737
f 624/1/738 666/1/738 670/1/738
f 624/1/739 670/1/739 625/1/739
f 625/1/740 670/1/740 626/1/740
f 626/1/741 670/1/741 671/1/741
f 626/1/742 671/1/742 627/1/742
f 627/1/743 671/1/743 628/1/743
f 628/1/744 671/1/744 672/1/744
f 628/1/745 672/1/745 629/1/745
f 673/1/746 546/1/746 672/1/746
f 672/1/747 546/1/747 545/1/747
f 672/1/748 545/1/748 629/1/748
f 674/1/749 555/1/749 673/1/749
f 673/1/750 555/1/750 556/1/750
f 673/1/751 556/1/751 546/1/751
f 675/1/752 553/1/752 674/1/752
f 674/1/753 553/1/753 554/1/753
f 674/1/754 554/1/754 555/1/754
f 676/1/755 551/1/755 675/1/755
f 675/1/756 551/1/756 552/1/756
f 675/1/757 552/1/757 553/1/757
f 677/1/758 549/1/758 676/1/758
f 676/1/759 549/1/759 550/1/759
f 676/1/760 550/1/760 551/1/760
f 631/1/761 544/1/761 678/1/761
f 678/1/762 544/1/762 547/1/762
f 678/1/763 547/1/763 677/1/763
f 677/1/764 547/1/764 548/1/764
f 677/1/765 548/1/765 549/1/765
f 666/1/766 668/1/766 652/1/766
f 668/1/766 669/1/766 652/1/766
f 652/1/766 669/1/766 679/1/766
f 652/1/766 679/1/766 680/1/766
f 681/1/766 682/1/766 652/1/766
f 652/1/766 673/1/766 672/1/766
f 681/1/766 652/1/766 683/1/766
f 631/1/766 652/1/766 632/1/766
f 632/1/766 652/1/766 653/1/766
f 632/1/766 653/1/766 633/1/766
f 633/1/766 653/1/766 634/1/766
f 631/1/766 678/1/766 652/1/766
f 652/1/766 678/1/766 677/1/766
f 652/1/766 677/1/766 676/1/766
f 672/1/766 671/1/766 652/1/766
f 652/1/766 671/1/766 670/1/766
f 652/1/766 670/1/766 666/1/766
f 682/1/766 684/1/766 652/1/766
f 652/1/766 684/1/766 685/1/766
f 652/1/766 685/1/766 686/1/766
f 686/1/766 687/1/766 652/1/766
f 652/1/766 687/1/766 688/1/766
f 652/1/766 688/1/766 689/1/766
f 676/1/766 675/1/766 652/1/766
f 652/1/766 675/1/766 674/1/766
f 652/1/766 674/1/766 673/1/766
f 650/1/766 637/1/766 653/1/766
f 653/1/766 637/1/766 636/1/766
f 653/1/766 636/1/766 634/1/766
f 680/1/766 690/1/766 652/1/766
f 652/1/766 690/1/766 691/1/766
f 652/1/766 691/1/766 683/1/766
f 689/1/766 692/1/766 652/1/766
f 652/1/766 692/1/766 693/1/766
f 652/1/766 693/1/766 694/1/766
f 650/1/766 648/1/766 637/1/766
f 637/1/766 648/1/766 646/1/766
f 637/1/766 646/1/766 644/1/766
f 643/1/766 639/1/766 644/1/766
f 644/1/766 639/1/766 638/1/766
f 644/1/766 638/1/766 637/1/766
f 643/1/766 642/1/766 639/1/766
f 639/1/766 642/1/766 641/1/766
f 639/1/766 641/1/766 640/1/766
f 695/1/165 543/1/165 541/1/165
f 566/1/165 652/1/165 541/1/165
f 541/1/165 652/1/165 694/1/165
f 541/1/165 694/1/165 695/1/165
f 696/1/767 697/1/767 661/1/767
f 343/1/768 539/1/768 698/1/768
f 698/1/769 539/1/769 656/1/769
f 698/1/770 656/1/770 699/1/770
f 699/1/771 656/1/771 700/1/771
f 700/1/772 656/1/772 658/1/772
f 700/1/773 658/1/773 701/1/773
f 701/1/774 658/1/774 702/1/774
f 702/1/775 658/1/775 659/1/775
f 702/1/776 659/1/776 703/1/776
f 704/1/777 705/1/777 660/1/777
f 660/1/778 705/1/778 706/1/778
f 660/1/779 706/1/779 659/1/779
f 659/1/780 706/1/780 707/1/780
f 659/1/781 707/1/781 703/1/781
f 704/1/782 660/1/782 708/1/782
f 708/1/783 660/1/783 665/1/783
f 708/1/784 665/1/784 709/1/784
f 710/1/785 711/1/785 664/1/785
f 664/1/786 711/1/786 712/1/786
f 664/1/787 712/1/787 665/1/787
f 665/1/788 712/1/788 713/1/788
f 665/1/789 713/1/789 709/1/789
f 714/1/790 715/1/790 663/1/790
f 663/1/791 715/1/791 716/1/791
f 663/1/792 716/1/792 664/1/792
f 664/1/793 716/1/793 717/1/793
f 664/1/794 717/1/794 710/1/794
f 661/1/795 697/1/795 662/1/795
f 662/1/796 697/1/796 718/1/796
f 662/1/797 718/1/797 719/1/797
f 719/1/798 720/1/798 662/1/798
f 662/1/799 720/1/799 721/1/799
f 662/1/800 721/1/800 663/1/800
f 663/1/801 721/1/801 722/1/801
f 663/1/802 722/1/802 714/1/802
f 371/1/803 372/1/803 657/1/803
f 372/1/804 365/1/804 657/1/804
f 657/1/805 365/1/805 368/1/805
f 657/1/806 368/1/806 661/1/806
f 661/1/807 368/1/807 370/1/807
f 661/1/808 370/1/808 696/1/808
f 657/1/809 655/1/809 371/1/809
f 371/1/810 655/1/810 528/1/810
f 371/1/811 528/1/811 359/1/811
f 297/1/812 296/1/812 559/1/812
f 559/1/812 296/1/812 679/1/812
f 559/1/812 679/1/812 558/1/812
f 558/1/812 679/1/812 669/1/812
f 338/1/813 692/1/813 689/1/813
f 695/1/814 694/1/814 723/1/814
f 723/1/815 694/1/815 693/1/815
f 723/1/816 693/1/816 724/1/816
f 724/1/817 693/1/817 344/1/817
f 692/1/818 338/1/818 693/1/818
f 693/1/819 338/1/819 341/1/819
f 693/1/820 341/1/820 344/1/820
f 331/1/821 333/1/821 689/1/821
f 689/1/822 333/1/822 336/1/822
f 689/1/823 336/1/823 338/1/823
f 685/1/824 319/1/824 686/1/824
f 686/1/825 319/1/825 329/1/825
f 686/1/826 329/1/826 687/1/826
f 687/1/827 329/1/827 331/1/827
f 687/1/828 331/1/828 688/1/828
f 688/1/829 331/1/829 689/1/829
f 308/1/830 323/1/830 685/1/830
f 685/1/831 323/1/831 321/1/831
f 685/1/832 321/1/832 319/1/832
f 681/1/833 306/1/833 682/1/833
f 682/1/834 306/1/834 308/1/834
f 682/1/835 308/1/835 684/1/835
f 684/1/836 308/1/836 685/1/836
f 304/1/837 302/1/837 681/1/837
f 681/1/838 302/1/838 301/1/838
f 681/1/839 301/1/839 306/1/839
f 681/1/840 683/1/840 304/1/840
f 304/1/841 683/1/841 691/1/841
f 304/1/842 691/1/842 305/1/842
f 305/1/843 691/1/843 690/1/843
f 305/1/844 690/1/844 293/1/844
f 679/1/845 296/1/845 680/1/845
f 680/1/846 296/1/846 295/1/846
f 680/1/847 295/1/847 690/1/847
f 690/1/848 295/1/848 294/1/848
f 690/1/849 294/1/849 293/1/849
f 716/1/850 715/1/850 725/1/850
f 707/1/851 564/1/851 703/1/851
f 703/1/852 564/1/852 540/1/852
f 703/1/853 540/1/853 702/1/853
f 702/1/854 540/1/854 542/1/854
f 702/1/855 542/1/855 701/1/855
f 701/1/856 542/1/856 543/1/856
f 701/1/857 543/1/857 700/1/857
f 707/1/858 706/1/858 564/1/858
f 564/1/859 706/1/859 705/1/859
f 564/1/860 705/1/860 704/1/860
f 704/1/861 708/1/861 564/1/861
f 564/1/862 708/1/862 709/1/862
f 564/1/863 709/1/863 562/1/863
f 562/1/864 709/1/864 713/1/864
f 562/1/865 713/1/865 567/1/865
f 567/1/866 713/1/866 712/1/866
f 711/1/867 710/1/867 725/1/867
f 725/1/868 710/1/868 717/1/868
f 725/1/869 717/1/869 716/1/869
f 584/1/870 582/1/870 726/1/870
f 726/1/871 582/1/871 580/1/871
f 726/1/872 580/1/872 727/1/872
f 727/1/873 580/1/873 578/1/873
f 727/1/874 578/1/874 728/1/874
f 728/1/875 578/1/875 576/1/875
f 728/1/876 576/1/876 729/1/876
f 729/1/877 576/1/877 575/1/877
f 729/1/878 575/1/878 730/1/878
f 730/1/879 575/1/879 572/1/879
f 730/1/880 572/1/880 731/1/880
f 731/1/881 572/1/881 571/1/881
f 731/1/882 571/1/882 732/1/882
f 732/1/883 571/1/883 568/1/883
f 732/1/884 568/1/884 733/1/884
f 733/1/885 568/1/885 567/1/885
f 733/1/886 567/1/886 725/1/886
f 725/1/887 567/1/887 712/1/887
f 725/1/888 712/1/888 711/1/888
f 584/1/889 726/1/889 586/1/889
f 586/1/890 726/1/890 734/1/890
f 586/1/891 734/1/891 588/1/891
f 588/1/892 734/1/892 590/1/892
f 590/1/893 734/1/893 735/1/893
f 590/205/894 735/206/894 593/158/894
f 593/158/895 735/206/895 595/160/895
f 595/160/896 735/206/896 736/207/896
f 595/160/897 736/207/897 597/208/897
f 597/208/898 736/207/898 599/209/898
f 599/209/899 736/207/899 737/210/899
f 599/209/900 737/210/900 601/211/900
f 601/211/901 737/210/901 603/212/901
f 603/212/902 737/210/902 738/213/902
f 603/212/903 738/213/903 604/214/903
f 604/214/904 738/213/904 606/215/904
f 606/215/905 738/213/905 739/216/905
f 606/215/906 739/216/906 607/217/906
f 607/218/907 739/219/907 612/220/907
f 612/220/908 739/219/908 740/221/908
f 612/220/909 740/221/909 611/222/909
f 611/223/910 740/224/910 609/225/910
f 609/225/911 740/224/911 741/226/911
f 609/225/912 741/226/912 619/227/912
f 619/228/913 741/229/913 617/230/913
f 617/230/914 741/229/914 742/231/914
f 617/232/915 742/233/915 615/234/915
f 615/234/916 742/233/916 743/235/916
f 615/234/917 743/235/917 613/236/917
f 613/236/918 743/235/918 244/2/918
f 613/236/683 244/2/683 247/5/683
f 543/1/919 695/1/919 700/1/919
f 700/1/920 695/1/920 723/1/920
f 700/1/921 723/1/921 699/1/921
f 699/1/922 723/1/922 724/1/922
f 699/1/923 724/1/923 698/1/923
f 698/1/924 724/1/924 344/1/924
f 698/1/925 344/1/925 343/1/925
f 443/1/926 444/1/926 726/1/926
f 714/1/927 722/1/927 434/1/927
f 434/1/928 722/1/928 721/1/928
f 434/1/929 721/1/929 720/1/929
f 720/1/930 719/1/930 434/1/930
f 434/1/931 719/1/931 718/1/931
f 434/1/932 718/1/932 697/1/932
f 370/1/933 369/1/933 696/1/933
f 696/1/934 369/1/934 430/1/934
f 696/1/935 430/1/935 697/1/935
f 697/1/936 430/1/936 433/1/936
f 697/1/937 433/1/937 434/1/937
f 245/3/938 244/2/938 484/101/938
f 484/101/939 244/2/939 743/235/939
f 484/101/940 743/235/940 482/99/940
f 482/99/941 743/235/941 742/233/941
f 475/91/942 477/93/942 741/229/942
f 741/229/943 477/93/943 479/95/943
f 741/229/944 479/95/944 742/231/944
f 742/231/945 479/95/945 480/96/945
f 742/233/946 480/97/946 482/99/946
f 740/224/947 472/237/947 741/226/947
f 741/238/948 472/86/948 474/239/948
f 741/238/949 474/239/949 475/240/949
f 465/75/950 467/77/950 739/241/950
f 739/241/951 467/77/951 469/242/951
f 739/219/952 469/243/952 740/221/952
f 740/244/953 469/80/953 470/81/953
f 740/244/954 470/81/954 472/86/954
f 465/75/955 739/241/955 464/73/955
f 464/245/956 739/216/956 738/213/956
f 464/72/957 738/246/957 462/70/957
f 737/210/958 459/247/958 738/213/958
f 738/246/959 459/67/959 460/68/959
f 738/246/960 460/68/960 462/70/960
f 450/60/961 451/62/961 736/248/961
f 736/248/962 451/62/962 455/63/962
f 736/207/963 455/249/963 737/210/963
f 737/250/964 455/63/964 457/65/964
f 737/250/965 457/65/965 459/67/965
f 735/206/966 448/251/966 736/207/966
f 736/248/967 448/56/967 449/58/967
f 736/248/968 449/58/968 450/60/968
f 726/1/969 444/1/969 734/1/969
f 444/1/970 445/1/970 734/1/970
f 734/1/971 445/1/971 446/1/971
f 734/1/972 446/1/972 735/1/972
f 735/1/973 446/1/973 447/1/973
f 735/252/974 447/54/974 448/56/974
f 443/1/975 726/1/975 442/1/975
f 442/1/976 726/1/976 727/1/976
f 442/1/977 727/1/977 441/1/977
f 441/1/978 727/1/978 728/1/978
f 441/1/979 728/1/979 440/1/979
f 440/1/980 728/1/980 729/1/980
f 440/1/981 729/1/981 439/1/981
f 439/1/982 729/1/982 730/1/982
f 439/1/983 730/1/983 438/1/983
f 438/1/984 730/1/984 731/1/984
f 438/1/985 731/1/985 437/1/985
f 437/1/986 731/1/986 732/1/986
f 437/1/987 732/1/987 436/1/987
f 436/1/988 732/1/988 733/1/988
f 436/1/989 733/1/989 435/1/989
f 435/1/990 733/1/990 725/1/990
f 435/1/991 725/1/991 434/1/991
f 434/1/992 725/1/992 715/1/992
f 434/1/993 715/1/993 714/1/993
f 275/1/994 136/1/994 273/1/994
f 273/1/994 136/1/994 139/1/994
f 744/1/766 745/1/766 162/1/766
f 162/1/766 745/1/766 746/1/766
f 162/1/766 746/1/766 161/1/766
f 161/1/766 746/1/766 747/1/766
f 161/1/766 747/1/766 156/1/766
f 156/1/766 747/1/766 748/1/766
f 156/1/766 748/1/766 155/1/766
f 155/1/766 748/1/766 749/1/766
f 155/1/766 749/1/766 154/1/766
f 154/1/766 749/1/766 750/1/766
f 154/1/766 750/1/766 150/1/766
f 150/1/766 750/1/766 751/1/766
f 150/1/766 751/1/766 151/1/766
f 151/1/766 751/1/766 752/1/766
f 151/1/995 752/1/995 152/1/995
f 152/1/766 752/1/766 753/1/766
f 152/1/996 753/1/996 153/1/996
f 153/1/766 753/1/766 754/1/766
f 153/1/766 754/1/766 148/1/766
f 148/1/766 754/1/766 377/1/766
f 148/1/766 377/1/766 149/1/766
f 755/1/997 756/1/997 757/1/997
f 757/1/998 756/1/998 758/1/998
f 745/1/999 744/1/999 759/1/999
f 759/1/1000 744/1/1000 760/1/1000
f 759/1/1001 760/1/1001 761/1/1001
f 761/1/1002 762/1/1002 759/1/1002
f 759/1/1003 762/1/1003 763/1/1003
f 759/1/1004 763/1/1004 764/1/1004
f 764/1/1005 765/1/1005 759/1/1005
f 759/1/1006 765/1/1006 766/1/1006
f 759/1/1007 766/1/1007 756/1/1007
f 756/1/1008 766/1/1008 767/1/1008
f 756/1/1009 767/1/1009 758/1/1009
f 373/1/1010 374/1/1010 768/1/1010
f 768/1/1011 374/1/1011 375/1/1011
f 768/1/1012 375/1/1012 377/1/1012
f 377/1/1013 375/1/1013 376/1/1013
f 373/1/1014 768/1/1014 769/1/1014
f 769/1/1015 768/1/1015 377/1/1015
f 769/1/1016 377/1/1016 770/1/1016
f 377/1/1017 754/1/1017 770/1/1017
f 770/1/1018 754/1/1018 753/1/1018
f 770/1/1019 753/1/1019 771/1/1019
f 753/1/1020 752/1/1020 771/1/1020
f 771/1/1021 752/1/1021 751/1/1021
f 771/1/1022 751/1/1022 772/1/1022
f 772/1/1023 751/1/1023 750/1/1023
f 772/1/1024 750/1/1024 749/1/1024
f 749/1/1025 748/1/1025 772/1/1025
f 772/1/1026 748/1/1026 747/1/1026
f 772/1/1027 747/1/1027 759/1/1027
f 759/1/1028 747/1/1028 746/1/1028
f 759/1/1029 746/1/1029 745/1/1029
f 364/1/1030 193/1/1030 192/1/1030
f 360/1/1031 367/1/1031 192/1/1031
f 192/1/1032 367/1/1032 366/1/1032
f 192/1/1033 366/1/1033 364/1/1033
f 192/1/1034 191/1/1034 360/1/1034
f 360/1/1035 191/1/1035 773/1/1035
f 360/1/1036 773/1/1036 361/1/1036
f 773/1/1037 774/1/1037 361/1/1037
f 361/1/1038 774/1/1038 452/1/1038
f 361/1/1039 452/1/1039 362/1/1039
f 240/1/1040 137/1/1040 136/1/1040
f 498/1/56 185/1/56 184/1/56
f 136/1/56 275/1/56 240/1/56
f 240/1/56 275/1/56 276/1/56
f 240/1/56 276/1/56 184/1/56
f 184/1/1041 276/1/1041 497/1/1041
f 184/1/1042 497/1/1042 498/1/1042
f 219/253/1043 218/254/1043 381/255/1043
f 185/256/1044 498/257/1044 775/258/1044
f 775/258/1045 498/257/1045 499/194/1045
f 776/259/1046 182/260/1046 501/261/1046
f 501/261/1047 182/260/1047 775/262/1047
f 501/263/1048 775/264/1048 500/265/1048
f 500/1/1049 775/1/1049 499/1/1049
f 776/266/1050 501/267/1050 777/268/1050
f 777/268/1051 501/267/1051 502/269/1051
f 777/268/1052 502/269/1052 778/270/1052
f 502/269/1053 503/271/1053 778/270/1053
f 778/270/1054 503/271/1054 504/272/1054
f 778/270/1055 504/272/1055 779/273/1055
f 779/273/1056 504/272/1056 505/274/1056
f 779/1/1057 505/1/1057 780/1/1057
f 780/275/1058 505/276/1058 506/277/1058
f 780/275/1059 506/277/1059 781/278/1059
f 506/277/1060 507/279/1060 781/278/1060
f 781/280/1061 507/281/1061 508/282/1061
f 781/280/1062 508/282/1062 782/283/1062
f 508/282/1063 509/284/1063 782/283/1063
f 782/283/1064 509/284/1064 510/285/1064
f 782/283/1065 510/285/1065 783/286/1065
f 452/1/1066 774/1/1066 784/1/1066
f 784/1/1067 774/1/1067 773/1/1067
f 784/1/1068 773/1/1068 191/1/1068
f 222/287/1069 384/288/1069 218/254/1069
f 218/254/1070 384/288/1070 382/289/1070
f 218/254/1071 382/289/1071 381/255/1071
f 510/290/1072 511/291/1072 783/292/1072
f 783/292/1073 511/291/1073 512/293/1073
f 783/292/1074 512/293/1074 785/294/1074
f 785/294/1075 512/293/1075 513/295/1075
f 785/294/1076 513/295/1076 236/296/1076
f 236/296/1077 513/295/1077 514/297/1077
f 236/296/1078 514/297/1078 238/298/1078
f 238/299/1079 514/300/1079 515/301/1079
f 238/299/1080 515/301/1080 239/302/1080
f 239/302/1081 515/301/1081 516/303/1081
f 239/304/1082 516/305/1082 233/306/1082
f 233/306/1083 516/305/1083 517/307/1083
f 233/306/1084 517/307/1084 234/308/1084
f 234/308/1085 517/307/1085 518/309/1085
f 234/308/1086 518/309/1086 230/310/1086
f 230/310/1087 518/309/1087 519/311/1087
f 230/310/1088 519/311/1088 231/312/1088
f 231/312/1089 519/311/1089 520/313/1089
f 231/312/1090 520/313/1090 227/314/1090
f 227/314/1091 520/313/1091 521/315/1091
f 227/314/1092 521/315/1092 228/316/1092
f 228/316/1093 521/315/1093 522/317/1093
f 228/316/1094 522/317/1094 224/318/1094
f 224/318/1095 522/317/1095 523/319/1095
f 224/318/1096 523/319/1096 225/320/1096
f 225/320/1097 523/319/1097 524/321/1097
f 225/320/1098 524/321/1098 221/322/1098
f 221/322/1099 524/321/1099 525/323/1099
f 221/324/1100 525/325/1100 222/326/1100
f 222/326/1101 525/325/1101 526/327/1101
f 222/326/1102 526/327/1102 384/328/1102
f 216/1/1103 394/1/1103 212/1/1103
f 212/1/1104 394/1/1104 395/1/1104
f 212/1/1105 395/1/1105 213/1/1105
f 381/255/1106 386/329/1106 219/253/1106
f 219/253/1107 386/329/1107 391/330/1107
f 219/253/1108 391/330/1108 215/331/1108
f 215/1/1109 391/1/1109 390/1/1109
f 215/1/1110 390/1/1110 216/1/1110
f 216/1/1111 390/1/1111 389/1/1111
f 216/1/1112 389/1/1112 394/1/1112
f 395/1/1113 380/1/1113 213/1/1113
f 213/1/1114 380/1/1114 379/1/1114
f 213/1/1115 379/1/1115 209/1/1115
f 209/1/1116 379/1/1116 397/1/1116
f 209/1/1117 397/1/1117 210/1/1117
f 210/1/1118 397/1/1118 399/1/1118
f 210/1/1119 399/1/1119 206/1/1119
f 206/1/1120 399/1/1120 401/1/1120
f 206/1/1121 401/1/1121 402/1/1121
f 402/1/1122 404/1/1122 206/1/1122
f 206/1/1123 404/1/1123 405/1/1123
f 206/1/1124 405/1/1124 207/1/1124
f 207/1/1125 405/1/1125 407/1/1125
f 207/1/1126 407/1/1126 203/1/1126
f 407/1/1127 408/1/1127 203/1/1127
f 203/1/1128 408/1/1128 410/1/1128
f 203/1/1129 410/1/1129 204/1/1129
f 204/1/1130 410/1/1130 412/1/1130
f 204/1/1131 412/1/1131 198/1/1131
f 412/1/1132 413/1/1132 198/1/1132
f 198/1/1133 413/1/1133 415/1/1133
f 198/1/1134 415/1/1134 197/1/1134
f 197/1/1135 415/1/1135 419/1/1135
f 197/1/1136 419/1/1136 200/1/1136
f 200/1/1136 419/1/1136 418/1/1136
f 200/1/1137 418/1/1137 201/1/1137
f 201/1/1138 418/1/1138 417/1/1138
f 201/1/1139 417/1/1139 786/1/1139
f 417/1/1140 420/1/1140 786/1/1140
f 786/1/1141 420/1/1141 422/1/1141
f 786/1/1142 422/1/1142 196/1/1142
f 196/1/1143 422/1/1143 424/1/1143
f 196/1/1144 424/1/1144 784/1/1144
f 784/1/1145 424/1/1145 425/1/1145
f 784/1/1146 425/1/1146 452/1/1146
f 452/1/1147 425/1/1147 427/1/1147
f 452/1/1148 427/1/1148 453/1/1148
f 453/1/1149 427/1/1149 429/1/1149
f 453/1/1150 429/1/1150 432/1/1150
f 103/1/1151 102/1/1151 165/1/1151
f 165/1/1152 102/1/1152 787/1/1152
f 165/1/1153 787/1/1153 163/1/1153
f 163/1/1154 787/1/1154 788/1/1154
f 163/1/1155 788/1/1155 164/1/1155
f 164/1/1156 788/1/1156 789/1/1156
f 164/1/1157 789/1/1157 166/1/1157
f 166/1/1158 789/1/1158 790/1/1158
f 166/1/1159 790/1/1159 167/1/1159
f 167/1/1160 790/1/1160 168/1/1160
f 168/1/1161 790/1/1161 791/1/1161
f 168/1/1162 791/1/1162 169/1/1162
f 169/1/1163 791/1/1163 792/1/1163
f 169/1/1164 792/1/1164 157/1/1164
f 792/1/1165 793/1/1165 157/1/1165
f 157/1/1166 793/1/1166 794/1/1166
f 157/1/1167 794/1/1167 158/1/1167
f 158/1/1168 794/1/1168 795/1/1168
f 158/1/1169 795/1/1169 159/1/1169
f 159/1/1170 795/1/1170 796/1/1170
f 159/1/1171 796/1/1171 160/1/1171
f 160/1/1172 796/1/1172 797/1/1172
f 160/1/1173 797/1/1173 162/1/1173
f 764/1/1174 763/1/1174 798/1/1174
f 798/1/1175 763/1/1175 762/1/1175
f 798/1/1176 762/1/1176 799/1/1176
f 799/1/1177 762/1/1177 761/1/1177
f 799/1/1178 761/1/1178 800/1/1178
f 800/1/1179 761/1/1179 760/1/1179
f 800/1/1180 760/1/1180 797/1/1180
f 797/1/1181 760/1/1181 744/1/1181
f 797/1/1182 744/1/1182 162/1/1182
f 798/1/1183 801/1/1183 764/1/1183
f 764/1/1184 801/1/1184 802/1/1184
f 764/1/1185 802/1/1185 765/1/1185
f 765/1/1186 802/1/1186 803/1/1186
f 765/1/1187 803/1/1187 766/1/1187
f 766/1/1188 803/1/1188 767/1/1188
f 767/1/1189 803/1/1189 804/1/1189
f 767/1/1190 804/1/1190 758/1/1190
f 758/1/1191 804/1/1191 805/1/1191
f 758/1/1192 805/1/1192 757/1/1192
f 757/1/1193 805/1/1193 806/1/1193
f 757/1/1194 806/1/1194 755/1/1194
f 807/1/766 769/1/766 808/1/766
f 808/1/766 769/1/766 770/1/766
f 808/1/766 770/1/766 809/1/766
f 809/1/766 770/1/766 771/1/766
f 809/1/766 771/1/766 810/1/766
f 810/1/766 771/1/766 772/1/766
f 810/1/766 772/1/766 811/1/766
f 811/1/766 772/1/766 759/1/766
f 811/1/766 759/1/766 812/1/766
f 812/1/766 759/1/766 756/1/766
f 812/1/766 756/1/766 813/1/766
f 813/1/766 756/1/766 755/1/766
f 813/1/766 755/1/766 806/1/766
f 807/1/1195 814/1/1195 769/1/1195
f 769/1/1195 814/1/1195 242/1/1195
f 242/1/1195 241/1/1195 769/1/1195
f 769/1/1195 241/1/1195 133/1/1195
f 769/1/1195 133/1/1195 373/1/1195
f 189/1/108 193/1/108 235/1/108
f 814/1/108 357/1/108 352/1/108
f 815/1/108 363/1/108 814/1/108
f 814/1/108 363/1/108 358/1/108
f 814/1/108 358/1/108 357/1/108
f 193/1/108 364/1/108 816/1/108
f 816/1/108 364/1/108 363/1/108
f 816/1/108 363/1/108 817/1/108
f 817/1/108 363/1/108 815/1/108
f 352/1/108 311/1/108 814/1/108
f 814/1/108 311/1/108 307/1/108
f 814/1/108 307/1/108 303/1/108
f 303/1/108 292/1/108 814/1/108
f 814/1/108 292/1/108 243/1/108
f 814/1/108 243/1/108 242/1/108
f 816/1/108 818/1/108 193/1/108
f 193/1/108 818/1/108 819/1/108
f 193/1/108 819/1/108 820/1/108
f 820/1/108 821/1/108 193/1/108
f 193/1/108 821/1/108 822/1/108
f 193/1/108 822/1/108 823/1/108
f 823/1/108 824/1/108 193/1/108
f 193/1/108 824/1/108 825/1/108
f 193/1/108 825/1/108 235/1/108
f 235/1/108 237/1/108 189/1/108
f 189/1/108 237/1/108 232/1/108
f 189/1/108 232/1/108 229/1/108
f 229/1/108 226/1/108 189/1/108
f 189/1/108 226/1/108 223/1/108
f 189/1/108 223/1/108 220/1/108
f 220/1/108 217/1/108 189/1/108
f 189/1/108 217/1/108 214/1/108
f 189/1/108 214/1/108 211/1/108
f 211/1/108 208/1/108 189/1/108
f 189/1/108 208/1/108 205/1/108
f 189/1/108 205/1/108 202/1/108
f 202/1/108 199/1/108 189/1/108
f 189/1/108 199/1/108 194/1/108
f 189/1/108 194/1/108 190/1/108
f 78/1/1196 18/1/1196 17/1/1196
f 91/1/1197 92/1/1197 826/1/1197
f 92/1/1198 88/1/1198 826/1/1198
f 826/1/1199 88/1/1199 86/1/1199
f 826/1/1200 86/1/1200 84/1/1200
f 84/1/1201 82/1/1201 826/1/1201
f 826/1/1202 82/1/1202 80/1/1202
f 826/1/1203 80/1/1203 78/1/1203
f 826/1/1204 827/1/1204 91/1/1204
f 91/1/1205 827/1/1205 179/1/1205
f 91/1/1206 179/1/1206 89/1/1206
f 78/1/1207 17/1/1207 826/1/1207
f 826/1/1208 17/1/1208 15/1/1208
f 826/1/1209 15/1/1209 828/1/1209
f 15/1/21 25/1/21 828/1/21
f 828/1/25 25/1/25 29/1/25
f 828/1/1210 29/1/1210 829/1/1210
f 29/1/24 28/1/24 829/1/24
f 829/1/28 28/1/28 32/1/28
f 829/1/1211 32/1/1211 830/1/1211
f 830/1/27 32/1/27 31/1/27
f 830/1/1212 31/1/1212 831/1/1212
f 831/1/1213 31/1/1213 35/1/1213
f 831/1/1214 35/1/1214 832/1/1214
f 35/1/30 34/1/30 832/1/30
f 832/1/34 34/1/34 38/1/34
f 832/1/1215 38/1/1215 833/1/1215
f 38/1/33 37/1/33 833/1/33
f 833/1/37 37/1/37 41/1/37
f 833/1/1216 41/1/1216 834/1/1216
f 41/1/36 40/1/36 834/1/36
f 834/1/40 40/1/40 44/1/40
f 834/1/1217 44/1/1217 835/1/1217
f 44/1/39 43/1/39 835/1/39
f 835/1/43 43/1/43 47/1/43
f 835/1/1218 47/1/1218 836/1/1218
f 47/1/42 46/1/42 836/1/42
f 836/1/46 46/1/46 50/1/46
f 836/1/1219 50/1/1219 837/1/1219
f 837/1/45 50/1/45 49/1/45
f 837/1/1220 49/1/1220 838/1/1220
f 838/1/1221 49/1/1221 53/1/1221
f 838/1/1222 53/1/1222 839/1/1222
f 53/1/48 52/1/48 839/1/48
f 839/1/56 52/1/56 60/1/56
f 839/1/1223 60/1/1223 840/1/1223
f 60/1/55 59/1/55 840/1/55
f 840/1/53 59/1/53 57/1/53
f 840/1/1224 57/1/1224 841/1/1224
f 57/1/1225 55/1/1225 841/1/1225
f 841/1/63 55/1/63 65/1/63
f 841/1/1226 65/1/1226 842/1/1226
f 3/1/1227 170/1/1227 61/1/1227
f 61/1/1227 170/1/1227 843/1/1227
f 61/1/1228 843/1/1228 62/1/1228
f 62/1/1229 843/1/1229 842/1/1229
f 62/1/60 842/1/60 64/1/60
f 64/1/62 842/1/62 65/1/62
f 138/1/731 240/1/731 184/1/731
f 138/1/731 184/1/731 844/1/731
f 844/1/731 184/1/731 186/1/731
f 844/1/731 186/1/731 187/1/731
f 845/1/225 236/1/225 235/1/225
f 780/1/1230 846/1/1230 822/1/1230
f 822/1/1231 846/1/1231 847/1/1231
f 822/1/1232 847/1/1232 823/1/1232
f 823/1/1233 847/1/1233 848/1/1233
f 823/1/1234 848/1/1234 824/1/1234
f 824/1/1235 848/1/1235 845/1/1235
f 824/1/1236 845/1/1236 825/1/1236
f 825/1/1237 845/1/1237 235/1/1237
f 780/1/1238 822/1/1238 779/1/1238
f 779/1/1239 822/1/1239 821/1/1239
f 779/1/1240 821/1/1240 849/1/1240
f 849/1/1241 821/1/1241 820/1/1241
f 849/1/1242 820/1/1242 777/1/1242
f 850/1/1243 844/1/1243 123/1/1243
f 844/332/1244 187/333/1244 819/334/1244
f 187/1/1245 183/1/1245 819/1/1245
f 819/335/1246 183/336/1246 182/337/1246
f 819/1/1247 182/1/1247 820/1/1247
f 820/1/1248 182/1/1248 776/1/1248
f 820/1/1249 776/1/1249 777/1/1249
f 123/1/1250 121/1/1250 850/1/1250
f 850/1/1251 121/1/1251 119/1/1251
f 850/1/1251 119/1/1251 851/1/1251
f 851/1/1252 119/1/1252 117/1/1252
f 851/1/1252 117/1/1252 852/1/1252
f 852/1/1253 117/1/1253 115/1/1253
f 852/1/1254 115/1/1254 853/1/1254
f 115/1/1255 854/1/1255 853/1/1255
f 853/1/1256 854/1/1256 855/1/1256
f 853/1/1256 855/1/1256 856/1/1256
f 856/1/1257 855/1/1257 857/1/1257
f 856/1/1257 857/1/1257 858/1/1257
f 858/1/1258 857/1/1258 859/1/1258
f 858/1/1259 859/1/1259 860/1/1259
f 102/1/1260 99/1/1260 787/1/1260
f 787/1/1261 99/1/1261 788/1/1261
f 799/1/1262 800/1/1262 811/1/1262
f 799/1/1263 811/1/1263 798/1/1263
f 800/1/1264 797/1/1264 811/1/1264
f 811/1/1265 797/1/1265 796/1/1265
f 811/1/1266 796/1/1266 795/1/1266
f 792/1/1267 98/1/1267 793/1/1267
f 793/1/1268 98/1/1268 794/1/1268
f 792/1/1269 791/1/1269 98/1/1269
f 98/1/1270 791/1/1270 790/1/1270
f 98/1/1271 790/1/1271 99/1/1271
f 99/1/1272 790/1/1272 789/1/1272
f 99/1/1273 789/1/1273 788/1/1273
f 804/1/1274 812/1/1274 805/1/1274
f 805/1/1275 812/1/1275 813/1/1275
f 805/1/1276 813/1/1276 806/1/1276
f 804/1/1277 803/1/1277 812/1/1277
f 812/1/1278 803/1/1278 802/1/1278
f 812/1/1279 802/1/1279 811/1/1279
f 811/1/1280 802/1/1280 801/1/1280
f 811/1/1281 801/1/1281 798/1/1281
f 110/1/1282 809/1/1282 108/1/1282
f 108/1/1283 809/1/1283 810/1/1283
f 108/1/1283 810/1/1283 106/1/1283
f 106/1/1284 810/1/1284 811/1/1284
f 106/1/1284 811/1/1284 98/1/1284
f 98/1/1285 811/1/1285 795/1/1285
f 98/1/1286 795/1/1286 794/1/1286
f 815/1/1287 814/1/1287 807/1/1287
f 844/338/1244 819/339/1244 123/340/1244
f 123/340/1288 819/339/1288 818/341/1288
f 123/340/1288 818/341/1288 125/342/1288
f 125/342/1289 818/341/1289 816/343/1289
f 125/342/1289 816/343/1289 127/344/1289
f 127/1/40 816/1/40 817/1/40
f 127/1/40 817/1/40 129/1/40
f 129/1/1290 817/1/1290 815/1/1290
f 129/1/1290 815/1/1290 112/1/1290
f 112/1/1287 815/1/1287 807/1/1287
f 112/1/1291 807/1/1291 110/1/1291
f 110/1/1292 807/1/1292 808/1/1292
f 110/1/1282 808/1/1282 809/1/1282
f 180/1/766 861/1/766 862/1/766
f 180/1/766 862/1/766 93/1/766
f 93/1/766 862/1/766 863/1/766
f 93/1/766 863/1/766 94/1/766
f 180/1/766 179/1/766 827/1/766
f 138/1/766 844/1/766 178/1/766
f 178/1/766 844/1/766 850/1/766
f 178/1/766 850/1/766 177/1/766
f 177/1/766 850/1/766 851/1/766
f 177/1/766 851/1/766 176/1/766
f 176/1/766 851/1/766 852/1/766
f 176/1/766 852/1/766 174/1/766
f 174/1/766 852/1/766 853/1/766
f 174/1/766 853/1/766 172/1/766
f 172/1/766 853/1/766 856/1/766
f 172/1/766 856/1/766 171/1/766
f 171/1/766 856/1/766 858/1/766
f 171/1/766 858/1/766 170/1/766
f 170/1/766 858/1/766 860/1/766
f 170/1/766 860/1/766 843/1/766
f 843/1/766 860/1/766 864/1/766
f 843/1/766 864/1/766 842/1/766
f 842/1/766 864/1/766 865/1/766
f 842/1/766 865/1/766 841/1/766
f 841/1/766 865/1/766 866/1/766
f 841/1/766 866/1/766 840/1/766
f 840/1/766 866/1/766 867/1/766
f 840/1/766 867/1/766 839/1/766
f 839/1/766 867/1/766 868/1/766
f 839/1/766 868/1/766 838/1/766
f 838/1/766 868/1/766 869/1/766
f 180/1/766 827/1/766 861/1/766
f 861/1/766 827/1/766 826/1/766
f 861/1/766 826/1/766 870/1/766
f 870/1/766 826/1/766 828/1/766
f 870/1/766 828/1/766 871/1/766
f 871/1/766 828/1/766 829/1/766
f 871/1/766 829/1/766 872/1/766
f 829/1/766 830/1/766 872/1/766
f 872/1/766 830/1/766 831/1/766
f 872/1/766 831/1/766 873/1/766
f 873/1/766 831/1/766 832/1/766
f 873/1/766 832/1/766 874/1/766
f 874/1/766 832/1/766 833/1/766
f 874/1/766 833/1/766 875/1/766
f 875/1/766 833/1/766 834/1/766
f 875/1/766 834/1/766 876/1/766
f 876/1/766 834/1/766 835/1/766
f 876/1/766 835/1/766 877/1/766
f 877/1/766 835/1/766 836/1/766
f 877/1/766 836/1/766 869/1/766
f 869/1/766 836/1/766 837/1/766
f 869/1/766 837/1/766 838/1/766
f 115/1/108 114/1/108 854/1/108
f 854/1/108 114/1/108 175/1/108
f 854/1/108 175/1/108 855/1/108
f 855/1/108 175/1/108 173/1/108
f 855/1/108 173/1/108 857/1/108
f 857/1/108 173/1/108 135/1/108
f 857/1/108 135/1/108 859/1/108
f 859/1/108 135/1/108 2/1/108
f 859/1/108 2/1/108 878/1/108
f 878/1/108 2/1/108 1/1/108
f 878/1/108 1/1/108 879/1/108
f 879/1/108 1/1/108 63/1/108
f 879/1/108 63/1/108 880/1/108
f 880/1/108 63/1/108 54/1/108
f 880/1/108 54/1/108 881/1/108
f 881/1/108 54/1/108 56/1/108
f 87/1/1293 97/1/1293 862/1/1293
f 862/1/1294 97/1/1294 96/1/1294
f 862/1/1295 96/1/1295 863/1/1295
f 863/1/1296 96/1/1296 94/1/1296
f 71/1/1297 72/1/1297 882/1/1297
f 882/1/1298 72/1/1298 73/1/1298
f 882/1/1299 73/1/1299 74/1/1299
f 75/1/1300 76/1/1300 861/1/1300
f 861/1/1301 76/1/1301 77/1/1301
f 861/1/1302 77/1/1302 79/1/1302
f 79/1/1303 81/1/1303 861/1/1303
f 861/1/1304 81/1/1304 83/1/1304
f 861/1/1305 83/1/1305 862/1/1305
f 862/1/1306 83/1/1306 85/1/1306
f 862/1/1307 85/1/1307 87/1/1307
f 883/1/1308 66/1/1308 67/1/1308
f 67/1/1309 68/1/1309 883/1/1309
f 883/1/1310 68/1/1310 69/1/1310
f 883/1/1311 69/1/1311 882/1/1311
f 882/1/1312 69/1/1312 70/1/1312
f 882/1/1313 70/1/1313 71/1/1313
f 864/1/1314 860/1/1314 859/1/1314
f 859/1/1314 878/1/1314 864/1/1314
f 864/1/1315 878/1/1315 879/1/1315
f 864/1/1315 879/1/1315 865/1/1315
f 865/1/1316 879/1/1316 880/1/1316
f 865/1/1316 880/1/1316 866/1/1316
f 866/1/1317 880/1/1317 881/1/1317
f 866/1/1318 881/1/1318 867/1/1318
f 881/1/1319 884/1/1319 867/1/1319
f 867/1/1320 884/1/1320 885/1/1320
f 867/1/1320 885/1/1320 868/1/1320
f 868/1/1321 885/1/1321 886/1/1321
f 868/1/1321 886/1/1321 869/1/1321
f 869/1/1322 886/1/1322 887/1/1322
f 869/1/1322 887/1/1322 877/1/1322
f 877/1/1323 887/1/1323 888/1/1323
f 877/1/1323 888/1/1323 876/1/1323
f 876/1/1324 888/1/1324 889/1/1324
f 876/1/1324 889/1/1324 875/1/1324
f 875/1/1325 889/1/1325 890/1/1325
f 875/1/1325 890/1/1325 874/1/1325
f 874/1/1326 890/1/1326 891/1/1326
f 874/1/1326 891/1/1326 873/1/1326
f 873/1/1327 891/1/1327 892/1/1327
f 873/1/1327 892/1/1327 872/1/1327
f 872/1/1328 892/1/1328 893/1/1328
f 872/1/1328 893/1/1328 871/1/1328
f 871/1/1329 893/1/1329 894/1/1329
f 871/1/1329 894/1/1329 870/1/1329
f 870/1/1330 894/1/1330 882/1/1330
f 870/1/1330 882/1/1330 861/1/1330
f 861/1/1331 882/1/1331 74/1/1331
f 861/1/1332 74/1/1332 75/1/1332
f 9/1/108 66/1/108 10/1/108
f 10/1/108 66/1/108 12/1/108
f 881/1/108 56/1/108 884/1/108
f 884/1/108 56/1/108 58/1/108
f 884/1/108 58/1/108 885/1/108
f 885/1/108 58/1/108 51/1/108
f 885/1/108 51/1/108 886/1/108
f 886/1/108 51/1/108 48/1/108
f 886/1/108 48/1/108 887/1/108
f 887/1/108 48/1/108 45/1/108
f 887/1/108 45/1/108 888/1/108
f 888/1/108 45/1/108 42/1/108
f 888/1/108 42/1/108 889/1/108
f 889/1/108 42/1/108 39/1/108
f 889/1/108 39/1/108 890/1/108
f 890/1/108 39/1/108 36/1/108
f 890/1/108 36/1/108 891/1/108
f 891/1/108 36/1/108 33/1/108
f 891/1/108 33/1/108 892/1/108
f 892/1/108 33/1/108 30/1/108
f 892/1/108 30/1/108 893/1/108
f 893/1/108 30/1/108 27/1/108
f 893/1/108 27/1/108 894/1/108
f 894/1/108 27/1/108 26/1/108
f 894/1/108 26/1/108 882/1/108
f 882/1/108 26/1/108 21/1/108
f 882/1/108 21/1/108 883/1/108
f 883/1/108 21/1/108 6/1/108
f 883/1/108 6/1/108 66/1/108
f 66/1/108 6/1/108 13/1/108
f 66/1/108 13/1/108 12/1/108
