# Blender 4.4.3
# www.blender.org
mtllib right_arm_link6.mtl
o left_arm_link6
v -0.024346 -0.011833 -0.000062
v -0.024000 -0.011833 -0.000000
v -0.024000 0.011833 -0.000000
v -0.024346 0.011833 -0.000062
v -0.024707 0.011833 -0.000293
v -0.024707 -0.011833 -0.000293
v -0.024938 0.011833 -0.000654
v -0.024938 -0.011833 -0.000654
v -0.025000 0.011833 -0.001000
v -0.025000 -0.011833 -0.001000
v -0.024700 0.014898 -0.000682
v -0.024864 0.014825 -0.000880
v -0.024801 0.013833 -0.000523
v -0.024600 0.015557 -0.000886
v -0.024619 0.015876 -0.001085
v -0.024777 0.015797 -0.001220
v -0.024737 0.012817 -0.000339
v -0.025000 0.012543 -0.001006
v -0.025000 0.012780 -0.001014
v -0.024952 0.013784 -0.000810
v -0.025000 0.013252 -0.001048
v -0.025000 0.012306 -0.001002
v -0.025000 0.012070 -0.001000
v -0.024900 0.015699 -0.001386
v -0.025000 0.015477 -0.001762
v -0.025000 0.015273 -0.001643
v -0.024967 0.014739 -0.001112
v -0.024430 0.012827 -0.000112
v -0.024087 0.012832 -0.000019
v -0.024564 0.013871 -0.000299
v -0.024280 0.013881 -0.000164
v -0.024494 0.014952 -0.000537
v -0.025000 0.015065 -0.001532
v -0.025000 0.014411 -0.001271
v -0.025000 0.013721 -0.001111
v -0.024619 0.017500 -0.002112
v -0.024861 0.016777 -0.001966
v -0.024988 0.016585 -0.002263
v -0.024989 0.017500 -0.002878
v -0.025000 0.017500 -0.003065
v -0.025000 0.016501 -0.002394
v -0.024850 0.017500 -0.002425
v -0.026945 0.017500 -0.004542
v -0.029000 0.017500 -0.017001
v -0.025000 0.017500 -0.017001
v -0.029000 0.017500 -0.009135
v -0.025000 0.017500 -0.007440
v -0.028934 0.017500 -0.007982
v -0.025000 0.017500 -0.006649
v -0.027953 0.017500 -0.005753
v -0.028607 0.017500 -0.006811
v -0.028677 0.017500 -0.006986
v -0.013000 0.017500 -0.006649
v -0.013000 0.017500 -0.005876
v -0.025000 0.017500 -0.005876
v -0.025000 0.016769 -0.006839
v -0.013000 0.016769 -0.006839
v -0.013000 0.017642 -0.007562
v -0.025000 0.017642 -0.007562
v -0.025000 0.017642 -0.048439
v -0.013000 0.017642 -0.048439
v -0.025000 0.017500 -0.048561
v -0.013000 0.016769 -0.049162
v -0.025000 0.016769 -0.049162
v -0.013000 0.017148 -0.049363
v -0.025000 0.017148 -0.049363
v -0.013000 0.017408 -0.049706
v -0.025000 0.017408 -0.049706
v -0.013000 0.017500 -0.050125
v -0.025000 0.017500 -0.050125
v -0.013000 -0.021593 -0.011790
v -0.013000 -0.022698 -0.012001
v -0.025000 -0.021593 -0.011790
v -0.025000 -0.022698 -0.012001
v -0.013000 -0.022698 -0.044001
v -0.013000 -0.021593 -0.044211
v -0.025000 -0.022698 -0.044001
v -0.025000 -0.021593 -0.044212
v -0.025000 -0.017500 -0.006648
v -0.025000 -0.017500 -0.005875
v -0.013000 -0.017500 -0.006648
v -0.013000 -0.017500 -0.005875
v -0.013000 -0.016769 -0.006838
v -0.025000 -0.016769 -0.006839
v -0.013000 -0.017642 -0.007561
v -0.025000 -0.017642 -0.007561
v -0.013000 -0.017148 -0.006637
v -0.025000 -0.017148 -0.006637
v -0.013000 -0.017408 -0.006295
v -0.025000 -0.017408 -0.006295
v -0.013000 -0.017642 -0.048440
v -0.013000 -0.017500 -0.049353
v -0.025000 -0.017642 -0.048440
v -0.025000 -0.017500 -0.049353
v -0.025000 -0.017500 -0.050126
v -0.013000 -0.017500 -0.050126
v -0.013000 -0.017408 -0.049706
v -0.025000 -0.017408 -0.049706
v -0.013000 -0.017148 -0.049364
v -0.025000 -0.017148 -0.049364
v -0.013000 -0.016769 -0.049163
v -0.025000 -0.016769 -0.049163
v -0.013000 0.017500 -0.049352
v -0.025000 0.017500 -0.049352
v -0.013000 -0.022453 -0.045264
v -0.013000 -0.022724 -0.045448
v -0.013000 -0.022189 -0.045501
v -0.013000 -0.022764 -0.045463
v -0.013000 -0.023000 -0.045501
v -0.013000 -0.022444 -0.044247
v -0.013000 -0.022724 -0.044053
v -0.013000 -0.022751 -0.044043
v -0.013000 -0.023000 -0.044001
v -0.013000 -0.022303 -0.045027
v -0.013000 -0.020205 -0.045911
v -0.013000 -0.022275 -0.044942
v -0.013000 -0.022303 -0.044474
v -0.013000 -0.022271 -0.044573
v -0.013000 -0.022250 -0.044751
v 0.024000 -0.022188 -0.045500
v 0.024000 -0.020205 -0.045910
v -0.015000 -0.023478 -0.052880
v -0.015000 -0.025200 -0.051954
v -0.015000 -0.023952 -0.050588
v -0.015000 -0.025425 -0.051730
v -0.015000 -0.024530 -0.049711
v -0.015000 -0.026277 -0.050322
v -0.015000 -0.024651 -0.049001
v -0.015000 -0.026501 -0.049001
v -0.015000 -0.024530 -0.048291
v -0.015000 -0.026254 -0.047617
v -0.015000 -0.023952 -0.047414
v -0.015000 -0.025258 -0.046103
v -0.015000 -0.023026 -0.046916
v -0.015000 -0.023696 -0.045184
v -0.015000 -0.021976 -0.046916
v -0.015000 -0.021888 -0.045048
v -0.015000 -0.021050 -0.047414
v -0.015000 -0.020558 -0.045504
v -0.015000 -0.020472 -0.048291
v -0.015000 -0.018879 -0.047304
v -0.015000 -0.020351 -0.049001
v -0.015000 -0.018501 -0.049001
v -0.015000 -0.020472 -0.049711
v -0.015000 -0.018725 -0.050322
v -0.015000 -0.021050 -0.050588
v -0.015000 -0.019802 -0.051954
v -0.015000 -0.021976 -0.051086
v -0.015000 -0.021524 -0.052880
v -0.015000 -0.023026 -0.051086
v -0.013000 -0.021976 -0.046916
v -0.013000 -0.020351 -0.049001
v -0.013000 -0.024530 -0.048291
v -0.013000 -0.024651 -0.049001
v -0.013000 -0.020472 -0.048291
v -0.013000 -0.020502 -0.048210
v -0.013000 -0.020981 -0.047481
v -0.013000 -0.021050 -0.047414
v -0.013000 -0.021709 -0.047002
v -0.013000 -0.023026 -0.046916
v -0.013000 -0.023293 -0.047002
v -0.013000 -0.023952 -0.047414
v -0.013000 -0.024021 -0.047481
v -0.013000 -0.024500 -0.048210
v -0.013000 -0.024530 -0.049711
v -0.013000 -0.024500 -0.049793
v -0.013000 -0.024021 -0.050521
v -0.013000 -0.023952 -0.050588
v -0.013000 -0.023292 -0.051000
v -0.013000 -0.023026 -0.051086
v -0.013000 -0.021050 -0.050588
v -0.013000 -0.021709 -0.051000
v -0.013000 -0.021976 -0.051086
v -0.013000 -0.020472 -0.049711
v -0.013000 -0.020502 -0.049793
v -0.013000 -0.020981 -0.050521
v -0.013000 -0.022996 -0.050965
v -0.013000 -0.022006 -0.050965
v -0.013000 -0.022006 -0.047037
v -0.013000 -0.021135 -0.047506
v -0.013000 -0.022996 -0.047037
v -0.013000 -0.020590 -0.048332
v -0.013000 -0.020476 -0.049001
v -0.013000 -0.020590 -0.049670
v -0.013000 -0.023867 -0.050496
v -0.013000 -0.021135 -0.050496
v -0.013000 -0.023867 -0.047506
v -0.013000 -0.024412 -0.048332
v -0.013000 -0.024412 -0.049670
v -0.013000 -0.024526 -0.049001
v -0.012625 -0.020851 -0.049001
v -0.012625 -0.020944 -0.049546
v -0.012625 -0.021388 -0.050219
v -0.012625 -0.022098 -0.050601
v -0.012625 -0.022904 -0.050601
v -0.012625 -0.023614 -0.050219
v -0.012625 -0.024058 -0.049546
v -0.012625 -0.024151 -0.049001
v -0.012625 -0.024058 -0.048456
v -0.012625 -0.020944 -0.048456
v -0.012625 -0.021072 -0.048176
v -0.012625 -0.021388 -0.047783
v -0.012625 -0.021676 -0.047572
v -0.012625 -0.022098 -0.047401
v -0.012625 -0.022501 -0.047351
v -0.012625 -0.022904 -0.047401
v -0.012625 -0.023326 -0.047572
v -0.012625 -0.023614 -0.047783
v -0.012625 -0.023930 -0.048176
v -0.000900 -0.020851 -0.049001
v -0.000900 -0.020944 -0.049546
v -0.000900 -0.021388 -0.050219
v -0.000900 -0.022098 -0.050601
v -0.000900 -0.022904 -0.050601
v -0.000900 -0.023614 -0.050219
v -0.000900 -0.024058 -0.049546
v -0.000900 -0.024151 -0.049001
v -0.000900 -0.023930 -0.048176
v -0.000900 -0.023326 -0.047572
v -0.000900 -0.022501 -0.047351
v -0.000900 -0.021676 -0.047572
v -0.000900 -0.021072 -0.048176
v 0.000092 -0.022501 -0.049001
v -0.015000 -0.026501 -0.007000
v -0.015000 -0.026277 -0.005679
v -0.015000 -0.024530 -0.006290
v -0.015000 -0.025425 -0.004271
v -0.015000 -0.023952 -0.005413
v -0.015000 -0.025200 -0.004048
v -0.015000 -0.023026 -0.004915
v -0.015000 -0.023478 -0.003121
v -0.015000 -0.021976 -0.004915
v -0.015000 -0.021524 -0.003121
v -0.015000 -0.021051 -0.005413
v -0.015000 -0.019802 -0.004048
v -0.015000 -0.020472 -0.006290
v -0.015000 -0.018726 -0.005679
v -0.015000 -0.020351 -0.007000
v -0.015000 -0.018501 -0.007000
v -0.015000 -0.020472 -0.007710
v -0.015000 -0.018879 -0.008697
v -0.015000 -0.021051 -0.008587
v -0.015000 -0.020558 -0.010497
v -0.015000 -0.021976 -0.009085
v -0.015000 -0.021888 -0.010953
v -0.015000 -0.023026 -0.009085
v -0.015000 -0.023696 -0.010818
v -0.015000 -0.023952 -0.008587
v -0.015000 -0.025258 -0.009898
v -0.015000 -0.024530 -0.007710
v -0.015000 -0.026254 -0.008384
v -0.015000 -0.024651 -0.007000
v -0.013000 -0.021976 -0.004915
v -0.013000 -0.020351 -0.007000
v -0.013000 -0.024530 -0.006290
v -0.013000 -0.024651 -0.007000
v -0.013000 -0.020472 -0.006290
v -0.013000 -0.020502 -0.006209
v -0.013000 -0.020981 -0.005480
v -0.013000 -0.021051 -0.005413
v -0.013000 -0.021710 -0.005001
v -0.013000 -0.023026 -0.004915
v -0.013000 -0.023293 -0.005001
v -0.013000 -0.023952 -0.005413
v -0.013000 -0.024021 -0.005480
v -0.013000 -0.024500 -0.006209
v -0.013000 -0.024530 -0.007710
v -0.013000 -0.024500 -0.007792
v -0.013000 -0.024021 -0.008520
v -0.013000 -0.023952 -0.008587
v -0.013000 -0.023293 -0.008999
v -0.013000 -0.023026 -0.009085
v -0.013000 -0.021051 -0.008587
v -0.013000 -0.021710 -0.008999
v -0.013000 -0.021976 -0.009085
v -0.013000 -0.020472 -0.007710
v -0.013000 -0.020502 -0.007792
v -0.013000 -0.020981 -0.008520
v -0.013000 -0.022996 -0.005036
v -0.013000 -0.022006 -0.005036
v -0.013000 -0.022996 -0.008964
v -0.013000 -0.022006 -0.008964
v -0.013000 -0.020590 -0.007669
v -0.013000 -0.020476 -0.007000
v -0.013000 -0.020590 -0.006331
v -0.013000 -0.021135 -0.005505
v -0.013000 -0.021135 -0.008495
v -0.013000 -0.023867 -0.005505
v -0.013000 -0.024412 -0.006331
v -0.013000 -0.024412 -0.007669
v -0.013000 -0.024526 -0.007000
v -0.013000 -0.023867 -0.008495
v -0.012625 -0.020851 -0.007000
v -0.012625 -0.020944 -0.007545
v -0.012625 -0.021388 -0.008218
v -0.012625 -0.022098 -0.008600
v -0.012625 -0.022904 -0.008600
v -0.012625 -0.023614 -0.008218
v -0.012625 -0.024058 -0.007545
v -0.012625 -0.024151 -0.007000
v -0.012625 -0.024058 -0.006455
v -0.012625 -0.020944 -0.006455
v -0.012625 -0.021072 -0.006175
v -0.012625 -0.021388 -0.005782
v -0.012625 -0.021676 -0.005571
v -0.012625 -0.022098 -0.005400
v -0.012625 -0.022501 -0.005350
v -0.012625 -0.022904 -0.005400
v -0.012625 -0.023326 -0.005571
v -0.012625 -0.023614 -0.005782
v -0.012625 -0.023930 -0.006175
v -0.000900 -0.020851 -0.007000
v -0.000900 -0.020944 -0.007545
v -0.000900 -0.021388 -0.008218
v -0.000900 -0.022098 -0.008600
v -0.000900 -0.022904 -0.008600
v -0.000900 -0.023614 -0.008218
v -0.000900 -0.024058 -0.007545
v -0.000900 -0.024151 -0.007000
v -0.000900 -0.023930 -0.006175
v -0.000900 -0.023326 -0.005571
v -0.000900 -0.022501 -0.005350
v -0.000900 -0.021676 -0.005571
v -0.000900 -0.021072 -0.006175
v 0.000091 -0.022501 -0.007000
v -0.012000 -0.026800 -0.015501
v -0.012300 -0.026500 -0.015501
v -0.012000 -0.026533 -0.014102
v -0.012300 -0.026234 -0.014161
v -0.012000 -0.026511 -0.014046
v -0.012000 -0.025687 -0.012814
v -0.012300 -0.025475 -0.013026
v -0.012000 -0.024454 -0.011990
v -0.012300 -0.024339 -0.012267
v -0.012000 -0.024399 -0.011967
v -0.012300 -0.023000 -0.012001
v -0.012000 -0.023000 -0.011701
v -0.012300 -0.022625 -0.011900
v -0.012000 -0.022775 -0.011640
v -0.012300 -0.022414 -0.011718
v -0.012000 -0.022610 -0.011476
v -0.012300 -0.022250 -0.011251
v -0.012000 -0.022550 -0.011251
v -0.012300 -0.022269 -0.011417
v -0.012300 -0.022350 -0.011626
v -0.012000 -0.026800 -0.024714
v -0.012134 -0.026666 -0.023765
v -0.012300 -0.026500 -0.022825
v -0.012000 -0.022844 -0.045173
v -0.012000 -0.022682 -0.045069
v -0.012000 -0.023000 -0.045201
v -0.012000 -0.022578 -0.044906
v -0.012000 -0.022550 -0.044751
v -0.012000 -0.022578 -0.044595
v -0.012000 -0.022682 -0.044432
v -0.012000 -0.022584 -0.011078
v -0.012000 -0.022682 -0.010932
v -0.012000 -0.022844 -0.044328
v -0.012000 -0.023000 -0.044301
v -0.012000 -0.024627 -0.044910
v -0.012000 -0.024315 -0.044066
v -0.012000 -0.024730 -0.044871
v -0.012000 -0.024399 -0.044034
v -0.012000 -0.026323 -0.043824
v -0.012000 -0.025687 -0.043188
v -0.012000 -0.026934 -0.043072
v -0.012000 -0.026533 -0.041899
v -0.012000 -0.027370 -0.042231
v -0.012000 -0.022828 -0.010835
v -0.012000 -0.023000 -0.010801
v -0.012000 -0.024627 -0.011091
v -0.012000 -0.027409 -0.042127
v -0.012000 -0.026565 -0.041816
v -0.012000 -0.027700 -0.040501
v -0.012000 -0.026800 -0.040501
v -0.012000 -0.026800 -0.031287
v -0.012000 -0.026826 -0.024930
v -0.012000 -0.027700 -0.015501
v -0.012000 -0.027001 -0.028001
v -0.012000 -0.026826 -0.031071
v -0.012000 -0.024730 -0.011131
v -0.012000 -0.025572 -0.011567
v -0.012000 -0.026323 -0.012177
v -0.012000 -0.027370 -0.013770
v -0.012000 -0.027409 -0.013874
v -0.012300 -0.026500 -0.040501
v -0.012300 -0.026500 -0.033176
v -0.012134 -0.026666 -0.032236
v 0.024000 -0.028000 -0.015500
v -0.012300 -0.028000 -0.015501
v -0.012300 -0.027691 -0.013770
v 0.024000 -0.027619 -0.013587
v -0.012300 -0.026536 -0.011965
v 0.024000 -0.026536 -0.011965
v -0.012300 -0.024731 -0.010810
v 0.024000 -0.024913 -0.010881
v -0.012300 -0.023000 -0.010501
v 0.024000 -0.023000 -0.010500
v 0.024000 -0.028000 -0.040500
v -0.012300 -0.028000 -0.040501
v 0.028821 -0.008359 -0.002326
v 0.028451 -0.008585 -0.001630
v 0.028821 -0.011304 -0.003480
v 0.028451 -0.012603 -0.003297
v 0.028821 -0.012270 -0.003949
v 0.028451 -0.016311 -0.005571
v 0.028821 -0.018878 -0.008697
v 0.028821 -0.016297 -0.006473
v 0.028821 -0.015880 -0.006164
v 0.027953 -0.016648 -0.005108
v 0.027953 -0.017109 -0.005451
v 0.028605 -0.019220 -0.008353
v 0.028000 -0.019767 -0.007806
v 0.027953 -0.020022 -0.007993
v 0.028000 -0.019989 -0.008026
v 0.027953 -0.021807 -0.009955
v 0.028000 -0.022867 -0.011397
v 0.027953 -0.022905 -0.011370
v 0.028000 -0.023370 -0.012113
v 0.027953 -0.023737 -0.012581
v 0.028000 -0.025181 -0.015177
v 0.027953 -0.025223 -0.015156
v 0.027953 -0.025352 -0.015413
v 0.028000 -0.026049 -0.017047
v 0.027953 -0.026922 -0.019258
v 0.028000 -0.026877 -0.019272
v 0.027953 -0.027557 -0.021536
v 0.028000 -0.027701 -0.022414
v 0.027953 -0.027957 -0.023575
v 0.028000 -0.027911 -0.023582
v 0.027953 -0.028118 -0.024747
v 0.028000 -0.028259 -0.028001
v 0.027953 -0.028306 -0.028001
v 0.027953 -0.028118 -0.031255
v 0.028000 -0.027911 -0.032419
v 0.027953 -0.027957 -0.032427
v 0.028000 -0.027701 -0.033588
v 0.027953 -0.027557 -0.034466
v 0.028000 -0.026877 -0.036730
v 0.027953 -0.026922 -0.036744
v 0.027953 -0.026632 -0.037592
v 0.028000 -0.026050 -0.038954
v 0.027953 -0.025223 -0.040846
v 0.028000 -0.025181 -0.040825
v 0.027953 -0.023737 -0.043421
v 0.028000 -0.023370 -0.043888
v 0.027953 -0.022905 -0.044632
v 0.028000 -0.022867 -0.044605
v 0.027953 -0.021807 -0.046048
v 0.028000 -0.019989 -0.047975
v 0.027953 -0.020022 -0.048009
v 0.028000 -0.019767 -0.048195
v 0.027953 -0.019587 -0.048435
v 0.028822 -0.018878 -0.047304
v 0.028365 -0.019479 -0.047908
v 0.028822 -0.016680 -0.049233
v 0.028451 -0.016311 -0.050431
v 0.028822 -0.016297 -0.049528
v 0.028822 -0.015880 -0.049838
v 0.028822 -0.011304 -0.052520
v 0.028451 -0.012603 -0.052705
v 0.028822 -0.009166 -0.053397
v 0.028451 -0.008585 -0.054372
v 0.028822 -0.008358 -0.053674
v 0.028822 -0.011722 -0.052323
v 0.028822 -0.012270 -0.052052
v 0.028822 -0.014285 -0.050913
v 0.027953 -0.012863 -0.002787
v 0.028337 -0.008633 -0.001483
v 0.027953 -0.011506 -0.002139
v 0.027953 -0.008763 -0.001086
v 0.027953 -0.014403 -0.003633
v 0.027953 -0.014402 -0.052369
v 0.027953 -0.016648 -0.050894
v 0.027953 -0.008762 -0.054916
v 0.027953 -0.011505 -0.053863
v 0.027953 -0.012863 -0.053215
v 0.028292 0.008650 -0.001430
v 0.028451 0.008586 -0.001629
v 0.028451 0.012603 -0.003296
v 0.028822 0.008359 -0.053674
v 0.028451 0.008586 -0.054372
v 0.028822 0.011304 -0.052520
v 0.028451 0.012603 -0.052705
v 0.028822 0.012270 -0.052051
v 0.028451 0.016312 -0.050430
v 0.028822 0.018878 -0.047304
v 0.028822 0.016296 -0.049528
v 0.028822 0.015880 -0.049837
v 0.027953 0.016648 -0.050893
v 0.027953 0.017109 -0.050551
v 0.028605 0.019220 -0.047648
v 0.028000 0.019767 -0.048195
v 0.027953 0.020022 -0.048008
v 0.028000 0.019989 -0.047975
v 0.027953 0.021807 -0.046047
v 0.028000 0.022867 -0.044604
v 0.027953 0.022905 -0.044631
v 0.027953 0.023737 -0.043420
v 0.028000 0.025182 -0.040824
v 0.027953 0.027557 -0.034465
v 0.028000 0.027911 -0.032419
v 0.028000 0.026878 -0.036729
v 0.027953 0.025223 -0.040845
v 0.027953 0.025352 -0.040589
v 0.027953 0.026922 -0.036743
v 0.027953 0.028118 -0.024746
v 0.028000 0.027911 -0.023582
v 0.028000 0.028259 -0.028000
v 0.027953 0.027957 -0.032426
v 0.027953 0.028118 -0.031254
v 0.027953 0.028306 -0.028000
v 0.027953 0.027957 -0.023574
v 0.027953 0.027557 -0.021535
v 0.028000 0.026878 -0.019271
v 0.027953 0.023737 -0.012580
v 0.028000 0.022867 -0.011396
v 0.028000 0.025182 -0.015176
v 0.027953 0.026922 -0.019257
v 0.027953 0.026632 -0.018410
v 0.027953 0.025223 -0.015155
v 0.027953 0.022905 -0.011369
v 0.027953 0.021807 -0.009954
v 0.028000 0.019989 -0.008026
v 0.027953 0.020022 -0.007993
v 0.028000 0.019767 -0.007806
v 0.027953 0.019587 -0.007567
v 0.028365 0.019479 -0.008093
v 0.028822 0.018877 -0.008697
v 0.028822 0.016296 -0.006472
v 0.028451 0.016311 -0.005570
v 0.028822 0.015880 -0.006164
v 0.028822 0.012270 -0.003949
v 0.028822 0.008358 -0.002327
v 0.028822 0.011303 -0.003480
v 0.027953 0.012863 -0.053214
v 0.028359 0.008625 -0.054492
v 0.027953 0.011506 -0.053862
v 0.027953 0.008763 -0.054915
v 0.027953 0.014403 -0.052368
v 0.027953 0.016648 -0.005107
v 0.027953 0.014403 -0.003633
v 0.027953 0.012863 -0.002786
v 0.027953 0.011506 -0.002139
v 0.027953 0.008763 -0.001085
v 0.016759 -0.028473 -0.005843
v 0.017427 -0.027551 -0.005201
v 0.014296 -0.028473 -0.004179
v 0.023349 -0.028473 -0.043058
v 0.024808 -0.027854 -0.041832
v 0.024819 -0.028473 -0.040487
v 0.020081 -0.021329 -0.054916
v 0.021237 -0.020331 -0.054800
v 0.021237 -0.023278 -0.052285
v 0.022667 -0.018557 -0.054916
v 0.024808 -0.015824 -0.054773
v 0.024808 -0.018797 -0.052777
v 0.024873 -0.015475 -0.054916
v 0.027015 -0.011328 -0.001086
v 0.024092 -0.016664 -0.001086
v 0.024807 -0.015824 -0.001229
v 0.025694 -0.014069 -0.001086
v 0.009804 -0.027604 -0.001086
v 0.006887 -0.028473 -0.001086
v 0.008923 -0.028473 -0.001690
v 0.012618 -0.026437 -0.001086
v 0.017427 -0.024747 -0.002185
v 0.015299 -0.024982 -0.001086
v 0.017435 -0.023540 -0.001086
v 0.017808 -0.023260 -0.001086
v 0.021237 -0.023278 -0.003717
v 0.020130 -0.021282 -0.001086
v 0.021237 -0.020332 -0.001202
v 0.022231 -0.019077 -0.001086
v 0.024807 -0.018797 -0.003225
v 0.024807 -0.021521 -0.005551
v 0.024807 -0.023959 -0.008174
v 0.024807 -0.026080 -0.011060
v 0.024807 -0.027854 -0.014170
v 0.024438 -0.028473 -0.014787
v 0.025706 -0.028473 -0.017462
v 0.026684 -0.028473 -0.020267
v 0.027357 -0.028473 -0.023162
v 0.027489 -0.028473 -0.032029
v 0.027762 -0.028473 -0.029069
v 0.027718 -0.028473 -0.026100
v 0.027585 -0.028473 -0.024697
v 0.024808 -0.026079 -0.044943
v 0.024808 -0.023959 -0.047829
v 0.024808 -0.021520 -0.050452
v 0.026663 -0.012134 -0.054916
v 0.019620 -0.028473 -0.047671
v 0.017413 -0.028473 -0.049649
v 0.017427 -0.027550 -0.050801
v 0.015006 -0.028473 -0.051383
v 0.017427 -0.024746 -0.053817
v 0.013949 -0.025760 -0.054916
v 0.017159 -0.023743 -0.054916
v 0.013438 -0.028473 -0.052318
v 0.012423 -0.028473 -0.052851
v 0.010506 -0.027345 -0.054916
v 0.009708 -0.028473 -0.054032
v 0.006888 -0.028473 -0.054916
v 0.026011 -0.028473 -0.037763
v 0.026904 -0.028473 -0.034932
v 0.022888 -0.028473 -0.012252
v 0.021075 -0.028473 -0.009898
v 0.021237 -0.025915 -0.006555
v 0.019029 -0.028473 -0.007759
v 0.021237 -0.028209 -0.009676
v 0.021237 -0.025915 -0.049448
v 0.021237 -0.028209 -0.046326
v 0.021610 -0.028473 -0.045462
v 0.011679 -0.028473 -0.002793
v 0.029500 -0.016297 -0.049528
v 0.029500 -0.011304 -0.052520
v 0.028502 0.019092 -0.047092
v 0.029500 0.020531 -0.045536
v 0.029500 0.016296 -0.049528
v 0.029500 0.011304 -0.052520
v 0.028795 0.004228 -0.054667
v 0.028817 0.005584 -0.054416
v 0.029500 0.005786 -0.054373
v 0.028756 0.002121 -0.054917
v 0.029500 -0.000000 -0.055001
v 0.028745 -0.000004 -0.055001
v 0.029500 -0.005787 -0.054373
v 0.028817 -0.005787 -0.054373
v 0.028807 -0.004978 -0.054538
v 0.028756 -0.002125 -0.054917
v 0.028821 -0.006316 -0.054252
v 0.029500 -0.020532 -0.045536
v 0.028502 -0.019092 -0.047092
v 0.029500 -0.026954 -0.029590
v 0.029500 -0.027001 -0.028000
v 0.028000 -0.027001 -0.028000
v 0.028000 0.026953 -0.029590
v 0.028000 0.027000 -0.028000
v 0.029500 0.027000 -0.028000
v 0.028000 -0.026954 -0.029590
v 0.028000 -0.025987 -0.035329
v 0.029500 -0.025987 -0.035329
v 0.028000 -0.023812 -0.040728
v 0.029500 -0.023812 -0.040728
v 0.028000 -0.020532 -0.045536
v 0.028000 -0.019092 -0.047092
v 0.029500 0.026953 -0.029590
v 0.029500 0.025986 -0.035329
v 0.028000 0.025986 -0.035329
v 0.029500 0.023812 -0.040728
v 0.028000 0.023812 -0.040728
v 0.028000 0.020531 -0.045536
v 0.028000 0.019092 -0.047092
v 0.028000 -0.020532 -0.010465
v 0.028000 -0.019092 -0.008908
v 0.028000 -0.019673 -0.008328
v 0.028000 -0.019674 -0.047674
v 0.028000 -0.025987 -0.020671
v 0.028000 -0.023813 -0.015273
v 0.028000 -0.026954 -0.026411
v 0.023349 0.028473 -0.012944
v 0.024807 0.027855 -0.014169
v 0.024818 0.028473 -0.015515
v 0.020015 0.021391 -0.001085
v 0.021237 0.020332 -0.001201
v 0.021237 0.023278 -0.003716
v 0.022623 0.018610 -0.001085
v 0.024807 0.015824 -0.001228
v 0.024807 0.018797 -0.003224
v 0.024849 0.015514 -0.001085
v 0.027015 0.011328 -0.054915
v 0.024093 0.016664 -0.054915
v 0.024807 0.015824 -0.054773
v 0.025694 0.014069 -0.054915
v 0.009804 0.027605 -0.054916
v 0.006888 0.028473 -0.054915
v 0.008923 0.028473 -0.054311
v 0.012618 0.026437 -0.054916
v 0.017427 0.024747 -0.053816
v 0.015299 0.024982 -0.054916
v 0.017435 0.023541 -0.054916
v 0.017808 0.023260 -0.054916
v 0.021237 0.023278 -0.052284
v 0.020131 0.021282 -0.054915
v 0.021237 0.020332 -0.054799
v 0.022231 0.019077 -0.054915
v 0.024807 0.018797 -0.052776
v 0.024807 0.021521 -0.050451
v 0.024807 0.023959 -0.047828
v 0.024807 0.026080 -0.044942
v 0.022888 0.028473 -0.043749
v 0.024807 0.027855 -0.041831
v 0.024438 0.028473 -0.041214
v 0.025706 0.028473 -0.038539
v 0.026684 0.028473 -0.035734
v 0.027357 0.028473 -0.032839
v 0.027488 0.028473 -0.023972
v 0.027762 0.028473 -0.026932
v 0.027585 0.028473 -0.031305
v 0.027717 0.028473 -0.029901
v 0.027783 0.028473 -0.028001
v 0.024807 0.026080 -0.011059
v 0.024807 0.023959 -0.008173
v 0.024807 0.021521 -0.005550
v 0.026653 0.012155 -0.001085
v 0.019619 0.028473 -0.008330
v 0.017413 0.028473 -0.006352
v 0.017427 0.027551 -0.005200
v 0.015006 0.028473 -0.004619
v 0.017427 0.024747 -0.002184
v 0.013830 0.025824 -0.001085
v 0.017066 0.023809 -0.001085
v 0.013437 0.028473 -0.003683
v 0.012422 0.028473 -0.003150
v 0.010358 0.027401 -0.001085
v 0.009707 0.028473 -0.001969
v 0.006887 0.028473 -0.001085
v 0.026011 0.028473 -0.018238
v 0.026904 0.028473 -0.021069
v 0.021075 0.028473 -0.046103
v 0.021237 0.028209 -0.046325
v 0.019029 0.028473 -0.048242
v 0.021237 0.025916 -0.049447
v 0.016759 0.028473 -0.050159
v 0.017427 0.027551 -0.050800
v 0.014296 0.028473 -0.051823
v 0.021237 0.025916 -0.006554
v 0.021237 0.028209 -0.009675
v 0.021610 0.028473 -0.010539
v 0.011680 0.028473 -0.053208
v 0.006739 -0.028973 -0.054336
v 0.006865 -0.028563 -0.054826
v 0.009028 -0.028563 -0.054177
v 0.006752 -0.028937 -0.001614
v 0.006595 -0.029272 -0.002227
v 0.010440 -0.029268 -0.003522
v 0.006245 -0.029500 -0.052404
v 0.006598 -0.029268 -0.053783
v 0.008677 -0.029268 -0.053159
v 0.008213 -0.029500 -0.051814
v 0.010698 -0.029268 -0.052368
v 0.010126 -0.029500 -0.051065
v 0.022551 -0.029268 -0.042131
v 0.020186 -0.029500 -0.043069
v 0.021326 -0.029268 -0.043921
v 0.019800 -0.029500 -0.043573
v 0.020919 -0.029268 -0.044453
v 0.018461 -0.029500 -0.045138
v 0.019504 -0.029268 -0.046107
v 0.017959 -0.029268 -0.047640
v 0.025895 -0.029268 -0.034139
v 0.023954 -0.029500 -0.035793
v 0.025308 -0.029268 -0.036233
v 0.023236 -0.029500 -0.037726
v 0.024550 -0.029268 -0.038275
v 0.022363 -0.029500 -0.039593
v 0.023627 -0.029268 -0.040248
v 0.022164 -0.029500 -0.039969
v 0.021345 -0.029500 -0.041376
v 0.026257 -0.029268 -0.023668
v 0.025105 -0.029500 -0.025943
v 0.026524 -0.029268 -0.025827
v 0.025190 -0.029500 -0.028001
v 0.026613 -0.029268 -0.028001
v 0.024902 -0.029500 -0.031790
v 0.026309 -0.029268 -0.032004
v 0.024846 -0.029500 -0.032139
v 0.024510 -0.029500 -0.033811
v 0.024435 -0.029500 -0.021882
v 0.024846 -0.029500 -0.023863
v 0.024853 -0.029500 -0.023900
v 0.023471 -0.029268 -0.015458
v 0.023112 -0.029500 -0.017984
v 0.024418 -0.029268 -0.017418
v 0.023853 -0.029500 -0.019906
v 0.025201 -0.029268 -0.019449
v 0.025815 -0.029268 -0.021537
v 0.021171 -0.029500 -0.014353
v 0.022164 -0.029500 -0.016033
v 0.022215 -0.029500 -0.016129
v 0.022368 -0.029268 -0.013582
v 0.021115 -0.029268 -0.011802
v 0.019986 -0.029500 -0.012669
v 0.020737 -0.029268 -0.011321
v 0.019628 -0.029500 -0.012214
v 0.019310 -0.029268 -0.009689
v 0.018277 -0.029500 -0.010668
v 0.017089 -0.029500 -0.009496
v 0.017755 -0.029268 -0.008178
v 0.016805 -0.029500 -0.009238
v 0.016074 -0.029268 -0.006792
v 0.015215 -0.029500 -0.007926
v 0.014286 -0.029268 -0.005548
v 0.013522 -0.029500 -0.006749
v 0.012404 -0.029268 -0.004456
v 0.011741 -0.029500 -0.005716
v 0.010168 -0.029500 -0.004956
v 0.009881 -0.029500 -0.004832
v 0.006245 -0.029500 -0.003598
v 0.006864 -0.028563 -0.001176
v 0.010862 -0.028563 -0.002532
v 0.012906 -0.028563 -0.003504
v 0.014864 -0.028563 -0.004639
v 0.016725 -0.028563 -0.005934
v 0.018473 -0.028563 -0.007376
v 0.020091 -0.028563 -0.008948
v 0.021576 -0.028563 -0.010646
v 0.021970 -0.028563 -0.011147
v 0.023273 -0.028563 -0.012998
v 0.024420 -0.028563 -0.014950
v 0.025406 -0.028563 -0.016990
v 0.026221 -0.028563 -0.019103
v 0.026860 -0.028563 -0.021275
v 0.027319 -0.028563 -0.023492
v 0.027597 -0.028563 -0.025739
v 0.027690 -0.028563 -0.028001
v 0.027374 -0.028563 -0.032166
v 0.026943 -0.028563 -0.034387
v 0.026332 -0.028563 -0.036566
v 0.025543 -0.028563 -0.038691
v 0.024582 -0.028563 -0.040744
v 0.023464 -0.028563 -0.042703
v 0.022189 -0.028563 -0.044565
v 0.011131 -0.028563 -0.053354
v 0.013163 -0.028563 -0.052361
v 0.015108 -0.028563 -0.051206
v 0.016953 -0.028563 -0.049893
v 0.018686 -0.028563 -0.048434
v 0.020293 -0.028563 -0.046839
v 0.021765 -0.028563 -0.045118
v 0.012651 -0.029268 -0.051414
v 0.014520 -0.029268 -0.050304
v 0.016294 -0.029268 -0.049042
v 0.017089 -0.029500 -0.046506
v 0.016998 -0.029500 -0.046589
v 0.015422 -0.029500 -0.047916
v 0.013743 -0.029500 -0.049111
v 0.011974 -0.029500 -0.050162
v 0.010168 -0.029500 -0.051046
v 0.025729 -0.008065 -0.056001
v 0.026168 -0.008203 -0.055966
v 0.024961 -0.011359 -0.055966
v 0.027589 -0.008648 -0.055296
v 0.026710 -0.008373 -0.055829
v 0.027113 -0.008499 -0.055642
v 0.025861 -0.011769 -0.055642
v 0.025695 -0.008055 -0.056001
v 0.024509 -0.011154 -0.056001
v 0.023739 -0.012712 -0.056001
v 0.023285 -0.014487 -0.055966
v 0.009638 -0.025143 -0.056001
v 0.009658 -0.025136 -0.056001
v 0.009836 -0.025599 -0.055967
v 0.012823 -0.023679 -0.056001
v 0.013059 -0.024115 -0.055967
v 0.015773 -0.021825 -0.056001
v 0.016063 -0.022227 -0.055967
v 0.018459 -0.019606 -0.056001
v 0.018799 -0.019967 -0.055966
v 0.020770 -0.017138 -0.056001
v 0.021219 -0.017372 -0.055966
v 0.021112 -0.016715 -0.056001
v 0.022864 -0.014225 -0.056001
v 0.006331 -0.026173 -0.056001
v 0.006340 -0.026210 -0.056000
v 0.006448 -0.026655 -0.055967
v 0.006647 -0.027476 -0.055716
v 0.024125 -0.015010 -0.055642
v 0.021985 -0.017999 -0.055642
v 0.019477 -0.020687 -0.055642
v 0.016643 -0.023029 -0.055642
v 0.013530 -0.024985 -0.055642
v 0.010190 -0.026523 -0.055642
v 0.006681 -0.027617 -0.055642
v 0.021776 0.028779 -0.044710
v 0.006415 0.029463 -0.002933
v 0.006595 0.029272 -0.002226
v 0.008623 0.029328 -0.002998
v 0.008235 0.029500 -0.004195
v 0.006244 0.029500 -0.003597
v 0.010632 0.029328 -0.003784
v 0.010169 0.029500 -0.004955
v 0.012574 0.029329 -0.004733
v 0.014431 0.029329 -0.005836
v 0.013744 0.029500 -0.006891
v 0.016194 0.029329 -0.007091
v 0.016439 0.029500 -0.008915
v 0.014316 0.029500 -0.007274
v 0.017849 0.029329 -0.008485
v 0.019385 0.029328 -0.010009
v 0.018463 0.029500 -0.010865
v 0.020791 0.029328 -0.011653
v 0.019765 0.029500 -0.012385
v 0.021188 0.029328 -0.012171
v 0.020829 0.029500 -0.013835
v 0.022407 0.029328 -0.013950
v 0.022165 0.029500 -0.016032
v 0.023476 0.029328 -0.015821
v 0.024394 0.029328 -0.017782
v 0.023076 0.029500 -0.017900
v 0.025149 0.029328 -0.019811
v 0.023830 0.029500 -0.019836
v 0.024416 0.029500 -0.021809
v 0.025733 0.029328 -0.021893
v 0.024508 0.029500 -0.022183
v 0.024843 0.029500 -0.023843
v 0.026145 0.029328 -0.024015
v 0.024847 0.029500 -0.023862
v 0.025104 0.029500 -0.025924
v 0.026448 0.029329 -0.028000
v 0.025189 0.029500 -0.028000
v 0.026359 0.029329 -0.030161
v 0.025103 0.029500 -0.030076
v 0.026094 0.029329 -0.032307
v 0.024847 0.029500 -0.032138
v 0.025655 0.029329 -0.034426
v 0.024422 0.029500 -0.034172
v 0.025045 0.029329 -0.036501
v 0.023830 0.029500 -0.036164
v 0.024266 0.029329 -0.038520
v 0.023075 0.029500 -0.038100
v 0.023324 0.029329 -0.040468
v 0.022165 0.029500 -0.039968
v 0.022228 0.029329 -0.042332
v 0.021170 0.029500 -0.041651
v 0.020983 0.029329 -0.044101
v 0.019985 0.029500 -0.043335
v 0.020615 0.029329 -0.044569
v 0.019634 0.029500 -0.043781
v 0.019435 0.029500 -0.044026
v 0.019197 0.029329 -0.046193
v 0.016812 0.029500 -0.046758
v 0.017651 0.029329 -0.047695
v 0.015982 0.029329 -0.049073
v 0.015979 0.029500 -0.047473
v 0.014205 0.029329 -0.050310
v 0.013817 0.029500 -0.049062
v 0.012034 0.029500 -0.050129
v 0.012334 0.029329 -0.051396
v 0.011747 0.029500 -0.050282
v 0.010382 0.029329 -0.052325
v 0.006596 0.029272 -0.053774
v 0.006415 0.029463 -0.053068
v 0.010169 0.029500 -0.051046
v 0.008235 0.029500 -0.051806
v 0.006245 0.029500 -0.052403
v 0.006759 0.028917 -0.054415
v 0.010774 0.028779 -0.053244
v 0.012801 0.028779 -0.052280
v 0.014741 0.028779 -0.051153
v 0.016586 0.028779 -0.049870
v 0.018319 0.028779 -0.048439
v 0.019922 0.028779 -0.046880
v 0.021394 0.028779 -0.045196
v 0.023068 0.028779 -0.042874
v 0.024206 0.028779 -0.040939
v 0.025183 0.028779 -0.038917
v 0.025991 0.028779 -0.036822
v 0.026625 0.028779 -0.034669
v 0.027080 0.028779 -0.032470
v 0.027448 0.028779 -0.028000
v 0.027355 0.028779 -0.030243
v 0.027133 0.028779 -0.023864
v 0.026705 0.028779 -0.021662
v 0.026099 0.028779 -0.019502
v 0.025316 0.028779 -0.017396
v 0.024363 0.028779 -0.015361
v 0.023253 0.028779 -0.013419
v 0.021989 0.028779 -0.011573
v 0.021577 0.028779 -0.011035
v 0.020118 0.028779 -0.009329
v 0.018524 0.028779 -0.007747
v 0.016806 0.028779 -0.006300
v 0.014977 0.028779 -0.004999
v 0.013049 0.028779 -0.003853
v 0.011034 0.028779 -0.002869
v 0.008949 0.028779 -0.002053
v 0.006759 0.028917 -0.001586
v 0.027516 0.008626 -0.055359
v 0.026960 0.008451 -0.055722
v 0.026073 0.011231 -0.055654
v 0.010237 0.026479 -0.055654
v 0.006643 0.027460 -0.055723
v 0.006783 0.028040 -0.055349
v 0.009678 0.025032 -0.056001
v 0.006310 0.026085 -0.056001
v 0.009874 0.025540 -0.055971
v 0.006321 0.026132 -0.056000
v 0.006333 0.026179 -0.056001
v 0.011075 0.024446 -0.056001
v 0.011875 0.024673 -0.055971
v 0.013526 0.023179 -0.056001
v 0.013801 0.023650 -0.055971
v 0.013953 0.022925 -0.056001
v 0.015663 0.021791 -0.056001
v 0.015634 0.022480 -0.055971
v 0.017023 0.020746 -0.056001
v 0.017369 0.021168 -0.055971
v 0.019465 0.018475 -0.056001
v 0.018995 0.019723 -0.055971
v 0.020500 0.018153 -0.055971
v 0.020092 0.017791 -0.056001
v 0.022578 0.014507 -0.056001
v 0.025655 0.008042 -0.056000
v 0.025608 0.008028 -0.056001
v 0.024895 0.010022 -0.056001
v 0.025702 0.008057 -0.056000
v 0.021877 0.016468 -0.055971
v 0.023115 0.014679 -0.055971
v 0.022655 0.014387 -0.056001
v 0.024208 0.012796 -0.055971
v 0.024648 0.010616 -0.056001
v 0.025148 0.010832 -0.055971
v 0.026325 0.008252 -0.055938
v 0.025099 0.013267 -0.055654
v 0.023965 0.015219 -0.055654
v 0.022681 0.017073 -0.055654
v 0.021254 0.018820 -0.055654
v 0.019694 0.020448 -0.055654
v 0.018008 0.021946 -0.055654
v 0.016209 0.023307 -0.055654
v 0.014308 0.024520 -0.055654
v 0.012312 0.025581 -0.055654
v -0.004954 0.029500 -0.052698
v -0.002142 0.029500 -0.053098
v -0.003449 0.029434 -0.053863
v -0.006507 0.026901 -0.055919
v -0.006646 0.027474 -0.055716
v -0.003447 0.027619 -0.055889
v -0.006713 0.027754 -0.055559
v -0.003452 0.028261 -0.055609
v -0.006887 0.028474 -0.054917
v -0.003453 0.028812 -0.055138
v -0.006730 0.028995 -0.054301
v -0.003453 0.029218 -0.054538
v -0.006595 0.029272 -0.053774
v -0.006502 0.029393 -0.053412
v -0.006244 0.029500 -0.052403
v -0.005544 0.026257 -0.056001
v -0.006332 0.026179 -0.056001
v -0.003180 0.026614 -0.056001
v -0.003558 0.026554 -0.056001
v -0.003964 0.026481 -0.056001
v -0.004352 0.026414 -0.056001
v -0.004750 0.026355 -0.056001
v -0.005161 0.026303 -0.056001
v -0.002010 0.026726 -0.056001
v -0.002390 0.026702 -0.056001
v 0.000374 0.026802 -0.056001
v -0.000009 0.026810 -0.056001
v -0.000005 0.027690 -0.055923
v -0.000389 0.026800 -0.056001
v -0.001596 0.026745 -0.056001
v -0.000803 0.026781 -0.056001
v -0.000997 0.026771 -0.056001
v -0.001182 0.026762 -0.056001
v -0.002596 0.026684 -0.056001
v -0.002786 0.026665 -0.056001
v 0.003544 0.026557 -0.056001
v 0.003170 0.026616 -0.056001
v 0.003440 0.027633 -0.055887
v 0.002965 0.026643 -0.056001
v 0.002775 0.026666 -0.056001
v 0.002378 0.026703 -0.056001
v 0.002181 0.026717 -0.056001
v 0.001992 0.026728 -0.056001
v 0.001582 0.026748 -0.056001
v 0.001193 0.026765 -0.056001
v 0.000786 0.026784 -0.056001
v 0.004746 0.026358 -0.056001
v 0.004352 0.026417 -0.056001
v 0.003957 0.026484 -0.056001
v 0.005541 0.026258 -0.056001
v 0.003444 0.028270 -0.055607
v 0.003445 0.028816 -0.055139
v 0.003445 0.029218 -0.054544
v 0.003441 0.029434 -0.053873
v 0.003471 0.029500 -0.052950
v 0.000655 0.029500 -0.053181
v -0.000004 0.029461 -0.053929
v -0.000005 0.029277 -0.054606
v -0.000005 0.028887 -0.055211
v -0.000005 0.028334 -0.055672
v -0.015000 0.024650 -0.007000
v -0.015000 0.024529 -0.006290
v -0.015000 0.026276 -0.005679
v -0.015000 0.026219 -0.005528
v -0.015000 0.023951 -0.005413
v -0.015000 0.025199 -0.004048
v -0.015000 0.021027 -0.003281
v -0.015000 0.021975 -0.004915
v -0.015000 0.021049 -0.005413
v -0.015000 0.021975 -0.009085
v -0.015000 0.021503 -0.010874
v -0.015000 0.021049 -0.008587
v -0.015000 0.020557 -0.010497
v -0.015000 0.020471 -0.007710
v -0.015000 0.023951 -0.008587
v -0.015000 0.023592 -0.010848
v -0.015000 0.023025 -0.009085
v -0.015000 0.023477 -0.010879
v -0.015000 0.021523 -0.010879
v -0.015000 0.024689 -0.003652
v -0.015000 0.023025 -0.004915
v -0.015000 0.023972 -0.003281
v -0.015000 0.021523 -0.003121
v -0.015000 0.022500 -0.003000
v -0.015000 0.023477 -0.003121
v -0.015000 0.024529 -0.007710
v -0.015000 0.025333 -0.009823
v -0.015000 0.025199 -0.009953
v -0.015000 0.026500 -0.007000
v -0.015000 0.026370 -0.008010
v -0.015000 0.026276 -0.008321
v -0.015000 0.018878 -0.008697
v -0.015000 0.018724 -0.008321
v -0.015000 0.020350 -0.007000
v -0.015000 0.018500 -0.007000
v -0.015000 0.020471 -0.006290
v -0.015000 0.018724 -0.005679
v -0.015000 0.018781 -0.005528
v -0.015000 0.019152 -0.004811
v -0.015000 0.019801 -0.004048
v -0.025000 0.018878 -0.008697
v -0.025000 0.020557 -0.010497
v -0.025000 0.019576 -0.009729
v -0.025000 0.019801 -0.009953
v -0.013000 0.023025 -0.004915
v -0.013000 0.020471 -0.006290
v -0.013000 0.020350 -0.007000
v -0.013000 0.024650 -0.007000
v -0.013000 0.024529 -0.006290
v -0.013000 0.024499 -0.006209
v -0.013000 0.024020 -0.005480
v -0.013000 0.023951 -0.005413
v -0.013000 0.023292 -0.005001
v -0.013000 0.021975 -0.004915
v -0.013000 0.021708 -0.005001
v -0.013000 0.021049 -0.005413
v -0.013000 0.020980 -0.005480
v -0.013000 0.020501 -0.006209
v -0.013000 0.020471 -0.007710
v -0.013000 0.020501 -0.007792
v -0.013000 0.020980 -0.008520
v -0.013000 0.021049 -0.008587
v -0.013000 0.021708 -0.008999
v -0.013000 0.021975 -0.009085
v -0.013000 0.023951 -0.008587
v -0.013000 0.023292 -0.008999
v -0.013000 0.023025 -0.009085
v -0.013000 0.024529 -0.007710
v -0.013000 0.024499 -0.007792
v -0.013000 0.024020 -0.008520
v -0.013000 0.022995 -0.005036
v -0.013000 0.022005 -0.005036
v -0.013000 0.023866 -0.005505
v -0.013000 0.024411 -0.006331
v -0.013000 0.024525 -0.007000
v -0.013000 0.024411 -0.007669
v -0.013000 0.021134 -0.008495
v -0.013000 0.022005 -0.008964
v -0.013000 0.022995 -0.008964
v -0.013000 0.021134 -0.005505
v -0.013000 0.020589 -0.006331
v -0.013000 0.020589 -0.007669
v -0.013000 0.020475 -0.007000
v -0.013000 0.023866 -0.008495
v -0.012625 0.020850 -0.007000
v -0.012625 0.024057 -0.007545
v -0.012625 0.024150 -0.007000
v -0.012625 0.020943 -0.007545
v -0.012625 0.021013 -0.007716
v -0.012625 0.021387 -0.008218
v -0.012625 0.022097 -0.008600
v -0.012625 0.022903 -0.008600
v -0.012625 0.023613 -0.008218
v -0.012625 0.023987 -0.007716
v -0.012625 0.020943 -0.006455
v -0.012625 0.024057 -0.006455
v -0.012625 0.023929 -0.006175
v -0.012625 0.023613 -0.005782
v -0.012625 0.023325 -0.005571
v -0.012625 0.022903 -0.005400
v -0.012625 0.022500 -0.005350
v -0.012625 0.022097 -0.005400
v -0.012625 0.021675 -0.005571
v -0.012625 0.021387 -0.005782
v -0.012625 0.021071 -0.006175
v -0.000900 0.024150 -0.007000
v -0.000900 0.023987 -0.007716
v -0.000900 0.020850 -0.007000
v -0.000900 0.021013 -0.007716
v -0.000900 0.021471 -0.008290
v -0.000900 0.022133 -0.008609
v -0.000900 0.022867 -0.008609
v -0.000900 0.023529 -0.008290
v -0.000900 0.021071 -0.006175
v -0.000900 0.021675 -0.005571
v -0.000900 0.022500 -0.005350
v -0.000900 0.023325 -0.005571
v -0.000900 0.023929 -0.006175
v 0.000091 0.022500 -0.007000
v -0.015000 0.021049 -0.047414
v -0.015000 0.021503 -0.045127
v -0.015000 0.021975 -0.046916
v -0.015000 0.021523 -0.045122
v -0.015000 0.023025 -0.046916
v -0.015000 0.021028 -0.052720
v -0.015000 0.020311 -0.052349
v -0.015000 0.021975 -0.051086
v -0.015000 0.021049 -0.050588
v -0.015000 0.025199 -0.051953
v -0.015000 0.023973 -0.052720
v -0.015000 0.023951 -0.050588
v -0.015000 0.023025 -0.051086
v -0.015000 0.023477 -0.045122
v -0.015000 0.023592 -0.045153
v -0.015000 0.023951 -0.047414
v -0.015000 0.020471 -0.048291
v -0.015000 0.018878 -0.047304
v -0.015000 0.020557 -0.045504
v -0.015000 0.023477 -0.052880
v -0.015000 0.022500 -0.053001
v -0.015000 0.021523 -0.052880
v -0.015000 0.025848 -0.051190
v -0.015000 0.024529 -0.049711
v -0.015000 0.026219 -0.050473
v -0.015000 0.024529 -0.048291
v -0.015000 0.026370 -0.047991
v -0.015000 0.024650 -0.049001
v -0.015000 0.026500 -0.049001
v -0.015000 0.026276 -0.050322
v -0.015000 0.025199 -0.046048
v -0.015000 0.025333 -0.046177
v -0.015000 0.026276 -0.047680
v -0.015000 0.019801 -0.051953
v -0.015000 0.018781 -0.050473
v -0.015000 0.020471 -0.049711
v -0.015000 0.018724 -0.050322
v -0.015000 0.020350 -0.049001
v -0.015000 0.018500 -0.049001
v -0.015000 0.018724 -0.047680
v -0.025000 0.020557 -0.045504
v -0.025000 0.018878 -0.047304
v -0.013000 0.023025 -0.046916
v -0.013000 0.024650 -0.049001
v -0.013000 0.020471 -0.048291
v -0.013000 0.020350 -0.049001
v -0.013000 0.024529 -0.048291
v -0.013000 0.024499 -0.048209
v -0.013000 0.024020 -0.047481
v -0.013000 0.023951 -0.047414
v -0.013000 0.023292 -0.047002
v -0.013000 0.021975 -0.046916
v -0.013000 0.021708 -0.047002
v -0.013000 0.021049 -0.047414
v -0.013000 0.020980 -0.047481
v -0.013000 0.020501 -0.048209
v -0.013000 0.020471 -0.049711
v -0.013000 0.020501 -0.049792
v -0.013000 0.020980 -0.050521
v -0.013000 0.021049 -0.050588
v -0.013000 0.021709 -0.051000
v -0.013000 0.021975 -0.051086
v -0.013000 0.023951 -0.050588
v -0.013000 0.023292 -0.051000
v -0.013000 0.023025 -0.051086
v -0.013000 0.024529 -0.049711
v -0.013000 0.024499 -0.049792
v -0.013000 0.024020 -0.050521
v -0.013000 0.022005 -0.047037
v -0.013000 0.022995 -0.047037
v -0.013000 0.024411 -0.049670
v -0.013000 0.024525 -0.049001
v -0.013000 0.024411 -0.048332
v -0.013000 0.023866 -0.047506
v -0.013000 0.021134 -0.050496
v -0.013000 0.022005 -0.050965
v -0.013000 0.022995 -0.050965
v -0.013000 0.021134 -0.047506
v -0.013000 0.020589 -0.048332
v -0.013000 0.020589 -0.049670
v -0.013000 0.020475 -0.049001
v -0.013000 0.023866 -0.050496
v -0.012625 0.020850 -0.049001
v -0.012625 0.024057 -0.049546
v -0.012625 0.024150 -0.049001
v -0.012625 0.020943 -0.049546
v -0.012625 0.021071 -0.049826
v -0.012625 0.021387 -0.050219
v -0.012625 0.021675 -0.050430
v -0.012625 0.022097 -0.050601
v -0.012625 0.022500 -0.050651
v -0.012625 0.022903 -0.050601
v -0.012625 0.023325 -0.050430
v -0.012625 0.023613 -0.050219
v -0.012625 0.023929 -0.049826
v -0.012625 0.020943 -0.048456
v -0.012625 0.024057 -0.048456
v -0.012625 0.023929 -0.048176
v -0.012625 0.023613 -0.047783
v -0.012625 0.023325 -0.047572
v -0.012625 0.022903 -0.047401
v -0.012625 0.022500 -0.047351
v -0.012625 0.022097 -0.047401
v -0.012625 0.021675 -0.047572
v -0.012625 0.021387 -0.047783
v -0.012625 0.021071 -0.048176
v -0.000900 0.020850 -0.049001
v -0.000900 0.021013 -0.049717
v -0.000900 0.021071 -0.049826
v -0.000900 0.021471 -0.050291
v -0.000900 0.021675 -0.050430
v -0.000900 0.022133 -0.050610
v -0.000900 0.022500 -0.050651
v -0.000900 0.022867 -0.050610
v -0.000900 0.023325 -0.050430
v -0.000900 0.023529 -0.050291
v -0.000900 0.023929 -0.049826
v -0.000900 0.023987 -0.049717
v -0.000900 0.024150 -0.049001
v -0.000900 0.021071 -0.048176
v -0.000900 0.021675 -0.047572
v -0.000900 0.022500 -0.047351
v -0.000900 0.023325 -0.047572
v -0.000900 0.023929 -0.048176
v 0.000091 0.022500 -0.049001
v 0.000825 0.007929 0.007125
v -0.000000 0.008150 0.007125
v -0.000000 0.008150 -0.002260
v 0.000641 0.004980 -0.001463
v 0.000000 0.004850 -0.001439
v -0.000000 0.004850 0.007125
v 0.000825 0.005071 0.007125
v 0.001218 0.005387 0.007125
v 0.001178 0.005344 -0.001535
v 0.001600 0.006097 0.007125
v 0.001600 0.006097 -0.001698
v 0.001530 0.005883 -0.001649
v 0.001429 0.005675 0.007125
v 0.001650 0.006509 -0.001797
v 0.001650 0.006500 0.007125
v 0.001600 0.006903 0.007125
v 0.000639 0.008021 -0.002219
v 0.001112 0.007719 -0.002127
v 0.001218 0.007613 0.007125
v 0.001218 0.007613 -0.002096
v 0.001429 0.007325 0.007125
v 0.001525 0.007130 -0.001959
v 0.001600 0.006903 -0.001898
v -0.001596 0.006921 -0.001902
v -0.000689 0.008000 -0.002213
v -0.001256 0.007571 -0.002084
v -0.001525 0.007130 -0.001959
v -0.001178 0.005345 -0.001535
v -0.000642 0.004980 -0.001464
v -0.001650 0.006509 -0.001797
v -0.001604 0.006110 -0.001701
v -0.001530 0.005883 -0.001649
v 0.008150 -0.000001 -0.001000
v 0.008100 -0.000403 -0.001003
v 0.008100 -0.000403 0.007125
v 0.007216 0.001487 0.007125
v 0.006500 0.001650 0.007125
v 0.006500 0.001650 -0.001051
v 0.006500 -0.001650 -0.001051
v 0.006500 -0.001650 0.007125
v 0.007132 -0.001524 -0.001043
v 0.007216 -0.001487 0.007125
v 0.007417 -0.001372 -0.001035
v 0.007790 -0.001029 0.007125
v 0.007667 -0.001167 -0.001025
v 0.007872 -0.000917 -0.001016
v 0.008024 -0.000632 -0.001008
v 0.008109 -0.000367 0.007125
v 0.008109 0.000367 0.007125
v 0.008100 0.000403 -0.001003
v 0.008100 0.000403 0.007125
v 0.008025 0.000631 -0.001008
v 0.007790 0.001029 0.007125
v 0.007872 0.000916 -0.001016
v 0.007718 0.001113 0.007125
v 0.007131 0.001524 -0.001043
v 0.007417 0.001372 -0.001035
v 0.007667 0.001166 -0.001025
v 0.004976 0.000633 -0.001008
v 0.005334 0.001168 -0.001025
v 0.005584 0.001372 -0.001035
v 0.005869 0.001525 -0.001043
v 0.005129 0.000918 -0.001016
v 0.004904 0.000421 -0.001003
v 0.004850 0.000001 -0.001000
v 0.004897 -0.000391 -0.001003
v 0.004975 -0.000631 -0.001008
v 0.005128 -0.000916 -0.001016
v 0.005332 -0.001166 -0.001025
v 0.005867 -0.001524 -0.001043
v 0.000000 -0.008150 -0.002259
v -0.000000 -0.008150 0.007125
v 0.000685 -0.008001 -0.002213
v 0.000825 -0.007929 0.007125
v 0.001218 -0.007613 0.007125
v -0.000000 -0.004850 0.007125
v 0.000000 -0.004850 -0.001439
v 0.000825 -0.005071 0.007125
v 0.000640 -0.004979 -0.001463
v 0.001218 -0.005387 0.007125
v 0.000928 -0.005135 -0.001493
v 0.001178 -0.005345 -0.001534
v 0.001429 -0.005675 0.007125
v 0.001530 -0.005883 -0.001649
v 0.001600 -0.006097 0.007125
v 0.001600 -0.006097 -0.001698
v 0.001650 -0.006500 0.007125
v 0.001650 -0.006509 -0.001796
v 0.001600 -0.006903 0.007125
v 0.001600 -0.006903 -0.001898
v 0.001429 -0.007325 0.007125
v 0.001525 -0.007129 -0.001958
v 0.001253 -0.007573 -0.002084
v -0.001603 -0.006891 -0.001894
v -0.001650 -0.006509 -0.001796
v -0.001596 -0.006080 -0.001694
v -0.001525 -0.007130 -0.001959
v -0.001224 -0.007607 -0.002094
v -0.001112 -0.007719 -0.002127
v -0.000641 -0.008020 -0.002219
v -0.000641 -0.004979 -0.001463
v -0.001530 -0.005882 -0.001649
v -0.001177 -0.005344 -0.001534
v -0.005784 0.001487 0.007125
v -0.006500 0.001650 0.007125
v -0.006500 0.001650 -0.001051
v -0.006500 -0.001650 -0.001051
v -0.006500 -0.001650 0.007125
v -0.005868 -0.001524 -0.001043
v -0.005784 -0.001487 0.007125
v -0.005583 -0.001372 -0.001035
v -0.005210 -0.001029 0.007125
v -0.004976 -0.000632 -0.001008
v -0.005128 -0.000917 -0.001016
v -0.005333 -0.001167 -0.001025
v -0.004900 -0.000403 -0.001003
v -0.004900 -0.000403 0.007125
v -0.004850 -0.000001 -0.001000
v -0.004891 -0.000367 0.007125
v -0.004900 0.000403 -0.001003
v -0.004891 0.000367 0.007125
v -0.004900 0.000403 0.007125
v -0.004975 0.000631 -0.001008
v -0.005210 0.001029 0.007125
v -0.005128 0.000916 -0.001016
v -0.005282 0.001113 0.007125
v -0.005869 0.001524 -0.001043
v -0.005583 0.001372 -0.001035
v -0.005333 0.001166 -0.001025
v -0.008024 0.000633 -0.001008
v -0.007666 0.001168 -0.001026
v -0.007416 0.001372 -0.001035
v -0.007131 0.001525 -0.001043
v -0.007871 0.000918 -0.001016
v -0.008096 0.000421 -0.001004
v -0.008150 0.000001 -0.001000
v -0.008103 -0.000391 -0.001003
v -0.008025 -0.000631 -0.001008
v -0.007872 -0.000916 -0.001016
v -0.007668 -0.001166 -0.001025
v -0.007133 -0.001524 -0.001043
v -0.007019 0.001566 0.007125
v -0.007702 0.001130 0.007125
v -0.007325 0.001429 0.007125
v -0.007723 -0.001107 0.007125
v -0.007929 -0.000825 0.007125
v -0.008103 -0.000390 0.007125
v -0.008150 -0.000000 0.007125
v -0.008096 0.000421 0.007125
v -0.007929 0.000825 0.007125
v -0.007325 -0.001429 0.007125
v -0.007048 -0.001556 0.007125
v -0.000825 -0.005071 0.007125
v -0.001202 -0.005370 0.007125
v -0.001596 -0.006079 0.007125
v -0.001429 -0.005675 0.007125
v -0.001603 -0.006890 0.007125
v -0.001650 -0.006500 0.007125
v -0.001429 -0.007325 0.007125
v -0.001223 -0.007607 0.007125
v -0.000825 -0.007929 0.007125
v -0.000548 -0.008056 0.007125
v 0.005298 0.001130 0.007125
v 0.005981 0.001566 0.007125
v 0.005675 0.001429 0.007125
v 0.005071 0.000825 0.007125
v 0.004904 0.000421 0.007125
v 0.004850 0.000000 0.007125
v 0.004897 -0.000390 0.007125
v 0.005071 -0.000825 0.007125
v 0.005277 -0.001107 0.007125
v 0.005675 -0.001429 0.007125
v 0.005952 -0.001556 0.007125
v -0.000519 0.008066 0.007125
v -0.000825 0.007929 0.007125
v -0.001202 0.007630 0.007125
v -0.001429 0.007325 0.007125
v -0.001596 0.006921 0.007125
v -0.001650 0.006500 0.007125
v -0.001603 0.006110 0.007125
v -0.001429 0.005675 0.007125
v -0.001223 0.005393 0.007125
v -0.000825 0.005071 0.007125
v -0.006500 -0.002025 0.007500
v -0.007245 -0.001883 0.007500
v -0.007513 -0.001754 0.007500
v -0.008254 -0.001013 0.007500
v -0.008383 -0.000746 0.007500
v -0.008525 -0.000000 0.007500
v -0.008383 0.000745 0.007500
v -0.008254 0.001012 0.007500
v -0.006500 0.002025 0.007500
v -0.007246 0.001883 0.007500
v -0.007513 0.001754 0.007500
v -0.005755 -0.001883 0.007500
v -0.005755 0.001883 0.007500
v -0.005621 0.001824 0.007500
v -0.004917 0.001263 0.007500
v -0.004617 0.000746 0.007500
v -0.004526 0.000451 0.007500
v -0.004526 -0.000451 0.007500
v -0.004617 -0.000745 0.007500
v -0.005621 -0.001825 0.007500
v -0.004917 -0.001263 0.007500
v -0.000000 -0.008525 0.007500
v -0.000745 -0.008383 0.007500
v -0.001013 -0.008254 0.007500
v -0.001754 -0.007513 0.007500
v -0.001883 -0.007246 0.007500
v -0.002025 -0.006500 0.007500
v -0.001883 -0.005755 0.007500
v -0.001754 -0.005488 0.007500
v -0.001013 -0.004746 0.007500
v -0.000746 -0.004617 0.007500
v -0.000000 -0.004475 0.007500
v 0.000745 -0.004617 0.007500
v 0.001012 -0.004746 0.007500
v 0.001754 -0.005488 0.007500
v 0.001883 -0.005754 0.007500
v 0.002025 -0.006500 0.007500
v 0.001883 -0.007245 0.007500
v 0.001754 -0.007513 0.007500
v 0.001012 -0.008254 0.007500
v 0.000745 -0.008383 0.007500
v 0.006500 -0.002025 0.007500
v 0.005755 -0.001883 0.007500
v 0.005487 -0.001754 0.007500
v 0.004746 -0.001013 0.007500
v 0.004617 -0.000746 0.007500
v 0.004475 0.000000 0.007500
v 0.004617 0.000745 0.007500
v 0.004746 0.001013 0.007500
v 0.006500 0.002025 0.007500
v 0.005754 0.001883 0.007500
v 0.005487 0.001754 0.007500
v 0.007245 -0.001883 0.007500
v 0.007245 0.001883 0.007500
v 0.007379 0.001824 0.007500
v 0.008083 0.001263 0.007500
v 0.008383 0.000746 0.007500
v 0.008474 0.000451 0.007500
v 0.008474 -0.000451 0.007500
v 0.008383 -0.000745 0.007500
v 0.007379 -0.001824 0.007500
v 0.008083 -0.001263 0.007500
v -0.000000 0.004475 0.007500
v -0.000745 0.004617 0.007500
v -0.001013 0.004746 0.007500
v -0.001754 0.005487 0.007500
v -0.001883 0.005754 0.007500
v -0.002025 0.006500 0.007500
v -0.001883 0.007245 0.007500
v -0.001754 0.007513 0.007500
v -0.000000 0.008525 0.007500
v -0.000746 0.008383 0.007500
v -0.001013 0.008254 0.007500
v 0.000745 0.008383 0.007500
v 0.001012 0.008254 0.007500
v 0.001754 0.007513 0.007500
v 0.001883 0.007246 0.007500
v 0.002025 0.006500 0.007500
v 0.001883 0.005755 0.007500
v 0.001754 0.005487 0.007500
v 0.001012 0.004746 0.007500
v 0.000745 0.004617 0.007500
v -0.000000 -0.009700 0.007500
v -0.003219 -0.009150 0.007500
v -0.009526 -0.001828 0.007500
v -0.008333 -0.004964 0.007500
v 0.008425 -0.004806 0.007500
v 0.009559 -0.001648 0.007500
v -0.006144 -0.007507 0.007500
v -0.009700 -0.000000 0.007500
v -0.009356 0.002560 0.007500
v -0.007936 0.005578 0.007500
v 0.006284 -0.007389 0.007500
v -0.002560 0.009356 0.007500
v -0.005578 0.007936 0.007500
v 0.003390 -0.009088 0.007500
v 0.009356 0.002560 0.007500
v 0.007936 0.005578 0.007500
v 0.000091 -0.009700 0.007500
v -0.000000 0.009700 0.007500
v 0.002560 0.009356 0.007500
v 0.009700 0.000000 0.007500
v 0.005578 0.007936 0.007500
v -0.010000 -0.000000 0.007200
v -0.009821 -0.001885 0.007200
v -0.009397 -0.003420 0.007200
v -0.008591 -0.005118 0.007200
v -0.007660 -0.006428 0.007200
v -0.006334 -0.007739 0.007200
v -0.005000 -0.008660 0.007200
v -0.003318 -0.009433 0.007200
v -0.001737 -0.009848 0.007200
v -0.000000 -0.010000 0.007200
v 0.000094 -0.010000 0.007200
v 0.001736 -0.009848 0.007200
v 0.003495 -0.009369 0.007200
v 0.005000 -0.008660 0.007200
v 0.006478 -0.007618 0.007200
v 0.007660 -0.006428 0.007200
v 0.010000 0.000000 0.007200
v 0.009854 -0.001699 0.007200
v 0.009397 -0.003420 0.007200
v 0.008686 -0.004955 0.007200
v 0.002639 0.009646 0.007200
v -0.000000 0.010000 0.007200
v 0.005750 0.008182 0.007200
v 0.008181 0.005750 0.007200
v 0.009646 0.002639 0.007200
v -0.009646 0.002639 0.007200
v -0.008182 0.005750 0.007200
v -0.005750 0.008181 0.007200
v -0.002639 0.009646 0.007200
v -0.010000 -0.000000 0.003500
v -0.009833 -0.001820 0.003500
v -0.009397 -0.003420 0.003500
v -0.009298 -0.003681 0.003500
v -0.008370 -0.005472 0.003500
v -0.007660 -0.006428 0.003500
v -0.005472 -0.008370 0.003500
v -0.005000 -0.008660 0.003500
v -0.003681 -0.009298 0.003500
v -0.001820 -0.009833 0.003500
v -0.001736 -0.009848 0.003500
v 0.000000 -0.010000 0.003500
v 0.001736 -0.009848 0.003500
v 0.001820 -0.009833 0.003500
v 0.003681 -0.009298 0.003500
v 0.005000 -0.008660 0.003500
v 0.005472 -0.008370 0.003500
v 0.007660 -0.006428 0.003500
v 0.008370 -0.005472 0.003500
v 0.009298 -0.003681 0.003500
v 0.009397 -0.003420 0.003500
v 0.009833 -0.001820 0.003500
v 0.010000 0.000000 0.003500
v 0.009833 0.001820 0.003500
v 0.008370 0.005472 0.003500
v 0.009298 0.003681 0.003500
v 0.009511 0.003090 0.003500
v 0.008090 0.005878 0.003500
v 0.005878 0.008090 0.003500
v 0.005472 0.008370 0.003500
v 0.003681 0.009298 0.003500
v -0.000000 0.010000 0.003500
v 0.001820 0.009833 0.003500
v 0.003090 0.009511 0.003500
v -0.008090 0.005878 0.003500
v -0.003090 0.009511 0.003500
v -0.001820 0.009833 0.003500
v -0.003681 0.009298 0.003500
v -0.005472 0.008370 0.003500
v -0.005878 0.008090 0.003500
v -0.008370 0.005472 0.003500
v -0.009298 0.003681 0.003500
v -0.009833 0.001820 0.003500
v -0.009511 0.003090 0.003500
v 0.028501 0.019092 -0.008908
v 0.028000 0.019092 -0.008908
v 0.028023 0.019654 -0.008346
v 0.028000 0.019673 -0.008327
v -0.025000 0.019801 -0.046049
v -0.025000 0.019576 -0.046272
v -0.029000 0.022789 -0.041883
v -0.029000 0.023166 -0.041376
v -0.028897 0.023166 -0.041376
v -0.028963 0.023534 -0.040001
v -0.029000 0.023490 -0.039511
v -0.028999 0.023381 -0.039098
v -0.029000 0.023307 -0.038906
v -0.028910 0.023403 -0.040843
v -0.029000 0.023416 -0.040797
v -0.028952 0.023530 -0.040157
v -0.029000 0.023534 -0.040013
v -0.029000 0.023534 -0.040001
v -0.028901 0.022975 -0.041663
v -0.028952 0.022294 -0.042299
v -0.029000 0.022170 -0.042376
v -0.028975 0.021990 -0.042472
v -0.029000 0.021097 -0.042733
v 0.006109 -0.009147 0.003500
v 0.008468 -0.007021 0.003500
v -0.008334 -0.007179 0.003500
v -0.005936 -0.009261 0.003500
v 0.003242 -0.010512 0.003500
v -0.003043 -0.010571 0.003500
v -0.010038 -0.004499 0.003500
v -0.002287 0.010760 0.003500
v -0.000000 0.011000 0.003500
v 0.002287 0.010760 0.003500
v 0.000104 -0.011000 0.003500
v 0.000000 -0.011000 0.003500
v -0.005249 0.009667 0.003500
v -0.007778 0.007778 0.003500
v 0.010760 0.002287 0.003500
v 0.009667 0.005249 0.003500
v 0.010121 -0.004309 0.003500
v -0.010905 -0.001444 0.003500
v -0.011000 -0.000000 0.003500
v -0.010760 0.002287 0.003500
v 0.007778 0.007778 0.003500
v 0.011000 0.000000 0.003500
v 0.010930 -0.001239 0.003500
v -0.009667 0.005249 0.003500
v 0.005249 0.009667 0.003500
v 0.003441 -0.029435 -0.053866
v 0.003445 -0.029223 -0.054534
v 0.002140 -0.029500 -0.053099
v 0.004956 -0.029500 -0.052698
v 0.003440 -0.027655 -0.055881
v 0.003444 -0.028287 -0.055597
v 0.003445 -0.028827 -0.055128
v 0.003582 -0.026639 -0.056001
v 0.003931 -0.026582 -0.056001
v 0.004760 -0.026441 -0.056001
v 0.005179 -0.026373 -0.056001
v 0.005563 -0.026314 -0.056001
v 0.001187 -0.026860 -0.056001
v 0.001595 -0.026840 -0.056001
v 0.003183 -0.026697 -0.056001
v -0.000005 -0.027713 -0.055919
v 0.000389 -0.026888 -0.056001
v 0.000798 -0.026876 -0.056001
v -0.001593 -0.026837 -0.056001
v -0.000770 -0.026875 -0.056001
v 0.000001 -0.026893 -0.056001
v -0.004365 -0.026507 -0.056001
v -0.003971 -0.026574 -0.056001
v -0.003447 -0.027642 -0.055883
v -0.003562 -0.026640 -0.056001
v -0.003182 -0.026695 -0.056001
v -0.006650 -0.027494 -0.055707
v -0.006562 -0.027131 -0.055855
v -0.006340 -0.026210 -0.056001
v -0.005947 -0.026259 -0.056001
v -0.005548 -0.026315 -0.056001
v -0.005149 -0.026376 -0.056001
v -0.004759 -0.026440 -0.056001
v -0.006680 -0.027617 -0.055642
v -0.003452 -0.028278 -0.055599
v -0.006760 -0.027948 -0.055424
v -0.003453 -0.028823 -0.055126
v -0.006887 -0.028473 -0.054917
v -0.003452 -0.029223 -0.054528
v -0.006803 -0.028781 -0.054589
v -0.003449 -0.029435 -0.053856
v -0.006556 -0.029328 -0.053623
v -0.003471 -0.029500 -0.052950
v -0.006244 -0.029500 -0.052404
v -0.000655 -0.029500 -0.053182
v -0.000004 -0.029462 -0.053921
v -0.000005 -0.029282 -0.054596
v -0.000005 -0.028898 -0.055199
v -0.000005 -0.028351 -0.055663
v 0.028021 -0.019656 -0.008344
v 0.028501 -0.019092 -0.008908
v 0.028000 0.019673 -0.047674
v 0.028022 0.019656 -0.047656
v 0.028287 -0.019400 -0.047400
v 0.028455 -0.019171 -0.047171
v 0.029500 0.026953 -0.026411
v 0.029500 -0.023813 -0.015273
v 0.029500 -0.025987 -0.020671
v 0.029500 -0.026954 -0.026411
v 0.029500 0.023812 -0.015272
v 0.029500 0.020531 -0.010465
v 0.029500 -0.020532 -0.010465
v 0.029500 0.025986 -0.020671
v 0.029500 -0.011304 -0.003480
v 0.029500 0.011303 -0.003480
v 0.029500 -0.005787 -0.001627
v 0.029500 0.005786 -0.001627
v 0.029500 -0.000000 -0.001000
v 0.029500 0.016296 -0.006472
v 0.029500 -0.016297 -0.006473
v 0.028000 0.020531 -0.010465
v 0.028000 0.023812 -0.015272
v 0.028000 0.025986 -0.020671
v 0.028000 0.026953 -0.026411
v 0.028356 -0.004404 -0.055305
v 0.028700 -0.004406 -0.054838
v 0.028556 -0.006602 -0.054739
v 0.027790 -0.006598 -0.055534
v 0.026373 -0.004616 -0.056001
v 0.026405 -0.004489 -0.056001
v 0.026844 -0.004393 -0.055985
v 0.026472 -0.004176 -0.056001
v 0.026523 -0.003878 -0.056001
v 0.026597 -0.003267 -0.056001
v 0.026607 -0.003141 -0.056001
v 0.026615 -0.003020 -0.056001
v 0.026789 -0.006586 -0.055935
v 0.025798 -0.007526 -0.056001
v 0.025825 -0.007340 -0.056001
v 0.025851 -0.007170 -0.056001
v 0.025881 -0.006979 -0.056001
v 0.025774 -0.007700 -0.056001
v 0.025910 -0.006784 -0.056001
v 0.025928 -0.006617 -0.056001
v 0.026338 -0.004727 -0.056001
v 0.028465 -0.000009 -0.055388
v 0.028716 0.004390 -0.054814
v 0.028584 0.006591 -0.054698
v 0.026822 0.006594 -0.055929
v 0.025945 0.006550 -0.056001
v 0.025922 0.006729 -0.056001
v 0.025888 0.006927 -0.056001
v 0.025836 0.007221 -0.056001
v 0.025789 0.007491 -0.056001
v 0.026346 0.004684 -0.056001
v 0.026872 0.004395 -0.055983
v 0.026380 0.004574 -0.056001
v 0.026620 -0.002886 -0.056001
v 0.026615 -0.002773 -0.056001
v 0.026941 -0.000004 -0.055998
v 0.026759 -0.000151 -0.056001
v 0.026617 0.002746 -0.056001
v 0.026622 0.002859 -0.056001
v 0.026617 0.002991 -0.056001
v 0.026593 0.003308 -0.056001
v 0.026561 0.003599 -0.056001
v 0.026463 0.004208 -0.056001
v 0.026438 0.004328 -0.056001
v 0.026411 0.004448 -0.056001
v 0.027907 -0.004402 -0.055669
v 0.028017 -0.000007 -0.055743
v 0.028378 0.004393 -0.055286
v 0.027933 0.004395 -0.055655
v 0.027827 0.006596 -0.055511
v 0.028794 -0.004228 -0.001333
v 0.028816 -0.005588 -0.001585
v 0.028756 -0.002120 -0.001083
v 0.028745 0.000004 -0.001000
v 0.028821 0.006316 -0.001749
v 0.028817 0.005786 -0.001627
v 0.028807 0.005000 -0.001467
v 0.028756 0.002125 -0.001084
v -0.012300 -0.023000 -0.045501
v -0.012300 -0.024731 -0.045192
v 0.024000 -0.023000 -0.045500
v 0.024000 -0.025500 -0.044831
v -0.012300 -0.025500 -0.044831
v -0.012300 -0.026535 -0.044036
v 0.024000 -0.027330 -0.043000
v -0.012300 -0.027691 -0.042231
v -0.012300 -0.027330 -0.043001
v 0.024000 -0.022189 -0.010500
v -0.013000 -0.022189 -0.010501
v -0.013000 -0.023000 -0.010501
v 0.024000 -0.020205 -0.010090
v -0.013000 -0.020206 -0.010090
v -0.012300 -0.022250 -0.044751
v -0.012300 -0.022275 -0.044942
v -0.012300 -0.022296 -0.045010
v -0.012300 -0.022470 -0.045281
v -0.012300 -0.022740 -0.045454
v -0.012300 -0.026284 -0.041712
v -0.012300 -0.026031 -0.042251
v -0.012300 -0.025475 -0.042975
v -0.012300 -0.024750 -0.043532
v -0.012300 -0.024211 -0.043784
v -0.012300 -0.023000 -0.044001
v -0.012300 -0.022271 -0.044573
v -0.012300 -0.022740 -0.044047
v -0.012300 -0.022470 -0.044220
v -0.012300 -0.022296 -0.044491
v -0.012300 -0.022269 -0.011084
v -0.012300 -0.022307 -0.010964
v -0.012300 -0.022414 -0.010783
v -0.012300 -0.022470 -0.010720
v -0.012300 -0.022713 -0.010558
v -0.013000 -0.022675 -0.011926
v -0.013000 -0.022414 -0.011718
v -0.013000 -0.022724 -0.010553
v -0.013000 -0.022675 -0.010575
v -0.013000 -0.022414 -0.010783
v -0.013000 -0.022303 -0.010974
v -0.013000 -0.022269 -0.011084
v -0.013000 -0.022250 -0.011251
v -0.013000 -0.022269 -0.011417
v -0.013000 -0.022303 -0.011527
v -0.013000 -0.023000 -0.012001
v -0.013000 -0.022724 -0.011948
v -0.020957 -0.026501 -0.007000
v -0.022108 -0.026365 -0.008034
v -0.020563 -0.027046 -0.007307
v -0.019369 -0.028473 -0.008084
v -0.017247 -0.028473 -0.006220
v -0.024619 -0.015876 -0.001086
v -0.024619 -0.017800 -0.002318
v -0.022838 -0.018345 -0.001086
v -0.020809 -0.020619 -0.001086
v -0.020563 -0.021505 -0.001596
v -0.018553 -0.022670 -0.001086
v -0.020779 -0.022958 -0.003026
v -0.020317 -0.023465 -0.003118
v -0.020011 -0.023847 -0.003233
v -0.016101 -0.024472 -0.001086
v -0.016191 -0.025070 -0.001697
v -0.013468 -0.026015 -0.001086
v -0.016191 -0.027047 -0.003734
v -0.011579 -0.026909 -0.001086
v -0.011571 -0.028330 -0.002583
v -0.010695 -0.027272 -0.001086
v -0.009596 -0.028473 -0.001928
v -0.006887 -0.028473 -0.001086
v -0.007804 -0.028236 -0.001086
v -0.012337 -0.028473 -0.003108
v -0.014804 -0.028473 -0.004492
v -0.021401 -0.028473 -0.010285
v -0.023350 -0.025983 -0.008969
v -0.024619 -0.028473 -0.015126
v -0.023091 -0.028473 -0.012552
v -0.024619 -0.027456 -0.013080
v -0.024619 -0.026220 -0.011001
v -0.024619 -0.025382 -0.009775
v -0.016207 -0.028473 -0.005436
v -0.019448 -0.025924 -0.004929
v -0.019839 -0.026273 -0.005669
v -0.020569 -0.026480 -0.006594
v -0.019512 -0.024655 -0.003629
v -0.019318 -0.025313 -0.004155
v -0.019313 -0.025425 -0.004271
v -0.024619 -0.019733 -0.003772
v -0.024619 -0.019932 -0.003934
v -0.023203 -0.020883 -0.003342
v -0.022376 -0.021517 -0.003123
v -0.021838 -0.021964 -0.003036
v -0.024263 -0.029359 -0.017727
v -0.023779 -0.029268 -0.016052
v -0.024375 -0.029209 -0.016970
v -0.024588 -0.028699 -0.015595
v -0.006864 -0.028563 -0.001176
v -0.008886 -0.028563 -0.001776
v -0.010998 -0.028563 -0.002590
v -0.013037 -0.028563 -0.003573
v -0.014995 -0.028563 -0.004723
v -0.016852 -0.028563 -0.006031
v -0.018587 -0.028563 -0.007479
v -0.020200 -0.028563 -0.009063
v -0.022388 -0.028563 -0.011708
v -0.023643 -0.028563 -0.013590
v -0.008084 -0.029500 -0.004145
v -0.006244 -0.029500 -0.003599
v -0.006597 -0.029268 -0.002219
v -0.008541 -0.029268 -0.002796
v -0.006752 -0.028937 -0.001615
v -0.022724 -0.029268 -0.014150
v -0.021518 -0.029268 -0.012341
v -0.019414 -0.029268 -0.009799
v -0.017865 -0.029268 -0.008277
v -0.016197 -0.029268 -0.006885
v -0.014412 -0.029268 -0.005628
v -0.012530 -0.029268 -0.004523
v -0.010571 -0.029268 -0.003578
v -0.010005 -0.029500 -0.004885
v -0.011860 -0.029500 -0.005779
v -0.013641 -0.029500 -0.006825
v -0.015330 -0.029500 -0.008015
v -0.016909 -0.029500 -0.009332
v -0.018375 -0.029500 -0.010773
v -0.020367 -0.029500 -0.013179
v -0.021508 -0.029500 -0.014891
v -0.022506 -0.029500 -0.016691
v -0.023354 -0.029500 -0.018563
v -0.024148 -0.029453 -0.018529
v -0.024000 -0.029500 -0.020353
v -0.022157 -0.029500 -0.039984
v -0.024000 -0.029500 -0.035650
v -0.022843 -0.029500 -0.038618
v -0.019460 -0.029500 -0.043996
v -0.017288 -0.029500 -0.046321
v -0.014885 -0.029500 -0.048323
v -0.013430 -0.029500 -0.049312
v -0.012186 -0.029500 -0.050047
v -0.009435 -0.029500 -0.051357
v -0.007336 -0.029500 -0.052098
v -0.021322 -0.029500 -0.041413
v 0.000656 -0.029500 -0.002820
v -0.002170 -0.029500 -0.002905
v -0.004970 -0.029500 -0.003307
v 0.003469 -0.029500 -0.003051
v -0.023297 -0.028781 -0.042507
v -0.024466 -0.029036 -0.039614
v -0.024618 -0.028473 -0.040877
v -0.024078 -0.029485 -0.036931
v -0.024261 -0.029362 -0.038261
v -0.024043 -0.029329 -0.039018
v -0.022451 -0.029329 -0.041980
v -0.024025 -0.029498 -0.036372
v -0.020496 -0.029328 -0.044716
v -0.018209 -0.029328 -0.047181
v -0.015628 -0.029328 -0.049337
v -0.012795 -0.029328 -0.051148
v -0.009754 -0.029328 -0.052584
v -0.023584 -0.028473 -0.042686
v -0.021531 -0.028473 -0.045560
v -0.021269 -0.028781 -0.045346
v -0.019128 -0.028473 -0.048149
v -0.018895 -0.028781 -0.047904
v -0.016417 -0.028473 -0.050414
v -0.016217 -0.028781 -0.050141
v -0.013441 -0.028473 -0.052316
v -0.013277 -0.028781 -0.052020
v -0.010247 -0.028473 -0.053825
v -0.010122 -0.028781 -0.053511
v -0.014369 -0.025527 -0.054916
v -0.016338 -0.025025 -0.054257
v -0.016965 -0.023881 -0.054916
v -0.012145 -0.026658 -0.054916
v -0.011652 -0.026877 -0.054916
v -0.011647 -0.028313 -0.053404
v -0.009293 -0.027781 -0.054916
v -0.024619 -0.027456 -0.042922
v -0.018292 -0.022881 -0.054916
v -0.024100 -0.020261 -0.052316
v -0.024619 -0.019932 -0.052067
v -0.024619 -0.019733 -0.052231
v -0.024619 -0.017500 -0.053890
v -0.024619 -0.015876 -0.054916
v -0.022813 -0.018377 -0.054916
v -0.024692 -0.016592 -0.054413
v -0.024699 -0.017500 -0.053813
v -0.024780 -0.017500 -0.053736
v -0.022374 -0.021518 -0.052879
v -0.022697 -0.021264 -0.052805
v -0.020770 -0.021426 -0.054309
v -0.024619 -0.017800 -0.053685
v -0.020318 -0.023466 -0.052883
v -0.020538 -0.023215 -0.052937
v -0.021572 -0.022199 -0.052990
v -0.019335 -0.025197 -0.051956
v -0.019427 -0.024862 -0.052229
v -0.020077 -0.026375 -0.049998
v -0.019538 -0.026041 -0.050864
v -0.016338 -0.026998 -0.052224
v -0.019324 -0.025572 -0.051564
v -0.019314 -0.025425 -0.051730
v -0.020676 -0.020753 -0.054916
v -0.019823 -0.024113 -0.052662
v -0.024619 -0.026220 -0.045001
v -0.024619 -0.025383 -0.046227
v -0.020770 -0.028469 -0.046459
v -0.023190 -0.026045 -0.047145
v -0.020770 -0.026946 -0.048619
v -0.021835 -0.026419 -0.048196
v -0.020958 -0.026501 -0.049001
v -0.009217 -0.025301 -0.056001
v -0.006331 -0.026173 -0.056001
v -0.008410 -0.026104 -0.055966
v -0.006335 -0.026191 -0.056000
v -0.008713 -0.027044 -0.055642
v -0.024443 -0.014700 -0.055579
v -0.024309 -0.014709 -0.055642
v -0.024617 -0.015768 -0.054981
v -0.023066 -0.016591 -0.055642
v -0.021677 -0.018368 -0.055642
v -0.020153 -0.020028 -0.055642
v -0.018503 -0.021563 -0.055642
v -0.016734 -0.022962 -0.055642
v -0.014860 -0.024217 -0.055642
v -0.012888 -0.025322 -0.055642
v -0.010834 -0.026266 -0.055642
v -0.010267 -0.024893 -0.056001
v -0.010457 -0.025353 -0.055966
v -0.013787 -0.023131 -0.056001
v -0.024218 -0.013559 -0.055901
v -0.024011 -0.012189 -0.056001
v -0.023464 -0.014198 -0.055966
v -0.023039 -0.013940 -0.056001
v -0.022264 -0.016014 -0.055966
v -0.021315 -0.016455 -0.056001
v -0.020923 -0.017729 -0.055966
v -0.020544 -0.017408 -0.056001
v -0.019453 -0.019332 -0.055966
v -0.017865 -0.020148 -0.056001
v -0.017859 -0.020813 -0.055966
v -0.017535 -0.020435 -0.056001
v -0.016152 -0.022164 -0.055966
v -0.014083 -0.022951 -0.056001
v -0.014343 -0.023375 -0.055966
v -0.012440 -0.024441 -0.055966
v -0.014334 0.022688 -0.056001
v -0.011788 0.024109 -0.056001
v -0.024000 0.011833 -0.056001
v -0.024009 0.011960 -0.056001
v -0.024002 0.012004 -0.056001
v -0.022559 0.014538 -0.056001
v -0.020848 0.016899 -0.056001
v -0.018891 0.019062 -0.056001
v -0.016711 0.020999 -0.056001
v -0.024038 -0.011833 -0.056001
v -0.024000 -0.011833 -0.056001
v -0.024036 -0.012012 -0.056001
v -0.006309 0.026085 -0.056001
v -0.024012 0.011833 -0.056001
v -0.009103 0.025246 -0.056001
v -0.029000 0.017500 -0.039001
v -0.029000 0.019409 -0.044895
v -0.029000 0.017500 -0.046865
v -0.029000 0.017685 -0.037963
v -0.029000 0.018379 -0.036880
v -0.029000 0.019462 -0.036187
v -0.029000 0.023926 -0.037471
v -0.029000 0.020500 -0.036001
v -0.029000 0.024456 -0.036001
v -0.028907 0.025483 -0.036001
v -0.027032 0.027233 -0.036001
v -0.028582 0.026218 -0.036387
v -0.028276 0.026637 -0.036508
v -0.027953 0.026984 -0.036550
v -0.027021 0.027243 -0.036001
v -0.026415 0.028473 -0.036609
v -0.025000 0.028812 -0.036001
v -0.025170 0.029279 -0.036559
v -0.025579 0.028525 -0.036001
v -0.025849 0.028936 -0.036591
v -0.025835 0.028335 -0.036001
v -0.026152 0.028707 -0.036604
v -0.026076 0.028122 -0.036001
v -0.026548 0.027683 -0.036001
v -0.020959 0.026500 -0.049001
v -0.021819 0.026421 -0.048210
v -0.024109 0.025649 -0.046534
v -0.022710 0.026206 -0.047496
v -0.025879 0.024572 -0.045579
v -0.024931 0.025202 -0.046052
v -0.024533 0.025430 -0.046277
v -0.028595 0.021526 -0.045122
v -0.028209 0.022294 -0.045006
v -0.027953 0.022630 -0.045003
v -0.027432 0.023214 -0.045065
v -0.027161 0.023487 -0.045124
v -0.026316 0.024236 -0.045397
v -0.028885 0.019802 -0.046048
v -0.028857 0.020254 -0.045691
v -0.028704 0.021165 -0.045231
v -0.028611 0.021478 -0.045134
v -0.028888 0.019447 -0.046416
v -0.028817 0.018864 -0.047334
v -0.028798 0.018808 -0.047463
v -0.028700 0.018641 -0.047945
v -0.028556 0.018545 -0.048400
v -0.028255 0.018500 -0.049001
v -0.026534 0.018931 -0.050807
v -0.026994 0.018756 -0.050408
v -0.027953 0.018521 -0.049406
v -0.019854 0.026279 -0.050311
v -0.020269 0.026428 -0.049755
v -0.023393 0.020746 -0.052596
v -0.023565 0.020624 -0.052534
v -0.024984 0.019713 -0.051870
v -0.025256 0.019558 -0.051711
v -0.021820 0.021980 -0.052967
v -0.020697 0.023044 -0.052964
v -0.020369 0.023406 -0.052897
v -0.019772 0.024191 -0.052626
v -0.022375 0.021517 -0.052879
v -0.022018 0.021811 -0.052941
v -0.019696 0.026182 -0.050564
v -0.019633 0.026132 -0.050677
v -0.019352 0.025702 -0.051399
v -0.019326 0.025584 -0.051549
v -0.019335 0.025197 -0.051955
v -0.019383 0.024994 -0.052128
v -0.019399 0.024942 -0.052169
v -0.028985 0.024974 -0.036001
v -0.027953 0.025457 -0.040374
v -0.028985 0.019072 -0.045985
v -0.028689 0.017500 -0.048984
v -0.028322 0.017500 -0.049737
v -0.028226 0.017500 -0.049884
v -0.027953 0.017500 -0.050248
v -0.028794 0.017500 -0.048660
v -0.028964 0.017500 -0.047772
v -0.028995 0.017500 -0.047320
v -0.027953 0.023294 -0.044082
v -0.028684 0.022494 -0.043530
v -0.028985 0.021573 -0.042894
v -0.028684 0.024583 -0.039949
v -0.028985 0.023577 -0.039460
v -0.024013 0.012216 -0.056000
v -0.024206 0.013497 -0.055910
v -0.023111 0.014745 -0.055967
v -0.024234 0.013640 -0.055886
v -0.024376 0.014366 -0.055702
v -0.023954 0.015282 -0.055641
v -0.024467 0.014820 -0.055526
v -0.024546 0.015213 -0.055325
v -0.024619 0.015877 -0.054916
v -0.022142 0.017805 -0.055641
v -0.009315 0.025783 -0.055967
v -0.021364 0.017179 -0.055967
v -0.019361 0.019409 -0.055967
v -0.017127 0.021406 -0.055967
v -0.014688 0.023147 -0.055967
v -0.012074 0.024612 -0.055967
v -0.009954 0.027551 -0.054916
v -0.009655 0.026723 -0.055641
v -0.012145 0.026658 -0.054916
v -0.012514 0.025509 -0.055641
v -0.012902 0.026300 -0.054916
v -0.015223 0.023991 -0.055641
v -0.015695 0.024735 -0.054916
v -0.020067 0.020116 -0.055641
v -0.017751 0.022186 -0.055641
v -0.022829 0.018357 -0.054916
v -0.020911 0.020515 -0.054916
v -0.020689 0.020740 -0.054916
v -0.018301 0.022874 -0.054915
v -0.016965 0.023881 -0.054915
v -0.021260 0.028473 -0.045886
v -0.021177 0.028578 -0.045815
v -0.019515 0.028578 -0.047621
v -0.008381 0.029500 -0.051754
v -0.022222 0.028818 -0.044028
v -0.021162 0.029294 -0.044028
v -0.020358 0.029272 -0.045127
v -0.020307 0.029464 -0.044028
v -0.019870 0.029495 -0.044028
v -0.022693 0.028473 -0.044028
v -0.022342 0.028738 -0.044028
v -0.011484 0.028578 -0.053178
v -0.013723 0.028473 -0.052157
v -0.013669 0.028578 -0.052062
v -0.015759 0.028473 -0.050881
v -0.015747 0.028578 -0.050757
v -0.009244 0.028473 -0.054200
v -0.009208 0.028578 -0.054097
v -0.011503 0.028473 -0.053289
v -0.011529 0.028473 -0.053277
v -0.008852 0.029272 -0.053088
v -0.015809 0.028473 -0.050847
v -0.017770 0.028473 -0.049356
v -0.017700 0.028578 -0.049272
v -0.019527 0.028473 -0.047762
v -0.019592 0.028473 -0.047698
v -0.018761 0.029272 -0.046863
v -0.017016 0.029272 -0.048450
v -0.015138 0.029272 -0.049878
v -0.013141 0.029272 -0.051133
v -0.011040 0.029272 -0.052205
v -0.010452 0.029500 -0.050918
v -0.012442 0.029500 -0.049902
v -0.014333 0.029500 -0.048714
v -0.016111 0.029500 -0.047363
v -0.017763 0.029500 -0.045859
v -0.019275 0.029500 -0.044216
v -0.019432 0.029500 -0.044028
v -0.005000 0.029500 -0.044028
v -0.019455 0.029500 -0.012000
v -0.018132 0.029500 -0.010515
v -0.005000 0.029500 -0.012000
v -0.016695 0.029500 -0.009139
v -0.013519 0.029500 -0.006746
v -0.010006 0.029500 -0.004884
v -0.008150 0.029500 -0.004166
v -0.006245 0.029500 -0.003597
v -0.003469 0.029500 -0.003050
v -0.000656 0.029500 -0.002820
v 0.002170 0.029500 -0.002905
v 0.004970 0.029500 -0.003306
v -0.028952 0.023529 -0.015842
v -0.028963 0.023534 -0.016001
v -0.029000 0.023534 -0.016001
v -0.028975 0.023527 -0.016192
v -0.029000 0.023307 -0.017094
v -0.029000 0.023534 -0.015988
v -0.029000 0.023416 -0.015205
v -0.028902 0.023319 -0.014934
v -0.028897 0.023166 -0.014626
v -0.029000 0.023166 -0.014626
v -0.028910 0.022822 -0.014154
v -0.029000 0.022790 -0.014119
v -0.028952 0.022293 -0.013702
v -0.029000 0.022170 -0.013626
v -0.029000 0.021713 -0.013412
v -0.028998 0.021454 -0.013334
v -0.029000 0.021097 -0.013269
v -0.019371 0.025759 -0.004681
v -0.019698 0.026183 -0.005439
v -0.019855 0.026279 -0.005690
v -0.020271 0.026429 -0.006248
v -0.020960 0.026500 -0.007000
v -0.019382 0.024998 -0.003876
v -0.019715 0.024282 -0.003419
v -0.019770 0.024195 -0.003377
v -0.020365 0.023411 -0.003105
v -0.019353 0.025705 -0.004607
v -0.019345 0.025147 -0.004001
v -0.021340 0.022409 -0.003001
v -0.021818 0.021982 -0.003034
v -0.022377 0.021516 -0.003123
v -0.022745 0.021226 -0.003208
v -0.023136 0.020932 -0.003320
v -0.023392 0.020747 -0.003405
v -0.024988 0.019711 -0.004133
v -0.024796 0.019824 -0.004027
v -0.028256 0.018500 -0.007000
v -0.027953 0.018521 -0.006595
v -0.027608 0.018580 -0.006202
v -0.027075 0.018728 -0.005667
v -0.026533 0.018931 -0.005193
v -0.026291 0.019035 -0.005001
v -0.028592 0.021533 -0.010881
v -0.028703 0.021170 -0.010773
v -0.028731 0.021055 -0.010730
v -0.028640 0.018589 -0.007843
v -0.028799 0.018809 -0.008541
v -0.028885 0.019344 -0.009459
v -0.028886 0.019801 -0.009953
v -0.028867 0.020132 -0.010224
v -0.028208 0.022296 -0.010995
v -0.028360 0.022050 -0.010975
v -0.026989 0.023651 -0.010831
v -0.027163 0.023484 -0.010877
v -0.027953 0.022630 -0.010998
v -0.021814 0.026422 -0.007786
v -0.023100 0.026076 -0.008792
v -0.024526 0.025433 -0.009720
v -0.025019 0.025149 -0.009997
v -0.026316 0.024236 -0.010604
v -0.027021 0.027244 -0.020001
v -0.027032 0.027233 -0.020001
v -0.027953 0.026984 -0.019453
v -0.028907 0.025483 -0.020001
v -0.028890 0.025540 -0.019964
v -0.028549 0.026270 -0.019596
v -0.028275 0.026639 -0.019494
v -0.026082 0.028117 -0.020001
v -0.026415 0.028473 -0.019393
v -0.026414 0.028474 -0.019393
v -0.025170 0.029280 -0.019443
v -0.025000 0.028813 -0.020001
v -0.025849 0.028936 -0.019412
v -0.025835 0.028336 -0.020001
v -0.026153 0.028708 -0.019398
v -0.026076 0.028122 -0.020001
v -0.021359 0.029238 -0.012000
v -0.022364 0.028737 -0.012000
v -0.021021 0.028781 -0.010355
v -0.006887 0.028473 -0.001085
v -0.006804 0.028781 -0.001412
v -0.009136 0.028781 -0.002121
v -0.013567 0.028781 -0.004143
v -0.011537 0.028473 -0.002727
v -0.011396 0.028781 -0.003034
v -0.011511 0.028473 -0.002715
v -0.009248 0.028473 -0.001802
v -0.017570 0.028781 -0.006918
v -0.015823 0.028473 -0.005164
v -0.015630 0.028781 -0.005441
v -0.015773 0.028473 -0.005129
v -0.013734 0.028473 -0.003850
v -0.019371 0.028781 -0.008560
v -0.019072 0.028473 -0.007799
v -0.017786 0.028473 -0.006658
v -0.022713 0.028473 -0.012000
v -0.021279 0.028473 -0.010138
v -0.021186 0.029293 -0.012000
v -0.020257 0.029328 -0.010996
v -0.020332 0.029464 -0.012000
v -0.019895 0.029495 -0.012000
v -0.018668 0.029328 -0.009266
v -0.016932 0.029328 -0.007683
v -0.015063 0.029328 -0.006261
v -0.013074 0.029328 -0.005010
v -0.010982 0.029328 -0.003941
v -0.008804 0.029328 -0.003061
v -0.006557 0.029328 -0.002378
v -0.019610 0.028473 -0.008320
v -0.019546 0.028473 -0.008256
v 0.014500 0.000000 0.000000
v 0.014258 0.002639 0.000000
v -0.000000 0.014500 0.000000
v 0.002639 0.014258 0.000000
v 0.014183 0.003015 0.000000
v 0.013482 0.005337 0.000000
v 0.012743 0.006919 0.000000
v 0.012136 0.007934 0.000000
v 0.010253 0.010253 0.000000
v 0.007934 0.012136 0.000000
v 0.006919 0.012743 0.000000
v 0.005337 0.013482 0.000000
v 0.003015 0.014183 0.000000
v -0.014500 -0.000000 -0.000000
v -0.014258 0.002638 -0.000000
v -0.002639 0.014258 0.000000
v -0.003015 0.014183 0.000000
v -0.005337 0.013482 -0.000000
v -0.006919 0.012743 -0.000000
v -0.007934 0.012136 -0.000000
v -0.010253 0.010253 -0.000000
v -0.012136 0.007934 -0.000000
v -0.012743 0.006919 -0.000000
v -0.013482 0.005337 -0.000000
v -0.014183 0.003015 -0.000000
v -0.002639 -0.014258 -0.000000
v 0.000000 -0.014500 -0.000000
v -0.013482 -0.005337 -0.000000
v -0.014258 -0.002639 -0.000000
v -0.014374 -0.001904 -0.000000
v -0.013231 -0.005931 -0.000000
v -0.012136 -0.007934 -0.000000
v -0.007934 -0.012136 -0.000000
v -0.010253 -0.010253 -0.000000
v -0.010986 -0.009464 -0.000000
v -0.007824 -0.012207 -0.000000
v -0.005337 -0.013482 -0.000000
v -0.004011 -0.013934 -0.000000
v 0.000137 -0.014499 -0.000000
v 0.002639 -0.014258 -0.000000
v 0.007934 -0.012136 0.000000
v 0.005337 -0.013482 0.000000
v 0.004273 -0.013856 0.000000
v 0.008053 -0.012058 0.000000
v 0.010253 -0.010253 0.000000
v 0.013341 -0.005680 0.000000
v 0.012136 -0.007934 0.000000
v 0.011162 -0.009255 0.000000
v 0.014407 -0.001633 0.000000
v 0.014258 -0.002639 0.000000
v 0.013482 -0.005337 0.000000
v 0.027479 -0.008614 -0.000612
v 0.026868 -0.008423 -0.000237
v 0.026085 -0.011217 -0.000350
v 0.010241 -0.026484 -0.000350
v 0.006621 -0.027373 -0.000239
v 0.006767 -0.027973 -0.000598
v 0.009865 -0.025512 -0.000026
v 0.009651 -0.024958 0.000000
v 0.009083 -0.025170 0.000000
v 0.011763 -0.024034 0.000000
v 0.011865 -0.024646 -0.000026
v 0.013490 -0.023110 0.000000
v 0.013790 -0.023623 -0.000026
v 0.014109 -0.022738 0.000000
v 0.017357 -0.021141 -0.000026
v 0.016980 -0.020682 0.000000
v 0.016414 -0.021134 0.000000
v 0.015623 -0.022453 -0.000026
v 0.018485 -0.019347 0.000000
v 0.018982 -0.019696 -0.000026
v 0.020040 -0.017731 0.000000
v 0.020486 -0.018126 -0.000026
v 0.020353 -0.017372 0.000000
v 0.022032 -0.015187 0.000000
v 0.021861 -0.016441 -0.000026
v 0.023099 -0.014652 -0.000026
v 0.025129 -0.010805 -0.000026
v 0.026188 -0.008209 -0.000038
v 0.025533 -0.008004 -0.000001
v 0.024706 -0.010277 0.000000
v 0.024582 -0.010570 0.000000
v 0.024190 -0.012769 -0.000026
v 0.023525 -0.012750 0.000000
v 0.022596 -0.014333 0.000000
v 0.025111 -0.013255 -0.000350
v 0.023978 -0.015210 -0.000350
v 0.022694 -0.017066 -0.000350
v 0.021266 -0.018815 -0.000350
v 0.019704 -0.020445 -0.000350
v 0.018018 -0.021946 -0.000350
v 0.016218 -0.023308 -0.000350
v 0.014315 -0.024522 -0.000350
v 0.012317 -0.025584 -0.000350
v 0.006291 -0.026008 -0.000001
v -0.000677 -0.026750 -0.000000
v -0.003426 -0.026539 -0.000000
v -0.003446 -0.027517 -0.000087
v -0.003450 -0.029427 -0.002103
v 0.003442 -0.029427 -0.002093
v -0.003453 -0.029194 -0.001415
v -0.003453 -0.028762 -0.000809
v -0.003451 -0.028185 -0.000346
v -0.006713 -0.027752 -0.000441
v -0.006623 -0.027381 -0.000243
v -0.006523 -0.026967 -0.000099
v -0.006291 -0.026008 -0.000001
v 0.005630 -0.026160 -0.000000
v 0.003445 -0.028766 -0.000808
v 0.003443 -0.028194 -0.000348
v 0.003438 -0.027532 -0.000089
v 0.002910 -0.026601 -0.000000
v 0.003445 -0.029194 -0.001410
v -0.000005 -0.029456 -0.002038
v -0.000005 -0.029255 -0.001346
v -0.000006 -0.028837 -0.000736
v -0.000005 -0.028257 -0.000286
v -0.000005 -0.027588 -0.000058
v -0.000000 -0.026759 -0.000001
v -0.005629 0.026160 0.000000
v -0.002906 0.026600 0.000000
v -0.003447 0.027517 -0.000087
v 0.006291 0.026008 0.000000
v 0.006438 0.026615 -0.000029
v 0.003426 0.026539 0.000000
v 0.003438 0.027532 -0.000088
v 0.000677 0.026750 0.000000
v -0.006291 0.026008 0.000000
v -0.006529 0.026991 -0.000104
v -0.006623 0.027382 -0.000242
v -0.003451 0.028185 -0.000346
v -0.006708 0.027731 -0.000427
v -0.006879 0.028437 -0.001044
v -0.003453 0.028762 -0.000809
v -0.003453 0.029194 -0.001414
v -0.003450 0.029427 -0.002103
v 0.006621 0.027373 -0.000237
v 0.006680 0.027617 -0.000359
v 0.003443 0.028194 -0.000347
v 0.003445 0.028766 -0.000808
v 0.003445 0.029194 -0.001409
v 0.003441 0.029427 -0.002093
v -0.000005 0.029456 -0.002037
v -0.000005 0.029255 -0.001346
v -0.000006 0.028837 -0.000736
v -0.000006 0.028257 -0.000285
v -0.000005 0.027588 -0.000057
v 0.000000 0.026759 0.000000
v 0.009682 0.025614 -0.000029
v 0.010047 0.026577 -0.000359
v 0.026612 0.008342 -0.000138
v 0.027112 0.008499 -0.000359
v 0.025852 0.011789 -0.000359
v 0.027538 0.008633 -0.000660
v 0.013414 0.025048 -0.000359
v 0.016553 0.023093 -0.000359
v 0.019413 0.020748 -0.000359
v 0.021943 0.018050 -0.000359
v 0.024102 0.015047 -0.000359
v 0.024346 0.011103 0.000000
v 0.025533 0.008004 0.000000
v 0.026129 0.008191 -0.000029
v 0.024914 0.011362 -0.000029
v 0.023228 0.014502 -0.000029
v 0.022698 0.014171 0.000000
v 0.021147 0.017395 -0.000029
v 0.020665 0.016999 0.000000
v 0.018709 0.019995 -0.000029
v 0.018282 0.019539 0.000000
v 0.015953 0.022256 -0.000029
v 0.015589 0.021748 0.000000
v 0.012705 0.023550 0.000000
v 0.012927 0.024139 -0.000029
v 0.012632 0.023589 0.000000
v 0.009461 0.025030 0.000000
v 0.028316 0.004404 -0.000655
v 0.028682 0.004405 -0.001131
v 0.028537 0.006602 -0.001232
v 0.027730 0.006598 -0.000427
v 0.026682 0.006584 -0.000048
v 0.025996 0.006342 0.000000
v 0.028425 0.000009 -0.000571
v 0.028698 -0.004391 -0.001154
v 0.028565 -0.006592 -0.001272
v 0.026713 -0.006593 -0.000053
v 0.026760 -0.004394 -0.000009
v 0.026251 -0.005189 0.000000
v 0.026732 0.004391 -0.000008
v 0.026753 0.000582 0.000000
v 0.026827 0.000004 -0.000000
v 0.026658 -0.002321 0.000000
v 0.026532 0.003472 0.000000
v 0.027843 0.004401 -0.000294
v 0.027952 0.000007 -0.000223
v 0.028338 -0.004393 -0.000673
v 0.027869 -0.004395 -0.000307
v 0.027766 -0.006596 -0.000449
v -0.008520 -0.025993 -0.000027
v -0.024227 -0.013608 -0.000110
v -0.024281 -0.013882 -0.000165
v -0.024376 -0.014564 -0.000350
v -0.024462 -0.014793 -0.000463
v -0.023142 -0.016454 -0.000350
v -0.024011 -0.012180 -0.000001
v -0.022565 -0.014383 -0.000001
v -0.024086 -0.012825 -0.000019
v -0.020963 -0.017571 -0.000027
v -0.020859 -0.016760 -0.000001
v -0.022293 -0.015851 -0.000027
v -0.023482 -0.014030 -0.000027
v -0.007849 -0.025582 -0.000001
v -0.010556 -0.025235 -0.000027
v -0.010326 -0.024686 -0.000001
v -0.012527 -0.024316 -0.000027
v -0.012505 -0.023657 -0.000001
v -0.014419 -0.023244 -0.000027
v -0.014106 -0.022739 -0.000001
v -0.016220 -0.022025 -0.000027
v -0.016723 -0.020889 -0.000001
v -0.017919 -0.020667 -0.000027
v -0.017530 -0.020217 -0.000001
v -0.019503 -0.019180 -0.000027
v -0.018904 -0.018938 -0.000001
v -0.020507 -0.017189 -0.000001
v -0.008845 -0.026982 -0.000350
v -0.010958 -0.026195 -0.000350
v -0.013004 -0.025242 -0.000350
v -0.014968 -0.024129 -0.000350
v -0.016838 -0.022863 -0.000350
v -0.021761 -0.018240 -0.000350
v -0.020245 -0.019910 -0.000350
v -0.018601 -0.021454 -0.000350
v 0.024000 -0.022734 -0.013434
v 0.024000 -0.022734 -0.042567
v 0.024000 -0.025438 -0.037053
v 0.024000 -0.025438 -0.018948
v 0.024000 -0.026826 -0.024930
v 0.024000 -0.027001 -0.028000
v 0.024000 -0.026826 -0.031071
v -0.025000 -0.026500 -0.040501
v -0.025000 -0.026500 -0.033177
v -0.025000 -0.023000 -0.044001
v -0.025000 -0.024750 -0.043532
v -0.025000 -0.026031 -0.042251
v -0.025000 -0.023000 -0.012001
v -0.025000 -0.022734 -0.042567
v -0.025000 -0.025438 -0.018948
v -0.025000 -0.026500 -0.022825
v -0.025000 -0.022734 -0.013434
v -0.025000 -0.025438 -0.037053
v -0.025000 -0.026500 -0.015501
v -0.025000 -0.024339 -0.012267
v -0.025000 -0.025475 -0.013026
v -0.025000 -0.026234 -0.014161
v -0.024898 -0.019674 -0.004170
v -0.024822 -0.017836 -0.002607
v -0.024954 -0.017681 -0.002828
v -0.024637 -0.019920 -0.003944
v -0.024954 -0.015629 -0.001506
v -0.025000 -0.015477 -0.001763
v -0.025000 -0.017509 -0.003073
v -0.024822 -0.015767 -0.001272
v -0.025000 -0.019380 -0.004498
v -0.025000 -0.018501 -0.007000
v -0.025000 -0.018726 -0.005679
v -0.025000 -0.018879 -0.008697
v -0.025000 -0.020558 -0.010497
v -0.025000 -0.024782 -0.010286
v -0.024899 -0.025128 -0.010016
v -0.025000 -0.021888 -0.010953
v -0.025000 -0.023696 -0.010818
v -0.024778 -0.028330 -0.015191
v -0.024861 -0.028220 -0.015240
v -0.025000 -0.026380 -0.012766
v -0.025000 -0.027757 -0.015449
v -0.024988 -0.027898 -0.015386
v -0.024988 -0.026514 -0.012689
v -0.024861 -0.026820 -0.012512
v -0.024966 -0.028427 -0.016537
v -0.024952 -0.028705 -0.017803
v -0.024797 -0.029001 -0.017769
v -0.025000 -0.027883 -0.015736
v -0.025000 -0.027999 -0.016026
v -0.024858 -0.028674 -0.016473
v -0.024685 -0.028883 -0.016418
v -0.024427 -0.029392 -0.019067
v -0.024553 -0.029229 -0.017742
v -0.025000 -0.028403 -0.017853
v -0.025000 -0.028459 -0.018476
v -0.025000 -0.028500 -0.020353
v -0.024923 -0.028885 -0.020353
v -0.025000 -0.028499 -0.019727
v -0.025000 -0.028489 -0.019101
v -0.025000 -0.028098 -0.016322
v -0.025000 -0.028183 -0.016623
v -0.025000 -0.028314 -0.017234
v -0.024376 -0.029427 -0.020353
v -0.024704 -0.029210 -0.020353
v -0.024376 -0.029427 -0.035650
v -0.024704 -0.029210 -0.035650
v -0.024923 -0.028885 -0.035650
v -0.025000 -0.028500 -0.035650
v -0.024857 -0.028681 -0.039509
v -0.024899 -0.028155 -0.040733
v -0.024778 -0.028329 -0.040812
v -0.024551 -0.029232 -0.038246
v -0.025000 -0.028459 -0.037527
v -0.025000 -0.028403 -0.038150
v -0.024952 -0.028708 -0.038185
v -0.025000 -0.028314 -0.038770
v -0.025000 -0.028183 -0.039381
v -0.024966 -0.028433 -0.039446
v -0.025000 -0.028098 -0.039682
v -0.025000 -0.027998 -0.039977
v -0.025000 -0.027883 -0.040267
v -0.025000 -0.027757 -0.040553
v -0.025000 -0.028489 -0.036901
v -0.025000 -0.028499 -0.036276
v -0.024426 -0.029393 -0.036928
v -0.024796 -0.029003 -0.038219
v -0.024682 -0.028890 -0.039563
v -0.024637 -0.025373 -0.046216
v -0.024858 -0.026824 -0.043492
v -0.024898 -0.025130 -0.045987
v -0.024987 -0.026519 -0.043316
v -0.025000 -0.024783 -0.045716
v -0.025000 -0.026380 -0.043236
v -0.025000 -0.020558 -0.045504
v -0.025000 -0.021888 -0.045048
v -0.025000 -0.023696 -0.045184
v -0.025000 -0.018879 -0.047304
v -0.025000 -0.018501 -0.049001
v -0.024899 -0.019673 -0.051830
v -0.025000 -0.019381 -0.051504
v -0.025000 -0.018725 -0.050322
v -0.024861 -0.018572 -0.052787
v -0.024988 -0.018360 -0.052504
v -0.024845 -0.017500 -0.053586
v -0.024977 -0.017500 -0.053196
v -0.025000 -0.017500 -0.052936
v -0.025000 -0.018267 -0.052380
v -0.025000 -0.017500 -0.052994
v -0.024985 -0.017500 -0.053194
v -0.024945 -0.017500 -0.053382
v -0.024507 -0.014343 -0.055642
v -0.024644 -0.015175 -0.055263
v -0.024734 -0.015140 -0.055184
v -0.025000 -0.014124 -0.054808
v -0.025000 -0.013368 -0.054941
v -0.024942 -0.013416 -0.055271
v -0.024368 -0.013486 -0.055863
v -0.024812 -0.015101 -0.055096
v -0.024897 -0.016446 -0.054173
v -0.024878 -0.015059 -0.054999
v -0.024969 -0.014966 -0.054787
v -0.024131 -0.011833 -0.055993
v -0.025000 -0.012986 -0.054975
v -0.025000 -0.012602 -0.054993
v -0.024886 -0.011833 -0.055465
v -0.025000 -0.012217 -0.055000
v -0.025000 -0.011833 -0.055001
v -0.025000 -0.015025 -0.054489
v -0.025000 -0.014850 -0.054570
v -0.025000 -0.016848 -0.053406
v -0.025000 -0.016192 -0.053811
v -0.025000 -0.015862 -0.054011
v -0.025000 -0.015531 -0.054208
v -0.025000 -0.015364 -0.054305
v -0.025000 -0.015196 -0.054400
v -0.024776 -0.013451 -0.055566
v -0.024707 -0.011833 -0.055708
v -0.024658 -0.013465 -0.055688
v -0.024570 -0.011833 -0.055823
v -0.024521 -0.013477 -0.055788
v -0.024383 -0.011833 -0.055925
v -0.024346 0.011833 -0.055939
v -0.024707 0.011833 -0.055708
v -0.025000 0.000031 -0.055001
v -0.024938 0.011833 -0.055347
v -0.025000 0.011833 -0.055001
v -0.024970 0.014973 -0.054780
v -0.025000 0.015032 -0.054485
v -0.025000 0.015201 -0.054397
v -0.025000 0.015369 -0.054303
v -0.024897 0.016448 -0.054172
v -0.025000 0.015535 -0.054206
v -0.025000 0.016523 -0.053608
v -0.025000 0.012989 -0.054975
v -0.025000 0.013373 -0.054940
v -0.024946 0.013420 -0.055261
v -0.025000 0.014132 -0.054806
v -0.025000 0.014859 -0.054566
v -0.025000 0.012605 -0.054993
v -0.025000 0.012219 -0.055000
v -0.024625 0.014332 -0.055561
v -0.024879 0.015067 -0.054995
v -0.024732 0.015150 -0.055182
v -0.025000 0.017500 -0.052993
v -0.024873 0.017500 -0.053570
v -0.024780 0.017500 -0.053735
v -0.024776 0.013456 -0.055564
v -0.024513 0.013483 -0.055791
v -0.024829 0.014278 -0.055345
v -0.025000 0.017500 -0.039001
v -0.025261 0.017500 -0.053262
v -0.025000 0.017500 -0.053521
v -0.025736 0.017500 -0.052779
v -0.025520 0.017500 -0.053001
v -0.025000 0.019462 -0.036187
v -0.025000 0.020500 -0.036001
v -0.025000 0.017685 -0.037963
v -0.025000 0.018379 -0.036880
v -0.025000 0.029337 -0.036547
v -0.025000 0.029051 -0.038356
v -0.025000 0.028473 -0.040119
v -0.025000 0.026470 -0.044028
v -0.009712 0.028462 -0.054042
v -0.012646 0.027827 -0.053462
v -0.023425 0.018246 -0.054475
v -0.025825 0.026335 -0.042902
v -0.025825 0.027379 -0.040884
v -0.025825 0.028275 -0.038776
v -0.025825 0.025136 -0.044846
v -0.023425 0.026710 -0.045901
v -0.020902 0.028117 -0.046844
v -0.020902 0.026620 -0.048906
v -0.018249 0.027801 -0.049833
v -0.018249 0.024205 -0.053762
v -0.018249 0.026080 -0.051862
v -0.020902 0.021261 -0.054337
v -0.023425 0.020197 -0.053018
v -0.025825 0.019007 -0.051545
v -0.015489 0.025091 -0.054705
v -0.015489 0.027034 -0.052736
v -0.025000 0.026932 -0.043239
v -0.025000 0.027999 -0.041176
v -0.025000 0.029500 -0.044028
v -0.025000 0.029500 -0.012000
v -0.023877 0.027504 -0.012000
v -0.025000 0.026487 -0.012000
v -0.025000 0.028473 -0.015882
v -0.025000 0.029338 -0.019456
v -0.025000 0.029010 -0.017474
v -0.025000 0.020500 -0.020001
v -0.028985 0.024973 -0.020001
v -0.029000 0.024457 -0.020001
v -0.029000 0.020500 -0.020001
v -0.029000 0.019372 -0.019781
v -0.025000 0.019372 -0.019781
v -0.025000 0.018389 -0.019132
v -0.029000 0.018389 -0.019132
v -0.025000 0.017731 -0.018156
v -0.029000 0.017731 -0.018156
v -0.029000 0.023926 -0.018531
v -0.029000 0.019409 -0.011106
v -0.028675 0.024600 -0.016044
v -0.028675 0.022510 -0.012461
v -0.028983 0.021595 -0.013092
v -0.028983 0.023601 -0.016530
v -0.027953 0.023294 -0.011919
v -0.027953 0.024781 -0.014322
v -0.027953 0.025458 -0.015628
v -0.027953 0.026106 -0.017062
v -0.028983 0.019092 -0.009998
v -0.013000 0.017131 -0.006651
v -0.025000 0.017131 -0.006651
v -0.025000 0.017417 -0.006276
v -0.013000 0.017417 -0.006276
v -0.022815 0.018376 -0.001086
v -0.026152 0.017809 -0.003887
v -0.022753 0.019387 -0.001751
v -0.020677 0.020752 -0.001086
v -0.018292 0.022881 -0.001085
v -0.019062 0.023640 -0.002303
v -0.019062 0.026262 -0.004989
v -0.026152 0.024537 -0.010780
v -0.022753 0.026711 -0.009255
v -0.026152 0.026244 -0.013514
v -0.026152 0.027648 -0.016416
v -0.025000 0.027092 -0.013047
v -0.015125 0.027674 -0.003753
v -0.015667 0.024752 -0.001085
v -0.012836 0.026332 -0.001085
v -0.012146 0.026658 -0.001085
v -0.010995 0.027153 -0.001085
v -0.009293 0.027781 -0.001085
v -0.016966 0.023881 -0.001085
v -0.024020 0.015178 -0.000359
v -0.022195 0.017739 -0.000359
v -0.009551 0.026760 -0.000359
v -0.009204 0.025789 -0.000029
v -0.008995 0.025201 -0.000000
v -0.011998 0.024614 -0.000029
v -0.011725 0.024053 -0.000000
v -0.014645 0.023137 -0.000029
v -0.014311 0.022610 -0.000000
v -0.017112 0.021377 -0.000029
v -0.016722 0.020890 -0.000000
v -0.019370 0.019355 -0.000029
v -0.018928 0.018914 -0.000000
v -0.021390 0.017096 -0.000029
v -0.020903 0.016706 -0.000000
v -0.023149 0.014627 -0.000029
v -0.022621 0.014294 -0.000000
v -0.017756 0.022182 -0.000359
v -0.020099 0.020084 -0.000359
v -0.012450 0.025540 -0.000359
v -0.015196 0.024008 -0.000359
v -0.025000 -0.014185 -0.001209
v -0.025000 -0.014635 -0.001347
v -0.024968 -0.014722 -0.001110
v -0.025000 -0.015273 -0.001644
v -0.024431 -0.012821 -0.000113
v -0.024699 -0.014881 -0.000675
v -0.024865 -0.014807 -0.000876
v -0.025000 -0.014853 -0.001434
v -0.025000 -0.015065 -0.001533
v -0.024953 -0.013772 -0.000813
v -0.025000 -0.013721 -0.001112
v -0.025000 -0.012306 -0.001002
v -0.025000 -0.012070 -0.001001
v -0.025000 -0.012543 -0.001007
v -0.025000 -0.012780 -0.001015
v -0.025000 -0.013252 -0.001049
v -0.024564 -0.013859 -0.000298
v -0.024740 -0.012810 -0.000343
v -0.024803 -0.013821 -0.000523
v -0.012272 0.023000 -0.044028
v -0.012000 0.023000 -0.044300
v -0.012111 0.024080 -0.044028
v -0.012000 0.024413 -0.044028
v -0.012300 0.022307 -0.045038
v -0.013000 0.022470 -0.045281
v -0.012300 0.022446 -0.045256
v -0.013000 0.022713 -0.045443
v -0.012300 0.022713 -0.045443
v -0.013000 0.022724 -0.045448
v -0.012300 0.022752 -0.045458
v -0.013000 0.023000 -0.045500
v -0.012300 0.023000 -0.045500
v -0.012300 0.022250 -0.044750
v -0.013000 0.022250 -0.044750
v -0.012300 0.022273 -0.044934
v -0.013000 0.022303 -0.045027
v -0.013000 0.022307 -0.045038
v -0.012300 0.023000 -0.010500
v -0.013000 0.023000 -0.010500
v -0.012300 0.022752 -0.010543
v -0.013000 0.022724 -0.010553
v -0.012300 0.022718 -0.010556
v -0.013000 0.022718 -0.010556
v -0.013000 0.022472 -0.010718
v -0.012300 0.022446 -0.010744
v -0.013000 0.022308 -0.010962
v -0.012300 0.022308 -0.010962
v -0.013000 0.022303 -0.010974
v -0.012300 0.022273 -0.011067
v -0.013000 0.022250 -0.011250
v -0.012300 0.022250 -0.011250
v -0.012000 0.023000 -0.045200
v -0.012000 0.024814 -0.044836
v -0.012000 0.026106 -0.044028
v -0.012000 0.022918 -0.044308
v -0.012000 0.022745 -0.044379
v -0.012000 0.022602 -0.044540
v -0.012000 0.022789 -0.045148
v -0.012000 0.022629 -0.045005
v -0.012000 0.022558 -0.044833
v -0.012000 0.022550 -0.044750
v -0.012000 0.026136 -0.012000
v -0.012000 0.024830 -0.011172
v -0.012000 0.024479 -0.012000
v -0.012000 0.023000 -0.010800
v -0.012000 0.023000 -0.011700
v -0.012000 0.022918 -0.010808
v -0.012000 0.022745 -0.010879
v -0.012000 0.022602 -0.011040
v -0.012000 0.022789 -0.011648
v -0.012000 0.022629 -0.011505
v -0.012000 0.022558 -0.011333
v -0.012000 0.022550 -0.011250
v -0.012147 0.026325 -0.044028
v -0.012300 0.026543 -0.044028
v -0.012300 0.024930 -0.045113
v -0.012300 0.024731 -0.045191
v 0.024000 0.020205 -0.010090
v -0.013000 0.020204 -0.010090
v 0.024000 0.022188 -0.010500
v -0.013000 0.022188 -0.010500
v 0.024000 0.022188 -0.045500
v 0.024000 0.023000 -0.045500
v -0.013000 0.022188 -0.045500
v -0.013000 0.020205 -0.045911
v 0.024000 0.020205 -0.045910
v 0.024000 0.023000 -0.010500
v -0.012300 0.026570 -0.012000
v -0.012300 0.026536 -0.011965
v -0.012148 0.026353 -0.012000
v -0.012300 0.024947 -0.010895
v -0.005000 0.026543 -0.044028
v -0.025000 0.021728 -0.044028
v -0.025000 0.022290 -0.044028
v -0.013000 0.022290 -0.044028
v -0.013000 0.022798 -0.044028
v -0.012300 0.022798 -0.044028
v -0.005000 0.021728 -0.044028
v -0.025000 0.022644 -0.012000
v -0.025000 0.021748 -0.012000
v -0.013000 0.022644 -0.012000
v -0.005000 0.021748 -0.012000
v -0.013000 0.022974 -0.012000
v -0.012300 0.022974 -0.012000
v -0.012300 0.023000 -0.012000
v -0.012284 0.023329 -0.012000
v -0.005000 0.026570 -0.012000
v -0.025000 0.021592 -0.011790
v -0.013000 0.021592 -0.011790
v -0.005000 0.022846 -0.013611
v 0.024000 0.022846 -0.013611
v 0.024000 0.025244 -0.018422
v -0.005000 0.025244 -0.018423
v 0.024000 0.026641 -0.023614
v -0.005000 0.026641 -0.023614
v 0.024000 0.027000 -0.028000
v -0.005000 0.027000 -0.028000
v 0.024000 0.022846 -0.042390
v -0.025000 0.021592 -0.044211
v -0.013000 0.021592 -0.044211
v -0.005000 0.022846 -0.042390
v -0.005000 0.025244 -0.037578
v 0.024000 0.025244 -0.037578
v -0.005000 0.026641 -0.032387
v 0.024000 0.026641 -0.032387
v 0.024000 0.028000 -0.040500
v -0.005000 0.028000 -0.040500
v 0.024000 0.027917 -0.041410
v -0.005000 0.027691 -0.042231
v 0.024000 0.027649 -0.042341
v 0.024000 0.027691 -0.042231
v 0.024000 0.024731 -0.045191
v 0.024000 0.024841 -0.045149
v 0.024000 0.026536 -0.044036
v 0.024000 0.027185 -0.043236
v 0.024000 0.028000 -0.015500
v 0.024000 0.024731 -0.010809
v 0.024000 0.026536 -0.011965
v 0.024000 0.027691 -0.013770
v -0.005000 0.027691 -0.013770
v -0.005000 0.028000 -0.015500
v -0.013000 0.022320 -0.044434
v -0.013000 0.022517 -0.044177
v -0.013000 0.022726 -0.011949
v -0.013000 0.022463 -0.011774
v -0.013000 0.022295 -0.011506
v -0.012300 0.022752 -0.011958
v -0.012300 0.022446 -0.011756
v -0.012300 0.022273 -0.011434
v -0.012300 0.022752 -0.044043
v -0.012300 0.022517 -0.044177
v -0.012300 0.022273 -0.044567
v -0.012300 0.022320 -0.044434
v -0.012300 0.022446 -0.044244
vn -0.1758 -0.0000 0.9844
vn -0.5391 -0.0000 0.8422
vn -0.8422 -0.0000 0.5391
vn -0.9844 -0.0000 0.1758
vn -0.7879 0.1638 0.5936
vn -0.7022 0.3461 0.6222
vn -0.8422 -0.0003 0.5391
vn -0.9826 0.0065 0.1856
vn -0.9816 0.0085 0.1908
vn -0.9850 0.0124 0.1723
vn -0.9838 0.0031 0.1790
vn -0.9843 0.0011 0.1764
vn -0.9844 0.0001 0.1758
vn -0.9746 0.1122 0.1938
vn -0.9760 0.1199 0.1816
vn -0.1757 0.0351 0.9838
vn -0.2622 -0.0044 0.9650
vn -0.2614 0.1371 0.9554
vn -0.4290 0.0457 0.9021
vn -0.4238 0.2209 0.8784
vn -0.9884 0.0717 0.1339
vn -0.9924 0.0455 0.1140
vn -0.9890 0.0302 0.1448
vn -0.9878 0.0352 0.1515
vn -0.9878 0.0206 0.1545
vn -0.5390 0.0231 0.8420
vn -0.5939 -0.0093 0.8045
vn -0.5931 0.1067 0.7980
vn -0.6895 0.0406 0.7231
vn -0.6910 0.1709 0.7023
vn -0.6000 0.2090 0.7722
vn -0.8837 0.0312 0.4670
vn -0.8871 0.0274 0.4607
vn -0.8872 0.1264 0.4438
vn -0.9221 0.0779 0.3790
vn -0.9232 0.1637 0.3478
vn -0.7866 0.2850 0.5478
vn -0.8425 0.2213 0.4912
vn -0.5983 0.3728 0.7093
vn -0.8076 0.1824 0.5608
vn -0.7022 0.3804 0.6019
vn -0.8432 0.3088 0.4401
vn -0.6985 0.3585 0.6193
vn -0.9412 0.1857 0.2822
vn -0.9745 0.1013 0.2002
vn -0.9973 0.0413 0.0613
vn -0.7497 0.3624 0.5538
vn -0.9381 0.1954 0.2860
vn -0.9412 0.1882 0.2806
vn -0.9970 0.0430 0.0649
vn -0.9970 0.0409 0.0663
vn -0.0008 -1.0000 0.0007
vn -0.0000 -1.0000 -0.0000
vn -0.0000 0.6347 0.7727
vn 0.0003 0.6374 0.7705
vn -0.0000 0.6508 0.7593
vn -0.0000 0.6508 -0.7593
vn 0.0003 0.6374 -0.7705
vn -0.0000 0.6347 -0.7727
vn -0.0000 0.4694 0.8830
vn -0.0000 0.7965 0.6046
vn -0.0000 0.9767 0.2147
vn -0.0000 0.1875 -0.9823
vn -0.0000 0.1875 0.9823
vn -0.0000 1.0000 -0.0000
vn -0.0000 -0.6374 0.7706
vn -0.0000 -0.6373 0.7706
vn -0.0000 -0.4695 -0.8830
vn -0.0000 -0.4694 -0.8830
vn -0.0000 -0.7966 -0.6046
vn -0.0000 -0.9767 -0.2147
vn -0.0000 0.9881 0.1540
vn -0.0000 -0.9767 0.2147
vn -0.0000 -0.7966 0.6046
vn -0.0000 -0.4695 0.8829
vn -0.0000 -0.4694 0.8830
vn -0.0000 -0.6373 -0.7706
vn -0.0000 -0.6374 -0.7706
vn -0.0000 -0.9881 0.1540
vn 1.0000 -0.0000 -0.0000
vn -0.0000 0.2025 0.9793
vn -1.0000 -0.0000 -0.0000
vn -0.0000 -0.0000 -1.0000
vn -0.0000 -0.9859 -0.1675
vn -0.0000 0.9859 -0.1676
vn -0.0000 -0.9370 -0.3492
vn 0.0098 -0.8345 -0.5509
vn 0.0108 -0.8357 -0.5490
vn -0.0000 -0.6911 -0.7228
vn -0.0000 -0.4739 -0.8806
vn 0.0342 -0.5299 -0.8474
vn -0.0000 -0.3069 -0.9517
vn -0.0000 0.3069 -0.9518
vn 0.0253 0.4737 -0.8803
vn -0.0000 0.5302 -0.8479
vn -0.0000 0.6910 -0.7228
vn 0.0107 0.8345 -0.5508
vn 0.0097 0.8358 -0.5490
vn -0.0000 0.9370 -0.3492
vn -0.0000 0.9859 0.1676
vn -0.0000 0.9371 0.3492
vn 0.0097 0.8358 0.5490
vn 0.0107 0.8345 0.5508
vn -0.0000 0.6911 0.7228
vn -0.0000 0.5301 0.8479
vn 0.0253 0.4737 0.8803
vn -0.0000 0.3069 0.9517
vn -0.0000 -0.0000 1.0000
vn -0.0000 -0.5302 0.8479
vn 0.0253 -0.4737 0.8803
vn -0.0000 -0.3069 0.9517
vn -0.0000 -0.9859 0.1675
vn -0.0000 -0.9370 0.3492
vn 0.0098 -0.8345 0.5509
vn 0.0108 -0.8357 0.5490
vn -0.0000 -0.6911 0.7228
vn -1.0000 -0.0000 -0.0001
vn -0.7020 -0.7021 0.1193
vn -0.7021 -0.7020 0.1192
vn -0.6962 -0.5991 0.3955
vn -0.6962 -0.3402 0.6322
vn -0.6961 -0.0000 0.7179
vn -0.6961 0.3402 0.6322
vn -0.6962 0.3402 0.6322
vn -0.6962 0.5991 0.3955
vn -0.6961 0.5992 0.3955
vn -0.7020 0.7021 0.1193
vn -0.7020 -0.7021 -0.1193
vn -0.7020 0.7021 -0.1193
vn -0.7021 -0.7020 -0.1193
vn -0.7056 -0.6441 -0.2954
vn -0.6451 -0.6377 -0.4209
vn -0.7029 -0.5544 -0.4455
vn -0.7050 -0.4190 -0.5722
vn -0.6424 -0.3631 -0.6748
vn -0.7037 -0.2670 -0.6584
vn -0.7044 -0.0874 -0.7044
vn -0.6415 -0.0000 -0.7671
vn -0.7044 0.0874 -0.7044
vn -0.6961 0.3402 -0.6322
vn -0.5761 0.3072 -0.7575
vn -0.7050 0.4190 -0.5722
vn -0.6962 0.5991 -0.3955
vn -0.5959 0.6260 -0.5031
vn -0.7055 0.6441 -0.2956
vn -0.0000 -0.9859 0.1676
vn -0.0000 -0.8346 0.5509
vn -0.0000 -0.4739 0.8806
vn -0.0000 0.4739 0.8806
vn -0.0000 0.8346 0.5509
vn -0.0000 0.9859 0.1675
vn -0.0000 0.9659 -0.2588
vn -0.0068 0.9859 -0.1675
vn -0.0000 0.9089 -0.4171
vn -0.0000 0.7071 -0.7071
vn -0.0079 0.7795 -0.6264
vn -0.0000 0.5908 -0.8068
vn -0.0000 0.2588 -0.9659
vn -0.0090 0.3757 -0.9267
vn -0.0000 0.1231 -0.9924
vn -0.0000 -0.1231 -0.9924
vn -0.0048 -0.2588 -0.9659
vn -0.0000 -0.3757 -0.9267
vn -0.0000 -0.5908 -0.8068
vn -0.0047 -0.7071 -0.7071
vn -0.0000 -0.9859 -0.1676
vn -0.0044 -0.9659 -0.2588
vn -0.0000 -0.9089 -0.4169
vn -0.0000 -0.7795 -0.6264
vn -0.8500 -0.0000 0.5267
vn -0.8500 -0.2496 0.4638
vn -0.8500 -0.4396 0.2901
vn -0.8539 -0.5131 0.0872
vn -0.8539 0.5131 0.0871
vn -0.8500 0.4396 0.2902
vn -0.8500 0.2496 0.4638
vn -0.8491 0.1367 -0.5102
vn -0.8491 0.3735 -0.3735
vn -0.8491 0.5102 -0.1367
vn -0.8491 -0.5102 -0.1367
vn -0.8491 -0.3735 -0.3735
vn -0.8491 -0.1367 -0.5102
vn -0.0000 0.6911 -0.7228
vn -0.0000 0.9371 -0.3492
vn -0.0000 0.9370 0.3492
vn -0.6424 -0.3632 -0.6748
vn -0.7037 -0.2669 -0.6584
vn -0.0090 0.3758 -0.9267
vn -0.8500 -0.4396 0.2902
vn 0.7008 0.7008 -0.1337
vn 0.7134 0.6873 -0.1367
vn 0.7071 0.6554 -0.2654
vn 0.7002 0.5936 -0.3966
vn 0.7002 0.3966 -0.5936
vn 0.7071 0.2655 -0.6554
vn 0.7134 0.1367 -0.6873
vn 0.7008 0.1337 -0.7008
vn 0.6948 0.1861 -0.6947
vn 0.7009 0.4653 -0.5406
vn 0.7193 0.4913 -0.4912
vn 0.7049 0.7049 -0.0793
vn 0.7240 0.6663 -0.1786
vn 0.7031 0.6619 -0.2599
vn 0.7061 0.5851 -0.3988
vn 0.7071 0.7071 -0.0000
vn -0.0000 0.9844 -0.1758
vn -0.0010 0.9808 -0.1951
vn 0.0011 0.8422 -0.5391
vn -0.0000 0.8315 -0.5556
vn -0.0000 0.5391 -0.8422
vn 0.0012 0.5556 -0.8315
vn -0.0011 0.1758 -0.9844
vn -0.0000 0.1951 -0.9808
vn 0.8921 -0.1648 0.4206
vn 0.8744 -0.1860 0.4482
vn 0.8924 -0.1971 0.4060
vn 0.8918 -0.2365 0.3856
vn 0.8819 -0.3078 0.3572
vn 0.8925 -0.2687 0.3622
vn 0.8920 -0.2364 0.3854
vn 0.7540 -0.3918 0.5273
vn 0.9123 -0.2568 0.3190
vn 0.7765 -0.4137 0.4754
vn 0.7867 -0.4016 0.4689
vn 0.4962 -0.5709 0.6541
vn 0.7034 -0.4999 0.5052
vn 0.7031 -0.5259 0.4786
vn 0.9406 -0.2581 0.2204
vn 0.7034 -0.5616 0.4357
vn 0.7036 -0.5815 0.4085
vn 0.6224 -0.6451 0.4432
vn 0.8545 -0.4471 0.2643
vn 0.7036 -0.6154 0.3552
vn 0.7041 -0.6344 0.3190
vn 0.7631 -0.5862 0.2722
vn -0.5079 -0.7975 0.3256
vn 0.7037 -0.6659 0.2478
vn 0.7037 -0.6844 0.1909
vn 0.8715 -0.4744 0.1243
vn 0.5116 -0.8432 0.1653
vn 0.7035 -0.6994 0.1258
vn 0.7036 -0.7041 0.0965
vn 0.9246 -0.3796 0.0300
vn 0.7034 -0.7096 0.0411
vn 0.7038 -0.7092 -0.0410
vn 0.9243 -0.3804 -0.0300
vn 0.7039 -0.7037 -0.0964
vn 0.7039 -0.6991 -0.1257
vn 0.5112 -0.8434 -0.1653
vn 0.8716 -0.4742 -0.1243
vn 0.7036 -0.6844 -0.1909
vn 0.7039 -0.6720 -0.2301
vn 0.8302 -0.5225 -0.1944
vn -0.1507 -0.9072 -0.3927
vn 0.7034 -0.6447 -0.2993
vn 0.7032 -0.6158 -0.3554
vn 0.8545 -0.4472 -0.2643
vn 0.6228 -0.6449 -0.4430
vn 0.7039 -0.5812 -0.4083
vn 0.7038 -0.5613 -0.4355
vn 0.9401 -0.2593 -0.2214
vn 0.7036 -0.5255 -0.4783
vn 0.7040 -0.4996 -0.5047
vn 0.6911 -0.5058 -0.5163
vn 0.8809 -0.3122 -0.3558
vn 0.8744 -0.3167 -0.3677
vn 0.8902 -0.2782 -0.3607
vn 0.8927 -0.2686 -0.3619
vn 0.8731 -0.1850 -0.4511
vn 0.8774 -0.1839 -0.4431
vn 0.8926 -0.1463 -0.4265
vn 0.8894 -0.1950 -0.4135
vn 0.8925 -0.2004 -0.4040
vn 0.8920 -0.2363 -0.3854
vn 0.8420 -0.2655 -0.4696
vn 0.8926 -0.2520 -0.3739
vn 0.8590 -0.2205 0.4620
vn 0.7355 -0.2429 0.6325
vn 0.7536 -0.3608 0.5494
vn 0.7952 -0.3170 0.5169
vn 0.7539 -0.3166 0.5758
vn 0.7530 -0.2522 0.6078
vn 0.8027 -0.2411 0.5455
vn 0.8171 -0.3165 -0.4819
vn 0.7530 -0.3440 -0.5609
vn 0.7533 -0.4220 -0.5044
vn 0.7542 -0.4216 -0.5035
vn 0.7442 -0.4553 -0.4888
vn 0.7536 -0.2357 -0.6137
vn 0.7929 -0.2335 -0.5628
vn 0.7539 -0.2829 -0.5929
vn 0.7539 -0.3166 -0.5757
vn 0.7963 0.2318 0.5587
vn 0.8922 0.1647 -0.4205
vn 0.8745 0.1859 -0.4480
vn 0.8925 0.1970 -0.4059
vn 0.8919 0.2364 -0.3855
vn 0.8820 0.3076 -0.3570
vn 0.8926 0.2686 -0.3620
vn 0.8921 0.2363 -0.3852
vn 0.7540 0.3918 -0.5273
vn 0.9124 0.2567 -0.3188
vn 0.7765 0.4137 -0.4754
vn 0.7867 0.4016 -0.4689
vn 0.4965 0.5708 -0.6540
vn 0.7038 0.4997 -0.5049
vn 0.7035 0.5256 -0.4784
vn 0.9407 0.2581 -0.2204
vn 0.7035 0.5615 -0.4357
vn 0.7035 0.5858 -0.4024
vn 0.9347 0.3031 -0.1856
vn 0.9430 0.3237 -0.0776
vn 0.7035 0.6155 -0.3552
vn 0.7040 0.6345 -0.3190
vn 0.8204 0.5283 -0.2188
vn 0.7027 0.6587 -0.2689
vn 0.7034 0.6847 -0.1910
vn 0.9250 0.3789 0.0299
vn 0.7036 0.6973 -0.1367
vn 0.7037 0.7039 -0.0964
vn 0.9250 0.3789 -0.0299
vn 0.7034 0.7096 -0.0411
vn 0.7034 0.7096 0.0411
vn 0.7038 0.7038 0.0965
vn 0.7036 0.6973 0.1367
vn 0.9430 0.3237 0.0776
vn 0.9347 0.3032 0.1856
vn 0.7034 0.6847 0.1910
vn 0.7037 0.6722 0.2302
vn 0.9091 0.3850 0.1594
vn 0.7029 0.6527 0.2826
vn 0.7031 0.6159 0.3554
vn 0.7035 0.5858 0.4024
vn 0.7034 0.5615 0.4358
vn 0.9406 0.2581 0.2204
vn 0.7034 0.5257 0.4784
vn 0.7038 0.4997 0.5049
vn 0.6911 0.5058 0.5164
vn 0.7442 0.4552 0.4888
vn 0.8808 0.3090 0.3587
vn 0.8819 0.3082 0.3568
vn 0.8927 0.2686 0.3619
vn 0.8921 0.2362 0.3851
vn 0.8920 0.2364 0.3853
vn 0.8920 0.1732 0.4175
vn 0.8673 0.1816 0.4634
vn 0.8925 0.1969 0.4057
vn 0.8561 0.2226 -0.4665
vn 0.7387 0.2417 -0.6292
vn 0.7536 0.3608 -0.5494
vn 0.7952 0.3170 -0.5169
vn 0.7538 0.3166 -0.5758
vn 0.7530 0.2522 -0.6078
vn 0.8061 0.2402 -0.5408
vn 0.7541 0.4216 0.5036
vn 0.7533 0.4221 0.5044
vn 0.7530 0.3440 0.5609
vn 0.8171 0.3165 0.4819
vn 0.7538 0.3166 0.5758
vn 0.7531 0.2559 0.6060
vn 0.8667 0.2149 0.4503
vn 0.7293 0.2453 0.6387
vn 0.3995 -0.7005 0.5913
vn 0.5946 -0.7287 -0.3399
vn 0.5369 -0.5478 -0.6416
vn 0.6087 -0.4424 -0.6587
vn 0.5613 -0.4019 -0.7235
vn 0.7002 -0.2560 0.6664
vn 0.5532 -0.3415 0.7598
vn 0.2058 -0.6912 0.6928
vn 0.3843 -0.7078 0.5927
vn 0.4146 -0.6145 0.6712
vn 0.4532 -0.6020 0.6574
vn 0.4867 -0.5965 0.6383
vn 0.4940 -0.5801 0.6477
vn 0.5376 -0.5475 0.6413
vn 0.4517 -0.4303 0.7816
vn 0.6346 -0.4309 0.6415
vn 0.6819 -0.3150 0.6601
vn 0.6736 -0.3245 0.6641
vn 0.6760 -0.3550 0.6457
vn 0.6640 -0.3877 0.6394
vn 0.6636 -0.4107 0.6252
vn 0.6597 -0.4190 0.6239
vn 0.6640 -0.4460 0.6002
vn 0.6634 -0.4858 0.5691
vn 0.6683 -0.4891 0.5604
vn 0.6597 -0.5504 0.5117
vn 0.6636 -0.5532 0.5035
vn 0.6639 -0.5909 0.4584
vn 0.6571 -0.6074 0.4463
vn 0.6639 -0.6164 0.4234
vn 0.6498 -0.6949 0.3080
vn 0.6635 -0.6480 0.3740
vn 0.6615 -0.6514 0.3717
vn 0.6641 -0.6679 0.3359
vn 0.6639 -0.6810 0.3092
vn 0.6854 -0.6742 0.2752
vn 0.6722 -0.7022 0.2345
vn 0.6941 -0.6934 0.1934
vn 0.6693 -0.7291 0.1429
vn 0.7086 -0.6861 0.1647
vn 0.6896 -0.7174 0.0983
vn 0.6695 -0.7403 -0.0619
vn 0.7677 -0.6398 -0.0370
vn 0.6281 -0.7781 0.0095
vn 0.7613 -0.6473 0.0375
vn 0.6978 -0.7133 0.0659
vn 0.6982 -0.7084 0.1035
vn 0.6639 -0.6164 -0.4234
vn 0.6635 -0.6480 -0.3739
vn 0.6511 -0.5996 -0.4653
vn 0.6634 -0.6030 -0.4431
vn 0.6636 -0.5532 -0.5035
vn 0.6597 -0.5505 -0.5117
vn 0.6641 -0.5232 -0.5341
vn 0.6635 -0.4858 -0.5690
vn 0.6680 -0.4775 -0.5708
vn 0.6597 -0.4190 -0.6239
vn 0.6636 -0.4107 -0.6252
vn 0.6639 -0.3603 -0.6553
vn 0.6745 -0.3849 -0.6300
vn 0.6537 -0.3259 -0.6830
vn 0.6891 -0.3690 -0.6237
vn 0.6837 -0.2616 -0.6812
vn 0.4863 -0.6849 -0.5425
vn 0.4087 -0.7148 -0.5674
vn 0.4048 -0.6697 -0.6226
vn 0.3941 -0.6683 -0.6310
vn 0.3949 -0.6283 -0.6703
vn 0.3770 -0.6768 -0.6324
vn 0.3398 -0.6832 -0.6464
vn 0.3133 -0.6805 -0.6624
vn 0.2819 -0.7075 -0.6481
vn 0.2158 -0.6924 -0.6885
vn 0.6173 -0.6833 -0.3899
vn 0.6615 -0.6514 -0.3717
vn 0.6651 -0.6764 -0.3164
vn 0.6714 -0.6801 -0.2944
vn 0.6712 -0.6804 -0.2940
vn 0.6793 -0.6942 -0.2378
vn 0.6756 -0.7058 -0.2130
vn 0.6926 -0.6948 -0.1938
vn 0.6854 -0.7150 -0.1380
vn 0.6792 -0.7203 -0.1412
vn 0.7015 -0.7061 -0.0968
vn 0.5944 -0.7173 0.3636
vn 0.6126 -0.6865 0.3917
vn 0.5774 -0.6847 0.4446
vn 0.4859 -0.7081 0.5123
vn 0.4755 -0.6758 0.5632
vn 0.5210 -0.6878 0.5054
vn 0.4829 -0.5846 -0.6519
vn 0.4865 -0.5861 -0.6479
vn 0.4861 -0.6401 -0.5950
vn 0.4866 -0.6846 -0.5427
vn 0.5293 -0.6837 -0.5024
vn 0.4896 -0.7521 -0.4411
vn 0.2595 -0.7152 0.6489
vn 0.3786 -0.5879 0.7149
vn 0.2969 -0.7157 0.6321
vn 0.4021 -0.6493 0.6455
vn 0.3818 -0.6769 0.6293
vn 0.4861 -0.6401 0.5950
vn 0.4208 -0.3926 -0.8178
vn 0.5795 -0.5085 -0.6369
vn 0.5790 -0.5294 -0.6201
vn 0.5790 -0.5972 -0.5551
vn 0.5790 -0.6570 -0.4828
vn 0.5795 -0.6751 -0.4565
vn 0.5859 -0.6908 -0.4237
vn 0.5046 -0.7158 0.4827
vn 0.5792 -0.7030 0.4128
vn 0.5790 -0.6570 0.4828
vn 0.5789 -0.6571 0.4828
vn 0.5790 -0.5972 0.5551
vn 0.5790 -0.5294 0.6201
vn 0.5793 -0.5172 0.6300
vn 0.5963 -0.4601 0.6579
vn -0.0000 -0.6107 -0.7919
vn -0.0000 -0.4264 -0.9045
vn 0.0292 0.7246 -0.6886
vn 0.2196 0.6692 -0.7099
vn -0.0000 0.6527 -0.7576
vn 0.1380 0.5092 -0.8495
vn 0.0670 0.5217 -0.8505
vn -0.0000 0.5959 -0.8031
vn 0.0081 0.1820 -0.9833
vn -0.0156 0.2584 -0.9659
vn 0.2243 0.3102 -0.9238
vn -0.0000 0.3647 -0.9311
vn -0.0000 0.4367 -0.8996
vn 0.1588 0.1133 -0.9808
vn 0.1921 0.1058 -0.9757
vn -0.0002 0.0392 -0.9992
vn -0.0000 -0.1994 -0.9799
vn 0.1095 -0.1071 -0.9882
vn 0.2443 -0.1235 -0.9618
vn 0.0002 -0.0394 -0.9992
vn -0.0000 -0.3794 -0.9252
vn 0.1957 -0.3183 -0.9276
vn 0.2244 -0.3102 -0.9238
vn 0.0394 -0.2717 -0.9616
vn -0.0000 -0.2241 -0.9746
vn -0.0000 -0.5959 -0.8031
vn 0.0346 -0.5586 -0.8287
vn 0.2202 -0.5015 -0.8367
vn 0.0988 -0.4898 -0.8662
vn 0.0135 -0.4442 -0.8958
vn 0.0450 -0.6588 -0.7510
vn 0.2197 -0.6692 -0.7098
vn 0.0292 -0.7246 -0.6885
vn -0.0000 -0.9996 -0.0295
vn -0.0000 0.9996 -0.0295
vn -0.0000 -0.9861 -0.1661
vn -0.0000 -0.9276 -0.3736
vn -0.0000 -0.8260 -0.5637
vn -0.0000 -0.7343 -0.6788
vn -0.0001 -0.7343 -0.6788
vn -0.0000 0.9861 -0.1661
vn -0.0000 0.9276 -0.3736
vn -0.0000 0.8260 -0.5637
vn -0.0000 0.7343 -0.6788
vn 1.0000 0.0011 -0.0006
vn 1.0000 0.0003 0.0003
vn 1.0000 0.0001 0.0001
vn 1.0000 -0.0001 -0.0000
vn 1.0000 -0.0004 0.0004
vn 1.0000 -0.0004 0.0003
vn 1.0000 -0.0004 0.0008
vn 1.0000 0.0001 -0.0001
vn 1.0000 -0.0000 0.0001
vn 1.0000 0.0002 -0.0000
vn 1.0000 0.0001 -0.0000
vn 1.0000 -0.0004 -0.0003
vn 0.5946 0.7287 0.3399
vn 0.5360 0.5481 0.6421
vn 0.6078 0.4427 0.6592
vn 0.5652 0.4063 0.7180
vn 0.7002 0.2560 -0.6664
vn 0.5531 0.3414 -0.7599
vn 0.2058 0.6912 -0.6928
vn 0.3843 0.7078 -0.5927
vn 0.4146 0.6144 -0.6713
vn 0.4533 0.6020 -0.6573
vn 0.4866 0.5965 -0.6383
vn 0.4940 0.5801 -0.6477
vn 0.5375 0.5475 -0.6413
vn 0.4515 0.4301 -0.7818
vn 0.6347 0.4309 -0.6415
vn 0.6819 0.3150 -0.6601
vn 0.6736 0.3245 -0.6641
vn 0.6760 0.3550 -0.6457
vn 0.6640 0.3877 -0.6393
vn 0.6636 0.4107 -0.6252
vn 0.6597 0.4190 -0.6239
vn 0.6640 0.4460 -0.6002
vn 0.6634 0.4858 -0.5691
vn 0.6683 0.4891 -0.5604
vn 0.6597 0.5505 -0.5117
vn 0.6636 0.5533 -0.5035
vn 0.6639 0.5909 -0.4584
vn 0.6571 0.6074 -0.4463
vn 0.6639 0.6164 -0.4234
vn 0.6126 0.6865 -0.3917
vn 0.5944 0.7173 -0.3636
vn 0.6498 0.6949 -0.3080
vn 0.6635 0.6480 -0.3739
vn 0.6615 0.6514 -0.3717
vn 0.6641 0.6680 -0.3359
vn 0.6639 0.6809 -0.3092
vn 0.6854 0.6742 -0.2752
vn 0.6722 0.7022 -0.2345
vn 0.6941 0.6934 -0.1934
vn 0.6693 0.7291 -0.1429
vn 0.7086 0.6861 -0.1647
vn 0.6896 0.7174 -0.0983
vn 0.6695 0.7403 0.0619
vn 0.7677 0.6398 0.0370
vn 0.6982 0.7084 -0.1035
vn 0.6977 0.7133 -0.0659
vn 0.7613 0.6473 -0.0375
vn 0.7005 0.7132 -0.0241
vn 0.7006 0.7134 0.0136
vn 0.6639 0.6164 0.4234
vn 0.6635 0.6480 0.3739
vn 0.6511 0.5996 0.4653
vn 0.6634 0.6030 0.4431
vn 0.6636 0.5532 0.5035
vn 0.6597 0.5505 0.5117
vn 0.6641 0.5232 0.5341
vn 0.6635 0.4858 0.5690
vn 0.6680 0.4775 0.5708
vn 0.6597 0.4190 0.6239
vn 0.6636 0.4107 0.6253
vn 0.6639 0.3603 0.6553
vn 0.6732 0.3820 0.6331
vn 0.6531 0.3261 0.6834
vn 0.6895 0.3703 0.6224
vn 0.6833 0.2618 0.6816
vn 0.4863 0.6849 0.5426
vn 0.4087 0.7148 0.5674
vn 0.4048 0.6697 0.6226
vn 0.3931 0.6681 0.6317
vn 0.3933 0.6317 0.6680
vn 0.3771 0.6765 0.6326
vn 0.3395 0.6839 0.6458
vn 0.3096 0.6815 0.6631
vn 0.2822 0.7067 0.6488
vn 0.2148 0.6959 0.6853
vn 0.6173 0.6833 0.3899
vn 0.6615 0.6514 0.3717
vn 0.6651 0.6764 0.3165
vn 0.6714 0.6801 0.2944
vn 0.6712 0.6804 0.2940
vn 0.6794 0.6942 0.2377
vn 0.6756 0.7058 0.2131
vn 0.6926 0.6948 0.1938
vn 0.6854 0.7150 0.1380
vn 0.6792 0.7203 0.1412
vn 0.7015 0.7061 0.0968
vn 0.5045 0.7159 -0.4826
vn 0.5210 0.6878 -0.5054
vn 0.4755 0.6758 -0.5632
vn 0.4859 0.7081 -0.5123
vn 0.3995 0.7006 -0.5913
vn 0.4790 0.5840 0.6553
vn 0.4865 0.5871 0.6470
vn 0.4861 0.6401 0.5950
vn 0.4866 0.6847 0.5427
vn 0.5293 0.6837 0.5024
vn 0.4895 0.7522 0.4411
vn 0.2595 0.7153 -0.6489
vn 0.3785 0.5879 -0.7149
vn 0.2969 0.7157 -0.6321
vn 0.4021 0.6493 -0.6455
vn 0.3818 0.6769 -0.6293
vn 0.4861 0.6401 -0.5950
vn 0.4170 0.3911 0.8205
vn 0.5795 0.5095 0.6361
vn 0.5789 0.5294 0.6201
vn 0.5789 0.5972 0.5552
vn 0.5789 0.5972 0.5551
vn 0.5789 0.6570 0.4828
vn 0.5795 0.6751 0.4565
vn 0.5859 0.6908 0.4237
vn 0.5603 0.7070 -0.4315
vn 0.5796 0.6849 -0.4415
vn 0.5790 0.6570 -0.4828
vn 0.5790 0.6571 -0.4828
vn 0.5790 0.5972 -0.5551
vn 0.5789 0.5972 -0.5551
vn 0.5790 0.5294 -0.6201
vn 0.5793 0.5172 -0.6300
vn 0.5963 0.4601 -0.6579
vn 0.1809 -0.7767 -0.6033
vn 0.1503 -0.8833 0.4440
vn 0.0461 -0.9870 -0.1539
vn 0.0462 -0.9870 -0.1539
vn 0.0586 -0.9870 -0.1496
vn 0.1326 -0.9870 -0.0907
vn 0.1274 -0.9870 -0.0976
vn 0.1221 -0.9870 -0.1044
vn 0.1132 -0.9870 -0.1140
vn 0.1547 -0.9870 -0.0434
vn 0.1506 -0.9870 -0.0559
vn 0.1455 -0.9870 -0.0681
vn 0.1419 -0.9870 -0.0751
vn 0.1408 -0.9868 -0.0804
vn 0.1388 -0.9870 -0.0808
vn 0.1594 -0.9870 0.0197
vn 0.1605 -0.9870 0.0066
vn 0.1605 -0.9870 -0.0122
vn 0.1585 -0.9870 -0.0253
vn 0.1590 -0.9868 -0.0309
vn 0.1575 -0.9870 -0.0317
vn 0.1575 -0.9870 0.0327
vn 0.1584 -0.9870 0.0261
vn 0.1447 -0.9870 0.0699
vn 0.1499 -0.9870 0.0578
vn 0.1541 -0.9870 0.0453
vn 0.1573 -0.9870 0.0326
vn 0.1387 -0.9869 0.0820
vn 0.1414 -0.9870 0.0761
vn 0.1385 -0.9870 0.0814
vn 0.1314 -0.9870 0.0925
vn 0.1262 -0.9870 0.0992
vn 0.1209 -0.9870 0.1057
vn 0.1128 -0.9870 0.1143
vn 0.1130 -0.9868 0.1162
vn 0.1080 -0.9870 0.1188
vn 0.1022 -0.9870 0.1240
vn 0.0918 -0.9870 0.1319
vn 0.0806 -0.9870 0.1390
vn 0.0699 -0.9870 0.1447
vn 0.0695 -0.9868 0.1461
vn 0.0639 -0.9870 0.1472
vn 0.0521 -0.9870 0.1523
vn 0.0513 -0.9872 0.1513
vn 0.1981 -0.7183 0.6669
vn 0.1479 -0.8876 0.4362
vn 0.3080 -0.5588 0.7700
vn 0.2653 -0.7865 0.5578
vn 0.4016 -0.5133 0.7584
vn 0.3123 -0.7827 0.5384
vn 0.4573 -0.5768 0.6769
vn 0.3947 -0.7227 0.5674
vn 0.4453 -0.7143 0.5399
vn 0.5217 -0.5881 0.6180
vn 0.4364 -0.7796 0.4491
vn 0.6196 -0.5146 0.5927
vn 0.4641 -0.7874 0.4057
vn 0.6270 -0.6035 0.4926
vn 0.6822 -0.5086 0.5253
vn 0.5053 -0.7862 0.3557
vn 0.7061 -0.5611 0.4319
vn 0.5828 -0.7368 0.3427
vn 0.6471 -0.6954 0.3126
vn 0.7167 -0.6091 0.3396
vn 0.5907 -0.7740 0.2279
vn 0.8090 -0.5156 0.2822
vn 0.5881 -0.7900 0.1730
vn 0.8215 -0.5373 0.1909
vn 0.6403 -0.7566 0.1327
vn 0.7152 -0.6908 0.1061
vn 0.6087 -0.7898 0.0752
vn 0.7192 -0.6915 0.0679
vn 0.6480 -0.7611 0.0267
vn 0.8475 -0.5306 0.0128
vn 0.5061 -0.8616 -0.0384
vn 0.6610 -0.7479 -0.0611
vn 0.7082 -0.6925 -0.1375
vn 0.7755 -0.6118 -0.1562
vn 0.6108 -0.7731 -0.1713
vn 0.8163 -0.5171 -0.2574
vn 0.5744 -0.7903 -0.2133
vn 0.7739 -0.5349 -0.3390
vn 0.5906 -0.7582 -0.2763
vn 0.6588 -0.6515 -0.3762
vn 0.6627 -0.6460 -0.3788
vn 0.5361 -0.7602 -0.3669
vn 0.6864 -0.5315 -0.4963
vn 0.1999 -0.7182 -0.6665
vn 0.2427 -0.5845 -0.7743
vn 0.2277 -0.7807 -0.5819
vn 0.3421 -0.5143 -0.7864
vn 0.2707 -0.7872 -0.5541
vn 0.3311 -0.7027 -0.6298
vn 0.3371 -0.7513 -0.5674
vn 0.3434 -0.7417 -0.5761
vn 0.4215 -0.6863 -0.5927
vn 0.4604 -0.6159 -0.6392
vn 0.4099 -0.7714 -0.4867
vn 0.5691 -0.5226 -0.6349
vn 0.4318 -0.7900 -0.4352
vn 0.6292 -0.5317 -0.5669
vn 0.4931 -0.7609 -0.4218
vn 0.5739 -0.6908 -0.4398
vn 0.1322 -0.8878 -0.4408
vn 0.1855 -0.8365 -0.5157
vn 0.1998 -0.8363 -0.5106
vn 0.2407 -0.8363 -0.4927
vn 0.2801 -0.8363 -0.4714
vn 0.3178 -0.8363 -0.4468
vn 0.3532 -0.8363 -0.4194
vn 0.3533 -0.8363 -0.4194
vn 0.3862 -0.8363 -0.3892
vn 0.4167 -0.8363 -0.3564
vn 0.4350 -0.8365 -0.3333
vn 0.4525 -0.8363 -0.3097
vn 0.4762 -0.8363 -0.2719
vn 0.4967 -0.8363 -0.2323
vn 0.5140 -0.8363 -0.1909
vn 0.5141 -0.8362 -0.1909
vn 0.5280 -0.8362 -0.1480
vn 0.5280 -0.8363 -0.1480
vn 0.5383 -0.8363 -0.1045
vn 0.5475 -0.8358 -0.0415
vn 0.5479 -0.8363 0.0225
vn 0.5442 -0.8363 0.0672
vn 0.5369 -0.8363 0.1112
vn 0.5260 -0.8363 0.1547
vn 0.5116 -0.8363 0.1974
vn 0.4937 -0.8363 0.2385
vn 0.4727 -0.8363 0.2779
vn 0.4484 -0.8363 0.3156
vn 0.4309 -0.8365 0.3386
vn 0.4128 -0.8363 0.3609
vn 0.3821 -0.8363 0.3933
vn 0.3821 -0.8362 0.3933
vn 0.3489 -0.8362 0.4230
vn 0.3131 -0.8362 0.4502
vn 0.2751 -0.8362 0.4743
vn 0.2355 -0.8362 0.4952
vn 0.2355 -0.8363 0.4952
vn 0.1908 -0.8362 0.5142
vn 0.2049 -0.7698 0.6044
vn 0.1138 -0.9869 -0.1142
vn 0.1083 -0.9870 -0.1184
vn 0.1035 -0.9870 -0.1229
vn 0.0931 -0.9870 -0.1309
vn 0.0820 -0.9870 -0.1381
vn 0.0705 -0.9870 -0.1443
vn 0.0707 -0.9870 -0.1444
vn 0.0663 -0.9870 -0.1462
vn 0.0691 -0.0264 -0.9973
vn 0.6598 -0.2525 -0.7077
vn 0.3792 -0.1451 -0.9139
vn 0.5326 -0.2039 -0.8214
vn 0.0639 -0.0252 -0.9976
vn 0.0616 -0.0304 -0.9976
vn 0.0684 -0.0366 -0.9970
vn 0.0237 -0.0644 -0.9976
vn 0.0288 -0.0625 -0.9976
vn 0.0366 -0.0583 -0.9976
vn 0.0438 -0.0531 -0.9976
vn 0.0502 -0.0471 -0.9976
vn 0.0510 -0.0476 -0.9976
vn 0.0533 -0.0431 -0.9976
vn 0.0589 -0.0422 -0.9974
vn 0.0562 -0.0396 -0.9976
vn 0.0595 -0.0344 -0.9976
vn 0.0046 -0.0147 -0.9999
vn 0.0210 -0.0656 -0.9976
vn 0.0218 -0.0699 -0.9973
vn 0.0849 -0.2724 -0.9584
vn 0.5890 -0.2406 -0.7715
vn 0.5613 -0.3006 -0.7711
vn 0.5177 -0.3707 -0.7711
vn 0.4656 -0.4343 -0.7711
vn 0.4055 -0.4909 -0.7711
vn 0.3388 -0.5391 -0.7711
vn 0.2663 -0.5784 -0.7711
vn 0.2663 -0.5783 -0.7711
vn 0.1894 -0.6079 -0.7711
vn 0.1895 -0.6080 -0.7710
vn 0.1349 -0.4327 -0.8914
vn 0.0992 -0.2956 -0.9501
vn 0.1306 -0.2836 -0.9500
vn 0.1661 -0.2643 -0.9500
vn 0.1988 -0.2407 -0.9500
vn 0.2283 -0.2130 -0.9500
vn 0.2283 -0.2129 -0.9500
vn 0.2538 -0.1817 -0.9500
vn 0.2752 -0.1474 -0.9500
vn 0.2860 -0.1238 -0.9502
vn 0.2201 -0.0842 -0.9718
vn 0.5701 0.6945 -0.4390
vn 0.0662 0.9672 0.2452
vn 0.0155 0.9986 0.0515
vn 0.0640 0.9906 0.1212
vn 0.0493 0.9908 0.1260
vn 0.0494 0.9908 0.1257
vn 0.0594 0.9908 0.1217
vn 0.0613 0.9928 0.1031
vn 0.0645 0.9908 0.1191
vn 0.0733 0.9920 0.1031
vn 0.0859 0.9901 0.1112
vn 0.0752 0.9908 0.1122
vn 0.0885 0.9905 0.1050
vn 0.0922 0.9914 0.0929
vn 0.0939 0.9908 0.0974
vn 0.1027 0.9908 0.0879
vn 0.1028 0.9908 0.0881
vn 0.1071 0.9909 0.0821
vn 0.1076 0.9911 0.0789
vn 0.1133 0.9905 0.0776
vn 0.1128 0.9913 0.0685
vn 0.1186 0.9906 0.0678
vn 0.1205 0.9911 0.0564
vn 0.1235 0.9905 0.0603
vn 0.1248 0.9911 0.0464
vn 0.1279 0.9905 0.0498
vn 0.1282 0.9910 0.0381
vn 0.1314 0.9906 0.0369
vn 0.1311 0.9908 0.0321
vn 0.1324 0.9908 0.0267
vn 0.1339 0.9906 0.0260
vn 0.1342 0.9906 0.0281
vn 0.1329 0.9910 0.0166
vn 0.1431 0.9897 0.0109
vn 0.1350 0.9908 0.0056
vn 0.1350 0.9908 -0.0056
vn 0.1349 0.9908 -0.0056
vn 0.1342 0.9908 -0.0166
vn 0.1340 0.9908 -0.0166
vn 0.1326 0.9908 -0.0275
vn 0.1321 0.9908 -0.0276
vn 0.1299 0.9908 -0.0382
vn 0.1292 0.9909 -0.0384
vn 0.1263 0.9908 -0.0488
vn 0.1256 0.9909 -0.0489
vn 0.1220 0.9908 -0.0590
vn 0.1211 0.9909 -0.0591
vn 0.1169 0.9908 -0.0688
vn 0.1164 0.9908 -0.0688
vn 0.1106 0.9908 -0.0778
vn 0.1062 0.9908 -0.0835
vn 0.1048 0.9908 -0.0853
vn 0.1027 0.9907 -0.0897
vn 0.0924 0.9918 -0.0887
vn 0.0943 0.9908 -0.0970
vn 0.0861 0.9908 -0.1043
vn 0.0910 0.9902 -0.1060
vn 0.0739 0.9916 -0.1062
vn 0.0815 0.9905 -0.1109
vn 0.0687 0.9910 -0.1149
vn 0.0685 0.9907 -0.1180
vn 0.0637 0.9908 -0.1191
vn 0.0782 0.9671 -0.2421
vn 0.0589 0.9908 -0.1217
vn 0.0586 0.9907 -0.1231
vn 0.0490 0.9910 -0.1248
vn 0.0536 0.9929 -0.1064
vn 0.0155 0.9986 -0.0515
vn 0.1856 0.7582 -0.6250
vn 0.1920 0.8034 -0.5636
vn 0.2639 0.7036 -0.6598
vn 0.2798 0.7590 -0.5879
vn 0.3364 0.6952 -0.6352
vn 0.3275 0.7579 -0.5643
vn 0.4113 0.6941 -0.5909
vn 0.3765 0.7401 -0.5573
vn 0.4304 0.7368 -0.5214
vn 0.4548 0.7092 -0.5387
vn 0.4558 0.7566 -0.4688
vn 0.5192 0.6956 -0.4966
vn 0.4899 0.7595 -0.4280
vn 0.5523 0.7118 -0.4338
vn 0.5324 0.7590 -0.3748
vn 0.6271 0.6861 -0.3688
vn 0.5686 0.7454 -0.3478
vn 0.6129 0.7326 -0.2962
vn 0.6336 0.7130 -0.3003
vn 0.6118 0.7550 -0.2361
vn 0.6783 0.6956 -0.2366
vn 0.6232 0.7603 -0.1833
vn 0.7286 0.6681 -0.1510
vn 0.6600 0.7507 -0.0271
vn 0.6787 0.7316 -0.0641
vn 0.6448 0.7602 -0.0796
vn 0.6745 0.7314 -0.1000
vn 0.6375 0.7561 -0.1482
vn 0.5940 0.8026 0.0549
vn 0.6740 0.7386 0.0131
vn 0.6739 0.7385 -0.0232
vn 0.6606 0.7490 0.0502
vn 0.6695 0.7313 0.1302
vn 0.6865 0.7139 0.1382
vn 0.6320 0.7544 0.1774
vn 0.6848 0.6960 0.2160
vn 0.6087 0.7604 0.2263
vn 0.6762 0.6652 0.3166
vn 0.5978 0.7577 0.2618
vn 0.6012 0.7215 0.3436
vn 0.6014 0.7212 0.3438
vn 0.5455 0.7502 0.3737
vn 0.5798 0.6986 0.4192
vn 0.5412 0.7315 0.4148
vn 0.5021 0.7507 0.4293
vn 0.5317 0.6984 0.4791
vn 0.4576 0.7603 0.4611
vn 0.4908 0.6478 0.5826
vn 0.4279 0.7675 0.4773
vn 0.4076 0.7111 0.5729
vn 0.4001 0.7289 0.5555
vn 0.3406 0.7453 0.5732
vn 0.3398 0.7480 0.5701
vn 0.3018 0.7261 0.6178
vn 0.2839 0.7923 0.5400
vn 0.2866 0.6954 0.6590
vn 0.2381 0.7571 0.6084
vn 0.1943 0.6764 0.7105
vn 0.1951 0.7580 0.6224
vn 0.1605 0.8803 -0.4464
vn 0.1610 0.8758 -0.4550
vn 0.2072 0.8761 -0.4354
vn 0.2420 0.8761 -0.4170
vn 0.2755 0.8761 -0.3957
vn 0.3069 0.8761 -0.3719
vn 0.3361 0.8761 -0.3457
vn 0.3631 0.8761 -0.3172
vn 0.3790 0.8762 -0.2977
vn 0.3943 0.8761 -0.2776
vn 0.4156 0.8761 -0.2444
vn 0.4342 0.8761 -0.2098
vn 0.4498 0.8761 -0.1736
vn 0.4626 0.8761 -0.1361
vn 0.4722 0.8761 -0.0978
vn 0.4785 0.8761 -0.0591
vn 0.4786 0.8761 -0.0591
vn 0.4818 0.8761 -0.0198
vn 0.4815 0.8757 0.0366
vn 0.4733 0.8761 0.0920
vn 0.4642 0.8761 0.1303
vn 0.4520 0.8761 0.1680
vn 0.4367 0.8761 0.2044
vn 0.4186 0.8761 0.2393
vn 0.3978 0.8761 0.2725
vn 0.3825 0.8762 0.2931
vn 0.3664 0.8761 0.3134
vn 0.3665 0.8761 0.3134
vn 0.3396 0.8761 0.3423
vn 0.3397 0.8760 0.3423
vn 0.3107 0.8760 0.3688
vn 0.2795 0.8761 0.3929
vn 0.2463 0.8761 0.4146
vn 0.2117 0.8761 0.4333
vn 0.2116 0.8761 0.4332
vn 0.1757 0.8761 0.4490
vn 0.1528 0.8762 0.4570
vn 0.1466 0.8808 0.4502
vn 0.4974 0.1793 -0.8488
vn 0.1548 0.5082 -0.8472
vn 0.0160 0.0513 -0.9986
vn 0.0086 0.0027 -1.0000
vn 0.0071 -0.0065 -1.0000
vn 0.0208 0.0494 -0.9986
vn 0.0220 0.0508 -0.9985
vn 0.0235 0.0455 -0.9987
vn 0.0251 0.0473 -0.9986
vn 0.0274 0.0460 -0.9986
vn 0.0309 0.0467 -0.9984
vn 0.0278 0.0436 -0.9987
vn 0.0336 0.0438 -0.9985
vn 0.0323 0.0427 -0.9986
vn 0.0365 0.0392 -0.9986
vn 0.0313 0.0352 -0.9989
vn 0.0402 0.0385 -0.9984
vn 0.0394 0.0361 -0.9986
vn 0.0428 0.0324 -0.9986
vn 0.0046 0.0016 -1.0000
vn 0.0095 0.0036 -0.9999
vn 0.0324 0.0265 -0.9991
vn 0.0444 0.0308 -0.9985
vn 0.0451 0.0288 -0.9986
vn 0.0463 0.0269 -0.9986
vn 0.0409 0.0216 -0.9989
vn 0.0483 0.0231 -0.9986
vn 0.0494 0.0206 -0.9986
vn 0.0635 0.0161 -0.9979
vn 0.0874 0.0355 -0.9955
vn 0.6541 0.2391 -0.7176
vn 0.5845 0.2358 -0.7763
vn 0.5755 0.2755 -0.7700
vn 0.5773 0.2781 -0.7677
vn 0.5421 0.3147 -0.7791
vn 0.5517 0.3406 -0.7613
vn 0.5123 0.3547 -0.7822
vn 0.5134 0.4195 -0.7486
vn 0.4924 0.3800 -0.7830
vn 0.4633 0.4442 -0.7668
vn 0.4620 0.4401 -0.7700
vn 0.4178 0.4699 -0.7776
vn 0.4197 0.4928 -0.7623
vn 0.3759 0.4972 -0.7820
vn 0.3756 0.4988 -0.7811
vn 0.3597 0.5332 -0.7657
vn 0.3363 0.5270 -0.7805
vn 0.3031 0.5706 -0.7632
vn 0.3029 0.5579 -0.7726
vn 0.2508 0.5792 -0.7756
vn 0.2474 0.5964 -0.7637
vn 0.1974 0.5898 -0.7830
vn 0.1992 0.6690 -0.7160
vn 0.2877 0.1149 -0.9508
vn 0.2777 0.1144 -0.9538
vn 0.2711 0.1298 -0.9538
vn 0.2599 0.1509 -0.9538
vn 0.2471 0.1711 -0.9538
vn 0.2327 0.1901 -0.9538
vn 0.2169 0.2080 -0.9538
vn 0.1997 0.2246 -0.9538
vn 0.1812 0.2397 -0.9538
vn 0.1617 0.2533 -0.9538
vn 0.1410 0.2654 -0.9538
vn 0.1194 0.2758 -0.9538
vn 0.0959 0.2849 -0.9538
vn 0.0444 0.2015 -0.9785
vn -0.0099 0.9976 -0.0691
vn -0.0656 0.3198 -0.9452
vn -0.0689 0.4744 -0.8776
vn -0.0758 0.3979 -0.9143
vn -0.1120 0.6465 -0.7547
vn -0.1121 0.6459 -0.7552
vn -0.1161 0.7722 -0.6247
vn -0.0962 0.8243 -0.5579
vn -0.0925 0.8915 -0.4435
vn -0.0577 0.9507 -0.3046
vn -0.0577 0.9514 -0.3025
vn -0.0270 0.9955 -0.0912
vn -0.0227 0.9947 -0.1003
vn -0.0109 0.1093 -0.9939
vn -0.0171 0.1062 -0.9942
vn -0.0190 0.1064 -0.9941
vn -0.0183 0.1061 -0.9942
vn -0.0153 0.1039 -0.9945
vn -0.0142 0.1027 -0.9946
vn -0.0135 0.1050 -0.9944
vn -0.0126 0.1068 -0.9942
vn -0.0072 0.1130 -0.9936
vn 0.0018 0.0875 -0.9962
vn -0.0022 0.0876 -0.9962
vn -0.0053 0.1160 -0.9932
vn -0.0041 0.0884 -0.9961
vn -0.0045 0.0888 -0.9960
vn -0.0042 0.0884 -0.9961
vn -0.0095 0.1103 -0.9938
vn -0.0111 0.1088 -0.9940
vn -0.0136 0.1072 -0.9941
vn 0.0169 0.1068 -0.9941
vn 0.0144 0.1074 -0.9941
vn 0.0128 0.1082 -0.9940
vn 0.0104 0.1098 -0.9939
vn 0.0079 0.1126 -0.9936
vn 0.0068 0.1141 -0.9934
vn 0.0039 0.0884 -0.9961
vn 0.0042 0.0888 -0.9960
vn 0.0038 0.0884 -0.9961
vn 0.0158 0.1049 -0.9944
vn 0.0183 0.1068 -0.9941
vn 0.0187 0.1069 -0.9941
vn 0.0255 0.2029 -0.9789
vn 0.0207 0.2072 -0.9781
vn 0.0586 0.1481 -0.9872
vn 0.0684 0.4003 -0.9138
vn 0.1014 0.5212 -0.8474
vn 0.1030 0.6476 -0.7550
vn 0.1151 0.6889 -0.7156
vn 0.1181 0.8227 -0.5561
vn 0.0940 0.7566 -0.6471
vn 0.0980 0.9477 -0.3038
vn 0.0600 0.8797 -0.4718
vn 0.0574 0.9672 -0.2474
vn 0.0096 0.9974 -0.0721
vn 0.0104 0.9986 -0.0528
vn 0.0046 0.9984 -0.0558
vn 0.0092 0.9974 -0.0721
vn 0.0120 0.9649 -0.2623
vn 0.0218 0.9519 -0.3056
vn 0.0241 0.8399 -0.5422
vn 0.0287 0.8281 -0.5598
vn 0.0291 0.6407 -0.7673
vn 0.0264 0.6509 -0.7587
vn 0.0243 0.3631 -0.9314
vn 0.0164 0.4015 -0.9157
vn 0.0122 0.1023 -0.9947
vn 0.0056 0.1161 -0.9932
vn -0.0024 0.9966 -0.0818
vn -0.0087 0.9990 -0.0441
vn -0.0133 0.9522 -0.3053
vn -0.0218 0.9648 -0.2623
vn -0.0254 0.8279 -0.5603
vn -0.0298 0.8398 -0.5421
vn -0.0302 0.6498 -0.7595
vn -0.0277 0.6407 -0.7673
vn -0.0253 0.3992 -0.9165
vn -0.0168 0.3631 -0.9316
vn -0.0121 0.1018 -0.9947
vn -0.0037 0.0878 -0.9961
vn -0.0000 0.7310 0.6823
vn -0.0000 0.7311 0.6823
vn -0.7021 0.7020 0.1193
vn -0.7065 0.6538 0.2708
vn -0.6590 0.6277 0.4144
vn -0.7006 0.5725 0.4259
vn -0.6405 -0.6162 0.4583
vn -0.7066 -0.6538 0.2708
vn -0.7021 0.7020 -0.1192
vn -0.0000 -0.9749 0.2226
vn -0.0035 -0.9859 0.1676
vn -0.0026 0.9749 0.2225
vn -0.0000 0.9239 0.3827
vn -0.0000 0.7818 0.6235
vn -0.0021 0.8023 0.5969
vn 0.0024 0.4339 0.9010
vn -0.0008 0.4739 0.8806
vn 0.0007 -0.0000 1.0000
vn -0.0007 -0.4339 0.9010
vn 0.0020 -0.4739 0.8806
vn -0.0018 -0.7818 0.6235
vn -0.0000 -0.8024 0.5968
vn -0.0000 -0.9239 0.3827
vn -0.0000 0.9859 -0.1675
vn -0.0044 0.9659 -0.2588
vn -0.0000 0.7795 -0.6264
vn -0.0047 0.7071 -0.7071
vn -0.0000 0.3758 -0.9267
vn -0.0048 0.2588 -0.9659
vn -0.8513 -0.5115 0.1168
vn -0.8513 -0.0000 0.5247
vn -0.8513 -0.2276 0.4727
vn -0.8513 -0.4102 0.3271
vn -0.8513 0.5115 0.1167
vn -0.8513 0.4102 0.3271
vn -0.8513 0.2277 0.4727
vn -0.0000 0.7311 -0.6823
vn -0.0000 -0.6910 -0.7228
vn -0.0000 -0.3069 -0.9518
vn -0.0000 0.3068 -0.9518
vn -0.0000 0.6910 -0.7229
vn -0.0000 -0.9371 0.3492
vn -0.7020 0.7021 0.1192
vn -0.7055 0.6441 0.2956
vn -0.6451 0.6377 0.4209
vn -0.7029 0.5544 0.4455
vn -0.7050 0.4190 0.5722
vn -0.6424 0.3631 0.6748
vn -0.7037 0.2670 0.6584
vn -0.6962 -0.0000 0.7179
vn -0.5552 0.1024 0.8254
vn -0.7044 -0.0874 0.7044
vn -0.5761 -0.3071 0.7575
vn -0.7050 -0.4190 0.5722
vn -0.5959 -0.6260 0.5031
vn -0.7056 -0.6441 0.2954
vn -0.5959 0.6260 -0.5030
vn 0.0006 0.9089 0.4171
vn -0.0000 0.8840 0.4675
vn -0.0000 0.7795 0.6264
vn -0.0015 0.7580 0.6523
vn 0.0007 0.5908 0.8068
vn -0.0000 0.5634 0.8262
vn -0.0000 0.3758 0.9267
vn -0.0004 0.3654 0.9309
vn 0.0003 0.1231 0.9924
vn -0.0000 0.1120 0.9937
vn -0.0000 -0.1231 0.9924
vn 0.0004 -0.1120 0.9937
vn -0.0005 -0.3757 0.9267
vn -0.0000 -0.3654 0.9309
vn -0.0000 -0.5908 0.8068
vn 0.0010 -0.5632 0.8263
vn -0.0018 -0.7795 0.6264
vn -0.0000 -0.7580 0.6523
vn -0.0000 -0.9090 0.4169
vn 0.0015 -0.8842 0.4671
vn -0.8531 -0.3954 0.3403
vn -0.8546 -0.1897 0.4834
vn -0.8557 0.0579 0.5142
vn -0.8565 0.2907 0.4264
vn -0.8570 0.4555 0.2409
vn -0.8531 0.3954 0.3403
vn -0.8546 0.1897 0.4834
vn -0.8557 -0.0579 0.5142
vn -0.8565 -0.2907 0.4264
vn -0.8570 -0.4556 0.2407
vn -0.2588 -0.9659 -0.0000
vn -0.1982 0.9802 -0.0000
vn -0.2588 0.9659 -0.0047
vn -0.6264 0.7795 0.0051
vn -0.5623 0.8269 -0.0014
vn -0.9505 0.3108 -0.0000
vn -0.8364 0.5481 0.0012
vn -0.8068 0.5907 0.0047
vn -0.9267 0.3758 -0.0018
vn -0.9928 0.1194 -0.0000
vn -0.9924 0.1231 0.0001
vn -0.9924 -0.1231 -0.0001
vn -0.1972 -0.9803 -0.0058
vn -0.5389 -0.8424 0.0024
vn -0.6264 -0.7795 -0.0018
vn -0.7074 -0.7068 -0.0000
vn -0.8068 -0.5908 -0.0000
vn -0.8444 -0.5357 0.0026
vn -0.9267 -0.3758 -0.0017
vn -0.9491 -0.3149 -0.0000
vn -0.9921 -0.1252 -0.0000
vn -0.0000 0.2484 0.9687
vn -0.0020 0.2337 0.9723
vn -0.0001 0.2993 0.9541
vn 0.0001 0.2882 0.9576
vn -0.0005 0.2907 0.9568
vn 0.0008 0.2718 0.9623
vn -0.0018 0.2824 0.9593
vn 0.0026 0.2595 0.9657
vn -0.0009 0.2725 0.9621
vn -0.0000 0.2599 0.9656
vn 0.0027 0.1951 0.9808
vn 0.0020 0.2485 0.9686
vn -0.0000 0.2337 0.9723
vn -0.0000 0.2219 0.9751
vn -0.0000 0.2221 0.9750
vn -0.0000 0.2079 0.9781
vn -0.0000 0.2080 0.9781
vn -0.0000 0.1912 0.9815
vn -0.0010 0.1866 0.9824
vn -0.9925 0.1226 -0.0000
vn -0.2225 -0.9749 -0.0000
vn -0.1953 0.9807 -0.0000
vn -0.2226 0.9749 -0.0022
vn -0.4717 0.8818 0.0008
vn -0.6235 0.7818 -0.0044
vn -0.6345 0.7729 -0.0035
vn -0.7731 0.6343 0.0010
vn -0.8960 0.4440 -0.0000
vn -0.9488 0.3157 -0.0119
vn -0.8819 0.4715 -0.0024
vn -0.9724 0.2335 0.0056
vn -1.0000 -0.0000 -0.0051
vn -0.9925 -0.1223 0.0005
vn -0.9724 -0.2335 -0.0000
vn -0.9490 -0.3152 -0.0000
vn -0.8960 -0.4440 -0.0041
vn -0.8820 -0.4712 -0.0024
vn -0.7602 -0.6497 0.0013
vn -0.1950 -0.9808 -0.0025
vn -0.4714 -0.8819 0.0008
vn -0.5969 -0.8023 -0.0034
vn -0.6345 -0.7729 -0.0011
vn -0.7732 -0.6342 0.0007
vn -0.0037 -0.0070 1.0000
vn 0.0022 0.0443 0.9990
vn -0.0031 0.0270 0.9996
vn -0.0009 0.0378 0.9993
vn -0.0000 0.0470 0.9989
vn -0.0000 0.0537 0.9986
vn -0.0000 0.0588 0.9983
vn -0.0009 0.0074 1.0000
vn -0.0000 0.0192 0.9998
vn -0.0000 0.0287 0.9996
vn 0.0009 0.0379 0.9993
vn -0.0070 -0.0168 0.9998
vn 0.0071 0.0171 0.9998
vn 0.0038 0.0073 1.0000
vn 0.0009 -0.0071 1.0000
vn -0.0000 -0.0189 0.9998
vn -0.0000 -0.0287 0.9996
vn -0.0000 -0.0286 0.9996
vn 0.0025 -0.0460 0.9989
vn -0.0009 -0.0543 0.9985
vn -0.0006 -0.0526 0.9986
vn 0.0009 -0.0378 0.9993
vn -0.0007 -0.0461 0.9989
vn -0.0000 -0.0386 0.9993
vn -0.2123 0.9772 -0.0000
vn -0.2588 0.9659 -0.0036
vn -0.6265 0.7794 0.0034
vn -0.1981 -0.9802 -0.0062
vn -0.6264 -0.7795 0.0051
vn -0.4782 -0.8782 -0.0095
vn -0.6413 -0.7673 -0.0008
vn -0.8069 -0.5908 0.0008
vn -0.8365 -0.5480 0.0033
vn -0.9267 -0.3758 -0.0018
vn -0.9505 -0.3106 -0.0000
vn -0.9924 -0.1231 -0.0000
vn -0.9928 -0.1198 0.0001
vn -0.9924 0.1231 -0.0001
vn -0.9921 0.1251 -0.0000
vn -0.9267 0.3758 -0.0000
vn -0.9489 0.3156 -0.0033
vn -0.8068 0.5908 0.0042
vn -0.8527 0.5225 -0.0010
vn -0.6016 0.7988 0.0011
vn -0.0000 -0.2481 0.9687
vn 0.0019 -0.2334 0.9724
vn -0.0000 -0.2596 0.9657
vn 0.0010 -0.2723 0.9622
vn 0.0032 -0.2807 0.9598
vn -0.0000 -0.2993 0.9542
vn -0.0001 -0.2882 0.9576
vn 0.0005 -0.2907 0.9568
vn -0.0008 -0.2718 0.9623
vn -0.0039 -0.2587 0.9660
vn -0.0021 -0.2481 0.9687
vn -0.0001 -0.2335 0.9724
vn -0.0000 -0.2218 0.9751
vn -0.0000 -0.1820 0.9833
vn -0.0009 -0.2085 0.9780
vn -0.0037 -0.1983 0.9801
vn 0.0062 -0.2235 0.9747
vn -0.0034 -0.1933 0.9811
vn 0.0040 -0.2104 0.9776
vn -0.0000 -0.1912 0.9816
vn -0.1952 0.9808 -0.0000
vn -0.2225 0.9749 -0.0022
vn -0.9924 -0.1224 -0.0106
vn -1.0000 -0.0000 0.0010
vn -0.8821 -0.4711 -0.0024
vn -0.7731 -0.6342 0.0007
vn 0.0022 0.0444 0.9990
vn -0.0031 0.0271 0.9996
vn -0.0000 0.0288 0.9996
vn 0.0026 -0.0460 0.9989
vn -0.0008 -0.0461 0.9989
vn 0.1592 -0.9873 -0.0000
vn 0.6210 -0.7838 -0.0008
vn 0.6340 -0.7734 -0.0017
vn 0.4092 -0.9124 0.0018
vn 0.4709 -0.8822 -0.0020
vn 0.1950 -0.9808 0.0023
vn 0.8083 0.5888 -0.0010
vn 0.8822 0.4708 0.0009
vn 0.9282 0.3721 -0.0020
vn 0.9503 0.3114 -0.0000
vn 0.9929 0.1192 -0.0000
vn 0.9930 0.1181 -0.0000
vn 0.9917 -0.1285 -0.0000
vn 0.9917 -0.1283 -0.0000
vn 0.9247 -0.3808 -0.0000
vn 0.9471 -0.3210 -0.0035
vn 0.8027 -0.5964 0.0047
vn 0.8814 -0.4724 -0.0060
vn 0.7725 -0.6350 0.0005
vn 0.6284 0.7779 0.0057
vn 0.5563 0.8310 -0.0022
vn 0.7734 0.6339 0.0007
vn 0.4178 0.9086 -0.0007
vn 0.1685 0.9857 0.0022
vn 0.1955 0.9807 -0.0000
vn 0.2588 -0.9659 -0.0000
vn 0.1980 -0.9802 -0.0062
vn 0.6210 -0.7838 0.0050
vn 0.5622 -0.8270 -0.0009
vn 0.9487 -0.3162 -0.0001
vn 0.8361 -0.5485 0.0008
vn 0.8027 -0.5964 0.0048
vn 0.9247 -0.3808 -0.0017
vn 0.9926 0.1213 -0.0000
vn 0.9922 -0.1245 -0.0001
vn 0.9917 -0.1285 0.0001
vn 0.9929 0.1192 -0.0001
vn 0.9503 0.3112 -0.0000
vn 0.9282 0.3721 -0.0018
vn 0.8460 0.5332 0.0025
vn 0.8083 0.5888 -0.0000
vn 0.7089 0.7053 -0.0000
vn 0.6284 0.7779 -0.0019
vn 0.5388 0.8424 0.0024
vn 0.1685 0.9857 0.0021
vn 0.1981 0.9802 -0.0000
vn 0.6338 -0.7735 -0.0017
vn 0.4711 -0.8821 -0.0020
vn 0.8814 -0.4723 -0.0060
vn 0.9470 -0.3211 -0.0035
vn 0.8083 0.5887 -0.0010
vn 0.6283 0.7779 -0.0013
vn 0.5564 0.8309 0.0034
vn 0.4179 0.9085 -0.0007
vn 0.1956 0.9807 -0.0000
vn 0.1592 -0.9872 -0.0000
vn 0.2135 -0.9769 0.0031
vn 0.4094 -0.9124 -0.0009
vn 0.6038 -0.7971 0.0028
vn 0.6209 -0.7839 0.0015
vn 0.8530 -0.5219 -0.0016
vn 0.8027 -0.5964 0.0043
vn 0.9471 -0.3209 -0.0031
vn 0.9914 -0.1307 -0.0000
vn 0.9917 -0.1285 -0.0001
vn 0.9933 0.1157 0.0001
vn 0.9518 0.3068 -0.0000
vn 0.9282 0.3721 -0.0019
vn 0.8366 0.5478 0.0033
vn 0.8083 0.5887 0.0010
vn 0.6283 0.7779 -0.0010
vn 0.5623 0.8270 0.0032
vn 0.2588 0.9659 -0.0047
vn 0.1984 0.9801 -0.0000
vn 0.1337 0.7007 0.7008
vn 0.1223 0.7157 0.6876
vn 0.3058 0.6325 0.7117
vn 0.2960 0.6439 0.7056
vn 0.5086 0.5086 0.6947
vn 0.5166 0.6395 0.5693
vn 0.5731 0.4175 0.7051
vn 0.6375 0.3082 0.7062
vn 0.6419 0.2573 0.7223
vn 0.7265 0.1386 0.6730
vn 0.7046 0.0846 0.7046
vn 0.7008 -0.1337 0.7008
vn 0.7478 -0.0969 0.6569
vn 0.6157 -0.2977 0.7296
vn 0.1133 -0.7025 0.7026
vn 0.1364 -0.7149 0.6858
vn 0.2869 -0.6396 0.7132
vn 0.3082 -0.6375 0.7061
vn 0.4415 -0.5572 0.7033
vn 0.5473 -0.5473 0.6332
vn 0.5695 -0.4231 0.7048
vn 0.6567 -0.2705 0.7040
vn -0.1337 0.7007 0.7008
vn -0.1337 -0.7007 0.7008
vn -0.1536 -0.6732 0.7233
vn -0.2836 -0.6479 0.7069
vn -0.4465 -0.5598 0.6981
vn -0.4434 -0.5961 0.6694
vn -0.5377 -0.4595 0.7069
vn -0.6152 -0.3565 0.7032
vn -0.6085 -0.3015 0.7341
vn -0.6785 -0.2104 0.7038
vn -0.6876 -0.1651 0.7071
vn -0.7160 -0.0000 0.6981
vn -0.6876 0.1651 0.7071
vn -0.6785 0.2104 0.7038
vn -0.6085 0.3015 0.7341
vn -0.1536 0.6732 0.7233
vn -0.2837 0.6479 0.7069
vn -0.4464 0.5598 0.6981
vn -0.4465 0.5598 0.6980
vn -0.6152 0.3564 0.7032
vn 0.7007 -0.1337 0.7008
vn 0.6157 -0.2976 0.7296
vn 0.1728 -0.6452 0.7442
vn 0.1337 -0.7007 0.7008
vn -0.1729 -0.6452 0.7442
vn -0.3082 -0.6375 0.7061
vn -0.5086 -0.5086 0.6947
vn -0.5166 -0.6429 0.5655
vn -0.5722 -0.4189 0.7050
vn -0.6375 -0.3082 0.7062
vn -0.6417 -0.2602 0.7215
vn -0.7258 -0.1385 0.6738
vn -0.7008 0.1337 0.7008
vn -0.7521 0.0933 0.6524
vn -0.6128 0.2963 0.7326
vn -0.6584 0.2670 0.7037
vn -0.5722 0.4190 0.7050
vn -0.5467 0.5467 0.6343
vn -0.4456 0.5544 0.7029
vn -0.3082 0.6375 0.7061
vn -0.1729 0.6452 0.7442
vn 0.1337 0.7008 0.7007
vn 0.1224 0.7158 0.6875
vn 0.3057 0.6326 0.7116
vn 0.2961 0.6438 0.7056
vn 0.5086 0.5086 0.6948
vn 0.5166 0.6397 0.5691
vn 0.5732 0.4175 0.7051
vn -0.1337 0.7008 0.7007
vn -0.2839 -0.6479 0.7069
vn -0.4464 -0.5598 0.6981
vn -0.1537 0.6732 0.7233
vn 0.1729 0.6452 0.7442
vn 0.3081 0.6375 0.7062
vn 0.2869 -0.6395 0.7132
vn 0.3082 -0.6374 0.7062
vn 0.4414 -0.5572 0.7033
vn -0.3082 -0.6374 0.7062
vn -0.5086 -0.5086 0.6948
vn -0.5722 -0.4190 0.7050
vn -0.6128 0.2962 0.7326
vn -0.5722 0.4189 0.7050
vn -0.4455 0.5544 0.7029
vn -0.3081 0.6375 0.7062
vn 0.0001 -0.0000 1.0000
vn -0.0005 -0.0002 1.0000
vn -0.7055 -0.0671 0.7055
vn -0.6827 -0.1885 0.7060
vn -0.5224 -0.1987 0.8292
vn -0.6402 -0.3039 0.7055
vn -0.5774 -0.4102 0.7060
vn -0.4233 -0.3646 0.8294
vn -0.4980 -0.5042 0.7056
vn -0.4027 -0.5827 0.7059
vn -0.2737 -0.4869 0.8295
vn -0.2960 -0.6439 0.7056
vn -0.1796 -0.6851 0.7059
vn -0.0951 -0.5569 0.8252
vn -0.0618 -0.7058 0.7057
vn 0.0033 -0.7071 0.7071
vn 0.0031 -0.7071 0.7071
vn 0.0651 -0.7053 0.7059
vn 0.1017 -0.5490 0.8296
vn 0.1861 -0.6837 0.7056
vn 0.3019 -0.6407 0.7059
vn 0.2826 -0.4814 0.8297
vn 0.4083 -0.5790 0.7057
vn 0.5025 -0.4992 0.7059
vn 0.4296 -0.3562 0.8298
vn 0.7058 -0.0604 0.7058
vn 0.6847 -0.1821 0.7057
vn 0.5252 -0.1885 0.8298
vn 0.6428 -0.2977 0.7059
vn 0.5814 -0.4049 0.7057
vn 0.7039 0.0946 0.7039
vn 0.0945 0.7040 0.7039
vn 0.0945 0.7039 0.7040
vn 0.3033 0.6446 0.7018
vn 0.5037 0.5037 0.7018
vn 0.6446 0.3033 0.7018
vn -0.7039 0.0945 0.7039
vn -0.0946 0.7039 0.7039
vn -0.6446 0.3033 0.7018
vn -0.5037 0.5037 0.7018
vn -0.3033 0.6446 0.7018
vn -0.0945 0.7039 0.7040
vn -0.9955 -0.0947 -0.0000
vn -0.9958 -0.0914 0.0017
vn -0.9639 -0.2661 -0.0015
vn -0.9648 -0.2629 -0.0000
vn -0.9348 -0.3551 -0.0000
vn -0.9034 -0.4288 0.0060
vn -0.8879 -0.4600 -0.0090
vn -0.8152 -0.5791 0.0067
vn -0.8029 -0.5961 -0.0000
vn -0.7028 -0.7114 -0.0000
vn -0.6635 -0.7477 -0.0269
vn -0.5685 -0.8226 0.0080
vn -0.5238 -0.8518 -0.0000
vn -0.4177 -0.9086 -0.0000
vn -0.4352 -0.9003 0.0097
vn -0.2763 -0.9610 -0.0081
vn -0.2536 -0.9673 0.0018
vn -0.1776 -0.9841 -0.0000
vn -0.0872 -0.9962 -0.0000
vn 0.0044 -1.0000 -0.0000
vn 0.0872 -0.9962 -0.0021
vn 0.0919 -0.9958 -0.0000
vn 0.1776 -0.9841 -0.0000
vn 0.2627 -0.9649 0.0020
vn 0.2763 -0.9611 -0.0047
vn 0.4262 -0.9046 0.0039
vn 0.4352 -0.9003 -0.0000
vn 0.5763 -0.8173 -0.0000
vn 0.5236 -0.8514 0.0307
vn 0.7086 -0.7039 -0.0496
vn 0.6638 -0.7479 -0.0000
vn 0.8206 -0.5715 -0.0000
vn 0.8029 -0.5960 0.0147
vn 0.8879 -0.4600 -0.0116
vn 0.9074 -0.4203 0.0053
vn 0.9348 -0.3551 -0.0000
vn 0.9664 -0.2570 -0.0000
vn 0.9648 -0.2629 0.0029
vn 0.9964 -0.0853 -0.0030
vn 0.9958 -0.0914 -0.0000
vn 0.9958 0.0914 -0.0000
vn 0.9909 0.1331 0.0207
vn 0.8879 0.4600 0.0107
vn 0.9043 0.4255 0.0349
vn 0.9409 0.3387 0.0070
vn 0.9692 0.2460 -0.0053
vn 0.8232 0.5677 -0.0007
vn 0.7071 0.7071 0.0070
vn 0.5677 0.8232 -0.0007
vn 0.4600 0.8879 0.0107
vn 0.4255 0.9043 0.0349
vn 0.0914 0.9958 -0.0000
vn 0.1331 0.9909 0.0207
vn 0.2460 0.9693 -0.0053
vn 0.3387 0.9409 0.0070
vn -0.7071 0.7071 0.0070
vn -0.2460 0.9693 -0.0053
vn -0.1331 0.9909 0.0207
vn -0.0914 0.9958 -0.0000
vn -0.3387 0.9409 0.0070
vn -0.4595 0.8870 0.0461
vn -0.4257 0.9047 0.0141
vn -0.5677 0.8232 -0.0007
vn -0.8233 0.5677 -0.0007
vn -0.8879 0.4600 0.0107
vn -0.9043 0.4255 0.0349
vn -0.9958 0.0914 -0.0000
vn -0.9909 0.1331 0.0207
vn -0.9692 0.2460 -0.0054
vn -0.9409 0.3387 0.0070
vn 0.0004 0.7071 -0.7071
vn -0.0000 0.8029 -0.5961
vn 0.9085 0.4044 0.1053
vn -0.9995 0.0306 0.0093
vn -0.0002 0.9135 -0.4067
vn -0.0664 0.9156 -0.3965
vn 0.0559 0.9824 -0.1781
vn -0.3368 0.9311 -0.1398
vn 0.0091 0.9996 -0.0279
vn -0.0000 0.9960 0.0894
vn -0.3390 0.7871 -0.5153
vn 0.3740 0.6179 -0.6916
vn -0.3399 0.5860 -0.7356
vn 0.1415 0.4820 -0.8647
vn -0.8063 0.1866 -0.5612
vn -0.0001 -0.0000 1.0000
vn 0.0582 -0.9517 -0.3014
vn 0.0097 -0.9976 -0.0681
vn 0.0556 -0.9903 -0.1272
vn 0.0357 -0.9870 -0.1566
vn 0.0650 -0.2773 -0.9586
vn 0.0711 -0.4481 -0.8912
vn 0.0720 -0.4086 -0.9099
vn 0.1188 -0.6253 -0.7713
vn 0.1131 -0.6520 -0.7497
vn 0.1159 -0.7172 -0.6871
vn 0.1124 -0.8263 -0.5519
vn 0.0964 -0.7755 -0.6240
vn 0.0946 -0.8878 -0.4504
vn 0.0196 -0.1194 -0.9927
vn 0.0204 -0.1198 -0.9926
vn 0.0194 -0.1187 -0.9927
vn 0.0047 -0.0990 -0.9951
vn 0.0110 -0.0713 -0.9974
vn 0.0104 -0.0726 -0.9973
vn 0.0064 -0.1306 -0.9914
vn 0.0109 -0.1208 -0.9926
vn 0.0172 -0.1191 -0.9927
vn 0.0030 -0.1002 -0.9950
vn -0.0047 -0.1016 -0.9948
vn -0.0022 -0.0993 -0.9951
vn 0.0012 -0.0994 -0.9950
vn -0.0201 -0.1191 -0.9927
vn -0.0192 -0.1187 -0.9927
vn -0.0173 -0.1185 -0.9928
vn -0.0679 -0.3637 -0.9291
vn -0.0189 -0.1513 -0.9883
vn -0.0211 -0.1498 -0.9885
vn -0.0225 -0.1481 -0.9887
vn -0.0307 -0.1332 -0.9906
vn -0.0194 -0.1183 -0.9928
vn -0.0204 -0.1193 -0.9926
vn -0.0698 -0.4517 -0.8895
vn -0.0710 -0.4065 -0.9109
vn -0.0975 -0.5313 -0.8416
vn -0.1047 -0.6517 -0.7512
vn -0.1131 -0.6757 -0.7285
vn -0.1176 -0.8254 -0.5521
vn -0.0850 -0.7373 -0.6702
vn -0.1194 -0.9467 -0.2991
vn -0.0661 -0.8752 -0.4792
vn -0.0397 -0.9966 -0.0719
vn -0.0261 -0.9908 -0.1328
vn 0.0024 -0.9968 -0.0805
vn 0.0086 -0.9990 -0.0433
vn 0.0124 -0.9532 -0.3021
vn 0.0210 -0.9658 -0.2585
vn 0.0241 -0.8313 -0.5553
vn 0.0285 -0.8431 -0.5371
vn 0.0291 -0.6561 -0.7541
vn 0.0265 -0.6467 -0.7623
vn 0.0249 -0.4098 -0.9118
vn 0.0163 -0.3723 -0.9280
vn 0.0127 -0.1132 -0.9935
vn 0.0041 -0.1013 -0.9949
vn -0.0045 -0.9985 -0.0548
vn -0.0091 -0.9974 -0.0712
vn -0.0124 -0.9659 -0.2585
vn -0.0222 -0.9532 -0.3016
vn -0.0250 -0.8432 -0.5371
vn -0.0298 -0.8308 -0.5558
vn -0.0302 -0.6466 -0.7622
vn -0.0279 -0.6551 -0.7550
vn -0.0251 -0.3722 -0.9278
vn -0.0179 -0.4078 -0.9129
vn -0.0127 -0.1159 -0.9932
vn -0.0107 -0.1203 -0.9927
vn 0.0012 -0.7070 -0.7072
vn -0.0000 -0.7071 -0.7071
vn 0.0004 0.7071 0.7071
vn -0.0000 0.7071 0.7071
vn -0.0001 -0.7071 0.7071
vn -0.0000 -0.7070 0.7072
vn 0.0001 -0.7070 0.7072
vn 0.6343 0.7453 0.2053
vn 0.5469 0.7398 0.3919
vn 0.5911 0.7943 0.1402
vn 0.5502 0.8219 0.1476
vn 1.0000 0.0004 -0.0004
vn 1.0000 0.0003 0.0004
vn 1.0000 0.0004 0.0003
vn 1.0000 0.0002 0.0001
vn 1.0000 0.0002 -0.0001
vn 0.5467 0.8241 -0.1480
vn 0.5373 0.8300 -0.1496
vn 0.5882 0.7643 -0.2643
vn 0.6437 0.7275 -0.2376
vn 0.6341 -0.7455 -0.2053
vn 0.5467 -0.7400 -0.3919
vn 0.5963 -0.7998 -0.0693
vn 0.5896 -0.7950 -0.1428
vn 0.6597 -0.6882 0.3019
vn 0.6567 -0.7210 0.2211
vn 0.6712 -0.7095 0.2145
vn 0.5617 -0.7997 0.2118
vn 0.5376 -0.8299 0.1492
vn 0.8023 -0.0793 -0.5916
vn 0.6912 -0.1500 -0.7070
vn 0.0367 -0.0093 -0.9993
vn 0.0364 -0.0078 -0.9993
vn 0.0372 -0.0064 -0.9993
vn 0.0398 -0.0048 -0.9992
vn 0.0454 -0.0036 -0.9990
vn 0.0485 -0.0030 -0.9988
vn 0.4017 -0.0720 -0.9129
vn 0.2253 -0.0677 -0.9719
vn 0.0761 -0.0111 -0.9970
vn 0.0767 -0.0118 -0.9970
vn 0.0768 -0.0120 -0.9970
vn 0.0754 -0.0103 -0.9971
vn 0.0744 -0.0093 -0.9972
vn 0.0745 -0.0093 -0.9972
vn 0.0766 -0.0115 -0.9970
vn 0.0759 -0.0081 -0.9971
vn 0.0764 -0.0246 -0.9968
vn 0.0351 -0.0076 -0.9994
vn 0.0380 -0.0119 -0.9992
vn 0.9007 -0.1246 -0.4163
vn 0.8924 -0.1223 -0.4343
vn 0.8106 0.0187 -0.5853
vn 0.8108 -0.0186 -0.5850
vn 0.9107 0.0759 -0.4061
vn 0.8810 0.0724 -0.4675
vn 0.8922 0.1151 -0.4367
vn 0.9314 0.1185 -0.3441
vn 0.8070 0.1474 -0.5718
vn 0.7378 0.1485 -0.6585
vn 0.2976 0.0837 -0.9510
vn 0.0811 0.0104 -0.9967
vn 0.0816 0.0140 -0.9966
vn 0.0818 0.0146 -0.9965
vn 0.0851 0.0199 -0.9962
vn 0.0930 0.0161 -0.9955
vn 0.0936 0.0157 -0.9955
vn 0.0807 0.0173 -0.9966
vn 0.0474 0.0257 -0.9985
vn 0.0402 0.0123 -0.9991
vn 0.0543 -0.0021 -0.9985
vn 0.0979 0.0045 -0.9952
vn 0.0395 -0.0038 -0.9992
vn 0.0134 -0.0007 -0.9999
vn 0.0123 0.0006 -0.9999
vn 0.0567 0.0022 -0.9984
vn 0.0487 0.0037 -0.9988
vn 0.0439 0.0049 -0.9990
vn 0.0399 0.0064 -0.9992
vn 0.0392 0.0081 -0.9992
vn 0.0391 0.0088 -0.9992
vn 0.0392 0.0098 -0.9992
vn 0.7532 -0.1579 -0.6386
vn 0.7126 -0.1426 -0.6869
vn 0.7154 -0.1124 -0.6896
vn 0.6276 -0.0809 -0.7743
vn 0.6296 -0.0287 -0.7764
vn 0.7842 0.0299 -0.6198
vn 0.6390 0.0305 -0.7686
vn 0.6374 0.0812 -0.7663
vn 0.8960 0.0359 -0.4425
vn 0.8122 0.0407 -0.5819
vn 0.8105 0.0791 -0.5804
vn 0.7271 0.1128 -0.6772
vn 0.7244 0.1431 -0.6744
vn 0.6791 0.1574 -0.7170
vn 0.5335 0.0543 -0.8440
vn 0.3807 0.1267 -0.9160
vn 0.3838 0.0316 -0.9229
vn 0.2941 0.0769 -0.9527
vn 0.2949 0.0245 -0.9552
vn 0.6202 0.0273 -0.7839
vn 0.6201 -0.0302 -0.7840
vn 0.7816 -0.0311 -0.6230
vn 0.8043 -0.0402 -0.5929
vn 0.9184 -0.0361 -0.3940
vn 0.8830 -0.0788 -0.4628
vn 0.8878 -0.0808 -0.4530
vn 0.8967 -0.0926 -0.4329
vn 0.5499 -0.1495 -0.8217
vn 0.3698 -0.0794 -0.9257
vn 0.3699 -0.0765 -0.9259
vn 0.2849 -0.0290 -0.9581
vn 0.2849 -0.0232 -0.9583
vn 0.2311 -0.0079 -0.9729
vn 0.2311 0.0070 -0.9729
vn 0.0422 0.0041 -0.9991
vn 0.0947 -0.0040 -0.9955
vn 0.0292 -0.7246 0.6886
vn 0.2195 -0.6692 0.7099
vn -0.0000 -0.6527 0.7576
vn 0.1379 -0.5092 0.8495
vn 0.0671 -0.5217 0.8505
vn -0.0000 -0.5959 0.8031
vn 0.0080 -0.1820 0.9833
vn -0.0154 -0.2584 0.9659
vn 0.2242 -0.3102 0.9238
vn -0.0000 -0.3647 0.9311
vn -0.0000 -0.4366 0.8996
vn 0.1589 -0.1133 0.9808
vn 0.1920 -0.1058 0.9757
vn -0.0003 -0.0392 0.9992
vn -0.0001 0.2241 0.9746
vn -0.0001 0.1998 0.9798
vn 0.1069 0.1072 0.9885
vn 0.2456 0.1239 0.9614
vn 0.0002 0.0395 0.9992
vn 0.0395 0.2717 0.9616
vn 0.2243 0.3102 0.9238
vn -0.0000 0.3647 0.9311
vn 0.0748 0.5127 0.8553
vn 0.1537 0.5167 0.8423
vn -0.0000 0.4366 0.8996
vn -0.0000 0.7343 0.6788
vn 0.0292 0.7246 0.6885
vn 0.2197 0.6692 0.7099
vn -0.0000 0.6527 0.7576
vn -0.0000 0.5959 0.8031
vn -0.0000 -0.9996 0.0295
vn -0.0000 0.8260 0.5637
vn -0.0000 0.9276 0.3736
vn -0.0000 0.9861 0.1661
vn -0.0000 0.9996 0.0295
vn -0.0000 -0.9861 0.1661
vn -0.0000 -0.9276 0.3736
vn -0.0000 -0.8260 0.5637
vn -0.0000 -0.7343 0.6788
vn -0.0000 0.1758 0.9844
vn -0.0041 0.2588 0.9659
vn -0.0000 0.4246 0.9054
vn -0.0000 0.6088 0.7933
vn -0.0047 0.7071 0.7071
vn -0.0000 0.9844 0.1758
vn -0.0041 0.9659 0.2588
vn -0.0000 0.9054 0.4246
vn -0.0000 0.7934 0.6088
vn -0.0000 0.2025 -0.9793
vn 0.7015 0.1252 -0.7015
vn 0.7041 0.7042 -0.0913
vn 0.7124 0.6908 -0.1235
vn 0.7067 0.6748 -0.2128
vn 0.6988 0.6026 -0.3856
vn 0.6987 0.6025 -0.3856
vn 0.6987 0.3856 -0.6025
vn 0.6988 0.3856 -0.6025
vn 0.7015 0.1253 -0.7015
vn 0.7015 -0.7015 -0.1253
vn 0.7071 -0.6605 -0.2525
vn 0.7015 -0.1253 -0.7015
vn 0.7071 -0.2525 -0.6605
vn 0.6890 -0.6435 -0.3334
vn 0.7381 -0.6108 -0.2865
vn 0.6581 -0.5844 -0.4748
vn 0.7041 -0.5634 -0.4323
vn 0.6996 -0.3923 -0.5972
vn 0.8245 -0.3445 -0.4490
vn 0.6960 -0.3049 -0.6501
vn 0.7071 -0.7071 -0.0000
vn 0.7015 -0.1253 0.7015
vn 0.7015 -0.7015 0.1253
vn 0.5229 -0.4596 0.7179
vn 0.6890 -0.3334 0.6435
vn 0.7071 -0.2525 0.6605
vn 0.7071 -0.6605 0.2525
vn 0.6697 -0.6254 0.4004
vn 0.6996 -0.5972 0.3923
vn 0.7052 -0.4470 0.5503
vn 0.7015 0.7015 0.1253
vn 0.7058 0.6414 0.3008
vn 0.7531 0.6145 0.2351
vn 0.5240 0.6757 0.5185
vn 0.6996 0.5972 0.3923
vn 0.7041 0.4323 0.5634
vn 0.6031 0.4379 0.6667
vn 0.7135 0.2975 0.6344
vn 0.7071 0.2526 0.6605
vn 0.7015 0.1253 0.7015
vn 0.7046 0.7046 0.0845
vn 0.7136 0.6896 0.1232
vn 0.7015 0.1252 0.7015
vn 0.6987 0.3856 0.6025
vn 0.6987 0.6026 0.3856
vn 0.6988 0.6025 0.3856
vn 0.7065 0.6768 0.2068
vn 0.7049 0.7049 0.0793
vn 0.7168 0.6839 0.1361
vn 0.7059 0.6748 0.2153
vn 0.7036 0.6121 0.3610
vn 0.7141 0.5822 0.3889
vn 0.7065 0.5277 0.4715
vn 0.7002 0.3966 0.5937
vn 0.7002 0.1393 0.7002
vn -0.0149 0.6234 -0.7817
vn -0.0000 0.1874 0.9823
vn 0.0031 0.1951 0.9808
vn -0.0005 0.4011 0.9160
vn 0.0101 0.5555 0.8315
vn -0.0201 0.6234 0.7817
vn -0.0000 0.7457 0.6662
vn -0.0000 0.8652 0.5014
vn -0.0024 0.8614 0.5080
vn 0.0014 0.9551 0.2963
vn -0.0000 0.9527 0.3040
vn -0.0000 0.9937 0.1118
vn -0.0000 0.9937 -0.1118
vn -0.0000 0.9551 -0.2964
vn 0.0120 0.9307 -0.3655
vn -0.0117 0.8652 -0.5013
vn -0.0000 0.8263 -0.5632
vn -0.0000 0.6523 -0.7580
vn 0.0406 0.1873 -0.9815
vn 0.0059 0.4013 -0.9159
vn -0.5361 -0.6742 0.5079
vn -0.4757 -0.6930 0.5418
vn -0.5988 -0.4318 0.6745
vn -0.4848 -0.5332 0.6934
vn -0.4965 -0.5706 0.6542
vn -0.4966 -0.5704 0.6543
vn -0.4851 -0.5850 0.6500
vn -0.4527 -0.6158 0.6449
vn -0.4563 -0.6015 0.6557
vn -0.3723 -0.6355 0.6765
vn -0.3756 -0.6651 0.6454
vn -0.3353 -0.7086 0.6209
vn -0.3495 -0.6803 0.6442
vn -0.2859 -0.6956 0.6590
vn -0.1952 -0.7538 0.6274
vn -0.2304 -0.6913 0.6848
vn -0.2683 -0.7056 0.6558
vn -0.2459 -0.7829 0.5715
vn -0.3485 -0.6421 0.6829
vn -0.3566 -0.6845 0.6359
vn -0.5238 -0.7014 0.4834
vn -0.5333 -0.6946 0.4829
vn -0.5608 -0.6849 0.4652
vn -0.5998 -0.7165 0.3561
vn -0.5976 -0.6667 0.4454
vn -0.5819 -0.6990 0.4157
vn -0.5785 -0.6861 0.4412
vn -0.5994 -0.6611 0.4513
vn -0.3981 -0.7013 0.5914
vn -0.4474 -0.6834 0.5769
vn -0.4423 -0.6787 0.5863
vn -0.4601 -0.6840 0.5661
vn -0.4758 -0.6954 0.5385
vn -0.4886 -0.6857 0.5396
vn -0.5174 -0.6726 0.5290
vn -0.4563 -0.6027 0.6546
vn -0.4462 -0.6352 0.6304
vn -0.4412 -0.6440 0.6249
vn -0.4444 -0.6524 0.6139
vn -0.4484 -0.6661 0.5960
vn -0.5872 -0.5241 0.6168
vn -0.5752 -0.4917 0.6538
vn -0.5690 -0.5228 0.6348
vn -0.5690 -0.5219 0.6355
vn -0.5694 -0.3998 0.7183
vn -0.5570 -0.4977 0.6648
vn -0.5449 -0.5288 0.6507
vn -0.5271 -0.5553 0.6433
vn -0.3096 -0.9404 0.1407
vn -0.4612 -0.8529 0.2447
vn -0.1980 -0.7184 0.6669
vn -0.2401 -0.5885 0.7720
vn -0.2239 -0.7824 0.5812
vn -0.3403 -0.5090 0.7907
vn -0.2682 -0.7866 0.5562
vn -0.4007 -0.5734 0.7146
vn -0.3336 -0.7524 0.5679
vn -0.4051 -0.6882 0.6019
vn -0.3549 -0.7875 0.5040
vn -0.4345 -0.6925 0.5759
vn -0.4116 -0.7663 0.4934
vn -0.5466 -0.5602 0.6224
vn -0.4295 -0.7902 0.4371
vn -0.6314 -0.5117 0.5827
vn -0.4039 -0.8515 0.3343
vn -0.6724 -0.5446 0.5013
vn -0.5100 -0.7901 0.3400
vn -0.7345 -0.5200 0.4360
vn -0.0457 -0.9870 0.1540
vn -0.1335 -0.8831 0.4498
vn -0.3765 -0.8435 0.3832
vn -0.4878 -0.8300 0.2706
vn -0.4841 -0.8360 0.2584
vn -0.4563 -0.8362 0.3042
vn -0.4228 -0.8359 0.3499
vn -0.3844 -0.8362 0.3912
vn -0.3513 -0.8362 0.4211
vn -0.3158 -0.8362 0.4484
vn -0.3157 -0.8362 0.4484
vn -0.2778 -0.8362 0.4729
vn -0.2382 -0.8362 0.4940
vn -0.1972 -0.8362 0.5118
vn -0.1857 -0.8364 0.5157
vn -0.1814 -0.7706 0.6110
vn -0.0578 -0.9870 0.1500
vn -0.0698 -0.9870 0.1447
vn -0.0698 -0.9870 0.1448
vn -0.0814 -0.9870 0.1386
vn -0.0925 -0.9870 0.1314
vn -0.1029 -0.9870 0.1234
vn -0.1126 -0.9870 0.1146
vn -0.1239 -0.9870 0.1026
vn -0.1337 -0.9870 0.0891
vn -0.1405 -0.9870 0.0780
vn -0.1333 -0.9868 0.0922
vn -0.1084 -0.9929 0.0491
vn -0.0543 -0.9927 0.1079
vn -0.0584 -0.9981 0.0211
vn -0.0001 -1.0000 -0.0000
vn 0.0003 -1.0000 -0.0000
vn -0.0002 -1.0000 -0.0000
vn 0.0001 -1.0000 -0.0000
vn -0.5398 -0.7911 -0.2878
vn -0.1142 -0.9905 -0.0763
vn -0.4043 -0.9013 -0.1558
vn -0.3595 -0.9129 -0.1933
vn -0.0078 -1.0000 -0.0030
vn -0.0373 -0.9991 -0.0186
vn -0.1161 -0.9903 -0.0763
vn -0.1213 -0.9907 -0.0609
vn -0.1242 -0.9900 -0.0668
vn -0.1163 -0.9909 -0.0680
vn -0.1107 -0.9907 -0.0791
vn -0.1092 -0.9909 -0.0787
vn -0.0996 -0.9907 -0.0925
vn -0.0985 -0.9909 -0.0920
vn -0.0871 -0.9907 -0.1043
vn -0.0866 -0.9908 -0.1040
vn -0.0760 -0.9908 -0.1118
vn -0.0759 -0.9900 -0.1187
vn -0.0687 -0.9908 -0.1163
vn -0.0578 -0.9908 -0.1224
vn -0.0586 -0.9907 -0.1232
vn -0.0448 -0.9909 -0.1268
vn -0.0434 -0.9901 -0.1336
vn -0.0366 -0.9908 -0.1302
vn -0.5852 -0.7387 -0.3345
vn -0.5488 -0.7383 -0.3921
vn -0.4944 -0.7383 -0.4588
vn -0.4945 -0.7383 -0.4588
vn -0.4325 -0.7383 -0.5176
vn -0.3632 -0.7383 -0.5684
vn -0.2881 -0.7383 -0.6099
vn -0.2086 -0.7383 -0.6414
vn -0.2081 -0.7392 -0.6405
vn -0.4146 -0.8765 -0.2447
vn -0.3923 -0.8761 -0.2803
vn -0.3534 -0.8761 -0.3279
vn -0.3091 -0.8761 -0.3700
vn -0.2596 -0.8761 -0.4063
vn -0.2596 -0.8761 -0.4062
vn -0.2059 -0.8761 -0.4359
vn -0.1490 -0.8761 -0.4585
vn -0.3872 -0.6105 -0.6909
vn -0.3070 -0.6907 -0.6547
vn -0.2108 -0.7318 -0.6481
vn -0.6142 -0.7067 -0.3511
vn -0.5860 -0.6937 -0.4187
vn -0.4672 -0.6197 -0.6306
vn -0.6119 -0.5021 -0.6112
vn -0.5948 -0.4295 -0.6795
vn -0.5074 -0.4604 -0.7284
vn -0.6241 -0.4272 -0.6542
vn -0.6265 -0.4261 -0.6527
vn -0.5543 -0.5134 -0.6551
vn -0.5687 -0.4646 -0.6788
vn -0.5692 -0.4476 -0.6897
vn -0.5714 -0.5108 -0.6423
vn -0.5933 -0.4838 -0.6433
vn -0.5965 -0.4533 -0.6623
vn -0.4863 -0.5705 -0.6618
vn -0.5191 -0.5614 -0.6445
vn -0.5440 -0.5366 -0.6451
vn -0.4463 -0.6368 -0.6288
vn -0.4451 -0.7070 -0.5496
vn -0.4507 -0.6720 -0.5876
vn -0.4478 -0.6571 -0.6064
vn -0.5644 -0.5078 -0.6509
vn -0.4876 -0.5459 -0.6813
vn -0.4950 -0.5689 -0.6568
vn -0.4618 -0.6168 -0.6375
vn -0.4595 -0.5806 -0.6721
vn -0.4557 -0.6133 -0.6451
vn -0.5714 -0.6778 -0.4627
vn -0.5860 -0.7003 -0.4077
vn -0.5482 -0.6835 -0.4820
vn -0.5311 -0.7341 -0.4230
vn -0.5356 -0.6694 -0.5149
vn -0.4703 -0.6812 -0.5610
vn -0.4706 -0.6792 -0.5633
vn -0.5115 -0.7023 -0.4952
vn -0.0535 -0.9973 -0.0496
vn -0.5708 -0.6618 -0.4860
vn -0.5841 -0.6977 -0.4149
vn -0.4712 -0.7210 -0.5081
vn -0.4553 -0.6803 -0.5743
vn -0.3798 -0.7089 -0.5944
vn -0.3516 -0.6485 -0.6752
vn -0.2531 -0.8055 -0.5358
vn -0.2783 -0.6970 -0.6608
vn -0.2654 -0.6925 -0.6708
vn -0.3492 -0.6872 -0.6370
vn -0.3524 -0.6886 -0.6337
vn -0.3844 -0.6625 -0.6429
vn -0.4434 -0.6433 -0.6242
vn -0.4380 -0.6517 -0.6192
vn -0.0185 -0.0613 -0.9979
vn -0.0168 -0.0103 -0.9998
vn -0.0156 0.0182 -0.9997
vn -0.0241 -0.1501 -0.9884
vn -0.1237 -0.4389 -0.8900
vn -0.1464 -0.5196 -0.8418
vn -0.4136 -0.3926 -0.8215
vn -0.5157 -0.3408 -0.7860
vn -0.5369 -0.4282 -0.7269
vn -0.5356 -0.4185 -0.7335
vn -0.5003 -0.3613 -0.7868
vn -0.4809 -0.4414 -0.7576
vn -0.4756 -0.4280 -0.7685
vn -0.4317 -0.4644 -0.7733
vn -0.4347 -0.4868 -0.7577
vn -0.3888 -0.4914 -0.7794
vn -0.3849 -0.5105 -0.7689
vn -0.3512 -0.5243 -0.7757
vn -0.3493 -0.5508 -0.7580
vn -0.3062 -0.5465 -0.7795
vn -0.2933 -0.5773 -0.7620
vn -0.2616 -0.5692 -0.7795
vn -0.2567 -0.5775 -0.7750
vn -0.2228 -0.6076 -0.7623
vn -0.2253 -0.5880 -0.7768
vn -0.1945 -0.6065 -0.7710
vn -0.1895 -0.6578 -0.7290
vn -0.0271 -0.0700 -0.9972
vn -0.0237 -0.0647 -0.9976
vn -0.0309 -0.0618 -0.9976
vn -0.1303 -0.0524 -0.9901
vn -0.0602 -0.0335 -0.9976
vn -0.0575 -0.0380 -0.9976
vn -0.0530 -0.0363 -0.9979
vn -0.0567 -0.0443 -0.9974
vn -0.0536 -0.0433 -0.9976
vn -0.0508 -0.0466 -0.9976
vn -0.0434 -0.0424 -0.9982
vn -0.0483 -0.0519 -0.9975
vn -0.0453 -0.0519 -0.9976
vn -0.0428 -0.0541 -0.9976
vn -0.0347 -0.0476 -0.9983
vn -0.0384 -0.0573 -0.9976
vn -0.0356 -0.0589 -0.9976
vn -0.0345 -0.0616 -0.9975
vn -0.0228 -0.0496 -0.9985
vn -0.4298 -0.1656 -0.8876
vn -0.2468 -0.1940 -0.9495
vn -0.2603 -0.1720 -0.9501
vn -0.2459 -0.1921 -0.9501
vn -0.2299 -0.2110 -0.9501
vn -0.2124 -0.2286 -0.9501
vn -0.2124 -0.2285 -0.9501
vn -0.1936 -0.2447 -0.9501
vn -0.1736 -0.2592 -0.9501
vn -0.1736 -0.2593 -0.9501
vn -0.1525 -0.2722 -0.9501
vn -0.1303 -0.2835 -0.9501
vn -0.1074 -0.2930 -0.9501
vn -0.0946 -0.2971 -0.9501
vn -0.1369 -0.3465 -0.9280
vn 0.0025 -0.0013 -1.0000
vn -0.0000 0.0001 -1.0000
vn -0.0000 0.0002 -1.0000
vn -0.0007 0.0003 -1.0000
vn -0.0000 0.0004 -1.0000
vn -0.0000 -0.0003 -1.0000
vn -0.0005 -0.0050 -1.0000
vn 0.0011 0.0047 -1.0000
vn -0.0000 -0.0001 -1.0000
vn 0.0017 0.0142 -0.9999
vn -0.0030 -0.0142 -0.9999
vn 0.0028 -0.0152 -0.9999
vn 0.0098 0.0028 -0.9999
vn -0.0002 0.0001 -1.0000
vn 0.0002 -0.0001 -1.0000
vn -0.0000 0.0003 -1.0000
vn 0.0002 0.0001 -1.0000
vn -0.0000 -0.0002 -1.0000
vn -0.0000 -0.0024 -1.0000
vn -0.0000 0.0005 -1.0000
vn -0.0000 -0.0004 -1.0000
vn -0.0001 -0.0000 -1.0000
vn -0.0000 -0.0010 -1.0000
vn 0.0001 0.0002 -1.0000
vn -0.5278 0.5655 0.6337
vn -0.5288 0.5683 0.6304
vn -0.5289 0.5693 0.6294
vn -0.5291 0.5681 0.6303
vn -0.5287 0.5707 0.6283
vn -0.3335 0.6706 0.6626
vn -0.3702 0.6736 0.6397
vn -0.4579 0.6168 0.6402
vn -0.4853 0.6062 0.6301
vn -0.5132 0.5826 0.6302
vn -0.5247 0.5769 0.6260
vn -0.5311 0.5709 0.6261
vn -0.5313 0.5708 0.6260
vn -0.0000 0.9259 -0.3778
vn -0.0000 -0.9951 -0.0993
vn -0.0033 -0.9919 -0.1273
vn 0.0023 -0.9565 -0.2917
vn -0.0085 -0.8472 -0.5313
vn -0.0043 -0.8625 -0.5061
vn 0.0018 -0.9582 -0.2862
vn -0.0096 -0.4869 -0.8734
vn -0.0000 -0.5998 -0.8002
vn -0.0000 -0.6918 -0.7221
vn 0.0003 -0.7052 -0.7090
vn -0.0008 -0.7597 -0.6503
vn -0.0000 0.1482 -0.9890
vn -0.0079 0.0155 -0.9998
vn -0.0168 -0.0899 -0.9958
vn -0.0046 -0.0000 -1.0000
vn -0.0000 -0.2123 -0.9772
vn -0.0001 -0.2587 -0.9660
vn 0.0007 -0.3435 -0.9392
vn -0.0076 -0.4683 -0.8835
vn -0.0000 0.3679 -0.9299
vn 0.0132 0.2468 -0.9690
vn -0.0000 0.3704 -0.9289
vn -0.0000 0.6198 -0.7848
vn -0.0291 0.4550 -0.8900
vn 0.0357 0.5838 -0.8111
vn -0.0212 0.3006 -0.9535
vn -0.0328 0.2600 -0.9650
vn -0.0000 0.7202 -0.6937
vn 0.0031 0.7034 -0.7108
vn -0.0079 0.8436 -0.5368
vn 0.0014 0.8284 -0.5601
vn -0.0002 0.9166 -0.3998
vn -0.0006 0.9200 -0.3919
vn 0.0006 0.9454 -0.3259
vn -0.0019 0.9783 -0.2071
vn -0.0041 0.9859 -0.1675
vn -0.0000 0.9972 -0.0751
vn 0.0003 0.9154 0.4024
vn -0.0000 0.9987 0.0507
vn -0.0002 -0.9660 0.2586
vn -0.0106 -0.9858 0.1675
vn -0.0000 -0.9955 0.0947
vn -0.0054 0.9747 0.2234
vn 0.0014 0.9859 0.1675
vn -0.0001 0.9370 0.3493
vn -0.0147 0.4700 0.8825
vn 0.0016 0.5872 0.8094
vn -0.0026 0.8233 0.5676
vn -0.0256 0.7374 0.6750
vn -0.0056 0.8255 0.5644
vn -0.0121 0.0101 0.9999
vn 0.0182 0.1231 0.9922
vn -0.0102 -0.1733 0.9848
vn -0.0016 -0.1231 0.9924
vn 0.0013 -0.3273 0.9449
vn 0.0085 0.6129 0.7901
vn -0.0023 0.4600 0.8879
vn 0.0024 0.3414 0.9399
vn -0.0001 0.3069 0.9517
vn -0.0000 0.2083 0.9781
vn -0.0024 0.1534 0.9882
vn 0.0001 -0.9332 0.3594
vn -0.0026 -0.9150 0.4035
vn 0.0023 -0.9370 0.3493
vn -0.0062 -0.8600 0.5102
vn 0.0078 -0.8879 0.4600
vn -0.0032 -0.7863 0.6178
vn -0.0072 -0.7618 0.6478
vn -0.0000 -0.7244 0.6894
vn -0.0001 -0.5301 0.8479
vn -0.0463 -0.6421 0.7652
vn 0.0569 -0.3064 0.9502
vn -0.0718 -0.6016 0.7956
vn -0.0303 -0.5085 0.8605
vn -0.9995 0.0294 -0.0106
vn -0.7219 0.6427 -0.2565
vn -0.9856 0.1252 -0.1140
vn -0.8884 0.3044 -0.3437
vn -0.8265 0.3506 -0.4405
vn -0.8401 0.3571 -0.4084
vn -0.7315 0.4354 -0.5247
vn -0.7541 0.4335 -0.4933
vn -0.7160 0.4444 -0.5384
vn -0.9172 0.2634 -0.2990
vn -0.9631 0.1956 -0.1846
vn -0.9493 0.1815 -0.2568
vn -0.9878 0.1412 -0.0658
vn -0.9722 0.1244 -0.1984
vn -0.7992 0.4876 -0.3515
vn -0.7515 0.5772 -0.3196
vn -0.8241 0.4623 -0.3274
vn -0.9578 0.2406 -0.1575
vn -0.9655 0.2105 -0.1532
vn -0.9009 0.3470 -0.2606
vn -0.8831 0.3773 -0.2790
vn -0.8166 0.5295 -0.2299
vn -0.7988 0.5551 -0.2319
vn -0.9303 0.3426 -0.1306
vn -0.9655 0.2367 -0.1085
vn -0.9867 0.1510 -0.0608
vn -0.9412 0.2993 -0.1570
vn -0.9577 0.2312 -0.1713
vn -0.7984 0.5201 -0.3034
vn -0.9216 0.3353 -0.1956
vn -0.9327 0.3076 -0.1881
vn -0.9580 0.2655 -0.1081
vn -0.9631 0.2595 -0.0713
vn -0.9639 0.2592 -0.0610
vn -0.9991 -0.0059 -0.0416
vn -0.9990 0.0409 -0.0163
vn -1.0000 0.0082 0.0005
vn -0.9992 0.0367 -0.0158
vn -0.9994 0.0264 -0.0214
vn -0.9850 0.1343 -0.1087
vn -0.9883 0.1283 -0.0830
vn -0.9674 0.1754 -0.1824
vn -0.9652 0.1981 -0.1710
vn -0.9996 0.0292 -0.0033
vn -0.9995 0.0239 -0.0187
vn -0.9996 0.0200 -0.0194
vn -0.9998 0.0156 -0.0115
vn -0.9857 0.1122 -0.1253
vn -0.9798 0.1258 -0.1554
vn -0.1115 0.0527 -0.9924
vn -0.2687 0.1867 -0.9450
vn -0.4216 0.2523 -0.8710
vn -0.4749 0.3247 -0.8179
vn -0.4643 0.4276 -0.7756
vn -0.5144 0.3693 -0.7739
vn -0.0047 0.0026 -1.0000
vn -0.1072 0.3096 -0.9448
vn -0.0252 0.1059 -0.9941
vn -0.0490 0.0305 -0.9983
vn -0.0476 0.0342 -0.9983
vn -0.0465 0.0337 -0.9984
vn -0.0435 0.0391 -0.9983
vn -0.0426 0.0386 -0.9983
vn -0.0389 0.0436 -0.9983
vn -0.0382 0.0431 -0.9983
vn -0.0339 0.0475 -0.9983
vn -0.0334 0.0470 -0.9983
vn -0.0285 0.0508 -0.9983
vn -0.0281 0.0504 -0.9983
vn -0.0227 0.0535 -0.9983
vn -0.0226 0.0533 -0.9983
vn -0.0185 0.0549 -0.9983
vn -0.1893 0.6280 -0.7549
vn -0.1913 0.6069 -0.7715
vn -0.2402 0.5892 -0.7715
vn -0.2431 0.5728 -0.7828
vn -0.2718 0.5750 -0.7717
vn -0.3112 0.5553 -0.7713
vn -0.1958 0.1275 -0.9723
vn -0.2501 0.1844 -0.9505
vn -0.2522 0.1811 -0.9506
vn -0.2310 0.2075 -0.9506
vn -0.2069 0.2315 -0.9506
vn -0.1805 0.2527 -0.9506
vn -0.1518 0.2709 -0.9506
vn -0.1213 0.2859 -0.9506
vn -0.0971 0.2946 -0.9507
vn -0.1362 0.4585 -0.8782
vn -0.5161 0.3725 -0.7713
vn -0.4758 0.4227 -0.7713
vn -0.4686 0.4209 -0.7767
vn -0.4516 0.4478 -0.7717
vn -0.4242 0.4746 -0.7712
vn -0.3699 0.5180 -0.7712
vn -0.3628 0.4811 -0.7981
vn -0.3548 0.5279 -0.7716
vn -0.5112 0.7192 -0.4705
vn -0.0300 0.9947 -0.0984
vn -0.3906 0.8692 -0.3031
vn -0.1927 0.9681 -0.1603
vn -0.0692 0.9832 -0.1687
vn -0.5500 0.7193 -0.4244
vn -0.5463 0.7241 -0.4209
vn -0.5069 0.7642 -0.3988
vn -0.3159 0.7192 -0.6188
vn -0.3690 0.7192 -0.5887
vn -0.3650 0.7274 -0.5811
vn -0.2025 0.7194 -0.6644
vn -0.2597 0.7194 -0.6442
vn -0.2585 0.7233 -0.6403
vn -0.2877 0.7197 -0.6318
vn -0.3159 0.7194 -0.6186
vn -0.0894 0.9515 -0.2944
vn -0.1316 0.8915 -0.4334
vn -0.3950 0.7194 -0.5713
vn -0.4205 0.7191 -0.5532
vn -0.4669 0.7191 -0.5147
vn -0.4592 0.7311 -0.5046
vn -0.4886 0.7196 -0.4935
vn -0.4133 0.8389 -0.3541
vn -0.4007 0.8387 -0.3688
vn -0.3666 0.8387 -0.4028
vn -0.3296 0.8387 -0.4336
vn -0.2897 0.8387 -0.4612
vn -0.2477 0.8387 -0.4850
vn -0.2477 0.8387 -0.4851
vn -0.2039 0.8387 -0.5050
vn -0.1836 0.8389 -0.5124
vn -0.1804 0.7726 -0.6087
vn -0.0706 0.9871 -0.1439
vn -0.0597 0.9872 -0.1478
vn -0.0725 0.9872 -0.1419
vn -0.0848 0.9872 -0.1349
vn -0.0964 0.9872 -0.1269
vn -0.1073 0.9872 -0.1179
vn -0.1172 0.9872 -0.1079
vn -0.0630 0.9832 -0.1714
vn -0.0122 0.9999 -0.0102
vn 0.0001 1.0000 -0.0000
vn -0.0001 1.0000 -0.0000
vn -0.0000 0.9996 0.0288
vn -0.0000 0.9994 -0.0350
vn -0.7867 0.6045 -0.1253
vn 0.0964 0.9953 -0.0000
vn -0.3403 0.9299 0.1397
vn 0.3745 0.9077 0.1893
vn -0.3385 0.8400 0.4240
vn 0.0003 0.9177 0.3973
vn -0.0000 0.8090 0.5878
vn -0.0661 0.8012 0.5947
vn 0.0553 0.6455 0.7617
vn -0.3375 0.5866 0.7362
vn 0.3371 0.3979 0.8532
vn 0.8981 0.1352 0.4185
vn -0.9907 0.0310 0.1328
vn -0.0075 -0.8743 -0.4854
vn 0.0001 -0.9333 -0.3592
vn -0.0004 -0.9859 -0.1675
vn -0.0216 -0.9697 -0.2432
vn -0.0000 -0.9955 -0.0945
vn -0.0104 -0.5346 -0.8450
vn 0.0077 -0.3069 -0.9517
vn -0.0157 -0.4265 -0.9043
vn 0.0012 -0.3283 -0.9446
vn -0.0372 -0.8116 -0.5830
vn 0.0368 -0.9365 -0.3488
vn -0.0562 -0.7347 -0.6761
vn 0.0037 -0.8233 -0.5676
vn -0.0005 -0.6433 -0.7656
vn -0.0029 -0.6129 -0.7901
vn 0.0129 -0.4600 -0.8878
vn -0.0071 0.0850 -0.9964
vn 0.0001 0.1880 -0.9822
vn -0.0017 -0.1020 -0.9948
vn 0.0019 -0.1231 -0.9924
vn -0.0017 0.1231 -0.9924
vn -0.0284 0.3882 -0.9211
vn -0.0196 0.4375 -0.8990
vn -0.0000 0.2823 -0.9593
vn -0.0011 0.3069 -0.9517
vn 0.0056 0.5301 -0.8479
vn -0.0014 0.7618 -0.6478
vn -0.0000 0.6836 -0.7299
vn -0.0005 0.5595 -0.8289
vn -0.0000 0.9987 -0.0507
vn -0.0030 0.9891 -0.1473
vn -0.0043 0.9859 -0.1675
vn -0.0000 0.9637 -0.2669
vn -0.0000 0.9370 -0.3493
vn 0.0006 0.9190 -0.3944
vn -0.0018 0.8879 -0.4600
vn -0.0011 0.8802 -0.4746
vn 0.0022 0.7875 -0.6163
vn -0.0226 0.2935 0.9557
vn -0.0120 0.3491 0.9370
vn 0.0272 0.5839 0.8114
vn -0.0000 0.9259 0.3778
vn -0.0000 0.9944 0.1054
vn -0.0039 0.9859 0.1675
vn 0.0011 0.9541 0.2996
vn -0.0006 0.9200 0.3919
vn 0.0050 0.8639 0.5037
vn -0.0103 0.8284 0.5601
vn 0.0036 0.7340 0.6791
vn -0.0000 0.7034 0.7108
vn -0.0000 0.6344 0.7730
vn -0.0202 0.4828 0.8755
vn -0.0038 0.0849 0.9964
vn -0.0001 0.1771 0.9842
vn -0.0000 0.2469 0.9690
vn 0.0003 0.3677 0.9299
vn -0.0000 0.3704 0.9289
vn 0.0001 -0.2588 0.9659
vn -0.0000 -0.2665 0.9638
vn -0.0196 -0.1225 0.9923
vn -0.0079 0.0152 0.9999
vn -0.0000 -0.9919 0.1273
vn -0.0042 -0.9947 0.1032
vn 0.0023 -0.9565 0.2917
vn 0.0047 -0.9475 0.3197
vn -0.0100 -0.8472 0.5313
vn -0.0024 -0.8202 0.5721
vn 0.0006 -0.6918 0.7221
vn 0.0003 -0.6990 0.7151
vn -0.0015 -0.4869 0.8735
vn -0.0126 -0.5409 0.8410
vn -0.0004 -0.3615 0.9324
vn -0.5292 0.5676 -0.6306
vn -0.5268 0.5644 -0.6356
vn -0.5283 0.5660 -0.6329
vn -0.5288 0.5678 -0.6308
vn -0.5289 0.5690 -0.6296
vn -0.5289 0.5691 -0.6296
vn -0.5298 0.5723 -0.6260
vn -0.5282 0.5727 -0.6269
vn -0.3634 0.6570 -0.6605
vn -0.3697 0.6466 -0.6673
vn -0.4836 0.6075 -0.6302
vn -0.5249 0.5722 -0.6301
vn -0.5175 0.5837 -0.6257
vn -0.5303 0.5719 -0.6259
vn -0.4227 0.8470 0.3223
vn -0.1959 0.7386 0.6450
vn -0.3068 0.7386 0.6003
vn -0.2794 0.7389 0.6131
vn -0.2520 0.7398 0.6238
vn -0.2522 0.7386 0.6252
vn -0.1960 0.7386 0.6451
vn -0.4083 0.7386 0.5364
vn -0.3832 0.7389 0.5542
vn -0.3574 0.7412 0.5682
vn -0.3583 0.7386 0.5710
vn -0.4376 0.7603 0.4800
vn -0.4473 0.7388 0.5041
vn -0.5468 0.7238 0.4209
vn -0.2872 0.9060 0.3109
vn -0.1939 0.9703 0.1450
vn -0.0701 0.9879 0.1382
vn -0.0122 0.9872 0.1590
vn -0.0986 0.9910 0.0906
vn -0.1030 0.9904 0.0918
vn -0.0892 0.9912 0.0978
vn -0.0967 0.9902 0.1010
vn -0.0791 0.9914 0.1040
vn -0.0777 0.9916 0.1032
vn -0.0734 0.9905 0.1167
vn -0.0576 0.9919 0.1128
vn -0.0617 0.9913 0.1164
vn -0.0513 0.9906 0.1270
vn -0.0484 0.9910 0.1252
vn -0.0396 0.9907 0.1303
vn -0.0387 0.9908 0.1295
vn -0.5317 0.7387 0.4142
vn -0.4964 0.7386 0.4561
vn -0.4747 0.7389 0.4781
vn -0.4674 0.7401 0.4836
vn -0.3684 0.8765 0.3098
vn -0.3548 0.8763 0.3259
vn -0.3246 0.8763 0.3560
vn -0.2918 0.8763 0.3833
vn -0.2565 0.8763 0.4078
vn -0.2192 0.8763 0.4290
vn -0.2193 0.8763 0.4290
vn -0.1804 0.8763 0.4467
vn -0.1400 0.8763 0.4610
vn 0.7056 0.0647 0.7056
vn 0.7016 0.0737 0.7087
vn 0.0647 0.7056 0.7056
vn 0.0737 0.7016 0.7087
vn 0.6936 0.1379 0.7071
vn 0.6781 0.2047 0.7059
vn 0.6531 0.2409 0.7179
vn 0.6412 0.2997 0.7065
vn 0.6074 0.3626 0.7068
vn 0.5597 0.4179 0.7156
vn 0.5503 0.4470 0.7052
vn 0.4470 0.5503 0.7052
vn 0.4179 0.5597 0.7156
vn 0.3626 0.6074 0.7068
vn 0.2997 0.6412 0.7065
vn 0.2409 0.6531 0.7179
vn 0.2047 0.6781 0.7059
vn 0.1378 0.6936 0.7071
vn -0.7056 0.0647 0.7056
vn -0.7016 0.0737 0.7087
vn -0.0647 0.7056 0.7056
vn -0.0738 0.7016 0.7087
vn -0.1378 0.6936 0.7071
vn -0.2047 0.6781 0.7059
vn -0.2409 0.6531 0.7179
vn -0.2997 0.6412 0.7065
vn -0.3626 0.6074 0.7068
vn -0.4179 0.5597 0.7156
vn -0.4470 0.5503 0.7052
vn -0.5503 0.4470 0.7052
vn -0.5597 0.4179 0.7156
vn -0.6074 0.3626 0.7068
vn -0.6412 0.2997 0.7065
vn -0.6531 0.2409 0.7179
vn -0.6781 0.2047 0.7059
vn -0.6936 0.1378 0.7071
vn -0.7063 -0.0466 0.7063
vn -0.0975 -0.6908 0.7165
vn -0.0647 -0.7056 0.7056
vn 0.0036 -0.7071 0.7071
vn -0.6755 -0.1942 0.7113
vn -0.6752 -0.1916 0.7123
vn -0.6985 -0.1108 0.7070
vn -0.6516 -0.2749 0.7070
vn -0.6214 -0.3397 0.7060
vn -0.5871 -0.3732 0.7183
vn -0.4463 -0.5495 0.7063
vn -0.4583 -0.5280 0.7150
vn -0.5184 -0.4813 0.7069
vn -0.5656 -0.4256 0.7063
vn -0.3843 -0.5935 0.7071
vn -0.3232 -0.6308 0.7055
vn -0.2876 -0.6352 0.7168
vn -0.2284 -0.6697 0.7067
vn -0.1624 -0.6886 0.7067
vn 0.0034 -0.7071 0.7071
vn 0.0681 -0.7052 0.7058
vn 0.1070 -0.6879 0.7179
vn 0.3256 -0.6284 0.7065
vn 0.3002 -0.6311 0.7153
vn 0.2346 -0.6673 0.7068
vn 0.1689 -0.6872 0.7065
vn 0.3898 -0.5900 0.7071
vn 0.4496 -0.5480 0.7054
vn 0.4671 -0.5180 0.7166
vn 0.6249 -0.3339 0.7057
vn 0.5945 -0.3624 0.7178
vn 0.5695 -0.4201 0.7065
vn 0.5230 -0.4764 0.7067
vn 0.7065 -0.0399 0.7065
vn 0.6996 -0.1042 0.7069
vn 0.6765 -0.1783 0.7145
vn 0.6782 -0.1950 0.7086
vn 0.6541 -0.2687 0.7071
vn 0.4766 -0.1685 0.8628
vn 0.1449 -0.4818 0.8642
vn 0.0156 -0.0417 0.9990
vn 0.0178 -0.0408 0.9990
vn 0.0175 -0.0403 0.9990
vn 0.0212 -0.0397 0.9990
vn 0.0209 -0.0393 0.9990
vn 0.0229 -0.0381 0.9990
vn 0.0278 -0.0347 0.9990
vn 0.0277 -0.0398 0.9988
vn 0.0207 -0.0325 0.9993
vn 0.0277 -0.0367 0.9989
vn 0.0295 -0.0333 0.9990
vn 0.0298 -0.0335 0.9990
vn 0.0318 -0.0306 0.9990
vn 0.0321 -0.0308 0.9990
vn 0.0335 -0.0292 0.9990
vn 0.0371 -0.0285 0.9989
vn 0.0310 -0.0253 0.9992
vn 0.0379 -0.0262 0.9989
vn 0.0524 -0.0168 0.9985
vn 0.0433 -0.0155 0.9989
vn 0.0409 -0.0173 0.9990
vn 0.0401 -0.0192 0.9990
vn 0.0392 -0.0190 0.9990
vn 0.0391 -0.0227 0.9990
vn 0.0383 -0.0225 0.9990
vn 0.0371 -0.0245 0.9990
vn 0.6493 -0.2373 0.7226
vn 0.5856 -0.2357 0.7756
vn 0.5761 -0.2753 0.7696
vn 0.5783 -0.2786 0.7668
vn 0.5429 -0.3147 0.7786
vn 0.5526 -0.3411 0.7604
vn 0.5131 -0.3549 0.7816
vn 0.5141 -0.4196 0.7481
vn 0.4933 -0.3806 0.7822
vn 0.4639 -0.4445 0.7663
vn 0.4627 -0.4408 0.7691
vn 0.4184 -0.4703 0.7770
vn 0.4203 -0.4935 0.7614
vn 0.3765 -0.4977 0.7814
vn 0.3761 -0.4996 0.7804
vn 0.3519 -0.5511 0.7566
vn 0.3468 -0.5140 0.7846
vn 0.3036 -0.5713 0.7626
vn 0.3034 -0.5587 0.7719
vn 0.2512 -0.5799 0.7750
vn 0.2477 -0.5972 0.7629
vn 0.1974 -0.5905 0.7825
vn 0.1966 -0.6603 0.7248
vn 0.2469 -0.1082 0.9630
vn 0.2764 -0.1084 0.9549
vn 0.2680 -0.1281 0.9549
vn 0.2569 -0.1490 0.9549
vn 0.2442 -0.1690 0.9549
vn 0.2301 -0.1878 0.9549
vn 0.2144 -0.2055 0.9549
vn 0.2145 -0.2055 0.9549
vn 0.1974 -0.2219 0.9549
vn 0.1792 -0.2369 0.9549
vn 0.1598 -0.2503 0.9549
vn 0.1394 -0.2623 0.9549
vn 0.1180 -0.2725 0.9549
vn 0.0982 -0.2802 0.9549
vn -0.0091 -0.0977 0.9952
vn 0.0480 -0.1605 0.9859
vn -0.0068 -0.0888 0.9960
vn -0.0105 -0.9972 0.0734
vn 0.0151 -0.9970 0.0765
vn -0.0358 -0.9870 0.1566
vn -0.0548 -0.9901 0.1289
vn -0.0596 -0.9452 0.3209
vn -0.0964 -0.8831 0.4592
vn -0.0980 -0.7694 0.6312
vn -0.1092 -0.8094 0.5770
vn -0.1157 -0.7174 0.6869
vn -0.1147 -0.6215 0.7750
vn -0.1079 -0.6482 0.7538
vn -0.0747 -0.3602 0.9299
vn -0.0630 -0.4587 0.8864
vn -0.0598 -0.3152 0.9471
vn -0.0195 -0.0885 0.9959
vn -0.0182 -0.0974 0.9951
vn 0.0382 -0.1629 0.9859
vn 0.0998 -0.6236 0.7753
vn 0.0978 -0.4932 0.8644
vn 0.0619 -0.3629 0.9298
vn 0.0539 -0.1503 0.9872
vn 0.0141 -0.0873 0.9961
vn 0.0550 -0.9871 0.1503
vn 0.0632 -0.8826 0.4659
vn 0.0932 -0.9428 0.3202
vn 0.0990 -0.7693 0.6311
vn 0.1101 -0.8097 0.5765
vn 0.1165 -0.7174 0.6869
vn 0.1163 -0.6794 0.7245
vn 0.0049 -0.9982 0.0599
vn 0.0097 -0.9970 0.0763
vn 0.0127 -0.9600 0.2796
vn 0.0225 -0.9465 0.3218
vn 0.0248 -0.8248 0.5649
vn 0.0288 -0.8143 0.5798
vn 0.0291 -0.6132 0.7894
vn 0.0255 -0.6267 0.7789
vn 0.0230 -0.3228 0.9462
vn 0.0145 -0.3638 0.9313
vn 0.0102 -0.0686 0.9976
vn 0.0048 -0.0925 0.9957
vn -0.0026 -0.9963 0.0860
vn -0.0093 -0.9988 0.0479
vn -0.0140 -0.9468 0.3216
vn -0.0226 -0.9599 0.2795
vn -0.0261 -0.8140 0.5803
vn -0.0300 -0.8247 0.5648
vn -0.0302 -0.6255 0.7797
vn -0.0268 -0.6132 0.7894
vn -0.0240 -0.3614 0.9321
vn -0.0148 -0.3228 0.9464
vn -0.0102 -0.0767 0.9970
vn -0.0000 -0.0686 0.9976
vn -0.0139 0.0860 0.9962
vn 0.0086 0.0466 0.9989
vn 0.0075 0.0886 0.9960
vn 0.0068 0.0886 0.9960
vn -0.0226 0.1002 0.9947
vn 0.2427 0.3747 0.8948
vn -0.0547 0.1510 0.9870
vn -0.0609 0.3606 0.9307
vn -0.0848 0.4496 0.8892
vn -0.1081 0.6398 0.7609
vn -0.1124 0.6217 0.7752
vn -0.1156 0.7292 0.6744
vn -0.1145 0.8089 0.5767
vn -0.0904 0.7367 0.6702
vn -0.1157 0.9406 0.3191
vn -0.0703 0.8754 0.4783
vn -0.0386 0.9963 0.0770
vn -0.0262 0.9908 0.1327
vn 0.0120 0.9986 0.0524
vn -0.0458 0.9611 0.2722
vn 0.0576 0.2508 0.9663
vn 0.0636 0.4352 0.8981
vn 0.0681 0.3627 0.9294
vn 0.1145 0.6263 0.7712
vn 0.1155 0.6225 0.7740
vn 0.1164 0.7576 0.6422
vn 0.0987 0.8106 0.5772
vn 0.0985 0.8810 0.4627
vn 0.0602 0.9451 0.3211
vn 0.0542 0.9903 0.1279
vn 0.0105 0.9973 0.0733
vn 0.0026 0.9963 0.0856
vn 0.0093 0.9988 0.0480
vn 0.0133 0.9467 0.3219
vn 0.0220 0.9599 0.2796
vn 0.0249 0.8144 0.5798
vn 0.0287 0.8247 0.5649
vn 0.0291 0.6266 0.7788
vn 0.0254 0.6133 0.7894
vn 0.0234 0.3637 0.9312
vn 0.0139 0.3228 0.9464
vn 0.0103 0.0762 0.9970
vn 0.0009 0.0686 0.9976
vn -0.0049 0.9982 0.0598
vn -0.0098 0.9970 0.0765
vn -0.0134 0.9600 0.2796
vn -0.0232 0.9466 0.3216
vn -0.0259 0.8248 0.5649
vn -0.0301 0.8139 0.5802
vn -0.0301 0.6132 0.7893
vn -0.0269 0.6255 0.7797
vn -0.0234 0.3227 0.9462
vn -0.0155 0.3616 0.9322
vn -0.0100 0.0685 0.9976
vn -0.0050 0.0912 0.9958
vn 0.0761 0.2463 0.9662
vn 0.1879 0.6084 0.7711
vn 0.3632 0.1392 0.9213
vn 0.5231 0.2004 0.8284
vn 0.1878 0.6083 0.7712
vn 0.2634 0.5797 0.7711
vn 0.3365 0.5405 0.7711
vn 0.4038 0.4923 0.7711
vn 0.4644 0.4356 0.7711
vn 0.5170 0.3717 0.7711
vn 0.5609 0.3013 0.7711
vn 0.5888 0.2410 0.7715
vn 0.6533 0.2503 0.7145
vn 0.0440 0.0168 0.9989
vn 0.0415 0.0223 0.9989
vn 0.0382 0.0275 0.9989
vn 0.0343 0.0322 0.9989
vn 0.0299 0.0364 0.9989
vn 0.0249 0.0399 0.9989
vn 0.0251 0.0403 0.9989
vn 0.0223 0.0414 0.9989
vn 0.0195 0.0429 0.9989
vn 0.0139 0.0450 0.9989
vn 0.0141 0.0453 0.9989
vn 0.1970 0.0755 0.9775
vn 0.2792 0.1226 0.9524
vn 0.2692 0.1446 0.9522
vn 0.2691 0.1446 0.9522
vn 0.2481 0.1783 0.9522
vn 0.2228 0.2090 0.9522
vn 0.1938 0.2362 0.9522
vn 0.1615 0.2594 0.9522
vn 0.1264 0.2782 0.9522
vn 0.1009 0.2879 0.9523
vn 0.1295 0.4195 0.8985
vn 0.7898 0.0804 0.6081
vn 0.6850 0.1464 0.7137
vn 0.3866 0.0627 0.9201
vn 0.0453 0.0126 0.9989
vn 0.7966 0.1514 0.5852
vn 0.8970 0.1236 0.4244
vn 0.8924 0.1224 0.4343
vn 0.8020 -0.0192 0.5971
vn 0.8022 0.0191 0.5968
vn 0.9051 -0.0771 0.4181
vn 0.8790 -0.0732 0.4712
vn 0.8922 -0.1152 0.4368
vn 0.9240 -0.1180 0.3637
vn 0.8036 -0.1492 0.5762
vn 0.7345 -0.1503 0.6617
vn 0.2575 -0.0750 0.9634
vn 0.0511 -0.0209 0.9985
vn 0.0641 -0.0166 0.9978
vn 0.0549 -0.0089 0.9985
vn 0.0190 0.0022 0.9998
vn 0.0017 -0.0001 1.0000
vn 0.2024 0.0584 0.9776
vn 0.0656 0.0111 0.9978
vn 0.0627 0.0196 0.9978
vn 0.0212 0.0040 0.9998
vn 0.0292 0.0022 0.9996
vn 0.7283 0.1513 0.6684
vn 0.6990 0.1412 0.7011
vn 0.7015 0.1143 0.7034
vn 0.6039 0.0789 0.7931
vn 0.6057 0.0279 0.7952
vn 0.7785 -0.0300 0.6269
vn 0.6153 -0.0305 0.7877
vn 0.6138 -0.0794 0.7854
vn 0.8931 -0.0367 0.4483
vn 0.7999 -0.0390 0.5989
vn 0.7980 -0.0803 0.5973
vn 0.7132 -0.1147 0.6915
vn 0.7108 -0.1412 0.6891
vn 0.6747 -0.1540 0.7219
vn 0.5128 -0.0427 0.8575
vn 0.3491 -0.1245 0.9288
vn 0.3519 -0.0260 0.9357
vn 0.2584 -0.0743 0.9632
vn 0.2591 -0.0232 0.9656
vn 0.5920 -0.0265 0.8055
vn 0.5918 0.0301 0.8055
vn 0.7760 0.0313 0.6300
vn 0.7919 0.0382 0.6095
vn 0.9134 0.0380 0.4052
vn 0.8806 0.0799 0.4672
vn 0.8853 0.0821 0.4577
vn 0.8936 0.0941 0.4389
vn 0.5404 0.1460 0.8287
vn 0.3384 0.0765 0.9379
vn 0.3385 0.0740 0.9381
vn 0.2495 0.0233 0.9681
vn 0.2495 0.0219 0.9681
vn 0.1946 0.0060 0.9809
vn 0.1947 -0.0051 0.9809
vn 0.0380 -0.0027 0.9993
vn 0.0239 -0.0034 0.9997
vn -0.1133 -0.3021 0.9465
vn 0.7423 -0.2695 0.6134
vn -0.6777 -0.1031 0.7280
vn -0.4148 -0.2708 0.8687
vn -0.0060 -0.0037 1.0000
vn -0.0363 -0.0235 0.9991
vn -0.0353 -0.0273 0.9990
vn -0.0330 -0.0237 0.9992
vn -0.0376 -0.0245 0.9990
vn -0.0377 -0.0249 0.9990
vn -0.0123 -0.0988 0.9950
vn -0.0120 -0.0432 0.9990
vn -0.0145 -0.0390 0.9991
vn -0.0148 -0.0408 0.9991
vn -0.0183 -0.0393 0.9991
vn -0.0182 -0.0385 0.9991
vn -0.0217 -0.0384 0.9990
vn -0.0216 -0.0376 0.9991
vn -0.0243 -0.0359 0.9991
vn -0.0233 -0.0330 0.9992
vn -0.0281 -0.0351 0.9990
vn -0.0277 -0.0333 0.9991
vn -0.0297 -0.0316 0.9991
vn -0.0300 -0.0323 0.9990
vn -0.0315 -0.0286 0.9991
vn -0.0320 -0.0293 0.9991
vn -0.0335 -0.0275 0.9991
vn -0.1645 -0.6353 0.7546
vn -0.1867 -0.6080 0.7717
vn -0.2345 -0.6296 0.7407
vn -0.1951 -0.5854 0.7869
vn -0.2413 -0.5870 0.7728
vn -0.2657 -0.5704 0.7772
vn -0.2713 -0.5734 0.7731
vn -0.3119 -0.5504 0.7745
vn -0.3267 -0.5577 0.7631
vn -0.3503 -0.5175 0.7807
vn -0.3851 -0.5239 0.7598
vn -0.5256 -0.3657 0.7681
vn -0.5272 -0.3802 0.7599
vn -0.4954 -0.3828 0.7798
vn -0.4806 -0.4290 0.7648
vn -0.4705 -0.4272 0.7721
vn -0.4247 -0.4671 0.7755
vn -0.4470 -0.4760 0.7574
vn -0.3901 -0.4879 0.7809
vn -0.1589 -0.0856 0.9836
vn -0.2228 -0.2046 0.9531
vn -0.2487 -0.1624 0.9549
vn -0.2487 -0.1623 0.9549
vn -0.2350 -0.1816 0.9549
vn -0.2199 -0.1996 0.9549
vn -0.2033 -0.2165 0.9549
vn -0.1855 -0.2320 0.9549
vn -0.1665 -0.2459 0.9549
vn -0.1464 -0.2584 0.9549
vn -0.1254 -0.2692 0.9549
vn -0.1037 -0.2783 0.9549
vn -0.0966 -0.2806 0.9549
vn -0.1228 -0.4447 0.8872
vn -0.0000 0.1758 -0.9844
vn 0.0027 0.1758 0.9844
vn -0.0000 0.1685 0.9857
vn 0.0063 0.1592 -0.9872
vn -0.0004 0.3416 -0.9399
vn 0.0052 0.5391 -0.8422
vn -0.0068 0.5620 -0.8271
vn 0.0066 0.8423 -0.5390
vn 0.0051 0.8441 -0.5361
vn -0.0015 0.9537 -0.3008
vn -0.0000 0.9501 -0.3119
vn -0.0000 0.9917 -0.1286
vn -0.0000 0.9929 0.1190
vn -0.0000 0.9564 0.2922
vn -0.0014 0.9530 0.3031
vn 0.0052 0.8423 0.5390
vn 0.0108 0.8491 0.5282
vn -0.0128 0.5391 0.8422
vn 0.0060 0.5697 0.8218
vn -0.0002 0.3501 0.9367
vn -0.0000 0.9881 -0.1540
vn -0.0000 0.2588 0.9659
vn 0.0082 0.9659 0.2588
vn -0.0000 0.7933 0.6088
vn 0.0094 0.7071 0.7071
vn 0.0118 0.1824 0.9832
vn -0.0000 -0.9930 0.1179
vn -0.0000 -0.8214 -0.5703
vn 0.0007 -0.9741 -0.2260
vn 0.0148 -0.9898 -0.1414
vn 0.0100 -0.9843 -0.1760
vn -0.0000 -0.9984 0.0570
vn -0.0000 -0.9984 0.0569
vn -0.0000 -0.9984 -0.0570
vn -0.0000 -0.9984 -0.0569
vn -0.0000 -0.9930 -0.1179
vn -0.0000 -0.9645 0.2642
vn 0.0001 -0.9902 0.1394
vn 0.0030 -0.9741 0.2260
vn 0.0100 -0.9843 0.1760
vn -0.0000 -0.7976 0.6032
vn 0.0042 -0.7746 0.6324
vn -0.0000 -0.8979 0.4402
vn -0.0000 -0.8979 0.4403
vn -0.0000 -0.8214 0.5703
vn -0.0000 -0.7746 -0.6324
vn 0.0022 -0.7976 -0.6032
vn -0.0000 -0.8979 -0.4403
vn -0.0000 -0.9645 -0.2642
vn -0.0000 0.5556 -0.8315
vn -0.0000 0.9808 -0.1951
vn -0.8985 -0.2623 0.3520
vn -0.6277 -0.4941 0.6016
vn -0.7401 -0.3626 0.5664
vn -0.7169 -0.4190 0.5572
vn -0.7817 -0.3851 0.4907
vn -0.7834 -0.3788 0.4928
vn -0.9885 -0.0818 0.1269
vn -0.7282 -0.3714 0.5760
vn -0.8984 -0.2380 0.3691
vn -0.9884 -0.1032 0.1118
vn -0.9740 -0.1372 0.1801
vn -0.0000 -0.8746 -0.4849
vn -0.0322 -0.3635 -0.9310
vn -0.0002 -0.4739 -0.8806
vn 0.0001 -0.1904 -0.9817
vn -0.0028 -0.5317 -0.8469
vn -0.0004 -0.6413 -0.7673
vn 0.0043 -0.8346 -0.5509
vn -0.0417 -0.6997 -0.7132
vn -0.0292 -0.7488 -0.6622
vn -0.0118 0.4343 -0.9007
vn 0.0001 0.2891 -0.9573
vn -0.0007 -0.0000 -1.0000
vn -0.0495 0.1338 -0.9898
vn -0.0110 -0.0218 -0.9997
vn -0.0702 0.6100 -0.7893
vn 0.0095 0.4738 -0.8806
vn -0.0014 0.7173 -0.6967
vn -0.0000 0.7034 -0.7108
vn -0.0000 0.7974 -0.6035
vn -0.0193 0.8556 -0.5173
vn -0.0002 0.9042 -0.4270
vn 0.0003 0.9757 -0.2191
vn -0.0086 0.9858 -0.1675
vn -0.0000 0.9987 -0.0510
vn -0.0000 -0.9761 0.2173
vn -0.0000 -0.7311 0.6823
vn -0.0000 0.9915 0.1303
vn -0.0067 0.9844 0.1757
vn -0.0037 0.8355 0.5496
vn -0.0175 0.7882 0.6151
vn 0.0039 0.9274 0.3740
vn -0.0093 0.5071 0.8618
vn -0.0014 0.6142 0.7891
vn 0.0004 0.6895 0.7243
vn -0.0000 -0.3245 0.9459
vn -0.0000 0.0746 0.9972
vn -0.0000 0.4395 0.8982
vn -0.7025 -0.6373 0.3167
vn -0.8212 -0.5027 0.2700
vn -0.9970 -0.0692 0.0355
vn -0.9743 -0.1895 0.1220
vn -0.9966 -0.0543 0.0613
vn -0.9412 -0.2862 0.1797
vn -0.9411 -0.3008 0.1544
vn -0.7844 -0.5518 0.2832
vn -0.6669 -0.6214 0.4112
vn -0.8407 -0.4655 0.2768
vn -0.7775 -0.5194 0.3546
vn -0.8865 -0.4539 0.0898
vn -0.7026 -0.6575 0.2722
vn -0.9872 -0.1482 0.0589
vn -0.9409 -0.3185 0.1152
vn -0.7775 -0.5907 0.2157
vn -0.8205 -0.5420 0.1819
vn -0.2591 -0.8878 0.3803
vn -0.8652 -0.4988 0.0507
vn -0.3258 -0.9433 0.0630
vn -0.4131 -0.9078 0.0727
vn -0.6836 -0.7294 0.0250
vn -0.9879 -0.1546 0.0139
vn -0.9806 -0.1962 0.0004
vn -0.9797 -0.2007 0.0033
vn -0.9904 -0.1307 0.0440
vn -0.9915 -0.1251 0.0353
vn -0.9912 -0.1312 0.0177
vn -0.9837 -0.1757 0.0377
vn -0.9879 -0.1533 0.0219
vn -0.1916 -0.9814 0.0098
vn -0.2416 -0.9702 0.0163
vn -0.5508 -0.8347 0.0004
vn -0.6625 -0.7482 0.0367
vn -0.8294 -0.5585 0.0153
vn -0.8867 -0.4618 0.0224
vn -0.9799 -0.1996 0.0029
vn -0.9854 -0.1701 0.0080
vn -0.9970 -0.0712 0.0313
vn -0.9940 -0.1055 0.0297
vn -0.9198 -0.3629 0.1494
vn -0.9201 -0.3878 0.0544
vn -0.7783 -0.6165 0.1187
vn -0.6844 -0.7192 0.1199
vn -0.5755 -0.8034 0.1528
vn -0.4132 -0.9029 0.1180
vn -0.1916 -0.9815 -0.0000
vn -0.5508 -0.8347 -0.0000
vn -0.8295 -0.5585 -0.0000
vn -0.9806 -0.1962 -0.0000
vn -0.8437 -0.5031 -0.1872
vn -0.4110 -0.8985 -0.1541
vn -0.1916 -0.9815 0.0033
vn -0.9879 -0.1547 -0.0139
vn -0.9914 -0.1278 -0.0274
vn -0.9914 -0.1258 -0.0355
vn -0.8966 -0.3121 -0.3142
vn -0.9613 -0.2612 -0.0882
vn -0.9645 -0.2532 -0.0756
vn -0.9733 -0.2134 -0.0850
vn -0.9746 -0.2050 -0.0901
vn -0.9855 -0.1698 -0.0080
vn -0.9806 -0.1962 -0.0004
vn -0.2308 -0.9729 -0.0166
vn -0.5508 -0.8347 -0.0004
vn -0.6473 -0.7616 -0.0318
vn -0.9879 -0.1537 -0.0221
vn -0.9877 -0.1545 -0.0225
vn -0.8862 -0.4546 -0.0890
vn -0.9196 -0.3891 -0.0539
vn -0.7768 -0.6186 -0.1180
vn -0.7763 -0.5951 -0.2079
vn -0.7011 -0.6690 -0.2468
vn -0.4114 -0.9086 -0.0721
vn -0.2567 -0.9650 -0.0543
vn -0.2567 -0.9665 0.0033
vn -0.5809 -0.7672 -0.2722
vn -0.5762 -0.8033 -0.1507
vn -0.6833 -0.7204 -0.1186
vn -0.6829 -0.7297 -0.0341
vn -0.8858 -0.4640 -0.0054
vn -0.8291 -0.5583 -0.0296
vn -0.9799 -0.1993 -0.0028
vn -0.9797 -0.2007 -0.0032
vn -0.6265 -0.6437 -0.4394
vn -0.7018 -0.6380 -0.3170
vn -0.7792 -0.5562 -0.2889
vn -0.7243 -0.5926 -0.3524
vn -0.7838 -0.5149 -0.3473
vn -0.8004 -0.5018 -0.3281
vn -0.9394 -0.2903 -0.1822
vn -0.9741 -0.1856 -0.1290
vn -0.8441 -0.4780 -0.2431
vn -0.9744 -0.1963 -0.1092
vn -0.9391 -0.3120 -0.1443
vn -0.9968 -0.0715 -0.0367
vn -0.9968 -0.0675 -0.0435
vn -0.0000 0.9844 -0.1757
vn 0.0041 0.5071 -0.8619
vn -0.0363 0.6668 -0.7443
vn -0.0141 0.9931 -0.1165
vn 0.0051 0.9441 -0.3295
vn -0.0104 0.8354 -0.5495
vn -0.0029 0.8088 -0.5881
vn -0.0004 0.7207 -0.6932
vn -0.0000 -0.3245 -0.9459
vn -0.0000 0.0746 -0.9972
vn -0.0000 0.4396 -0.8982
vn -0.0242 0.6102 -0.7919
vn -0.0000 -0.7310 -0.6823
vn -0.0000 -0.7311 -0.6823
vn -0.0000 -0.9761 -0.2173
vn 0.0312 0.9854 0.1674
vn -0.0427 0.9408 0.3363
vn -0.0000 0.9921 0.1255
vn 0.0002 0.3235 0.9462
vn -0.0251 0.4898 0.8715
vn -0.0188 0.4738 0.8804
vn -0.0001 0.6327 0.7744
vn -0.0000 0.8558 0.5174
vn -0.0667 0.7502 0.6579
vn -0.0226 0.8337 0.5518
vn -0.0001 0.2098 0.9778
vn -0.0103 -0.0000 0.9999
vn -0.0200 0.0317 0.9993
vn -0.0013 -0.6039 0.7970
vn -0.0127 -0.4529 0.8915
vn -0.0075 -0.4739 0.8806
vn -0.0001 -0.2782 0.9605
vn -0.0000 -0.1606 0.9870
vn 0.0004 -0.6750 0.7378
vn -0.0040 -0.8346 0.5509
vn -0.0292 -0.7487 0.6623
vn -0.0000 -0.8745 0.4849
vn -0.9411 -0.1931 -0.2774
vn -0.9202 -0.2382 -0.3105
vn -0.7356 -0.3979 -0.5482
vn -0.7830 -0.3513 -0.5133
vn -0.7232 -0.4151 -0.5520
vn -0.9941 -0.0637 -0.0878
vn -0.9969 -0.0410 -0.0666
vn -0.9970 -0.0481 -0.0612
vn -0.9406 -0.2319 -0.2481
vn -0.9741 -0.1283 -0.1864
vn -0.7793 -0.3953 -0.4862
vn -0.7784 -0.3985 -0.4851
vn -0.0019 -1.0000 -0.0020
vn -0.0003 -1.0000 -0.0000
vn 0.0214 -0.9998 0.0024
vn 0.0216 -0.9998 0.0038
vn -0.0027 -1.0000 -0.0005
vn -0.0401 -0.9990 -0.0188
vn -0.0020 -1.0000 -0.0021
vn -0.6872 -0.2048 -0.6971
vn -0.9856 -0.0293 -0.1667
vn -0.2581 -0.0313 -0.9656
vn -0.7731 -0.3148 -0.5507
vn -0.8070 -0.2987 -0.5094
vn -0.8459 -0.2645 -0.4632
vn -0.9307 -0.1779 -0.3197
vn -0.6130 -0.2421 -0.7521
vn -0.3447 -0.4152 -0.8419
vn -0.6892 -0.3358 -0.6421
vn -0.7665 -0.3222 -0.5556
vn -0.7515 -0.3263 -0.5734
vn -0.0849 -0.0010 -0.9964
vn -0.9673 -0.0121 -0.2532
vn -0.9705 -0.0041 -0.2410
vn -0.9712 -0.0005 -0.2382
vn -0.9923 -0.0519 -0.1123
vn -0.9740 -0.1189 -0.1927
vn -0.9740 -0.1172 -0.1939
vn -0.9737 -0.1166 -0.1957
vn -0.9727 -0.1167 -0.2006
vn -0.9816 -0.1119 -0.1548
vn -0.9908 -0.0663 -0.1177
vn -0.9917 -0.0593 -0.1137
vn -0.8071 -0.3009 -0.5081
vn -0.8733 -0.2666 -0.4077
vn -0.9799 -0.0895 -0.1780
vn -0.9733 -0.0902 -0.2111
vn -0.9964 -0.0453 -0.0714
vn -0.9855 -0.0150 -0.1688
vn -0.9789 0.0100 -0.2039
vn -0.8720 -0.0286 -0.4887
vn -0.8061 -0.0177 -0.5915
vn -0.7190 -0.0305 -0.6943
vn -0.6409 -0.0290 -0.7671
vn -0.5909 -0.0349 -0.8060
vn -0.4793 -0.0331 -0.8770
vn -0.4452 -0.0375 -0.8947
vn -0.2587 -0.0385 -0.9652
vn -0.2051 -0.0472 -0.9776
vn -0.1124 -0.0157 -0.9935
vn -0.9921 -0.0391 -0.1190
vn -0.9822 -0.0404 -0.1834
vn -0.9298 -0.0951 -0.3556
vn -0.8709 -0.1131 -0.4782
vn -0.8438 -0.1298 -0.5207
vn -0.7166 -0.1764 -0.6748
vn -0.7701 -0.1514 -0.6197
vn -0.5880 -0.2083 -0.7816
vn -0.7989 -0.1121 -0.5909
vn -0.4456 -0.1554 -0.8817
vn -0.2284 -0.2084 -0.9510
vn -0.3281 -0.1960 -0.9241
vn -0.0849 0.0001 -0.9964
vn -0.1820 0.0006 -0.9833
vn -0.2589 -0.0002 -0.9659
vn -0.4796 0.0002 -0.8775
vn -0.5391 0.0010 -0.8422
vn -0.9712 -0.0000 -0.2382
vn -0.6412 -0.0000 -0.7674
vn -0.8062 -0.0000 -0.5916
vn -0.8422 0.0008 -0.5391
vn -0.9773 -0.0011 -0.2117
vn -0.9844 -0.0000 -0.1758
vn -0.9921 0.0580 -0.1116
vn -0.9704 0.1180 -0.2106
vn -0.9729 0.1169 -0.1994
vn -0.9742 0.1168 -0.1931
vn -0.9863 0.0150 -0.1640
vn -0.9864 0.0286 -0.1620
vn -0.9829 0.0403 -0.1799
vn -0.9924 0.0387 -0.1172
vn -0.9926 0.0515 -0.1104
vn -0.9839 0.0030 -0.1787
vn -0.9844 0.0003 -0.1758
vn -0.1741 -0.0062 -0.9847
vn -0.1913 0.0299 -0.9811
vn -0.1820 0.0040 -0.9833
vn -0.6264 0.2532 -0.7372
vn -0.5055 0.2211 -0.8340
vn -0.5035 0.1183 -0.8558
vn -0.8105 0.2920 -0.5078
vn -0.7814 0.3183 -0.5368
vn -0.6431 0.3496 -0.6813
vn -0.9735 0.1218 -0.1936
vn -0.9669 0.1426 -0.2116
vn -0.7752 0.3265 -0.5408
vn -0.8387 0.2633 -0.4766
vn -0.6523 0.0019 -0.7580
vn -0.3640 0.0464 -0.9303
vn -0.2199 0.0351 -0.9749
vn -0.6425 0.2511 -0.7240
vn -0.7348 0.2033 -0.6471
vn -0.8112 0.1940 -0.5516
vn -0.5384 0.0513 -0.8411
vn -0.8422 0.0116 -0.5391
vn -0.8742 0.0220 -0.4851
vn -0.9831 0.0051 -0.1831
vn -0.9848 0.0084 -0.1736
vn -0.9844 0.1064 -0.1398
vn -0.9315 0.1771 -0.3177
vn -0.9306 0.0949 -0.3535
vn -0.9348 0.0933 -0.3426
vn -0.8746 0.0717 -0.4795
vn -0.7351 0.1302 -0.6654
vn -0.6545 0.1166 -0.7470
vn -0.4100 0.1884 -0.8924
vn -0.3646 0.0873 -0.9271
vn -0.0001 -1.0000 -0.0001
vn -0.0003 -1.0000 0.0005
vn -0.0038 -1.0000 -0.0039
vn -0.0041 -1.0000 -0.0045
vn -0.0000 -1.0000 0.0001
vn 0.0001 -1.0000 -0.0003
vn 0.0001 -1.0000 0.0001
vn -0.0000 -0.1758 0.9844
vn -0.0000 -0.9844 0.1758
vn -0.0000 -0.8422 0.5391
vn -0.0000 -0.5391 0.8422
vn -0.0000 -0.5392 0.8422
vn -0.2848 0.6907 0.6647
vn -0.3114 0.9386 -0.1488
vn -0.6383 0.7254 -0.2576
vn -0.6036 0.7576 -0.2483
vn -0.5803 0.7817 -0.2283
vn -0.4399 0.8847 -0.1541
vn -0.5850 0.6738 -0.4514
vn -0.2810 0.6787 -0.6785
vn -0.2095 0.6952 -0.6876
vn -0.6096 0.4847 -0.6273
vn -0.6991 0.5800 -0.4181
vn -0.6741 0.6561 -0.3394
vn -0.6802 0.6808 -0.2717
vn -0.6956 0.6611 -0.2811
vn -0.6791 0.6908 -0.2481
vn -0.6385 0.6320 -0.4391
vn -0.6568 0.6203 -0.4287
vn -0.6776 0.6156 -0.4024
vn -0.6770 0.6176 -0.4002
vn -0.6898 0.5938 -0.4143
vn -0.6176 0.6638 -0.4218
vn -0.6194 0.6607 -0.4241
vn -0.6084 0.6573 -0.4448
vn -0.5865 0.6589 -0.4710
vn -0.5575 0.6865 -0.4668
vn -0.5497 0.6837 -0.4800
vn -0.5279 0.6872 -0.4990
vn -0.5374 0.6658 -0.5176
vn -0.4853 0.6835 -0.5453
vn -0.4767 0.6786 -0.5587
vn -0.4856 0.5913 -0.6439
vn -0.4641 0.6359 -0.6166
vn -0.4590 0.6324 -0.6241
vn -0.4590 0.6323 -0.6241
vn -0.4740 0.6173 -0.6279
vn -0.4717 0.6437 -0.6026
vn -0.4726 0.6517 -0.5932
vn -0.4704 0.6730 -0.5707
vn -0.4584 0.6735 -0.5799
vn -0.4720 0.6771 -0.5646
vn -0.5425 0.5377 -0.6455
vn -0.5253 0.5564 -0.6438
vn -0.4967 0.5648 -0.6590
vn -0.6178 0.4344 -0.6555
vn -0.6090 0.4995 -0.6161
vn -0.5885 0.5146 -0.6236
vn -0.5575 0.5267 -0.6417
vn -0.5629 0.5021 -0.6566
vn -0.5489 0.5290 -0.6472
vn -0.6934 0.4586 -0.5557
vn -0.6776 0.4425 -0.5874
vn -0.6724 0.4321 -0.6010
vn -0.6501 0.4995 -0.5726
vn -0.6293 0.4623 -0.6247
vn -0.6095 0.4743 -0.6353
vn -0.6181 0.4774 -0.6245
vn -0.6234 0.4802 -0.6170
vn -0.6193 0.4771 -0.6236
vn -0.6344 0.4668 -0.6161
vn -0.6742 0.4436 -0.5906
vn -0.4909 0.5491 -0.6764
vn -0.5286 0.5241 -0.6677
vn -0.5575 0.5129 -0.6528
vn -0.5614 0.4988 -0.6603
vn -0.5752 0.4894 -0.6555
vn -0.5878 0.4242 -0.6889
vn -0.6034 0.4290 -0.6722
vn -0.4944 0.5696 -0.6566
vn -0.4856 0.5833 -0.6512
vn -0.4489 0.5952 -0.6665
vn -0.4242 0.6313 -0.6492
vn -0.3633 0.6631 -0.6544
vn -0.3538 0.6753 -0.6472
vn -0.1347 0.9328 -0.3342
vn -0.2417 0.7043 -0.6675
vn -0.2812 0.7021 -0.6542
vn -0.2841 0.6969 -0.6585
vn -0.3217 0.6805 -0.6583
vn -0.4112 0.6901 -0.5955
vn -0.3770 0.7043 -0.6015
vn -0.3539 0.6886 -0.6329
vn -0.3150 0.7212 -0.6169
vn -0.2967 0.6992 -0.6505
vn -0.4924 0.6916 -0.5284
vn -0.4924 0.6951 -0.5239
vn -0.5154 0.6692 -0.5352
vn -0.5076 0.6928 -0.5122
vn -0.5161 0.6931 -0.5033
vn -0.4988 0.7351 -0.4591
vn -0.5575 0.6885 -0.4638
vn -0.5784 0.7136 -0.3952
vn -0.6195 0.6517 -0.4377
vn -0.6665 0.6434 -0.3767
vn -0.5567 0.7998 -0.2247
vn -0.6618 0.6842 -0.3063
vn -0.6386 0.7082 -0.3011
vn -0.6386 0.6835 -0.3536
vn -0.6386 0.6550 -0.4040
vn -0.6981 0.6094 -0.3759
vn -0.6806 0.6328 -0.3692
vn -0.4741 0.7086 -0.5226
vn -0.4288 0.7057 -0.5641
vn -0.4319 0.6879 -0.5834
vn -0.4242 0.6842 -0.5932
vn -0.4241 0.6446 -0.6361
vn -0.4243 0.6307 -0.6497
vn -0.3466 0.6185 -0.7052
vn -0.0000 0.0049 -1.0000
vn -0.0000 -0.0005 -1.0000
vn 0.0002 0.0008 -1.0000
vn -0.0000 0.0001 1.0000
vn -0.0000 -0.0005 1.0000
vn -0.0000 0.0002 1.0000
vn -0.0000 -0.0006 1.0000
vn -0.0000 0.0041 1.0000
vn -0.6663 0.6955 0.2689
vn -0.3095 0.9381 0.1552
vn -0.4400 0.8838 0.1590
vn -0.6305 0.7354 0.2482
vn -0.5760 0.7811 0.2410
vn -0.6408 0.7229 0.2584
vn -0.2837 0.6911 -0.6647
vn 0.0025 0.0007 -1.0000
vn -0.0057 -0.0008 -1.0000
vn -0.0002 -0.0000 -1.0000
vn -0.0000 -0.1916 -0.9815
vn -0.0000 -0.5507 -0.8347
vn -0.0000 -0.8295 -0.5585
vn -0.0000 -0.9806 -0.1963
vn -0.9560 0.2696 0.1158
vn -0.9389 0.2906 0.1844
vn -0.9584 0.2256 0.1751
vn -0.9630 0.2003 0.1805
vn -0.9995 0.0293 0.0106
vn -0.9992 0.0365 0.0157
vn -0.9994 0.0318 0.0130
vn -0.9996 0.0060 0.0265
vn -0.9628 0.2581 0.0807
vn -0.9636 0.2624 0.0507
vn -0.9622 0.2629 0.0716
vn -0.9680 0.1480 0.2028
vn -0.9851 0.1599 0.0636
vn -0.9229 0.3455 0.1701
vn -0.9630 0.2555 0.0861
vn -0.8105 0.5406 0.2255
vn -0.8265 0.4787 0.2962
vn -0.7972 0.5360 0.2779
vn -0.7969 0.5560 0.2362
vn -0.8489 0.4816 0.2178
vn -0.7242 0.6474 0.2376
vn -0.8442 0.4350 0.3131
vn -0.7914 0.5165 0.3271
vn -0.9343 0.3132 0.1705
vn -0.9208 0.3369 0.1965
vn -0.7964 0.5224 0.3048
vn -0.7971 0.5073 0.3276
vn -0.7254 0.5584 0.4025
vn -0.9978 0.0633 0.0220
vn -0.9985 0.0424 0.0343
vn -0.9861 0.1290 0.1044
vn -0.9819 0.1495 0.1159
vn -0.9615 0.2272 0.1548
vn -0.9635 0.2194 0.1532
vn -0.9214 0.3117 0.2322
vn -0.8976 0.3525 0.2649
vn -0.7802 0.3981 0.4825
vn -0.7537 0.3679 0.5446
vn -0.8630 0.3687 0.3455
vn -0.8347 0.3578 0.4185
vn -0.9440 0.2234 0.2429
vn -0.9351 0.2162 0.2809
vn -0.9736 0.1667 0.1557
vn -0.9864 0.0837 0.1412
vn -0.9845 0.1278 0.1202
vn -0.9999 0.0087 0.0104
vn -0.9992 0.0305 0.0238
vn -0.9998 -0.0190 0.0096
vn -0.9966 0.0593 0.0574
vn -0.0000 0.4599 -0.8880
vn -0.0000 0.7965 -0.6047
vn -0.0000 0.9790 -0.2041
vn -0.0000 -0.9881 -0.1540
vn -0.5948 0.4295 0.6795
vn -0.6655 0.4591 0.5885
vn -0.6737 0.3611 0.6448
vn -0.6153 0.4907 0.6169
vn -0.5973 0.4660 0.6528
vn -0.5397 0.4855 0.6878
vn -0.6659 0.4591 0.5880
vn -0.6765 0.4573 0.5773
vn -0.6861 0.4506 0.5712
vn -0.6909 0.4546 0.5622
vn -0.7026 0.4529 0.5488
vn -0.5786 0.5059 0.6397
vn -0.6011 0.4875 0.6333
vn -0.6155 0.4588 0.6408
vn -0.6221 0.4626 0.6316
vn -0.6448 0.4725 0.6008
vn -0.4986 0.5582 0.6632
vn -0.5037 0.5592 0.6585
vn -0.5297 0.5419 0.6525
vn -0.5440 0.5280 0.6521
vn -0.5506 0.5186 0.6541
vn -0.5572 0.5170 0.6498
vn -0.5693 0.5119 0.6433
vn -0.4753 0.6533 0.5893
vn -0.4504 0.6535 0.6084
vn -0.3559 0.6688 0.6528
vn -0.4186 0.6435 0.6408
vn -0.4675 0.6198 0.6303
vn -0.4824 0.6069 0.6316
vn -0.4947 0.5949 0.6336
vn -0.5037 0.5593 0.6584
vn -0.5441 0.7058 0.4536
vn -0.5222 0.6919 0.4986
vn -0.5023 0.6911 0.5198
vn -0.5000 0.6902 0.5231
vn -0.4779 0.6914 0.5418
vn -0.4687 0.6934 0.5473
vn -0.4798 0.6758 0.5595
vn -0.4893 0.6543 0.5767
vn -0.6722 0.6104 0.4190
vn -0.6452 0.6155 0.4527
vn -0.6060 0.7359 0.3020
vn -0.6066 0.7163 0.3449
vn -0.5956 0.6600 0.4578
vn -0.6952 0.5831 0.4203
vn -0.6849 0.6030 0.4089
vn -0.6783 0.6174 0.3983
vn -0.6774 0.6240 0.3896
vn -0.6800 0.6235 0.3858
vn -0.6798 0.6602 0.3194
vn -0.6614 0.6834 0.3091
vn -0.6803 0.6507 0.3374
vn -0.6458 0.6873 0.3325
vn -0.6383 0.7254 0.2574
vn -0.6800 0.6890 0.2509
vn -0.6780 0.6900 0.2533
vn -0.5693 0.6957 0.4382
vn -0.5759 0.6918 0.4356
vn -0.6155 0.6534 0.4407
vn -0.5879 0.6494 0.4824
vn -0.6582 0.6386 0.3987
vn -0.6430 0.6632 0.3831
vn -0.6425 0.6889 0.3356
vn -0.5298 0.6697 0.5203
vn -0.5288 0.6608 0.5326
vn -0.5326 0.6906 0.4893
vn -0.4232 0.6683 0.6119
vn -0.4391 0.6888 0.5768
vn -0.4818 0.6878 0.5429
vn -0.3382 0.6692 0.6617
vn -0.3699 0.6629 0.6509
vn -0.3366 0.6931 0.6375
vn -0.3261 0.6919 0.6442
vn -0.2989 0.6933 0.6558
vn -0.2981 0.6933 0.6561
vn -0.2647 0.7066 0.6563
vn -0.2596 0.7030 0.6621
vn -0.2045 0.7108 0.6730
vn -0.3705 0.7169 0.5905
vn -0.4303 0.6779 0.5960
vn -0.4300 0.6510 0.6256
vn -0.4364 0.6439 0.6285
vn -0.4362 0.6501 0.6222
vn -0.4523 0.5999 0.6599
vn -0.4932 0.3513 0.7958
vn -0.1935 0.6192 0.7610
vn -0.1114 0.3068 0.9452
vn -0.0295 0.0985 0.9947
vn 0.0047 0.0516 0.9987
vn -0.0183 0.0434 0.9989
vn -0.0230 0.0411 0.9989
vn -0.0229 0.0411 0.9989
vn -0.0273 0.0383 0.9989
vn -0.0274 0.0383 0.9989
vn -0.0314 0.0351 0.9989
vn -0.0351 0.0314 0.9989
vn -0.0384 0.0273 0.9989
vn -0.4765 0.3756 0.7949
vn -0.4315 0.2183 0.8753
vn 0.0302 0.1426 0.9893
vn -0.4237 0.4731 0.7724
vn -0.4743 0.4268 0.7700
vn -0.4726 0.4226 0.7733
vn -0.5179 0.3740 0.7694
vn -0.5417 0.4213 0.7274
vn -0.2470 0.5743 0.7805
vn -0.2398 0.5703 0.7857
vn -0.2221 0.6015 0.7674
vn -0.1760 0.5994 0.7808
vn -0.2039 0.7088 0.6753
vn -0.2711 0.5753 0.7717
vn -0.3102 0.5558 0.7713
vn -0.3544 0.5282 0.7716
vn -0.3587 0.5028 0.7865
vn -0.3828 0.5077 0.7718
vn -0.4243 0.4750 0.7709
vn -0.0293 0.0164 0.9994
vn -0.0391 0.0262 0.9989
vn -0.2685 0.1458 0.9522
vn -0.2487 0.1772 0.9522
vn -0.2276 0.2035 0.9522
vn -0.2037 0.2275 0.9522
vn -0.1773 0.2486 0.9522
vn -0.1488 0.2667 0.9522
vn -0.1184 0.2815 0.9522
vn -0.0994 0.2883 0.9524
vn -0.1289 0.4390 0.8892
vn 0.0003 0.0001 1.0000
vn -0.0002 -0.0000 1.0000
vn 0.0009 -0.0001 1.0000
vn -0.0001 -0.0002 1.0000
vn 0.0009 0.0002 1.0000
vn -0.0000 -0.0001 1.0000
vn -0.0002 -0.0001 1.0000
vn 0.0001 -0.0002 1.0000
vn 0.0001 0.0002 1.0000
vn -0.9919 -0.0374 0.1218
vn -0.9885 -0.0756 0.1306
vn -0.2627 -0.0644 0.9627
vn -0.1758 0.0016 0.9844
vn -0.6373 -0.1218 0.7609
vn -0.7250 -0.2615 0.6372
vn -0.9635 -0.1134 0.2426
vn -0.5090 -0.4311 0.7450
vn -0.7875 -0.2652 0.5563
vn -0.8983 -0.2015 0.3905
vn -0.9717 -0.0675 0.2263
vn -0.9879 -0.0732 0.1367
vn -0.9882 -0.0314 0.1499
vn -0.9844 -0.0011 0.1761
vn -0.9844 -0.0006 0.1758
vn -0.9839 -0.0031 0.1787
vn -0.9827 -0.0064 0.1852
vn -0.9819 -0.0080 0.1891
vn -0.9855 -0.0122 0.1690
vn -0.9882 -0.0203 0.1518
vn -0.4213 -0.1058 0.9007
vn -0.5965 -0.0655 0.7999
vn -0.6925 -0.0852 0.7164
vn -0.9919 -0.0472 0.1183
vn -0.8871 -0.3900 0.2467
vn -0.9231 -0.0764 0.3770
vn -0.7878 -0.1624 0.5941
vn -0.6921 -0.1685 0.7019
vn -0.4248 -0.2643 0.8658
vn -0.4271 -0.0968 0.8990
vn -0.9881 -0.0320 0.1504
vn -0.8890 -0.1241 0.4407
vn -0.8892 -0.0307 0.4566
vn -0.8823 -0.0293 0.4698
vn -0.8422 0.0009 0.5391
vn -0.5967 -0.0207 0.8022
vn -0.5391 0.0026 0.8422
vn -0.2627 -0.0276 0.9645
vn -0.1833 -0.0059 0.9830
vn -1.0000 -0.0001 -0.0000
vn -1.0000 -0.0002 -0.0000
vn -1.0000 0.0001 0.0001
vn -1.0000 -0.0000 0.0001
vn -1.0000 0.0002 -0.0000
vn -1.0000 0.0001 -0.0000
vn -1.0000 0.0003 -0.0000
vn 0.7032 -0.1054 0.7032
vn 0.4954 -0.1644 0.8529
vn -0.0094 -0.8437 -0.5367
vn 0.0104 -0.5555 -0.8315
vn -0.0000 -0.5740 -0.8188
vn -0.0000 -0.3756 -0.9268
vn 0.0004 -0.3569 -0.9341
vn -0.0073 -0.1874 -0.9823
vn -0.0000 -0.1675 -0.9859
vn -0.0000 -0.9924 -0.1230
vn -0.0172 -0.9821 -0.1874
vn 0.0011 -0.9492 -0.3146
vn -0.0000 -0.9261 -0.3773
vn -0.0000 -0.8315 -0.5555
vn -0.0000 -0.1675 0.9859
vn -0.0073 -0.1874 0.9823
vn 0.0002 -0.3533 0.9355
vn -0.0000 -0.3737 0.9275
vn -0.0000 -0.5507 0.8347
vn 0.0104 -0.5711 0.8208
vn -0.0092 -0.8294 0.5586
vn -0.0000 -0.8431 0.5378
vn -0.0000 -0.9267 0.3758
vn 0.0012 -0.9489 0.3156
vn -0.0172 -0.9821 0.1874
vn -0.0000 -0.9924 0.1230
vn 1.0000 0.0002 -0.0002
vn 1.0000 -0.0001 0.0001
vn 0.6186 0.4167 -0.6661
vn 0.6247 0.4357 -0.6480
vn 0.7013 0.3883 -0.5978
vn 0.7070 0.2588 -0.6581
vn 0.7417 0.1320 -0.6577
vn -0.0000 -0.2025 -0.9793
vn -0.0000 -0.2025 0.9793
vn 0.7107 0.4997 0.4951
vn 0.6511 0.4240 0.6295
vn 0.6365 0.4326 0.6385
vn 0.7022 0.3814 0.6012
vn 0.6999 0.1419 0.7000
vn -0.0000 0.8027 0.5964
vn 0.0069 0.8263 0.5631
vn -0.0000 0.8025 0.5966
vn 0.0015 0.7747 0.6324
vn -0.0000 0.7777 0.6286
vn -0.0000 0.7999 0.6001
vn -0.0000 0.8950 0.4461
vn -0.0000 0.9656 0.2599
vn -0.0000 0.9967 0.0815
vn 0.0031 0.7999 -0.6001
vn -0.0000 0.8023 -0.5969
vn -0.0000 0.8022 -0.5971
vn 0.0013 0.7747 -0.6324
vn -0.0000 0.7773 -0.6291
vn -0.0000 0.8950 -0.4461
vn -0.0000 0.9656 -0.2599
vn -0.0000 0.9967 -0.0815
vn -0.0000 -0.9958 0.0914
vn 0.0027 -0.9844 0.1758
vn 0.0008 -0.8428 0.5382
vn -0.0000 -0.9340 0.3573
vn -0.0000 -0.9643 0.2650
vn -0.0000 -0.3661 0.9306
vn 0.0001 -0.3572 0.9340
vn -0.0005 -0.5579 0.8299
vn 0.0001 -0.5490 0.8358
vn -0.0000 -0.7063 0.7079
vn -0.0000 -0.7762 0.6305
vn 0.0071 -0.8879 0.4600
vn -0.0000 -0.1758 -0.9844
vn -0.0000 -0.7104 -0.7038
vn 0.0011 -0.1987 -0.9801
vn -0.0014 -0.5586 -0.8294
vn -0.0000 -0.5391 -0.8422
vn -0.0000 -0.7103 -0.7039
vn -0.0004 -0.8422 -0.5391
vn -0.0000 -0.8449 -0.5350
vn -0.0000 -0.9844 -0.1758
vn 1.0000 -0.0000 -0.0003
vn -0.0000 -0.2537 0.9673
vn 1.0000 -0.0000 -0.0006
vn -0.0000 -0.1961 -0.9806
vn 0.6268 -0.1547 -0.7637
vn 0.7067 -0.0340 -0.7067
vn 0.7056 -0.0652 0.7056
vn 0.6944 -0.1205 0.7095
vn 0.7150 -0.2470 0.6540
vn 0.7183 -0.2662 0.6428
vn 0.6843 -0.4165 0.5985
vn 0.7345 -0.5722 0.3649
vn 0.6713 -0.5531 0.4935
vn 0.7120 -0.6663 0.2216
vn 0.7223 -0.6712 0.1668
vn 0.7044 -0.7044 0.0873
vn 0.7056 -0.7056 -0.0653
vn 0.7071 -0.0000 -0.7071
vn 0.7041 -0.1713 -0.6891
vn 0.7206 -0.1296 -0.6812
vn 0.6494 -0.5063 -0.5675
vn 0.7191 -0.3828 -0.5800
vn 0.6618 -0.6927 -0.2868
vn 0.7056 -0.6240 -0.3358
vn 0.7013 -0.7074 -0.0877
vn -0.0133 -0.9848 -0.1730
vn 0.0280 -0.8469 -0.5309
vn -0.0089 -0.8805 -0.4739
vn 0.0077 -0.5529 -0.8332
vn 0.0089 -0.5509 -0.8346
vn -0.0059 -0.2029 -0.9792
vn -0.0000 -0.1848 -0.9828
vn -0.0000 -0.2997 0.9540
vn -0.0124 -0.4672 0.8841
vn -0.0000 -0.4954 0.8686
vn -0.0249 -0.9761 0.2159
vn -0.0000 -0.9423 0.3347
vn -0.0000 -0.7942 0.6077
vn -0.0301 -0.8317 0.5544
vn -0.0000 -0.6925 0.7214
vn 0.7056 -0.0651 0.7056
vn 0.6992 -0.0958 0.7084
vn 0.7122 -0.2686 0.6486
vn 0.7288 -0.2052 0.6533
vn 0.6940 -0.3567 0.6254
vn 0.7122 -0.4861 0.5064
vn 0.7334 -0.5656 0.3770
vn 0.6836 -0.5446 0.4859
vn 0.7088 -0.6647 0.2361
vn 0.7223 -0.6712 0.1669
vn 0.7056 -0.7056 -0.0655
vn 0.7014 -0.7074 -0.0877
vn 0.7097 -0.6687 -0.2216
vn 0.7183 -0.6428 -0.2661
vn 0.7021 -0.1193 -0.7021
vn 0.7187 -0.1678 -0.6748
vn 0.7107 -0.2511 -0.6572
vn 0.6705 -0.4939 -0.5536
vn 0.7193 -0.3988 -0.5688
vn 0.6937 -0.6077 -0.3866
vt 0.817169 0.295399
vt 0.815356 0.295396
vt 0.815434 0.171365
vt 0.817247 0.171367
vt 0.819135 0.171372
vt 0.819057 0.295404
vt 0.410390 0.300660
vt 0.409578 0.191786
vt 0.411466 0.192358
vt 0.412278 0.301232
vt 0.413279 0.192505
vt 0.414091 0.301379
vt 0.411513 0.177656
vt 0.412550 0.178400
vt 0.410711 0.182814
vt 0.412561 0.174366
vt 0.413593 0.172943
vt 0.414298 0.173703
vt 0.409786 0.187332
vt 0.413285 0.189236
vt 0.413320 0.188147
vt 0.412215 0.183412
vt 0.413482 0.185975
vt 0.413272 0.190326
vt 0.413272 0.191415
vt 0.415170 0.174458
vt 0.417146 0.175721
vt 0.416533 0.176664
vt 0.413766 0.179046
vt 0.817689 0.166155
vt 0.815891 0.166130
vt 0.818392 0.160689
vt 0.816908 0.160634
vt 0.818022 0.155029
vt 0.415958 0.177622
vt 0.414612 0.180635
vt 0.413794 0.183817
vt 0.819295 0.166216
vt 0.819629 0.160895
vt 0.819100 0.155314
vt 0.819500 0.150615
vt 0.410751 0.176894
vt 0.418916 0.165449
vt 0.418175 0.169388
vt 0.419736 0.170580
vt 0.422929 0.166360
vt 0.423909 0.166385
vt 0.420423 0.170994
vt 0.420554 0.166023
vt 0.422012 0.787488
vt 0.421668 0.789499
vt 0.422415 0.771894
vt 0.423224 0.785318
vt 0.462014 0.718867
vt 0.476513 0.733954
vt 0.432310 0.747452
vt 0.440407 0.768699
vt 0.428197 0.751892
vt 0.437420 0.771573
vt 0.423333 0.763693
vt 0.424958 0.757379
vt 0.425364 0.756480
vt 0.480916 0.816832
vt 0.477997 0.819641
vt 0.434502 0.774382
vt 0.423888 0.784595
vt 0.799883 0.446277
vt 0.799883 0.383385
vt 0.803704 0.446267
vt 0.803704 0.526599
vt 0.799883 0.463718
vt 0.804447 0.463706
vt 0.804447 0.383373
vt 0.804447 0.446264
vt 0.669604 0.901010
vt 0.669604 0.963902
vt 0.668858 0.901008
vt 0.665024 0.963891
vt 0.665024 0.900999
vt 0.419620 0.695192
vt 0.419620 0.632300
vt 0.421604 0.632297
vt 0.421604 0.695189
vt 0.805983 0.103272
vt 0.805983 0.161231
vt 0.804193 0.160701
vt 0.804193 0.102742
vt 0.801996 0.160511
vt 0.801996 0.102552
vt 0.777416 0.372192
vt 0.771624 0.372189
vt 0.777416 0.309300
vt 0.771624 0.309297
vt 0.688229 0.853978
vt 0.694017 0.853974
vt 0.688229 0.916870
vt 0.694017 0.916866
vt 0.797868 0.308301
vt 0.801918 0.308304
vt 0.797868 0.366260
vt 0.801918 0.366263
vt 0.825412 0.894458
vt 0.825412 0.957350
vt 0.820821 0.894446
vt 0.820821 0.957338
vt 0.421602 0.569402
vt 0.421602 0.632294
vt 0.419615 0.632297
vt 0.419615 0.569405
vt 0.804542 0.509159
vt 0.804542 0.571930
vt 0.802764 0.572016
vt 0.802764 0.509245
vt 0.800571 0.572047
vt 0.800571 0.509276
vt 0.805450 0.438074
vt 0.800668 0.437781
vt 0.805450 0.380115
vt 0.800668 0.379822
vt 0.804582 0.446388
vt 0.804582 0.509159
vt 0.802378 0.509131
vt 0.802378 0.446360
vt 0.800571 0.509048
vt 0.800571 0.446277
vt 0.419615 0.569399
vt 0.419615 0.506507
vt 0.421607 0.506510
vt 0.421607 0.569402
vt 0.719286 0.901586
vt 0.723860 0.901575
vt 0.719286 0.964478
vt 0.723860 0.964467
vt 0.425029 0.708141
vt 0.421607 0.704787
vt 0.468564 0.662921
vt 0.465142 0.659567
vt 0.691228 0.092494
vt 0.690070 0.093733
vt 0.690204 0.090957
vt 0.689963 0.093928
vt 0.689587 0.095104
vt 0.696506 0.093232
vt 0.697339 0.088909
vt 0.697299 0.094813
vt 0.697592 0.094720
vt 0.697331 0.094959
vt 0.697362 0.096265
vt 0.692574 0.091907
vt 0.689587 0.080506
vt 0.693035 0.091830
vt 0.695437 0.092335
vt 0.694949 0.092098
vt 0.694045 0.091852
vt 0.785619 0.590598
vt 0.785525 0.784517
vt 0.775234 0.590600
vt 0.775140 0.784519
vt 0.658962 0.913472
vt 0.649688 0.913256
vt 0.651067 0.904171
vt 0.648206 0.912766
vt 0.646465 0.901533
vt 0.641126 0.908349
vt 0.644122 0.898591
vt 0.636767 0.902875
vt 0.642738 0.895090
vt 0.634118 0.896025
vt 0.642738 0.889771
vt 0.634104 0.886847
vt 0.645110 0.885370
vt 0.637903 0.879059
vt 0.649287 0.882937
vt 0.644734 0.874260
vt 0.654271 0.883053
vt 0.651216 0.873250
vt 0.658873 0.885691
vt 0.662615 0.877525
vt 0.661216 0.888633
vt 0.668571 0.884349
vt 0.662600 0.892134
vt 0.671145 0.890863
vt 0.662600 0.897453
vt 0.671145 0.900757
vt 0.660228 0.901854
vt 0.666733 0.908946
vt 0.656051 0.904287
vt 0.647636 0.091224
vt 0.647636 0.085718
vt 0.658118 0.085718
vt 0.605099 0.085067
vt 0.605138 0.088782
vt 0.594676 0.088775
vt 0.584566 0.085106
vt 0.594226 0.085098
vt 0.584811 0.088829
vt 0.594471 0.088821
vt 0.594637 0.085060
vt 0.594627 0.084635
vt 0.604911 0.080505
vt 0.594471 0.080843
vt 0.647629 0.080871
vt 0.658110 0.080506
vt 0.658111 0.080871
vt 0.658117 0.084323
vt 0.658118 0.091224
vt 0.658117 0.092620
vt 0.647629 0.096076
vt 0.658111 0.096076
vt 0.658110 0.096441
vt 0.583388 0.080505
vt 0.593190 0.080847
vt 0.594164 0.084671
vt 0.584566 0.092549
vt 0.594226 0.092541
vt 0.594164 0.092968
vt 0.593190 0.096783
vt 0.583388 0.097139
vt 0.785640 0.800455
vt 0.785639 0.800091
vt 0.796121 0.800091
vt 0.785632 0.796644
vt 0.796112 0.795251
vt 0.785630 0.795251
vt 0.796112 0.789744
vt 0.785639 0.784886
vt 0.796121 0.784886
vt 0.785632 0.788348
vt 0.785630 0.789744
vt 0.594637 0.092503
vt 0.605099 0.092510
vt 0.594627 0.092932
vt 0.604911 0.097138
vt 0.594471 0.096778
vt 0.785640 0.784519
vt 0.698805 0.287389
vt 0.694252 0.287389
vt 0.694114 0.286754
vt 0.694189 0.307972
vt 0.694046 0.308607
vt 0.692823 0.308157
vt 0.690187 0.305514
vt 0.698880 0.308607
vt 0.698742 0.307972
vt 0.700106 0.308157
vt 0.687692 0.301186
vt 0.687149 0.301402
vt 0.687181 0.297680
vt 0.686606 0.297680
vt 0.687714 0.294175
vt 0.687172 0.293959
vt 0.689798 0.305998
vt 0.689478 0.305648
vt 0.687287 0.301829
vt 0.698947 0.286754
vt 0.700171 0.287204
vt 0.702806 0.289847
vt 0.687313 0.293532
vt 0.689527 0.289713
vt 0.690235 0.289847
vt 0.689849 0.289363
vt 0.692887 0.287204
vt 0.703145 0.305998
vt 0.702758 0.305514
vt 0.703467 0.305648
vt 0.705280 0.301186
vt 0.705681 0.301829
vt 0.705301 0.294175
vt 0.705845 0.293959
vt 0.705813 0.297681
vt 0.706388 0.297681
vt 0.705822 0.301402
vt 0.703196 0.289363
vt 0.703516 0.289713
vt 0.705706 0.293532
vt 0.792740 0.448360
vt 0.792698 0.446277
vt 0.795601 0.448360
vt 0.796210 0.446277
vt 0.799155 0.448467
vt 0.800571 0.446408
vt 0.813742 0.655991
vt 0.812425 0.654028
vt 0.817471 0.656004
vt 0.817001 0.654044
vt 0.821697 0.656011
vt 0.822188 0.654053
vt 0.697436 0.289282
vt 0.700697 0.291285
vt 0.702729 0.294812
vt 0.703147 0.297668
vt 0.789200 0.446350
vt 0.702712 0.300524
vt 0.789890 0.448420
vt 0.788430 0.448477
vt 0.784905 0.446573
vt 0.786390 0.448601
vt 0.789009 0.292873
vt 0.790347 0.290919
vt 0.791856 0.290923
vt 0.793575 0.292890
vt 0.794067 0.290932
vt 0.796179 0.290942
vt 0.798761 0.292916
vt 0.798293 0.290954
vt 0.697385 0.306053
vt 0.800504 0.290968
vt 0.803330 0.292947
vt 0.699328 0.305157
vt 0.700657 0.304051
vt 0.702116 0.301992
vt 0.793344 0.509690
vt 0.796205 0.509690
vt 0.799758 0.509797
vt 0.813635 0.717442
vt 0.817364 0.717455
vt 0.821590 0.717462
vt 0.825304 0.717462
vt 0.825411 0.656011
vt 0.582096 0.958329
vt 0.582096 0.901697
vt 0.585618 0.959235
vt 0.585618 0.902604
vt 0.588473 0.959426
vt 0.588473 0.902794
vt 0.592800 0.958980
vt 0.591330 0.902608
vt 0.592799 0.902348
vt 0.575976 0.873422
vt 0.572813 0.934792
vt 0.572813 0.873250
vt 0.419450 0.758687
vt 0.421524 0.758087
vt 0.421524 0.814144
vt 0.800820 0.229517
vt 0.802015 0.290979
vt 0.796495 0.229492
vt 0.792172 0.229473
vt 0.789009 0.229466
vt 0.789034 0.509807
vt 0.672260 0.088612
vt 0.673578 0.080338
vt 0.677276 0.080631
vt 0.670157 0.082076
vt 0.667830 0.085430
vt 0.793494 0.515411
vt 0.511491 0.088612
vt 0.521347 0.086561
vt 0.521537 0.089442
vt 0.519599 0.082885
vt 0.516507 0.080631
vt 0.677908 0.096606
vt 0.674029 0.097460
vt 0.520168 0.093671
vt 0.517139 0.096606
vt 0.670340 0.096006
vt 0.667830 0.092632
vt 0.554477 0.902752
vt 0.550106 0.908224
vt 0.544753 0.901443
vt 0.543008 0.912651
vt 0.540139 0.904088
vt 0.541522 0.913145
vt 0.535142 0.904219
vt 0.532223 0.913389
vt 0.530954 0.901805
vt 0.524432 0.908898
vt 0.528576 0.897423
vt 0.520008 0.900745
vt 0.528576 0.892119
vt 0.520008 0.890877
vt 0.529963 0.888623
vt 0.522589 0.884373
vt 0.532312 0.885681
vt 0.528560 0.877548
vt 0.536927 0.883037
vt 0.539989 0.873250
vt 0.541924 0.882905
vt 0.546489 0.874237
vt 0.546112 0.885319
vt 0.553339 0.879003
vt 0.548490 0.889701
vt 0.557147 0.886759
vt 0.548490 0.895006
vt 0.557133 0.895912
vt 0.547103 0.898502
vt 0.658126 0.091224
vt 0.658126 0.085718
vt 0.668608 0.085718
vt 0.615766 0.085068
vt 0.615805 0.088783
vt 0.605343 0.088776
vt 0.562399 0.085106
vt 0.572059 0.085098
vt 0.562645 0.088829
vt 0.572305 0.088821
vt 0.605304 0.085061
vt 0.605294 0.084636
vt 0.615577 0.080506
vt 0.605138 0.080844
vt 0.658118 0.080871
vt 0.668599 0.080506
vt 0.668600 0.080871
vt 0.668607 0.084323
vt 0.668608 0.091224
vt 0.668607 0.092620
vt 0.658118 0.096076
vt 0.668600 0.096076
vt 0.668599 0.096441
vt 0.561222 0.080505
vt 0.571024 0.080847
vt 0.571998 0.084671
vt 0.572059 0.092541
vt 0.562399 0.092549
vt 0.571998 0.092968
vt 0.571024 0.096783
vt 0.561222 0.097139
vt 0.801944 0.800455
vt 0.801943 0.800091
vt 0.812425 0.800091
vt 0.801936 0.796644
vt 0.812417 0.795251
vt 0.801934 0.795251
vt 0.812417 0.789744
vt 0.801943 0.784886
vt 0.812425 0.784886
vt 0.801936 0.788348
vt 0.801934 0.789744
vt 0.605304 0.092504
vt 0.615766 0.092511
vt 0.605294 0.092933
vt 0.615577 0.097139
vt 0.605138 0.096779
vt 0.801944 0.784519
vt 0.782029 0.940399
vt 0.780803 0.940849
vt 0.780664 0.940214
vt 0.776111 0.940214
vt 0.780728 0.919631
vt 0.776175 0.919631
vt 0.776036 0.918996
vt 0.769095 0.926201
vt 0.769637 0.926417
vt 0.768528 0.929923
vt 0.769103 0.929923
vt 0.769072 0.933644
vt 0.769615 0.933428
vt 0.775969 0.940849
vt 0.774746 0.940399
vt 0.772110 0.937756
vt 0.769235 0.925774
vt 0.771450 0.921955
vt 0.772158 0.922089
vt 0.771772 0.921606
vt 0.774810 0.919446
vt 0.771721 0.938240
vt 0.771401 0.937890
vt 0.769210 0.934071
vt 0.785068 0.938240
vt 0.784681 0.937756
vt 0.785389 0.937890
vt 0.787202 0.933428
vt 0.787603 0.934071
vt 0.787224 0.926417
vt 0.787767 0.926201
vt 0.787736 0.929923
vt 0.788311 0.929923
vt 0.787744 0.933644
vt 0.784729 0.922089
vt 0.785438 0.921955
vt 0.787629 0.925774
vt 0.780870 0.918996
vt 0.782093 0.919446
vt 0.785119 0.921606
vt 0.792740 0.517495
vt 0.792698 0.515411
vt 0.795601 0.517495
vt 0.796210 0.515411
vt 0.799155 0.517602
vt 0.800571 0.515543
vt 0.813743 0.719425
vt 0.812426 0.717462
vt 0.817472 0.719438
vt 0.817002 0.717478
vt 0.821698 0.719445
vt 0.822189 0.717487
vt 0.779359 0.921525
vt 0.782619 0.923527
vt 0.784652 0.927054
vt 0.785069 0.929910
vt 0.789200 0.515485
vt 0.784635 0.932766
vt 0.789890 0.517555
vt 0.788430 0.517612
vt 0.784905 0.515708
vt 0.786390 0.517736
vt 0.789009 0.229392
vt 0.790347 0.227438
vt 0.791856 0.227442
vt 0.793575 0.229409
vt 0.794067 0.227451
vt 0.796179 0.227461
vt 0.798761 0.229435
vt 0.798293 0.227473
vt 0.779307 0.938296
vt 0.800504 0.227487
vt 0.803330 0.229466
vt 0.781251 0.937399
vt 0.782580 0.936293
vt 0.784039 0.934234
vt 0.793344 0.578825
vt 0.796205 0.578825
vt 0.799758 0.578932
vt 0.813636 0.780876
vt 0.817365 0.780889
vt 0.821591 0.780897
vt 0.825305 0.780897
vt 0.825412 0.719445
vt 0.481061 0.947194
vt 0.481061 0.890563
vt 0.484583 0.948101
vt 0.484583 0.891469
vt 0.487438 0.948292
vt 0.487438 0.891660
vt 0.491765 0.947845
vt 0.490295 0.891474
vt 0.491765 0.891214
vt 0.806493 0.229638
vt 0.803330 0.291008
vt 0.803330 0.229466
vt 0.484940 0.831720
vt 0.487015 0.831120
vt 0.487015 0.887177
vt 0.800820 0.166036
vt 0.802015 0.227498
vt 0.796495 0.166011
vt 0.792172 0.165992
vt 0.789009 0.165985
vt 0.789034 0.578942
vt 0.657784 0.088612
vt 0.659102 0.080338
vt 0.662800 0.080631
vt 0.655681 0.082076
vt 0.653354 0.085430
vt 0.793494 0.584546
vt 0.667640 0.086561
vt 0.667830 0.089442
vt 0.665892 0.082885
vt 0.663432 0.096606
vt 0.659553 0.097461
vt 0.666461 0.093671
vt 0.655865 0.096006
vt 0.653354 0.092632
vt 0.792680 0.820882
vt 0.790622 0.820796
vt 0.792435 0.813532
vt 0.790366 0.813758
vt 0.792401 0.813240
vt 0.790989 0.806708
vt 0.789065 0.807742
vt 0.788658 0.802281
vt 0.786918 0.803664
vt 0.762418 0.377430
vt 0.763018 0.375854
vt 0.762708 0.377431
vt 0.770039 0.375858
vt 0.770041 0.377434
vt 0.772005 0.375859
vt 0.771220 0.377435
vt 0.721815 0.082959
vt 0.723535 0.081553
vt 0.723989 0.082497
vt 0.722172 0.083815
vt 0.724384 0.084940
vt 0.722325 0.084991
vt 0.724324 0.084067
vt 0.724129 0.082980
vt 0.790721 0.869131
vt 0.790006 0.864122
vt 0.789065 0.859151
vt 0.511226 0.604027
vt 0.512066 0.604571
vt 0.510421 0.603881
vt 0.512603 0.605422
vt 0.512746 0.606239
vt 0.512603 0.607055
vt 0.512066 0.607907
vt 0.510421 0.779457
vt 0.512569 0.782717
vt 0.512066 0.783482
vt 0.511226 0.608452
vt 0.510421 0.608598
vt 0.502017 0.605408
vt 0.503626 0.609832
vt 0.501482 0.605615
vt 0.503194 0.610000
vt 0.493251 0.611104
vt 0.496539 0.614438
vt 0.490097 0.615044
vt 0.492167 0.621191
vt 0.487843 0.619457
vt 0.511584 0.779772
vt 0.512435 0.780635
vt 0.512746 0.781814
vt 0.511311 0.783994
vt 0.510421 0.784173
vt 0.503194 0.778061
vt 0.502017 0.782655
vt 0.502908 0.777944
vt 0.487639 0.619999
vt 0.492002 0.621630
vt 0.486138 0.628526
vt 0.490788 0.628524
vt 0.490788 0.676812
vt 0.490656 0.710130
vt 0.486138 0.759552
vt 0.489751 0.694037
vt 0.490656 0.677944
vt 0.501482 0.782448
vt 0.497133 0.780164
vt 0.496539 0.773630
vt 0.493251 0.776967
vt 0.492283 0.767171
vt 0.487843 0.768619
vt 0.492167 0.766881
vt 0.487639 0.768077
vt 0.490788 0.759550
vt 0.490788 0.711261
vt 0.422227 0.835579
vt 0.422997 0.873957
vt 0.420168 0.835618
vt 0.421954 0.878905
vt 0.421137 0.883897
vt 0.820685 0.952941
vt 0.820685 0.777612
vt 0.829759 0.776991
vt 0.830718 0.952175
vt 0.839231 0.774647
vt 0.839231 0.949977
vt 0.755825 0.292919
vt 0.755825 0.102668
vt 0.765290 0.102685
vt 0.764332 0.292935
vt 0.774362 0.102690
vt 0.774362 0.292941
vt 0.689659 0.952834
vt 0.689659 0.777505
vt 0.526878 0.863441
vt 0.525385 0.867090
vt 0.511650 0.857421
vt 0.672419 0.857421
vt 0.686154 0.867090
vt 0.665384 0.858391
vt 0.667425 0.854973
vt 0.646209 0.846507
vt 0.633250 0.830153
vt 0.646605 0.841786
vt 0.648758 0.843401
vt 0.644036 0.848928
vt 0.641652 0.847138
vt 0.631298 0.831953
vt 0.627943 0.834816
vt 0.419088 0.566797
vt 0.419335 0.552819
vt 0.419335 0.568137
vt 0.626582 0.833838
vt 0.626793 0.833666
vt 0.617347 0.823576
vt 0.875602 0.833666
vt 0.866156 0.823576
vt 0.860709 0.816027
vt 0.860473 0.816170
vt 0.858107 0.812279
vt 0.856165 0.809828
vt 0.848727 0.796235
vt 0.848469 0.796347
vt 0.847801 0.795004
vt 0.844228 0.786444
vt 0.410768 0.524619
vt 0.411024 0.516004
vt 0.411024 0.536252
vt 0.839663 0.774865
vt 0.839934 0.774790
vt 0.836364 0.762932
vt 0.835658 0.758334
vt 0.419335 0.557430
vt 0.419572 0.552819
vt 0.419572 0.563530
vt 0.834284 0.752248
vt 0.834564 0.752210
vt 0.833446 0.746108
vt 0.832735 0.729058
vt 0.832450 0.729055
vt 0.833400 0.711998
vt 0.834504 0.705894
vt 0.834222 0.705856
vt 0.835579 0.699770
vt 0.419112 0.585838
vt 0.419349 0.579772
vt 0.419349 0.590438
vt 0.836273 0.695163
vt 0.839811 0.683295
vt 0.839540 0.683219
vt 0.841034 0.678774
vt 0.844072 0.671629
vt 0.410818 0.554662
vt 0.411068 0.547559
vt 0.411068 0.564540
vt 0.848289 0.661706
vt 0.848546 0.661817
vt 0.855948 0.648196
vt 0.857882 0.645744
vt 0.860239 0.641839
vt 0.860477 0.641984
vt 0.865903 0.634411
vt 0.875323 0.624291
vt 0.626515 0.624291
vt 0.617094 0.634411
vt 0.626301 0.624117
vt 0.627656 0.623139
vt 0.628545 0.621880
vt 0.632979 0.627809
vt 0.629467 0.624646
vt 0.644324 0.617682
vt 0.645894 0.611392
vt 0.646303 0.616129
vt 0.648455 0.614504
vt 0.672075 0.600400
vt 0.665036 0.599438
vt 0.683116 0.595784
vt 0.522347 0.595784
vt 0.504267 0.599438
vt 0.525014 0.590664
vt 0.526519 0.594324
vt 0.669918 0.601436
vt 0.667089 0.602865
vt 0.656687 0.608855
vt 0.663606 0.861057
vt 0.685807 0.867858
vt 0.670624 0.864440
vt 0.509855 0.864440
vt 0.525039 0.867858
vt 0.524035 0.869936
vt 0.655647 0.856636
vt 0.502837 0.861057
vt 0.655305 0.601213
vt 0.643714 0.608964
vt 0.523657 0.587808
vt 0.509493 0.593355
vt 0.670262 0.593355
vt 0.685783 0.590664
vt 0.663251 0.596764
vt 0.614298 0.867974
vt 0.614101 0.866934
vt 0.634848 0.858159
vt 0.612888 0.594169
vt 0.613730 0.590506
vt 0.628111 0.600188
vt 0.634500 0.599205
vt 0.633109 0.602638
vt 0.653675 0.611089
vt 0.667280 0.627456
vt 0.653926 0.615823
vt 0.651775 0.614210
vt 0.654971 0.608656
vt 0.657354 0.610446
vt 0.668855 0.625647
vt 0.671145 0.622767
vt 0.576842 0.579911
vt 0.564472 0.585092
vt 0.577826 0.579164
vt 0.577999 0.579458
vt 0.588121 0.575532
vt 0.732411 0.591751
vt 0.741761 0.601852
vt 0.747281 0.609411
vt 0.595549 0.573298
vt 0.595692 0.573602
vt 0.601905 0.571605
vt 0.751733 0.615613
vt 0.759238 0.629217
vt 0.771471 0.662536
vt 0.773340 0.673262
vt 0.768001 0.650675
vt 0.615415 0.568581
vt 0.615525 0.568893
vt 0.616760 0.568319
vt 0.637004 0.565442
vt 0.636928 0.565125
vt 0.648873 0.563832
vt 0.774366 0.713474
vt 0.773340 0.719578
vt 0.775140 0.696419
vt 0.659565 0.563018
vt 0.659603 0.563339
vt 0.665707 0.562692
vt 0.774366 0.679364
vt 0.682764 0.562630
vt 0.682764 0.562308
vt 0.699818 0.562692
vt 0.705957 0.563018
vt 0.705919 0.563339
vt 0.716642 0.563832
vt 0.771471 0.730304
vt 0.768001 0.742170
vt 0.751733 0.777245
vt 0.747281 0.783454
vt 0.759238 0.763636
vt 0.728575 0.565125
vt 0.728499 0.565442
vt 0.733013 0.565715
vt 0.766689 0.746687
vt 0.749945 0.568893
vt 0.750056 0.568582
vt 0.763538 0.571605
vt 0.769879 0.573298
vt 0.769736 0.573602
vt 0.777286 0.575532
vt 0.741761 0.791016
vt 0.732410 0.801127
vt 0.787375 0.579458
vt 0.787548 0.579164
vt 0.788526 0.579910
vt 0.789776 0.580049
vt 0.787018 0.582260
vt 0.667552 0.829800
vt 0.670260 0.832951
vt 0.654228 0.841480
vt 0.653990 0.846206
vt 0.652081 0.843102
vt 0.633447 0.854742
vt 0.613249 0.863283
vt 0.628456 0.857209
vt 0.635401 0.596527
vt 0.613850 0.589875
vt 0.628382 0.593144
vt 0.614202 0.587648
vt 0.643360 0.600948
vt 0.800213 0.589120
vt 0.802638 0.586029
vt 0.655292 0.848620
vt 0.643702 0.856370
vt 0.635755 0.860820
vt 0.628746 0.864228
vt 0.614581 0.869775
vt 0.638077 0.881936
vt 0.633407 0.882173
vt 0.639735 0.866472
vt 0.827429 0.650084
vt 0.831918 0.656520
vt 0.828741 0.663578
vt 0.657151 0.562383
vt 0.663201 0.557142
vt 0.663276 0.572572
vt 0.629168 0.587830
vt 0.645175 0.588581
vt 0.629829 0.599074
vt 0.521088 0.533471
vt 0.509899 0.547824
vt 0.521426 0.531644
vt 0.509957 0.869948
vt 0.563267 0.320577
vt 0.559520 0.316173
vt 0.554880 0.306970
vt 0.638117 0.377963
vt 0.653400 0.382524
vt 0.642724 0.382529
vt 0.633358 0.848731
vt 0.621798 0.871174
vt 0.624545 0.859023
vt 0.609326 0.364198
vt 0.598155 0.362981
vt 0.598136 0.356637
vt 0.596182 0.355164
vt 0.578165 0.355299
vt 0.584017 0.344791
vt 0.578218 0.339810
vt 0.573015 0.333226
vt 0.645551 0.869212
vt 0.640580 0.869960
vt 0.630176 0.858775
vt 0.670726 0.869948
vt 0.655399 0.869956
vt 0.616088 0.846614
vt 0.875391 0.833838
vt 0.864897 0.846614
vt 0.852280 0.832889
vt 0.841304 0.817784
vt 0.832112 0.801498
vt 0.828588 0.798266
vt 0.829685 0.784263
vt 0.830526 0.769576
vt 0.831098 0.754411
vt 0.831151 0.707937
vt 0.831413 0.723456
vt 0.831394 0.739016
vt 0.831288 0.746370
vt 0.841066 0.640201
vt 0.852002 0.625056
vt 0.875110 0.624117
vt 0.864582 0.611286
vt 0.615773 0.611286
vt 0.647034 0.587830
vt 0.665872 0.587823
vt 0.684426 0.587808
vt 0.862227 0.344909
vt 0.873772 0.355284
vt 0.873996 0.361266
vt 0.625187 0.361266
vt 0.624963 0.355284
vt 0.637552 0.364376
vt 0.626099 0.376914
vt 0.643962 0.382744
vt 0.643303 0.580324
vt 0.625071 0.585683
vt 0.641865 0.575071
vt 0.645755 0.369280
vt 0.651066 0.372081
vt 0.617134 0.599913
vt 0.607046 0.594034
vt 0.727374 0.293646
vt 0.727374 0.308607
vt 0.721460 0.294283
vt 0.602886 0.599952
vt 0.588094 0.599991
vt 0.829811 0.677867
vt 0.830617 0.692716
vt 0.827240 0.811531
vt 0.825661 0.823846
vt 0.626228 0.901501
vt 0.638083 0.897484
vt 0.638344 0.912710
vt 0.874908 0.376914
vt 0.855455 0.368788
vt 0.854597 0.354068
vt 0.853851 0.337839
vt 0.851813 0.333325
vt 0.818048 0.780897
vt 0.818048 0.796429
vt 0.813450 0.783719
vt 0.818213 0.894446
vt 0.820821 0.905000
vt 0.818213 0.918488
vt 0.517359 0.912999
vt 0.517359 0.941797
vt 0.509207 0.924799
vt 0.654750 0.914998
vt 0.663181 0.926055
vt 0.654750 0.940953
vt 0.615307 0.891155
vt 0.670668 0.547824
vt 0.618742 0.588438
vt 0.867551 0.588438
vt 0.878638 0.599074
vt 0.852347 0.601648
vt 0.838740 0.616542
vt 0.826911 0.632924
vt 0.825882 0.637459
vt 0.639735 0.912887
vt 0.827168 0.825007
vt 0.839041 0.841346
vt 0.852687 0.856191
vt 0.867927 0.869345
vt 0.619118 0.869345
vt 0.626479 0.869958
vt 0.415463 0.916755
vt 0.415458 0.914747
vt 0.419014 0.914747
vt 0.415417 0.890784
vt 0.415414 0.888596
vt 0.418969 0.888596
vt 0.413817 0.729265
vt 0.419074 0.721716
vt 0.415491 0.730388
vt 0.419014 0.743929
vt 0.415459 0.743929
vt 0.418969 0.770107
vt 0.415421 0.765038
vt 0.415454 0.746110
vt 0.415240 0.807200
vt 0.415358 0.800093
vt 0.418941 0.799032
vt 0.415396 0.785546
vt 0.415414 0.770107
vt 0.415032 0.818246
vt 0.418932 0.829362
vt 0.414971 0.829382
vt 0.418941 0.859686
vt 0.415360 0.859686
vt 0.415303 0.855448
vt 0.415034 0.840494
vt 0.415401 0.877393
vt 0.415397 0.873160
vt 0.415383 0.862459
vt 0.415454 0.912564
vt 0.415438 0.904210
vt 0.415421 0.893654
vt 0.415491 0.928269
vt 0.419074 0.936926
vt 0.417379 0.501786
vt 0.413293 0.492609
vt 0.418985 0.500690
vt 0.411204 0.489738
vt 0.411189 0.481410
vt 0.419035 0.481415
vt 0.764593 0.500914
vt 0.764497 0.492582
vt 0.771742 0.492576
vt 0.419051 0.489743
vt 0.411204 0.409405
vt 0.419051 0.409410
vt 0.419365 0.439434
vt 0.411519 0.439429
vt 0.420072 0.467605
vt 0.412226 0.467600
vt 0.421139 0.492614
vt 0.421607 0.500691
vt 0.771838 0.500908
vt 0.773805 0.530997
vt 0.766560 0.531003
vt 0.778229 0.559314
vt 0.770984 0.559319
vt 0.784905 0.584540
vt 0.777660 0.584546
vt 0.411212 0.721716
vt 0.411189 0.729265
vt 0.623974 0.820889
vt 0.631420 0.829035
vt 0.628424 0.832083
vt 0.628144 0.625870
vt 0.611668 0.641984
vt 0.631151 0.628910
vt 0.623727 0.637083
vt 0.855618 0.662310
vt 0.844422 0.690626
vt 0.844525 0.767449
vt 0.855797 0.795724
vt 0.611900 0.816026
vt 0.872782 0.820889
vt 0.872536 0.637083
vt 0.839467 0.720716
vt 0.839236 0.729047
vt 0.839489 0.737377
vt 0.761660 0.539731
vt 0.755237 0.548033
vt 0.748191 0.546830
vt 0.823733 0.538038
vt 0.823118 0.546095
vt 0.809963 0.540100
vt 0.571083 0.135710
vt 0.559627 0.150304
vt 0.559603 0.134761
vt 0.559408 0.151929
vt 0.532317 0.471476
vt 0.537245 0.470526
vt 0.537263 0.484908
vt 0.516932 0.443542
vt 0.520690 0.447936
vt 0.525360 0.457123
vt 0.541622 0.476077
vt 0.541619 0.460223
vt 0.544795 0.470053
vt 0.541622 0.492046
vt 0.547386 0.518709
vt 0.541619 0.507955
vt 0.541614 0.521201
vt 0.541613 0.523578
vt 0.555418 0.540100
vt 0.541603 0.538818
vt 0.542209 0.546095
vt 0.656878 0.419391
vt 0.662690 0.424355
vt 0.667915 0.430923
vt 0.542318 0.572511
vt 0.541576 0.567350
vt 0.552811 0.566462
vt 0.537238 0.463408
vt 0.537231 0.455337
vt 0.554923 0.590598
vt 0.562673 0.586029
vt 0.565023 0.560920
vt 0.578794 0.555959
vt 0.593939 0.551644
vt 0.600205 0.537504
vt 0.610258 0.548033
vt 0.613496 0.544994
vt 0.627521 0.551117
vt 0.642225 0.555843
vt 0.657401 0.559093
vt 0.703877 0.559726
vt 0.688364 0.561049
vt 0.665446 0.560192
vt 0.672802 0.560832
vt 0.682762 0.561148
vt 0.771523 0.551644
vt 0.786629 0.555959
vt 0.800353 0.560920
vt 0.812515 0.566462
vt 0.822952 0.572511
vt 0.810346 0.590598
vt 0.543094 0.157790
vt 0.543104 0.165841
vt 0.543110 0.172944
vt 0.549941 0.169528
vt 0.543119 0.187301
vt 0.785826 0.521719
vt 0.796185 0.511060
vt 0.802211 0.513004
vt 0.805260 0.499436
vt 0.817993 0.518709
vt 0.823750 0.499144
vt 0.823744 0.518878
vt 0.810154 0.491860
vt 0.812947 0.486958
vt 0.823751 0.479167
vt 0.819125 0.473844
vt 0.823747 0.460224
vt 0.733922 0.552591
vt 0.719089 0.556903
vt 0.587859 0.528749
vt 0.586695 0.530067
vt 0.576642 0.518868
vt 0.570313 0.534734
vt 0.566588 0.507904
vt 0.563221 0.513004
vt 0.557858 0.496007
vt 0.795118 0.534734
vt 0.778779 0.530067
vt 0.774255 0.531334
vt 0.550585 0.483369
vt 0.654750 0.939025
vt 0.652147 0.928484
vt 0.654750 0.914998
vt 0.584764 0.121143
vt 0.578354 0.126690
vt 0.823717 0.556296
vt 0.541591 0.553451
vt 0.507146 0.430923
vt 0.520683 0.432346
vt 0.519865 0.379910
vt 0.519343 0.382453
vt 0.508027 0.379046
vt 0.680568 0.103606
vt 0.681279 0.106837
vt 0.661171 0.113609
vt 0.522280 0.369815
vt 0.520510 0.377027
vt 0.509634 0.373753
vt 0.511986 0.366716
vt 0.672755 0.366716
vt 0.670403 0.373753
vt 0.659829 0.369601
vt 0.662747 0.362786
vt 0.846633 0.315912
vt 0.858932 0.320848
vt 0.853040 0.325294
vt 0.860950 0.323488
vt 0.855172 0.328083
vt 0.867955 0.331697
vt 0.862573 0.336756
vt 0.870655 0.344795
vt 0.829140 0.274015
vt 0.839218 0.282702
vt 0.832212 0.284992
vt 0.842972 0.292833
vt 0.836179 0.295696
vt 0.847542 0.302624
vt 0.841007 0.306040
vt 0.848582 0.304592
vt 0.852867 0.311968
vt 0.827244 0.219136
vt 0.833196 0.231079
vt 0.825850 0.230452
vt 0.832754 0.241862
vt 0.825382 0.241844
vt 0.834257 0.261719
vt 0.826971 0.262823
vt 0.834549 0.263550
vt 0.836310 0.272312
vt 0.836701 0.209798
vt 0.834547 0.220177
vt 0.834516 0.220368
vt 0.841817 0.176119
vt 0.843621 0.189372
vt 0.836864 0.186388
vt 0.839741 0.199443
vt 0.832765 0.197028
vt 0.829553 0.207968
vt 0.853770 0.170351
vt 0.848578 0.179152
vt 0.848309 0.179652
vt 0.847587 0.166291
vt 0.854138 0.156969
vt 0.859971 0.161527
vt 0.856115 0.154449
vt 0.861843 0.159142
vt 0.863581 0.145898
vt 0.868909 0.151049
vt 0.875124 0.144907
vt 0.871716 0.137984
vt 0.626315 0.144907
vt 0.622907 0.137984
vt 0.627798 0.143556
vt 0.631697 0.130726
vt 0.636118 0.136686
vt 0.641050 0.124213
vt 0.644971 0.130522
vt 0.650894 0.118499
vt 0.654289 0.125114
vt 0.662516 0.121139
vt 0.664017 0.120487
vt 0.503249 0.120487
vt 0.520510 0.106837
vt 0.522271 0.114036
vt 0.519242 0.100809
vt 0.519334 0.101288
vt 0.508597 0.103970
vt 0.669366 0.103970
vt 0.680103 0.101288
vt 0.659191 0.108378
vt 0.410516 0.431875
vt 0.410991 0.442055
vt 0.410516 0.446343
vt 0.654945 0.109740
vt 0.648498 0.113465
vt 0.820063 0.911416
vt 0.641257 0.116993
vt 0.638256 0.119410
vt 0.409578 0.433301
vt 0.410052 0.436287
vt 0.409578 0.446238
vt 0.628524 0.126187
vt 0.628373 0.125705
vt 0.619379 0.133738
vt 0.409578 0.522662
vt 0.410053 0.531672
vt 0.409578 0.534592
vt 0.865308 0.135742
vt 0.868188 0.133738
vt 0.859723 0.141973
vt 0.419614 0.542208
vt 0.419088 0.535999
vt 0.419614 0.530884
vt 0.851956 0.150869
vt 0.854607 0.146943
vt 0.825631 0.819930
vt 0.825973 0.817312
vt 0.845125 0.159275
vt 0.849899 0.153492
vt 0.843083 0.163191
vt 0.827107 0.807625
vt 0.837080 0.173416
vt 0.837014 0.172554
vt 0.828104 0.797411
vt 0.828957 0.786735
vt 0.830383 0.186569
vt 0.831926 0.184100
vt 0.827661 0.195171
vt 0.829660 0.775672
vt 0.825266 0.201265
vt 0.824319 0.206554
vt 0.830207 0.764295
vt 0.830596 0.752679
vt 0.820556 0.224479
vt 0.821917 0.218173
vt 0.820466 0.229947
vt 0.830824 0.740907
vt 0.830890 0.729054
vt 0.819629 0.247394
vt 0.819980 0.241800
vt 0.821633 0.263628
vt 0.830583 0.707222
vt 0.830188 0.695573
vt 0.829635 0.684146
vt 0.828790 0.292962
vt 0.827085 0.286693
vt 0.831213 0.297830
vt 0.828925 0.673000
vt 0.836236 0.308593
vt 0.835030 0.307239
vt 0.828065 0.662228
vt 0.827067 0.651944
vt 0.842719 0.320718
vt 0.842090 0.318865
vt 0.848756 0.328626
vt 0.825932 0.642170
vt 0.519251 0.382921
vt 0.599322 0.600434
vt 0.668796 0.379046
vt 0.665269 0.378279
vt 0.657795 0.374726
vt 0.410991 0.467470
vt 0.410518 0.474939
vt 0.410518 0.460691
vt 0.647164 0.369516
vt 0.636992 0.363455
vt 0.627337 0.356569
vt 0.419561 0.520658
vt 0.419088 0.530884
vt 0.419088 0.518246
vt 0.618275 0.348916
vt 0.410768 0.535613
vt 0.410238 0.542011
vt 0.410238 0.531432
vt 0.867084 0.348916
vt 0.858675 0.340552
vt 0.419615 0.513905
vt 0.419088 0.518246
vt 0.419088 0.506507
vt 0.850974 0.331528
vt 0.825554 0.639264
vt 0.680634 0.379910
vt 0.649612 0.364593
vt 0.639835 0.358768
vt 0.630556 0.352150
vt 0.621847 0.344795
vt 0.823889 0.275272
vt 0.619146 0.331697
vt 0.626322 0.338869
vt 0.626797 0.339305
vt 0.635041 0.346267
vt 0.643824 0.352531
vt 0.653077 0.358044
vt 0.662525 0.362685
vt 0.525799 0.492803
vt 0.528107 0.493520
vt 0.521816 0.510075
vt 0.535570 0.495834
vt 0.537483 0.496425
vt 0.530763 0.514109
vt 0.530950 0.494403
vt 0.533064 0.495058
vt 0.526546 0.512210
vt 0.525624 0.492748
vt 0.519446 0.509004
vt 0.515428 0.517179
vt 0.513074 0.526491
vt 0.602451 0.582512
vt 0.602554 0.582474
vt 0.603492 0.584897
vt 0.619123 0.574797
vt 0.620367 0.577079
vt 0.634561 0.565043
vt 0.636089 0.567145
vt 0.648612 0.553379
vt 0.650399 0.555266
vt 0.660692 0.540418
vt 0.663053 0.541637
vt 0.662481 0.538192
vt 0.673843 0.526491
vt 0.671632 0.525122
vt 0.676197 0.517179
vt 0.585132 0.587949
vt 0.585180 0.588141
vt 0.585751 0.590474
vt 0.586805 0.594773
vt 0.517489 0.529218
vt 0.678258 0.529218
vt 0.667078 0.544911
vt 0.653967 0.559032
vt 0.639141 0.571339
vt 0.622852 0.581632
vt 0.605369 0.589732
vt 0.586987 0.595510
vt 0.595170 0.531511
vt 0.814071 0.455925
vt 0.817771 0.457188
vt 0.813737 0.466866
vt 0.807462 0.464641
vt 0.810587 0.455028
vt 0.809624 0.476570
vt 0.803488 0.473983
vt 0.804660 0.485947
vt 0.798883 0.494919
vt 0.793353 0.491253
vt 0.792316 0.503435
vt 0.782756 0.504269
vt 0.791347 0.494012
vt 0.785016 0.511428
vt 0.777035 0.518845
vt 0.772547 0.514042
vt 0.768424 0.525637
vt 0.764582 0.520334
vt 0.765707 0.527557
vt 0.756989 0.525471
vt 0.756392 0.533440
vt 0.745477 0.531922
vt 0.746588 0.538606
vt 0.736314 0.543040
vt 0.735694 0.536324
vt 0.725681 0.546683
vt 0.725548 0.539964
vt 0.715208 0.542797
vt 0.714774 0.549505
vt 0.713248 0.543240
vt 0.704551 0.544859
vt 0.703653 0.551498
vt 0.704452 0.544878
vt 0.693646 0.546119
vt 0.682768 0.552961
vt 0.682765 0.546531
vt 0.671443 0.552531
vt 0.671884 0.546115
vt 0.660192 0.551251
vt 0.661075 0.544878
vt 0.649088 0.549131
vt 0.650412 0.542824
vt 0.638209 0.546182
vt 0.639971 0.539964
vt 0.627627 0.542419
vt 0.629821 0.536320
vt 0.617412 0.537872
vt 0.620027 0.531921
vt 0.607636 0.532576
vt 0.611206 0.527120
vt 0.598361 0.526562
vt 0.602373 0.521392
vt 0.595905 0.524785
vt 0.600034 0.519700
vt 0.598751 0.518738
vt 0.587392 0.517936
vt 0.584420 0.506068
vt 0.579511 0.510472
vt 0.572282 0.502407
vt 0.580671 0.502044
vt 0.565792 0.493824
vt 0.572333 0.491601
vt 0.566735 0.482989
vt 0.560096 0.484791
vt 0.565931 0.481607
vt 0.555217 0.475360
vt 0.547607 0.457187
vt 0.551310 0.455925
vt 0.561923 0.473983
vt 0.557932 0.464641
vt 0.554793 0.455029
vt 0.544246 0.458701
vt 0.550396 0.478373
vt 0.555458 0.488161
vt 0.561370 0.497535
vt 0.568105 0.506442
vt 0.575608 0.514812
vt 0.583787 0.522559
vt 0.592621 0.529666
vt 0.604795 0.537751
vt 0.614941 0.543248
vt 0.625541 0.547967
vt 0.636524 0.551872
vt 0.647814 0.554932
vt 0.659338 0.557133
vt 0.682767 0.558907
vt 0.671013 0.558461
vt 0.704441 0.557389
vt 0.715982 0.555321
vt 0.727301 0.552392
vt 0.738336 0.548611
vt 0.748999 0.544010
vt 0.759173 0.538649
vt 0.768840 0.532543
vt 0.771660 0.530550
vt 0.780597 0.523503
vt 0.788879 0.515805
vt 0.796455 0.507510
vt 0.803270 0.498672
vt 0.809266 0.489361
vt 0.814417 0.479629
vt 0.818686 0.469558
vt 0.411060 0.434753
vt 0.410070 0.430585
vt 0.411060 0.419121
vt 0.821127 0.458702
vt 0.534970 0.485632
vt 0.532049 0.486555
vt 0.527370 0.472000
vt 0.604951 0.392280
vt 0.586098 0.387182
vt 0.586831 0.384142
vt 0.602032 0.399871
vt 0.584367 0.394397
vt 0.603054 0.397209
vt 0.584426 0.394151
vt 0.584485 0.393905
vt 0.609363 0.402928
vt 0.613552 0.401725
vt 0.622222 0.409534
vt 0.623657 0.407062
vt 0.624464 0.410864
vt 0.633443 0.416781
vt 0.633282 0.413173
vt 0.640584 0.422241
vt 0.642392 0.420027
vt 0.653407 0.434113
vt 0.650930 0.427582
vt 0.658839 0.435792
vt 0.656703 0.437692
vt 0.669773 0.454871
vt 0.525212 0.488716
vt 0.524968 0.488793
vt 0.521205 0.478350
vt 0.525458 0.488638
vt 0.666075 0.444606
vt 0.672588 0.453965
vt 0.670179 0.455503
vt 0.678340 0.463820
vt 0.509410 0.455503
vt 0.517571 0.463820
vt 0.519900 0.475238
vt 0.522523 0.474100
vt 0.528722 0.487607
vt 0.522236 0.461341
vt 0.516273 0.451124
vt 0.677042 0.451124
vt 0.670289 0.441420
vt 0.677701 0.443542
vt 0.662787 0.432283
vt 0.654587 0.423771
vt 0.645736 0.415938
vt 0.644682 0.409055
vt 0.636290 0.408832
vt 0.642721 0.407586
vt 0.631510 0.400061
vt 0.626311 0.402496
vt 0.615835 0.396963
vt 0.617442 0.392466
vt 0.602678 0.386383
vt 0.587381 0.381868
vt 0.511819 0.453965
vt 0.553206 0.481271
vt 0.551117 0.494855
vt 0.547102 0.488674
vt 0.517185 0.390276
vt 0.516454 0.387276
vt 0.533212 0.386477
vt 0.516098 0.385807
vt 0.533186 0.383110
vt 0.515186 0.382034
vt 0.533179 0.380222
vt 0.540417 0.489923
vt 0.541559 0.474020
vt 0.544788 0.473720
vt 0.543563 0.489098
vt 0.547556 0.473809
vt 0.549457 0.474011
vt 0.554744 0.475039
vt 0.522240 0.393639
vt 0.518109 0.394063
vt 0.534623 0.391739
vt 0.532645 0.392062
vt 0.530514 0.392448
vt 0.528481 0.392804
vt 0.526397 0.393117
vt 0.524243 0.393398
vt 0.540753 0.391140
vt 0.538764 0.391271
vt 0.553250 0.390711
vt 0.551240 0.390676
vt 0.551253 0.386061
vt 0.549248 0.390730
vt 0.542921 0.391036
vt 0.547081 0.390836
vt 0.546063 0.390890
vt 0.545094 0.390938
vt 0.537683 0.391367
vt 0.536687 0.391471
vt 0.569866 0.391959
vt 0.567904 0.391653
vt 0.569306 0.386318
vt 0.566828 0.391511
vt 0.565833 0.391396
vt 0.563751 0.391205
vt 0.562720 0.391134
vt 0.561729 0.391078
vt 0.559582 0.390980
vt 0.557539 0.390895
vt 0.555408 0.390799
vt 0.576167 0.392986
vt 0.574100 0.392680
vt 0.572033 0.392332
vt 0.580335 0.393500
vt 0.569325 0.382977
vt 0.569332 0.380115
vt 0.540436 0.442899
vt 0.543560 0.442078
vt 0.547077 0.441624
vt 0.551918 0.441633
vt 0.550695 0.428032
vt 0.546774 0.424924
vt 0.543219 0.425295
vt 0.540048 0.426088
vt 0.551245 0.379786
vt 0.551246 0.382684
vt 0.551117 0.414522
vt 0.547102 0.408341
vt 0.543563 0.408765
vt 0.540417 0.409590
vt 0.653562 0.887646
vt 0.652029 0.891081
vt 0.643521 0.889480
vt 0.643313 0.890288
vt 0.651806 0.896380
vt 0.643106 0.899339
vt 0.657154 0.912999
vt 0.658081 0.903446
vt 0.663080 0.903525
vt 0.669835 0.885024
vt 0.676710 0.878280
vt 0.672027 0.889502
vt 0.511258 0.889502
vt 0.515941 0.878280
vt 0.518554 0.882277
vt 0.679323 0.882277
vt 0.671804 0.894802
vt 0.660754 0.882357
vt 0.668521 0.873250
vt 0.665753 0.882436
vt 0.669053 0.873397
vt 0.676649 0.878211
vt 0.643972 0.902342
vt 0.653998 0.900859
vt 0.645710 0.905746
vt 0.654780 0.912485
vt 0.650640 0.910614
vt 0.647184 0.907671
vt 0.656032 0.884806
vt 0.658866 0.873489
vt 0.659753 0.873250
vt 0.646373 0.883090
vt 0.649724 0.878946
vt 0.650969 0.877806
vt 0.520008 0.894363
vt 0.511036 0.894802
vt 0.519544 0.896403
vt 0.680313 0.896403
vt 0.670272 0.898236
vt 0.509503 0.898236
vt 0.516692 0.902792
vt 0.677460 0.902792
vt 0.667801 0.901076
vt 0.672864 0.908076
vt 0.672218 0.908606
vt 0.668756 0.910857
vt 0.664080 0.912632
vt 0.524828 0.862569
vt 0.524760 0.914979
vt 0.516060 0.862588
vt 0.515992 0.914998
vt 0.411016 0.452927
vt 0.410070 0.459137
vt 0.410955 0.451366
vt 0.410070 0.446963
vt 0.668615 0.091224
vt 0.668615 0.085718
vt 0.679097 0.085718
vt 0.573483 0.085106
vt 0.583143 0.085098
vt 0.573728 0.088829
vt 0.583388 0.088821
vt 0.626432 0.085068
vt 0.626472 0.088783
vt 0.616010 0.088776
vt 0.615970 0.085061
vt 0.615960 0.084636
vt 0.626244 0.080506
vt 0.615805 0.080844
vt 0.668608 0.080871
vt 0.679089 0.080506
vt 0.679090 0.080871
vt 0.679096 0.084323
vt 0.679097 0.091224
vt 0.679096 0.092620
vt 0.668608 0.096076
vt 0.679090 0.096076
vt 0.679089 0.096441
vt 0.572305 0.080505
vt 0.582107 0.080847
vt 0.583081 0.084671
vt 0.573483 0.092549
vt 0.583143 0.092541
vt 0.583081 0.092968
vt 0.582107 0.096783
vt 0.572305 0.097139
vt 0.775149 0.800455
vt 0.775148 0.800091
vt 0.785630 0.800091
vt 0.775141 0.796644
vt 0.785622 0.795251
vt 0.775140 0.795251
vt 0.785622 0.789744
vt 0.775148 0.784886
vt 0.785630 0.784886
vt 0.775141 0.788348
vt 0.775140 0.789744
vt 0.615970 0.092504
vt 0.626432 0.092511
vt 0.615960 0.092933
vt 0.626244 0.097139
vt 0.615805 0.096779
vt 0.775149 0.784519
vt 0.735357 0.469419
vt 0.739909 0.469419
vt 0.740048 0.470054
vt 0.741274 0.469604
vt 0.735214 0.470054
vt 0.733991 0.469604
vt 0.731355 0.466961
vt 0.728860 0.462633
vt 0.728317 0.462849
vt 0.728348 0.459128
vt 0.727773 0.459128
vt 0.728882 0.455623
vt 0.728340 0.455406
vt 0.730966 0.467445
vt 0.730646 0.467095
vt 0.728455 0.463276
vt 0.743974 0.451294
vt 0.739973 0.448837
vt 0.741338 0.448651
vt 0.735420 0.448837
vt 0.735281 0.448201
vt 0.740115 0.448201
vt 0.744313 0.467445
vt 0.743926 0.466961
vt 0.744635 0.467095
vt 0.746447 0.462633
vt 0.746849 0.463276
vt 0.746469 0.455623
vt 0.747012 0.455406
vt 0.746981 0.459128
vt 0.747556 0.459128
vt 0.746989 0.462849
vt 0.744364 0.450811
vt 0.744684 0.451160
vt 0.746874 0.454979
vt 0.728481 0.454979
vt 0.730695 0.451160
vt 0.731403 0.451294
vt 0.731017 0.450811
vt 0.734055 0.448651
vt 0.744314 0.459115
vt 0.788722 0.308301
vt 0.788113 0.310384
vt 0.785210 0.308301
vt 0.785252 0.310384
vt 0.743897 0.456259
vt 0.743574 0.455363
vt 0.741864 0.452732
vt 0.738604 0.450730
vt 0.798772 0.102575
vt 0.798282 0.104534
vt 0.793586 0.102567
vt 0.794056 0.104527
vt 0.789010 0.102552
vt 0.790327 0.104515
vt 0.793082 0.308432
vt 0.791666 0.310491
vt 0.789013 0.310397
vt 0.781712 0.308374
vt 0.743880 0.461971
vt 0.782401 0.310444
vt 0.780942 0.310501
vt 0.777417 0.308597
vt 0.778902 0.310625
vt 0.525154 0.905638
vt 0.526481 0.903677
vt 0.527990 0.903674
vt 0.529719 0.905631
vt 0.530201 0.903671
vt 0.532313 0.903671
vt 0.534905 0.905631
vt 0.534427 0.903671
vt 0.738552 0.467501
vt 0.536638 0.903674
vt 0.539474 0.905638
vt 0.740496 0.466604
vt 0.741825 0.465498
vt 0.743284 0.463439
vt 0.785856 0.371714
vt 0.789617 0.371728
vt 0.796046 0.908232
vt 0.796424 0.964862
vt 0.793189 0.908060
vt 0.792671 0.964552
vt 0.792293 0.907921
vt 0.789661 0.963638
vt 0.789661 0.907177
vt 0.801996 0.104533
vt 0.801459 0.165985
vt 0.797998 0.165985
vt 0.794149 0.165979
vt 0.790675 0.165968
vt 0.792653 0.371845
vt 0.798902 0.908027
vt 0.800747 0.964387
vt 0.800369 0.907757
vt 0.802427 0.907102
vt 0.539806 0.842232
vt 0.538150 0.903677
vt 0.536638 0.842223
vt 0.532314 0.842219
vt 0.527991 0.842223
vt 0.524828 0.842232
vt 0.781546 0.371831
vt 0.786006 0.377435
vt 0.540064 0.088874
vt 0.541139 0.080505
vt 0.544516 0.080605
vt 0.538042 0.082083
vt 0.535838 0.085028
vt 0.549510 0.085435
vt 0.550139 0.089207
vt 0.547503 0.082365
vt 0.546099 0.096579
vt 0.542267 0.097624
vt 0.548980 0.093498
vt 0.538511 0.096353
vt 0.535838 0.093107
vt 0.833636 0.890917
vt 0.827665 0.880310
vt 0.835273 0.886193
vt 0.827717 0.880234
vt 0.839006 0.883122
vt 0.851156 0.912514
vt 0.847380 0.913101
vt 0.849102 0.903114
vt 0.844163 0.903797
vt 0.863436 0.897213
vt 0.861621 0.903908
vt 0.854471 0.895319
vt 0.852835 0.900043
vt 0.834663 0.874521
vt 0.835172 0.874311
vt 0.843945 0.882439
vt 0.834488 0.896167
vt 0.825554 0.896816
vt 0.825554 0.884605
vt 0.860391 0.906002
vt 0.857320 0.909351
vt 0.853445 0.911715
vt 0.863210 0.892217
vt 0.853620 0.890069
vt 0.862153 0.888226
vt 0.848910 0.884306
vt 0.854457 0.877708
vt 0.851694 0.886835
vt 0.858267 0.881429
vt 0.861851 0.887446
vt 0.843851 0.873250
vt 0.844758 0.873380
vt 0.853088 0.876724
vt 0.844257 0.912986
vt 0.835722 0.909962
vt 0.839198 0.901930
vt 0.835019 0.909513
vt 0.836414 0.899401
vt 0.829840 0.904807
vt 0.826256 0.898790
vt 0.625717 0.862592
vt 0.625878 0.915002
vt 0.616907 0.862592
vt 0.617068 0.915002
vt 0.679105 0.091224
vt 0.679105 0.085718
vt 0.689587 0.085718
vt 0.637099 0.085068
vt 0.637138 0.088783
vt 0.626676 0.088776
vt 0.551316 0.085106
vt 0.560976 0.085098
vt 0.551562 0.088829
vt 0.561222 0.088821
vt 0.626637 0.085061
vt 0.626627 0.084636
vt 0.636911 0.080506
vt 0.626472 0.080844
vt 0.679097 0.080871
vt 0.689578 0.080506
vt 0.689579 0.080871
vt 0.689586 0.084323
vt 0.689587 0.091224
vt 0.689586 0.092620
vt 0.679097 0.096076
vt 0.689579 0.096076
vt 0.689578 0.096441
vt 0.550139 0.080505
vt 0.559941 0.080847
vt 0.560915 0.084671
vt 0.551316 0.092549
vt 0.560976 0.092541
vt 0.560915 0.092968
vt 0.559941 0.096783
vt 0.550139 0.097139
vt 0.637148 0.096441
vt 0.637147 0.096077
vt 0.647629 0.096077
vt 0.637140 0.092631
vt 0.647620 0.091237
vt 0.637138 0.091237
vt 0.647620 0.085731
vt 0.637147 0.080872
vt 0.647629 0.080873
vt 0.637140 0.084334
vt 0.637138 0.085731
vt 0.626637 0.092504
vt 0.637099 0.092511
vt 0.626627 0.092932
vt 0.636911 0.097139
vt 0.626472 0.096779
vt 0.637148 0.080506
vt 0.687735 0.938302
vt 0.686509 0.938752
vt 0.686370 0.938117
vt 0.681817 0.938117
vt 0.674800 0.924104
vt 0.675342 0.924320
vt 0.674234 0.927826
vt 0.674809 0.927826
vt 0.674778 0.931547
vt 0.675321 0.931331
vt 0.681675 0.938752
vt 0.680452 0.938303
vt 0.677816 0.935659
vt 0.690435 0.919992
vt 0.686433 0.917534
vt 0.687799 0.917349
vt 0.681880 0.917534
vt 0.681742 0.916899
vt 0.686576 0.916899
vt 0.677426 0.936143
vt 0.677107 0.935794
vt 0.674916 0.931974
vt 0.690773 0.936143
vt 0.690387 0.935659
vt 0.691095 0.935794
vt 0.692908 0.931331
vt 0.693309 0.931974
vt 0.692930 0.924321
vt 0.693473 0.924104
vt 0.693442 0.927826
vt 0.694017 0.927826
vt 0.693450 0.931547
vt 0.690824 0.919509
vt 0.691144 0.919858
vt 0.693335 0.923677
vt 0.674941 0.923677
vt 0.677156 0.919858
vt 0.677864 0.919992
vt 0.677477 0.919509
vt 0.680516 0.917349
vt 0.690775 0.927813
vt 0.568452 0.873250
vt 0.567844 0.875333
vt 0.564941 0.873250
vt 0.564982 0.875333
vt 0.690358 0.924957
vt 0.689771 0.923489
vt 0.688325 0.921430
vt 0.687003 0.920324
vt 0.685065 0.919428
vt 0.822188 0.590618
vt 0.821698 0.592577
vt 0.817001 0.590611
vt 0.819586 0.592575
vt 0.817472 0.592571
vt 0.812425 0.590598
vt 0.815258 0.592566
vt 0.813743 0.592560
vt 0.572813 0.873382
vt 0.571397 0.875441
vt 0.569319 0.875360
vt 0.561442 0.873324
vt 0.690340 0.930669
vt 0.562132 0.875394
vt 0.560672 0.875451
vt 0.557147 0.873546
vt 0.558632 0.875575
vt 0.785231 0.446277
vt 0.786558 0.444315
vt 0.788067 0.444312
vt 0.789796 0.446270
vt 0.790278 0.444310
vt 0.792391 0.444309
vt 0.794982 0.446270
vt 0.794504 0.444310
vt 0.685013 0.936199
vt 0.796715 0.444312
vt 0.799552 0.446277
vt 0.686956 0.935302
vt 0.688286 0.934196
vt 0.689745 0.932137
vt 0.533424 0.906768
vt 0.533803 0.963398
vt 0.530568 0.906597
vt 0.530050 0.963088
vt 0.529100 0.906344
vt 0.529478 0.962974
vt 0.527040 0.905713
vt 0.527040 0.962174
vt 0.825412 0.592575
vt 0.824892 0.654027
vt 0.823906 0.592577
vt 0.823827 0.654028
vt 0.821431 0.654028
vt 0.819508 0.654026
vt 0.817583 0.654023
vt 0.815180 0.654017
vt 0.814109 0.654013
vt 0.572384 0.936794
vt 0.569923 0.936690
vt 0.569348 0.936677
vt 0.565586 0.936664
vt 0.536280 0.906563
vt 0.538126 0.962923
vt 0.537748 0.906293
vt 0.539806 0.905638
vt 0.799883 0.463203
vt 0.798227 0.524648
vt 0.796715 0.463194
vt 0.798227 0.444315
vt 0.796715 0.382861
vt 0.794504 0.524643
vt 0.792391 0.463191
vt 0.792391 0.382858
vt 0.790278 0.524643
vt 0.788068 0.463194
vt 0.788068 0.382861
vt 0.786558 0.524648
vt 0.784905 0.463203
vt 0.561276 0.936781
vt 0.565737 0.942385
vt 0.521821 0.084464
vt 0.523741 0.082083
vt 0.525763 0.088874
vt 0.524702 0.081383
vt 0.526838 0.080505
vt 0.528534 0.080338
vt 0.530215 0.080605
vt 0.532290 0.081609
vt 0.533203 0.082365
vt 0.535210 0.085435
vt 0.535838 0.089207
vt 0.534963 0.084855
vt 0.521537 0.085028
vt 0.531798 0.096579
vt 0.527966 0.097624
vt 0.534679 0.093498
vt 0.524211 0.096353
vt 0.521537 0.093107
vt 0.807410 0.909074
vt 0.811798 0.909088
vt 0.811533 0.958269
vt 0.669017 0.960042
vt 0.666186 0.959904
vt 0.666442 0.915019
vt 0.669976 0.915034
vt 0.839403 0.960143
vt 0.839666 0.915128
vt 0.842105 0.915100
vt 0.842434 0.960483
vt 0.846331 0.915042
vt 0.846971 0.961277
vt 0.845802 0.961038
vt 0.843961 0.915076
vt 0.848997 0.961762
vt 0.848311 0.915010
vt 0.850040 0.914980
vt 0.808149 0.958044
vt 0.805577 0.957563
vt 0.805252 0.909079
vt 0.804990 0.957400
vt 0.804054 0.909088
vt 0.803233 0.956700
vt 0.851551 0.914949
vt 0.851551 0.962565
vt 0.850692 0.962262
vt 0.627274 0.080767
vt 0.636759 0.094573
vt 0.625421 0.081712
vt 0.623784 0.083139
vt 0.637382 0.084033
vt 0.638759 0.087463
vt 0.634942 0.081641
vt 0.638571 0.091183
vt 0.632240 0.080480
vt 0.637458 0.093648
vt 0.631469 0.080333
vt 0.628478 0.080425
vt 0.628708 0.097403
vt 0.625546 0.096152
vt 0.623094 0.093752
vt 0.635136 0.096021
vt 0.633273 0.096994
vt 0.623060 0.084077
vt 0.632075 0.097345
vt 0.621768 0.087189
vt 0.621768 0.090591
vt 0.527647 0.956022
vt 0.525670 0.956057
vt 0.525359 0.913459
vt 0.516404 0.914998
vt 0.520202 0.914998
vt 0.520126 0.957843
vt 0.836305 0.957907
vt 0.836278 0.915059
vt 0.839101 0.957863
vt 0.839403 0.915053
vt 0.518084 0.956313
vt 0.518155 0.913504
vt 0.519501 0.956265
vt 0.521703 0.913487
vt 0.521072 0.956206
vt 0.522735 0.956145
vt 0.524429 0.956090
vt 0.525546 0.913458
vt 0.528924 0.913423
vt 0.529380 0.956018
vt 0.529068 0.913421
vt 0.530237 0.956030
vt 0.531168 0.913389
vt 0.531168 0.956058
vt 0.673479 0.957684
vt 0.674021 0.915016
vt 0.674426 0.915012
vt 0.516783 0.957803
vt 0.515240 0.957765
vt 0.513657 0.915012
vt 0.513865 0.957723
vt 0.674634 0.957723
vt 0.826415 0.080486
vt 0.828547 0.097604
vt 0.826426 0.097448
vt 0.823301 0.081779
vt 0.823309 0.096158
vt 0.821993 0.082855
vt 0.821998 0.095083
vt 0.820921 0.093772
vt 0.820121 0.092277
vt 0.820919 0.084164
vt 0.819629 0.090654
vt 0.819629 0.087280
vt 0.824401 0.096779
vt 0.824794 0.080979
vt 0.829799 0.097447
vt 0.827579 0.080333
vt 0.829790 0.080483
vt 0.831757 0.081123
vt 0.832910 0.081773
vt 0.831420 0.096955
vt 0.834221 0.082847
vt 0.835297 0.084156
vt 0.836590 0.087270
vt 0.836593 0.090653
vt 0.835300 0.093773
vt 0.834224 0.095082
vt 0.832914 0.096157
vt 0.636231 0.964029
vt 0.636200 0.914846
vt 0.639237 0.963778
vt 0.639735 0.914838
vt 0.851551 0.964070
vt 0.851551 0.915130
vt 0.853990 0.915101
vt 0.652443 0.915137
vt 0.651471 0.960009
vt 0.648056 0.915052
vt 0.648078 0.960066
vt 0.645898 0.915022
vt 0.646520 0.960196
vt 0.645138 0.960394
vt 0.644701 0.915011
vt 0.643106 0.960979
vt 0.863436 0.914947
vt 0.863374 0.960940
vt 0.861925 0.914979
vt 0.862568 0.961212
vt 0.860196 0.915010
vt 0.860809 0.961761
vt 0.858215 0.915042
vt 0.858876 0.962323
vt 0.855846 0.915077
vt 0.857651 0.962660
vt 0.854937 0.963355
vt 0.865123 0.096942
vt 0.855623 0.083097
vt 0.866917 0.096019
vt 0.868619 0.094521
vt 0.863853 0.097308
vt 0.860897 0.097409
vt 0.860078 0.097255
vt 0.854929 0.093706
vt 0.853556 0.090299
vt 0.857381 0.096100
vt 0.853737 0.086575
vt 0.854862 0.084089
vt 0.857188 0.081719
vt 0.859119 0.080722
vt 0.860254 0.080393
vt 0.866801 0.081586
vt 0.869249 0.083979
vt 0.870577 0.087136
vt 0.863630 0.080333
vt 0.865276 0.080801
vt 0.869283 0.093652
vt 0.870577 0.090538
vt 0.662721 0.913472
vt 0.666519 0.913472
vt 0.666443 0.956318
vt 0.554049 0.958195
vt 0.554022 0.915347
vt 0.556845 0.958150
vt 0.557147 0.915341
vt 0.531168 0.956313
vt 0.531240 0.913504
vt 0.532586 0.956265
vt 0.534788 0.913487
vt 0.537514 0.956090
vt 0.535820 0.956145
vt 0.534156 0.956206
vt 0.538755 0.956057
vt 0.538444 0.913460
vt 0.540732 0.956022
vt 0.538631 0.913458
vt 0.542465 0.956018
vt 0.542009 0.913423
vt 0.542153 0.913421
vt 0.543322 0.956030
vt 0.544253 0.913389
vt 0.544253 0.956058
vt 0.659027 0.956158
vt 0.659569 0.913491
vt 0.659974 0.913487
vt 0.663100 0.956278
vt 0.661557 0.956240
vt 0.660182 0.956197
vt 0.843378 0.080486
vt 0.845510 0.097604
vt 0.843390 0.097448
vt 0.840264 0.081779
vt 0.840272 0.096158
vt 0.838956 0.082855
vt 0.838961 0.095083
vt 0.837885 0.093772
vt 0.837085 0.092277
vt 0.837882 0.084164
vt 0.836593 0.090654
vt 0.836593 0.087280
vt 0.841365 0.096779
vt 0.841757 0.080979
vt 0.846762 0.097447
vt 0.844543 0.080333
vt 0.846753 0.080482
vt 0.848720 0.081123
vt 0.849874 0.081773
vt 0.848383 0.096955
vt 0.851185 0.082847
vt 0.852261 0.084156
vt 0.853554 0.087270
vt 0.853556 0.090653
vt 0.852263 0.093773
vt 0.851187 0.095082
vt 0.849877 0.096157
vt 0.669205 0.913484
vt 0.635981 0.915406
vt 0.635383 0.958118
vt 0.634104 0.915385
vt 0.634104 0.958154
vt 0.670763 0.913495
vt 0.671145 0.956263
vt 0.669703 0.956294
vt 0.547008 0.915351
vt 0.545926 0.958015
vt 0.545441 0.915350
vt 0.646281 0.915495
vt 0.646329 0.958160
vt 0.644990 0.958108
vt 0.644189 0.915480
vt 0.643819 0.958076
vt 0.642213 0.915464
vt 0.641835 0.958046
vt 0.639992 0.915445
vt 0.639621 0.958044
vt 0.637756 0.915424
vt 0.638461 0.958055
vt 0.636854 0.958083
vt 0.549587 0.915351
vt 0.550734 0.958159
vt 0.547424 0.958066
vt 0.551184 0.915350
vt 0.656685 0.915245
vt 0.654776 0.960215
vt 0.818023 0.831551
vt 0.819897 0.876524
vt 0.818023 0.876624
vt 0.484324 0.830732
vt 0.487015 0.785741
vt 0.487015 0.831120
vt 0.669468 0.962487
vt 0.668569 0.916278
vt 0.669653 0.916493
vt 0.672755 0.917036
vt 0.673479 0.962413
vt 0.671704 0.962445
vt 0.665272 0.962570
vt 0.664355 0.915311
vt 0.666295 0.915784
vt 0.667248 0.962530
vt 0.663181 0.914998
vt 0.663181 0.962614
vt 0.626789 0.962454
vt 0.627620 0.914849
vt 0.629213 0.963164
vt 0.629186 0.914850
vt 0.629982 0.963339
vt 0.631766 0.914850
vt 0.632873 0.963819
vt 0.633362 0.914849
vt 0.649079 0.958082
vt 0.647608 0.958118
vt 0.648206 0.915406
vt 0.522888 0.915009
vt 0.646329 0.915385
vt 0.646329 0.958154
vt 0.524446 0.915021
vt 0.524828 0.957789
vt 0.523386 0.957820
vt 0.650686 0.958055
vt 0.649981 0.915424
vt 0.651846 0.958044
vt 0.652217 0.915445
vt 0.654060 0.958046
vt 0.654438 0.915464
vt 0.656043 0.958076
vt 0.656414 0.915480
vt 0.657214 0.958108
vt 0.658506 0.915494
vt 0.658554 0.958160
vt 0.828182 0.957728
vt 0.827697 0.915063
vt 0.829264 0.915064
vt 0.829681 0.957779
vt 0.831843 0.915063
vt 0.832990 0.957871
vt 0.833440 0.915063
vt 0.814484 0.909109
vt 0.815089 0.958052
vt 0.816041 0.909126
vt 0.817918 0.957417
vt 0.817918 0.909154
vt 0.615307 0.963087
vt 0.615307 0.914825
vt 0.617825 0.962456
vt 0.617082 0.914840
vt 0.618972 0.962168
vt 0.619318 0.914858
vt 0.621151 0.961630
vt 0.621539 0.914874
vt 0.623174 0.961141
vt 0.623515 0.914887
vt 0.624284 0.960876
vt 0.625607 0.914899
vt 0.656685 0.960945
vt 0.657861 0.914968
vt 0.659484 0.960365
vt 0.659428 0.914979
vt 0.662007 0.914995
vt 0.662821 0.960012
vt 0.600058 0.888940
vt 0.599218 0.887171
vt 0.603275 0.886602
vt 0.550894 0.913389
vt 0.601608 0.885503
vt 0.604254 0.885394
vt 0.549341 0.913390
vt 0.602637 0.884282
vt 0.606115 0.880225
vt 0.544253 0.913389
vt 0.603808 0.881866
vt 0.604154 0.880070
vt 0.606131 0.878671
vt 0.604010 0.877620
vt 0.819897 0.884657
vt 0.817937 0.882574
vt 0.819897 0.880931
vt 0.411068 0.570584
vt 0.411068 0.573606
vt 0.409733 0.572036
vt 0.642560 0.913507
vt 0.638584 0.913472
vt 0.602804 0.871600
vt 0.602164 0.873791
vt 0.601596 0.870622
vt 0.409710 0.715764
vt 0.411189 0.714458
vt 0.411189 0.718087
vt 0.735127 0.085104
vt 0.735127 0.088352
vt 0.732771 0.085303
vt 0.594500 0.870761
vt 0.594872 0.868745
vt 0.596260 0.870729
vt 0.596427 0.868761
vt 0.598716 0.871305
vt 0.600471 0.872245
vt 0.596205 0.889929
vt 0.731424 0.303077
vt 0.733414 0.303077
vt 0.731671 0.307015
vt 0.587802 0.872072
vt 0.591854 0.871522
vt 0.588824 0.873894
vt 0.587301 0.872645
vt 0.585213 0.876883
vt 0.587276 0.876785
vt 0.587123 0.877346
vt 0.584946 0.880003
vt 0.587049 0.881005
vt 0.585171 0.881606
vt 0.587088 0.881195
vt 0.587182 0.885879
vt 0.588727 0.884677
vt 0.588848 0.884828
vt 0.588274 0.887074
vt 0.591714 0.887103
vt 0.595459 0.887993
vt 0.595444 0.889950
vt 0.590848 0.888857
vt 0.737082 0.087895
vt 0.735127 0.088235
vt 0.735127 0.085104
vt 0.583738 0.934269
vt 0.582899 0.932500
vt 0.586956 0.931931
vt 0.633072 0.912887
vt 0.585289 0.930832
vt 0.587934 0.930723
vt 0.631519 0.912888
vt 0.586318 0.929611
vt 0.589795 0.925554
vt 0.626431 0.912887
vt 0.587489 0.927195
vt 0.587834 0.925399
vt 0.589812 0.924000
vt 0.587690 0.922949
vt 0.819897 0.888384
vt 0.817937 0.886301
vt 0.819897 0.884657
vt 0.411068 0.573606
vt 0.411068 0.576628
vt 0.409733 0.575058
vt 0.666956 0.964496
vt 0.670932 0.964419
vt 0.586484 0.916930
vt 0.585844 0.919121
vt 0.585276 0.915951
vt 0.584152 0.917574
vt 0.582397 0.916634
vt 0.580107 0.914090
vt 0.579940 0.916058
vt 0.578553 0.914074
vt 0.575535 0.916851
vt 0.574700 0.915063
vt 0.733414 0.303077
vt 0.735400 0.303202
vt 0.733414 0.307023
vt 0.571483 0.917401
vt 0.572115 0.919740
vt 0.570504 0.918609
vt 0.568643 0.923778
vt 0.643106 0.912999
vt 0.570957 0.922114
vt 0.570599 0.923952
vt 0.568627 0.925332
vt 0.570729 0.926334
vt 0.569616 0.929185
vt 0.571392 0.928357
vt 0.571954 0.932403
vt 0.857323 0.913101
vt 0.572529 0.930158
vt 0.573162 0.933381
vt 0.855771 0.913123
vt 0.409791 0.579481
vt 0.411068 0.580964
vt 0.409791 0.582333
vt 0.692539 0.359431
vt 0.694495 0.361236
vt 0.692539 0.364701
vt 0.578331 0.935242
vt 0.575925 0.932672
vt 0.578493 0.933293
vt 0.579886 0.935258
vt 0.538408 0.917950
vt 0.537569 0.916181
vt 0.541626 0.915612
vt 0.833150 0.913101
vt 0.539959 0.914513
vt 0.542605 0.914404
vt 0.831597 0.913102
vt 0.540988 0.913291
vt 0.544465 0.909235
vt 0.826509 0.913101
vt 0.542159 0.910876
vt 0.542504 0.909079
vt 0.544482 0.907681
vt 0.542361 0.906630
vt 0.734829 0.296510
vt 0.734829 0.293650
vt 0.737383 0.293796
vt 0.411068 0.564540
vt 0.411068 0.567562
vt 0.409733 0.565991
vt 0.654785 0.913507
vt 0.650808 0.913472
vt 0.541155 0.900610
vt 0.540515 0.902801
vt 0.539947 0.899632
vt 0.409710 0.719393
vt 0.411189 0.718087
vt 0.411189 0.721716
vt 0.791649 0.894649
vt 0.791376 0.897885
vt 0.789284 0.894649
vt 0.532851 0.899770
vt 0.533223 0.897754
vt 0.534610 0.899738
vt 0.534778 0.897771
vt 0.537067 0.900314
vt 0.538822 0.901255
vt 0.534556 0.918939
vt 0.732771 0.081166
vt 0.734761 0.081166
vt 0.733018 0.085104
vt 0.526153 0.901082
vt 0.530205 0.900531
vt 0.527174 0.902903
vt 0.525652 0.901655
vt 0.523564 0.905892
vt 0.525627 0.905795
vt 0.525473 0.906356
vt 0.523297 0.909013
vt 0.525400 0.910014
vt 0.523522 0.910615
vt 0.525439 0.910204
vt 0.525533 0.914889
vt 0.527078 0.913687
vt 0.527199 0.913838
vt 0.526624 0.916083
vt 0.530065 0.916113
vt 0.533809 0.917003
vt 0.533794 0.918959
vt 0.529199 0.917867
vt 0.736812 0.299595
vt 0.734829 0.299595
vt 0.735365 0.296510
vt 0.554728 0.872620
vt 0.553888 0.870851
vt 0.557946 0.870282
vt 0.557307 0.867962
vt 0.411189 0.708868
vt 0.409882 0.710829
vt 0.409636 0.708868
vt 0.558924 0.869075
vt 0.560785 0.863905
vt 0.656685 0.912999
vt 0.558479 0.865547
vt 0.558824 0.863750
vt 0.560801 0.862351
vt 0.558680 0.861301
vt 0.734992 0.302506
vt 0.734829 0.299651
vt 0.737387 0.299651
vt 0.411068 0.567562
vt 0.411068 0.570584
vt 0.409733 0.569014
vt 0.621884 0.912917
vt 0.617907 0.912887
vt 0.557474 0.855281
vt 0.556834 0.857472
vt 0.556266 0.854302
vt 0.409710 0.712135
vt 0.411189 0.710829
vt 0.411189 0.714458
vt 0.737126 0.081868
vt 0.736853 0.085104
vt 0.734761 0.081868
vt 0.549171 0.854441
vt 0.549543 0.852425
vt 0.550930 0.854409
vt 0.551097 0.852442
vt 0.553386 0.854985
vt 0.555142 0.855926
vt 0.818077 0.877430
vt 0.819897 0.876624
vt 0.819897 0.880931
vt 0.542472 0.855752
vt 0.546524 0.855202
vt 0.543105 0.858091
vt 0.541494 0.856960
vt 0.539633 0.862129
vt 0.802427 0.907102
vt 0.541947 0.860465
vt 0.541589 0.862303
vt 0.539617 0.863683
vt 0.541719 0.864685
vt 0.540606 0.867536
vt 0.542382 0.866709
vt 0.542944 0.870754
vt 0.845439 0.913101
vt 0.543518 0.868509
vt 0.544152 0.871732
vt 0.843887 0.913123
vt 0.409791 0.576628
vt 0.411068 0.578111
vt 0.409791 0.579481
vt 0.419450 0.814144
vt 0.421405 0.815949
vt 0.419450 0.819415
vt 0.549321 0.873593
vt 0.546915 0.871023
vt 0.549483 0.871644
vt 0.550875 0.873610
vt 0.588822 0.920147
vt 0.586360 0.939841
vt 0.600397 0.930053
vt 0.613970 0.881255
vt 0.615311 0.898788
vt 0.535485 0.935436
vt 0.523062 0.922990
vt 0.610599 0.915730
vt 0.610714 0.872196
vt 0.605142 0.874818
vt 0.603372 0.860825
vt 0.589902 0.849682
vt 0.591020 0.869734
vt 0.551404 0.942906
vt 0.555973 0.843761
vt 0.573454 0.843761
vt 0.568916 0.944506
vt 0.559812 0.858499
vt 0.514633 0.902582
vt 0.514633 0.885101
vt 0.543493 0.903828
vt 0.585926 0.940043
vt 0.543068 0.847842
vt 0.545690 0.853414
vt 0.531697 0.855184
vt 0.518714 0.915487
vt 0.520554 0.868654
vt 0.529371 0.898744
vt 0.612134 0.871534
vt 0.615491 0.880873
vt 0.616907 0.889099
vt 0.616874 0.898949
vt 0.615384 0.907237
vt 0.612016 0.916414
vt 0.607749 0.923760
vt 0.601499 0.931180
vt 0.594923 0.936676
vt 0.594327 0.895162
vt 0.595908 0.886125
vt 0.595917 0.895258
vt 0.594327 0.895640
vt 0.595916 0.895751
vt 0.586580 0.941480
vt 0.578454 0.944426
vt 0.569044 0.946080
vt 0.560327 0.946075
vt 0.550991 0.944431
vt 0.542728 0.941426
vt 0.517290 0.916164
vt 0.521772 0.923899
vt 0.527782 0.931038
vt 0.534579 0.936731
vt 0.530674 0.853996
vt 0.542396 0.846427
vt 0.511177 0.917961
vt 0.512746 0.918167
vt 0.512743 0.935634
vt 0.511174 0.935967
vt 0.519186 0.867882
vt 0.513082 0.884838
vt 0.513082 0.902860
vt 0.604565 0.859811
vt 0.541612 0.898558
vt 0.540048 0.898194
vt 0.540058 0.880744
vt 0.541622 0.880568
vt 0.590679 0.848324
vt 0.573723 0.842219
vt 0.555701 0.842219
vt 0.541628 0.911588
vt 0.561019 0.911606
vt 0.541652 0.919810
vt 0.561042 0.919558
vt 0.541679 0.925809
vt 0.561070 0.925827
vt 0.561076 0.926778
vt 0.541718 0.931597
vt 0.561120 0.932689
vt 0.595640 0.848731
vt 0.615051 0.849991
vt 0.595715 0.854025
vt 0.615105 0.854013
vt 0.595789 0.861393
vt 0.615215 0.866091
vt 0.595841 0.868668
vt 0.615232 0.868656
vt 0.595885 0.877717
vt 0.615268 0.875762
vt 0.615298 0.885673
vt 0.615299 0.886113
vt 0.615307 0.895246
vt 0.615298 0.904280
vt 0.595908 0.904292
vt 0.615297 0.904711
vt 0.595880 0.913337
vt 0.615267 0.914273
vt 0.595839 0.920978
vt 0.615230 0.920965
vt 0.595780 0.928371
vt 0.615214 0.923341
vt 0.775610 0.450385
vt 0.756206 0.455158
vt 0.775623 0.443196
vt 0.756231 0.443198
vt 0.775633 0.434684
vt 0.756238 0.437636
vt 0.756246 0.427565
vt 0.775639 0.426128
vt 0.756247 0.426130
vt 0.775640 0.416835
vt 0.756248 0.417477
vt 0.775637 0.407926
vt 0.756245 0.407928
vt 0.756237 0.398673
vt 0.775624 0.394605
vt 0.756206 0.381090
vt 0.775594 0.379818
vt 0.756224 0.389527
vt 0.756229 0.392393
vt 0.491765 0.954132
vt 0.491768 0.951955
vt 0.511159 0.952658
vt 0.491781 0.936768
vt 0.491783 0.934240
vt 0.491785 0.923700
vt 0.491780 0.904492
vt 0.511172 0.904495
vt 0.491784 0.913621
vt 0.491785 0.920414
vt 0.561015 0.879769
vt 0.541666 0.863278
vt 0.491765 0.890563
vt 0.511159 0.892471
vt 0.491772 0.896043
vt 0.561120 0.850503
vt 0.561105 0.852965
vt 0.541740 0.848731
vt 0.561064 0.861731
vt 0.561055 0.864037
vt 0.561011 0.882337
vt 0.561003 0.892907
vt 0.561006 0.902814
vt 0.561003 0.896160
vt 0.732771 0.084209
vt 0.730142 0.084216
vt 0.730264 0.081264
vt 0.730142 0.081166
vt 0.411013 0.434752
vt 0.411013 0.446963
vt 0.410131 0.439170
vt 0.410070 0.440735
vt 0.409949 0.554823
vt 0.409608 0.552077
vt 0.410101 0.552154
vt 0.411050 0.391688
vt 0.411233 0.394262
vt 0.411050 0.396491
vt 0.612491 0.148540
vt 0.614652 0.148032
vt 0.611487 0.148889
vt 0.409996 0.549308
vt 0.409578 0.548997
vt 0.410101 0.545687
vt 0.618040 0.147715
vt 0.621394 0.148341
vt 0.617283 0.147818
vt 0.419541 0.566921
vt 0.419335 0.566155
vt 0.419518 0.566098
vt 0.419338 0.566090
vt 0.419541 0.563530
vt 0.624439 0.149222
vt 0.625951 0.150102
vt 0.627106 0.151200
vt 0.410354 0.560867
vt 0.410818 0.559808
vt 0.410818 0.563336
vt 0.410768 0.536252
vt 0.411017 0.538847
vt 0.410768 0.539502
vt 0.410901 0.540443
vt 0.629715 0.154040
vt 0.630224 0.154801
vt 0.631621 0.158968
vt 0.657619 0.281154
vt 0.645264 0.270002
vt 0.649498 0.266896
vt 0.733324 0.270888
vt 0.720748 0.281790
vt 0.718321 0.277118
vt 0.670345 0.281951
vt 0.672644 0.288313
vt 0.663435 0.278605
vt 0.660961 0.277081
vt 0.705581 0.288645
vt 0.708930 0.281976
vt 0.715845 0.278638
vt 0.689635 0.285643
vt 0.698737 0.284853
vt 0.699173 0.284774
vt 0.729796 0.266947
vt 0.733517 0.261941
vt 0.742262 0.256848
vt 0.701690 0.176849
vt 0.699238 0.181704
vt 0.689705 0.175582
vt 0.689702 0.180823
vt 0.677718 0.176834
vt 0.680099 0.284762
vt 0.680535 0.284841
vt 0.689089 0.290881
vt 0.689632 0.290884
vt 0.717209 0.182586
vt 0.730460 0.192493
vt 0.720501 0.190852
vt 0.633284 0.221210
vt 0.639021 0.205691
vt 0.640950 0.213909
vt 0.636611 0.255784
vt 0.640926 0.252494
vt 0.645783 0.261884
vt 0.738387 0.252557
vt 0.738907 0.251190
vt 0.746816 0.240839
vt 0.741198 0.242803
vt 0.747320 0.233270
vt 0.742079 0.233267
vt 0.746068 0.221283
vt 0.718376 0.189384
vt 0.708992 0.184515
vt 0.705896 0.183398
vt 0.648928 0.192441
vt 0.647287 0.202400
vt 0.645820 0.204525
vt 0.639833 0.217005
vt 0.638139 0.223662
vt 0.632017 0.233196
vt 0.637258 0.233199
vt 0.632380 0.239687
vt 0.638127 0.242737
vt 0.640407 0.251127
vt 0.741210 0.223729
vt 0.739524 0.217069
vt 0.740351 0.205757
vt 0.738411 0.213972
vt 0.733554 0.204581
vt 0.732089 0.202454
vt 0.680164 0.181691
vt 0.673504 0.183377
vt 0.662192 0.182550
vt 0.670407 0.184490
vt 0.661016 0.189348
vt 0.658889 0.190812
vt 0.536965 0.377484
vt 0.537016 0.380971
vt 0.543752 0.373473
vt 0.529022 0.371361
vt 0.569999 0.595753
vt 0.570033 0.599061
vt 0.570054 0.601889
vt 0.537143 0.384061
vt 0.570727 0.590428
vt 0.572557 0.590124
vt 0.576899 0.589373
vt 0.579095 0.589009
vt 0.581109 0.588695
vt 0.558181 0.591615
vt 0.560318 0.591504
vt 0.568639 0.590735
vt 0.551946 0.596097
vt 0.554000 0.591771
vt 0.556141 0.591702
vt 0.543607 0.591528
vt 0.547926 0.591720
vt 0.551963 0.591801
vt 0.529078 0.589834
vt 0.531143 0.590177
vt 0.533903 0.595767
vt 0.533289 0.590520
vt 0.535282 0.590805
vt 0.517116 0.595035
vt 0.517570 0.593130
vt 0.518725 0.588300
vt 0.520784 0.588552
vt 0.522876 0.588841
vt 0.524966 0.589154
vt 0.527013 0.589485
vt 0.516963 0.595677
vt 0.533893 0.599101
vt 0.516551 0.597411
vt 0.533900 0.601954
vt 0.515899 0.600165
vt 0.591308 0.382970
vt 0.573228 0.384075
vt 0.573096 0.380963
vt 0.590768 0.381268
vt 0.573009 0.377454
vt 0.589298 0.376237
vt 0.573102 0.372712
vt 0.587610 0.369857
vt 0.558371 0.373914
vt 0.554982 0.377786
vt 0.555044 0.381313
vt 0.555171 0.384450
vt 0.551968 0.602305
vt 0.551955 0.599442
vt 0.730151 0.087257
vt 0.730142 0.084216
vt 0.730259 0.087169
vt 0.732768 0.084216
vt 0.487473 0.887527
vt 0.487473 0.890563
vt 0.487361 0.887617
vt 0.484845 0.890554
vt 0.421418 0.503770
vt 0.420008 0.502317
vt 0.419201 0.501108
vt 0.459284 0.545171
vt 0.652072 0.343493
vt 0.657924 0.349427
vt 0.595919 0.514829
vt 0.583237 0.487147
vt 0.806654 0.337909
vt 0.518865 0.579381
vt 0.490657 0.567940
vt 0.465471 0.550755
vt 0.652072 0.423826
vt 0.459284 0.625504
vt 0.645885 0.418242
vt 0.645885 0.337909
vt 0.453432 0.539236
vt 0.614201 0.539236
vt 0.688888 0.401517
vt 0.695379 0.431190
vt 0.548783 0.584546
vt 0.583237 0.567479
vt 0.693104 0.385800
vt 0.723342 0.384450
vt 0.676206 0.373834
vt 0.608175 0.575393
vt 0.688888 0.490959
vt 0.634890 0.561500
vt 0.676206 0.518279
vt 0.657923 0.542163
vt 0.832046 0.487147
vt 0.825555 0.457474
vt 0.825555 0.427191
vt 0.832046 0.397705
vt 0.844728 0.370385
vt 0.832046 0.567480
vt 0.844728 0.450718
vt 0.863011 0.426834
vt 0.886044 0.407496
vt 0.637235 0.407496
vt 0.663950 0.393603
vt 0.562573 0.384450
vt 0.592492 0.389616
vt 0.422468 0.567479
vt 0.620699 0.401057
vt 0.695379 0.461472
vt 0.579021 0.583196
vt 0.730123 0.083239
vt 0.730142 0.087793
vt 0.728016 0.088590
vt 0.727764 0.086098
vt 0.728180 0.081166
vt 0.730142 0.083075
vt 0.730777 0.593330
vt 0.731261 0.590598
vt 0.731262 0.802281
vt 0.730778 0.799549
vt 0.727773 0.796503
vt 0.735208 0.788341
vt 0.752160 0.763137
vt 0.763394 0.734835
vt 0.768390 0.704752
vt 0.768632 0.696422
vt 0.768390 0.688091
vt 0.727773 0.596379
vt 0.735208 0.604534
vt 0.752160 0.629722
vt 0.763394 0.658013
vt 0.785793 0.580102
vt 0.785695 0.580252
vt 0.782742 0.583707
vt 0.783851 0.585689
vt 0.409648 0.463511
vt 0.411189 0.462621
vt 0.411189 0.467690
vt 0.731416 0.305066
vt 0.730014 0.309159
vt 0.729425 0.307195
vt 0.731424 0.304932
vt 0.729425 0.303077
vt 0.631593 0.628917
vt 0.631144 0.628503
vt 0.629814 0.627307
vt 0.419573 0.504984
vt 0.421389 0.506507
vt 0.546528 0.585736
vt 0.546826 0.588186
vt 0.535351 0.588724
vt 0.536593 0.485088
vt 0.529133 0.474715
vt 0.529299 0.474052
vt 0.531600 0.473540
vt 0.529647 0.472409
vt 0.529913 0.470847
vt 0.530293 0.467646
vt 0.530344 0.466984
vt 0.530381 0.466351
vt 0.531340 0.485036
vt 0.526155 0.489974
vt 0.526294 0.489003
vt 0.526429 0.488111
vt 0.526583 0.487107
vt 0.526033 0.490889
vt 0.526734 0.486088
vt 0.526826 0.485208
vt 0.528949 0.475302
vt 0.537066 0.591280
vt 0.580592 0.587712
vt 0.569604 0.587294
vt 0.569330 0.585258
vt 0.558659 0.587753
vt 0.592285 0.588229
vt 0.603541 0.588817
vt 0.591516 0.589001
vt 0.598542 0.590305
vt 0.531345 0.496291
vt 0.531345 0.415959
vt 0.526751 0.416200
vt 0.526628 0.415266
vt 0.526447 0.414225
vt 0.526169 0.412687
vt 0.526169 0.493020
vt 0.525921 0.491604
vt 0.528874 0.425975
vt 0.531637 0.427484
vt 0.529054 0.426554
vt 0.530406 0.465648
vt 0.530377 0.465056
vt 0.532051 0.450539
vt 0.531100 0.451314
vt 0.530322 0.436132
vt 0.530346 0.435537
vt 0.530318 0.434847
vt 0.530189 0.433184
vt 0.530016 0.431661
vt 0.529494 0.428472
vt 0.529362 0.427840
vt 0.529220 0.427214
vt 0.534690 0.584546
vt 0.539536 0.473578
vt 0.537178 0.473573
vt 0.537695 0.450542
vt 0.591996 0.585754
vt 0.539540 0.427474
vt 0.540048 0.450543
vt 0.537203 0.427471
vt 0.536619 0.415934
vt 0.602892 0.584546
vt 0.536619 0.496267
vt 0.534970 0.405299
vt 0.543964 0.589767
vt 0.539795 0.590637
vt 0.418987 0.380909
vt 0.413293 0.389145
vt 0.417381 0.379786
vt 0.414776 0.713018
vt 0.411189 0.721716
vt 0.411256 0.699444
vt 0.414813 0.699444
vt 0.411306 0.673223
vt 0.414855 0.678295
vt 0.414818 0.697256
vt 0.415040 0.636094
vt 0.414922 0.643226
vt 0.411338 0.644270
vt 0.414882 0.657762
vt 0.414863 0.673223
vt 0.415247 0.625044
vt 0.411348 0.613932
vt 0.415308 0.613907
vt 0.414895 0.580841
vt 0.414919 0.583617
vt 0.411338 0.583617
vt 0.414973 0.587731
vt 0.415245 0.602796
vt 0.414881 0.570148
vt 0.411306 0.554735
vt 0.414862 0.554735
vt 0.411256 0.528627
vt 0.414817 0.530801
vt 0.414854 0.549678
vt 0.419077 0.514020
vt 0.416448 0.514020
vt 0.411189 0.506507
vt 0.414774 0.515138
vt 0.414812 0.528627
vt 0.411204 0.473077
vt 0.419050 0.506507
vt 0.777660 0.481073
vt 0.784905 0.481067
vt 0.778229 0.506232
vt 0.777660 0.400740
vt 0.778229 0.425899
vt 0.770984 0.425905
vt 0.773805 0.454174
vt 0.766560 0.454180
vt 0.771838 0.484246
vt 0.764593 0.484252
vt 0.419051 0.473082
vt 0.411519 0.442943
vt 0.419365 0.442949
vt 0.412226 0.414526
vt 0.420072 0.414531
vt 0.421139 0.389151
vt 0.421607 0.380910
vt 0.789870 0.594269
vt 0.798934 0.594268
vt 0.789778 0.784519
vt 0.802868 0.784514
vt 0.802960 0.594263
vt 0.808372 0.594253
vt 0.812425 0.784488
vt 0.680592 0.776869
vt 0.676563 0.951461
vt 0.676563 0.776131
vt 0.671145 0.774510
vt 0.778614 0.292941
vt 0.778614 0.099021
vt 0.774362 0.099021
vt 0.789010 0.292947
vt 0.789010 0.099027
vt 0.690494 0.364675
vt 0.689677 0.364675
vt 0.689675 0.363098
vt 0.725196 0.092563
vt 0.727256 0.092565
vt 0.725247 0.093566
vt 0.727312 0.093381
vt 0.725291 0.093924
vt 0.727524 0.094234
vt 0.725643 0.095345
vt 0.727855 0.094780
vt 0.726194 0.096256
vt 0.691036 0.363098
vt 0.484324 0.628522
vt 0.485921 0.619451
vt 0.510157 0.602305
vt 0.501216 0.603929
vt 0.487785 0.615418
vt 0.491891 0.609989
vt 0.497241 0.605822
vt 0.484324 0.759548
vt 0.501216 0.784126
vt 0.510157 0.785742
vt 0.485921 0.768618
vt 0.409613 0.501453
vt 0.411189 0.497025
vt 0.491891 0.778075
vt 0.422540 0.829224
vt 0.420508 0.828719
vt 0.422997 0.826394
vt 0.420564 0.828280
vt 0.424053 0.822578
vt 0.422150 0.821503
vt 0.425469 0.819641
vt 0.411189 0.475165
vt 0.409612 0.480066
vt 0.409612 0.473331
vt 0.410901 0.462224
vt 0.409578 0.459146
vt 0.411059 0.459146
vt 0.680300 0.850313
vt 0.679313 0.848736
vt 0.679750 0.848736
vt 0.686645 0.850309
vt 0.686639 0.848732
vt 0.725240 0.091633
vt 0.727312 0.091749
vt 0.688004 0.850308
vt 0.687455 0.848731
vt 0.726194 0.088880
vt 0.727855 0.090355
vt 0.727524 0.090898
vt 0.725643 0.089786
vt 0.725291 0.091203
vt 0.724368 0.085816
vt 0.722278 0.085895
vt 0.724306 0.086447
vt 0.724113 0.087397
vt 0.722100 0.086664
vt 0.724008 0.087728
vt 0.723535 0.088590
vt 0.721815 0.087181
vt 0.688772 0.364676
vt 0.688166 0.363098
vt 0.689669 0.363099
vt 0.689673 0.364676
vt 0.771745 0.372190
vt 0.773114 0.372193
vt 0.689673 0.359430
vt 0.688227 0.359429
vt 0.687969 0.359430
vt 0.686894 0.363100
vt 0.686606 0.359432
vt 0.727493 0.087309
vt 0.727693 0.086301
vt 0.727748 0.085727
vt 0.727764 0.084852
vt 0.727703 0.083978
vt 0.727620 0.083407
vt 0.727369 0.082409
vt 0.773114 0.375862
vt 0.770039 0.372189
vt 0.771487 0.372190
vt 0.665540 0.131785
vt 0.671602 0.137200
vt 0.663301 0.133423
vt 0.656593 0.137573
vt 0.645487 0.127796
vt 0.818567 0.316611
vt 0.818540 0.326716
vt 0.809227 0.329544
vt 0.798584 0.341453
vt 0.797284 0.346109
vt 0.786753 0.352197
vt 0.798384 0.353751
vt 0.795964 0.356406
vt 0.794356 0.358409
vt 0.764497 0.469327
vt 0.770986 0.457552
vt 0.770986 0.481067
vt 0.773895 0.361635
vt 0.774359 0.364779
vt 0.760093 0.369708
vt 0.626522 0.100738
vt 0.641074 0.103897
vt 0.640432 0.114686
vt 0.616347 0.100782
vt 0.615844 0.108708
vt 0.611605 0.100800
vt 0.605465 0.105279
vt 0.591298 0.100855
vt 0.596168 0.100845
vt 0.619806 0.111471
vt 0.480960 0.905347
vt 0.479160 0.909006
vt 0.479160 0.883897
vt 0.632712 0.118730
vt 0.667220 0.149115
vt 0.678225 0.142082
vt 0.684053 0.174494
vt 0.676061 0.161002
vt 0.684383 0.163716
vt 0.684785 0.152750
vt 0.685057 0.146274
vt 0.640052 0.123684
vt 0.657832 0.120895
vt 0.659762 0.124792
vt 0.663514 0.129652
vt 0.791730 0.362651
vt 0.658579 0.114011
vt 0.657351 0.116803
vt 0.657288 0.117415
vt 0.818509 0.336877
vt 0.818506 0.337919
vt 0.811094 0.342888
vt 0.806758 0.346204
vt 0.803940 0.348545
vt 0.681907 0.188174
vt 0.679400 0.179388
vt 0.682539 0.184201
vt 0.683821 0.176965
vt 0.591148 0.101332
vt 0.601726 0.104485
vt 0.409578 0.429587
vt 0.410051 0.419121
vt 0.410051 0.433301
vt 0.612774 0.108756
vt 0.410516 0.453685
vt 0.410989 0.446343
vt 0.410989 0.460691
vt 0.623438 0.113914
vt 0.409578 0.449900
vt 0.410051 0.446238
vt 0.410051 0.459146
vt 0.633682 0.119949
vt 0.643395 0.126807
vt 0.652473 0.134401
vt 0.409578 0.541600
vt 0.410051 0.534592
vt 0.410051 0.545687
vt 0.660906 0.142708
vt 0.419088 0.546545
vt 0.419561 0.542209
vt 0.419561 0.552819
vt 0.672356 0.156577
vt 0.678921 0.166446
vt 0.597223 0.116947
vt 0.587601 0.114079
vt 0.589523 0.106838
vt 0.599689 0.109868
vt 0.590439 0.103655
vt 0.673882 0.169420
vt 0.667573 0.159935
vt 0.656568 0.146605
vt 0.648462 0.138621
vt 0.639737 0.131322
vt 0.630402 0.124731
vt 0.620557 0.118931
vt 0.610307 0.113973
vt 0.607274 0.120833
vt 0.616975 0.125525
vt 0.626293 0.131014
vt 0.635129 0.137253
vt 0.643387 0.144161
vt 0.651059 0.151718
vt 0.661475 0.164335
vt 0.667447 0.173312
vt 0.672670 0.182747
vt 0.677104 0.192562
vt 0.681271 0.192384
vt 0.680483 0.201943
vt 0.670846 0.304820
vt 0.875606 0.339305
vt 0.875131 0.338869
vt 0.680485 0.282111
vt 0.674436 0.297663
vt 0.611162 0.161527
vt 0.613034 0.159142
vt 0.620100 0.151049
vt 0.501756 0.362685
vt 0.656738 0.325834
vt 0.645376 0.338016
vt 0.632809 0.348496
vt 0.625196 0.353677
vt 0.618691 0.357522
vt 0.604299 0.364379
vt 0.593321 0.368259
vt 0.501978 0.362786
vt 0.599769 0.179152
vt 0.883850 0.346267
vt 0.604962 0.170351
vt 0.666478 0.312305
vt 0.551507 0.109978
vt 0.566286 0.110433
vt 0.580933 0.112547
vt 0.683040 0.114036
vt 0.536788 0.111178
vt 0.677044 0.318007
vt 0.683077 0.302864
vt 0.684057 0.309447
vt 0.680901 0.288823
vt 0.681898 0.295787
vt 0.680768 0.299756
vt 0.672439 0.315273
vt 0.680615 0.285895
vt 0.662215 0.329605
vt 0.650251 0.342516
vt 0.636752 0.353806
vt 0.621931 0.363285
vt 0.606026 0.370802
vt 0.678646 0.318927
vt 0.667906 0.333982
vt 0.666434 0.332879
vt 0.655338 0.347545
vt 0.654020 0.346276
vt 0.641158 0.359405
vt 0.640012 0.357992
vt 0.625588 0.369363
vt 0.624632 0.367828
vt 0.608880 0.377259
vt 0.608127 0.375628
vt 0.476648 0.584820
vt 0.466334 0.582206
vt 0.463022 0.576223
vt 0.619402 0.382882
vt 0.616749 0.382893
vt 0.616258 0.375047
vt 0.604115 0.382935
vt 0.684388 0.320110
vt 0.751945 0.468370
vt 0.747556 0.470732
vt 0.754242 0.461476
vt 0.425622 0.557330
vt 0.422904 0.555611
vt 0.422899 0.554569
vt 0.422846 0.542871
vt 0.422811 0.534366
vt 0.432304 0.547449
vt 0.422443 0.538114
vt 0.422425 0.542871
vt 0.422006 0.542872
vt 0.434674 0.563898
vt 0.432983 0.562571
vt 0.443062 0.563401
vt 0.422853 0.544442
vt 0.445478 0.574080
vt 0.444318 0.572770
vt 0.438887 0.567455
vt 0.657486 0.367310
vt 0.658076 0.368723
vt 0.641866 0.379350
vt 0.660982 0.357116
vt 0.658272 0.361634
vt 0.641224 0.368805
vt 0.657309 0.365275
vt 0.657305 0.366138
vt 0.443535 0.559873
vt 0.456055 0.570997
vt 0.747556 0.448201
vt 0.776088 0.457552
vt 0.776088 0.479934
vt 0.773878 0.461207
vt 0.770986 0.464578
vt 0.684791 0.330936
vt 0.685063 0.337313
vt 0.663926 0.338693
vt 0.677373 0.342154
vt 0.664422 0.349924
vt 0.670167 0.347679
vt 0.665554 0.351902
vt 0.788311 0.885839
vt 0.791649 0.869131
vt 0.791649 0.894648
vt 0.631405 0.382825
vt 0.503634 0.583573
vt 0.518771 0.588108
vt 0.507874 0.587769
vt 0.518748 0.588204
vt 0.506302 0.592701
vt 0.423706 0.528203
vt 0.424406 0.528248
vt 0.422817 0.533796
vt 0.430946 0.538094
vt 0.438247 0.547391
vt 0.446254 0.556074
vt 0.454924 0.564094
vt 0.464212 0.571407
vt 0.474048 0.577962
vt 0.484399 0.583728
vt 0.488319 0.590715
vt 0.495176 0.588651
vt 0.490909 0.591858
vt 0.503284 0.596567
vt 0.498122 0.581449
vt 0.497135 0.583860
vt 0.479656 0.572256
vt 0.424865 0.522219
vt 0.425933 0.515036
vt 0.428826 0.525558
vt 0.431052 0.524203
vt 0.435138 0.535062
vt 0.440116 0.537361
vt 0.442185 0.544035
vt 0.444169 0.542346
vt 0.449913 0.552416
vt 0.458244 0.556675
vt 0.458283 0.560158
vt 0.459974 0.558177
vt 0.467247 0.567216
vt 0.478099 0.571319
vt 0.476742 0.573543
vt 0.486732 0.579108
vt 0.476212 0.412456
vt 0.489541 0.404976
vt 0.425691 0.469471
vt 0.425639 0.468806
vt 0.425676 0.468574
vt 0.433211 0.455277
vt 0.442148 0.442879
vt 0.452374 0.431520
vt 0.463776 0.421341
vt 0.425788 0.513170
vt 0.425987 0.513170
vt 0.425802 0.514110
vt 0.518229 0.394555
vt 0.524968 0.408460
vt 0.425627 0.469471
vt 0.685736 0.408460
vt 0.518229 0.314222
vt 0.510863 0.525122
vt 0.425691 0.389138
vt 0.489541 0.324643
vt 0.503634 0.663906
vt 0.503600 0.398983
vt 0.680669 0.475238
vt 0.681974 0.478350
vt 0.685736 0.488793
vt 0.526447 0.494557
vt 0.612186 0.175601
vt 0.643010 0.166685
vt 0.653400 0.175420
vt 0.606738 0.174772
vt 0.601039 0.171607
vt 0.597368 0.166641
vt 0.603946 0.146075
vt 0.596361 0.161868
vt 0.596225 0.143667
vt 0.617218 0.147818
vt 0.624438 0.149481
vt 0.596191 0.138711
vt 0.596159 0.125954
vt 0.598191 0.134504
vt 0.598816 0.131807
vt 0.599028 0.129398
vt 0.596159 0.125877
vt 0.599312 0.118684
vt 0.775650 0.382559
vt 0.776531 0.380124
vt 0.778684 0.384068
vt 0.596136 0.116362
vt 0.599040 0.111851
vt 0.599207 0.115133
vt 0.596139 0.117876
vt 0.599280 0.116948
vt 0.596143 0.119463
vt 0.596151 0.122669
vt 0.750735 0.399545
vt 0.748760 0.447804
vt 0.746777 0.448034
vt 0.742175 0.887318
vt 0.742499 0.918488
vt 0.737988 0.882892
vt 0.737213 0.918589
vt 0.735589 0.918637
vt 0.727773 0.919030
vt 0.729126 0.871263
vt 0.734210 0.878343
vt 0.641784 0.914958
vt 0.646745 0.857917
vt 0.650201 0.914919
vt 0.650060 0.862870
vt 0.650906 0.914915
vt 0.651256 0.864951
vt 0.727773 0.869131
vt 0.630939 0.914992
vt 0.630735 0.843742
vt 0.634771 0.845752
vt 0.636535 0.847091
vt 0.639602 0.849812
vt 0.641184 0.914961
vt 0.641037 0.851225
vt 0.644975 0.855636
vt 0.630838 0.914992
vt 0.621691 0.842232
vt 0.624063 0.842380
vt 0.621752 0.862596
vt 0.628842 0.843175
vt 0.630488 0.843657
vt 0.619833 0.842219
vt 0.620569 0.862597
vt 0.756206 0.379818
vt 0.756206 0.398352
vt 0.751328 0.381145
vt 0.750646 0.381323
vt 0.748088 0.382031
vt 0.745667 0.382818
vt 0.739838 0.448201
vt 0.742455 0.384232
vt 0.732701 0.391268
vt 0.734863 0.389491
vt 0.732153 0.447309
vt 0.740276 0.385562
vt 0.749113 0.893093
vt 0.749436 0.918484
vt 0.746171 0.890907
vt 0.732941 0.447456
vt 0.868762 0.917431
vt 0.868133 0.918340
vt 0.863436 0.873500
vt 0.863436 0.925830
vt 0.818048 0.828373
vt 0.825412 0.780896
vt 0.825412 0.831551
vt 0.410494 0.485760
vt 0.409578 0.433241
vt 0.410494 0.431875
vt 0.727773 0.395963
vt 0.626340 0.909125
vt 0.623630 0.873405
vt 0.631864 0.903189
vt 0.628750 0.873358
vt 0.633746 0.901455
vt 0.633875 0.873314
vt 0.637842 0.898294
vt 0.866100 0.873470
vt 0.869847 0.873431
vt 0.619953 0.917431
vt 0.621038 0.873431
vt 0.623943 0.912056
vt 0.625466 0.910170
vt 0.750455 0.893936
vt 0.751050 0.894276
vt 0.750233 0.918494
vt 0.754876 0.895844
vt 0.754009 0.918573
vt 0.755672 0.896008
vt 0.758050 0.918739
vt 0.757822 0.896064
vt 0.642913 0.873250
vt 0.643106 0.895970
vt 0.636473 0.873294
vt 0.642042 0.896227
vt 0.641766 0.896315
vt 0.596207 0.141245
vt 0.619125 0.136333
vt 0.649043 0.164563
vt 0.650982 0.166191
vt 0.648734 0.168172
vt 0.659024 0.169390
vt 0.661415 0.169463
vt 0.664510 0.174590
vt 0.664572 0.168901
vt 0.668464 0.173653
vt 0.666698 0.168037
vt 0.669237 0.173408
vt 0.671147 0.172713
vt 0.662810 0.174863
vt 0.658157 0.175311
vt 0.656492 0.168884
vt 0.655786 0.175396
vt 0.655816 0.168677
vt 0.638633 0.146201
vt 0.643482 0.149233
vt 0.635754 0.151730
vt 0.643506 0.151421
vt 0.644131 0.155923
vt 0.647156 0.162419
vt 0.632450 0.156737
vt 0.644713 0.157855
vt 0.644196 0.156181
vt 0.616916 0.142201
vt 0.614384 0.147598
vt 0.621637 0.148176
vt 0.629306 0.153348
vt 0.617219 0.147725
vt 0.425615 0.467461
vt 0.424589 0.460751
vt 0.430312 0.454197
vt 0.424443 0.460001
vt 0.423693 0.456196
vt 0.425895 0.451390
vt 0.423211 0.453816
vt 0.422798 0.451758
vt 0.422413 0.448280
vt 0.435358 0.438143
vt 0.502481 0.396173
vt 0.439442 0.441417
vt 0.449909 0.429707
vt 0.461594 0.419212
vt 0.474354 0.410054
vt 0.488037 0.402343
vt 0.499126 0.386910
vt 0.500694 0.391251
vt 0.487652 0.391620
vt 0.485724 0.397646
vt 0.483692 0.393503
vt 0.471543 0.405638
vt 0.469071 0.401743
vt 0.446207 0.426007
vt 0.458318 0.415130
vt 0.431764 0.435256
vt 0.441786 0.423923
vt 0.442950 0.422744
vt 0.455436 0.411529
vt 0.462425 0.406232
vt 0.648006 0.105529
vt 0.647636 0.104837
vt 0.657122 0.100624
vt 0.558139 0.464718
vt 0.638245 0.106400
vt 0.638245 0.101551
vt 0.644017 0.099608
vt 0.592821 0.407333
vt 0.598577 0.403405
vt 0.598582 0.407189
vt 0.598584 0.409237
vt 0.638251 0.109169
vt 0.638247 0.107072
vt 0.525600 0.080333
vt 0.520218 0.086462
vt 0.519719 0.085845
vt 0.513500 0.091603
vt 0.512847 0.091091
vt 0.502843 0.382067
vt 0.503034 0.381514
vt 0.491021 0.382091
vt 0.491122 0.381538
vt 0.490885 0.382090
vt 0.526122 0.080928
vt 0.551140 0.462907
vt 0.674268 0.091603
vt 0.674090 0.091731
vt 0.673616 0.091091
vt 0.666248 0.096689
vt 0.665805 0.096030
vt 0.657869 0.101137
vt 0.657529 0.101299
vt 0.653137 0.095557
vt 0.661484 0.091140
vt 0.668993 0.086393
vt 0.563325 0.431019
vt 0.567942 0.432547
vt 0.561374 0.442194
vt 0.556493 0.441054
vt 0.555759 0.452342
vt 0.550653 0.451610
vt 0.545848 0.462600
vt 0.562512 0.454714
vt 0.567828 0.445107
vt 0.574047 0.435972
vt 0.575416 0.423476
vt 0.581123 0.427384
vt 0.583731 0.415049
vt 0.588996 0.419406
vt 0.597602 0.412100
vt 0.598586 0.411344
vt 0.598643 0.481050
vt 0.598643 0.400717
vt 0.766447 0.411233
vt 0.774235 0.417625
vt 0.766504 0.481050
vt 0.781454 0.424565
vt 0.794006 0.439903
vt 0.803778 0.456871
vt 0.807549 0.465834
vt 0.810538 0.475039
vt 0.813415 0.488444
vt 0.814637 0.502034
vt 0.814637 0.421701
vt 0.814201 0.435348
vt 0.766504 0.400717
vt 0.812108 0.448873
vt 0.410991 0.433713
vt 0.411004 0.432876
vt 0.411183 0.432866
vt 0.410991 0.431875
vt 0.491436 0.148370
vt 0.492436 0.148333
vt 0.497175 0.149388
vt 0.411187 0.432931
vt 0.490602 0.148275
vt 0.491370 0.148370
vt 0.487268 0.148930
vt 0.409971 0.582333
vt 0.410438 0.585636
vt 0.409971 0.587136
vt 0.485853 0.149135
vt 0.484244 0.149838
vt 0.419088 0.571331
vt 0.419216 0.568137
vt 0.419566 0.571192
vt 0.419165 0.573881
vt 0.419566 0.573952
vt 0.419088 0.573952
vt 0.419543 0.574162
vt 0.419088 0.576730
vt 0.419285 0.577390
vt 0.419092 0.579772
vt 0.411006 0.396491
vt 0.411168 0.399880
vt 0.411006 0.401269
vt 0.477531 0.157994
vt 0.477933 0.156806
vt 0.477201 0.159643
vt 0.761592 0.895716
vt 0.765560 0.893909
vt 0.766541 0.918465
vt 0.766880 0.893072
vt 0.773453 0.918463
vt 0.769818 0.890876
vt 0.773796 0.887292
vt 0.577191 0.896224
vt 0.582772 0.873297
vt 0.580925 0.897996
vt 0.585366 0.873318
vt 0.581379 0.898285
vt 0.585461 0.901437
vt 0.761204 0.895822
vt 0.765751 0.918475
vt 0.758061 0.896015
vt 0.758050 0.918727
vt 0.576412 0.896022
vt 0.576349 0.873250
vt 0.579019 0.873268
vt 0.590662 0.906594
vt 0.595610 0.873411
vt 0.592880 0.909121
vt 0.595295 0.912074
vt 0.590488 0.873363
vt 0.596795 0.914017
vt 0.604635 0.873506
vt 0.598319 0.916082
vt 0.599279 0.917432
vt 0.598206 0.873437
vt 0.750515 0.379200
vt 0.757064 0.330132
vt 0.754597 0.378127
vt 0.604635 0.925855
vt 0.604050 0.924841
vt 0.742859 0.315912
vt 0.744893 0.317461
vt 0.738977 0.379818
vt 0.746853 0.319129
vt 0.745918 0.379788
vt 0.749516 0.321571
vt 0.746718 0.379722
vt 0.751866 0.323925
vt 0.752815 0.324940
vt 0.671745 0.843762
vt 0.673647 0.843184
vt 0.676828 0.862588
vt 0.674248 0.843036
vt 0.513479 0.843036
vt 0.520012 0.862584
vt 0.732096 0.378937
vt 0.730150 0.378505
vt 0.733079 0.330294
vt 0.738575 0.313607
vt 0.735002 0.312171
vt 0.730296 0.310374
vt 0.727773 0.328545
vt 0.727773 0.309282
vt 0.520038 0.842219
vt 0.521190 0.862582
vt 0.518308 0.842317
vt 0.667746 0.845771
vt 0.669036 0.844975
vt 0.671709 0.914998
vt 0.671809 0.914998
vt 0.511041 0.914998
vt 0.660862 0.914983
vt 0.660636 0.852147
vt 0.661464 0.914984
vt 0.661511 0.851236
vt 0.665994 0.847107
vt 0.778753 0.918560
vt 0.777970 0.882893
vt 0.780388 0.918608
vt 0.783332 0.876329
vt 0.788311 0.918996
vt 0.788311 0.869131
vt 0.651717 0.914954
vt 0.651256 0.865025
vt 0.652425 0.914957
vt 0.652752 0.862450
vt 0.657559 0.855668
vt 0.512304 0.126243
vt 0.512304 0.126321
vt 0.509425 0.129788
vt 0.512336 0.139077
vt 0.512141 0.138775
vt 0.510192 0.134569
vt 0.509648 0.132183
vt 0.512288 0.119869
vt 0.509083 0.119082
vt 0.509083 0.119070
vt 0.581205 0.902001
vt 0.582087 0.904450
vt 0.577647 0.903802
vt 0.577711 0.906951
vt 0.509174 0.115529
vt 0.512284 0.118242
vt 0.509108 0.117342
vt 0.512288 0.119830
vt 0.470387 0.103035
vt 0.470388 0.107866
vt 0.461786 0.104327
vt 0.725783 0.084116
vt 0.725339 0.082507
vt 0.737551 0.082528
vt 0.429342 0.085757
vt 0.421957 0.082110
vt 0.423560 0.080333
vt 0.749382 0.082553
vt 0.750122 0.084163
vt 0.749986 0.084163
vt 0.738145 0.084138
vt 0.443822 0.095743
vt 0.434666 0.092814
vt 0.436113 0.090908
vt 0.434487 0.092690
vt 0.427810 0.087601
vt 0.452402 0.100228
vt 0.448429 0.100910
vt 0.442470 0.097709
vt 0.470392 0.109955
vt 0.460653 0.106401
vt 0.411186 0.476769
vt 0.411186 0.485760
vt 0.410494 0.476976
vt 0.766439 0.403294
vt 0.771705 0.407708
vt 0.766444 0.407073
vt 0.766446 0.409120
vt 0.780777 0.415384
vt 0.789079 0.423769
vt 0.796543 0.432798
vt 0.803106 0.442402
vt 0.808717 0.452505
vt 0.813337 0.463025
vt 0.816924 0.473881
vt 0.451154 0.102251
vt 0.450820 0.102091
vt 0.470387 0.102350
vt 0.465138 0.099877
vt 0.456095 0.095927
vt 0.447827 0.091605
vt 0.793085 0.421801
vt 0.800831 0.431169
vt 0.807641 0.441136
vt 0.813464 0.451620
vt 0.818257 0.462537
vt 0.821980 0.473802
vt 0.613616 0.233250
vt 0.614894 0.219423
vt 0.689658 0.157306
vt 0.675828 0.158566
vt 0.615287 0.217452
vt 0.618969 0.205281
vt 0.622848 0.196995
vt 0.626030 0.191674
vt 0.635908 0.179529
vt 0.648065 0.169667
vt 0.653391 0.166492
vt 0.695091 0.384450
vt 0.686605 0.368129
vt 0.695091 0.364730
vt 0.661681 0.162624
vt 0.673856 0.158956
vt 0.765603 0.233348
vt 0.764343 0.219519
vt 0.703485 0.158584
vt 0.705456 0.158977
vt 0.717627 0.162660
vt 0.725913 0.166538
vt 0.731235 0.169720
vt 0.743379 0.179598
vt 0.753242 0.191755
vt 0.756417 0.197081
vt 0.760285 0.205371
vt 0.763952 0.217547
vt 0.703391 0.308033
vt 0.640617 0.080339
vt 0.653354 0.098878
vt 0.639473 0.098878
vt 0.640075 0.080338
vt 0.760250 0.261318
vt 0.764325 0.247176
vt 0.764939 0.243326
vt 0.758936 0.264428
vt 0.753189 0.274925
vt 0.731154 0.296932
vt 0.743311 0.287069
vt 0.747154 0.282935
vt 0.730577 0.297305
vt 0.717538 0.303975
vt 0.710585 0.306341
vt 0.638759 0.098877
vt 0.688845 0.309289
vt 0.675734 0.308015
vt 0.647985 0.296879
vt 0.661592 0.303939
vt 0.667169 0.305904
vt 0.647363 0.296467
vt 0.635840 0.287000
vt 0.619672 0.263025
vt 0.625977 0.274843
vt 0.631078 0.281766
vt 0.614094 0.241807
vt 0.614876 0.247080
vt 0.618934 0.261227
vt 0.545550 0.278366
vt 0.548759 0.277357
vt 0.552853 0.292005
vt 0.635845 0.372073
vt 0.654813 0.376743
vt 0.654043 0.379897
vt 0.637822 0.366979
vt 0.638948 0.364074
vt 0.641920 0.365187
vt 0.627878 0.359224
vt 0.627342 0.362431
vt 0.618831 0.354373
vt 0.617257 0.357064
vt 0.615588 0.352420
vt 0.598570 0.344043
vt 0.600549 0.341635
vt 0.603512 0.344007
vt 0.607655 0.350924
vt 0.592664 0.334637
vt 0.590060 0.336462
vt 0.584518 0.326163
vt 0.582182 0.328228
vt 0.582882 0.324279
vt 0.574091 0.312820
vt 0.574979 0.319392
vt 0.568500 0.310014
vt 0.557873 0.289846
vt 0.552329 0.276238
vt 0.555763 0.275164
vt 0.560089 0.287079
vt 0.560738 0.288616
vt 0.562785 0.300142
vt 0.566270 0.300046
vt 0.571135 0.308344
vt 0.547967 0.292597
vt 0.543061 0.279151
vt 0.557952 0.302692
vt 0.563884 0.312940
vt 0.570610 0.322675
vt 0.578087 0.331847
vt 0.586265 0.340395
vt 0.595099 0.348264
vt 0.604530 0.355408
vt 0.614498 0.361781
vt 0.624966 0.367353
vt 0.623371 0.371835
vt 0.656551 0.369589
vt 0.693070 0.373499
vt 0.707479 0.372402
vt 0.707580 0.377530
vt 0.573005 0.106229
vt 0.536958 0.106154
vt 0.573097 0.102610
vt 0.573239 0.099411
vt 0.725594 0.382570
vt 0.707598 0.384068
vt 0.707599 0.381034
vt 0.724693 0.378777
vt 0.724228 0.376832
vt 0.723707 0.374660
vt 0.722496 0.369632
vt 0.660015 0.370384
vt 0.671445 0.384068
vt 0.671463 0.381061
vt 0.671496 0.377584
vt 0.674272 0.372704
vt 0.519799 0.103606
vt 0.537016 0.102558
vt 0.537154 0.099382
vt 0.554975 0.105877
vt 0.555044 0.102241
vt 0.555181 0.099021
vt 0.689532 0.384450
vt 0.689540 0.381402
vt 0.689543 0.377892
vt 0.689521 0.373542
vt 0.719200 0.096215
vt 0.704928 0.093896
vt 0.707762 0.089095
vt 0.656723 0.096967
vt 0.655955 0.093787
vt 0.671740 0.094196
vt 0.671678 0.088995
vt 0.686149 0.093099
vt 0.722668 0.097009
vt 0.723915 0.091862
vt 0.724409 0.089819
vt 0.707786 0.085601
vt 0.724850 0.087993
vt 0.725737 0.084305
vt 0.707788 0.082585
vt 0.823693 0.474024
vt 0.825158 0.490024
vt 0.821987 0.489147
vt 0.707779 0.080333
vt 0.818383 0.488686
vt 0.654993 0.089817
vt 0.654683 0.088543
vt 0.671650 0.085527
vt 0.653588 0.084070
vt 0.671636 0.082538
vt 0.825190 0.443000
vt 0.822043 0.442127
vt 0.818462 0.441638
vt 0.818740 0.424933
vt 0.822362 0.425340
vt 0.825555 0.426189
vt 0.689722 0.082176
vt 0.689727 0.085207
vt 0.689725 0.088709
vt 0.689698 0.093057
vt 0.813415 0.408111
vt 0.818383 0.408354
vt 0.821987 0.408814
vt 0.825158 0.409692
vt 0.638949 0.099026
vt 0.637036 0.093979
vt 0.550159 0.189489
vt 0.547535 0.188670
vt 0.554152 0.171432
vt 0.545300 0.187976
vt 0.635394 0.089674
vt 0.619384 0.101985
vt 0.617195 0.097928
vt 0.602923 0.112219
vt 0.600224 0.108479
vt 0.587929 0.124502
vt 0.574659 0.138631
vt 0.563335 0.154362
vt 0.562048 0.175029
vt 0.555815 0.191263
vt 0.552693 0.190283
vt 0.559070 0.173669
vt 0.567920 0.157219
vt 0.570695 0.158953
vt 0.578834 0.142058
vt 0.581360 0.144138
vt 0.591622 0.128442
vt 0.593857 0.130832
vt 0.606073 0.116604
vt 0.607978 0.119265
vt 0.623099 0.109831
vt 0.621937 0.106741
vt 0.623480 0.109627
vt 0.640105 0.102087
vt 0.592383 0.872075
vt 0.592711 0.869587
vt 0.603930 0.869032
vt 0.544291 0.198635
vt 0.549790 0.198703
vt 0.553383 0.199975
vt 0.602699 0.866328
vt 0.559059 0.869896
vt 0.570028 0.870313
vt 0.569774 0.872557
vt 0.580992 0.869854
vt 0.547279 0.869548
vt 0.535789 0.868946
vt 0.548204 0.868608
vt 0.541195 0.867301
vt 0.549582 0.267767
vt 0.549345 0.256241
vt 0.552011 0.260406
vt 0.549520 0.210194
vt 0.549399 0.230160
vt 0.549006 0.233188
vt 0.549888 0.245373
vt 0.550563 0.215012
vt 0.540048 0.198626
vt 0.541207 0.210137
vt 0.543694 0.210144
vt 0.543110 0.233171
vt 0.546954 0.872061
vt 0.541063 0.256239
vt 0.540622 0.233167
vt 0.543529 0.256245
vt 0.544057 0.267785
vt 0.535069 0.873250
vt 0.595892 0.867818
vt 0.599958 0.866972
vt 0.734179 0.369557
vt 0.411027 0.401269
vt 0.411098 0.402757
vt 0.411027 0.406491
vt 0.817309 0.309717
vt 0.816817 0.306138
vt 0.817757 0.310921
vt 0.810836 0.319619
vt 0.815410 0.297218
vt 0.807825 0.308755
vt 0.815801 0.300598
vt 0.799421 0.325462
vt 0.798879 0.321210
vt 0.806395 0.316448
vt 0.812631 0.306909
vt 0.730660 0.367400
vt 0.744850 0.365590
vt 0.743649 0.362713
vt 0.755185 0.360785
vt 0.755073 0.357327
vt 0.765104 0.355173
vt 0.763462 0.352521
vt 0.774548 0.348789
vt 0.777185 0.342838
vt 0.783457 0.341676
vt 0.781416 0.339318
vt 0.791761 0.333886
vt 0.788625 0.332619
vt 0.797033 0.323456
vt 0.730397 0.381330
vt 0.735870 0.374750
vt 0.746948 0.370632
vt 0.745553 0.376289
vt 0.750187 0.374388
vt 0.757676 0.365644
vt 0.767973 0.359818
vt 0.777776 0.353191
vt 0.803596 0.328976
vt 0.795645 0.337721
vt 0.787024 0.345807
vt 0.816537 0.304703
vt 0.722116 0.479324
vt 0.731239 0.477146
vt 0.719605 0.494705
vt 0.718383 0.479335
vt 0.731239 0.584546
vt 0.722116 0.582425
vt 0.719605 0.567060
vt 0.718383 0.582437
vt 0.695379 0.556302
vt 0.707167 0.538199
vt 0.698461 0.569395
vt 0.706881 0.578961
vt 0.707167 0.443308
vt 0.695379 0.425278
vt 0.719605 0.414372
vt 0.697130 0.415244
vt 0.700782 0.474681
vt 0.699977 0.490776
vt 0.700782 0.506866
vt 0.697130 0.495577
vt 0.702117 0.487060
vt 0.709580 0.481357
vt 0.789872 0.590600
vt 0.689673 0.359429
vt 0.687950 0.853977
vt 0.686645 0.853978
vt 0.690909 0.359429
vt 0.691121 0.359430
vt 0.692456 0.363100
vt 0.692539 0.359432
vt 0.722229 0.095260
vt 0.721923 0.094014
vt 0.721866 0.093568
vt 0.721815 0.092566
vt 0.721859 0.091636
vt 0.721923 0.091119
vt 0.722210 0.089930
vt 0.689420 0.850305
vt 0.689555 0.853974
vt 0.688091 0.853977
vt 0.734829 0.302502
vt 0.731101 0.298441
vt 0.732919 0.297511
vt 0.734529 0.297684
vt 0.734243 0.295808
vt 0.734829 0.293646
vt 0.735309 0.093655
vt 0.731583 0.097740
vt 0.733491 0.092736
vt 0.731882 0.092919
vt 0.732168 0.091040
vt 0.731583 0.088880
vt 0.697885 0.094804
vt 0.697822 0.096256
vt 0.697592 0.094711
vt 0.699748 0.092328
vt 0.698840 0.093042
vt 0.697845 0.088901
vt 0.697960 0.094536
vt 0.704981 0.090955
vt 0.705599 0.095102
vt 0.705115 0.093731
vt 0.704966 0.093496
vt 0.703689 0.092322
vt 0.705599 0.080506
vt 0.702612 0.091903
vt 0.702019 0.091814
vt 0.701140 0.091846
vt 0.700289 0.092070
vt 0.410438 0.587173
vt 0.410438 0.582333
vt 0.411068 0.583076
vt 0.727374 0.297731
vt 0.731100 0.293646
vt 0.729191 0.298650
vt 0.730801 0.298466
vt 0.730515 0.300346
vt 0.731100 0.302506
vt 0.796618 0.437777
vt 0.796618 0.379818
vt 0.793082 0.308586
vt 0.793082 0.366545
vt 0.483554 0.834298
vt 0.484324 0.872676
vt 0.686645 0.916870
vt 0.677482 0.916878
vt 0.484324 0.825113
vt 0.670792 0.916899
vt 0.673693 0.850327
vt 0.677482 0.850317
vt 0.770039 0.309297
vt 0.617063 0.660362
vt 0.618195 0.660369
vt 0.618195 0.848685
vt 0.710395 0.590975
vt 0.718947 0.590598
vt 0.718947 0.653369
vt 0.650379 0.848664
vt 0.651509 0.660339
vt 0.681652 0.848191
vt 0.656477 0.659593
vt 0.661395 0.658665
vt 0.634297 0.848731
vt 0.634297 0.660415
vt 0.650379 0.660348
vt 0.586765 0.591937
vt 0.607143 0.592269
vt 0.607143 0.658702
vt 0.612080 0.659623
vt 0.586765 0.848255
vt 0.540048 0.846585
vt 0.540048 0.653038
vt 0.557714 0.847395
vt 0.549032 0.653483
vt 0.557714 0.591078
vt 0.549032 0.590712
vt 0.727773 0.652912
vt 0.727773 0.846459
vt 0.710395 0.847293
vt 0.681652 0.591873
vt 0.661395 0.592232
vt 0.729331 0.818358
vt 0.727773 0.856712
vt 0.763018 0.309293
vt 0.757064 0.309282
vt 0.757064 0.375842
vt 0.727773 0.805303
vt 0.729074 0.811319
vt 0.430975 0.337126
vt 0.422719 0.328515
vt 0.423875 0.328126
vt 0.818600 0.337860
vt 0.819600 0.326913
vt 0.428893 0.336705
vt 0.429802 0.337607
vt 0.416872 0.318717
vt 0.418213 0.318129
vt 0.425148 0.327445
vt 0.819629 0.316041
vt 0.415655 0.319024
vt 0.432682 0.336022
vt 0.575885 0.848731
vt 0.575885 0.901040
vt 0.568974 0.848809
vt 0.568974 0.901118
vt 0.562822 0.849026
vt 0.609769 0.916299
vt 0.604635 0.873250
vt 0.613143 0.911999
vt 0.613652 0.873346
vt 0.615522 0.909208
vt 0.604696 0.923665
vt 0.604635 0.923759
vt 0.686606 0.358272
vt 0.695022 0.308607
vt 0.695022 0.359429
vt 0.409578 0.379786
vt 0.410991 0.430632
vt 0.409578 0.431875
vt 0.561120 0.849656
vt 0.629775 0.897200
vt 0.625506 0.899758
vt 0.623897 0.873472
vt 0.623483 0.901337
vt 0.620799 0.903720
vt 0.633238 0.896235
vt 0.632921 0.873596
vt 0.633827 0.896217
vt 0.634104 0.873614
vt 0.449371 0.909228
vt 0.449663 0.930058
vt 0.445920 0.909636
vt 0.442298 0.931887
vt 0.442024 0.908511
vt 0.437132 0.905471
vt 0.435378 0.932435
vt 0.434975 0.903664
vt 0.584801 0.848848
vt 0.584801 0.901157
vt 0.594327 0.849388
vt 0.594327 0.901697
vt 0.429477 0.897904
vt 0.428122 0.932028
vt 0.420168 0.930106
vt 0.420168 0.883897
vt 0.424486 0.891190
vt 0.702837 0.901577
vt 0.697152 0.953996
vt 0.694667 0.901593
vt 0.695345 0.953471
vt 0.694017 0.952007
vt 0.719286 0.901583
vt 0.719286 0.953992
vt 0.712309 0.901575
vt 0.712309 0.953985
vt 0.702838 0.953987
vt 0.684933 0.174826
vt 0.685402 0.175079
vt 0.476257 0.368034
vt 0.490366 0.374308
vt 0.490036 0.374929
vt 0.463201 0.360741
vt 0.461803 0.362084
vt 0.475856 0.368623
vt 0.474942 0.369717
vt 0.489286 0.376095
vt 0.685857 0.160703
vt 0.686605 0.147528
vt 0.496088 0.377282
vt 0.502734 0.378496
vt 0.502566 0.379467
vt 0.491872 0.374881
vt 0.493397 0.375406
vt 0.495762 0.378147
vt 0.685241 0.181564
vt 0.684265 0.181292
vt 0.682751 0.195200
vt 0.683463 0.188247
vt 0.684815 0.188375
vt 0.502985 0.377224
vt 0.506252 0.377467
vt 0.516089 0.377613
vt 0.516103 0.379190
vt 0.512809 0.377621
vt 0.509529 0.377589
vt 0.494952 0.375858
vt 0.496533 0.376241
vt 0.499739 0.376831
vt 0.682474 0.201940
vt 0.684258 0.201929
vt 0.685511 0.201911
vt 0.682477 0.282108
vt 0.684261 0.282097
vt 0.685513 0.282079
vt 0.596274 0.378838
vt 0.596260 0.377261
vt 0.685237 0.302294
vt 0.685630 0.308677
vt 0.684937 0.309100
vt 0.683458 0.295702
vt 0.606095 0.377029
vt 0.609361 0.376757
vt 0.609555 0.378037
vt 0.612607 0.376334
vt 0.615806 0.375716
vt 0.616152 0.376782
vt 0.617376 0.375319
vt 0.616495 0.377648
vt 0.618920 0.374854
vt 0.622889 0.375305
vt 0.620435 0.374316
vt 0.621931 0.373731
vt 0.602819 0.377180
vt 0.599540 0.377241
vt 0.682751 0.288804
vt 0.609746 0.379007
vt 0.684814 0.295552
vt 0.684255 0.302587
vt 0.596289 0.379786
vt 0.685722 0.295357
vt 0.685161 0.337256
vt 0.685847 0.323062
vt 0.686605 0.336039
vt 0.650320 0.361265
vt 0.637305 0.369017
vt 0.636368 0.367938
vt 0.648888 0.359929
vt 0.635944 0.367334
vt 0.471184 0.932014
vt 0.463923 0.932408
vt 0.464329 0.903632
vt 0.640391 0.953403
vt 0.639789 0.902894
vt 0.648583 0.953417
vt 0.641060 0.901530
vt 0.468613 0.899293
vt 0.474229 0.892074
vt 0.479160 0.930106
vt 0.479160 0.883897
vt 0.639735 0.902989
vt 0.665024 0.901002
vt 0.665024 0.953412
vt 0.658057 0.901009
vt 0.658057 0.953419
vt 0.648583 0.901007
vt 0.642882 0.900999
vt 0.694433 0.849268
vt 0.703772 0.848789
vt 0.694017 0.901575
vt 0.703356 0.901097
vt 0.712646 0.848731
vt 0.712230 0.901039
vt 0.457008 0.931848
vt 0.454488 0.909411
vt 0.459050 0.907556
vt 0.659316 0.873017
vt 0.662672 0.875649
vt 0.659017 0.900885
vt 0.666561 0.877768
vt 0.668021 0.900987
vt 0.668302 0.878269
vt 0.669198 0.900999
vt 0.669493 0.878388
vt 0.449663 0.930006
vt 0.449958 0.909169
vt 0.450824 0.909432
vt 0.658019 0.871844
vt 0.648773 0.900752
vt 0.652763 0.866358
vt 0.641077 0.850221
vt 0.642771 0.852965
vt 0.639735 0.900618
vt 0.647939 0.860397
vt 0.649250 0.862104
vt 0.639735 0.848731
vt 0.727533 0.849749
vt 0.727773 0.901575
vt 0.719165 0.901162
vt 0.725811 0.849113
vt 0.719581 0.848855
vt 0.524965 0.330845
vt 0.523474 0.330195
vt 0.529117 0.325855
vt 0.527072 0.326194
vt 0.409613 0.517167
vt 0.410768 0.516910
vt 0.410768 0.522662
vt 0.419349 0.587775
vt 0.419349 0.579772
vt 0.419603 0.581501
vt 0.421607 0.548488
vt 0.525710 0.326258
vt 0.522820 0.329801
vt 0.518269 0.334944
vt 0.519991 0.336029
vt 0.522095 0.335592
vt 0.521246 0.336511
vt 0.409821 0.559674
vt 0.409578 0.560204
vt 0.410089 0.558284
vt 0.409971 0.556132
vt 0.409578 0.554823
vt 0.409690 0.555103
vt 0.410009 0.556107
vt 0.410177 0.557102
vt 0.410061 0.559143
vt 0.423366 0.526329
vt 0.422666 0.530689
vt 0.422195 0.530509
vt 0.535407 0.310685
vt 0.536076 0.307202
vt 0.537810 0.307272
vt 0.424079 0.521837
vt 0.421783 0.530307
vt 0.536951 0.314702
vt 0.533424 0.321272
vt 0.532160 0.321121
vt 0.536442 0.314676
vt 0.535326 0.314481
vt 0.425302 0.513171
vt 0.536241 0.305442
vt 0.536324 0.303677
vt 0.538769 0.299841
vt 0.536345 0.301907
vt 0.536337 0.300137
vt 0.533764 0.314836
vt 0.534180 0.314031
vt 0.528152 0.323250
vt 0.530252 0.320220
vt 0.531286 0.318697
vt 0.532309 0.317169
vt 0.532812 0.316399
vt 0.533302 0.315623
vt 0.529905 0.325686
vt 0.528050 0.326109
vt 0.527063 0.326216
vt 0.526011 0.326256
vt 0.539356 0.307008
vt 0.540048 0.299387
vt 0.421944 0.521658
vt 0.422283 0.513177
vt 0.422562 0.521732
vt 0.423002 0.513176
vt 0.423281 0.521792
vt 0.423981 0.513174
vt 0.410053 0.531432
vt 0.410053 0.522662
vt 0.410768 0.526618
vt 0.425627 0.389138
vt 0.423878 0.389142
vt 0.421990 0.389146
vt 0.535930 0.245557
vt 0.539235 0.190512
vt 0.537339 0.191100
vt 0.535525 0.191264
vt 0.534260 0.176748
vt 0.532711 0.176559
vt 0.532243 0.175780
vt 0.531745 0.175012
vt 0.531022 0.169791
vt 0.531230 0.174250
vt 0.528063 0.169718
vt 0.535349 0.185942
vt 0.535152 0.184177
vt 0.536835 0.183819
vt 0.534424 0.180690
vt 0.533140 0.177352
vt 0.535460 0.187713
vt 0.535507 0.189488
vt 0.423878 0.469475
vt 0.422392 0.456381
vt 0.535383 0.176078
vt 0.536363 0.175326
vt 0.534946 0.171705
vt 0.537115 0.174564
vt 0.524807 0.165237
vt 0.527835 0.164908
vt 0.528700 0.164667
vt 0.421607 0.460972
vt 0.422986 0.460829
vt 0.421825 0.452091
vt 0.538379 0.178813
vt 0.537248 0.179575
vt 0.421990 0.469479
vt 0.538426 0.183222
vt 0.427949 0.710949
vt 0.471484 0.665728
vt 0.465576 0.660049
vt 0.429459 0.625324
vt 0.443971 0.610250
vt 0.473680 0.638813
vt 0.475380 0.640486
vt 0.482319 0.676145
vt 0.484286 0.676138
vt 0.484042 0.678719
vt 0.484315 0.678064
vt 0.484324 0.679670
vt 0.476980 0.642243
vt 0.479715 0.646107
vt 0.480556 0.647682
vt 0.482074 0.651799
vt 0.482280 0.652696
vt 0.482662 0.655048
vt 0.484180 0.672593
vt 0.484237 0.674212
vt 0.775651 0.431571
vt 0.775654 0.426125
vt 0.796618 0.426123
vt 0.440082 0.606428
vt 0.425570 0.621502
vt 0.421607 0.617378
vt 0.436119 0.602305
vt 0.796604 0.437258
vt 0.775640 0.437260
vt 0.796615 0.431569
vt 0.796616 0.405388
vt 0.781291 0.386178
vt 0.783766 0.388480
vt 0.786241 0.390783
vt 0.786301 0.390838
vt 0.780024 0.385062
vt 0.796128 0.400008
vt 0.796536 0.402673
vt 0.775640 0.379818
vt 0.410319 0.506507
vt 0.411024 0.506507
vt 0.410728 0.516004
vt 0.617729 0.115052
vt 0.608467 0.112434
vt 0.638285 0.124174
vt 0.500396 0.382130
vt 0.485036 0.385489
vt 0.527576 0.165225
vt 0.532571 0.157816
vt 0.643792 0.145238
vt 0.632374 0.126893
vt 0.621765 0.122138
vt 0.610684 0.118063
vt 0.648933 0.129789
vt 0.646466 0.135079
vt 0.642605 0.132365
vt 0.645517 0.137728
vt 0.644098 0.143301
vt 0.650115 0.127738
vt 0.648113 0.119077
vt 0.651458 0.125660
vt 0.656501 0.119561
vt 0.653047 0.106245
vt 0.660250 0.116319
vt 0.663904 0.113086
vt 0.664406 0.113779
vt 0.671295 0.111989
vt 0.668372 0.112359
vt 0.668762 0.100972
vt 0.672628 0.112036
vt 0.528708 0.117424
vt 0.524172 0.126444
vt 0.522732 0.121336
vt 0.519187 0.115627
vt 0.518689 0.108843
vt 0.520101 0.116677
vt 0.520319 0.116959
vt 0.517047 0.113837
vt 0.516255 0.113362
vt 0.507993 0.100972
vt 0.677024 0.113362
vt 0.673220 0.112104
vt 0.524433 0.137917
vt 0.524565 0.136645
vt 0.531784 0.137614
vt 0.524530 0.128930
vt 0.534799 0.123654
vt 0.518847 0.155042
vt 0.524872 0.148876
vt 0.517154 0.160408
vt 0.522316 0.147272
vt 0.522639 0.146278
vt 0.524110 0.140167
vt 0.671955 0.164527
vt 0.674046 0.162557
vt 0.677923 0.160408
vt 0.513277 0.162557
vt 0.518013 0.156444
vt 0.526215 0.165887
vt 0.524841 0.166544
vt 0.523674 0.167090
vt 0.510378 0.172713
vt 0.534836 0.139466
vt 0.534841 0.141057
vt 0.534886 0.155798
vt 0.534784 0.115665
vt 0.534774 0.108549
vt 0.470152 0.399873
vt 0.470158 0.389680
vt 0.411189 0.379786
vt 0.411189 0.391688
vt 0.411050 0.389309
vt 0.513321 0.091731
vt 0.523274 0.097503
vt 0.527094 0.086698
vt 0.634135 0.122068
vt 0.623286 0.117206
vt 0.679458 0.108843
vt 0.533659 0.106397
vt 0.616907 0.940635
vt 0.627470 0.923486
vt 0.627008 0.929553
vt 0.630855 0.915002
vt 0.629781 0.917033
vt 0.628828 0.919122
vt 0.627074 0.930310
vt 0.627414 0.932587
vt 0.630855 0.948224
vt 0.598564 0.384450
vt 0.766425 0.384450
vt 0.634277 0.932574
vt 0.644731 0.940538
vt 0.632727 0.940361
vt 0.630855 0.948078
vt 0.634618 0.930308
vt 0.634413 0.924424
vt 0.634233 0.923492
vt 0.632881 0.919130
vt 0.631931 0.917041
vt 0.630855 0.915002
vt 0.490702 0.115609
vt 0.409613 0.506507
vt 0.410319 0.506507
vt 0.409869 0.516910
vt 0.499027 0.113102
vt 0.509338 0.112242
vt 0.582096 0.901697
vt 0.571435 0.912729
vt 0.571495 0.912673
vt 0.582084 0.948018
vt 0.576418 0.908099
vt 0.561610 0.921899
vt 0.561201 0.924571
vt 0.561122 0.927279
vt 0.561120 0.948016
vt 0.576448 0.908071
vt 0.410867 0.559808
vt 0.410238 0.555712
vt 0.410867 0.554968
vt 0.561123 0.953930
vt 0.582087 0.953932
vt 0.582096 0.959080
vt 0.561132 0.959078
vt 0.469826 0.710949
vt 0.484324 0.726035
vt 0.480811 0.729713
vt 0.466312 0.714626
vt 0.504681 0.146509
vt 0.512370 0.144033
vt 0.512506 0.162236
vt 0.496886 0.176107
vt 0.465923 0.167459
vt 0.455661 0.176288
vt 0.502929 0.175017
vt 0.508025 0.171969
vt 0.511390 0.167433
vt 0.479034 0.154700
vt 0.481600 0.151838
vt 0.484242 0.150096
vt 0.491633 0.142647
vt 0.481781 0.151461
vt 0.472924 0.152348
vt 0.479429 0.154014
vt 0.476258 0.157313
vt 0.512352 0.141618
vt 0.494207 0.148006
vt 0.491437 0.148276
vt 0.470069 0.146939
vt 0.482611 0.140043
vt 0.489431 0.136899
vt 0.496924 0.133883
vt 0.464681 0.156668
vt 0.465154 0.153705
vt 0.465255 0.152191
vt 0.465263 0.150014
vt 0.460127 0.168903
vt 0.459868 0.165394
vt 0.461280 0.163819
vt 0.463902 0.159217
vt 0.464121 0.158618
vt 0.437949 0.173736
vt 0.442328 0.169021
vt 0.443486 0.175355
vt 0.444448 0.169867
vt 0.444401 0.175526
vt 0.448856 0.170402
vt 0.449619 0.176147
vt 0.452502 0.169776
vt 0.457294 0.167506
vt 0.421524 0.758087
vt 0.419623 0.758084
vt 0.419623 0.695192
vt 0.421524 0.695195
vt 0.801918 0.367006
vt 0.801918 0.309047
vt 0.803890 0.308468
vt 0.803890 0.366428
vt 0.805986 0.308301
vt 0.805986 0.366260
vt 0.727854 0.088880
vt 0.731583 0.092941
vt 0.729846 0.093804
vt 0.728154 0.093697
vt 0.728392 0.095675
vt 0.727854 0.097737
vt 0.484324 0.813487
vt 0.440829 0.768228
vt 0.413536 0.156915
vt 0.433980 0.162518
vt 0.431619 0.171234
vt 0.428189 0.167836
vt 0.416991 0.152094
vt 0.413488 0.140614
vt 0.434987 0.163598
vt 0.437472 0.165883
vt 0.440274 0.167891
vt 0.425154 0.145909
vt 0.425600 0.147402
vt 0.428870 0.155156
vt 0.429428 0.156158
vt 0.413448 0.124833
vt 0.419790 0.123245
vt 0.423456 0.134613
vt 0.423637 0.137779
vt 0.424112 0.141323
vt 0.424563 0.143577
vt 0.432177 0.114218
vt 0.431790 0.114425
vt 0.433781 0.111119
vt 0.428636 0.116984
vt 0.409578 0.485760
vt 0.411060 0.491592
vt 0.409578 0.499453
vt 0.427984 0.117767
vt 0.425608 0.121907
vt 0.425390 0.122445
vt 0.423983 0.127555
vt 0.453655 0.122028
vt 0.448392 0.117230
vt 0.444282 0.114745
vt 0.440351 0.113362
vt 0.437440 0.113016
vt 0.436130 0.113073
vt 0.464367 0.142903
vt 0.463166 0.138525
vt 0.464084 0.136725
vt 0.459973 0.131081
vt 0.456066 0.118227
vt 0.458519 0.128545
vt 0.464612 0.144106
vt 0.478354 0.128809
vt 0.493512 0.122284
vt 0.470409 0.117337
vt 0.470427 0.124835
vt 0.475891 0.122029
vt 0.768907 0.088380
vt 0.761619 0.084192
vt 0.771785 0.103644
vt 0.756951 0.095355
vt 0.753335 0.093647
vt 0.747304 0.091049
vt 0.738387 0.087749
vt 0.427309 0.094769
vt 0.413422 0.109634
vt 0.413432 0.116902
vt 0.818574 0.151862
vt 0.815542 0.153839
vt 0.805987 0.140409
vt 0.739748 0.093090
vt 0.737935 0.098169
vt 0.736834 0.101248
vt 0.752573 0.104336
vt 0.751139 0.107275
vt 0.766440 0.112085
vt 0.764689 0.114847
vt 0.779365 0.121319
vt 0.777320 0.123871
vt 0.791191 0.131924
vt 0.788876 0.134234
vt 0.801772 0.143772
vt 0.799216 0.145812
vt 0.810980 0.156715
vt 0.808214 0.158460
vt 0.782737 0.117111
vt 0.798027 0.124627
vt 0.795009 0.128115
vt 0.809224 0.137089
vt 0.818672 0.150195
vt 0.754938 0.099490
vt 0.769326 0.107530
vt 0.778588 0.108215
vt 0.785537 0.113461
vt 0.689561 0.309293
vt 0.415265 0.312195
vt 0.416006 0.314265
vt 0.414767 0.314587
vt 0.417586 0.317191
vt 0.817611 0.300578
vt 0.818996 0.311385
vt 0.413543 0.314728
vt 0.416469 0.315264
vt 0.416996 0.316239
vt 0.412498 0.314651
vt 0.413180 0.310186
vt 0.414740 0.310065
vt 0.414120 0.303558
vt 0.414104 0.302469
vt 0.414149 0.304647
vt 0.414200 0.305735
vt 0.414395 0.307907
vt 0.818301 0.306024
vt 0.819224 0.300529
vt 0.819547 0.305829
vt 0.411664 0.310041
vt 0.410683 0.305239
vt 0.669549 0.325908
vt 0.667747 0.324721
vt 0.666678 0.322981
vt 0.670546 0.165303
vt 0.685576 0.165237
vt 0.444859 0.323954
vt 0.646061 0.354939
vt 0.637440 0.359828
vt 0.510982 0.326322
vt 0.508780 0.325908
vt 0.505909 0.322981
vt 0.473569 0.358658
vt 0.465951 0.355729
vt 0.439836 0.327339
vt 0.490591 0.368523
vt 0.483562 0.367328
vt 0.477585 0.363864
vt 0.470973 0.346032
vt 0.528976 0.368355
vt 0.479630 0.351246
vt 0.508621 0.363558
vt 0.438639 0.166320
vt 0.440737 0.166694
vt 0.671751 0.326322
vt 0.672822 0.331956
vt 0.667701 0.326340
vt 0.665890 0.330953
vt 0.662922 0.327015
vt 0.454673 0.333618
vt 0.464162 0.341304
vt 0.466598 0.347410
vt 0.472117 0.351111
vt 0.472127 0.352502
vt 0.509403 0.111548
vt 0.470323 0.110972
vt 0.630770 0.365751
vt 0.621614 0.367948
vt 0.640894 0.345287
vt 0.512053 0.331956
vt 0.443816 0.325703
vt 0.442032 0.326906
vt 0.638181 0.110236
vt 0.598976 0.111156
vt 0.583229 0.368117
vt 0.657008 0.332731
vt 0.647635 0.340499
vt 0.645290 0.346626
vt 0.639827 0.350375
vt 0.639837 0.351766
vt 0.446835 0.166284
vt 0.443713 0.169661
vt 0.442716 0.167998
vt 0.601098 0.161565
vt 0.448675 0.327955
vt 0.606798 0.164729
vt 0.438850 0.332982
vt 0.445766 0.331919
vt 0.443886 0.327322
vt 0.612246 0.165559
vt 0.603511 0.363142
vt 0.496945 0.166064
vt 0.502988 0.164975
vt 0.508085 0.161927
vt 0.597428 0.156599
vt 0.511449 0.157390
vt 0.512565 0.152194
vt 0.662350 0.165339
vt 0.665523 0.168688
vt 0.668350 0.165737
vt 0.666566 0.166939
vt 0.632316 0.350576
vt 0.512281 0.113950
vt 0.596135 0.113584
vt 0.596420 0.151826
vt 0.411189 0.473330
vt 0.409745 0.473330
vt 0.410239 0.467690
vt 0.410818 0.549305
vt 0.410238 0.554968
vt 0.410238 0.547559
vt 0.813473 0.800959
vt 0.817191 0.802217
vt 0.813521 0.802099
vt 0.799021 0.797964
vt 0.798900 0.801633
vt 0.797625 0.801636
vt 0.797625 0.797967
vt 0.797568 0.801636
vt 0.797419 0.797967
vt 0.796121 0.801636
vt 0.796121 0.797968
vt 0.813450 0.799458
vt 0.817112 0.799451
vt 0.813460 0.800417
vt 0.817133 0.800895
vt 0.817135 0.800952
vt 0.797753 0.794115
vt 0.801205 0.795359
vt 0.797312 0.795337
vt 0.800713 0.796721
vt 0.797251 0.795507
vt 0.800702 0.796751
vt 0.800262 0.797964
vt 0.796764 0.796848
vt 0.481023 0.884039
vt 0.484693 0.883897
vt 0.484640 0.885186
vt 0.480978 0.885186
vt 0.484638 0.885252
vt 0.480967 0.885740
vt 0.484622 0.886702
vt 0.480960 0.886702
vt 0.712682 0.304468
vt 0.707965 0.304468
vt 0.714106 0.297169
vt 0.709868 0.295097
vt 0.714101 0.288422
vt 0.712642 0.304893
vt 0.712269 0.305783
vt 0.711429 0.306522
vt 0.708240 0.305557
vt 0.708990 0.306385
vt 0.709893 0.306754
vt 0.710325 0.306793
vt 0.716781 0.287856
vt 0.719981 0.295217
vt 0.715403 0.296309
vt 0.720379 0.304864
vt 0.715724 0.304103
vt 0.720271 0.305277
vt 0.719759 0.306095
vt 0.718811 0.306689
vt 0.715820 0.305222
vt 0.716426 0.306161
vt 0.717257 0.306670
vt 0.717677 0.306778
vt 0.816771 0.869641
vt 0.815624 0.870414
vt 0.808849 0.870402
vt 0.817918 0.868842
vt 0.809454 0.868825
vt 0.727773 0.475745
vt 0.729900 0.470054
vt 0.729996 0.475745
vt 0.411068 0.588747
vt 0.411068 0.590436
vt 0.410094 0.589120
vt 0.708004 0.295791
vt 0.409612 0.487954
vt 0.411189 0.497023
vt 0.409612 0.497025
vt 0.722470 0.292947
vt 0.722470 0.099027
vt 0.732862 0.292941
vt 0.732862 0.099021
vt 0.741640 0.390627
vt 0.745898 0.390627
vt 0.741640 0.584546
vt 0.745898 0.580877
vt 0.745898 0.584546
vt 0.731239 0.584539
vt 0.731239 0.390620
vt 0.737120 0.292941
vt 0.737120 0.102690
vt 0.737120 0.099021
vt 0.729394 0.302506
vt 0.729425 0.302700
vt 0.728374 0.303094
vt 0.729425 0.309159
vt 0.727374 0.303671
vt 0.721460 0.295114
vt 0.799512 0.784565
vt 0.801205 0.784519
vt 0.796267 0.793586
vt 0.817918 0.907102
vt 0.792680 0.802281
vt 0.795627 0.802281
vt 0.795627 0.865173
vt 0.798289 0.865173
vt 0.798289 0.868842
vt 0.792680 0.907102
vt 0.799347 0.868987
vt 0.805005 0.869835
vt 0.806751 0.870414
vt 0.492168 0.890563
vt 0.487473 0.890563
vt 0.492168 0.827671
vt 0.487473 0.785742
vt 0.493897 0.827671
vt 0.493897 0.824000
vt 0.494035 0.824000
vt 0.495761 0.823917
vt 0.512746 0.824002
vt 0.511610 0.823203
vt 0.512746 0.785741
vt 0.510472 0.822429
vt 0.501785 0.822430
vt 0.530057 0.602401
vt 0.531158 0.602720
vt 0.531158 0.660679
vt 0.521626 0.696760
vt 0.530057 0.699001
vt 0.540048 0.842219
vt 0.540048 0.663509
vt 0.521626 0.836830
vt 0.682395 0.696760
vt 0.682395 0.836830
vt 0.657203 0.831930
vt 0.657203 0.691860
vt 0.630010 0.829065
vt 0.630010 0.688995
vt 0.607024 0.828316
vt 0.607024 0.688247
vt 0.531562 0.836707
vt 0.513082 0.842066
vt 0.522964 0.698904
vt 0.522002 0.602581
vt 0.522964 0.602305
vt 0.522002 0.660541
vt 0.513082 0.663356
vt 0.531562 0.696637
vt 0.556807 0.691778
vt 0.556807 0.831848
vt 0.584031 0.688958
vt 0.584031 0.829027
vt 0.820610 0.773966
vt 0.820643 0.622268
vt 0.825383 0.773991
vt 0.829730 0.622364
vt 0.839213 0.622733
vt 0.830276 0.774076
vt 0.829697 0.774063
vt 0.754974 0.580883
vt 0.754974 0.390632
vt 0.756018 0.580884
vt 0.755551 0.390633
vt 0.764497 0.580902
vt 0.764456 0.390651
vt 0.839222 0.584546
vt 0.839222 0.774434
vt 0.834995 0.774225
vt 0.686605 0.099021
vt 0.695729 0.101142
vt 0.698757 0.117434
vt 0.709790 0.142619
vt 0.709790 0.243014
vt 0.722470 0.258290
vt 0.698757 0.268266
vt 0.722086 0.263060
vt 0.707428 0.282921
vt 0.699467 0.284565
vt 0.695729 0.284577
vt 0.686605 0.286754
vt 0.716218 0.215786
vt 0.717868 0.192792
vt 0.722470 0.127265
vt 0.721048 0.267364
vt 0.720855 0.267941
vt 0.718720 0.272641
vt 0.699467 0.101131
vt 0.707428 0.102726
vt 0.715732 0.108756
vt 0.716218 0.169807
vt 0.721048 0.118199
vt 0.715732 0.276840
vt 0.707934 0.282699
vt 0.746188 0.292936
vt 0.755643 0.102668
vt 0.755825 0.102667
vt 0.755825 0.140928
vt 0.747323 0.102684
vt 0.755643 0.292919
vt 0.671145 0.774510
vt 0.671360 0.622801
vt 0.680538 0.774130
vt 0.680572 0.622432
vt 0.689590 0.774026
vt 0.689624 0.622327
vt 0.702858 0.309282
vt 0.727773 0.309285
vt 0.722096 0.317727
vt 0.709691 0.342944
vt 0.695460 0.327627
vt 0.697062 0.318557
vt 0.695379 0.458653
vt 0.709629 0.443340
vt 0.696971 0.467723
vt 0.722003 0.468560
vt 0.702894 0.477143
vt 0.727773 0.477146
vt 0.702455 0.370151
vt 0.700588 0.393141
vt 0.702427 0.416131
vt 0.714260 0.085806
vt 0.713643 0.081654
vt 0.714126 0.083025
vt 0.714157 0.083077
vt 0.715185 0.084196
vt 0.713643 0.096256
vt 0.716570 0.084839
vt 0.716629 0.084854
vt 0.718101 0.084910
vt 0.721397 0.087861
vt 0.719688 0.084310
vt 0.721815 0.084149
vt 0.720872 0.083106
vt 0.721429 0.081553
vt 0.724108 0.964467
vt 0.724107 0.901575
vt 0.727773 0.964470
vt 0.727773 0.901578
vt 0.410325 0.563011
vt 0.409578 0.563939
vt 0.705599 0.082312
vt 0.705849 0.080627
vt 0.705927 0.081930
vt 0.705890 0.087853
vt 0.713643 0.081652
vt 0.713025 0.085804
vt 0.713159 0.083023
vt 0.713143 0.083051
vt 0.706633 0.083412
vt 0.707894 0.084478
vt 0.713643 0.096256
vt 0.709185 0.084905
vt 0.710656 0.084849
vt 0.710725 0.084833
vt 0.712115 0.084182
vt 0.411158 0.542011
vt 0.411158 0.547559
vt 0.410238 0.546548
vt 0.819897 0.894446
vt 0.819898 0.831555
vt 0.825412 0.894443
vt 0.825412 0.831551
vt 0.411182 0.480065
vt 0.411186 0.487815
vt 0.409695 0.486090
vt 0.409612 0.487816
vt 0.796121 0.793992
vt 0.721460 0.306605
vt 0.721364 0.306769
vt 0.720162 0.307994
vt 0.718922 0.308517
vt 0.718348 0.308607
vt 0.717381 0.308568
vt 0.714106 0.304244
vt 0.714137 0.305408
vt 0.714927 0.307139
vt 0.716452 0.308297
vt 0.480968 0.887661
vt 0.484637 0.888039
vt 0.484693 0.889433
vt 0.481025 0.889343
vt 0.799021 0.801636
vt 0.799107 0.797967
vt 0.800488 0.797965
vt 0.800624 0.801633
vt 0.801784 0.797964
vt 0.801784 0.801635
vt 0.819897 0.888387
vt 0.819897 0.892056
vt 0.819656 0.888387
vt 0.818420 0.892054
vt 0.818420 0.888385
vt 0.813455 0.798496
vt 0.817130 0.797789
vt 0.813469 0.797796
vt 0.817191 0.796429
vt 0.813507 0.796795
vt 0.818049 0.888384
vt 0.410010 0.588746
vt 0.410010 0.587314
vt 0.410442 0.588747
vt 0.411068 0.587173
vt 0.714106 0.305774
vt 0.714030 0.306012
vt 0.713327 0.307228
vt 0.712973 0.307592
vt 0.711979 0.308245
vt 0.711282 0.308490
vt 0.710321 0.308607
vt 0.709361 0.308490
vt 0.708817 0.308312
vt 0.706388 0.304732
vt 0.706610 0.306012
vt 0.706688 0.306215
vt 0.707669 0.307592
s 0
usemtl Material.034
f 1/1/1 2/2/1 3/3/1
f 3/3/1 4/4/1 1/1/1
f 1/1/2 4/4/2 5/5/2
f 1/1/2 5/5/2 6/6/2
f 6/7/3 5/8/3 7/9/3
f 6/7/3 7/9/3 8/10/3
f 8/10/4 7/9/4 9/11/4
f 8/10/4 9/11/4 10/12/4
f 11/13/5 12/14/5 13/15/5
f 14/16/6 15/17/6 16/18/6
f 7/9/7 5/8/7 17/19/7
f 18/20/8 7/9/8 19/21/8
f 19/21/9 7/9/9 20/22/9
f 19/21/10 20/22/10 21/23/10
f 18/20/11 22/24/11 7/9/11
f 7/9/12 22/24/12 23/25/12
f 7/9/13 23/25/13 9/11/13
f 24/26/14 25/27/14 26/28/14
f 24/26/15 26/28/15 27/29/15
f 4/4/16 3/3/16 28/30/16
f 28/30/17 3/3/17 29/31/17
f 28/30/18 29/31/18 30/32/18
f 30/32/19 29/31/19 31/33/19
f 30/32/20 31/33/20 32/34/20
f 26/28/21 33/35/21 27/29/21
f 27/29/22 33/35/22 34/36/22
f 27/29/23 34/36/23 20/22/23
f 20/22/24 34/36/24 35/37/24
f 20/22/25 35/37/25 21/23/25
f 5/5/26 4/4/26 17/38/26
f 17/38/27 4/4/27 28/30/27
f 17/38/28 28/30/28 13/39/28
f 13/39/29 28/30/29 30/32/29
f 13/39/30 30/32/30 11/40/30
f 11/40/31 30/32/31 32/34/31
f 7/9/32 17/19/32 20/22/32
f 20/22/33 17/19/33 13/15/33
f 20/22/34 13/15/34 27/29/34
f 27/29/35 13/15/35 12/14/35
f 27/29/36 12/14/36 24/26/36
f 24/26/37 12/14/37 11/13/37
f 24/26/38 11/13/38 16/18/38
f 16/41/39 11/40/39 32/34/39
f 16/18/40 32/42/40 14/16/40
f 16/18/41 15/17/41 36/43/41
f 16/18/42 36/43/42 24/26/42
f 36/43/43 37/44/43 24/26/43
f 24/26/44 37/44/44 38/45/44
f 24/26/45 38/45/45 25/27/45
f 39/46/46 40/47/46 41/48/46
f 36/43/47 42/49/47 37/44/47
f 37/44/48 42/49/48 39/46/48
f 37/44/49 39/46/49 38/45/49
f 38/45/50 39/46/50 41/48/50
f 38/45/51 41/48/51 25/27/51
f 42/50/52 36/51/52 43/52/52
f 42/50/53 43/52/53 39/53/53
f 44/54/53 45/55/53 46/56/53
f 46/56/53 45/55/53 47/57/53
f 46/56/53 47/57/53 48/58/53
f 49/59/53 43/52/53 47/57/53
f 47/57/53 43/52/53 50/60/53
f 50/60/53 51/61/53 47/57/53
f 47/57/53 51/61/53 52/62/53
f 47/57/53 52/62/53 48/58/53
f 53/63/53 54/64/53 49/59/53
f 49/59/53 54/64/53 55/65/53
f 49/59/53 55/65/53 43/52/53
f 43/52/53 55/65/53 40/66/53
f 43/52/53 40/66/53 39/53/53
f 56/67/54 57/68/54 47/69/54
f 47/70/55 57/71/55 58/72/55
f 47/69/56 58/73/56 59/74/56
f 60/75/57 61/76/57 62/77/57
f 62/77/58 61/76/58 63/78/58
f 62/77/59 63/78/59 64/79/59
f 64/80/60 63/81/60 65/82/60
f 64/80/60 65/82/60 66/83/60
f 66/84/61 65/85/61 67/86/61
f 66/84/61 67/86/61 68/87/61
f 68/87/62 67/86/62 69/88/62
f 68/87/62 69/88/62 70/89/62
f 71/90/63 72/91/63 73/92/63
f 73/92/63 72/91/63 74/93/63
f 75/94/64 76/95/64 77/96/64
f 77/96/64 76/95/64 78/97/64
f 79/98/65 80/99/65 81/100/65
f 81/100/65 80/99/65 82/101/65
f 83/102/66 84/103/66 85/104/66
f 85/104/67 84/103/67 86/105/67
f 84/106/68 83/107/68 87/108/68
f 84/106/69 87/108/69 88/109/69
f 88/110/70 87/111/70 89/112/70
f 88/110/70 89/112/70 90/113/70
f 90/113/71 89/112/71 82/114/71
f 90/113/71 82/114/71 80/115/71
f 91/116/72 92/117/72 93/118/72
f 93/118/72 92/117/72 94/119/72
f 95/120/73 96/121/73 97/122/73
f 95/120/73 97/122/73 98/123/73
f 98/123/74 97/122/74 99/124/74
f 98/123/74 99/124/74 100/125/74
f 100/126/75 99/127/75 101/128/75
f 100/126/76 101/128/76 102/129/76
f 93/130/77 102/131/77 91/132/77
f 91/132/78 102/131/78 101/133/78
f 103/134/79 61/135/79 104/136/79
f 104/136/79 61/135/79 60/137/79
f 105/138/80 106/139/80 107/140/80
f 107/140/80 106/139/80 108/141/80
f 107/140/80 108/141/80 109/142/80
f 110/143/80 76/144/80 111/145/80
f 111/145/80 76/144/80 75/146/80
f 111/145/80 75/146/80 112/147/80
f 112/147/80 75/146/80 113/148/80
f 105/138/80 107/140/80 114/149/80
f 114/149/80 107/140/80 115/150/80
f 114/149/80 115/150/80 116/151/80
f 110/143/80 117/152/80 76/144/80
f 76/144/80 117/152/80 118/153/80
f 76/144/80 118/153/80 115/150/80
f 115/150/80 118/153/80 119/154/80
f 115/150/80 119/154/80 116/151/80
f 107/155/81 120/156/81 115/157/81
f 115/157/81 120/156/81 121/158/81
f 122/159/82 123/160/82 124/161/82
f 124/161/82 123/160/82 125/162/82
f 124/161/82 125/162/82 126/163/82
f 126/163/82 125/162/82 127/164/82
f 126/163/82 127/164/82 128/165/82
f 128/165/82 127/164/82 129/166/82
f 128/165/82 129/166/82 130/167/82
f 130/167/82 129/166/82 131/168/82
f 130/167/82 131/168/82 132/169/82
f 132/169/82 131/168/82 133/170/82
f 132/169/82 133/170/82 134/171/82
f 134/171/82 133/170/82 135/172/82
f 134/171/82 135/172/82 136/173/82
f 136/173/82 135/172/82 137/174/82
f 136/173/82 137/174/82 138/175/82
f 138/175/82 137/174/82 139/176/82
f 138/175/82 139/176/82 140/177/82
f 140/177/82 139/176/82 141/178/82
f 140/177/82 141/178/82 142/179/82
f 142/179/82 141/178/82 143/180/82
f 142/179/82 143/180/82 144/181/82
f 144/181/82 143/180/82 145/182/82
f 144/181/82 145/182/82 146/183/82
f 146/183/82 145/182/82 147/184/82
f 146/183/82 147/184/82 148/185/82
f 148/185/82 147/184/82 149/186/82
f 148/185/82 149/186/82 150/187/82
f 150/187/82 149/186/82 122/159/82
f 150/187/82 122/159/82 124/161/82
f 134/188/83 136/189/83 151/190/83
f 140/191/84 142/192/84 152/193/84
f 130/194/85 153/195/85 128/196/85
f 128/196/85 153/195/85 154/197/85
f 152/193/84 155/198/84 140/191/84
f 140/191/86 155/198/86 156/199/86
f 140/191/87 156/199/87 138/200/87
f 156/199/88 157/201/88 138/200/88
f 138/202/89 157/203/89 158/204/89
f 138/202/90 158/204/90 136/189/90
f 136/189/91 158/204/91 159/205/91
f 136/189/92 159/205/92 151/190/92
f 151/190/83 160/206/83 134/188/83
f 134/188/93 160/206/93 161/207/93
f 134/188/94 161/207/94 132/208/94
f 161/207/95 162/209/95 132/208/95
f 132/208/96 162/209/96 163/210/96
f 132/211/97 163/212/97 130/194/97
f 130/194/98 163/212/98 164/213/98
f 130/194/99 164/213/99 153/195/99
f 128/196/100 154/197/100 126/214/100
f 126/214/100 154/197/100 165/215/100
f 165/215/101 166/216/101 126/214/101
f 126/214/102 166/216/102 167/217/102
f 126/214/103 167/217/103 124/218/103
f 167/219/104 168/220/104 124/221/104
f 124/221/105 168/220/105 169/222/105
f 124/221/106 169/222/106 150/223/106
f 150/223/107 169/222/107 170/224/107
f 150/223/108 170/224/108 148/225/108
f 171/226/109 146/227/109 172/228/109
f 172/228/110 146/227/110 148/225/110
f 172/228/111 148/225/111 173/229/111
f 173/229/108 148/225/108 170/224/108
f 152/193/112 142/192/112 174/230/112
f 174/230/112 142/192/112 144/231/112
f 174/230/113 144/231/113 175/232/113
f 175/232/114 144/231/114 146/233/114
f 175/232/115 146/233/115 176/234/115
f 176/235/116 146/227/116 171/226/116
f 177/236/82 178/237/82 173/238/82
f 179/239/82 151/240/82 159/241/82
f 179/239/82 159/241/82 180/242/82
f 151/240/82 179/239/82 160/243/82
f 160/243/82 179/239/82 181/244/82
f 160/243/82 181/244/82 161/245/82
f 182/246/82 155/247/82 183/248/82
f 183/248/82 155/247/82 152/249/82
f 183/248/82 152/249/82 184/250/82
f 184/250/82 152/249/82 174/251/82
f 159/241/82 158/252/82 180/242/82
f 180/242/82 158/252/82 157/253/82
f 180/242/82 157/253/82 182/246/82
f 182/246/82 157/253/82 156/254/82
f 182/246/82 156/254/82 155/247/82
f 173/238/82 170/255/82 177/236/82
f 177/236/82 170/255/82 169/256/82
f 177/236/82 169/256/82 185/257/82
f 174/251/82 175/258/82 184/250/82
f 184/250/82 175/258/82 176/259/82
f 184/250/82 176/259/82 186/260/82
f 186/260/82 176/259/82 171/261/82
f 186/260/82 171/261/82 178/237/82
f 178/237/82 171/261/82 172/262/82
f 178/237/82 172/262/82 173/238/82
f 161/245/82 181/244/82 162/263/82
f 162/263/82 181/244/82 187/264/82
f 162/263/82 187/264/82 163/265/82
f 163/265/82 187/264/82 188/266/82
f 163/265/82 188/266/82 164/267/82
f 189/268/82 165/269/82 190/270/82
f 190/270/82 165/269/82 154/271/82
f 190/270/82 154/271/82 188/266/82
f 188/266/82 154/271/82 153/272/82
f 188/266/82 153/272/82 164/267/82
f 169/256/82 168/273/82 185/257/82
f 185/257/117 168/273/117 167/274/117
f 185/257/82 167/274/82 189/268/82
f 189/268/82 167/274/82 166/275/82
f 189/268/82 166/275/82 165/269/82
f 191/276/118 183/277/118 192/278/118
f 192/278/119 183/277/119 184/279/119
f 192/278/120 184/279/120 193/280/120
f 193/280/120 184/279/120 186/281/120
f 193/282/121 186/283/121 194/284/121
f 194/284/121 186/283/121 178/285/121
f 194/284/122 178/285/122 195/286/122
f 195/286/122 178/285/122 177/287/122
f 195/288/123 177/236/123 196/289/123
f 196/289/124 177/236/124 185/257/124
f 196/289/125 185/257/125 197/290/125
f 197/290/126 185/257/126 189/268/126
f 197/290/127 189/268/127 198/291/127
f 198/291/127 189/268/127 190/270/127
f 182/292/128 183/277/128 191/276/128
f 188/266/129 199/293/129 190/270/129
f 190/270/129 199/293/129 198/291/129
f 191/276/130 200/294/130 182/292/130
f 182/292/131 200/294/131 201/295/131
f 182/292/132 201/295/132 180/296/132
f 201/295/133 202/297/133 180/296/133
f 180/298/134 202/299/134 203/300/134
f 180/298/135 203/300/135 179/301/135
f 203/300/136 204/302/136 179/301/136
f 179/301/137 204/302/137 205/303/137
f 179/301/138 205/303/138 181/304/138
f 181/304/139 205/303/139 206/305/139
f 181/244/140 206/306/140 187/264/140
f 206/305/141 207/307/141 187/308/141
f 187/264/142 207/309/142 208/310/142
f 187/264/143 208/310/143 188/266/143
f 188/266/144 208/310/144 209/311/144
f 188/266/145 209/311/145 199/293/145
f 210/312/146 191/276/146 211/313/146
f 211/313/146 191/276/146 192/278/146
f 211/313/147 192/278/147 212/314/147
f 212/314/147 192/278/147 193/280/147
f 212/315/148 193/282/148 213/316/148
f 213/316/148 193/282/148 194/284/148
f 213/316/108 194/284/108 214/317/108
f 214/317/108 194/284/108 195/286/108
f 214/317/149 195/286/149 215/318/149
f 215/318/149 195/286/149 196/319/149
f 215/320/150 196/321/150 216/322/150
f 216/322/150 196/321/150 197/323/150
f 216/322/151 197/323/151 217/324/151
f 217/324/151 197/323/151 198/325/151
f 218/326/152 217/324/152 198/325/152
f 198/325/153 199/327/153 218/326/153
f 218/326/154 199/327/154 209/328/154
f 218/329/155 209/330/155 219/331/155
f 209/332/156 208/333/156 219/334/156
f 219/335/157 208/336/157 207/307/157
f 219/335/158 207/307/158 220/337/158
f 220/337/159 207/307/159 206/305/159
f 206/305/160 205/303/160 220/337/160
f 220/337/161 205/303/161 204/302/161
f 220/337/162 204/302/162 221/338/162
f 204/302/163 203/300/163 221/338/163
f 221/338/164 203/300/164 202/299/164
f 221/338/165 202/299/165 222/339/165
f 191/276/166 210/312/166 200/294/166
f 200/294/167 210/312/167 222/340/167
f 200/294/168 222/340/168 201/295/168
f 201/295/169 222/340/169 202/297/169
f 223/341/170 213/342/170 214/343/170
f 212/344/171 213/342/171 223/341/171
f 211/345/172 212/344/172 223/341/172
f 210/312/173 211/313/173 223/346/173
f 223/347/174 216/348/174 217/349/174
f 215/350/175 216/348/175 223/347/175
f 214/351/176 215/350/176 223/347/176
f 223/341/177 219/352/177 220/353/177
f 218/354/178 219/355/178 223/347/178
f 217/349/179 218/354/179 223/347/179
f 223/346/180 222/340/180 210/312/180
f 221/356/181 222/357/181 223/341/181
f 220/353/182 221/356/182 223/341/182
f 224/358/82 225/359/82 226/360/82
f 226/360/82 225/359/82 227/361/82
f 226/360/82 227/361/82 228/362/82
f 228/362/82 227/361/82 229/363/82
f 228/362/82 229/363/82 230/364/82
f 230/364/82 229/363/82 231/365/82
f 230/364/82 231/365/82 232/366/82
f 232/366/82 231/365/82 233/367/82
f 232/366/82 233/367/82 234/368/82
f 234/368/82 233/367/82 235/369/82
f 234/368/82 235/369/82 236/370/82
f 236/370/82 235/369/82 237/371/82
f 236/370/82 237/371/82 238/372/82
f 238/372/82 237/371/82 239/373/82
f 238/372/82 239/373/82 240/374/82
f 240/374/82 239/373/82 241/375/82
f 240/374/82 241/375/82 242/376/82
f 242/376/82 241/375/82 243/377/82
f 242/376/82 243/377/82 244/378/82
f 244/378/82 243/377/82 245/379/82
f 244/378/82 245/379/82 246/380/82
f 246/380/82 245/379/82 247/381/82
f 246/380/82 247/381/82 248/382/82
f 248/382/82 247/381/82 249/383/82
f 248/382/82 249/383/82 250/384/82
f 250/384/82 249/383/82 251/385/82
f 250/384/82 251/385/82 252/386/82
f 252/386/82 251/385/82 224/358/82
f 252/386/82 224/358/82 226/360/82
f 230/387/83 232/388/83 253/389/83
f 236/390/84 238/391/84 254/392/84
f 226/393/85 255/394/85 252/395/85
f 252/395/85 255/394/85 256/396/85
f 254/392/84 257/397/84 236/390/84
f 236/390/86 257/397/86 258/398/86
f 236/390/87 258/398/87 234/399/87
f 258/398/88 259/400/88 234/399/88
f 234/401/89 259/402/89 260/403/89
f 234/401/90 260/403/90 232/388/90
f 232/388/91 260/403/91 261/404/91
f 232/388/92 261/404/92 253/389/92
f 253/389/83 262/405/83 230/387/83
f 230/387/93 262/405/93 263/406/93
f 230/387/94 263/406/94 228/407/94
f 263/406/95 264/408/95 228/407/95
f 228/407/183 264/408/183 265/409/183
f 228/410/97 265/411/97 226/393/97
f 226/393/98 265/411/98 266/412/98
f 226/393/184 266/412/184 255/394/184
f 267/413/100 250/414/100 256/396/100
f 256/396/100 250/414/100 252/395/100
f 267/413/185 268/415/185 250/414/185
f 250/414/102 268/415/102 269/416/102
f 250/414/103 269/416/103 248/417/103
f 269/418/104 270/419/104 248/420/104
f 248/420/105 270/419/105 271/421/105
f 248/420/106 271/421/106 246/422/106
f 246/422/107 271/421/107 272/423/107
f 246/422/108 272/423/108 244/424/108
f 273/425/109 242/426/109 274/427/109
f 274/427/110 242/426/110 244/424/110
f 274/427/111 244/424/111 275/428/111
f 275/428/108 244/424/108 272/423/108
f 254/392/112 238/391/112 276/429/112
f 276/429/112 238/391/112 240/430/112
f 276/429/113 240/430/113 277/431/113
f 277/431/114 240/430/114 242/432/114
f 277/431/115 242/432/115 278/433/115
f 278/434/116 242/426/116 273/425/116
f 263/435/82 262/436/82 279/437/82
f 279/437/82 262/436/82 280/438/82
f 281/439/82 282/440/82 275/441/82
f 276/442/82 283/443/82 254/444/82
f 254/444/82 283/443/82 284/445/82
f 254/444/82 284/445/82 257/446/82
f 257/446/82 284/445/82 285/447/82
f 262/436/82 253/448/82 280/438/82
f 280/438/82 253/448/82 261/449/82
f 280/438/82 261/449/82 286/450/82
f 276/442/82 277/451/82 283/443/82
f 283/443/82 277/451/82 278/452/82
f 283/443/82 278/452/82 287/453/82
f 287/453/82 278/452/82 273/454/82
f 287/453/82 273/454/82 282/440/82
f 282/440/82 273/454/82 274/455/82
f 282/440/82 274/455/82 275/441/82
f 261/449/82 260/456/82 286/450/82
f 286/450/82 260/456/82 259/457/82
f 286/450/82 259/457/82 285/447/82
f 285/447/82 259/457/82 258/458/82
f 285/447/82 258/458/82 257/446/82
f 263/435/82 279/437/82 264/459/82
f 264/459/82 279/437/82 288/460/82
f 264/459/82 288/460/82 265/461/82
f 265/461/82 288/460/82 289/462/82
f 265/461/82 289/462/82 266/463/82
f 290/464/82 267/465/82 291/466/82
f 291/466/82 267/465/82 256/467/82
f 291/466/82 256/467/82 289/462/82
f 289/462/82 256/467/82 255/468/82
f 289/462/82 255/468/82 266/463/82
f 292/469/82 269/470/82 290/464/82
f 290/464/82 269/470/82 268/471/82
f 290/464/82 268/471/82 267/465/82
f 275/441/82 272/472/82 281/439/82
f 281/439/82 272/472/82 271/473/82
f 281/439/82 271/473/82 292/469/82
f 292/469/82 271/473/82 270/474/82
f 292/469/82 270/474/82 269/470/82
f 293/475/118 284/476/118 294/477/118
f 294/477/119 284/476/119 283/478/119
f 294/477/120 283/478/120 295/479/120
f 295/479/120 283/478/120 287/480/120
f 295/481/121 287/482/121 296/483/121
f 296/483/121 287/482/121 282/484/121
f 296/483/122 282/484/122 297/485/122
f 297/485/122 282/484/122 281/486/122
f 297/487/123 281/439/123 298/488/123
f 298/488/124 281/439/124 292/469/124
f 298/488/125 292/469/125 299/489/125
f 299/489/126 292/469/126 290/464/126
f 299/489/127 290/464/127 300/490/127
f 300/490/127 290/464/127 291/466/127
f 285/491/128 284/476/128 293/475/128
f 289/462/129 301/492/129 291/466/129
f 291/466/129 301/492/129 300/490/129
f 293/475/130 302/493/130 285/491/130
f 285/491/131 302/493/131 303/494/131
f 285/491/132 303/494/132 286/495/132
f 303/494/133 304/496/133 286/495/133
f 286/497/134 304/498/134 305/499/134
f 286/497/186 305/499/186 280/500/186
f 305/499/187 306/501/187 280/500/187
f 280/500/137 306/501/137 307/502/137
f 280/500/138 307/502/138 279/503/138
f 279/503/139 307/502/139 308/504/139
f 279/437/140 308/505/140 288/460/140
f 308/504/141 309/506/141 288/507/141
f 288/460/142 309/508/142 310/509/142
f 288/460/143 310/509/143 289/462/143
f 289/462/144 310/509/144 311/510/144
f 289/462/145 311/510/145 301/492/145
f 312/511/146 293/475/146 313/512/146
f 313/512/146 293/475/146 294/477/146
f 313/512/147 294/477/147 314/513/147
f 314/513/147 294/477/147 295/479/147
f 314/514/148 295/481/148 315/515/148
f 315/515/148 295/481/148 296/483/148
f 315/515/108 296/483/108 316/516/108
f 316/516/108 296/483/108 297/485/108
f 316/516/149 297/485/149 317/517/149
f 317/517/149 297/485/149 298/518/149
f 317/519/150 298/520/150 318/521/150
f 318/521/150 298/520/150 299/522/150
f 318/521/151 299/522/151 319/523/151
f 319/523/151 299/522/151 300/524/151
f 320/525/152 319/523/152 300/524/152
f 300/524/153 301/526/153 320/525/153
f 320/525/154 301/526/154 311/527/154
f 320/528/155 311/529/155 321/530/155
f 311/531/156 310/532/156 321/533/156
f 321/534/157 310/535/157 309/506/157
f 321/534/158 309/506/158 322/536/158
f 322/536/188 309/506/188 308/504/188
f 308/504/160 307/502/160 322/536/160
f 322/536/161 307/502/161 306/501/161
f 322/536/162 306/501/162 323/537/162
f 306/501/163 305/499/163 323/537/163
f 323/537/164 305/499/164 304/498/164
f 323/537/165 304/498/165 324/538/165
f 293/475/166 312/511/166 302/493/166
f 302/493/167 312/511/167 324/539/167
f 302/493/168 324/539/168 303/494/168
f 303/494/169 324/539/169 304/496/169
f 325/540/170 315/541/170 316/542/170
f 314/543/171 315/541/171 325/540/171
f 313/544/189 314/543/189 325/540/189
f 312/511/173 313/512/173 325/545/173
f 325/540/174 318/546/174 319/547/174
f 317/548/175 318/546/175 325/540/175
f 316/542/176 317/548/176 325/540/176
f 325/540/177 321/549/177 322/550/177
f 320/551/178 321/549/178 325/540/178
f 319/547/179 320/551/179 325/540/179
f 325/545/180 324/539/180 312/511/180
f 323/552/181 324/553/181 325/540/181
f 322/550/182 323/552/182 325/540/182
f 326/554/190 327/555/190 328/556/190
f 328/556/191 327/555/191 329/557/191
f 328/556/192 329/557/192 330/558/192
f 330/558/193 329/557/193 331/559/193
f 331/559/193 329/557/193 332/560/193
f 331/559/194 332/560/194 333/561/194
f 333/561/194 332/560/194 334/562/194
f 333/563/195 334/564/195 335/565/195
f 335/565/196 334/564/196 336/566/196
f 335/565/197 336/566/197 337/567/197
f 337/567/198 336/566/198 338/568/198
f 337/567/198 338/568/198 339/569/198
f 339/570/199 338/571/199 340/572/199
f 339/570/200 340/572/200 341/573/200
f 342/574/201 343/575/201 344/576/201
f 344/576/202 343/575/202 341/573/202
f 344/576/203 341/573/203 345/577/203
f 345/577/204 341/573/204 340/572/204
f 346/578/205 347/579/205 326/554/205
f 326/554/205 347/579/205 348/580/205
f 326/554/205 348/580/205 327/555/205
f 349/581/80 350/582/80 351/583/80
f 351/583/80 350/582/80 352/584/80
f 352/584/80 353/585/80 351/583/80
f 351/583/80 353/585/80 354/586/80
f 351/583/80 354/586/80 355/587/80
f 337/588/80 356/589/80 357/590/80
f 355/587/80 358/591/80 351/583/80
f 351/583/80 358/591/80 359/592/80
f 351/583/80 359/592/80 360/593/80
f 360/593/80 359/592/80 361/594/80
f 360/593/80 361/594/80 362/595/80
f 362/595/80 361/594/80 363/596/80
f 362/595/80 363/596/80 364/597/80
f 364/597/80 363/596/80 365/598/80
f 364/597/80 365/598/80 366/599/80
f 366/599/80 365/598/80 367/600/80
f 366/599/80 367/600/80 368/601/80
f 339/602/80 341/603/80 337/588/80
f 337/588/80 341/603/80 343/604/80
f 337/588/80 343/604/80 356/589/80
f 357/590/80 369/605/80 337/588/80
f 337/588/80 369/605/80 370/606/80
f 337/588/80 370/606/80 335/607/80
f 335/607/80 370/606/80 371/608/80
f 335/607/80 371/608/80 333/609/80
f 368/601/80 367/600/80 372/610/80
f 372/610/80 367/600/80 373/611/80
f 372/610/80 373/611/80 374/612/80
f 374/612/80 373/611/80 375/613/80
f 374/612/80 375/613/80 376/614/80
f 377/615/80 378/616/80 379/617/80
f 379/617/80 378/616/80 374/612/80
f 379/617/80 374/612/80 380/618/80
f 380/618/80 374/612/80 376/614/80
f 371/608/80 381/619/80 333/609/80
f 333/609/80 381/619/80 382/620/80
f 333/609/80 382/620/80 331/621/80
f 331/621/80 382/620/80 383/622/80
f 331/621/80 383/622/80 330/623/80
f 330/623/80 383/622/80 384/624/80
f 330/623/80 384/624/80 328/625/80
f 328/625/80 384/624/80 385/626/80
f 328/625/80 385/626/80 326/627/80
f 326/627/80 385/626/80 378/616/80
f 326/627/80 378/616/80 346/628/80
f 346/628/80 378/616/80 377/615/80
f 386/629/205 387/630/205 375/631/205
f 375/631/205 387/630/205 388/632/205
f 375/631/205 388/632/205 376/633/205
f 389/634/206 390/635/206 391/636/206
f 389/634/207 391/636/207 392/637/207
f 392/637/208 391/636/208 393/638/208
f 392/637/209 393/638/209 394/639/209
f 394/640/210 393/641/210 395/642/210
f 394/640/211 395/642/211 396/643/211
f 396/643/212 395/642/212 397/644/212
f 396/643/213 397/644/213 398/645/213
f 399/646/65 400/647/65 389/634/65
f 389/634/65 400/647/65 390/635/65
f 401/648/214 402/649/214 403/650/214
f 403/651/215 402/652/215 404/653/215
f 403/651/216 404/653/216 405/654/216
f 405/654/217 404/653/217 406/655/217
f 407/656/218 408/657/218 406/655/218
f 406/655/219 408/657/219 409/658/219
f 406/655/220 409/658/220 405/654/220
f 406/655/221 410/659/221 411/660/221
f 407/656/222 406/655/222 412/661/222
f 412/661/223 406/655/223 411/660/223
f 412/661/224 411/660/224 413/662/224
f 413/663/225 411/664/225 414/665/225
f 413/662/226 414/666/226 415/667/226
f 415/667/227 414/666/227 416/668/227
f 415/669/228 416/670/228 417/671/228
f 417/671/229 416/670/229 418/672/229
f 417/671/230 418/672/230 419/673/230
f 419/673/231 418/672/231 420/674/231
f 419/673/232 420/674/232 421/675/232
f 420/674/233 422/676/233 421/675/233
f 421/675/234 422/676/234 423/677/234
f 421/675/235 423/677/235 424/678/235
f 424/679/236 423/680/236 425/681/236
f 424/678/237 425/682/237 426/683/237
f 426/683/238 425/682/238 427/684/238
f 426/683/239 427/684/239 428/685/239
f 428/686/240 427/687/240 429/688/240
f 428/685/241 429/689/241 430/690/241
f 430/690/242 429/689/242 431/691/242
f 430/690/243 431/691/243 432/692/243
f 431/691/244 433/693/244 432/692/244
f 432/692/245 433/693/245 434/694/245
f 432/692/246 434/694/246 435/695/246
f 435/695/247 434/694/247 436/696/247
f 435/695/248 436/696/248 437/697/248
f 437/698/249 436/699/249 438/700/249
f 437/697/250 438/701/250 439/702/250
f 438/701/251 440/703/251 439/702/251
f 439/702/252 440/703/252 441/704/252
f 439/702/253 441/704/253 442/705/253
f 442/706/254 441/707/254 443/708/254
f 442/705/255 443/709/255 444/710/255
f 444/710/256 443/709/256 445/711/256
f 444/710/257 445/711/257 446/712/257
f 446/712/258 445/711/258 447/713/258
f 446/712/259 447/713/259 448/714/259
f 448/714/260 447/713/260 449/715/260
f 448/714/261 449/715/261 450/716/261
f 450/717/262 449/718/262 451/719/262
f 450/717/263 451/719/263 452/720/263
f 452/720/264 451/719/264 453/721/264
f 454/722/265 455/723/265 456/724/265
f 456/724/266 455/723/266 457/725/266
f 456/724/267 457/725/267 458/726/267
f 458/726/268 457/725/268 459/727/268
f 460/728/269 461/729/269 462/730/269
f 462/731/270 461/732/270 463/733/270
f 462/731/271 463/733/271 464/734/271
f 460/728/272 465/735/272 461/729/272
f 461/729/273 465/735/273 466/736/273
f 461/729/274 466/736/274 457/725/274
f 457/725/275 466/736/275 467/737/275
f 457/725/276 467/737/276 459/727/276
f 468/738/277 469/739/277 470/740/277
f 470/741/278 469/742/278 471/743/278
f 410/659/279 406/655/279 472/744/279
f 472/744/280 406/655/280 404/653/280
f 472/744/281 404/653/281 468/738/281
f 468/738/282 404/653/282 402/652/282
f 468/745/283 402/649/283 469/742/283
f 473/746/284 461/729/284 474/747/284
f 474/747/285 461/729/285 457/725/285
f 474/747/286 457/725/286 453/721/286
f 453/721/287 457/725/287 455/723/287
f 453/721/288 455/723/288 452/720/288
f 475/748/289 463/733/289 476/749/289
f 476/750/290 463/751/290 461/729/290
f 476/750/291 461/729/291 477/752/291
f 477/752/292 461/729/292 473/746/292
f 478/753/293 479/754/293 480/755/293
f 481/756/294 482/757/294 483/758/294
f 483/758/295 482/757/295 484/759/295
f 483/758/296 484/759/296 485/760/296
f 485/760/297 484/759/297 486/761/297
f 487/762/298 488/763/298 486/761/298
f 486/761/299 488/763/299 489/764/299
f 486/761/300 489/764/300 485/760/300
f 486/761/301 490/765/301 491/766/301
f 487/762/302 486/761/302 492/767/302
f 492/767/303 486/761/303 491/766/303
f 492/767/304 491/766/304 493/768/304
f 493/769/305 491/770/305 494/771/305
f 493/769/306 494/771/306 495/772/306
f 495/772/307 494/771/307 496/773/307
f 495/774/308 496/775/308 497/776/308
f 496/773/309 498/777/309 497/778/309
f 497/778/310 498/777/310 499/779/310
f 497/776/311 499/780/311 500/781/311
f 501/782/312 502/783/312 503/784/312
f 499/779/313 504/785/313 500/786/313
f 500/786/314 504/785/314 505/787/314
f 500/786/315 505/787/315 503/788/315
f 503/788/316 505/787/316 506/789/316
f 503/788/317 506/789/317 501/790/317
f 507/791/318 508/792/318 509/793/318
f 501/790/319 510/794/319 502/795/319
f 502/795/320 510/794/320 511/796/320
f 502/783/321 511/797/321 509/793/321
f 509/798/322 511/796/322 512/799/322
f 509/798/323 512/799/323 507/800/323
f 507/800/324 513/801/324 508/802/324
f 508/802/325 513/801/325 514/803/325
f 508/792/326 514/804/326 515/805/326
f 516/806/327 517/807/327 518/808/327
f 514/803/328 519/809/328 515/810/328
f 515/810/329 519/809/329 520/811/329
f 515/805/330 520/812/330 518/808/330
f 518/813/331 520/811/331 521/814/331
f 518/813/332 521/814/332 516/815/332
f 516/815/333 522/816/333 517/817/333
f 517/817/334 522/816/334 523/818/334
f 517/807/335 523/819/335 524/820/335
f 524/821/336 523/818/336 525/822/336
f 524/821/337 525/822/337 526/823/337
f 526/823/338 525/822/338 527/824/338
f 526/823/339 527/824/339 528/825/339
f 529/826/340 528/827/340 530/828/340
f 530/828/341 528/827/341 531/829/341
f 530/828/342 531/829/342 532/830/342
f 532/830/343 531/829/343 480/755/343
f 532/830/344 480/755/344 533/831/344
f 479/754/345 534/832/345 480/755/345
f 480/755/346 534/832/346 535/833/346
f 480/755/347 535/833/347 533/831/347
f 536/834/348 537/835/348 538/836/348
f 538/836/349 537/835/349 539/837/349
f 490/765/350 486/761/350 540/838/350
f 540/838/351 486/761/351 484/759/351
f 540/838/352 484/759/352 536/834/352
f 536/834/353 484/759/353 482/757/353
f 536/834/354 482/757/354 537/835/354
f 528/825/355 527/824/355 531/839/355
f 531/839/356 527/824/356 541/840/356
f 531/829/357 541/841/357 480/755/357
f 541/841/358 542/842/358 480/755/358
f 480/755/359 542/842/359 543/843/359
f 480/755/360 543/843/360 478/753/360
f 478/753/361 543/843/361 544/844/361
f 478/753/362 544/844/362 545/845/362
f 546/846/363 547/847/363 548/848/363
f 549/849/364 550/850/364 551/851/364
f 552/852/365 553/853/365 554/854/365
f 555/855/366 556/856/366 557/857/366
f 556/858/367 555/859/367 558/860/367
f 559/861/368 470/741/368 471/743/368
f 560/862/369 561/863/369 562/864/369
f 563/865/370 564/866/370 565/867/370
f 566/868/371 567/869/371 568/870/371
f 568/871/372 567/872/372 569/873/372
f 569/873/373 567/872/373 570/874/373
f 570/874/374 567/872/374 571/875/374
f 570/874/375 571/875/375 572/876/375
f 572/876/376 571/875/376 573/877/376
f 572/876/377 573/877/377 574/878/377
f 561/879/378 560/880/378 575/881/378
f 470/740/379 559/882/379 468/738/379
f 468/738/380 559/882/380 562/883/380
f 468/738/381 562/883/381 472/744/381
f 472/744/382 562/883/382 561/879/382
f 472/744/383 561/879/383 410/659/383
f 410/659/384 561/879/384 575/881/384
f 410/659/385 575/881/385 411/660/385
f 411/660/386 575/881/386 576/884/386
f 411/660/387 576/884/387 414/666/387
f 414/885/388 576/886/388 577/887/388
f 414/885/389 577/887/389 416/670/389
f 416/670/390 577/887/390 418/672/390
f 418/672/391 577/887/391 578/888/391
f 418/672/392 578/888/392 420/674/392
f 579/889/393 580/890/393 581/891/393
f 420/674/394 578/888/394 422/676/394
f 422/676/395 578/888/395 579/889/395
f 422/676/396 579/889/396 423/677/396
f 423/677/397 579/889/397 581/891/397
f 423/677/398 581/891/398 425/682/398
f 425/682/399 581/891/399 582/892/399
f 425/682/400 582/892/400 427/684/400
f 427/684/401 582/892/401 429/689/401
f 429/689/402 582/892/402 583/893/402
f 429/689/403 583/893/403 431/691/403
f 584/894/404 434/694/404 585/895/404
f 585/895/405 434/694/405 433/693/405
f 585/895/406 433/693/406 586/896/406
f 586/896/407 433/693/407 431/691/407
f 586/896/408 431/691/408 587/897/408
f 587/897/409 431/691/409 583/893/409
f 447/713/410 445/711/410 588/898/410
f 588/898/411 445/711/411 443/709/411
f 447/713/412 588/898/412 449/715/412
f 449/715/413 588/898/413 589/899/413
f 449/715/414 589/899/414 451/900/414
f 451/900/415 589/899/415 590/901/415
f 451/719/416 590/902/416 453/721/416
f 453/721/417 590/902/417 557/857/417
f 453/721/418 557/857/418 474/747/418
f 474/747/419 557/857/419 556/856/419
f 474/747/420 556/856/420 473/746/420
f 473/746/421 556/856/421 477/752/421
f 477/752/422 556/856/422 558/903/422
f 477/752/423 558/903/423 476/750/423
f 476/750/424 558/903/424 591/904/424
f 476/750/425 591/904/425 475/905/425
f 592/906/426 593/907/426 594/908/426
f 594/909/427 593/910/427 595/911/427
f 594/909/428 595/911/428 596/912/428
f 596/912/429 595/911/429 597/913/429
f 596/914/430 597/915/430 598/916/430
f 595/911/431 599/917/431 597/913/431
f 597/913/432 599/917/432 600/918/432
f 597/915/433 600/919/433 601/920/433
f 601/921/434 600/922/434 602/923/434
f 601/920/435 602/924/435 603/925/435
f 549/849/436 588/898/436 550/850/436
f 550/850/437 588/898/437 443/709/437
f 550/850/438 443/709/438 551/851/438
f 551/851/439 443/709/439 441/704/439
f 551/851/440 441/704/440 604/926/440
f 604/926/441 441/704/441 440/703/441
f 604/926/442 440/703/442 605/927/442
f 605/927/443 440/703/443 438/701/443
f 605/927/444 438/701/444 584/894/444
f 584/894/445 438/701/445 436/696/445
f 584/894/446 436/696/446 434/694/446
f 580/890/447 579/889/447 606/928/447
f 606/928/448 579/889/448 578/888/448
f 606/928/449 578/888/449 607/929/449
f 547/847/450 546/846/450 608/930/450
f 608/930/451 546/846/451 609/931/451
f 608/930/452 609/931/452 610/932/452
f 598/916/453 552/852/453 596/914/453
f 596/914/454 552/852/454 554/854/454
f 596/933/455 554/934/455 594/908/455
f 594/908/455 554/934/455 611/935/455
f 594/908/456 611/935/456 592/906/456
f 592/906/457 611/935/457 612/936/457
f 592/906/458 612/936/458 613/937/458
f 565/938/459 614/939/459 563/940/459
f 563/941/460 614/942/460 548/943/460
f 563/944/461 548/945/461 566/946/461
f 566/947/462 548/948/462 547/949/462
f 566/868/463 547/847/463 567/869/463
f 567/869/464 547/847/464 608/930/464
f 567/869/464 608/930/464 571/950/464
f 552/852/465 555/951/465 553/853/465
f 553/952/466 555/855/466 557/857/466
f 553/953/467 557/954/467 554/955/467
f 554/955/467 557/954/467 590/901/467
f 554/955/468 590/901/468 611/956/468
f 611/956/468 590/901/468 589/899/468
f 611/956/469 589/899/469 612/957/469
f 612/957/469 589/899/469 588/898/469
f 612/957/470 588/898/470 613/958/470
f 613/958/471 588/898/471 549/849/471
f 609/931/472 607/959/472 610/932/472
f 610/960/473 607/929/473 578/888/473
f 610/960/474 578/888/474 608/961/474
f 608/961/475 578/888/475 577/887/475
f 608/961/476 577/887/476 571/962/476
f 571/962/476 577/887/476 576/886/476
f 571/962/477 576/886/477 573/963/477
f 573/964/477 576/884/477 575/881/477
f 573/964/478 575/881/478 574/965/478
f 574/965/479 575/881/479 560/880/479
f 456/966/480 458/967/480 615/968/480
f 465/969/481 460/970/481 616/971/481
f 617/972/482 618/973/482 487/974/482
f 487/974/483 618/973/483 619/975/483
f 487/974/484 619/975/484 488/976/484
f 620/977/485 485/978/485 619/975/485
f 619/975/486 485/978/486 489/979/486
f 619/975/487 489/979/487 488/976/487
f 621/980/488 622/981/488 623/982/488
f 623/982/489 622/981/489 481/983/489
f 623/982/490 481/983/490 620/977/490
f 620/977/491 481/983/491 483/984/491
f 620/977/492 483/984/492 485/978/492
f 621/980/493 623/982/493 624/985/493
f 624/985/494 623/982/494 625/986/494
f 624/985/495 625/986/495 626/987/495
f 627/988/496 628/989/496 629/990/496
f 627/988/497 629/990/497 625/986/497
f 625/986/498 629/990/498 630/991/498
f 625/986/499 630/991/499 626/987/499
f 460/970/500 462/992/500 616/971/500
f 616/971/501 462/992/501 464/993/501
f 616/971/502 464/993/502 627/988/502
f 627/988/503 464/993/503 631/994/503
f 627/988/504 631/994/504 628/989/504
f 458/967/505 459/995/505 615/968/505
f 615/968/506 459/995/506 467/996/506
f 615/968/507 467/996/507 616/971/507
f 616/971/508 467/996/508 466/997/508
f 616/971/509 466/997/509 465/969/509
f 456/966/510 615/968/510 454/998/510
f 454/998/511 615/968/511 632/999/511
f 454/1000/512 632/1001/512 633/1002/512
f 634/1003/513 635/1004/513 636/1005/513
f 637/1006/514 638/1007/514 639/1008/514
f 636/1005/513 640/1009/513 634/1003/513
f 634/1010/515 640/1011/515 641/1012/515
f 634/1010/515 641/1012/515 642/1013/515
f 642/1013/516 641/1012/516 643/1014/516
f 642/1013/516 643/1014/516 644/1015/516
f 644/1015/517 643/1014/517 645/1016/517
f 644/1015/517 645/1016/517 632/1001/517
f 632/1001/518 645/1016/518 646/1017/518
f 632/1001/519 646/1017/519 633/1002/519
f 639/1008/514 647/1018/514 637/1006/514
f 637/1006/520 647/1018/520 648/1019/520
f 637/1006/520 648/1019/520 649/1020/520
f 649/1020/521 648/1019/521 650/1021/521
f 649/1020/521 650/1021/521 651/1022/521
f 651/1022/522 650/1021/522 618/1023/522
f 651/1022/522 618/1023/522 652/1024/522
f 652/1025/523 618/973/523 617/972/523
f 652/1025/523 617/972/523 653/1026/523
f 654/1027/80 655/1028/80 656/1029/80
f 450/717/524 452/720/524 657/1030/524
f 450/717/525 657/1030/525 448/1031/525
f 448/1031/80 657/1030/80 646/1032/80
f 448/1031/526 646/1032/526 645/1033/526
f 643/1034/527 641/1035/527 439/702/527
f 439/702/527 641/1035/527 437/697/527
f 426/683/80 658/1036/80 424/678/80
f 424/678/80 658/1036/80 659/1037/80
f 413/662/528 415/667/528 656/1029/528
f 656/1029/529 415/667/529 417/1038/529
f 656/1029/527 417/1038/527 654/1027/527
f 654/1039/530 417/671/530 419/673/530
f 654/1039/531 419/673/531 659/1037/531
f 659/1037/531 419/673/531 421/675/531
f 659/1037/531 421/675/531 424/678/531
f 439/702/532 442/705/532 643/1034/532
f 643/1034/80 442/705/80 444/710/80
f 643/1034/80 444/710/80 645/1040/80
f 645/1040/526 444/710/526 446/712/526
f 645/1040/526 446/712/526 448/714/526
f 640/1041/533 432/692/533 641/1035/533
f 641/1035/534 432/692/534 435/695/534
f 641/1035/535 435/695/535 437/697/535
f 640/1041/534 636/1042/534 432/692/534
f 432/692/534 636/1042/534 660/1043/534
f 432/692/526 660/1043/526 430/690/526
f 430/690/527 660/1043/527 658/1036/527
f 430/690/527 658/1036/527 428/685/527
f 428/685/80 658/1036/80 426/683/80
f 661/1044/536 662/1045/536 663/1046/536
f 664/1047/537 665/1048/537 666/1049/537
f 667/1050/538 668/1051/538 669/1052/538
f 668/1051/539 667/1050/539 670/1053/539
f 671/1054/540 538/1055/540 539/1056/540
f 672/1057/541 673/1058/541 674/1059/541
f 675/1060/542 676/1061/542 677/1062/542
f 678/1063/543 679/1064/543 680/1065/543
f 680/1065/544 679/1064/544 681/1066/544
f 681/1066/545 679/1064/545 682/1067/545
f 682/1067/546 679/1064/546 683/1068/546
f 682/1067/547 683/1068/547 684/1069/547
f 684/1069/548 683/1068/548 685/1070/548
f 684/1071/549 685/1072/549 686/1073/549
f 673/1074/550 672/1075/550 687/1076/550
f 538/1055/551 671/1054/551 536/1077/551
f 536/1077/552 671/1054/552 674/1059/552
f 536/1077/553 674/1059/553 540/1078/553
f 540/1078/554 674/1059/554 673/1058/554
f 540/1079/555 673/1074/555 490/1080/555
f 490/1080/556 673/1074/556 687/1076/556
f 490/1080/557 687/1076/557 491/770/557
f 491/770/558 687/1076/558 688/1081/558
f 491/770/559 688/1081/559 494/771/559
f 494/771/560 688/1081/560 689/1082/560
f 494/771/561 689/1082/561 496/773/561
f 496/773/562 689/1082/562 498/777/562
f 498/777/563 689/1082/563 690/1083/563
f 498/777/564 690/1083/564 499/779/564
f 690/1083/565 691/1084/565 692/1085/565
f 692/1085/566 691/1084/566 693/1086/566
f 692/1085/567 693/1086/567 694/1087/567
f 499/779/568 690/1083/568 504/785/568
f 504/785/569 690/1083/569 692/1085/569
f 504/785/570 692/1085/570 505/787/570
f 505/787/571 692/1085/571 694/1087/571
f 505/787/572 694/1087/572 506/789/572
f 506/789/573 694/1087/573 695/1088/573
f 506/789/574 695/1088/574 501/790/574
f 501/790/575 695/1088/575 510/794/575
f 510/794/576 695/1088/576 696/1089/576
f 510/794/577 696/1089/577 511/796/577
f 697/1090/578 507/800/578 698/1091/578
f 698/1091/579 507/800/579 512/799/579
f 696/1089/580 699/1092/580 511/796/580
f 511/796/581 699/1092/581 700/1093/581
f 511/796/582 700/1093/582 512/799/582
f 512/799/583 700/1093/583 701/1094/583
f 512/799/584 701/1094/584 698/1091/584
f 522/816/585 516/815/585 702/1095/585
f 702/1095/586 516/815/586 521/814/586
f 522/816/587 702/1095/587 523/818/587
f 523/818/588 702/1095/588 703/1096/588
f 523/818/589 703/1096/589 525/822/589
f 525/822/590 703/1096/590 704/1097/590
f 525/822/591 704/1097/591 527/824/591
f 527/824/592 704/1097/592 669/1098/592
f 527/824/593 669/1098/593 541/840/593
f 541/840/594 669/1098/594 668/1099/594
f 541/840/595 668/1099/595 542/1100/595
f 542/1101/596 668/1051/596 543/1102/596
f 543/1102/597 668/1051/597 670/1053/597
f 543/1102/598 670/1053/598 544/1103/598
f 544/1103/599 670/1053/599 705/1104/599
f 544/1103/600 705/1104/600 545/1105/600
f 706/1106/601 707/1107/601 708/1108/601
f 708/1108/602 707/1107/602 709/1109/602
f 708/1108/603 709/1109/603 710/1110/603
f 710/1110/604 709/1109/604 711/1111/604
f 710/1110/605 711/1111/605 712/1112/605
f 709/1109/606 713/1113/606 711/1111/606
f 711/1111/607 713/1113/607 714/1114/607
f 711/1111/608 714/1114/608 715/1115/608
f 715/1115/609 714/1114/609 716/1116/609
f 715/1115/610 716/1116/610 717/1117/610
f 661/1044/611 702/1095/611 662/1045/611
f 662/1045/612 702/1095/612 521/814/612
f 662/1045/613 521/814/613 663/1046/613
f 663/1046/614 521/814/614 520/811/614
f 663/1046/615 520/811/615 718/1118/615
f 718/1118/616 520/811/616 519/809/616
f 718/1118/617 519/809/617 719/1119/617
f 719/1119/618 519/809/618 514/803/618
f 719/1119/619 514/803/619 697/1090/619
f 697/1090/620 514/803/620 513/801/620
f 697/1090/621 513/801/621 507/800/621
f 720/1120/622 721/1121/622 722/1122/622
f 722/1122/623 721/1121/623 723/1123/623
f 722/1122/624 723/1123/624 724/1124/624
f 724/1124/625 723/1123/625 725/1125/625
f 724/1124/626 725/1125/626 726/1126/626
f 712/1112/627 664/1047/627 710/1110/627
f 710/1110/628 664/1047/628 666/1049/628
f 710/1110/629 666/1049/629 708/1108/629
f 708/1108/629 666/1049/629 727/1127/629
f 708/1108/630 727/1127/630 706/1106/630
f 706/1106/631 727/1127/631 728/1128/631
f 706/1106/632 728/1128/632 729/1129/632
f 677/1062/633 730/1130/633 675/1060/633
f 675/1131/634 730/1132/634 726/1133/634
f 675/1060/635 726/1126/635 678/1063/635
f 678/1063/636 726/1126/636 725/1125/636
f 678/1063/637 725/1125/637 679/1064/637
f 679/1064/638 725/1125/638 723/1123/638
f 679/1064/638 723/1123/638 683/1068/638
f 664/1134/639 667/1050/639 665/1135/639
f 665/1048/640 667/1136/640 669/1098/640
f 665/1048/641 669/1098/641 666/1049/641
f 666/1049/641 669/1098/641 704/1097/641
f 666/1049/642 704/1097/642 727/1127/642
f 727/1127/643 704/1097/643 703/1096/643
f 727/1127/644 703/1096/644 728/1128/644
f 728/1128/644 703/1096/644 702/1095/644
f 728/1128/645 702/1095/645 729/1129/645
f 729/1129/646 702/1095/646 661/1044/646
f 720/1120/647 691/1084/647 721/1121/647
f 721/1121/648 691/1084/648 690/1083/648
f 721/1121/649 690/1083/649 723/1123/649
f 723/1123/650 690/1083/650 689/1082/650
f 723/1123/651 689/1082/651 683/1068/651
f 683/1068/652 689/1082/652 688/1081/652
f 683/1068/653 688/1081/653 685/1070/653
f 685/1070/653 688/1081/653 687/1076/653
f 685/1070/654 687/1076/654 686/1137/654
f 686/1138/655 687/1139/655 672/1057/655
f 731/1140/656 732/1141/656 733/1142/656
f 734/1143/657 735/1144/657 736/1145/657
f 737/1146/658 738/1147/658 739/1148/658
f 737/1146/659 739/1148/659 740/1149/659
f 740/1150/660 739/1151/660 741/1152/660
f 740/1150/660 741/1152/660 742/1153/660
f 743/1154/661 744/1155/661 745/1156/661
f 745/1156/662 744/1155/662 746/1157/662
f 745/1156/662 746/1157/662 747/1158/662
f 747/1158/663 746/1157/663 748/1159/663
f 747/1158/663 748/1159/663 749/1160/663
f 749/1160/664 748/1159/664 750/1161/664
f 751/1162/665 752/1163/665 753/1164/665
f 753/1164/666 752/1163/666 754/1165/666
f 753/1164/666 754/1165/666 755/1166/666
f 755/1166/667 754/1165/667 756/1167/667
f 755/1166/667 756/1167/667 757/1168/667
f 757/1168/668 756/1167/668 758/1169/668
f 757/1168/669 758/1169/669 743/1154/669
f 743/1154/670 758/1169/670 759/1170/670
f 743/1154/661 759/1170/661 744/1155/661
f 760/1171/671 761/1172/671 762/1173/671
f 762/1173/672 761/1172/672 763/1174/672
f 762/1173/672 763/1174/672 764/1175/672
f 764/1175/673 763/1174/673 765/1176/673
f 764/1175/673 765/1176/673 766/1177/673
f 766/1177/674 765/1176/674 767/1178/674
f 766/1177/675 767/1178/675 751/1162/675
f 751/1162/676 767/1178/676 768/1179/676
f 751/1162/665 768/1179/665 752/1163/665
f 769/1180/677 770/1181/677 760/1171/677
f 760/1171/678 770/1181/678 771/1182/678
f 760/1171/671 771/1182/671 761/1172/671
f 772/1183/679 773/1184/679 774/1185/679
f 774/1185/680 773/1184/680 775/1186/680
f 774/1185/680 775/1186/680 776/1187/680
f 776/1187/681 775/1186/681 769/1180/681
f 776/1187/681 769/1180/681 777/1188/681
f 777/1188/682 769/1180/682 760/1171/682
f 778/1189/683 779/1190/683 772/1183/683
f 772/1183/684 779/1190/684 780/1191/684
f 772/1183/679 780/1191/679 773/1184/679
f 772/1183/685 781/1192/685 778/1189/685
f 778/1189/686 781/1192/686 782/1193/686
f 778/1189/686 782/1193/686 783/1194/686
f 783/1194/687 782/1193/687 784/1195/687
f 783/1194/687 784/1195/687 785/1196/687
f 785/1196/688 784/1195/688 786/1197/688
f 785/1196/688 786/1197/688 787/1198/688
f 787/1198/689 786/1197/689 788/1199/689
f 788/1199/690 786/1197/690 789/1200/690
f 788/1201/691 789/1202/691 790/1203/691
f 790/1203/692 789/1202/692 791/1204/692
f 790/1203/692 791/1204/692 792/1205/692
f 792/1205/693 791/1204/693 793/1206/693
f 792/1205/693 793/1206/693 794/1207/693
f 794/1207/694 793/1206/694 795/1208/694
f 794/1207/694 795/1208/694 796/1209/694
f 796/1209/695 795/1208/695 797/1210/695
f 797/1210/696 795/1208/696 736/1145/696
f 797/1210/697 736/1145/697 798/1211/697
f 798/1211/698 736/1145/698 735/1144/698
f 798/1212/699 735/1213/699 799/1214/699
f 564/1215/700 800/1216/700 565/1217/700
f 565/1218/701 800/1219/701 801/1220/701
f 565/1221/702 801/1222/702 614/1223/702
f 614/1224/703 801/1220/703 802/1225/703
f 614/942/704 802/1226/704 548/943/704
f 548/1227/705 802/1225/705 803/1228/705
f 548/1229/706 803/1230/706 546/1231/706
f 803/1228/707 804/1232/707 546/1233/707
f 546/1233/708 804/1232/708 805/1234/708
f 546/1235/709 805/1236/709 609/1237/709
f 609/1238/710 805/1239/710 806/1240/710
f 609/1241/711 806/1242/711 607/1243/711
f 806/1240/712 807/1244/712 607/1245/712
f 607/929/713 807/1246/713 808/1247/713
f 607/929/714 808/1247/714 606/928/714
f 606/1248/715 808/1249/715 809/1250/715
f 606/928/716 809/1251/716 580/890/716
f 809/1250/717 810/1252/717 580/1253/717
f 580/890/718 810/1254/718 811/1255/718
f 580/890/719 811/1255/719 581/891/719
f 581/1256/720 811/1257/720 812/1258/720
f 581/891/721 812/1259/721 582/892/721
f 582/1260/722 812/1258/722 813/1261/722
f 582/892/723 813/1262/723 583/893/723
f 583/893/724 813/1262/724 814/1263/724
f 583/893/725 814/1263/725 587/897/725
f 587/1264/726 814/1265/726 815/1266/726
f 587/897/727 815/1267/727 586/896/727
f 586/896/728 815/1267/728 816/1268/728
f 586/896/729 816/1268/729 585/895/729
f 585/1269/730 816/1270/730 817/1271/730
f 585/895/731 817/1272/731 584/894/731
f 584/894/732 817/1272/732 818/1273/732
f 584/894/733 818/1273/733 605/927/733
f 605/927/734 818/1273/734 819/1274/734
f 605/927/735 819/1274/735 604/926/735
f 604/1275/736 819/1276/736 820/1277/736
f 604/926/737 820/1278/737 551/851/737
f 820/1277/738 821/1279/738 551/1280/738
f 551/851/739 821/1281/739 822/1282/739
f 551/851/740 822/1282/740 549/849/740
f 549/1283/741 822/1284/741 823/1285/741
f 549/849/742 823/1286/742 613/958/742
f 732/1141/743 603/1287/743 733/1142/743
f 733/1288/744 603/925/744 602/924/744
f 733/1289/745 602/1290/745 824/1291/745
f 824/1292/746 602/1293/746 600/1294/746
f 824/1291/747 600/918/747 825/1295/747
f 825/1295/748 600/918/748 599/917/748
f 825/1295/749 599/917/749 826/1296/749
f 826/1296/750 599/917/750 595/911/750
f 826/1296/751 595/911/751 827/1297/751
f 827/1298/752 595/1299/752 593/1300/752
f 827/1297/753 593/910/753 828/1301/753
f 828/1302/754 593/1303/754 592/1304/754
f 828/1305/755 592/906/755 829/1306/755
f 829/1307/756 592/1308/756 613/1309/756
f 829/1306/757 613/937/757 830/1310/757
f 830/1311/758 613/958/758 823/1286/758
f 738/1147/759 731/1140/759 739/1148/759
f 739/1151/760 731/1312/760 733/1289/760
f 739/1151/761 733/1289/761 741/1152/761
f 741/1152/761 733/1289/761 824/1291/761
f 741/1152/762 824/1291/762 831/1313/762
f 831/1313/762 824/1291/762 825/1295/762
f 831/1313/763 825/1295/763 832/1314/763
f 832/1314/763 825/1295/763 826/1296/763
f 832/1314/764 826/1296/764 833/1315/764
f 833/1315/764 826/1296/764 827/1297/764
f 833/1315/765 827/1297/765 750/1316/765
f 750/1316/766 827/1297/766 828/1301/766
f 750/1161/767 828/1305/767 749/1160/767
f 749/1160/767 828/1305/767 829/1306/767
f 749/1160/768 829/1306/768 747/1158/768
f 747/1158/768 829/1306/768 830/1310/768
f 747/1158/769 830/1310/769 745/1156/769
f 745/1156/769 830/1310/769 823/1285/769
f 745/1156/770 823/1285/770 743/1154/770
f 743/1154/770 823/1285/770 822/1284/770
f 743/1154/771 822/1284/771 757/1168/771
f 757/1168/771 822/1284/771 821/1279/771
f 757/1168/772 821/1279/772 755/1166/772
f 755/1166/772 821/1279/772 820/1277/772
f 755/1166/773 820/1277/773 753/1164/773
f 753/1164/774 820/1277/774 819/1276/774
f 753/1164/775 819/1276/775 751/1162/775
f 751/1162/776 819/1276/776 818/1317/776
f 751/1162/777 818/1317/777 766/1177/777
f 766/1177/777 818/1317/777 817/1271/777
f 766/1177/778 817/1271/778 764/1175/778
f 764/1175/778 817/1271/778 816/1270/778
f 764/1175/779 816/1270/779 762/1173/779
f 762/1173/779 816/1270/779 815/1266/779
f 762/1173/780 815/1266/780 760/1171/780
f 760/1171/780 815/1266/780 814/1265/780
f 760/1171/781 814/1265/781 777/1188/781
f 777/1188/781 814/1265/781 813/1261/781
f 777/1188/782 813/1261/782 776/1187/782
f 776/1187/782 813/1261/782 812/1258/782
f 776/1187/783 812/1258/783 774/1185/783
f 774/1185/783 812/1258/783 811/1257/783
f 774/1185/784 811/1257/784 772/1183/784
f 772/1183/784 811/1257/784 810/1252/784
f 772/1183/785 810/1252/785 781/1192/785
f 781/1192/785 810/1252/785 809/1250/785
f 781/1192/786 809/1250/786 782/1193/786
f 782/1193/786 809/1250/786 808/1249/786
f 782/1193/787 808/1249/787 784/1195/787
f 784/1195/787 808/1249/787 807/1244/787
f 784/1195/788 807/1244/788 786/1197/788
f 786/1197/788 807/1244/788 806/1240/788
f 786/1197/789 806/1240/789 789/1200/789
f 789/1200/790 806/1240/790 805/1239/790
f 789/1202/791 805/1234/791 791/1204/791
f 791/1204/791 805/1234/791 804/1232/791
f 791/1204/792 804/1232/792 793/1206/792
f 793/1206/792 804/1232/792 803/1228/792
f 793/1206/793 803/1228/793 795/1208/793
f 795/1208/793 803/1228/793 802/1225/793
f 795/1208/794 802/1225/794 736/1145/794
f 736/1145/795 802/1225/795 801/1220/795
f 736/1145/796 801/1220/796 734/1143/796
f 734/1143/797 801/1220/797 800/1219/797
f 748/1318/798 834/1319/798 750/1316/798
f 750/1316/799 834/1319/799 835/1320/799
f 750/1316/800 835/1320/800 833/1315/800
f 833/1315/800 835/1320/800 836/1321/800
f 833/1315/801 836/1321/801 832/1314/801
f 832/1314/801 836/1321/801 837/1322/801
f 832/1314/802 837/1322/802 831/1313/802
f 831/1313/802 837/1322/802 838/1323/802
f 831/1313/803 838/1323/803 741/1152/803
f 741/1152/804 838/1323/804 839/1324/804
f 741/1152/805 839/1324/805 742/1153/805
f 840/1325/806 841/1326/806 842/1327/806
f 843/1328/807 475/1329/807 591/1330/807
f 844/1331/808 845/1332/808 846/1333/808
f 846/1333/809 845/1332/809 843/1328/809
f 847/1334/83 840/1325/83 848/1335/83
f 848/1335/810 840/1325/810 842/1327/810
f 848/1335/811 842/1327/811 849/1336/811
f 849/1336/812 842/1327/812 850/1337/812
f 851/1338/813 852/1339/813 853/1340/813
f 853/1340/814 852/1339/814 854/1341/814
f 853/1340/814 854/1341/814 855/1342/814
f 855/1342/815 854/1341/815 856/1343/815
f 855/1342/815 856/1343/815 857/1344/815
f 857/1344/816 856/1343/816 858/1345/816
f 857/1344/816 858/1345/816 859/1346/816
f 859/1346/817 858/1345/817 860/1347/817
f 859/1346/818 860/1347/818 861/1348/818
f 861/1348/819 860/1347/819 862/1349/819
f 861/1348/820 862/1349/820 850/1350/820
f 850/1350/821 862/1349/821 863/1351/821
f 850/1350/822 863/1351/822 849/1352/822
f 864/1353/823 851/1338/823 865/1354/823
f 865/1354/824 851/1338/824 853/1340/824
f 865/1354/825 853/1340/825 866/1355/825
f 866/1355/826 853/1340/826 867/1356/826
f 843/1328/827 591/1330/827 846/1333/827
f 846/1333/828 591/1330/828 558/860/828
f 846/1333/828 558/860/828 868/1357/828
f 868/1357/829 558/860/829 555/859/829
f 868/1358/829 555/951/829 869/1359/829
f 869/1359/830 555/951/830 552/852/830
f 869/1359/830 552/852/830 870/1360/830
f 870/1360/831 552/852/831 598/916/831
f 870/1360/831 598/916/831 871/1361/831
f 871/1361/832 598/916/832 597/915/832
f 871/1361/832 597/915/832 872/1362/832
f 872/1362/833 597/915/833 601/920/833
f 872/1362/834 601/920/834 873/1363/834
f 873/1363/835 601/920/835 603/925/835
f 873/1363/836 603/925/836 874/1364/836
f 874/1364/837 867/1356/837 873/1363/837
f 873/1363/838 867/1356/838 853/1340/838
f 873/1363/839 853/1340/839 872/1362/839
f 872/1362/839 853/1340/839 855/1342/839
f 872/1362/840 855/1342/840 871/1361/840
f 871/1361/840 855/1342/840 857/1344/840
f 871/1361/841 857/1344/841 870/1360/841
f 870/1360/841 857/1344/841 859/1346/841
f 870/1360/842 859/1346/842 869/1359/842
f 869/1359/843 859/1346/843 861/1348/843
f 869/1359/844 861/1348/844 868/1358/844
f 868/1358/844 861/1348/844 850/1350/844
f 868/1357/845 850/1337/845 846/1333/845
f 846/1333/845 850/1337/845 842/1327/845
f 846/1333/846 842/1327/846 844/1331/846
f 844/1331/847 842/1327/847 841/1326/847
f 875/1365/848 691/1084/848 720/1120/848
f 876/1366/849 877/1367/849 878/1368/849
f 879/1369/850 880/1370/850 876/1366/850
f 876/1366/851 878/1368/851 879/1369/851
f 879/1369/852 878/1368/852 881/1371/852
f 879/1369/853 881/1371/853 882/1372/853
f 881/1371/854 883/1373/854 882/1372/854
f 882/1372/855 883/1373/855 884/1374/855
f 882/1372/856 884/1374/856 885/1375/856
f 886/1376/857 887/1377/857 884/1374/857
f 884/1374/858 887/1377/858 888/1378/858
f 884/1374/859 888/1378/859 885/1375/859
f 886/1376/860 889/1379/860 887/1377/860
f 887/1377/861 889/1379/861 890/1380/861
f 887/1377/862 890/1380/862 891/1381/862
f 891/1381/863 890/1380/863 892/1382/863
f 891/1381/864 892/1382/864 893/1383/864
f 893/1383/865 892/1382/865 894/1384/865
f 893/1383/866 894/1384/866 895/1385/866
f 895/1385/867 894/1384/867 896/1386/867
f 895/1385/868 896/1386/868 897/1387/868
f 896/1386/869 898/1388/869 897/1387/869
f 897/1387/870 898/1388/870 899/1389/870
f 897/1387/871 899/1389/871 900/1390/871
f 900/1390/872 899/1389/872 901/1391/872
f 900/1390/873 901/1391/873 902/1392/873
f 902/1392/874 901/1391/874 903/1393/874
f 903/1393/875 901/1391/875 904/1394/875
f 903/1393/876 904/1394/876 905/1395/876
f 905/1395/877 904/1394/877 906/1396/877
f 906/1396/878 904/1394/878 907/1397/878
f 906/1396/879 907/1397/879 908/1398/879
f 908/1398/880 907/1397/880 909/1399/880
f 909/1399/881 907/1397/881 910/1400/881
f 909/1399/882 910/1400/882 911/1401/882
f 911/1401/883 910/1400/883 912/1402/883
f 911/1401/884 912/1402/884 913/1403/884
f 913/1403/885 912/1402/885 914/1404/885
f 913/1403/886 914/1404/886 915/1405/886
f 915/1405/887 914/1404/887 916/1406/887
f 915/1405/888 916/1406/888 917/1407/888
f 917/1407/889 916/1406/889 918/1408/889
f 917/1407/890 918/1408/890 919/1409/890
f 919/1409/891 918/1408/891 920/1410/891
f 919/1409/892 920/1410/892 921/1411/892
f 921/1411/893 920/1410/893 922/1412/893
f 921/1411/894 922/1412/894 923/1413/894
f 923/1413/895 922/1412/895 924/1414/895
f 923/1413/896 924/1414/896 925/1415/896
f 925/1415/897 924/1414/897 926/1416/897
f 925/1415/897 926/1416/897 927/1417/897
f 927/1417/898 926/1416/898 928/1418/898
f 927/1417/898 928/1418/898 929/1419/898
f 929/1419/899 928/1418/899 930/1420/899
f 930/1420/900 928/1418/900 931/1421/900
f 930/1420/901 931/1421/901 932/1422/901
f 931/1421/902 933/1423/902 932/1422/902
f 932/1422/903 933/1423/903 934/1424/903
f 932/1422/904 934/1424/904 935/1425/904
f 935/1425/905 934/1424/905 936/1426/905
f 935/1425/906 936/1426/906 937/1427/906
f 937/1427/907 936/1426/907 938/1428/907
f 938/1428/908 936/1426/908 939/1429/908
f 938/1428/909 939/1429/909 940/1430/909
f 941/1431/910 942/1432/910 943/1433/910
f 940/1430/911 939/1429/911 944/1434/911
f 944/1434/912 939/1429/912 941/1431/912
f 944/1434/913 941/1431/913 945/1435/913
f 945/1435/914 941/1431/914 943/1433/914
f 945/1435/915 943/1433/915 946/1436/915
f 676/1061/916 947/1437/916 677/1062/916
f 677/1062/917 947/1437/917 948/1438/917
f 677/1062/918 948/1438/918 730/1130/918
f 730/1130/919 948/1438/919 949/1439/919
f 730/1130/920 949/1439/920 726/1126/920
f 949/1439/921 950/1440/921 726/1126/921
f 726/1126/922 950/1440/922 951/1441/922
f 726/1126/923 951/1441/923 724/1124/923
f 724/1124/924 951/1441/924 952/1442/924
f 724/1124/925 952/1442/925 722/1122/925
f 722/1122/926 952/1442/926 953/1443/926
f 722/1122/927 953/1443/927 720/1120/927
f 720/1120/928 953/1443/928 954/1444/928
f 720/1120/929 954/1444/929 875/1365/929
f 875/1365/930 955/1445/930 691/1084/930
f 691/1084/931 955/1445/931 956/1446/931
f 691/1084/932 956/1446/932 693/1086/932
f 693/1086/933 956/1446/933 957/1447/933
f 693/1086/934 957/1447/934 694/1087/934
f 694/1087/935 957/1447/935 958/1448/935
f 694/1087/936 958/1448/936 695/1088/936
f 695/1088/937 958/1448/937 959/1449/937
f 695/1088/938 959/1449/938 960/1450/938
f 961/1451/939 700/1093/939 962/1452/939
f 962/1452/940 700/1093/940 699/1092/940
f 962/1452/941 699/1092/941 960/1450/941
f 960/1450/942 699/1092/942 696/1089/942
f 960/1450/943 696/1089/943 695/1088/943
f 697/1090/944 698/1091/944 961/1451/944
f 961/1451/945 698/1091/945 701/1094/945
f 961/1451/946 701/1094/946 700/1093/946
f 961/1451/947 963/1453/947 697/1090/947
f 697/1090/948 963/1453/948 964/1454/948
f 697/1090/949 964/1454/949 719/1119/949
f 719/1119/950 964/1454/950 965/1455/950
f 719/1119/951 965/1455/951 718/1118/951
f 965/1455/952 966/1456/952 718/1118/952
f 718/1118/953 966/1456/953 967/1457/953
f 718/1118/954 967/1457/954 663/1046/954
f 663/1046/955 967/1457/955 968/1458/955
f 663/1046/956 968/1458/956 661/1044/956
f 661/1044/957 968/1458/957 969/1459/957
f 661/1044/958 969/1459/958 729/1129/958
f 969/1459/959 970/1460/959 729/1129/959
f 729/1129/960 970/1460/960 971/1461/960
f 729/1129/961 971/1461/961 706/1106/961
f 971/1461/962 972/1462/962 706/1106/962
f 706/1106/963 972/1462/963 973/1463/963
f 706/1106/964 973/1463/964 707/1107/964
f 707/1107/965 973/1463/965 974/1464/965
f 707/1107/966 974/1464/966 709/1109/966
f 709/1109/967 974/1464/967 975/1465/967
f 709/1109/968 975/1465/968 713/1113/968
f 713/1113/969 975/1465/969 976/1466/969
f 713/1113/970 976/1466/970 714/1114/970
f 714/1114/971 976/1466/971 716/1116/971
f 976/1466/972 977/1467/972 716/1116/972
f 716/1468/973 977/1469/973 978/1470/973
f 716/1116/974 978/1471/974 717/1117/974
f 947/1437/975 942/1432/975 948/1438/975
f 948/1438/976 942/1432/976 941/1431/976
f 948/1438/977 941/1431/977 949/1439/977
f 949/1439/977 941/1431/977 939/1429/977
f 949/1439/978 939/1429/978 950/1440/978
f 950/1440/978 939/1429/978 936/1426/978
f 950/1440/979 936/1426/979 951/1441/979
f 951/1441/979 936/1426/979 934/1424/979
f 951/1441/980 934/1424/980 952/1442/980
f 952/1442/980 934/1424/980 933/1423/980
f 952/1442/981 933/1423/981 953/1443/981
f 953/1443/981 933/1423/981 931/1421/981
f 953/1443/982 931/1421/982 954/1444/982
f 954/1444/982 931/1421/982 928/1418/982
f 954/1444/983 928/1418/983 875/1365/983
f 875/1365/983 928/1418/983 926/1416/983
f 875/1365/984 926/1416/984 955/1445/984
f 955/1445/984 926/1416/984 924/1414/984
f 955/1445/985 924/1414/985 956/1446/985
f 956/1446/985 924/1414/985 922/1412/985
f 956/1446/986 922/1412/986 957/1447/986
f 957/1447/986 922/1412/986 920/1410/986
f 957/1447/987 920/1410/987 958/1448/987
f 958/1448/987 920/1410/987 918/1408/987
f 958/1448/988 918/1408/988 959/1449/988
f 959/1449/988 918/1408/988 916/1406/988
f 959/1449/989 916/1406/989 960/1450/989
f 960/1450/989 916/1406/989 914/1404/989
f 960/1450/990 914/1404/990 962/1452/990
f 962/1452/991 914/1404/991 912/1402/991
f 962/1452/992 912/1402/992 961/1451/992
f 961/1451/992 912/1402/992 910/1400/992
f 961/1451/993 910/1400/993 963/1453/993
f 963/1453/993 910/1400/993 907/1397/993
f 963/1453/994 907/1397/994 964/1454/994
f 964/1454/994 907/1397/994 904/1394/994
f 964/1454/995 904/1394/995 965/1455/995
f 965/1455/995 904/1394/995 901/1391/995
f 965/1455/996 901/1391/996 966/1456/996
f 966/1456/996 901/1391/996 899/1389/996
f 966/1456/997 899/1389/997 967/1457/997
f 967/1457/997 899/1389/997 898/1388/997
f 967/1457/998 898/1388/998 968/1458/998
f 968/1458/998 898/1388/998 896/1386/998
f 968/1458/999 896/1386/999 969/1459/999
f 969/1459/999 896/1386/999 894/1384/999
f 969/1459/1000 894/1384/1000 970/1460/1000
f 970/1460/1000 894/1384/1000 892/1382/1000
f 970/1460/1001 892/1382/1001 971/1461/1001
f 971/1461/1002 892/1382/1002 890/1380/1002
f 971/1461/1003 890/1380/1003 972/1462/1003
f 972/1462/1004 890/1380/1004 889/1379/1004
f 972/1462/1005 889/1379/1005 973/1463/1005
f 973/1463/1005 889/1379/1005 886/1376/1005
f 973/1463/1006 886/1376/1006 974/1464/1006
f 974/1464/1006 886/1376/1006 884/1374/1006
f 974/1464/1007 884/1374/1007 975/1465/1007
f 975/1465/1007 884/1374/1007 883/1373/1007
f 975/1465/1008 883/1373/1008 976/1466/1008
f 976/1466/1009 883/1373/1009 881/1371/1009
f 976/1466/1010 881/1371/1010 977/1467/1010
f 977/1467/1010 881/1371/1010 878/1368/1010
f 977/1467/1011 878/1368/1011 978/1471/1011
f 978/1471/1012 878/1368/1012 877/1367/1012
f 979/1472/1013 980/1473/1013 981/1474/1013
f 982/1475/1014 983/1476/1014 984/1477/1014
f 985/1478/1015 986/1479/1015 987/1480/1015
f 987/1480/1016 986/1479/1016 988/1481/1016
f 987/1480/1017 988/1481/1017 989/1482/1017
f 985/1478/1018 987/1480/1018 990/1483/1018
f 990/1483/1019 987/1480/1019 991/1484/1019
f 990/1483/1020 991/1484/1020 992/1485/1020
f 992/1485/1021 991/1484/1021 993/1486/1021
f 992/1485/1022 993/1486/1022 994/1487/1022
f 994/1487/1023 993/1486/1023 995/1488/1023
f 995/1488/1024 993/1486/1024 996/1489/1024
f 995/1488/1025 996/1489/1025 997/1490/1025
f 997/1490/1026 996/1489/1026 998/1491/1026
f 997/1490/1027 998/1491/1027 999/1492/1027
f 998/1491/1028 1000/1493/1028 999/1492/1028
f 999/1492/1029 1000/1493/1029 1001/1494/1029
f 999/1492/1030 1001/1494/1030 1002/1495/1030
f 1002/1495/1031 1001/1494/1031 1003/1496/1031
f 1004/1497/1032 1005/1498/1032 1006/1499/1032
f 1004/1497/1033 1006/1499/1033 1007/1500/1033
f 1001/1494/1034 1008/1501/1034 1003/1496/1034
f 1003/1496/1035 1008/1501/1035 1009/1502/1035
f 1003/1496/1036 1009/1502/1036 1010/1503/1036
f 1010/1503/1037 1009/1502/1037 1011/1504/1037
f 1010/1505/1038 1011/1506/1038 1012/1507/1038
f 1012/1507/1039 1011/1506/1039 1013/1508/1039
f 1012/1507/1040 1013/1508/1040 1006/1499/1040
f 1006/1499/1041 1013/1508/1041 1014/1509/1041
f 1006/1499/1042 1014/1509/1042 1007/1500/1042
f 671/1054/1043 539/1056/1043 979/1472/1043
f 979/1472/1044 981/1474/1044 671/1054/1044
f 671/1054/1045 981/1474/1045 1015/1510/1045
f 671/1054/1046 1015/1510/1046 674/1059/1046
f 674/1059/1047 1015/1510/1047 1016/1511/1047
f 674/1059/1048 1016/1511/1048 672/1057/1048
f 1016/1512/1049 1017/1513/1049 672/1514/1049
f 672/1514/1050 1017/1513/1050 1018/1515/1050
f 672/1514/1051 1018/1515/1051 686/1073/1051
f 686/1073/1052 1018/1515/1052 1019/1516/1052
f 686/1073/1053 1019/1516/1053 684/1071/1053
f 684/1071/1054 1019/1516/1054 1020/1517/1054
f 684/1071/1055 1020/1517/1055 682/1518/1055
f 682/1518/1056 1020/1517/1056 1021/1519/1056
f 682/1518/1057 1021/1519/1057 681/1520/1057
f 681/1520/1058 1021/1519/1058 680/1521/1058
f 1021/1519/1059 1022/1522/1059 680/1521/1059
f 680/1521/1060 1022/1522/1060 1023/1523/1060
f 680/1521/1061 1023/1523/1061 678/1524/1061
f 678/1524/1062 1023/1523/1062 982/1475/1062
f 678/1524/1063 982/1475/1063 675/1525/1063
f 675/1525/1064 982/1475/1064 984/1477/1064
f 675/1525/1065 984/1477/1065 676/1526/1065
f 980/1473/1066 1014/1509/1066 981/1474/1066
f 981/1474/1067 1014/1509/1067 1013/1508/1067
f 981/1474/1068 1013/1508/1068 1015/1510/1068
f 1015/1510/1068 1013/1508/1068 1011/1506/1068
f 1015/1510/1069 1011/1506/1069 1016/1511/1069
f 1016/1511/1069 1011/1506/1069 1009/1527/1069
f 1016/1512/1070 1009/1502/1070 1017/1513/1070
f 1017/1513/1070 1009/1502/1070 1008/1501/1070
f 1017/1513/1071 1008/1501/1071 1018/1515/1071
f 1018/1515/1071 1008/1501/1071 1001/1494/1071
f 1018/1515/1072 1001/1494/1072 1019/1516/1072
f 1019/1516/1072 1001/1494/1072 1000/1493/1072
f 1019/1516/1073 1000/1493/1073 1020/1517/1073
f 1020/1517/1073 1000/1493/1073 998/1491/1073
f 1020/1517/1074 998/1491/1074 1021/1519/1074
f 1021/1519/1074 998/1491/1074 996/1489/1074
f 1021/1519/1075 996/1489/1075 1022/1522/1075
f 1022/1522/1075 996/1489/1075 993/1486/1075
f 1022/1522/1076 993/1486/1076 1023/1523/1076
f 1023/1523/1076 993/1486/1076 991/1484/1076
f 1023/1523/1077 991/1484/1077 982/1475/1077
f 982/1475/1077 991/1484/1077 987/1480/1077
f 982/1475/1078 987/1480/1078 983/1476/1078
f 983/1476/1079 987/1480/1079 989/1482/1079
f 1024/1528/1080 1025/1529/1080 1026/1530/1080
f 1027/1531/1081 1028/1532/1081 1029/1533/1081
f 1029/1533/1082 1028/1532/1082 1030/1534/1082
f 1029/1533/1083 1030/1534/1083 1031/1535/1083
f 1031/1535/1084 1030/1534/1084 1032/1536/1084
f 1031/1535/1085 1032/1536/1085 1033/1537/1085
f 1033/1538/1086 1032/1539/1086 1034/1540/1086
f 1033/1538/1087 1034/1540/1087 1035/1541/1087
f 1035/1541/1088 1034/1540/1088 1036/1542/1088
f 1035/1541/1089 1036/1542/1089 1026/1530/1089
f 1026/1530/1090 1036/1542/1090 1037/1543/1090
f 1026/1530/1091 1037/1543/1091 1024/1528/1091
f 1024/1528/1092 1037/1543/1092 1038/1544/1092
f 1039/1545/1093 1040/1546/1093 1027/1531/1093
f 1041/1547/1094 1042/1548/1094 1029/1533/1094
f 1029/1533/1095 1042/1548/1095 1043/1549/1095
f 1043/1549/1096 1044/1550/1096 1029/1533/1096
f 1029/1533/1097 1044/1550/1097 1045/1551/1097
f 1029/1533/1098 1045/1551/1098 1027/1531/1098
f 1027/1531/1099 1045/1551/1099 1046/1552/1099
f 1027/1531/1100 1046/1552/1100 1039/1545/1100
f 1047/1553/1101 1048/1554/1101 1029/1533/1101
f 1049/1555/1102 1050/1556/1102 1051/1557/1102
f 1051/1557/1103 1050/1556/1103 1052/1558/1103
f 1047/1553/1104 1029/1533/1104 1053/1559/1104
f 1052/1558/1105 1054/1560/1105 1051/1557/1105
f 1051/1557/1106 1054/1560/1106 1055/1561/1106
f 1051/1557/1107 1055/1561/1107 1056/1562/1107
f 1048/1554/1108 1057/1563/1108 1029/1533/1108
f 1029/1533/1109 1057/1563/1109 1058/1564/1109
f 1029/1533/1110 1058/1564/1110 1041/1547/1110
f 1059/1565/1111 1060/1566/1111 1061/1567/1111
f 1061/1567/1112 1060/1566/1112 1062/1568/1112
f 1061/1567/1113 1062/1568/1113 1063/1569/1113
f 1063/1569/1114 1064/1570/1114 1061/1567/1114
f 1061/1567/1115 1064/1570/1115 1065/1571/1115
f 1061/1567/1116 1065/1571/1116 1066/1572/1116
f 1067/1573/1117 1068/1574/1117 1051/1557/1117
f 1051/1557/1118 1068/1574/1118 1069/1575/1118
f 1051/1557/1119 1069/1575/1119 1049/1555/1119
f 1070/1576/1120 1071/1577/1120 1061/1567/1120
f 1061/1567/1121 1071/1577/1121 1072/1578/1121
f 1061/1567/1122 1072/1578/1122 1059/1565/1122
f 1070/1576/1123 983/1476/1123 1073/1579/1123
f 1073/1579/1124 983/1476/1124 989/1482/1124
f 1070/1576/1125 1061/1567/1125 983/1476/1125
f 983/1476/1126 1061/1567/1126 1074/1580/1126
f 983/1476/1127 1074/1580/1127 984/1477/1127
f 984/1477/1128 1074/1580/1128 1075/1581/1128
f 984/1477/1129 1075/1581/1129 676/1526/1129
f 676/1061/1130 1075/1582/1130 1076/1583/1130
f 676/1061/1131 1076/1583/1131 947/1437/1131
f 947/1437/1132 1076/1583/1132 1077/1584/1132
f 947/1437/1133 1077/1584/1133 942/1432/1133
f 942/1432/1134 1077/1584/1134 943/1433/1134
f 943/1433/1135 1077/1584/1135 1078/1585/1135
f 943/1433/1136 1078/1585/1136 946/1436/1136
f 1079/1586/1137 1078/1585/1137 1080/1587/1137
f 1080/1587/1138 1078/1585/1138 1077/1584/1138
f 1080/1587/1139 1077/1584/1139 1081/1588/1139
f 1081/1588/1140 1077/1584/1140 1076/1583/1140
f 1081/1588/1141 1076/1583/1141 1082/1589/1141
f 1082/1589/1142 1076/1583/1142 1075/1582/1142
f 1082/1590/1143 1075/1581/1143 1083/1591/1143
f 1083/1591/1144 1075/1581/1144 1074/1580/1144
f 1083/1591/1145 1074/1580/1145 1051/1557/1145
f 1051/1557/1146 1074/1580/1146 1061/1567/1146
f 1051/1557/1147 1061/1567/1147 1067/1573/1147
f 1067/1573/1148 1061/1567/1148 1066/1572/1148
f 1025/1592/1149 1079/1586/1149 1026/1593/1149
f 1026/1593/1150 1079/1586/1150 1080/1587/1150
f 1026/1593/1151 1080/1587/1151 1035/1594/1151
f 1035/1594/1152 1080/1587/1152 1081/1588/1152
f 1035/1594/1153 1081/1588/1153 1033/1595/1153
f 1033/1595/1154 1081/1588/1154 1082/1589/1154
f 1033/1537/1155 1082/1590/1155 1031/1535/1155
f 1031/1535/1156 1082/1590/1156 1083/1591/1156
f 1031/1535/1157 1083/1591/1157 1029/1533/1157
f 1029/1533/1158 1083/1591/1158 1051/1557/1158
f 1029/1533/1159 1051/1557/1159 1053/1559/1159
f 1053/1559/1160 1051/1557/1160 1056/1562/1160
f 1084/1596/82 1085/1597/82 1086/1598/82
f 1086/1598/82 1085/1597/82 1087/1599/82
f 1087/1599/82 1085/1597/82 1088/1600/82
f 1087/1599/82 1088/1600/82 1089/1601/82
f 1090/1602/82 1091/1603/82 1092/1604/82
f 1093/1605/82 1094/1606/82 1095/1607/82
f 1095/1608/82 1094/1609/82 1096/1610/82
f 1095/1607/82 1096/1611/82 1097/1612/82
f 1098/1613/82 1099/1614/82 1100/1615/82
f 1100/1615/82 1099/1614/82 1101/1616/82
f 1100/1615/82 1101/1616/82 1093/1605/82
f 1093/1605/82 1101/1616/82 1102/1617/82
f 1093/1605/82 1102/1617/82 1094/1606/82
f 1089/1601/82 1088/1600/82 1103/1618/82
f 1103/1618/82 1088/1600/82 1104/1619/82
f 1103/1618/82 1104/1619/82 1105/1620/82
f 1090/1602/82 1106/1621/82 1091/1603/82
f 1091/1603/82 1106/1621/82 1107/1622/82
f 1091/1603/82 1107/1622/82 1104/1619/82
f 1104/1619/82 1107/1622/82 1108/1623/82
f 1104/1619/82 1108/1623/82 1105/1620/82
f 1109/1624/82 1110/1625/82 1098/1613/82
f 1098/1613/82 1110/1625/82 1111/1626/82
f 1098/1613/82 1111/1626/82 1099/1614/82
f 1086/1598/82 1112/1627/82 1084/1596/82
f 1084/1596/82 1112/1627/82 1113/1628/82
f 1084/1596/82 1113/1628/82 1109/1624/82
f 1109/1624/82 1113/1628/82 1114/1629/82
f 1109/1624/82 1114/1629/82 1110/1625/82
f 1096/1610/82 1115/1630/82 1097/1631/82
f 1097/1631/82 1115/1630/82 1116/1632/82
f 1097/1612/82 1116/1633/82 1117/1634/82
f 1117/1635/82 1116/1632/82 1118/1636/82
f 1117/1634/82 1118/1637/82 1119/1638/82
f 1119/1638/82 1118/1637/82 1120/1639/82
f 1120/1639/82 1121/1640/82 1119/1638/82
f 1119/1638/82 1121/1640/82 1122/1641/82
f 1119/1638/82 1122/1641/82 1092/1604/82
f 1092/1604/82 1122/1641/82 1123/1642/82
f 1092/1604/82 1123/1642/82 1090/1602/82
f 1124/1643/1161 1115/1644/1161 1125/1645/1161
f 1125/1645/1162 1115/1644/1162 1096/1646/1162
f 1126/1647/82 1124/1648/82 1127/1649/82
f 1127/1649/82 1124/1648/82 1125/1650/82
f 1091/1651/83 1104/1652/83 1128/1653/83
f 1119/1654/85 1129/1655/85 1117/1656/85
f 1117/1656/85 1129/1655/85 1130/1657/85
f 1085/1658/84 1084/1659/84 1131/1660/84
f 1131/1660/84 1132/1661/84 1085/1658/84
f 1085/1658/86 1132/1661/86 1133/1662/86
f 1085/1658/87 1133/1662/87 1088/1663/87
f 1133/1662/88 1134/1664/88 1088/1663/88
f 1088/1665/89 1134/1666/89 1135/1667/89
f 1088/1665/90 1135/1667/90 1104/1652/90
f 1104/1652/91 1135/1667/91 1136/1668/91
f 1104/1652/92 1136/1668/92 1128/1653/92
f 1128/1653/83 1137/1669/83 1091/1651/83
f 1091/1651/93 1137/1669/93 1138/1670/93
f 1091/1651/94 1138/1670/94 1092/1671/94
f 1138/1670/95 1139/1672/95 1092/1671/95
f 1092/1671/183 1139/1672/183 1140/1673/183
f 1092/1674/97 1140/1675/97 1119/1654/97
f 1119/1654/98 1140/1675/98 1141/1676/98
f 1119/1654/184 1141/1676/184 1129/1655/184
f 1117/1656/100 1130/1657/100 1097/1677/100
f 1097/1677/100 1130/1657/100 1142/1678/100
f 1142/1678/185 1143/1679/185 1097/1677/185
f 1097/1677/102 1143/1679/102 1144/1680/102
f 1097/1677/103 1144/1680/103 1095/1681/103
f 1144/1682/104 1145/1683/104 1095/1684/104
f 1095/1684/105 1145/1683/105 1146/1685/105
f 1095/1684/106 1146/1685/106 1093/1686/106
f 1093/1686/107 1146/1685/107 1147/1687/107
f 1093/1686/108 1147/1687/108 1100/1688/108
f 1148/1689/109 1098/1690/109 1149/1691/109
f 1149/1691/110 1098/1690/110 1100/1688/110
f 1149/1691/111 1100/1688/111 1150/1692/111
f 1150/1692/108 1100/1688/108 1147/1687/108
f 1131/1660/112 1084/1659/112 1151/1693/112
f 1151/1693/112 1084/1659/112 1109/1694/112
f 1151/1693/113 1109/1694/113 1152/1695/113
f 1152/1695/114 1109/1694/114 1098/1696/114
f 1152/1695/115 1098/1696/115 1153/1697/115
f 1153/1698/116 1098/1690/116 1148/1689/116
f 1154/1699/82 1155/1700/82 1137/1701/82
f 1137/1701/82 1155/1700/82 1138/1702/82
f 1137/1701/82 1128/1703/82 1154/1699/82
f 1154/1699/82 1128/1703/82 1136/1704/82
f 1154/1699/82 1136/1704/82 1156/1705/82
f 1157/1706/82 1132/1707/82 1158/1708/82
f 1158/1708/82 1132/1707/82 1131/1709/82
f 1158/1708/82 1131/1709/82 1159/1710/82
f 1159/1710/82 1131/1709/82 1151/1711/82
f 1136/1704/82 1135/1712/82 1156/1705/82
f 1156/1705/82 1135/1712/82 1134/1713/82
f 1156/1705/82 1134/1713/82 1157/1706/82
f 1157/1706/82 1134/1713/82 1133/1714/82
f 1157/1706/82 1133/1714/82 1132/1707/82
f 1160/1715/82 1161/1716/82 1146/1717/82
f 1162/1718/82 1150/1719/82 1161/1716/82
f 1161/1716/82 1150/1719/82 1147/1720/82
f 1161/1716/82 1147/1720/82 1146/1717/82
f 1138/1702/82 1155/1700/82 1139/1721/82
f 1139/1721/82 1155/1700/82 1163/1722/82
f 1139/1721/82 1163/1722/82 1140/1723/82
f 1140/1723/82 1163/1722/82 1164/1724/82
f 1140/1723/82 1164/1724/82 1141/1725/82
f 1165/1726/82 1142/1727/82 1166/1728/82
f 1166/1728/82 1142/1727/82 1130/1729/82
f 1166/1728/82 1130/1729/82 1164/1724/82
f 1164/1724/82 1130/1729/82 1129/1730/82
f 1164/1724/82 1129/1730/82 1141/1725/82
f 1146/1717/82 1145/1731/82 1160/1715/82
f 1160/1715/82 1145/1731/82 1144/1732/82
f 1160/1715/82 1144/1732/82 1165/1726/82
f 1165/1726/82 1144/1732/82 1143/1733/82
f 1165/1726/82 1143/1733/82 1142/1727/82
f 1151/1711/82 1152/1734/82 1159/1710/82
f 1159/1710/82 1152/1734/82 1153/1735/82
f 1159/1710/82 1153/1735/82 1167/1736/82
f 1167/1736/82 1153/1735/82 1148/1737/82
f 1167/1736/82 1148/1737/82 1162/1718/82
f 1162/1718/82 1148/1737/82 1149/1738/82
f 1162/1718/82 1149/1738/82 1150/1719/82
f 1165/1726/1163 1166/1728/1163 1168/1739/1163
f 1159/1740/119 1169/1741/119 1158/1742/119
f 1158/1742/118 1169/1741/118 1170/1743/118
f 1168/1739/127 1171/1744/127 1165/1726/127
f 1165/1726/1164 1171/1744/1164 1172/1745/1164
f 1165/1726/1165 1172/1745/1165 1160/1715/1165
f 1160/1715/1166 1172/1745/1166 1173/1746/1166
f 1160/1715/124 1173/1746/124 1161/1716/124
f 1161/1716/123 1173/1746/123 1174/1747/123
f 1161/1748/122 1174/1749/122 1162/1750/122
f 1162/1750/122 1174/1749/122 1175/1751/122
f 1162/1750/121 1175/1751/121 1167/1752/121
f 1167/1752/121 1175/1751/121 1176/1753/121
f 1167/1754/120 1176/1755/120 1159/1740/120
f 1159/1740/1167 1176/1755/1167 1177/1756/1167
f 1159/1740/1168 1177/1756/1168 1169/1741/1168
f 1157/1757/128 1158/1742/128 1170/1743/128
f 1164/1724/129 1178/1758/129 1166/1728/129
f 1166/1728/1169 1178/1758/1169 1168/1739/1169
f 1170/1743/130 1179/1759/130 1157/1757/130
f 1157/1757/131 1179/1759/131 1180/1760/131
f 1157/1757/132 1180/1760/132 1156/1761/132
f 1180/1760/133 1181/1762/133 1156/1761/133
f 1156/1763/134 1181/1764/134 1182/1765/134
f 1156/1763/135 1182/1765/135 1154/1766/135
f 1182/1765/187 1183/1767/187 1154/1766/187
f 1154/1766/137 1183/1767/137 1184/1768/137
f 1154/1766/138 1184/1768/138 1155/1769/138
f 1155/1769/139 1184/1768/139 1185/1770/139
f 1155/1700/140 1185/1771/140 1163/1722/140
f 1185/1770/141 1186/1772/141 1163/1773/141
f 1163/1722/142 1186/1774/142 1187/1775/142
f 1163/1722/143 1187/1775/143 1164/1724/143
f 1164/1724/144 1187/1775/144 1188/1776/144
f 1164/1724/145 1188/1776/145 1178/1758/145
f 1189/1777/1170 1170/1743/1170 1190/1778/1170
f 1190/1778/1171 1170/1743/1171 1169/1741/1171
f 1168/1779/151 1191/1780/151 1171/1781/151
f 1171/1781/1172 1191/1780/1172 1192/1782/1172
f 1171/1781/1173 1192/1782/1173 1172/1783/1173
f 1172/1783/1174 1192/1782/1174 1193/1784/1174
f 1172/1783/1175 1193/1784/1175 1173/1785/1175
f 1173/1786/1176 1193/1787/1176 1194/1788/1176
f 1173/1786/1177 1194/1788/1177 1174/1749/1177
f 1174/1749/1178 1194/1788/1178 1195/1789/1178
f 1174/1749/1178 1195/1789/1178 1175/1751/1178
f 1175/1751/1179 1195/1789/1179 1196/1790/1179
f 1175/1751/1180 1196/1790/1180 1176/1753/1180
f 1176/1755/1181 1196/1791/1181 1190/1778/1181
f 1176/1755/1182 1190/1778/1182 1177/1756/1182
f 1177/1756/1183 1190/1778/1183 1169/1741/1183
f 1168/1779/1184 1178/1792/1184 1191/1780/1184
f 1191/1780/1185 1178/1792/1185 1197/1793/1185
f 1178/1792/154 1188/1794/154 1197/1793/154
f 1197/1793/1186 1188/1794/1186 1187/1795/1186
f 1197/1796/1187 1187/1797/1187 1198/1798/1187
f 1187/1797/157 1186/1772/157 1198/1798/157
f 1198/1798/1188 1186/1772/1188 1185/1770/1188
f 1198/1798/1189 1185/1770/1189 1199/1799/1189
f 1185/1770/160 1184/1768/160 1199/1799/160
f 1199/1799/161 1184/1768/161 1183/1767/161
f 1199/1799/162 1183/1767/162 1200/1800/162
f 1183/1767/163 1182/1765/163 1200/1800/163
f 1200/1800/164 1182/1765/164 1181/1764/164
f 1200/1800/165 1181/1764/165 1201/1801/165
f 1170/1743/166 1189/1777/166 1179/1759/166
f 1179/1759/167 1189/1777/167 1201/1802/167
f 1179/1759/168 1201/1802/168 1180/1760/168
f 1180/1760/169 1201/1802/169 1181/1762/169
f 1202/1803/1190 1189/1777/1190 1190/1778/1190
f 1202/1804/1191 1195/1805/1191 1194/1806/1191
f 1196/1807/1192 1195/1805/1192 1202/1804/1192
f 1190/1808/1193 1196/1807/1193 1202/1804/1193
f 1202/1804/1194 1192/1809/1194 1191/1810/1194
f 1193/1811/1195 1192/1809/1195 1202/1804/1195
f 1194/1806/1196 1193/1811/1196 1202/1804/1196
f 1202/1804/177 1198/1812/177 1199/1813/177
f 1197/1814/178 1198/1812/178 1202/1804/178
f 1191/1810/179 1197/1814/179 1202/1804/179
f 1202/1803/180 1201/1802/180 1189/1777/180
f 1200/1815/181 1201/1816/181 1202/1804/181
f 1199/1813/182 1200/1815/182 1202/1804/182
f 1203/1817/82 1204/1818/82 1205/1819/82
f 1205/1819/82 1204/1818/82 1206/1820/82
f 1205/1819/82 1206/1820/82 1207/1821/82
f 1208/1822/82 1209/1823/82 1210/1824/82
f 1210/1824/82 1209/1823/82 1211/1825/82
f 1212/1826/82 1213/1827/82 1214/1828/82
f 1214/1828/82 1213/1827/82 1215/1829/82
f 1206/1820/82 1216/1830/82 1207/1821/82
f 1207/1821/82 1216/1830/82 1217/1831/82
f 1207/1821/82 1217/1831/82 1218/1832/82
f 1219/1833/82 1220/1834/82 1203/1817/82
f 1203/1817/82 1220/1834/82 1221/1835/82
f 1203/1817/82 1221/1835/82 1204/1818/82
f 1213/1827/82 1222/1836/82 1215/1829/82
f 1215/1829/82 1222/1836/82 1223/1837/82
f 1215/1829/82 1223/1837/82 1210/1824/82
f 1210/1824/82 1223/1837/82 1224/1838/82
f 1210/1824/82 1224/1838/82 1208/1822/82
f 1212/1826/82 1214/1828/82 1225/1839/82
f 1225/1839/82 1214/1828/82 1226/1840/82
f 1225/1839/82 1226/1840/82 1227/1841/82
f 1228/1842/82 1229/1843/82 1230/1844/82
f 1230/1844/82 1229/1843/82 1231/1845/82
f 1230/1844/82 1231/1845/82 1226/1840/82
f 1226/1840/82 1231/1845/82 1232/1846/82
f 1226/1840/82 1232/1846/82 1227/1841/82
f 1217/1831/82 1233/1847/82 1218/1832/82
f 1218/1832/82 1233/1847/82 1234/1848/82
f 1218/1832/82 1234/1848/82 1228/1842/82
f 1228/1842/82 1234/1848/82 1235/1849/82
f 1228/1842/82 1235/1849/82 1229/1843/82
f 1209/1823/82 1236/1850/82 1211/1825/82
f 1211/1825/82 1236/1850/82 1237/1851/82
f 1211/1825/82 1237/1851/82 1238/1852/82
f 1238/1852/82 1237/1851/82 1239/1853/82
f 1238/1852/82 1239/1853/82 1240/1854/82
f 1240/1854/82 1239/1853/82 1241/1855/82
f 1240/1854/82 1241/1855/82 1219/1833/82
f 1219/1833/82 1241/1855/82 1242/1856/82
f 1219/1833/82 1242/1856/82 1220/1834/82
f 1243/1857/1197 1221/1858/1197 1244/1859/1197
f 1244/1859/1197 1221/1858/1197 1220/1860/1197
f 1205/1861/83 1207/1862/83 1245/1863/83
f 1228/1864/84 1230/1865/84 1246/1866/84
f 1219/1867/85 1247/1868/85 1240/1869/85
f 1240/1869/85 1247/1868/85 1248/1870/85
f 1246/1866/84 1249/1871/84 1228/1864/84
f 1228/1864/86 1249/1871/86 1250/1872/86
f 1228/1864/87 1250/1872/87 1218/1873/87
f 1250/1872/88 1251/1874/88 1218/1873/88
f 1218/1875/1198 1251/1876/1198 1252/1877/1198
f 1218/1875/90 1252/1877/90 1207/1862/90
f 1207/1862/91 1252/1877/91 1253/1878/91
f 1207/1862/1199 1253/1878/1199 1245/1863/1199
f 1245/1863/83 1254/1879/83 1205/1861/83
f 1205/1861/1200 1254/1879/1200 1255/1880/1200
f 1205/1861/94 1255/1880/94 1203/1881/94
f 1255/1880/95 1256/1882/95 1203/1881/95
f 1203/1881/1201 1256/1882/1201 1257/1883/1201
f 1203/1884/97 1257/1885/97 1219/1867/97
f 1219/1867/98 1257/1885/98 1258/1886/98
f 1219/1867/99 1258/1886/99 1247/1868/99
f 1240/1869/100 1248/1870/100 1238/1887/100
f 1238/1887/100 1248/1870/100 1259/1888/100
f 1259/1888/101 1260/1889/101 1238/1887/101
f 1238/1887/102 1260/1889/102 1261/1890/102
f 1238/1887/103 1261/1890/103 1211/1891/103
f 1261/1892/104 1262/1893/104 1211/1894/104
f 1211/1894/105 1262/1893/105 1263/1895/105
f 1211/1894/106 1263/1895/106 1210/1896/106
f 1210/1896/107 1263/1895/107 1264/1897/107
f 1210/1896/108 1264/1897/108 1215/1898/108
f 1265/1899/109 1214/1900/109 1266/1901/109
f 1266/1901/110 1214/1900/110 1215/1898/110
f 1266/1901/111 1215/1898/111 1267/1902/111
f 1267/1902/108 1215/1898/108 1264/1897/108
f 1246/1866/112 1230/1865/112 1268/1903/112
f 1268/1903/112 1230/1865/112 1226/1904/112
f 1268/1903/1202 1226/1904/1202 1269/1905/1202
f 1269/1905/114 1226/1904/114 1214/1906/114
f 1269/1905/115 1214/1906/115 1270/1907/115
f 1270/1908/116 1214/1900/116 1265/1899/116
f 1255/1909/82 1254/1910/82 1271/1911/82
f 1271/1911/82 1254/1910/82 1272/1912/82
f 1268/1913/82 1273/1914/82 1246/1915/82
f 1246/1915/82 1273/1914/82 1274/1916/82
f 1246/1915/82 1274/1916/82 1249/1917/82
f 1249/1917/82 1274/1916/82 1275/1918/82
f 1254/1910/82 1245/1919/82 1272/1912/82
f 1272/1912/82 1245/1919/82 1253/1920/82
f 1272/1912/82 1253/1920/82 1276/1921/82
f 1277/1922/82 1278/1923/82 1263/1924/82
f 1279/1925/82 1267/1926/82 1278/1923/82
f 1278/1923/82 1267/1926/82 1264/1927/82
f 1278/1923/82 1264/1927/82 1263/1924/82
f 1253/1920/82 1252/1928/82 1276/1921/82
f 1276/1921/82 1252/1928/82 1251/1929/82
f 1276/1921/82 1251/1929/82 1275/1918/82
f 1275/1918/82 1251/1929/82 1250/1930/82
f 1275/1918/82 1250/1930/82 1249/1917/82
f 1255/1909/82 1271/1911/82 1256/1931/82
f 1256/1931/82 1271/1911/82 1280/1932/82
f 1256/1931/82 1280/1932/82 1257/1933/82
f 1257/1933/82 1280/1932/82 1281/1934/82
f 1257/1933/82 1281/1934/82 1258/1935/82
f 1282/1936/82 1259/1937/82 1283/1938/82
f 1283/1938/82 1259/1937/82 1248/1939/82
f 1283/1938/82 1248/1939/82 1281/1934/82
f 1281/1934/82 1248/1939/82 1247/1940/82
f 1281/1934/82 1247/1940/82 1258/1935/82
f 1263/1924/82 1262/1941/82 1277/1922/82
f 1277/1922/82 1262/1941/82 1261/1942/82
f 1277/1922/82 1261/1942/82 1282/1936/82
f 1282/1936/82 1261/1942/82 1260/1943/82
f 1282/1936/82 1260/1943/82 1259/1937/82
f 1268/1913/82 1269/1944/82 1273/1914/82
f 1273/1914/82 1269/1944/82 1270/1945/82
f 1273/1914/82 1270/1945/82 1284/1946/82
f 1284/1946/82 1270/1945/82 1265/1947/82
f 1284/1946/82 1265/1947/82 1279/1925/82
f 1279/1925/82 1265/1947/82 1266/1948/82
f 1279/1925/82 1266/1948/82 1267/1926/82
f 1282/1936/1163 1283/1938/1163 1285/1949/1163
f 1273/1950/119 1286/1951/119 1274/1952/119
f 1274/1952/118 1286/1951/118 1287/1953/118
f 1285/1949/1203 1288/1954/1203 1282/1936/1203
f 1282/1936/1204 1288/1954/1204 1289/1955/1204
f 1282/1936/1205 1289/1955/1205 1277/1922/1205
f 1289/1955/1206 1290/1956/1206 1277/1922/1206
f 1277/1922/1207 1290/1956/1207 1291/1957/1207
f 1277/1922/1208 1291/1957/1208 1278/1923/1208
f 1278/1923/1209 1291/1957/1209 1292/1958/1209
f 1278/1959/1210 1292/1960/1210 1279/1961/1210
f 1292/1960/1211 1293/1962/1211 1279/1961/1211
f 1279/1961/1212 1293/1962/1212 1294/1963/1212
f 1279/1961/121 1294/1963/121 1284/1964/121
f 1294/1963/1213 1295/1965/1213 1284/1964/1213
f 1284/1964/1214 1295/1965/1214 1296/1966/1214
f 1284/1967/120 1296/1968/120 1273/1950/120
f 1273/1950/1215 1296/1968/1215 1297/1969/1215
f 1273/1950/1216 1297/1969/1216 1286/1951/1216
f 1275/1970/128 1274/1952/128 1287/1953/128
f 1281/1934/129 1298/1971/129 1283/1938/129
f 1283/1938/1169 1298/1971/1169 1285/1949/1169
f 1287/1953/130 1299/1972/130 1275/1970/130
f 1275/1970/131 1299/1972/131 1300/1973/131
f 1275/1970/132 1300/1973/132 1276/1974/132
f 1300/1973/133 1301/1975/133 1276/1974/133
f 1276/1976/134 1301/1977/134 1302/1978/134
f 1276/1976/135 1302/1978/135 1272/1979/135
f 1302/1978/136 1303/1980/136 1272/1979/136
f 1272/1979/137 1303/1980/137 1304/1981/137
f 1272/1979/138 1304/1981/138 1271/1982/138
f 1271/1982/139 1304/1981/139 1305/1983/139
f 1271/1911/140 1305/1984/140 1280/1932/140
f 1305/1983/141 1306/1985/141 1280/1986/141
f 1280/1932/142 1306/1987/142 1307/1988/142
f 1280/1932/143 1307/1988/143 1281/1934/143
f 1281/1934/1217 1307/1988/1217 1308/1989/1217
f 1281/1934/145 1308/1989/145 1298/1971/145
f 1285/1990/151 1309/1991/151 1288/1992/151
f 1288/1992/1172 1309/1991/1172 1310/1993/1172
f 1288/1992/1218 1310/1993/1218 1289/1994/1218
f 1289/1994/1219 1310/1993/1219 1311/1995/1219
f 1289/1994/1220 1311/1995/1220 1290/1996/1220
f 1290/1996/1221 1311/1995/1221 1312/1997/1221
f 1290/1998/1222 1312/1999/1222 1291/2000/1222
f 1291/2000/1223 1312/1999/1223 1313/2001/1223
f 1291/2000/1224 1313/2001/1224 1292/1960/1224
f 1292/1960/1225 1313/2001/1225 1314/2002/1225
f 1292/1960/1226 1314/2002/1226 1293/1962/1226
f 1293/1962/1227 1314/2002/1227 1315/2003/1227
f 1293/1962/1228 1315/2003/1228 1294/1963/1228
f 1294/1963/1229 1315/2003/1229 1316/2004/1229
f 1294/1963/1230 1316/2004/1230 1295/1965/1230
f 1295/1965/1231 1316/2004/1231 1317/2005/1231
f 1295/1965/1232 1317/2005/1232 1296/1966/1232
f 1296/1966/1233 1317/2005/1233 1318/2006/1233
f 1296/1968/1234 1318/2007/1234 1297/1969/1234
f 1297/1969/1235 1318/2007/1235 1319/2008/1235
f 1297/1969/1236 1319/2008/1236 1286/1951/1236
f 1286/1951/1237 1319/2008/1237 1320/2009/1237
f 1286/1951/1171 1320/2009/1171 1287/1953/1171
f 1287/1953/1170 1320/2009/1170 1321/2010/1170
f 1285/1990/1184 1298/2011/1184 1309/1991/1184
f 1309/1991/1185 1298/2011/1185 1322/2012/1185
f 1298/2011/154 1308/2013/154 1322/2012/154
f 1322/2012/1186 1308/2013/1186 1307/2014/1186
f 1322/2015/1187 1307/2016/1187 1323/2017/1187
f 1307/2018/157 1306/1985/157 1323/2019/157
f 1323/2019/1188 1306/1985/1188 1305/1983/1188
f 1323/2017/1189 1305/2020/1189 1324/2021/1189
f 1305/1983/160 1304/1981/160 1324/2022/160
f 1324/2022/161 1304/1981/161 1303/1980/161
f 1324/2021/162 1303/2023/162 1325/2024/162
f 1303/1980/163 1302/1978/163 1325/2025/163
f 1325/2025/164 1302/1978/164 1301/1977/164
f 1325/2024/165 1301/2026/165 1326/2027/165
f 1287/1953/166 1321/2010/166 1299/1972/166
f 1299/1972/167 1321/2010/167 1326/2028/167
f 1299/1972/168 1326/2028/168 1300/1973/168
f 1300/1973/169 1326/2028/169 1301/1975/169
f 1327/2029/1190 1321/2010/1190 1320/2009/1190
f 1319/2030/1238 1318/2031/1238 1327/2032/1238
f 1317/2033/1239 1316/2034/1239 1327/2032/1239
f 1315/2035/1240 1314/2036/1240 1327/2032/1240
f 1313/2037/1241 1312/2038/1241 1327/2032/1241
f 1327/2032/1194 1310/2039/1194 1309/2040/1194
f 1311/2041/1242 1310/2039/1242 1327/2032/1242
f 1312/2038/1243 1311/2041/1243 1327/2032/1243
f 1314/2036/1244 1313/2037/1244 1327/2032/1244
f 1316/2034/1245 1315/2035/1245 1327/2032/1245
f 1318/2031/1246 1317/2033/1246 1327/2032/1246
f 1320/2042/1247 1319/2030/1247 1327/2032/1247
f 1327/2032/177 1323/2043/177 1324/2044/177
f 1322/2045/178 1323/2043/178 1327/2032/178
f 1309/2040/179 1322/2045/179 1327/2032/179
f 1327/2029/180 1326/2028/180 1321/2010/180
f 1325/2046/181 1326/2047/181 1327/2032/181
f 1324/2044/182 1325/2046/182 1327/2032/182
f 1328/2048/1248 1329/2049/1248 1330/2050/1248
f 1331/2051/1249 1332/2052/1249 1333/2053/1249
f 1333/2053/1250 1334/2054/1250 1331/2051/1250
f 1331/2055/1251 1334/2056/1251 1335/2057/1251
f 1331/2055/1252 1335/2057/1252 1336/2058/1252
f 1337/2059/1253 1338/2060/1253 1339/2061/1253
f 1336/2058/1254 1335/2057/1254 1339/2061/1254
f 1339/2061/1255 1335/2057/1255 1340/2062/1255
f 1339/2061/1256 1340/2062/1256 1337/2059/1256
f 1338/2060/1257 1337/2059/1257 1341/2063/1257
f 1341/2063/1258 1337/2059/1258 1342/2064/1258
f 1341/2063/1259 1342/2064/1259 1343/2065/1259
f 1330/2050/1260 1344/2066/1260 1328/2048/1260
f 1328/2048/1261 1344/2066/1261 1345/2067/1261
f 1328/2048/1262 1345/2067/1262 1346/2068/1262
f 1346/2068/1263 1345/2067/1263 1347/2069/1263
f 1346/2068/1264 1347/2069/1264 1348/2070/1264
f 1348/2070/1265 1347/2069/1265 1349/2071/1265
f 1348/2072/1266 1349/2073/1266 1343/2065/1266
f 1343/2065/1267 1349/2073/1267 1350/2074/1267
f 1343/2065/1268 1350/2074/1268 1341/2063/1268
f 1350/2075/1269 1351/2076/1269 1341/2077/1269
f 1341/2077/1270 1351/2076/1270 1338/2078/1270
f 1330/2079/1271 1352/2080/1271 1344/2081/1271
f 1344/2081/1272 1352/2080/1272 1353/2082/1272
f 1344/2081/1273 1353/2082/1273 1345/2083/1273
f 1345/2083/1274 1353/2082/1274 1354/2084/1274
f 1345/2083/1275 1354/2084/1275 1347/2085/1275
f 1347/2085/1276 1354/2084/1276 1351/2076/1276
f 1347/2085/1277 1351/2076/1277 1349/2086/1277
f 1349/2086/1278 1351/2076/1278 1350/2075/1278
f 1355/2087/1279 1356/2088/1279 1332/2089/1279
f 1351/2076/1280 1357/2090/1280 1338/2078/1280
f 1338/2078/1281 1357/2090/1281 1358/2091/1281
f 1338/2078/1282 1358/2091/1282 1339/2092/1282
f 1339/2092/1283 1358/2091/1283 1359/2093/1283
f 1339/2092/1284 1359/2093/1284 1336/2094/1284
f 1336/2094/1285 1359/2093/1285 1355/2087/1285
f 1336/2094/1286 1355/2087/1286 1331/2095/1286
f 1331/2095/1287 1355/2087/1287 1332/2089/1287
f 1360/2096/1288 1361/2097/1288 1362/2098/1288
f 1363/2099/1289 1364/2100/1289 1365/2101/1289
f 1366/2102/1290 1367/2103/1290 1368/2104/1290
f 1368/2104/1291 1367/2103/1291 1369/2105/1291
f 1368/2106/1292 1369/2107/1292 1370/2108/1292
f 1370/2108/1293 1369/2107/1293 1371/2109/1293
f 1370/2108/1294 1371/2109/1294 1372/2110/1294
f 1372/2110/1295 1371/2109/1295 1373/2111/1295
f 1362/2098/1296 1361/2097/1296 1371/2109/1296
f 1371/2109/1297 1361/2097/1297 1374/2112/1297
f 1371/2109/1298 1374/2112/1298 1373/2111/1298
f 1362/2098/1299 1375/2113/1299 1360/2096/1299
f 1360/2096/1300 1375/2113/1300 1376/2114/1300
f 1360/2096/1301 1376/2114/1301 1377/2115/1301
f 1377/2115/1302 1376/2114/1302 1378/2116/1302
f 1377/2115/1303 1378/2116/1303 1379/2117/1303
f 1379/2117/1304 1378/2116/1304 1380/2118/1304
f 1379/2117/1305 1380/2118/1305 1381/2119/1305
f 1381/2120/1306 1380/2121/1306 1382/2122/1306
f 1365/2101/1307 1383/2123/1307 1363/2099/1307
f 1363/2099/1308 1383/2123/1308 1384/2124/1308
f 1363/2099/1309 1384/2124/1309 1382/2125/1309
f 1382/2125/1310 1384/2124/1310 1385/2126/1310
f 1382/2122/1311 1385/2127/1311 1381/2120/1311
f 1386/2128/1312 1361/2129/1312 1360/2130/1312
f 1387/2131/1313 1379/2132/1313 1388/2133/1313
f 1388/2133/1314 1379/2132/1314 1381/2134/1314
f 1381/2134/1315 1385/2135/1315 1388/2133/1315
f 1388/2133/1316 1385/2135/1316 1384/2136/1316
f 1388/2133/1317 1384/2136/1317 1389/2137/1317
f 1389/2137/1317 1384/2136/1317 1383/2138/1317
f 1389/2137/1318 1383/2138/1318 1365/2139/1318
f 1360/2130/1319 1377/2140/1319 1386/2128/1319
f 1386/2128/1320 1377/2140/1320 1379/2132/1320
f 1386/2128/1321 1379/2132/1321 1390/2141/1321
f 1390/2141/1322 1379/2132/1322 1387/2131/1322
f 1361/2129/1323 1386/2128/1323 1374/2142/1323
f 1374/2142/1324 1386/2128/1324 1391/2143/1324
f 1374/2142/1325 1391/2143/1325 1392/2144/1325
f 1392/2144/1326 1393/2145/1326 1374/2142/1326
f 1374/2142/1327 1393/2145/1327 1394/2146/1327
f 1374/2142/1328 1394/2146/1328 1373/2147/1328
f 1373/2147/1329 1394/2146/1329 1395/2148/1329
f 1396/2149/1330 1397/2150/1330 1366/2151/1330
f 1366/2151/1331 1368/2152/1331 1396/2149/1331
f 1396/2149/1332 1368/2152/1332 1370/2153/1332
f 1396/2149/1333 1370/2153/1333 1395/2148/1333
f 1395/2148/1334 1370/2153/1334 1372/2154/1334
f 1395/2148/1335 1372/2154/1335 1373/2147/1335
f 1398/2155/1336 1399/2156/1336 1400/2157/1336
f 1400/2157/1337 1399/2156/1337 1401/2158/1337
f 1400/2159/1338 1401/2160/1338 1402/2161/1338
f 1403/2162/1248 1404/2163/1248 1405/2164/1248
f 1405/2164/1339 1404/2163/1339 1406/2165/1339
f 1405/2164/1340 1406/2165/1340 1407/2166/1340
f 1406/2165/1341 1408/2167/1341 1407/2166/1341
f 1407/2166/1342 1408/2167/1342 1409/2168/1342
f 1407/2166/1343 1409/2168/1343 1410/2169/1343
f 1410/2169/1344 1409/2168/1344 1411/2170/1344
f 1410/2171/1345 1411/2172/1345 1412/2173/1345
f 1412/2173/1346 1411/2172/1346 1413/2174/1346
f 1412/2173/1347 1413/2174/1347 1414/2175/1347
f 1414/2175/1348 1413/2174/1348 1415/2176/1348
f 1414/2175/1349 1415/2176/1349 1416/2177/1349
f 1416/2177/1350 1415/2176/1350 1417/2178/1350
f 1416/2177/1351 1417/2178/1351 1418/2179/1351
f 1418/2179/1352 1417/2178/1352 1419/2180/1352
f 1418/2179/1353 1419/2180/1353 1402/2161/1353
f 1402/2161/1354 1419/2180/1354 1420/2181/1354
f 1402/2161/1355 1420/2181/1355 1400/2159/1355
f 1421/2182/1356 1417/2183/1356 1422/2184/1356
f 1422/2184/1357 1417/2183/1357 1423/2185/1357
f 1421/2182/1358 1424/2186/1358 1417/2183/1358
f 1417/2183/1359 1424/2186/1359 1425/2187/1359
f 1417/2183/1360 1425/2187/1360 1426/2188/1360
f 1398/2189/1361 1400/2190/1361 1427/2191/1361
f 1427/2191/1362 1400/2190/1362 1420/2192/1362
f 1427/2191/1363 1420/2192/1363 1426/2188/1363
f 1426/2188/1364 1420/2192/1364 1419/2193/1364
f 1426/2188/1365 1419/2193/1365 1417/2183/1365
f 1417/2183/1366 1415/2194/1366 1423/2185/1366
f 1423/2185/1367 1415/2194/1367 1413/2195/1367
f 1423/2185/1368 1413/2195/1368 1411/2196/1368
f 1406/2197/1369 1404/2198/1369 1428/2199/1369
f 1411/2196/1370 1409/2200/1370 1423/2185/1370
f 1423/2185/1371 1409/2200/1371 1408/2201/1371
f 1423/2185/1372 1408/2201/1372 1429/2202/1372
f 1429/2202/1373 1408/2201/1373 1406/2197/1373
f 1429/2202/1374 1406/2197/1374 1430/2203/1374
f 1430/2203/1375 1406/2197/1375 1428/2199/1375
f 1431/2204/1289 1432/2205/1289 1433/2206/1289
f 1434/2207/1376 1435/2208/1376 1436/2209/1376
f 1436/2209/1377 1435/2208/1377 1437/2210/1377
f 1436/2211/1292 1437/2212/1292 1438/2213/1292
f 1438/2213/1293 1437/2212/1293 1439/2214/1293
f 1440/2215/1298 1441/2216/1298 1439/2214/1298
f 1439/2214/1295 1441/2216/1295 1442/2217/1295
f 1439/2214/1294 1442/2217/1294 1438/2213/1294
f 1440/2215/1297 1439/2214/1297 1443/2218/1297
f 1443/2218/1296 1439/2214/1296 1444/2219/1296
f 1443/2218/1288 1444/2219/1288 1445/2220/1288
f 1445/2220/1299 1444/2219/1299 1446/2221/1299
f 1445/2220/1378 1446/2221/1378 1447/2222/1378
f 1446/2221/1379 1448/2223/1379 1447/2222/1379
f 1447/2222/1302 1448/2223/1302 1449/2224/1302
f 1447/2222/1303 1449/2224/1303 1450/2225/1303
f 1450/2225/1304 1449/2224/1304 1451/2226/1304
f 1450/2225/1380 1451/2226/1380 1452/2227/1380
f 1452/2228/1306 1451/2229/1306 1453/2230/1306
f 1433/2206/1307 1454/2231/1307 1431/2204/1307
f 1431/2204/1308 1454/2231/1308 1455/2232/1308
f 1431/2204/1309 1455/2232/1309 1453/2230/1309
f 1453/2230/1310 1455/2232/1310 1456/2233/1310
f 1453/2230/1381 1456/2233/1381 1452/2228/1381
f 1457/2234/1312 1443/2235/1312 1445/2236/1312
f 1458/2237/1382 1450/2238/1382 1459/2239/1382
f 1459/2239/1383 1450/2238/1383 1452/2240/1383
f 1452/2240/1315 1456/2241/1315 1459/2239/1315
f 1459/2239/1316 1456/2241/1316 1455/2242/1316
f 1459/2239/1317 1455/2242/1317 1460/2243/1317
f 1460/2243/1317 1455/2242/1317 1454/2244/1317
f 1460/2243/1318 1454/2244/1318 1433/2245/1318
f 1445/2236/1319 1447/2246/1319 1457/2234/1319
f 1457/2234/1320 1447/2246/1320 1450/2238/1320
f 1457/2234/1384 1450/2238/1384 1461/2247/1384
f 1461/2247/1322 1450/2238/1322 1458/2237/1322
f 1443/2235/1323 1457/2234/1323 1440/2248/1323
f 1440/2248/1324 1457/2234/1324 1462/2249/1324
f 1440/2248/1325 1462/2249/1325 1463/2250/1325
f 1463/2250/1326 1464/2251/1326 1440/2248/1326
f 1440/2248/1327 1464/2251/1327 1465/2252/1327
f 1440/2248/1329 1465/2252/1329 1441/2253/1329
f 1441/2253/1329 1465/2252/1329 1466/2254/1329
f 1467/2255/1385 1468/2256/1385 1434/2257/1385
f 1434/2257/1331 1436/2258/1331 1467/2255/1331
f 1467/2255/1332 1436/2258/1332 1438/2259/1332
f 1467/2255/1333 1438/2259/1333 1466/2254/1333
f 1466/2254/1386 1438/2259/1386 1442/2260/1386
f 1466/2254/1335 1442/2260/1335 1441/2253/1335
f 1433/2206/1387 1432/2205/1387 1469/2261/1387
f 1470/2262/1388 1458/2263/1388 1471/2264/1388
f 1471/2264/1389 1458/2263/1389 1459/2265/1389
f 1471/2266/1390 1459/2267/1390 1469/2261/1390
f 1469/2261/1391 1459/2267/1391 1460/2268/1391
f 1469/2261/1392 1460/2268/1392 1433/2206/1392
f 1472/2269/1393 1466/2270/1393 1473/2271/1393
f 1473/2272/1394 1466/2273/1394 1465/2274/1394
f 1473/2272/1395 1465/2274/1395 1474/2275/1395
f 1474/2275/1396 1465/2274/1396 1464/2276/1396
f 1474/2275/1397 1464/2276/1397 1475/2277/1397
f 1475/2277/1398 1464/2276/1398 1463/2278/1398
f 1475/2277/1399 1463/2278/1399 1476/2279/1399
f 1476/2279/1400 1463/2278/1400 1462/2280/1400
f 1476/2279/1401 1462/2280/1401 1477/2281/1401
f 1477/2281/1402 1462/2280/1402 1457/2282/1402
f 1477/2281/1403 1457/2282/1403 1470/2262/1403
f 1470/2262/1404 1457/2282/1404 1461/2283/1404
f 1470/2262/1405 1461/2283/1405 1458/2263/1405
f 1478/2284/1406 1468/2285/1406 1472/2269/1406
f 1472/2269/1407 1468/2285/1407 1467/2286/1407
f 1472/2269/1408 1467/2286/1408 1466/2270/1408
f 1478/2284/1409 1479/2287/1409 1468/2285/1409
f 1468/2285/1410 1479/2287/1410 1435/2208/1410
f 1468/2285/1411 1435/2208/1411 1434/2207/1411
f 1404/2163/1412 1403/2162/1412 1480/2288/1412
f 1404/2163/1413 1480/2288/1413 1428/2289/1413
f 1428/2290/1414 1480/2291/1414 1481/2292/1414
f 1428/2293/1415 1481/2294/1415 1430/2295/1415
f 1482/2296/1416 1423/2297/1416 1429/2298/1416
f 1430/2299/1417 1481/2300/1417 1429/2298/1417
f 1429/2298/1418 1481/2300/1418 1483/2301/1418
f 1429/2298/1419 1483/2301/1419 1482/2296/1419
f 1484/2302/1420 1421/2303/1420 1422/2304/1420
f 1423/2297/1421 1482/2296/1421 1422/2304/1421
f 1422/2304/1422 1482/2296/1422 1485/2305/1422
f 1422/2304/1423 1485/2305/1423 1484/2302/1423
f 1421/2303/1424 1484/2302/1424 1424/2306/1424
f 1424/2306/1425 1484/2302/1425 1486/2307/1425
f 1424/2308/1426 1486/2309/1426 1425/2310/1426
f 1425/2310/1427 1486/2309/1427 1487/2311/1427
f 1425/2310/1428 1487/2311/1428 1426/2312/1428
f 1426/2312/1429 1487/2311/1429 1488/2313/1429
f 1426/2312/1430 1488/2313/1430 1427/2314/1430
f 1488/2313/1409 1489/2315/1409 1427/2314/1409
f 1427/2314/1431 1489/2315/1431 1399/2156/1431
f 1427/2314/1432 1399/2156/1432 1398/2155/1432
f 1390/2316/1405 1387/2317/1405 1490/2318/1405
f 1365/2101/1387 1364/2100/1387 1491/2319/1387
f 1490/2318/1388 1387/2317/1388 1492/2320/1388
f 1492/2320/1433 1387/2317/1433 1388/2321/1433
f 1492/2322/1390 1388/2323/1390 1491/2319/1390
f 1491/2319/1434 1388/2323/1434 1389/2324/1434
f 1491/2319/1392 1389/2324/1392 1365/2101/1392
f 1390/2316/1435 1490/2318/1435 1386/2325/1435
f 1386/2325/1403 1490/2318/1403 1493/2326/1403
f 1386/2325/1436 1493/2326/1436 1391/2327/1436
f 1391/2327/1401 1493/2326/1401 1494/2328/1401
f 1391/2327/1400 1494/2328/1400 1392/2329/1400
f 1392/2329/1399 1494/2328/1399 1495/2330/1399
f 1392/2329/1398 1495/2330/1398 1393/2331/1398
f 1393/2331/1397 1495/2330/1397 1496/2332/1397
f 1393/2331/1396 1496/2332/1396 1394/2333/1396
f 1394/2333/1395 1496/2332/1395 1497/2334/1395
f 1394/2333/1394 1497/2334/1394 1395/2335/1394
f 1395/2336/1437 1497/2337/1437 1498/2338/1437
f 1395/2336/1408 1498/2338/1408 1396/2339/1408
f 1396/2339/1438 1498/2338/1438 1499/2340/1438
f 1396/2339/1439 1499/2340/1439 1397/2341/1439
f 1499/2340/1440 1500/2342/1440 1397/2341/1440
f 1397/2341/1410 1500/2342/1410 1367/2103/1410
f 1397/2341/1441 1367/2103/1441 1366/2102/1441
f 1330/2050/1442 1329/2049/1442 1501/2343/1442
f 1330/2050/1443 1501/2343/1443 1352/2344/1443
f 1352/2344/1444 1501/2343/1444 1502/2345/1444
f 1352/2344/1445 1502/2345/1445 1353/2346/1445
f 1353/2346/1446 1502/2345/1446 1503/2347/1446
f 1353/2348/1447 1503/2349/1447 1354/2350/1447
f 1354/2350/1448 1503/2349/1448 1504/2351/1448
f 1354/2350/1449 1504/2351/1449 1351/2352/1449
f 1351/2352/1401 1504/2351/1401 1505/2353/1401
f 1351/2352/1450 1505/2353/1450 1357/2354/1450
f 1357/2354/1451 1505/2353/1451 1506/2355/1451
f 1357/2354/1452 1506/2355/1452 1358/2356/1452
f 1358/2356/1397 1506/2355/1397 1507/2357/1397
f 1358/2356/1453 1507/2357/1453 1359/2358/1453
f 1359/2358/1454 1507/2357/1454 1508/2359/1454
f 1359/2360/1455 1508/2361/1455 1355/2362/1455
f 1508/2361/1456 1509/2363/1456 1355/2362/1456
f 1355/2362/1457 1509/2363/1457 1510/2364/1457
f 1355/2362/1458 1510/2364/1458 1356/2365/1458
f 1356/2365/1459 1510/2364/1459 1333/2053/1459
f 1356/2365/1460 1333/2053/1460 1332/2052/1460
f 1511/2366/1461 1435/2367/1461 1512/2368/1461
f 1512/2369/1462 1435/2208/1462 1479/2287/1462
f 1512/2368/1463 1479/2370/1463 1513/2371/1463
f 1513/2372/1464 1479/2287/1464 1478/2284/1464
f 1513/2371/1465 1478/2373/1465 1514/2374/1465
f 1478/2284/1466 1472/2269/1466 1514/2375/1466
f 1514/2374/1467 1472/2376/1467 1473/2377/1467
f 1514/2374/1468 1473/2377/1468 1515/2378/1468
f 1515/2378/1469 1473/2377/1469 1474/2379/1469
f 1515/2380/1470 1474/2381/1470 1516/2382/1470
f 1516/2383/1471 1474/2384/1471 1475/2385/1471
f 1516/2386/1472 1475/2277/1472 1517/2387/1472
f 1517/2387/1473 1475/2277/1473 1476/2279/1473
f 1517/2388/1474 1476/2389/1474 1518/2390/1474
f 1432/2391/1475 1519/2392/1475 1469/2393/1475
f 1469/2394/1476 1519/2395/1476 1520/2396/1476
f 1469/2397/1477 1520/2398/1477 1471/2399/1477
f 1471/2399/1478 1520/2398/1478 1521/2400/1478
f 1471/2399/1479 1521/2400/1479 1470/2401/1479
f 1470/2401/1480 1521/2400/1480 1518/2390/1480
f 1470/2401/1481 1518/2390/1481 1477/2402/1481
f 1477/2402/1482 1518/2390/1482 1476/2389/1482
f 1435/2367/1483 1511/2366/1483 1522/2403/1483
f 1519/2404/1484 1432/2405/1484 1523/2406/1484
f 1523/2407/1485 1432/2408/1485 1431/2409/1485
f 1523/2407/1486 1431/2409/1486 1524/2410/1486
f 1524/2410/1487 1431/2409/1487 1525/2411/1487
f 1431/2409/1488 1453/2412/1488 1525/2411/1488
f 1525/2411/1489 1453/2412/1489 1451/2413/1489
f 1525/2411/1490 1451/2413/1490 1526/2414/1490
f 1526/2414/1491 1451/2413/1491 1449/2415/1491
f 1526/2414/1492 1449/2415/1492 1527/2416/1492
f 1527/2416/1493 1449/2415/1493 1448/2417/1493
f 1527/2416/1494 1448/2417/1494 1528/2418/1494
f 1448/2417/1494 1446/2419/1494 1528/2418/1494
f 1528/2418/1495 1446/2419/1495 1444/2420/1495
f 1528/2418/1496 1444/2420/1496 1529/2421/1496
f 1529/2421/1497 1444/2420/1497 1439/2422/1497
f 1435/2367/1498 1522/2403/1498 1437/2423/1498
f 1437/2423/1499 1522/2403/1499 1530/2424/1499
f 1437/2423/1500 1530/2424/1500 1439/2422/1500
f 1439/2422/1501 1530/2424/1501 1531/2425/1501
f 1439/2426/1502 1531/2427/1502 1529/2428/1502
f 1532/2429/1461 1399/2430/1461 1533/2431/1461
f 1533/2432/1462 1399/2156/1462 1489/2315/1462
f 1533/2431/1463 1489/2433/1463 1534/2434/1463
f 1534/2435/1464 1489/2315/1464 1488/2313/1464
f 1534/2434/1465 1488/2436/1465 1535/2437/1465
f 1488/2313/1466 1487/2311/1466 1535/2438/1466
f 1535/2437/1467 1487/2439/1467 1486/2440/1467
f 1535/2437/1468 1486/2440/1468 1536/2441/1468
f 1536/2441/1469 1486/2440/1469 1484/2442/1469
f 1536/2443/1470 1484/2444/1470 1537/2445/1470
f 1537/2446/1471 1484/2447/1471 1485/2448/1471
f 1537/2449/1503 1485/2305/1503 1538/2450/1503
f 1538/2450/1473 1485/2305/1473 1482/2296/1473
f 1538/2451/1504 1482/2452/1504 1539/2453/1504
f 1482/2452/1482 1483/2454/1482 1539/2453/1482
f 1539/2453/1481 1483/2454/1481 1481/2455/1481
f 1539/2453/1480 1481/2455/1480 1540/2456/1480
f 1540/2456/1479 1481/2455/1479 1480/2457/1479
f 1540/2456/1478 1480/2457/1478 1541/2458/1478
f 1541/2458/1505 1480/2457/1505 1403/2459/1505
f 1541/2458/1506 1403/2459/1506 1542/2460/1506
f 1542/2461/1484 1403/2462/1484 1543/2463/1484
f 1543/2464/1507 1403/2459/1507 1405/2465/1507
f 1543/2464/1508 1405/2465/1508 1544/2466/1508
f 1544/2466/1509 1405/2465/1509 1545/2467/1509
f 1405/2164/1510 1407/2166/1510 1545/2468/1510
f 1545/2467/1511 1407/2469/1511 1410/2470/1511
f 1545/2467/1512 1410/2470/1512 1546/2471/1512
f 1546/2471/1513 1410/2470/1513 1412/2472/1513
f 1546/2471/1514 1412/2472/1514 1547/2473/1514
f 1547/2473/1212 1412/2472/1212 1414/2474/1212
f 1547/2473/1515 1414/2474/1515 1548/2475/1515
f 1548/2476/1516 1414/2175/1516 1416/2177/1516
f 1548/2475/1517 1416/2477/1517 1549/2478/1517
f 1416/2177/1518 1418/2179/1518 1549/2479/1518
f 1549/2480/1519 1418/2481/1519 1402/2482/1519
f 1549/2483/1520 1402/2484/1520 1550/2485/1520
f 1550/2486/1521 1402/2487/1521 1401/2488/1521
f 1550/2486/1522 1401/2488/1522 1551/2489/1522
f 1551/2489/1523 1401/2488/1523 1399/2430/1523
f 1551/2489/1483 1399/2430/1483 1532/2429/1483
f 1552/2490/1524 1367/2491/1524 1553/2492/1524
f 1553/2493/1525 1367/2103/1525 1500/2342/1525
f 1553/2492/1526 1500/2494/1526 1554/2495/1526
f 1554/2496/1527 1500/2342/1527 1499/2340/1527
f 1554/2495/1528 1499/2497/1528 1555/2498/1528
f 1499/2340/1529 1498/2338/1529 1555/2499/1529
f 1555/2498/1530 1498/2500/1530 1497/2501/1530
f 1555/2498/1468 1497/2501/1468 1556/2502/1468
f 1556/2502/1469 1497/2501/1469 1496/2503/1469
f 1556/2504/1470 1496/2505/1470 1557/2506/1470
f 1557/2507/1471 1496/2508/1471 1495/2509/1471
f 1557/2510/1472 1495/2330/1472 1558/2511/1472
f 1558/2511/1473 1495/2330/1473 1494/2328/1473
f 1558/2512/1474 1494/2513/1474 1559/2514/1474
f 1364/2515/1475 1560/2516/1475 1491/2517/1475
f 1491/2518/1476 1560/2519/1476 1561/2520/1476
f 1491/2521/1477 1561/2522/1477 1492/2523/1477
f 1492/2523/1478 1561/2522/1478 1562/2524/1478
f 1492/2523/1479 1562/2524/1479 1490/2525/1479
f 1490/2525/1480 1562/2524/1480 1559/2514/1480
f 1490/2525/1481 1559/2514/1481 1493/2526/1481
f 1493/2526/1482 1559/2514/1482 1494/2513/1482
f 1367/2491/1531 1552/2490/1531 1563/2527/1531
f 1560/2528/1484 1364/2529/1484 1564/2530/1484
f 1564/2531/1485 1364/2532/1485 1363/2533/1485
f 1564/2531/1532 1363/2533/1532 1565/2534/1532
f 1565/2534/1533 1363/2533/1533 1566/2535/1533
f 1363/2533/1488 1382/2536/1488 1566/2535/1488
f 1566/2535/1489 1382/2536/1489 1380/2537/1489
f 1566/2535/1490 1380/2537/1490 1567/2538/1490
f 1567/2538/1491 1380/2537/1491 1378/2539/1491
f 1567/2538/1492 1378/2539/1492 1568/2540/1492
f 1568/2540/1493 1378/2539/1493 1376/2541/1493
f 1568/2540/1494 1376/2541/1494 1569/2542/1494
f 1376/2541/1494 1375/2543/1494 1569/2542/1494
f 1569/2542/1495 1375/2543/1495 1362/2544/1495
f 1569/2542/1496 1362/2544/1496 1570/2545/1496
f 1570/2545/1497 1362/2544/1497 1371/2546/1497
f 1367/2491/1534 1563/2527/1534 1369/2547/1534
f 1369/2547/1499 1563/2527/1499 1571/2548/1499
f 1369/2547/1500 1571/2548/1500 1371/2546/1500
f 1371/2546/1500 1571/2548/1500 1572/2549/1500
f 1371/2550/1502 1572/2551/1502 1570/2552/1502
f 1573/2553/1524 1333/2554/1524 1574/2555/1524
f 1574/2555/1535 1333/2554/1535 1510/2556/1535
f 1574/2557/1536 1510/2558/1536 1575/2559/1536
f 1575/2560/1528 1510/2556/1528 1576/2561/1528
f 1510/2364/1529 1509/2363/1529 1576/2562/1529
f 1576/2561/1530 1509/2563/1530 1508/2564/1530
f 1576/2561/1468 1508/2564/1468 1577/2565/1468
f 1577/2565/1469 1508/2564/1469 1507/2566/1469
f 1577/2567/1470 1507/2568/1470 1578/2569/1470
f 1578/2570/1471 1507/2571/1471 1506/2572/1471
f 1578/2573/1472 1506/2355/1472 1579/2574/1472
f 1579/2574/1473 1506/2355/1473 1505/2353/1473
f 1579/2575/1474 1505/2576/1474 1580/2577/1474
f 1329/2578/1475 1581/2579/1475 1501/2580/1475
f 1501/2581/1476 1581/2582/1476 1582/2583/1476
f 1501/2584/1537 1582/2585/1537 1502/2586/1537
f 1502/2586/1538 1582/2585/1538 1583/2587/1538
f 1502/2586/1539 1583/2587/1539 1503/2588/1539
f 1503/2588/1480 1583/2587/1480 1580/2577/1480
f 1503/2588/1481 1580/2577/1481 1504/2589/1481
f 1504/2589/1482 1580/2577/1482 1505/2576/1482
f 1581/2590/1484 1329/2591/1484 1584/2592/1484
f 1584/2593/1507 1329/2594/1507 1328/2595/1507
f 1584/2593/1540 1328/2595/1540 1585/2596/1540
f 1585/2596/1541 1328/2595/1541 1586/2597/1541
f 1328/2048/1510 1346/2068/1510 1586/2598/1510
f 1586/2597/1542 1346/2599/1542 1348/2600/1542
f 1586/2597/1512 1348/2600/1512 1587/2601/1512
f 1587/2601/1513 1348/2600/1513 1343/2602/1513
f 1587/2601/1514 1343/2602/1514 1588/2603/1514
f 1588/2603/1212 1343/2602/1212 1342/2604/1212
f 1588/2603/1515 1342/2604/1515 1589/2605/1515
f 1589/2606/1516 1342/2064/1516 1337/2059/1516
f 1589/2605/1543 1337/2607/1543 1590/2608/1543
f 1337/2059/1518 1340/2062/1518 1590/2609/1518
f 1590/2610/1544 1340/2611/1544 1335/2612/1544
f 1590/2613/1520 1335/2614/1520 1591/2615/1520
f 1591/2616/1545 1335/2617/1545 1334/2618/1545
f 1591/2616/1546 1334/2618/1546 1592/2619/1546
f 1592/2619/1523 1334/2618/1523 1333/2554/1523
f 1592/2619/1531 1333/2554/1531 1573/2553/1531
f 1574/2555/108 1575/2560/108 1541/2458/108
f 1528/2418/108 1536/2441/108 1527/2416/108
f 1527/2416/1547 1536/2441/1547 1537/2620/1547
f 1527/2416/1548 1537/2620/1548 1526/2414/1548
f 1593/2621/108 1533/2431/108 1594/2622/108
f 1594/2622/108 1533/2431/108 1534/2434/108
f 1594/2622/108 1534/2434/108 1535/2437/108
f 1595/2623/108 1596/2624/108 1513/2371/108
f 1597/2625/108 1598/2626/108 1572/2549/108
f 1528/2418/108 1529/2421/108 1536/2441/108
f 1536/2441/108 1529/2421/108 1531/2425/108
f 1536/2441/108 1531/2425/108 1535/2437/108
f 1535/2437/108 1531/2425/108 1530/2424/108
f 1535/2437/108 1530/2424/108 1594/2622/108
f 1594/2622/108 1530/2424/108 1522/2403/108
f 1594/2622/108 1522/2403/108 1599/2627/108
f 1599/2627/108 1522/2403/108 1511/2366/108
f 1599/2627/108 1511/2366/108 1596/2624/108
f 1596/2624/108 1511/2366/108 1512/2368/108
f 1596/2624/108 1512/2368/108 1513/2371/108
f 1513/2371/108 1514/2374/108 1595/2623/108
f 1595/2623/108 1514/2374/108 1515/2378/108
f 1595/2623/108 1515/2378/108 1600/2628/108
f 1600/2628/108 1515/2378/108 1516/2629/108
f 1600/2628/108 1516/2629/108 1601/2630/108
f 1516/2629/108 1517/2388/108 1601/2630/108
f 1601/2630/108 1517/2388/108 1518/2390/108
f 1601/2630/108 1518/2390/108 1602/2631/108
f 1602/2631/108 1518/2390/108 1521/2400/108
f 1521/2400/108 1520/2398/108 1602/2631/108
f 1602/2631/108 1520/2398/108 1519/2632/108
f 1602/2631/108 1519/2632/108 1576/2561/108
f 1537/2620/108 1538/2451/108 1526/2414/108
f 1526/2414/108 1538/2451/108 1539/2453/108
f 1526/2414/108 1539/2453/108 1540/2456/108
f 1603/2633/108 1547/2473/108 1548/2475/108
f 1604/2634/108 1605/2635/108 1580/2577/108
f 1519/2632/108 1523/2407/108 1576/2561/108
f 1576/2561/108 1523/2407/108 1524/2410/108
f 1576/2561/108 1524/2410/108 1575/2560/108
f 1603/2633/108 1548/2475/108 1606/2636/108
f 1576/2561/108 1577/2565/108 1602/2631/108
f 1602/2631/108 1577/2565/108 1578/2637/108
f 1602/2631/108 1578/2637/108 1605/2635/108
f 1605/2635/108 1578/2637/108 1579/2575/108
f 1605/2635/108 1579/2575/108 1580/2577/108
f 1607/2638/108 1608/2639/108 1565/2534/108
f 1572/2549/108 1571/2548/108 1597/2625/108
f 1597/2625/108 1571/2548/108 1563/2527/108
f 1597/2625/108 1563/2527/108 1603/2633/108
f 1603/2633/108 1563/2527/108 1552/2490/108
f 1603/2633/108 1552/2490/108 1547/2473/108
f 1558/2512/108 1587/2601/108 1557/2640/108
f 1557/2640/108 1587/2601/108 1588/2603/108
f 1557/2640/108 1588/2603/108 1556/2502/108
f 1556/2502/108 1588/2603/108 1589/2605/108
f 1548/2475/108 1549/2478/108 1606/2636/108
f 1606/2636/108 1549/2478/108 1550/2486/108
f 1606/2636/108 1550/2486/108 1609/2641/108
f 1609/2641/108 1550/2486/108 1551/2489/108
f 1609/2641/1547 1551/2489/1547 1593/2621/1547
f 1593/2621/108 1551/2489/108 1532/2429/108
f 1593/2621/108 1532/2429/108 1533/2431/108
f 1580/2577/108 1583/2587/108 1604/2634/108
f 1604/2634/108 1583/2587/108 1582/2585/108
f 1604/2634/108 1582/2585/108 1610/2642/108
f 1610/2642/108 1582/2585/108 1581/2643/108
f 1610/2642/108 1581/2643/108 1611/2644/108
f 1611/2644/108 1581/2643/108 1584/2593/108
f 1611/2644/108 1584/2593/108 1585/2596/108
f 1558/2512/108 1559/2514/108 1587/2601/108
f 1587/2601/108 1559/2514/108 1562/2524/108
f 1587/2601/108 1562/2524/108 1586/2597/108
f 1586/2597/108 1562/2524/108 1561/2522/108
f 1565/2534/108 1566/2535/108 1607/2638/108
f 1607/2638/108 1566/2535/108 1567/2538/108
f 1607/2638/108 1567/2538/108 1612/2645/108
f 1540/2456/108 1541/2458/108 1526/2414/108
f 1526/2414/108 1541/2458/108 1575/2560/108
f 1526/2414/108 1575/2560/108 1525/2411/108
f 1525/2411/108 1575/2560/108 1524/2410/108
f 1545/2467/108 1554/2495/108 1544/2466/108
f 1544/2466/108 1554/2495/108 1555/2498/108
f 1544/2466/108 1555/2498/108 1556/2502/108
f 1552/2490/108 1553/2492/108 1547/2473/108
f 1547/2473/108 1553/2492/108 1554/2495/108
f 1547/2473/108 1554/2495/108 1546/2471/108
f 1546/2471/108 1554/2495/108 1545/2467/108
f 1567/2538/108 1568/2540/108 1612/2645/108
f 1612/2645/108 1568/2540/108 1569/2542/108
f 1612/2645/108 1569/2542/108 1598/2626/108
f 1598/2626/108 1569/2542/108 1570/2545/108
f 1598/2626/108 1570/2545/108 1572/2549/108
f 1589/2605/108 1590/2608/108 1556/2502/108
f 1556/2502/108 1590/2608/108 1591/2616/108
f 1556/2502/108 1591/2616/108 1544/2466/108
f 1544/2466/108 1591/2616/108 1592/2619/108
f 1585/2596/108 1586/2597/108 1611/2644/108
f 1611/2644/108 1586/2597/108 1561/2522/108
f 1611/2644/108 1561/2522/108 1613/2646/108
f 1613/2646/108 1561/2522/108 1560/2647/108
f 1613/2646/108 1560/2647/108 1608/2639/108
f 1608/2639/108 1560/2647/108 1564/2531/108
f 1608/2639/108 1564/2531/108 1565/2534/108
f 1574/2555/108 1541/2458/108 1573/2553/108
f 1573/2553/108 1541/2458/108 1542/2460/108
f 1573/2553/108 1542/2460/108 1592/2619/108
f 1592/2619/108 1542/2460/108 1543/2464/108
f 1592/2619/108 1543/2464/108 1544/2466/108
f 1595/2623/1549 1600/2628/1549 1614/2648/1549
f 1614/2648/1549 1615/2649/1549 1595/2623/1549
f 1595/2623/1550 1615/2649/1550 1616/2650/1550
f 1595/2623/1551 1616/2650/1551 1596/2624/1551
f 1616/2650/1552 1617/2651/1552 1596/2624/1552
f 1596/2624/1553 1617/2651/1553 1618/2652/1553
f 1596/2624/1554 1618/2652/1554 1599/2627/1554
f 1618/2652/1555 1619/2653/1555 1599/2627/1555
f 1599/2627/1556 1619/2653/1556 1620/2654/1556
f 1599/2627/1557 1620/2654/1557 1594/2622/1557
f 1620/2654/1558 1621/2655/1558 1594/2622/1558
f 1594/2622/1559 1621/2655/1559 1622/2656/1559
f 1594/2622/1560 1622/2656/1560 1593/2621/1560
f 1593/2657/1561 1622/2658/1561 1623/2659/1561
f 1593/2657/1562 1623/2659/1562 1609/2660/1562
f 1623/2659/1563 1624/2661/1563 1609/2660/1563
f 1609/2641/1564 1624/2662/1564 1625/2663/1564
f 1609/2641/1565 1625/2663/1565 1606/2636/1565
f 1625/2663/1566 1626/2664/1566 1606/2636/1566
f 1606/2636/1567 1626/2664/1567 1627/2665/1567
f 1606/2636/1568 1627/2665/1568 1603/2633/1568
f 1627/2665/1569 1628/2666/1569 1603/2633/1569
f 1603/2633/1570 1628/2666/1570 1629/2667/1570
f 1603/2633/1571 1629/2667/1571 1597/2625/1571
f 1630/2668/1572 1612/2645/1572 1631/2669/1572
f 1631/2669/1572 1612/2645/1572 1598/2626/1572
f 1631/2669/1573 1598/2626/1573 1632/2670/1573
f 1632/2670/1574 1598/2626/1574 1597/2625/1574
f 1632/2670/1575 1597/2625/1575 1633/2671/1575
f 1633/2671/1576 1597/2625/1576 1629/2667/1576
f 1607/2638/1577 1612/2645/1577 1630/2668/1577
f 1634/2672/1578 1635/2673/1578 1610/2642/1578
f 1610/2642/1579 1611/2644/1579 1634/2672/1579
f 1634/2674/1580 1611/2675/1580 1613/2676/1580
f 1634/2674/1580 1613/2676/1580 1636/2677/1580
f 1636/2678/1581 1613/2646/1581 1608/2639/1581
f 1636/2678/1581 1608/2639/1581 1637/2679/1581
f 1637/2679/1582 1608/2639/1582 1607/2638/1582
f 1637/2679/1582 1607/2638/1582 1638/2680/1582
f 1638/2680/1577 1607/2638/1577 1630/2668/1577
f 1639/2681/1583 1614/2648/1583 1600/2628/1583
f 1604/2634/1584 1610/2642/1584 1635/2673/1584
f 1600/2628/1583 1601/2630/1583 1639/2681/1583
f 1639/2682/1585 1601/2683/1585 1602/2684/1585
f 1639/2682/1585 1602/2684/1585 1640/2685/1585
f 1640/2686/1586 1602/2631/1586 1605/2635/1586
f 1640/2686/1586 1605/2635/1586 1641/2687/1586
f 1641/2687/1587 1605/2635/1587 1604/2634/1587
f 1641/2687/1587 1604/2634/1587 1642/2688/1587
f 1642/2688/1588 1604/2634/1588 1635/2673/1588
f 1614/2689/1589 1643/2690/1589 1615/2691/1589
f 1615/2691/1590 1643/2690/1590 1644/2692/1590
f 1615/2691/1591 1644/2692/1591 1616/2693/1591
f 1644/2692/1592 1645/2694/1592 1616/2693/1592
f 1616/2693/1593 1645/2694/1593 1646/2695/1593
f 1616/2693/1594 1646/2695/1594 1617/2696/1594
f 1617/2696/1595 1646/2695/1595 1647/2697/1595
f 1617/2698/1596 1647/2699/1596 1618/2700/1596
f 1618/2700/1597 1647/2699/1597 1648/2701/1597
f 1618/2700/1598 1648/2701/1598 1619/2702/1598
f 1619/2702/1599 1648/2701/1599 1649/2703/1599
f 1619/2702/1600 1649/2703/1600 1620/2704/1600
f 1620/2704/1601 1649/2703/1601 1650/2705/1601
f 1620/2704/1602 1650/2705/1602 1621/2706/1602
f 1650/2705/1603 1651/2707/1603 1621/2706/1603
f 1621/2706/1604 1651/2707/1604 1652/2708/1604
f 1621/2706/1605 1652/2708/1605 1622/2658/1605
f 1622/2658/1606 1652/2708/1606 1653/2709/1606
f 1622/2658/1607 1653/2709/1607 1623/2659/1607
f 1623/2659/1607 1653/2709/1607 1654/2710/1607
f 1623/2659/1608 1654/2710/1608 1624/2661/1608
f 1624/2661/1609 1654/2710/1609 1655/2711/1609
f 1624/2661/1610 1655/2711/1610 1625/2712/1610
f 1625/2712/1611 1655/2711/1611 1656/2713/1611
f 1625/2712/1612 1656/2713/1612 1626/2714/1612
f 1626/2714/1613 1656/2713/1613 1657/2715/1613
f 1626/2714/1614 1657/2715/1614 1627/2716/1614
f 1627/2716/1615 1657/2715/1615 1658/2717/1615
f 1627/2716/1616 1658/2717/1616 1628/2718/1616
f 1628/2718/1617 1658/2717/1617 1659/2719/1617
f 1628/2720/1618 1659/2721/1618 1629/2722/1618
f 1629/2722/1619 1659/2721/1619 1660/2723/1619
f 1629/2722/1620 1660/2723/1620 1633/2724/1620
f 1660/2723/1621 1661/2725/1621 1633/2724/1621
f 1633/2724/1622 1661/2725/1622 1662/2726/1622
f 1633/2724/1623 1662/2726/1623 1632/2727/1623
f 1632/2727/1624 1662/2726/1624 1663/2728/1624
f 1632/2727/1625 1663/2728/1625 1631/2729/1625
f 1631/2729/1626 1663/2728/1626 1664/2730/1626
f 1631/2729/1627 1664/2730/1627 1630/2731/1627
f 1630/2731/1628 1664/2730/1628 1665/2732/1628
f 1665/2732/1629 1666/2733/1629 1630/2731/1629
f 1630/2731/1630 1666/2733/1630 1638/2734/1630
f 1667/2735/1631 1637/2736/1631 1668/2737/1631
f 1668/2737/1632 1637/2736/1632 1638/2734/1632
f 1668/2737/1633 1638/2734/1633 1669/2738/1633
f 1669/2738/1634 1638/2734/1634 1666/2733/1634
f 1667/2739/1635 1670/2740/1635 1637/2741/1635
f 1637/2741/1636 1670/2740/1636 1671/2742/1636
f 1637/2741/1636 1671/2742/1636 1636/2677/1636
f 1671/2742/1637 1672/2743/1637 1636/2677/1637
f 1636/2677/1638 1672/2743/1638 1673/2744/1638
f 1636/2677/1639 1673/2744/1639 1634/2674/1639
f 1674/2745/1640 1635/2746/1640 1675/2747/1640
f 1675/2747/1641 1635/2746/1641 1634/2674/1641
f 1675/2747/1642 1634/2674/1642 1676/2748/1642
f 1676/2748/1643 1634/2674/1643 1673/2744/1643
f 1677/2749/1644 1640/2685/1644 1641/2750/1644
f 1678/2751/1645 1642/2752/1645 1679/2753/1645
f 1679/2753/1646 1642/2752/1646 1635/2746/1646
f 1679/2753/1647 1635/2746/1647 1674/2745/1647
f 1678/2754/1648 1680/2755/1648 1642/2756/1648
f 1642/2756/1649 1680/2755/1649 1681/2757/1649
f 1642/2756/1650 1681/2757/1650 1641/2750/1650
f 1641/2750/1651 1681/2757/1651 1682/2758/1651
f 1641/2750/1644 1682/2758/1644 1677/2749/1644
f 1677/2749/1652 1683/2759/1652 1640/2685/1652
f 1640/2685/1653 1683/2759/1653 1684/2760/1653
f 1640/2685/1654 1684/2760/1654 1639/2682/1654
f 1643/2690/1655 1614/2689/1655 1685/2761/1655
f 1685/2761/1656 1614/2689/1656 1639/2682/1656
f 1685/2761/1657 1639/2682/1657 1686/2762/1657
f 1686/2762/1658 1639/2682/1658 1684/2760/1658
f 1687/2763/155 1688/2764/155 1689/2765/155
f 1689/2765/1659 1688/2764/1659 1690/2766/1659
f 1243/2767/82 1244/2768/82 1691/2769/82
f 1691/2769/82 1244/2768/82 1692/2770/82
f 1693/2771/1660 1694/2772/1660 1695/2773/1660
f 1696/2774/1661 1697/2775/1661 1698/2776/1661
f 1698/2777/1662 1697/2778/1662 1699/2779/1662
f 1695/2773/1663 1694/2772/1663 1700/2780/1663
f 1700/2780/1664 1694/2772/1664 1701/2781/1664
f 1700/2780/1665 1701/2781/1665 1702/2782/1665
f 1702/2783/1666 1701/2784/1666 1703/2785/1666
f 1702/2786/1667 1703/2787/1667 1696/2788/1667
f 1696/2788/65 1703/2787/65 1704/2789/65
f 1696/2788/1668 1704/2789/1668 1697/2790/1668
f 1695/2791/1669 1705/2792/1669 1693/2793/1669
f 1693/2794/1670 1705/2795/1670 1706/2796/1670
f 1693/2797/1671 1706/2798/1671 1707/2799/1671
f 1707/2799/1672 1706/2798/1672 1708/2800/1672
f 1707/2801/1673 1708/2802/1673 1709/2803/1673
f 1710/2804/108 1711/2805/108 1660/2806/108
f 1712/2807/108 1713/2808/108 1649/2809/108
f 1657/2810/108 1714/2811/108 1658/2812/108
f 1658/2812/108 1714/2811/108 1710/2804/108
f 1658/2812/108 1710/2804/108 1659/2813/108
f 1659/2813/108 1710/2804/108 1660/2806/108
f 1715/2814/108 1651/2815/108 1713/2808/108
f 1713/2808/108 1651/2815/108 1650/2816/108
f 1713/2808/108 1650/2816/108 1649/2809/108
f 1654/2817/108 1653/2818/108 1715/2814/108
f 1715/2814/108 1653/2818/108 1652/2819/108
f 1715/2814/108 1652/2819/108 1651/2815/108
f 1649/2809/108 1648/2820/108 1712/2807/108
f 1712/2807/108 1648/2820/108 1647/2821/108
f 1712/2807/108 1647/2821/108 1716/2822/108
f 1717/2823/108 1679/2824/108 1718/2825/108
f 1718/2825/108 1679/2824/108 1674/2826/108
f 1718/2825/108 1674/2826/108 1719/2827/108
f 1657/2810/108 1656/2828/108 1714/2811/108
f 1714/2811/108 1656/2828/108 1655/2829/108
f 1714/2811/108 1655/2829/108 1720/2830/108
f 1720/2830/108 1655/2829/108 1654/2817/108
f 1720/2830/1674 1654/2817/1674 1721/2831/1674
f 1721/2831/108 1654/2817/108 1715/2814/108
f 1722/2832/108 1723/2833/108 1682/2834/108
f 1724/2835/108 1725/2836/108 1668/2837/108
f 1726/2838/108 1662/2839/108 1711/2805/108
f 1711/2805/108 1662/2839/108 1661/2840/108
f 1711/2805/108 1661/2840/108 1660/2806/108
f 1647/2821/108 1646/2841/108 1716/2822/108
f 1716/2822/108 1646/2841/108 1645/2842/108
f 1716/2822/108 1645/2842/108 1727/2843/108
f 1727/2843/108 1645/2842/108 1644/2844/108
f 1727/2843/108 1644/2844/108 1728/2845/108
f 1728/2845/108 1644/2844/108 1643/2846/108
f 1728/2845/108 1643/2846/108 1729/2847/108
f 1682/2834/108 1681/2848/108 1722/2832/108
f 1722/2832/108 1681/2848/108 1680/2849/108
f 1722/2832/108 1680/2849/108 1717/2823/108
f 1717/2823/108 1680/2849/108 1678/2850/108
f 1717/2823/108 1678/2850/108 1679/2824/108
f 1730/2851/108 1670/2852/108 1725/2836/108
f 1725/2836/108 1670/2852/108 1667/2853/108
f 1725/2836/108 1667/2853/108 1668/2837/108
f 1668/2837/108 1669/2854/108 1724/2835/108
f 1724/2835/108 1669/2854/108 1666/2855/108
f 1724/2835/108 1666/2855/108 1731/2856/108
f 1731/2856/108 1666/2855/108 1665/2857/108
f 1731/2856/108 1665/2857/108 1732/2858/108
f 1732/2858/108 1665/2857/108 1664/2859/108
f 1732/2858/108 1664/2859/108 1726/2838/108
f 1726/2838/108 1664/2859/108 1663/2860/108
f 1726/2838/108 1663/2860/108 1662/2839/108
f 1643/2846/108 1685/2861/108 1729/2847/108
f 1729/2847/108 1685/2861/108 1686/2862/108
f 1729/2847/108 1686/2862/108 1733/2863/108
f 1686/2862/108 1684/2864/108 1733/2863/108
f 1733/2863/108 1684/2864/108 1683/2865/108
f 1733/2863/108 1683/2865/108 1723/2833/108
f 1723/2833/108 1683/2865/108 1677/2866/108
f 1723/2833/108 1677/2866/108 1682/2834/108
f 1674/2826/108 1675/2867/108 1719/2827/108
f 1719/2827/108 1675/2867/108 1676/2868/108
f 1719/2827/108 1676/2868/108 1734/2869/108
f 1676/2868/108 1673/2870/108 1734/2869/108
f 1734/2869/108 1673/2870/108 1672/2871/108
f 1734/2869/108 1672/2871/108 1730/2851/108
f 1730/2851/108 1672/2871/108 1671/2872/108
f 1730/2851/108 1671/2872/108 1670/2852/108
f 738/1147/1675 1735/2873/1675 1736/2874/1675
f 1737/2875/1676 1735/2873/1676 1738/2876/1676
f 1738/2876/1677 1735/2873/1677 738/1147/1677
f 1738/2876/1678 738/1147/1678 737/1146/1678
f 866/1355/1679 867/1356/1679 1739/2877/1679
f 1739/2877/1680 867/1356/1680 874/1364/1680
f 1739/2877/1681 874/1364/1681 1740/2878/1681
f 1740/2878/1682 874/1364/1682 603/925/1682
f 1740/2878/1683 603/925/1683 1741/2879/1683
f 1741/2880/1684 603/1287/1684 732/1141/1684
f 1741/2880/1685 732/1141/1685 1736/2874/1685
f 1736/2874/1686 732/1141/1686 731/1140/1686
f 1736/2874/1687 731/1140/1687 738/1147/1687
f 1739/2877/1688 1742/2881/1688 1743/2882/1688
f 1743/2882/1689 1744/2883/1689 1739/2877/1689
f 1739/2877/1690 1744/2883/1690 1745/2884/1690
f 1739/2877/1691 1745/2884/1691 866/1355/1691
f 866/1355/1692 1745/2884/1692 1746/2885/1692
f 866/1355/1693 1746/2885/1693 865/1354/1693
f 1747/2886/1694 1748/2887/1694 1739/2877/1694
f 1739/2877/1695 1748/2887/1695 1749/2888/1695
f 1739/2877/1696 1749/2888/1696 1742/2881/1696
f 1750/2889/1697 1751/2890/1697 1752/2891/1697
f 1753/2892/1698 1754/2893/1698 1750/2889/1698
f 1750/2889/1699 1754/2893/1699 1755/2894/1699
f 1750/2889/1700 1755/2894/1700 1751/2890/1700
f 1756/2895/1701 1757/2896/1701 1758/2897/1701
f 1758/2897/1702 1757/2896/1702 1759/2898/1702
f 1758/2897/1703 1759/2898/1703 1760/2899/1703
f 1758/2897/1704 1761/2900/1704 1762/2901/1704
f 1762/2901/1705 1763/2902/1705 1764/2903/1705
f 1764/2903/1706 1765/2904/1706 1762/2901/1706
f 1762/2901/1707 1765/2904/1707 1766/2905/1707
f 1762/2901/1708 1766/2905/1708 1758/2897/1708
f 1758/2897/1709 1766/2905/1709 1767/2906/1709
f 1758/2897/1710 1767/2906/1710 1756/2895/1710
f 1761/2900/1711 1758/2897/1711 1768/2907/1711
f 1768/2907/1712 1758/2897/1712 1769/2908/1712
f 1768/2907/1713 1769/2908/1713 1770/2909/1713
f 1770/2909/1714 1769/2908/1714 1771/2910/1714
f 1770/2909/1715 1771/2910/1715 1772/2911/1715
f 1772/2912/1716 1771/2913/1716 1773/2914/1716
f 1772/2912/1717 1773/2914/1717 1774/2915/1717
f 1774/2915/1718 1773/2914/1718 1775/2916/1718
f 1774/2915/1719 1775/2916/1719 1776/2917/1719
f 1776/2917/1720 1775/2916/1720 1777/2918/1720
f 1776/2917/1721 1777/2918/1721 1778/2919/1721
f 1737/2875/1722 1779/2920/1722 1735/2873/1722
f 1735/2873/1723 1779/2920/1723 1780/2921/1723
f 1735/2873/1724 1780/2921/1724 1736/2874/1724
f 1736/2874/1725 1780/2921/1725 1781/2922/1725
f 1736/2874/1726 1781/2922/1726 1741/2880/1726
f 1741/2880/1727 1781/2922/1727 1782/2923/1727
f 1741/2879/1728 1782/2924/1728 1740/2878/1728
f 1740/2878/1729 1782/2924/1729 1783/2925/1729
f 1740/2878/1730 1783/2925/1730 1739/2877/1730
f 1739/2877/1731 1783/2925/1731 1750/2889/1731
f 1739/2877/1732 1750/2889/1732 1747/2886/1732
f 1747/2886/1733 1750/2889/1733 1752/2891/1733
f 1779/2920/1734 1777/2918/1734 1780/2921/1734
f 1780/2921/1735 1777/2918/1735 1775/2916/1735
f 1780/2921/1736 1775/2916/1736 1781/2922/1736
f 1781/2922/1737 1775/2916/1737 1773/2914/1737
f 1781/2922/1738 1773/2914/1738 1782/2923/1738
f 1782/2923/1739 1773/2914/1739 1771/2913/1739
f 1782/2924/1740 1771/2910/1740 1783/2925/1740
f 1783/2925/1741 1771/2910/1741 1769/2908/1741
f 1783/2925/1742 1769/2908/1742 1750/2889/1742
f 1750/2889/1743 1769/2908/1743 1758/2897/1743
f 1750/2889/1744 1758/2897/1744 1753/2892/1744
f 1753/2892/1745 1758/2897/1745 1760/2899/1745
f 656/2926/1746 655/2927/1746 1784/2928/1746
f 1784/2928/1747 655/2927/1747 1785/2929/1747
f 1786/2930/1748 653/2931/1748 1787/2932/1748
f 1787/2932/1749 653/2931/1749 617/2933/1749
f 657/2934/1750 1788/2935/1750 646/1017/1750
f 646/1017/1751 1788/2935/1751 1789/2936/1751
f 646/1017/1752 1789/2936/1752 633/1002/1752
f 635/2937/80 639/2938/80 1790/2939/80
f 642/2940/80 644/2941/80 647/2942/80
f 1791/2943/80 1792/2944/80 1790/2939/80
f 1790/2939/80 1792/2944/80 1793/2945/80
f 1790/2939/80 1793/2945/80 635/2937/80
f 639/2946/80 635/2947/80 647/2948/80
f 647/2949/80 635/2937/80 634/2950/80
f 647/2942/80 634/2951/80 642/2940/80
f 1794/2952/80 1795/2953/80 1796/2954/80
f 644/2955/80 619/2956/80 618/2957/80
f 1791/2943/80 1790/2939/80 1796/2954/80
f 1796/2954/80 1790/2939/80 1797/2958/80
f 1796/2954/80 1797/2958/80 1794/2952/80
f 1798/2959/80 1799/2960/80 1800/2961/80
f 1800/2961/80 1799/2960/80 1801/2962/80
f 1800/2961/80 1801/2962/80 1802/2963/80
f 644/2964/80 632/2965/80 615/2966/80
f 615/2966/80 616/2967/80 644/2964/80
f 644/2964/80 616/2967/80 627/2968/80
f 644/2969/80 627/2970/80 625/2971/80
f 625/2971/80 623/2972/80 644/2969/80
f 644/2955/80 623/2973/80 620/2974/80
f 644/2955/80 620/2974/80 619/2956/80
f 618/2975/80 650/2976/80 644/2977/80
f 644/2977/80 650/2976/80 648/2978/80
f 644/2977/80 648/2978/80 647/2948/80
f 1795/2953/80 1803/2979/80 1796/2954/80
f 1796/2954/80 1803/2979/80 1799/2960/80
f 1796/2954/80 1799/2960/80 1804/2980/80
f 1804/2980/80 1799/2960/80 1798/2959/80
f 1787/2981/1753 617/2982/1753 487/2983/1753
f 487/2983/1754 492/2984/1754 1787/2981/1754
f 1787/2981/1755 492/2984/1755 493/2985/1755
f 1787/2981/1756 493/2985/1756 1786/2986/1756
f 497/776/1757 1786/2987/1757 495/774/1757
f 495/774/1757 1786/2987/1757 493/2988/1757
f 526/2989/1758 1690/2990/1758 524/820/1758
f 524/820/1759 1690/2990/1759 517/807/1759
f 1690/2990/80 1688/2991/80 517/807/80
f 517/807/526 1688/2991/526 1805/2992/526
f 517/807/526 1805/2992/526 518/808/526
f 518/808/1760 1805/2992/1760 1806/2993/1760
f 518/808/1760 1806/2993/1760 515/805/1760
f 515/805/526 1806/2993/526 1807/2994/526
f 515/805/533 1807/2994/533 508/792/533
f 508/792/534 1807/2994/534 1808/2995/534
f 508/792/533 1808/2995/533 509/793/533
f 509/793/533 1808/2995/533 638/2996/533
f 509/793/533 638/2996/533 637/2997/533
f 653/2998/80 1786/2987/80 652/2999/80
f 652/2999/534 1786/2987/534 497/776/534
f 652/2999/531 497/776/531 651/3000/531
f 651/3000/1761 497/776/1761 500/781/1761
f 651/3000/1761 500/781/1761 649/3001/1761
f 649/3001/531 500/781/531 503/784/531
f 649/3001/533 503/784/533 637/2997/533
f 637/2997/534 503/784/534 502/783/534
f 637/2997/533 502/783/533 509/793/533
f 1690/3002/1762 526/823/1762 1689/3003/1762
f 1689/3003/1763 526/823/1763 528/825/1763
f 1689/3003/1764 528/825/1764 1687/3004/1764
f 1687/3004/1765 528/825/1765 529/3005/1765
f 1785/3006/1766 407/3007/1766 1784/3008/1766
f 1784/3009/1767 407/3010/1767 412/3011/1767
f 1784/3009/1768 412/3011/1768 656/3012/1768
f 656/3012/1769 412/3011/1769 413/3013/1769
f 454/722/1770 633/3014/1770 1789/3015/1770
f 454/722/1771 1789/3015/1771 455/723/1771
f 1789/3015/1772 1788/3016/1772 455/723/1772
f 455/3017/1773 1788/2935/1773 657/2934/1773
f 455/3017/1774 657/2934/1774 452/3018/1774
f 1809/3019/1775 1810/3020/1775 1811/3021/1775
f 475/1329/1776 843/1328/1776 1812/3022/1776
f 1813/3023/1777 1814/3024/1777 1815/3025/1777
f 1815/3025/1778 1814/3024/1778 1816/3026/1778
f 1815/3025/1779 1816/3026/1779 1817/3027/1779
f 1817/3027/1780 1818/3028/1780 1815/3025/1780
f 1815/3025/1781 1818/3028/1781 1819/3029/1781
f 1815/3025/1782 1819/3029/1782 1820/3030/1782
f 845/1332/1783 844/1331/1783 1821/3031/1783
f 1821/3031/1784 844/1331/1784 841/1326/1784
f 1822/3032/1785 1823/3033/1785 1821/3031/1785
f 1821/3031/1786 1823/3033/1786 1824/3034/1786
f 1821/3031/1787 1824/3034/1787 1825/3035/1787
f 1822/3032/1788 1821/3031/1788 1826/3036/1788
f 1826/3036/1789 1821/3031/1789 841/1326/1789
f 1826/3036/1790 841/1326/1790 840/1325/1790
f 1825/3035/1791 1827/3037/1791 1821/3031/1791
f 1821/3031/1792 1827/3037/1792 1828/3038/1792
f 1821/3031/1793 1828/3038/1793 1815/3025/1793
f 1815/3025/1794 1828/3038/1794 1829/3039/1794
f 1815/3025/1795 1829/3039/1795 1813/3023/1795
f 1811/3021/1796 631/3040/1796 463/733/1796
f 463/733/1797 631/3040/1797 464/734/1797
f 624/3041/1798 626/3042/1798 1830/3043/1798
f 1830/3043/1799 626/3042/1799 630/3044/1799
f 1831/3045/1800 1832/3046/1800 621/3047/1800
f 621/3047/1801 1832/3046/1801 622/3048/1801
f 481/756/1802 622/3048/1802 482/757/1802
f 482/757/1803 622/3048/1803 1832/3046/1803
f 482/757/1804 1832/3046/1804 537/835/1804
f 537/835/1805 1832/3046/1805 539/837/1805
f 1014/1509/1806 980/1473/1806 1833/3049/1806
f 1833/3050/1807 1834/3051/1807 1835/3052/1807
f 1835/3052/1808 1836/3053/1808 1833/3050/1808
f 1833/3050/1809 1836/3053/1809 1837/3054/1809
f 1833/3049/1810 1837/3055/1810 1014/1509/1810
f 1014/1509/1811 1837/3055/1811 1838/3056/1811
f 1014/1509/1812 1838/3056/1812 1007/1500/1812
f 1834/3051/1813 1833/3050/1813 1839/3057/1813
f 1839/3057/1814 1833/3050/1814 1840/3058/1814
f 1839/3057/1815 1840/3058/1815 1841/3059/1815
f 1820/3030/1816 1842/3060/1816 1815/3025/1816
f 1815/3025/1817 1842/3060/1817 1843/3061/1817
f 1815/3025/1818 1843/3061/1818 1844/3062/1818
f 1844/3062/1819 1843/3061/1819 1845/3063/1819
f 1844/3062/1820 1845/3063/1820 1846/3064/1820
f 1840/3058/1821 1847/3065/1821 1848/3066/1821
f 1848/3066/1822 1849/3067/1822 1840/3058/1822
f 1840/3058/1823 1849/3067/1823 1850/3068/1823
f 1840/3058/1824 1850/3068/1824 1851/3069/1824
f 1851/3069/1825 1852/3070/1825 1840/3058/1825
f 1840/3058/1826 1852/3070/1826 1853/3071/1826
f 1840/3058/1827 1853/3071/1827 1841/3059/1827
f 463/733/1828 475/748/1828 1811/3021/1828
f 1811/3021/1829 475/748/1829 1812/3072/1829
f 1811/3021/1830 1812/3072/1830 1809/3019/1830
f 1809/3073/1831 1812/3022/1831 1854/3074/1831
f 1809/3073/1832 1854/3074/1832 1855/3075/1832
f 624/3041/1833 1830/3043/1833 1856/3076/1833
f 1856/3077/1834 1830/3078/1834 1857/3079/1834
f 1856/3077/1835 1857/3079/1835 1858/3080/1835
f 621/3047/1836 624/3041/1836 1831/3045/1836
f 1831/3045/1837 624/3041/1837 1856/3076/1837
f 1831/3045/1838 1856/3076/1838 1832/3046/1838
f 1832/3046/1839 1856/3076/1839 1858/3081/1839
f 1832/3046/1840 1858/3081/1840 539/837/1840
f 539/1056/1841 1858/3082/1841 979/1472/1841
f 980/1473/1842 979/1472/1842 1833/3049/1842
f 1833/3050/1843 979/3083/1843 1858/3080/1843
f 1833/3050/1844 1858/3080/1844 1840/3058/1844
f 1840/3058/1845 1858/3080/1845 1857/3079/1845
f 1840/3058/1846 1857/3079/1846 1855/3075/1846
f 1855/3075/1847 1857/3079/1847 1830/3078/1847
f 1855/3075/1848 1830/3078/1848 1809/3073/1848
f 1809/3019/1849 1830/3043/1849 630/3044/1849
f 1809/3019/1850 630/3044/1850 1810/3020/1850
f 1810/3020/1851 630/3044/1851 629/3084/1851
f 1810/3020/1852 629/3084/1852 1811/3021/1852
f 1811/3021/1853 629/3084/1853 628/3085/1853
f 1811/3021/1854 628/3085/1854 631/3040/1854
f 843/1328/1855 845/1332/1855 1812/3022/1855
f 1812/3022/1856 845/1332/1856 1821/3031/1856
f 1812/3022/1857 1821/3031/1857 1854/3074/1857
f 1854/3074/1858 1821/3031/1858 1815/3025/1858
f 1854/3074/1859 1815/3025/1859 1855/3075/1859
f 1855/3075/1860 1815/3025/1860 1844/3062/1860
f 1855/3075/1861 1844/3062/1861 1840/3058/1861
f 1840/3058/1862 1844/3062/1862 1846/3064/1862
f 1840/3058/1863 1846/3064/1863 1847/3065/1863
f 1785/3086/1864 1796/3087/1864 407/3088/1864
f 407/3089/1865 1796/3090/1865 1804/3091/1865
f 407/3089/1866 1804/3091/1866 408/3092/1866
f 1798/3093/1867 405/3094/1867 1804/3091/1867
f 1804/3091/1868 405/3094/1868 409/3095/1868
f 1804/3091/1869 409/3095/1869 408/3092/1869
f 1859/3096/1870 1860/3097/1870 1800/3098/1870
f 1800/3098/1871 1860/3097/1871 401/3099/1871
f 1800/3098/1872 401/3099/1872 1798/3093/1872
f 1798/3093/1873 401/3099/1873 403/3100/1873
f 1798/3093/1874 403/3100/1874 405/3094/1874
f 1859/3096/1875 1800/3098/1875 1861/3101/1875
f 1861/3101/1876 1800/3098/1876 1802/3102/1876
f 1861/3101/1877 1802/3102/1877 1862/3103/1877
f 1863/3104/1878 1864/3105/1878 1801/3106/1878
f 1801/3106/1879 1864/3105/1879 1865/3107/1879
f 1801/3106/1880 1865/3107/1880 1802/3102/1880
f 1802/3102/1881 1865/3107/1881 1866/3108/1881
f 1802/3102/1882 1866/3108/1882 1862/3103/1882
f 1863/3104/1883 1801/3106/1883 534/3109/1883
f 534/3109/1884 1801/3106/1884 1799/3110/1884
f 534/3109/1885 1799/3110/1885 535/3111/1885
f 1803/3112/1886 532/3113/1886 1799/3110/1886
f 1799/3110/1887 532/3113/1887 533/3114/1887
f 1799/3110/1888 533/3114/1888 535/3111/1888
f 1688/3115/1889 1687/3116/1889 1795/3117/1889
f 1795/3117/1890 1687/3116/1890 529/3118/1890
f 1795/3117/1891 529/3118/1891 1803/3112/1891
f 1803/3112/1892 529/3118/1892 530/3119/1892
f 1803/3112/1893 530/3119/1893 532/3113/1893
f 636/1005/1894 635/1004/1894 1793/3120/1894
f 1688/3115/1889 1795/3117/1889 1805/3121/1889
f 1805/3122/1895 1795/3123/1895 1794/3124/1895
f 1805/3125/1895 1794/3126/1895 1806/3127/1895
f 1806/3127/1896 1794/3126/1896 1797/3128/1896
f 1806/3127/1896 1797/3128/1896 1807/3129/1896
f 1807/3129/1897 1797/3128/1897 1790/3130/1897
f 1807/3129/1897 1790/3130/1897 1808/3131/1897
f 1808/3131/1898 1790/3130/1898 639/1008/1898
f 1808/3131/1898 639/1008/1898 638/1007/1898
f 636/1005/1894 1793/3120/1894 660/3132/1894
f 660/3132/1899 1793/3120/1899 1792/3133/1899
f 660/3132/1899 1792/3133/1899 658/3134/1899
f 658/3134/1900 1792/3133/1900 1791/3135/1900
f 658/3134/1900 1791/3135/1900 659/3136/1900
f 659/3136/1901 1791/3135/1901 1796/3087/1901
f 659/3136/1901 1796/3087/1901 654/3137/1901
f 654/3137/1902 1796/3087/1902 1785/3086/1902
f 654/3137/1902 1785/3086/1902 655/3138/1902
f 1867/3139/1903 1868/3140/1903 1869/3141/1903
f 1869/3141/1904 1868/3140/1904 1870/3142/1904
f 1868/3140/1905 1871/3143/1905 1870/3142/1905
f 1870/3142/1906 1871/3143/1906 1872/3144/1906
f 1870/3142/1907 1872/3144/1907 1873/3145/1907
f 400/647/1908 399/646/1908 1874/3146/1908
f 1874/3146/1909 399/646/1909 1873/3147/1909
f 1874/3146/1910 1873/3147/1910 1875/3148/1910
f 1875/3148/1911 1873/3147/1911 1872/3149/1911
f 1876/3150/83 398/645/83 1877/3151/83
f 1877/3151/83 398/645/83 397/644/83
f 1877/3151/83 397/644/83 1878/3152/83
f 1879/3153/1912 1876/3150/1912 1880/3154/1912
f 1880/3154/1912 1876/3150/1912 1877/3151/1912
f 349/3155/1913 351/3156/1913 1867/3157/1913
f 1881/3158/1914 353/3159/1914 1882/3160/1914
f 1882/3160/1915 353/3159/1915 352/3161/1915
f 1882/3160/1916 352/3161/1916 1883/3162/1916
f 1883/3162/1917 352/3161/1917 350/3163/1917
f 1883/3162/1918 350/3163/1918 1884/3164/1918
f 1884/3164/1919 350/3163/1919 349/3165/1919
f 1884/3164/1920 349/3165/1920 1885/3166/1920
f 1885/3167/1921 349/3155/1921 1867/3157/1921
f 374/612/1922 400/3168/1922 372/610/1922
f 372/610/1922 400/3168/1922 1874/3169/1922
f 372/610/1923 1874/3169/1923 368/601/1923
f 1867/3170/1924 351/583/1924 1868/3171/1924
f 1868/3171/1924 351/583/1924 360/593/1924
f 1868/3171/1925 360/593/1925 362/595/1925
f 368/601/1926 1874/3169/1926 366/599/1926
f 366/599/1927 1874/3169/1927 1875/3172/1927
f 366/599/1928 1875/3172/1928 364/597/1928
f 364/597/1929 1875/3172/1929 1872/3173/1929
f 364/597/1930 1872/3173/1930 362/595/1930
f 362/595/1931 1872/3173/1931 1871/3174/1931
f 362/595/1932 1871/3174/1932 1868/3171/1932
f 374/612/1933 378/616/1933 400/3168/1933
f 400/3168/1933 378/616/1933 390/3175/1933
f 395/3176/1934 371/608/1934 397/3177/1934
f 397/3177/1934 371/608/1934 370/606/1934
f 391/3178/1935 390/3175/1935 378/616/1935
f 393/3117/1936 382/3179/1936 395/3180/1936
f 395/3176/1937 382/620/1937 381/619/1937
f 395/3176/1938 381/619/1938 371/608/1938
f 378/616/1935 385/626/1935 391/3178/1935
f 391/3178/1939 385/626/1939 384/624/1939
f 391/3178/1940 384/624/1940 393/3181/1940
f 393/3181/1941 384/624/1941 383/622/1941
f 393/3181/1942 383/622/1942 382/620/1942
f 386/629/1943 375/631/1943 1886/3182/1943
f 1886/3182/1943 375/631/1943 373/3183/1943
f 1886/3182/1944 373/3183/1944 1887/3184/1944
f 1887/3184/1945 373/3183/1945 367/3185/1945
f 1887/3184/1946 367/3185/1946 1888/3186/1946
f 1888/3186/1947 367/3185/1947 365/3187/1947
f 1888/3186/1948 365/3187/1948 1889/3188/1948
f 1889/3189/1949 365/3190/1949 363/3191/1949
f 1889/3192/1950 363/3193/1950 1890/3194/1950
f 1890/3195/1951 363/3196/1951 361/3197/1951
f 1890/3195/1952 361/3197/1952 1891/3198/1952
f 1891/3198/1952 361/3197/1952 359/3199/1952
f 1881/3158/1953 1892/3200/1953 353/3159/1953
f 353/3159/1954 1892/3200/1954 354/3201/1954
f 1893/3202/1952 1891/3198/1952 359/3199/1952
f 359/3199/1955 358/3203/1955 1893/3202/1955
f 1893/3204/1956 358/3205/1956 355/3206/1956
f 1893/3204/1956 355/3206/1956 1894/3207/1956
f 1894/3207/1957 355/3206/1957 354/3201/1957
f 1894/3207/1958 354/3201/1958 1895/3208/1958
f 1895/3208/1959 354/3201/1959 1892/3200/1959
f 342/574/1960 1896/3209/1960 343/575/1960
f 343/575/1961 1896/3209/1961 356/3210/1961
f 1896/3209/1962 1897/3211/1962 356/3210/1962
f 356/3210/1963 1897/3211/1963 1898/3212/1963
f 356/3210/1964 1898/3212/1964 357/3213/1964
f 1898/3212/1965 1899/3214/1965 357/3213/1965
f 357/3213/1966 1899/3214/1966 1900/3215/1966
f 357/3213/1966 1900/3215/1966 369/3216/1966
f 369/3217/1967 1900/3218/1967 397/3219/1967
f 369/3217/1967 397/3219/1967 370/3220/1967
f 338/568/1968 1901/3221/1968 1902/3222/1968
f 1878/3223/1969 397/3219/1969 1903/3224/1969
f 1903/3224/1970 397/3219/1970 1900/3218/1970
f 1903/3224/1971 1900/3218/1971 1904/3225/1971
f 1904/3225/1972 1900/3218/1972 1899/3226/1972
f 1904/3225/1973 1899/3226/1973 1905/3227/1973
f 1905/3228/1974 1899/3214/1974 1898/3212/1974
f 1905/3228/1975 1898/3212/1975 1906/3229/1975
f 1906/3229/1976 1898/3212/1976 1897/3211/1976
f 1906/3229/1977 1897/3211/1977 1907/3230/1977
f 1907/3230/1978 1897/3211/1978 1896/3209/1978
f 1907/3230/1979 1896/3209/1979 1908/3231/1979
f 1908/3231/1979 1896/3209/1979 342/574/1979
f 1908/3231/1980 342/574/1980 1909/3232/1980
f 1909/3232/1980 342/574/1980 344/576/1980
f 1909/3232/1981 344/576/1981 1910/3233/1981
f 1910/3233/1982 344/576/1982 345/577/1982
f 1910/3233/1983 345/577/1983 1902/3234/1983
f 1902/3234/1984 345/577/1984 340/572/1984
f 1902/3222/1985 340/3235/1985 338/568/1985
f 336/566/158 1911/3236/158 338/568/158
f 338/568/1986 1911/3236/1986 1912/3237/1986
f 338/568/1987 1912/3237/1987 1901/3221/1987
f 1913/3238/1988 1914/3239/1988 1915/3240/1988
f 1916/3241/1989 1917/3242/1989 1915/3240/1989
f 1918/3243/1990 1919/3244/1990 1920/3245/1990
f 1921/3246/1991 1922/3247/1991 1923/3248/1991
f 1923/3248/1992 1922/3247/1992 1924/3249/1992
f 1924/3249/1993 1925/3250/1993 1923/3248/1993
f 1923/3248/1994 1925/3250/1994 1926/3251/1994
f 1923/3252/1995 1926/3253/1995 1927/3254/1995
f 1927/3255/1996 1926/3251/1996 1928/3256/1996
f 1927/3255/1997 1928/3256/1997 1929/3257/1997
f 1929/3258/1998 1928/3259/1998 1930/3260/1998
f 1929/3258/1999 1930/3260/1999 1931/3261/1999
f 1931/3261/2000 1930/3260/2000 1932/3262/2000
f 1931/3261/2001 1932/3262/2001 1933/3263/2001
f 1934/3264/2002 1935/3265/2002 1936/3266/2002
f 1936/3266/2003 1933/3263/2003 1934/3264/2003
f 1934/3264/2004 1933/3263/2004 1932/3262/2004
f 1934/3264/2005 1932/3262/2005 1937/3267/2005
f 1937/3268/2006 1932/3269/2006 1930/3270/2006
f 1937/3267/2007 1930/3260/2007 1938/3271/2007
f 1916/3241/2008 1915/3240/2008 1939/3272/2008
f 1939/3272/2009 1915/3240/2009 1914/3239/2009
f 1939/3272/2010 1914/3239/2010 1940/3273/2010
f 1941/3274/2011 1942/3275/2011 1943/3276/2011
f 1943/3276/2012 1942/3275/2012 1939/3272/2012
f 1943/3276/2013 1939/3272/2013 1944/3277/2013
f 1944/3277/2014 1939/3272/2014 1940/3273/2014
f 1944/3277/2015 1940/3273/2015 1945/3278/2015
f 1938/3271/2016 1930/3260/2016 1946/3279/2016
f 1946/3279/2017 1930/3260/2017 1947/3280/2017
f 1946/3279/2018 1947/3280/2018 1917/3242/2018
f 1917/3242/2019 1947/3280/2019 1948/3281/2019
f 1917/3242/2020 1948/3281/2020 1915/3240/2020
f 1915/3240/2021 1948/3281/2021 1949/3282/2021
f 1915/3240/2022 1949/3282/2022 1913/3238/2022
f 1926/3251/2023 1950/3283/2023 1928/3256/2023
f 1928/3259/2024 1950/3284/2024 1951/3285/2024
f 1928/3259/2025 1951/3285/2025 1930/3260/2025
f 1930/3260/2026 1951/3285/2026 1952/3286/2026
f 1930/3260/2027 1952/3286/2027 1947/3280/2027
f 1920/3245/2028 1919/3244/2028 1921/3246/2028
f 1921/3246/2029 1919/3244/2029 1953/3287/2029
f 1921/3246/2030 1953/3287/2030 1922/3247/2030
f 1922/3247/2031 1953/3287/2031 1954/3288/2031
f 1922/3247/2032 1954/3288/2032 1955/3289/2032
f 1955/3289/2033 1956/3290/2033 1922/3247/2033
f 1922/3247/2034 1956/3290/2034 1957/3291/2034
f 1922/3247/2035 1957/3291/2035 1924/3249/2035
f 1958/3292/2036 1959/3293/2036 1960/3294/2036
f 1960/3294/2037 1959/3293/2037 1961/3295/2037
f 1962/3296/2038 1935/3265/2038 1963/3297/2038
f 1963/3298/2039 1935/3299/2039 1934/3300/2039
f 1963/3297/2040 1934/3264/2040 1964/3301/2040
f 1964/3302/2041 1934/3303/2041 1937/3304/2041
f 1964/3301/2042 1937/3267/2042 1965/3305/2042
f 1965/3306/2043 1937/3307/2043 1938/3308/2043
f 1965/3305/2044 1938/3271/2044 1966/3309/2044
f 1966/3309/2045 1938/3271/2045 1946/3279/2045
f 1966/3309/2046 1946/3279/2046 1967/3310/2046
f 1967/3310/2047 1946/3279/2047 1917/3242/2047
f 1967/3310/2048 1917/3242/2048 1968/3311/2048
f 1968/3312/2049 1917/3313/2049 1916/3314/2049
f 1968/3311/2050 1916/3241/2050 1969/3315/2050
f 1969/3316/2051 1916/3317/2051 1939/3318/2051
f 1969/3315/2052 1939/3272/2052 1970/3319/2052
f 1970/3319/2053 1939/3272/2053 1942/3275/2053
f 1970/3319/2054 1942/3275/2054 1971/3320/2054
f 1971/3320/2055 1942/3275/2055 1941/3274/2055
f 1972/3321/2056 1973/3322/2056 1974/3323/2056
f 1975/3324/2057 1974/3323/2057 1976/3325/2057
f 1961/3295/2058 1959/3293/2058 1941/3274/2058
f 1941/3274/2059 1959/3293/2059 1977/3326/2059
f 1941/3274/2060 1977/3326/2060 1971/3320/2060
f 1971/3320/2061 1977/3326/2061 1978/3327/2061
f 1971/3320/2061 1978/3327/2061 1970/3319/2061
f 1970/3319/2062 1978/3327/2062 1979/3328/2062
f 1970/3319/2062 1979/3328/2062 1969/3315/2062
f 1969/3315/2063 1979/3328/2063 1980/3329/2063
f 1969/3315/2063 1980/3329/2063 1968/3311/2063
f 1968/3311/2064 1980/3329/2064 1981/3330/2064
f 1968/3311/2064 1981/3330/2064 1967/3310/2064
f 1967/3310/2065 1981/3330/2065 1982/3331/2065
f 1967/3310/2066 1982/3331/2066 1966/3309/2066
f 1966/3309/2067 1982/3331/2067 1983/3332/2067
f 1966/3309/2067 1983/3332/2067 1965/3305/2067
f 1965/3305/2068 1983/3332/2068 1984/3333/2068
f 1965/3305/2068 1984/3333/2068 1964/3301/2068
f 1964/3301/2069 1984/3333/2069 1975/3324/2069
f 1964/3301/2069 1975/3324/2069 1963/3297/2069
f 1963/3297/2070 1975/3324/2070 1976/3325/2070
f 1963/3297/2071 1976/3325/2071 1962/3296/2071
f 1974/3323/2056 1975/3324/2056 1972/3321/2056
f 1972/3321/2072 1975/3324/2072 1984/3333/2072
f 1972/3321/2072 1984/3333/2072 1985/3334/2072
f 1985/3334/2073 1984/3333/2073 1983/3332/2073
f 1985/3334/2074 1983/3332/2074 1986/3335/2074
f 1986/3335/2075 1983/3332/2075 1982/3331/2075
f 1986/3335/2075 1982/3331/2075 1987/3336/2075
f 1987/3336/2076 1982/3331/2076 1981/3330/2076
f 1987/3336/2076 1981/3330/2076 1988/3337/2076
f 1988/3337/2077 1981/3330/2077 1980/3329/2077
f 1988/3337/2077 1980/3329/2077 1989/3338/2077
f 1989/3338/2078 1980/3329/2078 1979/3328/2078
f 1989/3338/2078 1979/3328/2078 1990/3339/2078
f 1990/3339/2079 1979/3328/2079 1978/3327/2079
f 1990/3339/2079 1978/3327/2079 1991/3340/2079
f 1991/3340/2080 1978/3327/2080 1977/3326/2080
f 1991/3340/2080 1977/3326/2080 1992/3341/2080
f 1992/3341/2081 1977/3326/2081 1959/3293/2081
f 1992/3341/2081 1959/3293/2081 1993/3342/2081
f 1993/3342/2082 1959/3293/2082 1958/3292/2082
f 1993/3342/2083 1958/3292/2083 1994/3343/2083
f 1994/3343/2084 1958/3292/2084 1995/3344/2084
f 1994/3343/2085 1995/3344/2085 1996/3345/2085
f 1993/3342/53 1994/3343/53 1997/3346/53
f 779/1190/53 835/3347/53 834/3348/53
f 839/1324/53 797/1210/53 798/1211/53
f 1996/3345/53 1998/3349/53 1994/3343/53
f 1994/3343/53 1998/3349/53 1999/3350/53
f 1994/3343/53 1999/3350/53 1997/3346/53
f 783/3351/53 785/3352/53 839/1324/53
f 839/1324/53 785/3352/53 787/3353/53
f 1973/3322/53 1972/3321/53 839/3354/53
f 839/3354/53 1972/3321/53 1985/3334/53
f 839/3354/53 1985/3334/53 1986/3335/53
f 2000/3355/53 2001/3356/53 1986/3335/53
f 1986/3335/53 2001/3356/53 2002/3357/53
f 1986/3335/53 2002/3357/53 2003/3358/53
f 2003/3358/53 2004/3359/53 1986/3335/53
f 1986/3335/53 2004/3359/53 2005/3360/53
f 1986/3335/53 2005/3360/53 2006/3361/53
f 737/1146/53 740/1149/53 1986/3335/53
f 1986/3335/53 740/1149/53 742/3362/53
f 1986/3335/2086 742/3362/2086 839/3354/2086
f 838/1323/53 837/1322/53 779/3363/53
f 779/3363/53 837/1322/53 836/1321/53
f 779/1190/53 836/3364/53 835/3347/53
f 779/1190/53 744/1155/53 759/1170/53
f 759/1170/53 758/1169/53 779/1190/53
f 779/1190/53 758/1169/53 756/1167/53
f 779/1190/53 756/1167/53 754/1165/53
f 838/1323/53 779/3363/53 839/1324/53
f 839/1324/53 779/3363/53 778/3365/53
f 839/1324/53 778/3365/53 783/3351/53
f 787/3353/53 788/1201/53 839/1324/53
f 839/1324/53 788/1201/53 790/1203/53
f 839/1324/53 790/1203/53 792/1205/53
f 1987/3336/53 1988/3337/53 1997/3346/53
f 1997/3346/53 1988/3337/53 1989/3338/53
f 1997/3346/53 1989/3338/53 1990/3339/53
f 1987/3336/53 1997/3346/53 1986/3335/53
f 1986/3335/53 1997/3346/53 2007/3366/53
f 1986/3335/53 2007/3366/53 2000/3355/53
f 834/3348/53 748/1159/53 779/1190/53
f 779/1190/53 748/1159/53 746/1157/53
f 779/1190/53 746/1157/53 744/1155/53
f 754/1165/53 752/1163/53 779/1190/53
f 779/1190/53 752/1163/53 768/1179/53
f 779/1190/53 768/1179/53 767/1178/53
f 767/1178/53 765/1176/53 779/1190/53
f 779/1190/53 765/1176/53 763/1174/53
f 779/1190/53 763/1174/53 761/1172/53
f 792/1205/53 794/1207/53 839/1324/53
f 839/1324/53 794/1207/53 796/1209/53
f 839/1324/53 796/1209/53 797/1210/53
f 2008/3367/53 2009/3368/53 839/3354/53
f 839/3354/53 2009/3368/53 2010/3369/53
f 839/3354/53 2010/3369/53 1973/3322/53
f 1990/3339/53 1991/3340/53 1997/3346/53
f 1997/3346/53 1991/3340/53 1992/3341/53
f 1997/3346/53 1992/3341/53 1993/3342/53
f 761/1172/53 771/1182/53 779/1190/53
f 779/1190/2087 771/1182/2087 770/1181/2087
f 779/1190/2088 770/1181/2088 780/1191/2088
f 780/1191/53 770/1181/53 769/1180/53
f 780/1191/53 769/1180/53 773/1184/53
f 773/1184/53 769/1180/53 775/1186/53
f 798/1211/53 799/3370/53 839/1324/53
f 839/3354/53 799/1214/53 2011/3371/53
f 839/3354/53 2011/3371/53 2008/3367/53
f 2006/3361/2088 1778/2919/2088 1986/3335/2088
f 1986/3335/2089 1778/2919/2089 1777/2918/2089
f 1986/3335/53 1777/2918/53 1779/2920/53
f 1779/2920/53 1737/2875/53 1986/3335/53
f 1986/3335/53 1737/2875/53 1738/2876/53
f 1986/3335/53 1738/2876/53 737/1146/53
f 2012/3372/2090 2013/3373/2090 2014/3374/2090
f 2015/3375/2091 2016/3376/2091 2017/3377/2091
f 2017/3377/2092 2016/3376/2092 2013/3373/2092
f 2017/3377/2093 2013/3373/2093 2018/3378/2093
f 1999/3350/2094 1998/3349/2094 2019/3379/2094
f 2019/3379/2095 2015/3375/2095 1999/3350/2095
f 1999/3350/2096 2015/3375/2096 2017/3377/2096
f 1999/3350/2097 2017/3377/2097 1997/3346/2097
f 1997/3346/2098 2017/3377/2098 2018/3378/2098
f 1997/3346/2099 2018/3378/2099 2007/3366/2099
f 2007/3366/2100 2018/3378/2100 2020/3380/2100
f 2007/3366/2101 2020/3380/2101 2000/3355/2101
f 2000/3355/2102 2020/3380/2102 2021/3381/2102
f 2000/3355/2103 2021/3381/2103 2001/3356/2103
f 2001/3356/2104 2021/3381/2104 2022/3382/2104
f 2001/3356/2105 2022/3382/2105 2002/3357/2105
f 2002/3357/2106 2022/3382/2106 2003/3358/2106
f 2003/3358/2107 2022/3382/2107 2023/3383/2107
f 2003/3358/2108 2023/3383/2108 2004/3359/2108
f 2004/3359/2109 2023/3383/2109 2024/3384/2109
f 2004/3359/2110 2024/3384/2110 2005/3360/2110
f 2005/3360/2111 2024/3384/2111 2006/3361/2111
f 2006/3361/2112 2024/3384/2112 1776/2917/2112
f 2006/3361/2113 1776/2917/2113 1778/2919/2113
f 2014/3374/2114 2025/3385/2114 2012/3372/2114
f 2012/3372/2115 2025/3385/2115 2026/3386/2115
f 2012/3372/2115 2026/3386/2115 2027/3387/2115
f 2027/3387/2116 2026/3386/2116 2028/3388/2116
f 2027/3387/2117 2028/3388/2117 2029/3389/2117
f 2029/3389/2118 2028/3388/2118 2030/3390/2118
f 2029/3389/2118 2030/3390/2118 2031/3391/2118
f 2031/3391/2119 2030/3390/2119 2032/3392/2119
f 2031/3391/2119 2032/3392/2119 2033/3393/2119
f 2033/3393/2120 2032/3392/2120 2034/3394/2120
f 2033/3393/2120 2034/3394/2120 2035/3395/2120
f 2035/3395/2121 2034/3394/2121 1772/2912/2121
f 2035/3395/2122 1772/2912/2122 1774/2915/2122
f 2013/3373/2123 2012/3372/2123 2018/3378/2123
f 2018/3378/2124 2012/3372/2124 2027/3387/2124
f 2018/3378/2124 2027/3387/2124 2020/3380/2124
f 2020/3380/2125 2027/3387/2125 2029/3389/2125
f 2020/3380/2125 2029/3389/2125 2021/3381/2125
f 2021/3381/2126 2029/3389/2126 2031/3391/2126
f 2021/3381/2126 2031/3391/2126 2022/3382/2126
f 2022/3382/2127 2031/3391/2127 2033/3393/2127
f 2022/3382/2128 2033/3393/2128 2023/3383/2128
f 2023/3383/2129 2033/3393/2129 2035/3395/2129
f 2023/3383/2129 2035/3395/2129 2024/3384/2129
f 2024/3384/2130 2035/3395/2130 1774/2915/2130
f 2024/3384/2130 1774/2915/2130 1776/2917/2130
f 2036/3396/2131 2037/3397/2131 2038/3398/2131
f 2039/3399/2132 2040/3400/2132 2041/3401/2132
f 2042/3402/2133 1772/2912/2133 2034/3394/2133
f 2043/3403/2134 2025/3385/2134 2014/3374/2134
f 2025/3385/2135 2043/3403/2135 2026/3386/2135
f 2038/3404/2136 2037/3405/2136 2044/3406/2136
f 2045/3407/2137 2046/3408/2137 2047/3409/2137
f 2048/3410/2138 2049/3411/2138 2050/3412/2138
f 2049/3411/2139 2048/3410/2139 2051/3413/2139
f 2051/3413/2140 2048/3410/2140 2052/3414/2140
f 2051/3413/2141 2052/3414/2141 2053/3415/2141
f 2054/3416/2142 2055/3417/2142 2056/3418/2142
f 2055/3417/2143 2045/3407/2143 2056/3418/2143
f 2056/3418/2144 2045/3407/2144 2047/3409/2144
f 2056/3418/2145 2047/3409/2145 2050/3412/2145
f 2050/3412/2146 2047/3409/2146 2057/3419/2146
f 2050/3412/2147 2057/3419/2147 2048/3410/2147
f 2058/3420/2148 2059/3421/2148 2056/3418/2148
f 2056/3418/2149 2059/3421/2149 2060/3422/2149
f 2056/3418/2150 2060/3422/2150 2054/3416/2150
f 2061/3423/2151 2062/3424/2151 2037/3425/2151
f 2063/3426/2152 2064/3427/2152 2065/3428/2152
f 2065/3428/2153 2064/3427/2153 2066/3429/2153
f 2065/3428/2154 2066/3429/2154 2067/3430/2154
f 2050/3412/2155 2068/3431/2155 2056/3418/2155
f 2056/3418/2156 2068/3431/2156 2044/3432/2156
f 2056/3418/2157 2044/3432/2157 2058/3420/2157
f 2058/3433/2158 2044/3406/2158 2037/3405/2158
f 2058/3434/2159 2037/3435/2159 2069/3436/2159
f 2069/3436/2160 2037/3435/2160 2062/3437/2160
f 2070/3438/2161 2071/3439/2161 2072/3440/2161
f 2072/3440/2162 2071/3439/2162 2073/3441/2162
f 2072/3440/2163 2073/3441/2163 2074/3442/2163
f 2074/3442/2164 2073/3441/2164 2075/3443/2164
f 2074/3442/2165 2075/3443/2165 2076/3444/2165
f 2076/3444/2166 2030/3390/2166 2074/3442/2166
f 2074/3442/2167 2030/3390/2167 2028/3388/2167
f 2074/3442/2168 2028/3388/2168 2072/3440/2168
f 2072/3440/2169 2028/3388/2169 2026/3386/2169
f 2072/3440/2170 2026/3386/2170 2070/3438/2170
f 2070/3438/2171 2026/3386/2171 2043/3403/2171
f 2076/3444/2172 2063/3426/2172 2030/3390/2172
f 2030/3390/2173 2063/3426/2173 2065/3428/2173
f 2030/3390/2174 2065/3428/2174 2032/3392/2174
f 2032/3445/2175 2065/3446/2175 2041/3447/2175
f 2032/3392/2176 2041/3401/2176 2034/3394/2176
f 2034/3394/2177 2041/3401/2177 2040/3400/2177
f 2034/3394/2178 2040/3400/2178 2042/3402/2178
f 2039/3399/2179 2041/3401/2179 2036/3448/2179
f 2036/3448/2180 2041/3401/2180 2065/3428/2180
f 2036/3448/2181 2065/3428/2181 2037/3425/2181
f 2037/3425/2182 2065/3428/2182 2067/3430/2182
f 2037/3425/2183 2067/3430/2183 2061/3423/2183
f 2077/3449/2184 2078/3450/2184 2079/3451/2184
f 2078/3450/2185 2080/3452/2185 2079/3451/2185
f 2079/3451/2186 2080/3452/2186 1763/2902/2186
f 2079/3451/2187 1763/2902/2187 1762/2901/2187
f 1761/2900/2188 1768/2907/2188 2081/3453/2188
f 2081/3453/2189 1768/2907/2189 1770/2909/2189
f 2082/3454/2190 2083/3455/2190 2084/3456/2190
f 2084/3456/2191 2083/3455/2191 2085/3457/2191
f 2084/3456/2192 2085/3457/2192 2049/3411/2192
f 2049/3411/2193 2085/3457/2193 2086/3458/2193
f 2049/3411/2194 2086/3458/2194 2050/3412/2194
f 2050/3412/2195 2086/3458/2195 2087/3459/2195
f 2050/3412/2196 2087/3459/2196 2068/3431/2196
f 2068/3431/2197 2087/3459/2197 2088/3460/2197
f 2068/3431/2198 2088/3460/2198 2044/3432/2198
f 2044/3432/2199 2088/3460/2199 2089/3461/2199
f 2044/3432/2200 2089/3461/2200 2038/3398/2200
f 2038/3398/2201 2089/3461/2201 2090/3462/2201
f 2038/3398/2202 2090/3462/2202 2036/3396/2202
f 2036/3396/2203 2090/3462/2203 2091/3463/2203
f 2036/3396/2204 2091/3463/2204 2039/3464/2204
f 2039/3464/2205 2091/3463/2205 2092/3465/2205
f 2039/3464/2206 2092/3465/2206 2040/3466/2206
f 2040/3466/2207 2092/3465/2207 2081/3453/2207
f 2040/3466/2208 2081/3453/2208 2042/3467/2208
f 2042/3467/2209 2081/3453/2209 1770/2909/2209
f 2042/3467/2210 1770/2909/2210 1772/2911/2210
f 2077/3449/2211 2079/3451/2211 2093/3468/2211
f 2093/3468/2212 2079/3451/2212 2094/3469/2212
f 2093/3468/2213 2094/3469/2213 2095/3470/2213
f 2096/3471/2214 2097/3472/2214 2098/3473/2214
f 2098/3473/2215 2097/3472/2215 2099/3474/2215
f 2098/3473/2216 2099/3474/2216 2100/3475/2216
f 2100/3475/2217 2099/3474/2217 2101/3476/2217
f 2100/3475/2218 2101/3476/2218 2102/3477/2218
f 2102/3477/2219 2101/3476/2219 2103/3478/2219
f 2102/3477/2220 2103/3478/2220 2104/3479/2220
f 2104/3479/2221 2103/3478/2221 2105/3480/2221
f 2104/3479/2222 2105/3480/2222 2106/3481/2222
f 2106/3481/2223 2105/3480/2223 2107/3482/2223
f 2106/3481/2224 2107/3482/2224 2108/3483/2224
f 2108/3483/2225 2107/3482/2225 2109/3484/2225
f 2108/3483/2226 2109/3484/2226 2110/3485/2226
f 2110/3485/2227 2109/3484/2227 2095/3470/2227
f 2110/3485/2228 2095/3470/2228 2111/3486/2228
f 2111/3486/2229 2095/3470/2229 2094/3469/2229
f 2082/3454/2230 2096/3471/2230 2083/3455/2230
f 2083/3455/2231 2096/3471/2231 2098/3473/2231
f 2083/3455/2232 2098/3473/2232 2085/3457/2232
f 2085/3457/2232 2098/3473/2232 2100/3475/2232
f 2085/3457/2233 2100/3475/2233 2086/3458/2233
f 2086/3458/2233 2100/3475/2233 2102/3477/2233
f 2086/3458/2234 2102/3477/2234 2087/3459/2234
f 2087/3459/2234 2102/3477/2234 2104/3479/2234
f 2087/3459/2235 2104/3479/2235 2088/3460/2235
f 2088/3460/2236 2104/3479/2236 2106/3481/2236
f 2088/3460/2237 2106/3481/2237 2089/3461/2237
f 2089/3461/2237 2106/3481/2237 2108/3483/2237
f 2089/3461/2238 2108/3483/2238 2090/3462/2238
f 2090/3462/2239 2108/3483/2239 2110/3485/2239
f 2090/3462/2240 2110/3485/2240 2091/3463/2240
f 2091/3463/2240 2110/3485/2240 2111/3486/2240
f 2091/3463/2241 2111/3486/2241 2092/3465/2241
f 2092/3465/2241 2111/3486/2241 2094/3469/2241
f 2092/3465/2242 2094/3469/2242 2081/3453/2242
f 2081/3453/2242 2094/3469/2242 2079/3451/2242
f 2081/3453/2243 2079/3451/2243 1761/2900/2243
f 1761/2900/2244 2079/3451/2244 1762/2901/2244
f 2112/3487/83 2113/3488/83 2114/3489/83
f 2109/3484/83 2107/3482/83 2105/3480/83
f 2103/3478/83 2101/3476/83 2093/3468/83
f 2093/3468/83 2101/3476/83 2099/3474/83
f 2115/3490/2245 2116/3491/2245 2117/3492/2245
f 2118/3493/83 2119/3494/83 2114/3489/83
f 2114/3489/83 2119/3494/83 2120/3495/83
f 2114/3489/83 2120/3495/83 2112/3487/83
f 2103/3478/83 2093/3468/83 2105/3480/83
f 2105/3480/83 2093/3468/83 2095/3470/83
f 2105/3480/2246 2095/3470/2246 2109/3484/2246
f 2121/3496/2246 2122/3497/2246 2123/3498/2246
f 2123/3498/83 2122/3497/83 2093/3468/83
f 2123/3498/83 2093/3468/83 2097/3472/83
f 2097/3472/83 2093/3468/83 2099/3474/83
f 992/1485/83 994/1487/83 2124/3499/83
f 1005/3500/83 847/1334/83 848/1335/83
f 2118/3493/83 2114/3489/83 2117/3492/83
f 2117/3492/2247 2114/3489/2247 2125/3501/2247
f 2117/3492/2248 2125/3501/2248 2115/3490/2248
f 851/1338/83 864/1353/83 1005/3502/83
f 1005/3502/83 864/1353/83 2078/3450/83
f 1005/3502/83 2078/3450/83 2124/3503/83
f 2124/3503/83 2078/3450/83 2077/3449/83
f 992/1485/83 2124/3499/83 990/1483/83
f 840/1325/83 847/1334/83 1826/3036/83
f 1826/3036/83 847/1334/83 1005/3500/83
f 1826/3036/83 1005/3500/83 1822/3032/83
f 848/1335/83 849/1336/83 1005/3500/83
f 1005/3500/83 849/1336/83 863/3504/83
f 1005/3502/83 863/1351/83 862/1349/83
f 1765/2904/2249 1764/2903/2249 1746/2885/2249
f 1046/1552/2247 1045/1551/2247 1073/1579/2247
f 1073/1579/2250 1045/1551/2250 1044/1550/2250
f 1073/1579/83 1044/1550/83 1070/1576/83
f 1767/2906/83 1766/2905/83 1744/2883/83
f 989/1482/2251 988/1481/2251 1073/1579/2251
f 1073/1579/2252 988/1481/2252 986/1479/2252
f 1073/1579/2253 986/1479/2253 2124/3499/2253
f 2124/3499/83 986/1479/83 985/1478/83
f 2124/3499/83 985/1478/83 990/1483/83
f 1846/3064/83 1845/3063/83 1005/3500/83
f 1005/3500/83 1845/3063/83 1843/3061/83
f 1825/3035/83 1824/3034/83 1005/3500/83
f 1005/3500/83 1824/3034/83 1823/3033/83
f 1005/3500/83 1823/3033/83 1822/3032/83
f 1763/2902/2254 2080/3452/2254 1764/2903/2254
f 1764/2903/2255 2080/3452/2255 2078/3450/2255
f 1764/2903/2253 2078/3450/2253 1746/2885/2253
f 1746/2885/2246 2078/3450/2246 864/1353/2246
f 1746/2885/2256 864/1353/2256 865/1354/2256
f 2122/3497/83 2114/3505/83 2093/3468/83
f 2093/3468/83 2114/3505/83 2113/3506/83
f 2093/3468/83 2113/3506/83 2077/3449/83
f 2077/3507/83 2113/3488/83 2126/3508/83
f 2077/3507/83 2126/3508/83 2124/3499/83
f 1004/1497/2257 1007/1500/2257 1838/3056/2257
f 1842/3060/2258 1820/3030/2258 1829/3039/2258
f 1829/3039/2253 1820/3030/2253 1819/3029/2253
f 1829/3039/2259 1819/3029/2259 1813/3023/2259
f 1813/3023/83 1819/3029/83 1814/3024/83
f 862/1349/83 860/1347/83 1005/3502/83
f 1005/3502/83 860/1347/83 858/1345/83
f 1005/3502/83 858/1345/83 856/1343/83
f 1765/2904/2250 1746/2885/2250 1766/2905/2250
f 1766/2905/2260 1746/2885/2260 1745/2884/2260
f 1766/2905/83 1745/2884/83 1744/2883/83
f 1046/1552/2247 1073/1579/2247 1039/1545/2247
f 1039/1545/83 1073/1579/83 2124/3499/83
f 1039/1545/83 2124/3499/83 1040/1546/83
f 994/1487/83 995/1488/83 2124/3499/83
f 2124/3499/83 995/1488/83 997/1490/83
f 2124/3499/83 997/1490/83 999/1492/83
f 999/1492/83 1002/1495/83 2124/3499/83
f 2124/3499/83 1002/1495/83 1003/1496/83
f 2124/3499/2253 1003/1496/2253 1010/1503/2253
f 1010/1503/83 1012/3509/83 2124/3499/83
f 2124/3499/83 1012/3509/83 1006/3510/83
f 2124/3499/83 1006/3510/83 1005/3511/83
f 1848/3066/83 1852/3070/83 1849/3067/83
f 1849/3067/2246 1852/3070/2246 1851/3069/2246
f 1849/3067/83 1851/3069/83 1850/3068/83
f 1814/3024/83 1819/3029/83 1816/3026/83
f 1816/3026/2253 1819/3029/2253 1818/3028/2253
f 1816/3026/83 1818/3028/83 1817/3027/83
f 1842/3060/83 1829/3039/83 1843/3061/83
f 1843/3061/83 1829/3039/83 1828/3038/83
f 1843/3061/83 1828/3038/83 1005/3500/83
f 1005/3500/83 1828/3038/83 1827/3037/83
f 1005/3500/83 1827/3037/83 1825/3035/83
f 856/1343/83 854/1341/83 1005/3502/83
f 1005/3502/83 854/1341/83 852/1339/83
f 1005/3502/2249 852/1339/2249 851/1338/2249
f 1072/1578/83 1071/1577/83 1068/1574/83
f 1004/1497/1032 1838/3056/1032 1005/1498/1032
f 1005/1498/83 1838/3056/83 1837/3055/83
f 1005/1498/2253 1837/3055/2253 1836/3512/2253
f 1841/3059/2253 1853/3071/2253 1846/3064/2253
f 1846/3064/83 1853/3071/83 1852/3070/83
f 1846/3064/2246 1852/3070/2246 1847/3065/2246
f 1847/3065/2253 1852/3070/2253 1848/3066/2253
f 1836/3053/2247 1835/3052/2247 1005/3500/2247
f 1005/3500/2261 1835/3052/2261 1834/3051/2261
f 1005/3500/83 1834/3051/83 1846/3064/83
f 1846/3064/83 1834/3051/83 1839/3057/83
f 1846/3064/83 1839/3057/83 1841/3059/83
f 1070/1576/2246 1044/1550/2246 1071/1577/2246
f 1071/1577/2253 1044/1550/2253 1043/1549/2253
f 1071/1577/2246 1043/1549/2246 1042/1548/2246
f 1057/1563/2260 1048/1554/2260 1071/1577/2260
f 1071/1577/2253 1048/1554/2253 1047/1553/2253
f 1071/1577/2253 1047/1553/2253 1053/1559/2253
f 1042/1548/2253 1041/1547/2253 1071/1577/2253
f 1071/1577/83 1041/1547/83 1058/1564/83
f 1071/1577/2253 1058/1564/2253 1057/1563/2253
f 1050/1556/2262 1049/1555/2262 1071/1577/2262
f 1071/1577/2262 1049/1555/2262 1069/1575/2262
f 1071/1577/2262 1069/1575/2262 1068/1574/2262
f 1053/1559/2247 1056/1562/2247 1071/1577/2247
f 1071/1577/2253 1056/1562/2253 1055/1561/2253
f 1071/1577/2246 1055/1561/2246 1050/1556/2246
f 1050/1556/2263 1055/1561/2263 1054/1560/2263
f 1050/1556/83 1054/1560/83 1052/1558/83
f 1068/1574/83 1067/1573/83 1072/1578/83
f 1072/1578/83 1067/1573/83 1066/1572/83
f 1072/1578/2264 1066/1572/2264 1065/1571/2264
f 1749/2888/83 1748/2887/83 1757/2896/83
f 1767/2906/2265 1744/2883/2265 1756/2895/2265
f 1756/2895/2246 1744/2883/2246 1743/2882/2246
f 1756/2895/2247 1743/2882/2247 1757/2896/2247
f 1757/2896/2253 1743/2882/2253 1742/2881/2253
f 1757/2896/83 1742/2881/83 1749/2888/83
f 1072/1578/2266 1062/1568/2266 1059/1565/2266
f 1059/1565/2267 1062/1568/2267 1060/1566/2267
f 1065/1571/83 1064/1570/83 1072/1578/83
f 1072/1578/83 1064/1570/83 1063/1569/83
f 1072/1578/2268 1063/1569/2268 1062/1568/2268
f 1748/2887/83 1747/2886/83 1757/2896/83
f 1757/2896/2253 1747/2886/2253 1752/2891/2253
f 1757/2896/83 1752/2891/83 1759/2898/83
f 1759/2898/2253 1752/2891/2253 1751/2890/2253
f 1759/2898/83 1751/2890/83 1755/2894/83
f 1755/2894/83 1754/2893/83 1759/2898/83
f 1759/2898/83 1754/2893/83 1753/2892/83
f 1759/2898/83 1753/2892/83 1760/2899/83
f 2127/3513/82 1709/2803/82 2128/3514/82
f 2127/3513/82 2128/3514/82 2129/3515/82
f 2130/3516/82 2131/3517/82 1699/2779/82
f 1699/2779/82 2131/3517/82 2132/3518/82
f 1699/2779/82 2132/3518/82 2133/3519/82
f 2133/3519/82 2132/3518/82 2134/3520/82
f 2133/3519/82 2134/3520/82 2135/3521/82
f 2130/3516/82 1699/2779/82 2127/3513/82
f 2127/3513/82 1699/2779/82 1697/2778/82
f 1697/2778/82 1704/3522/82 2127/3513/82
f 2127/3513/82 1704/3522/82 1703/2785/82
f 2127/3513/82 1703/2785/82 1701/2784/82
f 1707/2801/82 1709/2803/82 1693/2793/82
f 1693/2793/82 1709/2803/82 2127/3513/82
f 1693/2793/82 2127/3513/82 1694/3523/82
f 1694/3523/82 2127/3513/82 1701/2784/82
f 2136/3524/2269 2137/3525/2269 2138/3526/2269
f 2138/3526/2270 2137/3525/2270 2139/3527/2270
f 2139/3527/2271 2137/3525/2271 2140/3528/2271
f 2140/3528/2272 2137/3525/2272 2141/3529/2272
f 2140/3528/2273 2141/3529/2273 2142/3530/2273
f 2143/3531/2274 2144/3532/2274 2145/3533/2274
f 2145/3534/2275 2144/3535/2275 2146/3536/2275
f 2145/3534/2276 2146/3536/2276 2147/3537/2276
f 2147/3537/2277 2146/3536/2277 2148/3538/2277
f 2147/3537/2278 2148/3538/2278 2149/3539/2278
f 2149/3539/2279 2148/3538/2279 2142/3530/2279
f 2149/3539/2280 2142/3530/2280 2150/3540/2280
f 2150/3540/2281 2142/3530/2281 2141/3529/2281
f 1244/3541/2282 1220/3542/2282 1242/3543/2282
f 2151/3544/2283 1231/3545/2283 2152/3546/2283
f 2152/3546/2284 1231/3545/2284 1229/3547/2284
f 2152/3546/2285 1229/3547/2285 1235/3548/2285
f 1234/3549/2286 2153/3550/2286 1235/3548/2286
f 1235/3548/2287 2153/3550/2287 2154/3551/2287
f 1235/3548/2288 2154/3551/2288 2152/3546/2288
f 1217/3552/2289 2155/3553/2289 1233/3554/2289
f 1233/3554/2290 2155/3553/2290 2156/3555/2290
f 1233/3554/2291 2156/3555/2291 1234/3556/2291
f 1234/3556/2292 2156/3555/2292 2157/3557/2292
f 1234/3549/2293 2157/3558/2293 2153/3550/2293
f 1206/3559/2294 2158/3560/2294 2159/3561/2294
f 2159/3561/2295 2160/3562/2295 1206/3559/2295
f 1206/3559/2296 2160/3562/2296 2161/3563/2296
f 1206/3559/2297 2161/3563/2297 1216/3564/2297
f 1216/3564/2298 2161/3563/2298 2162/3565/2298
f 1216/3564/2299 2162/3565/2299 1217/3552/2299
f 1217/3552/2300 2162/3565/2300 2163/3566/2300
f 1217/3552/2301 2163/3566/2301 2155/3553/2301
f 2158/3560/2302 1206/3559/2302 1243/1857/2302
f 1243/1857/2303 1206/3559/2303 1204/3567/2303
f 1243/1857/2304 1204/3567/2304 1221/1858/2304
f 2164/3568/2305 2165/3569/2305 1691/3570/2305
f 1691/3570/2306 2165/3569/2306 2166/3571/2306
f 1691/3570/2307 2166/3571/2307 1243/1857/2307
f 1243/1857/2308 2166/3571/2308 2167/3572/2308
f 1243/1857/2309 2167/3572/2309 2158/3560/2309
f 2164/3568/2310 1691/3570/2310 2168/3573/2310
f 2168/3573/2311 1691/3570/2311 1692/3574/2311
f 2168/3575/2312 1692/3576/2312 2169/3577/2312
f 2169/3577/2313 1692/3576/2313 1244/3541/2313
f 2169/3577/2314 1244/3541/2314 2170/3578/2314
f 2170/3578/2315 1244/3541/2315 1242/3543/2315
f 2170/3578/2316 1242/3543/2316 2171/3579/2316
f 2171/3579/2317 1242/3543/2317 2172/3580/2317
f 2172/3580/2318 1242/3543/2318 1241/3581/2318
f 2172/3580/2319 1241/3581/2319 2173/3582/2319
f 2174/3583/2320 2175/3584/2320 1237/3585/2320
f 2176/3586/2321 2173/3582/2321 1241/3581/2321
f 2177/3587/2322 1232/3588/2322 2178/3589/2322
f 2178/3589/2323 1232/3588/2323 1231/3545/2323
f 2178/3589/2324 1231/3545/2324 2151/3544/2324
f 2176/3586/2325 1241/3581/2325 2175/3584/2325
f 2175/3584/2326 1241/3581/2326 1239/3590/2326
f 2175/3584/2327 1239/3590/2327 1237/3585/2327
f 2179/3591/2328 2180/3592/2328 1236/3593/2328
f 1236/3593/2329 2180/3592/2329 2181/3594/2329
f 1236/3595/2330 2181/3596/2330 1237/3597/2330
f 1237/3598/2331 2181/3599/2331 2182/3600/2331
f 1237/3585/2332 2182/3601/2332 2174/3583/2332
f 2183/3602/2333 1224/3603/2333 2184/3604/2333
f 2184/3604/2334 1224/3603/2334 1223/3605/2334
f 2184/3604/2335 1223/3605/2335 2185/3606/2335
f 2185/3606/2336 1223/3605/2336 1222/3607/2336
f 2185/3606/2337 1222/3607/2337 2186/3608/2337
f 1236/3593/2338 1209/3609/2338 2179/3591/2338
f 2179/3591/2339 1209/3609/2339 1208/3610/2339
f 2179/3611/2340 1208/3612/2340 2187/3613/2340
f 2187/3613/2341 1208/3612/2341 1224/3603/2341
f 2187/3613/2342 1224/3603/2342 2188/3614/2342
f 2188/3614/2343 1224/3603/2343 2183/3602/2343
f 2177/3587/2344 2189/3615/2344 1232/3588/2344
f 1232/3588/2345 2189/3615/2345 2190/3616/2345
f 1232/3588/2346 2190/3616/2346 1227/3617/2346
f 1227/3617/2347 2190/3616/2347 2191/3618/2347
f 1227/3617/2348 2191/3618/2348 1225/3619/2348
f 1225/3619/2349 2191/3618/2349 2192/3620/2349
f 1225/3619/2350 2192/3620/2350 1212/3621/2350
f 1212/3621/2351 2192/3620/2351 2193/3622/2351
f 1212/3623/2352 2193/3624/2352 1213/3625/2352
f 1213/3625/2353 2193/3624/2353 2194/3626/2353
f 1213/3625/2354 2194/3626/2354 1222/3607/2354
f 1222/3607/2355 2194/3626/2355 2195/3627/2355
f 1222/3607/2356 2195/3627/2356 2186/3608/2356
f 2133/3519/2357 2135/3521/2357 2196/3628/2357
f 2139/3527/2358 2140/3528/2358 2197/3629/2358
f 2164/3630/2359 2168/3631/2359 2198/3632/2359
f 2171/3633/2360 2172/3634/2360 2199/3635/2360
f 2199/3635/2361 2172/3634/2361 2173/3636/2361
f 2199/3635/2362 2173/3636/2362 2200/3637/2362
f 2200/3637/2363 2173/3636/2363 2176/3638/2363
f 2200/3637/2364 2176/3638/2364 2201/3639/2364
f 2201/3639/2365 2176/3638/2365 2202/3640/2365
f 2199/3635/2366 2203/3641/2366 2171/3633/2366
f 2171/3633/2367 2203/3641/2367 2204/3642/2367
f 2171/3633/2368 2204/3642/2368 2170/3643/2368
f 2170/3643/2369 2204/3642/2369 2205/3644/2369
f 2170/3643/2370 2205/3644/2370 2169/3645/2370
f 2206/3646/2371 2160/3647/2371 2207/3648/2371
f 2207/3648/2372 2160/3647/2372 2159/3649/2372
f 2207/3648/2373 2159/3649/2373 2158/3650/2373
f 2165/3651/2374 2208/3652/2374 2166/3653/2374
f 2166/3653/2375 2208/3652/2375 2207/3648/2375
f 2166/3653/2376 2207/3648/2376 2167/3654/2376
f 2167/3654/2377 2207/3648/2377 2158/3650/2377
f 2139/3527/2378 2197/3629/2378 2138/3526/2378
f 2138/3526/2379 2197/3629/2379 2209/3655/2379
f 2138/3526/2380 2209/3655/2380 2136/3524/2380
f 2136/3524/2381 2209/3655/2381 2210/3656/2381
f 2136/3524/2382 2210/3656/2382 2196/3628/2382
f 1695/2791/2383 1700/3657/2383 2209/3655/2383
f 1706/3658/2384 1705/2792/2384 2207/3648/2384
f 2197/3629/2385 2206/3646/2385 2209/3655/2385
f 2209/3655/2385 2206/3646/2385 2207/3648/2385
f 2209/3655/2386 2207/3648/2386 1695/2791/2386
f 1695/2791/2387 2207/3648/2387 1705/2792/2387
f 1700/3657/2388 1702/2783/2388 2209/3655/2388
f 2209/3655/2389 1702/2783/2389 1696/3659/2389
f 2209/3655/2390 1696/3659/2390 2210/3656/2390
f 2210/3656/2391 1696/3659/2391 1698/2777/2391
f 2210/3656/2392 1698/2777/2392 2196/3628/2392
f 2196/3628/2393 1698/2777/2393 1699/2779/2393
f 2196/3628/2394 1699/2779/2394 2133/3519/2394
f 2128/3514/2395 2208/3652/2395 2198/3632/2395
f 2198/3632/2396 2208/3652/2396 2165/3651/2396
f 2198/3632/2397 2165/3651/2397 2164/3630/2397
f 1706/3658/2398 2207/3648/2398 1708/2802/2398
f 1708/2802/2399 2207/3648/2399 2208/3652/2399
f 1708/2802/2400 2208/3652/2400 1709/2803/2400
f 1709/2803/2401 2208/3652/2401 2128/3514/2401
f 2129/3515/2402 2128/3514/2402 2198/3632/2402
f 2129/3515/2403 2198/3632/2403 2205/3644/2403
f 2205/3644/2404 2198/3632/2404 2168/3631/2404
f 2205/3644/2405 2168/3631/2405 2169/3645/2405
f 2211/3660/2406 2212/3661/2406 2213/3662/2406
f 2214/3663/2407 2215/3664/2407 2216/3665/2407
f 2216/3665/2408 2215/3664/2408 2217/3666/2408
f 2217/3666/2409 2218/3667/2409 2216/3665/2409
f 2216/3665/2410 2218/3667/2410 2219/3668/2410
f 2216/3665/2411 2219/3668/2411 2220/3669/2411
f 2117/3492/2412 2116/3491/2412 2211/3660/2412
f 1028/1532/2413 1027/1531/2413 2221/3670/2413
f 2221/3670/2414 1027/1531/2414 1040/1546/2414
f 2211/3660/2415 2213/3662/2415 2117/3492/2415
f 2117/3492/2416 2213/3662/2416 2222/3671/2416
f 2117/3492/2417 2222/3671/2417 2118/3493/2417
f 2118/3493/2418 2222/3671/2418 2223/3672/2418
f 2118/3493/2419 2223/3672/2419 2119/3494/2419
f 2119/3494/2420 2223/3672/2420 2224/3673/2420
f 2119/3494/2421 2224/3673/2421 2120/3495/2421
f 2120/3495/2422 2224/3673/2422 2225/3674/2422
f 2120/3495/2423 2225/3674/2423 2112/3487/2423
f 2112/3487/2424 2225/3674/2424 2226/3675/2424
f 2112/3487/2425 2226/3675/2425 2113/3488/2425
f 2113/3488/2426 2226/3675/2426 2221/3670/2426
f 2113/3488/2427 2221/3670/2427 2126/3508/2427
f 2126/3508/2428 2221/3670/2428 1040/1546/2428
f 2126/3508/83 1040/1546/83 2124/3499/83
f 1032/1536/2429 1030/1534/2429 2227/3676/2429
f 2227/3676/2430 1030/1534/2430 2228/3677/2430
f 2227/3676/2431 2228/3677/2431 2229/3678/2431
f 2229/3678/2432 2228/3677/2432 2230/3679/2432
f 2229/3678/2433 2230/3679/2433 2231/3680/2433
f 2231/3680/2434 2230/3679/2434 2232/3681/2434
f 2231/3680/2434 2232/3681/2434 2233/3682/2434
f 2212/3661/2435 2214/3663/2435 2213/3662/2435
f 2213/3662/2436 2214/3663/2436 2216/3665/2436
f 2213/3662/2437 2216/3665/2437 2222/3671/2437
f 2222/3671/2437 2216/3665/2437 2220/3669/2437
f 2222/3671/2438 2220/3669/2438 2223/3672/2438
f 2223/3672/2438 2220/3669/2438 2234/3683/2438
f 2223/3672/2439 2234/3683/2439 2224/3673/2439
f 2224/3673/2439 2234/3683/2439 2235/3684/2439
f 2224/3673/2440 2235/3684/2440 2225/3674/2440
f 2225/3674/2440 2235/3684/2440 2232/3681/2440
f 2225/3674/2441 2232/3681/2441 2226/3675/2441
f 2226/3675/2441 2232/3681/2441 2230/3679/2441
f 2226/3675/2442 2230/3679/2442 2221/3670/2442
f 2221/3670/2442 2230/3679/2442 2228/3677/2442
f 2221/3670/2443 2228/3677/2443 1028/1532/2443
f 1028/1532/2444 2228/3677/2444 1030/1534/2444
f 2219/3668/2445 2236/3685/2445 2220/3669/2445
f 2220/3669/2446 2236/3685/2446 2237/3686/2446
f 2220/3669/2447 2237/3686/2447 2234/3683/2447
f 2234/3683/2448 2237/3686/2448 2238/3687/2448
f 2234/3683/2449 2238/3687/2449 2235/3684/2449
f 2235/3684/2449 2238/3687/2449 2239/3688/2449
f 2235/3684/2450 2239/3688/2450 2232/3681/2450
f 2232/3681/2451 2239/3688/2451 2240/3689/2451
f 2232/3681/2452 2240/3689/2452 2233/3682/2452
f 2241/3690/2453 2242/3691/2453 2243/3692/2453
f 2244/3693/2454 1038/1544/2454 1037/1543/2454
f 2245/3694/2455 2246/3695/2455 2247/3696/2455
f 2247/3697/2456 2246/3698/2456 2248/3699/2456
f 2247/3697/2457 2248/3699/2457 2249/3700/2457
f 2241/3690/2458 2250/3701/2458 2242/3691/2458
f 2242/3691/2459 2250/3701/2459 2251/3702/2459
f 2242/3691/2460 2251/3702/2460 2245/3694/2460
f 2252/3703/2461 2253/3704/2461 2254/3705/2461
f 2254/3705/2462 2253/3704/2462 2255/3706/2462
f 2254/3705/2463 2255/3706/2463 2256/3707/2463
f 1032/1536/2464 2257/3708/2464 2258/3709/2464
f 2258/3709/2465 2257/3708/2465 2259/3710/2465
f 2258/3709/2466 2259/3710/2466 2252/3711/2466
f 2252/3711/2467 2259/3710/2467 2260/3712/2467
f 2252/3703/2468 2260/3713/2468 2253/3704/2468
f 1037/1543/2469 1036/1542/2469 2261/3714/2469
f 2261/3714/2470 1036/1542/2470 1034/1540/2470
f 2255/3715/2471 2262/3716/2471 2256/3717/2471
f 2256/3717/2472 2262/3716/2472 2263/3718/2472
f 2256/3717/2472 2263/3718/2472 2264/3719/2472
f 2264/3719/2473 2263/3718/2473 2265/3720/2473
f 2264/3719/2474 2265/3720/2474 2243/3692/2474
f 2243/3692/2475 2265/3720/2475 2266/3721/2475
f 2243/3692/2453 2266/3721/2453 2241/3690/2453
f 2245/3694/2476 2247/3696/2476 2242/3691/2476
f 2242/3691/2477 2247/3696/2477 2267/3722/2477
f 2242/3691/2477 2267/3722/2477 2243/3692/2477
f 2243/3692/2478 2267/3722/2478 2268/3723/2478
f 2243/3692/2478 2268/3723/2478 2264/3719/2478
f 2264/3719/2479 2268/3723/2479 2269/3724/2479
f 2264/3719/2479 2269/3724/2479 2256/3717/2479
f 2256/3725/2480 2269/3726/2480 2270/3727/2480
f 2256/3725/2480 2270/3727/2480 2254/3728/2480
f 2254/3728/2481 2270/3727/2481 2271/3729/2481
f 2254/3728/2482 2271/3729/2482 2252/3730/2482
f 2252/3730/2483 2271/3729/2483 2261/3714/2483
f 2252/3730/2483 2261/3714/2483 2258/3731/2483
f 2258/3731/2484 2261/3714/2484 1034/1540/2484
f 2258/3731/2485 1034/1540/2485 1032/1539/2485
f 1037/1543/2486 2261/3714/2486 2244/3693/2486
f 2244/3693/2487 2261/3714/2487 2271/3729/2487
f 2244/3693/2487 2271/3729/2487 2272/3732/2487
f 2272/3732/2488 2271/3729/2488 2270/3727/2488
f 2272/3732/2488 2270/3727/2488 2273/3733/2488
f 2273/3733/2489 2270/3727/2489 2269/3726/2489
f 2273/3733/2489 2269/3726/2489 2274/3734/2489
f 2274/3734/2490 2269/3726/2490 2268/3735/2490
f 2274/3734/2490 2268/3735/2490 2275/3736/2490
f 2275/3736/2491 2268/3735/2491 2267/3737/2491
f 2275/3736/2491 2267/3737/2491 2276/3738/2491
f 2276/3738/2492 2267/3737/2492 2247/3697/2492
f 2276/3738/2492 2247/3697/2492 2277/3739/2492
f 2277/3739/2493 2247/3697/2493 2249/3700/2493
f 2277/3739/2494 2249/3700/2494 2278/3740/2494
f 2277/3739/65 2278/3740/65 2279/3741/65
f 2277/3739/65 2279/3741/65 2276/3738/65
f 903/1393/65 905/1395/65 2279/3742/65
f 903/1393/65 2279/3742/65 902/1392/65
f 1079/1586/65 1025/1592/65 2279/3742/65
f 2279/3741/65 1025/1529/65 1024/1528/65
f 2279/3741/2495 1024/1528/2495 1038/1544/2495
f 923/1413/65 925/1415/65 2279/3742/65
f 937/1427/65 938/1428/65 2279/3742/65
f 2280/3743/65 2281/3744/65 2282/3745/65
f 2282/3745/65 2281/3744/65 2283/3746/65
f 1038/1544/2496 2244/3693/2496 2279/3741/2496
f 2279/3741/65 2244/3693/65 2272/3732/65
f 2279/3741/65 2272/3732/65 2273/3733/65
f 923/1413/65 2279/3742/65 921/1411/65
f 938/1428/65 940/1430/65 2279/3742/65
f 2279/3742/65 940/1430/65 944/1434/65
f 2279/3742/65 944/1434/65 945/1435/65
f 2283/3746/65 2284/3747/65 2282/3745/65
f 2282/3745/65 2284/3747/65 2285/3748/65
f 2282/3745/65 2285/3748/65 2286/3749/65
f 2286/3749/65 2287/3750/65 2282/3745/65
f 2282/3745/65 2287/3750/65 2288/3751/65
f 2282/3745/65 2288/3751/65 2289/3752/65
f 2273/3733/65 2274/3734/65 2279/3741/65
f 2279/3741/65 2274/3734/65 2275/3736/65
f 2279/3741/65 2275/3736/65 2276/3738/65
f 2289/3753/65 2290/3754/65 2282/3755/65
f 2282/3755/65 2290/3754/65 2291/3756/65
f 2282/3755/65 2291/3756/65 2279/3742/65
f 2279/3742/65 2291/3756/65 880/1370/65
f 2279/3742/65 880/1370/65 879/1369/65
f 925/1415/65 927/1417/65 2279/3742/65
f 2279/3742/65 927/1417/65 929/1419/65
f 2279/3742/65 929/1419/65 930/1420/65
f 945/1435/65 946/1436/65 2279/3742/65
f 2279/3742/65 946/1436/65 1078/1585/65
f 2279/3742/65 1078/1585/65 1079/1586/65
f 2279/3742/65 888/1378/65 887/1377/65
f 930/1420/65 932/1422/65 2279/3742/65
f 2279/3742/65 932/1422/65 935/1425/65
f 2279/3742/65 935/1425/65 937/1427/65
f 879/1369/65 882/1372/65 2279/3742/65
f 2279/3742/65 882/1372/65 885/1375/65
f 2279/3742/65 885/1375/65 888/1378/65
f 887/1377/65 891/1381/65 2279/3742/65
f 2279/3742/65 891/1381/65 893/1383/65
f 2279/3742/65 893/1383/65 895/1385/65
f 895/1385/65 897/1387/65 2279/3742/65
f 2279/3742/65 897/1387/65 900/1390/65
f 2279/3742/65 900/1390/65 902/1392/65
f 905/1395/65 906/1396/65 2279/3742/65
f 2279/3742/65 906/1396/65 908/1398/65
f 2279/3742/65 908/1398/65 909/1399/65
f 909/1399/65 911/1401/65 2279/3742/65
f 2279/3742/65 911/1401/65 913/1403/65
f 2279/3742/65 913/1403/65 915/1405/65
f 915/1405/65 917/1407/65 2279/3742/65
f 2279/3742/65 917/1407/65 919/1409/65
f 2279/3742/65 919/1409/65 921/1411/65
f 2292/3757/2497 2293/3758/2497 2294/3759/2497
f 2294/3759/2498 2293/3758/2498 2295/3760/2498
f 2294/3761/2499 2295/3762/2499 2296/3763/2499
f 2294/3759/2500 2297/3764/2500 2292/3757/2500
f 2292/3765/2501 2297/3766/2501 2298/3767/2501
f 2292/3768/2502 2298/3769/2502 2299/3770/2502
f 2299/3771/2503 2298/3767/2503 2300/3772/2503
f 2300/3773/2504 2298/3774/2504 2301/3775/2504
f 2300/3773/2505 2301/3775/2505 2302/3776/2505
f 2302/3776/2506 2301/3775/2506 2303/3777/2506
f 2302/3778/2507 2303/3779/2507 2304/3780/2507
f 2303/3779/2508 2305/3781/2508 2304/3780/2508
f 2304/3780/2509 2305/3781/2509 2306/3782/2509
f 2304/3783/2510 2306/3784/2510 2307/3785/2510
f 2307/3786/2511 2306/3787/2511 2308/3788/2511
f 2309/3789/2512 2310/3790/2512 1086/3791/2512
f 1086/3791/2513 2310/3790/2513 2311/3792/2513
f 1086/3791/2514 2311/3792/2514 1112/3793/2514
f 1112/3793/2515 2311/3792/2515 2312/3794/2515
f 1112/3793/2516 2312/3794/2516 2313/3795/2516
f 2314/3796/2517 1105/3797/2517 2315/3798/2517
f 2315/3798/2518 1105/3797/2518 1108/3799/2518
f 2315/3798/2519 1108/3799/2519 2316/3800/2519
f 2316/3800/2520 1108/3799/2520 2317/3801/2520
f 2309/3789/2521 1086/3791/2521 2318/3802/2521
f 2318/3802/2522 1086/3791/2522 1087/3803/2522
f 2318/3802/2523 1087/3803/2523 2319/3804/2523
f 2319/3804/2524 1087/3803/2524 1089/3805/2524
f 2319/3806/2525 1089/3807/2525 2314/3796/2525
f 2314/3796/2526 1089/3807/2526 1103/3808/2526
f 2314/3796/2527 1103/3808/2527 1105/3797/2527
f 2320/3809/2528 1106/3810/2528 2321/3811/2528
f 2321/3811/2529 1106/3810/2529 2322/3812/2529
f 2317/3801/2530 1108/3799/2530 2320/3809/2530
f 2320/3809/2531 1108/3799/2531 1107/3813/2531
f 2320/3809/2532 1107/3813/2532 1106/3810/2532
f 2323/3814/2533 1123/3815/2533 2324/3816/2533
f 2324/3816/2534 1123/3815/2534 2325/3817/2534
f 2322/3812/2535 1106/3810/2535 2323/3814/2535
f 2323/3814/2536 1106/3810/2536 1090/3818/2536
f 2323/3814/2537 1090/3818/2537 1123/3815/2537
f 1122/3819/2538 2326/3820/2538 1123/3821/2538
f 1123/3815/2539 2326/3822/2539 2327/3823/2539
f 1123/3815/2540 2327/3823/2540 2325/3817/2540
f 2328/3824/2541 2329/3825/2541 1118/3826/2541
f 1118/3826/2542 2329/3825/2542 2330/3827/2542
f 1118/3826/2543 2330/3827/2543 1120/3828/2543
f 1120/3828/2544 2330/3827/2544 2331/3829/2544
f 1120/3828/2545 2331/3829/2545 1121/3830/2545
f 1121/3830/2546 2331/3829/2546 2332/3831/2546
f 1121/3830/2547 2332/3831/2547 1122/3819/2547
f 1122/3819/2548 2332/3831/2548 2333/3832/2548
f 1122/3819/2549 2333/3832/2549 2326/3820/2549
f 2334/3833/2550 2335/3834/2550 1125/3835/2550
f 1125/3835/2551 2335/3834/2551 2336/3836/2551
f 1125/1645/2552 2336/3837/2552 1127/3838/2552
f 1116/3839/2553 1115/3840/2553 1124/3841/2553
f 2328/3824/2554 1118/3826/2554 2337/3842/2554
f 2337/3842/2555 1118/3826/2555 1116/3839/2555
f 2337/3842/2556 1116/3839/2556 2338/3843/2556
f 2338/3843/2557 1116/3839/2557 1124/3841/2557
f 2338/3843/2558 1124/3841/2558 2339/3844/2558
f 2339/3844/2559 1124/3841/2559 1126/3845/2559
f 2339/3844/2560 1126/3845/2560 2340/3846/2560
f 2340/3847/2561 1126/3848/2561 1127/3838/2561
f 2340/3847/2562 1127/3838/2562 2341/3849/2562
f 2341/3849/2563 1127/3838/2563 2336/3837/2563
f 2342/3850/2564 2343/3851/2564 1102/3852/2564
f 1102/3852/2565 2343/3851/2565 2334/3833/2565
f 1102/3852/2566 2334/3833/2566 1094/3853/2566
f 1094/3853/2567 2334/3833/2567 1125/3835/2567
f 1094/3854/2568 1125/1645/2568 1096/1646/2568
f 1099/3855/2569 2344/3856/2569 1101/3857/2569
f 1101/3857/2570 2344/3856/2570 2345/3858/2570
f 1101/3857/1547 2345/3858/1547 1102/3852/1547
f 1102/3852/2571 2345/3858/2571 2346/3859/2571
f 1102/3852/2572 2346/3859/2572 2342/3850/2572
f 1112/3793/2573 2313/3795/2573 1113/3860/2573
f 1113/3860/2574 2313/3795/2574 2347/3861/2574
f 1113/3860/2575 2347/3861/2575 1114/3862/2575
f 1114/3862/2576 2347/3861/2576 2348/3863/2576
f 1114/3862/2577 2348/3863/2577 1110/3864/2577
f 1110/3864/2578 2348/3863/2578 2349/3865/2578
f 1110/3866/2579 2349/3867/2579 1111/3868/2579
f 1111/3868/2580 2349/3867/2580 2350/3869/2580
f 1111/3868/2581 2350/3869/2581 1099/3855/2581
f 1099/3855/2582 2350/3869/2582 2351/3870/2582
f 1099/3855/2583 2351/3870/2583 2344/3856/2583
f 2352/3871/2584 2353/3872/2584 2354/3873/2584
f 2353/3872/2585 2355/3874/2585 2356/3875/2585
f 2356/3875/2586 2357/3876/2586 2353/3872/2586
f 2353/3872/2587 2357/3876/2587 2358/3877/2587
f 2353/3872/2588 2358/3877/2588 2354/3873/2588
f 2352/3871/2589 2354/3873/2589 2359/3878/2589
f 2359/3878/2590 2354/3873/2590 2360/3879/2590
f 2359/3878/2591 2360/3879/2591 2361/3880/2591
f 2362/3881/2592 2363/3882/2592 2364/3883/2592
f 2364/3883/2593 2363/3882/2593 2365/3884/2593
f 2364/3885/2594 2365/3886/2594 2366/3887/2594
f 2366/3887/2595 2365/3886/2595 2361/3880/2595
f 2361/3880/2596 2365/3886/2596 2367/3888/2596
f 2361/3880/2597 2367/3888/2597 2359/3878/2597
f 2368/3889/2598 2369/3890/2598 2370/3891/2598
f 2371/3892/2599 2372/3893/2599 2373/3894/2599
f 2374/3895/2600 2375/3896/2600 2376/3897/2600
f 2376/3898/2601 2375/3899/2601 2377/3900/2601
f 2376/3898/2602 2377/3900/2602 2373/3894/2602
f 2373/3894/2603 2377/3900/2603 2378/3901/2603
f 2373/3894/2604 2378/3901/2604 2371/3892/2604
f 2379/3902/2605 2380/3903/2605 2381/3904/2605
f 2381/3904/2606 2380/3903/2606 2382/3905/2606
f 2381/3904/2607 2382/3905/2607 2374/3895/2607
f 2374/3895/2608 2382/3905/2608 2383/3906/2608
f 2374/3895/2600 2383/3906/2600 2375/3896/2600
f 2384/3907/2609 2385/3908/2609 2379/3902/2609
f 2379/3902/2610 2385/3908/2610 2386/3909/2610
f 2379/3902/2605 2386/3909/2605 2380/3903/2605
f 2369/3890/2611 2387/3910/2611 2388/3911/2611
f 2368/3912/2612 2370/3913/2612 2389/3914/2612
f 2389/3915/2613 2390/3916/2613 2391/3917/2613
f 2391/3917/2614 2390/3916/2614 2392/3918/2614
f 2392/3918/2615 2390/3916/2615 2280/3743/2615
f 2280/3743/2616 2390/3916/2616 2393/3919/2616
f 2280/3743/2617 2393/3919/2617 2281/3744/2617
f 2281/3744/2618 2393/3919/2618 2394/3920/2618
f 2281/3744/2619 2394/3920/2619 2283/3746/2619
f 2283/3746/2620 2394/3920/2620 2395/3921/2620
f 2283/3746/2621 2395/3921/2621 2284/3747/2621
f 2395/3921/2622 2396/3922/2622 2284/3747/2622
f 2284/3747/2623 2396/3922/2623 2397/3923/2623
f 2284/3747/2624 2397/3923/2624 2285/3748/2624
f 2285/3748/2625 2397/3923/2625 2398/3924/2625
f 2285/3748/2626 2398/3924/2626 2286/3749/2626
f 2286/3749/2627 2398/3924/2627 2399/3925/2627
f 2286/3749/2628 2399/3925/2628 2287/3750/2628
f 2369/3890/2629 2388/3911/2629 2370/3891/2629
f 2370/3891/2630 2388/3911/2630 2400/3926/2630
f 2370/3891/2630 2400/3926/2630 2384/3907/2630
f 2384/3907/2631 2400/3926/2631 2401/3927/2631
f 2384/3907/2632 2401/3927/2632 2385/3908/2632
f 2389/3928/2633 2370/3891/2633 2390/3929/2633
f 2390/3929/2634 2370/3891/2634 2384/3907/2634
f 2390/3929/2634 2384/3907/2634 2393/3930/2634
f 2393/3930/2635 2384/3907/2635 2379/3902/2635
f 2393/3930/2635 2379/3902/2635 2394/3931/2635
f 2394/3920/2636 2379/3932/2636 2381/3933/2636
f 2394/3920/2636 2381/3933/2636 2395/3921/2636
f 2395/3921/2637 2381/3933/2637 2374/3934/2637
f 2395/3921/2637 2374/3934/2637 2396/3922/2637
f 2396/3922/2638 2374/3934/2638 2376/3935/2638
f 2396/3922/2639 2376/3935/2639 2397/3923/2639
f 2397/3923/2640 2376/3935/2640 2373/3936/2640
f 2397/3923/2640 2373/3936/2640 2398/3924/2640
f 2398/3924/2641 2373/3936/2641 2372/3937/2641
f 2398/3924/2641 2372/3937/2641 2399/3925/2641
f 2402/3938/2642 2403/3939/2642 1731/2856/2642
f 1731/2856/2643 2403/3939/2643 1724/2835/2643
f 2404/3940/2644 1718/2825/2644 2405/3941/2644
f 2405/3941/2645 1718/2825/2645 1719/2827/2645
f 2403/3939/2646 2406/3942/2646 1724/2835/2646
f 1724/2835/2647 2406/3942/2647 2407/3943/2647
f 1724/2835/2648 2407/3943/2648 1725/2836/2648
f 2407/3943/2649 2408/3944/2649 1725/2836/2649
f 1725/2836/2650 2408/3944/2650 2409/3945/2650
f 1725/2836/2651 2409/3945/2651 1730/2851/2651
f 2409/3945/2652 2410/3946/2652 1730/2851/2652
f 1730/2851/2653 2410/3946/2653 2411/3947/2653
f 1730/2851/2654 2411/3947/2654 1734/2869/2654
f 2411/3947/2655 2412/3948/2655 1734/2869/2655
f 1734/3949/2656 2412/3950/2656 2413/3951/2656
f 1734/2869/2657 2413/3952/2657 1719/2827/2657
f 1719/2827/2658 2413/3952/2658 2414/3953/2658
f 1719/2827/2659 2414/3953/2659 2405/3941/2659
f 2415/3954/2660 1728/2845/2660 2416/3955/2660
f 2416/3955/2661 1728/2845/2661 1729/2847/2661
f 2404/3940/2662 2417/3956/2662 1718/2825/2662
f 1718/2825/2663 2417/3956/2663 1717/2823/2663
f 2417/3956/2664 2418/3957/2664 1717/2823/2664
f 1717/2823/2665 2418/3957/2665 2419/3958/2665
f 1717/2823/2666 2419/3958/2666 1722/2832/2666
f 2419/3958/2667 2420/3959/2667 1722/2832/2667
f 1722/2832/2668 2420/3959/2668 2421/3960/2668
f 1722/2832/2669 2421/3960/2669 1723/2833/2669
f 2421/3960/2670 2422/3961/2670 1723/2833/2670
f 1723/2833/2671 2422/3961/2671 2423/3962/2671
f 1723/2833/2672 2423/3962/2672 1733/2863/2672
f 2423/3962/2673 2424/3963/2673 1733/2863/2673
f 1733/2863/2674 2424/3963/2674 2425/3964/2674
f 1733/2863/2675 2425/3964/2675 1729/2847/2675
f 1729/2847/2676 2425/3964/2676 2426/3965/2676
f 1729/2847/2677 2426/3965/2677 2416/3955/2677
f 1727/2843/2678 1728/2845/2678 2415/3954/2678
f 1715/2814/2679 2427/3966/2679 1721/2831/2679
f 1721/3967/2680 2427/3968/2680 2428/3969/2680
f 1721/3967/2681 2428/3969/2681 1720/3970/2681
f 2429/3971/2682 1716/2822/2682 2430/3972/2682
f 2430/3972/2683 1716/2822/2683 1727/2843/2683
f 2430/3972/2684 1727/2843/2684 2431/3973/2684
f 2431/3973/2678 1727/2843/2678 2415/3954/2678
f 2429/3971/2685 2432/3974/2685 1716/2822/2685
f 1716/2822/2686 2432/3974/2686 2433/3975/2686
f 1716/2822/2687 2433/3975/2687 1712/2807/2687
f 2434/3976/2688 1713/2808/2688 2435/3977/2688
f 2435/3977/2689 1713/2808/2689 1712/2807/2689
f 2435/3977/2690 1712/2807/2690 2436/3978/2690
f 2436/3978/2691 1712/2807/2691 2433/3975/2691
f 2434/3976/2692 2437/3979/2692 1713/2808/2692
f 1713/2808/2693 2437/3979/2693 2438/3980/2693
f 1713/2808/2694 2438/3980/2694 1715/2814/2694
f 1715/2814/2695 2438/3980/2695 2439/3981/2695
f 1715/2814/2696 2439/3981/2696 2427/3966/2696
f 2428/3969/2697 2440/3982/2697 1720/3970/2697
f 1720/2830/2698 2440/3983/2698 2441/3984/2698
f 1720/2830/2699 2441/3984/2699 1714/2811/2699
f 2442/3985/2700 1710/2804/2700 2443/3986/2700
f 2443/3986/2701 1710/2804/2701 1714/2811/2701
f 2443/3986/2702 1714/2811/2702 2444/3987/2702
f 2444/3987/2703 1714/2811/2703 2441/3984/2703
f 2442/3985/2704 2445/3988/2704 1710/2804/2704
f 1710/2804/2705 2445/3988/2705 2446/3989/2705
f 1710/2804/2706 2446/3989/2706 1711/2805/2706
f 2447/3990/2707 1726/2838/2707 2448/3991/2707
f 2448/3991/2708 1726/2838/2708 1711/2805/2708
f 2448/3991/2709 1711/2805/2709 2449/3992/2709
f 2449/3992/2710 1711/2805/2710 2446/3989/2710
f 2402/3938/2711 1731/2856/2711 2450/3993/2711
f 2450/3993/2711 1731/2856/2711 1732/2858/2711
f 2450/3993/2712 1732/2858/2712 2451/3994/2712
f 2451/3994/2713 1732/2858/2713 1726/2838/2713
f 2451/3994/2714 1726/2838/2714 2452/3995/2714
f 2452/3995/2715 1726/2838/2715 2447/3990/2715
f 2453/3996/2716 2454/3997/2716 2455/3998/2716
f 2456/3999/2717 2457/4000/2717 2458/4001/2717
f 2459/4002/2718 2460/4003/2718 2461/4004/2718
f 2460/4003/2719 2459/4002/2719 2462/4005/2719
f 2462/4005/2720 2459/4002/2720 2463/4006/2720
f 2462/4005/2721 2463/4006/2721 2464/4007/2721
f 2464/4007/2722 2463/4006/2722 2465/4008/2722
f 2464/4007/2723 2465/4008/2723 2466/4009/2723
f 2467/4010/2724 2468/4011/2724 2469/4012/2724
f 2466/4009/2725 2465/4008/2725 2469/4012/2725
f 2469/4012/2726 2465/4008/2726 2470/4013/2726
f 2469/4012/2727 2470/4013/2727 2467/4010/2727
f 2468/4011/2728 2467/4010/2728 2471/4014/2728
f 2471/4014/2729 2467/4010/2729 2472/4015/2729
f 2471/4014/2730 2472/4015/2730 2473/4016/2730
f 2473/4016/2731 2472/4015/2731 2474/4017/2731
f 2473/4016/2732 2474/4017/2732 2475/4018/2732
f 2475/4018/2733 2474/4017/2733 2476/4019/2733
f 2476/4019/2734 2474/4017/2734 2477/4020/2734
f 2476/4019/2735 2477/4020/2735 2478/4021/2735
f 2479/4022/2736 2480/4023/2736 2481/4024/2736
f 2481/4024/2737 2482/4025/2737 2479/4022/2737
f 2479/4022/2738 2482/4025/2738 2483/4026/2738
f 2479/4022/2739 2483/4026/2739 2484/4027/2739
f 2484/4027/2740 2483/4026/2740 2485/4028/2740
f 2484/4027/2741 2485/4028/2741 2478/4021/2741
f 2478/4021/2742 2485/4028/2742 2486/4029/2742
f 2478/4021/2743 2486/4029/2743 2476/4019/2743
f 559/4030/2744 471/4031/2744 2453/3996/2744
f 2453/3996/2745 2455/3998/2745 559/4030/2745
f 559/4030/2746 2455/3998/2746 2487/4032/2746
f 559/4030/2747 2487/4032/2747 562/864/2747
f 562/864/2748 2487/4032/2748 2488/4033/2748
f 562/864/2749 2488/4033/2749 560/862/2749
f 2488/4033/2750 2489/4034/2750 560/862/2750
f 560/862/2751 2489/4034/2751 2490/4035/2751
f 560/862/2752 2490/4035/2752 574/878/2752
f 574/878/2753 2490/4035/2753 2491/4036/2753
f 574/878/2754 2491/4036/2754 572/876/2754
f 572/876/2755 2491/4036/2755 2492/4037/2755
f 572/876/2756 2492/4037/2756 570/874/2756
f 570/874/2757 2492/4037/2757 2493/4038/2757
f 570/874/2758 2493/4038/2758 569/873/2758
f 569/873/2759 2493/4038/2759 2494/4039/2759
f 569/873/2760 2494/4039/2760 568/871/2760
f 568/871/2761 2494/4039/2761 2495/4040/2761
f 568/871/2762 2495/4040/2762 566/4041/2762
f 566/4041/2763 2495/4040/2763 2456/3999/2763
f 566/4041/2764 2456/3999/2764 563/865/2764
f 563/865/2765 2456/3999/2765 2458/4001/2765
f 563/865/2766 2458/4001/2766 564/866/2766
f 2454/3997/2767 2480/4023/2767 2455/3998/2767
f 2455/3998/2768 2480/4023/2768 2479/4022/2768
f 2455/3998/2769 2479/4022/2769 2487/4032/2769
f 2487/4032/2769 2479/4022/2769 2484/4027/2769
f 2487/4032/2770 2484/4027/2770 2488/4033/2770
f 2488/4033/2770 2484/4027/2770 2478/4021/2770
f 2488/4033/2771 2478/4021/2771 2489/4034/2771
f 2489/4034/2771 2478/4021/2771 2477/4020/2771
f 2489/4034/2772 2477/4020/2772 2490/4035/2772
f 2490/4035/2772 2477/4020/2772 2474/4017/2772
f 2490/4035/2773 2474/4017/2773 2491/4036/2773
f 2491/4036/2774 2474/4017/2774 2472/4015/2774
f 2491/4036/2775 2472/4015/2775 2492/4037/2775
f 2492/4037/2775 2472/4015/2775 2467/4010/2775
f 2492/4037/2776 2467/4010/2776 2493/4038/2776
f 2493/4038/2776 2467/4010/2776 2470/4013/2776
f 2493/4038/2777 2470/4013/2777 2494/4039/2777
f 2494/4039/2777 2470/4013/2777 2465/4008/2777
f 2494/4039/2778 2465/4008/2778 2495/4040/2778
f 2495/4040/2778 2465/4008/2778 2463/4006/2778
f 2495/4040/2779 2463/4006/2779 2456/3999/2779
f 2456/3999/2779 2463/4006/2779 2459/4002/2779
f 2456/3999/2780 2459/4002/2780 2457/4000/2780
f 2457/4000/2781 2459/4002/2781 2461/4004/2781
f 2457/4000/2782 2461/4004/2782 2496/4042/2782
f 2497/4043/2783 2498/4044/2783 2499/4045/2783
f 2010/3369/2784 2009/3368/2784 2500/4046/2784
f 2501/4047/2785 2011/3371/2785 799/1214/2785
f 1974/3323/2786 1973/3322/2786 2010/3369/2786
f 2010/3369/2787 2500/4046/2787 1974/3323/2787
f 1974/3323/2788 2500/4046/2788 2502/4048/2788
f 1974/3323/2789 2502/4048/2789 1976/3325/2789
f 1976/3325/2790 2502/4048/2790 1962/3296/2790
f 1962/3296/2791 2502/4048/2791 2503/4049/2791
f 1962/3296/2792 2503/4049/2792 1935/3265/2792
f 1935/4050/2793 2503/4051/2793 2504/4052/2793
f 1935/4050/2794 2504/4052/2794 2505/4053/2794
f 2505/4053/2795 2504/4052/2795 2499/4045/2795
f 2505/4053/2796 2499/4045/2796 2506/4054/2796
f 2506/4054/2797 2499/4045/2797 2507/4055/2797
f 2507/4055/2798 2499/4045/2798 2498/4044/2798
f 2507/4055/2799 2498/4044/2799 2508/4056/2799
f 2457/4000/2800 2496/4042/2800 2509/4057/2800
f 2510/4058/2801 2458/4001/2801 2511/4059/2801
f 2511/4059/2802 2458/4001/2802 2457/4000/2802
f 2511/4059/2803 2457/4000/2803 2512/4060/2803
f 2512/4060/2804 2457/4000/2804 2509/4057/2804
f 2512/4060/2805 2509/4057/2805 2513/4061/2805
f 799/1214/2806 735/1213/2806 2501/4047/2806
f 2501/4047/2807 735/1213/2807 734/4062/2807
f 2501/4047/2808 734/4062/2808 2514/4063/2808
f 2514/4063/2809 734/4062/2809 800/1216/2809
f 2514/4063/2810 800/1216/2810 2510/4064/2810
f 2510/4064/2811 800/1216/2811 564/1215/2811
f 2510/4058/2812 564/866/2812 2458/4001/2812
f 2008/3367/2813 2011/3371/2813 2515/4065/2813
f 2515/4065/2814 2011/3371/2814 2501/4047/2814
f 2515/4065/2815 2501/4047/2815 2516/4066/2815
f 2516/4066/2816 2501/4047/2816 2514/4063/2816
f 2516/4066/2817 2514/4063/2817 2517/4067/2817
f 2517/4067/2818 2514/4063/2818 2510/4064/2818
f 2517/4068/2819 2510/4058/2819 2518/4069/2819
f 2518/4069/2820 2510/4058/2820 2511/4059/2820
f 2518/4069/2821 2511/4059/2821 2519/4070/2821
f 2519/4070/2822 2511/4059/2822 2512/4060/2822
f 2519/4070/2823 2512/4060/2823 2520/4071/2823
f 2520/4071/2824 2512/4060/2824 2513/4061/2824
f 2009/3368/2825 2008/3367/2825 2500/4046/2825
f 2500/4046/2826 2008/3367/2826 2515/4065/2826
f 2500/4046/2827 2515/4065/2827 2502/4048/2827
f 2502/4048/2828 2515/4065/2828 2516/4066/2828
f 2502/4048/2829 2516/4066/2829 2503/4049/2829
f 2503/4049/2830 2516/4066/2830 2517/4067/2830
f 2503/4051/2831 2517/4068/2831 2504/4052/2831
f 2504/4052/2832 2517/4068/2832 2518/4069/2832
f 2504/4052/2833 2518/4069/2833 2499/4045/2833
f 2499/4045/2834 2518/4069/2834 2519/4070/2834
f 2499/4045/2835 2519/4070/2835 2497/4043/2835
f 2497/4043/2836 2519/4070/2836 2520/4071/2836
f 2521/4072/2837 2522/4073/2837 2523/4074/2837
f 2524/4075/2838 2525/4076/2838 2526/4077/2838
f 2526/4077/2839 2525/4076/2839 2527/4078/2839
f 2526/4077/2840 2527/4078/2840 2528/4079/2840
f 2529/4080/2841 2521/4072/2841 2530/4081/2841
f 2530/4081/2842 2521/4072/2842 2531/4082/2842
f 2521/4072/2843 2523/4074/2843 2531/4082/2843
f 2531/4082/2844 2523/4074/2844 2532/4083/2844
f 2531/4082/2845 2532/4083/2845 2533/4084/2845
f 2533/4084/2846 2532/4083/2846 2534/4085/2846
f 2534/4085/2847 2532/4083/2847 2535/4086/2847
f 2534/4085/2848 2535/4086/2848 2371/3892/2848
f 2371/4087/2849 2535/4088/2849 2536/4089/2849
f 2371/3892/2850 2536/4090/2850 2372/3893/2850
f 2372/3937/2851 2536/4089/2851 2537/4091/2851
f 2372/3937/2852 2537/4091/2852 2399/3925/2852
f 2399/3925/2853 2537/4091/2853 2288/3751/2853
f 2399/3925/2854 2288/3751/2854 2287/3750/2854
f 880/1370/2855 2291/3756/2855 876/1366/2855
f 876/1366/2856 2291/3756/2856 877/1367/2856
f 2525/4076/2857 2538/4092/2857 2527/4078/2857
f 2527/4078/2858 2538/4092/2858 2539/4093/2858
f 2527/4078/2859 2539/4093/2859 2540/4094/2859
f 2540/4094/2860 2539/4093/2860 717/4095/2860
f 2540/4094/2861 717/4095/2861 2541/4096/2861
f 2541/4097/2862 717/1117/2862 978/1471/2862
f 2541/4097/2863 978/1471/2863 2542/4098/2863
f 2542/4098/2864 978/1471/2864 877/1367/2864
f 2542/4098/2865 877/1367/2865 2543/4099/2865
f 2543/4099/2866 877/1367/2866 2291/3756/2866
f 2543/4099/2867 2291/3756/2867 2290/3754/2867
f 2290/3754/2868 2289/3753/2868 2543/4099/2868
f 2543/4099/2869 2289/3753/2869 2544/4100/2869
f 2543/4099/2870 2544/4100/2870 2542/4098/2870
f 2542/4098/2871 2544/4100/2871 2545/4101/2871
f 2542/4098/2872 2545/4101/2872 2541/4097/2872
f 2541/4097/2873 2545/4101/2873 2546/4102/2873
f 2541/4096/2874 2546/4103/2874 2540/4094/2874
f 2540/4094/2875 2546/4103/2875 2547/4104/2875
f 2540/4094/2876 2547/4104/2876 2527/4078/2876
f 2527/4078/2877 2547/4104/2877 2548/4105/2877
f 2527/4078/2878 2548/4105/2878 2528/4079/2878
f 2528/4079/2879 2548/4105/2879 2549/4106/2879
f 2289/3753/2880 2288/4107/2880 2544/4100/2880
f 2544/4100/2881 2288/4107/2881 2537/4108/2881
f 2544/4100/2882 2537/4108/2882 2545/4101/2882
f 2545/4101/2883 2537/4108/2883 2536/4109/2883
f 2545/4101/2884 2536/4109/2884 2546/4102/2884
f 2546/4102/2885 2536/4109/2885 2535/4110/2885
f 2546/4103/2886 2535/4086/2886 2547/4104/2886
f 2547/4104/2887 2535/4086/2887 2532/4083/2887
f 2547/4104/2888 2532/4083/2888 2548/4105/2888
f 2548/4105/2889 2532/4083/2889 2523/4074/2889
f 2548/4105/2890 2523/4074/2890 2549/4106/2890
f 2549/4106/2891 2523/4074/2891 2522/4073/2891
f 2538/4092/2892 2525/4076/2892 2550/4111/2892
f 717/4095/2893 2539/4093/2893 2551/4112/2893
f 2552/4113/2894 2553/4114/2894 2554/4115/2894
f 2554/4115/2895 2553/4114/2895 2555/4116/2895
f 717/4095/2896 2551/4112/2896 715/4117/2896
f 715/4117/2897 2551/4112/2897 2556/4118/2897
f 715/4117/2897 2556/4118/2897 711/4119/2897
f 711/4119/2898 2556/4118/2898 2557/4120/2898
f 711/4119/2898 2557/4120/2898 712/4121/2898
f 712/4121/2899 2557/4120/2899 2558/4122/2899
f 712/4121/2899 2558/4122/2899 664/1134/2899
f 664/1134/2900 2558/4122/2900 2559/4123/2900
f 664/1134/2900 2559/4123/2900 667/1050/2900
f 667/1050/2901 2559/4123/2901 2560/4124/2901
f 667/1050/2901 2560/4124/2901 670/1053/2901
f 670/1053/2902 2560/4124/2902 2554/4115/2902
f 670/1053/2902 2554/4115/2902 705/1104/2902
f 705/1104/2903 2554/4115/2903 2555/4116/2903
f 705/1104/2904 2555/4116/2904 545/1105/2904
f 2561/4125/2905 2562/4126/2905 2563/4127/2905
f 2563/4127/2905 2564/4128/2905 2561/4125/2905
f 2561/4125/2906 2564/4128/2906 2565/4129/2906
f 2561/4125/2906 2565/4129/2906 2566/4130/2906
f 2566/4130/2907 2565/4129/2907 2567/4131/2907
f 2566/4130/2907 2567/4131/2907 2568/4132/2907
f 2568/4132/2908 2567/4131/2908 2569/4133/2908
f 2568/4132/2908 2569/4133/2908 2570/4134/2908
f 2570/4134/2909 2569/4133/2909 2571/4135/2909
f 2570/4134/2909 2571/4135/2909 2572/4136/2909
f 2572/4136/2910 2571/4135/2910 2573/4137/2910
f 2573/4137/2911 2571/4135/2911 2574/4138/2911
f 2573/4137/2912 2574/4138/2912 2575/4139/2912
f 2575/4139/2913 2574/4138/2913 2550/4111/2913
f 2575/4139/2913 2550/4111/2913 2576/4140/2913
f 2576/4140/2914 2550/4111/2914 2525/4076/2914
f 2576/4140/2915 2525/4076/2915 2524/4075/2915
f 2563/4127/2916 2552/4113/2916 2564/4128/2916
f 2564/4128/2917 2552/4113/2917 2554/4115/2917
f 2564/4128/2918 2554/4115/2918 2565/4129/2918
f 2565/4129/2919 2554/4115/2919 2560/4124/2919
f 2565/4129/2920 2560/4124/2920 2567/4131/2920
f 2567/4131/2920 2560/4124/2920 2559/4123/2920
f 2567/4131/2921 2559/4123/2921 2569/4133/2921
f 2569/4133/2921 2559/4123/2921 2558/4122/2921
f 2569/4133/2922 2558/4122/2922 2571/4135/2922
f 2571/4135/2922 2558/4122/2922 2557/4120/2922
f 2571/4135/2923 2557/4120/2923 2574/4138/2923
f 2574/4138/2923 2557/4120/2923 2556/4118/2923
f 2574/4138/2924 2556/4118/2924 2550/4111/2924
f 2550/4111/2924 2556/4118/2924 2551/4112/2924
f 2550/4111/2925 2551/4112/2925 2538/4092/2925
f 2538/4092/2926 2551/4112/2926 2539/4093/2926
f 2577/4141/2927 2578/4142/2927 2579/4143/2927
f 545/1105/2928 2555/4116/2928 2580/4144/2928
f 2553/4114/2929 2552/4113/2929 2581/4145/2929
f 2563/4127/2930 2562/4126/2930 2582/4146/2930
f 478/753/2931 2579/4143/2931 479/754/2931
f 479/754/2932 2579/4143/2932 1863/4147/2932
f 479/754/2933 1863/4147/2933 534/832/2933
f 1861/4148/2934 1862/4149/2934 2583/4150/2934
f 2583/4150/2935 1862/4149/2935 1866/4151/2935
f 2584/4152/2936 2585/4153/2936 1859/4154/2936
f 1859/4154/2937 2585/4153/2937 1860/4155/2937
f 401/648/2938 1860/4155/2938 402/649/2938
f 402/649/2939 1860/4155/2939 2585/4153/2939
f 402/649/2940 2585/4153/2940 469/742/2940
f 469/742/2941 2585/4153/2941 471/743/2941
f 2480/4023/2942 2454/3997/2942 2586/4156/2942
f 2587/4157/2943 2588/4158/2943 2586/4156/2943
f 2586/4156/2944 2588/4158/2944 2481/4024/2944
f 2586/4156/2945 2481/4024/2945 2480/4023/2945
f 2589/4159/2946 2590/4160/2946 2591/4161/2946
f 2591/4161/2947 2590/4160/2947 2592/4162/2947
f 2552/4113/2948 2563/4127/2948 2581/4145/2948
f 2581/4145/2949 2563/4127/2949 2582/4146/2949
f 2581/4145/2950 2582/4146/2950 2589/4159/2950
f 2589/4159/2951 2582/4146/2951 2593/4163/2951
f 2589/4159/2952 2593/4163/2952 2590/4160/2952
f 478/753/2953 545/845/2953 2579/4143/2953
f 2579/4164/2954 545/1105/2954 2580/4144/2954
f 2579/4164/2955 2580/4144/2955 2577/4165/2955
f 2577/4165/2956 2580/4144/2956 2594/4166/2956
f 2577/4165/2957 2594/4166/2957 2595/4167/2957
f 1861/4148/2958 2583/4150/2958 2596/4168/2958
f 2596/4169/2959 2583/4170/2959 2597/4171/2959
f 2596/4169/2960 2597/4171/2960 2598/4172/2960
f 1859/4154/2961 1861/4148/2961 2584/4152/2961
f 2584/4152/2962 1861/4148/2962 2596/4168/2962
f 2584/4152/2963 2596/4168/2963 2585/4153/2963
f 2585/4153/2964 2596/4168/2964 2598/4173/2964
f 2585/4153/2965 2598/4173/2965 471/743/2965
f 471/4031/2966 2598/4172/2966 2453/3996/2966
f 2454/3997/2967 2453/3996/2967 2586/4156/2967
f 2586/4156/2968 2453/3996/2968 2598/4172/2968
f 2586/4156/2969 2598/4172/2969 2587/4157/2969
f 2587/4157/2970 2598/4172/2970 2597/4171/2970
f 2587/4157/2971 2597/4171/2971 2595/4167/2971
f 2595/4167/2972 2597/4171/2972 2583/4170/2972
f 2595/4167/2973 2583/4170/2973 2577/4165/2973
f 2577/4141/2974 2583/4150/2974 1866/4151/2974
f 2577/4141/2975 1866/4151/2975 2578/4142/2975
f 2578/4142/2976 1866/4151/2976 1865/4174/2976
f 2578/4142/2977 1865/4174/2977 2579/4143/2977
f 2579/4143/2978 1865/4174/2978 1864/4175/2978
f 2579/4143/2979 1864/4175/2979 1863/4147/2979
f 2555/4116/2980 2553/4114/2980 2580/4144/2980
f 2580/4144/2981 2553/4114/2981 2581/4145/2981
f 2580/4144/2982 2581/4145/2982 2594/4166/2982
f 2594/4166/2983 2581/4145/2983 2589/4159/2983
f 2594/4166/2984 2589/4159/2984 2595/4167/2984
f 2595/4167/2985 2589/4159/2985 2591/4161/2985
f 2595/4167/2986 2591/4161/2986 2587/4157/2986
f 2587/4157/2987 2591/4161/2987 2592/4162/2987
f 2587/4157/2988 2592/4162/2988 2588/4158/2988
f 2506/4054/2989 2507/4055/2989 2599/4176/2989
f 2600/4177/2990 2601/4178/2990 2602/4179/2990
f 2602/4180/2991 2601/4181/2991 2603/4182/2991
f 2602/4180/2992 2603/4182/2992 2604/4183/2992
f 2/2/2993 2605/4184/2993 2606/4185/2993
f 2606/4185/2994 2605/4184/2994 2607/4186/2994
f 2608/4187/2995 2609/4188/2995 2610/4189/2995
f 2610/4189/2996 2609/4188/2996 2606/4185/2996
f 2610/4189/2997 2606/4185/2997 2611/4190/2997
f 2611/4190/2998 2606/4185/2998 2607/4186/2998
f 2507/4055/2999 2508/4056/2999 2599/4176/2999
f 2599/4176/3000 2508/4056/3000 2612/4191/3000
f 2599/4176/3001 2612/4191/3001 2613/4192/3001
f 2613/4192/3002 2612/4191/3002 2614/4193/3002
f 2613/4192/3003 2614/4193/3003 2615/4194/3003
f 2615/4194/3004 2614/4193/3004 2616/4195/3004
f 2615/4194/3005 2616/4195/3005 2617/4196/3005
f 2617/4196/3006 2616/4195/3006 2618/4197/3006
f 2617/4196/3007 2618/4197/3007 2619/4198/3007
f 2619/4198/3008 2618/4197/3008 2620/4199/3008
f 2619/4198/3009 2620/4199/3009 2621/4200/3009
f 2621/4200/3010 2620/4199/3010 2622/4201/3010
f 2621/4200/3011 2622/4201/3011 2623/4202/3011
f 2623/4202/3012 2622/4201/3012 2624/4203/3012
f 2623/4202/3013 2624/4203/3013 2608/4187/3013
f 2608/4187/3014 2624/4203/3014 2625/4204/3014
f 2608/4187/3015 2625/4204/3015 2609/4188/3015
f 1936/4205/3016 1935/4050/3016 2505/4053/3016
f 2505/4053/3017 2626/4206/3017 1936/4205/3017
f 1936/4205/3018 2626/4206/3018 2627/4207/3018
f 1936/4205/3019 2627/4207/3019 1933/4208/3019
f 1933/4208/3020 2627/4207/3020 1931/4209/3020
f 1931/4209/3021 2627/4207/3021 2628/4210/3021
f 1931/4209/3022 2628/4210/3022 1929/3257/3022
f 1929/3257/3023 2628/4210/3023 2629/4211/3023
f 1929/3257/3024 2629/4211/3024 1927/3255/3024
f 1927/3255/3025 2629/4211/3025 2630/4212/3025
f 1927/3255/3026 2630/4212/3026 1923/3248/3026
f 2603/4182/3027 1918/3243/3027 2604/4183/3027
f 2604/4183/3028 1918/3243/3028 1920/3245/3028
f 2604/4183/3029 1920/3245/3029 2631/4213/3029
f 2631/4213/3030 1920/3245/3030 1921/3246/3030
f 2631/4213/3031 1921/3246/3031 2632/4214/3031
f 2632/4214/3032 1921/3246/3032 1923/3248/3032
f 2632/4214/3033 1923/3248/3033 2633/4215/3033
f 2633/4215/3034 1923/3248/3034 2630/4212/3034
f 2607/4186/3035 2600/4216/3035 2611/4190/3035
f 2611/4190/3036 2600/4216/3036 2602/4180/3036
f 2611/4190/3037 2602/4180/3037 2610/4189/3037
f 2610/4189/3038 2602/4180/3038 2604/4183/3038
f 2610/4189/3039 2604/4183/3039 2608/4187/3039
f 2608/4187/3039 2604/4183/3039 2631/4213/3039
f 2608/4187/3040 2631/4213/3040 2623/4202/3040
f 2623/4202/3040 2631/4213/3040 2632/4214/3040
f 2623/4202/3041 2632/4214/3041 2621/4200/3041
f 2621/4200/3041 2632/4214/3041 2633/4215/3041
f 2621/4200/3042 2633/4215/3042 2619/4198/3042
f 2619/4198/3042 2633/4215/3042 2630/4212/3042
f 2619/4198/3043 2630/4212/3043 2617/4196/3043
f 2617/4196/3043 2630/4212/3043 2629/4211/3043
f 2617/4196/3044 2629/4211/3044 2615/4194/3044
f 2615/4194/3044 2629/4211/3044 2628/4210/3044
f 2615/4194/3045 2628/4210/3045 2613/4192/3045
f 2613/4192/3045 2628/4210/3045 2627/4207/3045
f 2613/4192/3046 2627/4207/3046 2599/4176/3046
f 2599/4176/3046 2627/4207/3046 2626/4206/3046
f 2599/4176/3047 2626/4206/3047 2506/4054/3047
f 2506/4054/3048 2626/4206/3048 2505/4053/3048
f 1876/4217/82 1879/4218/82 2634/4219/82
f 1876/4217/82 2634/4219/82 398/4220/82
f 121/4221/82 120/4222/82 2635/4223/82
f 2635/4223/82 120/4222/82 1869/4224/82
f 399/4225/82 2636/4226/82 1873/4227/82
f 1873/4227/82 2636/4226/82 2635/4223/82
f 1873/4227/82 2635/4223/82 1870/4228/82
f 1870/4228/82 2635/4223/82 1869/4224/82
f 2637/4229/82 389/4230/82 2634/4231/82
f 2634/4231/82 389/4230/82 392/4232/82
f 2637/4229/82 2638/4233/82 389/4230/82
f 389/4230/82 2638/4233/82 2639/4234/82
f 389/4230/82 2639/4234/82 399/4225/82
f 399/4225/82 2639/4234/82 2640/4235/82
f 399/4225/82 2640/4235/82 2636/4226/82
f 392/4236/82 394/4237/82 2634/4219/82
f 2634/4219/82 394/4237/82 396/4238/82
f 2634/4219/82 396/4238/82 398/4220/82
f 1869/3141/108 120/156/108 1867/3139/108
f 1867/3139/108 120/156/108 107/155/108
f 1867/3139/108 107/155/108 109/4239/108
f 1885/3167/3049 1867/3157/3049 109/4240/3049
f 1893/3202/3050 112/4241/3050 1891/3198/3050
f 1891/3198/3051 112/4241/3051 113/4242/3051
f 109/4240/3052 108/4243/3052 1885/3167/3052
f 1885/3167/3053 108/4243/3053 106/4244/3053
f 1885/3167/3054 106/4244/3054 1884/4245/3054
f 1884/4245/3055 106/4244/3055 105/4246/3055
f 1884/3164/3056 105/4247/3056 1883/3162/3056
f 1883/3162/3057 105/4247/3057 114/4248/3057
f 1883/3162/3058 114/4248/3058 1882/3160/3058
f 1882/3160/3059 114/4248/3059 116/4249/3059
f 1882/3160/3060 116/4249/3060 1881/3158/3060
f 1881/3158/3060 116/4249/3060 119/4250/3060
f 1881/3158/3061 119/4250/3061 1892/3200/3061
f 1892/3200/3061 119/4250/3061 118/4251/3061
f 1892/3200/3062 118/4251/3062 1895/3208/3062
f 1895/3208/3063 118/4251/3063 117/4252/3063
f 1895/3208/3064 117/4252/3064 1894/3207/3064
f 1894/3207/3065 117/4252/3065 110/4253/3065
f 1894/4254/3066 110/4255/3066 1893/3202/3066
f 1893/3202/3067 110/4255/3067 111/4256/3067
f 1893/3202/3068 111/4256/3068 112/4241/3068
f 91/4257/82 101/4258/82 99/4259/82
f 91/4257/82 99/4259/82 92/4260/82
f 92/4260/82 99/4259/82 97/4261/82
f 92/4260/82 97/4261/82 96/4262/82
f 83/4263/82 85/4264/82 87/4265/82
f 87/4265/82 85/4264/82 81/4266/82
f 87/4265/82 81/4266/82 89/4267/82
f 89/4267/82 81/4266/82 82/4268/82
f 1912/4269/80 1911/4270/80 72/4271/80
f 1910/4272/80 1902/4273/80 71/4274/80
f 71/4274/80 1902/4273/80 72/4271/80
f 72/4271/80 1902/4273/80 1901/4275/80
f 72/4271/80 1901/4275/80 1912/4269/80
f 1877/4276/80 1878/4277/80 1903/4278/80
f 1903/4278/80 1904/4279/80 1877/4276/80
f 1877/4276/80 1904/4279/80 1905/4280/80
f 1877/4276/80 1905/4280/80 1880/4281/80
f 1880/4281/80 1905/4280/80 1906/4282/80
f 1906/4282/80 1907/4283/80 1880/4281/80
f 1880/4281/80 1907/4283/80 1908/4284/80
f 1880/4281/80 1908/4284/80 71/4274/80
f 71/4274/80 1908/4284/80 1909/4285/80
f 71/4274/80 1909/4285/80 1910/4272/80
f 104/4286/80 60/4287/80 62/4288/80
f 63/4289/82 61/4290/82 65/4291/82
f 65/4291/82 61/4290/82 103/4292/82
f 65/4291/82 103/4292/82 67/4293/82
f 67/4293/82 103/4292/82 69/4294/82
f 96/4295/65 95/4296/65 92/117/65
f 92/117/65 95/4296/65 94/119/65
f 79/98/3069 81/100/3069 86/4297/3069
f 86/4297/3069 81/100/3069 85/4298/3069
f 2641/4299/65 2642/4300/65 386/629/65
f 386/629/65 2642/4300/65 387/630/65
f 2643/4301/108 113/4242/108 77/96/108
f 77/96/108 113/4242/108 75/94/108
f 113/4242/3070 2643/4301/3070 2644/4302/3070
f 386/629/1908 1886/3182/1908 2641/4299/1908
f 2641/4299/3071 1886/3182/3071 2645/4303/3071
f 1886/3182/1910 1887/3184/1910 2645/4303/1910
f 2645/4303/3072 1887/3184/3072 1888/3186/3072
f 2645/4304/3073 1888/4305/3073 2644/4302/3073
f 1891/3198/1903 113/4242/1903 1890/3195/1903
f 1890/3195/3074 113/4242/3074 2644/4302/3074
f 1890/3195/1905 2644/4302/1905 1889/4306/1905
f 1889/4306/1906 2644/4302/1906 1888/4305/1906
f 74/93/83 72/91/83 2646/4307/83
f 2646/4307/83 72/91/83 1911/3236/83
f 346/4308/3075 377/4309/3075 2638/4310/3075
f 2647/4311/3076 78/4312/3076 76/4313/3076
f 2640/4314/3077 376/4315/3077 2636/4316/3077
f 2636/4316/3078 376/4315/3078 388/4317/3078
f 2636/4316/3079 388/4317/3079 387/4318/3079
f 2638/4310/3080 377/4309/3080 2639/4319/3080
f 2639/4319/3081 377/4309/3081 379/4320/3081
f 2639/4319/3082 379/4320/3082 2640/4314/3082
f 2640/4314/3083 379/4320/3083 380/4321/3083
f 2640/4314/3084 380/4321/3084 376/4315/3084
f 2648/4322/3085 2649/4323/3085 348/4324/3085
f 346/4308/3086 2638/4310/3086 347/4325/3086
f 347/4325/3087 2638/4310/3087 2637/4326/3087
f 347/4325/3088 2637/4326/3088 348/4324/3088
f 1879/4327/3089 1880/4328/3089 2634/4329/3089
f 2634/4329/3090 1880/4328/3090 71/4330/3090
f 348/4324/3085 2637/4326/3085 2648/4322/3085
f 2648/4322/3091 2637/4326/3091 2634/4329/3091
f 2648/4322/3092 2634/4329/3092 2650/4331/3092
f 2650/4331/3093 2634/4329/3093 71/4330/3093
f 2650/4331/3093 71/4330/3093 73/4332/3093
f 115/4333/3094 121/4334/3094 76/4313/3094
f 76/4313/3095 121/4334/3095 2635/4335/3095
f 76/4313/3076 2635/4335/3076 2647/4311/3076
f 2647/4311/3096 2635/4335/3096 2636/4316/3096
f 2647/4311/3096 2636/4316/3096 2651/4336/3096
f 2651/4336/3097 2636/4316/3097 387/4318/3097
f 2651/4336/3097 387/4318/3097 2642/4337/3097
f 327/555/65 348/580/65 2652/4338/65
f 2652/4338/65 348/580/65 2649/4339/65
f 1911/3236/213 336/566/213 334/564/213
f 2646/4307/213 1911/3236/213 2653/4340/213
f 2653/4340/213 1911/3236/213 334/564/213
f 2653/4340/3098 334/564/3098 2654/4341/3098
f 2654/4341/3098 334/564/3098 332/4342/3098
f 2654/4343/209 332/560/209 2655/4344/209
f 2655/4344/209 332/560/209 329/557/209
f 2655/4344/3099 329/557/3099 2652/4338/3099
f 2652/4338/3099 329/557/3099 327/555/3099
f 2656/4345/3100 2657/4346/3100 2658/4347/3100
f 2659/4348/3101 1954/3288/3101 1953/3287/3101
f 2657/4349/3102 1919/3244/3102 1918/3243/3102
f 1919/3244/3103 2657/4349/3103 1953/3287/3103
f 1953/4350/3104 2657/4346/3104 2656/4345/3104
f 1953/4350/3105 2656/4345/3105 2659/4351/3105
f 2660/4352/3106 2661/4353/3106 2662/4354/3106
f 1918/3243/3107 2663/4355/3107 2657/4349/3107
f 2657/4346/3108 2663/4356/3108 2660/4352/3108
f 2657/4346/3108 2660/4352/3108 2658/4347/3108
f 2658/4347/3106 2660/4352/3106 2662/4354/3106
f 2658/4347/3109 2662/4354/3109 2656/4345/3109
f 2656/4345/3110 2662/4354/3110 2664/4357/3110
f 2665/4358/84 239/4359/84 2666/4360/84
f 2666/4360/84 239/4359/84 237/4361/84
f 2666/4360/3111 237/4361/3111 2664/4362/3111
f 1955/4363/3112 235/4364/3112 1956/4365/3112
f 1956/4365/3113 235/4364/3113 233/4366/3113
f 1956/4365/3114 233/4366/3114 1957/4367/3114
f 1955/4363/3115 1954/4368/3115 235/4364/3115
f 235/4364/3116 1954/4368/3116 2659/4369/3116
f 235/4370/3117 2659/4371/3117 237/4372/3117
f 237/4373/3118 2659/4374/3118 2656/4375/3118
f 237/4361/3119 2656/4376/3119 2664/4362/3119
f 1950/4377/3120 1926/4378/3120 231/4379/3120
f 231/4379/3121 1926/4378/3121 1925/4380/3121
f 231/4379/3122 1925/4380/3122 233/4366/3122
f 233/4366/3123 1925/4380/3123 1924/4381/3123
f 233/4366/3124 1924/4381/3124 1957/4367/3124
f 1950/4377/3125 231/4379/3125 1951/4382/3125
f 1951/4382/3126 231/4379/3126 229/4383/3126
f 1951/4382/3127 229/4383/3127 1952/4384/3127
f 1952/4384/3128 229/4383/3128 227/4385/3128
f 1952/4386/3129 227/4387/3129 1947/4388/3129
f 1947/4388/3130 227/4387/3130 225/4389/3130
f 1947/4388/3131 225/4389/3131 1948/4390/3131
f 1948/4390/3132 225/4389/3132 1949/4391/3132
f 1949/4391/3133 225/4389/3133 224/4392/3133
f 1949/4391/3134 224/4392/3134 1913/4393/3134
f 2667/4394/3135 241/4395/3135 2665/4358/3135
f 2665/4358/3135 241/4395/3135 239/4359/3135
f 2667/4394/3136 2668/4396/3136 241/4395/3136
f 241/4395/3136 2668/4396/3136 243/4397/3136
f 1913/4393/3137 224/4392/3137 1914/4398/3137
f 1914/4398/3138 224/4392/3138 251/4399/3138
f 249/4400/3139 1945/4401/3139 251/4399/3139
f 251/4399/3140 1945/4401/3140 1940/4402/3140
f 251/4399/3141 1940/4402/3141 1914/4398/3141
f 247/4403/3142 2669/4404/3142 249/4405/3142
f 249/4405/3143 2669/4404/3143 2670/4406/3143
f 249/4405/3144 2670/4406/3144 1945/4407/3144
f 243/4408/3145 2668/4409/3145 245/4410/3145
f 245/4410/3145 2668/4409/3145 2671/4411/3145
f 245/4410/3146 2671/4411/3146 247/4403/3146
f 247/4403/3146 2671/4411/3146 2672/4412/3146
f 247/4403/3147 2672/4412/3147 2669/4404/3147
f 2673/4413/3148 1941/3274/3148 1943/3276/3148
f 2673/4413/3149 1943/3276/3149 2674/4414/3149
f 2675/4415/3150 2676/4416/3150 2677/4417/3150
f 2669/4418/3151 2675/4415/3151 2670/4419/3151
f 2670/4419/3152 2675/4415/3152 2678/4420/3152
f 2670/4419/3153 2678/4420/3153 2679/4421/3153
f 2675/4415/3150 2677/4417/3150 2678/4420/3150
f 2678/4420/3154 2677/4417/3154 2674/4422/3154
f 2678/4420/3154 2674/4422/3154 2679/4421/3154
f 2679/4423/3155 2674/4414/3155 1943/3276/3155
f 2679/4423/3156 1943/3276/3156 2670/4424/3156
f 2670/4424/3157 1943/3276/3157 1944/3277/3157
f 2670/4424/3158 1944/3277/3158 1945/3278/3158
f 2680/4425/3159 2681/4426/3159 2682/4427/3159
f 1961/3295/3160 1941/3274/3160 2673/4413/3160
f 2683/4428/3161 2684/4429/3161 2680/4425/3161
f 2677/4417/3162 2685/4430/3162 2674/4422/3162
f 2674/4414/3163 2685/4431/3163 2686/4432/3163
f 2674/4414/3164 2686/4432/3164 2673/4413/3164
f 2673/4413/3165 2686/4432/3165 1960/3294/3165
f 2673/4413/3166 1960/3294/3166 1961/3295/3166
f 1995/3344/3167 1958/3292/3167 2687/4433/3167
f 2687/4433/3168 1958/3292/3168 2688/4434/3168
f 2687/4433/3169 2688/4434/3169 2682/4435/3169
f 2681/4426/3170 2689/4436/3170 2690/4437/3170
f 2691/4438/3171 2692/4439/3171 2693/4440/3171
f 2693/4440/3172 2692/4439/3172 2694/4441/3172
f 2684/4429/3173 2695/4442/3173 2680/4425/3173
f 2680/4425/3174 2695/4442/3174 2696/4443/3174
f 2680/4425/3175 2696/4443/3175 2681/4426/3175
f 2681/4426/3176 2696/4443/3176 2697/4444/3176
f 2681/4426/3177 2697/4444/3177 2689/4436/3177
f 1996/3345/3178 1995/3344/3178 2698/4445/3178
f 2698/4445/3179 1995/3344/3179 2687/4433/3179
f 2698/4445/3180 2687/4433/3180 2699/4446/3180
f 2699/4446/3181 2687/4433/3181 2682/4435/3181
f 2699/4446/3182 2682/4435/3182 2692/4447/3182
f 2692/4439/3183 2682/4427/3183 2681/4426/3183
f 2692/4439/3184 2681/4426/3184 2694/4441/3184
f 2694/4441/3185 2681/4426/3185 2690/4437/3185
f 2676/4416/3186 2683/4428/3186 2677/4417/3186
f 2677/4417/3187 2683/4428/3187 2680/4425/3187
f 2677/4417/3188 2680/4425/3188 2685/4430/3188
f 2685/4430/3189 2680/4425/3189 2682/4427/3189
f 2685/4431/3190 2682/4435/3190 2686/4432/3190
f 2686/4432/3191 2682/4435/3191 2688/4434/3191
f 2686/4432/3192 2688/4434/3192 1960/3294/3192
f 1960/3294/3193 2688/4434/3193 1958/3292/3193
f 2700/4448/3194 1998/3349/3194 1996/3345/3194
f 1996/3345/3194 2698/4445/3194 2700/4448/3194
f 2700/4448/3195 2698/4445/3195 2699/4446/3195
f 2700/4448/3195 2699/4446/3195 2701/4449/3195
f 2701/4449/3196 2699/4446/3196 2692/4447/3196
f 2701/4449/3196 2692/4447/3196 2702/4450/3196
f 2702/4451/3197 2692/4439/3197 2691/4438/3197
f 2702/4451/3197 2691/4438/3197 2703/4452/3197
f 2704/4453/3198 2705/4454/3198 2706/4455/3198
f 2013/3373/3199 2016/3376/3199 2707/4456/3199
f 2019/3379/3200 1998/3349/3200 2700/4448/3200
f 2708/4457/3201 2709/4458/3201 2710/4459/3201
f 2711/4460/3202 2712/4461/3202 2713/4462/3202
f 2713/4462/3203 2712/4461/3203 2714/4463/3203
f 2713/4462/3204 2714/4463/3204 2704/4464/3204
f 2704/4464/3205 2714/4463/3205 2715/4465/3205
f 2704/4464/3206 2715/4465/3206 2705/4466/3206
f 2705/4466/3207 2715/4465/3207 2716/4467/3207
f 2705/4466/3208 2716/4467/3208 2717/4468/3208
f 2708/4457/3209 2710/4459/3209 2718/4469/3209
f 2702/4451/3210 2703/4452/3210 2719/4470/3210
f 2019/3379/3211 2700/4448/3211 2720/4471/3211
f 2720/4471/3212 2700/4448/3212 2701/4449/3212
f 2720/4471/3213 2701/4449/3213 2707/4456/3213
f 2709/4458/3214 2711/4460/3214 2710/4459/3214
f 2710/4459/3215 2711/4460/3215 2713/4462/3215
f 2710/4459/3216 2713/4462/3216 2721/4472/3216
f 2721/4472/3217 2713/4462/3217 2704/4464/3217
f 2721/4473/3218 2704/4453/3218 2722/4474/3218
f 2722/4474/3219 2704/4453/3219 2706/4455/3219
f 2722/4474/3220 2706/4455/3220 2014/3374/3220
f 2707/4456/3221 2016/3376/3221 2720/4471/3221
f 2720/4471/3222 2016/3376/3222 2015/3375/3222
f 2720/4471/3223 2015/3375/3223 2019/3379/3223
f 2014/3374/3224 2013/3373/3224 2722/4474/3224
f 2722/4474/3225 2013/3373/3225 2707/4456/3225
f 2722/4474/3226 2707/4456/3226 2721/4473/3226
f 2721/4473/3227 2707/4456/3227 2701/4449/3227
f 2721/4472/3228 2701/4475/3228 2710/4459/3228
f 2710/4476/3229 2701/4449/3229 2702/4450/3229
f 2710/4459/3230 2702/4451/3230 2718/4469/3230
f 2718/4469/3231 2702/4451/3231 2719/4470/3231
f 2723/4477/3232 2071/3439/3232 2070/3438/3232
f 2014/3374/3233 2706/4455/3233 2043/3403/3233
f 2043/3403/3234 2706/4455/3234 2724/4478/3234
f 2043/3403/3235 2724/4478/3235 2070/3438/3235
f 2723/4477/3236 2070/3438/3236 2725/4479/3236
f 2070/3438/3237 2724/4478/3237 2725/4479/3237
f 2725/4480/3238 2724/4481/3238 2726/4482/3238
f 2725/4480/3239 2726/4482/3239 2727/4483/3239
f 2706/4455/3240 2705/4454/3240 2724/4478/3240
f 2724/4481/3241 2705/4466/3241 2717/4468/3241
f 2724/4481/3242 2717/4468/3242 2726/4482/3242
f 2726/4482/3243 2717/4468/3243 2728/4484/3243
f 2726/4482/3244 2728/4484/3244 2727/4483/3244
f 131/4485/3245 129/4486/3245 2076/4487/3245
f 133/4488/3246 2723/4489/3246 135/4490/3246
f 135/4490/3247 2723/4489/3247 2725/4491/3247
f 2076/4487/3248 2075/4492/3248 131/4485/3248
f 131/4485/3249 2075/4492/3249 2073/4493/3249
f 131/4485/3250 2073/4493/3250 133/4494/3250
f 133/4494/3251 2073/4493/3251 2071/4495/3251
f 133/4488/3252 2071/4496/3252 2723/4489/3252
f 2729/4497/3253 139/4498/3253 2730/4499/3253
f 2730/4499/3253 139/4498/3253 137/4500/3253
f 2730/4499/3254 137/4500/3254 2731/4501/3254
f 2731/4501/3254 137/4500/3254 135/4490/3254
f 2731/4501/3255 135/4490/3255 2727/4502/3255
f 2727/4502/3256 135/4490/3256 2725/4491/3256
f 2729/4503/3257 2732/4504/3257 139/4505/3257
f 139/4505/3258 2732/4504/3258 141/4506/3258
f 2733/4507/3259 143/4508/3259 2732/4504/3259
f 2732/4504/3259 143/4508/3259 141/4506/3259
f 127/4509/3260 2064/4510/3260 129/4486/3260
f 129/4486/3261 2064/4510/3261 2063/4511/3261
f 129/4486/3262 2063/4511/3262 2076/4487/3262
f 2058/4512/3263 2069/4513/3263 122/4514/3263
f 122/4514/3264 2069/4513/3264 2062/4515/3264
f 122/4514/3265 2062/4515/3265 123/4516/3265
f 123/4516/3266 2062/4515/3266 2061/4517/3266
f 123/4516/2561 2061/4517/2561 125/4518/2561
f 125/4518/2561 2061/4517/2561 2067/4519/2561
f 125/4520/3267 2067/4521/3267 127/4509/3267
f 127/4509/3268 2067/4521/3268 2066/4522/3268
f 127/4509/3269 2066/4522/3269 2064/4510/3269
f 2058/4512/3270 122/4514/3270 2059/4523/3270
f 2059/4523/3271 122/4514/3271 149/4524/3271
f 2059/4523/3272 149/4524/3272 2060/4525/3272
f 2046/4526/3273 2045/4527/3273 147/4528/3273
f 147/4528/3274 2045/4527/3274 2055/4529/3274
f 147/4528/3275 2055/4529/3275 149/4524/3275
f 149/4524/3276 2055/4529/3276 2054/4530/3276
f 149/4524/3277 2054/4530/3277 2060/4525/3277
f 2046/4526/3278 147/4528/3278 2734/4531/3278
f 2734/4532/3279 147/4533/3279 145/4534/3279
f 2734/4532/3280 145/4534/3280 2735/4535/3280
f 143/4508/112 2733/4507/112 145/4534/112
f 145/4534/112 2733/4507/112 2736/4536/112
f 145/4534/3281 2736/4536/3281 2735/4535/3281
f 2737/4537/3282 2738/4538/3282 2739/4539/3282
f 2739/4539/3283 2738/4538/3283 2740/4540/3283
f 2739/4541/3284 2048/4542/3284 2737/4543/3284
f 2737/4544/3285 2048/4545/3285 2057/4546/3285
f 2737/4547/3286 2057/3419/3286 2047/3409/3286
f 2741/4548/3287 2740/4540/3287 2742/4549/3287
f 2742/4549/3288 2740/4540/3288 2738/4538/3288
f 2742/4549/3289 2738/4538/3289 2735/4550/3289
f 2735/4550/3290 2738/4538/3290 2737/4537/3290
f 2735/4550/3291 2737/4537/3291 2734/4551/3291
f 2734/4551/3292 2737/4537/3292 2047/4552/3292
f 2734/4551/3293 2047/4552/3293 2046/4553/3293
f 2052/4554/3294 2048/4555/3294 2739/4556/3294
f 2740/4557/3295 2741/4558/3295 2743/4559/3295
f 2743/4559/3296 2744/4560/3296 2740/4557/3296
f 2740/4557/3297 2744/4560/3297 2745/4561/3297
f 2740/4557/3298 2745/4561/3298 2739/4556/3298
f 2739/4556/3299 2745/4561/3299 2053/4562/3299
f 2739/4556/3300 2053/4562/3300 2052/4554/3300
f 2746/4563/3301 2747/4564/3301 2748/4565/3301
f 2749/4566/3302 2750/4567/3302 2751/4568/3302
f 2097/3472/3303 2096/3471/3303 2752/4569/3303
f 2748/4565/3304 2051/3413/3304 2753/4570/3304
f 2753/4571/3305 2051/4572/3305 2754/4573/3305
f 2753/4571/3306 2754/4573/3306 2755/4574/3306
f 2755/4574/3307 2754/4573/3307 2756/4575/3307
f 2746/4563/3308 2082/3454/3308 2747/4564/3308
f 2747/4564/3309 2082/3454/3309 2084/3456/3309
f 2747/4564/3310 2084/3456/3310 2748/4565/3310
f 2748/4565/3311 2084/3456/3311 2049/3411/3311
f 2748/4565/3312 2049/3411/3312 2051/3413/3312
f 2757/4576/3313 2121/3496/3313 2123/3498/3313
f 2758/4577/3314 2759/4578/3314 2760/4579/3314
f 2760/4579/3315 2759/4578/3315 2761/4580/3315
f 2760/4579/3316 2761/4580/3316 2762/4581/3316
f 2763/4582/3317 2764/4583/3317 2756/4575/3317
f 2765/4584/3318 2766/4585/3318 2754/4573/3318
f 2754/4573/3319 2766/4585/3319 2767/4586/3319
f 2767/4586/3320 2768/4587/3320 2754/4573/3320
f 2754/4573/3321 2768/4587/3321 2769/4588/3321
f 2754/4573/3322 2769/4588/3322 2756/4575/3322
f 2756/4575/3323 2769/4588/3323 2770/4589/3323
f 2756/4575/3324 2770/4589/3324 2763/4582/3324
f 2051/4572/3325 2053/4590/3325 2754/4573/3325
f 2754/4573/3326 2053/4590/3326 2745/4591/3326
f 2754/4573/3327 2745/4591/3327 2765/4584/3327
f 2765/4584/3328 2745/4591/3328 2744/4592/3328
f 2765/4584/3329 2744/4592/3329 2743/4593/3329
f 2750/4567/3330 2758/4577/3330 2751/4568/3330
f 2751/4568/3331 2758/4577/3331 2760/4579/3331
f 2751/4568/3332 2760/4579/3332 2771/4594/3332
f 2771/4594/3333 2760/4579/3333 2772/4595/3333
f 2771/4596/3334 2772/4597/3334 2773/4598/3334
f 2773/4598/3335 2772/4597/3335 2774/4599/3335
f 2773/4598/3336 2774/4599/3336 2775/4600/3336
f 2775/4600/3337 2774/4599/3337 2776/4601/3337
f 2775/4600/3338 2776/4601/3338 2752/4569/3338
f 2752/4569/3339 2776/4601/3339 2757/4576/3339
f 2752/4569/3340 2757/4576/3340 2097/3472/3340
f 2097/3472/3341 2757/4576/3341 2123/3498/3341
f 2764/4583/3342 2749/4566/3342 2756/4575/3342
f 2756/4575/3343 2749/4566/3343 2751/4568/3343
f 2756/4575/3344 2751/4568/3344 2755/4574/3344
f 2755/4574/3345 2751/4568/3345 2771/4594/3345
f 2755/4574/3346 2771/4594/3346 2753/4571/3346
f 2753/4570/3347 2771/4596/3347 2773/4598/3347
f 2753/4570/3348 2773/4598/3348 2748/4565/3348
f 2748/4565/3349 2773/4598/3349 2775/4600/3349
f 2748/4602/3350 2775/4603/3350 2746/4604/3350
f 2746/4563/3351 2775/4600/3351 2752/4569/3351
f 2746/4563/3352 2752/4569/3352 2082/3454/3352
f 2082/3454/3353 2752/4569/3353 2096/3471/3353
f 2125/4605/83 2114/3505/83 2122/3497/83
f 2122/3497/83 2121/3496/83 2125/4605/83
f 2125/4605/3354 2121/3496/3354 2757/4576/3354
f 2125/4605/3355 2757/4576/3355 2777/4606/3355
f 2757/4576/3356 2776/4601/3356 2777/4606/3356
f 2777/4606/3357 2776/4601/3357 2774/4599/3357
f 2777/4606/3358 2774/4599/3358 2778/4607/3358
f 2760/4579/3359 2762/4581/3359 2779/4608/3359
f 2774/4599/3360 2772/4597/3360 2778/4607/3360
f 2778/4609/3361 2772/4595/3361 2760/4579/3361
f 2778/4609/3362 2760/4579/3362 2780/4610/3362
f 2780/4610/3363 2760/4579/3363 2779/4608/3363
f 2780/4610/3364 2779/4608/3364 2781/4611/3364
f 2782/4612/3365 2783/4613/3365 2784/4614/3365
f 2784/4614/3366 2785/4615/3366 2786/4616/3366
f 2786/4616/3367 2785/4615/3367 2787/4617/3367
f 2786/4616/3368 2787/4617/3368 2788/4618/3368
f 2789/4619/3369 2790/4620/3369 2791/4621/3369
f 2791/4621/3370 2790/4620/3370 2792/4622/3370
f 2791/4621/3371 2792/4622/3371 2782/4612/3371
f 2782/4612/3372 2792/4622/3372 2793/4623/3372
f 2782/4612/3373 2793/4623/3373 2783/4613/3373
f 2794/4624/3374 2780/4610/3374 2795/4625/3374
f 2795/4625/3375 2780/4610/3375 2781/4611/3375
f 2211/3660/3376 2116/3491/3376 2777/4626/3376
f 2777/4626/3377 2116/3491/3377 2115/3490/3377
f 2777/4626/3378 2115/3490/3378 2125/3501/3378
f 2218/3667/3379 2217/3666/3379 2796/4627/3379
f 2796/4627/3380 2217/3666/3380 2215/3664/3380
f 2796/4627/3381 2215/3664/3381 2214/3663/3381
f 2797/4628/3382 2786/4616/3382 2798/4629/3382
f 2798/4629/3383 2786/4616/3383 2219/4630/3383
f 2798/4629/3384 2219/4630/3384 2218/4631/3384
f 2788/4618/3385 2799/4632/3385 2786/4616/3385
f 2786/4616/3386 2799/4632/3386 2800/4633/3386
f 2786/4616/3387 2800/4633/3387 2219/4630/3387
f 2219/4630/3388 2800/4633/3388 2801/4634/3388
f 2802/4635/3389 2803/4636/3389 2777/4626/3389
f 2777/4626/3390 2803/4636/3390 2212/3661/3390
f 2777/4626/3391 2212/3661/3391 2211/3660/3391
f 2218/3667/3392 2796/4627/3392 2798/4637/3392
f 2798/4629/3393 2796/4638/3393 2804/4639/3393
f 2798/4629/3394 2804/4639/3394 2797/4628/3394
f 2777/4626/3395 2778/4640/3395 2802/4635/3395
f 2802/4641/3396 2778/4609/3396 2780/4610/3396
f 2802/4641/3397 2780/4610/3397 2791/4621/3397
f 2791/4621/3398 2780/4610/3398 2794/4624/3398
f 2791/4621/3399 2794/4624/3399 2789/4619/3399
f 2784/4614/3400 2786/4616/3400 2782/4612/3400
f 2782/4612/3401 2786/4616/3401 2797/4628/3401
f 2782/4612/3402 2797/4628/3402 2791/4621/3402
f 2791/4621/3403 2797/4628/3403 2804/4639/3403
f 2791/4621/3404 2804/4639/3404 2802/4641/3404
f 2802/4641/3405 2804/4639/3405 2796/4638/3405
f 2802/4635/3406 2796/4627/3406 2803/4636/3406
f 2803/4636/3407 2796/4627/3407 2214/3663/3407
f 2803/4636/3408 2214/3663/3408 2212/3661/3408
f 69/4642/53 103/134/53 70/4643/53
f 70/4643/53 103/134/53 104/136/53
f 62/4644/53 2805/4645/53 2127/4646/53
f 2127/4646/53 2129/4647/53 62/4644/53
f 62/4644/3409 2129/4647/3409 2205/4648/3409
f 2799/4649/3410 2806/4650/3410 2800/4651/3410
f 2800/4651/3411 2806/4650/3411 2807/4652/3411
f 2800/4651/3412 2807/4652/3412 2801/4653/3412
f 2205/4648/3413 2204/4654/3413 62/4644/3413
f 62/4644/53 2204/4654/53 2203/4655/53
f 62/4644/53 2203/4655/53 2199/4656/53
f 2199/4656/53 2200/4657/53 62/4644/53
f 62/4644/3414 2200/4657/3414 2201/4658/3414
f 62/4644/53 2201/4658/53 104/136/53
f 104/136/53 2201/4658/53 2202/4659/53
f 104/136/53 2202/4659/53 70/4643/53
f 70/4643/53 2202/4659/53 2808/4660/53
f 70/4643/2089 2808/4660/2089 2799/4649/2089
f 2799/4649/3415 2808/4660/3415 2809/4661/3415
f 2799/4649/3415 2809/4661/3415 2806/4650/3415
f 2810/4662/3416 2811/4663/3416 2134/4664/3416
f 2130/4665/3417 2127/4646/3417 2805/4645/3417
f 2805/4645/3417 2812/4666/3417 2130/4665/3417
f 2130/4665/3418 2812/4666/3418 2813/4667/3418
f 2130/4665/3418 2813/4667/3418 2131/4668/3418
f 2131/4669/3419 2813/4670/3419 2810/4662/3419
f 2131/4669/3420 2810/4662/3420 2132/4671/3420
f 2132/4671/3416 2810/4662/3416 2134/4664/3416
f 2135/4672/108 2134/4664/108 2811/4663/108
f 2149/4673/108 2150/4674/108 2811/4663/108
f 2811/4663/108 2150/4674/108 2141/4675/108
f 2811/4663/108 2141/4675/108 2137/4676/108
f 2143/3531/108 2145/3533/108 2811/4663/108
f 2811/4663/108 2145/3533/108 2147/4677/108
f 2811/4663/108 2147/4677/108 2149/4673/108
f 2137/4676/108 2136/4678/108 2811/4663/108
f 2811/4663/108 2136/4678/108 2196/4679/108
f 2811/4663/108 2196/4679/108 2135/4672/108
f 2814/4680/3421 2144/3532/3421 2143/3531/3421
f 2144/4681/3422 2814/4682/3422 2815/4683/3422
f 2816/4684/3423 2142/3530/3423 2148/3538/3423
f 2816/4684/3424 2148/3538/3424 2815/4685/3424
f 2815/4685/3425 2148/3538/3425 2146/3536/3425
f 2815/4685/3426 2146/3536/3426 2144/3535/3426
f 2241/3690/3427 2817/4686/3427 2250/3701/3427
f 2259/3710/3428 2818/4687/3428 2819/4688/3428
f 2257/3708/3429 1032/1536/3429 2227/3676/3429
f 2801/4634/3430 2807/4689/3430 2820/4690/3430
f 2161/4691/3431 2160/3647/3431 2206/3646/3431
f 2821/4692/3432 2197/3629/3432 2822/4693/3432
f 2822/4693/3433 2197/3629/3433 2140/3528/3433
f 2822/4693/3434 2140/3528/3434 2823/4694/3434
f 2823/4694/3435 2140/3528/3435 2142/3530/3435
f 2156/4695/3436 2155/4696/3436 2824/4697/3436
f 2824/4697/3437 2155/4696/3437 2163/4698/3437
f 2824/4697/3438 2163/4698/3438 2206/3646/3438
f 2206/3646/3439 2163/4698/3439 2162/4699/3439
f 2206/3646/3440 2162/4699/3440 2161/4691/3440
f 2156/4695/3441 2824/4697/3441 2157/4700/3441
f 2157/4700/3442 2824/4697/3442 2825/4701/3442
f 2157/4700/3443 2825/4701/3443 2153/4702/3443
f 2153/4702/3444 2825/4701/3444 2154/4703/3444
f 2154/4703/3445 2825/4701/3445 2826/4704/3445
f 2154/4703/3446 2826/4704/3446 2152/4705/3446
f 2152/4705/3447 2826/4704/3447 2827/4706/3447
f 2152/4705/3448 2827/4706/3448 2151/4707/3448
f 2177/4708/3449 2178/4709/3449 2828/4710/3449
f 2177/4708/3450 2828/4710/3450 2189/4711/3450
f 2829/4712/3451 2185/4713/3451 2186/4714/3451
f 2193/4715/3452 2830/4716/3452 2194/4717/3452
f 2194/4717/3453 2830/4716/3453 2829/4712/3453
f 2194/4717/3454 2829/4712/3454 2195/4718/3454
f 2195/4718/3455 2829/4712/3455 2186/4714/3455
f 2193/4715/3456 2192/4719/3456 2830/4716/3456
f 2830/4716/3457 2192/4719/3457 2191/4720/3457
f 2830/4716/3458 2191/4720/3458 2828/4721/3458
f 2828/4710/3459 2191/4722/3459 2190/4723/3459
f 2828/4710/3460 2190/4723/3460 2189/4711/3460
f 2188/4724/3461 2183/4725/3461 2831/4726/3461
f 2831/4726/3462 2183/4725/3462 2184/4727/3462
f 2831/4726/3463 2184/4727/3463 2239/4728/3463
f 2181/4729/3464 2832/4730/3464 2833/4731/3464
f 2181/4729/3465 2180/4732/3465 2832/4730/3465
f 2832/4730/3466 2180/4732/3466 2179/4733/3466
f 2832/4730/3467 2179/4733/3467 2831/4726/3467
f 2831/4726/3468 2179/4733/3468 2187/4734/3468
f 2831/4726/3469 2187/4734/3469 2188/4724/3469
f 2176/3638/3470 2175/4735/3470 2202/3640/3470
f 2202/3640/3471 2175/4735/3471 2174/4736/3471
f 2202/3640/3472 2174/4736/3472 2833/4737/3472
f 2833/4731/3473 2174/4738/3473 2182/4739/3473
f 2833/4731/3474 2182/4739/3474 2181/4729/3474
f 2820/4690/3475 2807/4689/3475 2832/4730/3475
f 2807/4689/3476 2806/4740/3476 2832/4730/3476
f 2832/4730/3477 2806/4740/3477 2809/4741/3477
f 2832/4730/3478 2809/4741/3478 2833/4731/3478
f 2833/4731/3479 2809/4741/3479 2808/4742/3479
f 2833/4731/3480 2808/4742/3480 2202/4743/3480
f 2239/4728/3481 2238/4744/3481 2831/4726/3481
f 2831/4726/3482 2238/4744/3482 2237/4745/3482
f 2831/4726/3483 2237/4745/3483 2832/4730/3483
f 2832/4730/3484 2237/4745/3484 2236/4746/3484
f 2832/4730/3485 2236/4746/3485 2820/4690/3485
f 2820/4690/3486 2236/4746/3486 2219/4630/3486
f 2820/4690/3487 2219/4630/3487 2801/4634/3487
f 2184/4727/3488 2185/4713/3488 2239/4728/3488
f 2239/4728/3489 2185/4713/3489 2829/4712/3489
f 2239/4728/3490 2829/4712/3490 2240/4747/3490
f 2240/4747/3491 2829/4712/3491 2233/4748/3491
f 2834/4749/3492 2835/4750/3492 2231/3680/3492
f 2231/3680/3493 2835/4750/3493 2819/4688/3493
f 2259/4751/3494 2257/4752/3494 2818/4753/3494
f 2818/4687/3495 2257/3708/3495 2227/3676/3495
f 2818/4687/3496 2227/3676/3496 2819/4688/3496
f 2819/4688/3497 2227/3676/3497 2229/3678/3497
f 2819/4688/3498 2229/3678/3498 2231/3680/3498
f 2262/4754/3499 2255/3706/3499 2835/4755/3499
f 2835/4755/3500 2255/3706/3500 2253/3704/3500
f 2835/4755/3501 2253/3704/3501 2819/4756/3501
f 2819/4756/3502 2253/3704/3502 2260/3713/3502
f 2819/4688/3503 2260/3712/3503 2259/3710/3503
f 2265/3720/3504 2828/4710/3504 2827/4706/3504
f 2827/4706/3505 2828/4710/3505 2178/4709/3505
f 2827/4706/3506 2178/4709/3506 2151/4707/3506
f 2265/3720/3507 2827/4706/3507 2266/3721/3507
f 2266/3721/3508 2827/4706/3508 2826/4704/3508
f 2266/3721/3509 2826/4704/3509 2241/3690/3509
f 2241/3690/3510 2826/4704/3510 2825/4701/3510
f 2241/3690/3511 2825/4701/3511 2817/4686/3511
f 2817/4686/3512 2825/4701/3512 2824/4697/3512
f 2817/4686/3513 2824/4697/3513 2836/4757/3513
f 2142/3530/3514 2816/4684/3514 2823/4694/3514
f 2823/4694/3515 2816/4684/3515 2837/4758/3515
f 2823/4694/3516 2837/4758/3516 2822/4693/3516
f 2822/4693/3517 2837/4758/3517 2836/4757/3517
f 2822/4693/3517 2836/4757/3517 2821/4692/3517
f 2821/4692/3518 2836/4757/3518 2824/4697/3518
f 2821/4692/3519 2824/4697/3519 2197/3629/3519
f 2197/3629/3520 2824/4697/3520 2206/3646/3520
f 2265/3720/3521 2263/3718/3521 2828/4710/3521
f 2828/4710/3522 2263/3718/3522 2262/3716/3522
f 2828/4710/3523 2262/3716/3523 2830/4759/3523
f 2830/4716/3524 2262/4754/3524 2835/4755/3524
f 2830/4716/3525 2835/4755/3525 2829/4712/3525
f 2829/4712/3525 2835/4755/3525 2834/4760/3525
f 2829/4712/3526 2834/4760/3526 2233/4748/3526
f 2233/3682/3527 2834/4749/3527 2231/3680/3527
f 2838/4761/2253 2246/4762/2253 2245/4763/2253
f 2278/4764/3528 2249/4765/3528 2838/4761/3528
f 2838/4761/3529 2249/4765/3529 2248/4766/3529
f 2838/4761/2247 2248/4766/2247 2246/4762/2247
f 2245/4763/3530 2251/4767/3530 2838/4761/3530
f 2838/4761/2246 2251/4767/2246 2250/4768/2246
f 2838/4761/83 2250/4768/83 2817/4769/83
f 2838/4770/65 2839/4771/65 2278/3740/65
f 2278/3740/65 2839/4771/65 2280/3743/65
f 2278/3740/65 2280/3743/65 2279/3741/65
f 2279/3741/65 2280/3743/65 2282/3745/65
f 2387/4772/1674 2839/4773/1674 2840/4774/1674
f 2840/4774/108 2839/4773/108 2841/4775/108
f 2387/4772/108 2369/4776/108 2839/4773/108
f 2839/4773/3531 2369/4776/3531 2368/4777/3531
f 2839/4773/3532 2368/4777/3532 2389/4778/3532
f 2389/4778/3533 2391/4779/3533 2839/4773/3533
f 2839/4773/3534 2391/4779/3534 2392/4780/3534
f 2839/4773/3535 2392/4780/3535 2280/4781/3535
f 2361/3880/3536 2360/3879/3536 2842/4782/3536
f 2843/4783/3537 2362/4784/3537 2844/4785/3537
f 2844/4786/3538 2362/4787/3538 2364/3885/3538
f 2844/4786/3539 2364/3885/3539 2842/4782/3539
f 2842/4782/3540 2364/3885/3540 2366/3887/3540
f 2842/4782/3541 2366/3887/3541 2361/3880/3541
f 2363/3882/3542 2362/3881/3542 2843/4788/3542
f 2353/4789/3543 2352/4790/3543 2845/4791/3543
f 2845/4791/83 2352/4790/83 2359/4792/83
f 2355/4793/83 2353/4789/83 2846/4794/83
f 2846/4794/83 2353/4789/83 2845/4791/83
f 2846/4794/83 2845/4791/83 2847/4795/83
f 2847/4795/83 2845/4791/83 2848/4796/83
f 2359/4792/3544 2367/4797/3544 2845/4791/3544
f 2845/4791/83 2367/4797/83 2365/3884/83
f 2845/4791/3545 2365/3884/3545 2363/3882/3545
f 49/4798/80 47/4799/80 59/4800/80
f 2849/4801/3546 2848/4796/3546 2845/4791/3546
f 2845/4791/3546 2850/4802/3546 2849/4801/3546
f 2849/4801/3547 2850/4802/3547 2851/4803/3547
f 2849/4801/3547 2851/4803/3547 2852/4804/3547
f 2852/4805/3548 2851/4806/3548 2853/4807/3548
f 2852/4805/3548 2853/4807/3548 2854/4808/3548
f 2854/4808/3549 2853/4807/3549 45/55/3549
f 2854/4808/3549 45/55/3549 44/54/3549
f 2855/4809/82 2847/4810/82 2848/4811/82
f 2308/3788/82 44/4812/82 2856/4813/82
f 2856/4813/82 44/4812/82 46/4814/82
f 2855/4809/82 2848/4811/82 2296/3763/82
f 2298/3767/82 2297/3766/82 44/4812/82
f 2854/4815/82 44/4812/82 2852/4816/82
f 2852/4816/82 44/4812/82 2296/3763/82
f 2852/4816/82 2296/3763/82 2849/4817/82
f 2849/4817/82 2296/3763/82 2848/4811/82
f 2297/3766/82 2294/3761/82 44/4812/82
f 44/4812/82 2294/3761/82 2296/3763/82
f 44/4812/82 2308/3788/82 2306/3787/82
f 44/4812/82 2306/3787/82 2305/4818/82
f 2305/4818/82 2303/4819/82 44/4812/82
f 44/4812/82 2303/4819/82 2301/4820/82
f 44/4812/82 2301/4820/82 2298/3767/82
f 2292/3765/3550 2299/3771/3550 2857/4821/3550
f 2300/3772/3551 2302/4822/3551 2858/4823/3551
f 2858/4823/3552 2302/4822/3552 2304/4824/3552
f 2858/4823/3553 2304/4824/3553 2859/4825/3553
f 2847/4810/3554 2855/4809/3554 2846/4826/3554
f 2846/4826/3555 2855/4809/3555 2296/3763/3555
f 2846/4826/3556 2296/3763/3556 2860/4827/3556
f 2860/4827/3557 2296/3763/3557 2295/3762/3557
f 2860/4827/3558 2295/3762/3558 2857/4821/3558
f 2857/4821/3559 2295/3762/3559 2293/4828/3559
f 2857/4821/3560 2293/4828/3560 2292/3765/3560
f 2355/3874/3561 2846/4826/3561 2356/3875/3561
f 2356/3875/3562 2846/4826/3562 2860/4827/3562
f 2356/3875/3563 2860/4827/3563 2357/3876/3563
f 2357/3876/3564 2860/4827/3564 2857/4821/3564
f 2357/3876/3565 2857/4821/3565 2358/3877/3565
f 2861/4829/3566 2862/4830/3566 2857/4821/3566
f 2857/4821/3567 2862/4830/3567 2863/4831/3567
f 2857/4821/3568 2863/4831/3568 2358/3877/3568
f 2358/3877/3569 2863/4831/3569 2864/4832/3569
f 2358/3877/3570 2864/4832/3570 2354/3873/3570
f 2334/4833/3571 2343/4834/3571 2858/4823/3571
f 2858/4823/3572 2343/4834/3572 2342/4835/3572
f 2299/3771/3573 2300/3772/3573 2857/4821/3573
f 2857/4821/3574 2300/3772/3574 2858/4823/3574
f 2857/4821/3575 2858/4823/3575 2861/4829/3575
f 2861/4829/3576 2858/4823/3576 2342/4835/3576
f 2861/4829/3577 2342/4835/3577 2346/4836/3577
f 2304/4824/3578 2307/3786/3578 2859/4825/3578
f 2859/4825/3579 2307/3786/3579 2865/4837/3579
f 2859/4825/3580 2865/4837/3580 2340/4838/3580
f 2340/4838/3581 2341/4839/3581 2859/4825/3581
f 2859/4825/3582 2341/4839/3582 2336/4840/3582
f 2859/4825/3583 2336/4840/3583 2858/4823/3583
f 2858/4823/3584 2336/4840/3584 2335/4841/3584
f 2858/4823/3585 2335/4841/3585 2334/4833/3585
f 50/4842/3586 2329/4843/3586 51/4844/3586
f 51/4844/3587 2329/4843/3587 2328/4845/3587
f 51/4844/3588 2328/4845/3588 52/4846/3588
f 52/4846/3589 2328/4845/3589 2337/4847/3589
f 52/4846/3590 2337/4847/3590 48/4848/3590
f 48/4848/3591 2337/4847/3591 2338/4849/3591
f 48/4848/3592 2338/4849/3592 2865/4837/3592
f 2865/4837/3593 2338/4849/3593 2339/4850/3593
f 2865/4837/3594 2339/4850/3594 2340/4838/3594
f 2307/3786/3595 2308/3788/3595 2865/4837/3595
f 2865/4837/3596 2308/3788/3596 2856/4813/3596
f 2865/4837/3597 2856/4813/3597 48/4848/3597
f 48/4848/3598 2856/4813/3598 46/4814/3598
f 2866/4851/3599 57/4852/3599 56/4853/3599
f 56/4853/3599 2867/4854/3599 2866/4851/3599
f 2866/4855/3600 2867/4856/3600 2868/4857/3600
f 2866/4855/3600 2868/4857/3600 2869/4858/3600
f 2869/4858/3601 2868/4857/3601 55/4859/3601
f 2869/4858/3601 55/4859/3601 54/4860/3601
f 58/4861/82 57/4862/82 2866/4863/82
f 58/4861/82 2866/4863/82 53/4864/82
f 53/4864/82 2866/4863/82 2869/4865/82
f 53/4864/82 2869/4865/82 54/4866/82
f 53/63/3602 49/59/3602 58/4867/3602
f 58/4867/3602 49/59/3602 59/4868/3602
f 36/43/3603 15/17/3603 2870/4869/3603
f 2333/4870/3604 43/4871/3604 2871/4872/3604
f 2871/4872/3605 43/4871/3605 36/43/3605
f 2871/4872/3606 36/43/3606 2872/4873/3606
f 2872/4873/3607 36/43/3607 2870/4869/3607
f 2872/4873/3608 2870/4869/3608 2873/4874/3608
f 2333/4870/3609 2332/4875/3609 43/4871/3609
f 43/4871/3610 2332/4875/3610 2331/4876/3610
f 43/4871/3611 2331/4876/3611 50/4842/3611
f 50/4842/3612 2331/4876/3612 2330/4877/3612
f 50/4842/3613 2330/4877/3613 2329/4843/3613
f 2324/4878/3614 2325/4879/3614 2872/4873/3614
f 2872/4873/3615 2325/4879/3615 2327/4880/3615
f 2872/4873/3616 2327/4880/3616 2871/4872/3616
f 2871/4872/3617 2327/4880/3617 2326/4881/3617
f 2871/4872/3618 2326/4881/3618 2333/4870/3618
f 2873/4874/3619 2874/4882/3619 2875/4883/3619
f 2873/4874/3620 2875/4883/3620 2320/4884/3620
f 2320/4884/3621 2321/4885/3621 2873/4874/3621
f 2873/4874/3622 2321/4885/3622 2322/4886/3622
f 2873/4874/3623 2322/4886/3623 2872/4873/3623
f 2872/4873/3624 2322/4886/3624 2323/4887/3624
f 2872/4873/3625 2323/4887/3625 2324/4878/3625
f 2309/4888/3626 2318/4889/3626 2876/4890/3626
f 2876/4890/3627 2318/4889/3627 2319/4891/3627
f 2876/4892/3628 2319/4893/3628 2875/4894/3628
f 2875/4883/3629 2319/4891/3629 2314/4895/3629
f 2875/4883/3630 2314/4895/3630 2315/4896/3630
f 2315/4896/3631 2316/4897/3631 2875/4883/3631
f 2875/4883/3632 2316/4897/3632 2317/4898/3632
f 2875/4883/3633 2317/4898/3633 2320/4884/3633
f 2348/4899/3634 2347/4900/3634 2401/3927/3634
f 2401/3927/3635 2347/4900/3635 2313/4901/3635
f 2401/3927/3636 2313/4901/3636 2385/3908/3636
f 2313/4901/3637 2312/4902/3637 2385/3908/3637
f 2385/3908/3638 2312/4902/3638 2311/4903/3638
f 2385/3908/3639 2311/4903/3639 2876/4890/3639
f 2876/4890/3640 2311/4903/3640 2310/4904/3640
f 2876/4890/3641 2310/4904/3641 2309/4888/3641
f 2344/4905/3642 2351/4906/3642 2877/4907/3642
f 2877/4907/3643 2351/4906/3643 2350/4908/3643
f 2877/4907/3644 2350/4908/3644 2878/4909/3644
f 2878/4909/3645 2350/4908/3645 2349/4910/3645
f 2878/4909/3646 2349/4910/3646 2348/4899/3646
f 2346/4836/3647 2345/4911/3647 2861/4829/3647
f 2861/4829/3648 2345/4911/3648 2344/4905/3648
f 2344/4905/3649 2877/4907/3649 2861/4829/3649
f 2861/4829/3650 2877/4907/3650 2879/4912/3650
f 2861/4829/3651 2879/4912/3651 2862/4830/3651
f 2880/4913/3652 2864/4832/3652 2879/4912/3652
f 2879/4912/3653 2864/4832/3653 2863/4831/3653
f 2879/4912/3654 2863/4831/3654 2862/4830/3654
f 2879/4912/3655 2842/4782/3655 2880/4913/3655
f 2880/4913/3656 2842/4782/3656 2360/3879/3656
f 2880/4913/3657 2360/3879/3657 2864/4832/3657
f 2864/4832/3658 2360/3879/3658 2354/3873/3658
f 2388/3911/3659 2387/3910/3659 2878/4909/3659
f 2878/4909/3660 2387/3910/3660 2840/4914/3660
f 2878/4909/3661 2840/4914/3661 2877/4907/3661
f 2877/4907/3662 2840/4914/3662 2841/4915/3662
f 2877/4907/3663 2841/4915/3663 2879/4912/3663
f 2879/4912/3664 2841/4915/3664 2881/4916/3664
f 2879/4912/3665 2881/4916/3665 2842/4782/3665
f 2348/4899/3666 2401/3927/3666 2878/4909/3666
f 2878/4909/3667 2401/3927/3667 2400/3926/3667
f 2878/4909/3668 2400/3926/3668 2388/3911/3668
f 2382/3905/3669 2380/3903/3669 2876/4890/3669
f 2876/4890/3670 2380/3903/3670 2386/3909/3670
f 2876/4890/3671 2386/3909/3671 2385/3908/3671
f 2882/4917/3672 2375/3899/3672 2383/4918/3672
f 2882/4917/3673 2883/4919/3673 2884/4920/3673
f 2882/4917/3674 2884/4920/3674 2375/3899/3674
f 2375/3899/3675 2884/4920/3675 2885/4921/3675
f 2375/3899/3676 2885/4921/3676 2377/3900/3676
f 2377/3900/3677 2885/4921/3677 2886/4922/3677
f 2377/3900/3678 2886/4922/3678 2378/3901/3678
f 2378/3901/3679 2886/4922/3679 2887/4923/3679
f 2378/3901/3680 2887/4923/3680 2371/3892/3680
f 2383/3906/3681 2382/3905/3681 2882/4924/3681
f 2882/4924/3682 2382/3905/3682 2876/4890/3682
f 2882/4924/3683 2876/4890/3683 2883/4925/3683
f 2883/4925/3684 2876/4890/3684 2875/4883/3684
f 2883/4925/3685 2875/4883/3685 2888/4926/3685
f 2888/4926/3686 2875/4883/3686 2874/4882/3686
f 14/4927/3687 2889/4928/3687 2890/4929/3687
f 2891/4930/3688 2533/4084/3688 2534/4085/3688
f 2892/4931/3689 2530/4081/3689 2531/4082/3689
f 2893/4932/3690 2529/4080/3690 2530/4081/3690
f 2530/4081/3691 2892/4931/3691 2893/4932/3691
f 2893/4932/3692 2892/4931/3692 2894/4933/3692
f 2893/4932/3692 2894/4933/3692 2895/4934/3692
f 2895/4934/3693 2894/4933/3693 2896/4935/3693
f 2895/4934/3694 2896/4935/3694 2897/4936/3694
f 2897/4936/3695 2896/4935/3695 2898/4937/3695
f 2897/4936/3696 2898/4937/3696 2899/4938/3696
f 2899/4938/3697 2898/4937/3697 2900/4939/3697
f 2899/4938/3697 2900/4939/3697 2901/4940/3697
f 2901/4940/3698 2900/4939/3698 2902/4941/3698
f 2901/4940/3698 2902/4941/3698 2903/4942/3698
f 2903/4942/3699 2902/4941/3699 2904/4943/3699
f 2903/4942/3699 2904/4943/3699 2905/4944/3699
f 14/4927/3700 32/34/3700 2889/4928/3700
f 2889/4928/3701 32/34/3701 31/33/3701
f 2889/4928/3702 31/33/3702 29/31/3702
f 2906/4945/3703 2873/4946/3703 2907/4947/3703
f 2907/4947/3704 2873/4946/3704 2870/4948/3704
f 2907/4947/3705 2870/4948/3705 2890/4929/3705
f 2890/4929/3706 2870/4948/3706 15/4949/3706
f 2890/4929/3707 15/4949/3707 14/4927/3707
f 2885/4921/3708 2908/4950/3708 2886/4922/3708
f 2886/4922/3709 2908/4950/3709 2891/4930/3709
f 2886/4922/3710 2891/4930/3710 2887/4923/3710
f 2887/4923/3711 2891/4930/3711 2534/4085/3711
f 2887/4923/3712 2534/4085/3712 2371/3892/3712
f 2885/4921/3713 2884/4920/3713 2908/4950/3713
f 2908/4950/3714 2884/4920/3714 2883/4919/3714
f 2908/4950/3714 2883/4919/3714 2909/4951/3714
f 2909/4951/3715 2883/4919/3715 2888/4952/3715
f 2909/4951/3716 2888/4952/3716 2906/4945/3716
f 2906/4945/3717 2888/4952/3717 2874/4953/3717
f 2906/4945/3718 2874/4953/3718 2873/4946/3718
f 3/3/3719 2905/4944/3719 29/31/3719
f 29/31/3720 2905/4944/3720 2904/4943/3720
f 29/31/3721 2904/4943/3721 2889/4928/3721
f 2889/4928/3722 2904/4943/3722 2902/4941/3722
f 2889/4928/3722 2902/4941/3722 2890/4929/3722
f 2890/4929/3723 2902/4941/3723 2900/4939/3723
f 2890/4929/3723 2900/4939/3723 2907/4947/3723
f 2907/4947/3724 2900/4939/3724 2898/4937/3724
f 2907/4947/3724 2898/4937/3724 2906/4945/3724
f 2906/4945/3725 2898/4937/3725 2896/4935/3725
f 2906/4945/3725 2896/4935/3725 2909/4951/3725
f 2909/4951/3726 2896/4935/3726 2894/4933/3726
f 2909/4951/3726 2894/4933/3726 2908/4950/3726
f 2908/4950/3727 2894/4933/3727 2892/4931/3727
f 2908/4950/3727 2892/4931/3727 2891/4930/3727
f 2891/4930/3728 2892/4931/3728 2531/4082/3728
f 2891/4930/3729 2531/4082/3729 2533/4084/3729
f 2561/4125/108 2566/4130/108 2409/3945/108
f 2409/3945/108 2566/4130/108 2568/4132/108
f 2409/3945/108 2568/4132/108 2410/3946/108
f 2410/3946/108 2568/4132/108 2570/4134/108
f 2410/3946/108 2570/4134/108 2411/3947/108
f 3/3/108 2416/3955/108 2426/3965/108
f 2528/4079/108 2404/3940/108 2405/3941/108
f 2476/4019/108 2448/3991/108 2449/3992/108
f 2446/3989/108 2473/4016/108 2449/3992/108
f 2449/3992/108 2473/4016/108 2475/4018/108
f 2449/3992/108 2475/4018/108 2476/4019/108
f 2445/3988/108 2442/3985/108 2466/4009/108
f 2513/4061/108 2441/3984/108 2440/3983/108
f 2422/3961/108 2903/4942/108 2423/3962/108
f 2423/3962/108 2903/4942/108 2905/4944/108
f 2423/3962/108 2905/4944/108 2424/3963/108
f 2424/3963/108 2905/4944/108 3/3/108
f 2424/3963/108 3/3/108 2425/3964/108
f 2425/3964/108 3/3/108 2426/3965/108
f 2421/3960/108 2899/4938/108 2422/3961/108
f 2422/3961/108 2899/4938/108 2901/4940/108
f 2422/3961/108 2901/4940/108 2903/4942/108
f 2528/4079/108 2549/4106/108 2404/3940/108
f 2404/3940/108 2549/4106/108 2522/4073/108
f 2404/3940/108 2522/4073/108 2417/3956/108
f 2417/3956/108 2522/4073/108 2521/4072/108
f 2417/3956/108 2521/4072/108 2418/3957/108
f 2418/3957/3730 2521/4072/3730 2529/4080/3730
f 2418/3957/108 2529/4080/108 2419/3958/108
f 2419/3958/1674 2529/4080/1674 2893/4932/1674
f 2419/3958/108 2893/4932/108 2420/3959/108
f 2420/3959/108 2893/4932/108 2895/4934/108
f 2420/3959/108 2895/4934/108 2421/3960/108
f 2421/3960/108 2895/4934/108 2897/4936/108
f 2421/3960/108 2897/4936/108 2899/4938/108
f 2570/4134/108 2572/4136/108 2411/3947/108
f 2411/3947/108 2572/4136/108 2573/4137/108
f 2411/3947/108 2573/4137/108 2412/3948/108
f 2412/3948/108 2573/4137/108 2575/4139/108
f 2412/3948/108 2575/4139/108 2413/3952/108
f 2413/3952/108 2575/4139/108 2576/4140/108
f 2413/3952/108 2576/4140/108 2414/3953/108
f 2414/3953/1547 2576/4140/1547 2524/4075/1547
f 2414/3953/108 2524/4075/108 2405/3941/108
f 2405/3941/1674 2524/4075/1674 2526/4077/1674
f 2405/3941/108 2526/4077/108 2528/4079/108
f 2409/3945/108 2408/3944/108 2561/4125/108
f 2561/4125/108 2408/3944/108 2407/3943/108
f 2561/4125/108 2407/3943/108 2562/4126/108
f 2562/4126/108 2407/3943/108 2406/3942/108
f 2439/3981/108 2508/4056/108 2427/3966/108
f 2427/3966/3731 2508/4056/3731 2498/4044/3731
f 2427/3966/108 2498/4044/108 2428/4954/108
f 2428/4954/108 2498/4044/108 2497/4043/108
f 2428/4954/108 2497/4043/108 2440/3983/108
f 2440/3983/3732 2497/4043/3732 2520/4071/3732
f 2440/3983/3731 2520/4071/3731 2513/4061/3731
f 2624/4203/108 2435/3977/108 2625/4204/108
f 2625/4204/108 2435/3977/108 2436/3978/108
f 2625/4204/108 2436/3978/108 2609/4188/108
f 2609/4188/108 2436/3978/108 2433/3975/108
f 2609/4188/108 2433/3975/108 2606/4185/108
f 2429/3971/108 2430/3972/108 2/2/108
f 2/2/108 2430/3972/108 2431/3973/108
f 2/2/108 2431/3973/108 3/3/108
f 3/3/108 2431/3973/108 2415/3954/108
f 3/3/108 2415/3954/108 2416/3955/108
f 2452/3995/108 2481/4024/108 2451/3994/108
f 2451/3994/3733 2481/4024/3733 2588/4158/3733
f 2451/3994/108 2588/4158/108 2450/3993/108
f 2450/3993/108 2588/4158/108 2592/4162/108
f 2450/3993/108 2592/4162/108 2402/3938/108
f 2402/3938/108 2592/4162/108 2590/4160/108
f 2402/3938/108 2590/4160/108 2403/3939/108
f 2403/3939/108 2590/4160/108 2593/4163/108
f 2403/3939/108 2593/4163/108 2406/3942/108
f 2406/3942/108 2593/4163/108 2582/4146/108
f 2406/3942/108 2582/4146/108 2562/4126/108
f 2513/4061/108 2509/4057/108 2441/3984/108
f 2441/3984/3734 2509/4057/3734 2496/4042/3734
f 2441/3984/3735 2496/4042/3735 2444/3987/3735
f 2444/3987/3736 2496/4042/3736 2461/4004/3736
f 2444/3987/108 2461/4004/108 2443/3986/108
f 2606/4185/3737 2433/3975/3737 2/2/3737
f 2/2/108 2433/3975/108 2432/3974/108
f 2/2/108 2432/3974/108 2429/3971/108
f 2476/4019/108 2486/4029/108 2448/3991/108
f 2448/3991/108 2486/4029/108 2485/4028/108
f 2448/3991/108 2485/4028/108 2447/3990/108
f 2447/3990/108 2485/4028/108 2483/4026/108
f 2447/3990/108 2483/4026/108 2452/3995/108
f 2452/3995/108 2483/4026/108 2482/4025/108
f 2452/3995/3738 2482/4025/3738 2481/4024/3738
f 2466/4009/108 2469/4012/108 2445/3988/108
f 2445/3988/108 2469/4012/108 2468/4011/108
f 2445/3988/108 2468/4011/108 2446/3989/108
f 2446/3989/108 2468/4011/108 2471/4014/108
f 2446/3989/108 2471/4014/108 2473/4016/108
f 2461/4004/108 2460/4003/108 2443/3986/108
f 2443/3986/108 2460/4003/108 2462/4005/108
f 2443/3986/108 2462/4005/108 2442/3985/108
f 2442/3985/108 2462/4005/108 2464/4007/108
f 2442/3985/108 2464/4007/108 2466/4009/108
f 2624/4203/108 2622/4201/108 2435/3977/108
f 2435/3977/108 2622/4201/108 2620/4199/108
f 2435/3977/108 2620/4199/108 2434/3976/108
f 2434/3976/108 2620/4199/108 2618/4197/108
f 2434/3976/108 2618/4197/108 2437/3979/108
f 2437/3979/108 2618/4197/108 2616/4195/108
f 2437/3979/108 2616/4195/108 2438/3980/108
f 2438/3980/108 2616/4195/108 2614/4193/108
f 2438/3980/3735 2614/4193/3735 2439/3981/3735
f 2439/3981/3735 2614/4193/3735 2612/4191/3735
f 2439/3981/1674 2612/4191/1674 2508/4056/1674
f 2910/4955/3739 2911/4956/3739 2912/4957/3739
f 2913/4958/3740 2661/4353/3740 2660/4352/3740
f 2600/4216/3741 2607/4186/3741 2914/4959/3741
f 2605/4184/3742 2/2/3742 1/1/3742
f 2915/4960/3743 2603/4182/3743 2601/4181/3743
f 2663/4355/3744 1918/3243/3744 2603/4182/3744
f 2916/4961/3745 2917/4962/3745 2918/4963/3745
f 2603/4182/3746 2915/4960/3746 2663/4355/3746
f 2663/4356/3747 2915/4964/3747 2916/4961/3747
f 2663/4356/3748 2916/4961/3748 2660/4352/3748
f 2660/4352/3749 2916/4961/3749 2918/4963/3749
f 2660/4352/3750 2918/4963/3750 2913/4958/3750
f 2919/4965/3751 2920/4966/3751 2910/4955/3751
f 2921/4967/3752 8/10/3752 2922/4968/3752
f 2922/4968/3753 8/10/3753 10/12/3753
f 2921/4967/3754 2923/4969/3754 8/10/3754
f 8/10/3755 2923/4969/3755 2924/4970/3755
f 8/10/3756 2924/4970/3756 2919/4965/3756
f 2919/4965/3757 2924/4970/3757 2925/4971/3757
f 2919/4965/3758 2925/4971/3758 2920/4966/3758
f 2600/4216/3759 2914/4959/3759 2926/4972/3759
f 2926/4972/3760 2914/4959/3760 2927/4973/3760
f 2926/4972/3761 2927/4973/3761 2928/4974/3761
f 2911/4956/3762 2917/4962/3762 2912/4957/3762
f 2912/4957/3763 2917/4962/3763 2916/4961/3763
f 2912/4957/3764 2916/4961/3764 2928/4975/3764
f 2928/4975/3765 2916/4961/3765 2915/4964/3765
f 2928/4974/3766 2915/4960/3766 2926/4972/3766
f 2926/4972/3767 2915/4960/3767 2601/4181/3767
f 2926/4972/3768 2601/4181/3768 2600/4216/3768
f 2910/4955/3769 2912/4957/3769 2919/4965/3769
f 2919/4965/3770 2912/4957/3770 2928/4975/3770
f 2919/4965/3771 2928/4975/3771 8/10/3771
f 8/10/3772 2928/4975/3772 2927/4976/3772
f 8/10/3773 2927/4976/3773 6/7/3773
f 6/6/3774 2927/4973/3774 2914/4959/3774
f 6/6/3775 2914/4959/3775 1/1/3775
f 1/1/3776 2914/4959/3776 2607/4186/3776
f 1/1/3777 2607/4186/3777 2605/4184/3777
f 98/4977/82 100/4978/82 102/4979/82
f 10/12/82 9/11/82 40/47/82
f 40/47/82 9/11/82 23/25/82
f 70/4980/82 2799/4981/82 102/4979/82
f 2921/4967/82 2922/4968/82 84/4982/82
f 84/4982/82 2922/4968/82 10/12/82
f 2731/4983/82 2727/4483/82 2644/4984/82
f 2768/4587/82 2767/4586/82 2762/4581/82
f 23/25/82 22/24/82 40/47/82
f 40/47/82 22/24/82 18/20/82
f 40/47/82 18/20/82 41/48/82
f 2768/4587/82 2762/4581/82 2769/4588/82
f 95/4985/82 98/4986/82 2779/4608/82
f 2779/4608/82 98/4986/82 102/4987/82
f 2779/4608/82 102/4987/82 2781/4611/82
f 2781/4611/82 102/4987/82 2799/4632/82
f 2661/4353/82 2913/4958/82 84/4982/82
f 2653/4988/82 2669/4418/82 2672/4989/82
f 2669/4418/82 2653/4988/82 2675/4415/82
f 80/4990/82 2662/4354/82 2661/4353/82
f 2925/4971/82 2924/4970/82 84/4982/82
f 84/4982/82 2924/4970/82 2923/4969/82
f 84/4982/82 2923/4969/82 2921/4967/82
f 2652/4991/82 2676/4416/82 2655/4992/82
f 2655/4992/82 2676/4416/82 2675/4415/82
f 2655/4992/82 2675/4415/82 2654/4993/82
f 2654/4993/82 2675/4415/82 2653/4988/82
f 73/4994/82 2649/4995/82 2650/4996/82
f 2650/4996/82 2649/4995/82 2648/4997/82
f 10/12/82 40/47/82 84/4982/82
f 84/4982/82 40/47/82 55/4998/82
f 84/4982/82 55/4998/82 2868/4999/82
f 95/5000/82 2736/5001/82 94/5002/82
f 94/5002/82 2736/5001/82 2733/5003/82
f 94/5002/82 2733/5003/82 93/5004/82
f 2743/4593/82 2741/4548/82 2765/4584/82
f 2765/4584/82 2741/4548/82 2762/4581/82
f 2765/4584/82 2762/4581/82 2766/4585/82
f 2766/4585/82 2762/4581/82 2767/4586/82
f 19/21/82 26/28/82 18/20/82
f 18/20/82 26/28/82 25/27/82
f 18/20/82 25/27/82 41/48/82
f 2719/4470/82 2703/4452/82 2649/4995/82
f 2649/4995/82 2703/4452/82 2691/4438/82
f 2667/5005/82 2649/4995/82 2668/5006/82
f 2668/5006/82 2649/4995/82 73/4994/82
f 2668/5006/82 73/4994/82 2671/5007/82
f 2671/5007/82 73/4994/82 74/5008/82
f 2671/5007/82 74/5008/82 2672/4989/82
f 2672/4989/82 74/5008/82 2646/5009/82
f 2672/4989/82 2646/5009/82 2653/4988/82
f 2843/5010/3778 2844/4786/3778 2839/5011/3778
f 2644/4984/82 2727/4483/82 2645/5012/82
f 2645/5012/82 2727/4483/82 2728/4484/82
f 2645/5012/82 2728/4484/82 2641/5013/82
f 2641/5013/82 2728/4484/82 2717/4468/82
f 2641/5013/82 2717/4468/82 2716/4467/82
f 78/5014/82 102/4979/82 93/5004/82
f 2735/4550/82 2736/5015/82 2742/4549/82
f 2742/4549/82 2736/5015/82 95/4985/82
f 2742/4549/82 95/4985/82 2741/4548/82
f 2741/4548/82 95/4985/82 2779/4608/82
f 2741/4548/82 2779/4608/82 2762/4581/82
f 84/4982/82 88/5016/82 2661/4353/82
f 2661/4353/82 88/5016/82 90/5017/82
f 2661/4353/82 90/5017/82 80/4990/82
f 2816/4684/3779 2815/4685/3779 2838/5018/3779
f 2838/5018/82 2815/4685/82 2814/5019/82
f 2844/4786/3779 2842/4782/3779 2839/5011/3779
f 2839/5011/82 2842/4782/82 2881/4916/82
f 2839/5011/82 2881/4916/82 2841/4915/82
f 19/21/82 21/23/82 26/28/82
f 26/28/82 21/23/82 35/37/82
f 26/28/82 35/37/82 33/35/82
f 33/35/82 35/37/82 34/36/82
f 2716/4467/82 2715/4465/82 2641/5013/82
f 2641/5013/82 2715/4465/82 2714/4463/82
f 2641/5013/82 2714/4463/82 2712/4461/82
f 2799/4632/82 2788/4618/82 2781/4611/82
f 2781/4611/82 2788/4618/82 2787/4617/82
f 2781/4611/82 2787/4617/82 2795/4625/82
f 2795/4625/82 2787/4617/82 2785/4615/82
f 2795/4625/82 2785/4615/82 2794/4624/82
f 2794/4624/82 2785/4615/82 2784/4614/82
f 2794/4624/82 2784/4614/82 2789/4619/82
f 2789/4619/82 2784/4614/82 2783/4613/82
f 2789/4619/117 2783/4613/117 2790/4620/117
f 2790/4620/82 2783/4613/82 2793/4623/82
f 2790/4620/82 2793/4623/82 2792/4622/82
f 2913/4958/82 2918/4963/82 84/4982/82
f 84/4982/82 2918/4963/82 2917/4962/82
f 84/4982/82 2917/4962/82 2911/4956/82
f 2817/4686/82 2836/4757/82 2838/5018/82
f 2838/5018/82 2836/4757/82 2837/4758/82
f 2838/5018/3780 2837/4758/3780 2816/4684/3780
f 2712/4461/82 2711/4460/82 2641/5013/82
f 2641/5013/82 2711/4460/82 2709/4458/82
f 2641/5013/82 2709/4458/82 2642/5020/82
f 2642/5020/82 2709/4458/82 2708/4457/82
f 2642/5020/82 2708/4457/82 2649/4995/82
f 2649/4995/82 2708/4457/82 2718/4469/82
f 2649/4995/82 2718/4469/82 2719/4470/82
f 2733/5003/82 2732/5021/82 93/5004/82
f 93/5004/82 2732/5021/82 2729/5022/82
f 93/5004/82 2729/5022/82 78/5014/82
f 78/5014/82 2729/5022/82 2730/5023/82
f 78/5014/82 2730/5023/82 77/5024/82
f 77/5024/82 2730/5023/82 2731/4983/82
f 77/5024/82 2731/4983/82 2643/5025/82
f 2643/5025/82 2731/4983/82 2644/4984/82
f 2911/4956/82 2910/4955/82 84/4982/82
f 84/4982/82 2910/4955/82 2920/4966/82
f 84/4982/82 2920/4966/82 2925/4971/82
f 47/5026/82 84/4982/82 56/5027/82
f 56/5027/82 84/4982/82 2868/4999/82
f 56/5027/82 2868/4999/82 2867/5028/82
f 2762/4581/82 2761/4580/82 2769/4588/82
f 2769/4588/117 2761/4580/117 2759/4578/117
f 2769/4588/82 2759/4578/82 2770/4589/82
f 2770/4589/3781 2759/4578/3781 2758/4577/3781
f 2770/4589/82 2758/4577/82 2763/4582/82
f 2763/4582/82 2758/4577/82 2750/4567/82
f 2763/4582/82 2750/4567/82 2764/4583/82
f 2764/4583/82 2750/4567/82 2749/4566/82
f 2691/4438/82 2693/4440/82 2649/4995/82
f 2649/4995/82 2693/4440/82 2694/4441/82
f 2649/4995/82 2694/4441/82 2652/4991/82
f 2652/4991/82 2694/4441/82 2690/4437/82
f 2652/4991/82 2690/4437/82 2689/4436/82
f 2695/4442/82 2684/4429/82 2652/4991/82
f 2652/4991/82 2684/4429/82 2683/4428/82
f 2652/4991/82 2683/4428/82 2676/4416/82
f 84/4982/82 2813/5029/82 86/5030/82
f 86/5030/82 2813/5029/82 2812/5031/82
f 2664/4357/82 2662/4354/82 2666/5032/82
f 2666/5032/82 2662/4354/82 80/4990/82
f 2666/5032/82 80/4990/82 2665/5033/82
f 2665/5033/82 80/4990/82 79/5034/82
f 2665/5033/82 79/5034/82 2667/5005/82
f 2667/5005/82 79/5034/82 86/5030/82
f 2667/5005/82 86/5030/82 2649/4995/82
f 2649/4995/82 86/5030/82 2812/5031/82
f 2649/4995/82 2812/5031/82 2642/5020/82
f 2642/5020/82 2812/5031/82 2805/5035/82
f 2642/5020/82 2805/5035/82 2651/5036/82
f 2689/4436/82 2697/4444/82 2652/4991/82
f 2652/4991/82 2697/4444/82 2696/4443/82
f 2652/4991/82 2696/4443/82 2695/4442/82
f 47/5026/82 45/5037/82 84/4982/82
f 84/4982/82 45/5037/82 2853/5038/82
f 84/4982/82 2853/5038/82 2813/5029/82
f 2813/5029/82 2853/5038/82 2851/5039/82
f 2813/5029/82 2851/5039/82 2810/5040/82
f 2810/5040/82 2851/5039/82 2850/5041/82
f 2810/5040/82 2850/5041/82 2845/5042/82
f 2805/5035/82 62/5043/82 64/5044/82
f 68/5045/82 70/4980/82 66/5046/82
f 66/5046/82 70/4980/82 102/4979/82
f 66/5046/82 102/4979/82 64/5044/82
f 64/5044/82 102/4979/82 78/5014/82
f 64/5044/82 78/5014/82 2805/5035/82
f 2805/5035/82 78/5014/82 2647/5047/82
f 2805/5035/82 2647/5047/82 2651/5036/82
f 2839/5011/3782 2838/5018/3782 2843/5010/3782
f 2843/5010/3778 2838/5018/3778 2814/5019/3778
f 2843/5010/3783 2814/5019/3783 2363/5048/3783
f 2363/5048/3784 2814/5019/3784 2143/5049/3784
f 2363/5048/82 2143/5049/82 2845/5042/82
f 2845/5042/82 2143/5049/82 2811/5050/82
f 2845/5042/82 2811/5050/82 2810/5040/82
f 2929/5051/3785 2930/5052/3785 2931/5053/3785
f 2931/5054/3786 2930/5055/3786 2932/5056/3786
f 2933/5057/3787 2934/5058/3787 2935/5059/3787
f 2935/5060/3788 2934/5061/3788 2936/5062/3788
f 2935/5060/3789 2936/5062/3789 2937/5063/3789
f 2937/5063/3790 2936/5062/3790 2938/5064/3790
f 2937/5063/3791 2938/5064/3791 2939/5065/3791
f 2939/5065/3792 2938/5064/3792 2940/5066/3792
f 2939/5065/3793 2940/5066/3793 2941/5067/3793
f 2942/5068/3794 2943/5069/3794 2944/5070/3794
f 2944/5070/3795 2943/5069/3795 2945/5071/3795
f 2944/5070/3796 2945/5071/3796 2933/5057/3796
f 2933/5057/3797 2945/5071/3797 2946/5072/3797
f 2933/5057/3798 2946/5072/3798 2934/5058/3798
f 2947/5073/3799 2948/5074/3799 2949/5075/3799
f 2949/5075/3800 2948/5074/3800 2950/5076/3800
f 2949/5075/3801 2950/5076/3801 2951/5077/3801
f 2950/5076/3802 2952/5078/3802 2951/5077/3802
f 2951/5077/3803 2952/5078/3803 2953/5079/3803
f 2951/5077/3804 2953/5079/3804 2954/5080/3804
f 2954/5081/3805 2953/5082/3805 2955/5083/3805
f 2954/5081/3806 2955/5083/3806 2956/5084/3806
f 2956/5084/3807 2955/5083/3807 2957/5085/3807
f 2956/5084/3808 2957/5085/3808 2958/5086/3808
f 2958/5086/3809 2957/5085/3809 2959/5087/3809
f 2958/5086/3810 2959/5087/3810 2960/5088/3810
f 2930/5089/80 2961/5090/80 2932/5091/80
f 2932/5091/80 2961/5090/80 2962/5092/80
f 2932/5091/80 2962/5092/80 2963/5093/80
f 2964/5094/80 2965/5095/80 2966/5096/80
f 2967/5097/80 2961/5090/80 2968/5098/80
f 2968/5098/80 2961/5090/80 2930/5089/80
f 2968/5098/80 2930/5089/80 2969/5099/80
f 2969/5099/80 2930/5089/80 2964/5094/80
f 2969/5099/3811 2964/5094/3811 2970/5100/3811
f 2970/5100/3812 2964/5094/3812 2966/5096/3812
f 2971/5101/80 2972/5102/80 2973/5103/80
f 2973/5103/80 2972/5102/80 2974/5104/80
f 2973/5103/80 2974/5104/80 2975/5105/80
f 2976/5106/80 2977/5107/80 2978/5108/80
f 2979/5109/80 2975/5105/80 2980/5110/80
f 2980/5110/80 2975/5105/80 2974/5104/80
f 2980/5110/527 2974/5104/527 2981/5111/527
f 2981/5111/80 2974/5104/80 2976/5106/80
f 2981/5111/527 2976/5106/527 2982/5112/527
f 2982/5112/80 2976/5106/80 2978/5108/80
f 2983/5113/3813 2963/5114/3813 2962/5115/3813
f 2984/5116/3814 2983/5113/3814 2985/5117/3814
f 2985/5118/3815 2983/5119/3815 2962/5120/3815
f 2985/5121/3816 2962/5122/3816 2986/5123/3816
f 2986/5124/3817 2962/5092/3817 2961/5090/3817
f 2986/5125/1921 2961/5126/1921 2941/5127/1921
f 2987/5128/3818 2988/5129/3818 2989/5130/3818
f 2989/5130/3818 2988/5129/3818 2990/5131/3818
f 2991/5132/108 2992/5133/108 2993/5134/108
f 2993/5134/108 2992/5133/108 2941/5135/108
f 2993/5134/108 2941/5135/108 2940/5136/108
f 2994/5137/3819 2995/5138/3819 2993/5134/3819
f 2993/5134/3819 2995/5138/3819 2991/5132/3819
f 2996/5139/83 2989/5130/83 2947/5140/83
f 2947/5140/83 2989/5130/83 2990/5131/83
f 2947/5140/83 2990/5131/83 2948/5141/83
f 2997/5142/3820 2998/5143/3820 2999/5144/3820
f 2999/5144/3821 2998/5143/3821 3000/5145/3821
f 2999/5144/3822 3000/5145/3822 2971/5146/3822
f 2971/5101/3823 3000/5147/3823 2972/5102/3823
f 2972/5148/3824 3000/5149/3824 2947/5073/3824
f 2972/5148/3824 2947/5073/3824 2974/5150/3824
f 2983/5113/2253 2984/5116/2253 3001/5151/2253
f 3002/5152/83 3003/5153/83 3004/5154/83
f 3004/5154/83 3005/5155/83 3006/5156/83
f 3002/5152/83 3004/5154/83 3007/5157/83
f 3007/5157/83 3004/5154/83 3006/5156/83
f 3007/5157/83 3006/5156/83 2929/5158/83
f 2929/5158/83 2931/5159/83 3007/5157/83
f 3007/5157/83 2931/5159/83 2932/5160/83
f 3007/5157/83 2932/5160/83 3001/5151/83
f 3001/5151/83 2932/5160/83 2963/5114/83
f 3001/5151/83 2963/5114/83 2983/5113/83
f 3008/5161/108 3009/5162/108 3010/5163/108
f 3010/5163/108 3009/5162/108 3011/5164/108
f 3012/5165/108 3010/5163/108 3013/5166/108
f 3013/5166/108 3010/5163/108 3011/5164/108
f 3013/5166/3735 3011/5164/3735 3014/5167/3735
f 3014/5167/108 3011/5164/108 3015/5168/108
f 2997/5169/108 2999/5170/108 3016/5171/108
f 3016/5171/108 2999/5170/108 2971/5172/108
f 3016/5171/108 2971/5172/108 3011/5164/108
f 3011/5164/108 2971/5172/108 2973/5173/108
f 3011/5164/108 2973/5173/108 3015/5168/108
f 3009/5174/3825 3017/5175/3825 3018/5176/3825
f 3019/5177/3826 3011/5178/3826 2987/5179/3826
f 3009/5174/3827 3018/5176/3827 3011/5178/3827
f 3011/5178/3828 3018/5176/3828 2988/5180/3828
f 3011/5178/3829 2988/5180/3829 2987/5179/3829
f 2987/5179/3830 3020/5181/3830 3019/5177/3830
f 3019/5182/3831 3020/5183/3831 3021/5184/3831
f 3019/5182/3831 3021/5184/3831 3022/5185/3831
f 3022/5185/3832 3021/5184/3832 3023/5186/3832
f 3022/5185/3832 3023/5186/3832 3024/5187/3832
f 3024/5187/3833 3023/5186/3833 3025/5188/3833
f 3024/5187/3833 3025/5188/3833 3026/5189/3833
f 3027/5190/3834 2995/5191/3834 3007/5192/3834
f 3028/5193/3835 3002/5194/3835 3029/5195/3835
f 3029/5195/3836 3002/5194/3836 3007/5192/3836
f 3029/5195/3837 3007/5192/3837 2994/5196/3837
f 2994/5196/3838 3007/5192/3838 2995/5191/3838
f 3007/5192/522 3030/5197/522 3027/5190/522
f 3027/5190/3839 3030/5197/3839 3031/5198/3839
f 3027/5190/3839 3031/5198/3839 3032/5199/3839
f 3032/5199/3840 3031/5198/3840 3033/5200/3840
f 3032/5199/3840 3033/5200/3840 3034/5201/3840
f 3034/5201/3841 3033/5200/3841 3026/5189/3841
f 3034/5201/3841 3026/5189/3841 3025/5188/3841
f 3035/5202/3842 3036/5203/3842 3037/5204/3842
f 3037/5204/3843 3036/5203/3843 3038/5205/3843
f 3001/5206/3844 3039/5207/3844 3038/5205/3844
f 3038/5205/3845 3039/5207/3845 3040/5208/3845
f 3038/5205/3846 3040/5208/3846 3037/5204/3846
f 2941/5135/3416 2992/5133/3416 2986/5209/3416
f 2986/5209/3416 2992/5133/3416 3041/5210/3416
f 2986/5209/3847 3041/5210/3847 2985/5211/3847
f 2985/5211/3848 3041/5210/3848 3042/5212/3848
f 2985/5211/3849 3042/5212/3849 2984/5213/3849
f 2984/5213/3850 3042/5212/3850 3043/5214/3850
f 2984/5215/3851 3043/5216/3851 3001/5206/3851
f 3001/5206/3852 3043/5216/3852 3044/5217/3852
f 3001/5206/3853 3044/5217/3853 3039/5207/3853
f 2987/5218/82 2989/5219/82 3020/5220/82
f 3020/5220/82 2989/5219/82 3021/5221/82
f 3032/5222/82 3035/5223/82 3027/5224/82
f 3027/5224/82 3035/5223/82 3037/5225/82
f 3041/5226/82 2992/5227/82 3027/5224/82
f 3027/5224/82 2992/5227/82 2991/5228/82
f 3027/5224/82 2991/5228/82 2995/5229/82
f 3032/5222/82 3034/5230/82 3035/5223/82
f 3035/5223/82 3034/5230/82 3025/5231/82
f 3035/5223/82 3025/5231/82 3045/5232/82
f 3037/5225/82 3040/5233/82 3027/5224/82
f 3027/5224/82 3040/5233/82 3039/5234/82
f 3027/5224/82 3039/5234/82 3044/5235/82
f 2989/5219/82 2996/5236/82 3021/5221/82
f 3021/5221/82 2996/5236/82 3046/5237/82
f 3021/5221/82 3046/5237/82 3047/5238/82
f 3025/5231/82 3023/5239/82 3045/5232/82
f 3045/5232/82 3023/5239/82 3021/5221/82
f 3045/5232/82 3021/5221/82 3048/5240/82
f 3048/5240/82 3021/5221/82 3047/5238/82
f 3044/5235/82 3043/5241/82 3027/5224/82
f 3027/5224/82 3043/5241/82 3042/5242/82
f 3027/5224/82 3042/5242/82 3041/5226/82
f 3046/5243/3854 2996/5139/3854 2947/5140/3854
f 2998/5244/3855 2997/5245/3855 3016/5246/3855
f 2947/5140/3856 3000/5247/3856 3046/5243/3856
f 3046/5243/3857 3000/5247/3857 2998/5244/3857
f 3046/5243/3858 2998/5244/3858 3047/5248/3858
f 3047/5248/3859 2998/5244/3859 3016/5246/3859
f 3047/5249/3860 3016/5250/3860 3048/5251/3860
f 3048/5251/3861 3016/5250/3861 3049/5252/3861
f 3048/5251/3862 3049/5252/3862 3045/5253/3862
f 3045/5253/3862 3049/5252/3862 3050/5254/3862
f 3016/5255/80 3011/5256/80 3019/5257/80
f 3022/5258/80 3050/5259/80 3019/5257/80
f 3019/5257/80 3050/5259/80 3049/5260/80
f 3019/5257/80 3049/5260/80 3016/5255/80
f 3036/5261/80 3031/5262/80 3038/5263/80
f 3038/5263/80 3031/5262/80 3030/5264/80
f 3038/5263/80 3030/5264/80 3001/5265/80
f 3001/5265/80 3030/5264/80 3007/5266/80
f 3022/5258/80 3024/5267/80 3050/5259/80
f 3050/5259/80 3024/5267/80 3026/5268/80
f 3050/5259/80 3026/5268/80 3036/5261/80
f 3036/5261/80 3026/5268/80 3033/5269/80
f 3036/5261/80 3033/5269/80 3031/5262/80
f 3035/5202/53 3045/5253/53 3036/5203/53
f 3036/5203/53 3045/5253/53 3050/5254/53
f 2993/5270/80 2940/5271/80 2938/5272/80
f 2938/5272/3863 2936/5273/3863 2993/5270/3863
f 2993/5270/80 2936/5273/80 2934/5274/80
f 2993/5270/80 2934/5274/80 2994/5275/80
f 2994/5275/80 2934/5274/80 2946/5276/80
f 2946/5276/80 2945/5277/80 2994/5275/80
f 2994/5275/80 2945/5277/80 2943/5278/80
f 2994/5275/80 2943/5278/80 3029/5279/80
f 3029/5279/80 2943/5278/80 3051/5280/80
f 3029/5279/80 3051/5280/80 3004/5281/80
f 3004/5281/80 3051/5280/80 3052/5282/80
f 3004/5281/80 3052/5282/80 3005/5283/80
f 3028/5284/3864 3029/5285/3864 3003/5286/3864
f 3003/5286/3864 3029/5285/3864 3004/5287/3864
f 3002/5288/80 3028/5289/80 3003/4555/80
f 3010/5290/80 3012/5291/80 3053/5292/80
f 3010/5290/80 3053/5292/80 3018/5293/80
f 2948/5294/80 2990/5295/80 2950/5296/80
f 2950/5296/3865 2990/5295/3865 2952/5297/3865
f 3053/5292/80 3054/5298/80 3018/5293/80
f 3018/5293/80 3054/5298/80 3055/5299/80
f 3018/5293/80 3055/5299/80 2988/5300/80
f 2988/5300/80 3055/5299/80 2959/5301/80
f 2959/5301/80 2957/5302/80 2988/5300/80
f 2988/5300/80 2957/5302/80 2955/5303/80
f 2988/5300/80 2955/5303/80 2990/5295/80
f 2990/5295/80 2955/5303/80 2953/5304/80
f 2990/5295/80 2953/5304/80 2952/5297/80
f 3008/5305/80 3017/5306/80 3009/5307/80
f 3018/5308/3866 3017/5309/3866 3010/5310/3866
f 3010/5310/3866 3017/5309/3866 3008/5311/3866
f 2973/5312/3867 2975/5313/3867 3015/5314/3867
f 3015/5314/3868 2975/5313/3868 3014/5315/3868
f 2976/5316/3869 2974/5150/3869 2947/5073/3869
f 2947/5073/3870 2949/5075/3870 2976/5316/3870
f 2976/5106/3871 2949/5317/3871 2951/5318/3871
f 2976/5106/3872 2951/5318/3872 2977/5107/3872
f 2951/5318/3873 2954/5319/3873 2977/5107/3873
f 2977/5107/3874 2954/5319/3874 2956/5320/3874
f 2977/5107/3875 2956/5320/3875 2978/5108/3875
f 2978/5108/3876 2956/5320/3876 2958/5321/3876
f 2978/5108/3877 2958/5321/3877 2982/5112/3877
f 2982/5112/3878 2958/5321/3878 2960/5322/3878
f 2982/5112/3879 2960/5322/3879 2981/5111/3879
f 3014/5315/3880 2975/5313/3880 3013/5125/3880
f 3013/5323/3881 2975/5105/3881 2979/5109/3881
f 3013/5323/3882 2979/5109/3882 3056/5324/3882
f 3056/5324/3883 2979/5109/3883 2980/5110/3883
f 3056/5324/3884 2980/5110/3884 3057/5325/3884
f 3057/5325/3885 2980/5110/3885 2981/5111/3885
f 3057/5325/3886 2981/5111/3886 3058/5326/3886
f 3058/5326/3887 2981/5111/3887 2960/5322/3887
f 3058/5327/3794 2960/5088/3794 2959/5087/3794
f 2959/5087/3888 3055/5328/3888 3058/5327/3888
f 3058/5327/3889 3055/5328/3889 3054/5329/3889
f 3058/5327/3890 3054/5329/3890 3057/5330/3890
f 3057/5331/3891 3054/5332/3891 3053/5333/3891
f 3057/5331/3892 3053/5333/3892 3056/5334/3892
f 3056/5334/3893 3053/5333/3893 3012/5335/3893
f 3056/5334/3894 3012/5335/3894 3013/5336/3894
f 3006/5337/3895 3005/5338/3895 3059/5339/3895
f 3059/5339/3896 3005/5338/3896 3052/5340/3896
f 3059/5339/3897 3052/5340/3897 3060/5341/3897
f 2943/5069/3810 2942/5068/3810 3061/5342/3810
f 2943/5069/3898 3061/5342/3898 3051/5343/3898
f 3051/5343/3899 3061/5342/3899 3062/5344/3899
f 3051/5343/3900 3062/5344/3900 3052/5345/3900
f 3052/5345/3901 3062/5344/3901 3063/5346/3901
f 3052/5340/3902 3063/5347/3902 3060/5341/3902
f 2930/5348/3903 2929/5349/3903 2964/5350/3903
f 2964/5350/3904 2929/5349/3904 3006/5351/3904
f 2964/5094/3905 3006/5352/3905 2965/5095/3905
f 2965/5095/3906 3006/5352/3906 3059/5353/3906
f 2965/5095/3907 3059/5353/3907 3060/5354/3907
f 3060/5354/3908 3063/5355/3908 2965/5095/3908
f 2965/5095/3909 3063/5355/3909 3062/5356/3909
f 2965/5095/3910 3062/5356/3910 2966/5096/3910
f 2966/5096/3911 3062/5356/3911 3061/5357/3911
f 2966/5096/3912 3061/5357/3912 2970/5100/3912
f 2970/5100/3878 3061/5357/3878 2942/5358/3878
f 2970/5100/3913 2942/5358/3913 2969/5099/3913
f 2942/5358/3914 2944/5359/3914 2969/5099/3914
f 2969/5099/3915 2944/5359/3915 2933/5360/3915
f 2969/5099/3916 2933/5360/3916 2968/5098/3916
f 2941/5361/3917 2961/5090/3917 2939/5362/3917
f 2939/5362/3918 2961/5090/3918 2967/5097/3918
f 2939/5362/3919 2967/5097/3919 2937/5363/3919
f 2937/5363/3920 2967/5097/3920 2968/5098/3920
f 2937/5363/3921 2968/5098/3921 2935/5364/3921
f 2935/5364/3922 2968/5098/3922 2933/5360/3922
