# Blender 4.4.3
# www.blender.org
mtllib right_arm_link2.mtl
o right_arm_link2
v 0.002012 -0.001759 0.037459
v 0.002012 -0.001759 0.046832
v 0.002012 -0.001428 0.037473
v 0.002012 -0.001428 0.046832
v 0.001964 -0.001488 0.047139
v 0.001990 -0.001759 0.047040
v 0.001938 -0.001759 0.047209
v 0.001785 -0.001700 0.047467
v 0.001731 -0.001759 0.047527
v -0.022345 -0.017543 0.054600
v -0.020325 -0.026123 0.055779
v -0.023988 -0.026133 0.055804
v -0.020457 -0.017248 0.054325
v -0.017466 -0.026052 0.055727
v -0.023988 -0.007597 0.052467
v -0.023988 -0.006935 0.051896
v -0.023301 -0.008768 0.052669
v -0.022146 -0.009250 0.052320
v -0.023988 -0.008919 0.053608
v -0.023912 -0.010301 0.053993
v -0.023988 -0.009250 0.053893
v -0.023988 -0.010626 0.054281
v -0.023988 -0.009581 0.054178
v -0.022313 -0.012774 0.053655
v -0.023435 -0.010795 0.053574
v -0.023180 -0.010523 0.053338
v -0.023721 -0.009693 0.053445
v -0.023592 -0.009392 0.053186
v -0.023988 -0.008258 0.053037
v -0.023988 -0.011670 0.054384
v -0.023650 -0.011068 0.053825
v -0.023827 -0.009993 0.053713
v -0.023988 -0.008589 0.053322
v -0.023257 -0.013221 0.054065
v -0.023988 -0.012715 0.054486
v -0.023460 -0.012144 0.053942
v -0.023988 -0.013760 0.054589
v -0.009336 -0.025346 0.055271
v -0.012864 -0.025776 0.055546
v -0.016618 -0.016196 0.053594
v -0.018418 -0.016844 0.054059
v -0.020303 -0.011566 0.052745
v -0.021218 -0.012253 0.053270
v -0.022610 -0.009934 0.052870
v -0.023988 -0.017939 0.054999
v -0.023988 -0.025895 0.055864
v -0.023988 -0.025969 0.055846
v -0.023988 -0.026051 0.055825
v -0.023988 -0.025821 0.055883
v -0.016881 -0.025707 0.055788
v -0.013510 -0.025519 0.055651
v -0.010273 -0.025189 0.055421
v -0.004461 -0.024096 0.054547
v -0.004442 -0.023887 0.054574
v -0.006647 -0.024780 0.054943
v -0.007227 -0.024667 0.055073
v -0.009265 -0.025323 0.055267
v -0.009300 -0.025335 0.055269
v -0.003849 -0.023850 0.054408
v -0.002582 -0.023237 0.054071
v -0.002053 -0.022830 0.053917
v -0.000850 -0.022087 0.053464
v 0.006239 0.046585 0.013172
v 0.004692 0.048740 0.011531
v 0.004161 0.047811 0.011319
v 0.007237 0.032602 0.022353
v 0.009237 0.031751 0.024468
v 0.007175 0.035597 0.020003
v 0.009170 0.035672 0.021482
v 0.007120 0.036427 0.019350
v 0.009141 0.036143 0.021123
v 0.006722 0.039494 0.016934
v 0.008673 0.039930 0.018240
v 0.006457 0.040733 0.015960
v 0.008149 0.042141 0.016556
v 0.006087 0.042063 0.014915
v 0.007362 0.044371 0.014858
v 0.005240 0.044226 0.013215
v 0.004172 0.046113 0.011726
v 0.003623 0.046883 0.011119
v 0.007219 0.031507 0.023215
v 0.007159 0.029818 0.024546
v 0.009103 0.028530 0.026920
v 0.007098 0.028670 0.025451
v 0.008865 0.025095 0.029536
v 0.006713 0.023579 0.029458
v 0.006028 0.016794 0.034795
v 0.008396 0.019908 0.033486
v 0.005979 0.016363 0.035134
v 0.007525 0.012368 0.039228
v 0.007110 0.009377 0.041505
v 0.005009 0.008873 0.041029
v 0.006662 0.006621 0.043604
v 0.004794 0.007562 0.042062
v 0.006116 0.003880 0.045691
v 0.004219 0.004547 0.044436
v 0.005432 0.001257 0.047688
v 0.004086 0.003939 0.044914
v 0.003335 0.001161 0.047098
v 0.004941 -0.000193 0.048792
v 0.003251 0.000921 0.047287
v 0.004423 -0.001436 0.049738
v 0.003650 -0.002894 0.050849
v 0.002692 -0.000368 0.048301
v 0.002845 -0.004064 0.051740
v 0.002239 -0.001119 0.048893
v 0.002737 -0.004201 0.051844
v 0.001860 -0.001613 0.049282
v 0.001720 -0.005304 0.052684
v 0.000953 -0.002468 0.049955
v 0.000273 -0.006455 0.053561
v -0.000671 -0.003365 0.050660
v -0.001591 -0.007486 0.054345
v -0.000185 -0.003152 0.050493
v 0.000768 -0.002603 0.050061
v -0.001692 -0.003712 0.050933
v -0.001841 -0.003754 0.050967
v -0.004015 -0.008363 0.055013
v -0.002575 -0.003936 0.051110
v -0.004346 -0.004253 0.051359
v -0.007184 -0.009059 0.055543
v -0.005357 -0.004382 0.051460
v -0.006952 -0.004535 0.051581
v -0.011345 -0.009557 0.055922
v -0.007833 -0.004601 0.051633
v -0.013461 -0.004839 0.051820
v -0.016814 -0.009848 0.056143
v -0.023988 -0.004935 0.051896
v -0.023988 -0.009941 0.056214
v -0.023988 -0.040000 -0.055018
v -0.001975 -0.040000 -0.055018
v -0.023988 -0.040000 -0.057018
v -0.001975 -0.040000 -0.057018
v -0.023988 -0.056679 -0.057018
v -0.023988 -0.055137 -0.055018
v -0.018409 -0.056467 -0.057018
v -0.018638 -0.054935 -0.055018
v -0.012857 -0.055814 -0.057018
v -0.013314 -0.054312 -0.055018
v -0.007395 -0.054688 -0.057018
v -0.008077 -0.053228 -0.055018
v -0.002049 -0.053054 -0.057018
v -0.002954 -0.051649 -0.055018
v 0.003118 -0.050890 -0.057018
v 0.001994 -0.049560 -0.055018
v 0.008004 -0.048190 -0.057018
v 0.006676 -0.046962 -0.055018
v 0.012537 -0.044959 -0.057018
v 0.011022 -0.043862 -0.055018
v 0.016649 -0.041204 -0.057018
v 0.014969 -0.040266 -0.055018
v 0.020254 -0.036979 -0.057018
v 0.018438 -0.036225 -0.055018
v 0.023312 -0.032328 -0.057018
v 0.021389 -0.031778 -0.055018
v 0.025785 -0.027312 -0.057018
v 0.023789 -0.026980 -0.055018
v 0.027630 -0.022026 -0.057018
v 0.025596 -0.021925 -0.055018
v 0.028847 -0.016589 -0.057018
v 0.026803 -0.016720 -0.055018
v 0.029510 -0.011087 -0.057018
v 0.027479 -0.011449 -0.055018
v 0.029707 -0.005559 -0.057018
v 0.027709 -0.006150 -0.055018
v 0.029533 0.000000 -0.057018
v 0.027578 -0.000818 -0.055018
v 0.029488 0.000730 -0.057018
v 0.027538 -0.000117 -0.055018
v 0.027559 -0.000468 -0.055018
v 0.005176 0.044359 -0.053664
v 0.005255 0.044194 -0.053740
v 0.007142 0.029466 -0.039199
v 0.007167 0.029998 -0.038084
v 0.007175 0.035591 -0.055867
v 0.007190 0.030557 -0.036674
v 0.007214 0.031289 -0.034040
v 0.007223 0.031652 -0.031369
v 0.007224 0.031697 -0.030018
v 0.007175 0.035593 -0.011808
v 0.007225 0.034276 -0.015212
v 0.007239 0.033073 -0.018401
v 0.007239 0.032968 -0.021296
v 0.007227 0.031831 -0.024552
v 0.007234 0.032308 -0.021356
v 0.007234 0.032349 -0.021161
v 0.007224 0.031697 -0.027381
v 0.006749 0.023991 -0.045794
v 0.007096 0.028631 -0.056503
v 0.006582 0.022157 -0.047065
v 0.006764 0.024163 -0.056731
v 0.006341 0.019709 -0.048343
v 0.006673 0.023137 -0.056771
v 0.006062 0.017096 -0.049275
v 0.006781 0.024362 -0.045497
v 0.006942 0.026360 -0.043619
v 0.007022 0.027472 -0.042311
v 0.007221 0.034450 -0.056006
v 0.007187 0.030486 -0.056375
v 0.007098 0.028672 -0.040593
v 0.007062 0.028072 -0.041499
v 0.005977 0.016337 -0.049472
v 0.005976 0.016328 -0.056946
v 0.005753 0.014408 -0.049833
v 0.005833 0.015078 -0.056964
v 0.005414 0.011697 -0.050018
v 0.004903 0.008215 -0.057012
v 0.004217 0.004537 -0.050018
v 0.004217 0.004537 -0.057017
v 0.004009 0.003599 -0.057017
v 0.003359 0.001231 -0.050018
v 0.003237 0.000881 -0.057018
v 0.003024 0.000338 -0.057018
v 0.003024 0.000338 -0.050018
v 0.007173 0.035622 -0.011719
v 0.006457 0.040737 -0.054920
v 0.006581 0.040199 -0.055053
v 0.007016 0.037521 -0.055583
v 0.007146 0.036072 -0.055802
v 0.007105 0.036611 -0.008117
v 0.007046 0.037237 -0.004437
v 0.007018 0.037495 -0.000734
v 0.007031 0.037381 0.002985
v 0.007079 0.036902 0.006671
v 0.007147 0.036054 0.010315
v 0.007173 0.035633 0.011686
v 0.005544 0.043547 -0.054017
v 0.005965 0.042436 -0.054424
v 0.003623 0.046884 -0.052108
v 0.004323 0.045882 -0.052829
v 0.007209 0.034834 0.013889
v 0.007238 0.033270 0.017305
v 0.007218 0.031466 0.020399
v 0.007098 0.028670 0.024170
v 0.007140 0.029425 0.023245
v 0.006513 0.021436 0.030769
v 0.006991 0.027046 0.025974
v 0.006792 0.024492 0.028397
v 0.006753 0.024042 0.028779
v 0.006193 0.018305 0.032728
v 0.006148 0.017883 0.032961
v 0.005979 0.016361 0.033742
v 0.005830 0.015058 0.034343
v 0.005413 0.011692 0.035631
v 0.005323 0.011019 0.035845
v 0.004900 0.008188 0.036595
v 0.004274 0.004807 0.037192
v 0.002874 -0.000000 0.037500
v 0.003359 0.001231 0.037479
v 0.003612 0.002046 0.037443
v 0.002236 -0.001124 0.037483
v 0.001709 -0.001783 0.047549
v 0.001687 -0.001807 0.047570
v 0.000760 -0.002608 0.048417
v 0.000643 -0.002687 0.048524
v -0.000772 -0.003405 0.049818
v -0.001400 -0.003624 0.050392
v -0.006953 -0.004535 0.050653
v -0.002075 -0.003816 0.050653
v -0.001682 -0.003709 0.050572
v -0.001830 -0.003751 0.050623
v -0.023988 -0.004935 0.050653
v -0.021498 -0.004932 0.050653
v 0.003024 0.000140 -0.050018
v 0.003024 0.000140 -0.055018
v 0.003025 -0.035000 -0.055018
v 0.003025 -0.035000 -0.057018
v -0.000245 -0.039691 -0.057018
v -0.000245 -0.039691 -0.055018
v 0.001560 -0.038535 -0.057018
v 0.001560 -0.038535 -0.055018
v 0.002715 -0.036730 -0.057018
v 0.002715 -0.036730 -0.055018
v 0.028571 0.009952 -0.057018
v 0.026710 0.008731 -0.055018
v 0.027205 0.019092 -0.057018
v 0.025448 0.017502 -0.055018
v 0.026292 0.023620 -0.057018
v 0.024636 0.021857 -0.055018
v 0.025084 0.028081 -0.057018
v 0.023573 0.026159 -0.055018
v 0.023491 0.032418 -0.057018
v 0.022168 0.030362 -0.055018
v 0.021454 0.036562 -0.057018
v 0.020350 0.034400 -0.055018
v 0.009226 0.034276 -0.015211
v 0.009239 0.033140 -0.018189
v 0.009234 0.032333 -0.021238
v 0.009224 0.031697 -0.027381
v 0.009228 0.031854 -0.024319
v 0.009172 0.035696 -0.011493
v 0.009222 0.034455 -0.014801
v 0.009139 0.036235 -0.009658
v 0.009107 0.036670 -0.007849
v 0.009053 0.037272 -0.004127
v 0.009030 0.037498 -0.000429
v 0.009042 0.037382 0.002976
v 0.009044 0.037354 0.003307
v 0.009091 0.036857 0.006915
v 0.009135 0.029273 0.023438
v 0.009142 0.029420 0.023254
v 0.009140 0.036219 0.009719
v 0.009151 0.036058 0.010302
v 0.009154 0.036000 0.010502
v 0.009212 0.034786 0.014006
v 0.009238 0.033271 0.017299
v 0.009218 0.031451 0.020422
v 0.008774 0.024195 0.028650
v 0.008976 0.026765 0.026265
v 0.008521 0.021425 0.030777
v 0.008225 0.018496 0.032621
v 0.008159 0.017883 0.032961
v 0.007888 0.015443 0.034172
v 0.007501 0.012244 0.035445
v 0.007341 0.011019 0.035845
v 0.006653 0.006581 0.036918
v 0.007045 0.008951 0.036416
v 0.006444 0.005462 0.037100
v 0.006086 0.003717 0.037315
v 0.005721 0.002180 0.037437
v 0.005043 0.000000 0.037500
v 0.003743 -0.002442 0.037421
v 0.003602 -0.002567 0.037413
v 0.003334 -0.002706 0.037403
v 0.003176 -0.002746 0.037401
v 0.002848 -0.002746 0.037400
v 0.002117 -0.002205 0.037435
v 0.002318 -0.002479 0.037417
v 0.002364 -0.002237 0.037433
v 0.002430 -0.002572 0.037411
v 0.002716 -0.002714 0.037402
v 0.004936 -0.000272 0.037499
v 0.004696 -0.000826 0.037491
v 0.003828 -0.002337 0.037427
v 0.002720 -0.002716 0.045538
v 0.002093 -0.002153 0.046685
v 0.002041 -0.001999 0.046779
v 0.002564 -0.002653 0.045824
v 0.002286 -0.002447 0.046331
v 0.002155 -0.002275 0.046570
v 0.003828 -0.002337 0.043513
v 0.003600 -0.002568 0.043930
v 0.003477 -0.002644 0.044154
v 0.003341 -0.002703 0.044404
v 0.003171 -0.002746 0.044713
v 0.003069 -0.002757 0.044900
v 0.002796 -0.002736 0.045399
v 0.003098 -0.002947 0.045781
v 0.003170 -0.003070 0.045889
v 0.002759 -0.002976 0.046341
v 0.003525 -0.002738 0.044834
v 0.003503 -0.002765 0.044925
v 0.003339 -0.002823 0.045191
v 0.003173 -0.003147 0.045976
v 0.003029 -0.003298 0.046256
v 0.002329 -0.002932 0.046938
v 0.002274 -0.003175 0.047034
v 0.001828 -0.002497 0.047442
v 0.002780 -0.003542 0.046571
v 0.002371 -0.002738 0.046761
v 0.003190 -0.003127 0.045935
v 0.003261 -0.003049 0.045755
v 0.003393 -0.002898 0.045346
v 0.003565 -0.002688 0.044662
v 0.003206 -0.002770 0.045048
v 0.003487 -0.002679 0.044573
v 0.003658 -0.002568 0.044246
v 0.003594 -0.002651 0.044533
v 0.002099 -0.002233 0.046896
v 0.003010 -0.002848 0.045661
v 0.002908 -0.002777 0.045532
v 0.003694 -0.002520 0.044081
v 0.002357 -0.002573 0.046554
v 0.002058 -0.002329 0.047097
v 0.001972 -0.002437 0.047277
v 0.002675 -0.002770 0.046125
v 0.003406 -0.002883 0.045301
v -0.001212 -0.005655 0.050220
v -0.001400 -0.005707 0.050392
v 0.001691 -0.004392 0.047566
v 0.001488 -0.004519 0.047752
v -0.000061 -0.005274 0.049167
v -0.001602 -0.005760 0.050535
v -0.002075 -0.005874 0.050653
v -0.004200 -0.006252 0.050653
v -0.012151 -0.006804 0.050653
v -0.023988 -0.006935 0.050653
v -0.023988 -0.026307 0.057821
v -0.021260 -0.006931 0.051894
v -0.012524 -0.006815 0.051802
v -0.007755 -0.006600 0.051636
v -0.010012 -0.006725 0.051732
v -0.012151 -0.006804 0.051793
v -0.004047 -0.006231 0.051358
v -0.002476 -0.011017 0.051816
v -0.004200 -0.006252 0.051373
v -0.005791 -0.006439 0.051513
v 0.000743 -0.020827 0.052755
v -0.000012 -0.021470 0.053116
v -0.000843 -0.022082 0.053462
v 0.008571 -0.001168 0.042894
v 0.009547 -0.002077 0.041783
v 0.007676 -0.005860 0.045313
v 0.002501 -0.018959 0.051726
v 0.003405 -0.014012 0.050412
v 0.004058 -0.016782 0.050517
v 0.004798 -0.012114 0.049236
v 0.005620 -0.013971 0.048924
v 0.005942 -0.010099 0.047985
v 0.007013 -0.010748 0.047051
v 0.008197 -0.007263 0.044968
v 0.006887 -0.008004 0.046673
v 0.009449 -0.002506 0.042050
v 0.005757 -0.002489 0.047046
v 0.005059 -0.004035 0.048000
v 0.004000 -0.002085 0.048789
v -0.000469 -0.009083 0.051141
v -0.001201 -0.005652 0.050946
v 0.001443 -0.008069 0.050465
v 0.000113 -0.005206 0.050650
v 0.002941 -0.006881 0.049717
v 0.004235 -0.001706 0.048557
v 0.004941 -0.000260 0.047628
v 0.005463 0.001251 0.046578
v 0.005571 0.001625 0.046308
v 0.006071 0.001159 0.045739
v 0.006571 0.000694 0.045170
v 0.007571 -0.000237 0.044032
v 0.007810 -0.000460 0.043759
v 0.006719 -0.004174 0.046179
v 0.005977 -0.006020 0.047335
v 0.004132 -0.005522 0.048895
v 0.005041 -0.007813 0.048439
v 0.003874 -0.009502 0.049476
v 0.002427 -0.011045 0.050440
v 0.000609 -0.012419 0.051316
v 0.001705 -0.004383 0.050144
v 0.001871 -0.004272 0.050078
v 0.002497 -0.003794 0.049797
v 0.003602 -0.002640 0.049122
v 0.001824 -0.019745 0.052159
v 0.004757 -0.000541 -0.055018
v 0.004335 -0.000811 -0.055018
v 0.004953 -0.000232 -0.055018
v 0.003835 -0.000842 -0.055018
v 0.003383 -0.000627 -0.055018
v 0.003091 -0.000220 -0.055018
v 0.005897 0.002890 -0.055018
v 0.006652 0.006573 -0.055018
v 0.006907 0.008069 -0.055018
v 0.004952 -0.000232 -0.050018
v 0.003091 -0.000220 -0.050018
v 0.003383 -0.000627 -0.050018
v 0.003835 -0.000842 -0.050018
v 0.004335 -0.000811 -0.050018
v 0.004757 -0.000541 -0.050018
v 0.007431 0.011697 -0.050018
v 0.006652 0.006573 -0.050018
v 0.005897 0.002890 -0.050018
v 0.009019 0.027366 -0.042448
v 0.007779 0.014509 -0.049819
v 0.008890 0.025607 -0.044390
v 0.008722 0.023594 -0.046095
v 0.008514 0.021345 -0.047537
v 0.008291 0.019124 -0.048587
v 0.008285 0.019068 -0.048610
v 0.008037 0.016761 -0.049366
v 0.009112 0.028852 -0.040300
v 0.009144 0.029449 -0.039230
v 0.009171 0.030033 -0.038006
v 0.009205 0.030952 -0.035428
v 0.009220 0.031513 -0.032732
v 0.009224 0.031697 -0.030018
v 0.011940 0.040294 0.014753
v 0.011960 0.040248 0.014785
v 0.010229 0.040563 0.015484
v 0.009759 0.042171 0.013659
v 0.009140 0.043762 0.011856
v 0.010975 0.041991 0.013503
v 0.010312 0.043766 0.011904
v 0.009507 0.045239 0.010566
v 0.008373 0.045307 0.010070
v 0.009362 0.045465 0.010355
v 0.007945 0.047313 0.008517
v 0.007448 0.046789 0.008308
v 0.007787 0.047488 0.008328
v 0.008351 0.041403 0.015289
v 0.009555 0.040685 0.015756
v 0.008476 0.040881 0.016192
v 0.006832 0.045520 0.008273
v 0.007066 0.045043 0.009085
v 0.007373 0.044355 0.010253
v 0.007821 0.043189 0.012233
v 0.008185 0.042029 0.014213
v 0.008657 0.022872 0.029871
v 0.008921 0.026015 0.027422
v 0.009474 0.026032 0.026981
v 0.007975 0.007563 0.040274
v 0.009019 0.015502 0.034445
v 0.010245 0.016512 0.032429
v 0.011400 0.033609 0.020162
v 0.011205 0.027255 0.024733
v 0.010042 0.026288 0.026352
v 0.010156 0.036853 0.018508
v 0.009930 -0.000236 0.040620
v 0.010447 0.002454 0.038902
v 0.013307 0.031004 0.020554
v 0.013287 0.029070 0.021780
v 0.012378 0.028397 0.022980
v 0.013176 0.026470 0.023434
v 0.011490 0.017724 0.030249
v 0.012558 0.018240 0.028719
v 0.011581 0.009623 0.034288
v 0.012698 0.037477 0.016496
v 0.012250 0.037254 0.016933
v 0.012925 0.036198 0.017292
v 0.012478 0.034225 0.018991
v 0.013114 0.034721 0.018214
v 0.013303 0.031370 0.020323
v 0.009235 0.033726 0.021488
v 0.009141 0.036207 0.019630
v 0.009088 0.036893 0.019120
v 0.008814 0.039134 0.017467
v 0.011205 0.037026 0.017740
v 0.010321 0.033096 0.021257
v 0.009780 0.032976 0.021702
v 0.009143 0.029433 0.024771
v 0.009075 0.028232 0.025700
v 0.005901 0.002908 0.045361
v 0.006287 0.004668 0.044025
v 0.006812 0.004331 0.043442
v 0.007413 0.007622 0.041000
v 0.008431 0.015259 0.035235
v 0.007347 0.004074 0.042788
v 0.008436 0.003714 0.041344
v 0.009137 0.007752 0.038559
v 0.010311 0.008057 0.036747
v 0.009532 0.003413 0.039849
v 0.006800 0.007425 0.041907
v 0.007599 0.013024 0.037571
v 0.007724 0.014048 0.036771
v 0.008304 0.019257 0.032695
v -0.011510 -0.025772 0.057485
v -0.011585 -0.025780 0.057490
v -0.008059 -0.025264 0.057165
v -0.006874 -0.025019 0.057012
v -0.001530 -0.023151 0.055837
v -0.002602 -0.023661 0.056158
v -0.003914 -0.024177 0.056482
v -0.005423 -0.024654 0.056782
v -0.000422 -0.022521 0.055441
v 0.000926 -0.021577 0.054848
v 0.001472 -0.021128 0.054565
v 0.003333 -0.019238 0.053377
v 0.003313 -0.019261 0.053391
v 0.001738 -0.020894 0.054418
v 0.004610 -0.017542 0.052311
v 0.003356 -0.019211 0.053360
v 0.003352 -0.019215 0.053363
v 0.007043 -0.013032 0.049475
v 0.005951 -0.015302 0.050903
v 0.008150 -0.010194 0.047692
v 0.008135 -0.010237 0.047719
v 0.008128 -0.010255 0.047730
v 0.008123 -0.010270 0.047739
v 0.007359 -0.012284 0.049005
v 0.010356 -0.002201 0.042667
v 0.009640 -0.005210 0.044558
v 0.008912 -0.007838 0.046210
v 0.008165 -0.010151 0.047664
v 0.010822 0.000000 0.041284
v -0.017294 -0.026188 0.057746
v -0.011661 -0.025789 0.057495
v -0.011709 -0.025794 0.057498
v -0.011734 -0.025797 0.057500
v -0.015373 -0.026093 0.057687
v 0.007514 -0.001979 0.045951
v 0.008603 0.049167 0.010374
v 0.006564 0.049008 0.010977
v 0.006224 -0.005931 0.048615
v 0.011457 0.045247 0.012838
v 0.011301 0.045521 0.012666
v 0.010359 0.046995 0.011739
v 0.009554 0.048065 0.011066
v 0.014334 0.031139 0.021707
v 0.014081 0.036857 0.018112
v 0.014308 0.034067 0.019867
v 0.014341 0.031552 0.021447
v 0.014030 0.037252 0.017864
v 0.013937 0.037872 0.017474
v 0.013264 0.040892 0.015575
v 0.013034 0.041635 0.015109
v 0.011796 0.044611 0.013238
v 0.012113 0.007403 0.036629
v 0.012140 0.007587 0.036513
v 0.011508 0.003658 0.038983
v 0.013669 0.021032 0.028061
v 0.011119 0.021491 0.030122
v 0.013007 0.014306 0.032289
v 0.009986 0.011063 0.037186
v 0.012443 0.009728 0.035167
v 0.013722 0.021661 0.027665
v 0.013827 0.022934 0.026865
v 0.013900 0.023851 0.026288
v 0.003118 0.049043 0.010354
v 0.002624 0.048128 0.010127
v 0.002028 0.050140 0.009287
v 0.001567 0.049235 0.009035
v 0.000726 0.049954 0.008037
v 0.000955 0.051014 0.008025
v 0.000511 0.050117 0.007753
v -0.000007 0.051636 0.006549
v -0.000446 0.050743 0.006262
v -0.000765 0.052020 0.004892
v -0.001208 0.051130 0.004596
v -0.001254 0.052214 0.003114
v -0.001703 0.051324 0.002815
v -0.001905 0.051386 0.001287
v -0.001471 0.052281 0.001280
v -0.001925 0.051391 0.000983
v -0.001960 0.051399 -0.000762
v -0.001051 0.053180 -0.000185
v -0.001017 0.053172 0.001577
v -0.000804 0.053105 0.003414
v -0.000321 0.052912 0.005189
v 0.000432 0.052529 0.006838
v 0.001398 0.051912 0.008300
v 0.002488 0.051047 0.009544
v 0.003608 0.049961 0.010589
v -0.001960 0.051399 -0.037018
v -0.001050 0.053180 -0.037018
v -0.001921 0.051392 -0.039411
v -0.001878 0.051380 -0.040128
v -0.001620 0.051295 -0.042190
v 0.003568 0.046956 -0.052049
v 0.003513 0.047027 -0.051990
v 0.002890 0.047807 -0.051288
v -0.000267 0.050638 -0.046427
v 0.000677 0.049991 -0.048202
v 0.000733 0.049948 -0.048295
v 0.001526 0.049274 -0.049512
v 0.001755 0.049054 -0.049835
v -0.000362 0.050695 -0.046219
v -0.001016 0.051042 -0.044550
v -0.001398 0.051210 -0.043229
v 0.007597 0.047617 -0.054006
v 0.006736 0.047940 -0.053536
v 0.004422 0.048809 -0.051990
v 0.011827 0.045298 -0.055795
v 0.010275 0.046612 -0.055186
v 0.009163 0.047029 -0.054744
v 0.015865 0.041147 -0.056771
v 0.012452 0.044730 -0.056002
v 0.014528 0.042662 -0.056539
v 0.020350 0.034400 -0.057018
v 0.019076 0.036665 -0.057008
v 0.019108 0.036613 -0.057009
v 0.018475 0.037620 -0.056993
v 0.016555 0.040297 -0.056858
v 0.019139 0.036561 -0.057010
v 0.019357 0.036197 -0.057013
v 0.019568 0.035833 -0.057015
v 0.019642 0.035704 -0.057015
v 0.019715 0.035575 -0.057016
v 0.019729 0.035550 -0.057016
v 0.020040 0.034987 -0.057017
v 0.019896 0.035251 -0.057017
v 0.020770 0.037729 -0.057016
v 0.019715 0.035575 -0.055016
v 0.021117 0.037148 -0.057017
v 0.020038 0.034990 -0.055017
v 0.020613 0.037984 -0.057014
v 0.019568 0.035833 -0.055015
v 0.019642 0.035704 -0.055015
v 0.020395 0.038332 -0.057012
v 0.019364 0.036184 -0.055013
v 0.019467 0.036009 -0.055014
v 0.020154 0.038706 -0.057009
v 0.019139 0.036561 -0.055010
v 0.019252 0.036373 -0.055011
v 0.020087 0.038809 -0.057008
v 0.019076 0.036665 -0.055008
v 0.010923 0.048651 -0.055062
v 0.010255 0.046619 -0.053179
v 0.012763 0.047137 -0.055795
v 0.011825 0.045290 -0.053796
v 0.013135 0.046811 -0.055919
v 0.012716 0.044475 -0.054084
v 0.015046 0.042084 -0.054639
v 0.015264 0.044788 -0.056491
v 0.016848 0.043077 -0.056770
v 0.015865 0.041138 -0.054771
v 0.017380 0.042454 -0.056839
v 0.017182 0.039470 -0.054918
v 0.019406 0.039813 -0.056989
v 0.007063 0.045050 -0.052331
v 0.007746 0.043400 -0.052896
v 0.008351 0.041405 -0.053405
v 0.008411 0.041164 -0.053456
v 0.008786 0.039303 -0.053800
v 0.008906 0.038514 -0.053921
v 0.009142 0.036190 -0.054211
v 0.009199 0.035138 -0.054316
v 0.009201 0.030875 -0.054625
v 0.008286 0.019066 -0.054976
v 0.008101 0.017333 -0.054993
v 0.007010 0.008723 -0.055017
v 0.009044 0.027743 -0.054773
v 0.009141 0.029409 -0.054701
v 0.008861 0.025248 -0.054857
v 0.009191 0.047452 -0.052676
v 0.006831 0.045522 -0.052136
v 0.007972 0.048347 -0.052007
v 0.005799 0.047279 -0.051237
v 0.007137 0.048926 -0.051486
v 0.004919 0.048469 -0.050409
v 0.005800 0.049804 -0.050528
v 0.004538 0.048927 -0.050026
v 0.005165 0.050201 -0.050011
v 0.003294 0.050378 -0.045008
v 0.003640 0.051101 -0.044975
v 0.002934 0.050797 -0.043318
v 0.002417 0.051782 -0.039885
v 0.002315 0.051519 -0.039989
v 0.001808 0.052110 -0.036616
v 0.001827 0.052088 -0.024369
v 0.001850 0.052061 -0.012128
v 0.002619 0.051164 -0.007455
v 0.003636 0.049979 -0.002787
v 0.004903 0.048490 0.001890
v 0.004928 0.048460 0.001972
v 0.005909 0.047113 0.005241
v 0.003422 0.050228 -0.003680
v 0.006818 0.048577 0.005656
v 0.005498 0.049697 0.001941
v 0.004849 0.050171 -0.000013
v 0.003754 0.050912 -0.003662
v 0.003453 0.051104 -0.004767
v 0.002312 0.051796 -0.009642
v 0.007276 0.048042 0.007556
v 0.006998 0.048031 0.009635
v 0.008631 0.046059 0.011112
v 0.009286 0.045127 0.011660
v 0.010275 0.043457 0.012641
v 0.005160 0.049751 0.007972
v 0.003937 0.050691 0.006683
v 0.004435 0.050404 0.004292
v 0.002109 0.051885 0.003603
v 0.002927 0.051378 0.005262
v 0.003286 0.051142 0.005822
v 0.001223 0.052395 -0.000001
v 0.001568 0.052199 0.001903
v 0.003065 0.051325 -0.000006
v 0.006471 0.051027 0.009135
v 0.007896 0.049888 0.009917
v 0.007785 0.047787 0.010340
v 0.008388 0.049395 0.010230
v 0.008468 0.049311 0.010283
v 0.008473 0.049305 0.010287
v 0.008507 0.049269 0.010309
v 0.008526 0.049249 0.010322
v 0.005434 0.052001 0.008199
v 0.005130 0.052245 0.007917
v 0.004236 0.052890 0.007013
v 0.003109 0.053608 0.005544
v 0.002684 0.053860 0.004823
v 0.002229 0.054119 0.003882
v 0.001786 0.054364 0.002674
v 0.001609 0.054460 0.002049
v 0.001275 0.054637 0.000360
v 0.001227 0.054662 0.000000
v 0.001056 0.054751 -0.002615
v 0.001044 0.054757 -0.004287
v 0.001045 0.054757 -0.018447
v 0.001045 0.054757 -0.033303
v 0.001044 0.054757 -0.037018
v 0.000198 0.052671 -0.045390
v 0.000240 0.052649 -0.045496
v 0.000244 0.052647 -0.045506
v 0.000259 0.052639 -0.045543
v 0.000337 0.052596 -0.045734
v 0.000339 0.052595 -0.045739
v 0.000413 0.052553 -0.045913
v -0.000427 0.052966 -0.043474
v 0.000144 0.052699 -0.045250
v -0.000579 0.053027 -0.042844
v -0.000557 0.053019 -0.042939
v -0.000520 0.053004 -0.043099
v -0.001050 0.053180 -0.037158
v -0.001050 0.053180 -0.037508
v -0.001049 0.053180 -0.037779
v -0.000995 0.053169 -0.039713
v -0.000991 0.053168 -0.039794
v -0.000847 0.053123 -0.041316
v -0.000595 0.053033 -0.042767
v 0.001412 0.051903 -0.047905
v 0.001169 0.052076 -0.047471
v 0.000547 0.052475 -0.046219
v 0.000486 0.052511 -0.046083
v 0.003628 0.049792 -0.051083
v 0.003598 0.049828 -0.051046
v 0.002934 0.050562 -0.050202
v 0.003642 0.049775 -0.051101
v 0.003675 0.049735 -0.051141
v 0.003966 0.049384 -0.051482
v 0.001562 0.051791 -0.048162
v 0.001628 0.051740 -0.048272
v 0.002230 0.051242 -0.049213
v 0.002435 0.051056 -0.049511
v 0.002888 0.050610 -0.050140
v 0.004070 0.049257 -0.051600
v 0.003967 0.049383 -0.051484
v 0.006055 0.052006 -0.051990
v 0.008447 0.050460 -0.053736
v 0.008893 0.050151 -0.054007
v 0.008881 0.047687 -0.052912
v 0.007479 0.048694 -0.052343
v 0.005866 0.049764 -0.051392
v 0.005305 0.050116 -0.050987
v 0.001051 0.052491 -0.002715
v 0.001042 0.052502 -0.012815
v 0.001044 0.052511 -0.032485
v 0.001044 0.052511 -0.032473
v 0.001044 0.052511 -0.031892
v 0.001095 0.052488 -0.040173
v 0.001120 0.052475 -0.040653
v 0.001350 0.052357 -0.042932
v 0.001828 0.052107 -0.045247
v 0.003660 0.051097 -0.049096
v 0.002724 0.051623 -0.047709
v 0.002522 0.051734 -0.047259
v 0.004851 0.051065 0.007654
v 0.002108 0.053118 -0.046160
v 0.001778 0.054388 -0.045057
v 0.001401 0.054579 -0.043258
v 0.001312 0.054623 -0.042657
v 0.001285 0.054637 -0.042451
v 0.001155 0.054702 -0.041155
v 0.001045 0.054757 -0.037130
v 0.001044 0.054757 -0.037054
v 0.001044 0.054757 -0.037038
v 0.001251 0.052497 0.000201
v 0.001612 0.052753 0.002046
v 0.002238 0.053156 0.003885
v 0.005251 0.052488 -0.051259
v 0.004216 0.053084 -0.050119
v 0.004065 0.053169 -0.049925
v 0.003918 0.053250 -0.049728
v 0.004370 0.052997 -0.050308
v 0.004527 0.052908 -0.050493
v 0.004687 0.052816 -0.050674
v 0.004965 0.052656 -0.050972
v 0.003775 0.053330 -0.049527
v 0.003499 0.053481 -0.049115
v 0.002525 0.054002 -0.047261
v 0.005251 0.052484 -0.051259
v 0.005069 0.052590 -0.051078
v 0.004891 0.052694 -0.050894
v 0.004717 0.052794 -0.050706
v 0.004547 0.052892 -0.050515
v 0.004381 0.052986 -0.050320
v 0.004219 0.053078 -0.050122
v 0.004062 0.053167 -0.049920
v 0.003909 0.053254 -0.049714
v -0.051000 -0.035000 -0.057018
v -0.051000 -0.035000 -0.055018
v -0.050619 -0.036913 -0.057018
v -0.050619 -0.036913 -0.055018
v -0.049535 -0.038535 -0.057018
v -0.049535 -0.038535 -0.055018
v -0.047913 -0.039619 -0.057018
v -0.047913 -0.039619 -0.055018
v -0.046000 -0.040000 -0.057018
v -0.046000 -0.040000 -0.055018
v -0.023988 -0.040000 -0.055018
v -0.023988 -0.040000 -0.057018
v -0.023988 -0.056679 -0.057018
v -0.023988 -0.055137 -0.055018
v -0.075553 -0.000818 -0.055018
v -0.077509 -0.000000 -0.057018
v -0.077683 -0.005560 -0.057018
v -0.075684 -0.006150 -0.055018
v -0.077486 -0.011088 -0.057018
v -0.075454 -0.011450 -0.055018
v -0.076822 -0.016589 -0.057018
v -0.074778 -0.016721 -0.055018
v -0.075606 -0.022026 -0.057018
v -0.073571 -0.021925 -0.055018
v -0.073760 -0.027312 -0.057018
v -0.071764 -0.026981 -0.055018
v -0.071287 -0.032329 -0.057018
v -0.069365 -0.031778 -0.055018
v -0.068229 -0.036979 -0.057018
v -0.066414 -0.036225 -0.055018
v -0.064624 -0.041204 -0.057018
v -0.062945 -0.040266 -0.055018
v -0.060512 -0.044959 -0.057018
v -0.058997 -0.043862 -0.055018
v -0.055979 -0.048190 -0.057018
v -0.054651 -0.046962 -0.055018
v -0.051093 -0.050891 -0.057018
v -0.049969 -0.049560 -0.055018
v -0.045926 -0.053054 -0.057018
v -0.045021 -0.051649 -0.055018
v -0.040580 -0.054688 -0.057018
v -0.039898 -0.053228 -0.055018
v -0.035118 -0.055814 -0.057018
v -0.034661 -0.054312 -0.055018
v -0.029566 -0.056467 -0.057018
v -0.029337 -0.054935 -0.055018
v -0.075514 -0.000118 -0.055018
v -0.077463 0.000730 -0.057018
v -0.075534 -0.000468 -0.055018
v -0.068326 0.034400 -0.055018
v -0.069430 0.036562 -0.057018
v -0.071466 0.032418 -0.057018
v -0.070143 0.030362 -0.055018
v -0.073060 0.028081 -0.057018
v -0.071549 0.026159 -0.055018
v -0.074268 0.023620 -0.057018
v -0.072611 0.021857 -0.055018
v -0.075180 0.019091 -0.057018
v -0.073423 0.017502 -0.055018
v -0.076546 0.009952 -0.057018
v -0.074685 0.008730 -0.055018
v -0.068013 0.034990 -0.055017
v -0.069093 0.037148 -0.057017
v -0.067690 0.035575 -0.055016
v -0.068746 0.037728 -0.057016
v -0.067544 0.035833 -0.055015
v -0.068588 0.037984 -0.057015
v -0.067617 0.035704 -0.055016
v -0.067340 0.036183 -0.055013
v -0.068370 0.038332 -0.057013
v -0.067442 0.036008 -0.055014
v -0.067115 0.036561 -0.055010
v -0.068130 0.038706 -0.057009
v -0.067228 0.036373 -0.055012
v -0.068062 0.038809 -0.057008
v -0.067052 0.036665 -0.055009
v -0.063282 0.044744 -0.056501
v -0.063022 0.042084 -0.054640
v -0.060691 0.044475 -0.054084
v -0.063840 0.041138 -0.054771
v -0.067385 0.039807 -0.056990
v -0.065157 0.039470 -0.054919
v -0.065381 0.042423 -0.056842
v -0.064823 0.043076 -0.056771
v -0.058231 0.046619 -0.053179
v -0.058899 0.048651 -0.055062
v -0.059801 0.045290 -0.053796
v -0.060739 0.047137 -0.055795
v -0.061122 0.046801 -0.055923
v -0.068015 0.034987 -0.057017
v -0.068326 0.034400 -0.057018
v -0.054031 0.052006 -0.051991
v -0.052398 0.048809 -0.051990
v -0.056422 0.050460 -0.053737
v -0.054712 0.047940 -0.053536
v -0.056868 0.050151 -0.054008
v -0.055572 0.047617 -0.054006
v -0.057139 0.047029 -0.054744
v -0.058251 0.046612 -0.055186
v -0.059802 0.045298 -0.055795
v -0.060428 0.044730 -0.056003
v -0.062503 0.042662 -0.056539
v -0.063841 0.041147 -0.056771
v -0.064531 0.040296 -0.056858
v -0.066451 0.037619 -0.056993
v -0.067052 0.036665 -0.057009
v -0.067871 0.035251 -0.057017
v -0.067083 0.036613 -0.057009
v -0.067115 0.036561 -0.057010
v -0.067332 0.036197 -0.057013
v -0.067544 0.035833 -0.057015
v -0.067617 0.035704 -0.057016
v -0.067690 0.035575 -0.057016
v -0.067705 0.035550 -0.057016
v -0.046017 0.051399 -0.037018
v -0.046925 0.053180 -0.037158
v -0.046925 0.053180 -0.037032
v -0.046925 0.053180 -0.037508
v -0.047594 0.050705 -0.046178
v -0.048469 0.052507 -0.046099
v -0.048462 0.052511 -0.046083
v -0.048388 0.052553 -0.045913
v -0.048315 0.052595 -0.045739
v -0.048312 0.052596 -0.045734
v -0.048234 0.052639 -0.045543
v -0.048219 0.052647 -0.045506
v -0.048215 0.052649 -0.045496
v -0.049145 0.052076 -0.047471
v -0.048516 0.050093 -0.047972
v -0.049388 0.051903 -0.047906
v -0.049433 0.049335 -0.049415
v -0.050206 0.051242 -0.049214
v -0.048704 0.049951 -0.048289
v -0.049604 0.051740 -0.048273
v -0.049538 0.051791 -0.048162
v -0.051488 0.047027 -0.051991
v -0.052045 0.049257 -0.051601
v -0.049535 0.049241 -0.049561
v -0.050863 0.050610 -0.050141
v -0.050344 0.051117 -0.049415
v -0.050607 0.048111 -0.050978
v -0.051943 0.049383 -0.051484
v -0.051942 0.049385 -0.051483
v -0.051651 0.049736 -0.051141
v -0.051618 0.049775 -0.051101
v -0.051603 0.049792 -0.051083
v -0.051573 0.049827 -0.051047
v -0.051325 0.050112 -0.050741
v -0.050909 0.050562 -0.050202
v -0.048173 0.052671 -0.045390
v -0.048120 0.052699 -0.045251
v -0.046890 0.051074 -0.044337
v -0.047549 0.052966 -0.043474
v -0.046554 0.051219 -0.043132
v -0.047456 0.053004 -0.043099
v -0.047418 0.053018 -0.042939
v -0.047397 0.053027 -0.042844
v -0.047380 0.053033 -0.042767
v -0.046320 0.051308 -0.041987
v -0.047129 0.053123 -0.041316
v -0.046079 0.051386 -0.039844
v -0.046985 0.053168 -0.039795
v -0.046980 0.053169 -0.039713
v -0.046927 0.053180 -0.037779
v -0.053225 0.052489 -0.051259
v -0.053226 0.052484 -0.051259
v -0.053043 0.052591 -0.051076
v -0.052954 0.052648 -0.050987
v -0.052864 0.052695 -0.050891
v -0.052690 0.052800 -0.050705
v -0.052690 0.052796 -0.050704
v -0.052526 0.052894 -0.050521
v -0.051894 0.053248 -0.049728
v -0.052054 0.053161 -0.049942
v -0.052085 0.053141 -0.049982
v -0.052208 0.053075 -0.050139
v -0.052282 0.053029 -0.050231
v -0.052365 0.052986 -0.050332
v -0.052401 0.052962 -0.050373
v -0.052521 0.052892 -0.050514
v -0.051475 0.053481 -0.049115
v -0.051756 0.053326 -0.049536
v -0.051903 0.053245 -0.049741
v -0.056938 0.047625 -0.052937
v -0.055695 0.048526 -0.052459
v -0.055334 0.048776 -0.052283
v -0.053685 0.049863 -0.051283
v -0.053281 0.050116 -0.050988
v -0.046016 0.051399 -0.000762
v -0.046925 0.053180 -0.000185
v -0.049988 -0.001759 0.037458
v -0.049988 -0.001428 0.037473
v -0.049988 -0.001759 0.046832
v -0.049988 -0.001428 0.046832
v -0.049988 -0.001428 0.046854
v -0.049967 -0.001759 0.047038
v -0.049927 -0.001504 0.047176
v -0.049914 -0.001759 0.047209
v -0.049902 -0.001534 0.047238
v -0.049708 -0.001759 0.047527
v -0.048518 0.050094 0.007794
v -0.048706 0.049951 0.008042
v -0.049581 0.049199 0.009077
v -0.050643 0.048078 0.010169
v -0.051598 0.046883 -0.052108
v -0.051543 0.046955 -0.052050
v -0.051599 0.046883 0.011119
v -0.047550 0.050731 0.006300
v -0.046779 0.051125 0.004627
v -0.046277 0.051323 0.002837
v -0.046051 0.051390 0.000994
v -0.052728 0.045167 -0.053252
v -0.053544 0.043489 -0.054041
v -0.053596 0.043361 -0.054091
v -0.054288 0.041295 -0.054772
v -0.054744 0.039239 -0.055265
v -0.054817 0.038803 -0.055353
v -0.055118 0.036123 -0.055795
v -0.055127 0.035991 -0.055813
v -0.055211 0.033699 -0.056089
v -0.055212 0.032594 -0.056198
v -0.054987 0.027332 -0.056579
v -0.054873 0.025781 -0.056659
v -0.054649 0.023147 -0.056770
v -0.054552 0.022098 -0.056807
v -0.053732 0.014436 -0.056972
v -0.053451 0.012170 -0.056993
v -0.052822 0.007870 -0.057013
v -0.052024 0.003773 -0.057017
v -0.051961 0.003499 -0.057017
v -0.051212 0.000881 -0.057018
v -0.051000 0.000337 -0.057018
v -0.051118 0.000630 -0.057018
v -0.051000 0.000337 -0.050018
v -0.051000 0.000140 -0.050018
v -0.051000 0.000140 -0.055018
v -0.057200 0.031697 -0.030018
v -0.055199 0.031697 -0.030018
v -0.057200 0.031697 -0.027381
v -0.055199 0.031697 -0.027381
v -0.057196 0.031529 -0.032609
v -0.055195 0.031513 -0.032734
v -0.057182 0.031001 -0.035251
v -0.055179 0.030952 -0.035432
v -0.057152 0.030169 -0.037687
v -0.055144 0.030032 -0.038008
v -0.057144 0.029978 -0.038130
v -0.055085 0.028858 -0.040290
v -0.057119 0.029450 -0.039229
v -0.057093 0.028953 -0.040130
v -0.054987 0.027320 -0.042505
v -0.056995 0.027365 -0.042449
v -0.054875 0.025808 -0.044192
v -0.056883 0.025833 -0.044168
v -0.054845 0.025428 -0.044560
v -0.054672 0.023397 -0.046238
v -0.056711 0.023744 -0.045983
v -0.054462 0.021165 -0.047635
v -0.056513 0.021595 -0.047397
v -0.054309 0.019636 -0.048375
v -0.056286 0.019310 -0.048512
v -0.054211 0.018702 -0.048751
v -0.056261 0.019070 -0.048609
v -0.053965 0.016451 -0.049445
v -0.056027 0.016891 -0.049332
v -0.053695 0.014132 -0.049868
v -0.055743 0.014408 -0.049834
v -0.055407 0.011697 -0.050018
v -0.053390 0.011697 -0.050018
v -0.051118 0.000630 -0.050018
v -0.052024 0.003773 -0.050018
v -0.051067 -0.000220 -0.050018
v -0.052928 -0.000232 -0.050018
v -0.053872 0.002888 -0.050018
v -0.054627 0.006571 -0.050018
v -0.051810 -0.000842 -0.050018
v -0.051358 -0.000627 -0.050018
v -0.052310 -0.000811 -0.050018
v -0.052732 -0.000541 -0.050018
v -0.052928 -0.000232 -0.055018
v -0.052732 -0.000541 -0.055018
v -0.052310 -0.000811 -0.055018
v -0.051810 -0.000842 -0.055018
v -0.051358 -0.000627 -0.055018
v -0.051067 -0.000220 -0.055018
v -0.053872 0.002888 -0.055018
v -0.054627 0.006571 -0.055018
v -0.054882 0.008069 -0.055018
v -0.052896 0.048470 -0.050409
v -0.052514 0.048927 -0.050026
v -0.053141 0.050201 -0.050011
v -0.056391 0.041144 -0.053461
v -0.056327 0.041404 -0.053405
v -0.055732 0.043373 -0.052905
v -0.055039 0.045050 -0.052331
v -0.056410 0.048014 -0.052274
v -0.054814 0.045508 -0.052143
v -0.055946 0.048347 -0.052007
v -0.053781 0.047268 -0.051243
v -0.054390 0.049408 -0.050989
v -0.053785 0.049798 -0.050535
v -0.057117 0.029407 -0.054701
v -0.057176 0.030820 -0.054629
v -0.057176 0.035111 -0.054318
v -0.057118 0.036189 -0.054211
v -0.056886 0.038482 -0.053926
v -0.056762 0.039302 -0.053800
v -0.055131 0.009692 -0.055017
v -0.056061 0.017205 -0.054993
v -0.057020 0.027745 -0.054773
v -0.056260 0.019064 -0.054976
v -0.056830 0.025169 -0.054860
v -0.049784 0.052110 -0.036617
v -0.050373 0.051793 -0.039788
v -0.050337 0.051465 -0.040262
v -0.051592 0.051115 -0.044882
v -0.051314 0.050326 -0.045208
v -0.052483 0.048963 -0.049914
v -0.045901 -0.003816 0.050653
v -0.045901 -0.005874 0.050653
v -0.046147 -0.005816 0.050623
v -0.046379 -0.003685 0.050533
v -0.046576 -0.005707 0.050391
v -0.046576 -0.003624 0.050391
v -0.049896 -0.004237 0.047357
v -0.050756 -0.003542 0.046571
v -0.050211 -0.003135 0.047069
v -0.048613 -0.002692 0.048530
v -0.048223 -0.002929 0.048886
v -0.047178 -0.003415 0.049841
v -0.049663 -0.001807 0.047570
v -0.049703 -0.002157 0.047534
v -0.049992 -0.002859 0.047269
v -0.046758 -0.005657 0.050225
v -0.050046 -0.002936 0.047220
v -0.048622 -0.004972 0.048522
v -0.049666 -0.004392 0.047567
v -0.050306 -0.002928 0.046935
v -0.050333 -0.002572 0.046553
v -0.050262 -0.002447 0.046331
v -0.050103 -0.002225 0.046622
v -0.051578 -0.002642 0.044501
v -0.051663 -0.002530 0.044114
v -0.051463 -0.002680 0.044572
v -0.051314 -0.002822 0.045189
v -0.051527 -0.002706 0.044722
v -0.051530 -0.002702 0.044708
v -0.051073 -0.002945 0.045779
v -0.051144 -0.003067 0.045887
v -0.051232 -0.003055 0.045768
v -0.051271 -0.003011 0.045658
v -0.051374 -0.002892 0.045329
v -0.051380 -0.002885 0.045308
v -0.050852 -0.003450 0.046471
v -0.051016 -0.003287 0.046238
v -0.049950 -0.002435 0.047273
v -0.049686 -0.001783 0.047549
v -0.050348 -0.002736 0.046759
v -0.050076 -0.002233 0.046895
v -0.050035 -0.002328 0.047094
v -0.050650 -0.002769 0.046123
v -0.050452 -0.002604 0.045984
v -0.050298 -0.002483 0.046265
v -0.050735 -0.002973 0.046338
v -0.050985 -0.002847 0.045659
v -0.050000 -0.001911 0.046811
v -0.051299 -0.002710 0.044436
v -0.051139 -0.002748 0.044729
v -0.051181 -0.002770 0.045047
v -0.051153 -0.003142 0.045965
v -0.051045 -0.002758 0.044899
v -0.050772 -0.002736 0.045399
v -0.050884 -0.002777 0.045531
v -0.050689 -0.002713 0.045552
v -0.051804 -0.002337 0.043513
v -0.051576 -0.002568 0.043930
v -0.051665 -0.002528 0.044107
v -0.051545 -0.002590 0.043986
v -0.050506 -0.002636 0.045885
v -0.051804 -0.002337 0.037427
v -0.051450 -0.002646 0.037407
v -0.051137 -0.002748 0.037400
v -0.050677 -0.002710 0.037402
v -0.050986 -0.002759 0.037399
v -0.050521 -0.002643 0.037407
v -0.050284 -0.002469 0.037418
v -0.050156 -0.002313 0.037428
v -0.050040 -0.002077 0.037442
v -0.049994 -0.001865 0.037453
v -0.052912 -0.000273 0.037499
v -0.053019 -0.000000 0.037500
v -0.050851 -0.000000 0.037500
v -0.049992 -0.001423 0.037473
v -0.050719 -0.002203 0.037435
v -0.052693 -0.000779 0.037492
v -0.051118 0.000630 0.037494
v -0.057202 0.034276 -0.015212
v -0.055201 0.034276 -0.015212
v -0.057156 0.035539 -0.011968
v -0.055154 0.035518 -0.012029
v -0.057115 0.036230 -0.009678
v -0.057092 0.036552 -0.008380
v -0.055089 0.036511 -0.008557
v -0.057038 0.037180 -0.004886
v -0.055030 0.037161 -0.005027
v -0.057032 0.037233 -0.004467
v -0.055022 0.037233 -0.004467
v -0.057007 0.037486 -0.001012
v -0.054997 0.037468 -0.001541
v -0.057014 0.037416 0.002504
v -0.055001 0.037432 0.002260
v -0.057018 0.037382 0.002976
v -0.055007 0.037382 0.002976
v -0.057055 0.036995 0.006133
v -0.055040 0.037058 0.005742
v -0.057116 0.036217 0.009726
v -0.055107 0.036278 0.009494
v -0.057118 0.036191 0.009821
v -0.055123 0.036057 0.010301
v -0.057127 0.036057 0.010301
v -0.057177 0.035084 0.013242
v -0.055173 0.035142 0.013088
v -0.057212 0.033595 0.016661
v -0.055211 0.033700 0.016449
v -0.055211 0.033669 0.016511
v -0.057214 0.033312 0.017221
v -0.055214 0.033312 0.017221
v -0.057201 0.031779 0.019908
v -0.055202 0.031842 0.019807
v -0.057132 0.029700 0.022894
v -0.055133 0.029765 0.022810
v -0.057110 0.029253 0.023462
v -0.055107 0.029253 0.023462
v -0.056985 0.027225 0.025788
v -0.054984 0.027278 0.025732
v -0.056794 0.024715 0.028203
v -0.054876 0.025823 0.027192
v -0.054787 0.024714 0.028203
v -0.056737 0.024042 0.028779
v -0.054729 0.024042 0.028779
v -0.056540 0.021868 0.030463
v -0.054544 0.022005 0.030364
v -0.056245 0.018912 0.032381
v -0.054226 0.018835 0.032427
v -0.056135 0.017883 0.032961
v -0.054124 0.017883 0.032961
v -0.055915 0.015890 0.033967
v -0.053904 0.015907 0.033959
v -0.055534 0.012688 0.035288
v -0.053499 0.012530 0.035344
v -0.053453 0.012176 0.035468
v -0.055317 0.011019 0.035844
v -0.053299 0.011019 0.035844
v -0.055094 0.009437 0.036293
v -0.053089 0.009550 0.036263
v -0.054628 0.006577 0.036918
v -0.052572 0.006450 0.036941
v -0.054500 0.005881 0.037036
v -0.052026 0.003776 0.037309
v -0.053785 0.002529 0.037414
v -0.051871 0.003120 0.037370
v -0.051205 0.000861 0.037490
v -0.057203 0.031866 -0.024206
v -0.055203 0.031854 -0.024313
v -0.057211 0.032375 -0.021037
v -0.055210 0.032322 -0.021292
v -0.057215 0.033172 -0.018091
v -0.055211 0.033666 -0.016693
v -0.055214 0.033216 -0.017956
v -0.049020 0.054757 -0.037038
v -0.049020 0.054757 -0.037018
v -0.051425 0.053508 -0.049037
v -0.050481 0.054012 -0.047215
v -0.049754 0.054387 -0.045057
v -0.049377 0.054579 -0.043258
v -0.049288 0.054623 -0.042657
v -0.049107 0.054714 -0.040820
v -0.049261 0.054637 -0.042451
v -0.049020 0.054757 -0.037131
v -0.049020 0.054757 -0.037054
v -0.051041 0.051325 -0.000006
v -0.049199 0.052395 -0.000002
v -0.049027 0.052491 -0.002719
v -0.049803 0.052107 -0.045247
v -0.050497 0.051734 -0.047258
v -0.050700 0.051623 -0.047710
v -0.051612 0.051110 -0.049067
v -0.050267 0.051808 -0.009750
v -0.049826 0.052060 -0.012129
v -0.049018 0.052502 -0.012368
v -0.049803 0.052088 -0.024370
v -0.049019 0.052511 -0.032485
v -0.049070 0.052488 -0.040173
v -0.049096 0.052475 -0.040653
v -0.049326 0.052357 -0.042931
v -0.052825 0.050171 -0.000014
v -0.051730 0.050912 -0.003662
v -0.051380 0.051135 -0.004952
v -0.052676 0.051647 -0.050431
v -0.051590 0.052258 -0.049047
v -0.050763 0.052801 -0.047686
v -0.050125 0.053317 -0.046245
v -0.050091 0.053096 -0.046181
v -0.050078 0.053133 -0.046144
v -0.055424 0.046789 0.008308
v -0.055763 0.047488 0.008327
v -0.054703 0.048665 0.005406
v -0.054808 0.045520 0.008273
v -0.053880 0.047120 0.005224
v -0.052903 0.048460 0.001971
v -0.054521 0.048834 0.004905
v -0.052876 0.048495 0.001876
v -0.053353 0.049788 0.001585
v -0.051611 0.049979 -0.002788
v -0.051398 0.050228 -0.003680
v -0.050595 0.051164 -0.007455
v -0.049021 0.054757 -0.004288
v -0.049020 0.054757 -0.027852
v -0.049020 0.054757 -0.033303
v -0.049399 0.051894 0.008333
v -0.048962 0.050992 0.008066
v -0.047990 0.051624 0.006587
v -0.051139 0.048994 0.010395
v -0.052668 0.048740 0.011531
v -0.051598 0.049946 0.010601
v -0.050044 0.050104 0.009328
v -0.050488 0.051025 0.009568
v -0.048428 0.052518 0.006873
v -0.047222 0.052015 0.004923
v -0.047666 0.052907 0.005220
v -0.046726 0.052213 0.003135
v -0.047176 0.053103 0.003435
v -0.046505 0.052281 0.001290
v -0.046959 0.053172 0.001587
v -0.045085 -0.004004 0.050653
v -0.023988 -0.004935 0.050653
v -0.023988 -0.006935 0.050653
v -0.038925 -0.004675 0.050653
v -0.035842 -0.006804 0.050653
v -0.043785 -0.006251 0.050653
v -0.049897 -0.001541 0.049225
v -0.055211 0.033711 0.021481
v -0.055213 0.032670 -0.022037
v -0.055085 0.036559 0.019246
v -0.054745 0.039238 0.017136
v -0.054878 0.025842 0.027677
v -0.055097 0.029090 0.025120
v -0.055210 0.032311 0.022581
v -0.055210 0.032334 0.022563
v -0.053458 0.012224 0.038393
v -0.053721 0.014344 0.036724
v -0.053947 0.016282 0.035199
v -0.054661 0.023264 0.029706
v -0.053126 0.009800 0.040300
v -0.052770 0.007562 0.042062
v -0.052169 0.004423 0.044531
v -0.051850 0.003035 0.045624
v -0.051400 0.001429 0.046887
v -0.051121 0.000637 0.047511
v -0.050671 -0.000362 0.048297
v -0.045929 -0.003809 0.051010
v -0.045087 -0.004004 0.051163
v -0.047641 -0.003223 0.050548
v -0.048247 -0.002916 0.050307
v -0.048840 -0.002534 0.050007
v -0.049835 -0.001615 0.049283
v -0.043619 -0.004255 0.051360
v -0.042619 -0.004382 0.051460
v -0.040121 -0.004603 0.051634
v -0.023988 -0.004935 0.051896
v -0.034479 -0.004840 0.051821
v -0.038925 -0.004675 0.051691
v -0.054699 0.039488 0.016938
v -0.054048 0.042110 0.014878
v -0.052068 0.046232 0.011632
v -0.053546 0.043485 0.013798
v -0.053253 0.044148 0.013275
v -0.024719 -0.013221 0.054065
v -0.023988 -0.013760 0.054589
v -0.023988 -0.017939 0.054999
v -0.024065 -0.010301 0.053993
v -0.023988 -0.010626 0.054281
v -0.023988 -0.011670 0.054384
v -0.027651 -0.026123 0.055779
v -0.030459 -0.026053 0.055728
v -0.025631 -0.017543 0.054600
v -0.027519 -0.017248 0.054325
v -0.025663 -0.012774 0.053655
v -0.023988 -0.009581 0.054178
v -0.023988 -0.009250 0.053893
v -0.023988 -0.008919 0.053608
v -0.024797 -0.010523 0.053338
v -0.024541 -0.010795 0.053574
v -0.024384 -0.009392 0.053186
v -0.024256 -0.009693 0.053445
v -0.023988 -0.008258 0.053037
v -0.023988 -0.008589 0.053322
v -0.023988 -0.012715 0.054486
v -0.024517 -0.012144 0.053942
v -0.024326 -0.011068 0.053825
v -0.024150 -0.009993 0.053713
v -0.025831 -0.009250 0.052320
v -0.023988 -0.006935 0.051896
v -0.023988 -0.007597 0.052467
v -0.035002 -0.025785 0.055552
v -0.038640 -0.025346 0.055271
v -0.029558 -0.016844 0.054059
v -0.031358 -0.016196 0.053594
v -0.026758 -0.012253 0.053270
v -0.027673 -0.011566 0.052745
v -0.025366 -0.009934 0.052870
v -0.024675 -0.008768 0.052669
v -0.023988 -0.026133 0.055804
v -0.025948 -0.006933 0.051895
v -0.038676 -0.025335 0.055269
v -0.038711 -0.025323 0.055266
v -0.035452 -0.006815 0.051802
v -0.056328 0.041402 0.015289
v -0.056452 0.040881 0.016192
v -0.056790 0.039131 0.017469
v -0.057064 0.036893 0.019120
v -0.056161 0.042028 0.014212
v -0.055797 0.043189 0.012233
v -0.055350 0.044355 0.010253
v -0.055042 0.045043 0.009085
v -0.057117 0.036206 0.019630
v -0.057211 0.033722 0.021491
v -0.057119 0.029432 0.024772
v -0.057051 0.028228 0.025703
v -0.056897 0.026015 0.027422
v -0.056633 0.022868 0.029874
v -0.056280 0.019254 0.032697
v -0.055700 0.014046 0.036772
v -0.055576 0.013024 0.037570
v -0.054776 0.007426 0.041906
v -0.054263 0.004668 0.044024
v -0.053547 0.001625 0.046308
v -0.053439 0.001251 0.046577
v -0.052917 -0.000261 0.047628
v -0.052212 -0.001706 0.048556
v -0.051976 -0.002085 0.048789
v -0.051578 -0.002642 0.049123
v -0.050473 -0.003794 0.049797
v -0.049847 -0.004272 0.050077
v -0.049680 -0.004384 0.050144
v -0.048089 -0.005206 0.050650
v -0.046773 -0.005653 0.050946
v -0.043929 -0.006231 0.051357
v -0.043786 -0.006251 0.051372
v -0.035842 -0.006804 0.051793
v -0.037964 -0.006725 0.051732
v -0.040221 -0.006600 0.051636
v -0.042186 -0.006439 0.051513
v -0.052411 0.050404 0.004291
v -0.054994 0.048012 0.009652
v -0.056607 0.046059 0.011112
v -0.057119 0.045791 0.010046
v -0.057262 0.045127 0.011660
v -0.057480 0.045243 0.010562
v -0.058252 0.043457 0.012641
v -0.058225 0.043898 0.011785
v -0.058951 0.041991 0.013502
v -0.055252 0.048042 0.007555
v -0.053203 0.049695 0.008035
v -0.051969 0.050651 0.006748
v -0.051265 0.051141 0.005824
v -0.050878 0.051394 0.005220
v -0.050065 0.051897 0.003552
v -0.049540 0.052202 0.001886
v -0.052827 0.051065 0.007654
v -0.055776 0.047756 0.010353
v -0.054447 0.051027 0.009135
v -0.051926 0.053079 0.006686
v -0.051220 0.053526 0.005749
v -0.049049 0.054742 -0.002015
v -0.049021 0.054756 -0.003590
v -0.049203 0.054662 -0.000000
v -0.049227 0.052497 0.000200
v -0.049251 0.054637 0.000360
v -0.049588 0.052753 0.002046
v -0.049762 0.054364 0.002674
v -0.050214 0.053156 0.003885
v -0.050660 0.053860 0.004823
v -0.052213 0.052890 0.007013
v -0.053015 0.052315 0.007831
v -0.056349 0.045306 0.010070
v -0.057735 0.042171 0.013659
v -0.059922 0.040280 0.014762
v -0.058205 0.040563 0.015484
v -0.059936 0.040248 0.014784
v -0.057116 0.043762 0.011856
v -0.057531 0.040685 0.015756
v -0.054540 0.049008 0.010977
v -0.056444 0.049311 0.010283
v -0.056450 0.049305 0.010286
v -0.055878 0.049882 0.009920
v -0.056364 0.049395 0.010230
v -0.056483 0.049269 0.010309
v -0.056502 0.049249 0.010322
v -0.056579 0.049167 0.010373
v -0.051627 -0.002894 0.050849
v -0.050822 -0.004064 0.051739
v -0.040793 -0.009059 0.055543
v -0.036632 -0.009557 0.055922
v -0.031163 -0.009848 0.056143
v -0.023988 -0.009941 0.056214
v -0.043962 -0.008363 0.055013
v -0.046385 -0.007486 0.054345
v -0.048250 -0.006456 0.053560
v -0.049697 -0.005304 0.052684
v -0.052399 -0.001436 0.049738
v -0.052918 -0.000193 0.048792
v -0.053408 0.001257 0.047688
v -0.054093 0.003880 0.045690
v -0.054639 0.006621 0.043603
v -0.055087 0.009377 0.041504
v -0.055501 0.012367 0.039227
v -0.056372 0.019908 0.033486
v -0.056841 0.025095 0.029536
v -0.057079 0.028530 0.026920
v -0.057213 0.031751 0.024468
v -0.057146 0.035672 0.021482
v -0.056649 0.039930 0.018240
v -0.057117 0.036143 0.021123
v -0.056126 0.042141 0.016556
v -0.054215 0.046585 0.013172
v -0.055338 0.044371 0.014858
v -0.023988 -0.025969 0.055846
v -0.023988 -0.025821 0.055883
v -0.023988 -0.026307 0.057821
v -0.044127 -0.023850 0.054408
v -0.043547 -0.024084 0.054540
v -0.043534 -0.023887 0.054574
v -0.040749 -0.024667 0.055073
v -0.027956 -0.025793 0.055856
v -0.037703 -0.025189 0.055421
v -0.031095 -0.025707 0.055788
v -0.034466 -0.025519 0.055651
v -0.041381 -0.024767 0.054935
v -0.045426 -0.023220 0.054061
v -0.045923 -0.022830 0.053917
v -0.047126 -0.022087 0.053464
v -0.047133 -0.022082 0.053461
v -0.045500 -0.011017 0.051815
v -0.047965 -0.021470 0.053115
v -0.048719 -0.020827 0.052754
v -0.056547 -0.001168 0.042893
v -0.055787 -0.000460 0.043759
v -0.054695 -0.004174 0.046178
v -0.057513 -0.002121 0.041810
v -0.057523 -0.002077 0.041782
v -0.055652 -0.005860 0.045313
v -0.057306 -0.003019 0.042367
v -0.055972 -0.007916 0.045362
v -0.054864 -0.008004 0.046673
v -0.054616 -0.011692 0.047605
v -0.053918 -0.010099 0.047985
v -0.052775 -0.012114 0.049236
v -0.053360 -0.014445 0.049195
v -0.051381 -0.014012 0.050412
v -0.051831 -0.017099 0.050694
v -0.048585 -0.012419 0.051315
v -0.050283 -0.019193 0.051855
v -0.049800 -0.019745 0.052159
v -0.047507 -0.009084 0.051141
v -0.049419 -0.008070 0.050465
v -0.050917 -0.006881 0.049716
v -0.050403 -0.011045 0.050439
v -0.051850 -0.009502 0.049476
v -0.052109 -0.005522 0.048895
v -0.053018 -0.007813 0.048439
v -0.053035 -0.004035 0.047999
v -0.053953 -0.006021 0.047335
v -0.053733 -0.002489 0.047045
v -0.054047 0.001159 0.045739
v -0.054547 0.000694 0.045170
v -0.055547 -0.000237 0.044032
v -0.056995 0.015501 0.034445
v -0.058222 0.016512 0.032428
v -0.059181 0.027255 0.024733
v -0.060902 0.036197 0.017292
v -0.060675 0.037469 0.016501
v -0.060226 0.037254 0.016933
v -0.057906 -0.000236 0.040620
v -0.057508 0.003413 0.039849
v -0.061095 0.034673 0.018244
v -0.060454 0.034225 0.018991
v -0.061283 0.031055 0.020522
v -0.060354 0.028397 0.022979
v -0.061263 0.029069 0.021780
v -0.058209 0.001302 0.039639
v -0.059380 0.008349 0.035110
v -0.058288 0.008057 0.036747
v -0.060350 0.016344 0.029943
v -0.058132 0.036853 0.018508
v -0.058297 0.033096 0.021256
v -0.057756 0.032976 0.021702
v -0.057450 0.026032 0.026981
v -0.059182 0.037026 0.017740
v -0.059376 0.033608 0.020162
v -0.058018 0.026287 0.026351
v -0.056407 0.015259 0.035235
v -0.055389 0.007622 0.040999
v -0.055323 0.004074 0.042788
v -0.056412 0.003714 0.041344
v -0.055952 0.007563 0.040273
v -0.057113 0.007751 0.038559
v -0.054788 0.004331 0.043442
v -0.059467 0.017724 0.030249
v -0.061115 0.025826 0.023845
v -0.059277 0.045520 0.012666
v -0.058335 0.046995 0.011738
v -0.057530 0.048065 0.011066
v -0.059773 0.044610 0.013238
v -0.061010 0.041634 0.015108
v -0.061241 0.040892 0.015575
v -0.061913 0.037871 0.017474
v -0.062006 0.037251 0.017864
v -0.061698 0.021659 0.027666
v -0.061645 0.021037 0.028057
v -0.060984 0.014311 0.032286
v -0.061803 0.022934 0.026865
v -0.061876 0.023849 0.026289
v -0.062310 0.031138 0.021707
v -0.062317 0.031551 0.021448
v -0.062284 0.034066 0.019866
v -0.062057 0.036856 0.018112
v -0.060419 0.009728 0.035167
v -0.060117 0.007591 0.036510
v -0.058798 0.000000 0.041283
v -0.059484 0.003658 0.038983
v -0.060089 0.007401 0.036630
v -0.036466 -0.025772 0.057485
v -0.036316 -0.025789 0.057495
v -0.036267 -0.025794 0.057498
v -0.036242 -0.025797 0.057500
v -0.035521 -0.025870 0.057547
v -0.032603 -0.026093 0.057687
v -0.037932 -0.025588 0.057368
v -0.039917 -0.025264 0.057163
v -0.042848 -0.024569 0.056728
v -0.041102 -0.025020 0.057010
v -0.047554 -0.022521 0.055439
v -0.046659 -0.023039 0.055765
v -0.045374 -0.023662 0.056157
v -0.044062 -0.024178 0.056481
v -0.051290 -0.019261 0.053391
v -0.050863 -0.019747 0.053696
v -0.049447 -0.021128 0.054563
v -0.048901 -0.021577 0.054845
v -0.052580 -0.017551 0.052317
v -0.051332 -0.019211 0.053360
v -0.051328 -0.019215 0.053362
v -0.054067 -0.015037 0.050736
v -0.054205 -0.005974 0.048620
v -0.056111 -0.010237 0.047718
v -0.056105 -0.010255 0.047730
v -0.056100 -0.010270 0.047739
v -0.055334 -0.012284 0.049005
v -0.058332 -0.002202 0.042666
v -0.057439 -0.005890 0.044985
v -0.055499 -0.002015 0.045952
v -0.056889 -0.007838 0.046210
v -0.056141 -0.010151 0.047664
v -0.058723 -0.000363 0.041510
v -0.057977 0.011055 0.037173
v -0.059111 0.021500 0.030102
v -0.030687 -0.026188 0.057746
v -0.036436 -0.066134 0.039500
v -0.023329 -0.066060 0.039341
v -0.036436 -0.066000 0.039000
v -0.023270 -0.066041 0.039282
v -0.022988 -0.066000 0.039000
v -0.023697 -0.066286 0.039700
v -0.023536 -0.066164 0.039548
v -0.023523 -0.066155 0.039535
v -0.023984 -0.066854 0.039989
v -0.023872 -0.066499 0.039865
v -0.036436 -0.066500 0.039866
v -0.036436 -0.066293 0.039707
v -0.036436 -0.067000 0.040000
v -0.023988 -0.067000 0.040000
v -0.023988 -0.066949 0.039998
v -0.033049 -0.070500 0.040000
v -0.033451 -0.072000 0.040000
v -0.036436 -0.075000 0.040000
v -0.030451 -0.075000 0.040000
v -0.031951 -0.074598 0.040000
v -0.033049 -0.073500 0.040000
v -0.031951 -0.069402 0.040000
v -0.030451 -0.069000 0.040000
v -0.028951 -0.069402 0.040000
v -0.027853 -0.070500 0.040000
v -0.023988 -0.075000 0.040000
v -0.027451 -0.072000 0.040000
v -0.027853 -0.073500 0.040000
v -0.028951 -0.074598 0.040000
v -0.036436 -0.075376 0.039926
v -0.023988 -0.075383 0.039924
v -0.036436 -0.075704 0.039710
v -0.023988 -0.075707 0.039707
v -0.036436 -0.075923 0.039385
v -0.023988 -0.075924 0.039382
v -0.036436 -0.076000 0.039000
v -0.023988 -0.076000 0.039000
v -0.023988 -0.077200 0.036000
v -0.023988 -0.076000 0.036000
v -0.023928 -0.075940 0.035658
v -0.023725 -0.075737 0.035324
v -0.023695 -0.087250 0.035293
v -0.023854 -0.087250 0.035500
v -0.023488 -0.087250 0.035134
v -0.023356 -0.075369 0.035070
v -0.023334 -0.087250 0.035062
v -0.022988 -0.075000 0.035000
v -0.022988 -0.087250 0.035000
v -0.023988 -0.087250 0.036000
v -0.023988 -0.087250 0.043907
v -0.023979 -0.087381 0.043907
v -0.023854 -0.087750 0.036000
v -0.023926 -0.087596 0.043906
v -0.023695 -0.087957 0.036000
v -0.023806 -0.087825 0.043906
v -0.023488 -0.088116 0.036000
v -0.023487 -0.088116 0.043903
v -0.022988 -0.088250 0.036000
v -0.022988 -0.088250 0.043895
v -0.023988 -0.025821 0.055883
v -0.023988 -0.026308 0.057823
v -0.016236 -0.025680 0.055768
v -0.016899 -0.026171 0.057736
v -0.014974 -0.025616 0.055721
v -0.014490 -0.026037 0.057652
v -0.011763 -0.025800 0.057502
v -0.007801 -0.025214 0.057132
v -0.008789 -0.024967 0.055271
v -0.011193 -0.025302 0.055499
v -0.012674 -0.025450 0.055603
v -0.014604 -0.025594 0.055705
v -0.004678 -0.024432 0.056642
v -0.004263 -0.023823 0.054534
v -0.007157 -0.024651 0.055063
v -0.003762 -0.024123 0.056447
v -0.001928 -0.023351 0.055961
v -0.001895 -0.022741 0.053863
v -0.000099 -0.022314 0.055309
v 0.000464 -0.021924 0.055064
v 0.000212 -0.021271 0.052970
v 0.002595 -0.020058 0.053893
v 0.002045 -0.019396 0.051842
v 0.003049 -0.019565 0.053583
v 0.003728 -0.016995 0.050390
v 0.004429 -0.017806 0.052478
v 0.004262 -0.016060 0.049822
v 0.005619 -0.015907 0.051284
v 0.005339 -0.013859 0.048480
v 0.006218 -0.014789 0.050581
v 0.005650 -0.013131 0.048035
v 0.007834 -0.011069 0.048241
v 0.006974 -0.009482 0.045788
v 0.007556 -0.007544 0.044586
v 0.009253 -0.000415 0.040117
v 0.008547 -0.003666 0.042162
v 0.010821 -0.000000 0.041283
v 0.009339 -0.006351 0.045277
v 0.016375 -0.057747 0.023885
v 0.018501 -0.057808 0.019240
v 0.017079 -0.067240 0.018542
v 0.006462 -0.075540 0.031828
v 0.005680 -0.066291 0.034629
v 0.009148 -0.066662 0.031108
v 0.008884 -0.037498 0.042173
v 0.008986 -0.037420 0.042084
v 0.010871 -0.038672 0.039414
v 0.008262 -0.037705 0.042783
v 0.008265 -0.037705 0.042780
v 0.007569 -0.038380 0.043270
v 0.008289 -0.037705 0.042755
v 0.008593 -0.037647 0.042446
v 0.005100 -0.037705 0.045767
v 0.003909 -0.037981 0.046608
v 0.001754 -0.037705 0.048167
v -0.003988 -0.043571 0.048657
v -0.003988 -0.040753 0.049682
v -0.000212 -0.037705 0.049255
v -0.003988 -0.038878 0.050346
v -0.001312 -0.037705 0.049769
v -0.003988 -0.037705 0.050751
v -0.002260 -0.046442 0.046924
v -0.003988 -0.049403 0.046493
v -0.003988 -0.049435 0.046481
v -0.003988 -0.050868 0.045952
v 0.001988 -0.047023 0.044456
v -0.003988 -0.059524 0.042907
v -0.002095 -0.065812 0.040132
v -0.002450 -0.065545 0.040387
v -0.002242 -0.065263 0.040357
v -0.002526 -0.065402 0.040464
v -0.000171 -0.056085 0.042237
v -0.003083 -0.063601 0.041241
v -0.000988 -0.065619 0.039582
v -0.000988 -0.066000 0.039478
v -0.001112 -0.066000 0.039548
v -0.001694 -0.065942 0.039884
v 0.003511 -0.065230 0.036719
v 0.003842 -0.056614 0.039412
v 0.004709 -0.065536 0.035678
v 0.007519 -0.057043 0.036097
v 0.005194 -0.066047 0.035121
v 0.003439 -0.065230 0.036775
v 0.001274 -0.065234 0.038307
v -0.000988 -0.065236 0.039688
v -0.000988 -0.065239 0.039687
v 0.005339 -0.066586 0.034841
v 0.005252 -0.067206 0.034742
v 0.003952 -0.071526 0.034768
v 0.003029 -0.075548 0.034785
v 0.012231 -0.066939 0.027222
v 0.014888 -0.067129 0.023019
v 0.014590 -0.075477 0.021269
v 0.012243 -0.075500 0.025071
v 0.011048 -0.075511 0.026715
v 0.009510 -0.075522 0.028615
v 0.019186 -0.075420 0.008163
v 0.020681 -0.067156 0.003887
v 0.019773 -0.075416 0.003458
v 0.020856 -0.067175 -0.000015
v 0.019895 -0.075421 0.000006
v 0.021133 -0.064184 0.003763
v 0.021094 -0.064482 0.003680
v 0.021043 -0.064937 0.003445
v 0.021018 -0.065214 0.003214
v 0.020996 -0.065571 0.002728
v 0.021012 -0.065800 0.001800
v 0.021045 -0.065800 0.000891
v 0.021062 -0.065800 -0.000020
v 0.021190 -0.063800 0.003800
v 0.022186 -0.057567 0.004211
v 0.023742 -0.048196 0.003800
v 0.025128 -0.029008 0.005084
v 0.024768 -0.039118 0.003800
v 0.024655 -0.038576 0.004905
v 0.023663 -0.048080 0.004590
v 0.025462 -0.022918 0.003676
v 0.025436 -0.023611 0.003800
v 0.025312 -0.029825 0.003800
v 0.026090 -0.021611 -0.000286
v 0.025937 -0.021611 0.000758
v 0.026105 -0.019238 -0.000293
v 0.025776 -0.021611 0.001800
v 0.024085 -0.019491 0.010461
v 0.025688 -0.021689 0.002354
v 0.025589 -0.021972 0.002947
v 0.025543 -0.022196 0.003214
v 0.025480 -0.022695 0.003578
v 0.024080 -0.029161 0.010486
v 0.024830 -0.010358 0.006059
v 0.025332 -0.011406 0.003728
v 0.025799 -0.011938 0.001223
v 0.026056 -0.011996 -0.000312
v 0.023830 -0.006964 0.009773
v 0.024319 -0.008850 0.008105
v 0.023844 -0.009767 0.010237
v 0.022814 -0.000164 0.011999
v 0.023067 -0.002642 0.011706
v 0.020757 -0.009909 0.020530
v 0.023394 -0.004799 0.010999
v 0.016650 -0.010045 0.030396
v 0.014929 -0.000322 0.031320
v 0.018085 -0.000260 0.025044
v 0.008608 -0.010123 0.043875
v 0.005872 -0.019608 0.048510
v 0.002217 -0.019310 0.051716
v -0.000749 -0.022764 0.053351
v -0.000903 -0.022705 0.053431
v -0.001475 -0.022624 0.053699
v 0.001188 -0.024567 0.052073
v 0.000745 -0.023935 0.052422
v 0.000226 -0.023399 0.052781
v 0.000167 -0.023348 0.052819
v -0.000446 -0.022915 0.053186
v -0.001684 -0.022696 0.053781
v -0.002160 -0.022996 0.053940
v -0.012506 -0.026140 0.055435
v -0.003976 -0.023903 0.054438
v -0.005293 -0.024389 0.054714
v -0.006656 -0.024783 0.054944
v -0.009265 -0.025323 0.055267
v -0.009851 -0.025506 0.055304
v -0.012803 -0.026049 0.055479
v -0.017561 -0.026744 0.055559
v -0.023988 -0.026921 0.055601
v -0.023988 -0.026371 0.055743
v -0.013317 -0.026281 0.055463
v 0.001453 -0.027705 0.051345
v 0.001566 -0.026944 0.051434
v 0.004405 -0.027705 0.049216
v 0.001662 -0.026180 0.051518
v 0.001630 -0.025667 0.051627
v 0.001514 -0.025255 0.051768
v 0.001990 -0.023911 0.051644
v 0.005730 -0.024273 0.048535
v 0.005444 -0.027705 0.048310
v 0.009066 -0.024511 0.044804
v 0.008875 -0.027705 0.044678
v 0.007127 -0.027705 0.046654
v 0.010987 -0.028581 0.041791
v 0.010936 -0.028203 0.041919
v 0.012062 -0.024650 0.040596
v 0.010840 -0.027990 0.042084
v 0.010725 -0.027852 0.042262
v 0.010358 -0.027705 0.042783
v 0.010007 -0.027705 0.043250
v 0.009271 -0.037096 0.041863
v 0.009448 -0.036705 0.041783
v 0.011432 -0.034037 0.040030
v 0.010607 -0.031375 0.041783
v 0.010979 -0.028705 0.041783
v 0.005742 -0.014848 0.048202
v 0.008964 -0.014974 0.044365
v 0.011876 -0.015022 0.040104
v 0.009134 -0.019786 0.044707
v 0.012069 -0.019874 0.040454
v 0.005852 -0.047498 0.041393
v 0.009363 -0.047869 0.037820
v 0.012534 -0.048138 0.033828
v 0.010854 -0.057372 0.032363
v 0.013816 -0.057604 0.028274
v 0.023683 -0.038744 0.010264
v 0.022781 -0.048247 0.009854
v 0.021409 -0.057713 0.009361
v 0.019986 -0.067248 0.008932
v 0.018206 -0.075432 0.012414
v 0.022732 -0.019606 0.015764
v 0.022767 -0.029293 0.015833
v 0.022390 -0.038874 0.015548
v 0.021513 -0.048360 0.015016
v 0.020181 -0.057795 0.014383
v 0.018783 -0.067278 0.013830
v 0.016686 -0.075452 0.016843
v 0.019266 -0.019799 0.026096
v 0.018834 -0.009979 0.025525
v 0.020546 -0.000209 0.019010
v 0.019852 -0.048413 0.020042
v 0.018799 -0.038995 0.025745
v 0.020765 -0.038960 0.020724
v 0.019289 -0.029471 0.026223
v 0.021174 -0.029398 0.021092
v 0.021130 -0.019709 0.020986
v 0.014731 -0.019895 0.035878
v 0.014768 -0.024709 0.036041
v 0.017797 -0.048400 0.024882
v 0.015352 -0.048312 0.029494
v 0.016490 -0.038967 0.030570
v 0.013844 -0.038864 0.035151
v 0.014618 -0.029471 0.035959
v 0.011837 -0.029368 0.040449
v 0.017102 -0.029500 0.031194
v 0.017194 -0.024705 0.031234
v 0.017131 -0.019865 0.031071
v 0.014214 -0.010101 0.035116
v 0.011533 -0.010132 0.039637
v 0.011343 -0.000384 0.037159
v -0.013483 -0.017691 0.053858
v -0.011440 -0.018260 0.053952
v -0.010433 -0.018709 0.054028
v -0.010487 -0.018651 0.054018
v -0.010427 -0.018725 0.054032
v -0.023988 -0.015615 0.053489
v -0.015216 -0.017279 0.053790
v -0.006092 -0.020071 0.053965
v -0.003665 -0.021331 0.053886
v -0.003519 -0.021089 0.053766
v -0.010557 -0.018398 0.053923
v -0.010502 -0.018122 0.053687
v -0.007733 -0.019440 0.053999
v -0.007641 -0.019163 0.053887
v -0.013457 -0.017537 0.053704
v -0.013441 -0.017446 0.053569
v -0.023988 -0.015598 0.053442
v -0.013421 -0.017328 0.053225
v -0.023988 -0.015545 0.053150
v -0.013425 -0.017339 0.052860
v -0.023988 -0.015557 0.052968
v -0.023988 -0.015602 0.052790
v -0.013454 -0.017481 0.052520
v -0.023988 -0.015740 0.052530
v -0.013503 -0.017731 0.052258
v -0.023988 -0.016111 0.052223
v -0.013567 -0.018062 0.052104
v -0.013606 -0.018265 0.052075
v -0.023988 -0.016536 0.052121
v 0.000526 -0.023724 0.052441
v 0.000411 -0.023817 0.052124
v 0.000231 -0.023982 0.051879
v 0.000005 -0.024205 0.051730
v -0.000131 -0.024345 0.051698
v -0.003312 -0.020689 0.052695
v -0.003293 -0.020682 0.053052
v -0.003342 -0.020782 0.053391
v -0.003384 -0.020858 0.053525
v -0.003822 -0.021457 0.051919
v -0.003714 -0.021286 0.051950
v -0.003536 -0.021011 0.052105
v -0.003397 -0.020805 0.052362
v -0.007554 -0.018898 0.053650
v -0.007527 -0.018811 0.053516
v -0.007493 -0.018696 0.053174
v -0.007502 -0.018704 0.052810
v -0.007552 -0.018838 0.052471
v -0.007637 -0.019075 0.052208
v -0.007747 -0.019390 0.052052
v -0.007814 -0.019585 0.052022
v -0.010662 -0.018839 0.052054
v -0.010621 -0.018636 0.052083
v -0.010552 -0.018307 0.052239
v -0.010499 -0.018060 0.052503
v -0.010468 -0.017920 0.052844
v -0.010463 -0.017911 0.053209
v -0.010485 -0.018031 0.053552
v -0.023988 -0.027705 0.051345
v -0.023988 -0.023705 0.051753
v -0.023988 -0.022135 0.051874
v -0.023988 -0.027705 0.045719
v -0.038825 -0.027705 0.045719
v -0.038825 -0.027839 0.046219
v -0.023988 -0.027839 0.046219
v -0.038825 -0.028205 0.046585
v -0.023988 -0.028205 0.046585
v -0.038825 -0.028705 0.046719
v -0.023988 -0.028705 0.046719
v -0.038825 -0.036705 0.046718
v -0.023988 -0.036705 0.046719
v -0.038825 -0.037205 0.046585
v -0.023988 -0.037205 0.046585
v -0.038825 -0.037571 0.046218
v -0.023988 -0.037571 0.046219
v -0.038825 -0.037705 0.045718
v -0.023988 -0.037705 0.045719
v -0.023888 -0.037705 0.050298
v -0.023988 -0.037705 0.050747
v -0.023988 -0.037705 0.046919
v -0.003988 -0.037705 0.049719
v -0.038825 -0.037705 0.042783
v -0.022988 -0.037705 0.049719
v -0.023138 -0.037705 0.049730
v -0.023567 -0.037705 0.049909
v -0.022988 -0.066000 0.039548
v 0.000970 -0.066000 0.037342
v -0.000988 -0.066000 0.038568
v 0.002850 -0.066000 0.036000
v -0.033208 -0.066000 0.036000
v -0.033974 -0.066000 0.036152
v -0.036249 -0.066000 0.038366
v -0.035865 -0.066000 0.037828
v -0.034622 -0.066000 0.036586
v -0.036810 -0.066134 0.039331
v -0.036641 -0.066134 0.039456
v -0.036914 -0.066134 0.039148
v -0.036792 -0.066500 0.039789
v -0.037085 -0.066500 0.039574
v -0.037263 -0.066500 0.039257
v -0.036932 -0.066134 0.038939
v -0.037138 -0.066293 0.038914
v -0.037296 -0.066500 0.038895
v -0.037353 -0.066617 0.038888
v -0.036847 -0.067000 0.039912
v -0.037185 -0.067000 0.039663
v -0.037391 -0.067000 0.039297
v -0.037429 -0.067000 0.038878
v -0.023334 -0.066062 0.039548
v -0.037429 -0.075000 0.038878
v -0.037391 -0.075000 0.039297
v -0.037185 -0.075000 0.039663
v -0.036847 -0.075000 0.039912
v -0.033451 -0.072000 0.036800
v -0.033049 -0.070500 0.036800
v -0.031951 -0.069402 0.036800
v -0.030451 -0.069000 0.036800
v -0.028951 -0.069402 0.036800
v -0.027853 -0.070500 0.036800
v -0.027451 -0.072000 0.036800
v -0.027853 -0.073500 0.036800
v -0.028951 -0.074598 0.036800
v -0.030451 -0.075000 0.036800
v -0.031951 -0.074598 0.036800
v -0.033049 -0.073500 0.036800
v -0.005462 -0.077796 0.035000
v -0.006428 -0.078326 0.035000
v -0.004776 -0.077611 0.035000
v -0.033208 -0.075000 0.035000
v -0.030451 -0.073800 0.035000
v -0.031351 -0.073559 0.035000
v -0.006783 -0.087250 0.035000
v -0.006783 -0.078996 0.035000
v -0.006747 -0.078776 0.035000
v -0.028892 -0.071100 0.035000
v -0.029551 -0.070441 0.035000
v 0.004614 -0.067000 0.035000
v 0.003324 -0.071398 0.035000
v -0.003701 -0.077498 0.035000
v -0.001835 -0.077365 0.035000
v -0.033208 -0.067000 0.035000
v -0.030451 -0.070200 0.035000
v -0.031351 -0.070441 0.035000
v -0.032010 -0.071100 0.035000
v -0.032251 -0.072000 0.035000
v -0.032010 -0.072900 0.035000
v 0.002340 -0.075875 0.035000
v 0.000667 -0.076756 0.035000
v -0.001636 -0.077337 0.035000
v -0.029551 -0.073559 0.035000
v -0.028892 -0.072900 0.035000
v -0.028651 -0.072000 0.035000
v -0.023488 -0.088050 0.035668
v -0.023854 -0.087712 0.035808
v -0.023854 -0.087441 0.035538
v -0.023854 -0.087603 0.035646
v -0.023488 -0.087862 0.035387
v -0.023488 -0.087581 0.035200
v -0.022988 -0.088174 0.035617
v -0.022988 -0.087957 0.035293
v -0.022988 -0.087632 0.035076
v -0.006538 -0.088250 -0.036000
v -0.010542 -0.088250 -0.036000
v -0.010542 -0.088250 -0.040000
v -0.014218 -0.088250 0.042806
v -0.022988 -0.088250 -0.040000
v -0.022988 -0.088250 -0.043896
v -0.016765 -0.088250 -0.040000
v -0.014217 -0.088250 -0.042806
v -0.004937 -0.088250 -0.039559
v -0.004937 -0.088250 0.039559
v -0.006552 -0.088250 0.036000
v -0.003304 -0.088250 0.034237
v 0.003388 -0.088250 0.034328
v 0.001759 -0.088250 0.030612
v 0.010340 -0.088250 0.027376
v 0.006198 -0.088250 0.026245
v 0.015571 -0.088250 0.019050
v 0.009906 -0.088250 0.021242
v 0.012792 -0.088250 0.015725
v 0.018818 -0.088250 0.009770
v 0.014787 -0.088250 0.009826
v 0.019919 -0.088250 -0.000000
v 0.015842 -0.088250 0.003689
v 0.016012 -0.088250 -0.000002
v 0.015842 -0.088250 -0.003693
v 0.018819 -0.088249 -0.009770
v 0.014788 -0.088250 -0.009828
v 0.015571 -0.088249 -0.019051
v 0.012795 -0.088250 -0.015725
v 0.009910 -0.088249 -0.021242
v 0.010340 -0.088249 -0.027376
v 0.006205 -0.088249 -0.026244
v 0.003388 -0.088249 -0.034328
v 0.001769 -0.088250 -0.030611
v -0.003291 -0.088250 -0.034236
v 0.012273 0.008500 0.035939
v 0.010867 0.008579 0.034333
v 0.012812 0.012622 0.033348
v 0.012053 0.017854 0.028365
v 0.013953 0.024526 0.025864
v 0.012794 0.026698 0.022777
v 0.013751 0.022002 0.027451
v 0.013045 0.014643 0.032078
v 0.014274 0.029372 0.022818
v 0.014285 0.029620 0.022662
v 0.012931 0.031558 0.019772
v 0.014340 0.032907 0.020596
v 0.012918 0.032143 0.019413
v 0.012875 0.033189 0.018775
v 0.014338 0.033062 0.020498
v 0.012668 0.035522 0.017359
v 0.014068 0.036960 0.018047
v 0.012278 0.037845 0.015962
v 0.013783 0.038744 0.016926
v 0.012016 0.038946 0.015306
v 0.013404 0.040390 0.015891
v 0.010988 0.041961 0.013521
v 0.012831 0.042225 0.014738
v 0.012134 0.043918 0.013673
v 0.009586 0.044660 0.011934
v 0.011310 0.045504 0.012676
v 0.010301 0.047078 0.011687
v 0.008631 0.046059 0.011112
v 0.008287 0.049501 0.010164
v 0.007979 0.047366 0.010517
v 0.007602 0.050181 0.009736
v 0.006383 0.051264 0.009055
v 0.004000 -0.028705 0.041783
v 0.004000 -0.028357 0.041846
v 0.004000 -0.027995 0.042079
v 0.004000 -0.027765 0.042444
v 0.004000 -0.027705 0.042783
v 0.021742 0.007020 0.013667
v 0.020176 0.006927 0.018259
v 0.020101 0.014079 0.016128
v 0.006866 0.048708 -0.000025
v 0.006867 0.048660 0.002450
v 0.004229 0.050586 -0.000011
v 0.004000 0.050722 0.002099
v 0.004000 0.050736 -0.000010
v 0.004000 0.050646 0.006757
v 0.004000 0.050658 0.006297
v 0.004634 0.050171 0.007458
v 0.006768 0.048500 0.007342
v 0.006675 0.048368 0.009343
v 0.009207 0.046061 0.008522
v 0.011267 0.043374 0.009825
v 0.012939 0.040477 0.011233
v 0.014242 0.037409 0.012723
v 0.014167 0.033758 0.016545
v 0.014733 0.027029 0.020244
v 0.016552 0.013621 0.024010
v 0.018497 0.013882 0.020105
v 0.018327 0.020929 0.017395
v 0.022721 0.004913 0.010948
v 0.022693 0.002487 0.011740
v 0.022802 0.000000 0.012000
v 0.022808 -0.000082 0.012000
v 0.022857 0.006966 0.009771
v 0.024088 0.011908 0.001487
v 0.023710 0.011327 0.003961
v 0.022466 0.014321 0.007992
v 0.023383 0.010309 0.006142
v 0.023082 0.008793 0.008167
v 0.004000 0.050699 0.004201
v 0.006842 0.048596 0.004906
v 0.009417 0.046247 0.005708
v 0.011691 0.043670 0.006595
v 0.013652 0.040885 0.007556
v 0.014666 0.020161 0.024032
v 0.016325 0.027508 0.017479
v 0.015210 0.034205 0.014273
v 0.019645 0.021179 0.013975
v 0.018584 0.028140 0.011795
v 0.015306 0.037915 0.008571
v 0.016664 0.034782 0.009626
v 0.016030 0.034540 0.011968
v 0.017591 0.027873 0.014664
v 0.016686 0.020593 0.020747
v 0.014218 0.013291 0.027836
v 0.021510 0.021478 0.006951
v 0.019939 0.028444 0.005888
v 0.021588 0.025939 -0.000237
v 0.024372 0.011996 -0.000310
v 0.023898 0.015180 -0.000296
v 0.022689 0.021609 -0.000264
v 0.022390 0.022897 -0.000257
v 0.018017 0.035156 -0.000163
v 0.017510 0.035053 0.004813
v 0.016990 0.037058 -0.000145
v 0.015917 0.038155 0.004287
v 0.007280 0.048384 -0.000028
v 0.010106 0.045917 -0.000052
v 0.009521 0.046356 0.002851
v 0.010339 0.045691 -0.000054
v 0.011922 0.043827 0.003296
v 0.012679 0.043193 -0.000081
v 0.014056 0.041087 0.003778
v 0.014291 0.041178 -0.000102
v 0.014944 0.040278 -0.000112
v 0.018721 0.033707 -0.000176
v 0.018858 0.033409 -0.000179
v 0.020767 0.028566 -0.000219
v 0.003466 -0.072289 -0.036000
v 0.002598 -0.075873 -0.035583
v 0.004246 -0.071046 -0.035851
v 0.011115 -0.075734 -0.027020
v 0.012245 -0.075705 -0.025434
v 0.012639 -0.073875 -0.025399
v 0.013698 -0.075663 -0.023143
v 0.015820 -0.075595 -0.019073
v 0.015806 -0.074828 -0.019348
v 0.017666 -0.075529 -0.014305
v 0.018122 -0.075511 -0.012801
v 0.018887 -0.070382 -0.012573
v 0.019895 -0.075422 0.000003
v 0.027654 -0.000786 -0.055095
v 0.027793 -0.005316 -0.055102
v 0.027889 -0.005382 -0.052889
v 0.020191 -0.034307 -0.055349
v 0.019553 -0.035249 -0.055357
v 0.021041 -0.035579 -0.050172
v 0.003787 -0.065435 -0.039083
v 0.006099 -0.066403 -0.036540
v 0.008209 -0.061944 -0.037495
v 0.004804 -0.066457 -0.037648
v 0.004958 -0.066888 -0.037270
v 0.004476 -0.066110 -0.038123
v 0.004707 -0.066330 -0.037802
v 0.004224 -0.065907 -0.038449
v 0.004226 -0.065909 -0.038446
v 0.004382 -0.066032 -0.038246
v 0.003912 -0.065622 -0.038869
v 0.004080 -0.065789 -0.038635
v 0.004717 -0.066341 -0.037788
v 0.004773 -0.066412 -0.037699
v 0.003974 -0.060301 -0.042663
v 0.002987 -0.061436 -0.042477
v 0.002395 -0.064471 -0.040723
v 0.002391 -0.064560 -0.040668
v 0.002523 -0.064951 -0.040325
v 0.002877 -0.065233 -0.039893
v 0.006701 -0.056237 -0.044175
v 0.005576 -0.055679 -0.045762
v 0.004090 -0.058501 -0.044158
v 0.015669 -0.044242 -0.048288
v 0.010970 -0.047713 -0.050254
v 0.012670 -0.048306 -0.047070
v 0.008141 -0.051721 -0.047999
v 0.014819 -0.040921 -0.055398
v 0.015038 -0.040814 -0.055196
v 0.016245 -0.039414 -0.055389
v 0.015245 -0.040786 -0.054873
v 0.018493 -0.040011 -0.049318
v 0.015328 -0.040919 -0.054492
v 0.015299 -0.041114 -0.054210
v 0.015255 -0.041246 -0.054062
v 0.014707 -0.042256 -0.053315
v 0.013779 -0.043663 -0.052526
v 0.017275 -0.038228 -0.055381
v 0.021685 -0.031863 -0.055326
v 0.023240 -0.030939 -0.050871
v 0.022660 -0.030042 -0.055307
v 0.025037 -0.026106 -0.051443
v 0.024532 -0.025793 -0.055261
v 0.026390 -0.021106 -0.051909
v 0.026012 -0.021147 -0.055210
v 0.028147 -0.004982 -0.045473
v 0.027899 -0.000119 -0.047430
v 0.027616 -0.000118 -0.055095
v 0.028065 -0.000120 -0.040960
v 0.028332 -0.009367 -0.030304
v 0.028111 -0.000121 -0.030648
v 0.028129 -0.000121 -0.032998
v 0.027735 -0.008307 -0.015384
v 0.027259 -0.005080 -0.010871
v 0.027847 -0.000122 -0.021784
v 0.027244 -0.002634 -0.011707
v 0.027135 -0.000125 -0.011999
v 0.026126 -0.011975 -0.000765
v 0.026989 -0.018384 -0.007378
v 0.026201 -0.011934 -0.001254
v 0.026491 -0.011549 -0.003260
v 0.026790 -0.010609 -0.005608
v 0.026836 -0.010392 -0.005999
v 0.027026 -0.009163 -0.007749
v 0.026505 -0.023298 -0.003775
v 0.026503 -0.022914 -0.003675
v 0.026483 -0.022428 -0.003412
v 0.026464 -0.022190 -0.003207
v 0.026406 -0.021814 -0.002678
v 0.026382 -0.021729 -0.002478
v 0.026297 -0.021611 -0.001800
v 0.026195 -0.021611 -0.001043
v 0.025044 -0.042815 -0.003800
v 0.025968 -0.034117 -0.003800
v 0.026548 -0.028913 -0.006751
v 0.026312 -0.028694 -0.003800
v 0.026500 -0.023611 -0.003800
v 0.021064 -0.065800 -0.000911
v 0.021052 -0.065800 -0.001800
v 0.020074 -0.070909 -0.005528
v 0.021048 -0.065760 -0.002198
v 0.021052 -0.065675 -0.002496
v 0.021075 -0.065420 -0.002973
v 0.021099 -0.065207 -0.003221
v 0.021166 -0.064699 -0.003586
v 0.018867 -0.075480 -0.009800
v 0.019537 -0.075449 -0.005798
v 0.019614 -0.075444 -0.005135
v 0.008228 -0.075799 -0.030485
v 0.004961 -0.066925 -0.037247
v 0.004915 -0.067310 -0.037072
v 0.003508 -0.072123 -0.036028
v 0.004918 -0.075851 -0.033699
v 0.008735 -0.072646 -0.030912
v 0.010263 -0.067853 -0.031269
v 0.013873 -0.068940 -0.025500
v 0.012032 -0.063197 -0.031875
v 0.015332 -0.064104 -0.025826
v 0.016986 -0.059346 -0.026304
v 0.018764 -0.054647 -0.026861
v 0.016152 -0.054169 -0.033449
v 0.014017 -0.058647 -0.032632
v 0.013086 -0.053391 -0.039728
v 0.010559 -0.057625 -0.038596
v 0.009637 -0.052274 -0.045679
v 0.007307 -0.052945 -0.047309
v 0.018326 -0.049697 -0.034246
v 0.020558 -0.049960 -0.027432
v 0.020433 -0.045168 -0.034972
v 0.022270 -0.045232 -0.027970
v 0.022372 -0.040529 -0.035605
v 0.023820 -0.040423 -0.028456
v 0.024081 -0.035750 -0.036145
v 0.025163 -0.035504 -0.028883
v 0.025519 -0.030821 -0.036598
v 0.015680 -0.049159 -0.040799
v 0.018221 -0.044851 -0.041752
v 0.020588 -0.040406 -0.042568
v 0.022701 -0.035791 -0.043251
v 0.024505 -0.030996 -0.043816
v 0.025959 -0.026033 -0.044282
v 0.027142 -0.025319 -0.029576
v 0.027769 -0.020070 -0.029853
v 0.027503 -0.020558 -0.037296
v 0.028162 -0.014744 -0.030091
v 0.027743 -0.015687 -0.044973
v 0.028101 -0.010359 -0.045235
v 0.027778 -0.010702 -0.052604
v 0.027640 -0.010736 -0.055124
v 0.021199 -0.064478 -0.003682
v 0.021310 -0.063800 -0.003800
v 0.021883 -0.060242 -0.005345
v 0.023556 -0.051993 -0.003800
v 0.023955 -0.049751 -0.005627
v 0.025574 -0.039350 -0.006142
v 0.026841 -0.029468 -0.014301
v 0.027557 -0.018951 -0.014869
v 0.027184 -0.007291 -0.009531
v 0.027802 -0.019521 -0.022368
v 0.028159 -0.008830 -0.022829
v 0.026732 -0.029999 -0.021812
v 0.016755 -0.075563 -0.016863
v 0.016788 -0.069752 -0.019256
v 0.019353 -0.059792 -0.019625
v 0.026251 -0.034649 -0.014000
v 0.025245 -0.039975 -0.017433
v 0.025487 -0.039778 -0.013693
v 0.022952 -0.049980 -0.016754
v 0.023454 -0.049922 -0.013087
v 0.021016 -0.060067 -0.012619
v 0.022295 -0.050012 -0.020371
v 0.024880 -0.040152 -0.021143
v 0.025906 -0.035118 -0.021492
v 0.026274 -0.030468 -0.029254
v 0.026664 -0.025752 -0.036979
v 0.027040 -0.020924 -0.044662
v 0.027293 -0.015957 -0.052286
v 0.027026 -0.016274 -0.055163
v 0.021493 -0.050008 -0.023931
v 0.018251 -0.059595 -0.023007
v 0.024403 -0.040304 -0.024818
v 0.028049 -0.000121 -0.027316
v 0.022024 -0.021763 0.002565
v 0.022024 -0.021611 0.001800
v 0.022024 -0.022197 0.003214
v 0.022024 -0.022845 0.003648
v 0.022024 -0.023611 0.003800
v 0.012024 -0.056800 0.003800
v 0.012024 -0.063800 0.003800
v 0.020024 -0.056800 0.003800
v 0.020717 -0.056676 0.003800
v 0.021438 -0.056214 0.003800
v 0.022024 -0.054800 0.003800
v 0.021901 -0.055492 0.003800
v 0.012024 -0.064800 0.003532
v 0.012024 -0.065214 0.003214
v 0.012024 -0.065532 0.002800
v 0.012024 -0.065800 0.001800
v 0.018398 -0.076870 0.000002
v 0.002806 -0.075599 0.034912
v 0.003277 -0.076680 0.033155
v -0.000370 -0.077364 0.034042
v 0.002329 -0.077363 0.032004
v -0.001322 -0.077498 0.033513
v 0.001709 -0.077498 0.031250
v 0.003093 -0.077498 0.030059
v 0.006480 -0.077498 0.026618
v 0.015624 -0.077357 0.011771
v 0.016428 -0.077356 0.008413
v 0.016014 -0.077491 0.005700
v 0.016954 -0.077356 0.004983
v 0.016410 -0.077489 0.000001
v 0.014575 -0.076651 0.018815
v 0.015970 -0.076645 0.015557
v 0.017086 -0.076640 0.012185
v 0.017922 -0.076637 0.008704
v 0.018468 -0.076635 0.005153
v 0.012616 -0.076658 0.022428
v 0.010606 -0.076665 0.025427
v 0.008346 -0.076671 0.028243
v 0.005912 -0.076676 0.030804
v 0.014551 -0.077357 0.015023
v 0.013210 -0.077358 0.018164
v 0.011327 -0.077360 0.021648
v 0.014842 -0.077494 0.011237
v 0.014759 -0.077494 0.011525
v 0.012921 -0.077496 0.016528
v 0.010289 -0.077498 0.021482
v 0.006992 -0.077498 0.026020
v 0.009393 -0.077361 0.024541
v 0.007217 -0.077362 0.027260
v 0.001208 -0.065523 0.038207
v -0.000988 -0.065629 0.039464
v 0.001080 -0.065785 0.038012
v -0.000988 -0.065789 0.039277
v 0.000900 -0.065957 0.037738
v -0.000988 -0.065917 0.039033
v 0.003366 -0.065520 0.036680
v 0.003225 -0.065784 0.036494
v 0.003027 -0.065956 0.036233
v -0.022988 -0.042398 0.048537
v -0.022988 -0.051765 0.045724
v -0.003988 -0.051765 0.045724
v -0.022988 -0.058988 0.043116
v -0.022988 -0.065402 0.040464
v -0.038825 -0.037571 0.042283
v -0.038825 -0.037416 0.042079
v -0.038825 -0.037205 0.041917
v -0.038825 -0.037054 0.041845
v -0.038825 -0.036705 0.041783
v -0.039208 -0.028705 0.046642
v -0.039208 -0.036705 0.046642
v -0.039325 -0.036705 0.046585
v -0.039325 -0.028705 0.046585
v -0.039532 -0.036705 0.046426
v -0.039532 -0.028705 0.046426
v -0.039691 -0.036705 0.046218
v -0.039691 -0.028705 0.046218
v -0.039749 -0.036705 0.046101
v -0.039749 -0.028705 0.046101
v -0.039825 -0.028705 0.045718
v -0.039825 -0.036705 0.045718
v -0.039156 -0.037506 0.046218
v -0.039016 -0.037167 0.046585
v -0.039179 -0.037059 0.046585
v -0.039287 -0.036897 0.046585
v -0.039625 -0.037037 0.046218
v -0.039437 -0.037318 0.046218
v -0.039208 -0.037629 0.045718
v -0.039532 -0.037413 0.045718
v -0.039749 -0.037088 0.045718
v -0.039208 -0.037629 0.042783
v -0.039532 -0.037413 0.042783
v -0.039749 -0.037088 0.042783
v -0.039825 -0.036705 0.042783
v 0.004698 -0.066792 0.035022
v -0.033208 -0.066654 0.035062
v -0.033208 -0.066293 0.035293
v 0.004373 -0.066277 0.035309
v 0.004568 -0.066422 0.035184
v 0.004627 -0.066492 0.035138
v 0.004686 -0.066611 0.035079
v -0.033208 -0.066062 0.035654
v 0.003528 -0.066038 0.035725
v 0.004049 -0.066144 0.035483
v 0.004155 -0.066179 0.035429
v -0.034893 -0.066076 0.036315
v -0.034120 -0.066076 0.035798
v -0.035122 -0.066293 0.036086
v -0.034244 -0.066293 0.035499
v -0.035276 -0.066617 0.035932
v -0.034327 -0.066617 0.035298
v -0.035330 -0.067000 0.035878
v -0.034356 -0.067000 0.035228
v -0.036572 -0.067000 0.037121
v -0.036518 -0.066617 0.037175
v -0.036365 -0.066293 0.037328
v -0.036136 -0.066076 0.037558
v -0.036593 -0.066076 0.038198
v -0.036884 -0.066293 0.038056
v -0.037079 -0.066617 0.037961
v -0.037148 -0.067000 0.037928
v -0.037148 -0.075000 0.037928
v -0.036572 -0.075000 0.037121
v 0.015012 -0.078986 0.000001
v 0.015012 -0.078986 -0.000003
v 0.015012 -0.087250 -0.000003
v 0.011347 -0.087250 0.016505
v 0.011606 -0.078995 0.015939
v 0.011872 -0.087250 0.015331
v 0.013475 -0.078992 0.010841
v 0.014622 -0.078988 0.005500
v 0.014846 -0.087250 0.003597
v 0.014307 -0.078989 0.007382
v 0.014307 -0.087250 0.007382
v 0.013817 -0.087250 0.009580
v 0.001116 -0.087250 0.029846
v 0.002116 -0.078998 0.028975
v 0.005444 -0.087250 0.025589
v 0.005876 -0.078997 0.025082
v 0.006251 -0.087250 0.024630
v 0.006251 -0.078997 0.024630
v 0.009058 -0.087250 0.020711
v 0.009059 -0.078997 0.020710
v 0.011347 -0.078995 0.016505
v -0.003821 -0.087250 0.033381
v -0.002139 -0.078998 0.032305
v -0.000675 -0.078998 0.031265
v -0.022988 -0.088250 -0.036000
v -0.016765 -0.088250 -0.036000
v -0.006769 -0.087250 -0.035000
v -0.010542 -0.087250 -0.035000
v -0.006765 -0.087428 -0.035016
v -0.010542 -0.087596 -0.035062
v -0.006754 -0.087598 -0.035063
v -0.006721 -0.087856 -0.035205
v -0.010542 -0.087957 -0.035293
v -0.006700 -0.087960 -0.035297
v -0.010542 -0.088188 -0.035654
v -0.006638 -0.088148 -0.035561
v -0.003655 -0.087960 -0.033634
v -0.003808 -0.087250 -0.033381
v -0.003776 -0.087598 -0.033434
v -0.000456 -0.087250 -0.031107
v 0.001165 -0.087598 -0.029893
v 0.001125 -0.087250 -0.029846
v 0.005498 -0.087598 -0.025629
v 0.005451 -0.087250 -0.025588
v 0.006422 -0.087250 -0.024425
v 0.009116 -0.087598 -0.020744
v 0.009063 -0.087250 -0.020711
v 0.011461 -0.087250 -0.016267
v 0.011933 -0.087598 -0.015357
v 0.011875 -0.087250 -0.015332
v 0.013879 -0.087598 -0.009598
v 0.013818 -0.087250 -0.009582
v 0.014357 -0.087250 -0.007126
v 0.014909 -0.087598 -0.003607
v 0.014846 -0.087250 -0.003601
v 0.015075 -0.087598 -0.000003
v 0.015308 -0.087960 -0.000003
v 0.015673 -0.088190 -0.000003
v 0.015141 -0.087960 -0.003628
v 0.015504 -0.088190 -0.003662
v 0.014459 -0.088190 -0.009745
v 0.012483 -0.088190 -0.015592
v 0.009623 -0.088190 -0.021062
v 0.005949 -0.088190 -0.026021
v 0.001551 -0.088190 -0.030351
v -0.003467 -0.088190 -0.033946
v 0.014106 -0.087960 -0.009655
v 0.012147 -0.087960 -0.015449
v 0.009314 -0.087960 -0.020868
v 0.005674 -0.087960 -0.025782
v 0.001316 -0.087960 -0.030072
v 0.020568 0.031195 0.008800
v 0.021101 0.031330 0.005879
v 0.019688 0.035027 0.005251
v 0.018908 0.030736 0.014570
v 0.019854 0.031003 0.011699
v 0.018734 0.034711 0.010460
v 0.004360 0.052806 0.007148
v 0.004441 0.052772 0.006139
v 0.003118 0.053602 0.005559
v 0.016177 0.022436 0.024347
v 0.012079 -0.000017 0.039552
v 0.015091 0.007421 0.032529
v 0.016059 0.037711 0.013790
v 0.014681 0.041200 0.012022
v 0.015163 0.037274 0.016048
v 0.015802 0.033624 0.018120
v 0.016117 0.029921 0.020201
v 0.012840 0.044511 0.010324
v 0.010500 0.047582 0.008748
v 0.007678 0.050350 0.007343
v 0.001227 0.054662 0.000000
v 0.001423 0.054558 0.001230
v 0.004236 0.052953 0.000000
v 0.004404 0.052838 0.002046
v 0.004381 0.052863 0.000000
v 0.017679 0.030381 0.017406
v 0.017036 0.034091 0.015593
v 0.017282 0.038286 0.009230
v 0.015466 0.041687 0.008030
v 0.013265 0.044874 0.006885
v 0.010672 0.047812 0.005830
v 0.007709 0.050465 0.004894
v 0.004425 0.052809 0.004092
v 0.002126 0.054177 0.003633
v 0.021887 0.015548 0.016529
v 0.019945 0.023107 0.017607
v 0.020249 0.015375 0.020575
v 0.018267 0.022809 0.021010
v 0.018240 0.015167 0.024556
v 0.017793 0.007538 0.028056
v 0.015806 0.014919 0.028455
v 0.020096 -0.000060 0.025425
v 0.016888 -0.000058 0.031874
v 0.015047 -0.000047 0.035043
v 0.020085 0.007645 0.023497
v 0.021507 -0.000054 0.022078
v 0.023096 0.023653 0.007113
v 0.022302 0.023520 0.010646
v 0.021271 0.023341 0.014148
v 0.024919 0.007899 0.009470
v 0.024258 0.015800 0.008302
v 0.023607 0.007827 0.014186
v 0.022009 0.007742 0.018868
v 0.027548 0.000000 0.000000
v 0.026934 0.007275 0.000000
v 0.025815 0.015721 0.000000
v 0.025777 0.015954 0.000000
v 0.024864 0.020922 0.000000
v 0.008482 0.049983 0.000000
v 0.007708 0.050540 0.002446
v 0.010705 0.048094 0.000000
v 0.010749 0.047945 0.002914
v 0.014543 0.044082 0.000000
v 0.024245 0.023668 0.000000
v 0.022576 0.029421 0.000000
v 0.021856 0.031405 0.000000
v 0.019084 0.037403 0.000000
v 0.017957 0.038576 0.004627
v 0.018344 0.038697 0.000000
v 0.015891 0.041936 0.004019
v 0.013485 0.045069 0.003443
v 0.023926 -0.000035 0.015252
v 0.025059 -0.000022 0.011371
v 0.004000 -0.030107 0.041783
v 0.004000 -0.027705 0.043413
v 0.021524 0.011413 0.003708
v 0.021524 0.008918 0.008030
v 0.021524 0.011934 -0.001254
v 0.021524 0.000000 0.012000
v 0.021524 0.004881 0.010963
v 0.021524 -0.004881 0.010963
v 0.021524 -0.008918 0.008030
v 0.021524 -0.011413 0.003708
v 0.021524 -0.011934 -0.001254
v 0.021524 -0.010392 -0.006000
v 0.021524 -0.007053 -0.009708
v 0.021524 -0.002495 -0.011738
v 0.026802 0.003505 -0.011476
v 0.026916 0.002496 -0.011737
v 0.021524 0.002495 -0.011738
v 0.027059 0.000932 -0.011964
v 0.027126 0.000000 -0.012000
v 0.027130 -0.000063 -0.011999
v 0.026489 0.005719 -0.010550
v 0.021524 0.007053 -0.009708
v 0.026252 0.007054 -0.009708
v 0.025242 0.010804 -0.005223
v 0.025397 0.010392 -0.006000
v 0.021524 0.010392 -0.006000
v 0.025658 0.009576 -0.007232
v 0.026101 0.007792 -0.009126
v 0.024528 0.011934 -0.001255
v 0.024817 0.011635 -0.002938
v 0.004484 -0.067170 -0.035163
v 0.004437 -0.067154 -0.035133
v 0.003031 -0.071958 -0.035133
v 0.004117 -0.067050 -0.035013
v 0.004104 -0.067045 -0.035011
v 0.002692 -0.071872 -0.035011
v 0.002143 -0.074231 -0.035011
v 0.002029 -0.076564 -0.035116
v 0.002485 -0.074303 -0.035133
v 0.002422 -0.076166 -0.035384
v 0.002758 -0.074360 -0.035369
v 0.002561 -0.075944 -0.035536
v 0.002930 -0.074397 -0.035691
v 0.004186 -0.067072 -0.035028
v 0.004701 -0.067240 -0.035369
v 0.003301 -0.072027 -0.035369
v 0.004868 -0.067295 -0.035691
v 0.003471 -0.072070 -0.035691
v 0.004870 -0.067296 -0.035698
v 0.004147 -0.069785 -0.036000
v 0.004915 -0.067310 -0.036000
v 0.001999 -0.074201 -0.035000
v 0.002549 -0.071836 -0.035000
v 0.003964 -0.067000 -0.035000
v 0.001509 -0.076842 -0.035000
v 0.000158 -0.077224 -0.035000
v -0.002686 -0.077500 -0.035000
v 0.001458 -0.077500 -0.032071
v 0.016259 -0.077490 -0.003540
v 0.017926 -0.076952 -0.005597
v 0.014049 -0.077498 -0.013793
v 0.015036 -0.077496 -0.010597
v 0.016922 -0.076962 -0.011057
v 0.015626 -0.077494 -0.008039
v 0.016062 -0.077491 -0.005375
v 0.000862 -0.077050 -0.035000
v 0.002709 -0.077042 -0.033604
v 0.006651 -0.077029 -0.029954
v 0.010093 -0.077012 -0.025810
v 0.015267 -0.076976 -0.016296
v 0.012981 -0.076993 -0.021236
v 0.005188 -0.077500 -0.028584
v 0.008437 -0.077500 -0.024624
v 0.011153 -0.077500 -0.020257
v 0.012021 -0.077500 -0.018537
v 0.013283 -0.077499 -0.015786
v 0.012024 -0.065800 -0.001800
v 0.012024 -0.065648 -0.002565
v 0.012024 -0.065214 -0.003214
v 0.012024 -0.064565 -0.003648
v 0.012024 -0.063800 -0.003800
v 0.022024 -0.023611 -0.003800
v 0.012024 -0.056800 -0.003800
v 0.020024 -0.056800 -0.003800
v 0.020281 -0.056783 -0.003800
v 0.021166 -0.056442 -0.003800
v 0.021798 -0.055724 -0.003800
v 0.022024 -0.054800 -0.003800
v 0.022024 -0.022845 -0.003648
v 0.022024 -0.022197 -0.003214
v 0.022024 -0.021763 -0.002565
v 0.022024 -0.021611 -0.001800
v 0.014075 -0.041541 -0.055315
v 0.029533 0.000000 -0.057018
v 0.029254 -0.013744 -0.057018
v 0.027959 -0.020803 -0.057018
v 0.017911 -0.039843 -0.057018
v 0.022318 -0.033982 -0.057018
v 0.011604 -0.043218 -0.054877
v 0.011511 -0.043393 -0.054959
v 0.011460 -0.043461 -0.054981
v 0.011184 -0.043730 -0.055018
v 0.011626 -0.043054 -0.054754
v 0.011905 -0.042915 -0.054837
v 0.012184 -0.042775 -0.054920
v 0.013348 -0.042044 -0.055172
v -0.023988 -0.054368 -0.054021
v -0.023964 -0.054533 -0.054235
v -0.023988 -0.055137 -0.055018
v -0.023930 -0.054624 -0.054354
v -0.023725 -0.054886 -0.054694
v -0.023362 -0.055078 -0.054945
v -0.023987 -0.091843 -0.045846
v -0.022988 -0.055130 -0.055018
v -0.017840 -0.056400 -0.057018
v -0.018557 -0.057400 -0.056724
v 0.012553 -0.042525 -0.054975
v 0.013130 -0.042133 -0.055046
v 0.013291 -0.042023 -0.055061
v 0.015029 -0.040918 -0.054985
v 0.014487 -0.041231 -0.055329
v 0.015099 -0.041205 -0.054331
v 0.014409 -0.042241 -0.053619
v 0.014987 -0.041057 -0.054672
v 0.014938 -0.041156 -0.054525
v 0.014987 -0.041234 -0.054380
v 0.014772 -0.041370 -0.054310
v 0.014646 -0.041708 -0.054005
v 0.014231 -0.042190 -0.053726
v 0.014045 -0.042112 -0.053798
v 0.014976 -0.041018 -0.054778
v 0.013792 -0.041686 -0.055090
v 0.014357 -0.041317 -0.055071
v 0.014446 -0.041271 -0.055197
v 0.014817 -0.041055 -0.054948
v 0.014929 -0.041015 -0.054859
v 0.007060 -0.052898 -0.047508
v 0.002151 -0.064503 -0.040824
v 0.001889 -0.064500 -0.040866
v 0.002750 -0.061437 -0.042595
v 0.003854 -0.058477 -0.044301
v 0.005336 -0.055640 -0.045933
v 0.002495 -0.061400 -0.042657
v 0.003598 -0.058410 -0.044384
v 0.005074 -0.055548 -0.046037
v 0.006784 -0.052788 -0.047631
v 0.002778 -0.065390 -0.039843
v 0.002272 -0.065111 -0.040341
v 0.003743 -0.065595 -0.038993
v 0.002649 -0.065517 -0.039784
v 0.003727 -0.065812 -0.038727
v 0.001945 -0.065068 -0.040442
v 0.002509 -0.065617 -0.039702
v 0.002365 -0.065688 -0.039600
v 0.002997 -0.065863 -0.039085
v 0.002841 -0.065928 -0.038921
v 0.003373 -0.066000 -0.038277
v 0.003366 -0.066000 -0.038268
v 0.003589 -0.065933 -0.038552
v 0.003964 -0.065784 -0.038657
v 0.004320 -0.066050 -0.038026
v 0.004376 -0.066089 -0.037788
v 0.004560 -0.066197 -0.037788
v 0.004043 -0.065948 -0.038259
v 0.004271 -0.065989 -0.038251
v 0.003964 -0.066000 -0.037788
v 0.003958 -0.066000 -0.037807
v 0.003882 -0.065990 -0.038036
v 0.003812 -0.065958 -0.038280
v 0.004774 -0.066413 -0.036000
v 0.004588 -0.066218 -0.036000
v 0.004376 -0.066089 -0.036000
v 0.004209 -0.066030 -0.036000
v 0.003964 -0.066000 -0.036000
v 0.004964 -0.067037 -0.036000
v 0.004958 -0.066891 -0.036000
v 0.004909 -0.066672 -0.036000
v 0.004809 -0.066464 -0.036000
v 0.021024 -0.022611 0.001800
v 0.021024 -0.022687 0.002183
v 0.021100 -0.022228 0.001800
v 0.021100 -0.022333 0.002329
v 0.021317 -0.021904 0.001800
v 0.021317 -0.022034 0.002453
v 0.021642 -0.021687 0.001800
v 0.021642 -0.021833 0.002536
v 0.021024 -0.022904 0.002507
v 0.021100 -0.022633 0.002778
v 0.021317 -0.022404 0.003007
v 0.021642 -0.022250 0.003160
v 0.021024 -0.023228 0.002724
v 0.021100 -0.023082 0.003077
v 0.021317 -0.022958 0.003377
v 0.021642 -0.022875 0.003577
v 0.021024 -0.023611 0.002800
v 0.021100 -0.023611 0.003183
v 0.021317 -0.023611 0.003507
v 0.021642 -0.023611 0.003724
v 0.021642 -0.054800 0.003724
v 0.021317 -0.054800 0.003507
v 0.021100 -0.054800 0.003183
v 0.021024 -0.054800 0.002800
v 0.020962 -0.055146 0.002800
v 0.021020 -0.055167 0.003146
v 0.021237 -0.055247 0.003507
v 0.021576 -0.055372 0.003738
v 0.020370 -0.055738 0.002800
v 0.020024 -0.055800 0.002800
v 0.020392 -0.055796 0.003146
v 0.020024 -0.055862 0.003146
v 0.020472 -0.056013 0.003507
v 0.020024 -0.056093 0.003507
v 0.020597 -0.056352 0.003738
v 0.020024 -0.056454 0.003738
v 0.020731 -0.055507 0.002800
v 0.020775 -0.055551 0.003146
v 0.020939 -0.055714 0.003507
v 0.021194 -0.055969 0.003738
v 0.012024 -0.055800 0.002800
v 0.012024 -0.056422 0.003726
v 0.012024 -0.056093 0.003507
v 0.012024 -0.055874 0.003178
v -0.039825 -0.028705 0.042783
v -0.035330 -0.075000 0.035878
v -0.016171 -0.088201 -0.035691
v -0.016171 -0.088025 -0.035369
v -0.016171 -0.087747 -0.035133
v -0.016171 -0.087397 -0.035011
v -0.022988 -0.088187 -0.035652
v -0.022988 -0.087953 -0.035290
v -0.022988 -0.087589 -0.035060
v -0.022988 -0.087250 -0.035000
v -0.016171 -0.087250 -0.035000
v -0.006769 -0.078866 -0.035000
v -0.029551 -0.070441 -0.035000
v -0.030451 -0.070200 -0.035000
v -0.034036 -0.067000 -0.035000
v -0.031351 -0.070441 -0.035000
v -0.006606 -0.078521 -0.035000
v -0.022988 -0.076000 -0.035000
v -0.005999 -0.078034 -0.035000
v -0.004622 -0.077585 -0.035000
v -0.031351 -0.073559 -0.035000
v -0.032009 -0.072900 -0.035000
v -0.034036 -0.076000 -0.035000
v -0.032251 -0.072000 -0.035000
v -0.032009 -0.071100 -0.035000
v -0.030451 -0.073800 -0.035000
v -0.029551 -0.073559 -0.035000
v -0.003610 -0.077500 -0.035000
v -0.004559 -0.077575 -0.035000
v -0.028892 -0.071100 -0.035000
v -0.028651 -0.072000 -0.035000
v -0.028892 -0.072900 -0.035000
v 0.030119 0.000000 -0.031881
v 0.030023 0.000000 -0.042836
v 0.029301 0.007865 -0.042251
v 0.004112 0.053142 -0.049985
v 0.003904 0.053258 -0.049708
v 0.004307 0.052994 -0.028335
v 0.003803 0.053314 -0.049567
v 0.003704 0.053369 -0.049424
v 0.003607 0.053422 -0.049280
v 0.003511 0.053474 -0.049133
v 0.003499 0.053481 -0.049115
v 0.003465 0.053499 -0.049061
v 0.002678 0.053921 -0.047606
v 0.001778 0.054388 -0.045057
v 0.001760 0.054397 -0.044986
v 0.001615 0.054471 -0.044380
v 0.001168 0.054695 -0.041316
v 0.001103 0.054728 -0.040340
v 0.008423 0.050476 -0.053722
v 0.006055 0.052006 -0.051991
v 0.007776 0.050807 -0.028324
v 0.005741 0.052197 -0.051717
v 0.005494 0.052345 -0.051491
v 0.005250 0.052489 -0.051258
v 0.004965 0.052656 -0.050971
v 0.004327 0.053021 -0.050255
v 0.019443 0.039266 -0.028222
v 0.018085 0.041588 -0.056909
v 0.016940 0.042570 -0.028255
v 0.015854 0.044173 -0.056609
v 0.014135 0.045603 -0.028284
v 0.013444 0.046535 -0.056017
v 0.010923 0.048651 -0.055062
v 0.020395 0.038332 -0.057012
v 0.020154 0.038706 -0.057009
v 0.020087 0.038809 -0.057008
v 0.023462 0.031984 -0.028149
v 0.021454 0.036562 -0.057018
v 0.021619 0.035723 -0.028186
v 0.020770 0.037729 -0.057016
v 0.020613 0.037984 -0.057014
v 0.029592 0.000000 -0.055628
v 0.029511 0.000365 -0.057018
v 0.029805 0.000000 -0.020978
v 0.030060 0.000000 -0.027958
v 0.029316 0.007848 -0.027974
v 0.030113 0.000000 -0.031205
v 0.029443 0.000000 -0.015436
v 0.028590 0.007793 -0.013876
v 0.028951 0.000000 -0.010160
v 0.027861 0.007748 -0.006795
v 0.028556 0.000000 -0.006793
v 0.011066 0.048348 -0.028307
v 0.013904 0.045461 -0.013982
v 0.016619 0.042388 -0.013972
v 0.019031 0.039058 -0.013961
v 0.021123 0.035505 -0.013948
v 0.022897 0.031773 -0.013935
v 0.024371 0.027909 -0.013922
v 0.025575 0.023953 -0.013910
v 0.027355 0.015908 -0.013891
v 0.026691 0.015824 -0.006799
v 0.001045 0.054757 -0.037588
v 0.001045 0.054757 -0.030812
v 0.001045 0.054757 -0.013657
v 0.001045 0.054757 -0.011549
v 0.001045 0.054757 -0.011449
v 0.001047 0.054755 -0.003369
v 0.028040 0.016015 -0.028018
v 0.026224 0.024118 -0.028078
v 0.024986 0.028100 -0.028112
v 0.023659 0.032075 -0.042456
v 0.025155 0.028183 -0.042413
v 0.026351 0.024191 -0.042372
v 0.028073 0.016061 -0.042301
v 0.029488 0.000730 -0.057018
v 0.029670 0.000000 -0.053713
v 0.021024 0.000000 -0.011500
v 0.021024 0.002391 -0.011249
v 0.021024 0.006760 -0.009304
v 0.021024 0.009959 -0.005750
v 0.021024 0.011437 -0.001202
v 0.021024 0.010937 0.003554
v 0.021024 0.008546 0.007695
v 0.021024 0.004678 0.010506
v 0.021024 0.000000 0.011500
v 0.021024 -0.004677 0.010506
v 0.021024 -0.008546 0.007695
v 0.021024 -0.010937 0.003554
v 0.021024 -0.011437 -0.001202
v 0.021024 -0.009959 -0.005750
v 0.021024 -0.006759 -0.009304
v 0.021024 -0.002391 -0.011249
v 0.009859 -0.077500 -0.022241
v 0.006368 -0.077500 -0.026810
v 0.002265 -0.077500 -0.030839
v -0.002366 -0.077500 -0.034246
v 0.011849 -0.078910 -0.015393
v 0.012679 -0.078915 -0.013295
v 0.012782 -0.078430 -0.013333
v 0.014463 -0.078932 -0.006530
v 0.014921 -0.078949 -0.002672
v 0.014968 -0.078433 -0.003426
v 0.014808 -0.077532 -0.010392
v 0.011575 -0.077586 -0.018307
v 0.013790 -0.077531 -0.013699
v 0.015994 -0.077532 -0.003516
v 0.015727 -0.077627 -0.003493
v 0.015729 -0.077707 0.000002
v 0.015271 -0.077957 -0.003453
v 0.015421 -0.077957 0.000002
v 0.015012 -0.078982 -0.000007
v 0.015016 -0.078885 0.000002
v 0.015012 -0.078983 -0.000003
v 0.015012 -0.078983 0.000001
v 0.013402 -0.078920 -0.011099
v 0.014357 -0.078930 -0.007126
v 0.014523 -0.078433 -0.006806
v 0.014418 -0.078931 -0.006787
v 0.010791 -0.078421 -0.017903
v 0.010690 -0.078904 -0.017852
v 0.011461 -0.078908 -0.016267
v 0.015081 -0.078538 0.000002
v 0.015225 -0.078216 0.000002
v 0.011104 -0.077911 -0.018065
v 0.013081 -0.077947 -0.013441
v 0.013530 -0.077620 -0.013604
v 0.014826 -0.077955 -0.006860
v 0.015281 -0.077626 -0.006941
v 0.015546 -0.077533 -0.006988
v 0.021642 -0.054800 -0.003724
v 0.021642 -0.023611 -0.003724
v 0.021317 -0.054800 -0.003507
v 0.021317 -0.023611 -0.003507
v 0.021100 -0.054800 -0.003183
v 0.021100 -0.023611 -0.003183
v 0.021024 -0.054800 -0.002800
v 0.021024 -0.023611 -0.002800
v 0.012024 -0.055800 -0.002800
v 0.020024 -0.055800 -0.002800
v 0.020024 -0.055876 -0.003183
v 0.012024 -0.055874 -0.003178
v 0.020024 -0.056093 -0.003507
v 0.012024 -0.056093 -0.003507
v 0.020024 -0.056417 -0.003724
v 0.012024 -0.056422 -0.003726
v 0.020948 -0.055183 -0.002800
v 0.021173 -0.055948 -0.003727
v 0.021525 -0.055421 -0.003727
v 0.020436 -0.055795 -0.003185
v 0.020407 -0.055724 -0.002800
v 0.020731 -0.055507 -0.002800
v 0.020786 -0.055561 -0.003185
v 0.021019 -0.055212 -0.003185
v 0.020520 -0.055997 -0.003510
v 0.020941 -0.055716 -0.003510
v 0.021222 -0.055296 -0.003510
v 0.020646 -0.056300 -0.003727
v 0.021024 -0.023228 -0.002724
v 0.021100 -0.023082 -0.003077
v 0.021317 -0.022958 -0.003377
v 0.021642 -0.022875 -0.003577
v 0.021024 -0.022904 -0.002507
v 0.021100 -0.022633 -0.002778
v 0.021317 -0.022404 -0.003007
v 0.021642 -0.022250 -0.003160
v 0.021024 -0.022687 -0.002183
v 0.021100 -0.022333 -0.002329
v 0.021317 -0.022034 -0.002453
v 0.021642 -0.021833 -0.002536
v 0.021024 -0.022611 -0.001800
v 0.021100 -0.022228 -0.001800
v 0.021317 -0.021904 -0.001800
v 0.021642 -0.021687 -0.001800
v -0.022988 -0.043730 -0.055018
v -0.022988 -0.043230 -0.054884
v -0.022988 -0.042993 -0.054694
v 0.011619 -0.042979 -0.054678
v 0.011620 -0.042993 -0.054694
v 0.011617 -0.042795 -0.054371
v -0.022988 -0.042864 -0.054518
v 0.011623 -0.042765 -0.054276
v -0.022988 -0.042765 -0.054277
v 0.011666 -0.042736 -0.053908
v -0.022988 -0.042730 -0.054018
v 0.011684 -0.042754 -0.053801
v -0.022988 -0.042754 -0.053802
v 0.011714 -0.042798 -0.053657
v -0.022988 -0.042864 -0.053518
v 0.011764 -0.042899 -0.053462
v -0.022988 -0.043230 -0.053152
v 0.011881 -0.043230 -0.053152
v -0.023988 -0.043730 -0.054018
v -0.023854 -0.043730 -0.054518
v -0.023698 -0.043730 -0.054722
v -0.023488 -0.043730 -0.054884
v -0.023336 -0.043730 -0.054956
v -0.022988 -0.064500 -0.040866
v 0.012968 -0.042679 -0.053470
v -0.022988 -0.065949 -0.038817
v -0.022988 -0.065836 -0.039245
v -0.036436 -0.065949 -0.038817
v -0.036352 -0.065988 -0.038534
v -0.036197 -0.066000 -0.038269
v -0.022988 -0.065454 -0.039994
v -0.035865 -0.066000 -0.037829
v -0.034036 -0.066000 -0.036000
v 0.003667 -0.066000 -0.038030
v -0.039824 -0.028668 0.042783
v -0.039790 -0.028444 0.042932
v -0.039691 -0.028205 0.045719
v -0.039532 -0.027998 0.045719
v -0.039549 -0.028015 0.043213
v -0.039325 -0.027839 0.045719
v -0.039209 -0.027782 0.043363
v -0.038825 -0.027705 0.043413
v -0.038825 -0.030107 0.041783
v -0.039325 -0.036705 0.041917
v -0.039532 -0.036705 0.042076
v -0.039378 -0.029875 0.041949
v -0.039077 -0.030063 0.041814
v -0.039691 -0.036705 0.042283
v -0.039737 -0.029274 0.042370
v -0.039545 -0.029677 0.042089
v -0.039825 -0.028705 0.042758
v -0.039763 -0.036705 0.042437
v -0.023370 -0.076000 -0.035076
v -0.023695 -0.076000 -0.035293
v -0.023988 -0.076000 -0.040000
v -0.023988 -0.076000 -0.036000
v -0.023911 -0.076000 -0.035618
v -0.037147 -0.076000 -0.037929
v -0.036436 -0.076000 -0.040000
v -0.036572 -0.076000 -0.037122
v -0.034743 -0.076000 -0.035293
v -0.034419 -0.076000 -0.035076
v -0.037184 -0.076000 -0.039663
v -0.036846 -0.076000 -0.039912
v -0.037391 -0.076000 -0.039297
v -0.037428 -0.076000 -0.038879
v 0.005494 0.052342 -0.051491
v 0.004325 0.053019 -0.050252
v 0.004155 0.053115 -0.050040
v 0.003990 0.053208 -0.049824
v 0.003909 0.053254 -0.049715
v 0.003829 0.053298 -0.049604
v 0.003751 0.053342 -0.049492
v 0.003674 0.053385 -0.049380
v 0.002633 0.051836 -0.047507
v 0.002533 0.052051 -0.047280
v 0.002387 0.053111 -0.046838
v 0.002198 0.052864 -0.046420
v 0.001812 0.054213 -0.045183
v 0.004491 0.051760 -0.050184
v 0.003267 0.052474 -0.048523
v 0.002736 0.051617 -0.047730
v 0.003458 0.051212 -0.048833
v 0.006665 0.049245 -0.051902
v 0.008693 0.047826 -0.052851
v 0.019075 0.036665 -0.055008
v 0.019364 0.036184 -0.055013
v 0.019568 0.035833 -0.055015
v 0.019715 0.035576 -0.055016
v 0.020352 0.034404 -0.055021
v 0.021024 0.002106 -0.008544
v 0.021024 -0.002106 -0.008544
v 0.021024 -0.005835 -0.006587
v 0.021024 -0.008228 -0.003120
v 0.021024 -0.008736 0.001061
v 0.021024 0.008736 0.001061
v 0.021024 0.008228 -0.003120
v 0.021024 0.005836 -0.006587
v 0.021024 -0.007242 0.004999
v 0.021024 -0.004090 0.007792
v 0.021024 0.000000 0.008800
v 0.021024 0.004090 0.007792
v 0.021024 0.007242 0.004999
v 0.011678 -0.056800 -0.003738
v 0.011435 -0.056800 -0.003608
v 0.011369 -0.056615 -0.003533
v 0.011195 -0.056800 -0.003358
v 0.011130 -0.056800 -0.003248
v 0.011084 -0.056560 -0.003040
v 0.011242 -0.056177 -0.002800
v 0.011559 -0.055915 -0.002800
v 0.011369 -0.056067 -0.002985
v 0.011191 -0.056246 -0.002800
v 0.011314 -0.056302 -0.003298
v 0.011130 -0.056353 -0.002800
v 0.011027 -0.056721 -0.002800
v 0.011050 -0.056573 -0.002801
v 0.011086 -0.056800 -0.003146
v 0.011024 -0.056800 -0.002800
v 0.011317 -0.056800 -0.003507
v 0.011764 -0.055834 -0.002800
v 0.011703 -0.055915 -0.003138
v 0.011676 -0.056137 -0.003463
v 0.011703 -0.056462 -0.003685
v 0.011768 -0.056800 -0.003767
v -0.023334 -0.064531 -0.040920
v -0.023488 -0.043297 -0.053268
v -0.023488 -0.064567 -0.040982
v -0.023695 -0.064647 -0.041120
v -0.023854 -0.043480 -0.053585
v -0.023854 -0.064750 -0.041299
v -0.023988 -0.065001 -0.041732
v -0.036436 -0.066548 -0.039923
v -0.023988 -0.066628 -0.039953
v -0.036436 -0.066550 -0.039924
v -0.023988 -0.066932 -0.040000
v -0.036436 -0.066932 -0.040000
v -0.036436 -0.065955 -0.039210
v -0.023364 -0.065944 -0.039152
v -0.023692 -0.066057 -0.039484
v -0.023729 -0.066082 -0.039527
v -0.023817 -0.066159 -0.039634
v -0.036436 -0.066163 -0.039639
v -0.023929 -0.066329 -0.039798
v -0.023984 -0.066546 -0.039923
v -0.036436 -0.065955 -0.039212
v -0.023333 -0.065940 -0.039122
v -0.023926 -0.065989 -0.040370
v -0.023695 -0.065693 -0.040163
v -0.023334 -0.065504 -0.040030
v -0.023988 -0.066272 -0.040569
v -0.023988 -0.066385 -0.040400
v -0.039825 -0.028687 0.042770
v -0.027852 -0.070500 -0.040000
v -0.027450 -0.072000 -0.040000
v -0.027852 -0.073500 -0.040000
v -0.028951 -0.069402 -0.040000
v -0.030451 -0.069000 -0.040000
v -0.031950 -0.069402 -0.040000
v -0.033049 -0.070500 -0.040000
v -0.033450 -0.072000 -0.040000
v -0.033049 -0.073500 -0.040000
v -0.031950 -0.074598 -0.040000
v -0.030450 -0.075000 -0.040000
v -0.028950 -0.074598 -0.040000
v -0.036839 -0.066932 -0.039915
v -0.037181 -0.066932 -0.039667
v -0.037390 -0.066932 -0.039300
v -0.037428 -0.066932 -0.038879
v -0.037302 -0.066984 -0.038312
v -0.037070 -0.067000 -0.037781
v -0.036572 -0.067000 -0.037122
v -0.034743 -0.067000 -0.035293
v 0.002197 0.051910 -0.046423
v 0.001778 0.052133 -0.045057
v 0.001778 0.052394 -0.045057
v 0.002682 0.051646 -0.047614
v 0.011524 0.000000 0.008800
v 0.011524 0.004090 0.007792
v 0.011524 0.007242 0.004999
v 0.011524 0.008736 0.001061
v 0.011524 0.008228 -0.003120
v 0.011524 0.005836 -0.006587
v 0.011524 0.002106 -0.008544
v 0.011524 -0.002106 -0.008544
v 0.011524 -0.005835 -0.006587
v 0.011524 -0.008228 -0.003120
v 0.011524 -0.008736 0.001061
v 0.011524 -0.007242 0.004999
v 0.011524 -0.004090 0.007792
v -0.033451 -0.072000 -0.036800
v -0.033049 -0.073500 -0.036800
v -0.031951 -0.074598 -0.036800
v -0.030451 -0.075000 -0.036800
v -0.028951 -0.074598 -0.036800
v -0.027852 -0.073500 -0.036800
v -0.027451 -0.072000 -0.036800
v -0.027852 -0.070500 -0.036800
v -0.028951 -0.069402 -0.036800
v -0.030451 -0.069000 -0.036800
v -0.031951 -0.069402 -0.036800
v -0.033049 -0.070500 -0.036800
v -0.034356 -0.075000 0.035228
v -0.035276 -0.075383 0.035932
v -0.034327 -0.075383 0.035298
v -0.035122 -0.075707 0.036086
v -0.034244 -0.075707 0.035499
v -0.034893 -0.075924 0.036315
v -0.034120 -0.075924 0.035798
v -0.034622 -0.076000 0.036586
v -0.033974 -0.076000 0.036152
v -0.033208 -0.076000 0.036000
v -0.033208 -0.075924 0.035617
v -0.033208 -0.075707 0.035293
v -0.033208 -0.075383 0.035076
v -0.033208 -0.075346 0.035062
v 0.002776 0.051500 -0.000005
v 0.001515 0.052231 0.001676
v 0.002982 0.051357 0.003840
v 0.002180 0.051842 0.003774
v 0.003231 0.051179 0.005740
v 0.003026 0.051361 -0.003778
v 0.004000 0.051492 -0.000927
v 0.003710 0.050956 -0.007464
v 0.004000 0.050780 -0.008580
v 0.004000 0.051056 0.006746
v -0.034496 -0.066729 -0.035154
v -0.034594 -0.066639 -0.035253
v -0.034302 -0.066073 -0.035734
v -0.034534 -0.066289 -0.035503
v -0.034359 -0.066334 -0.035328
v -0.034036 -0.066118 -0.035528
v -0.034074 -0.066131 -0.035506
v -0.034036 -0.066293 -0.035293
v -0.034036 -0.066062 -0.035654
v -0.034417 -0.067000 -0.035075
v -0.034433 -0.066869 -0.035092
v -0.034061 -0.066759 -0.035030
v -0.034036 -0.066654 -0.035062
v -0.034177 -0.066500 -0.035146
v -0.034689 -0.066615 -0.035348
v 0.011524 0.002500 0.004330
v 0.011024 0.002750 0.004763
v 0.011524 0.004330 0.002500
v 0.011024 0.004763 0.002750
v 0.011524 0.005000 0.000000
v 0.011024 0.005500 0.000000
v 0.011524 0.004330 -0.002500
v 0.011024 0.004763 -0.002750
v 0.011524 0.002500 -0.004330
v 0.011024 0.002750 -0.004763
v 0.011524 0.000000 -0.005000
v 0.011024 0.000000 -0.005500
v 0.011524 -0.002500 -0.004330
v 0.011024 -0.002750 -0.004763
v 0.011524 -0.004330 -0.002500
v 0.011024 -0.004763 -0.002750
v 0.011524 -0.005000 0.000000
v 0.011024 -0.005500 0.000000
v 0.011524 -0.004330 0.002500
v 0.011024 -0.004763 0.002750
v 0.011524 -0.002500 0.004330
v 0.011024 -0.002750 0.004763
v 0.011524 0.000000 0.005000
v 0.011024 0.000000 0.005500
v 0.026019 -0.004787 -0.001443
v 0.026166 -0.004331 -0.002499
v 0.026319 -0.003127 -0.003901
v 0.026349 -0.002500 -0.004330
v 0.026359 -0.001717 -0.004696
v 0.026304 -0.000127 -0.004998
v 0.026300 -0.000064 -0.004999
v 0.026215 -0.004076 -0.002896
v 0.025221 -0.004098 0.002864
v 0.025303 -0.004330 0.002500
v 0.025537 -0.004808 0.001372
v 0.025787 -0.005000 0.000001
v 0.025843 -0.004989 -0.000325
v 0.024551 -0.000136 0.004998
v 0.024701 -0.001606 0.004735
v 0.024840 -0.002501 0.004330
v 0.024917 -0.002906 0.004069
v 0.024546 -0.000068 0.005000
v 0.024541 0.000000 0.005000
v 0.024487 0.001497 0.004771
v 0.024506 0.002500 0.004330
v 0.024531 0.002941 0.004044
v 0.024671 0.004080 0.002890
v 0.024886 0.004791 0.001429
v 0.024725 0.004331 0.002499
v 0.025590 0.004330 -0.002500
v 0.025346 0.004840 -0.001256
v 0.025178 0.004989 -0.000333
v 0.025130 0.005000 -0.000056
v 0.025634 0.004200 -0.002713
v 0.025916 0.003075 -0.003942
v 0.026296 0.000000 -0.005000
v 0.026144 0.001624 -0.004729
v 0.026019 0.002501 -0.004329
v 0.025582 -0.000130 -0.000338
v 0.011024 0.001986 -0.008059
v 0.011024 0.000000 -0.008300
v 0.011024 -0.001986 -0.008059
v 0.011024 -0.005504 -0.006213
v 0.011024 -0.007761 -0.002943
v 0.011024 -0.008239 0.001000
v 0.011024 -0.006831 0.004715
v 0.011024 -0.003857 0.007349
v 0.011024 0.000000 0.008300
v 0.011024 0.003857 0.007349
v 0.011024 0.006831 0.004715
v 0.011024 0.008240 0.001001
v 0.011024 0.007761 -0.002943
v 0.011024 0.005504 -0.006213
v 0.011024 -0.064800 0.001800
v 0.011024 -0.064666 0.002300
v 0.011024 -0.064300 0.002666
v 0.011024 -0.064507 -0.002507
v 0.011024 -0.064724 -0.002183
v 0.011024 -0.064183 -0.002724
v 0.011024 -0.064800 -0.001800
v 0.011024 -0.063800 -0.002800
v 0.011024 -0.063800 0.002800
v 0.011024 -0.056800 0.002800
v 0.011642 -0.065724 -0.001800
v 0.011642 -0.065724 0.001800
v 0.011524 -0.065666 -0.001800
v 0.011524 -0.065666 0.001800
v 0.011317 -0.065507 -0.001800
v 0.011317 -0.065507 0.001800
v 0.011158 -0.065300 -0.001800
v 0.011158 -0.065300 0.001800
v -0.023988 -0.093250 -0.045907
v -0.023985 -0.093250 -0.045907
v -0.032009 -0.071100 -0.036800
v -0.031351 -0.070441 -0.036800
v -0.030451 -0.070200 -0.036800
v -0.029551 -0.070441 -0.036800
v -0.028892 -0.071100 -0.036800
v -0.028651 -0.072000 -0.036800
v -0.028892 -0.072900 -0.036800
v -0.029551 -0.073559 -0.036800
v -0.030451 -0.073800 -0.036800
v -0.031351 -0.073559 -0.036800
v -0.032009 -0.072900 -0.036800
v -0.032251 -0.072000 -0.036800
v 0.001771 0.052391 -0.045030
v 0.001761 0.052367 -0.044992
v 0.001758 0.052353 -0.044978
v 0.001754 0.052145 -0.044964
v 0.001737 0.052218 -0.044899
v 0.001730 0.052158 -0.044873
v -0.036919 -0.066084 -0.038783
v -0.036702 -0.065991 -0.038793
v -0.036748 -0.065997 -0.039165
v -0.036830 -0.066565 -0.039842
v -0.036798 -0.066197 -0.039573
v -0.037109 -0.066197 -0.039077
v -0.037073 -0.066193 -0.038785
v -0.037331 -0.066526 -0.038815
v -0.037350 -0.066529 -0.038976
v -0.037190 -0.066310 -0.038792
v -0.037372 -0.066615 -0.039152
v -0.037386 -0.066774 -0.039268
v -0.037174 -0.066643 -0.039610
v -0.037148 -0.066354 -0.039398
v 0.011086 -0.056454 0.002800
v 0.011130 -0.056351 0.002800
v 0.011194 -0.056242 0.002800
v 0.011767 -0.055833 0.002800
v 0.011678 -0.055862 0.002800
v 0.011435 -0.055992 0.002800
v 0.011317 -0.056093 0.002800
v -0.036106 -0.066060 -0.037587
v -0.036495 -0.066060 -0.038102
v -0.036365 -0.066293 -0.037329
v -0.036815 -0.066293 -0.037924
v -0.036529 -0.066659 -0.037164
v -0.037018 -0.066659 -0.037811
v -0.037248 -0.066676 -0.038302
v -0.037072 -0.066355 -0.038331
v -0.036813 -0.066127 -0.038395
v -0.036479 -0.066001 -0.038493
v -0.023488 -0.042864 -0.054018
v -0.023854 -0.043480 -0.054451
v -0.023854 -0.043297 -0.054268
v -0.023488 -0.043297 -0.054768
v -0.023488 -0.042980 -0.054451
v -0.023854 -0.043230 -0.054018
v -0.023488 -0.042980 -0.053585
v -0.023854 -0.043297 -0.053768
v 0.021995 0.030835 -0.055031
v 0.022370 0.029877 -0.055034
v 0.023866 0.025217 -0.055049
v 0.025119 0.019670 -0.055066
v 0.026596 0.010181 -0.055087
v 0.027467 0.002052 -0.055094
v 0.027613 -0.000085 -0.055095
v -0.023988 -0.076200 -0.036000
v -0.023988 -0.087250 -0.036000
v -0.023911 -0.087250 -0.035618
v -0.023695 -0.087250 -0.035293
v -0.023370 -0.087250 -0.035076
v -0.002634 -0.077586 -0.033822
v 0.001940 -0.077586 -0.030457
v 0.005992 -0.077586 -0.026478
v 0.009439 -0.077586 -0.021966
v 0.008997 -0.077911 -0.021675
v 0.008332 -0.078894 -0.021835
v 0.008702 -0.078421 -0.021481
v 0.006422 -0.078888 -0.024425
v 0.005331 -0.078421 -0.025894
v 0.005725 -0.078886 -0.025269
v 0.005277 -0.078885 -0.025787
v 0.001368 -0.078421 -0.029785
v -0.000294 -0.078874 -0.030985
v -0.003105 -0.078421 -0.033076
v 0.005595 -0.077911 -0.026128
v 0.001597 -0.077911 -0.030054
v -0.002917 -0.077911 -0.033374
v 0.003964 -0.066062 -0.035654
v 0.003964 -0.066079 -0.035610
v 0.003964 -0.066293 -0.035293
v 0.003964 -0.066654 -0.035062
v -0.023364 -0.087564 -0.035129
v -0.023364 -0.088176 -0.036000
v -0.023364 -0.088118 -0.035678
v -0.023691 -0.087960 -0.036000
v -0.023691 -0.087916 -0.035753
v -0.023911 -0.087634 -0.036000
v -0.023911 -0.087610 -0.035866
v -0.023911 -0.087380 -0.035638
v -0.023911 -0.087520 -0.035727
v -0.023691 -0.087491 -0.035332
v -0.023691 -0.087750 -0.035496
v -0.023364 -0.087902 -0.035342
v -0.035865 -0.076000 0.037828
v -0.036136 -0.075924 0.037558
v -0.036365 -0.075707 0.037328
v -0.036518 -0.075383 0.037175
v 0.011369 -0.056067 0.002985
v 0.011084 -0.056560 0.003040
v 0.011314 -0.056302 0.003298
v 0.011703 -0.056462 0.003685
v 0.011676 -0.056137 0.003463
v 0.011703 -0.055915 0.003138
v 0.011768 -0.056800 0.003766
v 0.011678 -0.056800 0.003738
v 0.011086 -0.056800 0.003146
v 0.011130 -0.056800 0.003248
v 0.011194 -0.056800 0.003358
v 0.011369 -0.056615 0.003532
v 0.011317 -0.056800 0.003507
v 0.011435 -0.056800 0.003608
v 0.003674 -0.066000 -0.038038
v 0.029189 -0.017726 -0.009253
v 0.028931 -0.024788 -0.008891
v 0.029276 -0.025710 -0.019927
v 0.025474 -0.052529 -0.002055
v 0.025353 -0.052671 -0.007644
v 0.026668 -0.045748 -0.007887
v 0.018514 -0.046418 -0.044555
v 0.014760 -0.052046 -0.043298
v 0.012209 -0.051410 -0.047759
v -0.008621 -0.066627 -0.047024
v -0.006882 -0.063953 -0.048148
v -0.002808 -0.065707 -0.045498
v -0.021076 -0.067971 -0.048102
v -0.019325 -0.065184 -0.049452
v -0.014735 -0.067359 -0.047869
v -0.022728 -0.070936 -0.047044
v -0.016543 -0.064301 -0.049782
v 0.022485 -0.034002 -0.056451
v 0.029872 -0.006400 -0.053401
v 0.023945 -0.060663 -0.000001
v 0.022933 -0.066800 0.000000
v 0.022926 -0.066719 -0.002090
v 0.022416 -0.070557 0.000003
v 0.022032 -0.074004 0.000003
v 0.021990 -0.073830 -0.002466
v 0.021687 -0.078394 0.000003
v 0.027508 -0.038412 -0.002587
v 0.027167 -0.039725 -0.000008
v 0.026630 -0.045461 -0.002276
v 0.026079 -0.048382 0.000002
v 0.028086 -0.017635 -0.000000
v 0.028035 -0.024068 -0.000004
v 0.028445 -0.024337 -0.003358
v 0.027875 -0.029517 -0.000004
v 0.027308 -0.038236 -0.000007
v 0.029120 -0.003536 -0.009976
v 0.029995 -0.004255 -0.020802
v 0.030324 -0.005017 -0.031700
v 0.028463 -0.020720 -0.052631
v 0.029536 -0.013616 -0.053039
v 0.018589 -0.039977 -0.055362
v -0.019022 -0.093250 -0.045638
v -0.007840 -0.092486 -0.042923
v -0.009382 -0.093250 -0.043517
v -0.014137 -0.093250 -0.044836
v -0.001384 -0.087465 -0.039593
v -0.002667 -0.093249 -0.040643
v -0.004784 -0.093249 -0.041688
v -0.000416 -0.093249 -0.039377
v 0.003046 -0.088862 -0.036728
v 0.003683 -0.093249 -0.036606
v 0.007167 -0.090055 -0.033366
v 0.007455 -0.093249 -0.033419
v 0.010888 -0.091083 -0.029554
v 0.010854 -0.093249 -0.029858
v 0.014142 -0.091989 -0.025339
v 0.013859 -0.093249 -0.025941
v 0.016885 -0.092811 -0.020769
v 0.016426 -0.093249 -0.021728
v 0.020554 -0.087376 -0.009462
v 0.020144 -0.093249 -0.012558
v 0.019139 -0.086719 -0.014603
v 0.018531 -0.093249 -0.017249
v 0.017161 -0.086030 -0.019493
v 0.021811 -0.093250 -0.002765
v 0.021613 -0.093250 -0.005070
v 0.021375 -0.088024 -0.004128
v 0.021241 -0.093249 -0.007716
v 0.020667 -0.093249 -0.010545
v 0.000315 -0.080945 -0.038745
v -0.006040 -0.085840 -0.041917
v -0.004013 -0.079348 -0.041317
v -0.012969 -0.090644 -0.044438
v -0.015782 -0.081926 -0.044877
v -0.010856 -0.083987 -0.043679
v -0.013168 -0.075489 -0.044995
v -0.008520 -0.077522 -0.043397
v -0.007239 -0.074398 -0.043577
v -0.001664 -0.073120 -0.041516
v -0.019382 -0.076436 -0.045730
v -0.020774 -0.079679 -0.045536
v -0.018168 -0.088593 -0.045333
v -0.024293 -0.074049 -0.046283
v -0.017919 -0.073280 -0.046162
v -0.011748 -0.072404 -0.045413
v -0.005869 -0.071380 -0.044002
v -0.010237 -0.069445 -0.046098
v -0.015447 -0.060167 -0.052828
v -0.011108 -0.062081 -0.050554
v -0.016374 -0.070245 -0.046873
v 0.017101 -0.052500 -0.038664
v 0.020401 -0.046641 -0.039672
v 0.023435 -0.040503 -0.040490
v 0.014142 -0.045489 -0.053905
v 0.020393 -0.040295 -0.050515
v 0.023826 -0.034142 -0.051431
v 0.026554 -0.027594 -0.052114
v 0.028953 -0.020535 -0.047347
v 0.027337 -0.027491 -0.046901
v 0.024992 -0.034156 -0.046322
v 0.022004 -0.040472 -0.045558
v 0.016429 -0.046031 -0.049299
v 0.009455 -0.050605 -0.052048
v 0.006501 -0.049669 -0.056176
v 0.030235 -0.005781 -0.042610
v 0.024824 -0.052803 -0.013148
v 0.026352 -0.046028 -0.013437
v 0.027612 -0.039185 -0.013758
v 0.027710 -0.038799 -0.008193
v 0.028558 -0.032258 -0.014088
v 0.028455 -0.031814 -0.008533
v 0.027986 -0.009952 0.000008
v 0.028428 -0.032698 -0.019607
v 0.027236 -0.039559 -0.019265
v 0.025708 -0.046288 -0.018903
v 0.023915 -0.052905 -0.018539
v 0.028916 -0.026587 -0.030859
v 0.029813 -0.019498 -0.031169
v 0.029807 -0.018616 -0.020228
v 0.030048 -0.011450 -0.020515
v 0.029259 -0.010637 -0.009614
v 0.029340 -0.020257 -0.042001
v 0.030064 -0.013062 -0.042319
v 0.030272 -0.012286 -0.031441
v 0.027989 -0.027276 -0.041614
v 0.026002 -0.034042 -0.041124
v 0.028517 -0.026967 -0.036263
v 0.026860 -0.033814 -0.035845
v 0.024688 -0.040401 -0.035320
v 0.022086 -0.046712 -0.034659
v 0.019216 -0.052785 -0.033865
v 0.013821 -0.058203 -0.037532
v 0.011062 -0.057498 -0.041858
v 0.008085 -0.056596 -0.045967
v 0.004903 -0.055511 -0.049863
v 0.001528 -0.054284 -0.053561
v 0.004414 -0.082310 -0.035701
v 0.008220 -0.083462 -0.032220
v 0.011655 -0.084439 -0.028337
v 0.014653 -0.085282 -0.024084
v 0.009637 -0.076991 -0.031653
v 0.014326 -0.071480 -0.027467
v 0.012792 -0.077880 -0.027630
v 0.016812 -0.072092 -0.022947
v 0.015537 -0.078628 -0.023275
v 0.018862 -0.072601 -0.018156
v 0.017815 -0.079276 -0.018611
v 0.020431 -0.073042 -0.013118
v 0.019585 -0.079857 -0.013669
v 0.021485 -0.073444 -0.007872
v 0.020809 -0.080403 -0.008494
v 0.021456 -0.080935 -0.003137
v 0.021513 -0.086036 0.000009
v 0.018479 -0.065669 -0.023012
v 0.020288 -0.066004 -0.018061
v 0.021655 -0.066274 -0.012901
v 0.022544 -0.066505 -0.007564
v -0.010936 -0.055750 -0.056684
v -0.006889 -0.057362 -0.053779
v -0.002974 -0.058961 -0.050772
v 0.000774 -0.060470 -0.047574
v 0.001089 -0.067286 -0.042541
v 0.004335 -0.061823 -0.044132
v 0.004786 -0.068652 -0.039253
v 0.007692 -0.062977 -0.040425
v 0.008255 -0.069795 -0.035633
v 0.010825 -0.063920 -0.036448
v 0.013700 -0.064663 -0.032215
v 0.016336 -0.058721 -0.033000
v 0.018569 -0.059080 -0.028267
v 0.021079 -0.052927 -0.028908
v 0.022656 -0.052956 -0.023797
v 0.023548 -0.046658 -0.029524
v 0.024765 -0.046507 -0.024269
v 0.025752 -0.040191 -0.030055
v 0.026609 -0.039902 -0.024701
v 0.027560 -0.033497 -0.030494
v 0.028089 -0.033117 -0.025079
v -0.021814 -0.088495 -0.045646
v 0.002349 -0.074636 -0.038621
v 0.006133 -0.075921 -0.035324
v 0.011455 -0.070727 -0.031700
v 0.016267 -0.065234 -0.027734
v 0.020480 -0.059314 -0.023339
v 0.027830 -0.005310 0.000009
v 0.021894 -0.093250 0.000007
v -0.023988 -0.076200 -0.040400
v 0.013479 -0.042124 -0.053848
v 0.013311 -0.041974 -0.054138
v 0.013187 -0.041939 -0.054480
v 0.013124 -0.042024 -0.054834
v 0.011086 -0.063800 -0.003146
v 0.011678 -0.063800 -0.003738
v 0.011317 -0.063800 -0.003507
v 0.011317 -0.065377 -0.002453
v 0.011642 -0.064536 -0.003577
v 0.011317 -0.064453 -0.003377
v 0.011642 -0.065160 -0.003160
v 0.011642 -0.065577 -0.002536
v 0.011317 -0.065007 -0.003007
v 0.011100 -0.064329 -0.003077
v 0.011100 -0.064778 -0.002778
v 0.011100 -0.065077 -0.002329
v 0.004633 -0.066866 -0.035269
v 0.004648 -0.066292 -0.035823
v 0.004270 -0.066116 -0.035647
v 0.004264 -0.066693 -0.035096
v 0.004294 -0.066351 -0.035315
v 0.004702 -0.066541 -0.035505
v 0.004843 -0.067142 -0.035545
v 0.004934 -0.066845 -0.035809
v -0.039325 -0.029410 0.042276
v -0.039325 -0.028189 0.043100
v -0.023454 -0.088134 -0.043904
v -0.023695 -0.087957 -0.043906
v -0.023811 -0.087817 -0.043907
v -0.023928 -0.087591 -0.043907
v -0.023978 -0.087386 -0.043907
v -0.023988 -0.087250 -0.043907
v -0.037079 -0.075383 0.037961
v -0.037356 -0.075376 0.038887
v -0.036884 -0.075707 0.038056
v -0.037141 -0.075704 0.038914
v -0.036593 -0.075924 0.038198
v -0.036818 -0.075923 0.038953
v -0.036249 -0.076000 0.038366
v -0.039179 -0.037059 0.041917
v -0.039287 -0.036897 0.041917
v -0.039016 -0.037167 0.041917
v -0.039625 -0.037037 0.042283
v -0.039437 -0.037318 0.042283
v -0.039156 -0.037506 0.042283
v 0.011642 -0.064762 0.003466
v 0.011642 -0.065466 0.002762
v 0.011317 -0.065278 0.002654
v 0.011100 -0.064997 0.002491
v 0.011317 -0.064653 0.003278
v 0.011100 -0.064491 0.002997
v 0.011642 -0.063800 0.003724
v 0.011317 -0.063800 0.003507
v 0.011100 -0.063800 0.003183
v 0.004000 0.050851 0.006751
v 0.024503 0.023368 -0.041133
v 0.023395 0.027135 -0.041182
v 0.004385 0.050617 -0.027635
v 0.007585 0.048492 -0.027630
v 0.010597 0.046125 -0.027621
v 0.017744 0.037348 -0.013869
v 0.015565 0.040483 -0.013861
v 0.013110 0.043388 -0.013852
v 0.019639 0.034011 -0.013873
v 0.021253 0.030504 -0.013875
v 0.023720 0.023124 -0.013874
v 0.026583 0.007666 -0.013868
v 0.025397 0.015452 -0.013870
v 0.027302 0.007711 -0.027331
v 0.026137 0.015615 -0.041044
v 0.027326 0.007735 -0.040982
v 0.022027 0.030788 -0.041232
v 0.020151 0.034196 -0.027536
v 0.018184 0.037522 -0.027565
v 0.015925 0.040633 -0.027589
v 0.013387 0.043505 -0.027607
v 0.001045 0.052495 -0.003183
v 0.001041 0.052499 -0.007613
v 0.001042 0.052502 -0.012393
v 0.001044 0.052510 -0.029323
v 0.001044 0.052513 -0.037397
v 0.001099 0.052486 -0.040263
v 0.001149 0.052461 -0.041082
v 0.001572 0.052241 -0.044183
v 0.026075 0.015550 -0.027374
v 0.024363 0.023274 -0.027435
v 0.023218 0.027035 -0.027470
v 0.021824 0.030688 -0.027504
v 0.004876 0.051080 0.007679
v 0.001262 0.052506 0.000281
v 0.001630 0.052765 0.002113
v 0.002261 0.053170 0.003938
v 0.014908 -0.087598 0.003603
v 0.013878 -0.087598 0.009596
v 0.011930 -0.087598 0.015356
v 0.009111 -0.087598 0.020744
v -0.006741 -0.087825 0.035183
v -0.006769 -0.087596 0.035062
v -0.003788 -0.087598 0.033434
v -0.006781 -0.087397 0.035011
v 0.005491 -0.087598 0.025630
v 0.001156 -0.087598 0.029894
v -0.003667 -0.087960 0.033634
v -0.006715 -0.087957 0.035293
v -0.003479 -0.088190 0.033946
v -0.006632 -0.088188 0.035654
v -0.006649 -0.088156 0.035578
v 0.001541 -0.088190 0.030352
v 0.005942 -0.088190 0.026022
v 0.009618 -0.088190 0.021062
v 0.012480 -0.088190 0.015591
v 0.014458 -0.088190 0.009743
v 0.015504 -0.088190 0.003658
v 0.015141 -0.087960 0.003624
v 0.014104 -0.087960 0.009653
v 0.012145 -0.087960 0.015448
v 0.009309 -0.087960 0.020868
v 0.005667 -0.087960 0.025783
v 0.001306 -0.087960 0.030073
v -0.032251 -0.072000 0.036800
v -0.032010 -0.071100 0.036800
v -0.031351 -0.070441 0.036800
v -0.030451 -0.070200 0.036800
v -0.029551 -0.070441 0.036800
v -0.028892 -0.071100 0.036800
v -0.028651 -0.072000 0.036800
v -0.028892 -0.072900 0.036800
v -0.029551 -0.073559 0.036800
v -0.030451 -0.073800 0.036800
v -0.031351 -0.073559 0.036800
v -0.032010 -0.072900 0.036800
v -0.002099 -0.078538 0.032365
v 0.014937 -0.078065 0.005546
v -0.001883 -0.077919 0.032685
v -0.001953 -0.078057 0.032580
v 0.014691 -0.078538 0.005511
v 0.013543 -0.078539 0.010860
v 0.015498 -0.077620 0.005626
v 0.014337 -0.077619 0.011091
v 0.011671 -0.078539 0.015968
v 0.009120 -0.078538 0.020748
v 0.005932 -0.078538 0.025129
v 0.012436 -0.077617 0.016311
v 0.009836 -0.077615 0.021198
v 0.006581 -0.077614 0.025675
v 0.002733 -0.077614 0.029660
v 0.002165 -0.078538 0.029029
v 0.002339 -0.078057 0.029222
v 0.006130 -0.078057 0.025296
v 0.009339 -0.078058 0.020886
v 0.011905 -0.078061 0.016073
v 0.013785 -0.078063 0.010931
v 0.002423 -0.077919 0.029316
v 0.006227 -0.077919 0.025377
v 0.009445 -0.077921 0.020952
v 0.012018 -0.077923 0.016124
v 0.013903 -0.077926 0.010965
v 0.015056 -0.077929 0.005563
v -0.001623 -0.077614 0.033069
v -0.039258 -0.028455 0.046585
v -0.039075 -0.028272 0.046585
v -0.039575 -0.028272 0.046219
v -0.039258 -0.027955 0.046219
v -0.022988 -0.065933 0.039908
v -0.022988 -0.065700 0.040262
v 0.003715 -0.065944 0.035913
v 0.004652 -0.065770 0.035622
v 0.003887 -0.065780 0.036064
v 0.004501 -0.065939 0.035595
v 0.004967 -0.066371 0.035134
v 0.004333 -0.066078 0.035529
v 0.004800 -0.066439 0.035151
v 0.004956 -0.067110 0.034933
v 0.003660 -0.071450 0.034941
v -0.036804 -0.075923 0.039114
v -0.037321 -0.075376 0.039275
v -0.037114 -0.075704 0.039211
v -0.037130 -0.075376 0.039614
v -0.036968 -0.075704 0.039471
v -0.036724 -0.075923 0.039255
v -0.036594 -0.075923 0.039351
v -0.036728 -0.075704 0.039648
v -0.036817 -0.075376 0.039845
v -0.023988 -0.066866 0.040269
v -0.023926 -0.066543 0.040144
v -0.023695 -0.066206 0.040014
v -0.023334 -0.065990 0.039931
v -0.023334 -0.065427 0.040520
v -0.023334 -0.065743 0.040306
v -0.023695 -0.065520 0.040732
v -0.023695 -0.065905 0.040471
v -0.023926 -0.065665 0.041063
v -0.023926 -0.066158 0.040729
v -0.023988 -0.065804 0.041379
v -0.023988 -0.066400 0.040976
v -0.023988 -0.066810 0.040400
v -0.023297 -0.042411 0.048584
v -0.023977 -0.042619 0.049361
v -0.023856 -0.042528 0.049023
v -0.023619 -0.042456 0.048754
v -0.023988 -0.059350 0.044048
v -0.023297 -0.059006 0.043162
v -0.023619 -0.059069 0.043326
v -0.023855 -0.059170 0.043585
v -0.023977 -0.059297 0.043911
v -0.023988 -0.052793 0.046433
v -0.023297 -0.052488 0.045532
v -0.023619 -0.052544 0.045699
v -0.023855 -0.052634 0.045962
v -0.023977 -0.052746 0.046294
v -0.023988 -0.042657 0.049503
v -0.023988 -0.027705 0.046919
v -0.015287 -0.058020 0.048154
v -0.009994 -0.058939 0.047123
v -0.006996 -0.047368 0.050308
v 0.000655 -0.024121 0.054740
v -0.001764 -0.023835 0.055838
v -0.002762 -0.029866 0.054961
v 0.010669 -0.018517 0.045893
v 0.007218 -0.018367 0.049930
v 0.007012 -0.024659 0.050046
v -0.007987 -0.029026 0.056314
v -0.011568 -0.093250 0.044193
v -0.009344 -0.083442 0.043177
v -0.014444 -0.082733 0.044549
v 0.023551 -0.061779 0.003789
v 0.012808 -0.005773 0.040260
v 0.025955 -0.011952 0.010385
v 0.022836 -0.012071 0.021057
v 0.024524 -0.012014 0.015762
v 0.027254 -0.024455 0.004991
v 0.025538 -0.049430 0.004324
v 0.005791 -0.093250 0.034910
v 0.009394 -0.093250 0.031480
v 0.008207 -0.091478 0.032499
v 0.012598 -0.093250 0.027693
v 0.011824 -0.091800 0.028502
v 0.015377 -0.093250 0.023577
v 0.014937 -0.092061 0.024117
v 0.017689 -0.093250 0.019194
v 0.017504 -0.092268 0.019406
v 0.019518 -0.093250 0.014582
v 0.019498 -0.092431 0.014428
v 0.020829 -0.093250 0.009837
v 0.020895 -0.092558 0.009244
v 0.021627 -0.093250 0.004955
v 0.021676 -0.092658 0.003908
v 0.004112 -0.093250 0.036277
v 0.004146 -0.091088 0.036051
v 0.001846 -0.093250 0.037927
v -0.000285 -0.090626 0.039102
v -0.000388 -0.093250 0.039359
v -0.002384 -0.093250 0.040492
v -0.005014 -0.090090 0.041607
v -0.006876 -0.093250 0.042591
v -0.016433 -0.093250 0.045282
v -0.019718 -0.081951 0.045296
v -0.021418 -0.093250 0.045837
v -0.018828 -0.075858 0.045322
v -0.023988 -0.074996 0.045588
v -0.023988 -0.079683 0.045454
v -0.020687 -0.057009 0.048742
v -0.023988 -0.061370 0.047668
v -0.021980 -0.062900 0.047297
v -0.023988 -0.067363 0.046446
v -0.023147 -0.068884 0.046205
v -0.013383 -0.027992 0.057116
v -0.023988 -0.034400 0.055572
v -0.014780 -0.033822 0.055577
v -0.023988 -0.052472 0.050069
v 0.002925 -0.024344 0.053383
v 0.010347 -0.012139 0.045356
v 0.009713 -0.005755 0.044625
v 0.013391 -0.012185 0.040923
v 0.013732 -0.018588 0.041441
v 0.010582 -0.024850 0.046090
v 0.006316 -0.030828 0.049548
v 0.002065 -0.030446 0.052695
v 0.000892 -0.036410 0.051496
v 0.008091 -0.043181 0.043884
v 0.011715 -0.043439 0.039961
v 0.009191 -0.037175 0.044958
v 0.012656 -0.037372 0.040844
v 0.013349 -0.031217 0.041463
v 0.004042 -0.042804 0.047281
v 0.005291 -0.036863 0.048556
v 0.010049 -0.031074 0.045752
v 0.013735 -0.024950 0.041680
v -0.000475 -0.042285 0.050033
v -0.000279 -0.030187 0.053953
v -0.004038 -0.035764 0.053592
v -0.009332 -0.034878 0.054839
v -0.017792 -0.045387 0.052110
v -0.012331 -0.046441 0.051435
v -0.001955 -0.048107 0.048460
v -0.004941 -0.059718 0.045461
v 0.002650 -0.048681 0.045873
v -0.000238 -0.060364 0.043149
v 0.006822 -0.049119 0.042663
v 0.004098 -0.060891 0.040259
v 0.010585 -0.049436 0.038930
v 0.008067 -0.061305 0.036860
v 0.013961 -0.049646 0.034769
v 0.022818 -0.061903 0.009153
v 0.021900 -0.074131 0.003465
v 0.021233 -0.074178 0.008754
v 0.019989 -0.074175 0.013890
v 0.016942 -0.049764 0.030253
v 0.011658 -0.061610 0.033022
v 0.006877 -0.067222 0.036034
v 0.002830 -0.066776 0.039301
v -0.001565 -0.066222 0.042062
v -0.006296 -0.065559 0.044258
v -0.011342 -0.064779 0.045828
v -0.016609 -0.063879 0.046790
v 0.021472 -0.080317 0.003467
v 0.020792 -0.080314 0.008750
v 0.019514 -0.080269 0.013878
v 0.017654 -0.080175 0.018801
v 0.018178 -0.074118 0.018824
v 0.015234 -0.080022 0.023461
v 0.021386 -0.086496 0.003611
v 0.020664 -0.086443 0.008911
v 0.019334 -0.086356 0.014058
v 0.017413 -0.086227 0.019000
v 0.014924 -0.086045 0.023676
v 0.011897 -0.085803 0.028029
v -0.004474 -0.084075 0.041195
v 0.000133 -0.084630 0.038641
v 0.004435 -0.085102 0.035560
v 0.008380 -0.085491 0.032007
v 0.008857 -0.079505 0.031782
v 0.012285 -0.079802 0.027804
v 0.012945 -0.073803 0.027873
v 0.015820 -0.073996 0.023502
v 0.016623 -0.067971 0.023788
v 0.018926 -0.068057 0.019053
v 0.019825 -0.061991 0.019438
v 0.021576 -0.061975 0.014384
v 0.023377 -0.049707 0.015168
v 0.024666 -0.049588 0.009796
v 0.025827 -0.037142 0.010332
v 0.026822 -0.036985 0.004778
v 0.026162 -0.024582 0.010542
v 0.024814 -0.024700 0.016045
v 0.024508 -0.037280 0.015821
v 0.023191 -0.024806 0.021472
v 0.023121 -0.031124 0.021432
v 0.022850 -0.037392 0.021211
v 0.021661 -0.049782 0.020402
v 0.019514 -0.049805 0.025447
v 0.017572 -0.061942 0.024262
v 0.014838 -0.061819 0.028806
v 0.013819 -0.067810 0.028227
v 0.010555 -0.067564 0.032325
v 0.009600 -0.073527 0.031889
v 0.005839 -0.073160 0.035507
v 0.005010 -0.079123 0.035351
v 0.001717 -0.072693 0.038677
v 0.000806 -0.078649 0.038463
v -0.002735 -0.072127 0.041340
v -0.003713 -0.078083 0.041061
v -0.007496 -0.071461 0.043441
v -0.008516 -0.077429 0.043093
v -0.012542 -0.070694 0.044929
v -0.013577 -0.076687 0.044515
v -0.017792 -0.069824 0.045812
v -0.023988 -0.073228 0.045712
v 0.020879 -0.012122 0.026248
v 0.018649 -0.012165 0.031310
v 0.016152 -0.012189 0.036218
v 0.018963 -0.018576 0.031724
v 0.016488 -0.018603 0.036692
v 0.019064 -0.024957 0.031957
v 0.016553 -0.024981 0.036941
v 0.018892 -0.031271 0.031880
v 0.016288 -0.031276 0.036810
v 0.018468 -0.037503 0.031516
v 0.015742 -0.037476 0.036333
v 0.014952 -0.043595 0.035622
v 0.021161 -0.018521 0.026590
v 0.021278 -0.024895 0.026788
v 0.021170 -0.031215 0.026739
v 0.020839 -0.037470 0.026458
v -0.023988 -0.093250 0.045908
v -0.066794 -0.093250 -0.009771
v -0.068642 -0.093250 -0.010545
v -0.067830 -0.093250 -0.013533
v -0.066794 -0.093250 0.009770
v -0.068965 -0.093250 0.009073
v -0.067895 -0.093250 -0.000000
v -0.069619 -0.093250 0.004799
v 0.019919 -0.093250 -0.000000
v -0.063547 -0.093250 -0.019051
v -0.058316 -0.093250 0.027375
v -0.059834 -0.093250 0.028643
v -0.061301 -0.093250 0.026704
v -0.050789 -0.093250 0.037248
v -0.051363 -0.093250 0.034328
v -0.046645 -0.093250 0.039910
v -0.043038 -0.093250 0.039559
v -0.042155 -0.093250 0.042150
v 0.018818 -0.093250 0.009770
v 0.018819 -0.093249 -0.009770
v 0.015571 -0.093249 -0.019051
v -0.051363 -0.093250 -0.034328
v -0.058315 -0.093250 -0.027376
v -0.058724 -0.093250 -0.029979
v -0.069869 -0.093250 0.000007
v -0.069723 -0.093250 -0.003665
v -0.069024 -0.093250 -0.008772
v -0.063547 -0.093250 0.019050
v -0.004937 -0.093250 0.039559
v -0.014218 -0.093250 0.042806
v 0.010340 -0.093250 0.027375
v 0.015571 -0.093250 0.019050
v 0.010340 -0.093249 -0.027376
v 0.003388 -0.093249 -0.034328
v -0.023990 -0.093250 -0.045907
v -0.023988 -0.093250 -0.043907
v -0.047436 -0.093250 -0.039450
v -0.043038 -0.093250 -0.039559
v -0.051489 -0.093250 -0.036734
v -0.055366 -0.093250 -0.033479
v -0.066360 -0.093250 -0.017606
v -0.064293 -0.093250 -0.021930
v -0.061868 -0.093250 -0.025893
v -0.063892 -0.093250 0.022652
v -0.066194 -0.093250 0.017999
v -0.067795 -0.093250 0.013647
v -0.054684 -0.093250 0.034104
v -0.056194 -0.093250 0.032682
v -0.058150 -0.093250 0.030632
v -0.037593 -0.093250 0.043840
v -0.033758 -0.093250 0.042806
v -0.032673 -0.093250 0.045077
v -0.027980 -0.093250 0.045735
v -0.023988 -0.093250 0.043907
v -0.004937 -0.093250 -0.039559
v -0.014217 -0.093250 -0.042806
v -0.045307 -0.093250 -0.040643
v -0.042982 -0.093250 -0.041783
v -0.033758 -0.093250 -0.042806
v 0.003388 -0.093250 0.034328
v -0.038499 -0.093250 -0.043548
v -0.033544 -0.093250 -0.044900
v -0.028890 -0.093250 -0.045645
v -0.024086 -0.087682 0.043907
v -0.024852 -0.088240 0.043898
v -0.024642 -0.088188 0.043902
v -0.024419 -0.088072 0.043905
v -0.024281 -0.087957 0.043906
v -0.023988 -0.088250 -0.043907
v -0.033758 -0.088250 -0.042806
v -0.043038 -0.088250 -0.039559
v -0.051363 -0.088250 -0.034328
v -0.058316 -0.088250 -0.027376
v -0.063547 -0.088250 -0.019051
v -0.066794 -0.088250 -0.009771
v -0.067895 -0.088250 -0.000000
v -0.066794 -0.088250 0.009770
v -0.063547 -0.088250 0.019050
v -0.058316 -0.088250 0.027375
v -0.051363 -0.088250 0.034328
v -0.043038 -0.088250 0.039559
v -0.033758 -0.088250 0.042806
v -0.024988 -0.088250 0.043895
v -0.023988 -0.077200 0.040400
v -0.051000 -0.026626 0.044083
v -0.051000 -0.029848 0.041968
v -0.051571 -0.029734 0.041982
v -0.051979 -0.026541 0.043943
v -0.051000 -0.023254 0.045951
v -0.052143 -0.023286 0.045681
v -0.053087 -0.023374 0.044940
v -0.053019 -0.026222 0.043414
v -0.053244 -0.023398 0.044743
v -0.053984 -0.023656 0.042693
v -0.053946 -0.023615 0.043009
v -0.053731 -0.025716 0.042577
v -0.053740 -0.023513 0.043813
v -0.053709 -0.023503 0.043893
v -0.052350 -0.029175 0.042049
v -0.053058 -0.028103 0.042177
v -0.053346 -0.027408 0.042260
v -0.053801 -0.025563 0.042476
v -0.054901 -0.022705 0.043322
v -0.054612 -0.022705 0.044272
v -0.054303 -0.022763 0.044142
v -0.052695 -0.022705 0.046420
v -0.051000 -0.022705 0.046843
v -0.052410 -0.022746 0.046248
v -0.051000 -0.022764 0.046505
v -0.052302 -0.022863 0.046014
v -0.054030 -0.022930 0.044028
v -0.054293 -0.022981 0.042721
v -0.053996 -0.023235 0.043330
v -0.053824 -0.023186 0.043941
v -0.053991 -0.023575 0.042694
v -0.051000 -0.022975 0.046161
v -0.052211 -0.023048 0.045819
v -0.053194 -0.023103 0.045038
v -0.054979 -0.022705 0.042783
v -0.054515 -0.022821 0.042741
v -0.054501 -0.022828 0.042740
v -0.054129 -0.022705 0.045146
v -0.053559 -0.022753 0.045372
v -0.053356 -0.022890 0.045187
v -0.054135 -0.023174 0.042707
v -0.054160 -0.023137 0.042709
v -0.054074 -0.023289 0.042701
v -0.053859 -0.025575 0.042330
v -0.053897 -0.027647 0.041815
v -0.053680 -0.027553 0.041910
v -0.052699 -0.029263 0.041856
v -0.054734 -0.025748 0.041783
v -0.054979 -0.023705 0.041783
v -0.054431 -0.025688 0.041832
v -0.054535 -0.023683 0.041887
v -0.054157 -0.025634 0.041975
v -0.054305 -0.023672 0.042045
v -0.054155 -0.023664 0.042218
v -0.053940 -0.025591 0.042196
v -0.053492 -0.027472 0.042062
v -0.052579 -0.029142 0.041946
v -0.051936 -0.029878 0.041838
v -0.051000 -0.030124 0.041830
v -0.051000 -0.030428 0.041783
v -0.051633 -0.030341 0.041783
v -0.052797 -0.029686 0.041783
v -0.054128 -0.027747 0.041783
v -0.054018 -0.023657 0.042511
v -0.054159 -0.023318 0.042361
v -0.054149 -0.023204 0.042540
v -0.054979 -0.022741 0.042519
v -0.054524 -0.022880 0.042449
v -0.054979 -0.022765 0.042444
v -0.054979 -0.022766 0.042440
v -0.054543 -0.023079 0.042137
v -0.054979 -0.022995 0.042079
v -0.054979 -0.023357 0.041845
v -0.054545 -0.023392 0.041938
v -0.054979 -0.023365 0.041843
v -0.054160 -0.023497 0.042247
v -0.058591 -0.022705 0.042783
v -0.055559 -0.022706 0.046675
v -0.047249 -0.022705 0.052311
v -0.046860 -0.022705 0.052022
v -0.050008 -0.022705 0.051736
v -0.047074 -0.022705 0.053430
v -0.047253 -0.022705 0.053250
v -0.047416 -0.022705 0.052913
v -0.047430 -0.022705 0.052784
v -0.047408 -0.022705 0.052608
v -0.052942 -0.022705 0.049376
v -0.024988 -0.022705 0.051832
v -0.024988 -0.022705 0.046843
v -0.045947 -0.022705 0.051832
v -0.046400 -0.022705 0.051874
v -0.041025 -0.030428 0.041783
v -0.041025 -0.030207 0.041808
v -0.041025 -0.029848 0.041968
v -0.056934 -0.036705 0.041783
v -0.058239 -0.030261 0.041783
v -0.058738 -0.023705 0.041783
v -0.041025 -0.036705 0.041783
v -0.058738 -0.023357 0.041845
v -0.058738 -0.022995 0.042079
v -0.058665 -0.022711 0.042677
v -0.058738 -0.022728 0.042572
v -0.058738 -0.022765 0.042444
v -0.058738 -0.022837 0.042287
v -0.064773 -0.071426 0.017722
v -0.066098 -0.071472 0.014108
v -0.067474 -0.061370 0.014606
v -0.064383 -0.051307 0.026475
v -0.066157 -0.051359 0.022872
v -0.067329 -0.041370 0.023779
v -0.058300 -0.060880 0.031684
v -0.055724 -0.060623 0.034550
v -0.053909 -0.070520 0.033295
v -0.067418 -0.080291 0.003762
v -0.068200 -0.071390 0.002639
v -0.067814 -0.071452 0.006549
v -0.054920 -0.009579 0.045848
v -0.055775 -0.010719 0.045058
v -0.055490 -0.007693 0.044678
v -0.052939 -0.060306 0.037177
v -0.052357 -0.065605 0.035925
v -0.052985 -0.066066 0.035272
v -0.053159 -0.066372 0.035036
v -0.053266 -0.066738 0.034841
v -0.053298 -0.066992 0.034741
v -0.051423 -0.073558 0.034777
v -0.053165 -0.075525 0.032999
v -0.050340 -0.080303 0.034795
v -0.049957 -0.059931 0.039533
v -0.049674 -0.065432 0.037966
v -0.051335 -0.065428 0.036776
v -0.046779 -0.059497 0.041588
v -0.046341 -0.065217 0.040049
v -0.047954 -0.065434 0.039068
v -0.043412 -0.057920 0.043672
v -0.043966 -0.061063 0.042425
v -0.044812 -0.064116 0.041133
v -0.045089 -0.064552 0.040876
v -0.056934 -0.037444 0.042108
v -0.056693 -0.037595 0.042326
v -0.056858 -0.040848 0.041018
v -0.057408 -0.036970 0.041718
v -0.057357 -0.037029 0.041759
v -0.057181 -0.037219 0.041901
v -0.046488 -0.037705 0.049845
v -0.046438 -0.037887 0.049802
v -0.046976 -0.037705 0.049630
v -0.048072 -0.039828 0.048329
v -0.050048 -0.037705 0.047970
v -0.051236 -0.040235 0.046251
v -0.053053 -0.037705 0.045786
v -0.054158 -0.040574 0.043798
v -0.056238 -0.037705 0.042783
v -0.056266 -0.037705 0.042754
v -0.057789 -0.036512 0.041410
v -0.057778 -0.036526 0.041420
v -0.059355 -0.041060 0.037959
v -0.057605 -0.036737 0.041561
v -0.057475 -0.036893 0.041665
v -0.060748 -0.026167 0.039395
v -0.059572 -0.023696 0.041335
v -0.059043 -0.030388 0.041365
v -0.058612 -0.021044 0.042709
v -0.058986 -0.022870 0.042212
v -0.060806 -0.021099 0.039315
v -0.059054 -0.022931 0.042113
v -0.059203 -0.023101 0.041893
v -0.059253 -0.023168 0.041818
v -0.059413 -0.023415 0.041578
v -0.059422 -0.023430 0.041565
v -0.048498 -0.020999 0.052806
v -0.050839 -0.020545 0.051230
v -0.053659 -0.020780 0.048730
v -0.046441 -0.022531 0.053735
v -0.043988 -0.023720 0.054469
v -0.043988 -0.023908 0.054441
v -0.046292 -0.022696 0.053781
v -0.046461 -0.022630 0.053716
v -0.051958 -0.016564 0.050128
v -0.053585 -0.015741 0.048459
v -0.052238 -0.016061 0.049822
v -0.053493 -0.013447 0.048228
v -0.056124 -0.015858 0.045557
v -0.062688 -0.000327 0.031705
v -0.064233 -0.010677 0.031336
v -0.065578 -0.000272 0.026095
v -0.067567 -0.010573 0.023775
v -0.066930 -0.000244 0.023054
v -0.070281 -0.010461 0.015930
v -0.070187 -0.000175 0.014044
v -0.067846 -0.000223 0.020796
v -0.074000 -0.010469 -0.000315
v -0.073556 -0.000129 -0.000338
v -0.072059 -0.000143 0.007081
v -0.071953 -0.041071 0.007761
v -0.073663 -0.033350 -0.000225
v -0.072518 -0.030909 0.008018
v -0.074036 -0.023692 -0.000278
v -0.072608 -0.020656 0.008047
v -0.072407 -0.010345 0.007873
v -0.070799 -0.051152 0.007341
v -0.071543 -0.051407 -0.000103
v -0.072888 -0.042052 -0.000169
v -0.068489 -0.061331 0.010786
v -0.069219 -0.061252 0.006880
v -0.069670 -0.061135 0.002900
v -0.068181 -0.072231 -0.000006
v -0.069490 -0.062988 -0.000035
v -0.070088 -0.059545 -0.000052
v -0.065971 -0.080296 0.011946
v -0.066988 -0.080293 0.007311
v -0.067112 -0.080293 0.006498
v -0.067114 -0.071480 0.010377
v -0.065323 -0.080298 0.014066
v -0.064265 -0.080300 0.016892
v -0.063962 -0.080300 0.017603
v -0.057464 -0.080305 0.028033
v -0.059038 -0.071032 0.027642
v -0.055898 -0.075813 0.030324
v -0.052598 -0.080304 0.032960
v -0.054534 -0.080305 0.031180
v -0.056597 -0.080305 0.029029
v -0.056240 -0.020942 0.045866
v -0.058464 -0.015922 0.042380
v -0.060300 -0.010744 0.038511
v -0.059830 -0.005536 0.037942
v -0.056505 -0.003742 0.042210
v -0.059688 -0.000379 0.036602
v -0.057230 -0.000415 0.040116
v -0.050304 -0.019044 0.051630
v -0.060637 -0.015946 0.038982
v -0.059992 -0.036137 0.038652
v -0.064235 -0.036324 0.031684
v -0.060464 -0.031176 0.039158
v -0.064562 -0.031296 0.032023
v -0.061653 -0.041213 0.034671
v -0.063752 -0.041312 0.031190
v -0.044095 -0.046486 0.047539
v -0.043226 -0.052715 0.045559
v -0.045783 -0.049383 0.045772
v -0.049082 -0.049841 0.043884
v -0.052158 -0.050235 0.041646
v -0.055021 -0.050568 0.039094
v -0.057681 -0.050840 0.036264
v -0.060134 -0.051051 0.033197
v -0.062372 -0.051206 0.029924
v -0.060268 -0.080304 0.024324
v -0.061952 -0.080303 0.021611
v -0.061231 -0.071210 0.024507
v -0.063148 -0.071340 0.021195
v -0.064602 -0.061320 0.021903
v -0.066177 -0.061367 0.018319
v -0.067687 -0.051366 0.019137
v -0.068971 -0.051332 0.015288
v -0.070056 -0.041279 0.015915
v -0.070008 -0.051260 0.011350
v -0.067564 -0.080290 0.000009
v -0.062756 -0.061225 0.025338
v -0.060650 -0.061080 0.028605
v -0.056590 -0.070803 0.030578
v -0.067932 -0.031260 0.024344
v -0.067975 -0.020996 0.024313
v -0.064725 -0.026222 0.032150
v -0.064711 -0.021097 0.032036
v -0.070571 -0.031121 0.016295
v -0.070594 -0.020841 0.016281
v -0.044531 -0.021339 0.051973
v -0.044367 -0.021590 0.051910
v -0.036160 -0.018609 0.052062
v -0.036220 -0.018307 0.052123
v -0.036342 -0.017714 0.052750
v -0.036306 -0.017885 0.052431
v -0.036282 -0.017998 0.052311
v -0.036354 -0.017667 0.053111
v -0.025433 -0.015854 0.053535
v -0.036340 -0.017752 0.053471
v -0.032865 -0.017303 0.053794
v -0.036302 -0.017956 0.053771
v -0.036792 -0.018346 0.053966
v -0.041841 -0.020052 0.053966
v -0.040900 -0.019673 0.053987
v -0.040969 -0.019489 0.053922
v -0.037550 -0.018725 0.054031
v -0.037537 -0.018698 0.054026
v -0.044528 -0.021465 0.053876
v -0.044630 -0.021303 0.053806
v -0.044780 -0.021053 0.053592
v -0.044876 -0.020885 0.053292
v -0.044907 -0.020814 0.052939
v -0.044868 -0.020851 0.052587
v -0.044702 -0.021083 0.052159
v -0.044766 -0.020990 0.052276
v -0.040809 -0.019815 0.052010
v -0.040919 -0.019530 0.052073
v -0.041033 -0.019239 0.052261
v -0.041075 -0.019133 0.052381
v -0.041141 -0.018973 0.052698
v -0.041164 -0.018930 0.053057
v -0.041140 -0.019011 0.053414
v -0.041072 -0.019204 0.053714
v -0.037438 -0.018617 0.054012
v -0.023995 -0.023589 0.051763
v -0.024050 -0.023359 0.051781
v -0.024169 -0.023132 0.051800
v -0.024281 -0.022998 0.051810
v -0.024522 -0.022821 0.051824
v -0.023988 -0.023705 0.046843
v -0.024050 -0.023359 0.046843
v -0.024281 -0.022998 0.046843
v -0.024321 -0.022960 0.046843
v -0.024465 -0.022853 0.046843
v -0.024641 -0.022767 0.046843
v -0.040753 -0.030115 0.041873
v -0.040892 -0.030187 0.041822
v -0.040664 -0.030002 0.041954
v -0.040318 -0.030428 0.042076
v -0.040509 -0.030428 0.041926
v -0.040359 -0.030220 0.042067
v -0.040935 -0.030428 0.041787
v -0.040679 -0.030428 0.041845
v -0.040549 -0.030428 0.041904
v -0.040679 -0.029884 0.042018
v -0.040174 -0.030428 0.042258
v -0.040318 -0.030018 0.042207
v -0.040087 -0.030227 0.042501
v -0.040025 -0.030428 0.042783
v -0.040087 -0.030428 0.042437
v -0.040142 -0.030428 0.042314
v -0.040525 -0.036705 0.041917
v -0.040025 -0.036705 0.042783
v -0.040159 -0.036705 0.042283
v -0.040318 -0.036705 0.042076
v -0.041025 -0.037571 0.042283
v -0.041025 -0.037705 0.042783
v -0.041025 -0.037409 0.042072
v -0.056934 -0.036912 0.041804
v -0.041025 -0.037205 0.041917
v -0.056934 -0.037409 0.042072
v -0.056934 -0.037109 0.041868
v -0.056934 -0.037045 0.041842
v -0.058994 -0.023393 0.041801
v -0.058982 -0.023703 0.041753
v -0.059211 -0.023700 0.041664
v -0.059412 -0.023698 0.041522
v -0.059235 -0.023391 0.041708
v -0.059036 -0.023076 0.041969
v -0.052526 -0.067200 0.035000
v -0.050809 -0.073421 0.035000
v -0.051135 -0.073494 0.034942
v -0.052935 -0.067091 0.034934
v -0.049736 -0.080250 0.035000
v -0.050055 -0.080278 0.034947
v -0.057403 -0.036819 0.041688
v -0.057403 -0.036598 0.041687
v -0.057188 -0.037071 0.041825
v -0.041082 -0.024843 0.054979
v -0.042683 -0.024389 0.054714
v -0.031076 -0.026696 0.055549
v -0.043675 -0.023837 0.054542
v -0.043602 -0.023863 0.054559
v -0.040612 -0.024697 0.055092
v -0.039186 -0.024968 0.055271
v -0.037323 -0.025238 0.055454
v -0.035213 -0.026187 0.055444
v -0.036808 -0.025299 0.055497
v -0.033371 -0.025594 0.055705
v -0.027138 -0.025805 0.055866
v -0.031806 -0.025678 0.055766
v -0.031523 -0.026151 0.057723
v -0.033485 -0.026037 0.057652
v -0.036762 -0.025738 0.057463
v -0.039468 -0.025346 0.057214
v -0.040838 -0.025077 0.057046
v -0.044171 -0.024139 0.056457
v -0.046697 -0.023019 0.055752
v -0.048974 -0.021519 0.054809
v -0.050919 -0.019684 0.053658
v -0.052783 -0.017246 0.052125
v -0.053595 -0.015908 0.051284
v -0.054322 -0.014535 0.050421
v -0.055862 -0.010928 0.048153
v -0.057073 -0.007213 0.045818
v -0.057485 -0.005718 0.044878
v -0.058797 -0.000000 0.041283
v -0.023988 -0.026505 0.045318
v -0.023988 -0.026505 0.046919
v -0.023988 -0.066633 0.040400
v -0.023988 -0.066058 0.040460
v -0.023988 -0.065507 0.040636
v -0.023988 -0.051819 0.045917
v -0.023988 -0.048860 0.046873
v -0.023988 -0.048562 0.046919
v -0.040025 -0.027364 0.044805
v -0.040085 -0.027137 0.044542
v -0.040287 -0.026795 0.044360
v -0.040636 -0.026373 0.044327
v -0.041025 -0.026001 0.044455
v -0.040025 -0.027505 0.046919
v -0.040025 -0.036705 0.046918
v -0.040025 -0.027505 0.045318
v -0.040025 -0.027442 0.044968
v -0.024988 -0.087250 0.035000
v -0.037433 -0.087250 0.035000
v -0.024988 -0.077200 0.035000
v -0.037433 -0.080250 0.035000
v -0.037351 -0.077200 0.035000
v -0.039351 -0.067200 0.035000
v -0.039351 -0.075200 0.035000
v -0.039199 -0.075965 0.035000
v -0.038765 -0.076614 0.035000
v -0.038116 -0.077048 0.035000
v -0.067492 -0.049805 0.025444
v -0.069638 -0.049782 0.020398
v -0.067802 -0.061991 0.019434
v -0.069553 -0.061975 0.014380
v -0.038645 -0.034879 0.054839
v -0.033197 -0.033822 0.055577
v -0.034594 -0.027992 0.057115
v -0.039990 -0.029026 0.056313
v -0.045216 -0.029867 0.054961
v -0.043939 -0.035764 0.053592
v -0.057168 -0.037175 0.044956
v -0.053268 -0.036863 0.048554
v -0.054294 -0.030828 0.049547
v -0.056185 -0.091478 0.032497
v -0.058325 -0.012139 0.045354
v -0.055195 -0.018367 0.049928
v -0.029149 -0.075858 0.045322
v -0.052123 -0.091089 0.036049
v -0.047693 -0.090626 0.039101
v -0.042964 -0.090091 0.041606
v -0.059802 -0.091800 0.028499
v -0.065481 -0.092268 0.019402
v -0.069362 -0.086497 0.003606
v -0.069492 -0.086245 0.000009
v -0.069447 -0.080317 0.003462
v -0.069601 -0.079508 0.000004
v -0.069876 -0.074131 0.003460
v -0.070241 -0.071816 0.000003
v -0.073388 -0.052476 -0.000002
v -0.071597 -0.062514 -0.000000
v -0.071527 -0.061779 0.003784
v -0.073514 -0.049430 0.004319
v -0.074074 -0.048228 -0.000003
v -0.074798 -0.036985 0.004773
v -0.075283 -0.038236 -0.000002
v -0.075150 -0.039648 -0.000002
v -0.075231 -0.024455 0.004986
v -0.076011 -0.024068 -0.000005
v -0.075808 -0.030469 -0.000003
v -0.076059 -0.019190 -0.000002
v -0.075961 -0.009952 0.000006
v -0.074139 -0.024582 0.010537
v -0.073932 -0.011952 0.010381
v -0.072501 -0.012014 0.015757
v -0.070906 -0.000045 0.018261
v -0.075523 -0.000000 -0.000000
v -0.075863 -0.006754 0.000008
v -0.074641 -0.000003 0.004649
v -0.073394 -0.000017 0.010010
v -0.072951 -0.000024 0.011677
v -0.057690 -0.005755 0.044623
v -0.060786 -0.005773 0.040258
v -0.061369 -0.012185 0.040921
v -0.064130 -0.012189 0.036215
v -0.050042 -0.030447 0.052694
v -0.050903 -0.024344 0.053382
v -0.048869 -0.036410 0.051495
v -0.047698 -0.030187 0.053952
v -0.048632 -0.024121 0.054739
v -0.046213 -0.023835 0.055837
v -0.060633 -0.037372 0.040841
v -0.058027 -0.031075 0.045750
v -0.054990 -0.024659 0.050044
v -0.030185 -0.045387 0.052110
v -0.035646 -0.046441 0.051435
v -0.040981 -0.047368 0.050307
v -0.052413 -0.085102 0.035559
v -0.048111 -0.084630 0.038640
v -0.043503 -0.084076 0.041195
v -0.038633 -0.083442 0.043176
v -0.033533 -0.082733 0.044549
v -0.028259 -0.081951 0.045296
v -0.027289 -0.057009 0.048742
v -0.032690 -0.058021 0.048154
v -0.037984 -0.058939 0.047122
v -0.043037 -0.059718 0.045461
v -0.046022 -0.048108 0.048460
v -0.047739 -0.060365 0.043148
v -0.050628 -0.048682 0.045872
v -0.052076 -0.060892 0.040257
v -0.054799 -0.049119 0.042662
v -0.056044 -0.061305 0.036858
v -0.061938 -0.049646 0.034766
v -0.064919 -0.049764 0.030250
v -0.062816 -0.061819 0.028803
v -0.065550 -0.061942 0.024258
v -0.064601 -0.067971 0.023785
v -0.066903 -0.068058 0.019049
v -0.066155 -0.074118 0.018821
v -0.069210 -0.074178 0.008750
v -0.070794 -0.061903 0.009148
v -0.071354 -0.049707 0.015164
v -0.070827 -0.037392 0.021207
v -0.068768 -0.080314 0.008746
v -0.067966 -0.074176 0.013886
v -0.069652 -0.092658 0.003903
v -0.068872 -0.092558 0.009239
v -0.068641 -0.086444 0.008906
v -0.067311 -0.086357 0.014054
v -0.067491 -0.080270 0.013874
v -0.065631 -0.080175 0.018797
v -0.063797 -0.073997 0.023499
v -0.061797 -0.067811 0.028225
v -0.059635 -0.061611 0.033020
v -0.058563 -0.049436 0.038928
v -0.067474 -0.092431 0.014424
v -0.065390 -0.086227 0.018997
v -0.063211 -0.080022 0.023458
v -0.060923 -0.073803 0.027870
v -0.058532 -0.067565 0.032323
v -0.062914 -0.092061 0.024114
v -0.062901 -0.086045 0.023673
v -0.059875 -0.085803 0.028026
v -0.060263 -0.079803 0.027801
v -0.056835 -0.079506 0.031780
v -0.057578 -0.073527 0.031887
v -0.053817 -0.073160 0.035505
v -0.054855 -0.067222 0.036032
v -0.049695 -0.072694 0.038676
v -0.050808 -0.066776 0.039300
v -0.045242 -0.072127 0.041339
v -0.046412 -0.066223 0.042061
v -0.040481 -0.071461 0.043440
v -0.041681 -0.065559 0.044257
v -0.035435 -0.070694 0.044928
v -0.036635 -0.064779 0.045828
v -0.030185 -0.069824 0.045812
v -0.031368 -0.063879 0.046790
v -0.024830 -0.068884 0.046205
v -0.025996 -0.062900 0.047297
v -0.056357 -0.085492 0.032005
v -0.052988 -0.079123 0.035349
v -0.048784 -0.078649 0.038462
v -0.044265 -0.078084 0.041060
v -0.039461 -0.077429 0.043092
v -0.034400 -0.076687 0.044515
v -0.072643 -0.049588 0.009791
v -0.073804 -0.037142 0.010327
v -0.072485 -0.037280 0.015816
v -0.072791 -0.024700 0.016040
v -0.060056 -0.000016 0.039550
v -0.062197 -0.000039 0.036359
v -0.065541 -0.000060 0.030624
v -0.066626 -0.012165 0.031307
v -0.068311 -0.000060 0.024883
v -0.068856 -0.012122 0.026244
v -0.070813 -0.012071 0.021053
v -0.071098 -0.031124 0.021428
v -0.071168 -0.024806 0.021468
v -0.069139 -0.018521 0.026586
v -0.066940 -0.018576 0.031721
v -0.064465 -0.018603 0.036689
v -0.061710 -0.018588 0.041439
v -0.058647 -0.018517 0.045891
v -0.058559 -0.024850 0.046088
v -0.061712 -0.024950 0.041678
v -0.061327 -0.031217 0.041461
v -0.064530 -0.024981 0.036938
v -0.064265 -0.031276 0.036807
v -0.067041 -0.024958 0.031954
v -0.066869 -0.031271 0.031877
v -0.069255 -0.024895 0.026785
v -0.069147 -0.031215 0.026735
v -0.066446 -0.037503 0.031512
v -0.062929 -0.043595 0.035619
v -0.063719 -0.037476 0.036331
v -0.059692 -0.043439 0.039959
v -0.056069 -0.043181 0.043882
v -0.052020 -0.042804 0.047280
v -0.047502 -0.042285 0.050032
v -0.068816 -0.037470 0.026455
v -0.024064 -0.026888 0.046919
v -0.024064 -0.026888 0.045318
v -0.024281 -0.027213 0.046919
v -0.024281 -0.027213 0.045318
v -0.024605 -0.027429 0.046919
v -0.024988 -0.027505 0.046919
v -0.024988 -0.027505 0.045318
v -0.024682 -0.027457 0.045318
v -0.024605 -0.027429 0.045318
v -0.024330 -0.027258 0.045318
v -0.039825 -0.037705 0.046918
v -0.041025 -0.037705 0.046918
v -0.040679 -0.037644 0.046918
v -0.039825 -0.048562 0.046918
v -0.040318 -0.037413 0.046918
v -0.040087 -0.037052 0.046918
v -0.024281 -0.076493 0.040400
v -0.024064 -0.076817 0.040400
v -0.038351 -0.075200 0.040400
v -0.024988 -0.076200 0.040400
v -0.037351 -0.076200 0.040400
v -0.024605 -0.076276 0.040400
v -0.038351 -0.066633 0.040400
v -0.037734 -0.076124 0.040400
v -0.038058 -0.075907 0.040400
v -0.038275 -0.075583 0.040400
v -0.024988 -0.026334 0.044333
v -0.024988 -0.026001 0.044455
v -0.024988 -0.026399 0.044324
v -0.024988 -0.026791 0.044360
v -0.024988 -0.026816 0.044367
v -0.024988 -0.027178 0.044578
v -0.024988 -0.027423 0.044919
v -0.040159 -0.037205 0.042783
v -0.040318 -0.037413 0.042783
v -0.040525 -0.037571 0.042783
v -0.050748 -0.066200 0.036000
v -0.039351 -0.066200 0.036000
v -0.051257 -0.066221 0.035798
v -0.039351 -0.066274 0.035621
v -0.051744 -0.066291 0.035583
v -0.039351 -0.066493 0.035293
v -0.039351 -0.066822 0.035074
v -0.052526 -0.066679 0.035146
v -0.052378 -0.066539 0.035249
v -0.052526 -0.066861 0.035059
v -0.038413 -0.075200 0.035654
v -0.038351 -0.075200 0.036000
v -0.038275 -0.075583 0.036000
v -0.038644 -0.075200 0.035293
v -0.038485 -0.075200 0.035500
v -0.038398 -0.075634 0.035500
v -0.038058 -0.075907 0.036000
v -0.038153 -0.076002 0.035500
v -0.037734 -0.076124 0.036000
v -0.037785 -0.076248 0.035500
v -0.037351 -0.076200 0.036000
v -0.037351 -0.076334 0.035500
v -0.038851 -0.075200 0.035134
v -0.038737 -0.075774 0.035134
v -0.038411 -0.076261 0.035134
v -0.037925 -0.076586 0.035134
v -0.037351 -0.076700 0.035134
v -0.024988 -0.076700 0.035134
v -0.024988 -0.076334 0.035500
v -0.024988 -0.076200 0.036000
v -0.074835 -0.033814 -0.035846
v -0.075535 -0.033498 -0.030495
v -0.076892 -0.026587 -0.030859
v -0.067192 -0.052785 -0.033865
v -0.069054 -0.052927 -0.028908
v -0.071524 -0.046658 -0.029524
v -0.066564 -0.039977 -0.055362
v -0.068368 -0.040295 -0.050516
v -0.071802 -0.034142 -0.051432
v -0.036227 -0.072404 -0.045413
v -0.034807 -0.075489 -0.044995
v -0.039455 -0.077522 -0.043397
v -0.035006 -0.090644 -0.044438
v -0.040135 -0.092486 -0.042923
v -0.041935 -0.085840 -0.041917
v -0.077567 -0.000000 -0.055628
v -0.077508 -0.000000 -0.057018
v -0.077677 -0.006634 -0.057020
v -0.067088 -0.038435 -0.057019
v -0.065887 -0.039843 -0.057019
v -0.051560 -0.050662 -0.057019
v -0.054476 -0.049669 -0.056176
v -0.056188 -0.048058 -0.057018
v -0.023989 -0.069431 -0.047561
v -0.025247 -0.070936 -0.047044
v -0.026899 -0.067971 -0.048102
v -0.023990 -0.089632 -0.045746
v -0.024588 -0.086356 -0.045612
v -0.023990 -0.082049 -0.045559
v -0.068529 -0.087376 -0.009463
v -0.069350 -0.088024 -0.004128
v -0.075484 -0.038412 -0.002588
v -0.076420 -0.024337 -0.003358
v -0.077095 -0.003537 -0.009977
v -0.076575 -0.000000 -0.007133
v -0.077165 -0.017726 -0.009254
v -0.077235 -0.010637 -0.009614
v -0.070902 -0.066719 -0.002091
v -0.069966 -0.073830 -0.002466
v -0.069431 -0.080935 -0.003137
v -0.046591 -0.087465 -0.039593
v -0.029807 -0.088593 -0.045333
v -0.025631 -0.060523 -0.052973
v -0.023988 -0.060340 -0.053154
v -0.027269 -0.061206 -0.052333
v -0.023988 -0.062769 -0.051163
v -0.023988 -0.065827 -0.049206
v -0.028651 -0.065184 -0.049452
v -0.030520 -0.062585 -0.051047
v -0.029183 -0.057482 -0.055866
v -0.024810 -0.060183 -0.053294
v -0.024399 -0.060014 -0.053454
v -0.023988 -0.059845 -0.053614
v -0.024733 -0.060152 -0.053324
v -0.024759 -0.060162 -0.053314
v -0.024934 -0.056674 -0.057018
v -0.023987 -0.069418 -0.051290
v -0.023988 -0.060374 -0.053485
v -0.023988 -0.064772 -0.052418
v -0.023987 -0.083858 -0.047784
v -0.023987 -0.083009 -0.047990
v -0.023987 -0.079045 -0.048953
v -0.023987 -0.074213 -0.050126
v -0.023987 -0.072919 -0.050440
v -0.030783 -0.056364 -0.057016
v -0.029064 -0.056505 -0.057017
v -0.024707 -0.060141 -0.053334
v -0.024605 -0.060099 -0.053374
v -0.063893 -0.041942 -0.057019
v -0.060010 -0.045358 -0.057019
v -0.062117 -0.045489 -0.053905
v -0.057430 -0.050605 -0.052048
v -0.049503 -0.054284 -0.053561
v -0.046917 -0.052687 -0.057018
v -0.064437 -0.041395 -0.057018
v -0.069975 -0.034479 -0.057019
v -0.070460 -0.034002 -0.056452
v -0.071187 -0.032503 -0.057018
v -0.072295 -0.030466 -0.057018
v -0.074180 -0.026274 -0.057019
v -0.074529 -0.027595 -0.052115
v -0.075681 -0.021755 -0.057018
v -0.076439 -0.020720 -0.052632
v -0.077229 -0.013744 -0.057019
v -0.076686 -0.017362 -0.057020
v -0.075934 -0.020803 -0.057019
v -0.077419 -0.011904 -0.057018
v -0.077511 -0.013616 -0.053040
v -0.077780 -0.000000 -0.020978
v -0.078043 -0.000000 -0.028296
v -0.078299 -0.005017 -0.031700
v -0.078088 -0.000000 -0.031205
v -0.078094 -0.000000 -0.031881
v -0.076926 -0.000000 -0.010161
v -0.077418 -0.000000 -0.015436
v -0.077971 -0.004255 -0.020802
v -0.043962 -0.079348 -0.041317
v -0.037119 -0.083987 -0.043679
v -0.032193 -0.081926 -0.044877
v -0.027201 -0.079679 -0.045536
v -0.028593 -0.076436 -0.045730
v -0.023989 -0.077454 -0.045794
v -0.037039 -0.055750 -0.056684
v -0.032528 -0.060167 -0.052828
v -0.041086 -0.057362 -0.053779
v -0.036868 -0.062081 -0.050554
v -0.045001 -0.058961 -0.050772
v -0.064404 -0.046032 -0.049299
v -0.060184 -0.051410 -0.047760
v -0.052878 -0.055511 -0.049863
v -0.041836 -0.054353 -0.057019
v -0.036393 -0.055596 -0.057018
v -0.073641 -0.027592 -0.057019
v -0.077998 -0.000000 -0.042836
v -0.077645 -0.000000 -0.053713
v -0.078210 -0.005781 -0.042610
v -0.077847 -0.006400 -0.053402
v -0.078039 -0.013062 -0.042320
v -0.072968 -0.034157 -0.046323
v -0.075312 -0.027491 -0.046901
v -0.076928 -0.020535 -0.047347
v -0.075964 -0.027276 -0.041614
v -0.077316 -0.020257 -0.042001
v -0.075686 -0.038799 -0.008193
v -0.075587 -0.039185 -0.013758
v -0.074327 -0.046029 -0.013437
v -0.076431 -0.031814 -0.008533
v -0.076533 -0.032259 -0.014088
v -0.075212 -0.039559 -0.019266
v -0.076404 -0.032698 -0.019607
v -0.074584 -0.039902 -0.024702
v -0.076907 -0.024789 -0.008891
v -0.072740 -0.046507 -0.024270
v -0.070632 -0.052957 -0.023797
v -0.073684 -0.046289 -0.018904
v -0.071891 -0.052906 -0.018540
v -0.072664 -0.040401 -0.035321
v -0.071410 -0.040503 -0.040491
v -0.068377 -0.046641 -0.039672
v -0.077252 -0.025710 -0.019928
v -0.076064 -0.033118 -0.025079
v -0.073727 -0.040191 -0.030055
v -0.070061 -0.046712 -0.034660
v -0.065076 -0.052500 -0.038664
v -0.078023 -0.011451 -0.020515
v -0.077783 -0.018616 -0.020229
v -0.077789 -0.019498 -0.031169
v -0.078247 -0.012287 -0.031441
v -0.076492 -0.026967 -0.036264
v -0.073977 -0.034042 -0.041125
v -0.069979 -0.040472 -0.045559
v -0.066489 -0.046418 -0.044555
v -0.062735 -0.052046 -0.043299
v -0.056060 -0.056596 -0.045968
v -0.048750 -0.060470 -0.047574
v -0.041093 -0.063953 -0.048149
v -0.059037 -0.057498 -0.041858
v -0.052310 -0.061823 -0.044133
v -0.045167 -0.065707 -0.045498
v -0.039354 -0.066627 -0.047024
v -0.033240 -0.067359 -0.047869
v -0.031601 -0.070245 -0.046873
v -0.030056 -0.073280 -0.046162
v -0.023989 -0.073165 -0.046468
v -0.074606 -0.045462 -0.002277
v -0.073450 -0.052529 -0.002056
v -0.073329 -0.052672 -0.007645
v -0.070520 -0.066505 -0.007564
v -0.069631 -0.066274 -0.012901
v -0.069460 -0.073445 -0.007873
v -0.068407 -0.073042 -0.013119
v -0.068784 -0.080403 -0.008494
v -0.067560 -0.079858 -0.013670
v -0.067114 -0.086719 -0.014603
v -0.051021 -0.088862 -0.036728
v -0.052389 -0.082310 -0.035701
v -0.055142 -0.090055 -0.033367
v -0.056195 -0.083462 -0.032220
v -0.058863 -0.091083 -0.029555
v -0.059630 -0.084440 -0.028338
v -0.062117 -0.091990 -0.025339
v -0.062628 -0.085282 -0.024084
v -0.064860 -0.092811 -0.020770
v -0.065136 -0.086030 -0.019493
v -0.048290 -0.080945 -0.038746
v -0.050324 -0.074636 -0.038621
v -0.054108 -0.075921 -0.035325
v -0.056231 -0.069795 -0.035633
v -0.057612 -0.076991 -0.031653
v -0.059430 -0.070727 -0.031700
v -0.060768 -0.077880 -0.027630
v -0.062301 -0.071480 -0.027467
v -0.063512 -0.078628 -0.023276
v -0.064787 -0.072092 -0.022948
v -0.065791 -0.079276 -0.018612
v -0.066837 -0.072601 -0.018156
v -0.068264 -0.066004 -0.018061
v -0.068455 -0.059314 -0.023340
v -0.066454 -0.065669 -0.023012
v -0.066544 -0.059081 -0.028267
v -0.064243 -0.065234 -0.027734
v -0.064311 -0.058721 -0.033000
v -0.061675 -0.064663 -0.032215
v -0.061796 -0.058203 -0.037533
v -0.058800 -0.063920 -0.036449
v -0.055668 -0.062977 -0.040425
v -0.052761 -0.068653 -0.039253
v -0.049064 -0.067286 -0.042541
v -0.046311 -0.073120 -0.041516
v -0.042106 -0.071380 -0.044002
v -0.040736 -0.074398 -0.043577
v -0.037738 -0.069445 -0.046099
v -0.072800 -0.052803 -0.013148
v -0.074643 -0.045748 -0.007888
v -0.038351 -0.067200 0.036000
v -0.038351 -0.066600 0.040400
v -0.038351 -0.067046 0.039359
v -0.038351 -0.067200 0.038236
v -0.023988 -0.088250 -0.035000
v -0.037468 -0.088250 -0.035000
v -0.051041 -0.088250 -0.025975
v -0.063721 -0.088250 -0.008400
v -0.063988 -0.088250 -0.007163
v -0.044062 -0.088250 -0.031682
v -0.056457 -0.088250 -0.018768
v -0.059503 -0.088250 -0.012044
v -0.059954 -0.088250 -0.011195
v -0.063988 -0.088250 0.006993
v -0.063724 -0.088250 0.008222
v -0.062811 -0.088250 -0.009545
v -0.061666 -0.088250 -0.010085
v -0.060777 -0.088250 -0.010449
v -0.062827 -0.088250 0.009363
v -0.061695 -0.088250 0.009908
v -0.060813 -0.088250 0.010279
v -0.024988 -0.088250 0.036000
v -0.034465 -0.088250 0.036000
v -0.040044 -0.088250 0.033882
v -0.046863 -0.088250 0.029708
v -0.052643 -0.088250 0.024182
v -0.057120 -0.088250 0.017557
v -0.059556 -0.088250 0.011874
v -0.059999 -0.088250 0.011027
v -0.023988 -0.076276 -0.035618
v -0.023988 -0.076493 -0.035293
v -0.023988 -0.077200 -0.035000
v -0.023988 -0.076817 -0.035076
v -0.023988 -0.042765 -0.054277
v -0.023988 -0.042754 -0.053802
v -0.023988 -0.065575 -0.040400
v -0.023988 -0.065316 -0.040434
v -0.023988 -0.042993 -0.054694
v -0.023988 -0.043388 -0.054958
v -0.023988 -0.043730 -0.055018
v -0.023988 -0.042964 -0.053375
v -0.023988 -0.043230 -0.053152
v -0.023988 -0.065075 -0.040534
v -0.028311 -0.091624 -0.045645
v -0.024793 -0.083315 -0.045549
v -0.024813 -0.083306 -0.045549
v -0.024802 -0.083311 -0.045549
v -0.024797 -0.083313 -0.045549
v -0.024835 -0.083295 -0.045548
v -0.024879 -0.083275 -0.045548
v -0.025658 -0.073060 -0.046475
v -0.025439 -0.059644 -0.053790
v -0.027223 -0.062817 -0.051066
v -0.029155 -0.066474 -0.048718
v -0.031134 -0.070589 -0.046887
v -0.022294 -0.059662 -0.053769
v -0.018126 -0.061593 -0.051869
v -0.019232 -0.062485 -0.051246
v -0.023668 -0.069265 -0.047622
v -0.021536 -0.065728 -0.049231
v -0.023455 -0.079034 -0.045664
v -0.021674 -0.075027 -0.046067
v -0.037550 -0.076980 -0.044690
v -0.035654 -0.072913 -0.045755
v -0.033438 -0.079095 -0.045047
v -0.027529 -0.077043 -0.045751
v -0.029301 -0.081158 -0.045353
v -0.025144 -0.083151 -0.045542
v -0.041076 -0.085495 -0.043308
v -0.036874 -0.087613 -0.044245
v -0.032618 -0.089659 -0.045047
v -0.024967 -0.083234 -0.045546
v -0.009690 -0.062620 -0.049843
v -0.011945 -0.065850 -0.048211
v -0.014012 -0.069322 -0.046900
v -0.015925 -0.073026 -0.045991
v -0.017708 -0.076917 -0.045507
v -0.019382 -0.080937 -0.045378
v -0.020969 -0.085051 -0.045486
v -0.023952 -0.093497 -0.045918
v -0.047451 -0.066200 0.038236
v -0.039351 -0.066200 0.038236
v -0.049129 -0.066200 0.037161
v -0.052558 -0.067083 0.035006
v -0.052581 -0.066822 0.035073
v -0.024605 -0.076400 0.035538
v -0.024605 -0.076276 0.036000
v -0.024281 -0.076588 0.035646
v -0.024281 -0.076493 0.036000
v -0.024064 -0.076869 0.035808
v -0.024064 -0.077009 0.035668
v -0.024281 -0.076846 0.035387
v -0.024605 -0.076738 0.035200
v -0.024605 -0.077200 0.035076
v -0.024281 -0.077200 0.035293
v -0.024064 -0.077200 0.035617
v -0.024064 -0.076817 0.036000
v -0.039089 -0.066235 0.036000
v -0.039003 -0.066263 0.038236
v -0.038851 -0.066334 0.036000
v -0.038851 -0.066334 0.038236
v -0.038640 -0.066496 0.038236
v -0.038485 -0.066700 0.036000
v -0.038410 -0.066861 0.038236
v -0.038485 -0.066700 0.038236
v -0.039003 -0.066043 0.039413
v -0.038410 -0.066601 0.039629
v -0.038443 -0.066058 0.040460
v -0.038640 -0.066261 0.039497
v -0.038667 -0.065507 0.040636
v -0.039351 -0.065238 0.040523
v -0.039003 -0.065282 0.040568
v -0.039351 -0.065985 0.039390
v -0.039013 -0.064832 0.040931
v -0.039351 -0.064262 0.041177
v -0.037468 -0.080250 -0.035000
v -0.037351 -0.077200 -0.035000
v -0.038116 -0.077048 -0.035000
v -0.049940 -0.080250 -0.035000
v -0.038765 -0.076614 -0.035000
v -0.039198 -0.075965 -0.035000
v -0.050697 -0.076736 -0.035000
v -0.039351 -0.075200 -0.035000
v -0.051789 -0.073407 -0.035000
v -0.039351 -0.067000 -0.035000
v -0.054795 -0.067000 -0.035000
v -0.054131 -0.068250 -0.035000
v -0.053125 -0.070280 -0.035000
v -0.037503 -0.080415 -0.034987
v -0.037632 -0.080601 -0.034937
v -0.037660 -0.080629 -0.034926
v -0.038346 -0.081011 -0.034649
v -0.039093 -0.081194 -0.034330
v -0.039780 -0.081249 -0.034020
v -0.059503 -0.081250 -0.012044
v -0.056457 -0.081250 -0.018768
v -0.051041 -0.081250 -0.025975
v -0.044062 -0.081250 -0.031682
v -0.039821 -0.081250 -0.034000
v -0.059954 -0.081250 -0.011195
v -0.060777 -0.081250 -0.010449
v -0.061666 -0.081250 -0.010085
v -0.063988 -0.081250 0.006993
v -0.063988 -0.081250 -0.007163
v -0.038827 -0.065570 -0.040249
v -0.038351 -0.065768 -0.040134
v -0.038351 -0.065075 -0.040534
v -0.051361 -0.058898 -0.044103
v -0.050104 -0.062911 -0.041784
v -0.059857 -0.043230 -0.053152
v -0.060944 -0.042679 -0.053471
v -0.062020 -0.042112 -0.053798
v -0.049788 -0.065500 -0.040289
v -0.039351 -0.065500 -0.040289
v -0.054453 -0.053260 -0.047359
v -0.052705 -0.056157 -0.045685
v -0.059500 -0.043372 -0.054952
v -0.059159 -0.043731 -0.055018
v -0.059745 -0.042914 -0.053441
v -0.059660 -0.042754 -0.053801
v -0.059598 -0.042765 -0.054277
v -0.059645 -0.042740 -0.053884
v -0.059600 -0.043134 -0.054821
v -0.059601 -0.043054 -0.054755
v -0.059599 -0.043033 -0.054735
v -0.059593 -0.042786 -0.054347
v -0.037351 -0.076700 -0.035134
v -0.037351 -0.076817 -0.035076
v -0.037351 -0.076493 -0.035293
v -0.037351 -0.076334 -0.035500
v -0.037351 -0.076276 -0.035618
v -0.037351 -0.076200 -0.036000
v -0.037350 -0.076200 -0.040400
v -0.038351 -0.065575 -0.040400
v -0.038351 -0.065317 -0.040434
v -0.037733 -0.076124 -0.036000
v -0.037784 -0.076248 -0.035500
v -0.038058 -0.075907 -0.036000
v -0.038152 -0.076002 -0.035500
v -0.038274 -0.075583 -0.036000
v -0.038398 -0.075634 -0.035500
v -0.038351 -0.075200 -0.036000
v -0.038484 -0.075200 -0.035500
v -0.037925 -0.076586 -0.035134
v -0.038411 -0.076261 -0.035134
v -0.038736 -0.075774 -0.035134
v -0.038851 -0.075200 -0.035134
v -0.038851 -0.067000 -0.035134
v -0.038484 -0.067000 -0.035500
v -0.038351 -0.067000 -0.036000
v -0.039351 -0.066500 -0.035134
v -0.055040 -0.066692 -0.035049
v -0.055079 -0.066587 -0.035090
v -0.039351 -0.066293 -0.035293
v -0.055092 -0.066483 -0.035144
v -0.054608 -0.066066 -0.035644
v -0.054978 -0.066242 -0.035348
v -0.055034 -0.066305 -0.035281
v -0.039351 -0.066134 -0.035500
v -0.039351 -0.066000 -0.036000
v -0.053960 -0.066000 -0.036000
v -0.052143 -0.073480 -0.034934
v -0.051021 -0.076825 -0.034942
v -0.054982 -0.067102 -0.034977
v -0.050259 -0.080300 -0.034947
v -0.053979 -0.070152 -0.034699
v -0.052436 -0.073592 -0.034742
v -0.051311 -0.076904 -0.034772
v -0.050547 -0.080345 -0.034789
v -0.055459 -0.067361 -0.034655
v -0.055158 -0.067198 -0.034911
v -0.049940 -0.081250 -0.034000
v -0.063383 -0.081250 -0.016408
v -0.039793 -0.081250 0.034000
v -0.040044 -0.081250 0.033882
v -0.049736 -0.081250 0.034000
v -0.046863 -0.081250 0.029708
v -0.053837 -0.081250 0.030465
v -0.052643 -0.081250 0.024182
v -0.055915 -0.081250 0.028293
v -0.058487 -0.081250 0.025120
v -0.057120 -0.081250 0.017557
v -0.060772 -0.081250 0.021655
v -0.066126 -0.081250 0.006340
v -0.063724 -0.081250 0.008222
v -0.064554 -0.081250 0.013204
v -0.062827 -0.081250 0.009363
v -0.060929 -0.081250 -0.021451
v -0.059584 -0.081250 -0.023640
v -0.054436 -0.081250 -0.030016
v -0.055233 -0.081250 -0.029181
v -0.059045 -0.081250 -0.024440
v -0.061695 -0.081250 0.009908
v -0.064188 -0.081250 0.014296
v -0.060813 -0.081250 0.010279
v -0.062811 -0.081250 -0.009545
v -0.064699 -0.081250 -0.012677
v -0.063721 -0.081250 -0.008400
v -0.065747 -0.081250 -0.008435
v -0.066195 -0.081250 -0.005659
v -0.066565 -0.081250 0.000011
v -0.063343 -0.081250 0.016509
v -0.059556 -0.081250 0.011874
v -0.060000 -0.081250 0.011027
v -0.039351 -0.066000 -0.039423
v -0.049788 -0.066000 -0.039423
v -0.051937 -0.066000 -0.037790
v -0.055027 -0.065692 -0.036018
v -0.054470 -0.065673 -0.036537
v -0.054588 -0.065414 -0.036660
v -0.055261 -0.066599 -0.035066
v -0.055436 -0.066596 -0.035012
v -0.054155 -0.065959 -0.036205
v -0.054282 -0.065885 -0.036338
v -0.054697 -0.065975 -0.035836
v -0.054872 -0.065855 -0.035942
v -0.055133 -0.066160 -0.035419
v -0.055307 -0.066074 -0.035437
v -0.054890 -0.065433 -0.036358
v -0.055514 -0.065716 -0.035562
v -0.055736 -0.066147 -0.035072
v -0.055721 -0.066693 -0.034765
v -0.066376 -0.081233 -0.005682
v -0.066747 -0.081233 0.000010
v -0.066558 -0.081180 -0.005706
v -0.066932 -0.081180 0.000010
v -0.066878 -0.080975 -0.005747
v -0.067254 -0.080974 0.000009
v -0.067098 -0.080664 -0.005775
v -0.067476 -0.080662 0.000009
v -0.067186 -0.080293 -0.005787
v -0.066566 -0.080297 -0.009416
v -0.066478 -0.080667 -0.009398
v -0.066261 -0.080976 -0.009351
v -0.065946 -0.081180 -0.009284
v -0.065766 -0.081233 -0.009246
v -0.065655 -0.080302 -0.012965
v -0.065567 -0.080671 -0.012938
v -0.065354 -0.080978 -0.012874
v -0.065047 -0.081181 -0.012782
v -0.064872 -0.081233 -0.012729
v -0.062720 -0.081233 -0.018382
v -0.062885 -0.081182 -0.018458
v -0.063174 -0.080982 -0.018593
v -0.063376 -0.080678 -0.018687
v -0.061795 -0.080321 -0.021947
v -0.063180 -0.080315 -0.019321
v -0.063462 -0.080313 -0.018727
v -0.061084 -0.081234 -0.021540
v -0.059191 -0.081234 -0.024541
v -0.061241 -0.081183 -0.021630
v -0.059339 -0.081183 -0.024644
v -0.061518 -0.080984 -0.021788
v -0.059600 -0.080987 -0.024824
v -0.061711 -0.080683 -0.021899
v -0.059784 -0.080688 -0.024951
v -0.055963 -0.080339 -0.029859
v -0.059582 -0.080329 -0.025411
v -0.059865 -0.080328 -0.025007
v -0.055363 -0.081234 -0.029301
v -0.052807 -0.081234 -0.031829
v -0.055494 -0.081184 -0.029423
v -0.052927 -0.081184 -0.031961
v -0.055725 -0.080990 -0.029638
v -0.053139 -0.080992 -0.032194
v -0.055889 -0.080695 -0.029790
v -0.053290 -0.080698 -0.032360
v -0.053359 -0.080343 -0.032435
v -0.050505 -0.080626 -0.034735
v -0.050373 -0.080953 -0.034563
v -0.050175 -0.081173 -0.034305
v -0.052304 -0.065690 -0.038425
v -0.052417 -0.065433 -0.038562
v -0.054515 -0.065415 -0.036729
v -0.053950 -0.065996 -0.036131
v -0.054188 -0.065900 -0.036383
v -0.054394 -0.065680 -0.036600
v -0.052117 -0.065904 -0.038195
v -0.051901 -0.065996 -0.037931
v -0.050302 -0.065447 -0.040155
v -0.050176 -0.065737 -0.039977
v -0.049997 -0.065932 -0.039720
v -0.074640 -0.000127 -0.007747
v -0.075284 -0.000126 -0.013868
v -0.074558 0.007666 -0.013869
v -0.054540 0.049311 -0.051842
v -0.055560 0.048492 -0.027631
v -0.056582 0.047890 -0.052821
v -0.058572 0.046125 -0.027622
v -0.058231 0.046619 -0.053179
v -0.061363 0.043505 -0.027608
v -0.060853 0.044322 -0.054132
v -0.063901 0.040633 -0.027589
v -0.063345 0.041718 -0.054695
v -0.065687 0.038739 -0.054957
v -0.066160 0.037522 -0.027565
v -0.067051 0.036664 -0.055009
v -0.067691 0.035576 -0.055017
v -0.067544 0.035833 -0.055015
v -0.068127 0.034196 -0.027536
v -0.067340 0.036183 -0.055013
v -0.067114 0.036561 -0.055010
v -0.071860 0.025148 -0.055050
v -0.070336 0.029902 -0.055034
v -0.070002 0.030788 -0.041232
v -0.069971 0.030835 -0.055032
v -0.068328 0.034404 -0.055022
v -0.071370 0.027135 -0.041183
v -0.072478 0.023368 -0.041133
v -0.073165 0.019288 -0.055068
v -0.074112 0.015615 -0.041044
v -0.075301 0.007735 -0.040983
v -0.074636 0.009689 -0.055089
v -0.075473 0.001653 -0.055095
v -0.075591 -0.000118 -0.055096
v -0.075589 -0.000085 -0.055095
v -0.075673 -0.000118 -0.053057
v -0.076041 -0.000120 -0.040960
v -0.076102 -0.000122 -0.032510
v -0.075437 -0.000125 -0.015703
v -0.076024 -0.000123 -0.027316
v -0.075277 0.007711 -0.027332
v -0.076081 -0.000122 -0.030267
v -0.049018 0.052500 -0.010186
v -0.049017 0.052498 -0.005877
v -0.052205 0.050586 -0.000011
v -0.049017 0.052498 -0.005674
v -0.049017 0.052498 -0.005655
v -0.049020 0.052494 -0.003190
v -0.049199 0.052395 -0.000002
v -0.053281 0.050116 -0.050988
v -0.051468 0.051193 -0.048878
v -0.050711 0.051616 -0.047730
v -0.050661 0.051644 -0.047622
v -0.050173 0.051909 -0.046423
v -0.049754 0.052133 -0.045057
v -0.049706 0.052158 -0.044873
v -0.049607 0.052210 -0.044458
v -0.049150 0.052447 -0.041404
v -0.049074 0.052486 -0.040263
v -0.049021 0.052513 -0.037832
v -0.052361 0.050617 -0.027635
v -0.049020 0.052510 -0.030541
v -0.049019 0.052506 -0.021101
v -0.073373 0.015452 -0.013870
v -0.074051 0.015550 -0.027374
v -0.071696 0.023124 -0.013874
v -0.072338 0.023274 -0.027436
v -0.071194 0.027035 -0.027470
v -0.069229 0.030504 -0.013876
v -0.069799 0.030688 -0.027504
v -0.067614 0.034011 -0.013874
v -0.065719 0.037348 -0.013869
v -0.063541 0.040483 -0.013862
v -0.061086 0.043388 -0.013852
v -0.072550 0.010475 -0.000316
v -0.071864 0.015242 -0.000297
v -0.070397 0.022770 -0.000258
v -0.068953 0.027931 -0.000224
v -0.068204 0.030084 -0.000207
v -0.065860 0.035415 -0.000161
v -0.065049 0.036914 -0.000147
v -0.061766 0.041833 -0.000096
v -0.060655 0.043192 -0.000081
v -0.058237 0.045767 -0.000054
v -0.056095 0.047699 -0.000035
v -0.052414 0.050448 -0.000012
v -0.054620 0.048399 0.009315
v -0.052752 0.050061 0.007601
v -0.052852 0.051080 0.007679
v -0.051385 0.051059 0.005997
v -0.049024 0.054755 -0.003218
v -0.049021 0.054757 -0.006519
v -0.049021 0.054757 -0.009157
v -0.049020 0.054757 -0.028461
v -0.049067 0.054734 -0.040066
v -0.049020 0.054757 -0.034911
v -0.049713 0.052225 -0.044902
v -0.049381 0.054577 -0.043279
v -0.049516 0.054509 -0.044024
v -0.049735 0.052360 -0.044986
v -0.049746 0.052390 -0.045026
v -0.049735 0.054397 -0.044986
v -0.049754 0.052393 -0.045057
v -0.050509 0.052051 -0.047280
v -0.050178 0.052851 -0.046433
v -0.049203 0.054662 -0.000000
v -0.049238 0.052505 0.000281
v -0.049561 0.052190 0.001970
v -0.051115 0.053590 0.005590
v -0.050237 0.053170 0.003938
v -0.050080 0.054189 0.003578
v -0.049606 0.052765 0.002113
v -0.049448 0.054533 0.001466
v -0.050254 0.051783 0.004005
v -0.052428 0.052743 0.007245
v -0.054359 0.051264 0.009055
v -0.055950 0.047376 0.010513
v -0.056607 0.046059 0.011112
v -0.066060 0.041588 -0.056910
v -0.063829 0.044173 -0.056609
v -0.061420 0.046535 -0.056017
v -0.069430 0.036562 -0.057018
v -0.050609 0.051836 -0.047507
v -0.063049 -0.041638 -0.053717
v -0.062682 -0.042256 -0.053315
v -0.062382 -0.042241 -0.053621
v -0.063299 -0.041002 -0.054358
v -0.063274 -0.041114 -0.054210
v -0.063074 -0.041206 -0.054331
v -0.060524 -0.042528 -0.054975
v -0.060159 -0.042775 -0.054921
v -0.061451 -0.041960 -0.055200
v -0.062523 -0.041170 -0.055384
v -0.062462 -0.041231 -0.055329
v -0.062413 -0.041262 -0.055371
v -0.062009 -0.041572 -0.055308
v -0.063004 -0.040918 -0.054986
v -0.062421 -0.041271 -0.055198
v -0.061598 -0.041861 -0.055230
v -0.061107 -0.042132 -0.055046
v -0.063268 -0.040816 -0.054735
v -0.063124 -0.040783 -0.055053
v -0.062794 -0.040921 -0.055398
v -0.062621 -0.041709 -0.054005
v -0.062464 -0.041677 -0.054073
v -0.062732 -0.041388 -0.054295
v -0.062945 -0.041015 -0.054793
v -0.062962 -0.041031 -0.054731
v -0.062948 -0.041095 -0.054607
v -0.062962 -0.041235 -0.054380
v -0.062893 -0.041018 -0.054872
v -0.062756 -0.041072 -0.054967
v -0.062368 -0.041295 -0.055067
v -0.061752 -0.041696 -0.055090
v -0.061267 -0.042023 -0.055061
v -0.051582 0.053422 -0.049280
v -0.051487 0.053474 -0.049134
v -0.051653 0.053382 -0.049386
v -0.051679 0.053369 -0.049424
v -0.051740 0.053334 -0.049513
v -0.051778 0.053314 -0.049566
v -0.051784 0.053309 -0.049576
v -0.051829 0.053284 -0.049638
v -0.051879 0.053259 -0.049707
v -0.052011 0.053182 -0.049885
v -0.052086 0.053143 -0.049984
v -0.052199 0.053076 -0.050127
v -0.052302 0.053022 -0.050254
v -0.052393 0.052966 -0.050364
v -0.052613 0.052845 -0.050618
v -0.052798 0.052733 -0.050821
v -0.052942 0.052655 -0.050973
v -0.053226 0.052484 -0.051259
v -0.053226 0.052489 -0.051259
v -0.053347 0.052413 -0.051376
v -0.053465 0.052347 -0.051487
v -0.053469 0.052342 -0.051491
v -0.053717 0.052196 -0.051717
v -0.024281 -0.087250 0.035293
v -0.024122 -0.087250 0.035500
v -0.024188 -0.087632 0.035538
v -0.024064 -0.087632 0.036000
v -0.024376 -0.087957 0.035646
v -0.024281 -0.087957 0.036000
v -0.024656 -0.088174 0.035808
v -0.024488 -0.087250 0.035134
v -0.024526 -0.087632 0.035200
v -0.024634 -0.087957 0.035387
v -0.024797 -0.088174 0.035668
v -0.024988 -0.087632 0.035076
v -0.024988 -0.087957 0.035293
v -0.024988 -0.088174 0.035617
v -0.024605 -0.088174 0.036000
v -0.054031 0.052006 -0.051991
v -0.050662 0.053917 -0.047625
v -0.051475 0.053481 -0.049115
v -0.051441 0.053499 -0.049062
v -0.075629 -0.000786 -0.055096
v -0.049897 -0.065932 -0.039769
v -0.049992 -0.065737 -0.040068
v -0.049788 -0.065737 -0.040099
v -0.050053 -0.065492 -0.040253
v -0.049788 -0.065932 -0.039786
v -0.039002 -0.066062 -0.036000
v -0.039028 -0.066053 -0.039361
v -0.038930 -0.066092 -0.039316
v -0.038851 -0.066134 -0.036000
v -0.038699 -0.066241 -0.039144
v -0.038640 -0.066296 -0.036000
v -0.038494 -0.066483 -0.038864
v -0.038484 -0.066500 -0.036000
v -0.038417 -0.066642 -0.038681
v -0.038410 -0.066661 -0.036000
v -0.038351 -0.067000 -0.038268
v -0.050064 -0.081173 -0.034365
v -0.050169 -0.080953 -0.034673
v -0.050239 -0.080626 -0.034878
v -0.049940 -0.080626 -0.034927
v -0.049940 -0.081173 -0.034385
v -0.049940 -0.080953 -0.034711
v -0.038601 -0.066567 -0.035500
v -0.039101 -0.066567 -0.035134
v -0.038918 -0.066250 -0.035500
v -0.038918 -0.066750 -0.035134
v -0.037733 -0.076124 -0.040400
v -0.038058 -0.075907 -0.040400
v -0.038274 -0.075583 -0.040400
v -0.038350 -0.075200 -0.040400
v -0.039351 -0.065755 -0.040079
v -0.038755 -0.066009 -0.039827
v -0.038351 -0.066081 -0.039896
v -0.038636 -0.065871 -0.040033
v -0.038856 -0.066085 -0.039581
v -0.038351 -0.066379 -0.039540
v -0.038351 -0.066360 -0.039566
v -0.038492 -0.066388 -0.039320
v -0.038374 -0.066578 -0.039154
v -0.038351 -0.066695 -0.038975
v -0.038351 -0.066861 -0.038602
v -0.038351 -0.066717 -0.038928
v -0.039351 -0.065945 -0.039749
v -0.054707 -0.053392 -0.047226
v -0.052964 -0.056244 -0.045587
v -0.051510 -0.059207 -0.043882
v -0.050497 -0.062299 -0.042099
v -0.060482 -0.045525 -0.051482
v -0.054955 -0.053438 -0.047030
v -0.053205 -0.056281 -0.045421
v -0.051747 -0.059225 -0.043744
v -0.050737 -0.062290 -0.041985
v -0.061100 -0.042024 -0.054835
v -0.061163 -0.041938 -0.054480
v -0.061286 -0.041974 -0.054138
v -0.061455 -0.042124 -0.053848
v -0.044396 -0.064262 0.041177
v -0.044833 -0.065129 0.040625
v -0.044943 -0.065249 0.040512
v -0.045479 -0.065672 0.039997
v -0.046447 -0.066075 0.039123
v -0.028855 -0.054970 -0.055018
v -0.034217 -0.054381 -0.055018
v -0.039493 -0.053330 -0.055018
v -0.044657 -0.051779 -0.055018
v -0.049650 -0.049714 -0.055018
v -0.054379 -0.047132 -0.055018
v -0.058772 -0.044042 -0.055018
v -0.066835 -0.036215 -0.055366
v -0.066419 -0.036770 -0.055370
v -0.063825 -0.039847 -0.055392
v -0.069564 -0.032031 -0.055328
v -0.069347 -0.032406 -0.055331
v -0.071508 -0.028209 -0.055287
v -0.073335 -0.023410 -0.055235
v -0.074474 -0.019100 -0.055190
v -0.075332 -0.013864 -0.055145
v -0.075733 -0.008317 -0.055112
v -0.075708 -0.002535 -0.055098
v -0.052283 0.052994 -0.028677
v -0.052212 0.052952 -0.000000
v -0.075878 0.007750 -0.007135
v -0.076594 0.007795 -0.014213
v -0.077299 0.007848 -0.028312
v -0.071636 0.032075 -0.042800
v -0.073130 0.028184 -0.042758
v -0.074324 0.024192 -0.042717
v -0.076043 0.016061 -0.042647
v -0.077270 0.007865 -0.042597
v -0.064922 0.042573 -0.028597
v -0.067426 0.039269 -0.028563
v -0.069603 0.035726 -0.028527
v -0.055754 0.050808 -0.028667
v -0.059045 0.048349 -0.028649
v -0.062116 0.045605 -0.028626
v -0.067019 0.039064 -0.014302
v -0.069115 0.035512 -0.014288
v -0.067060 0.037403 -0.000000
v -0.066386 0.038585 -0.000000
v -0.066320 0.038696 -0.000000
v -0.064605 0.042394 -0.014314
v -0.062519 0.044082 -0.000000
v -0.061887 0.045465 -0.014324
v -0.058682 0.048093 -0.000000
v -0.056458 0.049983 -0.000000
v -0.052377 0.052850 -0.000000
v -0.070892 0.031780 -0.014274
v -0.071446 0.031987 -0.028489
v -0.072368 0.027915 -0.014261
v -0.072970 0.028103 -0.028452
v -0.073574 0.023959 -0.014249
v -0.076023 0.016017 -0.028356
v -0.074208 0.024121 -0.028417
v -0.075356 0.015911 -0.014229
v -0.074910 0.007274 -0.000000
v -0.074704 0.015828 -0.007140
v -0.073790 0.015720 -0.000000
v -0.072840 0.020922 -0.000000
v -0.072220 0.023668 -0.000000
v -0.070552 0.029421 -0.000000
v -0.069869 0.031308 -0.000000
v -0.069832 0.031405 -0.000000
v -0.039005 -0.067200 0.035062
v -0.039095 -0.067200 0.035033
v -0.039030 -0.066862 0.035115
v -0.039141 -0.067200 0.035022
v -0.038410 -0.066960 0.035760
v -0.038640 -0.066702 0.035502
v -0.038696 -0.066467 0.035815
v -0.039003 -0.066537 0.035337
v -0.039030 -0.066315 0.035662
v -0.038717 -0.067200 0.035226
v -0.038696 -0.067015 0.035267
v -0.038522 -0.067200 0.035440
v -0.038458 -0.067200 0.035549
v -0.038440 -0.067200 0.035588
v -0.039825 -0.048860 0.046873
v -0.039825 -0.037705 0.049924
v -0.024642 -0.026032 0.044508
v -0.024602 -0.026165 0.044460
v -0.024283 -0.027169 0.045068
v -0.024642 -0.027369 0.044951
v -0.024054 -0.026856 0.045250
v -0.024090 -0.026634 0.044897
v -0.024050 -0.026331 0.045019
v -0.024284 -0.026389 0.044617
v -0.024240 -0.026170 0.044745
v -0.024281 -0.026148 0.044707
v -0.024845 -0.026377 0.044336
v -0.024728 -0.026776 0.044391
v -0.024656 -0.027127 0.044608
v -0.024697 -0.026294 0.044385
v -0.024457 -0.026625 0.044479
v -0.024310 -0.026934 0.044721
v -0.062316 0.032906 0.020595
v -0.062316 0.032908 0.020594
v -0.063863 0.033496 0.018086
v -0.064258 0.022231 0.024311
v -0.064186 0.029768 0.020167
v -0.065745 0.030221 0.017357
v -0.061759 0.038743 0.016926
v -0.061409 0.040283 0.015958
v -0.062729 0.041114 0.011978
v -0.060249 0.008500 0.035939
v -0.063169 0.007114 0.032486
v -0.065862 0.007225 0.027985
v -0.068147 0.007327 0.023397
v -0.070067 0.007420 0.018741
v -0.072310 0.015523 0.008145
v -0.072971 0.007571 0.009291
v -0.071150 0.023426 0.006979
v -0.069159 0.031156 0.005768
v -0.067746 0.034880 0.005151
v -0.066013 0.038456 0.004538
v -0.063941 0.041842 0.003940
v -0.061526 0.045000 0.003373
v -0.058778 0.047898 0.002852
v -0.055722 0.050512 0.002392
v -0.052400 0.052826 0.001999
v -0.055692 0.050322 0.007300
v -0.052437 0.052760 0.006096
v -0.058528 0.047536 0.008705
v -0.056263 0.049501 0.010163
v -0.055613 0.050148 0.009757
v -0.052421 0.052797 0.004047
v -0.055723 0.050437 0.004845
v -0.058701 0.047766 0.005778
v -0.060879 0.044446 0.010281
v -0.061305 0.044807 0.006829
v -0.063516 0.041596 0.007968
v -0.063217 0.037168 0.016014
v -0.064115 0.037601 0.013745
v -0.065097 0.033957 0.015546
v -0.064811 0.037930 0.011461
v -0.066060 0.034309 0.012978
v -0.065338 0.038171 0.009163
v -0.066794 0.034569 0.010387
v -0.062044 0.036960 0.018047
v -0.060807 0.042225 0.014737
v -0.060374 0.043325 0.014046
v -0.060148 0.043836 0.013725
v -0.058277 0.047077 0.011687
v -0.071661 0.007502 0.014033
v -0.069944 0.015276 0.016417
v -0.068313 0.015107 0.020487
v -0.066312 0.014904 0.024492
v -0.063889 0.014663 0.028416
v -0.069332 0.023119 0.014053
v -0.068011 0.022889 0.017531
v -0.066339 0.022597 0.020955
v -0.066972 0.030572 0.014506
v -0.067915 0.030834 0.011619
v -0.070359 0.023294 0.010531
v -0.060788 0.012622 0.033348
v -0.060992 0.014379 0.032243
v -0.061709 0.021782 0.027589
v -0.062241 0.029195 0.022928
v -0.062261 0.029620 0.022661
v -0.068627 0.031023 0.008704
v -0.037475 -0.080431 0.034984
v -0.049736 -0.080589 0.034940
v -0.037680 -0.080677 0.034904
v -0.038191 -0.080964 0.034699
v -0.049736 -0.080953 0.034710
v -0.038393 -0.081037 0.034616
v -0.049736 -0.081187 0.034348
v -0.039039 -0.081191 0.034340
v -0.037431 -0.087289 0.035000
v -0.037372 -0.087465 0.035023
v -0.037113 -0.087727 0.035121
v -0.036596 -0.087974 0.035310
v -0.036246 -0.088074 0.035433
v -0.035518 -0.088196 0.035676
v -0.024050 -0.023549 0.046534
v -0.024281 -0.023386 0.046212
v -0.024642 -0.023282 0.046006
v -0.024988 -0.023254 0.045951
v -0.043586 -0.061163 0.042469
v -0.043063 -0.057978 0.043719
v -0.042907 -0.052717 0.045614
v -0.042966 -0.051810 0.045920
v -0.043780 -0.046438 0.047609
v -0.046066 -0.037810 0.049899
v -0.046094 -0.037705 0.049924
v -0.057564 0.044656 0.011936
v -0.058844 0.008581 0.034331
v -0.060028 0.017847 0.028369
v -0.060770 0.026692 0.022781
v -0.060907 0.031552 0.019776
v -0.060895 0.032144 0.019414
v -0.060645 0.035516 0.017362
v -0.060254 0.037845 0.015962
v -0.059993 0.038940 0.015309
v -0.058965 0.041958 0.013522
v -0.049888 -0.081173 0.034353
v -0.050017 -0.080953 0.034652
v -0.050103 -0.080626 0.034850
v -0.050297 -0.080626 0.034737
v -0.049969 -0.081173 0.034306
v -0.050166 -0.080953 0.034565
v -0.040592 -0.037455 0.042283
v -0.040775 -0.037138 0.041917
v -0.040275 -0.037138 0.042283
v -0.040592 -0.036955 0.041917
v -0.024333 -0.022951 0.046804
v -0.024486 -0.022939 0.046442
v -0.024132 -0.023219 0.046668
v -0.024716 -0.023046 0.046143
v -0.024841 -0.022971 0.046180
v -0.024716 -0.022802 0.046512
v -0.024988 -0.022754 0.046536
v -0.024988 -0.022945 0.046194
v -0.024332 -0.023145 0.046338
v -0.024633 -0.023157 0.046086
v -0.066926 -0.080601 0.007301
v -0.065444 -0.080605 0.013488
v -0.056395 -0.081237 0.027991
v -0.058616 -0.081237 0.025214
v -0.058895 -0.081112 0.025419
v -0.062000 -0.081237 0.019769
v -0.066592 -0.081237 0.003591
v -0.066939 -0.081110 0.003618
v -0.067174 -0.080916 0.003636
v -0.067364 -0.080600 0.003651
v -0.066161 -0.081237 0.007177
v -0.063491 -0.081237 0.016570
v -0.064707 -0.081237 0.013253
v -0.065037 -0.081111 0.013358
v -0.063811 -0.081112 0.016703
v -0.065261 -0.080919 0.013430
v -0.064028 -0.080920 0.016793
v -0.064205 -0.080606 0.016867
v -0.059239 -0.080610 0.025671
v -0.056655 -0.081112 0.028218
v -0.059084 -0.080921 0.025558
v -0.056833 -0.080922 0.028372
v -0.056978 -0.080610 0.028499
v -0.054488 -0.080610 0.031132
v -0.054353 -0.080922 0.030995
v -0.054189 -0.081112 0.030826
v -0.053948 -0.081237 0.030579
v -0.062307 -0.081112 0.019928
v -0.062516 -0.080920 0.020037
v -0.062687 -0.080608 0.020125
v -0.066504 -0.081110 0.007232
v -0.066737 -0.080917 0.007270
v -0.054869 -0.064915 -0.036709
v -0.053035 -0.058724 -0.043179
v -0.076132 -0.005245 -0.045271
v -0.067653 -0.074790 -0.005110
v -0.068362 -0.069135 -0.004810
v -0.069285 -0.063508 -0.004686
v -0.071445 -0.052394 -0.004856
v -0.073259 -0.041432 -0.005350
v -0.074928 -0.008297 -0.007290
v -0.075671 -0.008811 -0.014791
v -0.076262 -0.004220 -0.030114
v -0.076296 -0.009888 -0.029902
v -0.076093 -0.015533 -0.029675
v -0.076114 -0.009343 -0.022332
v -0.074138 -0.022136 -0.051731
v -0.075165 -0.016750 -0.052141
v -0.075727 -0.011237 -0.052481
v -0.075871 -0.005650 -0.052781
v -0.072610 -0.027354 -0.051219
v -0.070604 -0.032380 -0.050584
v -0.068171 -0.037187 -0.049801
v -0.065377 -0.041765 -0.048838
v -0.055999 -0.054504 -0.044774
v -0.059140 -0.050347 -0.046306
v -0.062323 -0.046131 -0.047673
v -0.058956 -0.066308 -0.031236
v -0.057282 -0.071305 -0.030781
v -0.055876 -0.076461 -0.030671
v -0.060021 -0.077770 -0.025227
v -0.063369 -0.078807 -0.019187
v -0.066421 -0.074149 -0.012198
v -0.065795 -0.079677 -0.012613
v -0.061122 -0.072498 -0.025102
v -0.062480 -0.067337 -0.025278
v -0.064076 -0.062278 -0.025674
v -0.060888 -0.061453 -0.031929
v -0.065864 -0.057296 -0.026207
v -0.063037 -0.056699 -0.032750
v -0.067735 -0.052359 -0.026795
v -0.065298 -0.051996 -0.033597
v -0.069568 -0.047407 -0.027371
v -0.067544 -0.047263 -0.034390
v -0.065114 -0.046851 -0.041166
v -0.062412 -0.051339 -0.040107
v -0.059721 -0.055783 -0.038945
v -0.057171 -0.060283 -0.037772
v -0.076061 -0.010894 -0.045022
v -0.075645 -0.016484 -0.044742
v -0.072739 -0.037255 -0.028366
v -0.069650 -0.042436 -0.035091
v -0.071529 -0.037465 -0.035690
v -0.067680 -0.042244 -0.042080
v -0.070000 -0.037459 -0.042846
v -0.074842 -0.021968 -0.044406
v -0.073273 -0.041633 -0.009183
v -0.074370 -0.030463 -0.005980
v -0.071266 -0.052449 -0.008641
v -0.070898 -0.052489 -0.012385
v -0.073135 -0.041826 -0.012994
v -0.072856 -0.042004 -0.016776
v -0.073989 -0.036446 -0.013316
v -0.073580 -0.036895 -0.020898
v -0.074652 -0.031015 -0.013634
v -0.074499 -0.031540 -0.021241
v -0.075201 -0.026094 -0.021555
v -0.073971 -0.031998 -0.028770
v -0.074941 -0.026615 -0.029119
v -0.073123 -0.032332 -0.036191
v -0.074402 -0.027041 -0.036608
v -0.071997 -0.032478 -0.043474
v -0.073622 -0.027307 -0.043988
v -0.074872 -0.019409 -0.006647
v -0.075456 -0.019986 -0.014240
v -0.075697 -0.020564 -0.021839
v -0.075646 -0.021119 -0.029419
v -0.075348 -0.021608 -0.036954
v -0.067294 -0.068664 -0.012007
v -0.068379 -0.063225 -0.012003
v -0.069633 -0.052499 -0.019716
v -0.070350 -0.052509 -0.016079
v -0.066611 -0.062839 -0.019022
v -0.065300 -0.068091 -0.018856
v -0.064210 -0.073413 -0.018893
v -0.068757 -0.052452 -0.023289
v -0.071909 -0.042292 -0.024233
v -0.072444 -0.042161 -0.020524
v -0.071259 -0.042386 -0.027899
v -0.068156 0.007329 0.018139
v -0.052430 0.050420 0.002149
v -0.055430 0.048187 0.002532
v -0.058171 0.045695 0.002967
v -0.060623 0.042956 0.003449
v -0.067452 0.029967 0.005645
v -0.066178 0.033463 0.005077
v -0.064624 0.036814 0.004515
v -0.062776 0.039988 0.003969
v -0.070356 0.015130 0.007875
v -0.069271 0.022669 0.006773
v -0.070989 0.007492 0.008970
v -0.069707 0.007425 0.013578
v -0.061506 0.006821 0.031409
v -0.062260 0.014062 0.027409
v -0.062371 0.032116 0.017447
v -0.062655 0.028559 0.019403
v -0.062683 0.021320 0.023391
v -0.061796 0.035601 0.015534
v -0.057777 0.045358 0.008862
v -0.059830 0.042450 0.010273
v -0.061455 0.039322 0.011794
v -0.062681 0.036019 0.013396
v -0.052421 0.050345 0.006447
v -0.055296 0.048001 0.007583
v -0.066297 0.007199 0.022639
v -0.066475 0.014675 0.019802
v -0.068047 0.014880 0.015887
v -0.066225 0.022109 0.016935
v -0.067491 0.022366 0.013609
v -0.065300 0.029402 0.014052
v -0.066213 0.029667 0.011303
v -0.065209 0.033181 0.010156
v -0.064093 0.007031 0.027066
v -0.064562 0.014404 0.023644
v -0.064641 0.021765 0.020195
v -0.064130 0.029038 0.016750
v -0.063554 0.032580 0.015055
v -0.063913 0.036560 0.009029
v -0.062296 0.039771 0.007938
v -0.060341 0.042784 0.006901
v -0.058037 0.045573 0.005939
v -0.055393 0.048114 0.005069
v -0.052436 0.050387 0.004302
v -0.046256 -0.037854 0.049869
v -0.043940 -0.046466 0.047587
v -0.043069 -0.052720 0.045599
v -0.043241 -0.057955 0.043710
v -0.043780 -0.061119 0.042465
v -0.044609 -0.064197 0.041177
v -0.046857 -0.065847 0.039411
v -0.047771 -0.065985 0.038766
v -0.047878 -0.065764 0.038942
v -0.047692 -0.066085 0.038635
v -0.046721 -0.066010 0.039228
v -0.047621 -0.066145 0.038516
v -0.045972 -0.065547 0.040039
v -0.045164 -0.065039 0.040643
v -0.045849 -0.065695 0.039923
v -0.045051 -0.065149 0.040592
v -0.046083 -0.065368 0.040116
v -0.049292 -0.066156 0.037403
v -0.049476 -0.065985 0.037674
v -0.049607 -0.065721 0.037867
v -0.051264 -0.065719 0.036682
v -0.051123 -0.065984 0.036495
v -0.050946 -0.066144 0.036262
v -0.050925 -0.066156 0.036234
v -0.051926 -0.066187 0.035731
v -0.052364 -0.066334 0.035440
v -0.052698 -0.066623 0.035161
v -0.052532 -0.066207 0.035486
v -0.052865 -0.066551 0.035147
v -0.051446 -0.066133 0.036007
v -0.052096 -0.066032 0.035841
v -0.052243 -0.065833 0.035907
v -0.058255 -0.030277 0.041783
v -0.058910 -0.030369 0.041517
v -0.058601 -0.030326 0.041713
v -0.020788 -0.035304 0.052283
v -0.020788 -0.034205 0.053381
v -0.020788 -0.032705 0.050783
v -0.020788 -0.032705 0.053783
v -0.020788 -0.031205 0.053381
v -0.020788 -0.034205 0.048185
v -0.020788 -0.035304 0.049283
v -0.020788 -0.035705 0.050783
v -0.020788 -0.030107 0.049283
v -0.020788 -0.031205 0.048185
v -0.020788 -0.032705 0.047783
v -0.020788 -0.030107 0.052283
v -0.020788 -0.029705 0.050783
v -0.023788 -0.032705 0.053783
v -0.023788 -0.034205 0.053381
v -0.023788 -0.035304 0.052283
v -0.023788 -0.035705 0.050783
v -0.023788 -0.035304 0.049283
v -0.023788 -0.034205 0.048185
v -0.023788 -0.032705 0.047783
v -0.023788 -0.031205 0.048185
v -0.023788 -0.030107 0.049283
v -0.023788 -0.029705 0.050783
v -0.023788 -0.030107 0.052283
v -0.023788 -0.031205 0.053381
v -0.023988 -0.031105 0.053554
v -0.023988 -0.029934 0.052383
v -0.023988 -0.029505 0.050783
v -0.023988 -0.029934 0.049183
v -0.023988 -0.031105 0.048012
v -0.023988 -0.032705 0.047583
v -0.023988 -0.034305 0.048012
v -0.023988 -0.035477 0.049183
v -0.023988 -0.035905 0.050783
v -0.023988 -0.035477 0.052383
v -0.023988 -0.034305 0.053554
v -0.023988 -0.032705 0.053983
v -0.027188 -0.030107 0.052283
v -0.027188 -0.031205 0.053381
v -0.027188 -0.032705 0.050783
v -0.027188 -0.032705 0.053783
v -0.027188 -0.034205 0.053381
v -0.027188 -0.031205 0.048185
v -0.027188 -0.030107 0.049283
v -0.027188 -0.029705 0.050783
v -0.027188 -0.035304 0.049283
v -0.027188 -0.034205 0.048185
v -0.027188 -0.032705 0.047783
v -0.027188 -0.035304 0.052283
v -0.027188 -0.035705 0.050783
v -0.024188 -0.032705 0.053783
v -0.024188 -0.031205 0.053381
v -0.024188 -0.030107 0.052283
v -0.024188 -0.029705 0.050783
v -0.024188 -0.030107 0.049283
v -0.024188 -0.031205 0.048185
v -0.024188 -0.032705 0.047783
v -0.024188 -0.034205 0.048185
v -0.024188 -0.035304 0.049283
v -0.024188 -0.035705 0.050783
v -0.024188 -0.035304 0.052283
v -0.024188 -0.034205 0.053381
v -0.023788 -0.080750 0.042598
v -0.023988 -0.080650 0.042771
v -0.023788 -0.079652 0.041500
v -0.023988 -0.079478 0.041600
v -0.023788 -0.079250 0.040000
v -0.023988 -0.079050 0.040000
v -0.023788 -0.079652 0.038500
v -0.023988 -0.079478 0.038400
v -0.023788 -0.080750 0.037402
v -0.023988 -0.080650 0.037228
v -0.023788 -0.082250 0.037000
v -0.023988 -0.082250 0.036800
v -0.023788 -0.083750 0.037402
v -0.023988 -0.083850 0.037228
v -0.023788 -0.084848 0.038500
v -0.023988 -0.085021 0.038400
v -0.023788 -0.085250 0.040000
v -0.023988 -0.085450 0.040000
v -0.023788 -0.084848 0.041500
v -0.023988 -0.085021 0.041600
v -0.023788 -0.083750 0.042598
v -0.023988 -0.083850 0.042771
v -0.023788 -0.082250 0.043000
v -0.023988 -0.082250 0.043200
v -0.020788 -0.082250 0.043000
v -0.020788 -0.083750 0.042598
v -0.020788 -0.084848 0.041500
v -0.020788 -0.085250 0.040000
v -0.020788 -0.084848 0.038500
v -0.020788 -0.083750 0.037402
v -0.020788 -0.082250 0.037000
v -0.020788 -0.080750 0.037402
v -0.020788 -0.079652 0.038500
v -0.020788 -0.079250 0.040000
v -0.020788 -0.079652 0.041500
v -0.020788 -0.080750 0.042598
v -0.020788 -0.082250 0.040000
v -0.027188 -0.079652 0.041500
v -0.027188 -0.080750 0.042598
v -0.027188 -0.082250 0.040000
v -0.027188 -0.082250 0.043000
v -0.027188 -0.083750 0.042598
v -0.027188 -0.080750 0.037402
v -0.027188 -0.079652 0.038500
v -0.027188 -0.079250 0.040000
v -0.027188 -0.084848 0.038500
v -0.027188 -0.083750 0.037402
v -0.027188 -0.082250 0.037000
v -0.027188 -0.084848 0.041500
v -0.027188 -0.085250 0.040000
v -0.024188 -0.082250 0.043000
v -0.024188 -0.080750 0.042598
v -0.024188 -0.079652 0.041500
v -0.024188 -0.079250 0.040000
v -0.024188 -0.079652 0.038500
v -0.024188 -0.080750 0.037402
v -0.024188 -0.082250 0.037000
v -0.024188 -0.083750 0.037402
v -0.024188 -0.084848 0.038500
v -0.024188 -0.085250 0.040000
v -0.024188 -0.084848 0.041500
v -0.024188 -0.083750 0.042598
v -0.023788 -0.080750 -0.037402
v -0.023988 -0.080650 -0.037229
v -0.023788 -0.079651 -0.038500
v -0.023988 -0.079478 -0.038400
v -0.023788 -0.079250 -0.040000
v -0.023988 -0.079050 -0.040000
v -0.023788 -0.079651 -0.041500
v -0.023988 -0.079478 -0.041600
v -0.023788 -0.080750 -0.042598
v -0.023988 -0.080650 -0.042772
v -0.023788 -0.082250 -0.043000
v -0.023988 -0.082250 -0.043200
v -0.023788 -0.083750 -0.042598
v -0.023988 -0.083850 -0.042772
v -0.023788 -0.084848 -0.041500
v -0.023988 -0.085021 -0.041600
v -0.023788 -0.085250 -0.040000
v -0.023988 -0.085450 -0.040000
v -0.023788 -0.084848 -0.038500
v -0.023988 -0.085021 -0.038400
v -0.023788 -0.083750 -0.037402
v -0.023988 -0.083850 -0.037229
v -0.023788 -0.082250 -0.037000
v -0.023988 -0.082250 -0.036800
v -0.020788 -0.082250 -0.037000
v -0.020788 -0.083750 -0.037402
v -0.020788 -0.084848 -0.038500
v -0.020788 -0.085250 -0.040000
v -0.020788 -0.084848 -0.041500
v -0.020788 -0.083750 -0.042598
v -0.020788 -0.082250 -0.043000
v -0.020788 -0.080750 -0.042598
v -0.020788 -0.079651 -0.041500
v -0.020788 -0.079250 -0.040000
v -0.020788 -0.079651 -0.038500
v -0.020788 -0.080750 -0.037402
v -0.020788 -0.082250 -0.040000
v -0.027188 -0.079651 -0.038500
v -0.027188 -0.080750 -0.037402
v -0.027188 -0.082250 -0.040000
v -0.027188 -0.082250 -0.037000
v -0.027188 -0.083750 -0.037402
v -0.027188 -0.080750 -0.042598
v -0.027188 -0.079651 -0.041500
v -0.027188 -0.079250 -0.040000
v -0.027188 -0.084848 -0.041500
v -0.027188 -0.083750 -0.042598
v -0.027188 -0.082250 -0.043000
v -0.027188 -0.084848 -0.038500
v -0.027188 -0.085250 -0.040000
v -0.024188 -0.082250 -0.037000
v -0.024188 -0.080750 -0.037402
v -0.024188 -0.079651 -0.038500
v -0.024188 -0.079250 -0.040000
v -0.024188 -0.079651 -0.041500
v -0.024188 -0.080750 -0.042598
v -0.024188 -0.082250 -0.043000
v -0.024188 -0.083750 -0.042598
v -0.024188 -0.084848 -0.041500
v -0.024188 -0.085250 -0.040000
v -0.024188 -0.084848 -0.038500
v -0.024188 -0.083750 -0.037402
v -0.023788 -0.057616 -0.053221
v -0.023988 -0.057716 -0.053394
v -0.023788 -0.058714 -0.052123
v -0.023988 -0.058887 -0.052223
v -0.023788 -0.059116 -0.050623
v -0.023988 -0.059316 -0.050623
v -0.023788 -0.058714 -0.049123
v -0.023988 -0.058887 -0.049023
v -0.023788 -0.057616 -0.048025
v -0.023988 -0.057716 -0.047851
v -0.023788 -0.056116 -0.047623
v -0.023988 -0.056116 -0.047423
v -0.023788 -0.054616 -0.048025
v -0.023988 -0.054516 -0.047851
v -0.023788 -0.053518 -0.049123
v -0.023988 -0.053345 -0.049023
v -0.023788 -0.053116 -0.050623
v -0.023988 -0.052916 -0.050623
v -0.023788 -0.053518 -0.052123
v -0.023988 -0.053345 -0.052223
v -0.023788 -0.054616 -0.053221
v -0.023988 -0.054516 -0.053394
v -0.023788 -0.056116 -0.053623
v -0.023988 -0.056116 -0.053823
v -0.020788 -0.056116 -0.053623
v -0.020788 -0.054616 -0.053221
v -0.020788 -0.053518 -0.052123
v -0.020788 -0.053116 -0.050623
v -0.020788 -0.053518 -0.049123
v -0.020788 -0.054616 -0.048025
v -0.020788 -0.056116 -0.047623
v -0.020788 -0.057616 -0.048025
v -0.020788 -0.058714 -0.049123
v -0.020788 -0.059116 -0.050623
v -0.020788 -0.058714 -0.052123
v -0.020788 -0.057616 -0.053221
v -0.024188 -0.054616 -0.053221
v -0.024188 -0.053518 -0.052123
v -0.024188 -0.053116 -0.050623
v -0.024188 -0.053518 -0.049123
v -0.024188 -0.054616 -0.048025
v -0.024188 -0.056116 -0.047623
v -0.024188 -0.057616 -0.048025
v -0.024188 -0.058714 -0.049123
v -0.024188 -0.059116 -0.050623
v -0.024188 -0.058714 -0.052123
v -0.024188 -0.057616 -0.053221
v -0.024188 -0.056116 -0.053623
v -0.027188 -0.056116 -0.053623
v -0.027188 -0.054616 -0.053221
v -0.027188 -0.053518 -0.052123
v -0.027188 -0.053116 -0.050623
v -0.027188 -0.053518 -0.049123
v -0.027188 -0.054616 -0.048025
v -0.027188 -0.056116 -0.047623
v -0.027188 -0.057616 -0.048025
v -0.027188 -0.058714 -0.049123
v -0.027188 -0.059116 -0.050623
v -0.027188 -0.058714 -0.052123
v -0.027188 -0.057616 -0.053221
vn -1.0000 -0.0000 -0.0000
vn -0.9880 -0.0000 -0.1545
vn -0.9929 -0.0579 -0.1041
vn -0.9560 0.0150 -0.2931
vn -0.8633 -0.0478 -0.5025
vn -0.8213 0.1992 -0.5346
vn -0.0063 -0.1377 -0.9905
vn -0.0139 -0.1619 -0.9867
vn -0.6654 -0.4877 -0.5651
vn -0.4313 -0.4831 -0.7620
vn -0.9922 -0.0812 -0.0942
vn -0.9269 -0.1019 -0.3612
vn -0.4589 -0.2946 -0.8382
vn -0.5159 -0.2299 -0.8252
vn -0.6397 -0.3272 -0.6955
vn -0.6507 -0.3175 -0.6898
vn -0.8268 -0.0550 -0.5599
vn -0.8692 -0.1973 -0.4533
vn -0.8609 -0.1904 -0.4717
vn -0.8708 -0.1762 -0.4590
vn -0.9678 -0.1644 -0.1906
vn -0.1171 -0.1623 -0.9798
vn -0.1199 -0.1467 -0.9819
vn -0.2811 -0.2552 -0.9251
vn -0.5964 -0.1905 -0.7798
vn -0.6764 -0.0720 -0.7330
vn -0.0493 -0.2179 -0.9747
vn -0.1549 -0.2552 -0.9544
vn -0.1418 -0.2865 -0.9475
vn -0.2761 -0.3239 -0.9049
vn -0.2457 -0.3605 -0.8998
vn -0.4078 -0.3875 -0.8268
vn -0.4101 -0.3857 -0.8265
vn -0.2134 -0.0955 -0.9723
vn -0.4657 -0.2048 -0.8609
vn -0.4769 -0.1875 -0.8587
vn -0.3252 -0.1671 -0.9308
vn -0.3212 -0.1586 -0.9336
vn -0.5156 -0.3248 -0.7929
vn -0.6406 -0.1827 -0.7458
vn -0.7573 -0.2656 -0.5966
vn -0.7701 -0.2518 -0.5861
vn -0.9200 -0.2560 -0.2967
vn -0.0279 -0.1810 -0.9831
vn -0.0906 -0.1866 -0.9782
vn -0.0836 -0.2181 -0.9723
vn -0.2215 -0.2337 -0.9467
vn -0.1968 -0.2803 -0.9395
vn -0.4179 -0.2824 -0.8635
vn -0.3465 -0.3552 -0.8682
vn -0.6071 -0.3196 -0.7276
vn -0.4809 -0.4153 -0.7722
vn -0.8460 -0.3483 -0.4038
vn 0.0145 -0.2442 0.9696
vn 0.0145 -0.2449 0.9694
vn 0.0149 0.1288 0.9916
vn 0.0072 -0.2458 0.9693
vn 0.0168 -0.2436 0.9697
vn 0.0158 -0.2011 0.9794
vn 0.0540 -0.2632 0.9632
vn 0.0536 -0.2607 0.9639
vn 0.0881 -0.1805 0.9796
vn 0.1074 -0.2708 0.9566
vn 0.2197 -0.1442 0.9649
vn 0.2010 -0.0937 0.9751
vn 0.1681 -0.2400 0.9561
vn 0.1338 -0.1256 0.9830
vn 0.1252 -0.1815 0.9754
vn 0.1241 -0.1873 0.9744
vn 0.2747 -0.1474 0.9502
vn 0.2707 -0.0295 0.9622
vn 0.2464 0.0449 0.9681
vn 0.5340 -0.4157 0.7363
vn -0.6006 0.1646 0.7824
vn -0.5009 0.5278 0.6859
vn -0.5245 0.5101 0.6816
vn -0.5267 0.5035 0.6849
vn -0.5348 0.4905 0.6881
vn -0.5413 0.4759 0.6932
vn -0.5633 0.4554 0.6895
vn -0.5664 0.4313 0.7022
vn -0.5826 0.4006 0.7071
vn -0.5807 0.3967 0.7109
vn -0.5924 0.3451 0.7280
vn -0.5897 0.3437 0.7308
vn -0.6014 0.2681 0.7526
vn -0.5928 0.2646 0.7606
vn -0.5915 0.1840 0.7850
vn -0.6026 0.1820 0.7770
vn -0.4892 0.5442 0.6815
vn -0.4874 0.5512 0.6772
vn -0.4802 0.5440 0.6881
vn -0.4623 0.5640 0.6843
vn -0.4657 0.5563 0.6882
vn -0.4321 0.5778 0.6925
vn -0.4357 0.5833 0.6855
vn -0.3681 0.5841 0.7234
vn -0.3957 0.5951 0.6995
vn -0.3749 0.5887 0.7162
vn -0.3592 0.5964 0.7178
vn -0.3115 0.6122 0.7267
vn -0.3112 0.6072 0.7310
vn -0.2886 0.6211 0.7287
vn -0.2937 0.6154 0.7314
vn -0.2640 0.6273 0.7326
vn -0.2643 0.6270 0.7328
vn -0.2515 0.6320 0.7331
vn -0.2351 0.6392 0.7322
vn -0.2353 0.6380 0.7332
vn -0.2202 0.6493 0.7280
vn -0.2221 0.6476 0.7289
vn -0.1972 0.6579 0.7268
vn -0.1983 0.6577 0.7267
vn -0.1678 0.6677 0.7252
vn -0.1603 0.6688 0.7260
vn -0.1496 0.6711 0.7261
vn -0.1331 0.6741 0.7265
vn -0.1317 0.6745 0.7264
vn -0.0964 0.6766 0.7301
vn -0.0961 0.6766 0.7300
vn -0.0385 0.6709 0.7406
vn -0.0631 0.6744 0.7356
vn -0.0557 0.6753 0.7354
vn -0.0713 0.6757 0.7337
vn -0.0292 0.6699 0.7419
vn -0.0242 0.6701 0.7419
vn -0.0377 0.6693 0.7420
vn -0.0190 0.6647 0.7469
vn -0.0135 0.6638 0.7478
vn -0.0206 0.6634 0.7480
vn -0.0087 0.6595 0.7517
vn -0.0064 0.6590 0.7521
vn -0.0103 0.6591 0.7520
vn -0.0046 0.6563 0.7545
vn -0.0026 0.6555 0.7552
vn -0.0042 0.6550 0.7556
vn -0.0005 0.6536 0.7568
vn -0.0011 0.6532 0.7572
vn -0.0000 1.0000 -0.0000
vn 0.0301 -0.7915 0.6105
vn 0.0298 -0.7919 0.6099
vn 0.0924 -0.7854 0.6121
vn 0.0921 -0.7860 0.6113
vn 0.1591 -0.7717 0.6158
vn 0.1595 -0.7706 0.6170
vn 0.2284 -0.7476 0.6236
vn 0.2294 -0.7445 0.6270
vn 0.2983 -0.7122 0.6355
vn 0.2990 -0.7085 0.6393
vn 0.3678 -0.6656 0.6494
vn 0.3681 -0.6632 0.6517
vn 0.4345 -0.6097 0.6629
vn 0.4345 -0.6091 0.6634
vn 0.4973 -0.5444 0.6755
vn 0.4976 -0.5463 0.6738
vn 0.5534 -0.4723 0.6860
vn 0.5544 -0.4760 0.6827
vn 0.6011 -0.3952 0.6946
vn 0.6032 -0.4002 0.6899
vn 0.6394 -0.3152 0.7013
vn 0.6430 -0.3216 0.6951
vn 0.6686 -0.2335 0.7060
vn 0.6743 -0.2411 0.6980
vn 0.6888 -0.1541 0.7084
vn 0.6955 -0.1613 0.7002
vn 0.6996 -0.0844 0.7095
vn 0.7069 -0.0907 0.7015
vn 0.7036 -0.0251 0.7101
vn 0.7115 -0.0308 0.7020
vn 0.7039 0.0220 0.7100
vn 0.7113 0.0175 0.7027
vn 0.7060 0.0439 0.7068
vn 0.7062 0.0408 0.7068
vn 0.7065 0.0385 0.7066
vn -0.9019 -0.4320 -0.0023
vn -0.9995 0.0292 0.0088
vn -0.9997 0.0234 0.0069
vn -0.9999 0.0151 0.0048
vn -1.0000 0.0047 0.0027
vn -1.0000 -0.0064 0.0009
vn -0.9999 -0.0126 -0.0000
vn -0.9975 -0.0700 0.0123
vn -0.9999 -0.0129 0.0006
vn -1.0000 0.0069 0.0012
vn -1.0000 0.0069 0.0011
vn -1.0000 0.0066 -0.0001
vn -0.9984 -0.0555 0.0098
vn -0.9999 0.0117 -0.0000
vn -1.0000 0.0083 0.0007
vn -0.9962 0.0869 0.0054
vn -0.9972 0.0742 -0.0034
vn -0.9952 0.0974 0.0015
vn -0.9961 0.0882 -0.0034
vn -0.9945 0.1050 0.0035
vn -0.9965 0.0830 0.0037
vn -0.9969 0.0783 0.0019
vn -0.9975 0.0710 0.0006
vn -0.9991 -0.0383 -0.0160
vn -1.0000 0.0086 -0.0021
vn -0.9986 0.0538 0.0006
vn -0.9988 0.0495 0.0001
vn -0.9981 0.0615 -0.0000
vn -0.9978 0.0661 0.0002
vn -0.9940 0.1093 0.0069
vn -0.9948 0.1019 -0.0000
vn -0.9933 0.1153 -0.0000
vn -0.9935 0.1141 -0.0004
vn -0.9923 0.1240 0.0006
vn -0.9909 0.1341 0.0056
vn -0.9863 0.1649 -0.0100
vn -0.9830 0.1834 -0.0000
vn -0.9763 0.2165 -0.0000
vn -0.9679 0.2512 -0.0049
vn -0.9619 0.2733 0.0031
vn -0.9313 0.3643 -0.0020
vn -0.9364 0.3510 -0.0000
vn -0.9970 -0.0773 0.0074
vn -0.9750 -0.2220 -0.0103
vn -0.9872 -0.1597 -0.0034
vn -0.9960 -0.0891 -0.0003
vn -0.9982 -0.0606 -0.0000
vn -0.9959 -0.0903 0.0058
vn -0.9934 -0.1145 0.0037
vn -0.9906 -0.1368 0.0021
vn -0.9893 -0.1460 -0.0060
vn -0.9912 -0.1315 -0.0122
vn -0.9823 -0.1842 0.0327
vn -0.9949 -0.1001 -0.0119
vn -0.9923 -0.1240 0.0060
vn -0.9978 -0.0663 -0.0001
vn -0.9350 -0.3546 -0.0003
vn -0.9605 -0.2781 0.0002
vn -0.9635 -0.2679 -0.0000
vn -0.9853 -0.1708 -0.0000
vn -0.9867 -0.1626 -0.0016
vn -0.9135 -0.4069 -0.0016
vn -0.9312 -0.3646 -0.0000
vn -0.8703 -0.4925 -0.0000
vn -0.8142 -0.5806 -0.0000
vn -0.8197 -0.5727 0.0001
vn -0.8725 -0.4886 -0.0003
vn -0.9990 -0.0453 -0.0000
vn -0.9997 -0.0243 -0.0026
vn -0.9997 -0.0234 -0.0034
vn -0.9999 0.0137 0.0015
vn -0.9985 0.0550 -0.0000
vn -0.9986 0.0521 -0.0010
vn -0.9991 0.0415 0.0022
vn -0.9994 0.0356 -0.0002
vn -0.9999 0.0161 0.0001
vn -0.9969 0.0659 -0.0441
vn -0.9979 0.0655 -0.0000
vn -0.9981 0.0591 -0.0199
vn -0.9982 0.0522 -0.0298
vn -0.9966 0.0827 -0.0034
vn -0.9953 0.0964 0.0061
vn -0.9954 0.0956 -0.0097
vn -0.9943 0.1062 -0.0019
vn -0.9936 0.1133 0.0024
vn -0.9939 0.1099 -0.0000
vn -0.9935 0.1141 -0.0000
vn -0.9927 0.1204 -0.0104
vn -0.9929 0.1180 -0.0127
vn -0.9913 0.1315 -0.0055
vn -0.9889 0.1483 0.0016
vn -0.9869 0.1614 -0.0005
vn -0.9832 0.1824 0.0020
vn -0.9305 0.3663 0.0013
vn -0.9437 0.3308 0.0001
vn -0.9552 0.2961 -0.0002
vn -0.9661 0.2580 -0.0040
vn -0.9724 0.2334 0.0026
vn -0.9769 0.2135 0.0003
vn -0.9824 0.1869 -0.0007
vn -0.8047 0.5937 -0.0000
vn -0.8049 0.5934 -0.0000
vn -0.8695 0.4939 -0.0000
vn -0.8553 0.5181 0.0032
vn -0.9180 0.3966 -0.0020
vn -0.7921 0.6104 -0.0040
vn -0.7727 0.6347 -0.0121
vn -0.7560 0.6541 -0.0253
vn -0.7505 0.6601 -0.0302
vn -0.7472 0.6637 -0.0333
vn -0.7893 0.6139 0.0102
vn -0.6630 0.7484 -0.0178
vn -0.6787 0.7342 0.0184
vn -0.5874 0.8093 0.0001
vn -0.5612 0.8277 -0.0001
vn -0.5021 0.8648 -0.0069
vn -0.4271 0.9036 0.0338
vn -0.3992 0.9169 0.0046
vn -0.3334 0.9428 -0.0046
vn -0.3273 0.9446 -0.0230
vn -0.0959 0.9954 -0.0000
vn -0.1212 0.9913 0.0508
vn -0.1444 0.9794 0.1414
vn -0.2889 0.9574 -0.0004
vn -0.2717 0.9624 0.0002
vn -0.2710 0.9626 -0.0002
vn -0.2574 0.9663 0.0003
vn -0.2428 0.9700 -0.0114
vn -0.1650 0.9832 0.0774
vn -0.0015 1.0000 -0.0000
vn -0.0093 0.9998 -0.0157
vn -0.0271 0.9939 0.1073
vn -0.0412 0.9987 0.0299
vn -0.0744 0.9972 -0.0000
vn -1.0000 -0.0001 -0.0000
vn -0.1758 0.9844 -0.0000
vn -0.5391 0.8422 -0.0000
vn -0.8422 0.5391 -0.0000
vn -0.9844 0.1758 -0.0000
vn 0.6994 0.0696 0.7113
vn 0.7099 0.0665 0.7011
vn 0.6957 0.1039 0.7108
vn 0.7060 0.1016 0.7009
vn 0.6869 0.1384 0.7135
vn 0.7035 0.1312 0.6985
vn 0.6723 0.1821 0.7175
vn 0.6990 0.1726 0.6940
vn 0.6505 0.2389 0.7210
vn 0.6864 0.2295 0.6901
vn 0.6198 0.3046 0.7232
vn 0.6621 0.2980 0.6877
vn -0.0000 -0.9343 0.3565
vn -0.0059 -0.9356 0.3530
vn 0.0054 -0.9667 0.2559
vn -0.0000 -0.9989 0.0472
vn 0.0055 -0.9987 0.0511
vn -0.0059 -0.9890 0.1478
vn 0.0030 -0.9881 0.1536
vn -0.0001 -0.9790 0.2041
vn 0.0019 -0.9673 0.2536
vn 0.0057 -0.9643 0.2649
vn -0.0004 -0.9496 0.3136
vn -0.0070 -0.9364 0.3510
vn 0.0095 -0.9326 0.3608
vn -0.0000 -0.9164 0.4002
vn 0.0367 -0.9586 0.2824
vn -0.0028 -0.9723 0.2336
vn 0.0064 -0.9858 0.1678
vn -0.0074 -0.9871 0.1597
vn 0.0068 -0.9976 0.0694
vn -0.0076 -0.9981 0.0608
vn 0.0063 -0.9995 -0.0305
vn 0.0003 -0.9994 -0.0340
vn 0.0001 -0.9965 -0.0837
vn 0.0074 -0.9916 -0.1290
vn -0.0056 -0.9906 -0.1364
vn 0.0058 -0.9739 -0.2268
vn 0.0006 -0.7826 -0.6226
vn 0.0003 -0.8127 -0.5827
vn 0.0145 -0.9749 -0.2221
vn 0.0002 -0.9637 -0.2670
vn -0.0000 -0.9560 -0.2934
vn 0.0120 -0.9606 -0.2777
vn -0.0294 -0.9398 -0.3405
vn -0.0032 -0.9449 -0.3272
vn 0.0028 -0.9092 -0.4163
vn -0.0003 -0.9085 -0.4179
vn -0.0006 -0.8639 -0.5037
vn -0.0005 -0.8639 -0.5036
vn 0.0008 -0.8125 -0.5829
vn -0.0046 -0.6067 -0.7949
vn 0.0005 -0.6471 -0.7624
vn -0.0081 -0.6798 -0.7333
vn 0.0091 -0.6886 -0.7251
vn -0.0083 -0.7479 -0.6638
vn -0.0207 -0.7425 -0.6695
vn 0.0021 -0.7746 -0.6324
vn -0.0003 -0.6089 -0.7932
vn 0.0004 -0.5327 -0.8463
vn 0.0049 -0.5308 -0.8475
vn -0.0008 -0.4854 -0.8743
vn -0.0001 -0.4828 -0.8757
vn -0.0001 -0.4568 -0.8896
vn -0.0117 -0.4436 -0.8962
vn 0.0029 -0.4189 -0.9080
vn -0.0083 -0.3688 -0.9295
vn 0.0116 -0.3585 -0.9334
vn -0.0028 -0.3099 -0.9508
vn -0.0000 -0.3027 -0.9531
vn 0.0188 -0.1771 -0.9840
vn -0.0000 -0.2563 -0.9666
vn 0.0150 -0.2684 -0.9632
vn -0.0085 -0.2058 -0.9786
vn 0.0071 -0.1619 -0.9868
vn -0.0054 -0.1213 -0.9926
vn 0.0115 -0.0935 -0.9956
vn 0.0018 -0.0791 -0.9969
vn -0.0005 -0.0437 -0.9990
vn -0.0073 -0.0268 -0.9996
vn -0.0000 -0.0168 -0.9999
vn 0.0069 0.0553 -0.9984
vn 0.0061 0.0545 -0.9985
vn 0.0051 0.0538 -0.9985
vn 0.0023 0.0522 -0.9986
vn -0.0270 0.0458 -0.9986
vn 0.0128 0.0627 -0.9980
vn -0.0002 0.0651 -0.9979
vn -0.0009 0.0650 -0.9979
vn -0.0147 0.0425 -0.9990
vn -0.0127 0.0433 -0.9990
vn -0.0336 0.0409 -0.9986
vn -0.0038 0.0499 -0.9987
vn -0.0000 0.0037 -1.0000
vn 0.0014 0.0141 -0.9999
vn 0.0014 0.0142 -0.9999
vn -0.0021 0.0434 -0.9991
vn 0.0076 0.0561 -0.9984
vn -0.4447 -0.8957 0.0001
vn -0.9735 -0.2289 -0.0012
vn -0.9490 -0.3152 -0.0051
vn -0.9927 -0.1209 -0.0000
vn -0.6391 -0.7691 0.0093
vn -0.3836 -0.9235 -0.0079
vn -0.5950 -0.8037 0.0008
vn -0.8062 -0.5916 -0.0008
vn -0.7968 -0.6043 -0.0013
vn -0.8899 -0.4562 0.0002
vn 0.7750 -0.6320 -0.0000
vn 0.7133 -0.7009 0.0021
vn 0.6631 -0.7485 -0.0000
vn 0.5280 -0.8493 -0.0000
vn 0.4613 -0.8873 -0.0017
vn 0.3981 -0.9173 -0.0001
vn 0.2440 -0.9698 0.0001
vn 0.2452 -0.9695 0.0001
vn -0.0000 -1.0000 -0.0001
vn 0.1003 -0.9949 -0.0045
vn -0.2307 -0.9730 0.0053
vn -0.0832 -0.9965 -0.0018
vn -0.2541 -0.9672 -0.0000
vn -0.5975 -0.6958 -0.3985
vn -0.1952 -0.9266 -0.3214
vn -0.6913 -0.4263 -0.5833
vn -0.7445 -0.0923 -0.6613
vn -0.7213 -0.1394 -0.6785
vn -0.7216 -0.1065 -0.6841
vn -0.7406 -0.3569 -0.5693
vn -0.7521 -0.5266 -0.3963
vn -0.6785 -0.5077 -0.5309
vn -0.6497 -0.6008 -0.4657
vn -0.6048 -0.6158 -0.5051
vn -0.5248 -0.7125 -0.4658
vn -0.5289 -0.7259 -0.4397
vn -0.1091 -0.9469 -0.3025
vn 0.1684 -0.9567 -0.2375
vn -0.9479 -0.1301 -0.2907
vn -0.9758 -0.1935 -0.1023
vn -0.9730 -0.1563 0.1700
vn -0.9584 -0.2755 -0.0750
vn -0.0883 -0.9579 -0.2731
vn -0.1879 -0.9651 -0.1826
vn -0.3488 -0.9093 -0.2269
vn -0.0464 -0.9980 -0.0423
vn 0.0688 -0.9867 -0.1473
vn 0.0637 -0.9866 -0.1503
vn 0.1679 -0.9565 -0.2386
vn 0.2366 -0.9690 0.0716
vn 0.1943 -0.9805 -0.0293
vn 0.3242 -0.9342 -0.1485
vn 0.3895 -0.9210 -0.0057
vn 0.4498 -0.8790 -0.1580
vn 0.4888 -0.8719 -0.0291
vn 0.5923 -0.7971 -0.1174
vn -0.8573 -0.4896 -0.1592
vn -0.8820 -0.3289 -0.3375
vn -0.9527 -0.1483 -0.2654
vn -0.8754 -0.0909 -0.4748
vn -0.8343 -0.0956 -0.5430
vn -0.7122 0.0064 -0.7019
vn -0.6842 -0.0037 -0.7293
vn -0.7481 -0.0241 -0.6632
vn -0.7374 -0.0722 -0.6716
vn -0.8177 -0.2276 -0.5288
vn -0.8414 -0.2516 -0.4782
vn -0.8594 -0.4272 -0.2810
vn -0.7472 -0.5438 -0.3821
vn -0.7494 -0.6002 -0.2795
vn -0.6126 -0.6777 -0.4067
vn -0.5431 -0.7989 -0.2585
vn -0.4166 -0.8281 -0.3751
vn -0.3618 -0.8827 -0.2998
vn -0.2099 -0.9074 -0.3641
vn -0.2408 -0.9071 -0.3452
vn -0.8149 -0.5595 0.1516
vn -0.8284 -0.5577 -0.0522
vn -0.6838 -0.7065 -0.1822
vn -0.6543 -0.7545 -0.0516
vn -0.4469 -0.8771 -0.1759
vn -0.4070 -0.9132 -0.0229
vn -0.3049 -0.9149 -0.2646
vn -0.3098 -0.9502 -0.0329
vn -0.2454 -0.9650 -0.0919
vn -0.6746 -0.0000 -0.7382
vn -0.6746 -0.0000 -0.7381
vn -0.5406 -0.0000 -0.8413
vn -0.5771 -0.0074 -0.8166
vn -0.3225 0.0049 -0.9466
vn -0.2467 0.0145 -0.9690
vn -0.1242 -0.0000 -0.9923
vn -0.0000 -0.0000 -1.0000
vn -1.0000 -0.0000 -0.0005
vn -1.0000 -0.0000 -0.0004
vn -1.0000 -0.0000 0.0001
vn -1.0000 -0.0000 0.0005
vn -1.0000 -0.0000 -0.0001
vn -0.0005 -0.1808 -0.9835
vn -0.0059 -0.1848 -0.9828
vn -0.0034 -0.1846 -0.9828
vn -0.0061 -0.1850 -0.9827
vn -0.0079 -0.1843 -0.9828
vn -0.0006 -0.1808 -0.9835
vn -0.0325 -0.1700 -0.9849
vn -0.1153 -0.1947 -0.9741
vn -0.0216 -0.1789 -0.9836
vn -0.0804 -0.1958 -0.9773
vn -0.0169 -0.1868 -0.9822
vn -0.0857 -0.1228 -0.9887
vn -0.2486 -0.1783 -0.9521
vn -0.0697 -0.1450 -0.9870
vn -0.2121 -0.1865 -0.9593
vn -0.0486 -0.1594 -0.9860
vn -0.1646 -0.1927 -0.9673
vn -0.1442 -0.1888 -0.9714
vn -0.2908 -0.1853 -0.9387
vn -0.2623 -0.1797 -0.9481
vn -0.2068 -0.1737 -0.9629
vn -0.7998 -0.1476 -0.5819
vn -0.4730 -0.1444 -0.8691
vn -0.5084 -0.1519 -0.8476
vn -0.5879 -0.1260 -0.7991
vn -0.6095 -0.1387 -0.7805
vn -0.6915 -0.1155 -0.7131
vn -0.7045 -0.1723 -0.6885
vn -0.7860 -0.0317 -0.6174
vn -0.7599 -0.1250 -0.6379
vn -0.7955 -0.1507 -0.5870
vn -0.7392 -0.2264 -0.6342
vn -0.7126 -0.1063 -0.6935
vn -0.1800 -0.1521 -0.9718
vn -0.1261 -0.0832 -0.9885
vn -0.2771 -0.1135 -0.9541
vn -0.2085 -0.0338 -0.9774
vn -0.3712 -0.1129 -0.9217
vn -0.7041 0.0024 -0.7101
vn -0.7241 -0.0862 -0.6843
vn -0.7949 -0.1364 -0.5912
vn -0.8061 -0.1744 -0.5655
vn -0.8061 -0.1743 -0.5655
vn -0.8003 -0.1359 -0.5840
vn -0.7941 -0.1503 -0.5890
vn -0.7398 -0.0785 -0.6683
vn -0.7383 -0.1191 -0.6639
vn -0.6526 -0.0487 -0.7561
vn -0.6593 -0.1136 -0.7432
vn -0.5331 -0.0433 -0.8449
vn -0.5547 -0.1219 -0.8231
vn -0.4070 -0.0613 -0.9114
vn -0.4423 -0.1386 -0.8861
vn -0.2903 -0.0878 -0.9529
vn -0.3310 -0.1556 -0.9307
vn -0.2113 -0.1190 -0.9701
vn -0.3079 0.0104 -0.9514
vn -0.3591 -0.0181 -0.9331
vn -0.4982 -0.0848 -0.8629
vn -0.4408 0.0506 -0.8962
vn -0.5776 -0.1258 -0.8066
vn -0.5689 0.0660 -0.8198
vn -0.6239 -0.0226 -0.7812
vn -0.7991 -0.1451 -0.5834
vn -0.7956 -0.1509 -0.5867
vn -0.7577 -0.0995 -0.6449
vn -0.7537 -0.1312 -0.6440
vn -0.6932 -0.0794 -0.7163
vn -0.6922 -0.1318 -0.7096
vn -0.5976 -0.0770 -0.7981
vn -0.6056 -0.1425 -0.7829
vn -0.4830 -0.0910 -0.8709
vn -0.5025 -0.1578 -0.8501
vn -0.3622 -0.1109 -0.9255
vn -0.3891 -0.1694 -0.9055
vn -0.2127 -0.1224 -0.9694
vn -0.3457 -0.2063 -0.9154
vn -0.3182 -0.1933 -0.9281
vn -0.0000 -0.0000 1.0000
vn 0.8444 -0.5357 0.0001
vn -0.9831 -0.1830 -0.0000
vn -0.8133 -0.5819 -0.0000
vn -0.4293 -0.9032 -0.0000
vn 0.0623 -0.9981 -0.0000
vn 0.5383 -0.8428 -0.0000
vn 0.8448 -0.5352 -0.0000
vn -0.0020 -0.8040 0.5947
vn -0.0000 -0.0705 0.9975
vn 0.0065 -0.7413 0.6711
vn -0.0372 -0.7601 0.6487
vn 0.0503 -0.6479 0.7601
vn -0.0453 -0.6823 0.7297
vn -0.0061 -0.6237 0.7817
vn 0.0195 -0.5410 0.8408
vn -0.0372 -0.5670 0.8229
vn 0.0394 -0.4306 0.9017
vn -0.0269 -0.4606 0.8872
vn 0.0054 -0.3704 0.9288
vn 0.0179 -0.3376 0.9411
vn -0.0087 -0.3107 0.9505
vn 0.0021 -0.2515 0.9678
vn -0.0099 -0.1961 0.9805
vn 0.0025 -0.1843 0.9829
vn -0.0035 -0.0675 0.9977
vn -0.0329 -0.8328 0.5525
vn -0.0094 -0.8221 0.5692
vn 0.0056 -0.8692 0.4944
vn 0.0005 -0.8732 0.4874
vn -0.0006 -0.9022 0.4313
vn -0.0013 -0.9026 0.4304
vn 0.0016 -0.9297 0.3684
vn -0.0234 -0.9416 0.3361
vn 0.0235 -0.9633 0.2672
vn -0.0234 -0.9788 0.2037
vn 0.0229 -0.9906 0.1346
vn -0.0232 -0.9974 0.0678
vn -0.0000 -0.9994 0.0336
vn -0.0000 -1.0000 -0.0000
vn -0.3846 -0.6421 -0.6632
vn -0.1921 -0.7677 -0.6114
vn 0.0331 -0.6621 -0.7487
vn 0.2633 -0.6708 -0.6933
vn 0.3116 -0.5348 -0.7854
vn 0.3115 -0.5394 -0.7823
vn 0.6605 -0.3666 -0.6553
vn 0.6005 -0.2709 -0.7523
vn -0.1906 -0.6501 -0.7356
vn -0.3581 -0.7444 -0.5636
vn -0.2760 -0.7553 -0.5944
vn -0.3288 -0.8369 -0.4376
vn 0.8058 -0.3788 -0.4551
vn 0.5967 -0.4316 -0.6765
vn 0.5320 -0.6608 -0.5294
vn 0.4293 -0.5837 -0.6892
vn 0.2056 -0.8221 -0.5309
vn 0.1203 -0.7236 -0.6797
vn -0.0940 -0.8664 -0.4905
vn -0.0936 -0.8670 -0.4895
vn -0.5332 -0.4917 -0.6884
vn -0.7097 -0.3540 -0.6091
vn -0.5558 -0.4742 -0.6828
vn -0.3940 -0.5760 -0.7162
vn -0.8083 -0.1847 -0.5591
vn -0.8004 -0.2058 -0.5630
vn -0.5881 -0.4285 -0.6860
vn -0.6009 -0.4107 -0.6857
vn -0.6077 -0.4119 -0.6790
vn -0.7134 -0.3399 -0.6127
vn -0.7257 -0.3135 -0.6124
vn -0.4235 -0.5548 -0.7161
vn -0.4436 -0.5289 -0.7235
vn -0.4388 -0.5273 -0.7276
vn -0.4781 -0.5084 -0.7162
vn -0.5006 -0.4831 -0.7184
vn -0.5124 -0.4780 -0.7134
vn -0.5639 -0.4457 -0.6952
vn -0.4369 -0.5497 -0.7120
vn -0.4273 -0.5604 -0.7095
vn -0.4240 -0.5711 -0.7029
vn -0.4267 -0.5701 -0.7021
vn -0.3922 -0.5903 -0.7055
vn -0.4676 -0.5286 -0.7084
vn -0.4787 -0.5134 -0.7122
vn -0.4736 -0.5152 -0.7144
vn -0.5347 -0.4964 -0.6839
vn -0.4231 -0.5674 -0.7064
vn -0.4351 -0.5440 -0.7175
vn -0.4616 -0.5369 -0.7061
vn -0.4617 -0.5371 -0.7059
vn -0.4559 -0.5345 -0.7116
vn -0.5345 -0.4965 -0.6840
vn -0.5434 -0.4940 -0.6788
vn -0.5315 -0.4963 -0.6865
vn -0.7870 -0.2542 -0.5622
vn -0.7876 -0.2680 -0.5548
vn -0.7685 -0.2849 -0.5729
vn -0.7602 -0.3237 -0.5633
vn -0.6884 -0.3683 -0.6248
vn -0.8115 -0.2005 -0.5489
vn -0.8052 -0.2067 -0.5558
vn -0.8108 -0.1972 -0.5510
vn -0.8031 -0.2375 -0.5465
vn -0.7941 -0.2456 -0.5559
vn -0.8065 -0.2288 -0.5451
vn -0.8110 -0.1980 -0.5506
vn -0.8217 -0.1957 -0.5353
vn -0.7956 -0.2223 -0.5636
vn -0.7951 -0.2538 -0.5508
vn -0.7851 -0.2628 -0.5608
vn -0.7765 -0.2924 -0.5582
vn -0.7804 -0.2893 -0.5544
vn -0.7580 -0.3028 -0.5777
vn -0.7435 -0.3399 -0.5760
vn -0.7225 -0.3525 -0.5948
vn -0.6607 -0.4106 -0.6284
vn -0.6494 -0.4224 -0.6324
vn -0.5866 -0.4363 -0.6823
vn -0.6831 -0.3958 -0.6138
vn -0.5553 -0.4648 -0.6897
vn -0.6663 -0.4118 -0.6217
vn -0.6047 -0.4467 -0.6594
vn -0.6840 -0.4065 -0.6057
vn -0.8057 -0.2295 -0.5460
vn -0.7998 -0.2067 -0.5635
vn -0.8092 -0.1979 -0.5533
vn -0.3948 -0.5691 -0.7213
vn -0.4302 -0.5534 -0.7132
vn -0.4399 -0.5358 -0.7207
vn -0.4756 -0.5185 -0.7106
vn -0.4908 -0.4988 -0.7143
vn -0.5736 -0.4559 -0.6805
vn -0.5930 -0.4332 -0.6787
vn -0.7150 -0.3520 -0.6041
vn -0.7410 -0.3100 -0.5956
vn -0.7574 -0.2981 -0.5810
vn -0.7948 -0.2345 -0.5598
vn 0.0978 -0.9715 -0.2158
vn 0.1245 -0.9719 -0.1999
vn 0.1403 -0.9654 -0.2196
vn 0.1721 -0.9632 -0.2064
vn 0.3454 -0.8978 -0.2732
vn 0.3077 -0.9243 -0.2257
vn 0.2291 -0.9509 -0.2080
vn 0.2456 -0.9360 -0.2520
vn 0.2072 -0.9552 -0.2113
vn 0.3357 -0.9098 -0.2439
vn 0.4334 -0.8621 -0.2626
vn 0.3979 -0.8742 -0.2782
vn 0.4616 -0.8402 -0.2845
vn 0.4626 -0.8396 -0.2846
vn 0.4770 -0.8228 -0.3090
vn 0.4979 -0.8063 -0.3193
vn 0.5119 -0.7899 -0.3376
vn 0.5688 -0.7144 -0.4075
vn 0.5635 -0.7247 -0.3966
vn 0.5485 -0.7506 -0.3684
vn 0.5488 -0.7551 -0.3587
vn 0.5105 -0.7910 -0.3372
vn 0.5839 -0.6987 -0.4133
vn 0.5598 -0.7229 -0.4049
vn 0.5588 -0.7242 -0.4041
vn 0.6023 -0.6119 -0.5127
vn 0.5370 -0.6555 -0.5310
vn 0.6413 -0.6157 -0.4579
vn 0.5792 -0.6713 -0.4625
vn 0.5964 -0.5666 -0.5687
vn 0.5963 -0.5671 -0.5683
vn 0.5963 -0.5669 -0.5684
vn 0.5947 -0.5804 -0.5563
vn 0.5876 -0.5786 -0.5656
vn 0.5992 -0.5918 -0.5391
vn 0.5751 -0.5291 -0.6239
vn 0.5975 -0.5388 -0.5938
vn 0.5849 -0.5532 -0.5932
vn 0.5964 -0.5564 -0.5786
vn 0.5964 -0.5662 -0.5690
vn 0.5954 -0.5140 -0.6175
vn 0.5954 -0.5140 -0.6176
vn 0.5932 -0.5182 -0.6162
vn 0.5916 -0.5290 -0.6084
vn 0.0124 -0.9717 -0.2360
vn 0.0146 -0.9699 -0.2432
vn 0.0915 -0.9713 -0.2197
vn 0.0899 -0.9712 -0.2208
vn 0.0829 -0.9707 -0.2255
vn 0.0910 -0.9682 -0.2330
vn 0.0470 -0.9802 -0.1926
vn 0.0660 -0.9663 -0.2490
vn 0.0408 -0.9723 -0.2301
vn 0.7451 0.2188 0.6300
vn 0.0351 0.0976 0.9946
vn 0.0432 0.0956 0.9945
vn 0.0575 0.0952 0.9938
vn 0.0582 0.0952 0.9938
vn 0.0790 0.0947 0.9924
vn 0.0085 0.0977 0.9952
vn 0.0094 0.0973 0.9952
vn 0.0261 0.0968 0.9950
vn 0.1681 0.6497 0.7413
vn 0.1690 0.6492 0.7416
vn 0.1260 0.6567 0.7435
vn 0.7135 0.1751 0.6785
vn 0.7136 0.1756 0.6782
vn 0.7139 0.1757 0.6778
vn 0.7144 0.1760 0.6773
vn 0.7385 0.1942 0.6457
vn 0.7065 0.1987 0.6792
vn 0.7340 0.2039 0.6478
vn 0.6392 0.1648 0.7511
vn 0.6772 0.1650 0.7171
vn 0.7026 0.1680 0.6914
vn 0.4965 0.1232 0.8592
vn 0.7621 0.0850 0.6419
vn 0.6372 0.0801 0.7665
vn 0.4602 0.1099 0.8810
vn 0.6688 0.1007 0.7366
vn 0.4947 0.1234 0.8602
vn 0.4960 0.1233 0.8595
vn 0.5824 0.0792 0.8090
vn 0.3765 0.1196 0.9187
vn 0.4012 0.1161 0.9086
vn 0.4769 0.0680 0.8763
vn 0.2738 0.1188 0.9544
vn 0.3362 0.1080 0.9356
vn 0.3536 0.0702 0.9328
vn 0.1959 0.1143 0.9739
vn 0.2383 0.1059 0.9654
vn 0.0583 0.1003 0.9932
vn 0.0778 0.0951 0.9924
vn 0.1450 0.0908 0.9853
vn 0.1077 0.1002 0.9891
vn 0.2396 0.0750 0.9680
vn 0.1280 0.1113 0.9855
vn 0.1623 0.1031 0.9813
vn 0.2483 0.6233 0.7415
vn 0.2592 0.6153 0.7445
vn 0.2466 0.6238 0.7417
vn 0.2115 0.6383 0.7402
vn 0.2196 0.6323 0.7429
vn 0.2023 0.6405 0.7409
vn 0.4608 0.5173 0.7212
vn 0.4438 0.5025 0.7420
vn 0.4172 0.5395 0.7313
vn 0.4958 0.4668 0.7323
vn 0.5057 0.4531 0.7342
vn 0.4228 0.5214 0.7412
vn 0.4152 0.5278 0.7410
vn 0.3591 0.5693 0.7396
vn 0.3495 0.5814 0.7348
vn 0.3696 0.5521 0.7474
vn 0.3410 0.5738 0.7446
vn 0.2973 0.6014 0.7416
vn 0.3026 0.5943 0.7451
vn 0.2718 0.6121 0.7426
vn 0.7243 0.2866 0.6271
vn 0.5183 0.1407 0.8435
vn 0.6037 0.1325 0.7861
vn 0.7818 0.1372 0.6083
vn 0.7288 0.1423 0.6698
vn 0.8049 0.1623 0.5708
vn 0.7699 0.1644 0.6167
vn 0.8011 0.2159 0.5582
vn 0.7468 0.2062 0.6323
vn 0.7845 0.2692 0.5587
vn 0.7365 0.2413 0.6320
vn 0.7786 0.2951 0.5538
vn 0.7180 0.2691 0.6420
vn 0.7244 0.2792 0.6302
vn 0.6232 0.3714 0.6882
vn 0.6605 0.3706 0.6530
vn 0.6989 0.3170 0.6412
vn 0.7241 0.2907 0.6254
vn 0.7014 0.3678 0.6106
vn 0.7014 0.3677 0.6106
vn 0.7009 0.3463 0.6236
vn 0.5779 0.4511 0.6801
vn 0.5679 0.4655 0.6788
vn 0.6222 0.3779 0.6856
vn 0.6217 0.3794 0.6852
vn 0.5680 0.4656 0.6787
vn 0.5640 0.4069 0.7186
vn 0.5633 0.4155 0.7142
vn -0.5669 0.1543 0.8092
vn -0.6087 0.1348 0.7819
vn -0.6165 0.1409 0.7747
vn -0.6485 0.1217 0.7514
vn -0.6954 0.1598 0.7006
vn -0.6955 0.1580 0.7009
vn -0.7382 0.1667 0.6537
vn -0.7782 0.2047 0.5937
vn -0.7850 0.1973 0.5873
vn -0.8495 0.2727 0.4516
vn -0.8928 0.3500 0.2837
vn -0.8905 0.3537 0.2863
vn -0.9020 0.4100 0.1355
vn -0.8929 0.4335 0.1217
vn -0.8978 0.4354 0.0667
vn -0.8931 0.4495 0.0199
vn -0.8933 0.4490 0.0189
vn -0.9002 0.4181 0.1220
vn -0.9018 0.4152 0.1199
vn -0.8909 0.3546 0.2836
vn -0.8932 0.3509 0.2810
vn -0.8496 0.2723 0.4516
vn -0.8499 0.2720 0.4514
vn -0.7825 0.1935 0.5918
vn -0.7766 0.2000 0.5975
vn -0.7064 0.1355 0.6947
vn -0.6901 0.1489 0.7082
vn -0.6382 0.1073 0.7623
vn -0.6096 0.1246 0.7828
vn -0.5978 0.1156 0.7932
vn -0.5603 0.1335 0.8175
vn -0.8906 0.4547 -0.0000
vn -0.3646 -0.9311 -0.0069
vn -0.7945 -0.6073 -0.0000
vn -0.7927 -0.6096 -0.0000
vn -0.7798 -0.6260 -0.0001
vn -0.7812 -0.6242 -0.0001
vn -0.5649 -0.8252 -0.0000
vn -0.6098 -0.7925 -0.0000
vn -0.6501 -0.7599 -0.0000
vn -0.6479 -0.7617 -0.0001
vn -0.7234 -0.6904 -0.0000
vn -0.6930 -0.7209 -0.0011
vn -0.7396 -0.6731 0.0003
vn -0.5153 -0.8570 -0.0014
vn -0.6045 -0.7966 0.0013
vn -0.4733 -0.8809 -0.0018
vn -0.5486 -0.8361 0.0012
vn -0.4044 -0.9146 -0.0009
vn -0.4532 -0.8914 0.0003
vn -0.3572 -0.9340 -0.0001
vn -0.3646 -0.9312 -0.0001
vn -0.3069 -0.9517 -0.0000
vn -0.2913 -0.9566 -0.0000
vn -0.2498 -0.9683 -0.0001
vn -0.1793 -0.9838 -0.0000
vn -0.2278 -0.9737 -0.0000
vn -0.4109 0.2121 -0.8867
vn -0.4072 0.2091 -0.8891
vn -0.4459 0.2252 -0.8663
vn -0.4756 0.2700 -0.8372
vn -0.4721 0.2478 -0.8460
vn -0.5187 0.2652 -0.8128
vn -0.5225 0.2668 -0.8098
vn -0.2744 0.1438 -0.9508
vn -0.2929 0.1642 -0.9419
vn -0.3079 0.1834 -0.9336
vn -0.3727 -0.0100 -0.9279
vn -0.2872 0.1340 -0.9484
vn -0.3602 0.1872 -0.9139
vn -0.3739 0.1910 -0.9076
vn -0.4001 0.2042 -0.8935
vn -0.1148 0.0592 -0.9916
vn -0.1367 0.0747 -0.9878
vn -0.1589 0.0929 -0.9829
vn -0.1736 0.1124 -0.9784
vn -0.2424 0.1237 -0.9623
vn -0.2192 0.1120 -0.9692
vn -0.2257 0.1160 -0.9673
vn -0.1704 0.0838 -0.9818
vn -0.1278 0.0387 -0.9910
vn -0.0013 0.0007 -1.0000
vn -0.0015 0.0008 -1.0000
vn -0.0040 0.0022 -1.0000
vn -0.0185 -0.0005 -0.9998
vn -0.0218 0.0025 -0.9998
vn -0.0917 0.0468 -0.9947
vn -0.0772 0.0394 -0.9962
vn -0.0429 0.0197 -0.9989
vn -0.0182 -0.0009 -0.9998
vn -0.0171 -0.0018 -0.9999
vn -0.0156 -0.0033 -0.9999
vn -0.0148 -0.0041 -0.9999
vn -0.0145 -0.0045 -0.9999
vn -0.0142 -0.0049 -0.9999
vn -0.0158 0.0091 -0.9998
vn -0.0269 0.0174 -0.9995
vn -0.0036 -0.0011 -1.0000
vn -0.0452 0.0303 -0.9985
vn -0.0134 -0.0056 -0.9999
vn -0.0139 -0.0051 -0.9999
vn -0.0001 -0.0001 -1.0000
vn -0.0001 -0.0000 -1.0000
vn 0.6063 0.3609 0.7086
vn 0.6220 0.3418 0.7045
vn 0.6119 0.3509 0.7089
vn 0.6276 0.3313 0.7046
vn 0.6018 0.3671 0.7093
vn 0.6195 0.3493 0.7031
vn 0.6192 0.3496 0.7032
vn 0.5997 0.3719 0.7086
vn 0.6154 0.3555 0.7036
vn 0.6177 0.3531 0.7026
vn 0.5970 0.3774 0.7079
vn 0.6124 0.3612 0.7032
vn 0.6148 0.3589 0.7023
vn 0.5940 0.3800 0.7091
vn 0.6130 0.3646 0.7009
vn 0.6122 0.4197 0.6701
vn 0.6145 0.4144 0.6713
vn 0.6010 0.4263 0.6760
vn 0.6048 0.4221 0.6753
vn 0.5986 0.4258 0.6785
vn 0.5883 0.4243 0.6884
vn 0.5828 0.4268 0.6915
vn 0.5905 0.4147 0.6923
vn 0.5821 0.4218 0.6951
vn 0.5935 0.4072 0.6942
vn 0.5867 0.4102 0.6982
vn 0.5978 0.3811 0.7053
vn 0.5881 0.3857 0.7109
vn 0.2973 -0.1972 0.9342
vn 0.2811 -0.1561 0.9469
vn 0.2633 -0.1395 0.9546
vn 0.2489 -0.1270 0.9602
vn 0.2140 -0.1093 0.9707
vn 0.1630 -0.0699 0.9841
vn 0.1847 -0.1214 0.9753
vn 0.1305 -0.0249 0.9911
vn 0.1599 -0.1062 0.9814
vn 0.1484 -0.0901 0.9848
vn 0.1322 -0.0718 0.9886
vn 0.0178 -0.0113 0.9998
vn 0.0073 -0.0038 1.0000
vn 0.0019 -0.0010 1.0000
vn 0.0180 0.0065 0.9998
vn 0.0174 0.0074 0.9998
vn 0.0183 0.0061 0.9998
vn 0.0187 0.0056 0.9998
vn 0.0192 0.0050 0.9998
vn 0.0198 0.0042 0.9998
vn 0.0206 0.0032 0.9998
vn 0.0213 0.0026 0.9998
vn 0.1073 -0.0556 0.9927
vn 0.0945 -0.0483 0.9944
vn 0.0678 -0.0346 0.9971
vn 0.0325 -0.0101 0.9994
vn 0.0171 0.0077 0.9998
vn 0.0434 -0.0370 0.9984
vn 0.0317 -0.0222 0.9993
vn 0.2970 -0.0901 0.9506
vn 0.3228 -0.1514 0.9343
vn 0.3672 -0.1943 0.9096
vn 0.3628 -0.1881 0.9127
vn 0.4162 -0.2084 0.8850
vn 0.4140 -0.2020 0.8876
vn 0.4641 -0.2484 0.8502
vn 0.4630 -0.2294 0.8561
vn 0.5086 -0.2626 0.8200
vn 0.5071 -0.2593 0.8220
vn 0.8450 -0.4200 0.3310
vn 0.8584 -0.4246 0.2878
vn 0.8321 -0.4871 0.2651
vn 0.8630 -0.4360 0.2551
vn 0.8816 -0.4243 0.2068
vn 0.9662 0.2576 -0.0000
vn 0.9997 0.0259 -0.0009
vn 1.0000 0.0091 -0.0015
vn 0.9998 0.0183 -0.0000
vn 1.0000 0.0075 -0.0020
vn 0.9999 0.0151 -0.0014
vn 1.0000 0.0035 -0.0024
vn 1.0000 0.0021 -0.0026
vn 1.0000 -0.0048 -0.0047
vn 0.9998 -0.0156 -0.0077
vn 0.9985 0.0524 0.0181
vn 1.0000 0.0003 0.0018
vn 0.9847 0.1729 -0.0235
vn 0.9827 0.1824 -0.0306
vn 0.9906 0.1361 0.0136
vn 0.9891 0.1471 0.0075
vn 0.9878 0.1554 0.0046
vn 0.9949 0.1009 -0.0000
vn 0.9981 0.0615 -0.0000
vn 0.9992 0.0404 -0.0002
vn 0.9866 0.1630 0.0021
vn 0.9811 0.1933 -0.0057
vn 0.9859 0.1674 -0.0000
vn 0.9932 0.1161 -0.0044
vn 0.9714 0.2375 0.0086
vn 0.9952 0.0976 -0.0056
vn 0.9804 0.1969 0.0059
vn 0.9887 0.1498 0.0025
vn 0.9988 0.0483 0.0004
vn 0.9929 0.1192 -0.0030
vn 0.9970 0.0772 -0.0000
vn 0.9978 0.0660 -0.0000
vn 0.9980 0.0632 -0.0000
vn 0.9966 -0.0789 0.0234
vn 0.9943 -0.1048 -0.0183
vn 0.9977 -0.0601 0.0305
vn 0.9963 -0.0858 -0.0078
vn 0.9979 -0.0650 0.0058
vn 0.9976 -0.0694 -0.0058
vn 0.9985 -0.0555 0.0006
vn 0.9987 -0.0508 -0.0000
vn 0.9998 -0.0217 -0.0003
vn 0.9998 -0.0149 0.0163
vn 0.9993 0.0101 -0.0370
vn 0.9997 0.0192 0.0175
vn 0.9996 0.0289 0.0053
vn 0.9832 -0.1827 0.0019
vn 0.9865 -0.1636 -0.0014
vn 0.9906 -0.1366 0.0063
vn 0.9903 -0.1383 0.0125
vn 0.9916 -0.1293 0.0018
vn 0.9926 -0.1216 -0.0011
vn 0.9927 -0.1207 -0.0023
vn 0.9941 -0.1085 0.0044
vn 0.9946 -0.1033 0.0097
vn 0.9945 -0.1045 0.0032
vn 0.9946 -0.1037 -0.0049
vn 0.9455 -0.3257 0.0011
vn 0.9308 -0.3655 -0.0000
vn 0.9797 -0.2002 0.0093
vn 0.9827 -0.1853 -0.0032
vn 0.9730 -0.2307 0.0035
vn 0.9764 -0.2160 -0.0023
vn 0.9549 -0.2969 0.0056
vn 0.9665 -0.2563 -0.0107
vn 0.9594 -0.2819 -0.0056
vn 0.8893 -0.4561 -0.0346
vn 0.8494 -0.5265 0.0371
vn 0.8509 -0.5242 0.0350
vn 0.8528 -0.5212 0.0324
vn 0.8814 -0.4724 -0.0000
vn 0.8670 -0.4982 0.0068
vn 0.9175 -0.3978 -0.0000
vn 0.5567 -0.8307 -0.0002
vn 0.6055 -0.7959 -0.0054
vn 0.6106 -0.7919 -0.0083
vn 0.7247 -0.6890 0.0097
vn 0.7114 -0.7025 0.0188
vn 0.7334 -0.6797 0.0092
vn 0.7422 -0.6702 0.0064
vn 0.7469 -0.6650 0.0050
vn 0.7574 -0.6529 0.0025
vn 0.7653 -0.6437 0.0014
vn 0.7712 -0.6366 0.0007
vn 0.7780 -0.6282 0.0003
vn 0.8464 -0.5325 -0.0099
vn 0.8132 -0.5820 -0.0001
vn 0.7858 -0.6185 -0.0000
vn 0.7816 -0.6237 0.0001
vn 0.1394 -0.9902 -0.0000
vn 0.1754 -0.9845 -0.0080
vn 0.2124 -0.9718 0.1021
vn 0.2391 -0.9708 0.0214
vn 0.2560 -0.9667 0.0038
vn 0.2658 -0.9640 -0.0000
vn 0.3215 -0.9469 -0.0009
vn 0.3195 -0.9476 0.0062
vn 0.4558 -0.8900 -0.0124
vn 0.4457 -0.8951 0.0106
vn 0.5328 -0.8463 -0.0000
vn 0.1167 -0.9932 -0.0000
vn 0.0771 -0.9943 -0.0735
vn 0.0689 -0.9923 -0.1025
vn 0.0537 -0.9980 -0.0332
vn 0.0369 -0.9993 -0.0000
vn 0.0293 -0.9996 -0.0000
vn 0.0111 -0.9999 -0.0059
vn 0.0130 -0.9996 -0.0251
vn 0.0016 -1.0000 -0.0000
vn 0.7591 0.6510 -0.0000
vn 0.7715 0.6362 0.0074
vn 0.7620 0.6476 0.0005
vn 0.7614 0.6483 -0.0000
vn 0.7776 0.6288 -0.0000
vn 0.8042 0.5943 -0.0000
vn 0.8082 0.5889 0.0002
vn 0.8621 0.5067 -0.0002
vn 0.8651 0.5015 -0.0000
vn 0.8977 0.4406 -0.0000
vn 0.8977 0.4407 -0.0000
vn 0.9239 0.3827 -0.0000
vn 0.9135 0.4069 -0.0008
vn 0.9571 0.2899 0.0013
vn 0.9349 0.3549 -0.0021
vn 0.9544 0.2986 -0.0004
vn 0.7599 0.6500 -0.0001
vn 0.7594 0.6506 -0.0002
vn 0.7594 0.6507 -0.0002
vn 0.9981 -0.0619 -0.0004
vn 0.9992 -0.0411 -0.0003
vn 0.9989 -0.0461 -0.0001
vn 0.9986 -0.0527 -0.0001
vn 0.9975 -0.0712 -0.0020
vn 0.9969 -0.0790 -0.0048
vn 0.9983 -0.0581 0.0093
vn 0.9960 -0.0888 -0.0054
vn 0.9973 -0.0735 0.0082
vn 0.9952 -0.0976 -0.0048
vn 0.9957 -0.0927 -0.0000
vn 0.9571 -0.2896 0.0001
vn 0.9946 -0.1035 0.0001
vn 0.9943 -0.1071 0.0001
vn 0.9944 -0.1060 0.0005
vn 0.9935 -0.1136 -0.0003
vn 0.9921 -0.1256 -0.0069
vn 0.9925 -0.1220 -0.0111
vn 0.9877 -0.1560 0.0096
vn 0.9886 -0.1504 0.0055
vn 0.9858 -0.1682 -0.0000
vn 0.9796 -0.2007 -0.0000
vn 0.9572 -0.2895 -0.0000
vn 0.8097 -0.3809 -0.4465
vn 0.8087 -0.3804 -0.4487
vn 0.8113 -0.3768 -0.4469
vn 0.8223 -0.3939 -0.4108
vn 0.8249 -0.3907 -0.4086
vn 0.8336 -0.3942 -0.3870
vn 0.8380 -0.3969 -0.3744
vn 0.8752 -0.3499 -0.3340
vn 0.8190 -0.4440 -0.3634
vn 0.8561 -0.4069 -0.3187
vn 0.8600 -0.4091 -0.3049
vn 0.8805 -0.3812 -0.2818
vn 0.8126 -0.5197 -0.2639
vn 0.9499 -0.2384 -0.2019
vn 0.7196 0.6940 0.0217
vn 0.7052 0.6924 0.1524
vn 0.7080 0.6919 0.1415
vn 0.7323 0.6521 0.1962
vn 0.7352 0.6431 0.2142
vn 0.7606 0.6121 0.2162
vn 0.7379 0.6086 0.2917
vn 0.8005 0.5376 0.2650
vn 0.6783 0.7269 0.1075
vn 0.6642 0.7418 0.0927
vn 0.6362 0.7664 0.0891
vn 0.6344 0.7704 0.0638
vn 0.5962 0.8025 0.0202
vn 0.5980 0.8010 0.0283
vn 0.5387 0.8425 -0.0082
vn 0.5445 0.8388 0.0045
vn 0.5549 0.8318 0.0156
vn 0.5024 0.8647 -0.0024
vn 0.5041 0.8637 -0.0006
vn 0.5428 0.8398 0.0134
vn 0.5357 0.8444 0.0059
vn 0.5692 0.8221 0.0103
vn 0.5976 0.8013 0.0294
vn 0.5984 -0.2996 -0.7431
vn 0.5962 -0.2867 -0.7499
vn 0.5841 -0.2740 -0.7640
vn 0.5677 -0.2558 -0.7825
vn 0.6482 -0.2966 -0.7014
vn 0.6473 -0.3342 -0.6851
vn 0.6547 -0.3118 -0.6886
vn 0.6647 -0.3332 -0.6687
vn 0.6647 -0.3329 -0.6688
vn 0.6914 -0.3434 -0.6356
vn 0.6818 -0.3617 -0.6359
vn 0.7124 -0.3668 -0.5983
vn 0.7118 -0.3697 -0.5972
vn 0.7117 -0.3813 -0.5900
vn 0.7130 -0.3816 -0.5882
vn 0.7294 -0.3891 -0.5627
vn 0.7086 -0.4165 -0.5696
vn 0.7136 -0.4157 -0.5639
vn 0.7226 -0.4082 -0.5579
vn 0.7456 -0.3859 -0.5433
vn 0.7117 -0.4164 -0.5658
vn 0.7228 -0.4173 -0.5508
vn 0.6717 -0.4544 -0.5852
vn 0.6620 -0.4556 -0.5950
vn 0.5974 -0.5043 -0.6236
vn 0.6181 -0.5041 -0.6032
vn 0.6055 -0.4914 -0.6261
vn 0.6265 -0.4895 -0.6066
vn 0.6520 -0.4706 -0.5945
vn 0.6591 -0.4649 -0.5911
vn 0.5647 -0.2565 -0.7844
vn 0.5086 -0.2431 -0.8260
vn 0.5099 -0.2457 -0.8244
vn 0.4747 -0.2194 -0.8524
vn 0.4324 -0.2114 -0.8765
vn 0.4704 -0.2343 -0.8508
vn 0.4714 -0.2616 -0.8422
vn 0.3413 -0.2029 -0.9178
vn 0.3737 -0.2021 -0.9053
vn 0.3819 -0.2049 -0.9012
vn 0.3839 -0.2058 -0.9002
vn 0.3840 -0.2058 -0.9001
vn 0.3845 -0.2061 -0.8998
vn 0.3856 -0.2066 -0.8992
vn 0.3903 -0.2095 -0.8965
vn 0.4071 -0.2077 -0.8895
vn 0.4359 -0.2205 -0.8726
vn 0.1733 0.6353 0.7526
vn 0.1736 0.6346 0.7531
vn 0.1731 0.6358 0.7522
vn 0.1734 0.6361 0.7519
vn 0.1727 0.6368 0.7514
vn 0.1693 0.6434 0.7466
vn 0.1366 0.6712 0.7286
vn 0.1200 0.6722 0.7306
vn 0.1210 0.6717 0.7309
vn 0.0730 0.7303 0.6792
vn 0.0737 0.7300 0.6795
vn 0.0370 0.7750 0.6309
vn -0.0131 0.8151 0.5791
vn -0.0116 0.8086 0.5883
vn -0.1047 0.8896 0.4445
vn -0.1044 0.8595 0.5004
vn -0.1634 0.8973 0.4100
vn -0.2484 0.9125 0.3251
vn -0.2398 0.9001 0.3636
vn -0.2845 0.9140 0.2893
vn -0.3810 0.9023 0.2017
vn -0.3675 0.8981 0.2416
vn -0.4052 0.8975 0.1744
vn -0.4654 0.8765 0.1229
vn -0.5061 0.8578 0.0901
vn -0.5460 0.8376 0.0142
vn -0.5478 0.8341 0.0642
vn -0.5925 0.8056 0.0071
vn -0.6014 0.7990 -0.0000
vn -0.8207 0.4026 -0.4054
vn -0.8185 0.4035 -0.4090
vn -0.8145 0.4047 -0.4157
vn -0.8153 0.4046 -0.4143
vn -0.8105 0.4058 -0.4225
vn -0.8059 0.4057 -0.4311
vn -0.8030 0.4065 -0.4358
vn -0.8517 0.4293 -0.3005
vn -0.8327 0.4419 -0.3336
vn -0.8217 0.4062 -0.3998
vn -0.8671 0.4403 -0.2330
vn -0.8646 0.4405 -0.2415
vn -0.8599 0.4395 -0.2595
vn -0.8906 0.4547 0.0001
vn -0.8907 0.4547 -0.0010
vn -0.8909 0.4541 -0.0035
vn -0.8930 0.4498 -0.0160
vn -0.8886 0.4579 -0.0272
vn -0.8896 0.4528 -0.0607
vn -0.8896 0.4527 -0.0601
vn -0.8785 0.4600 -0.1290
vn -0.8992 0.4266 -0.0974
vn -0.8560 0.4674 -0.2210
vn -0.8828 0.4340 -0.1798
vn -0.8687 0.4399 -0.2278
vn -0.7393 0.3714 -0.5617
vn -0.7590 0.3675 -0.5374
vn -0.7656 0.3964 -0.5067
vn -0.7859 0.4013 -0.4704
vn -0.7916 0.4042 -0.4583
vn -0.7968 0.4058 -0.4477
vn -0.5781 0.2933 -0.7614
vn -0.6088 0.3008 -0.7340
vn -0.6084 0.2965 -0.7362
vn -0.5764 0.2928 -0.7629
vn -0.5746 0.2923 -0.7644
vn -0.5627 0.2883 -0.7748
vn -0.7229 0.3686 -0.5845
vn -0.7149 0.3649 -0.5965
vn -0.7135 0.3640 -0.5987
vn -0.6917 0.3536 -0.6297
vn -0.6885 0.3432 -0.6389
vn -0.6638 0.3387 -0.6668
vn -0.6492 0.3312 -0.6847
vn -0.6397 0.3295 -0.6944
vn -0.6262 0.3161 -0.7127
vn -0.5356 0.2735 -0.7990
vn -0.5474 0.2749 -0.7904
vn -0.5517 0.2794 -0.7858
vn -0.5536 0.2805 -0.7841
vn -0.4744 0.2422 -0.8463
vn -0.4626 0.2462 -0.8517
vn -0.4083 0.2064 -0.8892
vn -0.4009 0.2046 -0.8930
vn -0.3613 0.1843 -0.9140
vn -0.3397 0.1880 -0.9216
vn -0.3136 0.1567 -0.9365
vn -0.0079 0.0059 -1.0000
vn -0.0010 0.0004 -1.0000
vn -0.0015 0.0009 -1.0000
vn -0.0020 0.0015 -1.0000
vn -0.0023 0.0020 -1.0000
vn -0.0025 0.0023 -1.0000
vn -0.0027 0.0027 -1.0000
vn -0.0018 0.0004 -1.0000
vn -0.0043 0.0033 -1.0000
vn -0.0029 0.0007 -1.0000
vn -0.0068 0.0043 -1.0000
vn -0.0076 0.0055 -1.0000
vn -0.0118 0.0037 -0.9999
vn -0.0109 0.0023 -0.9999
vn -0.0130 0.0080 -0.9999
vn -0.0061 0.0025 -1.0000
vn -0.0050 0.0013 -1.0000
vn -0.2569 0.1399 -0.9563
vn -0.2675 0.1365 -0.9538
vn -0.2258 0.1127 -0.9676
vn -0.1621 0.0923 -0.9824
vn -0.1823 0.0851 -0.9795
vn -0.1053 0.0588 -0.9927
vn -0.1127 0.0575 -0.9920
vn -0.0808 0.0398 -0.9959
vn -0.0378 0.0234 -0.9990
vn -0.0463 0.0214 -0.9987
vn -0.0151 0.0081 -0.9999
vn 0.5146 0.4856 0.7066
vn 0.6117 0.3189 0.7240
vn 0.5513 0.3367 0.7633
vn 0.6219 0.2457 0.7436
vn 0.6114 0.2557 0.7489
vn 0.6432 0.1464 0.7516
vn 0.6383 0.1478 0.7555
vn 0.6113 0.7912 -0.0162
vn 0.5966 0.8024 0.0144
vn 0.5806 0.8141 -0.0102
vn 0.5730 0.8195 0.0066
vn 0.5428 0.8398 0.0075
vn 0.5037 0.8639 -0.0026
vn 0.5024 0.8647 -0.0012
vn 0.5074 0.8616 0.0118
vn 0.5031 0.8642 0.0049
vn 0.4849 0.8746 0.0005
vn 0.4640 0.8858 0.0002
vn 0.4662 0.8847 0.0003
vn 0.4690 0.8832 0.0009
vn 0.4720 0.8816 0.0005
vn 0.4787 0.8780 0.0010
vn 0.4759 0.8795 0.0052
vn 0.4670 0.8843 0.0005
vn 0.4710 0.8821 -0.0006
vn 0.4707 0.8823 0.0011
vn 0.4705 0.8824 0.0016
vn 0.4792 0.8777 -0.0023
vn 0.4844 0.8748 0.0054
vn 0.5122 0.8589 0.0016
vn 0.4916 0.8708 0.0015
vn 0.4866 0.8736 0.0036
vn 0.4845 0.8748 0.0050
vn 0.5436 0.8393 -0.0105
vn 0.5546 0.8321 0.0040
vn 0.5311 0.8473 0.0015
vn 0.5338 0.8456 0.0034
vn 0.5110 0.8596 -0.0011
vn 0.6748 0.0094 -0.7380
vn 0.9047 -0.0639 0.4213
vn 0.9789 0.0074 0.2042
vn 0.9701 0.0451 0.2384
vn 0.9744 -0.0809 0.2097
vn 0.9465 0.0278 0.3216
vn 0.9892 -0.0012 0.1469
vn 0.9916 0.0010 0.1294
vn 0.9950 0.0072 0.1001
vn 0.9950 0.0069 0.0997
vn 0.9986 -0.0036 0.0534
vn 0.9995 -0.0150 0.0276
vn 0.9998 0.0192 0.0021
vn 0.9998 0.0218 0.0002
vn 0.9998 0.0217 0.0003
vn 1.0000 -0.0005 -0.0001
vn 1.0000 0.0020 0.0066
vn 0.9998 0.0222 -0.0001
vn 1.0000 0.0029 -0.0000
vn 1.0000 -0.0032 -0.0009
vn 1.0000 -0.0010 -0.0000
vn 1.0000 -0.0003 0.0001
vn 1.0000 -0.0004 -0.0001
vn 0.9884 -0.1357 -0.0676
vn 0.9657 0.1525 -0.2102
vn 0.9829 -0.0315 -0.1813
vn 0.8978 0.0067 -0.4404
vn 0.9510 -0.0281 -0.3079
vn 0.7276 0.0051 -0.6859
vn 0.6743 -0.0201 -0.7382
vn 0.6673 -0.0068 -0.7448
vn 0.6660 -0.0073 -0.7459
vn 0.6659 -0.0075 -0.7460
vn 0.7947 -0.0111 -0.6069
vn 0.7896 -0.0151 -0.6135
vn 0.7278 0.0042 -0.6858
vn 0.7079 -0.0098 -0.7063
vn 0.6807 0.0025 -0.7325
vn 0.8416 -0.0002 -0.5400
vn 0.8870 -0.0138 -0.4615
vn 0.8714 0.0913 -0.4820
vn 0.9014 0.0069 -0.4329
vn 0.9461 0.0084 -0.3239
vn 0.9446 0.0255 -0.3271
vn 0.9393 0.0076 -0.3430
vn 1.0000 -0.0020 -0.0071
vn 0.9979 0.0005 -0.0653
vn 0.9976 0.0046 -0.0685
vn 0.9913 -0.0014 -0.1319
vn 0.9813 0.0033 -0.1926
vn 0.9810 0.0021 -0.1938
vn 0.9622 0.0022 -0.2723
vn -0.5356 0.2734 -0.7990
vn -0.5477 0.2838 -0.7871
vn -0.5502 0.2865 -0.7844
vn -0.5577 0.2939 -0.7763
vn -0.5643 0.3041 -0.7675
vn -0.5652 0.3055 -0.7663
vn -0.5491 0.2790 -0.7878
vn -0.5753 0.2966 -0.7623
vn -0.6547 0.3573 -0.6661
vn -0.6269 0.3471 -0.6975
vn -0.6583 0.3808 -0.6493
vn -0.6415 0.3503 -0.6825
vn -0.6291 0.3415 -0.6983
vn -0.6160 0.3295 -0.7155
vn -0.6178 0.3310 -0.7132
vn -0.5977 0.3099 -0.7394
vn -0.6056 0.3119 -0.7321
vn -0.5815 0.3009 -0.7558
vn -0.6695 0.3900 -0.6322
vn -0.6402 0.3725 -0.6718
vn -0.6807 0.4124 -0.6054
vn -0.6599 0.4019 -0.6349
vn -0.6724 0.4316 -0.6014
vn -0.6944 0.5094 -0.5082
vn -0.6246 0.5121 -0.5896
vn -0.6440 0.5151 -0.5657
vn -0.7469 0.5642 -0.3519
vn -0.5650 0.6624 -0.4919
vn -0.6069 0.6597 -0.4432
vn -0.6150 0.6594 -0.4323
vn -0.6233 0.6597 -0.4199
vn -0.6272 0.6598 -0.4138
vn -0.6311 0.6609 -0.4062
vn -0.6352 0.6620 -0.3978
vn -0.6360 0.6624 -0.3959
vn -0.6379 0.6630 -0.3917
vn -0.6417 0.6646 -0.3827
vn -0.6889 0.6915 -0.2174
vn -0.6043 0.7819 -0.1532
vn -0.6353 0.7654 -0.1024
vn -0.6161 0.7620 -0.1993
vn -0.6318 0.7638 -0.1324
vn -0.6095 0.7316 -0.3054
vn -0.6279 0.7428 -0.2324
vn -0.6340 0.7585 -0.1506
vn -0.6176 0.7570 -0.2132
vn -0.6194 0.7577 -0.2053
vn -0.6013 0.7990 -0.0006
vn -0.6014 0.7990 -0.0005
vn -0.6014 0.7989 -0.0000
vn -0.6013 0.7990 -0.0016
vn -0.6013 0.7990 -0.0009
vn -0.6131 0.7858 -0.0809
vn -0.6011 0.7978 -0.0482
vn -0.5923 0.8053 -0.0273
vn -0.5973 0.8017 -0.0211
vn -0.6012 0.7991 -0.0024
vn 0.7739 0.0898 0.6269
vn 0.7006 0.0973 0.7069
vn 0.6744 0.0064 0.7383
vn 0.5501 0.8326 0.0651
vn 0.5462 0.8355 0.0601
vn 0.5527 0.8306 0.0678
vn 0.7556 0.1334 0.6414
vn 0.7810 0.1009 0.6163
vn 0.7917 0.0891 0.6044
vn 0.8026 0.0792 0.5912
vn 0.8137 0.0714 0.5768
vn 0.8378 0.0588 0.5428
vn 0.9444 -0.0383 0.3267
vn 0.9325 0.0100 0.3611
vn 0.8834 -0.0143 0.4683
vn 0.8354 0.0644 0.5459
vn 0.6470 0.7457 0.1593
vn 0.8297 0.1292 0.5430
vn 0.8245 0.2419 0.5116
vn 0.8228 0.1763 0.5403
vn 0.8126 0.2101 0.5437
vn 0.8138 0.2055 0.5435
vn 0.8022 0.1840 0.5680
vn 0.8035 0.2203 0.5531
vn 0.7901 0.1602 0.5916
vn 0.7929 0.2290 0.5647
vn 0.7755 0.1382 0.6161
vn 0.7069 0.0085 0.7073
vn 0.6319 -0.2007 0.7486
vn 0.7642 0.2642 0.5883
vn 0.7113 -0.0686 0.6995
vn 0.7539 0.0886 0.6510
vn 0.7835 0.2363 0.5747
vn 0.9808 0.1951 -0.0000
vn 0.8315 0.5556 -0.0000
vn 0.5556 0.8315 -0.0000
vn 0.1951 0.9808 -0.0000
vn 1.0000 -0.0000 -0.0000
vn -0.7103 0.0222 0.7036
vn -0.7046 0.0173 0.7094
vn -0.7108 -0.0253 0.7029
vn -0.7040 -0.0305 0.7095
vn -0.7067 -0.0852 0.7023
vn -0.6995 -0.0898 0.7090
vn -0.6959 -0.1557 0.7010
vn -0.6880 -0.1595 0.7079
vn -0.6753 -0.2358 0.6988
vn -0.6673 -0.2386 0.7055
vn -0.6443 -0.3176 0.6957
vn -0.6379 -0.3190 0.7009
vn -0.6045 -0.3974 0.6904
vn -0.5997 -0.3979 0.6943
vn -0.5556 -0.4741 0.6830
vn -0.5522 -0.4741 0.6858
vn -0.4982 -0.5455 0.6739
vn -0.4966 -0.5452 0.6754
vn -0.4343 -0.6093 0.6634
vn -0.4348 -0.6095 0.6630
vn -0.3670 -0.6640 0.6515
vn -0.3690 -0.6648 0.6495
vn -0.2972 -0.7095 0.6389
vn -0.3002 -0.7112 0.6357
vn -0.2277 -0.7452 0.6267
vn -0.2302 -0.7469 0.6238
vn -0.1589 -0.7708 0.6169
vn -0.1597 -0.7715 0.6158
vn -0.0925 -0.7860 0.6113
vn -0.0920 -0.7854 0.6121
vn -0.0301 -0.7919 0.6099
vn -0.0298 -0.7915 0.6105
vn -0.7068 0.0408 0.7063
vn -0.7058 0.0439 0.7071
vn -0.7066 0.0385 0.7066
vn -0.6435 0.3162 0.6971
vn -0.6367 0.2866 0.7159
vn -0.6719 0.2468 0.6983
vn -0.6635 0.2219 0.7145
vn -0.6892 0.1867 0.7001
vn -0.6811 0.1682 0.7126
vn -0.6979 0.1407 0.7022
vn -0.6919 0.1291 0.7104
vn -0.7041 0.1052 0.7022
vn -0.6971 0.1003 0.7099
vn -0.7085 0.0705 0.7022
vn -0.7005 0.0656 0.7106
vn -0.6276 0.3313 0.7046
vn -0.6119 0.3509 0.7089
vn -0.6220 0.3418 0.7045
vn -0.6063 0.3609 0.7086
vn -0.6210 0.3502 0.7012
vn -0.6011 0.3666 0.7101
vn -0.6192 0.3495 0.7032
vn -0.6174 0.3566 0.7012
vn -0.5987 0.3713 0.7097
vn -0.6178 0.3532 0.7026
vn -0.6145 0.3625 0.7007
vn -0.5960 0.3767 0.7091
vn -0.6148 0.3589 0.7023
vn -0.5945 0.3803 0.7085
vn -0.6124 0.3642 0.7016
vn -0.5950 0.4208 0.6847
vn -0.5959 0.4204 0.6842
vn -0.5881 0.3857 0.7109
vn -0.5978 0.3811 0.7053
vn -0.5868 0.4101 0.6982
vn -0.5934 0.4071 0.6944
vn -0.5822 0.4218 0.6951
vn -0.5801 0.4235 0.6958
vn -0.6157 0.4171 0.6685
vn -0.6110 0.4174 0.6726
vn -0.6051 0.4226 0.6747
vn -0.6000 0.4248 0.6779
vn -0.5917 0.4297 0.6821
vn 0.0013 0.0007 -1.0000
vn 0.4673 0.2385 -0.8513
vn 0.4704 0.2520 -0.8457
vn 0.4025 0.2021 -0.8928
vn 0.4077 0.2080 -0.8891
vn 0.3613 0.1843 -0.9140
vn 0.3398 0.1880 -0.9215
vn 0.3136 0.1566 -0.9365
vn 0.2632 0.1417 -0.9543
vn 0.2619 0.1338 -0.9558
vn 0.2239 0.1144 -0.9679
vn 0.2201 0.1110 -0.9691
vn 0.1715 0.0951 -0.9806
vn 0.1717 0.0826 -0.9817
vn 0.1095 0.0595 -0.9922
vn 0.1088 0.0556 -0.9925
vn 0.0792 0.0406 -0.9960
vn 0.0778 0.0389 -0.9962
vn 0.0418 0.0245 -0.9988
vn 0.0426 0.0199 -0.9989
vn 0.0151 0.0082 -0.9999
vn 0.0050 0.0013 -1.0000
vn 0.0061 0.0025 -1.0000
vn 0.0130 0.0080 -0.9999
vn 0.0109 0.0022 -0.9999
vn 0.0119 0.0037 -0.9999
vn 0.0015 0.0008 -1.0000
vn 0.0079 0.0059 -1.0000
vn 0.0076 0.0056 -1.0000
vn 0.0038 0.0002 -1.0000
vn 0.0053 0.0052 -1.0000
vn 0.0025 -0.0000 -1.0000
vn 0.0032 0.0039 -1.0000
vn 0.0027 0.0028 -1.0000
vn 0.0025 0.0023 -1.0000
vn 0.0023 0.0019 -1.0000
vn 0.0021 0.0015 -1.0000
vn 0.8908 0.4544 0.0004
vn 0.8908 0.4543 -0.0010
vn 0.7934 0.4048 -0.4545
vn 0.7965 0.4061 -0.4479
vn 0.8027 0.4071 -0.4358
vn 0.8054 0.4078 -0.4301
vn 0.8100 0.4067 -0.4225
vn 0.8148 0.4056 -0.4142
vn 0.8153 0.4052 -0.4137
vn 0.7689 0.3952 -0.5026
vn 0.7666 0.3745 -0.5216
vn 0.7371 0.3754 -0.5620
vn 0.6896 0.3467 -0.6358
vn 0.6918 0.3536 -0.6296
vn 0.7186 0.3667 -0.5908
vn 0.7157 0.3638 -0.5962
vn 0.7225 0.3692 -0.5845
vn 0.5356 0.2735 -0.7990
vn 0.6510 0.3457 -0.6758
vn 0.6436 0.3286 -0.6912
vn 0.6660 0.3401 -0.6639
vn 0.5586 0.2763 -0.7821
vn 0.5572 0.2734 -0.7841
vn 0.5597 0.2747 -0.7818
vn 0.5650 0.2856 -0.7741
vn 0.5744 0.2926 -0.7645
vn 0.5758 0.2935 -0.7631
vn 0.5772 0.2944 -0.7617
vn 0.5859 0.2997 -0.7529
vn 0.6234 0.3091 -0.7182
vn 0.6214 0.2942 -0.7261
vn 0.6303 0.3104 -0.7116
vn 0.8182 0.4047 -0.4085
vn 0.8234 0.4027 -0.3997
vn 0.8254 0.4018 -0.3966
vn 0.8324 0.4425 -0.3336
vn 0.8547 0.4304 -0.2900
vn 0.8600 0.4394 -0.2596
vn 0.8642 0.4412 -0.2417
vn 0.8665 0.4414 -0.2332
vn 0.8681 0.4412 -0.2276
vn 0.8726 0.4401 -0.2118
vn 0.8724 0.4547 -0.1793
vn 0.8906 0.4396 -0.1165
vn 0.8860 0.4533 -0.0970
vn 0.8890 0.4539 -0.0604
vn 0.8916 0.4523 -0.0217
vn 0.8949 0.4455 -0.0273
vn 0.8911 0.4538 -0.0036
vn -0.7426 0.1624 0.6498
vn -0.6810 -0.0843 0.7274
vn -0.7637 0.2581 0.5918
vn -0.6992 -0.0973 0.7083
vn -0.7661 0.1627 0.6218
vn -0.7760 0.1606 0.6099
vn -0.8171 0.3177 0.4811
vn -0.8010 0.0711 0.5944
vn -0.8022 0.3639 0.4733
vn -0.7831 0.0399 0.6206
vn -0.8002 0.2350 0.5517
vn -0.7797 0.0918 0.6194
vn -0.7861 0.1601 0.5970
vn -0.7791 0.1840 0.5993
vn -0.6475 0.7451 0.1599
vn -0.8299 0.1183 0.5453
vn -0.8225 0.2344 0.5182
vn -0.5121 0.4872 0.7074
vn -0.6130 0.3227 0.7212
vn -0.5421 0.3406 0.7682
vn -0.6244 0.2534 0.7389
vn -0.5740 0.2901 0.7658
vn -0.6588 0.2002 0.7252
vn -0.5890 0.1661 0.7909
vn -0.6419 0.1451 0.7530
vn 0.8906 0.4547 -0.0000
vn 0.8908 0.4544 -0.0000
vn 0.9999 -0.0000 -0.0108
vn 0.9946 0.0061 -0.1036
vn 0.9798 -0.0457 -0.1948
vn 0.9562 0.0106 -0.2925
vn 0.9261 -0.0018 -0.3773
vn 0.8379 0.0244 -0.5453
vn 0.6051 -0.7962 -0.0000
vn 0.7262 -0.6874 0.0002
vn 0.6820 -0.7314 -0.0016
vn 0.7943 -0.6075 -0.0000
vn 0.7928 -0.6095 -0.0000
vn 0.7808 -0.6248 -0.0001
vn 0.7760 -0.6307 0.0001
vn 0.7252 -0.6886 -0.0000
vn 0.6518 -0.7584 -0.0001
vn 0.6456 -0.7637 -0.0000
vn 0.6028 -0.7979 -0.0000
vn 0.5529 -0.8333 -0.0000
vn 0.4682 -0.8836 -0.0020
vn 0.5515 -0.8342 0.0015
vn 0.3990 -0.9170 -0.0010
vn 0.4553 -0.8903 0.0004
vn 0.3546 -0.9350 -0.0002
vn 0.3660 -0.9306 -0.0000
vn 0.3078 -0.9514 -0.0000
vn 0.2881 -0.9576 -0.0001
vn 0.2074 -0.9783 -0.0000
vn 0.2277 -0.9737 -0.0000
vn 0.4550 0.2668 -0.8496
vn 0.4447 0.1091 -0.8890
vn 0.4803 0.3030 -0.8231
vn 0.4732 0.2452 -0.8461
vn 0.5224 0.2668 -0.8099
vn 0.4172 0.2124 -0.8836
vn 0.3869 0.1976 -0.9007
vn 0.3608 0.1858 -0.9140
vn 0.3573 0.1820 -0.9161
vn 0.2922 0.1614 -0.9426
vn 0.2685 0.1257 -0.9550
vn 0.3124 0.1598 -0.9364
vn 0.2739 0.1454 -0.9507
vn 0.2540 0.1297 -0.9585
vn 0.2193 0.1119 -0.9692
vn 0.1719 0.0824 -0.9817
vn 0.2042 0.1199 -0.9716
vn 0.1304 0.0363 -0.9908
vn 0.1733 0.1112 -0.9786
vn 0.1617 0.0973 -0.9820
vn 0.1424 0.0776 -0.9868
vn 0.1141 0.0594 -0.9917
vn 0.0987 0.0503 -0.9938
vn 0.0381 0.0255 -0.9989
vn 0.0188 0.0114 -0.9998
vn 0.0111 0.0063 -0.9999
vn 0.0142 -0.0045 -0.9999
vn 0.0139 -0.0051 -0.9999
vn 0.0509 0.0399 -0.9979
vn 0.0134 -0.0057 -0.9999
vn 0.0135 -0.0057 -0.9999
vn 0.0145 -0.0045 -0.9999
vn 0.0148 -0.0042 -0.9999
vn 0.0157 -0.0034 -0.9999
vn 0.0172 -0.0019 -0.9999
vn 0.0182 -0.0009 -0.9998
vn 0.0186 -0.0007 -0.9998
vn 0.0219 0.0024 -0.9998
vn 0.0430 0.0196 -0.9989
vn 0.0772 0.0394 -0.9962
vn 0.0034 0.0018 -1.0000
vn -0.0000 -0.9979 0.0647
vn -0.0040 -0.9977 0.0678
vn 0.0041 -0.9806 0.1961
vn -0.0057 -0.9790 0.2036
vn 0.0059 -0.9463 0.3233
vn -0.0103 -0.9418 0.3359
vn 0.0007 -0.9187 0.3950
vn -0.0039 -0.8893 0.4574
vn -0.0365 -0.9010 0.4324
vn -0.0027 -0.8756 0.4830
vn 0.0068 -0.8212 0.5706
vn -0.0027 -0.8252 0.5648
vn 0.0020 -0.7444 0.6677
vn -0.0015 -0.7465 0.6654
vn -0.0002 -0.6960 0.7180
vn 0.0220 -0.6358 0.7715
vn -0.0172 -0.6565 0.7541
vn 0.0163 -0.5293 0.8483
vn -0.0185 -0.5508 0.8345
vn 0.0137 -0.4342 0.9007
vn 0.0096 -0.4379 0.8990
vn -0.0029 -0.3740 0.9274
vn -0.0032 -0.3749 0.9270
vn 0.0134 -0.2932 0.9560
vn -0.0156 -0.3163 0.9485
vn 0.0159 -0.1778 0.9839
vn -0.0103 -0.1991 0.9799
vn 0.0078 -0.0670 0.9977
vn -0.0000 -0.0615 0.9981
vn -0.0000 0.0001 1.0000
vn -0.8448 -0.5352 -0.0000
vn -0.8444 -0.5357 -0.0000
vn -0.5383 -0.8428 -0.0000
vn -0.0623 -0.9981 -0.0000
vn 0.4293 -0.9032 -0.0000
vn 0.8133 -0.5819 -0.0000
vn 0.9831 -0.1830 -0.0000
vn -0.5101 -0.2608 0.8196
vn -0.2629 -0.1390 0.9547
vn -0.2807 -0.1556 0.9471
vn -0.2684 -0.1260 0.9550
vn -0.3339 -0.1789 0.9255
vn -0.3307 -0.1710 0.9281
vn -0.3732 -0.1903 0.9080
vn -0.3800 -0.1948 0.9042
vn -0.4160 -0.2082 0.8852
vn -0.4217 -0.2245 0.8785
vn -0.4766 -0.2363 0.8468
vn -0.4783 -0.2402 0.8447
vn -0.5059 -0.2608 0.8223
vn -0.1073 -0.0555 0.9927
vn -0.1318 -0.0715 0.9887
vn -0.1484 -0.0901 0.9848
vn -0.1598 -0.1059 0.9815
vn -0.2488 -0.1270 0.9602
vn -0.2140 -0.1093 0.9707
vn -0.2209 -0.1147 0.9685
vn -0.1583 -0.0745 0.9846
vn -0.1301 -0.0252 0.9912
vn -0.0016 -0.0008 1.0000
vn -0.0079 -0.0042 1.0000
vn -0.0948 -0.0484 0.9943
vn -0.0678 -0.0346 0.9971
vn -0.0325 -0.0101 0.9994
vn -0.0213 0.0024 0.9998
vn -0.0206 0.0033 0.9998
vn -0.0199 0.0042 0.9998
vn -0.0192 0.0049 0.9998
vn -0.0187 0.0056 0.9998
vn -0.0183 0.0061 0.9998
vn -0.0178 -0.0112 0.9998
vn -0.0314 -0.0219 0.9993
vn -0.0104 0.0042 0.9999
vn -0.0466 -0.0370 0.9982
vn -0.0174 0.0074 0.9998
vn -0.0180 0.0066 0.9998
vn -0.8948 -0.3963 0.2058
vn -0.8398 -0.4743 0.2641
vn -0.8686 -0.4172 0.2676
vn -0.8372 -0.4334 0.3336
vn -0.8441 -0.4226 0.3302
vn -0.8351 -0.4155 0.3606
vn 0.1234 -0.0000 -0.9924
vn 0.2411 -0.0148 -0.9704
vn 0.4776 0.0148 -0.8785
vn 0.5823 -0.0000 -0.8130
vn 0.6747 -0.0000 -0.7381
vn 0.6746 -0.0000 -0.7382
vn 0.6746 0.0001 -0.7382
vn 0.6746 -0.0001 -0.7382
vn 0.7335 -0.0989 -0.6724
vn 0.8372 -0.5453 -0.0414
vn -0.1687 -0.9564 -0.2386
vn -0.0837 -0.9751 -0.2052
vn -0.1706 -0.9559 -0.2393
vn -0.1687 -0.9564 -0.2385
vn 0.5258 -0.7146 -0.4613
vn 0.5234 -0.7102 -0.4709
vn 0.5094 -0.7466 -0.4279
vn 0.3119 -0.8969 -0.3135
vn 0.2093 -0.9079 -0.3633
vn 0.2494 -0.9066 -0.3404
vn 0.7162 -0.1170 -0.6880
vn 0.6846 -0.0717 -0.7254
vn 0.7352 -0.1912 -0.6503
vn 0.7126 0.0072 -0.7016
vn 0.8602 -0.3702 -0.3507
vn 0.9553 -0.1408 -0.2601
vn 0.9465 -0.1427 -0.2896
vn 0.6039 -0.7927 -0.0831
vn 0.7362 -0.6664 -0.1179
vn 0.7860 -0.6109 -0.0948
vn 0.6066 -0.6818 -0.4090
vn 0.6047 -0.6958 -0.3876
vn 0.5418 -0.8003 -0.2567
vn 0.4410 -0.8258 -0.3514
vn 0.7180 -0.6233 -0.3098
vn 0.7870 -0.5091 -0.3485
vn 0.8773 -0.4043 -0.2585
vn 0.8390 -0.5348 -0.1003
vn 0.9757 -0.1927 -0.1043
vn 0.9212 -0.3720 0.1141
vn 0.9928 -0.0612 -0.1034
vn -0.0882 -0.9928 -0.0811
vn 0.7348 -0.0828 -0.6732
vn 0.7340 -0.0662 -0.6759
vn 0.7590 -0.0690 -0.6474
vn 0.7281 -0.0058 -0.6855
vn 0.6849 -0.0022 -0.7286
vn 0.8362 -0.0681 -0.5442
vn 0.8640 -0.1275 -0.4870
vn 0.8293 -0.2084 -0.5186
vn 0.8320 -0.2667 -0.4865
vn 0.7799 -0.3233 -0.5359
vn 0.7234 -0.4940 -0.4824
vn 0.7039 -0.4570 -0.5438
vn 0.4585 -0.6681 -0.5860
vn 0.6082 -0.6072 -0.5112
vn 0.0184 -0.9976 -0.0672
vn 0.0871 -0.9962 -0.0039
vn 0.1970 -0.9712 -0.1341
vn 0.3109 -0.9499 -0.0312
vn -0.5933 -0.7965 -0.1166
vn -0.5015 -0.8634 -0.0554
vn -0.5492 -0.8268 -0.1215
vn -0.4465 -0.8948 0.0057
vn -0.3119 -0.9350 -0.1688
vn -0.2228 -0.9734 -0.0532
vn 0.1124 -0.9618 -0.2494
vn 0.2209 -0.9639 -0.1487
vn 0.3060 -0.9153 -0.2618
vn 0.3220 -0.9136 -0.2482
vn 0.3734 -0.9205 -0.1149
vn 0.5637 -0.8175 -0.1175
vn 0.6072 -0.7909 -0.0764
vn -0.7114 -0.7027 -0.0000
vn -0.6575 -0.7535 -0.0037
vn -0.5710 -0.8210 -0.0012
vn -0.4401 -0.8979 0.0013
vn -0.3100 -0.9507 -0.0019
vn -0.2316 -0.9728 -0.0000
vn 0.0840 -0.9965 -0.0022
vn -0.1041 -0.9946 -0.0000
vn -0.0740 -0.9973 -0.0004
vn 0.1581 -0.9874 0.0015
vn 0.2582 -0.9661 -0.0001
vn 0.3902 -0.9207 0.0001
vn 0.3922 -0.9199 0.0002
vn 0.5922 -0.8058 -0.0003
vn 0.5135 -0.8581 -0.0034
vn 0.6160 -0.7877 -0.0002
vn 0.7723 -0.6353 0.0003
vn 0.7100 -0.7042 -0.0021
vn 0.8979 -0.4401 0.0041
vn 0.8153 -0.5790 -0.0037
vn 0.9770 -0.2133 0.0033
vn 0.9500 -0.3123 -0.0009
vn 0.9986 -0.0529 0.0004
vn 0.9971 -0.0759 -0.0000
vn -0.0000 0.0036 -1.0000
vn 0.0063 0.0425 -0.9991
vn -0.0008 0.0651 -0.9979
vn -0.0026 0.0660 -0.9978
vn -0.0018 0.0653 -0.9979
vn 0.0197 0.0300 -0.9994
vn -0.0042 0.0584 -0.9983
vn 0.0121 0.0263 -0.9996
vn -0.0106 0.0355 -0.9993
vn -0.0013 0.0135 -0.9999
vn -0.0009 0.0573 -0.9984
vn 0.0002 0.0525 -0.9986
vn -0.0001 0.0532 -0.9986
vn 0.0002 0.0627 -0.9980
vn 0.0015 0.0649 -0.9979
vn 0.0027 0.0654 -0.9979
vn -0.0000 -0.0084 -1.0000
vn -0.0000 -0.9319 0.3628
vn 0.0015 -0.9316 0.3636
vn -0.0011 -0.9574 0.2888
vn -0.0619 -0.9685 0.2414
vn 0.0046 -0.9615 0.2747
vn -0.0045 -0.9842 0.1771
vn 0.0035 -0.9834 0.1813
vn -0.0005 -0.9922 0.1247
vn -0.0000 -0.9920 0.1266
vn -0.0000 -0.9973 0.0731
vn 0.0122 -0.9967 0.0801
vn -0.0142 -0.9997 -0.0199
vn 0.0065 -0.9999 -0.0096
vn -0.0012 -0.9973 -0.0731
vn -0.0000 -0.9976 -0.0698
vn -0.0000 -0.9926 -0.1216
vn 0.0084 -0.9932 -0.1162
vn -0.0107 -0.9772 -0.2119
vn 0.0065 -0.9791 -0.2033
vn -0.0005 -0.9654 -0.2606
vn -0.0011 -0.9645 -0.2640
vn -0.0000 -0.9633 -0.2683
vn -0.0000 -0.9494 -0.3142
vn 0.0034 -0.9501 -0.3120
vn -0.0043 -0.9168 -0.3992
vn 0.0061 -0.9190 -0.3942
vn 0.0003 -0.8983 -0.4394
vn -0.0009 -0.8921 -0.4518
vn -0.0000 -0.8931 -0.4498
vn -0.0000 -0.8686 -0.4955
vn 0.0025 -0.8694 -0.4941
vn -0.0030 -0.8207 -0.5713
vn 0.0027 -0.8224 -0.5689
vn -0.0006 -0.7861 -0.6181
vn -0.0000 -0.7870 -0.6170
vn -0.0000 -0.7537 -0.6572
vn 0.0016 -0.7543 -0.6565
vn -0.0018 -0.6934 -0.7206
vn 0.0357 -0.7065 -0.7068
vn -0.0000 -0.6740 -0.7388
vn -0.0000 -0.6501 -0.7598
vn -0.0000 -0.6125 -0.7904
vn 0.0031 -0.6142 -0.7892
vn -0.0041 -0.5446 -0.8387
vn -0.0022 -0.5454 -0.8382
vn 0.0007 -0.4906 -0.8714
vn -0.0000 -0.4896 -0.8719
vn -0.0000 -0.4505 -0.8928
vn 0.0003 -0.4507 -0.8927
vn -0.0004 -0.3815 -0.9244
vn -0.0039 -0.3800 -0.9250
vn 0.0006 -0.3293 -0.9442
vn 0.0044 -0.3157 -0.9489
vn -0.0000 -0.3093 -0.9510
vn -0.0000 -0.2728 -0.9621
vn 0.0013 -0.2741 -0.9617
vn -0.0023 -0.2140 -0.9768
vn -0.0026 -0.2139 -0.9768
vn 0.0005 -0.1660 -0.9861
vn -0.0080 -0.1380 -0.9904
vn 0.0175 -0.1086 -0.9939
vn 0.0048 -0.0908 -0.9959
vn -0.0118 -0.0373 -0.9992
vn 0.0173 -0.0480 -0.9987
vn 0.0034 -0.0186 -0.9998
vn -0.0000 -0.9986 0.0530
vn -0.0028 -0.9987 0.0512
vn 0.0030 -0.9873 0.1589
vn -0.0072 -0.9882 0.1528
vn 0.0072 -0.9653 0.2609
vn -0.0000 -0.9245 0.3811
vn -0.0198 -0.9335 0.3581
vn -0.0018 -0.9421 0.3353
vn 0.0039 -0.9659 0.2590
vn 0.6015 0.7989 -0.0000
vn 0.5662 0.3070 -0.7650
vn 0.5652 0.3056 -0.7663
vn 0.5643 0.3041 -0.7675
vn 0.5577 0.2939 -0.7763
vn 0.5505 0.2878 -0.7837
vn 0.5477 0.2838 -0.7871
vn 0.5356 0.2734 -0.7990
vn 0.6534 0.3567 -0.6677
vn 0.6297 0.3477 -0.6947
vn 0.6160 0.3293 -0.7156
vn 0.6275 0.3402 -0.7003
vn 0.6400 0.3494 -0.6844
vn 0.5491 0.2778 -0.7882
vn 0.5824 0.3011 -0.7550
vn 0.5841 0.3019 -0.7534
vn 0.6016 0.3151 -0.7340
vn 0.6042 0.3164 -0.7314
vn 0.6897 0.5218 -0.5020
vn 0.6566 0.3816 -0.6506
vn 0.6674 0.3922 -0.6331
vn 0.6423 0.3742 -0.6689
vn 0.6804 0.4123 -0.6058
vn 0.6599 0.4019 -0.6348
vn 0.6781 0.4460 -0.5842
vn 0.6720 0.4323 -0.6013
vn 0.6758 0.4427 -0.5893
vn 0.6269 0.6600 -0.4139
vn 0.6232 0.6598 -0.4199
vn 0.6150 0.6595 -0.4322
vn 0.6099 0.6599 -0.4388
vn 0.6772 0.6517 -0.3416
vn 0.6792 0.5352 -0.5023
vn 0.6419 0.5178 -0.5656
vn 0.6356 0.6622 -0.3969
vn 0.6350 0.6622 -0.3978
vn 0.6310 0.6609 -0.4062
vn 0.6095 0.7316 -0.3054
vn 0.6888 0.6915 -0.2176
vn 0.6416 0.6648 -0.3826
vn 0.6379 0.6631 -0.3917
vn 0.6279 0.7428 -0.2324
vn 0.6341 0.7585 -0.1506
vn 0.6177 0.7570 -0.2132
vn 0.6092 0.7873 -0.0947
vn 0.6256 0.7645 -0.1557
vn 0.6301 0.7652 -0.1322
vn 0.6205 0.7583 -0.2000
vn 0.6195 0.7577 -0.2053
vn 0.6012 0.7991 -0.0023
vn 0.5973 0.8017 -0.0211
vn 0.5955 0.8030 -0.0234
vn 0.6033 0.7960 -0.0483
vn 0.6122 0.7866 -0.0808
vn 0.6013 0.7990 -0.0009
vn 0.6014 0.7990 -0.0001
vn 0.6013 0.7990 -0.0004
vn 0.6013 0.7990 -0.0000
vn -0.5024 0.8647 -0.0012
vn -0.5639 0.8252 0.0332
vn -0.5722 0.8201 0.0070
vn -0.5828 0.8126 -0.0019
vn -0.5842 0.8115 -0.0100
vn -0.6177 0.7858 0.0318
vn -0.4841 0.8750 0.0049
vn -0.4863 0.8738 0.0035
vn -0.4915 0.8709 0.0014
vn -0.5119 0.8590 0.0015
vn -0.5107 0.8598 -0.0011
vn -0.5321 0.8467 0.0031
vn -0.5323 0.8466 0.0029
vn -0.5425 0.8401 0.0010
vn -0.5506 0.8343 -0.0274
vn -0.4900 0.8717 0.0018
vn -0.4789 0.8779 0.0005
vn -0.4788 0.8779 0.0010
vn -0.4719 0.8816 0.0005
vn -0.4687 0.8834 0.0009
vn -0.4670 0.8843 0.0005
vn -0.4709 0.8822 -0.0005
vn -0.4705 0.8824 0.0011
vn -0.4732 0.8809 -0.0041
vn -0.4827 0.8758 0.0032
vn -0.4841 0.8750 0.0053
vn -0.5428 0.8398 0.0074
vn -0.5038 0.8638 -0.0026
vn -0.5074 0.8616 0.0115
vn -0.5026 0.8645 0.0047
vn -0.7517 0.1474 0.6429
vn -0.7415 0.1577 0.6522
vn -0.7934 0.1399 0.5924
vn -0.8054 0.1459 0.5745
vn -0.8087 0.1489 0.5691
vn -0.8183 0.1329 0.5591
vn -0.7846 0.1375 0.6046
vn -0.7742 0.1371 0.6179
vn -0.7627 0.1404 0.6314
vn -0.8945 0.1140 0.4322
vn -0.8565 0.1084 0.5047
vn -0.8393 0.1083 0.5327
vn -0.8544 -0.0026 0.5195
vn -0.9207 0.0652 0.3848
vn -0.9454 -0.0319 0.3242
vn -0.7136 0.1564 0.6829
vn -0.7006 0.0973 0.7069
vn -0.7861 0.0884 0.6117
vn -0.7716 0.0754 0.6317
vn -0.7875 0.0045 0.6162
vn -0.8312 0.0064 0.5559
vn -0.8434 -0.0564 0.5343
vn -0.9072 -0.0575 0.4168
vn -0.9112 -0.0212 0.4115
vn -0.9340 -0.0410 0.3549
vn -0.9393 -0.0508 0.3393
vn -0.8093 -0.3807 -0.4472
vn -0.8097 -0.3809 -0.4464
vn -0.8104 -0.3793 -0.4466
vn -0.8245 -0.3913 -0.4086
vn -0.8409 -0.3412 -0.4202
vn -0.8131 -0.4288 -0.3938
vn -0.8249 -0.3955 -0.4039
vn -0.8405 -0.3941 -0.3718
vn -0.8603 -0.3698 -0.3509
vn -0.8404 -0.4234 -0.3384
vn -0.8560 -0.4069 -0.3187
vn -0.8603 -0.4094 -0.3036
vn -0.8822 -0.3777 -0.2813
vn -0.8146 -0.5177 -0.2617
vn -0.9523 -0.2298 -0.2007
vn 0.6014 0.7990 -0.0000
vn 0.7772 0.2001 0.5965
vn 0.5734 0.1512 0.8052
vn 0.5818 0.1058 0.8064
vn 0.6201 0.1314 0.7734
vn 0.6244 0.0992 0.7747
vn 0.7781 0.1894 0.5989
vn 0.8486 0.2701 0.4548
vn 0.8485 0.2708 0.4546
vn 0.8925 0.3487 0.2862
vn 0.8910 0.3546 0.2836
vn 0.9019 0.4140 0.1233
vn 0.9001 0.4185 0.1211
vn 0.7802 0.1925 0.5952
vn 0.8483 0.2712 0.4548
vn 0.8483 0.2709 0.4549
vn 0.8920 0.3477 0.2889
vn 0.8905 0.3536 0.2862
vn 0.9019 0.4133 0.1255
vn 0.9002 0.4177 0.1233
vn 0.8935 0.4487 0.0201
vn 0.8934 0.4487 0.0201
vn 0.8930 0.4497 0.0192
vn 0.6961 0.1551 0.7010
vn 0.7368 0.1661 0.6554
vn 0.7789 0.2061 0.5923
vn 0.6075 0.1360 0.7826
vn 0.6268 0.1509 0.7645
vn 0.6332 0.1112 0.7659
vn 0.6921 0.1583 0.7043
vn 0.6952 0.1521 0.7025
vn 0.6972 0.1292 0.7051
vn 0.7558 0.6548 0.0001
vn 0.9999 -0.0114 -0.0000
vn 0.9999 -0.0107 0.0016
vn 1.0000 0.0075 -0.0009
vn 0.9999 0.0108 0.0006
vn 0.9999 0.0137 0.0006
vn 0.9998 0.0216 0.0014
vn 0.9995 0.0308 0.0026
vn 0.9991 0.0415 0.0047
vn 0.9986 0.0522 0.0080
vn 0.9999 0.0002 -0.0164
vn 0.9991 0.0427 -0.0000
vn 0.9990 -0.0442 0.0001
vn 0.9949 -0.1004 -0.0083
vn 0.9949 -0.0896 0.0466
vn 0.9964 -0.0810 -0.0235
vn 0.9957 -0.0920 -0.0123
vn 0.9940 -0.1090 -0.0049
vn 0.9925 -0.1222 -0.0024
vn 0.9915 -0.1298 -0.0014
vn 0.9932 -0.1164 0.0009
vn 0.9937 -0.1125 0.0010
vn 0.9951 -0.0992 0.0016
vn 0.9999 0.0110 0.0005
vn 0.9999 0.0140 -0.0000
vn 0.9994 -0.0332 0.0058
vn 1.0000 0.0057 -0.0000
vn 0.9993 -0.0367 -0.0000
vn 0.9971 -0.0756 0.0030
vn 0.9987 -0.0509 0.0051
vn 0.9864 -0.1639 -0.0090
vn 0.9995 -0.0306 0.0061
vn 0.9938 -0.1108 -0.0046
vn 0.9977 -0.0671 -0.0018
vn 0.9977 0.0683 0.0012
vn 0.9982 0.0568 -0.0170
vn 0.9947 0.0829 0.0611
vn 0.9992 0.0243 -0.0329
vn 0.9994 0.0289 -0.0168
vn 0.9991 0.0328 0.0264
vn 0.9995 0.0300 -0.0025
vn 1.0000 0.0025 0.0024
vn 1.0000 0.0057 -0.0013
vn 1.0000 -0.0078 -0.0000
vn 0.9913 0.1319 -0.0005
vn 0.9918 0.1275 -0.0004
vn 0.9925 0.1224 -0.0009
vn 0.9928 0.1201 0.0021
vn 0.9933 0.1155 -0.0005
vn 0.9938 0.1109 0.0009
vn 0.9945 0.1042 -0.0040
vn 0.9960 0.0871 -0.0199
vn 0.9967 0.0728 -0.0369
vn 0.9955 0.0951 0.0059
vn 0.9970 0.0762 -0.0100
vn 0.9970 0.0761 -0.0103
vn 0.9967 0.0812 0.0007
vn 0.9901 0.1403 -0.0045
vn 0.9907 0.1362 0.0007
vn 0.9864 0.1642 -0.0011
vn 0.9872 0.1597 0.0036
vn 0.9799 0.1995 -0.0054
vn 0.9818 0.1901 0.0024
vn 0.9733 0.2296 -0.0013
vn 0.9747 0.2236 -0.0001
vn 0.9592 0.2828 0.0005
vn 0.9622 0.2723 0.0035
vn 0.9358 0.3524 -0.0019
vn 0.9432 0.3323 0.0001
vn 0.9205 0.3907 -0.0000
vn 0.8359 0.5488 -0.0005
vn 0.8160 0.5763 -0.0452
vn 0.8756 0.4727 0.0997
vn 0.8692 0.4922 -0.0476
vn 0.8762 0.4820 -0.0022
vn 0.8766 0.4811 -0.0000
vn 0.7852 0.6181 -0.0384
vn 0.8560 0.5168 -0.0097
vn 0.2248 0.9744 0.0001
vn 0.2239 0.9746 -0.0022
vn 0.2657 0.9641 0.0013
vn 0.3420 0.9365 -0.0777
vn 0.3419 0.9365 -0.0780
vn 0.3496 0.9365 -0.0259
vn 0.4376 0.8982 0.0421
vn 0.4225 0.9064 -0.0014
vn 0.5403 0.8415 0.0012
vn 0.5264 0.8502 -0.0096
vn 0.6692 0.7427 0.0240
vn 0.6543 0.7560 -0.0193
vn 0.7643 0.6448 0.0041
vn 0.7356 0.6774 -0.0051
vn 0.7391 0.6736 -0.0042
vn 0.1687 0.9857 -0.0001
vn 0.1141 0.9870 0.1135
vn 0.1074 0.9852 0.1333
vn 0.0859 0.9958 0.0309
vn 0.0091 1.0000 -0.0000
vn 0.0173 0.9971 0.0742
vn 0.0369 0.9993 -0.0000
vn 0.0607 0.9982 -0.0000
vn 0.9904 -0.1384 -0.0003
vn 0.9899 -0.1415 -0.0000
vn 0.9837 -0.1801 -0.0000
vn 0.9706 -0.2406 0.0002
vn 0.8353 -0.5498 -0.0000
vn 0.8117 -0.5840 0.0013
vn 0.8998 -0.4364 -0.0020
vn 0.9764 -0.2161 -0.0008
vn 0.9482 -0.3177 0.0005
vn 0.9393 -0.3432 -0.0001
vn 0.9251 -0.3796 -0.0000
vn 0.9147 -0.4041 -0.0000
vn 0.8697 -0.4936 0.0011
vn 0.9973 0.0737 -0.0000
vn 0.9969 0.0788 -0.0000
vn 0.9964 0.0846 0.0002
vn 0.9957 0.0924 0.0020
vn 0.9964 0.0846 -0.0021
vn 0.9951 0.0994 0.0012
vn 0.9957 0.0925 -0.0017
vn 0.9946 0.1033 0.0015
vn 0.9942 0.1076 0.0033
vn 0.9943 0.1064 0.0023
vn 0.9933 0.1156 -0.0001
vn 0.9924 0.1228 0.0002
vn 0.9922 0.1246 -0.0003
vn 0.9895 0.1447 0.0011
vn 0.9854 0.1698 -0.0130
vn 0.9816 0.1912 -0.0000
vn 0.9608 0.2771 -0.0030
vn 0.9615 0.2750 -0.0021
vn 0.9743 0.2251 -0.0000
vn 0.9271 0.3749 -0.0000
vn 0.9361 0.3518 -0.0000
vn 0.5396 -0.0823 -0.8379
vn 0.9577 -0.0281 -0.2864
vn 0.0145 -0.1395 -0.9901
vn 0.1117 -0.1927 -0.9749
vn 0.1117 -0.1924 -0.9749
vn 0.9269 -0.1019 -0.3612
vn 0.9922 -0.0812 -0.0942
vn 0.4589 -0.2946 -0.8382
vn 0.4688 -0.2839 -0.8365
vn 0.7109 -0.2603 -0.6534
vn 0.6507 -0.3175 -0.6898
vn 0.9200 -0.2560 -0.2967
vn 0.5892 -0.2000 -0.7828
vn 0.6764 -0.0720 -0.7330
vn 0.7274 -0.2002 -0.6564
vn 0.7788 -0.1314 -0.6133
vn 0.8609 -0.1904 -0.4717
vn 0.8708 -0.1762 -0.4590
vn 0.5429 -0.5486 -0.6359
vn 0.0520 -0.1952 -0.9794
vn 0.1418 -0.2865 -0.9475
vn 0.1538 -0.2577 -0.9539
vn 0.2457 -0.3605 -0.8998
vn 0.2772 -0.3226 -0.9050
vn 0.3498 -0.4309 -0.8318
vn 0.4101 -0.3857 -0.8265
vn 0.4095 -0.3830 -0.8280
vn 0.0064 -0.0977 -0.9952
vn 0.1918 -0.1779 -0.9652
vn 0.1964 -0.1611 -0.9672
vn 0.3179 -0.1822 -0.9304
vn 0.3252 -0.1671 -0.9308
vn 0.3582 -0.2401 -0.9022
vn 0.6321 -0.1936 -0.7503
vn 0.5915 -0.2428 -0.7689
vn 0.8211 -0.1908 -0.5380
vn 0.7701 -0.2518 -0.5861
vn 0.9678 -0.1644 -0.1906
vn 0.0285 -0.1666 -0.9856
vn 0.0846 -0.2140 -0.9732
vn 0.0911 -0.1844 -0.9786
vn 0.1963 -0.2811 -0.9394
vn 0.2280 -0.2212 -0.9482
vn 0.3449 -0.3568 -0.8682
vn 0.4273 -0.2722 -0.8622
vn 0.4785 -0.4169 -0.7728
vn 0.6179 -0.3103 -0.7225
vn 0.6653 -0.4877 -0.5653
vn 0.0003 -0.1805 -0.9836
vn 0.0034 -0.1845 -0.9828
vn 0.0074 -0.1802 -0.9836
vn 0.0057 -0.1845 -0.9828
vn 0.0061 -0.1850 -0.9827
vn -0.9999 -0.0145 -0.0073
vn -0.9997 -0.0203 -0.0095
vn -0.9999 0.0153 -0.0014
vn -0.9993 0.0368 -0.0003
vn -0.9982 0.0593 -0.0000
vn -1.0000 -0.0042 -0.0045
vn -1.0000 0.0078 -0.0019
vn -0.9998 0.0182 -0.0000
vn -1.0000 0.0088 -0.0016
vn -1.0000 0.0019 -0.0026
vn -1.0000 0.0038 -0.0024
vn -0.9957 -0.0930 -0.0000
vn -0.9949 -0.1003 -0.0072
vn -0.9953 -0.0971 -0.0042
vn -0.9973 -0.0736 0.0071
vn -0.9961 -0.0882 -0.0051
vn -0.9982 -0.0587 0.0084
vn -0.9969 -0.0783 -0.0044
vn -0.9975 -0.0707 -0.0018
vn -0.9985 0.0517 0.0183
vn -1.0000 -0.0000 0.0019
vn -0.9989 -0.0458 -0.0004
vn -0.9991 -0.0418 -0.0000
vn -0.9986 -0.0523 -0.0000
vn -0.9981 -0.0617 -0.0003
vn -0.9884 -0.1516 0.0063
vn -0.9886 -0.1505 0.0055
vn -0.9924 -0.1228 -0.0054
vn -0.9924 -0.1226 -0.0052
vn -0.9943 -0.1064 0.0037
vn -0.9936 -0.1132 -0.0025
vn -0.9943 -0.1068 -0.0000
vn -0.9857 -0.1682 -0.0000
vn -0.9796 -0.2008 -0.0000
vn -0.9572 -0.2896 -0.0000
vn -0.9571 -0.2896 -0.0000
vn -0.9716 0.2364 0.0105
vn -0.9805 0.1965 0.0058
vn -0.9888 0.1494 0.0025
vn -0.9949 0.1005 -0.0000
vn -0.9952 0.0979 -0.0064
vn -0.9936 0.1125 -0.0048
vn -0.9921 0.1250 -0.0036
vn -0.9862 0.1658 0.0013
vn -0.9875 0.1574 0.0040
vn -0.9888 0.1492 0.0067
vn -0.9905 0.1370 0.0127
vn -0.9828 0.1824 -0.0307
vn -0.9925 0.1211 0.0145
vn -0.9847 0.1724 -0.0241
vn -0.9929 0.1191 -0.0032
vn -0.9662 0.2576 -0.0000
vn -0.9860 0.1667 -0.0000
vn -0.9795 0.2014 -0.0076
vn -0.9544 0.2986 -0.0004
vn -0.9349 0.3549 -0.0021
vn -0.9573 0.2891 0.0013
vn -0.9242 0.3820 -0.0003
vn -0.9130 0.4080 -0.0000
vn -0.8977 0.4407 -0.0000
vn -0.8977 0.4405 -0.0000
vn -0.8650 0.5018 -0.0000
vn -0.8625 0.5060 -0.0002
vn -0.8050 0.5933 0.0002
vn -0.8083 0.5888 -0.0000
vn -0.7772 0.6292 -0.0000
vn -0.7613 0.6484 -0.0000
vn -0.7593 0.6507 -0.0001
vn -0.7598 0.6501 -0.0001
vn -0.7591 0.6510 -0.0000
vn -0.7617 0.6479 0.0005
vn -0.7699 0.6382 0.0064
vn -0.7698 0.6382 0.0064
vn -0.9970 0.0772 -0.0000
vn -0.9979 0.0654 -0.0000
vn -0.9986 0.0521 0.0002
vn -0.9995 0.0321 0.0037
vn -0.9996 0.0256 0.0095
vn -0.9994 0.0357 -0.0027
vn -1.0000 -0.0059 0.0013
vn -0.9999 -0.0135 0.0105
vn -0.9996 -0.0298 0.0026
vn -0.9988 -0.0497 -0.0002
vn -0.9985 -0.0556 0.0006
vn -0.9978 -0.0660 -0.0042
vn -0.9979 -0.0651 0.0056
vn -0.9964 -0.0846 -0.0089
vn -0.9975 -0.0678 0.0192
vn -0.9977 -0.0597 0.0309
vn -0.9951 -0.0986 -0.0109
vn -0.9967 -0.0771 0.0257
vn -0.9949 -0.1011 -0.0025
vn -0.9945 -0.1048 0.0016
vn -0.9946 -0.1033 0.0097
vn -0.9942 -0.1071 0.0057
vn -0.9920 -0.1260 -0.0068
vn -0.9904 -0.1378 0.0067
vn -0.9908 -0.1349 0.0085
vn -0.9917 -0.1284 0.0007
vn -0.9930 -0.1185 -0.0008
vn -0.9869 -0.1612 -0.0019
vn -0.9836 -0.1804 0.0015
vn -0.9834 -0.1815 0.0019
vn -0.9779 -0.2090 -0.0031
vn -0.9739 -0.2268 0.0030
vn -0.9600 -0.2801 -0.0028
vn -0.9570 -0.2902 -0.0043
vn -0.9455 -0.3257 0.0011
vn -0.8685 -0.4957 -0.0000
vn -0.8770 -0.4804 0.0052
vn -0.9183 -0.3960 -0.0000
vn -0.9308 -0.3656 -0.0001
vn -0.8527 -0.5214 0.0325
vn -0.8514 -0.5234 0.0339
vn -0.8917 -0.4519 -0.0263
vn -0.8088 -0.5880 0.0092
vn -0.8465 -0.5323 -0.0096
vn -0.7736 -0.6336 0.0003
vn -0.8132 -0.5821 -0.0000
vn -0.7856 -0.6188 -0.0000
vn -0.7824 -0.6228 0.0001
vn -0.7653 -0.6437 0.0014
vn -0.7595 -0.6505 0.0022
vn -0.7521 -0.6590 0.0037
vn -0.7458 -0.6661 0.0052
vn -0.7342 -0.6789 0.0088
vn -0.7176 -0.6963 0.0160
vn -0.7025 -0.7112 0.0247
vn -0.6572 -0.7518 0.0536
vn -0.7095 -0.7036 -0.0398
vn -0.5683 -0.8227 0.0152
vn -0.6055 -0.7959 -0.0054
vn -0.5566 -0.8308 -0.0002
vn -0.4857 -0.8741 0.0003
vn -0.4636 -0.8859 0.0190
vn -0.3166 -0.9483 -0.0246
vn -0.3434 -0.9392 -0.0017
vn -0.2656 -0.9641 0.0001
vn -0.2499 -0.9683 0.0060
vn -0.2325 -0.9717 0.0415
vn -0.2123 -0.9719 0.1019
vn -0.1755 -0.9844 -0.0075
vn -0.1395 -0.9902 -0.0000
vn -0.0370 -0.9993 -0.0000
vn -0.0537 -0.9980 -0.0329
vn -0.0690 -0.9923 -0.1026
vn -0.0770 -0.9943 -0.0742
vn -0.1168 -0.9932 -0.0000
vn -0.0011 -1.0000 -0.0000
vn -0.0111 -0.9998 -0.0158
vn -0.0124 -0.9999 -0.0058
vn -0.0293 -0.9996 -0.0000
vn -0.5428 0.8398 0.0068
vn -0.7097 0.6906 0.1393
vn -0.6903 0.7070 0.1537
vn -0.7441 0.6384 0.1967
vn -0.7120 0.6693 0.2123
vn -0.7786 0.5888 0.2170
vn -0.6720 0.6663 0.3232
vn -0.8086 0.5326 0.2499
vn -0.5673 0.8234 0.0101
vn -0.5926 0.8051 0.0230
vn -0.5845 0.8091 0.0610
vn -0.7253 0.6883 0.0138
vn -0.6642 0.7418 0.0927
vn -0.5853 0.8064 0.0839
vn -0.6477 0.7584 0.0722
vn -0.5964 0.8022 0.0258
vn -0.5950 0.8033 0.0263
vn -0.5558 0.8311 0.0165
vn -0.5441 0.8390 0.0039
vn -0.5387 0.8424 -0.0087
vn -0.5344 0.8452 0.0106
vn -0.5045 0.8634 -0.0005
vn -0.5024 0.8647 -0.0027
vn -0.7241 0.0072 -0.6896
vn -0.6664 -0.0070 -0.7456
vn -0.6664 -0.0069 -0.7456
vn -0.7973 -0.0040 -0.6035
vn -0.8424 -0.0011 -0.5389
vn -0.9789 0.0075 0.2041
vn -0.9795 0.0046 0.2014
vn -0.9950 0.0072 0.1001
vn -0.9916 0.0010 0.1293
vn -0.9892 -0.0012 0.1469
vn -0.9999 0.0128 0.0066
vn -0.9998 0.0217 -0.0000
vn -0.9998 0.0216 0.0007
vn -0.9998 0.0217 0.0002
vn -0.9972 -0.0514 0.0547
vn -0.9997 -0.0032 0.0235
vn -0.9956 0.0021 0.0940
vn -1.0000 0.0022 -0.0009
vn -1.0000 -0.0012 -0.0000
vn -1.0000 -0.0006 0.0001
vn -1.0000 -0.0004 -0.0000
vn -0.9980 0.0097 -0.0630
vn -0.9998 -0.0044 -0.0179
vn -1.0000 0.0020 -0.0011
vn -0.9912 -0.0013 -0.1321
vn -0.9813 0.0033 -0.1926
vn -0.9757 -0.0204 -0.2179
vn -0.9446 0.0255 -0.3272
vn -0.9170 -0.0531 -0.3953
vn -0.7606 0.0286 -0.6486
vn -0.7918 -0.0141 -0.6107
vn -0.7154 0.0046 -0.6987
vn -0.7286 -0.0127 -0.6848
vn -0.6747 0.0030 -0.7381
vn -0.6743 -0.0199 -0.7382
vn -0.6666 -0.0069 -0.7454
vn -0.8544 -0.0078 -0.5196
vn -0.9005 0.0099 -0.4347
vn -0.9000 0.0088 -0.4359
vn -0.9482 -0.0285 -0.3165
vn -0.9539 0.0039 -0.3000
vn -0.9817 -0.0312 -0.1879
vn -0.9829 0.0693 -0.1705
vn -0.9907 -0.0016 -0.1357
vn -0.9971 -0.0017 -0.0762
vn -0.9571 -0.0033 0.2898
vn -0.9516 0.0132 0.3070
vn -0.9465 0.0283 0.3214
vn -0.9048 -0.0629 0.4211
vn -0.3154 -0.5391 -0.7809
vn 0.1918 -0.6960 -0.6920
vn 0.1906 -0.6498 -0.7358
vn 0.3594 -0.7442 -0.5631
vn 0.3845 -0.6419 -0.6634
vn -0.6993 -0.3220 -0.6382
vn -0.5361 -0.6511 -0.5373
vn -0.5320 -0.6608 -0.5294
vn -0.5399 -0.6662 -0.5145
vn -0.1210 -0.7245 -0.6786
vn -0.2097 -0.8263 -0.5228
vn 0.3288 -0.8369 -0.4376
vn 0.3293 -0.8376 -0.4359
vn 0.1529 -0.7607 -0.6308
vn 0.1502 -0.7663 -0.6246
vn -0.0487 -0.7406 -0.6702
vn -0.0495 -0.7448 -0.6655
vn -0.3099 -0.5402 -0.7824
vn -0.3119 -0.5338 -0.7860
vn -0.1204 0.6711 0.7315
vn -0.1730 0.6358 0.7522
vn -0.1368 0.6712 0.7286
vn -0.1693 0.6434 0.7466
vn -0.1729 0.6363 0.7518
vn -0.1732 0.6355 0.7524
vn -0.1734 0.6353 0.7525
vn -0.1735 0.6349 0.7529
vn -0.1209 0.6722 0.7305
vn -0.0743 0.7283 0.6813
vn -0.0720 0.7479 0.6599
vn 0.0132 0.8120 0.5835
vn 0.0136 0.8121 0.5834
vn 0.0491 0.8449 0.5326
vn 0.0922 0.8700 0.4844
vn 0.1307 0.8772 0.4619
vn 0.1554 0.8955 0.4170
vn 0.2469 0.9118 0.3280
vn 0.2491 0.9146 0.3184
vn 0.3798 0.9024 0.2037
vn 0.3839 0.9033 0.1914
vn 0.4652 0.8766 0.1231
vn 0.5054 0.8580 0.0910
vn 0.5152 0.8539 0.0733
vn 0.5807 0.8139 0.0178
vn 0.5853 0.8107 0.0150
vn 0.5999 0.8001 0.0012
vn 0.1676 0.6677 0.7254
vn 0.0100 0.6576 0.7533
vn 0.0043 0.6561 0.7547
vn 0.0022 0.6542 0.7563
vn 0.0011 0.6538 0.7567
vn 0.0005 0.6532 0.7572
vn 0.0041 0.6590 0.7521
vn 0.0059 0.6589 0.7522
vn 0.0201 0.6619 0.7493
vn 0.0096 0.6640 0.7477
vn 0.0129 0.6638 0.7478
vn 0.0362 0.6668 0.7444
vn 0.0200 0.6704 0.7417
vn 0.0293 0.6696 0.7422
vn 0.0627 0.6740 0.7361
vn 0.0492 0.6759 0.7354
vn 0.0624 0.6754 0.7348
vn 0.0937 0.6763 0.7306
vn 0.0960 0.6766 0.7301
vn 0.1338 0.6744 0.7262
vn 0.1261 0.6766 0.7255
vn 0.1490 0.6701 0.7272
vn 0.1972 0.6579 0.7268
vn 0.1956 0.6594 0.7259
vn 0.2209 0.6475 0.7294
vn 0.2187 0.6499 0.7279
vn 0.2372 0.6381 0.7326
vn 0.2361 0.6409 0.7304
vn 0.2580 0.6270 0.7350
vn 0.2602 0.6333 0.7289
vn 0.2710 0.6167 0.7391
vn 0.2840 0.6260 0.7263
vn 0.3000 0.6083 0.7348
vn 0.3104 0.6178 0.7224
vn 0.3197 0.6017 0.7319
vn 0.3979 0.5957 0.6977
vn 0.3588 0.5914 0.7222
vn 0.3365 0.6078 0.7193
vn 0.3359 0.6105 0.7173
vn 0.3904 0.5936 0.7038
vn 0.4015 0.5870 0.7030
vn 0.4411 0.5686 0.6944
vn 0.4462 0.5615 0.6969
vn 0.4595 0.5684 0.6825
vn 0.4736 0.5460 0.6911
vn 0.4848 0.5518 0.6786
vn 0.4907 0.5424 0.6819
vn 0.5060 0.5171 0.6904
vn 0.5644 0.4654 0.6818
vn 0.5308 0.5237 0.6663
vn 0.5200 0.5130 0.6829
vn 0.5351 0.4904 0.6879
vn 0.5487 0.4625 0.6964
vn 0.5909 0.3537 0.7250
vn 0.5787 0.4030 0.7090
vn 0.5680 0.4168 0.7097
vn 0.5647 0.4449 0.6951
vn 0.6381 0.2823 0.7163
vn 0.5876 0.2800 0.7591
vn 0.5978 0.3411 0.7254
vn 0.5905 0.2655 0.7621
vn 0.5928 0.1893 0.7828
vn 0.5966 0.1691 0.7846
vn 1.0000 0.0005 0.0048
vn 1.0000 -0.0006 -0.0052
vn -0.2748 -0.1454 0.9505
vn -0.2154 -0.1517 0.9647
vn -0.0072 -0.2455 0.9694
vn -0.0181 0.0006 0.9998
vn -0.0083 -0.2439 0.9698
vn -0.1067 -0.2734 0.9560
vn -0.0126 -0.3393 0.9406
vn -0.0269 -0.2186 0.9754
vn -0.0530 -0.2644 0.9629
vn -0.0535 -0.2522 0.9662
vn -0.0886 -0.1862 0.9785
vn -0.2018 -0.0757 0.9765
vn -0.1699 -0.2462 0.9542
vn -0.1338 -0.1255 0.9830
vn -0.1252 -0.1816 0.9754
vn -0.1251 -0.1830 0.9751
vn -0.2707 -0.0277 0.9623
vn -0.2478 0.0416 0.9679
vn -0.5261 -0.3916 0.7549
vn 0.0181 -0.1870 -0.9822
vn 0.0213 -0.1875 -0.9820
vn 0.2070 -0.1738 -0.9628
vn 0.2622 -0.1797 -0.9481
vn 0.2909 -0.1853 -0.9386
vn 0.0486 -0.1591 -0.9861
vn 0.2125 -0.1867 -0.9592
vn 0.0698 -0.1451 -0.9870
vn 0.2500 -0.1784 -0.9517
vn 0.0858 -0.1228 -0.9887
vn 0.0823 -0.1893 -0.9785
vn 0.1160 -0.1948 -0.9740
vn 0.0325 -0.1698 -0.9849
vn 0.1445 -0.1888 -0.9713
vn 0.1650 -0.1928 -0.9673
vn 0.7991 -0.1451 -0.5834
vn 0.1155 -0.1321 -0.9845
vn 0.7348 -0.2316 -0.6376
vn 0.7468 -0.2173 -0.6285
vn 0.8009 -0.1383 -0.5827
vn 0.7526 -0.1323 -0.6451
vn 0.7551 -0.1124 -0.6459
vn 0.6909 -0.1331 -0.7106
vn 0.6463 -0.1027 -0.7561
vn 0.6369 -0.1466 -0.7569
vn 0.5391 -0.1207 -0.8336
vn 0.5419 -0.1543 -0.8262
vn 0.3750 -0.1383 -0.9166
vn 0.4258 -0.1774 -0.8872
vn 0.3805 -0.1678 -0.9094
vn 0.3180 -0.1932 -0.9282
vn 0.2234 -0.1480 -0.9634
vn 0.2113 -0.1190 -0.9701
vn 0.2258 -0.1034 -0.9687
vn 0.2721 -0.0644 -0.9601
vn 0.4147 -0.0498 -0.9086
vn 0.3701 -0.1144 -0.9219
vn 0.4823 -0.0918 -0.8712
vn 0.4896 -0.0947 -0.8668
vn 0.5968 -0.0778 -0.7986
vn 0.6154 -0.0882 -0.7833
vn 0.6925 -0.0802 -0.7170
vn 0.7177 -0.1012 -0.6890
vn 0.8061 -0.1744 -0.5655
vn 0.7949 -0.1364 -0.5912
vn 0.7241 -0.0861 -0.6843
vn 0.7254 -0.0934 -0.6819
vn 0.7572 -0.1001 -0.6455
vn 0.7941 -0.1503 -0.5890
vn 0.8003 -0.1359 -0.5840
vn 0.8061 -0.1743 -0.5655
vn 0.6571 -0.0525 -0.7519
vn 0.6239 -0.0226 -0.7812
vn 0.6439 -0.0582 -0.7629
vn 0.5021 -0.0241 -0.8645
vn 0.5248 -0.0533 -0.8495
vn 0.3888 -0.0319 -0.9208
vn 0.3591 -0.0180 -0.9331
vn 0.7998 -0.1476 -0.5819
vn 0.7956 -0.1509 -0.5867
vn 0.7698 -0.1151 -0.6279
vn 0.7392 -0.1182 -0.6630
vn 0.7216 -0.1029 -0.6846
vn 0.6603 -0.1127 -0.7425
vn 0.6452 -0.1039 -0.7570
vn 0.5555 -0.1211 -0.8226
vn 0.5435 -0.1160 -0.8313
vn 0.4430 -0.1378 -0.8859
vn 0.3623 -0.1109 -0.9255
vn 0.3617 -0.1116 -0.9256
vn 0.2655 -0.1357 -0.9545
vn 0.2962 -0.0762 -0.9521
vn 0.1875 -0.0957 -0.9776
vn 0.6959 -0.3761 -0.6118
vn 0.4434 -0.5291 -0.7235
vn 0.4239 -0.5547 -0.7159
vn 0.8083 -0.1847 -0.5591
vn 0.8002 -0.2063 -0.5631
vn 0.8107 -0.1964 -0.5515
vn 0.4157 -0.5193 -0.7467
vn 0.4678 -0.5204 -0.7143
vn 0.5027 -0.4791 -0.7195
vn 0.5141 -0.4784 -0.7119
vn 0.5880 -0.4287 -0.6860
vn 0.7953 -0.2072 -0.5697
vn 0.8110 -0.2149 -0.5442
vn 0.7849 -0.2477 -0.5680
vn 0.7772 -0.2723 -0.5673
vn 0.3922 -0.5903 -0.7055
vn 0.4254 -0.5709 -0.7022
vn 0.4706 -0.5208 -0.7123
vn 0.3948 -0.5691 -0.7213
vn 0.4209 -0.5717 -0.7043
vn 0.4391 -0.5360 -0.7211
vn 0.4614 -0.5370 -0.7062
vn 0.4884 -0.4997 -0.7154
vn 0.4241 -0.5706 -0.7032
vn 0.4273 -0.5604 -0.7094
vn 0.4440 -0.5417 -0.7137
vn 0.4636 -0.5423 -0.7007
vn 0.4617 -0.5371 -0.7059
vn 0.4560 -0.5345 -0.7116
vn 0.5345 -0.4965 -0.6840
vn 0.5690 -0.4584 -0.6828
vn 0.6707 -0.4034 -0.6224
vn 0.6827 -0.3800 -0.6241
vn 0.8115 -0.2005 -0.5489
vn 0.8055 -0.2025 -0.5570
vn 0.8023 -0.2471 -0.5434
vn 0.7884 -0.2506 -0.5617
vn 0.8139 -0.2138 -0.5402
vn 0.7855 -0.2320 -0.5737
vn 0.7880 -0.2762 -0.5503
vn 0.7627 -0.2899 -0.5781
vn 0.7435 -0.3399 -0.5759
vn 0.7225 -0.3525 -0.5948
vn 0.6607 -0.4106 -0.6284
vn 0.6494 -0.4224 -0.6324
vn 0.5434 -0.4940 -0.6788
vn 0.5315 -0.4963 -0.6865
vn 0.5332 -0.4917 -0.6884
vn 0.5436 -0.4885 -0.6826
vn 0.5385 -0.4906 -0.6851
vn 0.5494 -0.4740 -0.6881
vn 0.6047 -0.4467 -0.6594
vn 0.6839 -0.4065 -0.6058
vn 0.8109 -0.1972 -0.5510
vn 0.8091 -0.1987 -0.5531
vn 0.8059 -0.2349 -0.5434
vn 0.7964 -0.2378 -0.5561
vn 0.7843 -0.2774 -0.5549
vn 0.7194 -0.3249 -0.6139
vn 0.7337 -0.3398 -0.5884
vn 0.5761 -0.4088 -0.7078
vn 0.6021 -0.4090 -0.6857
vn 0.8124 -0.2054 -0.5457
vn 0.7956 -0.2161 -0.5660
vn 0.7948 -0.2614 -0.5476
vn 0.7703 -0.2756 -0.5750
vn 0.7622 -0.3150 -0.5655
vn 0.7718 -0.3073 -0.5567
vn 0.7223 -0.3328 -0.6062
vn 0.7309 -0.3268 -0.5992
vn 0.7012 -0.3727 -0.6078
vn 0.6122 -0.4097 -0.6763
vn 0.5582 -0.4732 -0.6815
vn 0.5034 -0.4821 -0.7170
vn 0.4675 -0.5287 -0.7085
vn 0.4452 -0.5258 -0.7248
vn 0.4223 -0.5675 -0.7069
vn 0.3957 -0.5604 -0.7276
vn -0.4480 -0.2529 -0.8575
vn -0.4359 -0.2206 -0.8726
vn -0.3993 -0.2042 -0.8938
vn -0.4000 -0.2148 -0.8910
vn -0.3860 -0.2067 -0.8990
vn -0.3844 -0.2059 -0.8999
vn -0.3838 -0.2056 -0.9002
vn -0.3835 -0.2055 -0.9004
vn -0.3820 -0.2049 -0.9012
vn -0.3736 -0.2022 -0.9053
vn -0.3412 -0.2032 -0.9178
vn -0.4672 -0.1804 -0.8655
vn -0.4699 -0.2232 -0.8541
vn -0.5083 -0.2426 -0.8263
vn -0.5086 -0.2431 -0.8260
vn -0.5662 -0.2569 -0.7832
vn -0.5667 -0.2551 -0.7835
vn -0.5958 -0.2870 -0.7501
vn -0.5926 -0.2674 -0.7598
vn -0.6023 -0.3244 -0.7294
vn -0.6479 -0.2679 -0.7130
vn -0.6474 -0.3341 -0.6850
vn -0.6547 -0.3118 -0.6886
vn -0.7176 -0.4136 -0.5604
vn -0.7041 -0.4234 -0.5700
vn -0.7136 -0.4218 -0.5594
vn -0.7223 -0.4098 -0.5571
vn -0.7261 -0.4064 -0.5547
vn -0.7524 -0.3777 -0.5397
vn -0.7351 -0.3917 -0.5534
vn -0.7117 -0.3811 -0.5901
vn -0.7113 -0.3826 -0.5897
vn -0.7124 -0.3471 -0.6099
vn -0.6670 -0.3903 -0.6347
vn -0.7096 -0.3064 -0.6345
vn -0.6675 -0.3567 -0.6536
vn -0.6648 -0.3332 -0.6686
vn -0.6886 -0.4448 -0.5726
vn -0.6509 -0.4661 -0.5991
vn -0.6524 -0.4674 -0.5965
vn -0.5958 -0.5119 -0.6188
vn -0.6091 -0.5010 -0.6149
vn -0.6033 -0.4997 -0.6216
vn -0.6414 -0.4799 -0.5986
vn -0.6489 -0.4717 -0.5970
vn -0.0561 0.1009 0.9933
vn -0.0790 0.0946 0.9924
vn -0.0561 0.0952 0.9939
vn -0.0626 0.0951 0.9935
vn -0.0545 0.0953 0.9940
vn -0.0403 0.0963 0.9945
vn -0.0351 0.0976 0.9946
vn -0.0670 0.0980 0.9929
vn -0.1467 0.0834 0.9857
vn -0.0848 0.1058 0.9908
vn -0.2355 0.0863 0.9680
vn -0.1350 0.0951 0.9863
vn -0.1071 0.1002 0.9892
vn -0.4675 0.0827 0.8801
vn -0.2895 0.0988 0.9521
vn -0.2429 0.1049 0.9644
vn -0.3471 0.0829 0.9341
vn -0.2032 0.0964 0.9744
vn -0.1661 0.1024 0.9808
vn -0.6688 0.1006 0.7366
vn -0.4934 0.1090 0.8630
vn -0.4366 0.1125 0.8926
vn -0.5825 0.0868 0.8082
vn -0.3887 0.1026 0.9156
vn -0.3370 0.1078 0.9353
vn -0.5390 0.1186 0.8339
vn -0.5063 0.1220 0.8537
vn -0.4944 0.1235 0.8604
vn -0.7386 0.1146 0.6644
vn -0.8105 0.1014 0.5769
vn -0.5903 0.1496 0.7932
vn -0.7340 0.1438 0.6638
vn -0.7135 0.1754 0.6784
vn -0.7131 0.1749 0.6789
vn -0.7025 0.1679 0.6916
vn -0.6553 0.1623 0.7377
vn -0.7456 0.2160 0.6304
vn -0.7309 0.2033 0.6515
vn -0.7285 0.2029 0.6543
vn -0.7243 0.1836 0.6645
vn -0.7141 0.1759 0.6776
vn -0.7371 0.2420 0.6310
vn -0.7786 0.2951 0.5538
vn -0.7180 0.2691 0.6420
vn -0.6982 0.3076 0.6465
vn -0.7216 0.3292 0.6091
vn -0.7243 0.2866 0.6271
vn -0.7245 0.2792 0.6302
vn -0.6199 0.3926 0.6794
vn -0.6834 0.3392 0.6464
vn -0.6989 0.3170 0.6411
vn -0.6206 0.3813 0.6851
vn -0.6218 0.3794 0.6852
vn -0.6222 0.3779 0.6856
vn -0.5385 0.4420 0.7174
vn -0.4560 0.5190 0.7230
vn -0.3938 0.5464 0.7392
vn -0.4631 0.4983 0.7329
vn -0.4958 0.4668 0.7323
vn -0.2973 0.6014 0.7416
vn -0.3410 0.5738 0.7446
vn -0.3245 0.5858 0.7427
vn -0.3725 0.5520 0.7460
vn -0.3591 0.5693 0.7396
vn -0.4153 0.5277 0.7410
vn -0.4228 0.5214 0.7412
vn -0.2473 0.6234 0.7418
vn -0.2695 0.6134 0.7423
vn -0.3026 0.5943 0.7451
vn -0.1261 0.6567 0.7435
vn -0.1690 0.6492 0.7416
vn -0.1681 0.6497 0.7413
vn -0.2023 0.6405 0.7409
vn -0.2076 0.6380 0.7415
vn -0.2231 0.6336 0.7408
vn -0.2466 0.6238 0.7417
vn -0.0259 0.0968 0.9950
vn -0.0095 0.0973 0.9952
vn -0.0085 0.0977 0.9952
vn -0.7360 0.2408 0.6327
vn -0.7414 0.2439 0.6252
vn -0.8324 0.2211 0.5081
vn -0.7285 0.2028 0.6543
vn -0.8515 0.1583 0.4998
vn -0.8049 0.1623 0.5708
vn -0.5633 0.4155 0.7142
vn -0.5586 0.4613 0.6893
vn -0.5679 0.4655 0.6788
vn -0.6138 0.3958 0.6831
vn -0.7015 0.3787 0.6037
vn -0.7014 0.3677 0.6106
vn -0.0891 -0.9688 -0.2312
vn -0.0829 -0.9707 -0.2255
vn -0.0907 -0.9712 -0.2203
vn -0.0921 -0.9713 -0.2193
vn -0.0052 -0.9699 -0.2433
vn -0.0149 -0.9743 -0.2249
vn -0.0216 -0.9720 -0.2340
vn -0.0408 -0.9723 -0.2301
vn -0.0449 -0.9714 -0.2332
vn -0.0641 -0.9742 -0.2164
vn -0.0844 -0.9702 -0.2270
vn -0.4558 -0.8385 -0.2986
vn -0.5167 -0.7905 -0.3287
vn -0.4908 -0.8056 -0.3318
vn -0.5593 -0.7513 -0.3503
vn -0.5988 -0.6786 -0.4254
vn -0.5259 -0.7682 -0.3650
vn -0.5587 -0.7333 -0.3876
vn -0.5668 -0.7184 -0.4032
vn -0.5615 -0.7244 -0.4000
vn -0.5625 -0.7233 -0.4006
vn -0.5540 -0.6999 -0.4508
vn -0.6064 -0.6482 -0.4605
vn -0.5879 -0.6272 -0.5109
vn -0.6109 -0.6035 -0.5124
vn -0.5906 -0.5884 -0.5522
vn -0.6021 -0.5761 -0.5528
vn -0.5622 -0.5722 -0.5971
vn -0.5879 -0.5586 -0.5851
vn -0.5952 -0.5673 -0.5692
vn -0.5949 -0.5669 -0.5698
vn -0.5961 -0.5105 -0.6197
vn -0.5941 -0.5143 -0.6184
vn -0.5948 -0.5147 -0.6175
vn -0.5884 -0.5580 -0.5852
vn -0.5951 -0.5414 -0.5939
vn -0.5797 -0.5343 -0.6152
vn -0.5958 -0.5260 -0.6070
vn -0.5927 -0.5189 -0.6159
vn -0.4876 -0.8246 -0.2867
vn -0.4615 -0.8403 -0.2846
vn -0.4030 -0.8717 -0.2789
vn -0.4306 -0.8615 -0.2691
vn -0.3609 -0.8996 -0.2457
vn -0.3316 -0.9080 -0.2560
vn -0.2243 -0.9473 -0.2286
vn -0.2601 -0.9413 -0.2153
vn -0.3077 -0.9243 -0.2259
vn -0.1051 -0.9717 -0.2116
vn -0.1358 -0.9673 -0.2143
vn -0.1403 -0.9654 -0.2198
vn -0.1721 -0.9632 -0.2065
vn -0.2116 -0.9541 -0.2121
vn -0.0023 0.9659 0.2588
vn -0.0037 0.9512 0.3086
vn -0.0000 0.9898 0.1426
vn -0.0006 0.7791 0.6270
vn -0.0001 0.8406 0.5417
vn 0.0003 0.8976 0.4409
vn -0.0000 0.3292 0.9443
vn -0.0000 0.6131 0.7900
vn 0.0001 0.6087 0.7934
vn -0.0001 0.7934 0.6088
vn -0.0000 0.2588 0.9659
vn -0.0097 0.0255 0.9996
vn -0.0070 0.0998 0.9950
vn -0.0000 -0.1917 0.9815
vn 0.0001 -0.5555 0.8315
vn -0.0001 -0.8295 0.5585
vn -0.0000 -0.8315 0.5556
vn -0.0000 -0.9806 0.1962
vn -0.0000 -0.9808 0.1951
vn -0.0000 -0.1951 0.9808
vn 0.0001 -0.1933 0.9811
vn -0.0001 -0.5507 0.8347
vn -0.9848 -0.0000 -0.1737
vn -0.7933 -0.0004 -0.6088
vn -0.6088 0.0006 -0.7933
vn -0.5683 0.0019 -0.8229
vn -0.4246 -0.0001 -0.9054
vn -0.1879 0.0004 -0.9822
vn -0.1758 -0.0000 -0.9844
vn -0.9659 -0.0000 -0.2588
vn -0.9823 -0.0038 -0.1872
vn -0.8552 0.0017 -0.5183
vn -0.9978 -0.0658 -0.0000
vn -0.9659 -0.2588 -0.0032
vn -0.9707 -0.2401 -0.0042
vn -0.7933 -0.6088 0.0046
vn -0.8854 -0.4648 -0.0047
vn -0.6087 -0.7934 0.0047
vn -0.6742 -0.7385 -0.0000
vn -0.2588 -0.9659 -0.0000
vn -0.2583 -0.9661 -0.0000
vn -0.0140 0.9699 0.2432
vn -0.0158 0.9714 0.2370
vn -0.0411 0.9726 0.2288
vn -0.0465 0.9735 0.2239
vn -0.1256 0.9726 0.1955
vn -0.1153 0.9712 0.2086
vn -0.0822 0.9724 0.2184
vn -0.0730 0.9740 0.2143
vn -0.0606 0.9725 0.2249
vn -0.0487 0.9733 0.2244
vn -0.2009 0.9509 0.2355
vn -0.2390 0.9533 0.1849
vn -0.1597 0.9640 0.2125
vn -0.2705 0.9377 0.2180
vn -0.3255 0.9173 0.2292
vn -0.3402 0.9045 0.2574
vn -0.4092 0.8779 0.2486
vn -0.4471 0.8402 0.3069
vn -0.4497 0.8357 0.3151
vn -0.5239 0.7931 0.3107
vn -0.5327 0.7530 0.3862
vn -0.5448 0.7441 0.3866
vn -0.6070 0.6772 0.4160
vn -0.5380 0.7088 0.4561
vn -0.6247 0.6338 0.4560
vn -0.5826 0.6618 0.4718
vn -0.6125 0.6078 0.5053
vn -0.5726 0.6337 0.5202
vn -0.6232 0.5845 0.5196
vn -0.6109 0.5942 0.5231
vn -0.5905 0.5675 0.5738
vn -0.6235 0.5386 0.5667
vn -0.5948 0.5168 0.6157
vn -0.6181 0.5241 0.5860
vn -0.5890 0.5242 0.6151
vn -0.5961 0.5549 0.5803
vn -0.8959 0.1656 -0.4123
vn -0.6960 0.1536 -0.7014
vn -0.7354 0.2425 -0.6327
vn -0.7035 0.2389 -0.6694
vn -0.7030 0.2374 -0.6704
vn -0.7186 0.2801 -0.6365
vn -0.7064 0.3109 -0.6359
vn -0.7272 0.2612 -0.6348
vn -0.6756 0.1767 -0.7158
vn -0.5859 0.4201 -0.6930
vn -0.5824 0.0417 -0.8119
vn -0.3570 0.3193 -0.8778
vn -0.3518 0.3123 -0.8824
vn -0.3752 0.4599 -0.8048
vn -0.3279 0.3085 -0.8929
vn -0.3407 0.3272 -0.8814
vn -0.3399 0.3264 -0.8820
vn -0.3383 0.3260 -0.8828
vn -0.4339 0.3516 -0.8295
vn -0.4101 0.3026 -0.8604
vn -0.4435 0.2353 -0.8648
vn -0.4407 0.2330 -0.8669
vn -0.4543 0.2760 -0.8470
vn -0.3807 0.2648 -0.8860
vn -0.4785 0.2306 -0.8473
vn -0.4645 0.2269 -0.8560
vn -0.4724 0.2137 -0.8551
vn -0.4566 0.2296 -0.8595
vn -0.5947 0.2605 -0.7606
vn -0.6332 0.2457 -0.7340
vn -0.6124 0.2398 -0.7533
vn -0.5843 0.2625 -0.7680
vn -0.5572 0.2668 -0.7864
vn -0.5322 0.2618 -0.8052
vn -0.5014 0.2734 -0.8209
vn -0.4569 0.2763 -0.8455
vn -0.4627 0.2389 -0.8537
vn -0.4611 0.2369 -0.8551
vn -0.6399 0.2086 -0.7396
vn -0.5998 0.1851 -0.7784
vn -0.6132 0.1799 -0.7691
vn -0.6459 0.1451 -0.7495
vn -0.8339 0.1417 -0.5335
vn -0.8442 0.1295 -0.5202
vn -0.8006 0.1450 -0.5814
vn -0.7702 0.1431 -0.6215
vn -0.7697 0.1436 -0.6221
vn -0.7165 0.1616 -0.6786
vn -0.9858 0.1147 -0.1229
vn -0.9927 0.1115 -0.0450
vn -0.9927 0.1155 -0.0354
vn -0.9871 0.1476 -0.0616
vn -0.9867 0.1469 -0.0696
vn -0.9868 0.1482 -0.0660
vn -0.9862 0.1563 -0.0548
vn -0.9843 0.1710 -0.0449
vn -0.9866 0.1590 -0.0357
vn -0.9888 0.1483 -0.0190
vn -0.9884 0.1492 -0.0285
vn -0.9846 0.1516 0.0876
vn -0.9854 0.1611 -0.0548
vn -0.9907 0.0513 -0.1260
vn -0.9818 0.1110 -0.1544
vn -0.9877 0.1069 -0.1143
vn -0.9801 0.1574 -0.1210
vn -0.9505 -0.0195 -0.3102
vn -0.9878 0.0197 -0.1543
vn -0.9824 0.0575 -0.1776
vn -0.9894 0.0059 -0.1450
vn -0.9883 0.0026 -0.1522
vn -0.9823 -0.0272 -0.1851
vn -0.9814 -0.0902 -0.1695
vn -0.9822 -0.0409 -0.1831
vn -0.9818 -0.0250 -0.1882
vn -0.9813 -0.0155 -0.1917
vn -0.9807 -0.0076 -0.1953
vn -0.9800 -0.0000 -0.1990
vn -0.9791 -0.0178 -0.2027
vn -0.9828 -0.0022 -0.1846
vn -0.9831 -0.0032 -0.1828
vn -0.9864 -0.0072 -0.1644
vn -0.9709 -0.0441 -0.2352
vn -0.9519 -0.0616 -0.3000
vn -0.9555 -0.0495 -0.2909
vn -0.8870 -0.1145 -0.4473
vn -0.7734 -0.1042 -0.6253
vn -0.7761 -0.1474 -0.6132
vn -0.6594 -0.0000 -0.7518
vn -0.4418 0.0553 -0.8954
vn -0.4203 0.0350 -0.9067
vn -0.3449 -0.0745 -0.9357
vn -0.5684 0.0556 -0.8209
vn -0.5382 0.0428 -0.8417
vn -0.5227 0.0326 -0.8519
vn -0.5477 -0.1169 -0.8285
vn -0.6200 0.1022 -0.7779
vn -0.5746 0.0714 -0.8153
vn -0.4735 0.0737 -0.8777
vn -0.4526 0.0638 -0.8894
vn -0.3664 0.0089 -0.9304
vn -0.3848 0.1248 -0.9145
vn -0.2668 -0.0130 -0.9637
vn -0.0898 0.2150 -0.9725
vn -0.2967 0.0712 -0.9523
vn -0.2648 0.1794 -0.9475
vn -0.1877 0.0282 -0.9818
vn -0.1993 0.1232 -0.9722
vn -0.1670 0.2330 -0.9580
vn -0.1671 0.2350 -0.9575
vn -0.1161 0.1672 -0.9791
vn -0.1161 0.1691 -0.9787
vn -0.1039 0.2366 -0.9660
vn -0.0677 0.2159 -0.9741
vn -0.0569 0.2543 -0.9654
vn -0.0132 0.2506 -0.9680
vn -0.0782 0.2179 -0.9728
vn -0.0743 0.2293 -0.9705
vn -0.0664 0.2122 -0.9750
vn -0.0492 0.2516 -0.9666
vn -0.0490 0.2510 -0.9667
vn -0.0157 0.2116 -0.9772
vn -0.0188 0.2458 -0.9691
vn -0.5756 0.1781 -0.7981
vn -0.5803 0.1612 -0.7983
vn -0.5934 0.1314 -0.7941
vn -0.5606 0.1225 -0.8189
vn -0.5945 0.1292 -0.7936
vn -0.6313 0.0908 -0.7702
vn -0.6542 0.1038 -0.7492
vn -0.7413 0.0708 -0.6674
vn -0.7478 0.0582 -0.6614
vn -0.6974 0.1048 -0.7090
vn -0.8412 0.0669 -0.5366
vn -0.8301 0.0566 -0.5547
vn -0.8224 0.0485 -0.5668
vn -0.8122 0.0361 -0.5823
vn -0.8134 0.0382 -0.5804
vn -0.7980 0.0568 -0.6000
vn -0.7814 0.0714 -0.6199
vn -0.7439 0.2234 -0.6298
vn -0.7500 0.2123 -0.6265
vn -0.7734 0.1748 -0.6094
vn -0.7695 0.1673 -0.6164
vn -0.8206 0.1144 -0.5600
vn -0.7019 -0.0879 -0.7068
vn -0.7260 -0.1054 -0.6796
vn -0.7635 -0.1033 -0.6375
vn -0.7660 -0.1200 -0.6315
vn -0.8206 -0.1167 -0.5595
vn -0.6894 -0.0453 -0.7229
vn -0.7123 -0.0646 -0.6989
vn -0.7590 -0.0626 -0.6481
vn -0.7650 -0.0725 -0.6399
vn -0.8217 -0.0692 -0.5657
vn -0.8238 -0.0733 -0.5622
vn -0.3543 0.3178 -0.8795
vn -0.4576 0.3279 -0.8265
vn -0.4422 0.3223 -0.8370
vn -0.5335 0.3014 -0.7903
vn -0.5689 0.3028 -0.7646
vn -0.6328 0.2687 -0.7262
vn -0.6729 0.2687 -0.6892
vn -0.7304 0.2311 -0.6428
vn -0.7544 0.2302 -0.6148
vn -0.6408 0.2108 -0.7382
vn -0.6272 0.2422 -0.7403
vn -0.6779 0.2448 -0.6932
vn -0.7177 0.2210 -0.6604
vn -0.7560 0.2220 -0.6158
vn -0.7881 0.1994 -0.5823
vn -0.8242 0.1996 -0.5300
vn -0.3974 0.2701 -0.8770
vn -0.4283 0.3099 -0.8488
vn -0.5173 0.3178 -0.7946
vn -0.5717 0.2926 -0.7665
vn -0.6207 0.2947 -0.7266
vn -0.6738 0.2650 -0.6897
vn -0.7074 0.2652 -0.6551
vn -0.7534 0.2346 -0.6143
vn -0.7810 0.2340 -0.5791
vn -0.9817 0.0099 -0.1902
vn -0.9806 0.0520 -0.1888
vn -0.9832 0.0448 -0.1771
vn -0.9788 0.1080 -0.1743
vn -0.9818 0.1001 -0.1613
vn -0.9747 0.1580 -0.1583
vn -0.9783 0.1493 -0.1435
vn -0.9770 0.1582 -0.1430
vn -0.9795 0.1521 -0.1322
vn -0.9850 0.1090 -0.1337
vn -0.9680 0.1157 -0.2227
vn -0.9737 -0.0225 -0.2266
vn -0.9738 -0.0293 -0.2256
vn -0.9684 -0.0297 -0.2477
vn -0.9690 -0.0001 -0.2472
vn -0.9711 -0.0052 -0.2386
vn -0.9704 0.0457 -0.2372
vn -0.9706 0.0452 -0.2363
vn -0.9669 0.1019 -0.2340
vn -0.9666 0.1025 -0.2350
vn -0.9607 0.1513 -0.2325
vn -0.9608 0.1513 -0.2324
vn -0.9604 0.1538 -0.2323
vn -0.9596 0.1551 -0.2347
vn -0.9655 0.1093 -0.2364
vn -0.9389 0.1223 -0.3217
vn -0.9103 -0.0638 -0.4090
vn -0.9083 -0.0902 -0.4085
vn -0.9220 -0.0897 -0.3768
vn -0.9252 0.1154 -0.3614
vn -0.9293 0.0660 -0.3633
vn -0.9376 0.0534 -0.3437
vn -0.9386 -0.0068 -0.3450
vn -0.9393 -0.0080 -0.3429
vn -0.9373 -0.0612 -0.3431
vn -0.9317 -0.0522 -0.3594
vn -0.9302 -0.0765 -0.3591
vn -0.9491 -0.0688 -0.3074
vn -0.8597 -0.0238 -0.5103
vn -0.8935 0.1799 -0.4114
vn -0.8674 0.1815 -0.4634
vn -0.8709 0.1596 -0.4648
vn -0.8531 0.1610 -0.4963
vn -0.8592 0.1137 -0.4988
vn -0.8280 0.0568 -0.5579
vn -0.8581 0.0568 -0.5104
vn -0.8493 0.0358 -0.5267
vn -0.9134 0.0671 -0.4015
vn -0.9151 0.0210 -0.4026
vn -0.9250 -0.0072 -0.3798
vn -0.9185 -0.0253 -0.3945
vn -0.9162 -0.0719 -0.3941
vn -0.8858 -0.0749 -0.4580
vn -0.8824 -0.1128 -0.4568
vn -0.8519 -0.1342 -0.5062
vn -0.8420 -0.1482 -0.5187
vn -0.8143 -0.1579 -0.5586
vn -0.8020 -0.1833 -0.5685
vn -0.5394 0.1136 -0.8344
vn -0.4955 0.0381 -0.8678
vn -0.6361 0.0435 -0.7704
vn -0.6586 0.0160 -0.7523
vn -0.7447 0.0191 -0.6671
vn -0.7591 -0.0025 -0.6509
vn -0.8146 -0.0003 -0.5800
vn -0.8230 -0.0157 -0.5678
vn -0.8643 -0.0137 -0.5028
vn -0.8624 -0.0705 -0.5014
vn -0.7946 -0.1627 -0.5850
vn -0.8131 -0.1565 -0.5607
vn -0.8180 -0.1114 -0.5643
vn -0.8547 -0.1085 -0.5077
vn -0.8679 -0.0840 -0.4896
vn -0.8915 -0.0818 -0.4455
vn -0.8945 -0.0219 -0.4466
vn -0.8924 -0.0269 -0.4505
vn -0.8922 0.0358 -0.4503
vn -0.8865 0.0210 -0.4622
vn -0.8831 0.0875 -0.4609
vn -0.8984 0.0864 -0.4306
vn -0.8935 0.1345 -0.4285
vn -0.9122 0.1328 -0.3877
vn -0.9079 0.1636 -0.3860
vn -0.9339 0.1147 -0.3387
vn -0.9271 0.1647 -0.3367
vn -0.9335 0.1564 -0.3226
vn -0.9327 0.1617 -0.3223
vn -0.9388 0.1533 -0.3086
vn -0.9437 0.1135 -0.3107
vn -0.9494 0.1043 -0.2963
vn -0.9530 0.0523 -0.2983
vn -0.9563 0.0462 -0.2886
vn -0.9570 -0.0075 -0.2899
vn -0.9560 -0.0055 -0.2934
vn -0.9545 -0.0500 -0.2939
vn -0.9563 -0.0535 -0.2876
vn -0.9568 -0.0427 -0.2876
vn -0.9648 -0.0479 -0.2584
vn -0.8962 0.1305 -0.4239
vn -0.8901 0.1238 -0.4386
vn -0.8818 0.1799 -0.4360
vn -0.8472 0.1803 -0.4997
vn -0.8428 0.2047 -0.4979
vn -0.8167 0.2058 -0.5392
vn -0.8191 0.1927 -0.5402
vn -0.8005 0.1939 -0.5671
vn -0.8122 0.1161 -0.5717
vn -0.8591 0.1684 -0.4833
vn -0.8428 0.1201 -0.5247
vn -0.8061 0.1218 -0.5790
vn -0.8171 0.0886 -0.5696
vn 0.0064 0.1841 0.9829
vn 0.0042 0.1844 0.9828
vn 0.0188 0.1951 0.9806
vn 0.0084 0.1869 0.9823
vn 0.0075 0.1852 0.9827
vn 0.0054 0.1846 0.9828
vn 0.0011 0.1836 0.9830
vn 0.0013 0.1834 0.9830
vn 0.0048 0.1826 0.9832
vn 0.0022 0.1837 0.9830
vn 0.0030 0.1837 0.9830
vn 0.2027 0.3325 0.9211
vn 0.1229 0.6319 0.7652
vn 0.0681 0.2122 0.9748
vn 0.1029 0.3417 0.9342
vn 0.0911 0.2613 0.9610
vn 0.1326 0.6046 0.7854
vn 0.1467 0.8125 0.5642
vn 0.1433 0.8479 0.5105
vn 0.1581 0.9259 0.3431
vn 0.1592 0.9309 0.3287
vn 0.1626 0.9708 0.1762
vn 0.1666 0.9855 -0.0318
vn 0.1655 0.9842 -0.0627
vn 0.1590 0.9569 -0.2429
vn 0.1519 0.9078 -0.3909
vn 0.1439 0.8732 -0.4657
vn 0.1163 0.7075 -0.6971
vn 0.1006 0.6344 -0.7665
vn 0.0666 0.4112 -0.9091
vn 0.0145 0.1377 -0.9904
vn 0.0344 0.2325 -0.9720
vn 0.6890 0.7203 -0.0809
vn 0.6055 0.6659 -0.4358
vn 0.6163 0.6669 -0.4188
vn 0.4690 0.5336 -0.7038
vn 0.4686 0.5334 -0.7042
vn 0.3054 0.3835 -0.8716
vn 0.2536 0.3453 -0.9036
vn 0.1320 0.2147 -0.9677
vn 0.0665 0.1615 -0.9846
vn 0.6076 0.7929 -0.0468
vn 0.5940 0.7444 0.3051
vn 0.5944 0.8029 0.0453
vn 0.5239 0.6598 0.5388
vn 0.5632 0.7461 0.3552
vn 0.2554 0.2997 0.9192
vn 0.2549 0.2991 0.9195
vn 0.4204 0.5276 0.7382
vn 0.4212 0.5283 0.7372
vn 0.5256 0.6800 0.5113
vn 0.0671 0.1610 -0.9847
vn 0.0572 0.1475 -0.9874
vn 0.2329 0.3649 -0.9014
vn 0.2293 0.3596 -0.9045
vn 0.4167 0.5815 -0.6987
vn 0.4189 0.5846 -0.6948
vn 0.5493 0.7271 -0.4118
vn 0.5533 0.7328 -0.3960
vn 0.5974 0.7733 -0.2125
vn 0.6056 0.7870 -0.1178
vn 0.1449 0.3275 0.9337
vn 0.2736 0.5355 0.7990
vn 0.2945 0.5829 0.7573
vn 0.3036 0.5988 0.7412
vn 0.3660 0.7432 0.5601
vn 0.3709 0.7530 0.5436
vn 0.4107 0.8513 0.3264
vn 0.4135 0.8554 0.3118
vn 0.4266 0.9039 -0.0303
vn 0.4269 0.9034 -0.0396
vn 0.3862 0.8377 -0.3861
vn 0.3858 0.8365 -0.3891
vn 0.2942 0.6597 -0.6916
vn 0.2949 0.6615 -0.6896
vn 0.1623 0.3921 -0.9055
vn 0.1651 0.3995 -0.9017
vn 0.0416 0.1415 -0.9891
vn 0.0468 0.1539 -0.9870
vn 0.0272 0.1465 -0.9888
vn 0.0261 0.1406 -0.9897
vn 0.0987 0.4140 -0.9049
vn 0.0981 0.4096 -0.9070
vn 0.1771 0.7009 -0.6910
vn 0.1769 0.6986 -0.6933
vn 0.2317 0.8934 -0.3849
vn 0.2317 0.8929 -0.3861
vn 0.2552 0.9665 -0.0276
vn 0.2552 0.9665 -0.0270
vn 0.2449 0.9115 0.3303
vn 0.2444 0.9108 0.3329
vn 0.2171 0.7966 0.5642
vn 0.2164 0.7943 0.5677
vn 0.1742 0.6252 0.7608
vn 0.1725 0.6213 0.7643
vn 0.1096 0.3740 0.9209
vn 0.0871 0.3694 0.9252
vn 0.0205 0.1417 -0.9897
vn 0.0198 0.1367 -0.9904
vn 0.0746 0.4145 -0.9070
vn 0.0743 0.4098 -0.9092
vn 0.1339 0.7080 -0.6934
vn 0.1338 0.7043 -0.6972
vn 0.1750 0.9057 -0.3862
vn 0.1753 0.9035 -0.3911
vn 0.1925 0.9809 -0.0265
vn 0.1931 0.9807 -0.0320
vn 0.1840 0.9245 0.3338
vn 0.1850 0.9262 0.3286
vn 0.1626 0.8063 0.5687
vn 0.1635 0.8093 0.5641
vn 0.1406 0.6892 0.7108
vn 0.1360 0.6900 0.7109
vn -0.0000 0.1162 -0.9932
vn 0.0004 0.1016 -0.9948
vn 0.0014 0.1091 -0.9940
vn 0.0029 0.0442 -0.9990
vn 0.0019 0.0468 -0.9989
vn 0.0015 0.0486 -0.9988
vn 0.0004 0.0556 -0.9985
vn -0.0003 0.0764 -0.9971
vn -0.0003 0.0759 -0.9971
vn 0.0003 0.0979 -0.9952
vn -0.0000 0.9659 0.2588
vn -0.0000 0.7071 0.7071
vn -0.0000 -0.2588 0.9659
vn -0.0000 -0.7071 0.7071
vn -0.0000 -0.9659 0.2588
vn -0.0002 -1.0000 -0.0000
vn -0.0008 -1.0000 0.0002
vn 0.0001 -1.0000 -0.0000
vn 0.0003 -1.0000 -0.0000
vn -0.1567 0.9644 0.2128
vn -0.2303 0.9644 0.1297
vn -0.2031 0.2534 0.9458
vn -0.1680 0.6001 0.7821
vn -0.2587 0.7067 0.6585
vn -0.4240 0.6991 0.5758
vn -0.6230 0.6991 0.3510
vn -0.6230 0.6991 0.3509
vn -0.1296 0.7867 0.6036
vn -0.0555 0.9644 0.2584
vn -0.2632 0.9644 0.0237
vn -0.6149 0.7867 0.0554
vn -0.6851 0.7067 0.1769
vn -0.7967 0.6001 0.0718
vn -0.8972 0.4343 0.0809
vn -0.5736 0.2534 0.7790
vn -0.5735 0.2534 0.7790
vn -0.8428 0.2534 0.4748
vn -0.9546 0.2563 0.1515
vn -0.9776 0.1909 0.0882
vn -0.0847 0.9947 0.0587
vn -0.3110 0.9504 0.0009
vn -0.4429 0.8966 -0.0030
vn -0.4466 0.8860 0.1246
vn -0.9960 -0.0000 0.0898
vn -0.8713 -0.0000 0.4908
vn -0.5929 -0.0000 0.8053
vn -0.2100 -0.0000 0.9777
vn 0.9659 -0.2588 -0.0000
vn 0.7071 -0.7071 -0.0000
vn 0.2588 -0.9659 -0.0000
vn -0.7071 -0.7071 -0.0000
vn -0.9659 -0.2588 -0.0000
vn -0.9659 0.2588 -0.0000
vn -0.7071 0.7071 -0.0000
vn -0.2588 0.9659 -0.0000
vn 0.2588 0.9659 -0.0000
vn 0.7071 0.7071 -0.0000
vn 0.9659 0.2588 -0.0000
vn -0.0000 0.0001 -1.0000
vn -0.2542 -0.9486 -0.1887
vn -0.7876 -0.6044 -0.1202
vn -0.9646 -0.1464 -0.2191
vn -0.9646 -0.0514 -0.2585
vn -0.9646 -0.2585 -0.0514
vn -0.7002 -0.5936 -0.3966
vn -0.7002 -0.3966 -0.5936
vn -0.7002 -0.3967 -0.5936
vn -0.7002 -0.1393 -0.7002
vn -0.6013 -0.7837 -0.1559
vn -0.7070 -0.6589 -0.2570
vn -0.7002 -0.5936 -0.3967
vn -0.9646 -0.2191 -0.1464
vn -0.7545 -0.3090 -0.5790
vn -0.6013 -0.1559 -0.7837
vn -0.4179 -0.1772 -0.8910
vn -0.2542 -0.8042 -0.5373
vn -0.2542 -0.5373 -0.8042
vn -0.2573 -0.2674 -0.9286
vn -0.1725 -0.1922 -0.9661
vn -0.5987 0.4971 0.6280
vn -0.6428 0.4926 0.5867
vn -0.6564 0.4612 0.5970
vn -0.6644 0.4626 0.5870
vn -0.7220 0.4087 0.5583
vn -0.7132 0.4162 0.5641
vn -0.7210 0.4170 0.5533
vn -0.7017 0.4353 0.5640
vn -0.7323 0.3966 0.5536
vn -0.7226 0.3910 0.5701
vn -0.7093 0.3850 0.5905
vn -0.7110 0.3828 0.5899
vn -0.7031 0.3606 0.6129
vn -0.7028 0.3496 0.6196
vn -0.6928 0.3758 0.6155
vn -0.7114 0.3174 0.6270
vn -0.6805 0.3557 0.6406
vn -0.6543 0.3057 0.6916
vn -0.6413 0.3321 0.6917
vn -0.6311 0.2812 0.7230
vn -0.6237 0.3083 0.7183
vn -0.5881 0.2540 0.7679
vn -0.5543 0.3118 0.7717
vn -0.5575 0.2652 0.7867
vn -0.5022 0.2292 0.8338
vn -0.4884 0.2683 0.8303
vn -0.4767 0.2279 0.8490
vn -0.4338 0.2178 0.8743
vn -0.4260 0.2006 0.8822
vn -0.4017 0.2058 0.8924
vn -0.3654 0.2032 0.9084
vn -0.3261 0.2120 0.9212
vn -0.0000 0.0620 -0.9981
vn -0.0020 0.1769 -0.9842
vn 0.0028 0.3200 -0.9474
vn -0.0032 0.5420 -0.8404
vn 0.0001 0.6144 -0.7890
vn -0.0002 0.8454 -0.5341
vn -0.0064 0.7874 -0.6164
vn 0.0081 0.9850 -0.1722
vn -0.0000 0.9627 -0.2705
vn -0.9405 -0.1061 -0.3228
vn -0.5802 -0.8143 -0.0154
vn -0.5828 -0.8125 -0.0111
vn -0.5462 -0.8377 -0.0055
vn -0.5839 -0.8115 -0.0215
vn -0.6164 -0.7874 0.0063
vn -0.6173 -0.7826 -0.0805
vn -0.7300 -0.6789 -0.0788
vn -0.6627 -0.7341 -0.1478
vn -0.7645 -0.6217 -0.1704
vn -0.7339 -0.6531 -0.1867
vn -0.7776 -0.5655 -0.2750
vn -0.7667 -0.5782 -0.2790
vn -0.7950 -0.4860 -0.3630
vn -0.8458 -0.4072 -0.3448
vn -0.7623 -0.5144 -0.3928
vn -0.8073 -0.3978 -0.4359
vn -0.7731 -0.4511 -0.4460
vn -0.7497 -0.3906 -0.5341
vn -0.7215 -0.3494 -0.5979
vn -0.7629 -0.3595 -0.5374
vn -0.7761 -0.3414 -0.5301
vn -0.7653 -0.3582 -0.5348
vn -0.8384 -0.1733 -0.5167
vn -0.8852 -0.1301 -0.4466
vn -0.8836 -0.1325 -0.4491
vn -0.8730 -0.1933 -0.4478
vn -0.9454 -0.0911 -0.3129
vn -0.9487 -0.0738 -0.3075
vn -0.9491 -0.0681 -0.3075
vn -0.9492 -0.0668 -0.3075
vn -0.9540 -0.1272 -0.2713
vn -0.9705 -0.1551 -0.1844
vn -0.9704 -0.1273 -0.2051
vn -0.9665 -0.1150 -0.2296
vn -0.6112 -0.7913 -0.0153
vn -0.5860 -0.8088 -0.0497
vn -0.6942 -0.7180 -0.0494
vn -0.6538 -0.7502 -0.0984
vn -0.7659 -0.6353 -0.0992
vn -0.7133 -0.6832 -0.1563
vn -0.8200 -0.5501 -0.1581
vn -0.7617 -0.6110 -0.2156
vn -0.8557 -0.4692 -0.2181
vn -0.7237 -0.3242 -0.6092
vn -0.7302 -0.3245 -0.6013
vn -0.8115 -0.2761 -0.5150
vn -0.7853 -0.3476 -0.5123
vn -0.8231 -0.3508 -0.4465
vn -0.7755 -0.4489 -0.4439
vn -0.9576 -0.0931 -0.2728
vn -0.9532 -0.0612 -0.2960
vn -0.9427 -0.0829 -0.3231
vn -0.9221 -0.0875 -0.3768
vn -0.8980 -0.1343 -0.4190
vn -0.9206 -0.1046 -0.3763
vn -0.9106 -0.1724 -0.3756
vn -0.9167 -0.1625 -0.3650
vn -0.8971 -0.2507 -0.3639
vn -0.8444 -0.4591 -0.2761
vn -0.8946 -0.3495 -0.2783
vn -0.8780 -0.3413 -0.3355
vn -0.9130 -0.2294 -0.3372
vn -0.8550 -0.2657 -0.4454
vn -0.8735 -0.1925 -0.4471
vn -0.8224 -0.2282 -0.5212
vn -0.8325 -0.1817 -0.5234
vn -0.7919 -0.2214 -0.5691
vn -0.7957 -0.2201 -0.5643
vn -0.7990 -0.5371 -0.2702
vn -0.8470 -0.4563 -0.2727
vn -0.8318 -0.4243 -0.3579
vn -0.8661 -0.3480 -0.3590
vn -0.8396 -0.3419 -0.4222
vn -0.8716 -0.2459 -0.4241
vn -0.7974 -0.2914 -0.5285
vn -0.8123 -0.2411 -0.5310
vn -0.7463 -0.2846 -0.6017
vn -0.7503 -0.2873 -0.5954
vn -0.9575 -0.2402 -0.1596
vn -0.9762 -0.1447 -0.1618
vn -0.9704 -0.1564 -0.1839
vn -0.9658 -0.1808 -0.1856
vn -0.9747 -0.1538 -0.1621
vn -0.9617 -0.2217 -0.1612
vn -0.9538 -0.2504 -0.1659
vn -0.8761 -0.4718 -0.0990
vn -0.8786 -0.4676 -0.0970
vn -0.6165 -0.7872 -0.0149
vn -0.6576 -0.7529 -0.0255
vn -0.6541 -0.7562 -0.0174
vn -0.6957 -0.7176 -0.0316
vn -0.7206 -0.6920 -0.0445
vn -0.7296 -0.6830 -0.0352
vn -0.7825 -0.6199 -0.0589
vn -0.7796 -0.6232 -0.0618
vn -0.8375 -0.5427 -0.0634
vn -0.8056 -0.5834 -0.1032
vn -0.8421 -0.5345 -0.0716
vn -0.8953 -0.4340 -0.1001
vn -0.9036 -0.4147 -0.1074
vn -0.9235 -0.3607 -0.1305
vn -0.9225 -0.3625 -0.1322
vn -0.9461 -0.2950 -0.1341
vn -0.9572 -0.1151 -0.2656
vn -0.9525 -0.1185 -0.2804
vn -0.9454 -0.1670 -0.2798
vn -0.9555 -0.1401 -0.2596
vn -0.9332 -0.2498 -0.2584
vn -0.9491 -0.2163 -0.2289
vn -0.9019 -0.3682 -0.2259
vn -0.9274 -0.3273 -0.1814
vn -0.8627 -0.4732 -0.1782
vn -0.8873 -0.4357 -0.1511
vn -0.8230 -0.5483 -0.1482
vn -0.8499 -0.5135 -0.1182
vn -0.7736 -0.6230 -0.1159
vn -0.8007 -0.5931 -0.0843
vn -0.7154 -0.6938 -0.0831
vn -0.7398 -0.6708 -0.0524
vn -0.6502 -0.7579 -0.0525
vn -0.6693 -0.7425 -0.0262
vn -0.5814 -0.8132 -0.0272
vn -0.5933 -0.8049 -0.0088
vn -0.5100 0.2203 0.8315
vn -0.8048 0.1623 0.5709
vn -0.8781 0.1471 0.4553
vn -0.9494 0.1289 0.2864
vn -0.9829 0.1148 0.1436
vn -0.9986 -0.0309 0.0422
vn -0.7999 0.5391 0.2638
vn -0.5836 0.4246 0.6922
vn -0.6084 0.3883 0.6922
vn -0.6122 0.3739 0.6967
vn -0.6236 0.3570 0.6955
vn -0.6200 0.3530 0.7007
vn -0.6177 0.3591 0.6996
vn -0.6034 0.3884 0.6964
vn -0.6160 0.3624 0.6995
vn -0.6208 0.3512 0.7009
vn -0.6193 0.3492 0.7032
vn -0.6104 0.3804 0.6947
vn -0.6099 0.3824 0.6942
vn -0.5377 0.5695 0.6218
vn -0.5761 0.4903 0.6540
vn -0.5749 0.4485 0.6844
vn -0.5703 0.3950 0.7202
vn -0.5326 0.4495 0.7171
vn -0.5536 0.4120 0.7237
vn -0.5272 0.6125 0.5889
vn -0.6441 0.6126 0.4581
vn -0.5959 0.6698 0.4430
vn -0.6688 0.6307 0.3936
vn -0.6750 0.6338 0.3777
vn -0.7031 0.6336 0.3226
vn -0.7467 0.5604 0.3583
vn -0.7251 0.5999 0.3381
vn -0.7195 0.6099 0.3322
vn -0.7112 0.6245 0.3228
vn -0.7299 0.5765 0.3674
vn -0.6582 0.6486 0.3822
vn -0.6471 0.6615 0.3790
vn -0.8126 0.5185 0.2661
vn -0.7539 0.5738 0.3200
vn -0.7148 0.6190 0.3255
vn -0.8253 0.5019 0.2588
vn -0.8704 0.4445 0.2118
vn -0.8635 0.4603 0.2061
vn -0.9121 0.3619 0.1925
vn -0.9051 0.3971 0.1523
vn -0.9511 0.2712 0.1480
vn -0.9479 0.3009 0.1048
vn -0.9987 -0.0361 0.0369
vn -0.9988 -0.0406 0.0257
vn -0.9997 -0.0237 0.0053
vn -0.9998 0.0170 -0.0080
vn -0.9997 -0.0242 0.0080
vn -0.9963 -0.0439 -0.0737
vn -0.9973 -0.0290 -0.0669
vn -0.9960 -0.0518 -0.0725
vn -0.9880 0.0245 -0.1526
vn -0.9884 0.0222 -0.1505
vn -0.9900 0.0124 -0.1403
vn -0.9921 0.0032 -0.1254
vn -0.9933 0.0010 -0.1160
vn -0.9942 -0.0004 -0.1079
vn -0.9943 0.0211 -0.1047
vn -0.9940 0.0181 -0.1083
vn -0.9936 0.0148 -0.1117
vn -0.9932 0.0102 -0.1158
vn -0.9919 -0.0049 -0.1266
vn -0.9934 -0.0079 -0.1143
vn -0.9923 -0.0057 -0.1241
vn -0.9933 -0.0071 -0.1152
vn -0.9911 0.0043 -0.1329
vn -0.9904 0.0060 -0.1380
vn -0.9944 0.1057 -0.0090
vn -0.9944 0.0630 -0.0843
vn -0.9959 0.0368 -0.0825
vn -0.9959 0.0369 -0.0822
vn -0.9946 0.0240 -0.1009
vn -0.9838 0.1786 0.0132
vn -0.9852 0.1696 0.0259
vn -0.9857 0.1652 0.0329
vn -0.9861 0.1618 0.0389
vn -0.9862 0.1603 0.0423
vn -0.9862 0.1604 0.0419
vn -0.9808 0.1063 0.1634
vn -0.9874 0.1100 0.1139
vn -0.9930 0.1054 0.0539
vn -0.9913 0.1157 0.0623
vn -0.9857 0.1666 0.0270
vn -0.9889 0.1484 -0.0015
vn -0.7670 0.0732 0.6375
vn -0.6084 0.3868 0.6930
vn -0.6084 0.3871 0.6928
vn -0.5917 0.3442 0.7290
vn -0.6552 0.3381 0.6756
vn -0.5842 0.2751 0.7635
vn -0.6835 0.2048 0.7006
vn -0.7765 0.2055 0.5957
vn -0.7515 0.2839 0.5955
vn -0.8096 0.2135 0.5468
vn -0.7592 0.3591 0.5428
vn -0.8239 0.2817 0.4918
vn -0.7346 0.3544 0.5786
vn -0.6425 0.4387 0.6283
vn -0.7158 0.2759 0.6414
vn -0.6320 0.3544 0.6892
vn -0.6871 0.2148 0.6941
vn -0.6118 0.2506 0.7503
vn -0.8553 0.3670 0.3657
vn -0.7875 0.4518 0.4192
vn -0.7788 0.4508 0.4361
vn -0.6848 0.5397 0.4896
vn -0.6808 0.5390 0.4959
vn -0.5623 0.6229 0.5438
vn -0.5610 0.6226 0.5456
vn -0.4990 0.6439 0.5800
vn -0.8476 0.4414 0.2945
vn -0.9035 0.3547 0.2404
vn -0.8848 0.4019 0.2359
vn -0.9300 0.3183 0.1837
vn -0.9194 0.3493 0.1811
vn -0.9531 0.2718 0.1329
vn -0.9483 0.2890 0.1316
vn -0.7691 0.5320 0.3543
vn -0.8468 0.4414 0.2969
vn -0.8213 0.4907 0.2909
vn -0.8853 0.4019 0.2339
vn -0.8712 0.4332 0.2308
vn -0.9203 0.3491 0.1766
vn -0.9145 0.3646 0.1754
vn -0.9490 0.2887 0.1264
vn -0.9487 0.2899 0.1263
vn -0.9924 0.1199 0.0276
vn -0.9967 0.0748 0.0307
vn -0.9961 0.0847 0.0226
vn -0.9974 0.0681 0.0237
vn -0.9968 0.0689 0.0405
vn -0.9988 0.0232 0.0427
vn -0.9983 0.0238 0.0541
vn -0.9986 0.0280 0.0440
vn -0.6725 0.6182 0.4069
vn -0.7707 0.5321 0.3505
vn -0.7407 0.5777 0.3430
vn -0.8236 0.4907 0.2844
vn -0.8076 0.5185 0.2810
vn -0.8734 0.4330 0.2228
vn -0.8678 0.4447 0.2218
vn -0.9162 0.3643 0.1672
vn -0.9175 0.3609 0.1674
vn -0.9497 0.2896 0.1194
vn -0.9554 0.2698 0.1204
vn -0.9861 0.1617 0.0377
vn -0.9859 0.1655 0.0244
vn -0.9858 0.1669 0.0186
vn -0.9803 0.1864 0.0656
vn -0.9806 0.1943 0.0238
vn -0.9869 0.1600 -0.0197
vn -0.9881 0.1540 0.0040
vn -0.9916 0.0870 -0.0959
vn -0.9949 0.0902 -0.0453
vn -0.9984 0.0393 -0.0417
vn -0.9948 0.0634 -0.0803
vn -0.9971 0.0009 -0.0757
vn -0.9958 0.0122 -0.0911
vn -0.9957 -0.0044 -0.0930
vn -0.9957 -0.0208 -0.0901
vn -0.9992 0.0322 -0.0254
vn -0.9926 0.1196 0.0196
vn -0.9948 0.1014 -0.0031
vn -0.9973 0.0734 -0.0010
vn -0.9992 0.0305 -0.0277
vn -0.9994 0.0321 0.0133
vn -0.9998 0.0093 0.0148
vn -0.9994 0.0101 0.0342
vn -0.9987 -0.0365 0.0367
vn -0.9983 -0.0565 -0.0111
vn -0.9148 0.1213 0.3852
vn -0.9388 -0.0776 0.3355
vn -0.9165 0.1707 0.3618
vn -0.9438 0.1204 0.3079
vn -0.9173 0.2478 0.3116
vn -0.9870 0.1503 0.0561
vn -0.9727 0.2264 0.0512
vn -0.9707 0.2023 0.1297
vn -0.9629 0.2373 0.1281
vn -0.9520 0.1975 0.2337
vn -0.9332 0.2743 0.2323
vn -0.9403 0.2957 0.1683
vn -0.9576 0.2311 0.1720
vn -0.9624 0.2588 0.0822
vn -0.9876 0.1280 0.0909
vn -0.9789 0.2016 0.0325
vn -0.9863 0.1613 0.0354
vn -0.9855 0.1621 0.0504
vn -0.9843 0.1691 0.0499
vn -0.9841 0.1693 0.0537
vn -0.9852 0.1625 0.0541
vn -0.9852 0.1625 0.0539
vn -0.9891 0.1362 0.0555
vn -0.9891 0.1362 0.0559
vn -0.9938 0.0952 0.0577
vn -0.9920 0.0964 0.0813
vn -0.9926 0.1097 0.0526
vn -0.8923 0.3313 0.3067
vn -0.8587 0.3673 0.3575
vn -0.8696 0.3384 0.3595
vn -0.8384 0.3346 0.4302
vn -0.7703 0.4166 0.4827
vn -0.7548 0.4141 0.5087
vn -0.6593 0.5015 0.5602
vn -0.6494 0.4995 0.5734
vn -0.5272 0.5836 0.6176
vn -0.4936 0.5743 0.6531
vn -0.5272 0.5628 0.6367
vn -0.8337 0.1694 0.5256
vn -0.8787 0.0746 0.4716
vn -0.8491 0.2220 0.4793
vn -0.8856 0.1634 0.4347
vn -0.8532 0.2868 0.4356
vn -0.8822 0.2422 0.4037
vn -0.8749 0.3747 0.3068
vn -0.9032 0.2954 0.3114
vn -0.9204 0.3312 0.2076
vn -0.9411 0.2634 0.2122
vn -0.9491 0.2947 0.1112
vn -0.9714 0.2060 0.1177
vn -0.9623 0.1330 0.2373
vn -0.9802 0.0977 0.1724
vn -0.9637 0.1997 0.1772
vn -0.9791 0.1640 0.1206
vn -0.9639 0.2372 0.1206
vn -0.9789 0.1950 0.0613
vn -0.9780 0.1997 0.0611
vn -0.9881 0.1539 0.0026
vn -0.9891 0.1474 0.0030
vn -0.9935 0.1122 -0.0185
vn -0.9935 0.1136 0.0065
vn -0.9976 0.0684 0.0098
vn -0.9942 0.0994 -0.0400
vn -0.9993 0.0151 -0.0337
vn -0.9978 0.0308 -0.0589
vn -0.9981 -0.0291 -0.0547
vn -0.9992 -0.0332 -0.0208
vn -0.9992 -0.0187 -0.0365
vn -0.9995 -0.0246 -0.0184
vn -0.9769 0.2026 0.0682
vn -0.9776 0.1794 0.1097
vn -0.9805 0.1780 0.0834
vn -0.9738 0.2120 0.0819
vn -0.9735 0.2122 0.0857
vn -0.9705 0.2255 0.0849
vn -0.9701 0.2257 0.0888
vn -0.9712 0.2208 0.0892
vn -0.9716 0.2206 0.0861
vn -0.9596 0.2692 0.0823
vn -0.9712 0.1856 0.1495
vn -0.9382 0.3165 0.1399
vn -0.9394 0.2973 0.1707
vn -0.9020 0.3548 0.2459
vn -0.8953 0.3724 0.2444
vn -0.8776 0.3726 0.3017
vn -0.8139 0.4592 0.3560
vn -0.8101 0.4590 0.3648
vn -0.7222 0.5491 0.4206
vn -0.7219 0.5491 0.4212
vn -0.6117 0.6337 0.4736
vn -0.5790 0.6259 0.5225
vn -0.5483 0.6619 0.5112
vn -0.0086 0.9807 0.1951
vn -0.0000 0.9902 0.1398
vn -0.0377 0.4052 0.9135
vn -0.0000 0.5898 0.8076
vn -0.0000 0.8315 0.5556
vn -0.0234 0.7679 0.6401
vn 0.0067 0.9019 0.4319
vn 0.0049 0.5556 0.8315
vn -0.0040 0.1951 0.9808
vn -0.0000 0.1759 0.9844
vn -0.0023 -0.6402 0.7682
vn 0.0016 -0.4586 0.8886
vn -0.0067 -0.2588 0.9659
vn -0.0073 -0.2663 0.9639
vn -0.0000 -0.0964 0.9953
vn -0.0000 -0.6088 0.7934
vn -0.0000 -0.7934 0.6088
vn 0.0012 -0.8057 0.5924
vn -0.0022 -0.9659 0.2588
vn -0.0000 -0.9710 0.2389
vn -0.6953 0.7186 -0.0096
vn -0.4879 0.6318 -0.6023
vn -0.4923 0.6783 -0.5455
vn -0.1361 0.9689 -0.2066
vn -0.2309 0.9152 -0.3303
vn -0.2414 0.9163 -0.3196
vn -0.0704 0.9911 -0.1129
vn -0.0762 0.9905 -0.1148
vn -0.0803 0.9910 -0.1076
vn -0.0825 0.9906 -0.1092
vn -0.0893 0.9906 -0.1036
vn -0.1155 0.9868 -0.1137
vn -0.1262 0.9916 -0.0300
vn -0.1605 0.9867 -0.0246
vn -0.0884 0.9935 0.0713
vn -0.2973 0.9546 -0.0204
vn -0.6951 0.7184 -0.0257
vn -0.6585 0.6983 -0.2806
vn -0.6986 0.6751 -0.2368
vn -0.6918 0.6851 -0.2281
vn -0.7081 0.6875 -0.1612
vn -0.7203 0.6719 -0.1723
vn -0.7100 0.6987 -0.0880
vn -0.7540 0.6466 -0.1157
vn -0.6297 0.6751 -0.3844
vn -0.5883 0.7070 -0.3925
vn -0.5848 0.6934 -0.4209
vn -0.5535 0.7056 -0.4426
vn -0.5537 0.7045 -0.4439
vn -0.5241 0.6916 -0.4969
vn -0.5225 0.6965 -0.4918
vn -0.6982 0.7155 -0.0232
vn -0.4263 0.9039 -0.0354
vn -0.4230 0.9038 -0.0647
vn -0.4227 0.9040 -0.0648
vn -0.4160 0.9040 -0.0990
vn -0.4152 0.9043 -0.0992
vn -0.4056 0.9043 -0.1330
vn -0.4044 0.9048 -0.1332
vn -0.3920 0.9048 -0.1662
vn -0.3904 0.9055 -0.1663
vn -0.3735 0.9054 -0.2017
vn -0.1520 0.9879 -0.0316
vn -0.1452 0.9885 -0.0416
vn -0.1437 0.9885 -0.0472
vn -0.1272 0.9908 -0.0463
vn -0.1386 0.9886 -0.0588
vn -0.1183 0.9910 -0.0626
vn -0.1212 0.9905 -0.0652
vn -0.1178 0.9893 -0.0855
vn -0.0960 0.9933 -0.0637
vn -0.1191 0.9876 -0.1019
vn -0.1079 0.9904 -0.0860
vn -0.0965 0.9904 -0.0991
vn -0.2914 0.9084 -0.2999
vn -0.2582 0.9089 -0.3275
vn -0.3956 0.7513 -0.5282
vn -0.4748 0.6876 -0.5493
vn -0.4725 0.7053 -0.5285
vn -0.2416 0.9322 -0.2695
vn -0.3048 0.9078 -0.2880
vn -0.3276 0.9078 -0.2619
vn -0.3293 0.9071 -0.2622
vn -0.3502 0.9071 -0.2336
vn -0.3520 0.9063 -0.2338
vn -0.3724 0.9063 -0.2001
vn -0.6209 0.7086 -0.3353
vn -0.6740 0.6680 -0.3156
vn -0.5077 0.2308 -0.8301
vn -0.4816 0.3835 -0.7880
vn -0.4621 0.4401 -0.7699
vn -0.3950 0.6648 -0.6340
vn -0.3708 0.7055 -0.6040
vn -0.2429 0.8862 -0.3946
vn -0.2874 0.8482 -0.4449
vn -0.0611 0.9910 -0.1194
vn -0.1093 0.9786 -0.1746
vn -0.5341 0.3835 -0.7534
vn -0.5346 0.3797 -0.7550
vn -0.4321 0.6647 -0.6095
vn -0.4328 0.6626 -0.6113
vn -0.2680 0.8861 -0.3780
vn -0.2687 0.8854 -0.3794
vn -0.0878 0.9884 -0.1238
vn -0.0860 0.9890 -0.1205
vn -0.0000 0.2442 -0.9697
vn -0.0057 0.2659 -0.9640
vn 0.0030 0.2876 -0.9577
vn -0.0000 0.3094 -0.9509
vn -0.0000 0.3396 -0.9406
vn -0.0007 0.3413 -0.9400
vn 0.0006 0.3822 -0.9241
vn 0.0019 0.3785 -0.9256
vn -0.0000 0.3964 -0.9181
vn -0.0000 -1.0000 -0.0013
vn -0.0000 -0.9659 -0.2588
vn -0.0027 -0.9998 -0.0179
vn -0.0002 -0.7948 -0.6069
vn 0.0003 -0.8778 -0.4791
vn -0.0009 -0.9826 -0.1857
vn 0.0005 -0.6106 -0.7919
vn -0.0000 -0.5640 -0.8258
vn -0.0000 -0.7551 -0.6557
vn -0.0001 -0.4255 -0.9049
vn 0.0002 -0.1768 -0.9842
vn -0.0000 -0.1996 -0.9799
vn -0.1951 -0.0000 0.9808
vn -0.4423 -0.0000 0.8969
vn -0.6088 -0.0000 0.7934
vn -0.7934 -0.0000 0.6088
vn -0.8969 -0.0000 0.4423
vn -0.9808 -0.0000 0.1951
vn -0.1887 -0.9486 0.2542
vn -0.0514 -0.2585 0.9646
vn -0.1464 -0.2191 0.9646
vn -0.4406 -0.0877 0.8934
vn -0.1907 -0.2109 0.9587
vn -0.2191 -0.1464 0.9646
vn -0.7002 -0.1393 0.7002
vn -0.5936 -0.3966 0.7002
vn -0.3967 -0.5936 0.7002
vn -0.3966 -0.5936 0.7002
vn -0.1393 -0.7002 0.7002
vn -0.5790 -0.3091 0.7545
vn -0.7837 -0.1559 0.6013
vn -0.8829 -0.1756 0.4354
vn -0.5373 -0.8042 0.2542
vn -0.8042 -0.5373 0.2542
vn -0.8042 -0.5373 0.2541
vn -0.9316 -0.2570 0.2570
vn -0.9626 -0.1915 0.1915
vn -0.1951 -0.9808 -0.0000
vn -0.5556 -0.8315 -0.0000
vn -0.8315 -0.5556 -0.0000
vn -0.9808 -0.1951 -0.0000
vn -0.0000 0.1048 -0.9945
vn -0.0004 0.1758 -0.9844
vn 0.0001 0.5391 -0.8422
vn -0.0016 0.6523 -0.7580
vn -0.0006 0.5431 -0.8397
vn -0.0001 0.4486 -0.8937
vn 0.0001 0.3004 -0.9538
vn -0.0000 0.9844 -0.1758
vn -0.0004 0.9902 -0.1397
vn 0.0002 0.9170 -0.3990
vn -0.0006 0.8422 -0.5391
vn -0.0006 0.8386 -0.5448
vn -0.0001 0.7744 -0.6327
vn -0.0350 0.9838 -0.1757
vn -0.1104 0.9800 -0.1653
vn -0.3128 0.8264 -0.4681
vn -0.4647 0.5481 -0.6954
vn -0.4647 0.5481 -0.6955
vn -0.5453 0.1915 -0.8161
vn -0.0459 0.9803 -0.1921
vn -0.0984 0.8381 -0.5365
vn -0.1098 0.8265 -0.5522
vn -0.1652 0.5317 -0.8306
vn -0.1562 0.5475 -0.8221
vn -0.1986 0.1723 -0.9648
vn -0.1915 0.1915 -0.9626
vn -0.6935 0.1951 -0.6935
vn -0.5879 0.5556 -0.5879
vn -0.3929 0.8315 -0.3928
vn -0.3928 0.8315 -0.3928
vn -0.1380 0.9808 -0.1379
vn -0.1896 0.9803 -0.0561
vn -0.2556 0.9659 -0.0418
vn -0.5296 0.8293 -0.1781
vn -0.5888 0.7893 -0.1742
vn -0.7647 0.6035 -0.2262
vn -0.7946 0.5515 -0.2537
vn -0.8624 0.4373 -0.2550
vn -0.9410 0.1925 -0.2783
vn -0.1610 0.9803 -0.1148
vn -0.4567 0.8279 -0.3256
vn -0.6799 0.5502 -0.4848
vn -0.6798 0.5503 -0.4848
vn -0.7990 0.1925 -0.5697
vn -0.9589 -0.0000 -0.2836
vn -0.8142 -0.0000 -0.5806
vn -0.9129 0.0006 -0.4082
vn -0.9389 -0.0049 -0.3442
vn -0.9975 -0.0000 -0.0707
vn -0.9988 -0.0164 -0.0461
vn -0.9862 0.0114 -0.1652
vn -0.9900 -0.0000 -0.1409
vn -0.9723 -0.0000 -0.2339
vn -0.9760 -0.0072 -0.2176
vn -0.9473 0.0097 -0.3203
vn -0.7013 0.0098 -0.7128
vn -0.7193 -0.0049 -0.6947
vn -0.7651 0.0006 -0.6439
vn -0.7706 -0.0000 -0.6374
vn -0.8129 -0.0000 -0.5824
vn -0.8783 -0.0000 -0.4780
vn -0.9094 -0.0000 -0.4160
vn -0.4796 -0.0000 -0.8775
vn -0.5019 -0.0105 -0.8649
vn -0.5821 0.0126 -0.8130
vn -0.5791 0.0145 -0.8151
vn -0.6342 -0.0047 -0.7731
vn -0.0000 -0.0897 0.9960
vn -0.0041 -0.1758 0.9844
vn 0.0001 -0.2646 0.9644
vn -0.0001 -0.4831 0.8756
vn -0.0052 -0.5391 0.8422
vn 0.0001 -0.6604 0.7509
vn -0.0003 -0.8422 0.5391
vn -0.0055 -0.8160 0.5780
vn 0.0058 -0.9844 0.1758
vn -0.0000 -0.9743 0.2253
vn -0.3616 -0.6560 0.6625
vn -0.2792 -0.8127 0.5114
vn -0.4724 -0.1767 0.8635
vn -0.4699 -0.0894 0.8782
vn -0.4630 -0.2623 0.8467
vn -0.5523 -0.1766 0.8147
vn -0.5781 0.1217 0.8068
vn -0.6140 -0.1768 0.7692
vn -0.6905 -0.1763 0.7015
vn -0.7553 -0.1768 0.6310
vn -0.8013 0.0750 0.5935
vn -0.8022 -0.1766 0.5704
vn -0.8662 -0.1765 0.4674
vn -0.8861 0.0110 0.4633
vn -0.8999 -0.1768 0.3986
vn -0.9325 -0.1763 0.3152
vn -0.9614 -0.1768 0.2108
vn -0.9746 0.1488 0.1675
vn -0.9749 -0.1767 0.1353
vn -0.9832 -0.1766 0.0454
vn -0.9832 -0.1767 0.0454
vn -0.8398 -0.5416 0.0387
vn -0.5339 -0.8452 0.0246
vn -0.1722 -0.9850 0.0079
vn -0.1703 -0.9850 0.0292
vn -0.1702 -0.9850 0.0292
vn -0.1636 -0.9850 0.0553
vn -0.1531 -0.9850 0.0800
vn -0.1388 -0.9850 0.1028
vn -0.1212 -0.9850 0.1231
vn -0.1211 -0.9850 0.1231
vn -0.1006 -0.9850 0.1404
vn -0.0823 -0.9850 0.1515
vn -0.5275 -0.8447 0.0906
vn -0.5070 -0.8447 0.1714
vn -0.4743 -0.8447 0.2480
vn -0.4301 -0.8447 0.3186
vn -0.3755 -0.8447 0.3814
vn -0.3117 -0.8447 0.4351
vn -0.2515 -0.8451 0.4718
vn -0.1143 -0.9733 0.1990
vn -0.8397 -0.5416 0.0387
vn -0.8290 -0.5409 0.1424
vn -0.8290 -0.5408 0.1424
vn -0.7968 -0.5408 0.2693
vn -0.7454 -0.5408 0.3897
vn -0.7454 -0.5409 0.3897
vn -0.6759 -0.5408 0.5006
vn -0.6759 -0.5409 0.5006
vn -0.5901 -0.5408 0.5994
vn -0.5900 -0.5408 0.5994
vn -0.4899 -0.5408 0.6837
vn -0.4899 -0.5409 0.6837
vn -0.4033 -0.5416 0.7375
vn -0.4129 -0.4797 0.7742
vn 0.9076 0.3779 0.1829
vn 0.8714 0.3705 0.3215
vn 0.5271 0.8497 0.0139
vn 0.7224 0.3258 0.6100
vn 0.7893 0.2245 0.5715
vn 0.7848 0.2268 0.5768
vn 0.7835 0.2540 0.5671
vn 0.7885 0.4959 0.3639
vn 0.7631 0.4272 0.4850
vn 0.7920 0.3633 0.4908
vn 0.7173 0.4347 0.5445
vn 0.7550 0.3577 0.5496
vn 0.7478 0.3724 0.5496
vn 0.7282 0.3559 0.5857
vn 0.7350 0.3369 0.5885
vn 0.7432 0.6492 0.1619
vn 0.7498 0.6224 0.2247
vn 0.7776 0.5703 0.2648
vn 0.7787 0.5688 0.2647
vn 0.7805 0.5297 0.3319
vn 0.7991 0.4786 0.3638
vn 0.5940 0.8042 0.0208
vn 0.5941 0.8042 0.0200
vn 0.6388 0.7658 0.0743
vn 0.6796 0.7300 0.0731
vn 0.6795 0.7300 0.0729
vn 0.7045 0.6900 0.1663
vn 0.4940 0.8694 -0.0053
vn 0.4982 0.8670 0.0074
vn 0.5266 0.8501 0.0041
vn 0.7926 0.3486 0.5003
vn 0.8079 0.3659 0.4619
vn 0.7923 0.4002 0.4606
vn 0.8126 0.4203 0.4037
vn 0.7749 0.4880 0.4018
vn 0.7873 0.4475 0.4242
vn 0.8442 0.3464 0.4091
vn 0.8632 0.3807 0.3317
vn 0.8564 0.3960 0.3313
vn 0.8503 0.4430 0.2840
vn 0.8341 0.4731 0.2835
vn 0.8241 0.5197 0.2255
vn 0.7979 0.5592 0.2251
vn 0.7843 0.5993 0.1603
vn 0.7437 0.6489 0.1605
vn 0.7288 0.6779 0.0962
vn 0.6718 0.7343 0.0973
vn 0.6588 0.7511 0.0436
vn 0.5876 0.8079 0.0453
vn 0.5794 0.8150 0.0104
vn 0.5279 0.8492 0.0114
vn 0.5123 0.8588 -0.0076
vn 0.9091 0.1799 0.3756
vn 0.8703 0.2059 0.4474
vn 0.8091 0.2450 0.5342
vn 0.8367 0.1977 0.5107
vn 0.7602 0.2528 0.5986
vn 0.7900 0.2586 0.5559
vn 0.8893 0.1163 0.4423
vn 0.8434 0.1577 0.5137
vn 0.8534 0.1617 0.4955
vn 0.8227 0.1770 0.5402
vn 0.7261 0.3147 0.6113
vn 0.7510 0.2877 0.5943
vn 0.8150 0.2464 0.5244
vn 0.8266 0.1940 0.5283
vn 0.8814 0.1534 0.4467
vn 0.8866 0.1134 0.4484
vn 0.9169 0.0980 0.3869
vn 0.9348 0.2784 0.2206
vn 0.9481 0.2586 0.1848
vn 0.9182 0.2758 0.2844
vn 0.9560 0.1195 0.2679
vn 0.9520 0.1276 0.2783
vn 0.9399 0.1114 0.3227
vn 0.9175 0.1273 0.3768
vn 0.9759 0.0823 0.2022
vn 0.9716 0.1288 0.1983
vn 0.9772 0.1087 0.1822
vn 0.9710 0.1570 0.1805
vn 0.9674 0.1777 0.1803
vn 0.9696 0.1701 0.1757
vn 0.9591 0.1756 0.2222
vn 0.9479 0.1558 0.2780
vn 0.9443 0.1620 0.2863
vn 0.9138 0.1830 0.3627
vn 0.5747 0.8184 0.0031
vn 0.5716 0.8205 -0.0060
vn 0.6472 0.7617 0.0313
vn 0.6462 0.7626 0.0292
vn 0.7224 0.6910 0.0244
vn 0.9635 0.2175 0.1560
vn 0.9490 0.2753 0.1538
vn 0.9507 0.2713 0.1504
vn 0.9327 0.3385 0.1241
vn 0.9199 0.3724 0.1229
vn 0.9045 0.4180 0.0851
vn 0.8870 0.4505 0.1018
vn 0.8649 0.4946 0.0852
vn 0.8419 0.5330 0.0843
vn 0.8165 0.5763 0.0339
vn 0.7857 0.6152 0.0650
vn 0.7221 0.6914 0.0236
vn 0.8693 0.2055 0.4496
vn 0.8791 0.1521 0.4517
vn 0.9152 0.1254 0.3830
vn 0.9182 0.0989 0.3837
vn 0.9435 0.0724 0.3233
vn 0.9392 0.0833 0.3331
vn 0.9604 0.0754 0.2684
vn 0.9565 0.0839 0.2794
vn 0.9746 0.0684 0.2134
vn 0.5017 0.8650 -0.0096
vn 0.5102 0.8600 0.0069
vn 0.5706 0.8212 0.0057
vn 0.5769 0.8164 0.0248
vn 0.6469 0.7623 0.0231
vn 0.6571 0.7521 0.0518
vn 0.7189 0.6933 0.0507
vn 0.7316 0.6764 0.0852
vn 0.7827 0.6166 0.0850
vn 0.7959 0.5932 0.1211
vn 0.8355 0.5358 0.1217
vn 0.8473 0.5076 0.1561
vn 0.8765 0.4551 0.1571
vn 0.8858 0.4244 0.1879
vn 0.9044 0.3826 0.1888
vn 0.9022 0.3545 0.2458
vn 0.9356 0.2521 0.2472
vn 0.9064 0.2712 0.3239
vn 0.8942 0.2652 0.3607
vn 0.8671 0.2815 0.4109
vn 0.8517 0.2776 0.4445
vn 0.8101 0.3020 0.5025
vn 0.7930 0.3000 0.5303
vn 0.7369 0.3320 0.5888
vn 0.7243 0.3319 0.6043
vn 0.0256 0.8657 0.4998
vn -0.1984 0.9605 0.1949
vn 0.0267 0.9942 0.1045
vn -0.0134 0.9068 0.4214
vn -0.2565 0.7915 0.5548
vn -0.2189 0.2029 0.9544
vn 0.0030 0.3100 0.9507
vn -0.0060 0.5878 0.8090
vn -0.3429 0.4842 0.8050
vn -0.0128 0.6608 0.7504
vn -0.1670 -0.2050 0.9644
vn -0.0143 -0.1190 0.9928
vn -0.0004 -0.0103 0.9999
vn -0.0000 -0.0035 1.0000
vn -0.0000 0.1042 0.9946
vn -0.1128 -0.5840 0.8038
vn 0.0047 -0.4920 0.8706
vn -0.0047 -0.3121 0.9500
vn -0.0790 -0.8633 0.4984
vn 0.0036 -0.8044 0.5941
vn -0.0039 -0.6631 0.7485
vn -0.0000 -0.9965 -0.0842
vn -0.0041 -0.9990 -0.0455
vn -0.0208 -0.9992 0.0345
vn -0.0612 -0.9927 0.1043
vn 0.0006 -0.9782 0.2076
vn -0.0006 -0.9121 0.4100
vn -0.0000 -0.9820 -0.1888
vn -0.0509 -0.9498 -0.3086
vn -0.0104 -0.9279 -0.3727
vn -0.0466 -0.7423 -0.6684
vn -0.0000 -0.8181 -0.5751
vn -0.0000 -0.8752 -0.4838
vn -0.0453 -0.4063 -0.9126
vn 0.0050 -0.5186 -0.8550
vn -0.0063 -0.6893 -0.7245
vn -0.0000 0.2503 -0.9682
vn -0.0000 0.1431 -0.9897
vn -0.0408 -0.0000 -0.9992
vn -0.0620 0.0343 -0.9975
vn -0.0410 -0.0130 -0.9991
vn -0.0450 -0.0037 -0.9990
vn 0.0025 -0.1155 -0.9933
vn -0.0028 -0.3234 -0.9463
vn -0.0276 0.3828 -0.9234
vn -0.0454 0.4063 -0.9126
vn -0.0000 0.5334 -0.8459
vn -0.0000 0.8838 -0.4679
vn -0.0000 0.8336 -0.5524
vn -0.0526 0.7421 -0.6682
vn -0.0292 0.7242 -0.6890
vn -0.0000 0.6191 -0.7853
vn -0.0360 0.9984 0.0434
vn -0.0000 0.9979 -0.0653
vn -0.0000 0.9511 -0.3090
vn -0.1760 0.9635 -0.2017
vn -0.0313 0.9374 -0.3468
vn 0.5020 -0.1469 0.8523
vn 0.1481 -0.0433 0.9880
vn 0.3232 -0.0583 0.9445
vn 0.6414 -0.1239 0.7572
vn 0.6354 -0.1244 0.7621
vn 0.8330 -0.1593 0.5298
vn 0.8637 -0.1577 0.4787
vn 0.8853 -0.1673 0.4339
vn 0.9119 -0.1780 0.3697
vn 0.3153 -0.0923 0.9445
vn 0.3538 -0.1069 0.9292
vn 0.1897 -0.0556 0.9803
vn 0.6420 -0.1901 0.7428
vn 0.6216 -0.1819 0.7620
vn 0.8427 -0.2466 0.4787
vn 0.8427 -0.2466 0.4786
vn 0.9137 -0.2674 0.3059
vn 0.9594 -0.2812 0.0197
vn 0.9439 -0.2928 0.1529
vn 0.0719 -0.0167 0.9973
vn 0.0709 -0.0208 0.9973
vn 0.0709 -0.0207 0.9973
vn 0.2400 -0.0445 0.9698
vn 0.0653 -0.0480 0.9967
vn 0.3198 -0.0744 0.9445
vn 0.6306 -0.1467 0.7621
vn 0.8551 -0.1990 0.4788
vn 0.9638 -0.2242 0.1444
vn 0.9511 -0.2586 0.1689
vn -0.0958 0.9861 0.1356
vn -0.6949 0.7182 0.0349
vn -0.2973 0.9547 0.0124
vn -0.2952 0.9554 0.0109
vn -0.2539 0.9641 0.0777
vn -0.2585 0.9642 0.0588
vn -0.2783 0.9592 0.0494
vn -0.2729 0.9610 0.0439
vn -0.2747 0.9611 0.0290
vn -0.2342 0.9527 0.1939
vn -0.4673 0.6799 0.5651
vn -0.4847 0.6464 0.5893
vn -0.4652 0.7622 0.4501
vn -0.3525 0.8351 0.4224
vn -0.2847 0.8839 0.3711
vn -0.4073 0.7918 0.4552
vn -0.4111 0.7977 0.4412
vn -0.4497 0.7711 0.4507
vn -0.4788 0.7843 0.3946
vn -0.4951 0.7724 0.3980
vn -0.6286 0.7477 0.2141
vn -0.6154 0.7478 0.2492
vn -0.5815 0.7687 0.2664
vn -0.5945 0.7471 0.2975
vn -0.5381 0.7727 0.3365
vn -0.5320 0.7826 0.3232
vn -0.5293 0.7668 0.3631
vn -0.2538 0.9642 0.0776
vn -0.6268 0.7542 0.1960
vn -0.6115 0.7713 0.1763
vn -0.6723 0.7388 0.0460
vn -0.6754 0.7337 0.0737
vn -0.6690 0.7333 0.1216
vn -0.6437 0.7585 0.1018
vn -0.6605 0.7344 0.1563
vn -0.1389 0.9742 0.1778
vn -0.1544 0.9741 0.1652
vn -0.1574 0.9734 0.1665
vn -0.1772 0.9734 0.1453
vn -0.1814 0.9724 0.1467
vn -0.1981 0.9724 0.1232
vn -0.2027 0.9714 0.1240
vn -0.2118 0.9714 0.1070
vn -0.2262 0.9688 0.1013
vn -0.2283 0.9680 0.1046
vn -0.2325 0.9685 0.0888
vn -0.0000 -0.9950 -0.1000
vn -0.0043 -0.9808 -0.1951
vn -0.0008 -0.9616 -0.2745
vn 0.0010 -0.8818 -0.4715
vn -0.0041 -0.8315 -0.5556
vn 0.0001 -0.7594 -0.6507
vn -0.0002 -0.5838 -0.8119
vn -0.0026 -0.5556 -0.8315
vn 0.0004 -0.3951 -0.9186
vn -0.0018 -0.1951 -0.9808
vn -0.0000 -0.1720 -0.9851
vn -0.0000 0.0785 -0.9969
vn -0.0082 0.1951 -0.9808
vn -0.0019 0.2536 -0.9673
vn 0.0020 0.4745 -0.8803
vn -0.0082 0.5556 -0.8314
vn 0.0002 0.6531 -0.7572
vn -0.0004 0.8153 -0.5790
vn -0.0046 0.8315 -0.5556
vn 0.0007 0.9210 -0.3896
vn -0.0037 0.9808 -0.1951
vn -0.0000 0.9851 -0.1721
vn -0.5157 0.5281 -0.6746
vn -0.7102 -0.0222 -0.7036
vn -0.7086 -0.0209 -0.7053
vn -0.7056 0.0251 -0.7081
vn -0.7093 0.0229 -0.7046
vn -0.7036 0.0678 -0.7073
vn -0.6908 0.0817 -0.7184
vn -0.7014 0.1005 -0.7056
vn -0.6935 0.1461 -0.7055
vn -0.6870 0.1497 -0.7111
vn -0.6862 0.1845 -0.7036
vn -0.6659 0.2326 -0.7089
vn -0.6560 0.3234 -0.6820
vn -0.6424 0.2907 -0.7091
vn -0.6894 0.2272 -0.6878
vn -0.5323 0.4940 -0.6875
vn -0.5320 0.5075 -0.6778
vn -0.5470 0.4800 -0.6859
vn -0.5682 0.4648 -0.6791
vn -0.5671 0.4392 -0.6968
vn -0.6006 0.4136 -0.6843
vn -0.6005 0.4127 -0.6849
vn -0.6085 0.3656 -0.7043
vn -0.6121 0.3807 -0.6931
vn -0.6281 0.3435 -0.6982
vn -0.5033 0.5719 -0.6478
vn -0.5018 0.5494 -0.6681
vn -0.4738 0.5709 -0.6705
vn -0.4704 0.5736 -0.6706
vn -0.4798 0.5660 -0.6704
vn -0.4846 0.5699 -0.6636
vn -0.5035 0.5985 -0.6231
vn -0.5044 0.5836 -0.6363
vn -0.5099 0.5498 -0.6616
vn -0.0082 0.7918 -0.6107
vn 0.0045 0.7916 -0.6110
vn -0.0012 0.7919 -0.6107
vn -0.0031 0.7926 -0.6097
vn 0.1344 -0.2402 -0.9614
vn -0.2164 -0.2311 -0.9486
vn -0.4667 0.5770 -0.6702
vn -0.4343 0.6093 -0.6634
vn -0.4348 0.6095 -0.6630
vn -0.3670 0.6640 -0.6515
vn -0.3690 0.6648 -0.6495
vn -0.2972 0.7095 -0.6389
vn -0.3002 0.7112 -0.6357
vn -0.2277 0.7452 -0.6267
vn -0.2302 0.7469 -0.6238
vn -0.1589 0.7708 -0.6169
vn -0.1597 0.7715 -0.6158
vn -0.0925 0.7860 -0.6113
vn -0.0920 0.7855 -0.6120
vn -0.0924 0.7854 -0.6121
vn -0.0354 0.7914 -0.6102
vn -0.4417 -0.2061 -0.8732
vn -0.5355 0.6797 -0.5012
vn -0.5433 0.7236 -0.4256
vn -0.5386 0.7373 -0.4077
vn -0.5706 0.7066 -0.4185
vn -0.6186 0.7158 0.3240
vn -0.6203 0.7292 0.2890
vn -0.4506 0.6254 0.6370
vn -0.5808 0.6846 0.4405
vn -0.5766 0.6994 0.4224
vn -0.6106 0.6987 0.3727
vn -0.6158 0.6925 0.3758
vn -0.6090 0.7223 0.3277
vn -0.5115 0.6729 0.5344
vn -0.1737 0.8410 0.5124
vn -0.3210 0.7840 0.5314
vn -0.5783 0.6874 0.4395
vn -0.1290 0.6187 0.7750
vn -0.2558 0.6391 0.7253
vn -0.0539 0.6022 0.7965
vn -0.4001 0.6916 0.6014
vn -0.2171 0.6972 0.6832
vn -0.4239 0.7299 0.5363
vn -0.4097 0.7788 0.4749
vn -0.0119 0.9150 0.4032
vn -0.2849 0.8901 0.3557
vn -0.5431 0.8362 -0.0766
vn -0.4900 0.8713 -0.0264
vn -0.5570 0.8109 -0.1792
vn -0.5475 0.8213 -0.1605
vn -0.5998 0.7981 0.0579
vn -0.5444 0.8344 0.0864
vn -0.5329 0.8431 0.0724
vn -0.4940 0.8324 0.2511
vn -0.4551 0.8421 0.2893
vn -0.2730 0.6132 0.7412
vn -0.4260 0.6529 0.6263
vn -0.4803 0.6583 0.5796
vn -0.5248 0.6526 0.5465
vn -0.3849 0.5169 0.7646
vn -0.1315 0.5150 0.8470
vn -0.3841 0.5169 0.7650
vn -0.3711 0.5626 0.7388
vn -0.3862 0.5646 0.7295
vn -0.3709 0.5989 0.7098
vn -0.3947 0.6043 0.6921
vn -0.3821 0.6262 0.6796
vn -0.4093 0.6341 0.6560
vn -0.4039 0.6425 0.6512
vn -0.4278 0.6534 0.6245
vn -0.1311 0.5149 0.8471
vn -0.1267 0.5304 0.8382
vn -0.1322 0.5319 0.8364
vn -0.1270 0.5436 0.8297
vn -0.1357 0.5471 0.8260
vn -0.1314 0.5546 0.8217
vn -0.1415 0.5594 0.8167
vn -0.1380 0.5648 0.8136
vn -0.0923 0.5444 0.8337
vn -0.4940 0.5330 0.6870
vn -0.3830 0.5271 0.7586
vn -0.3643 0.5416 0.7576
vn -0.3872 0.4968 0.7767
vn -0.4982 0.5224 0.6920
vn -0.3935 0.6856 0.6125
vn -0.3630 0.7331 0.5752
vn -0.1211 0.6029 0.7886
vn -0.1707 0.5791 0.7971
vn -0.0979 0.7618 0.6404
vn 0.0181 0.8092 0.5872
vn -0.1188 0.8867 0.4469
vn -0.0244 0.9371 0.3481
vn -0.1534 0.9601 0.2340
vn 0.0633 0.9963 0.0581
vn -0.4600 0.5215 0.7186
vn -0.4023 0.5607 0.7237
vn -0.3210 0.6485 0.6902
vn -0.1560 0.7449 0.6487
vn -0.2824 0.8098 0.5142
vn -0.3283 0.7594 0.5617
vn -0.2584 0.8785 0.4018
vn -0.0589 0.9794 0.1933
vn -0.4453 0.5261 0.7245
vn -0.3109 0.7460 0.5889
vn -0.2699 0.7328 0.6246
vn -0.0826 0.7828 0.6168
vn 0.5069 0.8618 0.0182
vn -0.0726 0.8169 0.5722
vn 0.1573 0.9240 0.3485
vn 0.2089 0.8969 0.3898
vn 0.1573 0.9246 0.3471
vn 0.3290 0.8968 0.2960
vn 0.3266 0.8923 0.3118
vn 0.2100 0.9752 -0.0701
vn 0.2017 0.9735 0.1079
vn 0.1370 0.9906 -0.0028
vn 0.6742 0.7309 0.1061
vn 0.6736 0.7387 0.0237
vn 0.4190 0.8987 0.1293
vn 0.4281 0.8914 0.1485
vn 0.1283 0.9638 0.2336
vn 0.1622 0.9417 0.2948
vn -0.0574 0.9877 0.1457
vn -0.0770 0.9168 0.3919
vn -0.2070 0.9175 0.3397
vn 0.8247 0.5655 -0.0000
vn 0.7230 0.6908 -0.0000
vn 0.7740 0.6331 0.0122
vn 0.6782 0.7349 -0.0017
vn 0.5216 0.8532 0.0021
vn 0.5069 0.8620 -0.0000
vn 0.3297 0.9441 -0.0000
vn 0.2106 0.9775 -0.0122
vn 0.1235 0.9923 -0.0000
vn 0.9845 -0.1756 -0.0000
vn 0.9920 -0.1257 -0.0131
vn 0.9994 0.0357 0.0015
vn 0.9956 0.0934 -0.0000
vn 0.9756 0.2195 0.0003
vn 0.9465 0.3220 -0.0183
vn 0.9007 0.4345 -0.0006
vn 0.8274 0.5616 0.0002
vn -0.9800 0.1949 0.0388
vn -0.8264 0.5522 0.1098
vn -0.5481 0.8203 0.1632
vn -0.1915 0.9626 0.1915
vn -0.9801 0.1653 0.1104
vn -0.9800 0.1653 0.1104
vn -0.8264 0.4681 0.3128
vn -0.5481 0.6954 0.4647
vn -0.1915 0.8161 0.5453
vn -0.9801 0.1104 0.1652
vn -0.9800 0.1104 0.1653
vn -0.8264 0.3128 0.4681
vn -0.5481 0.4647 0.6954
vn -0.1915 0.5453 0.8161
vn -0.9801 0.0388 0.1949
vn -0.9800 0.0388 0.1949
vn -0.8264 0.1098 0.5522
vn -0.5481 0.1632 0.8203
vn -0.1915 0.1915 0.9626
vn -0.5556 -0.0000 0.8315
vn -0.8315 -0.0000 0.5556
vn -0.9661 0.1725 0.1922
vn -0.9657 0.1928 0.1737
vn -0.8372 0.1292 0.5314
vn -0.8224 0.1469 0.5496
vn -0.5367 0.0958 0.8383
vn -0.5536 0.0842 0.8285
vn -0.1710 0.0442 0.9843
vn -0.1950 0.0348 0.9802
vn -0.1731 0.9696 0.1731
vn -0.1487 0.8328 0.5331
vn -0.1487 0.8329 0.5331
vn -0.0958 0.5367 0.8383
vn -0.0314 0.1757 0.9839
vn -0.8297 0.5311 0.1718
vn -0.7141 0.4571 0.5302
vn -0.4617 0.2955 0.8364
vn -0.1515 0.0970 0.9837
vn -0.1515 0.0969 0.9837
vn -0.5311 0.8297 0.1718
vn -0.4571 0.7141 0.5302
vn -0.2955 0.4617 0.8364
vn -0.0970 0.1515 0.9837
vn -0.0000 0.9844 0.1758
vn -0.0000 0.1928 0.9812
vn -0.0008 0.1758 0.9844
vn 0.0008 0.5391 0.8422
vn -0.0000 0.5536 0.8328
vn -0.0000 0.8422 0.5391
vn 0.0009 0.8328 0.5536
vn -0.0008 0.9812 0.1928
vn -0.7071 -0.0000 -0.7071
vn -0.0000 -0.9876 0.1567
vn 0.0011 -0.9844 0.1758
vn -0.0012 -0.8779 0.4789
vn 0.0029 -0.8422 0.5391
vn -0.0024 -0.6474 0.7621
vn 0.0039 -0.5391 0.8422
vn -0.0031 -0.3283 0.9446
vn -0.0000 -0.9842 0.1768
vn -0.0010 -0.9873 0.1587
vn 0.0014 -0.8404 0.5420
vn -0.0036 -0.8779 0.4788
vn 0.0042 -0.5341 0.8454
vn -0.0068 -0.6474 0.7621
vn 0.0066 -0.1722 0.9850
vn -0.0056 -0.3283 0.9446
vn -0.0000 -0.0738 0.9973
vn 0.0064 -0.0739 0.9972
vn -0.0000 -0.1758 0.9844
vn 0.9957 0.0920 -0.0087
vn 0.4885 0.8725 0.0016
vn 0.4862 0.8738 0.0017
vn 0.4849 0.8746 0.0017
vn 0.4835 0.8754 0.0017
vn 0.4821 0.8761 0.0018
vn 0.4810 0.8767 0.0019
vn 0.4756 0.8797 0.0022
vn 0.4671 0.8842 0.0031
vn 0.4646 0.8855 0.0036
vn 0.4645 0.8856 0.0036
vn 0.4663 0.8846 0.0032
vn 0.4702 0.8826 0.0020
vn 0.5442 0.8390 0.0029
vn 0.5217 0.8531 0.0053
vn 0.5174 0.8557 0.0058
vn 0.5138 0.8579 0.0063
vn 0.5098 0.8603 0.0069
vn 0.5332 0.8460 0.0029
vn 0.4987 0.8668 0.0016
vn 0.4918 0.8707 0.0016
vn 0.7970 0.6038 0.0111
vn 0.7576 0.6527 0.0079
vn 0.7341 0.6790 0.0103
vn 0.7008 0.7134 0.0065
vn 0.6450 0.7641 0.0096
vn 0.8411 0.5408 0.0103
vn 0.8371 0.5469 0.0100
vn 0.8114 0.5844 0.0089
vn 0.8969 0.4422 0.0078
vn 0.8626 0.5059 0.0098
vn 0.8520 0.5234 0.0113
vn 0.8517 0.5238 0.0113
vn 0.8470 0.5315 0.0108
vn 0.9973 0.0605 -0.0418
vn 0.9949 0.0944 0.0365
vn 0.9954 0.0944 0.0160
vn 0.9907 0.1194 0.0647
vn 0.9938 0.0984 0.0516
vn 0.9916 0.0900 0.0924
vn 0.9902 0.0947 0.1025
vn 0.9893 0.0888 0.1159
vn 0.6743 0.7383 0.0152
vn 0.7222 0.6908 0.0351
vn 0.7490 0.6619 0.0310
vn 0.8159 0.5759 0.0514
vn 0.8086 0.5857 0.0549
vn 0.8667 0.4957 0.0554
vn 0.8602 0.5068 0.0568
vn 0.9052 0.4183 0.0754
vn 0.9002 0.4283 0.0786
vn 0.9371 0.3401 0.0790
vn 0.9312 0.3553 0.0815
vn 0.9562 0.2774 0.0932
vn 0.9520 0.2902 0.0970
vn 0.9708 0.2191 0.0974
vn 0.9718 0.2152 0.0966
vn 0.9775 0.1795 0.1105
vn 0.6036 0.7946 0.0660
vn 0.9790 0.1583 0.1286
vn 0.9831 0.1303 0.1287
vn 0.6475 0.7621 0.0060
vn 0.5985 0.8010 0.0148
vn 0.5986 0.8010 0.0048
vn 0.4739 0.8806 0.0007
vn 0.4756 0.8797 -0.0000
vn 0.4755 0.8797 -0.0000
vn 0.5746 0.8184 0.0095
vn 0.5332 0.8460 0.0025
vn 0.5266 0.8501 0.0026
vn 0.4842 0.8750 0.0025
vn 0.4922 0.8705 -0.0000
vn 0.4917 0.8707 0.0001
vn 0.4921 0.8705 -0.0000
vn 0.4940 0.8694 -0.0023
vn 0.9752 0.2158 0.0489
vn 0.9746 0.2188 0.0472
vn 0.9555 0.2911 0.0471
vn 0.9538 0.2969 0.0453
vn 0.9334 0.3560 0.0453
vn 0.9299 0.3653 0.0424
vn 0.9022 0.4292 0.0422
vn 0.8961 0.4421 0.0380
vn 0.8610 0.5072 0.0377
vn 0.8516 0.5233 0.0323
vn 0.8095 0.5863 0.0320
vn 0.7967 0.6038 0.0256
vn 0.7491 0.6619 0.0253
vn 0.7339 0.6790 0.0186
vn 0.6665 0.7453 0.0182
vn 0.6667 0.7453 0.0049
vn 0.5917 0.8061 0.0060
vn 0.9857 0.0831 0.1464
vn 0.9861 0.0885 0.1407
vn 0.9794 0.1420 0.1435
vn 0.9845 0.1427 0.1023
vn 0.9842 0.1500 0.0940
vn 0.9873 0.1504 0.0514
vn 0.9868 0.1545 0.0490
vn 0.9387 0.3448 -0.0027
vn 0.9334 0.3586 -0.0070
vn 0.9652 0.2614 -0.0065
vn 0.9579 0.2868 -0.0150
vn 0.9802 0.1975 -0.0116
vn 0.9782 0.2071 -0.0150
vn 0.9886 0.1477 -0.0279
vn 0.9886 0.1480 -0.0280
vn 0.9945 0.0989 -0.0352
vn 0.9951 0.0937 -0.0327
vn 0.9974 0.0633 -0.0344
vn 0.9898 0.1386 -0.0321
vn 0.9971 0.0650 -0.0406
vn 0.9952 0.0973 0.0089
vn 0.9948 0.1022 -0.0009
vn 0.9880 0.1544 -0.0008
vn 0.9889 0.1483 0.0028
vn 0.9758 0.2187 0.0030
vn 0.9782 0.2073 0.0097
vn 0.9548 0.2969 0.0100
vn 0.9578 0.2870 0.0130
vn 0.9308 0.3654 0.0131
vn 0.9333 0.3588 0.0151
vn 0.8771 0.4800 0.0151
vn 0.8975 0.4411 -0.0000
vn -0.7052 0.0741 -0.7052
vn -0.6992 0.2908 -0.6531
vn -0.6992 0.5313 -0.4783
vn -0.6993 0.5313 -0.4783
vn -0.6993 0.6799 -0.2209
vn -0.6993 0.7110 0.0747
vn -0.6993 0.6191 0.3574
vn -0.6993 0.4202 0.5783
vn -0.6993 0.1486 0.6993
vn -0.6993 0.1486 0.6992
vn -0.6993 -0.1486 0.6993
vn -0.6993 -0.4202 0.5783
vn -0.6992 -0.6191 0.3574
vn -0.6993 -0.6191 0.3574
vn -0.6993 -0.7110 0.0747
vn -0.6993 -0.6799 -0.2209
vn -0.6992 -0.6799 -0.2209
vn -0.6993 -0.5313 -0.4783
vn -0.6992 -0.5313 -0.4784
vn -0.6992 -0.2908 -0.6531
vn -0.7052 -0.0741 -0.7052
vn -0.4294 -0.0000 -0.9031
vn -0.0001 1.0000 -0.0000
vn 0.0002 1.0000 -0.0000
vn -0.9069 0.2202 0.3592
vn -0.9598 0.2561 0.1151
vn -0.1330 0.9907 0.0298
vn -0.1545 0.9855 0.0707
vn -0.1137 0.9926 0.0428
vn -0.1113 0.9929 0.0422
vn -0.1539 0.9880 0.0160
vn -0.1547 0.9879 0.0063
vn -0.3328 0.9426 0.0279
vn -0.3044 0.9523 0.0220
vn -0.5850 0.8108 0.0188
vn -0.6307 0.7755 0.0275
vn -0.9989 0.0318 0.0346
vn -0.9994 0.0345 0.0035
vn -0.9994 0.0345 0.0030
vn -0.9578 0.1717 0.2307
vn -0.9621 0.2091 0.1749
vn -0.9635 0.2091 0.1674
vn -0.8754 0.2277 0.4263
vn -0.9900 0.1371 0.0318
vn -0.9821 0.1844 0.0379
vn -0.8418 0.5380 0.0441
vn -0.9121 0.4094 0.0186
vn -0.7970 0.6030 0.0346
vn -0.9088 0.1058 0.4036
vn -0.9147 0.0665 0.3985
vn -0.7545 0.5674 0.3297
vn -0.7665 0.5497 0.3320
vn -0.4785 0.8523 0.2112
vn -0.5202 0.8247 0.2221
vn -0.2792 0.9524 0.1228
vn -0.2910 0.9525 0.0900
vn -0.1138 0.9929 0.0354
vn -0.1256 0.9914 0.0380
vn -0.9264 0.2201 0.3055
vn -0.9651 -0.0475 0.2575
vn -0.8076 0.5489 0.2157
vn -0.8135 0.5398 0.2164
vn -0.5473 0.8241 0.1462
vn -0.5622 0.8136 0.1485
vn -0.2030 0.9777 0.0542
vn -0.3198 0.9449 0.0694
vn -0.1257 0.9917 0.0273
vn -0.9736 0.1887 0.1282
vn -0.8358 0.5379 0.1101
vn -0.8341 0.5407 0.1093
vn -0.5800 0.8110 0.0762
vn -0.5758 0.8142 0.0747
vn -0.3313 0.9425 0.0432
vn -0.3248 0.9449 0.0417
vn -0.1317 0.9911 0.0168
vn -0.1563 0.9874 0.0248
vn -0.1951 -0.0000 -0.9808
vn -0.5556 -0.0000 -0.8315
vn -0.8315 -0.0000 -0.5556
vn -0.9808 -0.0000 -0.1951
vn -0.0000 0.9808 -0.1951
vn 0.0001 0.9812 -0.1928
vn -0.0001 0.8315 -0.5556
vn -0.0000 0.8328 -0.5536
vn -0.0000 0.5556 -0.8315
vn -0.0001 0.5536 -0.8328
vn 0.0001 0.1951 -0.9808
vn -0.0000 0.1928 -0.9812
vn -0.9626 0.1915 -0.1915
vn -0.0125 0.1951 -0.9807
vn -0.0622 0.1612 -0.9850
vn -0.2190 0.1464 -0.9647
vn -0.1337 0.1178 -0.9840
vn -0.1904 0.9628 -0.1915
vn -0.1914 0.9624 -0.1926
vn -0.5452 0.8159 -0.1926
vn -0.8159 0.5452 -0.1926
vn -0.9626 0.1904 -0.1926
vn -0.8202 0.1642 -0.5480
vn -0.1638 0.8181 -0.5512
vn -0.4636 0.6938 -0.5511
vn -0.6938 0.4636 -0.5511
vn -0.8189 0.1611 -0.5509
vn -0.5521 0.1117 -0.8263
vn -0.0986 0.1476 -0.9841
vn -0.0576 0.2840 -0.9571
vn -0.1076 0.5523 -0.8266
vn -0.1948 0.0477 -0.9797
vn -0.2131 0.0444 -0.9760
vn -0.5480 0.1068 -0.8296
vn -0.4640 0.3100 -0.8298
vn -0.3100 0.4640 -0.8298
vn -0.1106 0.5467 -0.8300
vn -0.1614 0.8206 -0.5483
vn -0.9800 0.0388 -0.1949
vn -0.8264 0.1098 -0.5522
vn -0.5481 0.1632 -0.8203
vn -0.9800 0.1104 -0.1653
vn -0.8264 0.3128 -0.4681
vn -0.5481 0.4647 -0.6954
vn -0.1915 0.5453 -0.8161
vn -0.9800 0.1653 -0.1104
vn -0.8264 0.4681 -0.3128
vn -0.5481 0.6954 -0.4647
vn -0.1915 0.8161 -0.5453
vn -0.9800 0.1949 -0.0388
vn -0.8264 0.5522 -0.1098
vn -0.5481 0.8203 -0.1632
vn -0.1915 0.9626 -0.1915
vn -0.0000 0.1360 -0.9907
vn -0.0010 0.2588 -0.9659
vn -0.0001 0.6259 -0.7799
vn -0.0000 0.4269 -0.9043
vn -0.0006 0.3039 -0.9527
vn -0.0000 0.7445 -0.6677
vn -0.0000 0.7078 -0.7064
vn -0.0004 0.5979 -0.8015
vn -0.0001 0.8576 -0.5143
vn 0.0009 0.8064 -0.5913
vn -0.0006 0.9520 -0.3062
vn -0.0000 0.9238 -0.3828
vn -0.0000 0.9971 -0.0763
vn 0.0006 0.9914 -0.1306
vn -0.0003 0.9865 0.1638
vn -0.0000 0.9941 0.1087
vn -0.0000 0.9571 0.2897
vn -0.0003 0.9321 0.3623
vn 0.0001 0.8873 0.4612
vn -0.0004 0.7072 0.7070
vn -0.0000 0.6833 0.7302
vn -0.9938 -0.0000 -0.1110
vn -0.9659 0.0031 -0.2588
vn -0.9603 0.0025 -0.2788
vn -0.7948 -0.0036 -0.6069
vn -0.8564 0.0008 -0.5163
vn -0.6106 -0.0005 -0.7919
vn -0.5707 -0.0019 -0.8211
vn -0.4255 0.0002 -0.9049
vn -0.1768 -0.0005 -0.9842
vn -0.1908 -0.0000 -0.9816
vn -0.0000 0.5002 0.8659
vn -0.0004 0.9939 0.1098
vn 0.0002 0.9670 0.2549
vn -0.0000 0.9907 0.1358
vn -0.0019 0.9990 0.0454
vn -0.0000 0.9958 0.0918
vn -0.0008 0.9427 0.3335
vn 0.0036 0.8059 0.5920
vn -0.0056 0.8905 0.4549
vn 0.0051 0.5991 0.8006
vn -0.0000 0.6749 0.7379
vn -0.1951 0.9808 -0.0000
vn -0.5556 0.8315 -0.0000
vn -0.8315 0.5556 -0.0000
vn -0.9808 0.1951 -0.0000
vn -0.9844 0.1758 0.0014
vn -0.8315 0.5555 -0.0015
vn -0.8422 0.5392 -0.0000
vn -0.5391 0.8422 -0.0014
vn -0.1951 0.9808 0.0012
vn -0.9998 0.0186 -0.0000
vn -0.9888 0.1495 0.0017
vn -0.9659 0.2588 0.0122
vn -0.7931 0.6086 -0.0238
vn -0.8718 0.4898 0.0025
vn -0.6088 0.7934 -0.0014
vn -0.5638 0.8259 -0.0077
vn -0.2588 0.9659 0.0107
vn -0.1959 0.9806 -0.0000
vn -0.2588 -0.0000 -0.9659
vn -0.6088 -0.0009 -0.7934
vn -0.4083 0.0012 -0.9129
vn -0.1253 -0.0106 -0.9921
vn -0.7933 0.0022 -0.6088
vn -0.8262 -0.0005 -0.5634
vn -0.6406 0.0002 -0.7679
vn -0.9999 -0.0000 -0.0125
vn -0.9757 -0.0006 -0.2190
vn -0.9844 0.0018 -0.1758
vn -0.9054 -0.0006 -0.4246
vn -0.6764 -0.0060 -0.7365
vn -0.6916 -0.0059 -0.7223
vn -0.6910 -0.0026 -0.7229
vn -0.7114 -0.0075 -0.7027
vn -0.6430 -0.7396 -0.1990
vn -0.7591 -0.0502 -0.6491
vn -0.7778 0.0074 -0.6284
vn -0.6799 0.2929 -0.6722
vn -0.8177 -0.1905 -0.5432
vn -0.5123 0.5852 -0.6286
vn -0.8010 0.0205 -0.5983
vn -0.8179 -0.0239 -0.5749
vn -0.7702 0.1639 -0.6164
vn -0.8333 -0.1160 -0.5404
vn -0.7280 0.2931 -0.6198
vn -0.8434 -0.1772 -0.5072
vn -0.6982 0.3779 -0.6080
vn -0.7089 -0.6672 -0.2288
vn -0.8882 0.0673 -0.4546
vn -0.9186 0.0376 -0.3934
vn -0.9247 0.0771 -0.3728
vn -0.8023 -0.1372 -0.5810
vn -0.8555 -0.1010 -0.5078
vn -0.8858 -0.0695 -0.4589
vn -0.8515 -0.1054 -0.5137
vn -0.8478 -0.1094 -0.5188
vn -0.8398 -0.1225 -0.5289
vn -0.8346 -0.1319 -0.5347
vn -0.8296 -0.1423 -0.5400
vn -0.8257 -0.1509 -0.5436
vn -0.8242 -0.1496 -0.5462
vn -0.8149 -0.1424 -0.5619
vn -0.8689 0.0871 -0.4873
vn -0.8690 0.0880 -0.4869
vn -0.8964 -0.0895 -0.4341
vn -0.9408 0.0171 -0.3384
vn -0.9370 0.0667 -0.3430
vn -0.8352 0.0084 -0.5499
vn -0.7993 0.0262 -0.6003
vn -0.7763 -0.0791 -0.6254
vn -0.8228 -0.1383 -0.5513
vn -0.7568 -0.0918 -0.6472
vn -0.7160 -0.0959 -0.6915
vn -0.7023 -0.1001 -0.7048
vn -0.6898 -0.1066 -0.7161
vn -0.6417 -0.3971 -0.6562
vn -0.6200 -0.1617 -0.7677
vn -0.6499 -0.1675 -0.7413
vn -0.5714 -0.3081 -0.7606
vn -0.4261 -0.3213 -0.8457
vn -0.5796 -0.3924 -0.7142
vn -0.6095 -0.3893 -0.6906
vn -0.5886 -0.4062 -0.6990
vn -0.5853 -0.4248 -0.6906
vn -0.5934 -0.4187 -0.6874
vn -0.5904 -0.4314 -0.6821
vn -0.6105 -0.4164 -0.6737
vn -0.6089 -0.4222 -0.6716
vn -0.6089 -0.3680 -0.7028
vn -0.5939 -0.3800 -0.7091
vn -0.5949 -0.3760 -0.7105
vn -0.6157 -0.3613 -0.7002
vn -0.5977 -0.3706 -0.7110
vn -0.6186 -0.3555 -0.7007
vn -0.6206 -0.3506 -0.7014
vn -0.6003 -0.3661 -0.7110
vn -0.6037 -0.3529 -0.7148
vn -0.6302 -0.3396 -0.6982
vn -0.4635 0.1883 -0.8658
vn -0.8339 0.2601 -0.4868
vn -0.6377 0.7701 0.0182
vn -0.7912 0.5773 -0.2016
vn -0.8056 0.5333 -0.2581
vn -0.8360 0.4832 -0.2600
vn -0.9801 0.1517 -0.1277
vn -0.9050 0.1643 -0.3923
vn -0.9822 0.0674 -0.1754
vn -0.9784 0.0386 -0.2033
vn -0.9346 0.3377 -0.1115
vn -0.8345 0.4863 -0.2591
vn -0.8345 0.2592 -0.4863
vn -0.8057 0.2580 -0.5331
vn -0.7656 0.1287 -0.6303
vn -0.6480 0.0781 -0.7577
vn -0.1286 0.9696 -0.2083
vn -0.1475 0.9705 -0.1907
vn -0.1735 0.8202 -0.5452
vn -0.1735 0.8201 -0.5452
vn -0.1735 0.5452 -0.8202
vn -0.1490 0.2054 -0.9673
vn -0.1271 0.1912 -0.9733
vn -0.3403 0.8665 -0.3651
vn -0.4592 0.8791 -0.1277
vn -0.5318 0.7195 -0.4466
vn -0.5318 0.4466 -0.7195
vn -0.4725 0.1717 -0.8644
vn -0.2973 0.1705 -0.9394
vn -0.1758 0.4924 0.8524
vn -0.2588 0.4842 0.8358
vn -0.4246 0.4528 0.7840
vn -0.6088 0.3968 0.6870
vn -0.7071 0.3549 0.6116
vn -0.7934 0.3045 0.5271
vn -0.9659 0.1295 0.2241
vn 0.0003 0.3814 -0.9244
vn -0.0013 0.1540 -0.9881
vn -0.0000 0.1947 -0.9809
vn 0.0007 0.9463 -0.3234
vn -0.0000 0.8135 -0.5816
vn 0.0001 0.6933 -0.7207
vn -0.0023 0.5941 -0.8044
vn -0.0000 0.4989 -0.8667
vn -0.0000 0.3462 -0.9381
vn -0.0010 0.8627 -0.5057
vn -0.0021 0.8989 -0.4380
vn 0.0034 0.9776 -0.2103
vn -0.0002 0.9906 -0.1368
vn -0.0010 0.9999 -0.0134
vn -0.0000 0.9995 0.0308
vn -0.9771 0.1855 0.1042
vn -0.7495 0.5822 0.3151
vn -0.4607 0.8000 0.3844
vn -0.5978 0.7250 0.3421
vn -0.8413 0.4669 0.2723
vn -0.8895 0.4248 0.1680
vn -0.8021 0.5279 0.2791
vn -0.9644 0.1786 0.1953
vn -0.5997 0.5401 0.5905
vn -0.7863 0.4170 0.4559
vn -0.8348 0.3607 0.4160
vn -0.9844 0.1387 0.1084
vn -0.9839 0.1623 0.0746
vn -0.9996 0.0243 0.0162
vn -0.9990 0.0386 0.0210
vn -0.5365 0.7428 0.4005
vn -0.5301 0.5723 0.6257
vn -0.4193 0.5834 0.6956
vn -0.1718 0.6649 0.7269
vn -0.1741 0.8770 0.4479
vn -0.1155 0.8955 0.4299
vn -0.1951 0.9484 0.2500
vn -0.9999 0.0052 -0.0124
vn -0.9998 0.0186 0.0073
vn -0.2100 -0.0000 -0.9777
vn -0.2062 -0.0002 -0.9785
vn -0.5929 0.0002 -0.8053
vn -0.5878 -0.0001 -0.8090
vn -0.8713 0.0001 -0.4908
vn -0.8694 -0.0001 -0.4942
vn -0.9960 0.0001 -0.0898
vn -0.9958 -0.0000 -0.0911
vn -0.9762 -0.0000 0.2169
vn -0.9163 -0.0124 0.4003
vn -0.9589 0.0035 0.2836
vn -0.8142 -0.0025 0.5806
vn -0.7978 -0.0000 0.6029
vn -0.7071 -0.0000 0.7071
vn -0.9560 -0.0000 -0.2933
vn -0.9053 0.0066 -0.4247
vn -0.9281 -0.0293 -0.3712
vn -0.9280 -0.0401 -0.3704
vn -0.9285 0.1523 -0.3388
vn -0.0000 0.2393 0.9709
vn -0.0000 0.6631 0.7485
vn -0.0000 0.9350 0.3546
vn -0.0000 0.9927 -0.1205
vn -0.0000 0.8230 -0.5681
vn -0.0000 0.4647 -0.8855
vn -0.0000 -0.4647 -0.8855
vn -0.0000 -0.8230 -0.5681
vn -0.0000 -0.9927 -0.1205
vn -0.0000 -0.9350 0.3546
vn -0.0000 -0.6631 0.7485
vn -0.0000 -0.2393 0.9709
vn -0.5453 -0.1915 -0.8161
vn -0.4647 -0.5481 -0.6954
vn -0.3128 -0.8265 -0.4681
vn -0.3128 -0.8264 -0.4681
vn -0.1104 -0.9800 -0.1653
vn -0.0388 -0.9800 -0.1949
vn -0.1098 -0.8264 -0.5522
vn -0.1632 -0.5481 -0.8203
vn -0.1820 -0.3584 -0.9157
vn -0.1973 -0.1917 -0.9614
vn -0.1922 -0.1725 -0.9661
vn -0.4992 -0.8665 0.0020
vn -0.5062 -0.8624 -0.0051
vn -0.5185 -0.8550 0.0062
vn -0.5174 -0.8557 -0.0121
vn 0.0220 -0.9990 0.0382
vn -0.1203 -0.9890 0.0863
vn -0.2410 -0.9664 0.0898
vn -0.0851 -0.9948 -0.0564
vn -0.1852 -0.9804 -0.0673
vn -0.0335 -0.9988 -0.0355
vn -0.6158 0.1687 0.7696
vn -0.2802 0.8255 0.4900
vn 0.0701 0.8009 0.5946
vn -0.0955 0.9799 0.1750
vn -0.5543 0.0343 0.8316
vn -0.1930 0.0968 0.9764
vn -0.5727 0.1072 0.8127
vn -0.1919 0.3275 0.9252
vn 0.0883 0.5370 0.8389
vn -0.1621 0.6429 0.7486
vn -0.1641 0.7718 0.6143
vn -0.2802 0.8255 0.4899
vn -0.1139 0.9298 0.3500
vn -0.1613 0.9001 0.4048
vn -0.5130 0.5557 0.6542
vn -0.3646 0.4770 0.7997
vn -0.2428 0.3032 0.9215
vn -0.1917 0.1008 0.9763
vn 0.4610 0.1560 0.8736
vn -0.6680 0.1961 0.7179
vn -0.6947 -0.5086 -0.5086
vn -0.6947 -0.6947 -0.1862
vn -0.6947 -0.6947 0.1862
vn -0.6947 -0.5086 0.5086
vn -0.6947 -0.1862 0.6947
vn -0.6947 0.1862 0.6947
vn -0.6947 0.5086 0.5086
vn -0.6948 0.5086 0.5086
vn -0.6947 0.6947 0.1862
vn -0.6947 0.6947 -0.1862
vn -0.6947 0.5086 -0.5086
vn -0.6947 0.1862 -0.6948
vn -0.6947 -0.1862 -0.6948
vn -0.0000 0.9178 0.3970
vn -0.0000 0.5646 0.8254
vn -0.0000 0.4235 0.9059
vn 0.0102 0.2588 0.9659
vn 0.0015 0.1869 0.9824
vn 0.0001 0.0191 0.9998
vn 0.0369 0.8388 0.5433
vn 0.0109 0.7267 0.6868
vn -0.0000 0.8436 -0.5369
vn -0.0000 0.9208 -0.3901
vn 0.0121 0.9659 -0.2588
vn -0.0000 0.9904 -0.1386
vn 0.0400 0.9984 0.0393
vn 0.0179 0.9834 0.1805
vn 0.0182 0.1779 -0.9839
vn -0.0000 0.4127 -0.9109
vn -0.0000 0.7071 -0.7071
vn 0.0399 0.5462 -0.8367
vn 0.0066 0.7115 -0.7026
vn 0.0469 0.0238 -0.9986
vn 0.0013 0.2588 -0.9659
vn -0.0000 0.0069 -1.0000
vn -0.0000 -0.1515 -0.9885
vn 0.0128 -0.2588 -0.9658
vn -0.0000 -0.4021 -0.9156
vn -0.0000 -0.5449 -0.8385
vn 0.0084 -0.7071 -0.7071
vn 0.0073 -0.7119 -0.7022
vn 0.0126 -0.9658 -0.2588
vn -0.0000 -0.9186 -0.3953
vn -0.0000 -0.8419 -0.5396
vn -0.0000 -0.9254 0.3790
vn 0.0217 -0.9863 0.1634
vn 0.0055 -0.9659 0.2588
vn 0.0001 -0.9992 0.0389
vn -0.0006 -0.9903 -0.1392
vn -0.0000 -0.8533 0.5215
vn 0.0042 -0.7071 0.7071
vn 0.0112 -0.7365 0.6764
vn -0.0000 0.0063 1.0000
vn -0.0000 -0.1646 0.9864
vn 0.0108 -0.2588 0.9659
vn -0.0000 -0.4144 0.9101
vn -0.0000 -0.5589 0.8292
vn -0.9862 -0.0630 -0.1528
vn -0.9863 -0.0599 -0.1540
vn -0.9862 -0.0586 -0.1547
vn -0.9861 -0.0569 -0.1561
vn -0.9859 -0.0557 -0.1579
vn -0.9856 -0.0546 -0.1600
vn -0.9849 -0.0533 -0.1650
vn -0.9795 -0.0686 -0.1893
vn -0.9797 -0.0657 -0.1894
vn -0.9798 -0.0648 -0.1894
vn -0.9798 -0.0659 -0.1888
vn -0.9800 -0.0689 -0.1867
vn -0.9805 -0.0720 -0.1829
vn -0.9810 -0.0744 -0.1792
vn -0.9820 -0.0770 -0.1724
vn -0.9827 -0.0773 -0.1681
vn -0.9839 -0.0533 -0.1703
vn -0.9836 -0.0534 -0.1723
vn -0.9821 -0.0562 -0.1797
vn -0.9813 -0.0586 -0.1832
vn -0.9805 -0.0615 -0.1868
vn -0.9799 -0.0648 -0.1888
vn -0.9797 -0.0658 -0.1892
vn -0.9797 -0.0662 -0.1893
vn -0.9862 -0.0640 -0.1528
vn -0.9839 -0.0767 -0.1617
vn -0.9832 -0.0773 -0.1656
vn -0.9843 -0.0755 -0.1593
vn -0.9847 -0.0745 -0.1575
vn -0.9852 -0.0721 -0.1554
vn -0.9855 -0.0703 -0.1542
vn -0.9860 -0.0667 -0.1529
vn -0.9862 -0.0642 -0.1528
vn -0.4423 -0.8969 -0.0000
vn -0.6088 -0.7934 -0.0000
vn -0.6088 -0.7933 -0.0000
vn -0.7933 -0.6088 -0.0000
vn -0.7934 -0.6087 -0.0000
vn -0.0000 0.0435 -0.9991
vn -0.7045 0.0855 -0.7045
vn -0.6966 0.3334 -0.6353
vn -0.6966 0.5905 -0.4076
vn -0.6966 0.7122 -0.0865
vn -0.6966 0.6708 0.2544
vn -0.6966 0.4758 0.5370
vn -0.6966 0.1717 0.6966
vn -0.6966 -0.1717 0.6966
vn -0.6966 -0.4758 0.5370
vn -0.6966 -0.6708 0.2544
vn -0.6966 -0.7122 -0.0865
vn -0.6966 -0.5905 -0.4076
vn -0.6966 -0.3334 -0.6353
vn -0.7045 -0.0855 -0.7045
vn -0.4390 -0.0000 -0.8985
vn -0.9676 -0.0000 -0.2523
vn -0.9677 -0.0000 -0.2523
vn -0.9677 -0.0000 -0.2522
vn -0.3928 0.9190 0.0344
vn -0.2023 0.1953 -0.9597
vn -0.2068 0.1905 -0.9597
vn -0.2031 0.3768 -0.9038
vn -0.1864 0.5913 -0.7846
vn -0.1988 0.5822 -0.7884
vn -0.1595 0.8939 -0.4189
vn -0.1830 0.8838 -0.4306
vn -0.1594 0.9653 -0.2068
vn -0.1335 0.9910 0.0017
vn -0.1566 0.9876 -0.0133
vn -0.5747 0.8163 0.0582
vn -0.9697 0.2152 0.1153
vn -0.8396 0.5349 0.0948
vn -0.9804 0.1953 0.0241
vn -0.8633 0.1183 -0.4907
vn -0.8479 0.3605 -0.3886
vn -0.8209 0.5460 -0.1674
vn -0.8082 0.5889 0.0030
vn -0.7081 0.7020 0.0762
vn -0.4885 0.8724 -0.0192
vn -0.5177 0.7915 -0.3249
vn -0.5569 0.5226 -0.6456
vn -0.5790 0.1721 -0.7969
vn -0.9901 0.1290 -0.0551
vn -0.9950 0.0422 -0.0910
vn -0.9992 0.0395 -0.0000
vn -0.9882 0.1534 0.0016
vn -0.9844 0.1758 0.0025
vn -0.9406 0.3395 -0.0012
vn -0.9175 0.3978 -0.0000
vn -0.8653 0.5012 -0.0000
vn -0.8636 0.5041 0.0001
vn -0.8085 0.5885 -0.0000
vn -0.1295 0.9916 -0.0000
vn -0.1315 0.9913 -0.0001
vn -0.3019 0.9533 -0.0000
vn -0.3655 0.9308 -0.0010
vn -0.4719 0.8816 0.0017
vn -0.6378 0.7702 -0.0035
vn -0.6500 0.7599 -0.0027
vn -0.7721 0.6355 0.0008
vn -0.1395 0.9846 0.1054
vn -0.4313 0.8413 0.3259
vn -0.6749 0.5333 0.5100
vn -0.7860 0.1716 0.5939
vn -0.1355 0.9815 0.1355
vn -0.1205 0.9849 0.1245
vn -0.3817 0.8436 0.3776
vn -0.3896 0.8347 0.3891
vn -0.5962 0.5369 0.5968
vn -0.5894 0.5585 0.5837
vn -0.6939 0.1733 0.6989
vn -0.6934 0.1962 0.6933
vn -0.9045 0.1483 0.3999
vn -0.8948 0.1727 0.4118
vn -0.8051 0.4721 0.3591
vn -0.7477 0.5368 0.3909
vn -0.6003 0.7550 0.2640
vn -0.4495 0.8430 0.2955
vn -0.1415 0.9804 0.1369
vn -0.0503 0.9874 0.1502
vn -0.1312 0.9841 0.1201
vn -0.0513 0.9878 0.1473
vn -0.3165 0.9398 0.1292
vn -0.2806 0.9297 0.2388
vn -0.9539 0.1935 0.2296
vn -0.9649 0.1650 0.2044
vn -0.8188 0.5017 0.2791
vn -0.8370 0.4808 0.2613
vn -0.6941 0.6772 0.2442
vn -0.5978 0.7543 0.2716
vn -0.5600 0.7931 0.2397
vn -0.3788 0.9031 0.2023
vn -0.2574 0.9606 0.1051
vn -0.7845 0.1605 -0.5990
vn -0.9636 0.1890 -0.1890
vn -0.4136 0.2356 -0.8795
vn -0.5973 0.2076 -0.7747
vn -0.7041 0.2721 -0.6559
vn -0.6947 0.5085 -0.5086
vn -0.9636 0.0692 -0.2582
vn -0.1710 0.2550 -0.9517
vn -0.2540 0.3078 -0.9169
vn -0.2560 0.6050 -0.7539
vn -0.3091 0.6724 -0.6725
vn -0.2574 0.7792 -0.5715
vn -0.2567 0.8929 -0.3699
vn -0.2567 0.9582 -0.1262
vn -0.3108 0.9181 -0.2461
vn -0.6948 0.6947 -0.1862
vn -0.9636 0.2582 -0.0692
vn -0.2560 0.9010 0.3502
vn -0.3091 0.9186 0.2460
vn -0.6948 0.6948 0.1861
vn -0.6947 0.6948 0.1861
vn -0.9636 0.2582 0.0691
vn -0.2506 0.6847 0.6844
vn -0.6948 0.5087 0.5085
vn -0.9636 0.1890 0.1890
vn -0.6587 -0.3013 -0.6894
vn -0.6261 -0.3076 -0.7165
vn -0.6626 -0.2569 -0.7036
vn -0.6730 -0.2472 -0.6971
vn -0.6639 -0.2109 -0.7175
vn -0.6903 -0.1870 -0.6990
vn -0.6811 -0.1516 -0.7164
vn -0.6968 -0.1404 -0.7034
vn -0.6946 -0.1038 -0.7118
vn -0.7014 -0.1077 -0.7046
vn -0.7016 -0.0746 -0.7087
vn -0.7116 -0.0708 -0.6990
vn -0.7050 -0.0481 -0.7076
vn -0.0783 0.9874 0.1372
vn -0.1571 0.9513 0.2654
vn -0.2744 0.8426 0.4633
vn -0.0880 0.9855 0.1451
vn -0.1008 0.9854 0.1370
vn -0.1008 0.9854 0.1371
vn -0.1192 0.9854 0.1214
vn -0.1352 0.9854 0.1033
vn -0.1468 0.9855 0.0857
vn -0.4516 0.8524 0.2636
vn -0.7110 0.5677 0.4150
vn -0.8377 0.2274 0.4966
vn -0.8272 0.2872 0.4829
vn -0.7910 0.1835 0.5836
vn -0.7935 0.0528 0.6063
vn -0.7551 0.1997 0.6244
vn -0.7350 0.2332 0.6367
vn -0.6802 0.2398 0.6927
vn -0.5936 0.4916 0.6372
vn -0.5920 0.0415 0.8049
vn -0.4397 0.5500 0.7101
vn -0.6544 0.5672 0.5000
vn -0.5770 0.5672 0.5876
vn -0.4880 0.5672 0.6634
vn -0.4089 0.5678 0.7144
vn -0.4743 0.2250 0.8511
vn -0.4515 0.8524 0.2636
vn -0.4158 0.8522 0.3177
vn -0.3666 0.8522 0.3734
vn -0.3101 0.8522 0.4215
vn -0.2701 0.8527 0.4472
vn -0.4154 0.5175 0.7481
vn -0.0000 0.1758 0.9844
vn -0.0000 0.9298 0.3681
vn -0.0001 0.9120 0.4102
vn 0.0003 0.8293 0.5589
vn -0.0000 0.5391 0.8422
vn -0.0000 0.8029 0.5961
vn -0.5546 -0.0000 0.8321
vn -0.1939 -0.0001 0.9810
vn -0.1889 -0.1691 0.9673
vn -0.1887 -0.9666 0.1737
vn -0.5446 -0.8255 0.1483
vn -0.8253 -0.5557 0.0998
vn -0.8254 -0.5557 0.0999
vn -0.9799 -0.1961 0.0352
vn -0.8232 -0.3032 0.4800
vn -0.8233 -0.3032 0.4799
vn -0.5416 -0.4490 0.7107
vn -0.1873 -0.5247 0.8305
vn -0.1873 -0.8255 0.5324
vn -0.5416 -0.7065 0.4556
vn -0.5415 -0.7065 0.4556
vn -0.8233 -0.4771 0.3077
vn -0.8233 -0.4770 0.3076
vn -0.9796 -0.1688 0.1088
vn -0.9796 -0.1072 0.1697
vn -0.1924 -0.1649 0.9674
vn -0.5494 -0.1482 0.8223
vn -0.5446 -0.1407 0.8268
vn -0.8273 -0.1005 0.5528
vn -0.8253 -0.0938 0.5568
vn -0.9801 -0.0376 0.1950
vn -0.1380 -0.9808 -0.1380
vn -0.3928 -0.8315 -0.3929
vn -0.3928 -0.8315 -0.3928
vn -0.5879 -0.5556 -0.5879
vn -0.6935 -0.1951 -0.6935
vn -0.4635 0.8659 0.1883
vn -0.8339 0.4868 0.2602
vn -0.9050 0.3925 0.1644
vn -0.9822 0.1754 0.0674
vn -0.8345 0.4863 0.2592
vn -0.8057 0.5331 0.2580
vn -0.7657 0.6302 0.1287
vn -0.6480 0.7576 0.0781
vn -0.1735 0.5452 0.8201
vn -0.1735 0.5452 0.8202
vn -0.1735 0.8202 0.5452
vn -0.1735 0.8201 0.5452
vn -0.1490 0.9673 0.2054
vn -0.1271 0.9733 0.1912
vn -0.1271 0.1912 0.9733
vn -0.1490 0.2054 0.9673
vn -0.2974 0.1705 0.9394
vn -0.9822 0.0674 0.1754
vn -0.9050 0.1643 0.3924
vn -0.8345 0.2594 0.4861
vn -0.8341 0.2592 0.4869
vn -0.8057 0.2580 0.5331
vn -0.7657 0.1286 0.6303
vn -0.6480 0.0781 0.7576
vn -0.4635 0.1883 0.8658
vn -0.4725 0.1717 0.8644
vn -0.5318 0.4466 0.7195
vn -0.5318 0.7195 0.4466
vn -0.4726 0.8644 0.1717
vn -0.2974 0.9394 0.1705
vn -0.3251 0.8787 0.3495
vn -0.0038 1.0000 0.0044
vn -0.0038 1.0000 0.0046
vn -0.0042 1.0000 0.0047
vn -0.0032 1.0000 0.0047
vn -0.0922 0.9815 0.1676
vn -0.0933 0.9887 0.1174
vn -0.0482 0.9885 0.1432
vn -0.0475 0.9972 0.0581
vn 0.9988 -0.0347 0.0341
vn 0.9822 -0.1871 -0.0165
vn 0.6823 -0.5601 -0.4699
vn 0.2929 -0.5260 -0.7985
vn 0.0779 -0.4737 -0.8772
vn 0.5163 0.0180 0.8562
vn 0.6098 0.0006 0.7926
vn 0.0796 0.1199 0.9896
vn 0.0578 -0.5047 -0.8614
vn 0.0360 -0.3061 -0.9513
vn 0.8969 -0.4421 0.0028
vn 0.9979 -0.0356 -0.0535
vn 0.9866 -0.1627 -0.0097
vn 0.9936 -0.1105 -0.0246
vn 0.9967 -0.0785 -0.0224
vn 0.9903 -0.1202 0.0699
vn 0.9890 -0.1241 0.0801
vn 0.9865 -0.1603 0.0331
vn 0.9925 -0.0079 0.1219
vn 0.9919 -0.0291 0.1236
vn 0.9954 -0.0622 0.0730
vn 0.9946 -0.0647 0.0815
vn 0.9921 -0.0942 0.0833
vn 0.9918 0.0534 0.1162
vn 0.9968 0.0474 0.0651
vn 0.9991 0.0404 0.0160
vn 0.9991 0.0411 0.0089
vn 0.9990 0.0299 -0.0324
vn 0.9987 0.0295 -0.0407
vn 0.9988 0.0304 -0.0383
vn 0.9986 0.0313 -0.0419
vn 0.9410 -0.3286 -0.0808
vn 0.9603 -0.2582 -0.1055
vn 0.9818 -0.1546 -0.1099
vn 0.9784 -0.2061 -0.0155
vn 0.9878 -0.1415 -0.0654
vn 0.8012 -0.5606 -0.2092
vn 0.7966 -0.5486 -0.2538
vn 0.8274 -0.4972 -0.2611
vn 0.6553 -0.7175 -0.2362
vn 0.6908 -0.6410 -0.3344
vn 0.7264 -0.5942 -0.3452
vn 0.0542 0.0435 -0.9976
vn 0.2615 0.2060 -0.9430
vn 0.4415 0.0646 -0.8949
vn 0.5591 0.0581 -0.8271
vn 0.6429 0.0721 -0.7625
vn 0.6438 0.0705 -0.7619
vn 0.7238 0.0765 -0.6858
vn 0.7208 0.0850 -0.6879
vn 0.7969 0.0715 -0.5999
vn 0.7883 0.1124 -0.6050
vn 0.8602 0.0497 -0.5075
vn 0.8297 0.2367 -0.5055
vn 0.9641 0.0680 -0.2567
vn 0.9447 0.0437 -0.3249
vn 0.9283 0.0622 -0.3667
vn 0.9945 0.0608 -0.0851
vn 0.9878 0.0702 -0.1390
vn 0.9870 0.0730 -0.1430
vn 0.9785 0.0555 -0.1986
vn 0.9658 0.0649 -0.2510
vn 0.5360 -0.0300 -0.8437
vn 0.5556 0.0621 -0.8291
vn 0.4897 0.0495 -0.8705
vn 0.3696 -0.0232 -0.9289
vn 0.3822 0.0362 -0.9234
vn 0.4602 0.0505 -0.8864
vn 0.4317 -0.0515 -0.9006
vn 0.5054 -0.0196 -0.8627
vn 0.2484 0.0315 -0.9681
vn 0.1962 -0.0977 -0.9757
vn 0.2984 -0.0662 -0.9522
vn 0.2574 -0.1604 -0.9529
vn 0.3807 -0.2079 -0.9010
vn 0.1341 -0.1162 -0.9841
vn 0.1040 -0.0605 -0.9927
vn 0.1390 0.0181 -0.9901
vn 0.1720 0.0060 -0.9851
vn 0.1815 0.0309 -0.9829
vn 0.0689 -0.0888 -0.9937
vn 0.0372 -0.1525 -0.9876
vn 0.1450 -0.2000 -0.9690
vn 0.1458 -0.1985 -0.9692
vn 0.2685 -0.2497 -0.9303
vn 0.2672 -0.2523 -0.9300
vn 0.3905 -0.2999 -0.8704
vn 0.2927 -0.4459 -0.8459
vn 0.8016 -0.2913 -0.5221
vn 0.3432 -0.6144 -0.7104
vn 0.1388 -0.6110 -0.7794
vn 0.0649 -0.3673 -0.9278
vn 0.0689 -0.3602 -0.9303
vn 0.1663 -0.4048 -0.8992
vn 0.1246 -0.4722 -0.8726
vn 0.1926 -0.4043 -0.8941
vn 0.1165 -0.5686 -0.8143
vn 0.2459 -0.5070 -0.8261
vn 0.7533 -0.4982 -0.4294
vn 0.7544 -0.5743 -0.3179
vn 0.8245 -0.4528 -0.3394
vn 0.5317 -0.7459 -0.4012
vn 0.6399 -0.6318 -0.4375
vn 0.7009 -0.6455 -0.3033
vn 0.7653 -0.5577 -0.3215
vn 0.8330 -0.5001 -0.2365
vn 0.8617 -0.4456 -0.2427
vn 0.9043 -0.3939 -0.1646
vn 0.9471 -0.2754 -0.1645
vn 0.9844 -0.1536 -0.0858
vn 0.9696 -0.2305 -0.0817
vn 0.9517 -0.2746 -0.1374
vn 0.9313 -0.3391 -0.1331
vn 0.8956 -0.3945 -0.2055
vn 0.8758 -0.4388 -0.2011
vn 0.8187 -0.4991 -0.2839
vn 0.7646 -0.5854 -0.2694
vn 0.7039 -0.5748 -0.4172
vn 0.6074 -0.6957 -0.3835
vn 0.5471 -0.6789 -0.4896
vn 0.4539 -0.7421 -0.4932
vn 0.4012 -0.7259 -0.5587
vn 0.9931 -0.0957 -0.0672
vn 0.9981 -0.0483 -0.0371
vn 0.9984 -0.0480 -0.0308
vn 0.9987 0.0352 -0.0356
vn 0.9993 0.0363 -0.0087
vn 0.9709 -0.2227 -0.0880
vn 0.9811 -0.1879 -0.0464
vn 0.9820 -0.1830 -0.0467
vn 0.9889 -0.1487 -0.0072
vn 0.9907 -0.1357 -0.0081
vn 0.9941 -0.1047 0.0267
vn 0.9869 -0.1609 0.0148
vn 0.9889 -0.1477 0.0141
vn 0.9916 -0.1215 0.0442
vn 0.9937 -0.1039 0.0430
vn 0.9940 -0.0612 0.0905
vn 0.9929 0.0127 0.1183
vn 0.9929 -0.0062 0.1184
vn 0.9954 -0.0317 0.0901
vn 0.9937 -0.0626 0.0925
vn 0.9972 -0.0656 0.0367
vn 0.9959 -0.0867 0.0253
vn 0.9926 -0.1211 -0.0137
vn 0.9906 -0.1359 -0.0124
vn 0.9833 -0.1736 -0.0552
vn 0.9815 -0.1833 -0.0545
vn 0.9687 -0.2255 -0.1033
vn 0.9693 -0.2230 -0.1035
vn 0.9513 -0.2663 -0.1553
vn 0.9921 -0.1251 0.0106
vn 0.9994 -0.0334 0.0033
vn 0.9968 -0.0305 0.0744
vn 0.9972 0.0232 0.0704
vn 0.9949 -0.1006 -0.0118
vn 0.9998 -0.0078 -0.0185
vn 0.9995 -0.0060 0.0305
vn 0.9991 0.0316 0.0279
vn 0.9983 0.0462 0.0366
vn 0.9991 0.0404 -0.0110
vn 0.9997 -0.0237 -0.0065
vn 0.9985 -0.0253 -0.0479
vn 0.9938 -0.1019 -0.0437
vn 0.9885 -0.1365 -0.0646
vn 0.9795 -0.1920 -0.0610
vn 0.9666 -0.2316 -0.1098
vn 0.9520 -0.2872 -0.1057
vn 0.9245 -0.3401 -0.1720
vn 0.9103 -0.3781 -0.1684
vn 0.8641 -0.4387 -0.2467
vn 0.8205 -0.5212 -0.2349
vn 0.7684 -0.5151 -0.3797
vn 0.6845 -0.6380 -0.3528
vn 0.6037 -0.6179 -0.5037
vn 0.9775 -0.1929 -0.0854
vn 0.9675 -0.2392 -0.0817
vn 0.9470 -0.2884 -0.1415
vn 0.9372 -0.3200 -0.1385
vn 0.9012 -0.3787 -0.2109
vn 0.8961 -0.3914 -0.2095
vn 0.8422 -0.4548 -0.2895
vn 0.8495 -0.4395 -0.2917
vn 0.7793 -0.5033 -0.3735
vn 0.7713 -0.5172 -0.3708
vn 0.7448 -0.5131 -0.4266
vn 0.6463 -0.5718 -0.5053
vn 0.6704 -0.5777 -0.4656
vn 0.5567 -0.6299 -0.5416
vn 0.5873 -0.6388 -0.4971
vn 0.4623 -0.6815 -0.5673
vn 0.5010 -0.6947 -0.5161
vn 0.3700 -0.7267 -0.5789
vn 0.4015 -0.7391 -0.5409
vn 0.3123 -0.7458 -0.5885
vn 0.5966 0.0013 -0.8025
vn 0.6708 -0.0238 -0.7413
vn 0.6374 0.0321 -0.7699
vn 0.7484 -0.0041 -0.6632
vn 0.7208 0.0435 -0.6918
vn 0.8183 0.0108 -0.5747
vn 0.7959 0.0523 -0.6032
vn 0.8789 0.0222 -0.4765
vn 0.8606 0.0603 -0.5058
vn 0.9071 0.0420 -0.4187
vn 0.9050 -0.0177 -0.4251
vn 0.7579 -0.1655 -0.6311
vn 0.8490 -0.1909 -0.4928
vn 0.8278 -0.1342 -0.5447
vn 0.9021 -0.1558 -0.4025
vn 0.8872 -0.1085 -0.4485
vn 0.9438 -0.1271 -0.3052
vn 0.9345 -0.0882 -0.3450
vn 0.9735 -0.1045 -0.2035
vn 0.9688 -0.0729 -0.2368
vn 0.9912 -0.0874 -0.0989
vn 0.9901 -0.0626 -0.1257
vn 0.9972 -0.0738 -0.0137
vn 0.9982 -0.0227 -0.0551
vn 0.8410 -0.2232 -0.4928
vn 0.9067 -0.2388 -0.3476
vn 0.8956 -0.1879 -0.4031
vn 0.9444 -0.2005 -0.2606
vn 0.9384 -0.1599 -0.3064
vn 0.9708 -0.1701 -0.1691
vn 0.9688 -0.1388 -0.2052
vn 0.9863 -0.1473 -0.0745
vn 0.9870 -0.1245 -0.1012
vn 0.9915 -0.1300 -0.0084
vn 0.9906 -0.1364 0.0102
vn 0.0685 -0.6949 -0.7159
vn 0.2289 -0.6803 -0.6963
vn 0.1439 -0.6427 -0.7525
vn 0.3037 -0.6187 -0.7246
vn 0.2433 -0.5937 -0.7670
vn 0.3959 -0.5595 -0.7281
vn 0.3558 -0.5445 -0.7595
vn 0.4955 -0.5011 -0.7095
vn 0.4696 -0.4925 -0.7327
vn 0.5920 -0.4423 -0.6738
vn 0.5761 -0.4376 -0.6904
vn 0.6789 -0.3838 -0.6259
vn 0.7261 -0.3956 -0.5624
vn 0.7258 -0.3963 -0.5623
vn 0.8105 -0.4143 -0.4140
vn 0.8250 -0.3801 -0.4182
vn 0.8802 -0.3876 -0.2739
vn 0.8850 -0.3756 -0.2753
vn 0.9257 -0.3176 -0.2052
vn 0.9214 -0.3308 -0.2038
vn 0.9517 -0.2747 -0.1374
vn 0.9538 -0.2667 -0.1382
vn 0.9730 -0.2167 -0.0798
vn 0.9772 -0.1962 -0.0817
vn 0.0573 0.0546 -0.9969
vn 0.0855 0.0040 -0.9963
vn 0.0855 0.0023 -0.9963
vn 0.0887 0.0019 -0.9961
vn 0.1751 -0.0212 -0.9843
vn 0.3892 0.0293 0.9207
vn 0.0498 -0.2606 -0.9642
vn 0.0535 -0.2536 -0.9658
vn 0.1568 -0.3003 -0.9409
vn 0.1577 -0.2985 -0.9413
vn 0.2758 -0.3483 -0.8959
vn 0.2607 -0.3753 -0.8895
vn 0.3352 -0.4052 -0.8506
vn 0.4661 -0.3618 -0.8074
vn 0.4538 -0.3575 -0.8163
vn 0.5649 -0.3108 -0.7644
vn 0.5625 -0.3100 -0.7665
vn 0.6539 -0.2623 -0.7096
vn 0.7115 -0.2790 -0.6449
vn 0.6990 -0.3133 -0.6428
vn 0.7975 -0.3377 -0.5000
vn 0.7962 -0.3412 -0.4997
vn 0.8660 -0.3545 -0.3526
vn 0.8763 -0.3256 -0.3552
vn 0.9187 -0.3301 -0.2168
vn 0.9228 -0.3176 -0.2179
vn 0.9511 -0.2663 -0.1564
vn 0.9487 -0.2750 -0.1557
vn 0.9694 -0.2254 -0.0977
vn 0.9711 -0.2173 -0.0985
vn 0.9837 -0.1733 -0.0478
vn 0.9847 -0.1675 -0.0483
vn 0.9923 -0.1215 -0.0229
vn 0.9968 -0.0757 -0.0267
vn 0.9955 -0.0719 0.0619
vn 0.9984 -0.0070 0.0568
vn 0.9913 -0.0032 0.1314
vn 0.9913 0.0261 0.1293
vn 0.9904 0.0333 0.1339
vn 0.9902 0.0367 0.1345
vn 0.9878 0.0528 0.1467
vn 0.9982 0.0527 -0.0301
vn 0.9957 0.0661 -0.0651
vn 0.9995 -0.0072 -0.0300
vn 0.9885 0.0098 -0.1509
vn 0.9924 -0.0194 -0.1217
vn 0.9642 0.0016 -0.2653
vn 0.9719 -0.0315 -0.2332
vn 0.9266 -0.0091 -0.3760
vn 0.9387 -0.0464 -0.3416
vn 0.8759 -0.0220 -0.4820
vn 0.8931 -0.0645 -0.4453
vn 0.8133 -0.0375 -0.5807
vn 0.8361 -0.0866 -0.5417
vn 0.7407 -0.0563 -0.6695
vn 0.7694 -0.1135 -0.6286
vn 0.6597 -0.0790 -0.7474
vn 0.9837 -0.1710 0.0554
vn 0.9837 -0.1767 0.0326
vn 0.9841 -0.1767 -0.0168
vn 0.9771 -0.1988 -0.0759
vn 0.9760 -0.1987 -0.0891
vn 0.9586 -0.2286 -0.1696
vn 0.9606 -0.2289 -0.1576
vn 0.9282 -0.2665 -0.2598
vn 0.9158 -0.2646 -0.3022
vn 0.8899 -0.2980 -0.3454
vn 0.8557 -0.2915 -0.4277
vn 0.8577 -0.2848 -0.4280
vn 0.7753 -0.2654 -0.5731
vn 0.7853 -0.2322 -0.5740
vn 0.6784 -0.2022 -0.7063
vn 0.6943 -0.1453 -0.7049
vn 0.6276 -0.1236 -0.7687
vn 0.5531 -0.1622 -0.8172
vn 0.5381 -0.1571 -0.8281
vn 0.4464 -0.1962 -0.8731
vn 0.3577 -0.1643 -0.9193
vn 0.4047 -0.0419 -0.9135
vn 0.3176 -0.0735 -0.9454
vn 0.3582 0.0441 -0.9326
vn 0.2890 0.0173 -0.9572
vn 0.2888 0.0167 -0.9572
vn 0.1615 0.0778 -0.9838
vn 0.4393 -0.5287 -0.7262
vn 0.0843 -0.7166 -0.6924
vn 0.1408 -0.7288 -0.6701
vn 0.1447 -0.7017 -0.6976
vn 0.1637 -0.7481 -0.6431
vn 0.2243 -0.7340 -0.6410
vn 0.2071 -0.7259 -0.6558
vn 0.3519 -0.7055 -0.6151
vn 0.2953 -0.6828 -0.6683
vn 0.4401 -0.6516 -0.6179
vn 0.3975 -0.6362 -0.6612
vn 0.5339 -0.5942 -0.6015
vn 0.5026 -0.5843 -0.6371
vn 0.6250 -0.5334 -0.5699
vn 0.6022 -0.5272 -0.5995
vn 0.7072 -0.4706 -0.5277
vn 0.7436 -0.4782 -0.4673
vn 0.7632 -0.4394 -0.4738
vn 0.8313 -0.4508 -0.3252
vn 0.8372 -0.4383 -0.3271
vn 0.8922 -0.3760 -0.2501
vn 0.8861 -0.3914 -0.2482
vn 0.9276 -0.3305 -0.1743
vn 0.9308 -0.3208 -0.1753
vn 0.9578 -0.2659 -0.1096
vn 0.9642 -0.2402 -0.1120
vn 0.9790 -0.1953 -0.0586
vn 0.9832 -0.1724 -0.0606
vn 0.9913 -0.1269 -0.0344
vn 0.9971 -0.0648 -0.0390
vn 0.9977 -0.0625 0.0252
vn 0.9998 0.0081 0.0199
vn 0.9967 0.0105 0.0799
vn 0.9964 0.0304 0.0786
vn 0.9943 0.0523 0.0927
vn -0.0765 0.6075 0.7906
vn -0.1273 0.6532 0.7464
vn -0.2371 0.7994 0.5521
vn -0.2748 0.8227 0.4977
vn -0.4774 0.8444 -0.2430
vn -0.4681 0.8836 -0.0125
vn -0.3829 0.8948 0.2297
vn -0.3860 0.8970 0.2154
vn -0.3501 0.8743 0.3361
vn -0.4868 0.5729 -0.6594
vn -0.4870 0.5818 -0.6514
vn -0.4853 0.5944 -0.6412
vn -0.4960 0.6277 -0.6000
vn -0.5024 0.7400 -0.4472
vn -0.5253 0.6822 -0.5085
vn -0.5120 0.7578 -0.4044
vn -0.5406 0.7417 -0.3970
vn -0.5303 0.7531 -0.3894
vn -0.4817 0.8676 -0.1234
vn -0.5105 0.8522 -0.1145
vn -0.5173 0.8073 -0.2839
vn -0.3597 0.8634 0.3537
vn -0.4033 0.8771 0.2607
vn -0.4137 0.8784 0.2391
vn -0.4365 0.8864 0.1540
vn -0.4861 0.8728 -0.0444
vn -0.0820 0.6106 0.7877
vn -0.0816 0.6189 0.7812
vn -0.2595 0.7875 0.5590
vn -0.2530 0.7768 0.5767
vn -0.3080 0.8319 0.4616
vn -0.9844 -0.0000 -0.1758
vn -0.1294 -0.0000 -0.9916
vn -0.1758 -0.0017 -0.9844
vn -0.9175 -0.0000 -0.3978
vn -0.8636 -0.0019 -0.5041
vn -0.8422 -0.0033 -0.5391
vn -0.7721 -0.0000 -0.6355
vn -0.6499 -0.0000 -0.7600
vn -0.5391 -0.0031 -0.8422
vn -0.4720 -0.0000 -0.8816
vn -0.3018 -0.0000 -0.9534
vn -0.7876 -0.6043 -0.1202
vn -0.1915 -0.9626 -0.1915
vn -0.1721 -0.2020 -0.9641
vn -0.5317 -0.1652 -0.8307
vn -0.1915 -0.1915 -0.9626
vn -0.1915 -0.5453 -0.8161
vn -0.1915 -0.8161 -0.5453
vn -0.4354 -0.8829 -0.1756
vn -0.5471 -0.1525 -0.8231
vn -0.5481 -0.4647 -0.6954
vn -0.5481 -0.6954 -0.4647
vn -0.5501 -0.8142 -0.1856
vn -0.8264 -0.1098 -0.5522
vn -0.8264 -0.3128 -0.4681
vn -0.8264 -0.4681 -0.3128
vn -0.8264 -0.4682 -0.3128
vn -0.8288 -0.5424 -0.1375
vn -0.9659 -0.2588 -0.0033
vn -0.9838 -0.0349 -0.1757
vn -0.9800 -0.1950 -0.0388
vn -0.9800 -0.1653 -0.1104
vn -0.9800 -0.1104 -0.1653
vn -0.9805 -0.0512 -0.1899
vn -0.8386 -0.0924 -0.5368
vn 0.5473 0.0228 0.8366
vn 0.9731 -0.1736 0.1515
vn 0.7224 0.6902 0.0419
vn 0.3250 0.9305 0.1690
vn 0.2445 0.1245 0.9616
vn 0.2056 0.1419 0.9683
vn 0.1329 0.1742 0.9757
vn 0.1359 0.1752 0.9751
vn 0.1657 0.5192 0.8384
vn 0.1487 0.5331 0.8329
vn 0.1791 0.8092 0.5595
vn 0.1645 0.8180 0.5513
vn 0.1541 0.9187 0.3637
vn 0.1659 0.9647 0.2047
vn 0.1215 0.9771 0.1745
vn 0.8107 0.5504 0.1997
vn 0.8242 0.5052 0.2559
vn 0.8714 0.4204 0.2529
vn 0.8168 -0.3229 0.4782
vn 0.9440 -0.1337 0.3017
vn 0.9663 -0.0747 0.2465
vn 0.9696 -0.0789 0.2315
vn 0.9921 0.0354 0.1199
vn 0.6731 -0.0742 0.7358
vn 0.7843 -0.0232 0.6200
vn 0.8586 0.1696 0.4838
vn 0.8756 0.4086 0.2577
vn 0.9730 0.2189 0.0733
vn 0.4072 0.0817 0.9097
vn 0.4600 0.1037 0.8818
vn 0.5371 0.4183 0.7325
vn 0.5426 0.7038 0.4586
vn 0.5425 0.7038 0.4586
vn 0.4930 0.8437 0.2125
vn 0.5134 0.8398 0.1765
vn -0.0000 0.5779 -0.8161
vn -0.0007 0.5571 -0.8305
vn -0.0003 0.5641 -0.8257
vn -0.0035 0.5626 -0.8267
vn 0.0015 0.5728 -0.8197
vn -0.0019 0.5770 -0.8168
vn -0.0056 0.5760 -0.8174
vn -0.0040 0.5759 -0.8175
vn -0.0037 0.5547 -0.8321
vn 0.0019 0.5476 -0.8367
vn -0.0020 0.5441 -0.8390
vn 0.0020 0.5376 -0.8432
vn -0.0000 0.5427 -0.8399
vn -0.0003 0.5615 -0.8275
vn -0.0009 0.5526 -0.8334
vn -0.0007 0.5570 -0.8305
vn -0.1916 -0.9815 -0.0000
vn -0.2401 -0.9708 -0.0000
vn -0.2189 -0.9757 -0.0027
vn -0.5507 -0.8347 0.0019
vn -0.5937 -0.8047 -0.0001
vn -0.7676 -0.6410 0.0001
vn -0.8295 -0.5585 0.0025
vn -0.8892 -0.4576 -0.0006
vn -0.9706 -0.2407 0.0008
vn -0.9806 -0.1962 0.0022
vn -0.9977 -0.0678 -0.0000
vn -0.4799 -0.0000 0.8773
vn -0.5269 -0.0220 0.8496
vn -0.5612 -0.0013 0.8277
vn -0.6239 0.0006 0.7815
vn -0.6821 -0.0162 0.7310
vn -0.7015 0.0023 0.7127
vn -0.7561 -0.0002 0.6544
vn -0.7674 0.0007 0.6411
vn -0.8993 -0.0000 0.4374
vn -0.8800 0.0089 0.4749
vn -0.8604 -0.0068 0.5095
vn -0.8150 0.0066 0.5795
vn -0.8049 -0.0000 0.5934
vn -0.7709 -0.0000 0.6370
vn -0.9140 -0.0000 0.4058
vn -0.9143 0.0001 0.4050
vn -0.9299 -0.0002 0.3678
vn -0.9473 0.0131 0.3202
vn -0.9498 0.0094 0.3127
vn -0.9723 -0.0061 0.2338
vn -0.9768 -0.0000 0.2141
vn -0.9840 -0.0000 0.1782
vn -0.9853 0.0003 0.1706
vn -0.9905 0.0028 0.1375
vn -0.9930 -0.0043 0.1179
vn -0.9989 -0.0000 0.0461
vn -0.9994 0.0052 0.0343
vn -0.9998 0.0142 0.0129
vn -1.0000 -0.0012 -0.0006
vn -0.9410 -0.1925 -0.2783
vn -0.9412 -0.1890 -0.2799
vn -0.8012 -0.5502 -0.2355
vn -0.8035 -0.5453 -0.2387
vn -0.5383 -0.8278 -0.1581
vn -0.5406 -0.8259 -0.1605
vn -0.1899 -0.9802 -0.0555
vn -0.1907 -0.9800 -0.0564
vn -0.7990 -0.1925 -0.5697
vn -0.7990 -0.1925 -0.5698
vn -0.6798 -0.5503 -0.4848
vn -0.6799 -0.5502 -0.4848
vn -0.4567 -0.8279 -0.3256
vn -0.4567 -0.8279 -0.3257
vn -0.1610 -0.9803 -0.1148
vn -0.2191 -0.1464 -0.9646
vn -0.1464 -0.2191 -0.9647
vn -0.6044 -0.1202 -0.7876
vn -0.2585 -0.0514 -0.9647
vn -0.8910 -0.1772 -0.4179
vn -0.7837 -0.1559 -0.6013
vn -0.2536 -0.1710 -0.9521
vn -0.0844 -0.4240 -0.9017
vn -0.1206 -0.6062 -0.7861
vn -0.6588 -0.2570 -0.7070
vn -0.5936 -0.3966 -0.7002
vn -0.3966 -0.5936 -0.7002
vn -0.2564 -0.6591 -0.7070
vn -0.1562 -0.7850 -0.5994
vn -0.9661 -0.1922 -0.1725
vn -0.9286 -0.2674 -0.2573
vn -0.8042 -0.5373 -0.2542
vn -0.5373 -0.8042 -0.2542
vn -0.1887 -0.9486 -0.2542
vn -0.1935 -0.5973 0.7784
vn -0.4730 -0.6990 0.5364
vn -0.4300 -0.8721 0.2337
vn -0.5443 -0.8057 0.2338
vn -0.5955 -0.7760 0.2079
vn -0.8224 -0.5495 0.1472
vn -0.7780 -0.5969 0.1961
vn -0.9762 -0.2166 0.0131
vn -0.9636 -0.2582 0.0692
vn -0.1887 -0.6944 0.6944
vn -0.5423 -0.5941 0.5941
vn -0.8224 -0.4023 0.4022
vn -0.8224 -0.4023 0.4023
vn -0.9794 -0.1426 0.1426
vn -0.1887 -0.2542 0.9486
vn -0.5423 -0.2175 0.8116
vn -0.8224 -0.1472 0.5495
vn -0.8224 -0.1473 0.5495
vn -0.9794 -0.0522 0.1948
vn -0.1295 -0.0037 0.9916
vn -0.9844 -0.0000 0.1758
vn -0.9808 -0.0010 0.1951
vn -0.9175 0.0002 0.3978
vn -0.8315 -0.0016 0.5556
vn -0.8636 -0.0044 0.5041
vn -0.3018 -0.0004 0.9534
vn -0.4720 0.0007 0.8816
vn -0.5556 -0.0026 0.8315
vn -0.6500 -0.0000 0.7600
vn -0.7721 -0.0000 0.6356
vn -0.7064 -0.0392 -0.7068
vn -0.7061 -0.0428 -0.7068
vn -0.7052 -0.0489 -0.7073
vn -0.7058 -0.0448 -0.7070
vn 0.9588 -0.2606 -0.1131
vn 0.9613 -0.2636 0.0799
vn 0.9551 -0.2963 -0.0000
vn -1.0000 0.0002 0.0001
vn -1.0000 -0.0008 -0.0001
vn -0.9590 -0.2817 0.0323
vn -0.5461 -0.8377 -0.0044
vn -0.5533 -0.8330 -0.0041
vn -0.5802 -0.8145 -0.0042
vn -0.5532 -0.8330 -0.0079
vn -0.6165 -0.7873 -0.0099
vn -0.6577 -0.7531 -0.0174
vn -0.8203 -0.5701 -0.0455
vn -0.8088 -0.5863 -0.0453
vn -0.7634 -0.6448 -0.0381
vn -0.7805 -0.6243 -0.0333
vn -0.7297 -0.6830 -0.0326
vn -0.9065 -0.4164 -0.0700
vn -0.8975 -0.4354 -0.0698
vn -0.8680 -0.4927 -0.0615
vn -0.8788 -0.4736 -0.0582
vn -0.8428 -0.5351 -0.0576
vn -0.9518 -0.2972 -0.0761
vn -0.9452 -0.3159 -0.0825
vn -0.9624 -0.2531 -0.0982
vn -0.9791 -0.1621 -0.1232
vn -0.9787 -0.1480 -0.1420
vn -0.9778 -0.1450 -0.1514
vn -0.9941 -0.0803 -0.0724
vn -0.9953 -0.0634 -0.0726
vn -0.9950 -0.0685 -0.0725
vn -0.9907 -0.1031 -0.0884
vn -0.9934 -0.0918 -0.0684
vn -0.9933 -0.0941 -0.0676
vn -0.9942 -0.0807 -0.0711
vn -0.9887 -0.1157 -0.0957
vn -0.9874 -0.1249 -0.0970
vn -0.9840 -0.1499 -0.0960
vn -0.9849 -0.1472 -0.0915
vn -0.9819 -0.1594 -0.1024
vn -0.9938 -0.1108 0.0080
vn -0.9950 -0.0994 -0.0080
vn -0.9953 -0.0950 -0.0183
vn -0.9940 -0.1065 0.0257
vn -0.9939 -0.1075 0.0256
vn -0.9970 -0.0683 0.0368
vn -0.9971 -0.0663 0.0368
vn -0.9785 -0.2061 0.0114
vn -0.9877 -0.1538 0.0272
vn -0.9885 -0.1490 0.0253
vn -0.9365 -0.3506 -0.0001
vn -0.9521 -0.3058 0.0099
vn -0.9754 -0.2203 -0.0027
vn -0.8646 -0.5024 -0.0116
vn -0.8607 -0.5090 -0.0122
vn -0.8588 -0.5121 -0.0119
vn -0.8513 -0.5246 -0.0112
vn -0.8681 -0.4962 -0.0112
vn -0.8785 -0.4776 -0.0101
vn -0.8924 -0.4512 -0.0100
vn -0.9084 -0.4181 0.0007
vn -0.9314 -0.3640 0.0009
vn -0.8289 -0.5593 -0.0094
vn -0.8090 -0.5876 -0.0122
vn -0.7749 -0.6320 -0.0087
vn -0.7493 -0.6622 -0.0112
vn -0.7169 -0.6971 -0.0074
vn -0.6844 -0.7291 -0.0094
vn -0.6582 -0.7528 -0.0058
vn -0.6179 -0.7862 -0.0099
vn -0.6179 -0.7862 -0.0064
vn -0.6122 -0.7906 -0.0071
vn -0.4992 -0.8665 -0.0012
vn -0.4963 -0.8681 0.0006
vn -0.4957 -0.8685 0.0035
vn -0.5005 -0.8657 -0.0005
vn -0.5008 -0.8656 0.0065
vn -0.5025 -0.8646 -0.0005
vn -0.5004 -0.8658 -0.0027
vn -0.4927 -0.8702 -0.0005
vn -0.5463 -0.8223 0.1593
vn -0.5233 -0.8522 -0.0004
vn -0.5216 -0.8532 -0.0019
vn -0.5174 -0.8557 -0.0049
vn -0.5112 -0.8594 -0.0089
vn -0.5053 -0.8629 -0.0119
vn -0.5090 -0.8607 -0.0102
vn -0.4986 -0.8667 -0.0149
vn -0.5029 -0.8642 -0.0130
vn -0.5022 -0.8646 -0.0132
vn -0.5029 -0.8643 -0.0130
vn -0.5035 -0.8639 -0.0128
vn -0.5178 -0.8555 -0.0090
vn -0.5424 -0.8401 -0.0055
vn -0.5743 -0.8187 -0.0036
vn -0.8600 -0.5088 -0.0392
vn -0.8691 -0.4934 -0.0342
vn -0.8086 -0.5874 -0.0335
vn -0.8209 -0.5705 -0.0278
vn -0.7490 -0.6620 -0.0269
vn -0.7637 -0.6452 -0.0209
vn -0.6842 -0.7290 -0.0200
vn -0.6900 -0.7236 -0.0179
vn -0.6959 -0.7180 -0.0178
vn -0.9948 -0.0950 -0.0363
vn -0.9928 -0.1069 -0.0534
vn -0.9865 -0.1546 -0.0532
vn -0.9873 -0.1504 -0.0507
vn -0.9750 -0.2166 -0.0505
vn -0.9758 -0.2134 -0.0486
vn -0.9554 -0.2913 -0.0485
vn -0.9469 -0.3165 -0.0561
vn -0.9332 -0.3566 -0.0439
vn -0.9801 -0.1670 -0.1073
vn -0.9782 -0.1749 -0.1115
vn -0.9708 -0.2123 -0.1115
vn -0.9784 -0.1836 -0.0946
vn -0.9696 -0.2239 -0.0984
vn -0.9950 -0.0936 0.0352
vn -0.9956 -0.0938 -0.0019
vn -0.9888 -0.1492 -0.0020
vn -0.9880 -0.1546 -0.0052
vn -0.9785 -0.2063 -0.0054
vn -0.9762 -0.2165 -0.0115
vn -0.9592 -0.2823 -0.0117
vn -0.9565 -0.2913 -0.0144
vn -0.9363 -0.3508 -0.0146
vn -0.9341 -0.3567 -0.0164
vn -0.9025 -0.4305 -0.0165
vn -0.9016 -0.4303 -0.0435
vn -0.9076 -0.4179 -0.0397
vn -0.9045 -0.4165 -0.0913
vn -0.9283 -0.3653 -0.0690
vn -0.6758 0.0244 0.7366
vn -1.0000 0.0011 -0.0000
vn -0.9804 0.0569 0.1887
vn -0.9545 -0.0362 0.2959
vn -0.9462 0.0180 0.3232
vn -0.8824 -0.0040 0.4704
vn -0.9984 0.0056 0.0562
vn -0.9986 0.0018 0.0536
vn -1.0000 0.0010 0.0007
vn -1.0000 0.0019 0.0003
vn -1.0000 0.0011 -0.0002
vn -0.9894 0.0063 -0.1449
vn -0.9909 -0.0057 -0.1348
vn -0.9978 0.0015 -0.0662
vn -0.9981 -0.0002 -0.0610
vn -0.9998 0.0012 -0.0211
vn -0.9998 -0.0011 -0.0191
vn -1.0000 0.0005 -0.0001
vn -1.0000 0.0004 -0.0000
vn -1.0000 0.0003 -0.0001
vn -0.9659 -0.0000 -0.2587
vn -0.9554 -0.0027 -0.2953
vn -0.9480 -0.0599 -0.3127
vn -0.9728 -0.0005 -0.2316
vn -0.9684 0.0053 -0.2492
vn -0.9689 0.0048 -0.2475
vn -0.9738 -0.0012 -0.2272
vn -0.9743 0.0170 -0.2248
vn -0.9744 0.0130 -0.2246
vn -0.9472 0.0470 0.3171
vn -0.9873 -0.0379 0.1541
vn -0.9807 0.0096 0.1955
vn -0.9907 0.0017 0.1363
vn -0.9839 -0.0715 0.1641
vn -0.7288 0.0169 0.6845
vn -0.7286 -0.0073 0.6849
vn -0.7929 0.0234 0.6089
vn -0.7855 0.0097 0.6188
vn -0.8834 -0.0061 0.4686
vn -0.8862 0.0215 0.4628
vn -0.9607 -0.0457 0.2738
vn -0.7291 0.0197 0.6841
vn -0.7311 0.0289 0.6816
vn -0.6744 -0.0000 0.7383
vn -0.6761 0.0049 0.7368
vn -0.6665 0.0067 0.7454
vn -0.6665 0.0068 0.7455
vn -0.9744 -0.1766 -0.1387
vn -0.9763 0.1367 -0.1678
vn -0.9607 -0.1768 -0.2141
vn -0.9325 -0.1763 -0.3153
vn -0.9324 -0.1763 -0.3154
vn -0.8985 -0.1768 -0.4018
vn -0.8851 0.0476 -0.4630
vn -0.8645 -0.1765 -0.4705
vn -0.4254 -0.4610 -0.7788
vn -0.4647 -0.2458 -0.8507
vn -0.8001 -0.1765 -0.5733
vn -0.8027 0.0433 -0.5949
vn -0.7530 -0.1768 -0.6338
vn -0.6903 -0.1763 -0.7017
vn -0.5730 -0.1763 -0.8003
vn -0.4680 -0.1767 -0.8659
vn -0.4783 -0.0732 -0.8751
vn -0.3678 -0.6399 -0.6747
vn -0.1853 -0.9217 -0.3409
vn -0.0847 -0.9841 -0.1561
vn -0.0827 -0.9850 -0.1512
vn -0.1005 -0.9850 -0.1404
vn -0.1006 -0.9850 -0.1404
vn -0.1211 -0.9850 -0.1231
vn -0.1388 -0.9850 -0.1028
vn -0.1387 -0.9850 -0.1028
vn -0.1530 -0.9850 -0.0801
vn -0.1636 -0.9850 -0.0553
vn -0.1702 -0.9850 -0.0293
vn -0.9832 -0.1766 -0.0454
vn -0.9832 -0.1767 -0.0454
vn -0.8397 -0.5416 -0.0388
vn -0.1722 -0.9850 -0.0080
vn -0.5339 -0.8452 -0.0247
vn -0.5275 -0.8447 -0.0907
vn -0.5070 -0.8447 -0.1715
vn -0.4743 -0.8447 -0.2481
vn -0.4742 -0.8447 -0.2481
vn -0.4300 -0.8447 -0.3187
vn -0.3754 -0.8447 -0.3816
vn -0.3753 -0.8447 -0.3815
vn -0.3116 -0.8447 -0.4352
vn -0.2518 -0.8451 -0.4716
vn -0.2767 -0.8164 -0.5069
vn -0.3970 -0.5415 -0.7411
vn -0.4897 -0.5409 -0.6839
vn -0.4897 -0.5408 -0.6839
vn -0.5899 -0.5408 -0.5996
vn -0.6758 -0.5409 -0.5008
vn -0.6758 -0.5408 -0.5008
vn -0.7453 -0.5408 -0.3899
vn -0.7968 -0.5409 -0.2695
vn -0.7968 -0.5408 -0.2695
vn -0.8290 -0.5408 -0.1425
vn -0.8289 -0.5409 -0.1425
vn -0.4771 0.3380 -0.8112
vn -0.9973 0.0169 -0.0708
vn -0.9107 0.4088 -0.0585
vn -0.3044 0.9523 -0.0209
vn -0.2374 0.8789 -0.4137
vn -0.3770 0.6873 -0.6209
vn -0.9748 0.1519 -0.1632
vn -0.9770 -0.0391 -0.2097
vn -0.2394 0.9706 -0.0248
vn -0.2357 0.9705 -0.0504
vn -0.2262 0.9729 -0.0473
vn -0.9609 0.1529 -0.2310
vn -0.9279 0.1528 -0.3400
vn -0.9278 0.1539 -0.3399
vn -0.8985 0.1542 -0.4109
vn -0.8799 0.0720 -0.4697
vn -0.8678 0.1547 -0.4722
vn -0.7988 0.1547 -0.5814
vn -0.8110 0.0681 -0.5810
vn -0.2215 0.9731 -0.0637
vn -0.2089 0.9749 -0.0764
vn -0.2077 0.9753 -0.0759
vn -0.1950 0.9753 -0.1041
vn -0.1895 0.9767 -0.1004
vn -0.1733 0.9767 -0.1262
vn -0.1713 0.9773 -0.1244
vn -0.1517 0.9775 -0.1465
vn -0.1375 0.9812 -0.1353
vn -0.1605 0.9774 -0.1373
vn -0.7612 0.1553 -0.6296
vn -0.7106 0.1550 -0.6863
vn -0.7106 0.1551 -0.6863
vn -0.6265 0.1553 -0.7638
vn -0.6161 -0.0238 -0.7873
vn -0.5721 0.1554 -0.8053
vn -0.4932 0.1550 -0.8560
vn -0.5001 0.0832 -0.8620
vn -0.4406 0.4744 -0.7621
vn -0.5424 0.4745 -0.6933
vn -0.5425 0.4745 -0.6932
vn -0.6332 0.4745 -0.6115
vn -0.6332 0.4743 -0.6116
vn -0.7119 0.4743 -0.5180
vn -0.7122 0.4734 -0.5184
vn -0.7772 0.4734 -0.4146
vn -0.7781 0.4712 -0.4154
vn -0.8283 0.4711 -0.3031
vn -0.8298 0.4679 -0.3040
vn -0.8642 0.4679 -0.1851
vn -0.8658 0.4646 -0.1858
vn -0.8834 0.4645 -0.0625
vn -0.9860 0.1515 -0.0698
vn -0.9806 0.1841 -0.0667
vn -0.9969 0.0344 -0.0707
vn -0.3846 0.6742 -0.6305
vn -0.4554 0.6737 -0.5820
vn -0.4554 0.6738 -0.5819
vn -0.5315 0.6738 -0.5133
vn -0.5317 0.6735 -0.5135
vn -0.5977 0.6735 -0.4350
vn -0.5985 0.6724 -0.4356
vn -0.6531 0.6724 -0.3484
vn -0.6553 0.6696 -0.3497
vn -0.6975 0.6696 -0.2552
vn -0.7009 0.6655 -0.2566
vn -0.7300 0.6654 -0.1562
vn -0.7335 0.6612 -0.1572
vn -0.7484 0.6611 -0.0524
vn -0.7961 0.6024 -0.0578
vn -0.2870 0.8348 -0.4699
vn -0.3396 0.8344 -0.4340
vn -0.3395 0.8345 -0.4339
vn -0.3963 0.8345 -0.3827
vn -0.3966 0.8342 -0.3831
vn -0.4460 0.8342 -0.3244
vn -0.4472 0.8331 -0.3255
vn -0.4882 0.8331 -0.2601
vn -0.4916 0.8303 -0.2624
vn -0.5236 0.8303 -0.1910
vn -0.5290 0.8262 -0.1937
vn -0.5511 0.8262 -0.1173
vn -0.5569 0.8219 -0.1193
vn -0.5687 0.8218 -0.0360
vn -0.6303 0.7750 -0.0453
vn -0.1031 0.9801 -0.1698
vn -0.1116 0.9775 -0.1788
vn -0.1301 0.9775 -0.1663
vn -0.1028 0.9851 -0.1378
vn -0.1373 0.9776 -0.1595
vn -0.0000 -0.8315 -0.5556
vn -0.0000 -0.9845 -0.1756
vn -0.0004 -0.9808 -0.1951
vn 0.0001 -0.9231 -0.3847
vn -0.0005 -0.8194 -0.5732
vn -0.0000 -0.1951 -0.9808
vn -0.0029 -0.0748 -0.9972
vn -0.0003 -0.2493 -0.9684
vn 0.0005 -0.5556 -0.8315
vn -0.0022 -0.4652 -0.8852
vn -0.0000 -0.6436 -0.7653
vn -0.6008 0.1610 0.7830
vn -0.1890 0.1890 0.9636
vn -0.0692 0.2582 0.9636
vn -0.8721 0.2337 0.4300
vn -0.7760 0.2079 0.5955
vn -0.6561 0.2718 0.7041
vn -0.5086 0.5086 0.6948
vn -0.5086 0.5086 0.6947
vn -0.1862 0.6948 0.6947
vn -0.1862 0.6947 0.6948
vn -0.9486 0.2542 0.1887
vn -0.9195 0.3005 0.2536
vn -0.7668 0.5884 0.2567
vn -0.6721 0.6721 0.3108
vn -0.5884 0.7667 0.2568
vn -0.2506 0.9351 0.2506
vn -0.4392 0.1177 0.8906
vn -0.1918 0.1845 0.9639
vn -1.0000 0.0016 -0.0053
vn -1.0000 0.0005 -0.0015
vn -1.0000 0.0003 -0.0010
vn -0.0000 0.9854 -0.1704
vn 0.0002 0.9831 -0.1833
vn -0.0003 0.8354 -0.5497
vn 0.0019 0.8868 -0.4621
vn -0.0000 0.5601 -0.8284
vn 0.0018 0.4747 -0.8802
vn -0.0008 0.6901 -0.7237
vn -0.0199 0.9002 -0.4350
vn -0.5731 0.3216 -0.7537
vn -0.5492 0.3201 -0.7719
vn -0.0974 0.9240 -0.3699
vn -0.0771 0.9889 -0.1271
vn -0.2696 0.7913 -0.5487
vn -0.2572 0.8851 -0.3879
vn -0.4113 0.6619 -0.6267
vn -0.1995 0.6058 -0.7702
vn -0.2823 0.4956 -0.8214
vn -0.0528 0.6889 -0.7229
vn 0.1373 0.7468 -0.6507
vn -0.0397 0.7372 -0.6745
vn -0.1391 0.1595 -0.9774
vn -0.0073 0.2625 -0.9649
vn -0.0643 0.2957 -0.9531
vn -0.2930 0.5276 -0.7974
vn -0.0653 0.4215 -0.9045
vn -0.0885 0.4883 -0.8682
vn -0.4832 0.2042 -0.8514
vn -0.5150 0.2321 -0.8251
vn -0.4763 0.3007 -0.8263
vn -0.5004 0.3185 -0.8050
vn -0.4317 0.5056 -0.7470
vn -0.5595 0.3799 -0.7367
vn -0.5449 0.3744 -0.7503
vn -0.3578 0.7129 -0.6032
vn -0.4358 0.5085 -0.7426
vn -0.2375 0.7825 -0.5756
vn -0.2824 0.6681 -0.6884
vn -0.1203 0.8608 -0.4946
vn -0.0742 0.7642 -0.6406
vn -0.4774 0.1384 -0.8677
vn -0.5018 0.1483 -0.8522
vn -0.2110 0.0464 -0.9764
vn -0.1751 0.0514 -0.9832
vn -0.1655 0.0477 -0.9850
vn -0.1666 0.0411 -0.9852
vn -0.4858 0.1060 -0.8676
vn -0.5119 0.1139 -0.8514
vn 0.0636 0.1944 0.9789
vn 0.0818 0.1896 0.9785
vn 0.0936 0.1917 0.9770
vn 0.1096 0.1895 0.9757
vn 0.1325 0.1932 0.9722
vn 0.1319 0.1928 0.9723
vn 0.1719 0.1869 0.9672
vn 0.1924 0.2051 0.9596
vn 0.0010 -0.8315 -0.5556
vn -0.0009 -0.9847 -0.1742
vn -0.0000 -0.9808 -0.1951
vn 0.0003 -0.5556 -0.8315
vn 0.0009 -0.5680 -0.8231
vn -0.0010 -0.8547 -0.5191
vn -0.0000 -0.3646 -0.9312
vn 0.0005 -0.1758 -0.9844
vn -0.0000 -0.1874 -0.9823
vn -0.5649 -0.8236 0.0509
vn -0.1997 -0.9797 0.0180
vn -0.9783 -0.1875 0.0882
vn -0.8370 -0.5420 0.0755
vn -0.8558 -0.1875 0.4821
vn -0.7322 -0.5420 0.4125
vn -0.4942 -0.8236 0.2784
vn -0.3362 -0.8236 0.4568
vn -0.3363 -0.8236 0.4567
vn -0.4983 -0.5420 0.6767
vn -0.5824 -0.1875 0.7910
vn -0.2062 -0.1875 0.9604
vn -0.2063 -0.1875 0.9604
vn -0.1765 -0.5420 0.8216
vn -0.1191 -0.8236 0.5546
vn -0.1191 -0.8236 0.5545
vn -0.0421 -0.9797 0.1961
vn -0.1189 -0.9797 0.1615
vn -0.5649 -0.8236 0.0510
vn -0.4942 -0.8236 0.2783
vn -0.1747 -0.9797 0.0984
vn -0.9989 0.0456 -0.0140
vn -0.9541 0.2994 -0.0027
vn -0.9777 0.1208 -0.1718
vn -0.8358 0.5436 -0.0776
vn -0.8156 0.5620 -0.1377
vn -0.6946 0.6982 -0.1733
vn -0.5274 0.8433 -0.1032
vn -0.4439 0.8809 -0.1642
vn -0.1729 0.9683 -0.1805
vn -0.1730 0.5517 -0.8159
vn -0.5328 0.4740 -0.7010
vn -0.5329 0.4740 -0.7010
vn -0.8381 0.3055 -0.4519
vn -0.8382 0.3055 -0.4518
vn -0.9839 0.1000 -0.1480
vn -0.9839 0.1001 -0.1480
vn -0.9839 0.1455 -0.1034
vn -0.1719 0.8229 -0.5415
vn -0.5304 0.7082 -0.4660
vn -0.8365 0.4577 -0.3012
vn -0.9858 0.1400 -0.0922
vn -0.9844 0.1617 -0.0692
vn -0.1566 0.2841 -0.9459
vn -0.9445 0.0780 -0.3190
vn -0.7619 0.1608 -0.6274
vn -0.7621 0.1608 -0.6271
vn -0.3746 0.2229 -0.9000
vn -0.4788 0.2230 -0.8491
vn -0.0752 0.2383 -0.9683
vn -0.1567 0.2411 -0.9578
vn -0.9844 0.0672 -0.1625
vn -0.1567 0.3774 -0.9127
vn -0.1758 0.3754 -0.9100
vn -0.4788 0.3364 -0.8109
vn -0.5390 0.3197 -0.7793
vn -0.7621 0.2493 -0.5976
vn -0.8421 0.2032 -0.4995
vn -0.9445 0.1278 -0.3026
vn -0.9973 0.0234 -0.0701
vn -0.9973 0.0252 -0.0694
vn -0.1567 0.3375 -0.9282
vn -0.4788 0.3001 -0.8251
vn -0.7621 0.2213 -0.6085
vn -0.9445 0.1122 -0.3086
vn -0.9973 0.0214 -0.0707
vn -0.9744 0.0548 -0.2180
vn -0.9972 0.0311 -0.0681
vn -0.9445 0.0952 -0.3144
vn -0.7620 0.1877 -0.6198
vn -0.4787 0.2545 -0.8403
vn -0.4786 0.2545 -0.8403
vn -0.0843 0.2888 -0.9537
vn -0.2065 0.3323 -0.9203
vn 0.1332 -0.2949 0.9462
vn 0.3864 -0.1949 0.9015
vn 0.7597 -0.0128 0.6501
vn 0.2038 -0.2150 0.9551
vn 0.2648 0.0397 0.9635
vn 0.9905 -0.1364 0.0193
vn 0.7976 0.1722 0.5781
vn 0.9796 0.0329 0.1981
vn 0.9192 0.0687 0.3878
vn 0.9495 0.0792 0.3035
vn 0.9408 0.0611 0.3335
vn 0.9645 0.0591 0.2575
vn 0.9588 0.0489 0.2800
vn 0.9757 0.0558 0.2120
vn 0.9755 0.0522 0.2136
vn 0.9879 -0.0290 0.1521
vn 0.9881 -0.0079 0.1538
vn 0.9819 -0.1707 0.0816
vn 0.9879 -0.1240 0.0937
vn 0.6888 0.0453 0.7235
vn 0.7561 0.1386 0.6397
vn 0.7422 0.0224 0.6698
vn 0.8219 0.1291 0.5549
vn 0.8159 0.0398 0.5768
vn 0.8786 0.1146 0.4636
vn 0.8775 0.0632 0.4754
vn 0.9254 0.0956 0.3668
vn 0.9254 0.0920 0.3676
vn 0.9612 0.0737 0.2657
vn 0.9584 0.1274 0.2553
vn 0.9859 0.0440 0.1612
vn 0.9761 0.1662 0.1398
vn 0.9985 0.0124 0.0539
vn 0.5869 0.0751 0.8062
vn 0.5714 0.0990 0.8147
vn 0.5387 0.0611 0.8403
vn 0.4926 0.0656 0.8678
vn 0.4739 0.0851 0.8765
vn 0.4230 0.0325 0.9055
vn 0.2183 0.0266 0.9755
vn 0.1460 0.0412 0.9884
vn 0.1107 0.0309 0.9934
vn 0.0466 -0.0285 0.9985
vn -0.0019 -0.2379 0.9713
vn 0.0288 -0.1996 0.9794
vn -0.0314 -0.1735 0.9843
vn 0.0217 -0.2680 0.9632
vn 0.0730 -0.2253 0.9715
vn 0.0472 -0.2395 0.9698
vn 0.0173 -0.2925 0.9561
vn 0.1222 -0.2141 0.9692
vn 0.0971 -0.2420 0.9654
vn 0.0898 -0.2742 0.9575
vn 0.0157 -0.2587 0.9658
vn 0.0177 -0.2912 0.9565
vn 0.3856 -0.1032 0.9169
vn 0.3987 -0.1202 0.9092
vn 0.4502 -0.0921 0.8882
vn 0.5320 -0.0784 0.8431
vn 0.6614 -0.0484 0.7484
vn 0.7583 0.0945 0.6450
vn 0.7578 0.0927 0.6459
vn 0.7649 0.0705 0.6403
vn 0.7719 0.1430 0.6194
vn 0.7936 0.1464 0.5905
vn 0.7417 0.2243 0.6321
vn 0.8034 0.1758 0.5689
vn 0.8073 0.1457 0.5719
vn 0.8178 0.1323 0.5602
vn 0.8215 0.0889 0.5632
vn 0.8212 0.0893 0.5636
vn 0.8239 0.0062 0.5667
vn 0.7426 0.0106 0.6696
vn 0.7322 -0.1364 0.6673
vn 0.5822 -0.1304 0.8025
vn 0.5575 -0.2676 0.7858
vn 0.7034 -0.2479 0.6661
vn 0.7433 -0.2077 0.6359
vn 0.7528 -0.1494 0.6411
vn 0.6001 -0.2863 0.7470
vn 0.6462 -0.2474 0.7219
vn 0.6579 -0.1875 0.7294
vn 0.7755 -0.1876 0.6029
vn 0.7895 -0.0697 0.6098
vn 0.4673 -0.3145 0.8263
vn 0.5130 -0.2818 0.8109
vn 0.5255 -0.2243 0.8207
vn 0.6864 -0.2301 0.6899
vn 0.7064 -0.0985 0.7010
vn 0.8082 -0.1007 0.5802
vn 0.8135 0.0222 0.5812
vn 0.7037 0.0679 0.7072
vn 0.6780 0.0364 0.7341
vn 0.6736 -0.0083 0.7391
vn 0.6304 -0.0375 0.7754
vn 0.6149 -0.1735 0.7693
vn 0.4525 -0.1628 0.8768
vn 0.4343 -0.2588 0.8628
vn 0.3424 -0.2886 0.8942
vn 0.3395 -0.3009 0.8912
vn 0.3068 -0.1362 0.9420
vn 0.3195 -0.4070 0.8558
vn 0.2964 -0.1852 0.9369
vn 0.2111 -0.2201 0.9524
vn 0.1976 -0.2819 0.9389
vn 0.0797 -0.2607 0.9621
vn 0.0699 -0.3031 0.9504
vn 0.0182 -0.2914 0.9564
vn 0.5986 -0.0489 0.7995
vn 0.5071 -0.0631 0.8596
vn 0.4903 -0.1859 0.8515
vn 0.3514 -0.1734 0.9200
vn 0.3299 -0.2807 0.9013
vn 0.1802 -0.2593 0.9488
vn 0.1667 -0.3180 0.9333
vn 0.0606 -0.2963 0.9532
vn 0.0616 -0.2919 0.9545
vn 0.0026 -0.2789 0.9603
vn 0.0299 -0.2605 0.9650
vn 0.2838 -0.3221 0.9032
vn 0.2552 -0.3028 0.9182
vn 0.4313 -0.3280 0.8405
vn 0.3876 -0.2991 0.8719
vn 0.5573 -0.3167 0.7675
vn 0.5077 -0.2836 0.8135
vn 0.6605 -0.2939 0.6909
vn 0.6124 -0.2602 0.7465
vn 0.7423 -0.2649 0.6154
vn 0.9852 -0.1624 0.0546
vn 0.9854 -0.1609 0.0551
vn 0.9780 -0.1630 0.1299
vn 0.9933 -0.1105 0.0338
vn 0.9911 -0.1327 0.0106
vn 0.9833 -0.1346 0.1228
vn 0.9826 -0.1311 0.1313
vn 0.9634 -0.1319 0.2334
vn 0.8084 -0.2344 0.5399
vn 0.7007 -0.2333 0.6743
vn 0.7003 -0.2348 0.6741
vn 0.6193 -0.2292 0.7509
vn 0.5908 -0.2521 0.7664
vn 0.5169 -0.2449 0.8202
vn 0.4888 -0.2649 0.8312
vn 0.3985 -0.2538 0.8814
vn 0.3740 -0.2697 0.8874
vn 0.2666 -0.2535 0.9299
vn 0.2491 -0.2641 0.9318
vn 0.1441 -0.2458 0.9585
vn 0.1319 -0.2529 0.9585
vn 0.9967 -0.0785 0.0183
vn 0.9970 -0.0691 0.0355
vn 0.9895 -0.0685 0.1274
vn 0.9897 -0.0714 0.1241
vn 0.9678 -0.0699 0.2417
vn 0.9691 -0.0761 0.2348
vn 0.9324 -0.0734 0.3538
vn 0.9353 -0.0823 0.3443
vn 0.8837 -0.0783 0.4615
vn 0.9992 -0.0227 0.0323
vn 0.9984 -0.0125 0.0550
vn 0.9908 -0.0106 0.1350
vn 0.9917 -0.0172 0.1277
vn 0.9680 -0.0135 0.2505
vn 0.9701 -0.0215 0.2419
vn 0.9318 -0.0168 0.3626
vn 0.9350 -0.0256 0.3538
vn 0.8822 -0.0196 0.4704
vn 0.8867 -0.0291 0.4615
vn 0.8203 -0.0218 0.5716
vn 0.9975 0.0527 0.0477
vn 0.9979 0.0490 0.0415
vn 0.9882 0.0535 0.1437
vn 0.9899 0.0447 0.1343
vn 0.9646 0.0505 0.2588
vn 0.9675 0.0412 0.2494
vn 0.9278 0.0475 0.3700
vn 0.9317 0.0383 0.3612
vn 0.8780 0.0452 0.4764
vn 0.8827 0.0363 0.4685
vn 0.8159 0.0441 0.5766
vn 0.8214 0.0349 0.5692
vn 0.7425 0.0437 0.6684
vn 0.3230 0.0247 0.9461
vn 0.4031 0.0468 0.9139
vn 0.3800 0.0292 0.9245
vn 0.4696 0.0183 0.8827
vn 0.4876 0.0331 0.8724
vn 0.5687 0.0236 0.8222
vn 0.5845 0.0382 0.8105
vn 0.6706 0.0283 0.7413
vn 0.6677 -0.0254 0.7440
vn 0.7558 -0.0358 0.6538
vn 0.7512 -0.0901 0.6539
vn 0.8295 -0.0976 0.5500
vn 0.8249 -0.1360 0.5487
vn 0.8895 -0.1393 0.4351
vn 0.8867 -0.1589 0.4341
vn 0.9330 -0.1587 0.3229
vn 0.9332 -0.1577 0.3230
vn 0.9613 -0.1557 0.2272
vn 0.9680 -0.1002 0.2300
vn 0.9800 -0.0989 0.1727
vn 0.9839 -0.0369 0.1751
vn 0.9932 -0.0361 0.1104
vn 0.9804 -0.0638 0.1864
vn 0.9710 -0.0278 0.2373
vn 0.9579 -0.0283 0.2858
vn 0.9674 -0.0124 0.2528
vn 0.9548 -0.0516 0.2927
vn 0.9506 -0.1102 0.2902
vn 0.9144 -0.1131 0.3886
vn 0.9050 -0.1824 0.3843
vn 0.8400 -0.1843 0.5103
vn 0.8387 -0.1919 0.5097
vn 0.7624 -0.1894 0.6187
vn 0.7661 -0.1680 0.6204
vn 0.6761 -0.1608 0.7191
vn 0.6830 -0.1139 0.7215
vn 0.5989 -0.1041 0.7941
vn 0.5822 -0.1180 0.8045
vn 0.5002 -0.1074 0.8592
vn 0.4834 -0.1200 0.8671
vn 0.3888 -0.1068 0.9151
vn 0.3733 -0.1175 0.9202
vn 0.2671 -0.1016 0.9583
vn 0.2539 -0.1102 0.9609
vn 0.1500 -0.0939 0.9842
vn 0.1352 -0.1031 0.9854
vn 0.0312 -0.0861 0.9958
vn 0.0396 -0.0698 0.9968
vn 0.6298 0.0710 0.7735
vn 0.6603 0.1104 0.7428
vn 0.6601 0.0426 0.7500
vn 0.7500 0.0327 0.6606
vn 0.7480 -0.0235 0.6633
vn 0.8262 -0.0323 0.5625
vn 0.8225 -0.0839 0.5626
vn 0.8884 -0.0896 0.4502
vn 0.8845 -0.1261 0.4491
vn 0.9306 -0.1278 0.3431
vn 0.9268 -0.1348 0.3506
vn 0.9645 -0.1347 0.2271
vn 0.9615 -0.1561 0.2260
vn 0.9764 -0.1544 0.1511
vn 0.9824 -0.1069 0.1534
vn 0.9855 -0.1065 0.1320
vn 0.9877 -0.0938 0.1249
vn 0.9321 0.0846 0.3522
vn 0.9349 0.0376 0.3528
vn 0.9520 0.0365 0.3039
vn 0.9576 0.0283 0.2868
vn 0.9659 0.0278 0.2575
vn 0.9710 0.0189 0.2383
vn 0.8602 0.1018 0.4996
vn 0.8842 0.1241 0.4504
vn 0.8888 0.0727 0.4525
vn 0.8921 0.0796 0.4448
vn 0.8946 0.0305 0.4458
vn 0.8927 0.0266 0.4499
vn 0.8927 -0.0298 0.4497
vn 0.8833 -0.0469 0.4665
vn 0.8809 -0.0871 0.4652
vn 0.8644 -0.1138 0.4898
vn 0.8576 -0.1673 0.4863
vn 0.9504 0.0583 0.3054
vn 0.9404 0.0277 0.3390
vn 0.9409 -0.0126 0.3385
vn 0.9385 -0.0187 0.3447
vn 0.9376 -0.0526 0.3437
vn 0.9321 -0.0654 0.3563
vn 0.9267 -0.1285 0.3533
vn 0.8734 -0.1322 0.4686
vn 0.8620 -0.2060 0.4631
vn 0.7761 -0.2070 0.5957
vn 0.7749 -0.2132 0.5951
vn 0.6848 -0.2086 0.6983
vn 0.6896 -0.1827 0.7007
vn 0.6067 -0.1749 0.7755
vn 0.5843 -0.1930 0.7882
vn 0.5062 -0.1840 0.8426
vn 0.4841 -0.2001 0.8519
vn 0.3917 -0.1877 0.9007
vn 0.3718 -0.2010 0.9063
vn 0.2658 -0.1850 0.9461
vn 0.2500 -0.1949 0.9484
vn 0.1474 -0.1778 0.9730
vn 0.1328 -0.1866 0.9734
vn 0.7807 -0.2068 0.5897
vn 0.8115 -0.1698 0.5592
vn 0.8146 -0.1482 0.5608
vn 0.8393 -0.1147 0.5314
vn 0.8430 -0.0703 0.5332
vn 0.8585 -0.0468 0.5107
vn 0.8595 0.0196 0.5108
vn 0.8646 0.0284 0.5016
vn 0.8618 0.0863 0.4998
vn 0.8596 0.0823 0.5043
vn 0.8553 0.1296 0.5017
vn 0.8537 0.1266 0.5052
vn 0.8236 0.1709 0.5408
vn 0.0276 0.0334 0.9991
vn 0.0578 0.0391 0.9976
vn 0.0323 -0.0091 0.9994
vn 0.1366 -0.0243 0.9903
vn 0.1495 -0.0158 0.9886
vn 0.2557 -0.0312 0.9663
vn 0.2673 -0.0233 0.9633
vn 0.3723 -0.0383 0.9273
vn 0.3862 -0.0283 0.9220
vn 0.4806 -0.0414 0.8759
vn 0.4954 -0.0299 0.8682
vn 0.5787 -0.0409 0.8145
vn 0.5926 -0.0288 0.8050
vn 0.6775 -0.0394 0.7345
vn 0.6717 -0.0966 0.7345
vn 0.7605 -0.1060 0.6406
vn 0.7550 -0.1479 0.6389
vn 0.8330 -0.1530 0.5317
vn 0.8300 -0.1723 0.5305
vn 0.8917 -0.1732 0.4181
vn 0.8927 -0.1673 0.4185
vn 0.9378 -0.1652 0.3052
vn 0.9457 -0.1023 0.3087
vn 0.9680 -0.1002 0.2301
vn 0.9721 -0.0298 0.2328
vn 0.9809 -0.0294 0.1923
vn 0.9810 0.0185 0.1934
vn 0.9815 0.0198 0.1905
vn 0.9808 0.0125 0.1944
vn 0.8919 0.0882 0.4436
vn 0.9089 0.1135 0.4014
vn 0.9132 0.0619 0.4028
vn 0.9167 0.0703 0.3934
vn 0.9187 0.0290 0.3938
vn 0.9192 -0.0187 0.3934
vn 0.9140 -0.0299 0.4047
vn 0.9125 -0.0665 0.4037
vn 0.9023 -0.0860 0.4224
vn 0.8950 -0.1545 0.4185
vn 0.8532 -0.1574 0.4972
vn 0.8134 -0.2097 0.5425
vn 0.7799 -0.2108 0.5893
vn 0.7465 -0.2468 0.6179
vn 0.7036 -0.2471 0.6662
vn 0.6630 -0.2841 0.6926
vn 0.6011 -0.2822 0.7477
vn 0.5575 -0.3160 0.7677
vn 0.4686 -0.3092 0.8275
vn 0.4292 -0.3356 0.8385
vn 0.3083 -0.3204 0.8957
vn 0.2825 -0.3272 0.9017
vn 0.1462 -0.3037 0.9415
vn 0.1461 -0.3041 0.9414
vn 0.0510 -0.2843 0.9574
vn 0.0607 -0.2393 0.9690
vn 0.0462 -0.2476 0.9678
vn 0.0610 -0.1739 0.9829
vn 0.0392 -0.1868 0.9816
vn 0.0512 -0.1224 0.9912
vn 0.0599 -0.1240 0.9905
vn -0.0000 -1.0000 0.0001
vn 0.0001 -1.0000 0.0001
vn 0.0001 -1.0000 0.0002
vn -0.0001 -1.0000 -0.0001
vn -0.0001 -1.0000 -0.0000
vn 0.0001 -1.0000 0.0003
vn 0.0002 -1.0000 0.0001
vn 0.0020 -0.0000 -1.0000
vn -0.0051 -0.0000 -1.0000
vn -0.0056 -0.0000 -1.0000
vn -0.0064 -0.0000 -1.0000
vn 0.0166 0.0012 -0.9999
vn 0.0122 0.0006 -0.9999
vn 0.0087 0.0003 -1.0000
vn 0.0040 -0.0000 -1.0000
vn 0.1120 -0.0000 0.9937
vn 0.3303 -0.0000 0.9439
vn 0.5320 -0.0000 0.8467
vn 0.7071 -0.0000 0.7071
vn 0.8467 -0.0000 0.5320
vn 0.9439 -0.0000 0.3303
vn 0.9937 -0.0000 0.1120
vn 0.9937 -0.0000 -0.1120
vn 0.9439 -0.0000 -0.3303
vn 0.8467 -0.0000 -0.5320
vn 0.7071 -0.0000 -0.7071
vn 0.5320 -0.0000 -0.8467
vn 0.3303 -0.0000 -0.9439
vn 0.1120 -0.0000 -0.9937
vn 0.1232 0.0224 -0.9921
vn 0.0208 0.0019 -0.9998
vn -0.0061 -0.0000 1.0000
vn -0.0068 0.0035 1.0000
vn -0.0043 0.0009 1.0000
vn -0.0024 0.0001 1.0000
vn -0.0008 -0.0000 1.0000
vn -0.0084 0.0001 -1.0000
vn -0.0150 0.0007 -0.9999
vn -0.1119 0.0201 -0.9935
vn -0.1233 -0.0000 -0.9924
vn -0.3303 -0.0000 -0.9439
vn -0.5320 -0.0000 -0.8467
vn -0.8467 -0.0000 -0.5320
vn -0.9439 -0.0000 -0.3303
vn -0.9937 -0.0000 -0.1120
vn -0.9937 -0.0000 0.1120
vn -0.9439 -0.0000 0.3303
vn -0.8467 -0.0000 0.5320
vn -0.5320 -0.0000 0.8467
vn -0.3303 -0.0000 0.9439
vn -0.1120 -0.0000 0.9937
vn -0.1232 0.0224 0.9921
vn -0.0172 0.0012 0.9999
vn 0.0891 0.5465 -0.8327
vn 0.1653 0.5313 -0.8309
vn 0.1897 0.4758 -0.8589
vn 0.1652 0.4711 -0.8665
vn 0.5363 0.4185 -0.7329
vn 0.5098 0.4156 -0.7533
vn 0.7142 0.3437 -0.6097
vn 0.9826 0.1281 -0.1344
vn 0.9524 0.1517 -0.2644
vn 0.8082 0.2902 -0.5124
vn 0.8825 0.2892 -0.3709
vn 0.8226 0.2943 -0.4866
vn 0.3092 0.5260 -0.7923
vn 0.5371 0.4411 -0.7190
vn 0.5099 0.4651 -0.7236
vn 0.7233 0.3688 -0.5838
vn 0.8080 0.2811 -0.5178
vn 0.9337 0.2590 -0.2473
vn 0.9005 0.1337 -0.4137
vn 0.1636 0.9853 -0.0498
vn 0.0406 0.9858 -0.1629
vn 0.0442 0.9842 -0.1713
vn 0.0874 0.9062 -0.4137
vn 0.4763 0.8696 -0.1298
vn 0.8957 0.3494 -0.2749
vn 0.8970 0.3422 -0.2797
vn 0.8539 0.3665 -0.3696
vn 0.9874 0.0901 -0.1300
vn 0.1857 0.5900 -0.7858
vn 0.1805 0.5330 -0.8266
vn 0.5060 0.5376 -0.6745
vn 0.5195 0.4649 -0.7169
vn 0.6610 0.4724 -0.5830
vn 0.2380 0.9707 -0.0343
vn 0.1889 0.9796 -0.0687
vn 0.4645 0.8792 -0.1064
vn 0.5803 0.8057 -0.1192
vn 0.1457 0.9757 -0.1640
vn 0.0754 0.9914 -0.1068
vn 0.2709 0.8918 -0.3624
vn 0.2449 0.9075 -0.3413
vn 0.8253 0.5493 -0.1309
vn 0.7540 0.6498 -0.0962
vn 0.8872 0.3676 -0.2790
vn 0.7381 0.6519 -0.1739
vn 0.6450 0.6526 -0.3976
vn 0.4157 0.8679 -0.2718
vn 0.3834 0.8919 -0.2397
vn 0.1442 0.9849 -0.0958
vn 0.1051 0.9928 -0.0580
vn 0.9691 0.2202 -0.1110
vn 0.9505 0.2767 -0.1413
vn 0.8678 0.4744 -0.1477
vn 0.1307 0.8463 -0.5164
vn 0.1372 0.7494 -0.6478
vn 0.3960 0.7506 -0.5289
vn 0.4131 0.7104 -0.5698
vn 0.5829 0.7135 -0.3888
vn 0.8000 0.3518 -0.4861
vn 0.7977 0.3632 -0.4814
vn 0.8870 0.2630 -0.3796
vn 0.3151 0.2100 -0.9255
vn 0.1561 0.0187 -0.9876
vn 0.2266 0.0385 -0.9732
vn 0.4537 0.0481 -0.8898
vn 0.5616 0.0719 -0.8242
vn 0.7511 0.0802 -0.6553
vn 0.5650 0.1918 -0.8025
vn 0.5023 0.3303 -0.7992
vn 0.3972 0.2557 -0.8814
vn 0.2798 0.3741 -0.8842
vn 0.0326 0.1539 -0.9876
vn 0.0177 0.1289 -0.9915
vn 0.1449 0.2091 -0.9671
vn 0.0850 0.1512 -0.9848
vn 0.1989 0.1227 -0.9723
vn 0.1069 0.0733 -0.9916
vn 0.0676 0.4462 -0.8924
vn 0.1294 0.5183 -0.8453
vn 0.2016 0.3890 -0.8989
vn 0.4179 0.4783 -0.7724
vn 0.4258 0.3798 -0.8213
vn 0.7780 0.4556 -0.4326
vn 0.6913 0.3606 -0.6262
vn 0.7487 0.2228 -0.6244
vn 0.8176 0.2490 -0.5193
vn 0.9767 0.1146 -0.1812
vn 0.9182 0.1116 -0.3800
vn 0.8990 0.1140 -0.4228
vn 0.8482 0.1005 -0.5200
vn 0.7036 0.0864 -0.7053
vn 0.6823 0.1932 -0.7051
vn 0.4357 0.1381 -0.8894
vn 0.3606 0.1062 -0.9267
vn 0.1500 0.0494 -0.9874
vn 0.1226 0.0372 -0.9918
vn 0.9377 0.2654 -0.2243
vn 0.2280 0.9650 -0.1297
vn 0.2376 0.9261 -0.2932
vn 0.2346 0.9140 -0.3311
vn 0.2147 0.8174 -0.5346
vn 0.2274 0.8224 -0.5215
vn 0.2109 0.5298 -0.8214
vn 0.2179 0.5221 -0.8246
vn 0.2225 0.3359 -0.9152
vn 0.2172 0.1689 -0.9614
vn 0.2222 0.1762 -0.9589
vn 0.5525 0.1626 -0.8175
vn 0.6966 0.3610 -0.6201
vn 0.9000 0.1052 -0.4231
vn 0.8542 0.4941 -0.1621
vn 0.9345 0.1859 -0.3035
vn 0.8204 0.5482 -0.1629
vn 0.8669 0.4742 -0.1535
vn 0.2579 0.9454 -0.1992
vn 0.4531 0.8709 -0.1902
vn 0.5699 0.8000 -0.1873
vn 0.6444 0.1537 -0.7491
vn 0.6371 0.4099 -0.6527
vn 0.6458 0.6258 -0.4375
vn 0.6629 0.6811 -0.3110
vn 0.7370 0.6437 -0.2058
vn 0.9194 0.2715 -0.2847
vn 0.7825 0.0756 -0.6181
vn -0.0003 1.0000 0.0002
vn -0.0006 1.0000 0.0012
vn 0.0003 1.0000 -0.0005
vn -0.0000 1.0000 0.0002
vn 0.0001 1.0000 -0.0000
vn 0.0001 1.0000 -0.0001
vn 0.0003 1.0000 -0.0003
vn -0.0000 0.1113 -0.9938
vn -0.0010 0.1539 -0.9881
vn 0.0013 0.4084 -0.9128
vn -0.0000 0.4472 -0.8944
vn -0.0000 0.5420 -0.8404
vn -0.0000 0.9986 -0.0530
vn 0.0023 0.9911 -0.1332
vn 0.0011 0.9872 -0.1596
vn -0.0000 0.1768 -0.9842
vn -0.0162 0.3451 -0.9384
vn -0.0000 0.1730 -0.9849
vn -0.0006 0.9612 -0.2758
vn -0.0000 0.9534 -0.3019
vn -0.0000 0.9080 -0.4190
vn -0.0039 0.9400 -0.3411
vn 0.0096 0.7963 -0.6049
vn -0.0000 0.8445 -0.5356
vn 0.9286 0.1434 -0.3423
vn 0.8869 0.1439 -0.4389
vn 0.7166 0.2155 -0.6634
vn 0.9925 0.0749 -0.0967
vn 0.7714 -0.1502 -0.6184
vn 0.6512 0.2414 -0.7195
vn 0.6241 0.2143 -0.7514
vn 0.6292 0.2176 -0.7461
vn 0.6278 0.2168 -0.7475
vn 0.6233 0.2148 -0.7519
vn 0.6080 0.2086 -0.7661
vn 0.6595 0.1843 -0.7287
vn 0.6265 0.1386 -0.7670
vn 0.6515 0.1027 -0.7517
vn 0.5806 0.2505 -0.7747
vn 0.5659 0.2389 -0.7891
vn 0.5948 0.2461 -0.7653
vn 0.4990 0.2605 -0.8265
vn 0.4796 0.2456 -0.8424
vn 0.5214 0.2584 -0.8133
vn 0.4108 0.2729 -0.8699
vn 0.4051 0.2590 -0.8768
vn 0.4038 0.2585 -0.8775
vn 0.4293 0.2651 -0.8634
vn 0.7277 0.2238 -0.6483
vn 0.7487 0.2192 -0.6257
vn 0.7450 0.2195 -0.6299
vn 0.7373 0.2209 -0.6385
vn 0.3828 0.3102 -0.8702
vn 0.3863 0.3288 -0.8618
vn 0.4562 0.2819 -0.8441
vn 0.4909 0.3199 -0.8103
vn 0.5670 0.2638 -0.7804
vn 0.5954 0.2900 -0.7493
vn 0.6671 0.2334 -0.7074
vn 0.6818 0.2513 -0.6870
vn 0.7036 0.2372 -0.6699
vn 0.7174 0.2283 -0.6582
vn 0.7595 0.2065 -0.6168
vn 0.7582 0.2079 -0.6179
vn 0.7485 0.2186 -0.6261
vn 0.7560 0.2188 -0.6169
vn 0.7507 0.2190 -0.6233
vn 0.8166 0.0620 -0.5739
vn 0.8197 -0.0150 -0.5726
vn 0.8315 -0.0502 -0.5532
vn 0.8356 -0.0374 -0.5480
vn 0.8378 -0.0308 -0.5450
vn 0.8396 -0.0263 -0.5426
vn 0.8419 -0.0203 -0.5392
vn 0.8434 -0.0172 -0.5370
vn 0.5612 0.0221 -0.8274
vn 0.6257 0.0585 -0.7779
vn 0.6634 -0.0037 -0.7482
vn 0.3449 0.1382 -0.9284
vn 0.2567 -0.0382 -0.9657
vn 0.3906 0.0963 -0.9155
vn 0.4575 0.0771 -0.8859
vn 0.4199 0.0181 -0.9074
vn 0.4977 0.0998 -0.8616
vn 0.7068 -0.0351 -0.7065
vn 0.6960 -0.0996 -0.7111
vn 0.7519 -0.1142 -0.6493
vn 0.8826 -0.1155 -0.4558
vn 0.9113 -0.0851 -0.4029
vn 0.9102 -0.0844 -0.4055
vn 0.9425 -0.0686 -0.3271
vn 0.9424 -0.0687 -0.3272
vn 0.9232 -0.0831 -0.3753
vn 0.9793 -0.0425 -0.1977
vn 0.9863 0.0588 -0.1544
vn 0.9882 0.0373 -0.1483
vn 0.9850 0.0091 -0.1723
vn 0.9858 -0.0031 -0.1679
vn 0.9814 -0.0223 -0.1906
vn 0.9806 -0.0482 -0.1901
vn 0.9846 0.1408 -0.1032
vn 0.9709 0.1600 -0.1782
vn 0.9816 0.1584 -0.1065
vn 0.9821 0.1571 -0.1035
vn 0.9897 0.1401 -0.0279
vn 0.9842 0.1707 -0.0475
vn 0.9835 0.1755 -0.0448
vn 0.9742 0.0726 -0.2137
vn 0.9854 0.0791 -0.1508
vn 0.9907 0.0793 -0.1108
vn 0.9793 0.0952 -0.1785
vn 0.9619 0.0781 -0.2621
vn 0.9528 0.0851 -0.2914
vn 0.9333 0.0837 -0.3492
vn 0.9351 0.0857 -0.3439
vn 0.9164 0.0890 -0.3902
vn 0.7259 0.0945 -0.6813
vn 0.6755 0.0653 -0.7345
vn 0.7189 0.0870 -0.6897
vn 0.7525 0.0717 -0.6547
vn 0.7178 0.0342 -0.6954
vn 0.7433 -0.0195 -0.6687
vn 0.7433 -0.0575 -0.6665
vn 0.8046 -0.0543 -0.5914
vn 0.8013 -0.1116 -0.5878
vn 0.8157 -0.1317 -0.5633
vn 0.8140 -0.1471 -0.5620
vn 0.8127 -0.1352 -0.5669
vn 0.8093 -0.1474 -0.5686
vn 0.8106 -0.1680 -0.5610
vn 0.8050 -0.1803 -0.5652
vn 0.7578 -0.1156 -0.6421
vn 0.7511 -0.0960 -0.6532
vn 0.7527 -0.0464 -0.6567
vn 0.7030 -0.0485 -0.7095
vn 0.6641 -0.0202 -0.7474
vn 0.6482 -0.0284 -0.7609
vn 0.5610 0.0205 -0.8275
vn 0.7887 0.0230 -0.6144
vn 0.7997 -0.0165 -0.6002
vn 0.7990 -0.0615 -0.5982
vn 0.8411 -0.0588 -0.5376
vn 0.8383 -0.1029 -0.5355
vn 0.8721 -0.1000 -0.4790
vn 0.8689 -0.1305 -0.4775
vn 0.8648 -0.1116 -0.4895
vn 0.8414 -0.1575 -0.5170
vn 0.8449 0.1332 -0.5180
vn 0.8630 0.0896 -0.4971
vn 0.8644 0.0725 -0.4976
vn 0.8264 0.0732 -0.5583
vn 0.8029 0.1601 -0.5742
vn 0.7830 0.1364 -0.6068
vn 0.7800 0.1851 -0.5978
vn 0.8379 0.1809 -0.5150
vn 0.8152 0.0799 -0.5736
vn 0.8471 0.1329 -0.5145
vn 0.3540 0.3278 -0.8759
vn 0.3310 0.3111 -0.8909
vn 0.4348 0.3272 -0.8390
vn 0.3962 0.3008 -0.8675
vn 0.5320 0.3139 -0.7864
vn 0.4914 0.2905 -0.8211
vn 0.6155 0.2987 -0.7294
vn 0.5746 0.2746 -0.7710
vn 0.6862 0.2789 -0.6718
vn 0.6479 0.2554 -0.7176
vn 0.7459 0.2569 -0.6145
vn 0.7124 0.2348 -0.6614
vn 0.7973 0.2344 -0.5562
vn 0.3835 0.3313 -0.8620
vn 0.3639 0.3211 -0.8743
vn 0.4873 0.3327 -0.8073
vn 0.4404 0.3067 -0.8438
vn 0.5885 0.3154 -0.7445
vn 0.5391 0.2879 -0.7915
vn 0.6718 0.2908 -0.6812
vn 0.6247 0.2636 -0.7351
vn 0.7385 0.2625 -0.6210
vn 0.6965 0.2366 -0.6774
vn 0.7918 0.2334 -0.5644
vn 0.7564 0.2096 -0.6196
vn 0.8356 0.2054 -0.5096
vn 0.8073 0.1844 -0.5606
vn 0.8452 0.1001 -0.5249
vn 0.8603 0.0915 -0.5015
vn 0.8518 0.1589 -0.4992
vn 0.9031 0.1593 -0.3989
vn 0.9016 0.1687 -0.3984
vn 0.9358 0.1667 -0.3107
vn 0.9419 0.1212 -0.3132
vn 0.9547 0.1581 -0.2521
vn 0.9697 0.1567 -0.1872
vn 0.9747 0.1194 -0.1892
vn 0.9844 0.1181 -0.1307
vn 0.9880 0.0871 -0.1273
vn 0.9569 0.1428 -0.2528
vn 0.9553 0.1400 -0.2604
vn 0.9739 0.1392 -0.1792
vn 0.9742 0.1399 -0.1772
vn 0.9844 0.1391 -0.1074
vn 0.9851 0.1436 -0.0949
vn 0.9890 0.1428 -0.0384
vn 0.9962 0.0850 -0.0199
vn 0.9963 0.0762 -0.0388
vn 0.8789 0.1941 -0.4357
vn 0.8202 0.1962 -0.5374
vn 0.8222 0.1852 -0.5382
vn 0.7480 0.1829 -0.6379
vn 0.7556 0.1368 -0.6406
vn 0.9244 0.0027 -0.3815
vn 0.9210 -0.0113 -0.3895
vn 0.8812 -0.0130 -0.4726
vn 0.7930 0.1094 -0.5994
vn 0.8129 0.0977 -0.5742
vn 0.8029 0.1701 -0.5713
vn 0.8658 0.1713 -0.4702
vn 0.8642 0.1806 -0.4696
vn 0.9104 0.1784 -0.3732
vn 0.9160 0.1415 -0.3754
vn 0.9387 0.1169 -0.3242
vn 0.9424 0.0745 -0.3260
vn 0.9489 0.0597 -0.3100
vn 0.9503 0.0030 -0.3114
vn 0.9508 0.0017 -0.3099
vn 0.8216 -0.0152 -0.5698
vn 0.8397 -0.0187 -0.5427
vn 0.8385 -0.0625 -0.5412
vn 0.8797 -0.0594 -0.4719
vn 0.8827 -0.0717 -0.4645
vn 0.9186 -0.0683 -0.3892
vn 0.9133 -0.0567 -0.4034
vn 0.9491 -0.0533 -0.3104
vn 0.9441 -0.0395 -0.3272
vn 0.8896 0.0979 -0.4460
vn 0.9014 0.0881 -0.4240
vn 0.8941 0.1498 -0.4221
vn 0.9334 0.1496 -0.3262
vn 0.9317 0.1610 -0.3256
vn 0.9554 0.1593 -0.2486
vn 0.9607 0.1194 -0.2508
vn 0.9691 0.1065 -0.2227
vn 0.9727 0.0577 -0.2248
vn 0.9720 0.0598 -0.2271
vn 0.9734 0.0019 -0.2289
vn 0.9714 0.0092 -0.2374
vn 0.9705 -0.0373 -0.2382
vn 0.9666 -0.0232 -0.2554
vn 0.9652 -0.0556 -0.2555
vn 0.9643 -0.0530 -0.2595
vn 0.6286 0.0809 -0.7736
vn 0.6920 0.0879 -0.7166
vn 0.6843 0.1441 -0.7148
vn 0.6987 0.1321 -0.7031
vn 0.6877 0.1964 -0.6989
vn 0.7725 0.2003 -0.6026
vn 0.7697 0.2146 -0.6013
vn 0.8413 0.2131 -0.4968
vn 0.8471 0.1821 -0.4992
vn 0.8904 0.1471 -0.4308
vn 0.8927 0.1291 -0.4318
vn 0.9108 0.0770 -0.4057
vn 0.9124 0.0863 -0.4001
vn 0.9150 0.0396 -0.4015
vn 0.8757 0.0403 -0.4811
vn 0.8766 0.0025 -0.4813
vn 0.8542 0.0017 -0.5199
vn 0.8448 -0.0145 -0.5349
vn -0.0861 0.1901 -0.9780
vn -0.0278 0.1912 -0.9811
vn -0.0338 0.2325 -0.9720
vn -0.1468 0.8652 -0.4795
vn -0.1042 0.6341 -0.7662
vn -0.1141 0.7116 -0.6932
vn -0.0835 0.5045 -0.8594
vn -0.1682 0.9767 -0.1333
vn -0.1627 0.9563 -0.2428
vn -0.1477 0.8727 -0.4654
vn -0.1661 0.9622 -0.2159
vn -0.1606 0.9255 0.3430
vn -0.1665 0.9580 0.2335
vn -0.1670 0.9701 0.1761
vn -0.1686 0.9837 -0.0627
vn -0.1555 0.8786 0.4515
vn -0.1572 0.8074 0.5687
vn -0.1104 0.5519 0.8265
vn -0.1339 0.2810 0.9503
vn -0.0962 0.2951 0.9506
vn -0.0792 0.2161 0.9732
vn -0.2466 0.2811 0.9275
vn -0.2339 0.2586 0.9372
vn -0.3758 0.4636 0.8024
vn -0.4150 0.5020 0.7588
vn -0.5166 0.6645 0.5399
vn -0.5248 0.6729 0.5214
vn -0.5863 0.7587 0.2838
vn -0.5902 0.7799 0.2085
vn -0.6012 0.7964 0.0659
vn -0.5952 0.8000 -0.0750
vn -0.5839 0.7980 -0.1493
vn -0.5635 0.7684 -0.3034
vn -0.0893 0.1933 -0.9771
vn -0.2754 0.4390 -0.8552
vn -0.2744 0.4373 -0.8564
vn -0.4523 0.6530 -0.6075
vn -0.4159 0.5878 -0.6939
vn -0.5015 0.7159 -0.4857
vn -0.0666 0.1889 -0.9797
vn -0.0726 0.1987 -0.9774
vn -0.2120 0.4705 -0.8566
vn -0.2149 0.4750 -0.8534
vn -0.3094 0.6539 -0.6905
vn -0.3101 0.6550 -0.6890
vn -0.3841 0.7901 -0.4778
vn -0.3834 0.7892 -0.4797
vn -0.4426 0.8865 -0.1352
vn -0.4413 0.8859 -0.1431
vn -0.4435 0.8670 0.2274
vn -0.4434 0.8704 0.2139
vn -0.3858 0.7330 0.5602
vn -0.3888 0.7438 0.5437
vn -0.2769 0.5013 0.8197
vn -0.2838 0.5213 0.8048
vn -0.2557 0.4617 0.8494
vn -0.1841 0.2905 0.9390
vn -0.0381 0.1892 -0.9812
vn -0.0412 0.1985 -0.9792
vn -0.1202 0.4971 -0.8593
vn -0.1228 0.5042 -0.8548
vn -0.1754 0.6991 -0.6932
vn -0.1770 0.7039 -0.6879
vn -0.2175 0.8502 -0.4794
vn -0.2186 0.8526 -0.4746
vn -0.2502 0.9589 -0.1337
vn -0.2504 0.9592 -0.1316
vn -0.2495 0.9400 0.2325
vn -0.2495 0.9404 0.2309
vn -0.2152 0.7948 0.5675
vn -0.2155 0.7976 0.5633
vn -0.1665 0.6003 0.7823
vn -0.1581 0.5467 0.8223
vn -0.1410 0.4827 0.8644
vn -0.0950 0.2871 0.9532
vn -0.0027 0.0442 -0.9990
vn -0.1049 0.0760 -0.9916
vn -0.0193 0.0760 -0.9969
vn -0.0082 0.0755 -0.9971
vn -0.0047 0.0748 -0.9972
vn -0.0017 0.0738 -0.9973
vn -0.0006 0.0730 -0.9973
vn -0.0000 0.0695 -0.9976
vn 0.0001 0.0717 -0.9974
vn -0.0003 0.0570 -0.9984
vn -0.0014 0.0485 -0.9988
vn 0.9983 0.0585 -0.0000
vn 0.9844 0.1758 -0.0028
vn 0.9725 0.2330 -0.0000
vn 0.8860 0.4636 -0.0000
vn 0.8422 0.5391 -0.0045
vn 0.7661 0.6427 -0.0000
vn 0.6872 0.7264 -0.0000
vn 0.5935 0.8048 0.0014
vn 0.5972 0.8021 0.0016
vn 0.4368 0.8995 -0.0008
vn 0.1761 0.9844 0.0063
vn 0.2403 0.9707 -0.0000
vn 0.1082 0.4300 -0.8963
vn 0.1691 0.4796 -0.8610
vn 0.6138 0.0863 -0.7848
vn 0.0444 0.1341 -0.9900
vn 0.0863 0.1109 -0.9901
vn 0.0350 0.4081 -0.9123
vn 0.2187 0.0998 -0.9707
vn 0.2739 0.1506 -0.9499
vn 0.4057 0.1769 -0.8967
vn 0.1751 0.4928 -0.8523
vn 0.7781 0.1257 -0.6154
vn 0.8088 0.2158 -0.5471
vn 0.8383 0.2329 -0.4929
vn 0.9829 0.0561 -0.1755
vn 0.9052 0.1293 -0.4048
vn 0.8465 0.2198 -0.4849
vn 0.5388 0.4587 -0.7066
vn 0.5547 0.3948 -0.7324
vn 0.4780 0.2279 -0.8483
vn 0.4826 0.2321 -0.8445
vn 0.2198 -0.0058 -0.9755
vn 0.2588 -0.0031 -0.9659
vn 0.0448 -0.0000 -0.9990
vn 0.9844 -0.0000 -0.1758
vn 0.9659 -0.0048 -0.2588
vn 0.9129 -0.0005 -0.4083
vn 0.4121 -0.0004 -0.9111
vn 0.4962 -0.0000 -0.8682
vn 0.6088 -0.0004 -0.7933
vn 0.6161 -0.0000 -0.7877
vn 0.7933 -0.0000 -0.6088
vn 0.7843 -0.0006 -0.6203
vn 0.8677 0.0001 -0.4971
vn 0.0005 -0.8208 -0.5712
vn -0.0005 -0.7919 -0.6106
vn 0.0008 -0.9683 -0.2499
vn 0.0081 -0.9997 -0.0224
vn -0.0000 -0.1036 -0.9946
vn 0.0021 -0.2588 -0.9659
vn -0.0000 -0.7212 -0.6928
vn -0.0000 -0.5629 -0.8265
vn -0.0012 -0.6069 -0.7948
vn 0.0006 -0.3714 -0.9285
vn 0.0018 -0.2733 -0.9619
vn 0.3583 0.1584 -0.9201
vn 0.7536 0.1313 -0.6441
vn 0.5009 0.4150 -0.7595
vn -0.1485 0.9505 -0.2728
vn 0.0060 0.9080 -0.4190
vn 0.0568 0.8309 -0.5535
vn 0.0952 0.7927 -0.6022
vn 0.5723 0.1508 -0.8060
vn 0.2407 0.6339 -0.7351
vn 0.3575 0.4734 -0.8051
vn 0.3257 0.4392 -0.8373
vn 0.3556 0.1607 -0.9207
vn 0.5696 0.1607 -0.8060
vn 0.6565 0.2511 -0.7113
vn 0.1230 0.1755 -0.9768
vn 0.1463 0.1589 -0.9764
vn 0.0691 0.5407 -0.8384
vn 0.1868 0.4786 -0.8579
vn 0.0672 0.7077 -0.7033
vn 0.2061 0.7024 -0.6813
vn 0.1633 0.0450 -0.9856
vn 0.1701 0.0465 -0.9843
vn 0.4708 0.1312 -0.8724
vn 0.4940 0.1363 -0.8587
vn 0.1675 0.0263 -0.9855
vn 0.1607 0.0249 -0.9867
vn 0.4830 0.0763 -0.8723
vn 0.4649 0.0724 -0.8824
vn 0.1988 -0.0031 -0.9800
vn 0.5328 -0.0031 -0.8463
vn 0.5691 -0.0813 -0.8183
vn 0.5671 -0.0923 -0.8184
vn 0.2333 -0.4341 -0.8701
vn 0.2473 -0.3989 -0.8830
vn 0.3569 -0.1923 -0.9141
vn 0.4695 -0.1857 -0.8632
vn 0.4691 -0.1852 -0.8635
vn 0.2206 -0.1011 -0.9701
vn 0.1816 -0.2688 -0.9459
vn 0.1033 -0.4060 -0.9080
vn 0.1006 -0.3696 -0.9237
vn 0.0827 -0.4507 -0.8889
vn 0.1396 -0.5574 -0.8184
vn -0.0738 -0.7192 -0.6909
vn -0.0786 0.1968 0.9773
vn -0.0669 0.1904 0.9794
vn -0.1073 0.1911 0.9757
vn -0.0968 0.1874 0.9775
vn -0.1343 0.1937 0.9718
vn -0.1316 0.1954 0.9719
vn -0.1805 0.1833 0.9664
vn 0.0151 0.2506 -0.9680
vn 0.2756 0.1415 -0.9508
vn 0.2718 0.1564 -0.9496
vn 0.2669 0.1869 -0.9454
vn 0.1840 0.0311 -0.9824
vn 0.1959 0.1236 -0.9728
vn 0.1618 0.2240 -0.9611
vn 0.1639 0.2310 -0.9591
vn 0.1216 0.1746 -0.9771
vn 0.1136 0.2629 -0.9581
vn 0.1092 0.2532 -0.9612
vn 0.0414 0.1331 -0.9902
vn 0.0839 0.3091 -0.9473
vn 0.0064 0.2459 -0.9693
vn 0.0134 0.2823 -0.9592
vn 0.0271 0.2269 -0.9735
vn 0.0507 0.2428 -0.9687
vn 0.0036 0.9700 0.2433
vn 0.0174 0.9748 0.2224
vn 0.0216 0.9724 0.2321
vn 0.0482 0.9724 0.2283
vn 0.0432 0.9736 0.2241
vn 0.0757 0.9713 0.2255
vn 0.0706 0.9739 0.2159
vn 0.0978 0.9717 0.2148
vn 0.1216 0.9706 0.2079
vn 0.1204 0.9711 0.2063
vn 0.1631 0.9638 0.2111
vn 0.1576 0.9657 0.2062
vn 0.2300 0.9499 0.2115
vn 0.2284 0.9514 0.2067
vn 0.2857 0.9325 0.2211
vn 0.2944 0.9293 0.2229
vn 0.3423 0.9126 0.2237
vn 0.3563 0.8969 0.2620
vn 0.4971 0.8269 0.2629
vn 0.4244 0.8467 0.3209
vn 0.5852 0.7401 0.3315
vn 0.4964 0.7733 0.3944
vn 0.5892 0.7020 0.4001
vn 0.5783 0.6685 0.4675
vn 0.5929 0.6547 0.4688
vn 0.5993 0.6326 0.4905
vn 0.6017 0.6284 0.4931
vn 0.5956 0.6071 0.5260
vn 0.6124 0.5914 0.5246
vn 0.5880 0.5699 0.5740
vn 0.6031 0.5560 0.5720
vn 0.5921 0.5463 0.5924
vn 0.5954 0.5301 0.6037
vn 0.5733 0.5435 0.6131
vn 0.6101 0.5129 0.6040
vn 0.5938 0.5215 0.6127
vn 0.9844 0.0969 -0.1468
vn 0.9850 0.0947 -0.1441
vn 0.8421 0.2970 -0.4502
vn 0.8589 0.2789 -0.4295
vn 0.5389 0.4644 -0.7028
vn 0.5945 0.4366 -0.6753
vn 0.1757 0.5392 -0.8236
vn 0.2361 0.5274 -0.8161
vn -0.9075 -0.1670 0.3854
vn -0.9320 -0.1657 0.3225
vn -0.0772 -0.2717 0.9593
vn -0.2019 -0.2627 0.9435
vn -0.6500 -0.2296 0.7244
vn -0.7214 0.0755 0.6884
vn -0.7724 0.1379 0.6200
vn -0.6836 0.0430 0.7286
vn -0.2131 -0.2103 0.9541
vn -0.0792 -0.2588 0.9627
vn -0.1208 -0.2199 0.9680
vn -0.1600 -0.2133 0.9638
vn -0.2309 -0.2253 0.9465
vn -0.0396 -0.0698 0.9968
vn -0.0433 0.0334 0.9985
vn -0.6275 0.0437 0.7774
vn -0.5357 0.1318 0.8340
vn -0.5689 0.0263 0.8220
vn -0.4443 0.0972 0.8906
vn -0.4707 0.0312 0.8818
vn -0.3466 0.0721 0.9352
vn -0.7528 0.1639 0.6376
vn -0.8255 0.2003 0.5277
vn -0.8961 0.0171 0.4435
vn -0.9978 0.0537 0.0399
vn -0.9990 -0.0161 0.0406
vn -0.9953 -0.0827 0.0496
vn -0.9831 -0.1754 0.0524
vn -0.9885 -0.1441 0.0464
vn -0.9838 -0.1588 0.0833
vn -0.9878 -0.0934 0.1248
vn -0.9879 -0.0312 0.1521
vn -0.9881 -0.0099 0.1537
vn -0.9806 0.0185 0.1953
vn -0.9661 0.0190 0.2574
vn -0.9634 0.0745 0.2573
vn -0.9812 0.0496 0.1863
vn -0.9764 0.0297 0.2140
vn -0.9737 0.0235 0.2265
vn -0.9783 0.0503 0.2010
vn -0.9651 0.0514 0.2569
vn -0.9539 0.0462 0.2964
vn -0.7766 0.1978 0.5981
vn -0.8034 0.1758 0.5689
vn -0.8088 0.1328 0.5729
vn -0.8553 0.1296 0.5017
vn -0.5761 -0.1714 0.7992
vn -0.5662 -0.2266 0.7925
vn -0.5168 -0.2653 0.8140
vn -0.4344 -0.2588 0.8627
vn -0.4936 -0.1659 0.8537
vn -0.4492 -0.1826 0.8746
vn -0.3896 -0.1772 0.9038
vn -0.7468 -0.1881 0.6379
vn -0.6942 -0.1881 0.6948
vn -0.7021 -0.1355 0.6991
vn -0.6209 -0.1323 0.7726
vn -0.6297 -0.0480 0.7754
vn -0.5083 -0.0525 0.8596
vn -0.5734 -0.0974 0.8135
vn -0.4047 -0.0778 0.9111
vn -0.4832 -0.1973 0.8530
vn -0.0596 -0.3008 0.9518
vn -0.0709 -0.2986 0.9517
vn -0.1439 -0.3136 0.9386
vn -0.6837 0.0792 0.7255
vn -0.6603 0.1142 0.7423
vn -0.6597 0.0296 0.7509
vn -0.5696 0.0397 0.8210
vn -0.5837 0.0217 0.8117
vn -0.4710 0.0350 0.8815
vn -0.4863 0.0162 0.8736
vn -0.3685 0.0306 0.9291
vn -0.3793 0.0224 0.9250
vn -0.2436 0.0398 0.9690
vn -0.2633 0.0269 0.9643
vn -0.1387 0.0384 0.9896
vn -0.1452 0.0349 0.9888
vn -0.0569 0.0374 0.9977
vn -0.0499 -0.2894 0.9559
vn -0.0627 -0.2869 0.9559
vn -0.1317 -0.3012 0.9444
vn -0.1476 -0.2978 0.9431
vn -0.2518 -0.3169 0.9144
vn -0.2873 -0.3081 0.9069
vn -0.3818 -0.3219 0.8664
vn -0.4372 -0.3053 0.8459
vn -0.5004 -0.3120 0.8076
vn -0.5647 -0.2886 0.7732
vn -0.6047 -0.2913 0.7413
vn -0.8139 -0.2072 0.5427
vn -0.8359 -0.2069 0.5084
vn -0.8420 -0.1726 0.5111
vn -0.8845 -0.1732 0.4332
vn -0.8912 -0.1264 0.4356
vn -0.9972 -0.0691 0.0282
vn -0.9899 -0.0686 0.1241
vn -0.9838 -0.1310 0.1228
vn -0.9649 -0.1319 0.2271
vn -0.9616 -0.1556 0.2260
vn -0.9390 -0.1574 0.3056
vn -0.9448 -0.1108 0.3082
vn -0.9993 -0.0130 0.0352
vn -0.9918 -0.0107 0.1276
vn -0.9893 -0.0713 0.1273
vn -0.9695 -0.0700 0.2348
vn -0.9630 -0.1347 0.2333
vn -0.9740 0.1705 0.1489
vn -0.9848 0.0993 0.1422
vn -0.9886 0.0451 0.1438
vn -0.9672 0.0501 0.2491
vn -0.9679 -0.0212 0.2505
vn -0.9352 -0.0172 0.3536
vn -0.9318 -0.0820 0.3536
vn -0.8894 -0.0787 0.4503
vn -0.8829 -0.1390 0.4485
vn -0.8353 -0.1366 0.5325
vn -0.8267 -0.1917 0.5290
vn -0.7793 -0.1902 0.5972
vn -0.7704 -0.2348 0.5927
vn -0.7492 -0.2346 0.6194
vn -0.9663 0.0716 0.2472
vn -0.9577 0.1334 0.2549
vn -0.9650 0.0418 0.2590
vn -0.9315 0.0470 0.3607
vn -0.9316 -0.0251 0.3627
vn -0.8870 -0.0201 0.4613
vn -0.8828 -0.0891 0.4613
vn -0.8308 -0.0846 0.5501
vn -0.8226 -0.1524 0.5478
vn -0.7691 -0.1490 0.6215
vn -0.7581 -0.2126 0.6165
vn -0.7055 -0.2099 0.6769
vn -0.6937 -0.2641 0.6701
vn -0.6682 -0.2632 0.6959
vn -0.8782 0.0369 0.4768
vn -0.8214 0.0435 0.5687
vn -0.8198 -0.0316 0.5717
vn -0.7565 -0.0244 0.6535
vn -0.7496 -0.1048 0.6536
vn -0.6850 -0.0980 0.7219
vn -0.6726 -0.1812 0.7175
vn -0.5881 -0.1729 0.7901
vn -0.6030 -0.1949 0.7736
vn -0.4877 -0.1817 0.8539
vn -0.5026 -0.2024 0.8405
vn -0.3749 -0.1853 0.9083
vn -0.3886 -0.2034 0.8987
vn -0.2524 -0.1828 0.9502
vn -0.2635 -0.1970 0.9443
vn -0.1349 -0.1756 0.9752
vn -0.1452 -0.1887 0.9712
vn -0.0423 -0.1704 0.9845
vn -0.0578 -0.1901 0.9801
vn -0.0390 -0.1868 0.9816
vn 0.0202 -0.2605 0.9653
vn -0.7951 0.0774 0.6016
vn -0.7423 0.0826 0.6650
vn -0.7424 0.0336 0.6691
vn -0.6711 0.0415 0.7402
vn -0.6668 -0.0381 0.7442
vn -0.5801 -0.0273 0.8141
vn -0.5914 -0.0426 0.8053
vn -0.4821 -0.0282 0.8756
vn -0.4939 -0.0432 0.8684
vn -0.3738 -0.0267 0.9271
vn -0.3847 -0.0401 0.9222
vn -0.2570 -0.0219 0.9662
vn -0.2660 -0.0327 0.9634
vn -0.1381 -0.0142 0.9903
vn -0.1479 -0.0259 0.9887
vn -0.0323 -0.0091 0.9994
vn -0.0466 -0.0285 0.9985
vn -0.8721 0.1403 0.4689
vn -0.8134 -0.0447 0.5800
vn -0.8160 0.0356 0.5770
vn -0.7502 0.0429 0.6599
vn -0.7474 -0.0347 0.6635
vn -0.6785 -0.0266 0.7341
vn -0.6698 -0.1123 0.7340
vn -0.5844 -0.1023 0.8050
vn -0.5967 -0.1198 0.7935
vn -0.4857 -0.1055 0.8677
vn -0.4980 -0.1220 0.8585
vn -0.3754 -0.1048 0.9209
vn -0.3868 -0.1194 0.9144
vn -0.2556 -0.0998 0.9616
vn -0.2654 -0.1120 0.9576
vn -0.1372 -0.0918 0.9863
vn -0.1480 -0.1052 0.9834
vn -0.0312 -0.0861 0.9958
vn -0.0513 -0.1224 0.9912
vn -0.0599 -0.1240 0.9905
vn 0.0797 -0.1991 0.9767
vn -0.9378 0.0401 0.3449
vn -0.9197 0.1489 0.3634
vn -0.9281 0.0388 0.3703
vn -0.8826 0.0447 0.4680
vn -0.8819 -0.0285 0.4705
vn -0.8267 -0.0224 0.5622
vn -0.8212 -0.0968 0.5623
vn -0.7622 -0.0912 0.6409
vn -0.7520 -0.1670 0.6376
vn -0.6932 -0.1623 0.7023
vn -0.6796 -0.2336 0.6954
vn -0.5964 -0.2273 0.7698
vn -0.6139 -0.2539 0.7475
vn -0.4941 -0.2424 0.8349
vn -0.5118 -0.2674 0.8165
vn -0.3783 -0.2510 0.8910
vn -0.3942 -0.2724 0.8777
vn -0.2521 -0.2511 0.9346
vn -0.2638 -0.2665 0.9270
vn -0.1338 -0.2439 0.9605
vn -0.1422 -0.2548 0.9565
vn -0.0484 -0.2368 0.9703
vn -0.0585 -0.2500 0.9665
vn -0.0480 -0.2480 0.9676
vn -0.0026 -0.2789 0.9603
vn -0.0179 -0.2912 0.9565
vn -0.0177 -0.2913 0.9565
vn -0.0163 -0.2680 0.9633
vn -0.0231 -0.2603 0.9653
vn -0.0186 -0.2853 0.9582
vn -0.9828 0.0103 0.1844
vn -0.9807 0.0289 0.1935
vn -0.9807 -0.0371 0.1920
vn -0.9867 -0.0367 0.1586
vn -0.9907 -0.0669 0.1182
vn -0.9831 -0.1619 0.0854
vn -0.9750 -0.1634 0.1505
vn -0.9832 -0.0983 0.1537
vn -0.9680 -0.1002 0.2300
vn -0.9721 -0.0277 0.2328
vn -0.7976 0.1722 0.5780
vn -0.8187 0.1711 0.5481
vn -0.8555 0.1301 0.5011
vn -0.8568 0.1303 0.4990
vn -0.8862 0.1049 0.4513
vn -0.8957 0.1047 0.4322
vn -0.9114 0.0866 0.4022
vn -0.9278 0.0830 0.3638
vn -0.9329 0.0745 0.3524
vn -0.9507 0.0631 0.3037
vn -0.9523 0.0286 0.3038
vn -0.9708 0.0275 0.2384
vn -0.9710 -0.0299 0.2372
vn -0.9841 -0.0292 0.1754
vn -0.9792 -0.1073 0.1723
vn -0.9855 -0.1065 0.1320
vn -0.9879 -0.1239 0.0935
vn -0.9627 -0.0282 0.2689
vn -0.9581 -0.0125 0.2862
vn -0.9573 0.0361 0.2869
vn -0.9437 0.0371 0.3287
vn -0.9339 0.0601 0.3526
vn -0.9173 0.0615 0.3935
vn -0.9126 0.0707 0.4026
vn -0.8926 0.0724 0.4450
vn -0.8883 0.0799 0.4522
vn -0.8622 0.0821 0.4999
vn -0.8593 0.0865 0.5041
vn -0.8215 0.0893 0.5631
vn -0.8164 0.1451 0.5590
vn -0.7944 0.1464 0.5896
vn -0.7791 0.1653 0.6047
vn -0.7055 0.0701 0.7052
vn -0.7586 0.0899 0.6453
vn -0.7602 0.0097 0.6496
vn -0.8135 0.0069 0.5815
vn -0.8107 -0.0700 0.5812
vn -0.8573 -0.0704 0.5101
vn -0.8444 -0.0466 0.5337
vn -0.8922 -0.0469 0.4493
vn -0.8839 -0.0298 0.4668
vn -0.9190 -0.0298 0.3932
vn -0.9142 -0.0187 0.4049
vn -0.8577 -0.1673 0.4862
vn -0.7869 -0.1706 0.5930
vn -0.8055 -0.2057 0.5558
vn -0.7117 -0.2079 0.6710
vn -0.7353 -0.2474 0.6310
vn -0.6094 -0.2463 0.7536
vn -0.6370 -0.2873 0.7153
vn -0.4761 -0.2790 0.8340
vn -0.5042 -0.3173 0.8032
vn -0.3395 -0.3009 0.8912
vn -0.3424 -0.2886 0.8941
vn -0.3300 -0.2807 0.9013
vn -0.3483 -0.1910 0.9177
vn -0.3104 -0.1868 0.9321
vn -0.2999 -0.0785 0.9507
vn -0.9284 -0.1122 0.3541
vn -0.9126 -0.1298 0.3877
vn -0.8980 -0.1309 0.4200
vn -0.9386 -0.0127 0.3447
vn -0.9409 -0.0186 0.3383
vn -0.9404 0.0277 0.3389
vn -0.9187 0.0290 0.3938
vn -0.9188 0.0290 0.3938
vn -0.8926 0.0306 0.4499
vn -0.8947 0.0265 0.4458
vn -0.8593 0.0287 0.5106
vn -0.8648 0.0192 0.5017
vn -0.8239 0.0216 0.5664
vn -0.8213 0.0889 0.5635
vn -0.7595 0.0926 0.6439
vn -0.7646 0.0759 0.6400
vn -0.9910 -0.1329 0.0155
vn -0.9822 -0.1347 0.1310
vn -0.9795 -0.1538 0.1302
vn -0.9613 -0.1562 0.2271
vn -0.9680 -0.1002 0.2299
vn -0.9514 -0.1018 0.2905
vn -0.9548 -0.0516 0.2926
vn -0.9327 -0.0529 0.3567
vn -0.9370 -0.0650 0.3432
vn -0.9036 -0.0668 0.4231
vn -0.9113 -0.0855 0.4028
vn -0.8668 -0.0876 0.4909
vn -0.8786 -0.1130 0.4639
vn -0.8186 -0.1153 0.5627
vn -0.8355 -0.1474 0.5294
vn -0.7813 -0.1490 0.6061
vn -0.7870 -0.1004 0.6088
vn -0.7364 -0.0993 0.6693
vn -0.7421 -0.0118 0.6702
vn -0.6586 -0.0076 0.7524
vn -0.6634 -0.0374 0.7474
vn -0.0490 -0.2385 0.9699
vn -0.1048 -0.2076 0.9726
vn -0.0923 -0.2631 0.9603
vn -0.1760 -0.2783 0.9442
vn -0.1691 -0.3081 0.9362
vn -0.2943 -0.3290 0.8973
vn -0.2851 -0.3169 0.9046
vn -0.4609 -0.3388 0.8203
vn -0.4370 -0.3061 0.8458
vn -0.5920 -0.3177 0.7407
vn -0.5667 -0.2804 0.7747
vn -0.6949 -0.2843 0.6605
vn -0.6720 -0.2466 0.6983
vn -0.7727 -0.2461 0.5851
vn -0.7540 -0.2112 0.6221
vn -0.8728 -0.2053 0.4428
vn -0.8221 -0.1586 0.5468
vn -0.8703 -0.1564 0.4671
vn -0.8660 -0.1840 0.4650
vn -0.8901 -0.1832 0.4174
vn -0.8940 -0.1590 0.4189
vn -0.9331 -0.1587 0.3229
vn -0.9248 -0.1277 0.3585
vn -0.9297 -0.1348 0.3428
vn -0.9359 -0.0737 0.3443
vn -0.9674 -0.0759 0.2416
vn -0.9702 -0.0138 0.2418
vn -0.9907 -0.0170 0.1350
vn -0.9895 0.0531 0.1341
vn -0.9976 0.0493 0.0480
vn -0.9984 0.0225 0.0522
vn 0.9808 -0.1951 -0.0000
vn 0.8315 -0.5556 -0.0000
vn 0.1951 -0.9808 -0.0000
vn 0.1551 -0.9879 0.0099
vn 0.3448 -0.9387 -0.0000
vn 0.5556 -0.8315 -0.0000
vn 0.5275 -0.8495 0.0081
vn 0.6831 -0.7303 -0.0000
vn 0.0006 -0.0797 -0.9968
vn -0.0004 0.3246 -0.9458
vn -0.0000 0.3436 -0.9391
vn -0.0060 0.1389 -0.9903
vn -0.0000 -0.0914 -0.9958
vn 0.0001 -0.4693 -0.8830
vn -0.0047 -0.2985 -0.9544
vn 0.0007 -0.5030 -0.8643
vn -0.0005 -0.7565 -0.6540
vn 0.0046 -0.9013 -0.4331
vn -0.0008 -0.8132 -0.5820
vn 0.0006 -0.9791 -0.2035
vn -0.0000 -0.9841 -0.1776
vn 0.1758 -0.9844 -0.0000
vn 0.9844 -0.1758 -0.0106
vn 0.8422 -0.5391 0.0054
vn 0.7933 -0.6088 -0.0000
vn 0.5391 -0.8422 -0.0000
vn 0.6088 -0.7933 0.0088
vn 0.2588 -0.9659 -0.0072
vn -0.0000 0.9948 -0.1017
vn 0.0016 0.9812 -0.1928
vn -0.0003 0.9506 -0.3103
vn 0.0006 0.8328 -0.5536
vn 0.0014 0.5536 -0.8328
vn 0.0006 0.5927 -0.8054
vn -0.0009 0.8034 -0.5954
vn 0.0006 0.1722 -0.9851
vn -0.0003 0.4323 -0.9017
vn 0.9661 0.1922 -0.1725
vn 0.7837 0.1559 -0.6013
vn 0.8911 0.1772 -0.4178
vn 0.9607 0.1200 -0.2501
vn 0.8042 0.5373 -0.2542
vn 0.5373 0.8042 -0.2542
vn 0.1886 0.9486 -0.2542
vn 0.1887 0.9486 -0.2542
vn 0.2585 0.0514 -0.9646
vn 0.6044 0.1202 -0.7876
vn 0.7179 0.0754 -0.6921
vn 0.5936 0.3967 -0.7002
vn 0.5936 0.3966 -0.7002
vn 0.3966 0.5936 -0.7002
vn 0.3967 0.5936 -0.7002
vn 0.1393 0.7002 -0.7002
vn 0.2191 0.1464 -0.9646
vn 0.1464 0.2191 -0.9647
vn 0.1464 0.2191 -0.9646
vn 0.0514 0.2585 -0.9646
vn -0.0000 0.2588 -0.9659
vn -0.0000 0.9659 -0.2588
vn -0.9735 -0.1972 -0.1157
vn -0.8648 -0.3735 -0.3356
vn -0.8021 -0.4969 -0.3312
vn -0.2242 -0.2315 -0.9466
vn -0.3031 0.0617 -0.9510
vn -0.9988 0.0253 -0.0421
vn -0.7148 -0.6102 -0.3417
vn -0.4074 -0.7239 -0.5567
vn 0.0089 -0.3317 -0.9433
vn -0.0879 0.0246 -0.9958
vn -0.0534 0.0445 -0.9976
vn -0.9628 0.0668 -0.2618
vn -0.9891 0.0585 -0.1353
vn -0.9921 -0.0938 0.0832
vn -0.9918 -0.0314 0.1236
vn -0.9889 0.0284 0.1458
vn -0.9930 -0.0039 0.1180
vn -0.9914 0.0105 0.1306
vn -0.9912 0.0261 0.1294
vn -0.9908 0.0302 0.1320
vn -0.9891 0.0500 0.1382
vn -0.9841 -0.1756 0.0256
vn -0.9891 -0.1262 -0.0754
vn -0.9895 -0.1443 0.0076
vn -0.9961 -0.0699 -0.0538
vn -0.9964 -0.0828 -0.0163
vn -0.9986 -0.0041 -0.0522
vn -0.9995 -0.0162 -0.0273
vn -0.9959 0.0655 -0.0623
vn -0.9978 0.0537 -0.0398
vn -0.4394 0.0651 -0.8959
vn -0.0656 0.0287 -0.9974
vn -0.0058 -0.6765 -0.7364
vn -0.0263 -0.6338 -0.7731
vn -0.0392 -0.4148 -0.9091
vn -0.0138 -0.4428 -0.8965
vn -0.0299 -0.5389 -0.8419
vn -0.0301 -0.5386 -0.8420
vn -0.0317 -0.6406 -0.7672
vn 0.0041 -0.6871 -0.7265
vn 0.0028 -0.6875 -0.7262
vn 0.0016 -0.6882 -0.7255
vn -0.0052 -0.6795 -0.7337
vn -0.0054 -0.6799 -0.7333
vn 0.0248 0.6703 0.7417
vn 0.0325 -0.7268 -0.6860
vn -0.9990 -0.0138 0.0414
vn 0.2703 0.2271 0.9356
vn 0.7071 0.0097 0.7071
vn -0.9999 0.0132 -0.0000
vn 0.9897 0.0227 0.1414
vn -0.8944 0.0124 -0.4472
vn 0.9483 0.0296 0.3161
vn -0.4472 -0.0128 -0.8944
vn -0.0623 -0.7576 -0.6498
vn -0.0314 -0.7602 -0.6489
vn -0.0471 -0.7278 -0.6842
vn 0.0325 -0.7269 -0.6859
vn -0.0053 -0.6799 -0.7333
vn -0.0052 -0.6798 -0.7334
vn -0.0054 -0.6797 -0.7334
vn -0.0000 0.9162 0.4008
vn 0.1168 0.4674 0.8763
vn -0.0053 -0.6798 -0.7333
vn -0.5958 -0.6772 -0.4318
vn -0.5310 -0.7517 -0.3911
vn -0.5495 -0.6798 -0.4857
vn -0.4548 -0.7413 -0.4936
vn -0.4424 -0.7528 -0.4874
vn -0.4067 -0.7410 -0.5343
vn -0.3240 -0.7430 -0.5856
vn -0.6887 -0.6437 -0.3338
vn -0.6893 -0.6436 -0.3327
vn -0.6580 -0.6552 -0.3713
vn -0.8190 -0.5020 -0.2780
vn -0.8699 -0.4736 -0.1376
vn -0.9381 -0.3118 -0.1509
vn -0.9567 -0.2733 -0.1007
vn -0.9872 -0.1484 -0.0579
vn -0.9713 -0.2122 -0.1077
vn -0.9611 -0.2553 -0.1057
vn -0.9978 -0.0488 -0.0441
vn -0.9990 0.0266 0.0359
vn -0.9991 0.0405 0.0154
vn -0.9991 0.0411 0.0089
vn -0.9956 0.0123 0.0928
vn -0.3838 -0.0986 -0.9181
vn -0.2212 -0.0374 -0.9745
vn -0.2299 -0.0156 -0.9731
vn -0.0715 0.0427 -0.9965
vn -0.1158 -0.0340 -0.9927
vn 0.0020 0.0121 -0.9999
vn -0.2719 -0.1280 -0.9538
vn -0.1276 -0.0700 -0.9893
vn -0.0875 -0.0967 -0.9915
vn -0.0300 -0.0723 -0.9969
vn -0.0447 -0.0512 -0.9977
vn -0.1708 -0.7412 -0.6492
vn -0.1222 -0.6320 -0.7653
vn -0.2451 -0.6867 -0.6844
vn -0.7477 -0.5837 -0.3166
vn -0.6580 -0.6369 -0.4017
vn -0.6607 -0.6336 -0.4026
vn -0.5518 -0.6805 -0.4821
vn -0.5309 -0.7032 -0.4730
vn -0.4263 -0.6674 -0.6106
vn -0.3810 -0.7157 -0.5853
vn -0.3654 -0.7104 -0.6015
vn -0.2118 -0.7212 -0.6595
vn -0.2422 -0.7383 -0.6295
vn -0.1705 -0.7414 -0.6490
vn -0.1671 -0.7324 -0.6600
vn -0.1631 -0.7381 -0.6547
vn -0.9130 -0.3729 -0.1655
vn -0.8937 -0.4185 -0.1621
vn -0.9013 -0.3942 -0.1797
vn -0.8456 -0.4772 -0.2393
vn -0.7959 -0.5607 -0.2283
vn -0.8003 -0.5607 -0.2127
vn -0.7752 -0.5657 -0.2812
vn -0.9988 0.0353 -0.0324
vn -0.9989 0.0298 -0.0353
vn -0.9992 -0.0247 -0.0322
vn -0.8440 -0.4999 -0.1941
vn -0.9164 -0.3405 -0.2101
vn -0.9106 -0.3928 -0.1289
vn -0.9625 -0.2326 -0.1399
vn -0.9589 -0.2723 -0.0793
vn -0.9844 -0.1536 -0.0858
vn -0.9861 -0.1527 -0.0650
vn -0.9925 -0.1023 -0.0670
vn -0.9357 -0.3379 -0.1017
vn -0.9746 -0.1939 -0.1123
vn -0.9716 -0.2295 -0.0585
vn -0.9925 -0.1028 -0.0666
vn -0.9920 -0.1188 -0.0427
vn -0.9977 -0.0487 -0.0466
vn -0.9979 -0.0486 -0.0438
vn -0.9984 0.0291 -0.0489
vn -0.9989 0.0250 -0.0407
vn -0.9834 -0.1813 -0.0048
vn -0.9943 -0.1065 -0.0102
vn -0.9906 -0.1339 0.0290
vn -0.9888 -0.1378 -0.0581
vn -0.9851 -0.1716 -0.0095
vn -0.9792 -0.1752 -0.1021
vn -0.9939 -0.0611 0.0924
vn -0.9948 -0.0617 0.0813
vn -0.9960 -0.0673 0.0586
vn -0.9051 -0.3760 -0.1987
vn -0.9058 -0.3167 -0.2814
vn -0.9362 -0.3171 -0.1517
vn -0.9380 -0.2664 -0.2220
vn -0.9589 -0.2653 -0.1003
vn -0.9770 -0.1849 -0.1062
vn -0.9733 -0.2238 -0.0512
vn -0.9608 -0.2268 -0.1597
vn -0.9574 -0.2734 -0.0933
vn -0.9382 -0.2756 -0.2093
vn -0.9420 -0.3189 -0.1044
vn -0.9218 -0.3212 -0.2171
vn -0.8672 -0.4554 -0.2012
vn -0.9894 -0.1440 -0.0210
vn -0.9772 -0.1962 -0.0817
vn -0.9614 -0.2646 -0.0753
vn -0.9465 -0.2675 -0.1806
vn -0.9052 -0.3908 -0.1673
vn -0.8710 -0.3904 -0.2982
vn -0.8147 -0.5073 -0.2810
vn -0.9919 0.0534 0.1152
vn -0.9957 0.0516 0.0771
vn -0.9966 0.0236 0.0790
vn -0.9974 0.0101 0.0714
vn -0.9973 -0.0062 0.0726
vn -0.9978 -0.0312 0.0587
vn -0.9980 -0.0632 0.0057
vn -0.9992 -0.0327 0.0230
vn -0.9998 -0.0064 0.0210
vn -0.9995 0.0085 0.0295
vn -0.9986 0.0458 0.0269
vn -0.9968 0.0474 0.0651
vn -0.9991 0.0405 -0.0087
vn -0.9993 0.0362 -0.0107
vn -0.9999 -0.0074 -0.0076
vn -0.9996 -0.0241 -0.0174
vn -0.9978 -0.0640 -0.0145
vn -0.9942 -0.1016 -0.0363
vn -0.9883 -0.1492 -0.0327
vn -0.9775 -0.1929 -0.0854
vn -0.9550 -0.2861 -0.0778
vn -0.9409 -0.2891 -0.1763
vn -0.8842 -0.4380 -0.1620
vn -0.8504 -0.4377 -0.2920
vn -0.8063 -0.5206 -0.2807
vn -0.7272 -0.5802 -0.3669
vn -0.7331 -0.5714 -0.3688
vn -0.6344 -0.6271 -0.4520
vn -0.6190 -0.6464 -0.4460
vn -0.5170 -0.6164 -0.5939
vn -0.4781 -0.6636 -0.5753
vn -0.3516 -0.6175 -0.7036
vn -0.3397 -0.6321 -0.6965
vn -0.1987 -0.5734 -0.7949
vn -0.1102 -0.6814 -0.7235
vn -0.1099 -0.6470 -0.7545
vn -0.1403 -0.6601 -0.7380
vn -0.0723 -0.7065 -0.7040
vn -0.1070 -0.7832 -0.6125
vn -0.9925 -0.0099 0.1219
vn -0.9930 -0.0070 0.1175
vn -0.9954 -0.0317 0.0901
vn -0.9977 -0.0334 0.0589
vn -0.9966 -0.0730 0.0373
vn -0.9972 -0.0744 0.0066
vn -0.9917 -0.1265 -0.0225
vn -0.9897 -0.1280 -0.0642
vn -0.9697 -0.2381 -0.0550
vn -0.9595 -0.2411 -0.1455
vn -0.9166 -0.3771 -0.1327
vn -0.8901 -0.3785 -0.2537
vn -0.8559 -0.4556 -0.2445
vn -0.7892 -0.5187 -0.3288
vn -0.7966 -0.5057 -0.3311
vn -0.7114 -0.5672 -0.4150
vn -0.7004 -0.5836 -0.4110
vn -0.6073 -0.5606 -0.5630
vn -0.5753 -0.6057 -0.5497
vn -0.4516 -0.5661 -0.6896
vn -0.4444 -0.5760 -0.6861
vn -0.2968 -0.5204 -0.8007
vn -0.2929 -0.5260 -0.7985
vn -0.1748 -0.4759 -0.8620
vn -0.1759 -0.4740 -0.8628
vn -0.0337 -0.5404 -0.8407
vn -0.1302 -0.3888 -0.9121
vn -0.0187 -0.4452 -0.8952
vn -0.1132 -0.2810 -0.9530
vn -0.0070 -0.3396 -0.9406
vn -0.0432 -0.2729 -0.9611
vn -0.0583 -0.2806 -0.9580
vn -0.9864 -0.1602 0.0359
vn -0.9867 -0.1619 -0.0173
vn -0.9799 -0.1991 -0.0162
vn -0.9656 -0.1971 -0.1694
vn -0.9755 -0.1415 -0.1687
vn -0.9640 -0.1677 -0.2065
vn -0.9764 -0.0768 -0.2020
vn -0.9658 -0.1006 -0.2390
vn -0.9731 -0.0036 -0.2305
vn -0.9629 -0.0261 -0.2685
vn -0.9642 0.0635 -0.2574
vn -0.9395 0.0474 -0.3392
vn -0.9760 0.0575 -0.2101
vn -0.9874 0.0662 -0.1439
vn -0.9880 -0.0148 -0.1538
vn -0.9928 0.0053 -0.1193
vn -0.9882 -0.0846 -0.1277
vn -0.9931 -0.0655 -0.0976
vn -0.9840 -0.1457 -0.1024
vn -0.9892 -0.1263 -0.0739
vn -0.9815 -0.1761 -0.0753
vn -0.9837 -0.1767 0.0343
vn -0.9866 -0.1593 0.0339
vn -0.4883 0.0498 -0.8713
vn -0.5554 0.0607 -0.8294
vn -0.5467 0.0172 -0.8372
vn -0.6304 -0.0098 -0.7762
vn -0.6780 0.0195 -0.7348
vn -0.7165 0.0069 -0.6975
vn -0.7527 0.0335 -0.6576
vn -0.7934 0.0198 -0.6083
vn -0.8207 0.0441 -0.5697
vn -0.8594 0.0301 -0.5105
vn -0.8800 0.0531 -0.4720
vn -0.1893 0.0517 -0.9806
vn -0.3430 -0.0018 -0.9393
vn -0.3373 -0.0183 -0.9412
vn -0.4896 -0.0725 -0.8689
vn -0.4692 -0.1340 -0.8729
vn -0.6102 -0.1815 -0.7712
vn -0.5890 -0.2429 -0.7708
vn -0.6583 -0.2636 -0.7051
vn -0.7315 -0.2171 -0.6464
vn -0.7432 -0.2204 -0.6317
vn -0.7996 -0.1770 -0.5739
vn -0.8175 -0.1820 -0.5464
vn -0.8589 -0.1429 -0.4918
vn -0.8801 -0.1491 -0.4507
vn -0.9088 -0.1151 -0.4010
vn -0.8899 -0.2980 -0.3455
vn -0.8854 -0.2972 -0.3574
vn -0.8357 -0.3494 -0.4237
vn -0.8368 -0.3496 -0.4214
vn -0.7694 -0.4065 -0.4927
vn -0.7776 -0.4082 -0.4782
vn -0.6915 -0.4668 -0.5513
vn -0.6443 -0.4542 -0.6153
vn -0.6431 -0.4564 -0.6149
vn -0.5128 -0.4175 -0.7501
vn -0.5307 -0.3832 -0.7560
vn -0.3757 -0.3295 -0.8662
vn -0.3905 -0.2999 -0.8704
vn -0.3160 -0.2715 -0.9091
vn -0.2280 -0.3286 -0.9165
vn -0.3027 -0.1780 -0.9363
vn -0.3451 -0.1943 -0.9182
vn -0.3758 -0.1708 -0.9108
vn -0.5145 -0.2205 -0.8287
vn -0.4874 -0.2856 -0.8252
vn -0.6273 -0.3299 -0.7055
vn -0.6118 -0.3650 -0.7017
vn -0.6707 -0.3816 -0.6360
vn -0.7540 -0.3275 -0.5694
vn -0.7539 -0.3274 -0.5696
vn -0.8184 -0.2759 -0.5041
vn -0.8254 -0.2775 -0.4916
vn -0.8728 -0.2308 -0.4301
vn -0.8847 -0.2337 -0.4033
vn -0.9172 -0.1934 -0.3484
vn -0.0609 0.0546 -0.9966
vn -0.1580 0.0348 -0.9868
vn -0.1941 0.0645 -0.9789
vn -0.2631 0.0232 -0.9645
vn -0.3145 0.0992 -0.9440
vn -0.3662 -0.0227 -0.9303
vn -0.3798 0.0369 -0.9243
vn -0.4598 0.0489 -0.8867
vn -0.4467 -0.0001 -0.8947
vn -0.5854 -0.0474 -0.8093
vn -0.5701 -0.1055 -0.8148
vn -0.6474 -0.1300 -0.7509
vn -0.7066 -0.0933 -0.7015
vn -0.7322 -0.1014 -0.6735
vn -0.7777 -0.0675 -0.6250
vn -0.8077 -0.0771 -0.5846
vn -0.8415 -0.0464 -0.5382
vn -0.8723 -0.0568 -0.4857
vn -0.8965 -0.0292 -0.4421
vn -0.5557 0.0602 -0.8292
vn -0.6414 0.0693 -0.7641
vn -0.6429 0.0719 -0.7626
vn -0.7196 0.0748 -0.6904
vn -0.7246 0.0875 -0.6836
vn -0.7907 0.0685 -0.6084
vn -0.7979 0.1031 -0.5939
vn -0.8515 0.0604 -0.5209
vn -0.8581 0.1701 -0.4845
vn -0.9019 -0.0278 -0.4311
vn -0.9052 0.0428 -0.4229
vn -0.9283 0.0614 -0.3668
vn -0.9243 -0.0401 -0.3795
vn -0.9408 -0.0151 -0.3386
vn -0.9298 -0.1221 -0.3473
vn -0.9482 -0.0932 -0.3036
vn -0.9310 -0.1970 -0.3073
vn -0.9515 -0.1637 -0.2606
vn -0.9388 -0.2256 -0.2605
vn -0.9693 -0.2296 -0.0877
vn -0.9779 -0.1888 -0.0895
vn -0.9824 -0.1860 0.0160
vn -0.9923 -0.1230 0.0129
vn -0.9891 -0.1193 0.0862
vn -0.9899 -0.1242 0.0684
vn -0.8141 -0.4350 -0.3848
vn -0.8648 -0.4402 -0.2416
vn -0.9086 -0.3306 -0.2552
vn -0.9349 -0.3295 -0.1318
vn -0.9653 -0.2186 -0.1426
vn -0.9756 -0.2153 -0.0440
vn -0.9911 -0.1226 -0.0521
vn -0.9926 -0.1211 -0.0137
vn -0.9964 -0.0759 0.0375
vn -0.9975 -0.0663 0.0237
vn -0.9941 -0.0628 0.0887
vn -0.9937 -0.1039 0.0430
vn -0.9882 -0.1462 0.0458
vn -0.9874 -0.1503 -0.0486
vn -0.9741 -0.2215 -0.0443
vn -0.9618 -0.2236 -0.1579
vn -0.9506 -0.2689 -0.1551
vn -0.9376 -0.2677 -0.2219
vn -0.8667 -0.3240 -0.3793
vn -0.9018 -0.3289 -0.2802
vn -0.8543 -0.3848 -0.3495
vn -0.8600 -0.3856 -0.3342
vn -0.7959 -0.4459 -0.4095
vn -0.8080 -0.4479 -0.3828
vn -0.7264 -0.5094 -0.4614
vn -0.6905 -0.5007 -0.5220
vn -0.6650 -0.5431 -0.5126
vn -0.5516 -0.5116 -0.6588
vn -0.5481 -0.5172 -0.6574
vn -0.4052 -0.4693 -0.7845
vn -0.4241 -0.4379 -0.7927
vn -0.2910 -0.3877 -0.8746
vn -0.2336 -0.4219 -0.8760
vn -0.1720 -0.3952 -0.9024
vn -0.2135 -0.3225 -0.9222
vn -0.1121 -0.3805 -0.9180
vn -0.1983 -0.2208 -0.9549
vn -0.1055 -0.2775 -0.9549
vn -0.1450 -0.2000 -0.9690
vn -0.0467 -0.1568 -0.9865
vn -0.0481 -0.1549 -0.9868
vn -0.0019 0.0446 -0.9990
vn -0.6616 0.0331 -0.7491
vn -0.0355 0.0266 -0.9990
vn -0.0093 0.0156 -0.9998
vn -1.0000 -0.0011 -0.0046
vn -0.9433 -0.1102 -0.3133
vn -0.9438 -0.0780 -0.3213
vn -0.4142 -0.8763 -0.2462
vn -0.4130 -0.8768 -0.2464
vn -0.9162 -0.0946 -0.3895
vn -0.5351 -0.3564 -0.7659
vn -0.4808 -0.2069 -0.8521
vn -0.5374 -0.2360 -0.8096
vn -0.5257 -0.2007 -0.8267
vn -0.4797 -0.1538 -0.8639
vn -0.3910 -0.8991 -0.1967
vn 0.0654 -0.6247 -0.7781
vn 0.0176 -0.5390 -0.8421
vn 0.0244 -0.6338 -0.7731
vn -0.0027 -0.6682 -0.7440
vn 0.0058 -0.6799 -0.7333
vn 0.0012 -0.6553 -0.7553
vn 0.0852 -0.2350 -0.9682
vn -0.0378 -0.2809 -0.9590
vn 0.0408 -0.4148 -0.9090
vn 0.0075 -0.4177 -0.9086
vn 0.0129 -0.5342 -0.8452
vn 0.0915 -0.0510 -0.9945
vn -0.2131 -0.1515 -0.9652
vn 0.0670 -0.1293 -0.9893
vn -0.0588 -0.2790 -0.9585
vn -0.1733 -0.1732 -0.9695
vn -0.0697 -0.1382 -0.9879
vn -0.1000 -0.0529 -0.9936
vn -0.0758 -0.0635 -0.9951
vn -0.2439 -0.0561 -0.9682
vn -0.1112 -0.0486 -0.9926
vn -0.1921 -0.0149 -0.9813
vn -0.0768 -0.0060 -0.9970
vn -0.1308 0.0153 -0.9913
vn -0.0336 0.0247 -0.9991
vn -0.0125 0.0168 -0.9998
vn 0.1013 -0.6511 -0.7522
vn 0.1178 -0.5120 -0.8508
vn 0.0800 -0.5664 -0.8203
vn 0.0919 -0.3993 -0.9122
vn 0.0642 -0.4449 -0.8933
vn 0.0702 -0.2719 -0.9598
vn 0.0928 -0.2294 -0.9689
vn 0.0664 -0.1531 -0.9860
vn 0.0762 -0.1333 -0.9881
vn 0.0462 -0.0512 -0.9976
vn 0.0497 -0.0437 -0.9978
vn 0.0362 0.0124 -0.9993
vn 0.0484 0.0247 -0.9985
vn 0.0183 0.0445 -0.9988
vn -0.0435 0.0439 -0.9981
vn -0.0091 0.0149 -0.9998
vn -0.0096 0.0159 -0.9998
vn -0.4125 -0.8771 -0.2461
vn -0.4124 -0.8771 -0.2463
vn -0.4136 -0.8765 -0.2462
vn -0.0098 0.0157 -0.9998
vn -0.0101 0.0159 -0.9998
vn -0.0109 0.0162 -0.9998
vn -0.4137 -0.8764 -0.2465
vn -0.4146 -0.8759 -0.2468
vn -0.8968 -0.1044 -0.4298
vn -0.7277 -0.3051 -0.6142
vn -0.6157 0.1485 -0.7739
vn -0.0731 -0.1450 -0.9867
vn -0.0727 -0.3186 -0.9451
vn 0.3944 0.1583 -0.9052
vn -0.0726 0.2405 -0.9679
vn 0.0790 0.4309 -0.8989
vn 0.5423 0.8116 -0.2175
vn 0.5423 0.8116 -0.2174
vn 0.8224 0.5495 -0.1472
vn 0.8224 0.4023 -0.4023
vn 0.5423 0.5941 -0.5941
vn 0.1887 0.6944 -0.6944
vn 0.1887 0.2542 -0.9486
vn 0.5423 0.2175 -0.8116
vn 0.8224 0.1472 -0.5495
vn 0.8224 0.1473 -0.5495
vn 0.9794 0.0522 -0.1948
vn 0.9794 0.1426 -0.1426
vn 0.8224 0.5495 -0.1473
vn 0.9794 0.1948 -0.0522
vn 0.1322 0.9912 -0.0000
vn 0.1768 0.9842 0.0054
vn 0.3842 0.9233 -0.0034
vn 0.4255 0.9050 -0.0000
vn 0.6107 0.7919 -0.0000
vn 0.7070 0.7070 -0.0152
vn 0.9851 0.1722 -0.0000
vn 0.9658 0.2588 -0.0136
vn 0.9069 0.4213 -0.0000
vn 0.7948 0.6069 -0.0000
vn 0.4196 0.8923 -0.1665
vn 0.9814 0.1766 -0.0757
vn 0.9816 0.1753 -0.0757
vn 0.8424 0.4657 -0.2711
vn 0.8595 0.4352 -0.2682
vn 0.1729 0.8224 -0.5420
vn 0.1730 0.8224 -0.5420
vn 0.1739 0.9680 -0.1807
vn 0.1740 0.9680 -0.1807
vn 0.6041 0.7834 -0.1462
vn 0.5339 0.8343 -0.1374
vn 0.5340 0.7106 -0.4581
vn 0.5573 0.6933 -0.4569
vn 0.5036 0.5498 -0.6664
vn 0.1761 0.6207 -0.7640
vn 0.3173 0.5276 -0.7880
vn 0.7897 0.6031 -0.1126
vn 0.8398 0.5366 -0.0832
vn 0.9041 0.4200 -0.0784
vn 0.9885 0.1484 -0.0277
vn 0.9848 0.1722 -0.0236
vn 0.3600 -0.0000 0.9330
vn 0.3621 -0.0000 0.9321
vn 0.3642 0.0001 0.9313
vn 0.4496 0.0026 0.8932
vn 0.2942 0.1544 0.9432
vn 0.3742 0.0832 0.9236
vn 0.4076 0.0551 0.9115
vn 0.9109 -0.0000 0.4127
vn 0.7994 -0.0000 0.6008
vn 0.6330 -0.0000 0.7742
vn 0.4798 -0.0000 0.8774
vn 0.4211 0.0451 0.9059
vn 0.8834 -0.0000 0.4685
vn 0.6714 -0.0000 0.7411
vn 0.3792 -0.0000 0.9253
vn -0.0001 0.1822 -0.9833
vn -0.0000 0.1737 -0.9848
vn -0.0000 0.6740 0.7387
vn -0.0005 0.6429 0.7659
vn 0.0005 0.8969 0.4421
vn -0.0000 0.9143 0.4050
vn -0.0000 0.9998 -0.0219
vn 0.0006 0.9980 -0.0638
vn -0.0000 0.9844 0.1760
vn 0.0001 0.4818 -0.8763
vn 0.0016 0.6374 -0.7706
vn 0.0005 0.5555 -0.8315
vn 0.0001 0.6870 -0.7267
vn -0.0004 0.8767 -0.4811
vn 0.0005 0.8438 -0.5366
vn -0.0000 0.9557 -0.2942
vn -0.0000 0.4423 0.8968
vn -0.0000 0.1951 0.9808
vn 0.0019 0.6088 0.7934
vn -0.0000 0.5556 0.8315
vn -0.0000 0.7933 0.6088
vn 0.0013 0.8315 0.5556
vn -0.0000 0.8969 0.4423
vn -0.0000 0.9808 0.1951
vn -0.0000 0.1306 0.9914
vn -0.0000 0.3828 0.9238
vn 0.1915 0.9626 0.1915
vn 0.1558 0.7836 0.6013
vn 0.1756 0.8829 0.4354
vn 0.1307 0.9592 0.2508
vn 0.5373 0.8042 0.2542
vn 0.8042 0.5373 0.2541
vn 0.8041 0.5373 0.2542
vn 0.9486 0.1887 0.2542
vn 0.0876 0.4406 0.8934
vn 0.1202 0.6043 0.7876
vn 0.0754 0.7179 0.6921
vn 0.3967 0.5936 0.7002
vn 0.3966 0.5936 0.7002
vn 0.5936 0.3967 0.7002
vn 0.5936 0.3966 0.7002
vn 0.7002 0.1393 0.7002
vn 0.0388 0.1949 0.9800
vn 0.0133 0.2734 0.9618
vn 0.1464 0.2191 0.9646
vn 0.2191 0.1464 0.9646
vn 0.2585 0.0514 0.9646
vn 0.2588 -0.0000 0.9659
vn 0.9659 -0.0000 0.2588
vn 0.0034 0.1583 0.9874
vn 0.0006 0.3614 0.9324
vn -0.0011 0.6087 0.7934
vn 0.0027 0.4668 0.8844
vn 0.0010 0.8584 0.5130
vn -0.0000 0.7271 0.6865
vn 0.0001 0.6095 0.7928
vn -0.0022 0.7934 0.6088
vn 0.0019 0.9659 0.2588
vn -0.0000 0.9834 0.1812
vn 0.1717 0.0553 0.9836
vn 0.0945 0.0502 0.9943
vn 0.0806 0.0399 0.9959
vn 0.1623 0.0532 0.9853
vn 0.1672 0.0353 0.9853
vn 0.1602 0.0345 0.9865
vn 0.4812 0.2050 0.8523
vn 0.4977 0.1615 0.8522
vn 0.4691 0.1554 0.8693
vn 0.4835 0.1028 0.8693
vn 0.4650 0.1008 0.8795
vn 0.5341 0.2708 0.8009
vn 0.6502 0.3094 0.6939
vn 0.2857 0.1336 0.9490
vn 0.1663 0.0806 0.9828
vn 0.0458 0.0196 0.9988
vn 0.5584 0.5500 0.6211
vn 0.0203 0.1839 0.9827
vn -0.0154 0.1437 0.9895
vn 0.2152 0.2580 0.9419
vn 0.1978 0.9234 0.3290
vn 0.3240 0.8479 0.4197
vn 0.2020 0.7991 0.5663
vn 0.0949 0.3902 0.9158
vn 0.0843 0.4727 0.8772
vn -0.0823 0.6393 0.7645
vn 0.0051 0.9817 0.1902
vn 0.2055 0.9177 0.3401
vn -0.0637 0.8902 0.4511
vn 0.1802 0.8150 0.5507
vn 0.0497 0.7054 0.7071
vn -0.1362 0.6315 0.7633
vn 0.2818 0.3156 0.9061
vn 0.2490 0.5620 0.7887
vn 0.2105 0.5842 0.7838
vn 0.3104 0.7459 0.5894
vn 0.3944 0.6701 0.6288
vn 0.4293 0.6847 0.5889
vn 0.4022 0.7904 0.4621
vn 0.5948 0.5041 0.6262
vn 0.5680 0.5266 0.6325
vn 0.5604 0.5431 0.6253
vn 0.4956 0.5281 0.6895
vn 0.5322 0.4504 0.7169
vn 0.5016 0.4342 0.7482
vn 0.5320 0.3739 0.7597
vn 0.5019 0.3286 0.8001
vn 0.0914 0.9958 0.0060
vn 0.0918 0.9958 0.0060
vn 0.2756 0.9611 0.0180
vn 0.2761 0.9609 0.0180
vn 0.5371 0.8428 0.0351
vn 0.5379 0.8423 0.0350
vn 0.8127 0.5803 0.0531
vn 0.8136 0.5789 0.0530
vn 0.9704 0.2331 0.0634
vn 0.9708 0.2315 0.0633
vn 0.9577 0.2367 0.1634
vn 0.9585 0.2334 0.1639
vn 0.8011 0.5827 0.1367
vn 0.8024 0.5807 0.1372
vn 0.5289 0.8439 0.0902
vn 0.5301 0.8431 0.0906
vn 0.2713 0.9614 0.0463
vn 0.2720 0.9612 0.0465
vn 0.1044 0.9944 0.0178
vn 0.0903 0.9958 0.0146
vn 0.9401 0.2412 0.2410
vn 0.9410 0.2367 0.2418
vn 0.7853 0.5854 0.2014
vn 0.7871 0.5827 0.2022
vn 0.5182 0.8449 0.1329
vn 0.5196 0.8439 0.1335
vn 0.2658 0.9616 0.0682
vn 0.2666 0.9614 0.0684
vn 0.0880 0.9959 0.0226
vn 0.0752 0.9970 0.0186
vn 0.0858 0.9959 0.0302
vn 0.1813 0.9810 0.0689
vn 0.2567 0.9615 0.0977
vn 0.2550 0.9621 0.0969
vn 0.5005 0.8445 0.1905
vn 0.4973 0.8467 0.1890
vn 0.7581 0.5847 0.2886
vn 0.7545 0.5904 0.2868
vn 0.9070 0.2408 0.3454
vn 0.8388 0.3181 0.4418
vn 0.8748 0.2509 0.4144
vn 0.9050 0.2503 0.3440
vn 0.0765 0.9960 0.0470
vn 0.0908 0.9942 0.0572
vn 0.2292 0.9626 0.1446
vn 0.2282 0.9629 0.1438
vn 0.4475 0.8486 0.2822
vn 0.4458 0.8500 0.2808
vn 0.6800 0.5946 0.4289
vn 0.6780 0.5982 0.4271
vn 0.0545 0.9982 0.0265
vn 0.0799 0.9960 0.0413
vn 0.2417 0.9622 0.1252
vn 0.2408 0.9626 0.1245
vn 0.4719 0.8471 0.2443
vn 0.4700 0.8485 0.2430
vn 0.7163 0.5910 0.3709
vn 0.7142 0.5946 0.3693
vn 0.8582 0.2568 0.4445
vn 0.8174 0.2568 0.5157
vn 0.7276 0.3477 0.5913
vn 0.7906 0.2631 0.5529
vn 0.8164 0.2629 0.5142
vn 0.1883 0.9635 0.1904
vn 0.1879 0.9637 0.1898
vn 0.3680 0.8521 0.3720
vn 0.3672 0.8530 0.3709
vn 0.5606 0.6037 0.5668
vn 0.5597 0.6058 0.5655
vn 0.2105 0.9628 0.1693
vn 0.2091 0.9633 0.1681
vn 0.4111 0.8496 0.3306
vn 0.4084 0.8518 0.3282
vn 0.6248 0.5976 0.5025
vn 0.6219 0.6030 0.4997
vn 0.7499 0.2717 0.6032
vn 0.6767 0.2721 0.6841
vn 0.6763 0.2757 0.6831
vn 0.6237 0.2379 0.7446
vn 0.6196 0.2757 0.7349
vn 0.5335 0.5504 0.6423
vn 0.5127 0.6058 0.6084
vn 0.3568 0.8293 0.4300
vn 0.3363 0.8530 0.3991
vn 0.1248 0.9805 0.1516
vn 0.1649 0.9635 0.2107
vn 0.0374 0.9984 0.0422
vn 0.0764 0.9941 0.0771
vn 0.0641 0.9961 0.0612
vn 0.0692 0.9960 0.0557
vn 0.0699 0.9960 0.0561
vn 0.0740 0.9960 0.0499
vn 0.5442 0.5684 0.6171
vn 0.0624 0.9514 0.3017
vn 0.2798 0.9262 0.2527
vn 0.3645 0.8028 0.4718
vn 0.4328 0.7906 0.4333
vn 0.5755 0.5501 0.6051
vn 0.5620 0.5544 0.6139
vn 0.5490 0.5541 0.6257
vn 0.3933 0.8040 0.4459
vn 0.3863 0.8106 0.4401
vn 0.1758 0.9641 0.1992
vn 0.1724 0.9653 0.1962
vn 0.4832 0.6017 0.6360
vn 0.4930 0.5684 0.6588
vn 0.3237 0.8486 0.4184
vn 0.3490 0.8105 0.4704
vn 0.1164 0.9827 0.1438
vn 0.1520 0.9652 0.2128
vn 0.0250 0.9992 0.0327
vn 0.0298 0.9990 0.0340
vn 0.0280 0.9991 0.0316
vn 0.1619 0.9859 0.0421
vn 0.9903 -0.0922 -0.1043
vn 0.5725 -0.8199 -0.0036
vn 0.6179 -0.7862 -0.0063
vn 0.6611 -0.7502 -0.0104
vn 0.7493 -0.6622 -0.0060
vn 0.7237 -0.6899 -0.0128
vn 0.7865 -0.6175 -0.0086
vn 0.8090 -0.5876 -0.0121
vn 0.8357 -0.5491 -0.0100
vn 0.8683 -0.4958 -0.0111
vn 0.8637 -0.5039 -0.0117
vn 0.8607 -0.5089 -0.0122
vn 0.8580 -0.5135 -0.0118
vn 0.8542 -0.5199 -0.0115
vn 0.9522 -0.3053 -0.0034
vn 0.9313 -0.3643 0.0009
vn 0.9084 -0.4182 0.0007
vn 0.9365 -0.3504 0.0171
vn 0.9594 -0.2821 0.0065
vn 0.9760 -0.2174 0.0155
vn 0.9785 -0.2061 0.0121
vn 0.9885 -0.1489 0.0277
vn 0.9881 -0.1514 0.0256
vn 0.9941 -0.1035 0.0325
vn 0.9975 -0.0586 0.0402
vn 0.9970 -0.0666 0.0400
vn 0.9965 -0.0778 0.0303
vn 0.9952 -0.0936 0.0282
vn 0.9956 -0.0937 0.0072
vn 0.9942 -0.0949 -0.0503
vn 0.9953 -0.0949 -0.0191
vn 0.5136 -0.8580 -0.0005
vn 0.5134 -0.8581 -0.0007
vn 0.5135 -0.8581 -0.0008
vn 0.5155 -0.8569 0.0021
vn 0.5414 -0.8408 -0.0056
vn 0.5181 -0.8553 -0.0089
vn 0.5034 -0.8640 -0.0129
vn 0.5030 -0.8642 -0.0130
vn 0.5023 -0.8646 -0.0132
vn 0.5028 -0.8643 -0.0130
vn 0.5039 -0.8637 -0.0125
vn 0.5048 -0.8631 -0.0121
vn 0.5103 -0.8600 -0.0095
vn 0.5168 -0.8561 -0.0053
vn 0.5213 -0.8534 -0.0021
vn 0.5530 -0.8328 0.0263
vn 0.4927 -0.8702 -0.0004
vn 0.9923 -0.0924 -0.0828
vn 0.9936 -0.0995 -0.0534
vn 0.9872 -0.1503 -0.0532
vn 0.9867 -0.1546 -0.0507
vn 0.9757 -0.2133 -0.0505
vn 0.9751 -0.2166 -0.0486
vn 0.9554 -0.2913 -0.0485
vn 0.9469 -0.3165 -0.0561
vn 0.9332 -0.3566 -0.0439
vn 0.9075 -0.4179 -0.0436
vn 0.9018 -0.4304 -0.0396
vn 0.8690 -0.4933 -0.0393
vn 0.8602 -0.5088 -0.0341
vn 0.8207 -0.5703 -0.0337
vn 0.8087 -0.5875 -0.0277
vn 0.7636 -0.6451 -0.0271
vn 0.7491 -0.6621 -0.0207
vn 0.6842 -0.7290 -0.0200
vn 0.6844 -0.7291 -0.0050
vn 0.6114 -0.7913 -0.0071
vn 0.9852 -0.0932 -0.1441
vn 0.9864 -0.1076 -0.1239
vn 0.9831 -0.1411 -0.1164
vn 0.9824 -0.1496 -0.1115
vn 0.9755 -0.1896 -0.1114
vn 0.9722 -0.2126 -0.0983
vn 0.9585 -0.2674 -0.0984
vn 0.9455 -0.3160 -0.0787
vn 0.9416 -0.3271 -0.0807
vn 0.9951 -0.0985 -0.0095
vn 0.9946 -0.1035 -0.0019
vn 0.9880 -0.1546 -0.0020
vn 0.9888 -0.1492 -0.0051
vn 0.9763 -0.2165 -0.0054
vn 0.9784 -0.2063 -0.0114
vn 0.9566 -0.2913 -0.0118
vn 0.9592 -0.2824 -0.0144
vn 0.9341 -0.3567 -0.0146
vn 0.9363 -0.3508 -0.0164
vn 0.9025 -0.4305 -0.0165
vn 0.8924 -0.4512 -0.0099
vn 0.8787 -0.4773 -0.0100
vn 0.9127 -0.4006 -0.0808
vn 0.9059 -0.4171 -0.0732
vn 0.8779 -0.4746 -0.0637
vn 0.8682 -0.4928 -0.0580
vn 0.8307 -0.5537 -0.0581
vn 0.8202 -0.5699 -0.0498
vn 0.7737 -0.6324 -0.0377
vn 0.7635 -0.6449 -0.0331
vn 0.7287 -0.6841 -0.0326
vn 0.6901 -0.7235 -0.0178
vn 0.6699 -0.7422 -0.0178
vn 0.6179 -0.7862 -0.0106
vn 0.5983 -0.8012 -0.0114
vn 0.5532 -0.8331 -0.0040
vn 0.5512 -0.8344 -0.0040
vn 0.4976 -0.8674 -0.0038
vn 0.5137 -0.8580 -0.0005
vn 0.6711 0.0099 0.7413
vn 0.7534 0.0245 0.6571
vn 1.0000 0.0018 0.0012
vn 1.0000 0.0021 0.0014
vn 1.0000 0.0014 -0.0003
vn 1.0000 0.0015 -0.0003
vn 1.0000 0.0016 -0.0000
vn 1.0000 0.0004 -0.0001
vn 1.0000 0.0007 -0.0000
vn 1.0000 0.0013 -0.0001
vn 0.9998 0.0208 -0.0001
vn 0.9998 -0.0172 -0.0090
vn 1.0000 0.0003 -0.0000
vn 0.9728 0.0096 -0.2316
vn 0.9998 -0.0014 -0.0222
vn 0.9978 0.0025 -0.0664
vn 0.9949 0.0212 -0.0981
vn 0.9890 -0.0219 -0.1463
vn 0.9840 -0.0055 -0.1783
vn 0.9728 0.0051 -0.2318
vn 0.9708 0.0083 -0.2396
vn 0.9695 0.0108 -0.2449
vn 0.9750 -0.0006 -0.2220
vn 0.9677 -0.0000 -0.2521
vn 0.9479 -0.0605 -0.3126
vn 0.9555 -0.0001 -0.2949
vn 0.9681 -0.0001 -0.2504
vn 0.9984 0.0025 0.0556
vn 0.9980 -0.0080 0.0627
vn 0.9799 0.1902 0.0609
vn 0.9812 -0.0894 0.1707
vn 0.8857 0.0273 0.4634
vn 0.9428 -0.0278 0.3322
vn 0.9569 0.0205 0.2897
vn 0.9863 0.0056 0.1651
vn 0.9799 -0.0148 0.1988
vn 0.9808 0.0290 0.1928
vn 0.9445 -0.0076 0.3283
vn 0.9463 0.0041 0.3231
vn 0.8844 0.0119 0.4666
vn 0.8718 -0.0144 0.4897
vn 0.7789 0.0175 0.6269
vn 0.7532 -0.0210 0.6574
vn 0.6756 0.0195 0.7370
vn 0.6748 0.0055 0.7380
vn 0.6661 0.0070 0.7458
vn 0.6659 0.0074 0.7460
vn 0.5992 -0.3762 -0.7067
vn 0.5917 -0.4016 -0.6990
vn 0.5723 -0.4113 -0.7094
vn 0.6023 -0.4135 -0.6829
vn 0.5851 -0.4236 -0.6915
vn 0.5981 -0.4255 -0.6791
vn 0.6075 -0.4192 -0.6746
vn 0.6116 -0.4202 -0.6704
vn 0.5944 -0.3802 -0.7086
vn 0.6114 -0.3649 -0.7021
vn 0.5969 -0.3773 -0.7081
vn 0.6125 -0.3608 -0.7033
vn 0.5977 -0.3707 -0.7109
vn 0.6176 -0.3563 -0.7011
vn 0.6003 -0.3661 -0.7111
vn 0.6222 -0.3493 -0.7006
vn 0.6037 -0.3529 -0.7148
vn 0.6300 -0.3397 -0.6983
vn 0.7053 -0.0470 -0.7074
vn 0.6435 -0.3162 -0.6971
vn 0.6379 -0.2917 -0.7127
vn 0.7104 -0.0735 -0.7000
vn 0.7041 -0.0700 -0.7067
vn 0.6995 -0.1045 -0.7069
vn 0.6968 -0.1052 -0.7095
vn 0.6625 -0.2570 -0.7036
vn 0.6990 -0.2219 -0.6799
vn 0.6359 -0.2336 -0.7355
vn 0.7206 -0.1583 -0.6750
vn 0.6407 -0.1735 -0.7479
vn 0.6955 -0.1402 -0.7047
vn 0.9052 0.0071 -0.4250
vn 0.9281 -0.0315 -0.3710
vn 0.9280 -0.0402 -0.3703
vn 0.9285 0.1522 -0.3388
vn 0.9560 -0.0000 -0.2933
vn 0.5183 0.6608 0.5429
vn 0.5780 0.6944 0.4286
vn 0.5400 0.6903 -0.4815
vn 0.6210 0.7679 0.1573
vn 0.5944 0.7974 0.1045
vn 0.5860 0.7820 0.2122
vn 0.5398 0.8371 0.0888
vn 0.5981 0.7993 0.0589
vn 0.5804 0.8131 -0.0446
vn 0.5472 0.7331 -0.4039
vn 0.5906 0.7037 0.3950
vn 0.6185 0.6927 0.3709
vn 0.6064 0.7143 0.3493
vn 0.6292 0.7138 0.3076
vn 0.6316 0.7054 0.3216
vn 0.5497 0.6851 0.4780
vn 0.1550 0.6231 0.7666
vn 0.1871 0.6537 0.7332
vn 0.1660 0.6922 0.7023
vn 0.3851 0.8655 0.3204
vn 0.0152 0.9148 0.4035
vn 0.1850 0.8805 0.4365
vn 0.4145 0.7636 0.4950
vn 0.5799 0.6876 0.4369
vn 0.1263 0.6173 0.7765
vn 0.4240 0.7299 0.5362
vn 0.2066 0.6945 0.6892
vn 0.3389 0.7921 0.5076
vn 0.4640 0.8394 0.2831
vn 0.4986 0.8321 0.2429
vn 0.5261 0.8499 0.0299
vn 0.4898 0.8709 -0.0408
vn 0.5777 0.8116 -0.0867
vn 0.4966 0.7836 -0.3733
vn 0.5759 0.7711 -0.2715
vn 0.5359 0.7630 -0.3614
vn 0.5437 0.7492 -0.3782
vn 0.7077 -0.6694 -0.2260
vn 0.7333 0.3131 -0.6035
vn 0.8398 -0.1826 -0.5112
vn 0.7452 0.2491 -0.6185
vn 0.8218 -0.0185 -0.5694
vn 0.8066 0.0315 -0.5902
vn 0.7618 0.1873 -0.6201
vn 0.8227 -0.3043 -0.4801
vn 0.5954 0.4784 -0.6455
vn 0.8147 -0.2641 -0.5163
vn 0.6283 0.3874 -0.6746
vn 0.8022 -0.2262 -0.5526
vn 0.5054 0.5238 -0.6857
vn 0.7608 -0.4897 -0.4259
vn 0.4516 0.5430 -0.7080
vn 0.7538 -0.4448 -0.4837
vn 0.7117 -0.0094 -0.7024
vn 0.6962 -0.0048 -0.7178
vn 0.5777 0.2676 -0.7712
vn 0.6959 -0.0366 -0.7172
vn 0.6739 0.0020 -0.7388
vn 0.7784 -0.1935 -0.5973
vn 0.9486 -0.1887 -0.2542
vn 0.8116 -0.5423 -0.2175
vn 0.5495 -0.8224 -0.1473
vn 0.5973 -0.1935 -0.7784
vn 0.6807 -0.2707 -0.6807
vn 0.5941 -0.5423 -0.5941
vn 0.4023 -0.8224 -0.4023
vn 0.2542 -0.1887 -0.9486
vn 0.2175 -0.5423 -0.8116
vn 0.1472 -0.8224 -0.5495
vn 0.0522 -0.9794 -0.1948
vn 0.1426 -0.9794 -0.1426
vn 0.5495 -0.8224 -0.1472
vn 0.1948 -0.9794 -0.0522
vn 0.6415 -0.3973 -0.6563
vn 0.4337 -0.3261 -0.8400
vn 0.6427 -0.1444 -0.7524
vn 0.6335 -0.1963 -0.7484
vn 0.5763 -0.3057 -0.7579
vn 0.9390 0.0456 -0.3408
vn 0.7909 -0.0939 -0.6047
vn 0.8035 -0.0792 -0.5900
vn 0.8164 -0.0673 -0.5735
vn 0.8246 -0.0619 -0.5623
vn 0.8279 -0.0599 -0.5577
vn 0.8328 -0.0571 -0.5506
vn 0.8424 -0.0530 -0.5362
vn 0.8494 -0.0517 -0.5252
vn 0.8428 -0.0528 -0.5356
vn 0.8502 -0.0418 -0.5249
vn 0.8950 0.0321 -0.4450
vn 0.7023 -0.1001 -0.7048
vn 0.6891 -0.1070 -0.7167
vn 0.7124 -0.0970 -0.6951
vn 0.7198 -0.0956 -0.6876
vn 0.7774 -0.0894 -0.6226
vn 0.7502 -0.1611 -0.6413
vn 0.7726 -0.1193 -0.6236
vn 0.8867 -0.1015 -0.4510
vn 0.9058 0.0687 -0.4182
vn 0.8990 0.0426 -0.4359
vn 0.9677 -0.0000 -0.2523
vn 0.9676 -0.0000 -0.2523
vn 0.7061 -0.0437 -0.7068
vn 0.7065 -0.0344 -0.7068
vn 0.7062 -0.0400 -0.7069
vn 0.0826 0.9824 0.1674
vn 0.2361 0.8461 0.4779
vn 0.1263 0.6207 0.7738
vn 0.0284 0.9824 0.1845
vn 0.0812 0.8461 0.5268
vn 0.1199 0.6166 0.7781
vn 0.3481 0.6181 0.7048
vn 0.3821 0.5995 0.7033
vn 0.1768 0.9842 -0.0000
vn 0.1633 0.9866 0.0014
vn 0.3721 0.9282 -0.0003
vn 0.4256 0.9049 0.0011
vn 0.5425 0.8400 -0.0026
vn 0.6106 0.7919 0.0024
vn 0.7654 0.6436 -0.0031
vn 0.7948 0.6069 0.0008
vn 0.8987 0.4385 -0.0005
vn 0.9069 0.4213 0.0006
vn 0.9851 0.1722 -0.0013
vn 0.9833 0.1820 -0.0000
vn 0.0938 0.9800 0.1753
vn 0.2662 0.8260 0.4969
vn 0.3958 0.5455 0.7388
vn 0.3957 0.5455 0.7388
vn 0.1335 0.1899 0.9727
vn 0.0325 0.9800 0.1961
vn 0.0920 0.8260 0.5561
vn 0.1368 0.5455 0.8269
vn 0.1594 0.2146 0.9636
vn 0.4615 0.2121 0.8614
vn 0.4378 0.2342 0.8681
vn 0.8762 0.4071 0.2579
vn 0.0692 0.2582 0.9636
vn 0.5902 0.7654 0.2567
vn 0.4112 0.8743 0.2580
vn 0.1610 0.6008 0.7830
vn 0.2718 0.6561 0.7041
vn 0.2079 0.7760 0.5954
vn 0.2466 0.9205 0.3032
vn 0.1710 0.9517 0.2550
vn 0.7682 0.5865 0.2568
vn 0.6721 0.6721 0.3108
vn 0.5086 0.5086 0.6948
vn 0.5086 0.5086 0.6947
vn 0.1890 0.1890 0.9636
vn 0.9524 0.1665 0.2552
vn 0.9200 0.2465 0.3047
vn 0.6947 0.1862 0.6948
vn 0.6947 0.1862 0.6947
vn 0.2582 0.0692 0.9636
vn 0.0254 0.6360 0.7713
vn 0.2388 0.7369 0.6324
vn 0.0637 0.6049 0.7937
vn 0.4291 0.7980 0.4232
vn 0.3249 0.7758 0.5409
vn 0.2387 0.7407 0.6281
vn 0.4544 0.8281 0.3282
vn 0.5783 0.7095 0.4028
vn 0.5195 0.7454 0.4178
vn 0.9331 0.3321 0.1380
vn 0.9307 0.3348 0.1476
vn 0.8587 0.5069 0.0755
vn 0.0622 0.6072 0.7921
vn 0.0463 0.6012 0.7978
vn 0.0921 0.8015 0.5909
vn 0.1563 0.8554 0.4938
vn 0.1447 0.9269 0.3462
vn 0.2173 0.9627 0.1611
vn 0.1658 0.9861 -0.0122
vn 0.3225 0.9394 0.1167
vn 0.5516 0.8150 0.1775
vn 0.5587 0.8287 -0.0342
vn 0.6981 0.6646 0.2664
vn 0.7193 0.6910 0.0716
vn 0.8562 0.4770 0.1985
vn 0.8568 0.4669 0.2187
vn -0.0000 0.6362 0.7715
vn -0.0000 0.9828 0.1846
vn 0.0007 0.9863 0.1650
vn -0.0007 0.8661 0.4999
vn 0.0004 0.8489 0.5286
vn -0.0004 0.6257 0.7801
vn 0.1403 0.5564 0.8190
vn 0.1287 0.5531 0.8231
vn 0.1342 0.5430 0.8289
vn 0.1180 0.5395 0.8337
vn 0.1433 0.5292 0.8363
vn 0.1638 0.5314 0.8311
vn 0.1109 0.5089 0.8536
vn 0.1332 0.5078 0.8511
vn 0.5211 0.6565 0.5454
vn 0.4364 0.6544 0.6174
vn 0.1830 0.5808 0.7932
vn 0.1352 0.5628 0.8155
vn 0.3956 0.6445 0.6543
vn 0.4070 0.6268 0.6645
vn 0.3765 0.6237 0.6850
vn 0.3927 0.5942 0.7020
vn 0.3679 0.5929 0.7163
vn 0.3848 0.5516 0.7401
vn 0.3723 0.5521 0.7460
vn 0.3841 0.5021 0.7748
vn 0.3913 0.5008 0.7721
vn 0.5487 0.7369 -0.3947
vn 0.4834 0.5741 -0.6609
vn 0.4819 0.5629 -0.6714
vn 0.5143 0.7201 -0.4657
vn 0.5149 0.7186 -0.4673
vn 0.4972 0.8375 -0.2265
vn 0.4759 0.8706 -0.1251
vn 0.4669 0.8843 -0.0003
vn 0.3828 0.8955 0.2271
vn 0.2866 0.8490 0.4439
vn 0.1025 0.6218 0.7764
vn 0.1084 0.6489 0.7531
vn 0.1419 0.6818 0.7177
vn 0.0829 0.5911 0.8023
vn 0.0820 0.6106 0.7876
vn 0.2616 0.7864 0.5596
vn 0.2588 0.7879 0.5588
vn 0.2583 0.7877 0.5593
vn 0.4101 0.8782 0.2462
vn 0.3763 0.8698 0.3191
vn 0.3355 0.8508 0.4045
vn 0.3823 0.8951 0.2295
vn 0.4073 0.8820 0.2372
vn 0.4536 0.8783 0.1510
vn 0.5405 0.7418 -0.3969
vn 0.5306 0.7528 -0.3896
vn 0.4835 0.8667 -0.1229
vn 0.5315 0.8266 -0.1852
vn 0.4884 0.8714 -0.0473
vn 1.0000 -0.0000 0.0002
vn -0.0000 0.9806 0.1962
vn 0.0067 0.9997 0.0241
vn 0.0001 0.5866 0.8099
vn -0.0000 0.3667 0.9303
vn 0.0004 0.1916 0.9815
vn 0.0024 0.2586 0.9660
vn -0.0000 0.0818 0.9967
vn 0.0010 0.9839 0.1790
vn -0.0008 0.8682 0.4963
vn 0.0011 0.8295 0.5585
vn -0.0017 0.5507 0.8347
vn -0.0000 0.5369 -0.8436
vn -0.0044 0.5563 -0.8309
vn 0.0001 0.6844 -0.7291
vn -0.0003 0.7733 -0.6341
vn -0.0119 0.8349 -0.5502
vn 0.0044 0.9064 -0.4225
vn -0.0056 0.9830 -0.1835
vn -0.0000 0.9902 -0.1400
vn 0.3875 -0.0000 -0.9219
vn 0.6766 -0.0000 -0.7363
vn 0.8859 -0.0000 -0.4639
vn 0.9778 -0.0000 -0.2095
vn 0.7860 -0.0000 -0.6182
vn 0.4340 -0.0000 -0.9009
vn 0.4266 -0.0000 0.9045
vn 0.7830 -0.0000 0.6220
vn 0.9775 -0.0000 0.2110
vn 0.5813 0.4425 -0.6828
vn 0.5110 0.5293 -0.6773
vn 0.5066 0.5374 -0.6742
vn 0.5039 0.5439 -0.6711
vn 0.4972 0.5610 -0.6619
vn 0.4730 0.5744 -0.6681
vn 0.4948 0.5627 -0.6622
vn 0.4945 0.5679 -0.6580
vn 0.4919 0.5887 -0.6415
vn 0.4816 0.5647 -0.6702
vn 0.5478 0.4671 -0.6941
vn 0.5482 0.4670 -0.6938
vn 0.5367 0.5009 -0.6790
vn 0.5257 0.5084 -0.6820
vn 0.5200 0.5181 -0.6791
vn 0.5168 0.5214 -0.6790
vn 0.5142 0.5248 -0.6784
vn 0.6188 0.3651 -0.6956
vn 0.6261 0.4188 -0.6578
vn 0.5641 0.4118 -0.7157
vn 0.6151 0.3773 -0.6923
vn 0.6336 0.3297 -0.6999
vn 0.6141 0.3343 -0.7149
vn 0.6519 0.3052 -0.6942
vn 0.6528 0.2666 -0.7090
vn 0.6348 0.2111 -0.7433
vn 0.6968 0.2726 -0.6635
vn 0.6744 0.1856 -0.7147
vn 0.6798 0.1804 -0.7108
vn 0.6984 0.1522 -0.6994
vn 0.6867 0.1187 -0.7171
vn 0.7023 0.1057 -0.7040
vn 0.7033 0.0727 -0.7072
vn 0.6849 0.0333 -0.7279
vn 0.7236 0.0562 -0.6879
vn 0.6999 -0.0011 -0.7143
vn 0.7175 -0.0180 -0.6963
vn 0.7082 -0.0314 -0.7053
vn 0.4656 0.5794 -0.6690
vn 0.4290 0.6098 -0.6664
vn 0.4290 0.6069 -0.6690
vn 0.3669 0.6722 -0.6431
vn 0.3678 0.6540 -0.6610
vn 0.2981 0.7206 -0.6260
vn 0.3021 0.6921 -0.6556
vn 0.2290 0.7626 -0.6050
vn 0.2372 0.7237 -0.6480
vn 0.1578 0.7919 -0.5899
vn 0.1710 0.7485 -0.6407
vn 0.1086 0.7928 -0.5997
vn 0.0853 0.7768 -0.6239
vn 0.0647 0.7882 -0.6120
vn 0.0321 0.7911 -0.6108
vn 0.0269 0.7864 -0.6171
vn 0.9255 -0.0918 -0.3674
vn -0.4648 0.8854 0.0036
vn -0.4749 0.8800 0.0003
vn -0.4687 0.8834 0.0026
vn -0.4653 0.8851 0.0035
vn -0.4757 0.8796 0.0014
vn -0.4669 0.8843 0.0031
vn -0.4756 0.8796 0.0022
vn -0.4813 0.8765 0.0018
vn -0.4814 0.8765 0.0018
vn -0.4820 0.8762 0.0018
vn -0.4834 0.8754 0.0017
vn -0.4848 0.8746 0.0017
vn -0.4862 0.8738 0.0016
vn -0.4940 0.8694 -0.0023
vn -0.4923 0.8704 -0.0001
vn -0.4922 0.8705 -0.0000
vn -0.4868 0.8735 0.0025
vn -0.4754 0.8798 -0.0000
vn -0.9854 0.0886 0.1453
vn -0.9921 0.1201 0.0357
vn -0.9934 0.0949 0.0649
vn -0.9916 0.0904 0.0924
vn -0.9953 0.0968 0.0089
vn -0.9972 0.0617 -0.0420
vn -0.9971 0.0643 -0.0406
vn -0.9943 0.1013 -0.0323
vn -0.9946 0.0989 -0.0324
vn -0.9336 0.3583 -0.0072
vn -0.9652 0.2614 -0.0067
vn -0.9580 0.2864 -0.0152
vn -0.9802 0.1975 -0.0118
vn -0.9783 0.2067 -0.0151
vn -0.9886 0.1477 -0.0282
vn -0.9886 0.1478 -0.0282
vn -0.9950 0.0933 -0.0364
vn -0.7969 0.6041 0.0081
vn -0.8371 0.5470 0.0099
vn -0.8411 0.5408 0.0101
vn -0.8469 0.5316 0.0106
vn -0.8517 0.5238 0.0111
vn -0.8519 0.5235 0.0112
vn -0.8625 0.5059 0.0096
vn -0.8868 0.4620 0.0082
vn -0.8975 0.4411 -0.0001
vn -0.9387 0.3448 -0.0029
vn -0.5983 0.8012 0.0058
vn -0.6441 0.7649 0.0052
vn -0.6664 0.7456 0.0084
vn -0.7008 0.7134 0.0064
vn -0.7338 0.6793 0.0102
vn -0.7576 0.6527 0.0077
vn -0.8115 0.5843 0.0123
vn -0.4886 0.8725 0.0016
vn -0.4918 0.8707 0.0015
vn -0.5330 0.8461 0.0015
vn -0.5020 0.8648 0.0084
vn -0.5060 0.8625 0.0076
vn -0.5095 0.8605 0.0070
vn -0.5145 0.8575 0.0062
vn -0.5174 0.8557 0.0058
vn -0.5214 0.8533 0.0053
vn -0.5444 0.8388 0.0029
vn -0.5915 0.8063 0.0046
vn -0.8598 0.5074 0.0565
vn -0.8675 0.4944 0.0550
vn -0.8590 0.5090 0.0551
vn -0.8082 0.5863 0.0546
vn -0.8159 0.5759 0.0510
vn -0.7485 0.6624 0.0309
vn -0.7222 0.6908 0.0348
vn -0.8513 0.5234 0.0370
vn -0.8608 0.5079 0.0318
vn -0.7964 0.6040 0.0314
vn -0.8092 0.5870 0.0253
vn -0.7336 0.6792 0.0248
vn -0.7488 0.6626 0.0184
vn -0.6663 0.7455 0.0179
vn -0.6736 0.7389 0.0152
vn -0.5982 0.8012 0.0148
vn -0.6475 0.7621 0.0060
vn -0.5330 0.8461 0.0112
vn -0.5749 0.8182 0.0022
vn -0.5269 0.8499 0.0025
vn -0.9334 0.3565 0.0416
vn -0.9298 0.3653 0.0443
vn -0.9555 0.2915 0.0444
vn -0.9954 0.0944 0.0153
vn -0.9943 0.0944 0.0501
vn -0.9867 0.1544 0.0499
vn -0.9746 0.2186 0.0476
vn -0.9874 0.1506 0.0477
vn -0.9836 0.1501 0.1004
vn -0.9904 0.0946 0.1008
vn -0.9894 0.0890 0.1149
vn -0.9867 0.0832 0.1394
vn -0.9795 0.1425 0.1424
vn -0.9854 0.1433 0.0924
vn -0.9722 0.2155 0.0920
vn -0.9753 0.2161 0.0461
vn -0.9538 0.2968 0.0460
vn -0.9832 0.1303 0.1278
vn -0.9757 0.1782 0.1275
vn -0.9708 0.2195 0.0968
vn -0.9709 0.2192 0.0967
vn -0.9520 0.2906 0.0964
vn -0.9563 0.2774 0.0925
vn -0.9310 0.3558 0.0810
vn -0.9374 0.3392 0.0784
vn -0.9308 0.3570 0.0785
vn -0.9957 0.0925 -0.0087
vn -0.9948 0.1017 -0.0019
vn -0.9890 0.1480 -0.0018
vn -0.9880 0.1544 0.0019
vn -0.9784 0.2068 0.0020
vn -0.9758 0.2186 0.0090
vn -0.9580 0.2866 0.0092
vn -0.9548 0.2968 0.0124
vn -0.9334 0.3585 0.0125
vn -0.9307 0.3654 0.0146
vn -0.8967 0.4423 0.0146
vn -0.8960 0.4422 0.0414
vn -0.9022 0.4298 0.0374
vn -0.9000 0.4289 0.0781
vn -0.9052 0.4183 0.0748
vn 0.2972 0.1704 -0.9395
vn 0.1038 0.1918 -0.9759
vn 0.9657 0.2588 0.0200
vn 0.8352 0.4827 -0.2634
vn 0.8085 0.5302 -0.2553
vn 0.7047 0.7047 0.0820
vn 0.2292 0.1873 -0.9552
vn 0.1500 0.2159 -0.9648
vn 0.1735 0.5452 -0.8201
vn 0.1735 0.5452 -0.8202
vn 0.1735 0.8201 -0.5452
vn 0.1735 0.8202 -0.5452
vn 0.1489 0.9676 -0.2039
vn 0.1296 0.9730 -0.1912
vn 0.7376 0.0642 -0.6722
vn 0.8058 0.2579 -0.5330
vn 0.8330 0.2589 -0.4890
vn 0.8346 0.2597 -0.4858
vn 0.8844 0.1953 -0.4238
vn 0.9771 0.0310 -0.2106
vn 0.4925 0.1333 -0.8600
vn 0.4725 0.1716 -0.8644
vn 0.5318 0.4466 -0.7195
vn 0.5319 0.4466 -0.7195
vn 0.5318 0.7195 -0.4466
vn 0.4830 0.8504 -0.2086
vn 0.3797 0.9128 -0.1504
vn 0.1742 0.3772 -0.9096
vn 0.6772 -0.7239 -0.1316
vn 0.3388 -0.9223 -0.1857
vn 0.9793 -0.1948 0.0552
vn 0.9707 -0.1459 -0.1910
vn 0.9737 -0.0391 -0.2243
vn 0.8542 0.0927 -0.5116
vn 0.8484 0.1285 -0.5135
vn 0.6221 0.4210 -0.6601
vn 0.5331 0.2912 -0.7944
vn 0.7220 0.2345 -0.6509
vn 0.1039 -0.0909 -0.9904
vn 0.1249 -0.0980 -0.9873
vn 0.1515 -0.9646 -0.2159
vn 0.1679 -0.9652 -0.2006
vn 0.1761 -0.8005 -0.5729
vn 0.1545 -0.4970 -0.8539
vn 0.1317 -0.2960 -0.9461
vn 0.3260 -0.0328 -0.9448
vn 0.3259 -0.0328 -0.9448
vn 0.4745 -0.3911 -0.7886
vn 0.5398 -0.6772 -0.5000
vn 0.5240 -0.8304 -0.1893
vn 0.5168 -0.8323 -0.2005
vn 0.8237 -0.5504 -0.1362
vn 0.8302 -0.5480 -0.1018
vn 0.8420 -0.4139 -0.3460
vn 0.7402 -0.1596 -0.6532
vn 0.5084 0.1262 -0.8518
vn 0.1814 0.3942 -0.9010
vn 0.1163 0.3375 -0.9341
vn 0.0681 0.1387 -0.9880
vn 0.1271 0.3408 -0.9315
vn -0.7548 0.3580 0.5496
vn -0.8185 0.2828 0.5000
vn -0.8327 0.4177 0.3634
vn -0.7893 0.2245 0.5715
vn -0.8167 0.1850 0.5467
vn -0.8452 0.1611 0.5096
vn -0.8553 0.1427 0.4981
vn -0.8873 0.1220 0.4448
vn -0.8955 0.1068 0.4321
vn -0.9195 0.0970 0.3809
vn -0.9279 0.0810 0.3638
vn -0.9791 0.0826 0.1859
vn -0.9676 0.1768 0.1802
vn -0.9751 0.1293 0.1804
vn -0.9737 0.1098 0.1997
vn -0.9753 0.0921 0.2006
vn -0.9712 0.0756 0.2260
vn -0.9636 0.2175 0.1553
vn -0.9009 0.4163 0.1231
vn -0.9265 0.3554 0.1234
vn -0.9331 0.3377 0.1238
vn -0.9307 0.3619 0.0533
vn -0.8884 0.4479 0.1011
vn -0.8656 0.4934 0.0853
vn -0.8540 0.5202 -0.0125
vn -0.8140 0.5745 0.0856
vn -0.8572 0.5080 0.0850
vn -0.7871 0.6134 0.0646
vn -0.7231 0.6903 0.0249
vn -0.7224 0.6911 0.0229
vn -0.6470 0.7619 0.0303
vn -0.6472 0.7617 0.0306
vn -0.5720 0.8202 -0.0054
vn -0.5749 0.8182 0.0032
vn -0.5269 0.8499 0.0041
vn -0.4995 0.8663 0.0077
vn -0.4940 0.8694 -0.0059
vn -0.5946 0.8038 0.0201
vn -0.5984 0.8010 0.0162
vn -0.5271 0.8496 0.0163
vn -0.6800 0.7295 0.0736
vn -0.6393 0.7653 0.0748
vn -0.5386 0.8421 -0.0261
vn -0.5093 0.8605 0.0118
vn -0.5971 0.8021 0.0100
vn -0.5736 0.8178 0.0456
vn -0.6892 0.7233 0.0426
vn -0.6476 0.7558 0.0973
vn -0.7685 0.6328 0.0948
vn -0.7121 0.6837 0.1595
vn -0.8267 0.5399 0.1586
vn -0.7642 0.6053 0.2229
vn -0.7180 0.4336 0.5445
vn -0.8358 0.3739 0.4020
vn -0.7765 0.4347 0.4561
vn -0.8634 0.3906 0.3194
vn -0.8208 0.4372 0.3677
vn -0.8805 0.4062 0.2446
vn -0.8510 0.4409 0.2853
vn -0.7905 0.3631 0.4932
vn -0.7637 0.4268 0.4843
vn -0.7763 0.4872 0.4001
vn -0.7716 0.5014 0.3915
vn -0.8163 0.4821 0.3182
vn -0.8319 0.5076 0.2244
vn -0.8189 0.5202 0.2425
vn -0.7995 0.4772 0.3648
vn -0.7846 0.5204 0.3370
vn -0.7750 0.5697 0.2735
vn -0.8093 0.5244 0.2646
vn -0.6972 0.6658 0.2658
vn -0.8101 0.5653 0.1553
vn -0.7048 0.6898 0.1656
vn -0.9526 0.0706 0.2960
vn -0.9433 0.0855 0.3209
vn -0.9409 0.1094 0.3205
vn -0.9162 0.1267 0.3801
vn -0.9197 0.1202 0.3737
vn -0.8840 0.1472 0.4437
vn -0.8810 0.1522 0.4479
vn -0.8419 0.1818 0.5081
vn -0.8274 0.2034 0.5234
vn -0.9634 0.0781 0.2565
vn -0.9604 0.0812 0.2666
vn -0.9567 0.1179 0.2661
vn -0.9528 0.1256 0.2762
vn -0.9483 0.1573 0.2758
vn -0.9098 0.1834 0.3723
vn -0.9171 0.1721 0.3595
vn -0.8717 0.2032 0.4459
vn -0.8734 0.2009 0.4437
vn -0.8201 0.2366 0.5210
vn -0.8110 0.2479 0.5299
vn -0.7926 0.3096 0.5253
vn -0.8748 0.2607 0.4082
vn -0.8505 0.2884 0.4400
vn -0.9133 0.2501 0.3213
vn -0.8923 0.2764 0.3569
vn -0.9238 0.2586 0.2823
vn -0.9470 0.1507 0.2837
vn -0.7866 0.2259 0.5746
vn -0.7864 0.2517 0.5641
vn -0.7730 0.2424 0.5863
vn -0.7540 0.2849 0.5919
vn -0.7542 0.2843 0.5920
vn -0.7286 0.3126 0.6094
vn -0.7192 0.3400 0.6059
vn -0.7433 0.3169 0.5891
vn -0.7361 0.3356 0.5878
vn -0.9702 0.1681 0.1746
vn -0.9599 0.1733 0.2204
vn -0.9398 0.2623 0.2192
vn -0.9321 0.2667 0.2450
vn -0.9038 0.3517 0.2437
vn -0.8736 0.3675 0.3190
vn -0.8967 0.3363 0.2878
vn -0.8363 0.3695 0.4050
vn -0.8680 0.3304 0.3708
vn -0.7831 0.3760 0.4954
vn -0.8249 0.3282 0.4603
vn -0.7196 0.3848 0.5780
vn -0.7657 0.3330 0.5503
vn -0.5131 0.8582 -0.0140
vn -0.4996 0.8663 0.0071
vn -0.5807 0.8141 0.0055
vn -0.5694 0.8216 0.0249
vn -0.6637 0.7477 0.0226
vn -0.6446 0.7628 0.0517
vn -0.7407 0.6699 0.0500
vn -0.7154 0.6936 0.0845
vn -0.8065 0.5852 0.0843
vn -0.7782 0.6165 0.1197
vn -0.8583 0.4988 0.1210
vn -0.8305 0.5353 0.1541
vn -0.8962 0.4153 0.1562
vn -0.8714 0.4541 0.1854
vn -0.9060 0.3796 0.1872
vn -0.9091 0.3750 0.1814
vn -0.9447 0.2721 0.1832
vn -0.9517 0.2685 0.1490
vn -0.9488 0.2752 0.1550
vn -0.0000 0.0883 -0.9961
vn 0.0013 0.1722 -0.9851
vn -0.0006 0.3080 -0.9514
vn 0.0018 0.5782 -0.8159
vn -0.0003 0.5341 -0.8454
vn 0.0001 0.7528 -0.6583
vn 0.0017 0.8404 -0.5420
vn -0.0000 0.8730 -0.4877
vn 0.0003 0.9842 -0.1768
vn -0.0000 0.9857 -0.1688
vn 0.4114 0.0006 -0.9115
vn 0.3920 0.0039 -0.9200
vn 0.3791 0.0074 -0.9253
vn 0.3929 0.0021 -0.9196
vn 0.3591 -0.0000 -0.9333
vn 0.3936 0.0002 -0.9193
vn 0.3408 0.0205 -0.9399
vn 0.3665 0.0112 -0.9303
vn 0.3895 0.0130 -0.9209
vn 0.3840 0.0346 -0.9227
vn 0.3759 0.0809 -0.9231
vn 0.3671 0.1573 -0.9168
vn 0.3475 0.3073 -0.8859
vn 0.2139 0.7980 -0.5635
vn 0.9191 -0.0000 -0.3939
vn 0.8286 -0.0000 -0.5599
vn 0.6910 -0.0000 -0.7228
vn 0.5221 -0.0000 -0.8529
vn 0.4248 -0.0000 -0.9053
vn 0.0042 -0.3459 -0.9382
vn 0.0004 -0.1279 -0.9918
vn -0.0000 -0.0198 -0.9998
vn -0.0021 -0.1951 -0.9808
vn 0.0012 -0.5556 -0.8315
vn -0.0003 -0.6084 -0.7936
vn 0.0012 -0.9859 -0.1676
vn -0.0014 -0.8315 -0.5556
vn 0.0035 -0.8891 -0.4577
vn 0.0002 -0.7761 -0.6306
vn 0.6088 -0.0010 -0.7934
vn 0.7391 0.0012 -0.6735
vn 0.7934 -0.0008 -0.6088
vn 0.8623 0.0002 -0.5063
vn 0.9054 -0.0004 -0.4246
vn 0.9022 -0.0005 -0.4314
vn 0.9776 0.0016 -0.2107
vn 0.1057 -0.0000 -0.9944
vn 0.2333 -0.0034 -0.9724
vn 0.2588 -0.0043 -0.9659
vn 0.3015 -0.0028 -0.9535
vn 0.4970 0.0017 -0.8678
vn 0.9844 0.0841 -0.1544
vn 0.8421 0.2580 -0.4736
vn 0.8579 0.2494 -0.4493
vn 0.7277 0.3282 -0.6023
vn 0.5390 0.4030 -0.7397
vn 0.1757 0.4710 -0.8645
vn 0.0679 -0.9977 -0.0000
vn 0.1951 -0.9808 -0.0022
vn 0.2423 -0.9702 -0.0006
vn 0.4611 -0.8873 0.0005
vn 0.5556 -0.8315 -0.0024
vn 0.6406 -0.7679 -0.0000
vn 0.8162 -0.5778 -0.0013
vn 0.9808 -0.1951 0.0015
vn 0.9752 -0.2215 -0.0000
vn 0.1951 -0.0000 -0.9808
vn 0.2588 -0.0025 -0.9659
vn 0.5556 0.0017 -0.8315
vn 0.6088 -0.0000 -0.7933
vn 0.8315 -0.0000 -0.5556
vn 0.7934 0.0025 -0.6088
vn 0.9808 -0.0034 -0.1951
vn 0.9659 -0.0000 -0.2588
vn 0.1950 0.9808 -0.0000
vn -0.0000 0.1033 -0.9947
vn 0.0039 0.0061 -1.0000
vn -0.0076 0.3054 -0.9522
vn 0.0079 0.1106 -0.9938
vn -0.0000 0.3053 -0.9522
vn -0.0000 0.3075 -0.9515
vn -0.0000 0.3599 -0.9330
vn -0.0113 0.3669 -0.9302
vn -0.0000 0.3848 -0.9230
vn -0.0129 0.3698 -0.9290
vn -0.0253 0.3830 -0.9234
vn -0.0297 0.3874 -0.9215
vn -0.0010 0.3389 -0.9408
vn -0.0000 0.3196 -0.9476
vn 0.0069 0.3009 -0.9536
vn -0.0179 0.2638 -0.9644
vn -0.0004 0.2565 -0.9666
vn -0.0000 0.2323 -0.9727
vn -0.0000 0.1509 -0.9886
vn 0.4223 0.1924 0.8858
vn 0.4338 0.2178 0.8743
vn 0.5968 0.5070 0.6219
vn 0.6476 0.4818 0.5904
vn 0.6750 0.4583 0.5782
vn 0.6445 0.4590 0.6115
vn 0.6564 0.4612 0.5970
vn 0.7079 0.3845 0.5925
vn 0.7231 0.3913 0.5693
vn 0.7396 0.4027 0.5392
vn 0.7019 0.4146 0.5792
vn 0.7210 0.4175 0.5531
vn 0.7113 0.3840 0.5888
vn 0.7030 0.3607 0.6130
vn 0.7018 0.3723 0.6074
vn 0.7018 0.3316 0.6305
vn 0.6809 0.3565 0.6397
vn 0.6620 0.3200 0.6778
vn 0.6381 0.3151 0.7025
vn 0.6355 0.3022 0.7105
vn 0.6136 0.2919 0.7337
vn 0.6068 0.2797 0.7441
vn 0.5570 0.2743 0.7839
vn 0.5570 0.2739 0.7841
vn 0.4978 0.2326 0.8355
vn 0.5068 0.2298 0.8309
vn 0.5468 0.2587 0.7963
vn 0.3272 0.2114 0.9210
vn 0.3660 0.2032 0.9082
vn 0.4195 0.2071 0.8838
vn 0.0870 0.9805 -0.1762
vn 0.0577 0.8168 -0.5740
vn 0.1113 0.8351 -0.5387
vn 0.1700 0.5426 -0.8226
vn 0.1518 0.5279 -0.8356
vn 0.4454 0.2145 -0.8693
vn 0.0997 0.9803 -0.1706
vn 0.2833 0.8275 -0.4847
vn 0.2832 0.8276 -0.4847
vn 0.4221 0.5478 -0.7223
vn 0.4974 0.1676 -0.8512
vn 0.2091 0.2347 -0.9493
vn 0.1459 0.1703 -0.9745
vn 0.5884 -0.7668 -0.2568
vn 0.2721 -0.6559 -0.7041
vn 0.1605 -0.5990 -0.7845
vn 0.0692 -0.2582 -0.9636
vn 0.2506 -0.9351 -0.2506
vn 0.2076 -0.7747 -0.5973
vn 0.7668 -0.5883 -0.2568
vn 0.6721 -0.6721 -0.3108
vn 0.5086 -0.5086 -0.6947
vn 0.5086 -0.5086 -0.6948
vn 0.1890 -0.1890 -0.9636
vn 0.2582 -0.0692 -0.9636
vn 0.6008 -0.1610 -0.7830
vn 0.6561 -0.2718 -0.7041
vn 0.7760 -0.2079 -0.5954
vn 0.9351 -0.2506 -0.2506
vn 0.5425 0.8151 -0.2033
vn 0.6523 0.6897 -0.3144
vn 0.8417 0.5388 0.0361
vn 0.9375 0.1674 -0.3052
vn 0.3145 0.7921 -0.5231
vn 0.3144 0.7921 -0.5231
vn 0.4532 0.8664 -0.2098
vn 0.4290 0.8833 -0.1889
vn 0.1740 0.9728 -0.1531
vn 0.1610 0.9772 -0.1382
vn 0.1104 0.8675 -0.4850
vn 0.0390 0.6174 -0.7857
vn 0.1111 0.5907 -0.7992
vn 0.9628 0.2637 -0.0592
vn 0.8330 0.3727 -0.4090
vn 0.8243 0.3884 -0.4119
vn 0.5359 0.4764 -0.6971
vn 0.5754 0.4110 -0.7071
vn 0.5972 0.8020 0.0108
vn 0.7770 0.6240 -0.0831
vn 0.6981 0.6615 -0.2741
vn 0.4706 0.6528 -0.5936
vn 0.1662 0.5416 -0.8241
vn 0.1751 0.5230 -0.8341
vn -0.0043 0.1847 0.9828
vn -0.0079 0.1855 0.9826
vn -0.0074 0.1850 0.9827
vn -0.0069 0.1839 0.9829
vn -0.0059 0.1841 0.9829
vn -0.0023 0.1832 0.9831
vn -0.0015 0.1834 0.9830
vn -0.0014 0.1833 0.9831
vn 0.0008 0.1836 0.9830
vn 0.9685 0.2002 -0.1481
vn 0.9424 0.1696 -0.2882
vn 0.6154 0.2177 -0.7575
vn 0.2649 0.9407 -0.2119
vn 0.0452 0.9987 -0.0226
vn 0.0477 0.9989 -0.0033
vn 0.0916 0.9958 -0.0030
vn 0.2762 0.9610 -0.0110
vn 0.3415 0.9397 -0.0176
vn 0.5383 0.8426 -0.0153
vn 0.6348 0.7722 -0.0264
vn 0.8146 0.5794 -0.0273
vn 0.8550 0.5175 -0.0350
vn 0.9721 0.2320 -0.0337
vn 0.9819 0.1853 -0.0382
vn 0.0576 0.9983 -0.0132
vn 0.0753 0.9967 -0.0288
vn 0.1284 0.9805 -0.1489
vn 0.0952 0.9948 -0.0348
vn 0.3199 0.9402 -0.1172
vn 0.3195 0.9403 -0.1170
vn 0.5946 0.7739 -0.2179
vn 0.5939 0.7746 -0.2175
vn 0.8015 0.5210 -0.2937
vn 0.8007 0.5224 -0.2933
vn 0.7975 0.0251 -0.6028
vn 0.2649 0.9407 -0.2118
vn 0.4926 0.7759 -0.3940
vn 0.4925 0.7761 -0.3939
vn 0.6647 0.5250 -0.5316
vn 0.6645 0.5253 -0.5314
vn 0.7500 0.2786 -0.5999
vn 0.7399 0.1954 -0.6437
vn 0.6617 0.2107 -0.7196
vn 0.5868 0.4392 -0.6803
vn 0.5561 0.5250 -0.6443
vn 0.5443 0.5500 -0.6335
vn 0.4128 0.7758 -0.4772
vn 0.3627 0.8291 -0.4255
vn 0.2237 0.9407 -0.2551
vn 0.0465 0.9967 -0.0669
vn 0.0581 0.9968 -0.0556
vn 0.0626 0.9968 -0.0507
vn 0.0540 0.9976 -0.0432
vn 0.0662 0.9958 -0.0626
vn 0.2464 0.9407 -0.2330
vn 0.2464 0.9408 -0.2330
vn 0.4583 0.7761 -0.4332
vn 0.4582 0.7761 -0.4332
vn 0.6183 0.5254 -0.5846
vn 0.6183 0.5253 -0.5846
vn 0.6984 0.2760 -0.6603
vn 0.7054 0.2106 -0.6768
vn 0.0671 0.9968 -0.0443
vn 0.2238 0.9647 -0.1390
vn 0.2887 0.9405 -0.1794
vn 0.2891 0.9403 -0.1797
vn 0.5365 0.7753 -0.3334
vn 0.5373 0.7745 -0.3339
vn 0.7233 0.5242 -0.4495
vn 0.7241 0.5227 -0.4499
vn 0.7504 0.4684 -0.4663
vn 0.7527 0.4637 -0.4673
vn 0.9051 0.2662 -0.3317
vn 0.9165 0.2061 -0.3429
vn 0.9003 0.2062 -0.3833
vn 0.0732 0.9967 -0.0341
vn 0.3084 0.9403 -0.1437
vn 0.3080 0.9405 -0.1435
vn 0.5733 0.7746 -0.2671
vn 0.5727 0.7751 -0.2667
vn 0.7729 0.5224 -0.3601
vn 0.7724 0.5235 -0.3597
vn 0.8694 0.2830 -0.4051
vn 0.8935 0.0309 -0.4480
vn 0.0765 0.9967 -0.0256
vn 0.0788 0.9967 -0.0188
vn 0.3319 0.9399 -0.0794
vn 0.3329 0.9396 -0.0796
vn 0.6166 0.7734 -0.1476
vn 0.6181 0.7721 -0.1478
vn 0.8305 0.5203 -0.1988
vn 0.8321 0.5178 -0.1990
vn 0.8702 0.4466 -0.2082
vn 0.9571 0.2000 -0.2098
vn 0.0961 0.9953 -0.0115
vn 0.3397 0.9397 -0.0408
vn 0.3393 0.9398 -0.0407
vn 0.6309 0.7722 -0.0758
vn 0.6303 0.7726 -0.0756
vn 0.8496 0.5174 -0.1020
vn 0.8490 0.5185 -0.1018
vn 0.9704 0.2115 -0.1165
vn 0.9487 0.2978 -0.1060
vn 0.6291 0.4184 0.6552
vn 0.5303 0.4787 0.6997
vn 0.5058 0.5487 0.6657
vn 0.9997 -0.0240 0.0073
vn 0.9950 0.0763 0.0647
vn 0.9916 0.1222 0.0414
vn 0.9849 0.1600 0.0660
vn 0.9842 0.1761 0.0200
vn 0.9849 0.1712 0.0244
vn 0.9897 0.1403 0.0280
vn 0.9866 0.1627 -0.0134
vn 0.9884 0.1417 -0.0539
vn 0.9886 -0.0427 -0.1446
vn 0.9885 -0.0431 -0.1450
vn 0.9937 -0.0410 -0.1046
vn 0.9948 -0.0342 -0.0962
vn 0.9988 -0.0451 -0.0191
vn 0.9973 -0.0087 -0.0722
vn 0.9990 0.0349 -0.0266
vn 0.9995 -0.0219 -0.0225
vn 0.9976 -0.0399 -0.0557
vn 0.9982 -0.0322 -0.0505
vn 0.9959 -0.0356 -0.0831
vn 0.9986 -0.0434 0.0303
vn 0.9976 -0.0565 0.0402
vn 0.9983 -0.0454 0.0365
vn 0.9786 0.1923 0.0736
vn 0.9821 0.1601 0.0992
vn 0.9936 0.1039 0.0446
vn 0.9945 0.0713 0.0768
vn 0.9992 0.0273 0.0280
vn 0.9206 0.3485 0.1760
vn 0.8449 0.4871 0.2210
vn 0.7674 0.5746 0.2845
vn 0.6907 0.6350 0.3460
vn 0.6968 0.6267 0.3488
vn 0.7035 0.6184 0.3504
vn 0.5058 0.5923 0.6272
vn 0.5228 0.6023 0.6032
vn 0.5351 0.6410 0.5503
vn 0.5554 0.6228 0.5511
vn 0.5750 0.6677 0.4729
vn 0.6554 0.6299 0.4168
vn 0.5988 0.4217 0.6809
vn 0.7049 0.3644 0.6086
vn 0.7034 0.3751 0.6038
vn 0.7068 0.3611 0.6084
vn 0.6395 0.4133 0.6483
vn 0.6876 0.2910 0.6653
vn 0.7164 0.2095 0.6655
vn 0.6309 0.2738 0.7259
vn 0.7109 0.1288 0.6914
vn 0.6959 0.1452 0.7033
vn 0.5818 0.1907 0.7906
vn 0.6360 0.1372 0.7594
vn 0.8844 -0.0152 0.4666
vn 0.8420 0.0968 0.5308
vn 0.8153 0.0986 0.5705
vn 0.9334 0.0510 0.3552
vn 0.9738 0.0947 0.2069
vn 0.9290 -0.3342 0.1591
vn 0.7728 0.0872 0.6286
vn 0.7775 0.1121 0.6189
vn 0.7699 0.1462 0.6213
vn 0.7842 0.2261 0.5778
vn 0.7842 0.2260 0.5778
vn 0.7927 0.3132 0.5230
vn 0.7998 0.2933 0.5237
vn 0.8010 0.3842 0.4590
vn 0.8179 0.3429 0.4621
vn 0.8117 0.4345 0.3903
vn 0.8416 0.3664 0.3969
vn 0.8295 0.4567 0.3216
vn 0.8716 0.3612 0.3316
vn 0.8560 0.4491 0.2561
vn 0.7794 0.5430 0.3125
vn 0.8003 0.4468 0.3999
vn 0.7417 0.5497 0.3843
vn 0.7582 0.4495 0.4723
vn 0.7154 0.5254 0.4607
vn 0.7245 0.4218 0.5452
vn 0.6987 0.4709 0.5386
vn 0.6987 0.3658 0.6149
vn 0.7256 0.3013 0.6186
vn 0.7161 0.3302 0.6149
vn 0.6255 0.4168 0.6595
vn 0.6108 0.4056 0.6800
vn 0.5835 0.4459 0.6787
vn 0.5679 0.5660 0.5976
vn 0.6093 0.5046 0.6116
vn 0.5970 0.6143 0.5160
vn 0.6535 0.5356 0.5348
vn 0.6331 0.6393 0.4364
vn 0.7087 0.5351 0.4597
vn 0.6832 0.6335 0.3632
vn 0.9998 0.0179 -0.0095
vn 0.9990 -0.0439 0.0115
vn 0.9999 0.0129 0.0077
vn 0.9999 -0.0054 0.0159
vn 0.9971 0.0749 0.0105
vn 0.9989 0.0370 0.0274
vn 0.9203 0.3648 0.1415
vn 0.8920 0.3686 0.2617
vn 0.8719 0.4526 0.1867
vn 0.8329 0.4544 0.3160
vn 0.8074 0.5418 0.2335
vn 0.7604 0.5399 0.3609
vn 0.7400 0.6121 0.2787
vn 0.7090 0.6081 0.3572
vn 0.7332 0.6160 0.2879
vn 0.6735 0.6388 0.3720
vn 0.6677 0.6384 0.3829
vn 0.9845 0.1497 0.0912
vn 0.9799 0.1913 0.0566
vn 0.9951 0.0773 0.0617
vn 0.9938 0.1036 0.0398
vn 0.9989 0.0145 0.0442
vn 0.9991 0.0276 0.0333
vn 0.9988 -0.0339 0.0366
vn 0.9951 -0.0309 0.0942
vn 0.9999 -0.0042 -0.0122
vn 0.9866 0.1628 -0.0120
vn 0.9949 0.1003 -0.0087
vn 0.9935 0.0972 -0.0595
vn 0.9931 0.0879 -0.0779
vn 0.9733 0.2096 0.0935
vn 0.9761 0.2084 0.0622
vn 0.9849 0.1603 0.0652
vn 0.9838 0.1739 0.0429
vn 0.9916 0.1285 0.0110
vn 0.9895 0.1311 0.0614
vn 0.9837 0.1786 0.0215
vn 0.9777 0.1828 0.1035
vn 0.9695 0.2387 0.0561
vn 0.9593 0.2432 0.1435
vn 0.9476 0.3067 0.0891
vn 0.9317 0.3114 0.1868
vn 0.9158 0.3814 0.1257
vn 0.8950 0.3856 0.2245
vn 0.8825 0.4474 0.1449
vn 0.9937 0.0378 -0.1052
vn 0.9940 0.0390 -0.1026
vn 0.9960 0.0404 -0.0796
vn 0.9911 -0.0030 -0.1329
vn 0.9912 -0.0026 -0.1320
vn 0.9951 -0.0007 -0.0985
vn 0.9969 0.0154 -0.0777
vn 0.9981 0.0163 -0.0597
vn 0.9988 0.0356 -0.0344
vn 0.9990 0.0359 -0.0275
vn 0.9968 0.0799 0.0009
vn 0.9964 0.0810 0.0246
vn 0.9938 0.1065 0.0323
vn 0.9871 0.1482 0.0600
vn 0.9966 0.0704 -0.0417
vn 0.9971 0.0713 -0.0249
vn 0.9954 0.0873 -0.0383
vn 0.9955 0.0907 0.0280
vn 0.9919 0.1271 -0.0026
vn 0.9894 0.1304 0.0637
vn 0.9845 0.1732 0.0276
vn 0.9794 0.1768 0.0972
vn 0.9725 0.2265 0.0552
vn 0.9639 0.2306 0.1334
vn 0.9539 0.2877 0.0851
vn 0.9506 0.2894 0.1124
vn 0.9592 0.2521 0.1280
vn 0.9950 0.0764 0.0649
vn 0.9824 0.0617 0.1763
vn 0.9771 0.1130 0.1801
vn 0.9765 0.1500 0.1548
vn 0.9754 0.1565 0.1551
vn 0.9726 0.1941 0.1279
vn 0.9672 0.2191 0.1282
vn 0.9397 0.2871 0.1861
vn 0.9312 0.2660 0.2492
vn 0.9376 0.2420 0.2495
vn 0.9388 0.1872 0.2890
vn 0.9382 0.1901 0.2891
vn 0.9359 0.1376 0.3242
vn 0.9374 0.1285 0.3237
vn 0.9318 0.0788 0.3544
vn 0.9374 0.0151 0.3480
vn 0.9657 0.0777 0.2479
vn 0.9232 0.3077 0.2302
vn 0.9544 0.2696 0.1283
vn 0.9441 0.2714 0.1869
vn 0.9686 0.2305 0.0928
vn 0.9626 0.2309 0.1416
vn 0.9608 0.2386 0.1413
vn 0.9667 0.2370 0.0963
vn 0.9714 0.2164 0.0977
vn 0.9670 0.2179 0.1320
vn 0.9661 0.2390 0.0973
vn 0.9445 0.2870 0.1600
vn 0.9348 0.2885 0.2071
vn 0.9815 0.1905 -0.0193
vn 0.9806 0.1912 0.0436
vn 0.9819 0.1843 0.0437
vn 0.9827 0.1836 0.0262
vn 0.9956 0.0888 0.0314
vn 0.9857 0.1521 -0.0729
vn 0.9920 0.1183 -0.0450
vn 0.9913 0.1236 0.0462
vn 0.9855 0.1697 0.0081
vn 0.9794 0.1746 0.1018
vn 0.9713 0.2318 0.0540
vn 0.9597 0.2366 0.1517
vn 0.9480 0.3037 0.0946
vn 0.9302 0.3084 0.1991
vn 0.9139 0.3833 0.1337
vn 0.8878 0.3873 0.2486
vn 0.8664 0.4672 0.1762
vn 0.8365 0.4695 0.2827
vn 0.8165 0.5365 0.2132
vn 0.9010 0.0750 0.4272
vn 0.8679 0.0651 0.4924
vn 0.8616 0.1073 0.4961
vn 0.8719 0.1713 0.4588
vn 0.8710 0.1752 0.4590
vn 0.8769 0.2448 0.4138
vn 0.8801 0.2329 0.4138
vn 0.8807 0.3061 0.3615
vn 0.8878 0.2837 0.3623
vn 0.8989 0.3506 0.2628
vn 0.8901 0.3973 0.2232
vn 0.8895 0.3693 0.2691
vn 0.9111 0.3080 0.2738
vn 0.9277 0.3563 0.1111
vn 0.9309 0.3299 0.1565
vn 0.9043 0.3326 0.2676
vn 0.8881 0.4160 0.1957
vn 0.8470 0.4175 0.3292
vn 0.8250 0.5084 0.2466
vn 0.7709 0.5061 0.3867
vn 0.7438 0.5993 0.2959
vn 0.6845 0.5923 0.4250
vn 0.6814 0.6487 0.3390
vn 0.9222 -0.0942 -0.3750
vn 0.5155 -0.8569 0.0056
vn 0.5244 -0.8514 -0.0108
vn 0.5512 -0.8344 -0.0067
vn 0.5966 -0.8026 -0.0060
vn 0.5983 -0.8012 -0.0027
vn 0.6697 -0.7419 -0.0324
vn 0.6698 -0.7419 -0.0323
vn 0.7287 -0.6841 -0.0323
vn 0.7394 -0.6713 -0.0515
vn 0.7734 -0.6320 -0.0492
vn 0.9330 -0.3522 -0.0746
vn 0.8732 -0.4716 -0.1228
vn 0.8976 -0.4313 -0.0909
vn 0.8291 -0.5523 -0.0872
vn 0.8628 -0.5053 -0.0151
vn 0.8016 -0.5936 -0.0704
vn 0.9738 -0.1633 -0.1582
vn 0.9515 -0.2651 -0.1561
vn 0.9530 -0.2613 -0.1532
vn 0.9371 -0.3252 -0.1269
vn 0.9087 -0.3985 -0.1247
vn 0.9684 -0.1386 -0.2074
vn 0.9771 -0.0893 -0.1930
vn 0.9760 -0.0922 -0.1971
vn 0.9628 -0.0767 -0.2592
vn 0.9609 -0.0684 -0.2682
vn 0.9563 -0.1175 -0.2677
vn 0.9775 -0.1070 -0.1818
vn 0.9655 -0.1873 -0.1807
vn 0.7987 -0.2175 -0.5611
vn 0.7835 -0.2210 -0.5808
vn 0.7848 -0.2351 -0.5734
vn 0.7475 -0.2893 -0.5979
vn 0.7492 -0.3576 -0.5575
vn 0.7638 -0.3236 -0.5585
vn 0.6973 -0.3872 -0.6032
vn 0.7477 -0.3087 -0.5879
vn 0.7084 -0.3427 -0.6170
vn 0.7467 -0.2884 -0.5995
vn 0.7393 -0.3890 -0.5496
vn 0.7666 -0.4016 -0.5011
vn 0.7569 -0.4255 -0.4961
vn 0.7115 -0.6415 -0.2868
vn 0.8386 -0.4592 -0.2930
vn 0.7394 -0.5633 -0.3688
vn 0.7911 -0.4784 -0.3811
vn 0.5531 -0.8318 -0.0466
vn 0.6688 -0.7434 0.0083
vn 0.6164 -0.7851 -0.0602
vn 0.7104 -0.6939 -0.1178
vn 0.6884 -0.7124 -0.1362
vn 0.7527 -0.6286 -0.1957
vn 0.8261 -0.5342 -0.1793
vn 0.9088 -0.0999 -0.4050
vn 0.9186 -0.0995 -0.3823
vn 0.9160 -0.1231 -0.3819
vn 0.9184 -0.1251 -0.3754
vn 0.9104 -0.1751 -0.3748
vn 0.9150 -0.1781 -0.3620
vn 0.8966 -0.2564 -0.3610
vn 0.9080 -0.2621 -0.3269
vn 0.8758 -0.3565 -0.3253
vn 0.8822 -0.1189 -0.4556
vn 0.8868 -0.1211 -0.4461
vn 0.8827 -0.1504 -0.4452
vn 0.8809 -0.1494 -0.4491
vn 0.8713 -0.2006 -0.4480
vn 0.8725 -0.2011 -0.4454
vn 0.8544 -0.2702 -0.4439
vn 0.8684 -0.2736 -0.4135
vn 0.8470 -0.3353 -0.4125
vn 0.8658 -0.3692 -0.3379
vn 0.8606 -0.3813 -0.3376
vn 0.8554 -0.4264 -0.2941
vn 0.8410 -0.4545 -0.2935
vn 0.8320 -0.5003 -0.2397
vn 0.8094 -0.5365 -0.2389
vn 0.7964 -0.5780 -0.1777
vn 0.7615 -0.6235 -0.1769
vn 0.7462 -0.6558 -0.1145
vn 0.6961 -0.7088 -0.1139
vn 0.6815 -0.7295 -0.0590
vn 0.6167 -0.7850 -0.0590
vn 0.6061 -0.7951 -0.0198
vn 0.5615 -0.8272 -0.0201
vn 0.5390 -0.8423 -0.0002
vn 0.8409 -0.1604 -0.5168
vn 0.8446 -0.1608 -0.5107
vn 0.8388 -0.1938 -0.5088
vn 0.8297 -0.1906 -0.5246
vn 0.8180 -0.2414 -0.5221
vn 0.8126 -0.2402 -0.5311
vn 0.7962 -0.2943 -0.5286
vn 0.8111 -0.2959 -0.5046
vn 0.7944 -0.3400 -0.5033
vn 0.8085 -0.3559 -0.4687
vn 0.7942 -0.3879 -0.4678
vn 0.8131 -0.4071 -0.4162
vn 0.7849 -0.4602 -0.4149
vn 0.7871 -0.4433 -0.4289
vn 0.9419 -0.0765 -0.3271
vn 0.9432 -0.0794 -0.3225
vn 0.9403 -0.1095 -0.3221
vn 0.9522 -0.1258 -0.2783
vn 0.9480 -0.1550 -0.2780
vn 0.9510 -0.1742 -0.2554
vn 0.9358 -0.2441 -0.2545
vn 0.9381 -0.2678 -0.2195
vn 0.9171 -0.3334 -0.2184
vn 0.9111 -0.3636 -0.1939
vn 0.8929 -0.4070 -0.1928
vn 0.8842 -0.4373 -0.1641
vn 0.8580 -0.4873 -0.1627
vn 0.8467 -0.5158 -0.1305
vn 0.8109 -0.5707 -0.1292
vn 0.7979 -0.5952 -0.0950
vn 0.7514 -0.6531 -0.0941
vn 0.7382 -0.6718 -0.0606
vn 0.6812 -0.7296 -0.0604
vn 0.6698 -0.7419 -0.0314
vn 0.6039 -0.7964 -0.0319
vn 0.5961 -0.8028 -0.0107
vn 0.5379 -0.8429 -0.0115
vn 0.5254 -0.8508 0.0090
vn 0.1904 0.2742 -0.9426
vn 0.0953 0.2551 -0.9622
vn 0.0892 0.2776 -0.9566
vn 0.0849 0.2765 -0.9573
vn 0.0777 0.3097 -0.9476
vn 0.1293 0.3166 -0.9397
vn 0.0811 0.3232 -0.9428
vn 0.0805 0.3357 -0.9385
vn 0.0881 0.3355 -0.9379
vn 0.0898 0.3510 -0.9321
vn 0.0961 0.3502 -0.9317
vn 0.0985 0.3610 -0.9274
vn 0.1058 0.3594 -0.9272
vn 0.3492 -0.0304 -0.9365
vn 0.2762 0.3149 -0.9080
vn 0.2416 0.3080 -0.9202
vn 0.2380 0.3241 -0.9156
vn 0.2409 0.3243 -0.9148
vn 0.2410 0.3224 -0.9154
vn 0.2650 0.3202 -0.9095
vn 0.2642 0.3137 -0.9120
vn 0.2886 0.3088 -0.9063
vn 0.2873 0.3028 -0.9087
vn 0.3176 0.2938 -0.9016
vn 0.3493 0.6825 -0.6420
vn 0.3246 0.3169 -0.8912
vn 0.4348 0.4055 -0.8041
vn 0.2252 0.8367 -0.4992
vn 0.2614 0.8072 -0.5292
vn 0.1559 0.9158 -0.3702
vn 0.1240 0.6713 -0.7307
vn 0.2346 0.5965 -0.7676
vn 0.2271 0.5014 -0.8349
vn 0.0556 0.6559 -0.7528
vn 0.1285 0.6970 -0.7055
vn 0.0930 0.7135 -0.6945
vn 0.0315 0.9841 -0.1748
vn 0.1033 0.9453 -0.3093
vn 0.0362 0.8918 -0.4509
vn 0.4159 0.3408 -0.8431
vn 0.2712 0.3824 -0.8833
vn 0.0889 0.4918 -0.8662
vn 0.1401 0.4709 -0.8710
vn 0.0849 0.5041 -0.8594
vn 0.0320 0.8948 -0.4454
vn 0.1763 0.7945 -0.5811
vn 0.2317 0.7099 -0.6651
vn 0.3986 0.4717 -0.7866
vn 0.3679 0.5510 -0.7490
vn 0.4393 0.3967 -0.8060
vn 0.4034 0.3106 -0.8607
vn 0.0863 0.9890 -0.1204
vn 0.0897 0.9861 -0.1400
vn 0.0774 0.9890 -0.1264
vn 0.2164 0.9173 -0.3344
vn 0.2578 0.8856 -0.3863
vn 0.4991 0.3810 -0.7783
vn 0.4899 0.4058 -0.7715
vn 0.4071 0.6634 -0.6279
vn 0.3943 0.6828 -0.6151
vn 0.2942 0.8385 -0.4588
vn 0.5397 0.3781 -0.7522
vn 0.5386 0.3811 -0.7515
vn 0.4371 0.6616 -0.6093
vn 0.4359 0.6633 -0.6083
vn 0.2810 0.8761 -0.3917
vn 0.2681 0.8856 -0.3793
vn 0.1818 0.9502 -0.2533
vn 0.0866 0.9889 -0.1206
vn 0.0924 0.8650 -0.4932
vn 0.0258 0.9858 -0.1660
vn -0.1427 0.6801 -0.7191
vn 0.1302 0.6073 -0.7837
vn 0.1988 0.5526 -0.8094
vn 0.2882 0.5151 -0.8072
vn 0.1547 0.9533 -0.2594
vn 0.0793 0.9430 -0.3233
vn 0.2732 0.7358 -0.6196
vn -0.0107 0.8122 -0.5833
vn 0.2570 0.6494 -0.7157
vn 0.2107 0.7070 -0.6751
vn 0.3050 0.6506 -0.6955
vn 0.3910 0.5389 -0.7461
vn 0.4969 0.3149 -0.8086
vn 0.4859 0.3435 -0.8037
vn 0.4915 0.4563 -0.7418
vn 0.5493 0.3358 -0.7652
vn 0.5654 0.3427 -0.7502
vn 0.5467 0.3781 -0.7471
vn 0.4670 0.5713 -0.6749
vn 0.3964 0.6602 -0.6380
vn 0.2455 0.8694 -0.4289
vn 0.2363 0.8742 -0.4243
vn 0.1592 0.9496 -0.2701
vn 0.4897 0.2959 -0.8202
vn 0.1845 0.1045 -0.9773
vn 0.1763 0.2578 -0.9500
vn 0.5074 0.2573 -0.8224
vn 0.5082 0.2583 -0.8216
vn 0.0948 0.3551 -0.9300
vn 0.2923 0.5262 -0.7985
vn 0.0645 0.4359 -0.8977
vn 0.0091 0.0007 -1.0000
vn 0.7362 0.1458 -0.6609
vn 0.5969 0.1227 -0.7929
vn 0.0081 0.0017 -1.0000
vn 0.2087 0.0429 -0.9770
vn 0.1913 0.0406 -0.9807
vn 0.5227 0.1033 -0.8462
vn 0.1231 0.0091 -0.9924
vn 0.1947 0.0171 -0.9807
vn 0.3615 0.0264 -0.9320
vn 0.5312 0.0426 -0.8462
vn 0.5776 0.0441 -0.8151
vn 0.7485 0.0568 -0.6607
vn 0.7586 0.0571 -0.6491
vn -0.0000 0.9852 -0.1714
vn -0.0000 0.6179 -0.7863
vn 0.0003 0.6005 -0.7997
vn -0.0003 0.8536 -0.5209
vn 0.0002 0.8729 -0.4879
vn -0.0002 0.9878 -0.1555
vn -0.0000 0.4784 -0.8781
vn 0.0022 0.4846 -0.8747
vn -0.0027 0.5428 -0.8399
vn -0.0000 0.5487 -0.8360
vn -0.0000 -0.7071 -0.7071
vn -0.0000 -0.2588 -0.9659
vn -0.6948 -0.5086 -0.5086
vn -0.6947 -0.6948 -0.1862
vn -0.6947 -0.6948 0.1862
vn -0.6948 -0.5086 0.5086
vn -0.6947 -0.1862 0.6948
vn -0.6948 0.1861 0.6947
vn -0.6948 0.6947 0.1862
vn -0.6947 0.6948 -0.1862
vn -0.6948 0.1862 -0.6947
vn -0.6948 -0.1862 -0.6947
vn 0.6947 0.5086 -0.5086
vn 0.6948 0.5086 -0.5086
vn 0.6947 0.6948 -0.1862
vn 0.6947 0.6947 -0.1862
vn 0.6947 0.6948 0.1862
vn 0.6948 0.6947 0.1862
vn 0.6947 0.5086 0.5086
vn 0.6947 -0.1862 0.6948
vn 0.6947 -0.5086 0.5086
vn 0.6948 -0.5086 0.5086
vn 0.6948 -0.6947 0.1862
vn 0.6947 -0.6947 0.1862
vn 0.6947 -0.6947 -0.1862
vn 0.6948 -0.6947 -0.1862
vn 0.6948 -0.5086 -0.5086
vn 0.6947 -0.5086 -0.5086
vn 0.6948 -0.1862 -0.6947
vn 0.6947 -0.1862 -0.6947
vn 0.6948 0.1862 -0.6947
vn -0.6947 -0.6948 0.1861
vn -0.6948 -0.1862 0.6947
vn -0.6948 0.1862 0.6947
vn -0.6948 0.6947 0.1861
vn -0.6947 0.1862 -0.6947
vn 0.6947 0.6948 -0.1861
vn 0.6947 0.6947 0.1862
vn 0.6948 0.5086 0.5086
vn 0.6948 0.1862 0.6947
vn 0.6948 -0.1862 0.6947
vn 0.6948 -0.6947 0.1861
vn 0.6947 -0.6948 0.1862
vn 0.6948 -0.1861 -0.6947
vn 0.6947 0.1862 -0.6947
vn -0.6947 0.1861 0.6947
vn -0.6948 0.6947 -0.1861
vn -0.6947 -0.1862 -0.6947
vn 0.6947 0.6947 -0.1861
vn 0.6948 0.6947 -0.1861
vn -0.6948 0.5086 -0.5086
vn -0.6948 -0.6947 -0.1862
vn -0.6947 0.1861 0.6948
vn 0.6948 -0.6947 -0.1861
vn 0.6947 -0.1862 0.6947
vt 0.091632 0.520525
vt 0.137292 0.587537
vt 0.149834 0.609904
vt 0.138473 0.641789
vt 0.139232 0.829238
vt 0.144290 0.775022
vt 0.151462 0.829238
vt 0.176399 0.785752
vt 0.176399 0.764095
vt 0.181745 0.772081
vt 0.179737 0.766968
vt 0.179737 0.736465
vt 0.188474 0.756823
vt 0.188306 0.784159
vt 0.149089 0.761946
vt 0.160088 0.741357
vt 0.161366 0.761946
vt 0.166561 0.781420
vt 0.175496 0.770202
vt 0.170241 0.790066
vt 0.175496 0.800138
vt 0.175496 0.822909
vt 0.180392 0.802260
vt 0.180392 0.831140
vt 0.156809 0.763265
vt 0.157540 0.739604
vt 0.157540 0.764164
vt 0.112634 0.683280
vt 0.133915 0.685605
vt 0.105556 0.690101
vt 0.128434 0.691568
vt 0.211656 0.699740
vt 0.234535 0.701208
vt 0.204556 0.709040
vt 0.230455 0.708311
vt 0.198625 0.720588
vt 0.124355 0.698671
vt 0.098455 0.699401
vt 0.127603 0.692748
vt 0.161366 0.741357
vt 0.166710 0.744800
vt 0.161366 0.773402
vt 0.227354 0.718269
vt 0.194195 0.735152
vt 0.226586 0.722604
vt 0.225619 0.732936
vt 0.191597 0.753762
vt 0.225441 0.738783
vt 0.225517 0.747962
vt 0.191148 0.777795
vt 0.225697 0.753009
vt 0.228156 0.785098
vt 0.193134 0.809034
vt 0.235258 0.844784
vt 0.197790 0.849736
vt 0.133915 0.834834
vt 0.129157 0.835145
vt 0.132086 0.820733
vt 0.122055 0.775459
vt 0.122969 0.738094
vt 0.140584 0.713987
vt 0.140560 0.693388
vt 0.156178 0.703522
vt 0.118208 0.813834
vt 0.117467 0.792957
vt 0.117466 0.792533
vt 0.117464 0.792100
vt 0.123179 0.862798
vt 0.119007 0.824794
vt 0.155270 0.818816
vt 0.131170 0.789178
vt 0.153270 0.801853
vt 0.142721 0.786304
vt 0.153603 0.784109
vt 0.156958 0.731290
vt 0.140512 0.747958
vt 0.140567 0.732028
vt 0.163436 0.756207
vt 0.158020 0.740724
vt 0.163436 0.707547
vt 0.148585 0.736465
vt 0.148585 0.776653
vt 0.146486 0.771910
vt 0.140818 0.759183
vt 0.141330 0.780052
vt 0.136895 0.874020
vt 0.136895 0.770202
vt 0.182208 0.710694
vt 0.181759 0.807355
vt 0.181759 0.709769
vt 0.181246 0.659181
vt 0.181246 0.741464
vt 0.173447 0.729626
vt 0.152473 0.744304
vt 0.148585 0.830871
vt 0.148585 0.736465
vt 0.135897 0.717363
vt 0.218735 0.692919
vt 0.138452 0.713854
vt 0.139798 0.712132
vt 0.127341 0.732734
vt 0.130676 0.725872
vt 0.122346 0.747182
vt 0.124775 0.739275
vt 0.117466 0.791668
vt 0.118255 0.771657
vt 0.118989 0.764724
vt 0.120323 0.756171
vt 0.188416 0.833617
vt 0.184331 0.849195
vt 0.171869 0.804871
vt 0.159005 0.834960
vt 0.129424 0.817735
vt 0.129381 0.806590
vt 0.129960 0.798177
vt 0.200285 0.699127
vt 0.199917 0.723774
vt 0.173536 0.665991
vt 0.177432 0.628125
vt 0.201135 0.676058
vt 0.174943 0.646560
vt 0.173674 0.663246
vt 0.177897 0.625525
vt 0.178690 0.621448
vt 0.203479 0.648065
vt 0.131137 0.686623
vt 0.106348 0.660005
vt 0.131541 0.683266
vt 0.183818 0.601674
vt 0.203883 0.644709
vt 0.185447 0.596840
vt 0.113106 0.635397
vt 0.136103 0.656408
vt 0.161334 0.828184
vt 0.169660 0.808950
vt 0.188517 0.820678
vt 0.188509 0.819428
vt 0.216301 0.828133
vt 0.150508 0.821483
vt 0.144409 0.809694
vt 0.150508 0.731645
vt 0.138161 0.794067
vt 0.175115 0.713728
vt 0.140189 0.783709
vt 0.174383 0.704615
vt 0.173487 0.694041
vt 0.171791 0.675014
vt 0.169956 0.655212
vt 0.140525 0.678345
vt 0.168073 0.635347
vt 0.140424 0.653391
vt 0.188652 0.846178
vt 0.150698 0.731645
vt 0.163987 0.738927
vt 0.150508 0.776602
vt 0.163987 0.810619
vt 0.179737 0.736465
vt 0.179737 0.770917
vt 0.168103 0.765297
vt 0.188417 0.804871
vt 0.122534 0.808947
vt 0.122534 0.770202
vt 0.129789 0.781451
vt 0.136895 0.792863
vt 0.176399 0.806607
vt 0.163987 0.802893
vt 0.176399 0.731645
vt 0.123738 0.566856
vt 0.137221 0.550266
vt 0.186434 0.740364
vt 0.172941 0.729197
vt 0.172891 0.720701
vt 0.172870 0.714575
vt 0.157057 0.761946
vt 0.161366 0.761946
vt 0.160263 0.772734
vt 0.135739 0.772311
vt 0.154813 0.773447
vt 0.137272 0.762698
vt 0.156339 0.762818
vt 0.137802 0.760002
vt 0.157880 0.752379
vt 0.139396 0.752080
vt 0.159005 0.742418
vt 0.141096 0.741284
vt 0.124338 0.812807
vt 0.133901 0.812807
vt 0.133381 0.825663
vt 0.156183 0.866705
vt 0.156183 0.659376
vt 0.165757 0.869942
vt 0.165758 0.659231
vt 0.153298 0.833838
vt 0.151462 0.833404
vt 0.163441 0.781203
vt 0.161589 0.780849
vt 0.223016 0.550833
vt 0.224285 0.549443
vt 0.223018 0.869303
vt 0.190661 0.577847
vt 0.198199 0.571644
vt 0.198199 0.911780
vt 0.198199 0.932525
vt 0.198199 0.571644
vt 0.205560 0.927125
vt 0.204914 0.577459
vt 0.184761 0.571644
vt 0.184761 0.920841
vt 0.176986 0.912521
vt 0.184761 0.583775
vt 0.224285 0.871137
vt 0.216947 0.858964
vt 0.212474 0.848411
vt 0.216654 0.559269
vt 0.210393 0.841516
vt 0.211777 0.568777
vt 0.208968 0.834969
vt 0.208697 0.578990
vt 0.171311 0.641789
vt 0.171311 0.885533
vt 0.170017 0.652321
vt 0.171510 0.641789
vt 0.171510 0.858869
vt 0.171311 0.651816
vt 0.124412 0.808947
vt 0.127089 0.814579
vt 0.124412 0.833602
vt 0.139232 0.812807
vt 0.139232 0.834798
vt 0.135379 0.825324
vt 0.170871 0.743459
vt 0.169651 0.747172
vt 0.169651 0.742862
vt 0.135379 0.816100
vt 0.134290 0.815472
vt 0.135379 0.812807
vt 0.180324 0.743346
vt 0.180324 0.789868
vt 0.179155 0.741464
vt 0.178730 0.789808
vt 0.181246 0.709769
vt 0.181246 0.659181
vt 0.182208 0.659242
vt 0.180323 0.792376
vt 0.180323 0.741464
vt 0.181739 0.741523
vt 0.181710 0.794025
vt 0.176861 0.793920
vt 0.178124 0.741464
vt 0.178730 0.794976
vt 0.178730 0.741486
vt 0.194876 0.783017
vt 0.183943 0.783017
vt 0.192803 0.764096
vt 0.158021 0.756207
vt 0.168259 0.760283
vt 0.158021 0.766487
vt 0.133380 0.808947
vt 0.136895 0.819917
vt 0.127089 0.819917
vt 0.166561 0.805359
vt 0.166561 0.820403
vt 0.160753 0.813978
vt 0.181745 0.771936
vt 0.183908 0.764096
vt 0.183908 0.771946
vt 0.171899 0.776458
vt 0.179562 0.779629
vt 0.171879 0.785809
vt 0.179736 0.787967
vt 0.174970 0.800138
vt 0.175496 0.808103
vt 0.174970 0.808263
vt 0.133179 0.769749
vt 0.140818 0.773434
vt 0.140756 0.784495
vt 0.171761 0.740831
vt 0.179338 0.755577
vt 0.171761 0.761930
vt 0.179736 0.770917
vt 0.158818 0.813312
vt 0.158818 0.805359
vt 0.160753 0.812801
vt 0.173447 0.846349
vt 0.173447 0.711598
vt 0.173447 0.680426
vt 0.173447 0.659181
vt 0.158598 0.808917
vt 0.153885 0.810842
vt 0.151799 0.801685
vt 0.191590 0.741565
vt 0.188743 0.751241
vt 0.181132 0.747635
vt 0.191502 0.798436
vt 0.187836 0.800077
vt 0.186842 0.789334
vt 0.190303 0.787877
vt 0.157350 0.801685
vt 0.152357 0.800758
vt 0.153718 0.791005
vt 0.158700 0.791994
vt 0.153723 0.780711
vt 0.158700 0.781716
vt 0.152787 0.770202
vt 0.157759 0.771193
vt 0.148741 0.790023
vt 0.148750 0.779713
vt 0.184506 0.784159
vt 0.188474 0.787319
vt 0.184506 0.797084
vt 0.180690 0.784159
vt 0.184507 0.787492
vt 0.180690 0.796775
vt 0.165689 0.880074
vt 0.149355 0.821994
vt 0.149355 0.814401
vt 0.163374 0.785941
vt 0.168103 0.787760
vt 0.163374 0.795975
vt 0.187968 0.739939
vt 0.194876 0.731645
vt 0.154008 0.819997
vt 0.158700 0.817888
vt 0.146264 0.776757
vt 0.145677 0.747985
vt 0.162298 0.763671
vt 0.158497 0.712582
vt 0.159678 0.707946
vt 0.177517 0.751329
vt 0.153551 0.728612
vt 0.163762 0.686409
vt 0.165337 0.670558
vt 0.165551 0.666461
vt 0.155722 0.856792
vt 0.154065 0.840084
vt 0.160374 0.549443
vt 0.153596 0.836891
vt 0.149493 0.816775
vt 0.143453 0.797032
vt 0.136032 0.778968
vt 0.160438 0.783268
vt 0.158203 0.781619
vt 0.160422 0.759798
vt 0.156787 0.769986
vt 0.160438 0.736465
vt 0.153588 0.753161
vt 0.152473 0.748567
vt 0.135901 0.803846
vt 0.124338 0.812807
vt 0.125149 0.791993
vt 0.139232 0.794432
vt 0.124338 0.775022
vt 0.091562 0.767199
vt 0.093959 0.760794
vt 0.107125 0.771114
vt 0.094656 0.758804
vt 0.107176 0.755847
vt 0.100395 0.739061
vt 0.107227 0.741883
vt 0.102931 0.726825
vt 0.176861 0.798541
vt 0.173447 0.777411
vt 0.175378 0.756097
vt 0.176861 0.748205
vt 0.175462 0.741464
vt 0.088262 0.775113
vt 0.107079 0.788551
vt 0.080415 0.791033
vt 0.107058 0.804634
vt 0.072727 0.803945
vt 0.107072 0.827140
vt 0.070718 0.806996
vt 0.107101 0.837075
vt 0.063464 0.817126
vt 0.107169 0.848524
vt 0.062696 0.818126
vt 0.107227 0.854154
vt 0.163436 0.754226
vt 0.163436 0.742862
vt 0.169651 0.748851
vt 0.146821 0.780349
vt 0.142695 0.788089
vt 0.140818 0.776653
vt 0.140818 0.788299
vt 0.151462 0.775022
vt 0.148741 0.770202
vt 0.148741 0.828579
vt 0.141330 0.827056
vt 0.164247 0.746073
vt 0.159727 0.748227
vt 0.159535 0.746284
vt 0.170562 0.756207
vt 0.170562 0.762258
vt 0.168259 0.758240
vt 0.173491 0.828690
vt 0.173203 0.824602
vt 0.176479 0.824602
vt 0.157451 0.783268
vt 0.157451 0.791731
vt 0.152473 0.787037
vt 0.152580 0.796873
vt 0.180297 0.843795
vt 0.176071 0.829454
vt 0.178598 0.808703
vt 0.174937 0.815152
vt 0.175552 0.723032
vt 0.180297 0.723497
vt 0.174277 0.782909
vt 0.174634 0.808316
vt 0.165367 0.644726
vt 0.170020 0.337377
vt 0.178950 0.750173
vt 0.194037 0.738138
vt 0.233931 0.698791
vt 0.244188 0.337377
vt 0.244188 0.705681
vt 0.195512 0.560395
vt 0.208697 0.931285
vt 0.185391 0.556033
vt 0.172390 0.552059
vt 0.184391 0.950203
vt 0.184629 0.555756
vt 0.194274 0.343690
vt 0.202050 0.731834
vt 0.192405 0.943899
vt 0.195037 0.343967
vt 0.205946 0.728788
vt 0.218343 0.719219
vt 0.159915 0.796843
vt 0.159072 0.785941
vt 0.163374 0.785941
vt 0.203433 0.811597
vt 0.210797 0.797802
vt 0.208989 0.784671
vt 0.207876 0.777590
vt 0.189237 0.777535
vt 0.207526 0.775010
vt 0.206893 0.768310
vt 0.188751 0.767736
vt 0.206744 0.762490
vt 0.189261 0.758813
vt 0.207865 0.751158
vt 0.191025 0.750974
vt 0.210797 0.741284
vt 0.166561 0.782189
vt 0.166561 0.805359
vt 0.162046 0.799488
vt 0.162026 0.775522
vt 0.159044 0.770202
vt 0.158700 0.793539
vt 0.173444 0.850336
vt 0.161257 0.900068
vt 0.157728 0.908929
vt 0.153473 0.880325
vt 0.140931 0.817897
vt 0.138150 0.794055
vt 0.137094 0.762792
vt 0.137777 0.721837
vt 0.145325 0.836118
vt 0.158665 0.782078
vt 0.151746 0.751353
vt 0.171303 0.773691
vt 0.173202 0.740325
vt 0.180610 0.764726
vt 0.176259 0.737580
vt 0.179156 0.734310
vt 0.183678 0.726825
vt 0.187421 0.755282
vt 0.192315 0.745502
vt 0.150132 0.889344
vt 0.164347 0.889177
vt 0.155134 0.872824
vt 0.166185 0.879990
vt 0.156012 0.866922
vt 0.167684 0.869351
vt 0.157133 0.855050
vt 0.169245 0.850243
vt 0.157704 0.844827
vt 0.169915 0.830390
vt 0.158322 0.821803
vt 0.170017 0.810491
vt 0.158347 0.805432
vt 0.169722 0.788954
vt 0.157236 0.758164
vt 0.167991 0.734764
vt 0.157678 0.772286
vt 0.158073 0.787743
vt 0.155068 0.707374
vt 0.154008 0.688648
vt 0.166062 0.697569
vt 0.164371 0.672990
vt 0.152361 0.665092
vt 0.162283 0.650008
vt 0.150132 0.641789
vt 0.116391 0.853428
vt 0.107227 0.841833
vt 0.120904 0.825698
vt 0.111881 0.811529
vt 0.113375 0.792023
vt 0.123417 0.795154
vt 0.108979 0.831995
vt 0.121326 0.822343
vt 0.112033 0.760450
vt 0.123235 0.779022
vt 0.113109 0.770787
vt 0.113436 0.790182
vt 0.111229 0.755407
vt 0.118042 0.745724
vt 0.121590 0.762491
vt 0.107227 0.739289
vt 0.176399 0.764095
vt 0.175496 0.770202
vt 0.181654 0.792090
vt 0.175496 0.802260
vt 0.168434 0.741357
vt 0.177037 0.741800
vt 0.168434 0.770130
vt 0.135722 0.804765
vt 0.138161 0.870544
vt 0.129724 0.810885
vt 0.132724 0.731645
vt 0.128804 0.747016
vt 0.138161 0.741935
vt 0.213272 0.779339
vt 0.135513 0.754478
vt 0.210491 0.755498
vt 0.135473 0.754056
vt 0.135117 0.749931
vt 0.134183 0.733247
vt 0.209435 0.724234
vt 0.135594 0.755337
vt 0.136549 0.763733
vt 0.217666 0.797561
vt 0.167491 0.857035
vt 0.158151 0.861563
vt 0.151746 0.864236
vt 0.191723 0.839343
vt 0.187260 0.843550
vt 0.180712 0.848796
vt 0.173896 0.853367
vt 0.151746 0.780757
vt 0.146373 0.753499
vt 0.148135 0.759973
vt 0.194876 0.760674
vt 0.135311 0.726825
vt 0.139417 0.735024
vt 0.142737 0.742861
vt 0.133915 0.722300
vt 0.134377 0.684061
vt 0.210118 0.683279
vt 0.193103 0.630811
vt 0.176433 0.629709
vt 0.172749 0.609548
vt 0.153662 0.673012
vt 0.137299 0.670910
vt 0.130140 0.650500
vt 0.193860 0.648732
vt 0.202930 0.663217
vt 0.185318 0.659259
vt 0.180627 0.645573
vt 0.170805 0.644896
vt 0.150134 0.596335
vt 0.130800 0.600737
vt 0.135338 0.572558
vt 0.149022 0.635089
vt 0.138821 0.616079
vt 0.160877 0.621480
vt 0.166822 0.630616
vt 0.173253 0.640587
vt 0.161882 0.638124
vt 0.187290 0.662595
vt 0.173779 0.658498
vt 0.149665 0.595842
vt 0.163737 0.600825
vt 0.161589 0.616716
vt 0.175555 0.619553
vt 0.129000 0.598369
vt 0.119846 0.582328
vt 0.136640 0.585329
vt 0.142359 0.593665
vt 0.148112 0.602185
vt 0.154242 0.611390
vt 0.131807 0.861002
vt 0.132250 0.864705
vt 0.114581 0.877063
vt 0.204591 0.826147
vt 0.193845 0.840729
vt 0.186922 0.838505
vt 0.183983 0.529747
vt 0.193694 0.525345
vt 0.197661 0.530763
vt 0.192187 0.543771
vt 0.127806 0.572772
vt 0.132876 0.836608
vt 0.148093 0.833499
vt 0.131974 0.845004
vt 0.185703 0.679371
vt 0.169810 0.675793
vt 0.159396 0.655083
vt 0.123015 0.631052
vt 0.116037 0.612818
vt 0.201342 0.559812
vt 0.188378 0.574261
vt 0.181700 0.557474
vt 0.175509 0.542348
vt 0.169976 0.529065
vt 0.186684 0.828632
vt 0.204148 0.822444
vt 0.114342 0.867189
vt 0.131873 0.852985
vt 0.138926 0.854776
vt 0.144285 0.844589
vt 0.165073 0.757569
vt 0.171106 0.715772
vt 0.188116 0.759564
vt 0.164003 0.696908
vt 0.146992 0.653116
vt 0.166358 0.655850
vt 0.186648 0.699334
vt 0.177722 0.559852
vt 0.179867 0.519095
vt 0.203141 0.562179
vt 0.193496 0.774245
vt 0.170221 0.731160
vt 0.190779 0.734429
vt 0.198034 0.746066
vt 0.162826 0.601642
vt 0.199518 0.603607
vt 0.127176 0.642165
vt 0.145187 0.643239
vt 0.164348 0.692135
vt 0.146735 0.688177
vt 0.208803 0.702242
vt 0.114307 0.737891
vt 0.136462 0.740800
vt 0.134317 0.781557
vt 0.206658 0.743000
vt 0.180718 0.740974
vt 0.118022 0.567466
vt 0.143962 0.569491
vt 0.129067 0.611281
vt 0.190363 0.528908
vt 0.201409 0.572724
vt 0.182348 0.571817
vt 0.183623 0.672148
vt 0.203781 0.673406
vt 0.131439 0.711963
vt 0.120762 0.669368
vt 0.151405 0.713622
vt 0.124898 0.799184
vt 0.118165 0.754656
vt 0.151793 0.800412
vt 0.178472 0.801888
vt 0.152905 0.591837
vt 0.152853 0.550845
vt 0.206885 0.548561
vt 0.197239 0.760627
vt 0.143208 0.762911
vt 0.143124 0.715570
vt 0.190507 0.716099
vt 0.143121 0.714266
vt 0.143057 0.686572
vt 0.132094 0.837042
vt 0.110174 0.850734
vt 0.182516 0.812177
vt 0.204316 0.806447
vt 0.186647 0.818922
vt 0.142038 0.531313
vt 0.155977 0.528629
vt 0.142172 0.540701
vt 0.158835 0.541530
vt 0.142404 0.561173
vt 0.143014 0.671338
vt 0.142904 0.639641
vt 0.142858 0.628800
vt 0.142683 0.596384
vt 0.169072 0.590420
vt 0.142637 0.589478
vt 0.165469 0.572572
vt 0.162025 0.556218
vt 0.154358 0.739232
vt 0.164003 0.527167
vt 0.137325 0.525691
vt 0.161439 0.588346
vt 0.206462 0.634473
vt 0.167569 0.632859
vt 0.134543 0.587118
vt 0.145443 0.632082
vt 0.217784 0.593524
vt 0.114305 0.857479
vt 0.204214 0.814428
vt 0.195357 0.592495
vt 0.202482 0.611943
vt 0.190472 0.718506
vt 0.145696 0.613137
vt 0.176449 0.620974
vt 0.173301 0.623881
vt 0.110650 0.623896
vt 0.113936 0.579615
vt 0.133404 0.643963
vt 0.134531 0.644458
vt 0.132404 0.727738
vt 0.135079 0.644726
vt 0.135617 0.645006
vt 0.167537 0.741357
vt 0.168068 0.741639
vt 0.167537 0.823881
vt 0.163441 0.775022
vt 0.167902 0.778291
vt 0.163441 0.857126
vt 0.173203 0.785485
vt 0.146185 0.656967
vt 0.146971 0.658929
vt 0.149412 0.669568
vt 0.149766 0.673154
vt 0.182516 0.603936
vt 0.195245 0.603232
vt 0.186078 0.699750
vt 0.196937 0.603363
vt 0.198273 0.603512
vt 0.199589 0.603704
vt 0.113736 0.738307
vt 0.127247 0.642261
vt 0.128790 0.642553
vt 0.132237 0.643518
vt 0.183867 0.619195
vt 0.019738 0.606709
vt 0.183525 0.601933
vt 0.255866 0.563376
vt 0.092079 0.568152
vt 0.093661 0.554812
vt 0.021319 0.593370
vt 0.183191 0.586400
vt 0.255532 0.547842
vt 0.096901 0.542854
vt 0.102211 0.532362
vt 0.256208 0.580638
vt 0.091640 0.582731
vt 0.184536 0.658152
vt 0.019327 0.633231
vt 0.184207 0.638018
vt 0.256549 0.599460
vt 0.091668 0.594674
vt 0.091637 0.588458
vt 0.019295 0.627015
vt 0.091633 0.587101
vt 0.091633 0.585257
vt 0.211517 0.561460
vt 0.171616 0.561276
vt 0.171462 0.517107
vt 0.153052 0.561232
vt 0.139175 0.600017
vt 0.099120 0.555664
vt 0.170846 0.600260
vt 0.179700 0.556472
vt 0.200986 0.600581
vt 0.220147 0.557204
vt 0.220216 0.600834
vt 0.086418 0.548562
vt 0.248272 0.550340
vt 0.168509 0.563306
vt 0.062408 0.553667
vt 0.248505 0.570812
vt 0.168729 0.579123
vt 0.062628 0.569484
vt 0.248738 0.599117
vt 0.168942 0.596591
vt 0.062842 0.586952
vt 0.248784 0.606023
vt 0.169145 0.615518
vt 0.063045 0.605879
vt 0.248959 0.638439
vt 0.169333 0.635655
vt 0.063232 0.626016
vt 0.249005 0.649280
vt 0.169500 0.656731
vt 0.063400 0.647091
vt 0.249115 0.680977
vt 0.169647 0.678486
vt 0.063546 0.668847
vt 0.249157 0.696211
vt 0.169879 0.723148
vt 0.063779 0.713509
vt 0.167537 0.741357
vt 0.167537 0.794640
vt 0.166710 0.768930
vt 0.104291 0.714420
vt 0.248139 0.540953
vt 0.086124 0.536586
vt 0.174919 0.741284
vt 0.174919 0.863480
vt 0.159005 0.755060
vt 0.186842 0.885995
vt 0.174919 0.887158
vt 0.174919 0.741284
vt 0.150087 0.683569
vt 0.150100 0.709569
vt 0.150128 0.775393
vt 0.204436 0.798485
vt 0.150131 0.783482
vt 0.150131 0.783865
vt 0.150132 0.814878
vt 0.149156 0.828267
vt 0.089134 0.722066
vt 0.241988 0.639929
vt 0.161475 0.683509
vt 0.161009 0.638540
vt 0.088668 0.677097
vt 0.241842 0.618173
vt 0.160729 0.616652
vt 0.088388 0.655209
vt 0.241674 0.597097
vt 0.160422 0.595496
vt 0.088081 0.634054
vt 0.241487 0.576960
vt 0.160094 0.575362
vt 0.087752 0.613919
vt 0.241284 0.558034
vt 0.159753 0.556540
vt 0.087412 0.595097
vt 0.241070 0.540566
vt 0.159411 0.539278
vt 0.087069 0.577835
vt 0.240851 0.524749
vt 0.159077 0.523744
vt 0.158760 0.510005
vt 0.182873 0.572660
vt 0.029869 0.570919
vt 0.189806 0.820759
vt 0.177037 0.717551
vt 0.189806 0.712366
vt 0.114115 0.591195
vt 0.114047 0.547565
vt 0.104401 0.759631
vt 0.210392 0.724060
vt 0.210502 0.769270
vt 0.170055 0.768538
vt 0.089475 0.767730
vt 0.242221 0.684591
vt 0.161816 0.729172
vt 0.091794 0.616998
vt 0.175077 0.618905
vt 0.091897 0.640688
vt 0.175416 0.640121
vt 0.091977 0.665315
vt 0.175728 0.662093
vt 0.092040 0.690509
vt 0.176252 0.707271
vt 0.092140 0.741646
vt 0.176632 0.753124
vt 0.101786 0.529580
vt 0.186277 0.541058
vt 0.101860 0.581457
vt 0.182992 0.585339
vt 0.101862 0.583518
vt 0.120771 0.585511
vt 0.149187 0.561226
vt 0.195575 0.579762
vt 0.185930 0.791828
vt 0.104290 0.791681
vt 0.185589 0.746165
vt 0.103911 0.745829
vt 0.185123 0.701196
vt 0.103386 0.700650
vt 0.184843 0.679308
vt 0.103075 0.678679
vt 0.102735 0.657462
vt 0.256877 0.619595
vt 0.206225 0.701231
vt 0.208301 0.741549
vt 0.145212 0.746533
vt 0.199022 0.708634
vt 0.167057 0.709495
vt 0.165728 0.669324
vt 0.124371 0.663503
vt 0.131351 0.697795
vt 0.105689 0.695719
vt 0.101575 0.773199
vt 0.101708 0.743165
vt 0.104772 0.783220
vt 0.101888 0.648641
vt 0.101887 0.617088
vt 0.122580 0.621782
vt 0.220342 0.543761
vt 0.220307 0.579273
vt 0.208353 0.578806
vt 0.220299 0.600953
vt 0.220286 0.620786
vt 0.206167 0.619808
vt 0.220277 0.645958
vt 0.196067 0.627118
vt 0.210801 0.634804
vt 0.197810 0.667740
vt 0.210813 0.684693
vt 0.152974 0.691784
vt 0.152964 0.728394
vt 0.133811 0.729659
vt 0.152967 0.759478
vt 0.138194 0.810265
vt 0.152938 0.809398
vt 0.152928 0.817952
vt 0.202057 0.620588
vt 0.140202 0.624095
vt 0.150246 0.589630
vt 0.177166 0.623888
vt 0.174360 0.652286
vt 0.109816 0.585551
vt 0.101864 0.585581
vt 0.101803 0.711987
vt 0.126933 0.704069
vt 0.101820 0.704829
vt 0.124646 0.663020
vt 0.101862 0.680328
vt 0.101879 0.663902
vt 0.110789 0.819573
vt 0.101408 0.801508
vt 0.222462 0.803350
vt 0.210797 0.777008
vt 0.214095 0.761431
vt 0.101278 0.819220
vt 0.178712 0.726799
vt 0.177968 0.702239
vt 0.197435 0.706521
vt 0.197161 0.724512
vt 0.124819 0.763069
vt 0.125093 0.745079
vt 0.147112 0.748675
vt 0.145378 0.761012
vt 0.171407 0.751860
vt 0.167949 0.759195
vt 0.197700 0.754877
vt 0.143836 0.696539
vt 0.173586 0.692221
vt 0.168079 0.694991
vt 0.166105 0.697683
vt 0.148389 0.731319
vt 0.136626 0.694789
vt 0.121474 0.732284
vt 0.208968 0.656231
vt 0.193816 0.693726
vt 0.180887 0.653503
vt 0.204489 0.730341
vt 0.191297 0.730453
vt 0.196659 0.700887
vt 0.176144 0.730669
vt 0.159934 0.731008
vt 0.157988 0.698970
vt 0.152402 0.663638
vt 0.147885 0.626882
vt 0.128804 0.779118
vt 0.116362 0.793711
vt 0.107995 0.751792
vt 0.128804 0.731645
vt 0.138607 0.820301
vt 0.133557 0.783217
vt 0.129794 0.744323
vt 0.157180 0.702740
vt 0.159653 0.743278
vt 0.162840 0.782611
vt 0.167049 0.820347
vt 0.090380 0.627514
vt 0.118822 0.627560
vt 0.097118 0.662556
vt 0.070648 0.660848
vt 0.169039 0.772716
vt 0.197138 0.768530
vt 0.169039 0.808270
vt 0.184310 0.618081
vt 0.111968 0.656638
vt 0.135554 0.710542
vt 0.133975 0.671090
vt 0.132197 0.631408
vt 0.164026 0.629173
vt 0.212253 0.821960
vt 0.180424 0.824195
vt 0.178578 0.784232
vt 0.210336 0.781788
vt 0.106152 0.812320
vt 0.104235 0.772148
vt 0.152997 0.648160
vt 0.100124 0.691592
vt 0.239911 0.739299
vt 0.102200 0.731910
vt 0.147009 0.786787
vt 0.148908 0.826527
vt 0.173022 0.595183
vt 0.204538 0.592851
vt 0.206316 0.632533
vt 0.175019 0.634382
vt 0.102677 0.672939
vt 0.207896 0.671984
vt 0.177012 0.673102
vt 0.155021 0.713142
vt 0.153286 0.672285
vt 0.215847 0.667313
vt 0.214205 0.626423
vt 0.143506 0.705870
vt 0.141864 0.664980
vt 0.204153 0.660879
vt 0.115431 0.739500
vt 0.113636 0.698146
vt 0.175855 0.693653
vt 0.151741 0.630998
vt 0.212544 0.585538
vt 0.099274 0.599834
vt 0.185977 0.659588
vt 0.187772 0.700943
vt 0.189922 0.741680
vt 0.192623 0.781367
vt 0.196113 0.819669
vt 0.173024 0.705875
vt 0.201723 0.702727
vt 0.171736 0.738876
vt 0.144925 0.745614
vt 0.148209 0.778177
vt 0.117581 0.780237
vt 0.150519 0.818125
vt 0.120282 0.819924
vt 0.153410 0.856903
vt 0.123771 0.858226
vt 0.177524 0.625558
vt 0.181164 0.663036
vt 0.185554 0.699320
vt 0.164281 0.733398
vt 0.157633 0.712366
vt 0.177037 0.741357
vt 0.149089 0.741357
vt 0.139384 0.731056
vt 0.198172 0.763417
vt 0.172109 0.771459
vt 0.183909 0.664153
vt 0.204039 0.668399
vt 0.131697 0.706957
vt 0.154101 0.710434
vt 0.178598 0.713416
vt 0.147293 0.689204
vt 0.154484 0.650760
vt 0.135006 0.669296
vt 0.159202 0.635120
vt 0.158196 0.672445
vt 0.185195 0.637101
vt 0.183259 0.675045
vt 0.159145 0.612389
vt 0.161081 0.574445
vt 0.188601 0.576108
vt 0.185951 0.614698
vt 0.113609 0.653256
vt 0.116259 0.614665
vt 0.145159 0.616238
vt 0.141974 0.655505
vt 0.175219 0.617905
vt 0.171644 0.657883
vt 0.202313 0.660533
vt 0.220317 0.689516
vt 0.184908 0.599562
vt 0.160794 0.536906
vt 0.189211 0.537731
vt 0.116870 0.576288
vt 0.146457 0.577009
vt 0.177028 0.577803
vt 0.184490 0.590650
vt 0.157043 0.552207
vt 0.179965 0.555674
vt 0.204342 0.558160
vt 0.199993 0.522765
vt 0.122355 0.808783
vt 0.118006 0.773388
vt 0.145201 0.774090
vt 0.141669 0.737568
vt 0.170987 0.736795
vt 0.138277 0.700413
vt 0.168393 0.698834
vt 0.135352 0.662297
vt 0.166016 0.660150
vt 0.190130 0.790282
vt 0.159466 0.792428
vt 0.157044 0.753262
vt 0.188041 0.750801
vt 0.186147 0.626777
vt 0.163589 0.586254
vt 0.207171 0.594015
vt 0.134829 0.632572
vt 0.112148 0.629207
vt 0.132001 0.596718
vt 0.157778 0.598417
vt 0.154846 0.562024
vt 0.148132 0.810483
vt 0.173491 0.774273
vt 0.149377 0.711617
vt 0.146873 0.674139
vt 0.201126 0.735757
vt 0.144280 0.636178
vt 0.199133 0.697038
vt 0.141902 0.597495
vt 0.117789 0.828839
vt 0.115699 0.789358
vt 0.219351 0.748230
vt 0.082680 0.751699
vt 0.098052 0.651240
vt 0.095956 0.610949
vt 0.152982 0.621857
vt 0.220347 0.730301
vt 0.108545 0.692060
vt 0.214315 0.616948
vt 0.210697 0.755827
vt 0.198707 0.790872
vt 0.167383 0.789869
vt 0.136811 0.789074
vt 0.104671 0.711659
vt 0.209153 0.750517
vt 0.179566 0.749796
vt 0.159023 0.499551
vt 0.183137 0.562207
vt 0.113806 0.665335
vt 0.207348 0.630739
vt 0.167073 0.621766
vt 0.147397 0.764272
vt 0.115709 0.727727
vt 0.170319 0.767740
vt 0.190348 0.734831
vt 0.113212 0.737877
vt 0.214010 0.699010
vt 0.108823 0.701594
vt 0.210619 0.661856
vt 0.105182 0.664116
vt 0.183579 0.855084
vt 0.181158 0.815918
vt 0.179135 0.775798
vt 0.177400 0.734941
vt 0.138835 0.719777
vt 0.136651 0.690102
vt 0.171966 0.666890
vt 0.201540 0.779596
vt 0.199564 0.793255
vt 0.177910 0.802167
vt 0.110570 0.726874
vt 0.133449 0.728144
vt 0.134115 0.764043
vt 0.171094 0.680064
vt 0.167252 0.698287
vt 0.154390 0.701380
vt 0.109916 0.727188
vt 0.154240 0.709170
vt 0.154146 0.737872
vt 0.114198 0.591314
vt 0.114206 0.569633
vt 0.135897 0.540721
vt 0.174907 0.677185
vt 0.212226 0.660807
vt 0.176614 0.639331
vt 0.146432 0.637958
vt 0.143455 0.570203
vt 0.170546 0.700614
vt 0.139885 0.699365
vt 0.181484 0.731093
vt 0.104596 0.746188
vt 0.104712 0.675053
vt 0.129401 0.681361
vt 0.104700 0.625165
vt 0.177862 0.735436
vt 0.158459 0.733226
vt 0.164212 0.723881
vt 0.136985 0.731258
vt 0.141564 0.723490
vt 0.180146 0.694572
vt 0.175567 0.702340
vt 0.152192 0.700630
vt 0.155256 0.694141
vt 0.179370 0.756796
vt 0.176306 0.763285
vt 0.151379 0.761859
vt 0.152578 0.756392
vt 0.125109 0.760726
vt 0.196568 0.717525
vt 0.170397 0.721350
vt 0.167004 0.717373
vt 0.142524 0.720845
vt 0.136540 0.717445
vt 0.114246 0.720662
vt 0.133581 0.637615
vt 0.143550 0.636245
vt 0.128219 0.650581
vt 0.135690 0.661335
vt 0.123679 0.663354
vt 0.120185 0.674763
vt 0.130361 0.688062
vt 0.192527 0.636206
vt 0.202702 0.649505
vt 0.186397 0.661858
vt 0.107819 0.754927
vt 0.156838 0.767501
vt 0.107819 0.783324
vt 0.191707 0.547069
vt 0.196531 0.575988
vt 0.177269 0.578522
vt 0.152800 0.537931
vt 0.139938 0.559043
vt 0.134048 0.548429
vt 0.119342 0.562244
vt 0.113491 0.558270
vt 0.157984 0.731570
vt 0.166910 0.791057
vt 0.141409 0.795355
vt 0.165055 0.721174
vt 0.164645 0.736832
vt 0.164786 0.750623
vt 0.139888 0.742623
vt 0.212230 0.704066
vt 0.213750 0.756798
vt 0.158616 0.766380
vt 0.128863 0.832485
vt 0.127223 0.831812
vt 0.134960 0.821486
vt 0.129198 0.818154
vt 0.137301 0.818060
vt 0.148756 0.804871
vt 0.152964 0.764759
vt 0.147857 0.726665
vt 0.154101 0.737508
vt 0.137108 0.708412
vt 0.209449 0.669855
vt 0.182911 0.688317
vt 0.179805 0.652245
vt 0.196156 0.647703
vt 0.179279 0.619952
vt 0.175576 0.616327
vt 0.156513 0.582917
vt 0.150793 0.614529
vt 0.154633 0.650634
vt 0.157629 0.686838
vt 0.184047 0.724384
vt 0.206456 0.725486
vt 0.111705 0.762941
vt 0.131245 0.799546
vt 0.148990 0.799981
vt 0.142080 0.834600
vt 0.147214 0.699995
vt 0.124993 0.699236
vt 0.153406 0.665175
vt 0.130079 0.664169
vt 0.177520 0.795306
vt 0.154193 0.794300
vt 0.157762 0.758879
vt 0.166404 0.700330
vt 0.173751 0.665794
vt 0.197865 0.795925
vt 0.182096 0.760100
vt 0.159011 0.723014
vt 0.181877 0.700145
vt 0.190307 0.665911
vt 0.125523 0.834483
vt 0.203587 0.760988
vt 0.141094 0.715135
vt 0.132436 0.759127
vt 0.140818 0.736465
vt 0.140818 0.769749
vt 0.156047 0.799940
vt 0.162036 0.784780
vt 0.179364 0.788171
vt 0.158829 0.812576
vt 0.137923 0.654648
vt 0.134715 0.682445
vt 0.119333 0.665559
vt 0.175450 0.663123
vt 0.153796 0.672036
vt 0.135929 0.712151
vt 0.105685 0.765901
vt 0.178026 0.727344
vt 0.155848 0.740593
vt 0.132488 0.805295
vt 0.163436 0.707547
vt 0.171019 0.708331
vt 0.163436 0.742862
vt 0.155251 0.658040
vt 0.101491 0.735362
vt 0.173833 0.696804
vt 0.208271 0.673593
vt 0.143154 0.749997
vt 0.168262 0.554314
vt 0.168750 0.807263
vt 0.169039 0.848982
vt 0.145594 0.790503
vt 0.173779 0.638524
vt 0.137579 0.661694
vt 0.146784 0.831679
vt 0.119974 0.777673
vt 0.122274 0.817708
vt 0.158284 0.734595
vt 0.142565 0.802776
vt 0.140172 0.734528
vt 0.126290 0.803118
vt 0.119045 0.734021
vt 0.191386 0.695464
vt 0.198631 0.764561
vt 0.179425 0.764478
vt 0.167783 0.694586
vt 0.114242 0.534122
vt 0.126251 0.752787
vt 0.156880 0.753958
vt 0.114185 0.611147
vt 0.133973 0.611960
vt 0.164182 0.612654
vt 0.166526 0.541893
vt 0.193480 0.613420
vt 0.142136 0.693422
vt 0.157691 0.764013
vt 0.167337 0.551947
vt 0.189070 0.552412
vt 0.184295 0.586782
vt 0.208277 0.552495
vt 0.111953 0.625340
vt 0.135935 0.591053
vt 0.130398 0.625283
vt 0.152211 0.590711
vt 0.145932 0.624824
vt 0.121736 0.645872
vt 0.141712 0.635185
vt 0.118135 0.672529
vt 0.117559 0.700896
vt 0.119918 0.730427
vt 0.114177 0.636319
vt 0.133976 0.647395
vt 0.164148 0.647816
vt 0.193399 0.648361
vt 0.121058 0.686918
vt 0.121139 0.651977
vt 0.149099 0.687534
vt 0.149250 0.652772
vt 0.175604 0.688159
vt 0.114217 0.679876
vt 0.134808 0.682587
vt 0.165074 0.682746
vt 0.194432 0.683083
vt 0.122090 0.721640
vt 0.150238 0.722092
vt 0.176832 0.722597
vt 0.152719 0.659941
vt 0.151491 0.625504
vt 0.177434 0.660427
vt 0.124226 0.756082
vt 0.138852 0.689345
vt 0.114056 0.700416
vt 0.157087 0.681714
vt 0.162576 0.655689
vt 0.170565 0.631332
vt 0.181484 0.689937
vt 0.184287 0.724154
vt 0.161393 0.689731
vt 0.160123 0.655402
vt 0.137572 0.654985
vt 0.137990 0.620471
vt 0.176573 0.591553
vt 0.176154 0.626067
vt 0.151749 0.590882
vt 0.153416 0.556134
vt 0.177529 0.618790
vt 0.175863 0.653538
vt 0.150587 0.617858
vt 0.152825 0.582815
vt 0.124027 0.581640
vt 0.143179 0.794881
vt 0.114382 0.793705
vt 0.118945 0.722852
vt 0.191286 0.684294
vt 0.186723 0.755148
vt 0.160637 0.682809
vt 0.163742 0.611337
vt 0.132043 0.609812
vt 0.211969 0.804124
vt 0.180271 0.802599
vt 0.140821 0.771059
vt 0.172211 0.772573
vt 0.170940 0.844289
vt 0.146827 0.781633
vt 0.148097 0.709918
vt 0.179039 0.711531
vt 0.178820 0.747498
vt 0.177556 0.783303
vt 0.122713 0.651502
vt 0.153442 0.653171
vt 0.148774 0.724346
vt 0.177499 0.725803
vt 0.170634 0.795993
vt 0.146520 0.733338
vt 0.153385 0.663147
vt 0.172346 0.734324
vt 0.156166 0.521272
vt 0.181991 0.522259
vt 0.178639 0.556947
vt 0.140057 0.585865
vt 0.143409 0.551177
vt 0.163301 0.586471
vt 0.160766 0.620957
vt 0.181234 0.621174
vt 0.180307 0.655586
vt 0.199122 0.621047
vt 0.197856 0.655466
vt 0.188207 0.648606
vt 0.212120 0.640202
vt 0.206196 0.665345
vt 0.182558 0.674126
vt 0.202982 0.692169
vt 0.179577 0.701196
vt 0.202668 0.720537
vt 0.179415 0.729662
vt 0.205197 0.749987
vt 0.182062 0.759134
vt 0.193871 0.787099
vt 0.203517 0.575033
vt 0.185580 0.736465
vt 0.196369 0.543082
vt 0.206184 0.640836
vt 0.124080 0.709933
vt 0.151999 0.711612
vt 0.126479 0.746201
vt 0.154745 0.747880
vt 0.127833 0.782424
vt 0.156187 0.784107
vt 0.127396 0.818426
vt 0.155435 0.820065
vt 0.125303 0.854121
vt 0.152694 0.855647
vt 0.149417 0.622777
vt 0.176808 0.624302
vt 0.172706 0.659575
vt 0.133842 0.679394
vt 0.135832 0.715606
vt 0.106698 0.750089
vt 0.136986 0.751780
vt 0.209328 0.713223
vt 0.106478 0.786056
vt 0.136713 0.787782
vt 0.209055 0.749225
vt 0.105215 0.821860
vt 0.135103 0.823551
vt 0.183331 0.654862
vt 0.159217 0.592206
vt 0.180718 0.664504
vt 0.114803 0.692065
vt 0.133763 0.763242
vt 0.202739 0.586725
vt 0.126780 0.659605
vt 0.141749 0.659109
vt 0.100095 0.655706
vt 0.096881 0.682530
vt 0.096567 0.710898
vt 0.099096 0.740347
vt 0.197334 0.660678
vt 0.202421 0.625611
vt 0.178307 0.856956
vt 0.181876 0.821535
vt 0.183125 0.785670
vt 0.181743 0.749494
vt 0.178747 0.713290
vt 0.118291 0.585893
vt 0.117465 0.571258
vt 0.166483 0.555435
vt 0.198851 0.689887
vt 0.180279 0.583928
vt 0.195054 0.612945
vt 0.139628 0.842681
vt 0.109143 0.769650
vt 0.167602 0.669755
vt 0.196422 0.671375
vt 0.169591 0.705967
vt 0.198821 0.707643
vt 0.170745 0.742140
vt 0.200175 0.743867
vt 0.170473 0.778143
vt 0.199737 0.779868
vt 0.168862 0.813911
vt 0.197644 0.815564
vt 0.120635 0.621124
vt 0.145384 0.769728
vt 0.169039 0.765382
vt 0.207057 0.643888
vt 0.124402 0.760495
vt 0.108742 0.528282
vt 0.214842 0.537921
vt 0.219591 0.567909
vt 0.225443 0.571883
vt 0.159644 0.737310
vt 0.116068 0.778309
vt 0.135705 0.715659
vt 0.208046 0.677101
vt 0.188409 0.739752
vt 0.156528 0.710227
vt 0.195163 0.665290
vt 0.123816 0.679285
vt 0.157288 0.630043
vt 0.185640 0.656480
vt 0.162105 0.625075
vt 0.203532 0.582968
vt 0.234335 0.612281
vt 0.196629 0.656880
vt 0.186331 0.816470
vt 0.146813 0.805896
vt 0.165528 0.782349
vt 0.162217 0.753814
vt 0.141414 0.719693
vt 0.167492 0.728296
vt 0.191606 0.790952
vt 0.180754 0.756043
vt 0.127785 0.828970
vt 0.149400 0.784916
vt 0.116881 0.754722
vt 0.083625 0.722817
vt 0.189726 0.732457
vt 0.156047 0.699376
vt 0.229917 0.688924
vt 0.090528 0.647241
vt 0.128234 0.602642
vt 0.174901 0.828872
vt 0.166561 0.825619
vt 0.174901 0.800138
vt 0.158115 0.666962
vt 0.157412 0.635399
vt 0.176703 0.640252
vt 0.177726 0.671503
vt 0.181604 0.701655
vt 0.161431 0.697532
vt 0.157490 0.638999
vt 0.153612 0.608847
vt 0.175469 0.630006
vt 0.158302 0.570247
vt 0.161691 0.588731
vt 0.165457 0.603916
vt 0.167822 0.611564
vt 0.196122 0.605825
vt 0.120663 0.608614
vt 0.120632 0.624389
vt 0.121110 0.656020
vt 0.123809 0.686854
vt 0.183430 0.691837
vt 0.132046 0.663264
vt 0.176416 0.663847
vt 0.125195 0.635305
vt 0.171958 0.634482
vt 0.170137 0.604061
vt 0.155624 0.575516
vt 0.192973 0.585832
vt 0.155925 0.606788
vt 0.193451 0.617463
vt 0.158271 0.637380
vt 0.196150 0.648296
vt 0.163523 0.666505
vt 0.202277 0.677322
vt 0.142919 0.661908
vt 0.120638 0.658242
vt 0.116006 0.629156
vt 0.138024 0.632816
vt 0.114043 0.598831
vt 0.135877 0.602383
vt 0.114210 0.567852
vt 0.135765 0.571291
vt 0.209553 0.692919
vt 0.202461 0.665296
vt 0.197968 0.636135
vt 0.226739 0.667881
vt 0.222107 0.638796
vt 0.220143 0.608470
vt 0.220311 0.577492
vt 0.223396 0.544732
vt 0.151054 0.583290
vt 0.176556 0.578991
vt 0.180823 0.621800
vt 0.179997 0.641441
vt 0.182415 0.632903
vt 0.149098 0.721212
vt 0.129935 0.715880
vt 0.201217 0.677494
vt 0.146401 0.623045
vt 0.232642 0.645778
vt 0.177816 0.590872
vt 0.193241 0.575068
vt 0.126541 0.636139
vt 0.087140 0.565429
vt 0.157180 0.605302
vt 0.102250 0.549965
vt 0.171956 0.590489
vt 0.116921 0.534984
vt 0.186198 0.576261
vt 0.193886 0.795034
vt 0.163271 0.765653
vt 0.236813 0.751823
vt 0.169560 0.709466
vt 0.130712 0.742183
vt 0.063459 0.699827
vt 0.150161 0.722706
vt 0.256262 0.732346
vt 0.095117 0.667854
vt 0.181081 0.691832
vt 0.202520 0.670518
vt 0.211541 0.661577
vt 0.139199 0.700134
vt 0.084838 0.643860
vt 0.161785 0.677833
vt 0.234126 0.639275
vt 0.099614 0.629046
vt 0.168214 0.671508
vt 0.113857 0.614818
vt 0.188474 0.736465
vt 0.196680 0.765356
vt 0.188474 0.798957
vt 0.135764 0.567245
vt 0.145677 0.558286
vt 0.123489 0.625218
vt 0.160438 0.756913
vt 0.168103 0.736465
vt 0.168103 0.785941
vt 0.168202 0.770917
vt 0.171879 0.780612
vt 0.168202 0.795006
vt 0.122822 0.703847
vt 0.113298 0.695037
vt 0.132526 0.653913
vt 0.162873 0.723855
vt 0.175130 0.706924
vt 0.186965 0.690496
vt 0.183636 0.755439
vt 0.209784 0.720077
vt 0.137442 0.758634
vt 0.108740 0.730389
vt 0.130178 0.709075
vt 0.157272 0.790991
vt 0.140358 0.530118
vt 0.166917 0.578926
vt 0.097431 0.573329
vt 0.185982 0.597229
vt 0.193282 0.543373
vt 0.156640 0.693387
vt 0.163444 0.644080
vt 0.183604 0.647667
vt 0.175760 0.598992
vt 0.195831 0.586660
vt 0.125360 0.736538
vt 0.126119 0.779310
vt 0.118963 0.758907
vt 0.128609 0.546842
vt 0.200950 0.508284
vt 0.188228 0.553626
vt 0.151170 0.671810
vt 0.169423 0.630222
vt 0.153590 0.614263
vt 0.187588 0.588510
vt 0.174500 0.574594
vt 0.177943 0.800576
vt 0.164854 0.786659
vt 0.195798 0.759110
vt 0.171684 0.696454
vt 0.140740 0.724004
vt 0.161140 0.684686
vt 0.170988 0.665461
vt 0.169525 0.689433
vt 0.184858 0.646021
vt 0.160744 0.583365
vt 0.145309 0.567566
vt 0.176092 0.539741
vt 0.163475 0.525855
vt 0.166446 0.751806
vt 0.153829 0.737920
vt 0.181744 0.708319
vt 0.189274 0.686946
vt 0.187558 0.706736
vt 0.145411 0.626777
vt 0.191305 0.720350
vt 0.197702 0.697981
vt 0.204867 0.615356
vt 0.113641 0.635787
vt 0.120940 0.581931
vt 0.111295 0.793996
vt 0.185254 0.747342
vt 0.138759 0.661199
vt 0.195102 0.728116
vt 0.151016 0.644268
vt 0.180516 0.646747
vt 0.162851 0.627840
s 0
usemtl Material.012
f 1/1/1 2/1/1 3/1/1
f 3/1/1 2/1/1 4/1/1
f 5/1/2 4/1/2 2/1/2
f 2/1/3 6/1/3 5/1/3
f 5/1/4 6/1/4 7/1/4
f 5/1/5 7/1/5 8/1/5
f 8/1/6 7/1/6 9/1/6
f 10/1/7 11/1/7 12/1/7
f 13/1/8 14/1/8 11/1/8
f 15/1/9 16/1/9 17/1/9
f 17/1/10 16/1/10 18/1/10
f 19/1/11 20/1/11 21/1/11
f 21/1/12 20/1/12 22/1/12
f 21/1/1 22/1/1 23/1/1
f 24/1/13 25/1/13 26/1/13
f 26/1/14 25/1/14 27/1/14
f 26/1/15 27/1/15 28/1/15
f 28/1/16 27/1/16 29/1/16
f 30/1/17 22/1/17 31/1/17
f 31/1/18 22/1/18 20/1/18
f 31/1/19 20/1/19 32/1/19
f 32/1/20 20/1/20 19/1/20
f 32/1/21 19/1/21 33/1/21
f 11/1/22 10/1/22 13/1/22
f 13/1/23 10/1/23 34/1/23
f 13/1/24 34/1/24 24/1/24
f 30/1/17 31/1/17 35/1/17
f 35/1/25 31/1/25 36/1/25
f 35/1/26 36/1/26 37/1/26
f 38/1/27 39/1/27 40/1/27
f 40/1/28 39/1/28 41/1/28
f 40/1/29 41/1/29 42/1/29
f 42/1/30 41/1/30 43/1/30
f 42/1/31 43/1/31 18/1/31
f 18/1/32 43/1/32 44/1/32
f 18/1/33 44/1/33 17/1/33
f 12/1/34 45/1/34 10/1/34
f 10/1/34 45/1/34 37/1/34
f 10/1/35 37/1/35 34/1/35
f 34/1/36 37/1/36 36/1/36
f 34/1/37 36/1/37 24/1/37
f 24/1/38 36/1/38 31/1/38
f 24/1/39 31/1/39 25/1/39
f 25/1/40 31/1/40 32/1/40
f 25/1/41 32/1/41 27/1/41
f 27/1/42 32/1/42 33/1/42
f 27/1/43 33/1/43 29/1/43
f 39/1/44 14/1/44 41/1/44
f 41/1/45 14/1/45 13/1/45
f 41/1/46 13/1/46 43/1/46
f 43/1/47 13/1/47 24/1/47
f 43/1/48 24/1/48 44/1/48
f 44/1/49 24/1/49 26/1/49
f 44/1/50 26/1/50 17/1/50
f 17/1/51 26/1/51 28/1/51
f 17/1/52 28/1/52 15/1/52
f 15/1/53 28/1/53 29/1/53
f 46/1/54 47/1/54 14/1/54
f 14/1/55 47/1/55 48/1/55
f 14/1/56 48/1/56 11/1/56
f 11/1/57 48/1/57 12/1/57
f 49/1/58 46/1/58 50/1/58
f 50/1/59 46/1/59 14/1/59
f 50/1/60 14/1/60 51/1/60
f 51/1/61 14/1/61 39/1/61
f 51/1/62 39/1/62 52/1/62
f 52/1/63 39/1/63 38/1/63
f 53/1/64 54/1/64 55/1/64
f 55/1/65 54/1/65 56/1/65
f 55/1/66 56/1/66 57/1/66
f 57/1/67 56/1/67 52/1/67
f 57/1/68 52/1/68 58/1/68
f 58/1/69 52/1/69 38/1/69
f 53/1/70 59/1/70 54/1/70
f 54/1/71 59/1/71 60/1/71
f 54/1/72 60/1/72 61/1/72
f 61/1/73 60/1/73 62/1/73
f 63/1/74 64/1/74 65/1/74
f 66/1/75 67/1/75 68/1/75
f 68/1/76 67/1/76 69/1/76
f 68/1/77 69/1/77 70/1/77
f 70/1/78 69/1/78 71/1/78
f 70/1/79 71/1/79 72/1/79
f 72/1/80 71/1/80 73/1/80
f 72/1/81 73/1/81 74/1/81
f 74/1/82 73/1/82 75/1/82
f 74/1/83 75/1/83 76/1/83
f 76/1/84 75/1/84 77/1/84
f 76/1/85 77/1/85 78/1/85
f 78/1/86 77/1/86 63/1/86
f 78/1/87 63/1/87 79/1/87
f 79/1/88 63/1/88 65/1/88
f 79/1/89 65/1/89 80/1/89
f 66/1/90 81/1/90 67/1/90
f 67/1/91 81/1/91 82/1/91
f 67/1/92 82/1/92 83/1/92
f 83/1/93 82/1/93 84/1/93
f 83/1/94 84/1/94 85/1/94
f 84/1/95 86/1/95 85/1/95
f 85/1/96 86/1/96 87/1/96
f 85/1/97 87/1/97 88/1/97
f 88/1/98 87/1/98 89/1/98
f 88/2/99 89/3/99 90/4/99
f 90/1/100 89/1/100 91/1/100
f 91/5/101 89/6/101 92/7/101
f 91/1/102 92/1/102 93/1/102
f 93/8/103 92/9/103 94/10/103
f 93/1/104 94/1/104 95/1/104
f 95/11/105 94/12/105 96/13/105
f 95/11/106 96/13/106 97/14/106
f 96/1/107 98/1/107 97/1/107
f 97/15/108 98/16/108 99/17/108
f 97/1/109 99/1/109 100/1/109
f 100/1/110 99/1/110 101/1/110
f 100/18/111 101/19/111 102/20/111
f 102/20/112 101/19/112 103/21/112
f 103/1/113 101/1/113 104/1/113
f 103/22/114 104/23/114 105/24/114
f 105/1/115 104/1/115 106/1/115
f 105/25/116 106/26/116 107/27/116
f 107/1/117 106/1/117 108/1/117
f 107/28/118 108/29/118 109/30/118
f 109/30/119 108/29/119 110/31/119
f 109/32/120 110/33/120 111/34/120
f 112/1/121 113/1/121 114/1/121
f 114/35/122 113/36/122 111/34/122
f 114/37/123 111/38/123 115/39/123
f 115/1/124 111/1/124 110/1/124
f 112/40/125 116/41/125 113/42/125
f 113/1/126 116/1/126 117/1/126
f 113/36/127 117/43/127 118/44/127
f 117/1/128 119/1/128 118/1/128
f 118/44/129 119/45/129 120/46/129
f 118/44/130 120/46/130 121/47/130
f 120/46/131 122/48/131 121/47/131
f 121/47/132 122/48/132 123/49/132
f 121/47/133 123/49/133 124/50/133
f 123/49/134 125/51/134 124/50/134
f 124/50/135 125/51/135 126/52/135
f 124/50/136 126/52/136 127/53/136
f 127/53/137 126/52/137 128/54/137
f 127/53/138 128/54/138 129/55/138
f 130/1/139 131/1/139 132/1/139
f 132/1/139 131/1/139 133/1/139
f 134/1/1 135/1/1 132/1/1
f 132/1/1 135/1/1 130/1/1
f 135/1/140 134/1/140 136/1/140
f 135/1/141 136/1/141 137/1/141
f 137/1/142 136/1/142 138/1/142
f 137/1/143 138/1/143 139/1/143
f 139/1/144 138/1/144 140/1/144
f 139/1/145 140/1/145 141/1/145
f 141/1/146 140/1/146 142/1/146
f 141/1/147 142/1/147 143/1/147
f 143/1/148 142/1/148 144/1/148
f 143/1/149 144/1/149 145/1/149
f 145/1/150 144/1/150 146/1/150
f 145/1/151 146/1/151 147/1/151
f 147/1/152 146/1/152 148/1/152
f 147/1/153 148/1/153 149/1/153
f 149/1/154 148/1/154 150/1/154
f 149/1/155 150/1/155 151/1/155
f 151/1/156 150/1/156 152/1/156
f 151/1/157 152/1/157 153/1/157
f 153/1/158 152/1/158 154/1/158
f 153/1/159 154/1/159 155/1/159
f 155/1/160 154/1/160 156/1/160
f 155/1/161 156/1/161 157/1/161
f 157/1/162 156/1/162 158/1/162
f 157/1/163 158/1/163 159/1/163
f 159/1/164 158/1/164 160/1/164
f 159/1/165 160/1/165 161/1/165
f 161/1/166 160/1/166 162/1/166
f 161/1/167 162/1/167 163/1/167
f 163/1/168 162/1/168 164/1/168
f 163/1/169 164/1/169 165/1/169
f 165/1/170 164/1/170 166/1/170
f 165/1/171 166/1/171 167/1/171
f 168/1/172 169/1/172 166/1/172
f 166/1/173 169/1/173 170/1/173
f 166/1/174 170/1/174 167/1/174
f 171/1/175 172/1/175 79/1/175
f 173/1/176 174/1/176 175/1/176
f 175/1/177 174/1/177 176/1/177
f 175/1/178 176/1/178 177/1/178
f 177/1/179 178/1/179 175/1/179
f 175/1/180 178/1/180 179/1/180
f 175/1/181 179/1/181 180/1/181
f 180/1/182 179/1/182 181/1/182
f 182/1/183 181/1/183 183/1/183
f 184/1/184 185/1/184 183/1/184
f 183/1/185 185/1/185 186/1/185
f 183/1/186 186/1/186 182/1/186
f 181/1/187 179/1/187 183/1/187
f 183/1/188 179/1/188 187/1/188
f 183/1/189 187/1/189 184/1/189
f 188/1/190 189/1/190 190/1/190
f 190/1/191 189/1/191 191/1/191
f 190/1/192 191/1/192 192/1/192
f 192/1/193 191/1/193 193/1/193
f 192/1/194 193/1/194 194/1/194
f 188/1/195 195/1/195 189/1/195
f 189/1/196 195/1/196 196/1/196
f 189/1/197 196/1/197 197/1/197
f 175/1/198 198/1/198 173/1/198
f 173/1/199 198/1/199 199/1/199
f 173/1/200 199/1/200 200/1/200
f 200/1/201 199/1/201 189/1/201
f 200/1/202 189/1/202 201/1/202
f 201/1/203 189/1/203 197/1/203
f 194/1/204 193/1/204 202/1/204
f 202/1/205 193/1/205 203/1/205
f 202/1/206 203/1/206 204/1/206
f 204/1/207 203/1/207 205/1/207
f 204/1/208 205/1/208 206/1/208
f 206/1/209 205/1/209 207/1/209
f 206/1/210 207/1/210 208/1/210
f 207/1/211 209/1/211 208/1/211
f 208/1/212 209/1/212 210/1/212
f 208/1/213 210/1/213 211/1/213
f 210/1/214 212/1/214 211/1/214
f 211/1/215 212/1/215 213/1/215
f 211/1/216 213/1/216 214/1/216
f 215/1/217 216/1/217 180/1/217
f 180/1/218 216/1/218 217/1/218
f 217/1/219 218/1/219 180/1/219
f 180/1/220 218/1/220 219/1/220
f 180/1/221 219/1/221 175/1/221
f 215/1/222 220/1/222 216/1/222
f 216/1/223 220/1/223 221/1/223
f 216/1/224 221/1/224 222/1/224
f 223/1/225 224/1/225 74/1/225
f 74/1/226 224/1/226 225/1/226
f 74/1/227 225/1/227 72/1/227
f 72/1/228 225/1/228 226/1/228
f 72/1/229 226/1/229 70/1/229
f 70/1/230 226/1/230 68/1/230
f 227/1/231 228/1/231 76/1/231
f 76/1/232 228/1/232 216/1/232
f 76/1/233 216/1/233 74/1/233
f 74/1/234 216/1/234 222/1/234
f 74/1/235 222/1/235 223/1/235
f 227/1/236 76/1/236 172/1/236
f 172/1/237 76/1/237 78/1/237
f 172/1/238 78/1/238 79/1/238
f 80/1/239 229/1/239 79/1/239
f 79/1/240 229/1/240 230/1/240
f 79/1/241 230/1/241 171/1/241
f 226/1/242 231/1/242 68/1/242
f 68/1/243 231/1/243 232/1/243
f 68/1/244 232/1/244 66/1/244
f 66/1/245 232/1/245 233/1/245
f 234/1/246 84/1/246 235/1/246
f 235/1/247 84/1/247 82/1/247
f 235/1/248 82/1/248 233/1/248
f 233/1/249 82/1/249 81/1/249
f 233/1/250 81/1/250 66/1/250
f 236/1/251 87/1/251 86/1/251
f 234/1/252 237/1/252 84/1/252
f 84/1/253 237/1/253 238/1/253
f 84/1/254 238/1/254 86/1/254
f 86/1/255 238/1/255 239/1/255
f 86/1/256 239/1/256 236/1/256
f 236/1/257 240/1/257 87/1/257
f 87/1/258 240/1/258 241/1/258
f 87/1/259 241/1/259 89/1/259
f 241/1/260 242/1/260 89/1/260
f 89/1/261 242/1/261 243/1/261
f 89/1/262 243/1/262 92/1/262
f 92/1/263 243/1/263 244/1/263
f 244/1/264 245/1/264 92/1/264
f 92/1/265 245/1/265 246/1/265
f 92/1/266 246/1/266 94/1/266
f 94/1/267 246/1/267 247/1/267
f 248/1/268 101/1/268 249/1/268
f 249/1/269 101/1/269 99/1/269
f 249/1/270 99/1/270 250/1/270
f 250/1/271 99/1/271 98/1/271
f 250/1/272 98/1/272 247/1/272
f 247/1/273 98/1/273 96/1/273
f 247/1/274 96/1/274 94/1/274
f 3/1/275 4/1/275 251/1/275
f 251/1/276 4/1/276 106/1/276
f 251/1/277 106/1/277 248/1/277
f 248/1/278 106/1/278 104/1/278
f 248/1/279 104/1/279 101/1/279
f 4/1/280 5/1/280 106/1/280
f 106/1/281 5/1/281 8/1/281
f 106/1/282 8/1/282 9/1/282
f 9/1/283 252/1/283 106/1/283
f 106/1/284 252/1/284 253/1/284
f 106/1/285 253/1/285 108/1/285
f 108/1/286 253/1/286 254/1/286
f 108/1/287 254/1/287 110/1/287
f 110/1/288 254/1/288 115/1/288
f 115/1/289 254/1/289 255/1/289
f 115/1/290 255/1/290 114/1/290
f 114/1/291 255/1/291 256/1/291
f 114/1/292 256/1/292 112/1/292
f 112/1/293 256/1/293 257/1/293
f 112/1/294 257/1/294 116/1/294
f 123/1/295 122/1/295 258/1/295
f 258/1/296 122/1/296 120/1/296
f 258/1/297 120/1/297 259/1/297
f 257/1/298 260/1/298 116/1/298
f 116/1/299 260/1/299 261/1/299
f 116/1/300 261/1/300 117/1/300
f 117/1/301 261/1/301 259/1/301
f 117/1/302 259/1/302 119/1/302
f 119/1/303 259/1/303 120/1/303
f 262/56/304 128/57/304 263/58/304
f 263/58/305 128/57/305 126/59/305
f 263/58/306 126/59/306 258/60/306
f 258/1/307 126/1/307 125/1/307
f 258/1/308 125/1/308 123/1/308
f 264/1/1 214/1/1 265/1/1
f 265/1/309 214/1/309 213/1/309
f 265/1/1 213/1/1 266/1/1
f 266/1/1 213/1/1 267/1/1
f 133/1/310 131/1/310 268/1/310
f 268/1/310 131/1/310 269/1/310
f 268/1/311 269/1/311 270/1/311
f 270/1/311 269/1/311 271/1/311
f 270/1/312 271/1/312 272/1/312
f 272/1/312 271/1/312 273/1/312
f 272/1/313 273/1/313 267/1/313
f 267/1/313 273/1/313 266/1/313
f 169/1/314 168/1/314 274/1/314
f 169/1/315 274/1/315 275/1/315
f 275/1/316 274/1/316 276/1/316
f 275/1/317 276/1/317 277/1/317
f 277/1/318 276/1/318 278/1/318
f 277/1/319 278/1/319 279/1/319
f 279/1/320 278/1/320 280/1/320
f 279/1/321 280/1/321 281/1/321
f 281/1/322 280/1/322 282/1/322
f 281/1/323 282/1/323 283/1/323
f 283/1/324 282/1/324 284/1/324
f 283/1/325 284/1/325 285/1/325
f 286/1/326 181/1/326 287/1/326
f 287/1/327 181/1/327 182/1/327
f 287/1/328 182/1/328 288/1/328
f 187/1/329 289/1/329 184/1/329
f 184/1/330 289/1/330 290/1/330
f 184/1/331 290/1/331 185/1/331
f 185/1/332 290/1/332 288/1/332
f 185/1/333 288/1/333 186/1/333
f 186/1/334 288/1/334 182/1/334
f 220/1/335 215/1/335 291/1/335
f 291/1/336 215/1/336 180/1/336
f 291/1/337 180/1/337 292/1/337
f 292/1/338 180/1/338 181/1/338
f 292/1/339 181/1/339 286/1/339
f 291/1/340 293/1/340 220/1/340
f 220/1/341 293/1/341 294/1/341
f 220/1/342 294/1/342 221/1/342
f 221/1/343 294/1/343 295/1/343
f 221/1/344 295/1/344 222/1/344
f 222/1/345 295/1/345 296/1/345
f 222/1/346 296/1/346 223/1/346
f 296/1/347 297/1/347 223/1/347
f 223/1/348 297/1/348 298/1/348
f 223/1/349 298/1/349 224/1/349
f 224/1/350 298/1/350 299/1/350
f 224/1/351 299/1/351 225/1/351
f 300/1/352 235/1/352 301/1/352
f 301/1/353 235/1/353 233/1/353
f 299/1/354 302/1/354 225/1/354
f 225/1/355 302/1/355 303/1/355
f 225/1/356 303/1/356 226/1/356
f 226/1/357 303/1/357 304/1/357
f 226/1/358 304/1/358 231/1/358
f 231/1/359 304/1/359 305/1/359
f 231/1/360 305/1/360 232/1/360
f 232/1/361 305/1/361 306/1/361
f 232/1/362 306/1/362 233/1/362
f 233/1/363 306/1/363 307/1/363
f 233/1/364 307/1/364 301/1/364
f 236/1/365 239/1/365 308/1/365
f 308/1/366 239/1/366 238/1/366
f 308/1/367 238/1/367 309/1/367
f 309/1/368 238/1/368 237/1/368
f 309/1/369 237/1/369 300/1/369
f 300/1/370 237/1/370 234/1/370
f 300/1/371 234/1/371 235/1/371
f 308/1/372 310/1/372 236/1/372
f 236/1/373 310/1/373 311/1/373
f 236/1/374 311/1/374 240/1/374
f 240/1/375 311/1/375 312/1/375
f 240/1/376 312/1/376 241/1/376
f 241/1/377 312/1/377 242/1/377
f 242/1/378 312/1/378 313/1/378
f 242/1/379 313/1/379 243/1/379
f 243/1/380 313/1/380 314/1/380
f 243/1/381 314/1/381 244/1/381
f 244/1/382 314/1/382 315/1/382
f 244/1/383 315/1/383 245/1/383
f 247/1/384 246/1/384 316/1/384
f 245/1/385 315/1/385 246/1/385
f 246/1/386 315/1/386 317/1/386
f 246/1/387 317/1/387 316/1/387
f 316/1/388 318/1/388 247/1/388
f 247/1/389 318/1/389 319/1/389
f 247/1/390 319/1/390 250/1/390
f 250/1/391 319/1/391 320/1/391
f 250/1/392 320/1/392 249/1/392
f 249/1/393 320/1/393 321/1/393
f 249/1/394 321/1/394 248/1/394
f 251/1/395 322/1/395 323/1/395
f 323/1/396 324/1/396 251/1/396
f 251/1/397 324/1/397 325/1/397
f 251/1/398 325/1/398 326/1/398
f 327/1/399 1/1/399 328/1/399
f 328/1/400 1/1/400 329/1/400
f 328/1/401 329/1/401 330/1/401
f 330/1/402 329/1/402 331/1/402
f 1/1/403 3/1/403 329/1/403
f 329/1/404 3/1/404 251/1/404
f 329/1/405 251/1/405 331/1/405
f 331/1/406 251/1/406 326/1/406
f 321/1/407 332/1/407 248/1/407
f 248/1/408 332/1/408 333/1/408
f 248/1/409 333/1/409 251/1/409
f 251/1/410 333/1/410 334/1/410
f 251/1/411 334/1/411 322/1/411
f 330/1/412 331/1/412 335/1/412
f 327/1/413 336/1/413 1/1/413
f 1/1/414 336/1/414 337/1/414
f 1/1/415 337/1/415 2/1/415
f 330/1/416 335/1/416 328/1/416
f 335/1/417 338/1/417 328/1/417
f 328/1/418 338/1/418 339/1/418
f 328/1/419 339/1/419 327/1/419
f 327/1/420 339/1/420 340/1/420
f 327/1/421 340/1/421 336/1/421
f 334/1/422 341/1/422 322/1/422
f 322/1/423 341/1/423 342/1/423
f 322/1/424 342/1/424 323/1/424
f 323/1/425 342/1/425 343/1/425
f 323/1/426 343/1/426 324/1/426
f 324/1/427 343/1/427 344/1/427
f 324/1/428 344/1/428 325/1/428
f 325/1/429 344/1/429 345/1/429
f 325/1/430 345/1/430 326/1/430
f 326/1/431 345/1/431 346/1/431
f 326/1/432 346/1/432 331/1/432
f 331/1/433 346/1/433 347/1/433
f 331/1/434 347/1/434 335/1/434
f 348/1/435 349/1/435 350/1/435
f 351/1/436 352/1/436 353/1/436
f 354/1/437 355/1/437 350/1/437
f 356/1/438 357/1/438 358/1/438
f 355/1/439 359/1/439 357/1/439
f 357/1/440 356/1/440 355/1/440
f 355/1/441 356/1/441 360/1/441
f 355/1/442 360/1/442 350/1/442
f 354/1/443 350/1/443 361/1/443
f 361/1/444 350/1/444 349/1/444
f 361/1/445 349/1/445 362/1/445
f 362/1/446 349/1/446 348/1/446
f 362/1/447 348/1/447 363/1/447
f 364/1/448 351/1/448 365/1/448
f 366/1/449 367/1/449 368/1/449
f 7/1/450 6/1/450 369/1/450
f 6/1/451 2/1/451 369/1/451
f 369/1/452 2/1/452 337/1/452
f 369/1/453 337/1/453 336/1/453
f 351/1/454 353/1/454 365/1/454
f 365/1/455 353/1/455 370/1/455
f 365/1/456 370/1/456 371/1/456
f 371/1/457 346/1/457 365/1/457
f 365/1/458 346/1/458 366/1/458
f 365/1/459 366/1/459 364/1/459
f 364/1/460 366/1/460 368/1/460
f 346/1/461 345/1/461 366/1/461
f 366/1/462 345/1/462 344/1/462
f 366/1/463 344/1/463 367/1/463
f 367/1/464 344/1/464 343/1/464
f 367/1/465 343/1/465 372/1/465
f 372/1/466 343/1/466 342/1/466
f 372/1/467 342/1/467 341/1/467
f 336/1/468 373/1/468 369/1/468
f 369/1/469 373/1/469 374/1/469
f 369/1/470 374/1/470 7/1/470
f 7/1/471 374/1/471 375/1/471
f 7/1/472 375/1/472 9/1/472
f 9/1/473 375/1/473 252/1/473
f 253/1/474 252/1/474 358/1/474
f 358/1/475 252/1/475 375/1/475
f 358/1/476 375/1/476 356/1/476
f 356/1/477 375/1/477 374/1/477
f 356/1/478 374/1/478 360/1/478
f 360/1/479 374/1/479 373/1/479
f 360/1/480 373/1/480 350/1/480
f 350/1/481 373/1/481 376/1/481
f 350/1/482 376/1/482 348/1/482
f 348/1/483 376/1/483 370/1/483
f 348/1/484 370/1/484 363/1/484
f 363/1/485 370/1/485 353/1/485
f 363/1/486 353/1/486 377/1/486
f 377/1/487 353/1/487 352/1/487
f 336/1/488 340/1/488 373/1/488
f 373/1/489 340/1/489 339/1/489
f 373/1/490 339/1/490 376/1/490
f 376/1/491 339/1/491 338/1/491
f 376/1/492 338/1/492 370/1/492
f 370/1/493 338/1/493 335/1/493
f 370/1/494 335/1/494 371/1/494
f 371/1/495 335/1/495 347/1/495
f 371/1/496 347/1/496 346/1/496
f 378/1/497 379/1/497 358/1/497
f 257/1/497 256/1/497 379/1/497
f 379/1/497 256/1/497 255/1/497
f 379/1/497 255/1/497 358/1/497
f 358/1/497 255/1/497 254/1/497
f 358/1/497 254/1/497 253/1/497
f 359/1/498 380/1/498 357/1/498
f 357/1/497 380/1/497 381/1/497
f 357/1/497 381/1/497 358/1/497
f 358/1/497 381/1/497 382/1/497
f 358/1/497 382/1/497 378/1/497
f 257/1/499 379/1/499 260/1/499
f 260/1/500 379/1/500 383/1/500
f 260/1/501 383/1/501 261/1/501
f 261/1/502 383/1/502 384/1/502
f 261/1/503 384/1/503 259/1/503
f 258/1/504 259/1/504 384/1/504
f 384/1/504 385/1/504 258/1/504
f 258/1/504 385/1/504 386/1/504
f 258/1/504 386/1/504 263/1/504
f 263/1/504 386/1/504 387/1/504
f 263/1/504 387/1/504 262/1/504
f 262/1/1 387/1/1 128/1/1
f 128/1/1 387/1/1 16/1/1
f 23/1/505 22/1/505 49/1/505
f 49/1/506 22/1/506 30/1/506
f 49/1/507 30/1/507 35/1/507
f 35/1/508 37/1/508 49/1/508
f 49/1/509 37/1/509 45/1/509
f 49/1/1 45/1/1 46/1/1
f 49/1/1 388/1/1 23/1/1
f 23/1/1 388/1/1 129/1/1
f 23/1/1 129/1/1 21/1/1
f 21/1/1 129/1/1 19/1/1
f 12/1/1 48/1/1 45/1/1
f 45/1/1 48/1/1 47/1/1
f 45/1/1 47/1/1 46/1/1
f 16/1/507 15/1/507 128/1/507
f 128/1/509 15/1/509 29/1/509
f 128/1/1 29/1/1 129/1/1
f 129/1/1 29/1/1 33/1/1
f 129/1/1 33/1/1 19/1/1
f 18/1/510 16/1/510 389/1/510
f 58/1/511 38/1/511 40/1/511
f 57/1/512 58/1/512 390/1/512
f 390/1/513 58/1/513 40/1/513
f 390/1/514 40/1/514 389/1/514
f 389/1/515 40/1/515 42/1/515
f 389/1/515 42/1/515 18/1/515
f 391/1/516 53/1/516 392/1/516
f 392/1/517 53/1/517 55/1/517
f 392/1/518 55/1/518 393/1/518
f 393/1/519 55/1/519 57/1/519
f 393/1/520 57/1/520 390/1/520
f 394/1/521 395/1/521 396/1/521
f 396/1/522 395/1/522 62/1/522
f 396/1/523 62/1/523 397/1/523
f 397/1/524 62/1/524 60/1/524
f 397/1/525 60/1/525 391/1/525
f 391/1/526 60/1/526 59/1/526
f 391/1/527 59/1/527 53/1/527
f 398/1/528 399/1/528 395/1/528
f 395/1/529 399/1/529 400/1/529
f 395/1/530 400/1/530 62/1/530
f 401/1/531 402/1/531 403/1/531
f 404/1/532 405/1/532 406/1/532
f 406/1/533 405/1/533 407/1/533
f 406/1/534 407/1/534 408/1/534
f 408/1/535 407/1/535 409/1/535
f 408/1/536 409/1/536 410/1/536
f 410/1/537 409/1/537 411/1/537
f 409/1/538 412/1/538 411/1/538
f 411/1/539 412/1/539 403/1/539
f 411/1/540 403/1/540 413/1/540
f 413/1/541 403/1/541 402/1/541
f 414/1/542 415/1/542 416/1/542
f 395/1/543 394/1/543 417/1/543
f 417/1/544 394/1/544 418/1/544
f 417/1/545 418/1/545 419/1/545
f 419/1/546 418/1/546 420/1/546
f 419/1/547 420/1/547 421/1/547
f 416/1/548 422/1/548 414/1/548
f 414/1/549 422/1/549 423/1/549
f 414/1/550 423/1/550 424/1/550
f 425/1/551 426/1/551 424/1/551
f 424/1/552 426/1/552 427/1/552
f 427/1/551 428/1/551 424/1/551
f 424/1/552 428/1/552 429/1/552
f 424/1/553 429/1/553 414/1/553
f 414/1/554 429/1/554 430/1/554
f 414/1/555 430/1/555 415/1/555
f 415/1/556 430/1/556 431/1/556
f 415/1/557 431/1/557 432/1/557
f 432/1/558 431/1/558 433/1/558
f 432/1/559 433/1/559 421/1/559
f 421/1/560 433/1/560 434/1/560
f 421/1/561 434/1/561 419/1/561
f 419/1/562 434/1/562 435/1/562
f 419/1/563 435/1/563 417/1/563
f 417/1/564 435/1/564 436/1/564
f 417/1/565 436/1/565 395/1/565
f 420/1/566 437/1/566 421/1/566
f 421/1/567 437/1/567 438/1/567
f 421/1/568 438/1/568 432/1/568
f 432/1/569 438/1/569 439/1/569
f 432/1/570 439/1/570 415/1/570
f 415/1/571 439/1/571 440/1/571
f 415/1/572 440/1/572 416/1/572
f 429/1/573 401/1/573 430/1/573
f 430/1/574 401/1/574 403/1/574
f 430/1/575 403/1/575 431/1/575
f 431/1/576 403/1/576 412/1/576
f 431/1/577 412/1/577 433/1/577
f 433/1/578 412/1/578 409/1/578
f 433/1/579 409/1/579 434/1/579
f 434/1/580 409/1/580 407/1/580
f 434/1/581 407/1/581 435/1/581
f 435/1/582 407/1/582 405/1/582
f 435/1/583 405/1/583 436/1/583
f 436/1/584 405/1/584 404/1/584
f 436/1/585 404/1/585 395/1/585
f 395/1/586 404/1/586 441/1/586
f 395/1/587 441/1/587 398/1/587
f 442/1/588 443/1/588 157/1/588
f 157/1/588 159/1/588 442/1/588
f 442/1/588 159/1/588 161/1/588
f 442/1/588 161/1/588 444/1/588
f 151/1/588 153/1/588 443/1/588
f 443/1/588 153/1/588 155/1/588
f 443/1/588 155/1/588 157/1/588
f 151/1/588 443/1/588 149/1/588
f 149/1/588 443/1/588 445/1/588
f 149/1/588 445/1/588 147/1/588
f 147/1/588 445/1/588 446/1/588
f 147/1/588 446/1/588 266/1/588
f 266/1/588 446/1/588 447/1/588
f 266/1/588 447/1/588 265/1/588
f 130/1/588 135/1/588 137/1/588
f 161/1/588 163/1/588 444/1/588
f 444/1/588 163/1/588 165/1/588
f 444/1/588 165/1/588 448/1/588
f 165/1/588 167/1/588 448/1/588
f 448/1/588 167/1/588 170/1/588
f 448/1/588 170/1/588 449/1/588
f 170/1/588 169/1/588 449/1/588
f 449/1/588 169/1/588 275/1/588
f 449/1/588 275/1/588 450/1/588
f 450/1/588 275/1/588 277/1/588
f 450/1/588 277/1/588 279/1/588
f 266/1/588 273/1/588 147/1/588
f 147/1/588 273/1/588 271/1/588
f 147/1/588 271/1/588 145/1/588
f 145/1/588 271/1/588 269/1/588
f 145/1/588 269/1/588 143/1/588
f 143/1/588 269/1/588 131/1/588
f 143/1/588 131/1/588 141/1/588
f 141/1/588 131/1/588 130/1/588
f 141/1/588 130/1/588 139/1/588
f 139/1/588 130/1/588 137/1/588
f 279/1/588 281/1/588 450/1/588
f 450/1/588 281/1/588 283/1/588
f 450/1/588 283/1/588 285/1/588
f 442/1/589 444/1/589 451/1/589
f 452/1/590 264/1/590 265/1/590
f 265/1/590 447/1/590 452/1/590
f 452/1/591 447/1/591 446/1/591
f 452/1/591 446/1/591 453/1/591
f 453/1/592 446/1/592 445/1/592
f 453/1/592 445/1/592 454/1/592
f 454/1/593 445/1/593 443/1/593
f 454/1/593 443/1/593 455/1/593
f 455/1/594 443/1/594 442/1/594
f 455/1/594 442/1/594 456/1/594
f 456/1/595 442/1/595 451/1/595
f 208/1/588 211/1/588 451/1/588
f 451/1/588 211/1/588 214/1/588
f 457/1/588 206/1/588 458/1/588
f 458/1/588 206/1/588 208/1/588
f 458/1/588 208/1/588 459/1/588
f 459/1/588 208/1/588 451/1/588
f 454/1/588 455/1/588 453/1/588
f 453/1/588 455/1/588 456/1/588
f 453/1/588 456/1/588 452/1/588
f 452/1/588 456/1/588 451/1/588
f 452/1/588 451/1/588 264/1/588
f 264/1/588 451/1/588 214/1/588
f 201/1/596 197/1/596 460/1/596
f 206/1/597 457/1/597 461/1/597
f 460/1/598 197/1/598 462/1/598
f 462/1/599 197/1/599 196/1/599
f 462/1/600 196/1/600 463/1/600
f 196/1/601 195/1/601 463/1/601
f 463/1/602 195/1/602 188/1/602
f 463/1/603 188/1/603 464/1/603
f 464/1/604 188/1/604 190/1/604
f 464/1/605 190/1/605 465/1/605
f 465/1/606 190/1/606 192/1/606
f 465/1/607 192/1/607 466/1/607
f 466/1/608 192/1/608 194/1/608
f 466/1/609 194/1/609 467/1/609
f 467/1/610 194/1/610 202/1/610
f 467/1/611 202/1/611 461/1/611
f 461/1/612 202/1/612 204/1/612
f 461/1/613 204/1/613 206/1/613
f 201/1/614 460/1/614 200/1/614
f 200/1/615 460/1/615 468/1/615
f 200/1/616 468/1/616 173/1/616
f 173/1/617 468/1/617 469/1/617
f 173/1/618 469/1/618 174/1/618
f 174/1/619 469/1/619 470/1/619
f 174/1/620 470/1/620 176/1/620
f 176/1/621 470/1/621 471/1/621
f 176/1/622 471/1/622 177/1/622
f 177/1/623 471/1/623 472/1/623
f 177/1/624 472/1/624 178/1/624
f 178/1/625 472/1/625 473/1/625
f 178/1/626 473/1/626 179/1/626
f 473/1/627 289/1/627 179/1/627
f 179/1/627 289/1/627 187/1/627
f 474/1/628 475/1/628 476/1/628
f 477/1/629 478/1/629 479/1/629
f 479/1/630 478/1/630 480/1/630
f 480/1/630 478/1/630 481/1/630
f 481/1/631 478/1/631 482/1/631
f 481/1/632 482/1/632 483/1/632
f 483/1/633 482/1/633 484/1/633
f 484/1/634 482/1/634 485/1/634
f 484/1/635 485/1/635 486/1/635
f 479/1/636 474/1/636 477/1/636
f 477/1/637 474/1/637 476/1/637
f 477/1/638 476/1/638 487/1/638
f 487/1/639 476/1/639 488/1/639
f 487/1/639 488/1/639 489/1/639
f 490/1/640 485/1/640 491/1/640
f 491/1/641 485/1/641 482/1/641
f 491/1/642 482/1/642 492/1/642
f 492/1/643 482/1/643 478/1/643
f 492/1/644 478/1/644 493/1/644
f 493/1/645 478/1/645 477/1/645
f 493/1/646 477/1/646 494/1/646
f 494/1/647 477/1/647 487/1/647
f 495/1/648 496/1/648 497/1/648
f 498/1/649 499/1/649 500/1/649
f 501/1/650 502/1/650 503/1/650
f 504/1/651 488/1/651 476/1/651
f 505/1/652 402/1/652 401/1/652
f 505/1/653 401/1/653 506/1/653
f 507/1/654 508/1/654 509/1/654
f 509/1/655 508/1/655 510/1/655
f 509/1/656 510/1/656 511/1/656
f 511/1/657 510/1/657 512/1/657
f 511/1/658 512/1/658 513/1/658
f 475/1/659 514/1/659 515/1/659
f 515/1/660 514/1/660 516/1/660
f 515/1/661 516/1/661 517/1/661
f 517/1/662 516/1/662 518/1/662
f 517/1/663 518/1/663 509/1/663
f 509/1/664 518/1/664 519/1/664
f 509/1/665 519/1/665 507/1/665
f 520/1/666 521/1/666 504/1/666
f 504/1/667 521/1/667 522/1/667
f 504/1/668 522/1/668 488/1/668
f 488/1/669 522/1/669 523/1/669
f 488/1/670 523/1/670 489/1/670
f 524/1/671 501/1/671 525/1/671
f 525/1/672 501/1/672 503/1/672
f 525/1/673 503/1/673 526/1/673
f 526/1/674 503/1/674 497/1/674
f 476/1/675 524/1/675 504/1/675
f 504/1/676 524/1/676 525/1/676
f 504/1/677 525/1/677 520/1/677
f 520/1/678 525/1/678 526/1/678
f 520/1/679 526/1/679 527/1/679
f 527/1/680 526/1/680 497/1/680
f 527/1/681 497/1/681 528/1/681
f 528/1/682 497/1/682 496/1/682
f 529/1/683 530/1/683 531/1/683
f 531/1/684 530/1/684 532/1/684
f 531/1/685 532/1/685 498/1/685
f 498/1/686 532/1/686 533/1/686
f 498/1/687 533/1/687 499/1/687
f 426/1/688 534/1/688 427/1/688
f 427/1/689 534/1/689 535/1/689
f 427/1/690 535/1/690 428/1/690
f 534/1/691 536/1/691 535/1/691
f 535/1/692 536/1/692 537/1/692
f 535/1/693 537/1/693 538/1/693
f 425/1/694 529/1/694 426/1/694
f 426/1/695 529/1/695 531/1/695
f 426/1/696 531/1/696 534/1/696
f 534/1/697 531/1/697 498/1/697
f 534/1/698 498/1/698 536/1/698
f 536/1/699 498/1/699 500/1/699
f 536/1/700 500/1/700 537/1/700
f 530/1/701 539/1/701 532/1/701
f 532/1/702 539/1/702 540/1/702
f 532/1/703 540/1/703 533/1/703
f 533/1/704 540/1/704 541/1/704
f 533/1/705 541/1/705 542/1/705
f 502/1/706 500/1/706 503/1/706
f 503/1/707 500/1/707 499/1/707
f 503/1/708 499/1/708 497/1/708
f 497/1/709 499/1/709 533/1/709
f 497/1/710 533/1/710 495/1/710
f 495/1/711 533/1/711 542/1/711
f 537/1/712 506/1/712 538/1/712
f 538/1/713 506/1/713 401/1/713
f 538/1/714 401/1/714 535/1/714
f 535/1/690 401/1/690 429/1/690
f 535/1/690 429/1/690 428/1/690
f 476/1/715 475/1/715 524/1/715
f 524/1/716 475/1/716 515/1/716
f 524/1/717 515/1/717 501/1/717
f 501/1/718 515/1/718 517/1/718
f 501/1/719 517/1/719 502/1/719
f 502/1/720 517/1/720 509/1/720
f 502/1/721 509/1/721 500/1/721
f 500/1/722 509/1/722 511/1/722
f 500/1/723 511/1/723 537/1/723
f 537/1/724 511/1/724 513/1/724
f 537/1/725 513/1/725 506/1/725
f 52/1/726 543/1/726 544/1/726
f 543/1/727 52/1/727 545/1/727
f 545/1/728 52/1/728 56/1/728
f 545/1/729 56/1/729 546/1/729
f 547/1/730 548/1/730 54/1/730
f 54/1/731 548/1/731 549/1/731
f 54/1/732 549/1/732 56/1/732
f 56/1/733 549/1/733 550/1/733
f 56/1/734 550/1/734 546/1/734
f 54/1/735 61/1/735 547/1/735
f 547/1/736 61/1/736 62/1/736
f 547/1/737 62/1/737 551/1/737
f 551/1/738 62/1/738 400/1/738
f 551/1/739 400/1/739 552/1/739
f 552/1/740 400/1/740 399/1/740
f 552/1/741 399/1/741 553/1/741
f 553/1/742 399/1/742 398/1/742
f 404/1/743 554/1/743 441/1/743
f 441/1/744 554/1/744 555/1/744
f 441/1/745 555/1/745 398/1/745
f 398/1/746 555/1/746 556/1/746
f 398/1/747 556/1/747 553/1/747
f 557/1/748 558/1/748 404/1/748
f 404/1/749 558/1/749 559/1/749
f 404/1/750 559/1/750 554/1/750
f 560/1/751 561/1/751 408/1/751
f 408/1/752 561/1/752 557/1/752
f 408/1/753 557/1/753 406/1/753
f 406/1/754 557/1/754 404/1/754
f 562/1/755 563/1/755 410/1/755
f 563/1/756 564/1/756 410/1/756
f 410/1/757 564/1/757 565/1/757
f 410/1/758 565/1/758 408/1/758
f 408/1/759 565/1/759 566/1/759
f 408/1/760 566/1/760 560/1/760
f 567/1/761 568/1/761 411/1/761
f 411/1/762 568/1/762 569/1/762
f 411/1/763 569/1/763 410/1/763
f 410/1/764 569/1/764 570/1/764
f 410/1/765 570/1/765 562/1/765
f 505/1/766 571/1/766 402/1/766
f 402/1/767 571/1/767 567/1/767
f 402/1/768 567/1/768 413/1/768
f 413/1/769 567/1/769 411/1/769
f 50/1/770 572/1/770 49/1/770
f 49/1/771 572/1/771 388/1/771
f 544/1/772 573/1/772 52/1/772
f 52/1/773 573/1/773 574/1/773
f 52/1/774 574/1/774 51/1/774
f 51/1/775 574/1/775 575/1/775
f 51/1/776 575/1/776 50/1/776
f 50/1/777 575/1/777 576/1/777
f 50/1/778 576/1/778 572/1/778
f 568/61/779 567/62/779 577/63/779
f 127/53/780 576/64/780 124/50/780
f 124/50/781 576/64/781 575/65/781
f 124/1/782 575/1/782 574/1/782
f 574/1/782 573/1/782 124/1/782
f 124/50/783 573/66/783 544/67/783
f 124/50/784 544/67/784 121/47/784
f 129/55/785 388/68/785 127/53/785
f 127/53/786 388/68/786 572/69/786
f 127/53/787 572/69/787 576/64/787
f 77/70/788 578/71/788 63/72/788
f 63/72/789 578/71/789 579/73/789
f 63/72/790 579/73/790 64/74/790
f 565/1/791 564/1/791 580/1/791
f 580/1/792 564/1/792 563/1/792
f 563/1/793 562/1/793 580/1/793
f 580/1/794 562/1/794 570/1/794
f 580/75/795 570/76/795 577/63/795
f 577/63/796 570/76/796 569/77/796
f 577/63/797 569/77/797 568/61/797
f 561/78/798 560/79/798 580/80/798
f 580/81/799 560/82/799 566/83/799
f 580/81/800 566/83/800 565/84/800
f 103/1/801 559/1/801 558/1/801
f 103/85/802 558/86/802 102/87/802
f 107/88/803 556/89/803 105/90/803
f 105/91/804 556/92/804 555/93/804
f 105/94/805 555/95/805 103/96/805
f 103/1/806 555/1/806 554/1/806
f 103/1/807 554/1/807 559/1/807
f 109/32/808 552/97/808 107/98/808
f 107/98/809 552/97/809 553/99/809
f 107/98/810 553/99/810 556/100/810
f 111/34/811 547/101/811 109/32/811
f 109/32/812 547/101/812 551/102/812
f 109/32/813 551/102/813 552/97/813
f 113/36/814 549/103/814 111/34/814
f 111/34/815 549/103/815 548/104/815
f 111/34/816 548/104/816 547/101/816
f 544/1/817 543/1/817 121/1/817
f 121/47/818 543/105/818 545/106/818
f 121/47/819 545/106/819 118/44/819
f 118/44/820 545/106/820 546/107/820
f 118/44/821 546/107/821 113/36/821
f 113/36/822 546/107/822 550/108/822
f 113/36/823 550/108/823 549/103/823
f 75/109/824 73/110/824 581/111/824
f 581/1/825 582/1/825 75/1/825
f 75/112/826 582/113/826 583/114/826
f 75/112/827 583/114/827 77/70/827
f 77/70/828 583/114/828 584/115/828
f 77/70/829 584/115/829 578/71/829
f 83/116/830 85/117/830 585/118/830
f 586/119/831 67/120/831 587/121/831
f 587/121/832 67/120/832 83/116/832
f 587/121/833 83/116/833 588/122/833
f 588/122/834 83/116/834 585/118/834
f 586/119/835 589/123/835 67/120/835
f 67/120/836 589/123/836 590/124/836
f 67/120/837 590/124/837 69/125/837
f 69/126/838 590/127/838 71/128/838
f 590/124/839 591/129/839 71/130/839
f 71/130/840 591/129/840 592/131/840
f 71/128/841 592/132/841 73/133/841
f 73/110/842 592/134/842 593/135/842
f 73/110/843 593/135/843 581/111/843
f 594/136/844 595/137/844 91/138/844
f 558/139/845 557/140/845 102/141/845
f 102/141/846 557/140/846 561/142/846
f 102/143/847 561/144/847 100/145/847
f 100/145/848 561/144/848 580/75/848
f 100/145/849 580/75/849 97/146/849
f 97/146/850 580/75/850 577/63/850
f 97/146/851 577/63/851 95/147/851
f 95/147/852 577/63/852 567/62/852
f 95/147/853 567/62/853 93/148/853
f 93/148/854 567/62/854 571/149/854
f 93/148/855 571/149/855 91/150/855
f 91/150/856 571/149/856 596/151/856
f 91/138/857 596/152/857 594/136/857
f 597/153/858 598/154/858 599/155/858
f 599/155/859 598/154/859 600/156/859
f 599/157/860 600/158/860 601/159/860
f 595/137/861 601/160/861 91/138/861
f 91/161/862 601/162/862 600/163/862
f 91/161/863 600/163/863 90/164/863
f 90/165/864 600/166/864 598/167/864
f 90/4/865 598/168/865 88/2/865
f 88/2/866 598/168/866 85/169/866
f 597/1/867 602/1/867 598/1/867
f 598/170/868 602/171/868 603/172/868
f 598/170/869 603/172/869 85/117/869
f 85/117/870 603/172/870 604/173/870
f 85/117/871 604/173/871 585/118/871
f 80/1/872 65/1/872 605/1/872
f 80/1/873 605/1/873 606/1/873
f 606/1/874 605/1/874 607/1/874
f 606/1/875 607/1/875 608/1/875
f 608/1/876 607/1/876 609/1/876
f 609/1/877 607/1/877 610/1/877
f 609/1/878 610/1/878 611/1/878
f 611/1/879 610/1/879 612/1/879
f 611/1/880 612/1/880 613/1/880
f 613/1/881 612/1/881 614/1/881
f 613/1/881 614/1/881 615/1/881
f 615/1/882 614/1/882 616/1/882
f 615/1/883 616/1/883 617/1/883
f 617/1/884 616/1/884 618/1/884
f 618/1/885 616/1/885 619/1/885
f 618/1/886 619/1/886 620/1/886
f 621/1/887 620/1/887 622/1/887
f 622/1/888 620/1/888 619/1/888
f 622/1/888 619/1/888 623/1/888
f 623/1/889 619/1/889 616/1/889
f 623/1/890 616/1/890 624/1/890
f 624/1/891 616/1/891 614/1/891
f 624/1/892 614/1/892 625/1/892
f 625/1/893 614/1/893 612/1/893
f 625/1/894 612/1/894 626/1/894
f 626/1/895 612/1/895 610/1/895
f 626/1/896 610/1/896 627/1/896
f 627/1/897 610/1/897 607/1/897
f 627/1/898 607/1/898 628/1/898
f 628/1/899 607/1/899 605/1/899
f 628/1/900 605/1/900 629/1/900
f 629/1/901 605/1/901 65/1/901
f 629/1/902 65/1/902 64/1/902
f 621/1/903 622/1/903 630/1/903
f 630/1/903 622/1/903 631/1/903
f 632/1/904 633/1/904 634/1/904
f 635/1/905 229/1/905 80/1/905
f 635/1/906 80/1/906 636/1/906
f 636/1/907 80/1/907 606/1/907
f 636/1/908 606/1/908 637/1/908
f 638/1/909 639/1/909 609/1/909
f 609/1/910 639/1/910 640/1/910
f 609/1/911 640/1/911 608/1/911
f 608/1/912 640/1/912 641/1/912
f 608/1/913 641/1/913 606/1/913
f 606/1/914 641/1/914 642/1/914
f 606/1/915 642/1/915 637/1/915
f 638/1/916 609/1/916 643/1/916
f 643/1/917 609/1/917 611/1/917
f 643/1/918 611/1/918 644/1/918
f 644/1/919 611/1/919 613/1/919
f 644/1/920 613/1/920 645/1/920
f 645/1/921 613/1/921 615/1/921
f 645/1/922 615/1/922 634/1/922
f 634/1/923 615/1/923 617/1/923
f 634/1/924 617/1/924 632/1/924
f 617/1/925 618/1/925 632/1/925
f 632/1/926 618/1/926 620/1/926
f 632/1/927 620/1/927 630/1/927
f 630/1/928 620/1/928 621/1/928
f 172/1/929 171/1/929 646/1/929
f 646/1/930 171/1/930 647/1/930
f 171/1/931 230/1/931 647/1/931
f 647/1/932 230/1/932 229/1/932
f 647/1/933 229/1/933 648/1/933
f 648/1/934 229/1/934 635/1/934
f 648/1/935 635/1/935 636/1/935
f 218/1/936 217/1/936 649/1/936
f 649/1/937 217/1/937 216/1/937
f 649/1/938 216/1/938 228/1/938
f 650/1/939 649/1/939 651/1/939
f 651/1/940 649/1/940 228/1/940
f 651/1/941 228/1/941 646/1/941
f 646/1/942 228/1/942 227/1/942
f 646/1/943 227/1/943 172/1/943
f 191/1/944 189/1/944 652/1/944
f 189/1/945 199/1/945 652/1/945
f 652/1/946 199/1/946 198/1/946
f 652/1/947 198/1/947 175/1/947
f 218/1/948 649/1/948 219/1/948
f 219/1/949 649/1/949 653/1/949
f 219/1/950 653/1/950 175/1/950
f 175/1/951 653/1/951 654/1/951
f 175/1/952 654/1/952 652/1/952
f 212/1/953 210/1/953 655/1/953
f 655/1/954 210/1/954 209/1/954
f 655/1/955 209/1/955 207/1/955
f 656/1/956 657/1/956 193/1/956
f 656/1/957 193/1/957 658/1/957
f 191/1/958 652/1/958 193/1/958
f 193/1/959 652/1/959 659/1/959
f 193/1/960 659/1/960 658/1/960
f 657/1/961 660/1/961 193/1/961
f 193/1/962 660/1/962 661/1/962
f 193/1/963 661/1/963 662/1/963
f 662/1/964 663/1/964 193/1/964
f 193/1/965 663/1/965 664/1/965
f 193/1/966 664/1/966 665/1/966
f 207/1/967 205/1/967 655/1/967
f 655/1/968 205/1/968 203/1/968
f 655/1/969 203/1/969 666/1/969
f 666/1/970 203/1/970 193/1/970
f 666/1/971 193/1/971 667/1/971
f 667/1/972 193/1/972 665/1/972
f 655/1/973 284/1/973 282/1/973
f 136/1/504 134/1/504 132/1/504
f 136/1/504 132/1/504 138/1/504
f 213/1/504 166/1/504 164/1/504
f 272/1/504 148/1/504 270/1/504
f 270/1/504 148/1/504 146/1/504
f 270/1/504 146/1/504 268/1/504
f 268/1/504 146/1/504 144/1/504
f 268/1/504 144/1/504 133/1/504
f 133/1/504 144/1/504 142/1/504
f 133/1/504 142/1/504 132/1/504
f 132/1/504 142/1/504 140/1/504
f 132/1/504 140/1/504 138/1/504
f 278/1/504 276/1/504 212/1/504
f 212/1/504 276/1/504 274/1/504
f 212/1/504 274/1/504 213/1/504
f 213/1/504 274/1/504 168/1/504
f 213/1/504 168/1/504 166/1/504
f 164/1/504 162/1/504 213/1/504
f 213/1/504 162/1/504 160/1/504
f 213/1/504 160/1/504 158/1/504
f 655/1/974 282/1/974 212/1/974
f 212/1/504 282/1/504 280/1/504
f 212/1/504 280/1/504 278/1/504
f 158/1/504 156/1/504 213/1/504
f 213/1/504 156/1/504 154/1/504
f 213/1/504 154/1/504 267/1/504
f 267/1/504 154/1/504 152/1/504
f 267/1/504 152/1/504 272/1/504
f 272/1/504 152/1/504 150/1/504
f 272/1/504 150/1/504 148/1/504
f 668/1/975 669/1/975 670/1/975
f 670/1/976 669/1/976 671/1/976
f 670/1/977 671/1/977 284/1/977
f 284/1/978 671/1/978 285/1/978
f 672/1/979 673/1/979 668/1/979
f 668/1/980 673/1/980 674/1/980
f 668/1/981 674/1/981 669/1/981
f 675/1/982 676/1/982 672/1/982
f 672/1/983 676/1/983 677/1/983
f 672/1/984 677/1/984 673/1/984
f 678/1/985 679/1/985 675/1/985
f 675/1/986 679/1/986 680/1/986
f 675/1/987 680/1/987 676/1/987
f 678/1/988 681/1/988 679/1/988
f 679/1/989 681/1/989 682/1/989
f 683/1/990 684/1/990 685/1/990
f 685/1/991 684/1/991 686/1/991
f 685/1/992 686/1/992 687/1/992
f 686/1/993 688/1/993 687/1/993
f 687/1/994 688/1/994 689/1/994
f 687/1/995 689/1/995 690/1/995
f 690/1/996 689/1/996 691/1/996
f 691/1/997 689/1/997 692/1/997
f 691/1/998 692/1/998 693/1/998
f 693/1/999 692/1/999 694/1/999
f 693/1/1000 694/1/1000 695/1/1000
f 695/1/1001 694/1/1001 682/1/1001
f 695/1/1002 682/1/1002 681/1/1002
f 696/1/1003 697/1/1003 686/1/1003
f 686/1/1004 697/1/1004 698/1/1004
f 698/1/1005 699/1/1005 686/1/1005
f 686/1/1006 699/1/1006 700/1/1006
f 686/1/1007 700/1/1007 688/1/1007
f 688/1/1008 700/1/1008 689/1/1008
f 689/1/1009 700/1/1009 701/1/1009
f 689/1/1010 701/1/1010 692/1/1010
f 701/1/1011 702/1/1011 692/1/1011
f 692/1/1012 702/1/1012 703/1/1012
f 692/1/1013 703/1/1013 704/1/1013
f 705/1/1014 706/1/1014 285/1/1014
f 285/1/1015 706/1/1015 707/1/1015
f 285/1/1016 707/1/1016 450/1/1016
f 669/1/1017 674/1/1017 708/1/1017
f 669/1/1018 708/1/1018 671/1/1018
f 674/1/1019 673/1/1019 708/1/1019
f 708/1/1020 673/1/1020 677/1/1020
f 708/1/1021 677/1/1021 676/1/1021
f 676/1/1022 680/1/1022 708/1/1022
f 708/1/1023 680/1/1023 679/1/1023
f 708/1/1024 679/1/1024 682/1/1024
f 704/1/1025 709/1/1025 692/1/1025
f 692/1/1026 709/1/1026 708/1/1026
f 692/1/1027 708/1/1027 694/1/1027
f 694/1/1028 708/1/1028 682/1/1028
f 671/1/1029 708/1/1029 285/1/1029
f 285/1/1030 708/1/1030 710/1/1030
f 285/1/1031 710/1/1031 705/1/1031
f 686/1/1032 684/1/1032 696/1/1032
f 696/1/1033 684/1/1033 711/1/1033
f 696/1/1034 711/1/1034 712/1/1034
f 712/1/1035 711/1/1035 713/1/1035
f 712/1/1036 713/1/1036 714/1/1036
f 714/1/1037 713/1/1037 715/1/1037
f 714/1/1038 715/1/1038 716/1/1038
f 716/1/1039 715/1/1039 717/1/1039
f 716/1/1040 717/1/1040 718/1/1040
f 718/1/1041 717/1/1041 719/1/1041
f 718/1/1042 719/1/1042 720/1/1042
f 720/1/1042 719/1/1042 721/1/1042
f 720/1/1043 721/1/1043 722/1/1043
f 722/1/1044 721/1/1044 723/1/1044
f 722/1/1045 723/1/1045 724/1/1045
f 724/1/1046 723/1/1046 725/1/1046
f 494/1/1047 487/1/1047 698/1/1047
f 702/1/1048 292/1/1048 286/1/1048
f 290/1/1049 289/1/1049 702/1/1049
f 702/1/1050 289/1/1050 473/1/1050
f 702/1/1051 473/1/1051 472/1/1051
f 286/1/1052 287/1/1052 702/1/1052
f 702/1/1053 287/1/1053 288/1/1053
f 702/1/1054 288/1/1054 290/1/1054
f 472/1/1055 471/1/1055 702/1/1055
f 702/1/1056 471/1/1056 470/1/1056
f 702/1/1057 470/1/1057 703/1/1057
f 703/1/1058 470/1/1058 704/1/1058
f 489/1/1059 523/1/1059 302/1/1059
f 489/1/1060 302/1/1060 487/1/1060
f 302/1/1061 299/1/1061 487/1/1061
f 487/1/1062 299/1/1062 298/1/1062
f 487/1/1063 298/1/1063 297/1/1063
f 701/1/1064 293/1/1064 702/1/1064
f 702/1/1065 293/1/1065 291/1/1065
f 702/1/1066 291/1/1066 292/1/1066
f 297/1/1067 296/1/1067 487/1/1067
f 487/1/1068 296/1/1068 295/1/1068
f 487/1/1069 295/1/1069 698/1/1069
f 698/1/1070 295/1/1070 294/1/1070
f 698/1/1071 294/1/1071 699/1/1071
f 699/1/1072 294/1/1072 293/1/1072
f 699/1/1073 293/1/1073 700/1/1073
f 700/1/1074 293/1/1074 701/1/1074
f 521/1/1075 305/1/1075 304/1/1075
f 523/1/1076 522/1/1076 302/1/1076
f 302/1/1077 522/1/1077 521/1/1077
f 302/1/1078 521/1/1078 303/1/1078
f 303/1/1079 521/1/1079 304/1/1079
f 542/1/1080 310/1/1080 495/1/1080
f 495/1/1081 310/1/1081 308/1/1081
f 495/1/1082 308/1/1082 496/1/1082
f 496/1/1083 308/1/1083 309/1/1083
f 496/1/1084 309/1/1084 528/1/1084
f 528/1/1085 309/1/1085 300/1/1085
f 528/1/1086 300/1/1086 527/1/1086
f 527/1/1087 300/1/1087 301/1/1087
f 527/1/1088 301/1/1088 520/1/1088
f 520/1/1089 301/1/1089 307/1/1089
f 520/1/1090 307/1/1090 521/1/1090
f 521/1/1091 307/1/1091 306/1/1091
f 521/1/1092 306/1/1092 305/1/1092
f 318/1/1093 316/1/1093 539/1/1093
f 539/1/1094 316/1/1094 317/1/1094
f 539/1/1095 317/1/1095 540/1/1095
f 317/1/1096 315/1/1096 540/1/1096
f 540/1/1097 315/1/1097 314/1/1097
f 540/1/1098 314/1/1098 541/1/1098
f 314/1/1099 313/1/1099 541/1/1099
f 541/1/1100 313/1/1100 312/1/1100
f 541/1/1101 312/1/1101 542/1/1101
f 542/1/1102 312/1/1102 311/1/1102
f 542/1/1103 311/1/1103 310/1/1103
f 424/1/1104 423/1/1104 321/1/1104
f 321/1/1105 423/1/1105 332/1/1105
f 318/1/1106 539/1/1106 319/1/1106
f 319/1/1107 539/1/1107 530/1/1107
f 319/1/1108 530/1/1108 320/1/1108
f 320/1/1109 530/1/1109 529/1/1109
f 320/1/1110 529/1/1110 321/1/1110
f 321/1/1111 529/1/1111 425/1/1111
f 321/1/1112 425/1/1112 424/1/1112
f 423/1/1113 422/1/1113 368/1/1113
f 368/1/1114 367/1/1114 423/1/1114
f 423/1/1115 367/1/1115 372/1/1115
f 423/1/1116 372/1/1116 341/1/1116
f 341/1/1117 334/1/1117 423/1/1117
f 423/1/1118 334/1/1118 333/1/1118
f 423/1/1119 333/1/1119 332/1/1119
f 438/1/1120 437/1/1120 380/1/1120
f 438/1/1121 380/1/1121 439/1/1121
f 439/1/1122 380/1/1122 359/1/1122
f 439/1/1123 359/1/1123 440/1/1123
f 440/1/1124 359/1/1124 355/1/1124
f 440/1/1125 355/1/1125 354/1/1125
f 354/1/1126 361/1/1126 440/1/1126
f 440/1/1127 361/1/1127 362/1/1127
f 440/1/1128 362/1/1128 363/1/1128
f 363/1/1129 377/1/1129 440/1/1129
f 440/1/1130 377/1/1130 352/1/1130
f 440/1/1131 352/1/1131 351/1/1131
f 422/1/1132 416/1/1132 368/1/1132
f 368/1/1133 416/1/1133 440/1/1133
f 368/1/1134 440/1/1134 364/1/1134
f 364/1/1135 440/1/1135 351/1/1135
f 396/1/1136 385/1/1136 394/1/1136
f 394/1/1137 385/1/1137 384/1/1137
f 394/1/1138 384/1/1138 418/1/1138
f 418/1/1139 384/1/1139 383/1/1139
f 383/1/1140 379/1/1140 418/1/1140
f 418/1/1141 379/1/1141 378/1/1141
f 418/1/1142 378/1/1142 420/1/1142
f 420/1/1143 378/1/1143 382/1/1143
f 420/1/1144 382/1/1144 437/1/1144
f 437/1/1145 382/1/1145 381/1/1145
f 437/1/1146 381/1/1146 380/1/1146
f 396/1/1147 397/1/1147 385/1/1147
f 385/1/1148 397/1/1148 391/1/1148
f 385/1/1149 391/1/1149 386/1/1149
f 386/1/1150 391/1/1150 392/1/1150
f 392/1/1151 393/1/1151 386/1/1151
f 386/1/1152 393/1/1152 390/1/1152
f 386/1/1153 390/1/1153 387/1/1153
f 387/1/1154 390/1/1154 389/1/1154
f 387/1/1155 389/1/1155 16/1/1155
f 724/1/1156 725/1/1156 726/1/1156
f 716/1/1157 718/1/1157 720/1/1157
f 716/1/1158 720/1/1158 726/1/1158
f 726/1/1156 720/1/1156 722/1/1156
f 726/1/1156 722/1/1156 724/1/1156
f 726/1/1156 727/1/1156 728/1/1156
f 729/1/1159 730/1/1159 716/1/1159
f 716/1/1160 730/1/1160 731/1/1160
f 716/1/1161 731/1/1161 714/1/1161
f 714/1/1162 731/1/1162 732/1/1162
f 714/1/1163 732/1/1163 712/1/1163
f 712/1/1164 732/1/1164 490/1/1164
f 712/1/1165 490/1/1165 696/1/1165
f 696/1/1166 490/1/1166 491/1/1166
f 696/1/1167 491/1/1167 697/1/1167
f 697/1/1168 491/1/1168 492/1/1168
f 697/1/1169 492/1/1169 698/1/1169
f 698/1/1170 492/1/1170 493/1/1170
f 698/1/1171 493/1/1171 494/1/1171
f 726/1/1172 728/1/1172 716/1/1172
f 716/1/1173 728/1/1173 733/1/1173
f 716/1/1174 733/1/1174 729/1/1174
f 468/1/1175 460/1/1175 709/1/1175
f 704/1/1176 470/1/1176 709/1/1176
f 709/1/1177 470/1/1177 469/1/1177
f 709/1/1178 469/1/1178 468/1/1178
f 460/1/1179 462/1/1179 709/1/1179
f 709/1/1180 462/1/1180 463/1/1180
f 709/1/1181 463/1/1181 708/1/1181
f 708/1/1182 463/1/1182 464/1/1182
f 708/1/1183 464/1/1183 710/1/1183
f 710/1/1184 464/1/1184 465/1/1184
f 710/1/1185 465/1/1185 705/1/1185
f 459/1/1186 451/1/1186 444/1/1186
f 465/1/1187 466/1/1187 705/1/1187
f 705/1/1188 466/1/1188 467/1/1188
f 705/1/1189 467/1/1189 706/1/1189
f 706/1/1190 467/1/1190 461/1/1190
f 706/1/1191 461/1/1191 707/1/1191
f 707/1/1192 461/1/1192 457/1/1192
f 707/1/1193 457/1/1193 450/1/1193
f 450/1/1194 457/1/1194 458/1/1194
f 450/1/1195 458/1/1195 449/1/1195
f 449/1/1196 458/1/1196 459/1/1196
f 449/1/1196 459/1/1196 448/1/1196
f 448/1/1197 459/1/1197 444/1/1197
f 485/1/1198 490/1/1198 732/1/1198
f 486/1/1199 485/1/1199 734/1/1199
f 734/1/1200 485/1/1200 732/1/1200
f 734/1/1201 732/1/1201 735/1/1201
f 732/1/1202 731/1/1202 735/1/1202
f 735/1/1203 731/1/1203 730/1/1203
f 735/1/1204 730/1/1204 736/1/1204
f 736/1/1205 730/1/1205 737/1/1205
f 730/1/1206 729/1/1206 737/1/1206
f 737/1/1207 729/1/1207 733/1/1207
f 737/1/1208 733/1/1208 738/1/1208
f 738/1/1209 733/1/1209 728/1/1209
f 738/1/1210 728/1/1210 739/1/1210
f 739/1/1211 728/1/1211 727/1/1211
f 734/1/1212 740/1/1212 486/1/1212
f 484/1/1213 741/1/1213 483/1/1213
f 483/1/1214 741/1/1214 742/1/1214
f 483/1/1215 742/1/1215 481/1/1215
f 481/1/1216 742/1/1216 743/1/1216
f 481/1/1217 743/1/1217 480/1/1217
f 480/1/1218 743/1/1218 744/1/1218
f 480/1/1219 744/1/1219 479/1/1219
f 484/1/1220 486/1/1220 741/1/1220
f 741/1/1221 486/1/1221 740/1/1221
f 741/1/1222 740/1/1222 745/1/1222
f 745/1/1223 740/1/1223 734/1/1223
f 745/1/1224 734/1/1224 746/1/1224
f 746/1/1225 734/1/1225 747/1/1225
f 748/1/1226 749/1/1226 747/1/1226
f 747/1/1227 749/1/1227 750/1/1227
f 747/1/1228 750/1/1228 746/1/1228
f 751/1/1229 752/1/1229 753/1/1229
f 753/1/1230 752/1/1230 748/1/1230
f 753/1/1231 748/1/1231 736/1/1231
f 736/1/1232 748/1/1232 747/1/1232
f 736/1/1233 747/1/1233 735/1/1233
f 735/1/1234 747/1/1234 734/1/1234
f 514/1/1235 475/1/1235 591/1/1235
f 591/1/1236 475/1/1236 592/1/1236
f 592/1/1237 475/1/1237 474/1/1237
f 592/1/1238 474/1/1238 593/1/1238
f 591/1/1239 590/1/1239 514/1/1239
f 514/1/1240 590/1/1240 589/1/1240
f 514/1/1241 589/1/1241 516/1/1241
f 516/1/1242 589/1/1242 586/1/1242
f 516/1/1243 586/1/1243 518/1/1243
f 518/1/1244 586/1/1244 587/1/1244
f 518/1/1245 587/1/1245 519/1/1245
f 519/1/1246 587/1/1246 588/1/1246
f 519/1/1247 588/1/1247 507/1/1247
f 507/1/1248 588/1/1248 508/1/1248
f 508/1/1249 588/1/1249 585/1/1249
f 508/1/1250 585/1/1250 510/1/1250
f 602/1/1251 512/1/1251 603/1/1251
f 603/1/1252 512/1/1252 510/1/1252
f 603/1/1253 510/1/1253 604/1/1253
f 604/1/1254 510/1/1254 585/1/1254
f 602/1/1255 597/1/1255 512/1/1255
f 512/1/1256 597/1/1256 599/1/1256
f 512/1/1257 599/1/1257 513/1/1257
f 513/1/1258 599/1/1258 601/1/1258
f 571/1/1259 505/1/1259 596/1/1259
f 596/1/1260 505/1/1260 506/1/1260
f 596/1/1261 506/1/1261 594/1/1261
f 594/1/1262 506/1/1262 513/1/1262
f 594/1/1263 513/1/1263 595/1/1263
f 595/1/1264 513/1/1264 601/1/1264
f 474/1/1265 479/1/1265 593/1/1265
f 593/1/1266 479/1/1266 744/1/1266
f 593/1/1267 744/1/1267 581/1/1267
f 581/1/1268 744/1/1268 743/1/1268
f 742/1/1269 583/1/1269 743/1/1269
f 743/1/1270 583/1/1270 582/1/1270
f 743/1/1271 582/1/1271 581/1/1271
f 754/1/1272 755/1/1272 756/1/1272
f 756/1/1273 755/1/1273 757/1/1273
f 757/1/1274 758/1/1274 756/1/1274
f 756/1/1275 758/1/1275 759/1/1275
f 756/1/1276 759/1/1276 760/1/1276
f 760/1/1277 761/1/1277 756/1/1277
f 756/1/1278 761/1/1278 578/1/1278
f 756/1/1279 578/1/1279 742/1/1279
f 742/1/1280 578/1/1280 584/1/1280
f 742/1/1281 584/1/1281 583/1/1281
f 760/1/1282 579/1/1282 761/1/1282
f 761/1/1283 579/1/1283 578/1/1283
f 760/1/1284 759/1/1284 579/1/1284
f 579/1/1285 759/1/1285 758/1/1285
f 579/1/1286 758/1/1286 757/1/1286
f 757/174/1287 755/175/1287 579/176/1287
f 579/1/1288 755/1/1288 754/1/1288
f 579/73/1289 754/177/1289 64/74/1289
f 64/74/1290 754/177/1290 629/178/1290
f 629/178/1291 754/177/1291 762/179/1291
f 629/178/1292 762/179/1292 628/180/1292
f 628/180/1293 762/179/1293 763/181/1293
f 628/180/1294 763/181/1294 627/182/1294
f 627/182/1295 763/181/1295 764/183/1295
f 627/182/1296 764/183/1296 626/184/1296
f 764/183/1297 765/185/1297 626/184/1297
f 626/1/1298 765/1/1298 766/1/1298
f 626/1/1299 766/1/1299 625/1/1299
f 766/1/1300 767/1/1300 625/1/1300
f 625/1/1301 767/1/1301 768/1/1301
f 625/1/1302 768/1/1302 624/1/1302
f 624/1/1303 768/1/1303 769/1/1303
f 769/1/1304 770/1/1304 624/1/1304
f 624/1/1305 770/1/1305 771/1/1305
f 624/1/1306 771/1/1306 623/1/1306
f 623/1/1307 771/1/1307 622/1/1307
f 622/1/1308 771/1/1308 772/1/1308
f 622/1/1309 772/1/1309 773/1/1309
f 622/1/1310 773/1/1310 774/1/1310
f 622/1/1310 774/1/1310 631/1/1310
f 631/1/1310 774/1/1310 775/1/1310
f 631/1/1310 775/1/1310 776/1/1310
f 643/1/1311 644/1/1311 777/1/1311
f 777/1/1312 778/1/1312 643/1/1312
f 643/1/1313 778/1/1313 779/1/1313
f 643/1/1314 779/1/1314 780/1/1314
f 780/1/1315 781/1/1315 643/1/1315
f 643/1/1316 781/1/1316 782/1/1316
f 643/1/1317 782/1/1317 783/1/1317
f 645/1/1318 784/1/1318 644/1/1318
f 644/1/1319 784/1/1319 785/1/1319
f 644/1/1320 785/1/1320 777/1/1320
f 786/1/1321 787/1/1321 645/1/1321
f 645/1/1322 787/1/1322 788/1/1322
f 645/1/1323 788/1/1323 784/1/1323
f 630/1/1324 631/1/1324 789/1/1324
f 789/1/1325 790/1/1325 630/1/1325
f 630/1/1326 790/1/1326 791/1/1326
f 630/1/1327 791/1/1327 632/1/1327
f 632/1/1328 791/1/1328 792/1/1328
f 632/1/1329 792/1/1329 633/1/1329
f 633/1/1330 792/1/1330 793/1/1330
f 633/1/1331 793/1/1331 634/1/1331
f 634/1/1332 793/1/1332 794/1/1332
f 634/1/1333 794/1/1333 645/1/1333
f 645/1/1334 794/1/1334 795/1/1334
f 645/1/1335 795/1/1335 786/1/1335
f 796/1/1336 639/1/1336 797/1/1336
f 797/1/1337 639/1/1337 638/1/1337
f 797/1/1338 638/1/1338 798/1/1338
f 798/1/1339 638/1/1339 643/1/1339
f 798/1/1340 643/1/1340 799/1/1340
f 799/1/1341 643/1/1341 783/1/1341
f 800/1/1342 637/1/1342 801/1/1342
f 801/1/1343 637/1/1343 642/1/1343
f 801/1/1344 642/1/1344 802/1/1344
f 800/1/1345 803/1/1345 637/1/1345
f 637/1/1346 803/1/1346 804/1/1346
f 637/1/1347 804/1/1347 805/1/1347
f 796/1/1348 806/1/1348 639/1/1348
f 639/1/1349 806/1/1349 807/1/1349
f 639/1/1350 807/1/1350 640/1/1350
f 640/1/1351 807/1/1351 808/1/1351
f 640/1/1352 808/1/1352 641/1/1352
f 641/1/1353 808/1/1353 809/1/1353
f 641/1/1354 809/1/1354 642/1/1354
f 642/1/1355 809/1/1355 810/1/1355
f 642/1/1356 810/1/1356 802/1/1356
f 648/1/1357 636/1/1357 811/1/1357
f 811/1/1358 636/1/1358 637/1/1358
f 811/1/1359 637/1/1359 812/1/1359
f 812/1/1360 637/1/1360 805/1/1360
f 648/1/1361 813/1/1361 647/1/1361
f 647/1/1362 813/1/1362 814/1/1362
f 647/1/1363 814/1/1363 646/1/1363
f 646/1/1364 814/1/1364 815/1/1364
f 646/1/1365 815/1/1365 651/1/1365
f 651/1/1366 815/1/1366 683/1/1366
f 651/1/1367 683/1/1367 650/1/1367
f 657/1/1368 656/1/1368 668/1/1368
f 284/1/1369 655/1/1369 666/1/1369
f 666/1/1370 667/1/1370 284/1/1370
f 284/1/1371 667/1/1371 665/1/1371
f 284/1/1372 665/1/1372 664/1/1372
f 664/1/1373 663/1/1373 284/1/1373
f 284/1/1374 663/1/1374 662/1/1374
f 284/1/1375 662/1/1375 670/1/1375
f 670/1/1376 662/1/1376 661/1/1376
f 670/1/1377 661/1/1377 668/1/1377
f 668/1/1378 661/1/1378 660/1/1378
f 668/1/1379 660/1/1379 657/1/1379
f 681/1/1380 678/1/1380 658/1/1380
f 658/1/1381 678/1/1381 675/1/1381
f 658/1/1382 675/1/1382 656/1/1382
f 656/1/1383 675/1/1383 672/1/1383
f 656/1/1384 672/1/1384 668/1/1384
f 650/1/1385 683/1/1385 649/1/1385
f 649/1/1386 683/1/1386 685/1/1386
f 649/1/949 685/1/949 653/1/949
f 653/1/1387 685/1/1387 687/1/1387
f 653/1/1388 687/1/1388 654/1/1388
f 654/1/1389 687/1/1389 690/1/1389
f 654/1/1390 690/1/1390 652/1/1390
f 652/1/1391 690/1/1391 691/1/1391
f 652/1/959 691/1/959 659/1/959
f 659/1/1392 691/1/1392 693/1/1392
f 659/1/1393 693/1/1393 658/1/1393
f 658/1/1394 693/1/1394 695/1/1394
f 658/1/1395 695/1/1395 681/1/1395
f 684/1/1396 683/1/1396 816/1/1396
f 816/1/1397 683/1/1397 815/1/1397
f 816/1/1398 815/1/1398 817/1/1398
f 817/1/1399 815/1/1399 814/1/1399
f 817/1/1400 814/1/1400 818/1/1400
f 818/1/1401 814/1/1401 813/1/1401
f 818/1/1402 813/1/1402 819/1/1402
f 711/1/1403 684/1/1403 816/1/1403
f 711/1/1404 816/1/1404 713/1/1404
f 713/1/1405 816/1/1405 817/1/1405
f 713/1/1406 817/1/1406 715/1/1406
f 736/1/1407 737/1/1407 753/1/1407
f 753/1/1408 737/1/1408 820/1/1408
f 753/1/1409 820/1/1409 751/1/1409
f 737/1/1410 738/1/1410 820/1/1410
f 820/1/1411 738/1/1411 739/1/1411
f 820/1/1412 739/1/1412 821/1/1412
f 822/1/1413 823/1/1413 725/1/1413
f 725/1/1414 823/1/1414 824/1/1414
f 725/1/1415 824/1/1415 726/1/1415
f 726/1/1416 824/1/1416 821/1/1416
f 726/1/1417 821/1/1417 727/1/1417
f 727/1/1418 821/1/1418 739/1/1418
f 822/1/1419 725/1/1419 825/1/1419
f 825/1/1420 725/1/1420 723/1/1420
f 825/1/1421 723/1/1421 826/1/1421
f 826/1/1422 723/1/1422 827/1/1422
f 827/1/1423 723/1/1423 721/1/1423
f 827/1/1424 721/1/1424 828/1/1424
f 829/1/1425 721/1/1425 719/1/1425
f 829/1/1426 830/1/1426 721/1/1426
f 721/1/1427 830/1/1427 831/1/1427
f 721/1/1428 831/1/1428 828/1/1428
f 715/1/1429 817/1/1429 717/1/1429
f 717/1/1430 817/1/1430 818/1/1430
f 717/1/1431 818/1/1431 719/1/1431
f 719/1/1432 818/1/1432 819/1/1432
f 719/1/1433 819/1/1433 829/1/1433
f 762/1/1434 754/1/1434 832/1/1434
f 831/1/1435 830/1/1435 833/1/1435
f 834/1/1436 835/1/1436 827/1/1436
f 834/1/1437 827/1/1437 833/1/1437
f 833/1/1438 827/1/1438 828/1/1438
f 833/1/1439 828/1/1439 831/1/1439
f 835/1/1440 836/1/1440 827/1/1440
f 827/1/1441 836/1/1441 837/1/1441
f 827/1/1442 837/1/1442 826/1/1442
f 826/1/1443 837/1/1443 838/1/1443
f 826/1/1444 838/1/1444 825/1/1444
f 825/1/1445 838/1/1445 839/1/1445
f 839/1/1446 840/1/1446 825/1/1446
f 825/1/1447 840/1/1447 841/1/1447
f 825/1/1448 841/1/1448 776/1/1448
f 823/1/1449 822/1/1449 775/1/1449
f 775/1/1450 822/1/1450 825/1/1450
f 775/1/1451 825/1/1451 776/1/1451
f 773/1/1452 820/1/1452 774/1/1452
f 774/1/1453 820/1/1453 821/1/1453
f 774/1/1454 821/1/1454 775/1/1454
f 775/1/1455 821/1/1455 824/1/1455
f 775/1/1456 824/1/1456 823/1/1456
f 820/1/1457 842/1/1457 751/1/1457
f 751/1/1458 842/1/1458 843/1/1458
f 751/1/1459 843/1/1459 752/1/1459
f 749/1/1460 748/1/1460 844/1/1460
f 844/1/1461 748/1/1461 752/1/1461
f 746/1/1462 832/1/1462 745/1/1462
f 745/1/1463 832/1/1463 754/1/1463
f 745/1/1464 754/1/1464 741/1/1464
f 741/1/1465 754/1/1465 756/1/1465
f 741/1/1466 756/1/1466 742/1/1466
f 750/1/1467 765/1/1467 746/1/1467
f 746/1/1468 765/1/1468 764/1/1468
f 746/1/1469 764/1/1469 832/1/1469
f 832/1/1470 764/1/1470 763/1/1470
f 832/1/1471 763/1/1471 762/1/1471
f 750/1/1472 749/1/1472 765/1/1472
f 765/1/1473 749/1/1473 844/1/1473
f 765/1/1474 844/1/1474 766/1/1474
f 766/1/1475 844/1/1475 767/1/1475
f 752/1/1476 843/1/1476 844/1/1476
f 844/1/1477 843/1/1477 768/1/1477
f 844/1/1478 768/1/1478 767/1/1478
f 773/186/1479 772/187/1479 820/188/1479
f 820/1/1480 772/1/1480 771/1/1480
f 820/1/1481 771/1/1481 842/1/1481
f 842/1/1482 771/1/1482 770/1/1482
f 842/1/1483 770/1/1483 843/1/1483
f 843/1/1484 770/1/1484 769/1/1484
f 843/1/1485 769/1/1485 768/1/1485
f 813/1/1486 648/1/1486 811/1/1486
f 811/1/1487 812/1/1487 813/1/1487
f 813/1/1488 812/1/1488 805/1/1488
f 813/1/1489 805/1/1489 804/1/1489
f 804/1/1490 803/1/1490 813/1/1490
f 813/1/1491 803/1/1491 800/1/1491
f 813/1/1492 800/1/1492 845/1/1492
f 845/1/1493 800/1/1493 801/1/1493
f 846/1/1494 810/1/1494 847/1/1494
f 847/1/1495 810/1/1495 809/1/1495
f 847/1/1496 809/1/1496 848/1/1496
f 846/1/1497 849/1/1497 810/1/1497
f 810/1/1498 849/1/1498 850/1/1498
f 810/1/1499 850/1/1499 802/1/1499
f 802/1/1500 850/1/1500 851/1/1500
f 802/1/1501 851/1/1501 801/1/1501
f 801/1/1502 851/1/1502 852/1/1502
f 801/1/1503 852/1/1503 845/1/1503
f 848/1/1504 809/1/1504 853/1/1504
f 853/1/1505 809/1/1505 808/1/1505
f 853/1/1506 808/1/1506 854/1/1506
f 808/1/1507 807/1/1507 854/1/1507
f 854/1/1508 807/1/1508 806/1/1508
f 854/1/1509 806/1/1509 855/1/1509
f 806/1/1510 796/1/1510 855/1/1510
f 855/1/1511 796/1/1511 797/1/1511
f 855/1/1512 797/1/1512 834/1/1512
f 834/1/1513 797/1/1513 798/1/1513
f 834/1/1514 798/1/1514 799/1/1514
f 799/1/1515 783/1/1515 834/1/1515
f 834/1/1516 783/1/1516 782/1/1516
f 834/1/1517 782/1/1517 781/1/1517
f 781/1/1518 780/1/1518 834/1/1518
f 834/1/1519 780/1/1519 779/1/1519
f 834/1/1520 779/1/1520 778/1/1520
f 778/1/1521 777/1/1521 834/1/1521
f 834/1/1522 777/1/1522 785/1/1522
f 834/1/1523 785/1/1523 835/1/1523
f 794/1/1524 838/1/1524 795/1/1524
f 795/1/1525 838/1/1525 837/1/1525
f 795/1/1526 837/1/1526 786/1/1526
f 786/1/1527 837/1/1527 836/1/1527
f 785/1/1528 784/1/1528 835/1/1528
f 835/1/1529 784/1/1529 788/1/1529
f 835/1/1530 788/1/1530 836/1/1530
f 836/1/1531 788/1/1531 787/1/1531
f 836/1/1532 787/1/1532 786/1/1532
f 776/1/1533 841/1/1533 631/1/1533
f 631/1/1534 841/1/1534 840/1/1534
f 631/1/1535 840/1/1535 789/1/1535
f 789/1/1536 840/1/1536 839/1/1536
f 789/1/1537 839/1/1537 790/1/1537
f 794/1/1538 793/1/1538 838/1/1538
f 838/1/1539 793/1/1539 792/1/1539
f 838/1/1540 792/1/1540 839/1/1540
f 839/1/1541 792/1/1541 791/1/1541
f 839/1/1542 791/1/1542 790/1/1542
f 829/1/1543 819/1/1543 856/1/1543
f 856/1/1544 819/1/1544 813/1/1544
f 856/1/1545 813/1/1545 845/1/1545
f 857/1/1546 858/1/1546 859/1/1546
f 857/1/1547 859/1/1547 860/1/1547
f 856/1/1548 857/1/1548 860/1/1548
f 856/1/1549 860/1/1549 829/1/1549
f 829/1/1550 860/1/1550 861/1/1550
f 829/1/1551 861/1/1551 862/1/1551
f 862/1/1552 863/1/1552 829/1/1552
f 829/1/1553 863/1/1553 864/1/1553
f 829/1/1554 864/1/1554 830/1/1554
f 834/1/1555 833/1/1555 855/1/1555
f 855/1/1556 833/1/1556 830/1/1556
f 855/1/1557 830/1/1557 854/1/1557
f 854/1/1558 830/1/1558 864/1/1558
f 853/1/1559 854/1/1559 864/1/1559
f 853/1/1560 864/1/1560 848/1/1560
f 848/1/1561 864/1/1561 863/1/1561
f 848/1/1562 863/1/1562 847/1/1562
f 847/1/1563 863/1/1563 846/1/1563
f 846/1/1564 863/1/1564 862/1/1564
f 846/1/1565 862/1/1565 849/1/1565
f 849/1/1566 862/1/1566 861/1/1566
f 849/1/1567 861/1/1567 850/1/1567
f 850/1/1568 861/1/1568 860/1/1568
f 850/1/1569 860/1/1569 851/1/1569
f 856/1/1570 845/1/1570 857/1/1570
f 857/1/1571 845/1/1571 852/1/1571
f 857/1/1572 852/1/1572 858/1/1572
f 858/1/1573 852/1/1573 851/1/1573
f 858/1/1574 851/1/1574 859/1/1574
f 859/1/1575 851/1/1575 860/1/1575
f 865/1/1576 866/1/1576 867/1/1576
f 867/1/1576 866/1/1576 868/1/1576
f 867/1/1577 868/1/1577 869/1/1577
f 869/1/1577 868/1/1577 870/1/1577
f 869/1/1578 870/1/1578 871/1/1578
f 871/1/1578 870/1/1578 872/1/1578
f 871/1/1579 872/1/1579 873/1/1579
f 873/1/1579 872/1/1579 874/1/1579
f 875/1/139 876/1/139 874/1/139
f 874/1/139 876/1/139 873/1/139
f 877/1/1580 876/1/1580 878/1/1580
f 878/1/1580 876/1/1580 875/1/1580
f 879/1/1581 880/1/1581 881/1/1581
f 879/1/1582 881/1/1582 882/1/1582
f 882/1/1583 881/1/1583 883/1/1583
f 882/1/1584 883/1/1584 884/1/1584
f 884/1/1585 883/1/1585 885/1/1585
f 884/1/1586 885/1/1586 886/1/1586
f 886/1/1587 885/1/1587 887/1/1587
f 886/1/1588 887/1/1588 888/1/1588
f 888/1/1589 887/1/1589 889/1/1589
f 888/1/1590 889/1/1590 890/1/1590
f 890/1/1591 889/1/1591 891/1/1591
f 890/1/1592 891/1/1592 892/1/1592
f 892/1/1593 891/1/1593 893/1/1593
f 892/1/1594 893/1/1594 894/1/1594
f 894/1/1595 893/1/1595 895/1/1595
f 894/1/1596 895/1/1596 896/1/1596
f 896/1/1597 895/1/1597 897/1/1597
f 896/1/1598 897/1/1598 898/1/1598
f 898/1/1599 897/1/1599 899/1/1599
f 898/1/1600 899/1/1600 900/1/1600
f 900/1/1601 899/1/1601 901/1/1601
f 900/1/1602 901/1/1602 902/1/1602
f 902/1/1603 901/1/1603 903/1/1603
f 902/1/1604 903/1/1604 904/1/1604
f 904/1/1605 903/1/1605 905/1/1605
f 904/1/1606 905/1/1606 906/1/1606
f 906/1/1607 905/1/1607 907/1/1607
f 906/1/1608 907/1/1608 908/1/1608
f 908/1/1609 907/1/1609 909/1/1609
f 908/1/1610 909/1/1610 910/1/1610
f 910/1/1611 909/1/1611 877/1/1611
f 910/1/1612 877/1/1612 878/1/1612
f 911/1/1613 912/1/1613 913/1/1613
f 913/1/1614 912/1/1614 880/1/1614
f 913/1/1615 880/1/1615 879/1/1615
f 914/1/1616 915/1/1616 916/1/1616
f 914/1/1617 916/1/1617 917/1/1617
f 917/1/1618 916/1/1618 918/1/1618
f 917/1/1619 918/1/1619 919/1/1619
f 919/1/1620 918/1/1620 920/1/1620
f 919/1/1621 920/1/1621 921/1/1621
f 921/1/1622 920/1/1622 922/1/1622
f 921/1/1623 922/1/1623 923/1/1623
f 923/1/1624 922/1/1624 924/1/1624
f 923/1/1625 924/1/1625 925/1/1625
f 925/1/1626 924/1/1626 912/1/1626
f 925/1/1627 912/1/1627 911/1/1627
f 915/1/1628 914/1/1628 926/1/1628
f 915/1/1629 926/1/1629 927/1/1629
f 927/1/1630 926/1/1630 928/1/1630
f 927/1/1631 928/1/1631 929/1/1631
f 930/1/1632 931/1/1632 932/1/1632
f 932/1/1633 931/1/1633 929/1/1633
f 932/1/1634 929/1/1634 928/1/1634
f 933/1/1635 934/1/1635 935/1/1635
f 935/1/1636 934/1/1636 931/1/1636
f 935/1/1637 931/1/1637 930/1/1637
f 936/1/1638 937/1/1638 938/1/1638
f 938/1/1639 937/1/1639 934/1/1639
f 938/1/1640 934/1/1640 933/1/1640
f 939/1/1641 937/1/1641 940/1/1641
f 940/1/1642 937/1/1642 936/1/1642
f 941/1/1643 942/1/1643 943/1/1643
f 942/1/1644 941/1/1644 944/1/1644
f 939/1/1645 940/1/1645 945/1/1645
f 945/1/1646 940/1/1646 946/1/1646
f 945/1/1647 946/1/1647 947/1/1647
f 947/1/1648 946/1/1648 944/1/1648
f 947/1/1649 944/1/1649 948/1/1649
f 948/1/1650 944/1/1650 941/1/1650
f 949/1/1651 950/1/1651 951/1/1651
f 951/1/1652 950/1/1652 952/1/1652
f 951/1/1653 952/1/1653 943/1/1653
f 943/1/1654 952/1/1654 953/1/1654
f 943/1/1655 953/1/1655 941/1/1655
f 954/1/1656 955/1/1656 915/1/1656
f 956/1/1657 957/1/1657 958/1/1657
f 958/1/1658 957/1/1658 959/1/1658
f 958/1/1659 959/1/1659 960/1/1659
f 959/1/1660 961/1/1660 960/1/1660
f 960/1/1661 961/1/1661 962/1/1661
f 960/1/1662 962/1/1662 950/1/1662
f 950/1/1663 962/1/1663 963/1/1663
f 950/1/1664 963/1/1664 952/1/1664
f 952/1/1665 963/1/1665 964/1/1665
f 952/1/1666 964/1/1666 953/1/1666
f 953/1/1667 964/1/1667 965/1/1667
f 953/1/1668 965/1/1668 941/1/1668
f 941/1/1669 965/1/1669 966/1/1669
f 941/1/1670 966/1/1670 948/1/1670
f 948/1/1671 966/1/1671 967/1/1671
f 948/1/1672 967/1/1672 947/1/1672
f 947/1/1673 967/1/1673 968/1/1673
f 947/1/1674 968/1/1674 945/1/1674
f 945/1/1675 968/1/1675 969/1/1675
f 945/1/1676 969/1/1676 939/1/1676
f 929/1/1677 931/1/1677 970/1/1677
f 970/1/1678 931/1/1678 934/1/1678
f 970/1/1679 934/1/1679 969/1/1679
f 969/1/1680 934/1/1680 937/1/1680
f 969/1/1681 937/1/1681 939/1/1681
f 954/1/1682 915/1/1682 971/1/1682
f 970/1/1683 972/1/1683 929/1/1683
f 929/1/1684 972/1/1684 973/1/1684
f 929/1/1685 973/1/1685 927/1/1685
f 927/1/1686 973/1/1686 974/1/1686
f 927/1/1687 974/1/1687 915/1/1687
f 915/1/1688 974/1/1688 975/1/1688
f 915/1/1689 975/1/1689 976/1/1689
f 976/1/1690 977/1/1690 915/1/1690
f 915/1/1691 977/1/1691 978/1/1691
f 915/1/1692 978/1/1692 971/1/1692
f 979/1/1693 980/1/1693 981/1/1693
f 980/1/1694 979/1/1694 982/1/1694
f 983/1/1695 984/1/1695 985/1/1695
f 985/1/1696 986/1/1696 983/1/1696
f 983/1/1697 986/1/1697 987/1/1697
f 983/1/1698 987/1/1698 988/1/1698
f 988/1/1699 989/1/1699 983/1/1699
f 983/1/1700 989/1/1700 990/1/1700
f 983/1/1701 990/1/1701 991/1/1701
f 984/1/1702 983/1/1702 992/1/1702
f 992/1/1703 983/1/1703 993/1/1703
f 992/1/1704 993/1/1704 994/1/1704
f 995/1/1705 996/1/1705 997/1/1705
f 997/1/1706 996/1/1706 998/1/1706
f 997/1/1707 998/1/1707 993/1/1707
f 993/1/1708 998/1/1708 999/1/1708
f 993/1/1709 999/1/1709 994/1/1709
f 1000/1/1710 957/1/1710 1001/1/1710
f 1002/1/1711 1003/1/1711 995/1/1711
f 995/1/1712 1003/1/1712 1004/1/1712
f 995/1/1713 1004/1/1713 996/1/1713
f 1000/1/1714 1001/1/1714 1005/1/1714
f 1005/1/1715 1001/1/1715 1006/1/1715
f 1005/1/1716 1006/1/1716 1007/1/1716
f 1007/1/1717 1008/1/1717 1005/1/1717
f 1005/1/1718 1008/1/1718 1009/1/1718
f 1005/1/1719 1009/1/1719 1010/1/1719
f 1010/1/1720 1011/1/1720 1005/1/1720
f 1005/1/1721 1011/1/1721 1012/1/1721
f 1005/1/1722 1012/1/1722 1002/1/1722
f 1002/1/1723 1012/1/1723 1013/1/1723
f 1002/1/1724 1013/1/1724 1003/1/1724
f 991/1/1725 1014/1/1725 983/1/1725
f 983/1/1726 1014/1/1726 1015/1/1726
f 983/1/1727 1015/1/1727 1016/1/1727
f 1016/1/1728 1015/1/1728 1017/1/1728
f 1016/1/1729 1017/1/1729 1018/1/1729
f 1018/1/1730 1017/1/1730 1019/1/1730
f 1018/1/1731 1019/1/1731 1020/1/1731
f 1020/1/1732 1021/1/1732 1018/1/1732
f 1018/1/1733 1021/1/1733 1022/1/1733
f 1018/1/1734 1022/1/1734 1023/1/1734
f 1023/1/1735 1022/1/1735 1024/1/1735
f 1023/1/1736 1024/1/1736 1025/1/1736
f 1024/1/1737 1026/1/1737 1025/1/1737
f 1025/1/1738 1026/1/1738 1027/1/1738
f 1025/1/1739 1027/1/1739 979/1/1739
f 979/1/1740 1027/1/1740 1028/1/1740
f 979/1/1741 1028/1/1741 982/1/1741
f 1029/1/1742 1030/1/1742 1031/1/1742
f 1029/1/1743 1031/1/1743 1032/1/1743
f 1032/1/1744 1031/1/1744 1033/1/1744
f 1032/1/1745 1033/1/1745 1034/1/1745
f 1034/1/1746 1033/1/1746 1035/1/1746
f 1034/1/1747 1035/1/1747 1036/1/1747
f 1037/1/1748 1038/1/1748 1039/1/1748
f 1039/1/1749 1038/1/1749 1040/1/1749
f 1039/1/1750 1040/1/1750 1041/1/1750
f 1041/1/1751 1040/1/1751 1042/1/1751
f 1041/1/1752 1042/1/1752 1043/1/1752
f 1043/1/1753 1042/1/1753 1036/1/1753
f 1043/1/1754 1036/1/1754 1044/1/1754
f 1044/1/1755 1036/1/1755 1035/1/1755
f 1045/1/1756 1046/1/1756 1037/1/1756
f 1037/1/1757 1046/1/1757 1047/1/1757
f 1037/1/1758 1047/1/1758 1038/1/1758
f 950/1/1759 949/1/1759 1048/1/1759
f 950/1/1760 1048/1/1760 960/1/1760
f 960/1/1761 1048/1/1761 1049/1/1761
f 960/1/1762 1049/1/1762 958/1/1762
f 958/1/1763 1049/1/1763 1050/1/1763
f 958/1/1764 1050/1/1764 956/1/1764
f 956/1/1765 1050/1/1765 1051/1/1765
f 956/1/1766 1051/1/1766 1052/1/1766
f 1053/189/1767 979/190/1767 1054/191/1767
f 1054/191/1768 979/190/1768 981/192/1768
f 1055/193/1580 1056/194/1580 1057/195/1580
f 1057/195/1580 1056/194/1580 1058/196/1580
f 1057/1/1769 1058/1/1769 1059/1/1769
f 1057/1/1770 1059/1/1770 1060/1/1770
f 1060/1/1771 1059/1/1771 1061/1/1771
f 1060/1/1772 1061/1/1772 1062/1/1772
f 1062/1/1773 1061/1/1773 1063/1/1773
f 1062/1/1774 1063/1/1774 1064/1/1774
f 1065/197/1775 1066/198/1775 993/199/1775
f 1067/200/1776 1068/201/1776 995/202/1776
f 995/1/1777 1068/1/1777 1002/1/1777
f 1069/1/1778 1070/1/1778 1071/1/1778
f 1071/1/1779 1070/1/1779 1000/1/1779
f 1071/203/1780 1000/204/1780 1068/205/1780
f 1068/205/1781 1000/204/1781 1005/206/1781
f 1068/207/1782 1005/208/1782 1002/209/1782
f 1067/200/1783 995/202/1783 1066/210/1783
f 1066/1/1784 995/1/1784 997/1/1784
f 1066/198/1785 997/211/1785 993/199/1785
f 993/199/1786 983/212/1786 1065/197/1786
f 1065/197/1787 983/212/1787 1016/213/1787
f 1065/197/1788 1016/213/1788 1072/214/1788
f 1072/214/1789 1016/213/1789 1018/215/1789
f 1072/214/1790 1018/215/1790 1073/216/1790
f 1073/216/1791 1018/215/1791 1023/217/1791
f 1073/216/1792 1023/217/1792 1074/218/1792
f 1074/1/1793 1023/1/1793 1025/1/1793
f 1074/219/1794 1025/220/1794 1075/221/1794
f 1075/1/1795 1025/1/1795 979/1/1795
f 1075/222/1796 979/223/1796 1053/224/1796
f 1076/1/1797 961/1/1797 1069/1/1797
f 1069/1/1798 961/1/1798 959/1/1798
f 1069/1/1799 959/1/1799 1070/1/1799
f 1070/1/1800 959/1/1800 957/1/1800
f 1070/1/1801 957/1/1801 1000/1/1801
f 1076/1/1802 1077/1/1802 961/1/1802
f 961/1/1803 1077/1/1803 1078/1/1803
f 961/1/1804 1078/1/1804 962/1/1804
f 962/1/1805 1078/1/1805 1079/1/1805
f 1080/1/1806 964/1/1806 1079/1/1806
f 1079/1/1807 964/1/1807 963/1/1807
f 1079/1/1808 963/1/1808 962/1/1808
f 1080/1/1809 1081/1/1809 964/1/1809
f 964/1/1810 1081/1/1810 1082/1/1810
f 964/1/1811 1082/1/1811 965/1/1811
f 965/1/1812 1082/1/1812 966/1/1812
f 966/1/1813 1082/1/1813 1083/1/1813
f 966/1/1814 1083/1/1814 967/1/1814
f 967/1/1815 1083/1/1815 1084/1/1815
f 967/1/1816 1084/1/1816 1085/1/1816
f 1085/1/1817 1086/1/1817 967/1/1817
f 967/1/1818 1086/1/1818 1087/1/1818
f 967/1/1819 1087/1/1819 1088/1/1819
f 1089/1/1820 1090/1/1820 955/1/1820
f 955/1/1821 1090/1/1821 1091/1/1821
f 955/1/1822 1091/1/1822 1092/1/1822
f 978/1/1823 977/1/1823 1088/1/1823
f 978/1/1824 1088/1/1824 971/1/1824
f 1089/1/1825 955/1/1825 1088/1/1825
f 1088/1/1826 955/1/1826 954/1/1826
f 1088/1/1827 954/1/1827 971/1/1827
f 977/1/1828 976/1/1828 1088/1/1828
f 1088/1/1829 976/1/1829 975/1/1829
f 1088/1/1830 975/1/1830 974/1/1830
f 974/1/1831 973/1/1831 1088/1/1831
f 1088/1/1832 973/1/1832 972/1/1832
f 1088/1/1833 972/1/1833 970/1/1833
f 970/1/1834 969/1/1834 1088/1/1834
f 1088/1/1835 969/1/1835 968/1/1835
f 1088/1/1836 968/1/1836 967/1/1836
f 1092/1/1837 1093/1/1837 955/1/1837
f 955/1/1682 1093/1/1682 1094/1/1682
f 955/1/1682 1094/1/1682 1095/1/1682
f 869/1/504 897/1/504 867/1/504
f 867/1/504 897/1/504 895/1/504
f 867/1/504 895/1/504 865/1/504
f 876/1/504 877/1/504 909/1/504
f 887/1/504 885/1/504 1096/1/504
f 1096/1/504 885/1/504 1097/1/504
f 1097/1/504 885/1/504 883/1/504
f 1097/1/504 883/1/504 881/1/504
f 909/1/504 907/1/504 876/1/504
f 876/1/504 907/1/504 905/1/504
f 876/1/504 905/1/504 873/1/504
f 873/1/504 905/1/504 903/1/504
f 873/1/504 903/1/504 871/1/504
f 871/1/504 903/1/504 901/1/504
f 871/1/504 901/1/504 869/1/504
f 869/1/504 901/1/504 899/1/504
f 869/1/504 899/1/504 897/1/504
f 895/1/504 893/1/504 865/1/504
f 865/1/504 893/1/504 891/1/504
f 865/1/504 891/1/504 1096/1/504
f 1096/1/504 891/1/504 889/1/504
f 1096/1/504 889/1/504 887/1/504
f 881/1/504 880/1/504 1097/1/504
f 1097/1/504 880/1/504 912/1/504
f 1097/1/504 912/1/504 1095/1/504
f 1095/1/504 912/1/504 924/1/504
f 1095/1/504 924/1/504 922/1/504
f 922/1/504 920/1/504 1095/1/504
f 1095/1/504 920/1/504 918/1/504
f 1095/1/504 918/1/504 955/1/504
f 955/1/504 918/1/504 916/1/504
f 955/1/504 916/1/504 915/1/504
f 1098/1/1580 1099/1/1580 1100/1/1580
f 866/1/1580 865/1/1580 1100/1/1580
f 1100/1/1580 865/1/1580 1096/1/1580
f 1100/1/1580 1096/1/1580 1098/1/1580
f 1101/1/627 1102/1/627 1103/1/627
f 1103/1/627 1102/1/627 1104/1/627
f 1102/1/1838 1101/1/1838 1105/1/1838
f 1102/1/1839 1105/1/1839 1106/1/1839
f 1106/1/1840 1105/1/1840 1107/1/1840
f 1106/1/1841 1107/1/1841 1108/1/1841
f 1108/1/1842 1107/1/1842 1109/1/1842
f 1108/1/1843 1109/1/1843 1110/1/1843
f 1110/1/1844 1109/1/1844 1111/1/1844
f 1110/1/1845 1111/1/1845 1112/1/1845
f 1111/1/1846 1113/1/1846 1112/1/1846
f 1112/1/1847 1113/1/1847 1114/1/1847
f 1112/1/1848 1114/1/1848 1115/1/1848
f 1115/1/1849 1114/1/1849 1116/1/1849
f 1115/1/1850 1116/1/1850 1117/1/1850
f 1117/1/1851 1116/1/1851 1118/1/1851
f 1117/1/1852 1118/1/1852 1119/1/1852
f 1119/1/1853 1118/1/1853 1120/1/1853
f 1120/1/1854 1118/1/1854 1121/1/1854
f 1120/1/1855 1121/1/1855 1122/1/1855
f 1122/1/1856 1121/1/1856 1123/1/1856
f 1122/1/1857 1123/1/1857 1124/1/1857
f 1124/1/1858 1123/1/1858 1125/1/1858
f 1124/1/1859 1125/1/1859 1126/1/1859
f 1126/1/1860 1125/1/1860 1127/1/1860
f 1126/1/1861 1127/1/1861 1128/1/1861
f 1128/1/1862 1127/1/1862 1129/1/1862
f 1128/1/1863 1129/1/1863 1130/1/1863
f 1129/1/1864 1131/1/1864 1130/1/1864
f 1130/1/1865 1131/1/1865 1132/1/1865
f 1130/1/1866 1132/1/1866 1133/1/1866
f 1099/1/588 1098/1/588 1134/1/588
f 1135/1/588 1133/1/588 1132/1/588
f 1136/1/588 1099/1/588 1137/1/588
f 1137/1/588 1099/1/588 1134/1/588
f 1137/1/588 1134/1/588 1138/1/588
f 1138/1/588 1134/1/588 1135/1/588
f 1138/1/588 1135/1/588 1139/1/588
f 1139/1/588 1135/1/588 1132/1/588
f 1140/1/1867 1141/1/1867 1142/1/1867
f 1142/1/588 1141/1/588 1136/1/588
f 1142/1/588 1136/1/588 1143/1/588
f 1143/1/588 1136/1/588 1137/1/588
f 1143/1/1868 1137/1/1868 1144/1/1868
f 1144/1/1869 1145/1/1869 1143/1/1869
f 1143/1/1870 1145/1/1870 1146/1/1870
f 1143/1/1870 1146/1/1870 1142/1/1870
f 1142/1/1871 1146/1/1871 1147/1/1871
f 1142/1/1871 1147/1/1871 1140/1/1871
f 1140/1/1872 1147/1/1872 1148/1/1872
f 1140/1/1872 1148/1/1872 1141/1/1872
f 1141/1/1873 1148/1/1873 1149/1/1873
f 1141/1/1873 1149/1/1873 1136/1/1873
f 1136/1/1874 1149/1/1874 1100/1/1874
f 1136/1/1874 1100/1/1874 1099/1/1874
f 1148/1/588 866/1/588 1149/1/588
f 1149/1/588 866/1/588 1100/1/588
f 1146/1/588 890/1/588 892/1/588
f 890/1/588 1146/1/588 888/1/588
f 888/1/588 1146/1/588 1145/1/588
f 888/1/588 1145/1/588 886/1/588
f 886/1/588 1145/1/588 1144/1/588
f 886/1/588 1144/1/588 884/1/588
f 892/1/588 894/1/588 1146/1/588
f 1146/1/588 894/1/588 896/1/588
f 1146/1/588 896/1/588 1147/1/588
f 884/1/588 1144/1/588 882/1/588
f 882/1/588 1144/1/588 1150/1/588
f 882/1/588 1150/1/588 879/1/588
f 879/1/588 1150/1/588 913/1/588
f 913/1/588 1150/1/588 1151/1/588
f 913/1/588 1151/1/588 911/1/588
f 921/1/588 923/1/588 1152/1/588
f 910/1/588 878/1/588 875/1/588
f 910/1/588 875/1/588 908/1/588
f 1152/1/588 923/1/588 1151/1/588
f 1151/1/588 923/1/588 925/1/588
f 1151/1/588 925/1/588 911/1/588
f 914/1/588 917/1/588 1152/1/588
f 1152/1/588 917/1/588 919/1/588
f 1152/1/588 919/1/588 921/1/588
f 1148/1/588 1147/1/588 866/1/588
f 866/1/588 1147/1/588 896/1/588
f 866/1/588 896/1/588 868/1/588
f 868/1/588 896/1/588 898/1/588
f 868/1/588 898/1/588 870/1/588
f 870/1/588 898/1/588 900/1/588
f 870/1/588 900/1/588 872/1/588
f 872/1/588 900/1/588 902/1/588
f 872/1/588 902/1/588 874/1/588
f 874/1/588 902/1/588 904/1/588
f 874/1/588 904/1/588 875/1/588
f 875/1/588 904/1/588 906/1/588
f 875/1/588 906/1/588 908/1/588
f 1153/1/1875 1154/1/1875 1155/1/1875
f 1156/1/1876 1157/1/1876 951/1/1876
f 951/1/1877 1157/1/1877 1158/1/1877
f 951/1/1878 1158/1/1878 949/1/1878
f 949/1/1879 1158/1/1879 1159/1/1879
f 949/1/1880 1159/1/1880 1160/1/1880
f 1160/1/1881 1159/1/1881 1161/1/1881
f 1160/1/1882 1161/1/1882 1162/1/1882
f 1162/1/1883 1161/1/1883 1163/1/1883
f 1162/1/1884 1163/1/1884 1164/1/1884
f 1164/1/1885 1163/1/1885 1153/1/1885
f 1164/1/1886 1153/1/1886 1165/1/1886
f 1165/1/1887 1153/1/1887 1155/1/1887
f 1166/1/1888 1167/1/1888 944/1/1888
f 1167/1/1889 1168/1/1889 944/1/1889
f 944/1/1890 1168/1/1890 1169/1/1890
f 944/1/1891 1169/1/1891 1170/1/1891
f 1156/1/1892 951/1/1892 1171/1/1892
f 1171/1/1893 951/1/1893 943/1/1893
f 1171/1/1894 943/1/1894 1170/1/1894
f 1170/1/1895 943/1/1895 942/1/1895
f 1170/1/1896 942/1/1896 944/1/1896
f 1152/1/1897 1172/1/1897 914/1/1897
f 914/1/1898 1172/1/1898 1173/1/1898
f 1166/1/1899 944/1/1899 1174/1/1899
f 1174/1/1900 944/1/1900 946/1/1900
f 1174/1/1901 946/1/1901 940/1/1901
f 940/1/1902 936/1/1902 1174/1/1902
f 1174/1/1903 936/1/1903 938/1/1903
f 1174/1/1904 938/1/1904 933/1/1904
f 933/1/1905 935/1/1905 1174/1/1905
f 1174/1/1906 935/1/1906 930/1/1906
f 1174/1/1907 930/1/1907 932/1/1907
f 1173/1/1908 1175/1/1908 914/1/1908
f 914/1/1909 1175/1/1909 1176/1/1909
f 914/1/1910 1176/1/1910 926/1/1910
f 926/1/1911 1176/1/1911 1174/1/1911
f 926/1/1912 1174/1/1912 928/1/1912
f 928/1/1913 1174/1/1913 932/1/1913
f 1177/1/1914 1178/1/1914 1179/1/1914
f 1179/1/1915 1178/1/1915 1180/1/1915
f 1179/1/1916 1180/1/1916 1181/1/1916
f 1181/1/1917 1180/1/1917 1182/1/1917
f 1182/1/1918 1180/1/1918 1155/1/1918
f 1182/1/1919 1155/1/1919 1154/1/1919
f 1183/1/1920 1184/1/1920 1185/1/1920
f 1183/1/1921 1185/1/1921 1186/1/1921
f 1186/1/1922 1185/1/1922 1187/1/1922
f 1186/1/1923 1187/1/1923 1188/1/1923
f 1189/1/1924 1190/1/1924 1191/1/1924
f 1192/1/1925 1193/1/1925 1187/1/1925
f 1187/1/1925 1193/1/1925 1194/1/1925
f 1187/1/1925 1194/1/1925 1188/1/1925
f 1195/1/1925 1192/1/1925 1196/1/1925
f 1196/225/1925 1192/226/1925 1187/227/1925
f 1196/1/1925 1187/1/1925 1197/1/1925
f 1197/1/1926 1187/1/1926 1198/1/1926
f 1197/1/1927 1198/1/1927 1199/1/1927
f 1199/228/1925 1198/229/1925 1200/230/1925
f 1199/1/1925 1200/1/1925 1191/1/1925
f 1191/1/1925 1200/1/1925 1201/1/1925
f 1191/1/1925 1201/1/1925 1189/1/1925
f 1199/1/1928 1191/1/1928 1202/1/1928
f 1203/1/1929 1204/1/1929 1205/1/1929
f 1206/1/1930 1207/1/1930 1208/1/1930
f 1209/1/1931 1210/1/1931 1208/1/1931
f 1208/1/1932 1210/1/1932 1211/1/1932
f 1208/1/1933 1211/1/1933 1206/1/1933
f 1212/1/1934 1213/1/1934 1214/1/1934
f 1214/1/1935 1215/1/1935 1212/1/1935
f 1212/1/1936 1215/1/1936 1216/1/1936
f 1212/1/1937 1216/1/1937 1209/1/1937
f 1209/1/1938 1216/1/1938 1217/1/1938
f 1209/1/1939 1217/1/1939 1210/1/1939
f 1191/231/1940 1190/232/1940 1202/233/1940
f 1202/1/1941 1190/1/1941 1218/1/1941
f 1202/1/1942 1218/1/1942 1219/1/1942
f 1220/1/1943 1064/1/1943 1221/1/1943
f 1222/1/1944 1223/1/1944 1224/1/1944
f 1224/234/1945 1223/235/1945 1060/236/1945
f 1224/1/1946 1060/1/1946 1062/1/1946
f 1225/1/1947 1226/1/1947 1203/1/1947
f 1203/1/1948 1226/1/1948 1227/1/1948
f 1203/1/1949 1227/1/1949 1204/1/1949
f 1228/1/1950 1213/1/1950 1225/1/1950
f 1225/1/1951 1213/1/1951 1212/1/1951
f 1225/1/1952 1212/1/1952 1229/1/1952
f 1229/1/1953 1212/1/1953 1209/1/1953
f 1228/1/1954 1225/1/1954 1222/1/1954
f 1222/1/1955 1225/1/1955 1203/1/1955
f 1222/1/1956 1203/1/1956 1223/1/1956
f 1223/1/1957 1203/1/1957 1205/1/1957
f 1223/1/1958 1205/1/1958 1060/1/1958
f 1060/1/1959 1205/1/1959 1230/1/1959
f 1060/1/1960 1230/1/1960 1057/1/1960
f 1231/1/1961 1232/1/1961 1233/1/1961
f 1199/1/1962 1202/1/1962 1197/1/1962
f 1197/1/1963 1202/1/1963 1220/1/1963
f 1197/1/1964 1220/1/1964 1196/1/1964
f 1196/1/1965 1220/1/1965 1221/1/1965
f 1196/1/1966 1221/1/1966 1195/1/1966
f 1062/1/1967 1064/1/1967 1224/1/1967
f 1224/1/1968 1064/1/1968 1220/1/1968
f 1224/1/1969 1220/1/1969 1222/1/1969
f 1222/1/1970 1220/1/1970 1202/1/1970
f 1222/1/1971 1202/1/1971 1228/1/1971
f 1228/1/1972 1202/1/1972 1219/1/1972
f 1228/1/1973 1219/1/1973 1213/1/1973
f 1213/1/1974 1219/1/1974 1234/1/1974
f 1213/1/1975 1234/1/1975 1214/1/1975
f 1232/1/1976 1235/1/1976 1233/1/1976
f 1233/1/1977 1235/1/1977 1236/1/1977
f 1233/1/1978 1236/1/1978 1237/1/1978
f 1237/1/1979 1236/1/1979 1238/1/1979
f 1239/1/1980 1240/1/1980 1241/1/1980
f 1241/1/1981 1240/1/1981 1242/1/1981
f 1241/1/1982 1242/1/1982 1207/1/1982
f 1207/1/1983 1242/1/1983 1231/1/1983
f 1207/1/1984 1231/1/1984 1208/1/1984
f 1208/1/1985 1231/1/1985 1233/1/1985
f 1208/1/1986 1233/1/1986 1209/1/1986
f 1209/1/1987 1233/1/1987 1237/1/1987
f 1209/1/1988 1237/1/1988 1229/1/1988
f 1229/1/1989 1237/1/1989 1238/1/1989
f 1229/1/1990 1238/1/1990 1225/1/1990
f 1225/1/1991 1238/1/1991 1243/1/1991
f 1225/1/1992 1243/1/1992 1226/1/1992
f 1239/1/1993 1244/1/1993 1240/1/1993
f 1240/1/1994 1244/1/1994 1245/1/1994
f 1240/1/1995 1245/1/1995 1242/1/1995
f 1242/1/1996 1245/1/1996 1231/1/1996
f 1231/1/1997 1245/1/1997 1246/1/1997
f 1231/1/1998 1246/1/1998 1232/1/1998
f 1236/1/1999 1235/1/1999 1247/1/1999
f 1232/1/2000 1246/1/2000 1235/1/2000
f 1235/1/2001 1246/1/2001 1248/1/2001
f 1235/1/2002 1248/1/2002 1247/1/2002
f 1236/1/2003 1247/1/2003 1238/1/2003
f 1238/1/2004 1247/1/2004 1249/1/2004
f 1238/237/2005 1249/238/2005 1243/239/2005
f 1243/239/2006 1249/238/2006 1250/240/2006
f 1243/1/2007 1250/1/2007 1226/1/2007
f 1226/1/2008 1250/1/2008 1227/1/2008
f 1227/241/2009 1250/242/2009 1251/243/2009
f 1227/1/2010 1251/1/2010 1204/1/2010
f 1204/244/2011 1251/245/2011 1252/246/2011
f 1204/244/2012 1252/246/2012 1205/247/2012
f 1205/1/2013 1252/1/2013 1253/1/2013
f 1205/248/2014 1253/249/2014 1230/250/2014
f 1230/250/2015 1253/249/2015 1055/251/2015
f 1230/1/2016 1055/1/2016 1057/1/2016
f 1254/1/2017 1255/1/2017 1256/1/2017
f 1257/1/2018 1056/1/2018 1055/1/2018
f 1247/1/2019 1248/1/2019 1258/1/2019
f 1248/1/2020 1246/1/2020 1258/1/2020
f 1258/1/2021 1246/1/2021 1245/1/2021
f 1258/1/2022 1245/1/2022 1257/1/2022
f 1257/1/2023 1245/1/2023 1244/1/2023
f 1257/1/2024 1244/1/2024 1256/1/2024
f 1256/1/2025 1244/1/2025 1259/1/2025
f 1256/1/2026 1259/1/2026 1254/1/2026
f 1252/1/2027 1251/1/2027 1258/1/2027
f 1257/1/2018 1055/1/2018 1258/1/2018
f 1258/1/2028 1055/1/2028 1253/1/2028
f 1258/1/2029 1253/1/2029 1252/1/2029
f 1251/1/2030 1250/1/2030 1258/1/2030
f 1258/1/2031 1250/1/2031 1249/1/2031
f 1258/1/2032 1249/1/2032 1247/1/2032
f 1260/1/2033 1256/1/2033 1255/1/2033
f 1261/252/2034 1262/253/2034 1263/254/2034
f 1263/1/2035 1262/1/2035 1264/1/2035
f 1263/1/2036 1264/1/2036 1265/1/2036
f 1265/1/2037 1264/1/2037 1266/1/2037
f 1266/1/2038 1264/1/2038 1267/1/2038
f 1266/1/2039 1267/1/2039 1268/1/2039
f 1268/1/2040 1267/1/2040 1269/1/2040
f 1268/1/2041 1269/1/2041 1270/1/2041
f 1270/1/2042 1269/1/2042 1271/1/2042
f 1270/1/2043 1271/1/2043 1272/1/2043
f 1272/1/2044 1271/1/2044 1273/1/2044
f 1272/1/2045 1273/1/2045 1274/1/2045
f 1274/1/2046 1273/1/2046 1275/1/2046
f 1274/1/2047 1275/1/2047 1276/1/2047
f 1276/1/2048 1275/1/2048 1277/1/2048
f 1276/1/2049 1277/1/2049 1278/1/2049
f 1278/1/2050 1277/1/2050 1279/1/2050
f 1278/1/2051 1279/1/2051 1280/1/2051
f 1280/1/2052 1279/1/2052 1281/1/2052
f 1280/1/2053 1281/1/2053 1282/1/2053
f 1282/1/2054 1281/1/2054 1283/1/2054
f 1282/1/2055 1283/1/2055 1284/1/2055
f 1284/1/2056 1283/1/2056 1285/1/2056
f 1285/1/2057 1283/1/2057 1286/1/2057
f 1285/1/2058 1286/1/2058 1287/1/2058
f 1286/1/2059 1288/1/2059 1287/1/2059
f 1287/1/2060 1288/1/2060 1289/1/2060
f 1287/1/2061 1289/1/2061 1290/1/2061
f 1290/1/2062 1289/1/2062 1291/1/2062
f 1290/1/2063 1291/1/2063 1292/1/2063
f 1292/1/2064 1291/1/2064 1293/1/2064
f 1292/1/2065 1293/1/2065 1294/1/2065
f 1294/1/2066 1293/1/2066 1295/1/2066
f 1294/1/2067 1295/1/2067 1296/1/2067
f 1296/1/2068 1295/1/2068 1297/1/2068
f 1296/1/2069 1297/1/2069 1298/1/2069
f 1298/1/2070 1297/1/2070 1299/1/2070
f 1298/1/2071 1299/1/2071 1300/1/2071
f 1299/1/2072 1301/1/2072 1300/1/2072
f 1300/1/2073 1301/1/2073 1302/1/2073
f 1300/1/2074 1302/1/2074 1303/1/2074
f 1303/1/2074 1302/1/2074 1304/1/2074
f 1303/1/2075 1304/1/2075 1305/1/2075
f 1305/1/2076 1304/1/2076 1306/1/2076
f 1305/1/2077 1306/1/2077 1307/1/2077
f 1307/1/2078 1306/1/2078 1308/1/2078
f 1307/1/2079 1308/1/2079 1309/1/2079
f 1309/1/2080 1308/1/2080 1310/1/2080
f 1309/1/2081 1310/1/2081 1311/1/2081
f 1311/1/2082 1310/1/2082 1312/1/2082
f 1311/1/2083 1312/1/2083 1313/1/2083
f 1312/1/2084 1314/1/2084 1313/1/2084
f 1313/1/2085 1314/1/2085 1315/1/2085
f 1313/1/2086 1315/1/2086 1316/1/2086
f 1316/1/2087 1315/1/2087 1317/1/2087
f 1316/1/2088 1317/1/2088 1318/1/2088
f 1318/1/2089 1317/1/2089 1319/1/2089
f 1318/1/2090 1319/1/2090 1320/1/2090
f 1320/1/2091 1319/1/2091 1321/1/2091
f 1320/1/2092 1321/1/2092 1322/1/2092
f 1322/1/2093 1321/1/2093 1323/1/2093
f 1322/1/2094 1323/1/2094 1324/1/2094
f 1324/1/2095 1323/1/2095 1325/1/2095
f 1324/1/2096 1325/1/2096 1255/1/2096
f 1255/1/2097 1325/1/2097 1326/1/2097
f 1255/1/2098 1326/1/2098 1260/1/2098
f 1103/1/2099 1104/1/2099 1327/1/2099
f 1327/1/2100 1104/1/2100 1328/1/2100
f 1327/1/2101 1328/1/2101 1329/1/2101
f 1329/1/2102 1328/1/2102 1330/1/2102
f 1329/1/2103 1330/1/2103 1331/1/2103
f 1262/1/2104 1261/1/2104 1332/1/2104
f 1332/1/2105 1261/1/2105 1331/1/2105
f 1332/1/2106 1331/1/2106 1333/1/2106
f 1333/1/2107 1331/1/2107 1330/1/2107
f 1334/1/2108 1335/1/2108 981/1/2108
f 956/1/2109 1011/1/2109 1010/1/2109
f 1010/1/2110 1009/1/2110 956/1/2110
f 956/1/2111 1009/1/2111 1008/1/2111
f 956/1/2112 1008/1/2112 1007/1/2112
f 1007/1/2113 1006/1/2113 956/1/2113
f 956/1/2114 1006/1/2114 1001/1/2114
f 956/1/2115 1001/1/2115 957/1/2115
f 1040/1/2116 1038/1/2116 1003/1/2116
f 1003/1/2117 1038/1/2117 1004/1/2117
f 1034/1/2118 1036/1/2118 1003/1/2118
f 1003/1/2119 1036/1/2119 1042/1/2119
f 1003/1/2120 1042/1/2120 1040/1/2120
f 956/1/2121 1029/1/2121 1011/1/2121
f 1011/1/2122 1029/1/2122 1032/1/2122
f 1011/1/2123 1032/1/2123 1012/1/2123
f 1012/1/2124 1032/1/2124 1034/1/2124
f 1012/1/2125 1034/1/2125 1013/1/2125
f 1013/1/2118 1034/1/2118 1003/1/2118
f 1336/255/2126 1337/256/2126 994/257/2126
f 1038/1/2127 1047/1/2127 1004/1/2127
f 1004/1/2128 1047/1/2128 1046/1/2128
f 1004/1/2129 1046/1/2129 996/1/2129
f 996/1/2130 1046/1/2130 1045/1/2130
f 996/1/2131 1045/1/2131 998/1/2131
f 998/1/2132 1045/1/2132 1336/1/2132
f 998/1/2133 1336/1/2133 999/1/2133
f 999/1/2134 1336/1/2134 994/1/2134
f 988/1/2135 987/1/2135 1338/1/2135
f 1338/1/2136 987/1/2136 986/1/2136
f 986/1/2137 985/1/2137 1338/1/2137
f 1338/1/2138 985/1/2138 984/1/2138
f 1338/258/2139 984/259/2139 1337/260/2139
f 1337/1/2140 984/1/2140 992/1/2140
f 1337/1/2141 992/1/2141 994/1/2141
f 991/1/2142 990/1/2142 1338/1/2142
f 1338/1/2143 990/1/2143 989/1/2143
f 1338/1/2144 989/1/2144 988/1/2144
f 1339/1/2145 1017/1/2145 1015/1/2145
f 1339/261/2146 1015/262/2146 1338/263/2146
f 1338/1/2147 1015/1/2147 1014/1/2147
f 1338/1/2148 1014/1/2148 991/1/2148
f 1017/264/2149 1339/265/2149 1019/266/2149
f 1019/1/2150 1339/1/2150 1340/1/2150
f 1019/1/2151 1340/1/2151 1020/1/2151
f 1341/267/2152 1024/268/2152 1342/269/2152
f 1342/269/2153 1024/268/2153 1022/270/2153
f 1342/1/2154 1022/1/2154 1340/1/2154
f 1340/1/2155 1022/1/2155 1021/1/2155
f 1340/271/2156 1021/272/2156 1020/273/2156
f 982/1/2157 1028/1/2157 1343/1/2157
f 1343/274/2158 1028/275/2158 1027/276/2158
f 1343/277/2159 1027/278/2159 1341/279/2159
f 1341/1/2160 1027/1/2160 1026/1/2160
f 1341/267/2161 1026/280/2161 1024/268/2161
f 982/281/2162 1343/282/2162 980/283/2162
f 980/1/2163 1343/1/2163 981/1/2163
f 981/1/2164 1343/1/2164 1344/1/2164
f 981/1/2165 1344/1/2165 1334/1/2165
f 1345/1/2166 1346/1/2166 1347/1/2166
f 1051/1/2167 1050/1/2167 1162/1/2167
f 1162/1/2168 1050/1/2168 1049/1/2168
f 1162/1/2169 1049/1/2169 1160/1/2169
f 1160/1/2170 1049/1/2170 1048/1/2170
f 1160/1/2171 1048/1/2171 949/1/2171
f 1180/1/2172 1348/1/2172 1349/1/2172
f 1349/1/2173 1350/1/2173 1180/1/2173
f 1180/1/2174 1350/1/2174 1351/1/2174
f 1180/1/2175 1351/1/2175 1155/1/2175
f 1155/1/2176 1351/1/2176 1052/1/2176
f 1155/1/2177 1052/1/2177 1165/1/2177
f 1165/1/2178 1052/1/2178 1051/1/2178
f 1165/1/2179 1051/1/2179 1164/1/2179
f 1164/1/2180 1051/1/2180 1162/1/2180
f 1352/1/2181 1347/1/2181 1353/1/2181
f 1353/1/2182 1347/1/2182 1354/1/2182
f 1353/1/2183 1354/1/2183 1355/1/2183
f 1355/1/2184 1354/1/2184 1356/1/2184
f 1355/1/2185 1356/1/2185 1177/1/2185
f 1177/1/2186 1356/1/2186 1357/1/2186
f 1177/1/2187 1357/1/2187 1178/1/2187
f 1178/1/2188 1357/1/2188 1358/1/2188
f 1178/1/2189 1358/1/2189 1180/1/2189
f 1180/1/2190 1358/1/2190 1359/1/2190
f 1180/1/2191 1359/1/2191 1348/1/2191
f 1360/1/2192 1345/1/2192 1361/1/2192
f 1361/1/2193 1345/1/2193 1347/1/2193
f 1361/1/2194 1347/1/2194 1362/1/2194
f 1362/1/2195 1347/1/2195 1352/1/2195
f 1033/1/2196 1031/1/2196 1363/1/2196
f 1363/1/2197 1031/1/2197 1030/1/2197
f 1041/1/2198 1043/1/2198 1363/1/2198
f 1041/1/2199 1363/1/2199 1039/1/2199
f 1039/1/2200 1363/1/2200 1364/1/2200
f 1039/1/2201 1364/1/2201 1037/1/2201
f 1043/1/2202 1044/1/2202 1363/1/2202
f 1363/1/2203 1044/1/2203 1035/1/2203
f 1363/1/2204 1035/1/2204 1033/1/2204
f 1337/1/2205 1336/1/2205 1364/1/2205
f 1364/1/2206 1336/1/2206 1045/1/2206
f 1364/1/2207 1045/1/2207 1037/1/2207
f 1364/1/2208 1365/1/2208 1337/1/2208
f 1337/1/2209 1365/1/2209 1366/1/2209
f 1337/1/2210 1366/1/2210 1338/1/2210
f 1029/1/2211 956/1/2211 1030/1/2211
f 1030/1/2212 956/1/2212 1052/1/2212
f 1030/1/2213 1052/1/2213 1363/1/2213
f 1363/1/2214 1052/1/2214 1351/1/2214
f 1363/1/2215 1351/1/2215 1364/1/2215
f 1364/1/2216 1351/1/2216 1350/1/2216
f 1364/1/2217 1350/1/2217 1365/1/2217
f 1365/1/2218 1350/1/2218 1367/1/2218
f 1365/1/2219 1367/1/2219 1366/1/2219
f 1366/1/2220 1367/1/2220 1368/1/2220
f 1366/1/2221 1368/1/2221 1338/1/2221
f 1369/1/2222 1370/1/2222 1371/1/2222
f 1372/1/2223 1369/1/2223 1373/1/2223
f 1373/1/2224 1369/1/2224 1371/1/2224
f 1373/1/2225 1371/1/2225 1374/1/2225
f 1374/1/2226 1371/1/2226 1375/1/2226
f 1374/1/2227 1375/1/2227 1376/1/2227
f 1375/1/2228 1377/1/2228 1376/1/2228
f 1376/1/2229 1377/1/2229 1360/1/2229
f 1376/1/2230 1360/1/2230 1378/1/2230
f 1378/1/2231 1360/1/2231 1361/1/2231
f 1378/1/2232 1361/1/2232 1379/1/2232
f 1379/1/2233 1361/1/2233 1362/1/2233
f 1379/1/2234 1362/1/2234 1380/1/2234
f 1380/1/2235 1362/1/2235 1352/1/2235
f 1380/1/2236 1352/1/2236 1353/1/2236
f 1381/284/2237 1054/191/2237 1382/285/2237
f 1382/285/2237 1054/191/2237 981/192/2237
f 1382/285/2165 981/192/2165 1383/286/2165
f 1383/286/2237 981/192/2237 1335/287/2237
f 1384/288/2238 1385/289/2238 1386/290/2238
f 1387/291/2239 1388/292/2239 1071/293/2239
f 1388/1/2240 1387/1/2240 1389/1/2240
f 1389/294/2241 1387/295/2241 1390/296/2241
f 1389/294/2242 1390/296/2242 1391/297/2242
f 1384/1/2243 1386/1/2243 1392/1/2243
f 1392/298/2244 1386/299/2244 1393/300/2244
f 1392/298/2245 1393/300/2245 1394/301/2245
f 1394/301/2246 1393/300/2246 1395/302/2246
f 1394/301/2247 1395/302/2247 1396/303/2247
f 1396/303/2248 1395/302/2248 1397/304/2248
f 1396/303/2249 1397/304/2249 1398/305/2249
f 1385/1/2250 1072/1/2250 1386/1/2250
f 1386/1/2251 1072/1/2251 1073/1/2251
f 1386/299/2252 1073/306/2252 1393/300/2252
f 1393/300/2253 1073/306/2253 1074/307/2253
f 1393/1/2254 1074/1/2254 1395/1/2254
f 1395/308/2255 1074/309/2255 1075/310/2255
f 1395/1/2256 1075/1/2256 1397/1/2256
f 1397/311/2257 1075/312/2257 1053/313/2257
f 1397/1/2258 1053/1/2258 1398/1/2258
f 1398/314/2259 1053/189/2259 1054/191/2259
f 1067/315/2260 1066/316/2260 1385/289/2260
f 1385/1/2261 1066/1/2261 1065/1/2261
f 1385/317/2262 1065/318/2262 1072/319/2262
f 1071/293/2263 1068/320/2263 1387/291/2263
f 1387/291/2264 1068/320/2264 1067/321/2264
f 1387/1/2265 1067/1/2265 1390/1/2265
f 1390/322/2266 1067/315/2266 1385/289/2266
f 1390/322/2267 1385/289/2267 1391/323/2267
f 1391/323/2268 1385/289/2268 1384/288/2268
f 1184/1/504 1183/1/504 1399/1/504
f 1400/1/504 1401/1/504 1402/1/504
f 1402/1/504 1401/1/504 1403/1/504
f 1402/1/504 1403/1/504 1399/1/504
f 1399/1/504 1403/1/504 1404/1/504
f 1399/1/504 1404/1/504 1184/1/504
f 1064/1/2269 1063/1/2269 1405/1/2269
f 1289/1/2270 1288/1/2270 1406/1/2270
f 1332/1/2271 1333/1/2271 1407/1/2271
f 1407/1/2272 1333/1/2272 1330/1/2272
f 1407/1/2273 1330/1/2273 1328/1/2273
f 1102/1/2274 1106/1/2274 1084/1/2274
f 1084/1/2275 1106/1/2275 1108/1/2275
f 1084/1/2276 1108/1/2276 1110/1/2276
f 1110/1/2277 1112/1/2277 1084/1/2277
f 1084/1/2278 1112/1/2278 1115/1/2278
f 1084/1/2279 1115/1/2279 1085/1/2279
f 1085/1/2280 1115/1/2280 1086/1/2280
f 1406/324/2281 1288/325/2281 1408/326/2281
f 1283/327/2282 1281/328/2282 1409/329/2282
f 1408/326/2283 1288/325/2283 1409/329/2283
f 1409/329/2284 1288/325/2284 1286/330/2284
f 1409/329/2285 1286/330/2285 1283/327/2285
f 1281/328/2286 1279/331/2286 1409/329/2286
f 1409/329/2287 1279/331/2287 1277/332/2287
f 1409/329/2288 1277/332/2288 1275/333/2288
f 1273/334/2289 1271/335/2289 1080/336/2289
f 1080/336/2290 1271/335/2290 1269/337/2290
f 1080/336/2291 1269/337/2291 1267/338/2291
f 1328/1/2292 1104/1/2292 1407/1/2292
f 1407/1/2293 1104/1/2293 1102/1/2293
f 1407/1/2294 1102/1/2294 1332/1/2294
f 1332/1/2295 1102/1/2295 1084/1/2295
f 1332/1/2296 1084/1/2296 1083/1/2296
f 1267/338/2297 1264/339/2297 1080/336/2297
f 1080/336/2298 1264/339/2298 1262/340/2298
f 1080/1/2299 1262/1/2299 1081/1/2299
f 1081/1/2300 1262/1/2300 1332/1/2300
f 1081/1/2301 1332/1/2301 1082/1/2301
f 1082/1/2302 1332/1/2302 1083/1/2302
f 1410/341/2303 1301/342/2303 1411/343/2303
f 1411/343/2304 1301/342/2304 1299/344/2304
f 1411/343/2305 1299/344/2305 1412/345/2305
f 1299/344/2306 1297/346/2306 1412/345/2306
f 1412/345/2307 1297/346/2307 1295/347/2307
f 1412/1/2308 1295/1/2308 1413/1/2308
f 1413/348/2309 1295/349/2309 1293/350/2309
f 1413/348/2310 1293/350/2310 1406/351/2310
f 1406/351/2311 1293/350/2311 1291/352/2311
f 1406/1/2312 1291/1/2312 1289/1/2312
f 1317/353/2313 1315/354/2313 1414/355/2313
f 1414/355/2314 1315/354/2314 1314/356/2314
f 1414/355/2315 1314/356/2315 1415/357/2315
f 1415/357/2316 1314/356/2316 1312/358/2316
f 1415/357/2317 1312/358/2317 1416/359/2317
f 1416/359/2318 1312/358/2318 1310/360/2318
f 1310/1/2319 1308/1/2319 1416/1/2319
f 1416/361/2320 1308/362/2320 1306/363/2320
f 1416/361/2321 1306/363/2321 1417/364/2321
f 1417/364/2322 1306/363/2322 1304/365/2322
f 1417/1/2323 1304/1/2323 1410/1/2323
f 1410/1/2324 1304/1/2324 1302/1/2324
f 1410/1/2325 1302/1/2325 1301/1/2325
f 1317/353/2326 1414/355/2326 1319/366/2326
f 1319/366/2327 1414/355/2327 1418/367/2327
f 1319/366/2328 1418/367/2328 1321/368/2328
f 1321/368/2329 1418/367/2329 1419/369/2329
f 1321/368/2330 1419/369/2330 1323/370/2330
f 1323/370/2331 1419/369/2331 1420/371/2331
f 1323/370/2332 1420/371/2332 1325/372/2332
f 1325/372/2333 1420/371/2333 1421/373/2333
f 1325/372/2334 1421/373/2334 1326/374/2334
f 1326/374/2335 1421/373/2335 1422/375/2335
f 1326/374/2336 1422/375/2336 1260/376/2336
f 1260/376/2337 1422/375/2337 1423/377/2337
f 1260/1/2338 1423/1/2338 1256/1/2338
f 1405/378/2339 1063/379/2339 1424/380/2339
f 1424/1/2340 1063/1/2340 1061/1/2340
f 1424/381/2341 1061/382/2341 1423/383/2341
f 1423/383/2342 1061/382/2342 1059/384/2342
f 1423/1/2343 1059/1/2343 1058/1/2343
f 1058/196/2344 1056/194/2344 1423/385/2344
f 1423/1/2345 1056/1/2345 1257/1/2345
f 1423/386/2346 1257/387/2346 1256/388/2346
f 1425/389/2347 1426/390/2347 1399/391/2347
f 1399/1/2348 1183/1/2348 1425/1/2348
f 1425/1/2349 1183/1/2349 1186/1/2349
f 1425/1/2350 1186/1/2350 1427/1/2350
f 1186/1/2351 1188/1/2351 1427/1/2351
f 1427/392/2352 1188/393/2352 1194/394/2352
f 1427/1/2353 1194/1/2353 1428/1/2353
f 1428/1/2354 1194/1/2354 1193/1/2354
f 1428/1/2355 1193/1/2355 1429/1/2355
f 1429/395/2356 1193/396/2356 1192/397/2356
f 1429/398/2357 1192/399/2357 1430/400/2357
f 1430/400/2358 1192/399/2358 1195/401/2358
f 1430/1/2359 1195/1/2359 1405/1/2359
f 1405/1/2360 1195/1/2360 1221/1/2360
f 1405/1/2361 1221/1/2361 1064/1/2361
f 1426/1/2362 1431/1/2362 1399/1/2362
f 1399/1/2363 1431/1/2363 1432/1/2363
f 1399/402/2364 1432/403/2364 1402/404/2364
f 1402/404/2365 1432/403/2365 1433/405/2365
f 1434/406/2366 1400/407/2366 1435/408/2366
f 1435/408/2367 1400/407/2367 1402/404/2367
f 1435/408/2368 1402/404/2368 1436/409/2368
f 1436/1/2369 1402/1/2369 1433/1/2369
f 1275/333/2370 1273/410/2370 1409/329/2370
f 1409/329/2371 1273/410/2371 1080/411/2371
f 1409/329/2372 1080/411/2372 1437/412/2372
f 1437/412/2373 1080/411/2373 1438/413/2373
f 1069/414/2374 1071/415/2374 1076/416/2374
f 1076/1/2375 1071/1/2375 1439/1/2375
f 1076/417/2376 1439/418/2376 1077/419/2376
f 1080/336/2377 1079/420/2377 1438/421/2377
f 1438/421/2378 1079/420/2378 1078/422/2378
f 1438/413/2379 1078/423/2379 1440/424/2379
f 1440/425/2380 1078/422/2380 1077/419/2380
f 1440/424/2381 1077/426/2381 1441/427/2381
f 1441/427/2382 1077/426/2382 1439/428/2382
f 1086/1/2383 1115/1/2383 1087/1/2383
f 1087/1/2383 1115/1/2383 1117/1/2383
f 1087/1/2384 1117/1/2384 1119/1/2384
f 1119/1/2385 1120/1/2385 1087/1/2385
f 1087/1/2386 1120/1/2386 1122/1/2386
f 1087/1/2387 1122/1/2387 1088/1/2387
f 1088/1/2388 1122/1/2388 1124/1/2388
f 1088/1/2389 1124/1/2389 1089/1/2389
f 1124/1/2390 1126/1/2390 1089/1/2390
f 1089/1/2391 1126/1/2391 1128/1/2391
f 1089/1/2392 1128/1/2392 1090/1/2392
f 1090/1/2393 1128/1/2393 1130/1/2393
f 1090/1/2394 1130/1/2394 1091/1/2394
f 1091/1/2395 1130/1/2395 1133/1/2395
f 1091/1/2396 1133/1/2396 1092/1/2396
f 1092/1/2397 1133/1/2397 1135/1/2397
f 1092/1/2398 1135/1/2398 1093/1/2398
f 1134/1/2399 1095/1/2399 1135/1/2399
f 1135/1/2400 1095/1/2400 1094/1/2400
f 1135/1/2401 1094/1/2401 1093/1/2401
f 1098/1/2402 1096/1/2402 1134/1/2402
f 1134/1/2402 1096/1/2402 1097/1/2402
f 1134/1/2403 1097/1/2403 1095/1/2403
f 1442/1/2404 1443/1/2404 1444/1/2404
f 1445/1/2405 1446/1/2405 1447/1/2405
f 1448/1/2406 1449/1/2406 1450/1/2406
f 1450/1/2407 1449/1/2407 1451/1/2407
f 1450/1/2408 1451/1/2408 1452/1/2408
f 1453/1/1580 1446/1/1580 1454/1/1580
f 1454/1/2409 1446/1/2409 1445/1/2409
f 1454/1/2410 1445/1/2410 1455/1/2410
f 1452/1/2411 1456/1/2411 1457/1/2411
f 1457/1/2412 1456/1/2412 1458/1/2412
f 1457/1/2413 1458/1/2413 1459/1/2413
f 1459/1/2414 1458/1/2414 1460/1/2414
f 1459/1/2415 1460/1/2415 1461/1/2415
f 1443/1/2404 1442/1/2404 1462/1/2404
f 1462/1/2416 1442/1/2416 1463/1/2416
f 1462/1/2417 1463/1/2417 1447/1/2417
f 1447/1/2418 1463/1/2418 1464/1/2418
f 1447/1/2419 1464/1/2419 1445/1/2419
f 1445/1/2420 1464/1/2420 1465/1/2420
f 1445/1/2421 1465/1/2421 1455/1/2421
f 1466/1/2422 1467/1/2422 1468/1/2422
f 1469/1/2423 1470/1/2423 1471/1/2423
f 1471/1/2424 1470/1/2424 1472/1/2424
f 1471/1/2425 1472/1/2425 1473/1/2425
f 1473/1/2426 1472/1/2426 1474/1/2426
f 1473/1/2427 1474/1/2427 1475/1/2427
f 1475/1/2428 1474/1/2428 1466/1/2428
f 1475/1/2429 1466/1/2429 1476/1/2429
f 1476/1/2430 1466/1/2430 1468/1/2430
f 1477/1/2431 1448/1/2431 1444/1/2431
f 1444/1/2432 1448/1/2432 1450/1/2432
f 1444/1/2433 1450/1/2433 1442/1/2433
f 1442/1/2434 1450/1/2434 1452/1/2434
f 1442/1/2435 1452/1/2435 1463/1/2435
f 1463/1/2436 1452/1/2436 1457/1/2436
f 1463/1/2437 1457/1/2437 1464/1/2437
f 1464/1/2438 1457/1/2438 1459/1/2438
f 1464/1/2439 1459/1/2439 1465/1/2439
f 1465/1/2440 1459/1/2440 1461/1/2440
f 1465/1/2441 1461/1/2441 1455/1/2441
f 1449/1/2442 1469/1/2442 1451/1/2442
f 1451/1/2443 1469/1/2443 1471/1/2443
f 1451/1/2444 1471/1/2444 1452/1/2444
f 1452/1/2445 1471/1/2445 1473/1/2445
f 1452/1/2446 1473/1/2446 1456/1/2446
f 1456/1/2447 1473/1/2447 1475/1/2447
f 1456/1/2448 1475/1/2448 1458/1/2448
f 1458/1/2449 1475/1/2449 1476/1/2449
f 1458/1/2450 1476/1/2450 1460/1/2450
f 1460/1/2451 1476/1/2451 1468/1/2451
f 1478/1/2452 1467/1/2452 1466/1/2452
f 1479/1/2453 1480/1/2453 1481/1/2453
f 1478/1/2454 1466/1/2454 1481/1/2454
f 1470/1/2455 1479/1/2455 1472/1/2455
f 1472/1/2456 1479/1/2456 1481/1/2456
f 1472/1/2456 1481/1/2456 1474/1/2456
f 1474/1/2456 1481/1/2456 1466/1/2456
f 1109/1/2457 1107/1/2457 1169/1/2457
f 1109/1/2458 1169/1/2458 1111/1/2458
f 1331/1/2459 1261/1/2459 1169/1/2459
f 1169/1/2460 1261/1/2460 1263/1/2460
f 1169/1/2461 1263/1/2461 1265/1/2461
f 1107/1/2462 1105/1/2462 1169/1/2462
f 1169/1/2463 1105/1/2463 1101/1/2463
f 1169/1/2464 1101/1/2464 1103/1/2464
f 1103/1/2465 1327/1/2465 1169/1/2465
f 1169/1/2466 1327/1/2466 1329/1/2466
f 1169/1/2467 1329/1/2467 1331/1/2467
f 1176/1/2468 1175/1/2468 1127/1/2468
f 1127/1/2469 1125/1/2469 1176/1/2469
f 1176/1/2470 1125/1/2470 1123/1/2470
f 1176/1/2471 1123/1/2471 1174/1/2471
f 1174/1/2472 1123/1/2472 1121/1/2472
f 1174/1/2473 1121/1/2473 1166/1/2473
f 1166/1/2474 1121/1/2474 1118/1/2474
f 1166/1/2475 1118/1/2475 1116/1/2475
f 1169/1/2476 1168/1/2476 1111/1/2476
f 1111/1/2477 1168/1/2477 1167/1/2477
f 1111/1/2478 1167/1/2478 1113/1/2478
f 1113/1/2479 1167/1/2479 1166/1/2479
f 1113/1/2480 1166/1/2480 1114/1/2480
f 1114/1/2481 1166/1/2481 1116/1/2481
f 1172/1/2482 1152/1/2482 1132/1/2482
f 1132/1/2483 1152/1/2483 1139/1/2483
f 1172/1/2484 1132/1/2484 1173/1/2484
f 1173/1/2485 1132/1/2485 1131/1/2485
f 1173/1/2486 1131/1/2486 1175/1/2486
f 1175/1/2487 1131/1/2487 1129/1/2487
f 1175/1/2488 1129/1/2488 1127/1/2488
f 1152/1/2489 1151/1/2489 1139/1/2489
f 1139/1/2490 1151/1/2490 1150/1/2490
f 1139/1/2490 1150/1/2490 1138/1/2490
f 1138/1/2491 1150/1/2491 1144/1/2491
f 1138/1/2492 1144/1/2492 1137/1/2492
f 1157/1/2493 1156/1/2493 1265/1/2493
f 1156/1/2494 1171/1/2494 1265/1/2494
f 1265/1/2495 1171/1/2495 1170/1/2495
f 1265/1/2496 1170/1/2496 1169/1/2496
f 1265/1/2497 1266/1/2497 1157/1/2497
f 1157/1/2498 1266/1/2498 1268/1/2498
f 1157/1/2499 1268/1/2499 1270/1/2499
f 1272/1/2500 1274/1/2500 1482/1/2500
f 1482/1/2501 1274/1/2501 1276/1/2501
f 1276/1/2502 1278/1/2502 1482/1/2502
f 1482/1/2503 1278/1/2503 1280/1/2503
f 1482/1/2504 1280/1/2504 1483/1/2504
f 1483/1/2505 1280/1/2505 1282/1/2505
f 1483/1/2506 1282/1/2506 1484/1/2506
f 1484/1/2507 1282/1/2507 1485/1/2507
f 1486/1/2508 1157/1/2508 1482/1/2508
f 1482/1/2509 1157/1/2509 1270/1/2509
f 1482/1/2510 1270/1/2510 1272/1/2510
f 1486/1/2511 1487/1/2511 1157/1/2511
f 1157/1/2512 1487/1/2512 1488/1/2512
f 1157/1/2513 1488/1/2513 1158/1/2513
f 1158/1/2514 1488/1/2514 1159/1/2514
f 1488/1/2515 1489/1/2515 1159/1/2515
f 1159/1/2516 1489/1/2516 1372/1/2516
f 1159/1/2517 1372/1/2517 1161/1/2517
f 1161/1/2518 1372/1/2518 1373/1/2518
f 1161/1/2519 1373/1/2519 1163/1/2519
f 1163/1/2520 1373/1/2520 1153/1/2520
f 1373/1/2521 1374/1/2521 1153/1/2521
f 1153/1/2522 1374/1/2522 1376/1/2522
f 1153/1/2523 1376/1/2523 1378/1/2523
f 1378/1/2524 1379/1/2524 1153/1/2524
f 1153/1/2524 1379/1/2524 1380/1/2524
f 1153/1/2525 1380/1/2525 1355/1/2525
f 1355/1/2526 1380/1/2526 1353/1/2526
f 1177/1/2526 1179/1/2526 1355/1/2526
f 1355/1/2526 1179/1/2526 1181/1/2526
f 1355/1/2527 1181/1/2527 1153/1/2527
f 1153/1/2528 1181/1/2528 1182/1/2528
f 1153/1/2529 1182/1/2529 1154/1/2529
f 1485/1/2530 1282/1/2530 1490/1/2530
f 1490/1/2531 1282/1/2531 1284/1/2531
f 1490/1/2532 1284/1/2532 1285/1/2532
f 1285/1/2533 1287/1/2533 1490/1/2533
f 1490/1/2534 1287/1/2534 1290/1/2534
f 1490/1/2535 1290/1/2535 1491/1/2535
f 1491/1/2536 1290/1/2536 1292/1/2536
f 1491/1/2537 1292/1/2537 1492/1/2537
f 1292/1/2538 1294/1/2538 1492/1/2538
f 1492/1/2539 1294/1/2539 1296/1/2539
f 1492/1/2540 1296/1/2540 1493/1/2540
f 1493/1/2541 1296/1/2541 1298/1/2541
f 1493/1/2542 1298/1/2542 1494/1/2542
f 1298/1/2543 1300/1/2543 1494/1/2543
f 1494/1/2544 1300/1/2544 1303/1/2544
f 1494/1/2545 1303/1/2545 1495/1/2545
f 1495/1/2546 1303/1/2546 1305/1/2546
f 1495/1/2547 1305/1/2547 1496/1/2547
f 1305/1/2548 1307/1/2548 1496/1/2548
f 1496/1/2549 1307/1/2549 1309/1/2549
f 1496/1/2550 1309/1/2550 1497/1/2550
f 1497/1/2551 1309/1/2551 1311/1/2551
f 1497/1/2552 1311/1/2552 1498/1/2552
f 1318/1/2553 1499/1/2553 1316/1/2553
f 1316/1/2554 1499/1/2554 1498/1/2554
f 1316/1/2555 1498/1/2555 1313/1/2555
f 1313/1/2556 1498/1/2556 1311/1/2556
f 1318/1/2557 1320/1/2557 1499/1/2557
f 1499/1/2558 1320/1/2558 1322/1/2558
f 1499/1/2559 1322/1/2559 1500/1/2559
f 1500/1/2560 1322/1/2560 1324/1/2560
f 1500/1/2561 1324/1/2561 1501/1/2561
f 1501/1/2562 1324/1/2562 1502/1/2562
f 1502/1/2563 1324/1/2563 1255/1/2563
f 1502/1/2564 1255/1/2564 1503/1/2564
f 1244/1/2565 1239/1/2565 1259/1/2565
f 1259/1/2566 1239/1/2566 1503/1/2566
f 1259/1/2567 1503/1/2567 1254/1/2567
f 1254/1/2568 1503/1/2568 1255/1/2568
f 1239/1/2569 1241/1/2569 1503/1/2569
f 1503/1/2570 1241/1/2570 1207/1/2570
f 1503/1/2571 1207/1/2571 1504/1/2571
f 1504/1/2572 1207/1/2572 1206/1/2572
f 1504/1/2573 1206/1/2573 1505/1/2573
f 1210/1/2574 1217/1/2574 1506/1/2574
f 1505/1/2575 1206/1/2575 1506/1/2575
f 1506/1/2576 1206/1/2576 1211/1/2576
f 1506/1/2577 1211/1/2577 1210/1/2577
f 1217/1/2578 1216/1/2578 1506/1/2578
f 1506/1/2579 1216/1/2579 1215/1/2579
f 1506/1/2580 1215/1/2580 1214/1/2580
f 1214/1/2581 1234/1/2581 1506/1/2581
f 1506/1/2582 1234/1/2582 1219/1/2582
f 1506/1/2583 1219/1/2583 1218/1/2583
f 1218/1/2584 1190/1/2584 1506/1/2584
f 1506/1/2585 1190/1/2585 1189/1/2585
f 1506/1/2586 1189/1/2586 1507/1/2586
f 1507/1/2587 1189/1/2587 1201/1/2587
f 1507/1/2588 1201/1/2588 1508/1/2588
f 1508/1/2589 1201/1/2589 1509/1/2589
f 1509/1/2590 1201/1/2590 1200/1/2590
f 1509/1/2591 1200/1/2591 1510/1/2591
f 1510/1/2592 1200/1/2592 1511/1/2592
f 1511/1/2593 1200/1/2593 1198/1/2593
f 1511/1/2594 1198/1/2594 1187/1/2594
f 1187/1/2595 1185/1/2595 1511/1/2595
f 1511/1/2596 1185/1/2596 1184/1/2596
f 1511/1/2597 1184/1/2597 1512/1/2597
f 1512/1/2598 1184/1/2598 1404/1/2598
f 1512/1/2599 1404/1/2599 1513/1/2599
f 1514/1/2600 1515/1/2600 1403/1/2600
f 1403/1/2601 1515/1/2601 1516/1/2601
f 1403/1/2602 1516/1/2602 1404/1/2602
f 1404/1/2603 1516/1/2603 1517/1/2603
f 1404/1/2604 1517/1/2604 1513/1/2604
f 1401/1/2605 1467/1/2605 1478/1/2605
f 1401/1/2606 1478/1/2606 1403/1/2606
f 1403/1/2607 1478/1/2607 1481/1/2607
f 1403/1/2608 1481/1/2608 1514/1/2608
f 1345/1/2609 1360/1/2609 1518/1/2609
f 1519/1/2610 1370/1/2610 1520/1/2610
f 1520/1/2611 1370/1/2611 1521/1/2611
f 1520/1/2612 1521/1/2612 1522/1/2612
f 1522/1/2613 1521/1/2613 1523/1/2613
f 1522/1/2614 1523/1/2614 1524/1/2614
f 1524/1/2615 1523/1/2615 1525/1/2615
f 1524/1/2616 1525/1/2616 1526/1/2616
f 1360/1/2617 1377/1/2617 1518/1/2617
f 1518/1/2618 1377/1/2618 1375/1/2618
f 1518/1/2619 1375/1/2619 1371/1/2619
f 1371/1/2620 1370/1/2620 1527/1/2620
f 1527/1/2621 1370/1/2621 1519/1/2621
f 1527/1/2622 1519/1/2622 1371/1/2622
f 1371/1/2623 1519/1/2623 1528/1/2623
f 1371/1/2624 1528/1/2624 1518/1/2624
f 1518/1/2625 1528/1/2625 1529/1/2625
f 1518/1/2626 1529/1/2626 1530/1/2626
f 1530/1/2627 1531/1/2627 1518/1/2627
f 1518/1/2628 1531/1/2628 1532/1/2628
f 1518/1/2629 1532/1/2629 1345/1/2629
f 1345/1/2630 1532/1/2630 1533/1/2630
f 1345/1/2631 1533/1/2631 1346/1/2631
f 1528/1/2632 1534/1/2632 1529/1/2632
f 1520/1/2633 1535/1/2633 1519/1/2633
f 1519/1/2634 1535/1/2634 1536/1/2634
f 1537/1/2635 1538/1/2635 1530/1/2635
f 1530/1/2636 1538/1/2636 1531/1/2636
f 1359/1/2637 1339/1/2637 1338/1/2637
f 1359/1/2638 1338/1/2638 1348/1/2638
f 1358/1/2639 1342/1/2639 1359/1/2639
f 1359/1/2640 1342/1/2640 1340/1/2640
f 1359/1/2641 1340/1/2641 1339/1/2641
f 1356/1/2642 1335/1/2642 1357/1/2642
f 1357/1/2643 1335/1/2643 1334/1/2643
f 1357/1/2644 1334/1/2644 1344/1/2644
f 1344/1/2645 1343/1/2645 1357/1/2645
f 1357/1/2646 1343/1/2646 1358/1/2646
f 1358/1/2647 1343/1/2647 1341/1/2647
f 1358/1/2648 1341/1/2648 1342/1/2648
f 1347/1/2649 1381/1/2649 1354/1/2649
f 1354/1/2650 1381/1/2650 1382/1/2650
f 1354/1/2651 1382/1/2651 1356/1/2651
f 1356/1/2652 1382/1/2652 1383/1/2652
f 1356/1/2652 1383/1/2652 1335/1/2652
f 1346/1/2653 1539/1/2653 1347/1/2653
f 1347/1/2654 1539/1/2654 1540/1/2654
f 1347/1/2655 1540/1/2655 1381/1/2655
f 1541/1/2656 1542/1/2656 1543/1/2656
f 1543/1/2657 1542/1/2657 1544/1/2657
f 1543/1/2658 1544/1/2658 1545/1/2658
f 1545/1/2659 1544/1/2659 1546/1/2659
f 1545/1/2660 1546/1/2660 1547/1/2660
f 1537/1/2661 1530/1/2661 1548/1/2661
f 1548/1/2662 1530/1/2662 1529/1/2662
f 1548/1/2663 1529/1/2663 1549/1/2663
f 1549/1/2664 1529/1/2664 1534/1/2664
f 1549/1/2665 1534/1/2665 1536/1/2665
f 1536/1/2666 1534/1/2666 1528/1/2666
f 1536/1/2667 1528/1/2667 1519/1/2667
f 1538/1/2668 1547/1/2668 1531/1/2668
f 1531/1/2669 1547/1/2669 1546/1/2669
f 1531/1/2670 1546/1/2670 1532/1/2670
f 1532/1/2671 1546/1/2671 1544/1/2671
f 1532/1/2672 1544/1/2672 1533/1/2672
f 1533/1/2673 1544/1/2673 1542/1/2673
f 1533/1/2674 1542/1/2674 1346/1/2674
f 1346/1/2675 1542/1/2675 1541/1/2675
f 1346/1/2676 1541/1/2676 1539/1/2676
f 1338/1/2677 1368/1/2677 1348/1/2677
f 1348/1/2678 1368/1/2678 1367/1/2678
f 1348/1/2679 1367/1/2679 1349/1/2679
f 1349/1/2680 1367/1/2680 1350/1/2680
f 1550/1/2681 1521/1/2681 1370/1/2681
f 1551/1/2682 1526/1/2682 1525/1/2682
f 1526/1/2683 1551/1/2683 1552/1/2683
f 1552/1/2684 1551/1/2684 1553/1/2684
f 1552/1/2685 1553/1/2685 1554/1/2685
f 1370/1/2686 1369/1/2686 1550/1/2686
f 1550/1/2686 1369/1/2686 1372/1/2686
f 1550/1/2687 1372/1/2687 1489/1/2687
f 1489/1/2688 1488/1/2688 1550/1/2688
f 1550/1/2689 1488/1/2689 1487/1/2689
f 1550/1/2690 1487/1/2690 1555/1/2690
f 1555/1/2691 1487/1/2691 1486/1/2691
f 1483/1/2692 1556/1/2692 1482/1/2692
f 1482/1/2692 1556/1/2692 1553/1/2692
f 1482/1/2693 1553/1/2693 1486/1/2693
f 1486/1/2694 1553/1/2694 1551/1/2694
f 1486/1/2695 1551/1/2695 1555/1/2695
f 1555/1/2696 1551/1/2696 1525/1/2696
f 1555/1/2697 1525/1/2697 1550/1/2697
f 1550/1/2698 1525/1/2698 1523/1/2698
f 1550/1/2699 1523/1/2699 1521/1/2699
f 1557/1/2700 1388/1/2700 1389/1/2700
f 1558/1/2701 1559/1/2701 1557/1/2701
f 1536/1/2702 1560/1/2702 1557/1/2702
f 1557/429/2703 1560/430/2703 1561/431/2703
f 1557/1/2704 1561/1/2704 1558/1/2704
f 1559/1/2705 1562/1/2705 1557/1/2705
f 1557/1/2706 1562/1/2706 1563/1/2706
f 1557/1/2707 1563/1/2707 1564/1/2707
f 1557/432/2708 1389/294/2708 1536/433/2708
f 1536/433/2709 1389/294/2709 1391/297/2709
f 1536/433/2710 1391/297/2710 1549/434/2710
f 1549/434/2711 1391/297/2711 1548/435/2711
f 1548/435/2712 1391/297/2712 1384/436/2712
f 1548/435/2713 1384/436/2713 1537/437/2713
f 1537/437/2714 1384/436/2714 1538/438/2714
f 1538/438/2715 1384/436/2715 1392/439/2715
f 1538/438/2716 1392/439/2716 1547/440/2716
f 1547/440/2717 1392/439/2717 1394/441/2717
f 1547/440/2718 1394/441/2718 1545/442/2718
f 1545/442/2719 1394/441/2719 1396/443/2719
f 1545/442/2720 1396/443/2720 1543/444/2720
f 1543/1/2721 1396/1/2721 1541/1/2721
f 1541/445/2722 1396/446/2722 1398/447/2722
f 1541/445/2723 1398/447/2723 1539/448/2723
f 1539/448/2724 1398/447/2724 1540/449/2724
f 1540/449/2725 1398/447/2725 1054/450/2725
f 1540/451/2726 1054/191/2726 1381/284/2726
f 1565/452/2727 1566/453/2727 1424/454/2727
f 1567/455/2728 1568/456/2728 1436/409/2728
f 1436/409/2729 1568/456/2729 1569/457/2729
f 1436/409/2730 1569/457/2730 1435/408/2730
f 1435/408/2731 1569/457/2731 1570/458/2731
f 1435/408/2732 1570/458/2732 1434/406/2732
f 1436/409/2733 1433/405/2733 1567/455/2733
f 1567/455/2734 1433/405/2734 1432/403/2734
f 1567/455/2735 1432/403/2735 1571/459/2735
f 1432/1/2736 1431/1/2736 1571/1/2736
f 1571/460/2737 1431/461/2737 1426/390/2737
f 1571/460/2738 1426/390/2738 1572/462/2738
f 1426/390/2739 1425/389/2739 1572/462/2739
f 1572/462/2740 1425/389/2740 1427/463/2740
f 1572/462/2741 1427/463/2741 1573/464/2741
f 1573/464/2742 1427/463/2742 1428/465/2742
f 1428/465/2743 1429/466/2743 1573/464/2743
f 1573/464/2744 1429/466/2744 1430/467/2744
f 1573/464/2745 1430/467/2745 1574/468/2745
f 1574/468/2746 1430/467/2746 1566/469/2746
f 1566/1/2747 1430/1/2747 1405/1/2747
f 1566/453/2748 1405/470/2748 1424/454/2748
f 1565/452/2749 1424/454/2749 1575/471/2749
f 1575/471/2750 1424/454/2750 1423/472/2750
f 1575/471/2751 1423/472/2751 1576/473/2751
f 1576/473/2752 1423/472/2752 1422/474/2752
f 1576/473/2753 1422/474/2753 1577/475/2753
f 1577/475/2754 1422/474/2754 1421/476/2754
f 1577/475/2755 1421/476/2755 1578/477/2755
f 1578/477/2756 1421/476/2756 1420/478/2756
f 1578/477/2757 1420/478/2757 1579/479/2757
f 1579/479/2758 1420/478/2758 1419/480/2758
f 1579/479/2759 1419/480/2759 1580/481/2759
f 1580/481/2760 1419/480/2760 1418/482/2760
f 1580/481/2761 1418/482/2761 1581/483/2761
f 1416/484/2762 1582/485/2762 1415/486/2762
f 1415/486/2763 1582/485/2763 1581/483/2763
f 1415/486/2764 1581/483/2764 1414/487/2764
f 1414/487/2765 1581/483/2765 1418/482/2765
f 1416/484/2766 1417/488/2766 1582/485/2766
f 1582/485/2767 1417/488/2767 1410/489/2767
f 1582/485/2768 1410/489/2768 1583/490/2768
f 1583/490/2769 1410/489/2769 1584/491/2769
f 1584/491/2770 1410/489/2770 1411/492/2770
f 1584/491/2771 1411/492/2771 1585/493/2771
f 1411/492/2772 1412/494/2772 1585/493/2772
f 1585/1/2773 1412/1/2773 1413/1/2773
f 1585/495/2774 1413/496/2774 1586/497/2774
f 1408/498/2775 1409/499/2775 1587/500/2775
f 1413/496/2776 1406/501/2776 1586/497/2776
f 1586/497/2777 1406/501/2777 1408/498/2777
f 1586/497/2778 1408/498/2778 1588/502/2778
f 1588/502/2779 1408/498/2779 1587/500/2779
f 1440/503/2780 1589/504/2780 1438/505/2780
f 1438/505/2781 1589/504/2781 1587/500/2781
f 1438/505/2782 1587/500/2782 1437/506/2782
f 1437/506/2783 1587/500/2783 1409/499/2783
f 1441/507/2784 1590/508/2784 1440/503/2784
f 1440/503/2785 1590/508/2785 1591/509/2785
f 1440/503/2786 1591/509/2786 1589/504/2786
f 1441/507/2787 1439/510/2787 1590/508/2787
f 1590/1/2788 1439/1/2788 1071/1/2788
f 1590/511/2789 1071/293/2789 1388/292/2789
f 1477/1/2790 1444/1/2790 1592/1/2790
f 1592/1/2791 1444/1/2791 1593/1/2791
f 1401/1/1580 1400/1/1580 1467/1/1580
f 1467/1/1580 1400/1/1580 1434/1/1580
f 1467/1/1580 1434/1/1580 1468/1/1580
f 1443/1/1580 1462/1/1580 1570/1/1580
f 1570/1/1580 1462/1/1580 1447/1/1580
f 1447/1/1580 1446/1/1580 1570/1/1580
f 1570/1/1580 1446/1/1580 1453/1/1580
f 1570/1/1580 1453/1/1580 1454/1/1580
f 1443/1/1580 1570/1/1580 1444/1/1580
f 1444/1/1580 1570/1/1580 1594/1/1580
f 1444/1/1580 1594/1/1580 1593/1/1580
f 1454/1/1580 1455/1/1580 1570/1/1580
f 1570/1/1580 1455/1/1580 1461/1/1580
f 1570/1/1580 1461/1/1580 1434/1/1580
f 1434/1/1580 1461/1/1580 1460/1/1580
f 1434/1/1580 1460/1/1580 1468/1/1580
f 1595/1/2792 1596/1/2792 1597/1/2792
f 1597/1/2793 1596/1/2793 1598/1/2793
f 1477/1/2794 1592/1/2794 1448/1/2794
f 1448/1/2795 1592/1/2795 1449/1/2795
f 1592/1/2796 1593/1/2796 1599/1/2796
f 1600/1/2797 1470/1/2797 1469/1/2797
f 1592/1/2798 1599/1/2798 1449/1/2798
f 1449/1/2799 1599/1/2799 1601/1/2799
f 1449/1/2800 1601/1/2800 1469/1/2800
f 1469/1/2801 1601/1/2801 1602/1/2801
f 1469/1/2802 1602/1/2802 1600/1/2802
f 1596/1/2803 1603/1/2803 1598/1/2803
f 1598/1/2804 1603/1/2804 1480/1/2804
f 1598/1/2805 1480/1/2805 1600/1/2805
f 1600/1/2806 1480/1/2806 1479/1/2806
f 1600/1/2807 1479/1/2807 1470/1/2807
f 1595/1/2808 1597/1/2808 1604/1/2808
f 1604/1/2809 1597/1/2809 1605/1/2809
f 1604/1/2810 1605/1/2810 1606/1/2810
f 1514/1/2811 1481/1/2811 1480/1/2811
f 1514/1/2812 1480/1/2812 1515/1/2812
f 1606/1/2813 1607/1/2813 1608/1/2813
f 1608/1/2814 1607/1/2814 1609/1/2814
f 1608/1/2815 1609/1/2815 1610/1/2815
f 1516/1/2816 1604/1/2816 1517/1/2816
f 1517/1/2817 1604/1/2817 1606/1/2817
f 1517/1/2818 1606/1/2818 1513/1/2818
f 1513/1/2819 1606/1/2819 1608/1/2819
f 1513/1/2820 1608/1/2820 1512/1/2820
f 1480/1/2821 1603/1/2821 1515/1/2821
f 1515/1/2822 1603/1/2822 1596/1/2822
f 1515/1/2823 1596/1/2823 1516/1/2823
f 1516/1/2824 1596/1/2824 1595/1/2824
f 1516/1/2825 1595/1/2825 1604/1/2825
f 1611/1/2826 1612/1/2826 1613/1/2826
f 1511/1/2827 1512/1/2827 1608/1/2827
f 1614/1/2828 1615/1/2828 1616/1/2828
f 1614/1/2829 1616/1/2829 1617/1/2829
f 1617/512/2830 1616/513/2830 1618/514/2830
f 1618/1/2831 1616/1/2831 1619/1/2831
f 1618/1/2832 1619/1/2832 1620/1/2832
f 1619/1/2833 1621/1/2833 1620/1/2833
f 1620/1/2834 1621/1/2834 1622/1/2834
f 1620/1/2835 1622/1/2835 1623/1/2835
f 1623/1/2836 1622/1/2836 1624/1/2836
f 1623/1/2837 1624/1/2837 1625/1/2837
f 1625/1/2838 1624/1/2838 1626/1/2838
f 1625/1/2839 1626/1/2839 1627/1/2839
f 1627/1/2840 1626/1/2840 1628/1/2840
f 1608/1/2841 1610/1/2841 1628/1/2841
f 1628/1/2842 1626/1/2842 1608/1/2842
f 1608/1/2843 1626/1/2843 1629/1/2843
f 1608/1/2844 1629/1/2844 1511/1/2844
f 1510/1/2845 1630/1/2845 1509/1/2845
f 1509/1/2846 1630/1/2846 1631/1/2846
f 1630/1/2847 1632/1/2847 1631/1/2847
f 1631/1/2848 1632/1/2848 1633/1/2848
f 1631/1/2849 1633/1/2849 1634/1/2849
f 1634/1/2850 1633/1/2850 1635/1/2850
f 1634/1/2851 1635/1/2851 1636/1/2851
f 1636/1/2852 1635/1/2852 1637/1/2852
f 1636/1/2853 1637/1/2853 1638/1/2853
f 1639/1/2854 1501/1/2854 1502/1/2854
f 1639/1/2854 1502/1/2854 1640/1/2854
f 1502/1/2855 1503/1/2855 1638/1/2855
f 1638/1/2856 1503/1/2856 1504/1/2856
f 1638/1/2857 1504/1/2857 1636/1/2857
f 1637/1/2858 1613/1/2858 1638/1/2858
f 1638/1/2859 1613/1/2859 1612/1/2859
f 1638/1/2860 1612/1/2860 1502/1/2860
f 1502/1/2861 1612/1/2861 1641/1/2861
f 1502/1/2854 1641/1/2854 1640/1/2854
f 1504/1/2862 1505/1/2862 1636/1/2862
f 1636/1/2863 1505/1/2863 1506/1/2863
f 1636/1/2864 1506/1/2864 1634/1/2864
f 1634/1/2865 1506/1/2865 1507/1/2865
f 1634/1/2866 1507/1/2866 1631/1/2866
f 1631/1/2867 1507/1/2867 1508/1/2867
f 1631/1/2868 1508/1/2868 1509/1/2868
f 1615/515/2869 1611/516/2869 1616/517/2869
f 1616/1/2870 1611/1/2870 1613/1/2870
f 1616/1/2871 1613/1/2871 1619/1/2871
f 1619/1/2872 1613/1/2872 1637/1/2872
f 1619/1/2873 1637/1/2873 1621/1/2873
f 1621/1/2874 1637/1/2874 1635/1/2874
f 1621/1/2875 1635/1/2875 1622/1/2875
f 1622/1/2876 1635/1/2876 1633/1/2876
f 1622/1/2877 1633/1/2877 1624/1/2877
f 1624/1/2878 1633/1/2878 1632/1/2878
f 1624/1/2879 1632/1/2879 1626/1/2879
f 1626/1/2880 1632/1/2880 1630/1/2880
f 1626/1/2881 1630/1/2881 1629/1/2881
f 1629/1/2882 1630/1/2882 1510/1/2882
f 1629/1/2883 1510/1/2883 1511/1/2883
f 1642/1/2884 1643/1/2884 1644/1/2884
f 1645/1/2885 1646/1/2885 1647/1/2885
f 1647/1/2886 1646/1/2886 1554/1/2886
f 1615/1/2887 1648/1/2887 1611/1/2887
f 1611/1/2888 1648/1/2888 1649/1/2888
f 1611/1/2889 1649/1/2889 1612/1/2889
f 1645/1/2890 1647/1/2890 1650/1/2890
f 1650/1/2891 1647/1/2891 1651/1/2891
f 1650/1/2892 1651/1/2892 1652/1/2892
f 1652/1/2893 1651/1/2893 1653/1/2893
f 1652/1/2894 1653/1/2894 1654/1/2894
f 1648/1/2895 1655/1/2895 1649/1/2895
f 1649/1/2896 1655/1/2896 1656/1/2896
f 1649/1/2897 1656/1/2897 1657/1/2897
f 1657/1/2898 1656/1/2898 1658/1/2898
f 1556/1/2899 1483/1/2899 1484/1/2899
f 1556/1/2900 1484/1/2900 1659/1/2900
f 1660/1/2901 1661/1/2901 1662/1/2901
f 1553/1/2902 1556/1/2902 1663/1/2902
f 1663/1/2903 1556/1/2903 1659/1/2903
f 1663/1/2904 1659/1/2904 1664/1/2904
f 1664/1/2905 1659/1/2905 1660/1/2905
f 1664/1/2906 1660/1/2906 1644/1/2906
f 1484/1/2907 1485/1/2907 1659/1/2907
f 1659/1/2908 1485/1/2908 1490/1/2908
f 1659/1/2909 1490/1/2909 1660/1/2909
f 1660/1/2910 1490/1/2910 1491/1/2910
f 1660/1/2911 1491/1/2911 1661/1/2911
f 1661/1/2912 1491/1/2912 1492/1/2912
f 1661/1/2913 1492/1/2913 1662/1/2913
f 1644/1/2914 1665/1/2914 1642/1/2914
f 1642/1/2915 1665/1/2915 1666/1/2915
f 1642/1/2916 1666/1/2916 1667/1/2916
f 1640/1/2917 1641/1/2917 1668/1/2917
f 1668/1/2918 1641/1/2918 1669/1/2918
f 1668/1/2919 1669/1/2919 1670/1/2919
f 1670/1/2920 1669/1/2920 1671/1/2920
f 1501/1/2921 1639/1/2921 1500/1/2921
f 1500/1/2922 1639/1/2922 1672/1/2922
f 1500/1/2923 1672/1/2923 1499/1/2923
f 1499/1/2924 1672/1/2924 1667/1/2924
f 1499/1/2925 1667/1/2925 1498/1/2925
f 1498/1/2926 1667/1/2926 1666/1/2926
f 1498/1/2927 1666/1/2927 1497/1/2927
f 1497/1/2928 1666/1/2928 1496/1/2928
f 1492/1/2929 1493/1/2929 1662/1/2929
f 1662/1/2930 1493/1/2930 1494/1/2930
f 1662/1/2931 1494/1/2931 1495/1/2931
f 1644/1/2932 1660/1/2932 1665/1/2932
f 1665/1/2933 1660/1/2933 1662/1/2933
f 1665/1/2934 1662/1/2934 1666/1/2934
f 1666/1/2935 1662/1/2935 1495/1/2935
f 1666/1/2936 1495/1/2936 1496/1/2936
f 1641/1/2937 1612/1/2937 1669/1/2937
f 1669/1/2938 1612/1/2938 1649/1/2938
f 1669/1/2939 1649/1/2939 1671/1/2939
f 1671/1/2940 1649/1/2940 1657/1/2940
f 1671/1/2941 1657/1/2941 1673/1/2941
f 1673/518/2942 1657/519/2942 1658/520/2942
f 1673/518/2943 1658/520/2943 1653/521/2943
f 1653/521/2944 1658/520/2944 1674/522/2944
f 1653/1/2945 1674/1/2945 1654/1/2945
f 1639/1/2946 1640/1/2946 1672/1/2946
f 1672/1/2947 1640/1/2947 1668/1/2947
f 1672/1/2948 1668/1/2948 1667/1/2948
f 1667/1/2949 1668/1/2949 1670/1/2949
f 1667/1/2950 1670/1/2950 1642/1/2950
f 1642/1/2951 1670/1/2951 1671/1/2951
f 1642/1/2952 1671/1/2952 1643/1/2952
f 1643/1/2953 1671/1/2953 1673/1/2953
f 1643/1/2954 1673/1/2954 1644/1/2954
f 1644/523/2955 1673/518/2955 1653/521/2955
f 1644/1/2956 1653/1/2956 1664/1/2956
f 1664/1/2957 1653/1/2957 1651/1/2957
f 1664/1/2958 1651/1/2958 1663/1/2958
f 1663/1/2959 1651/1/2959 1647/1/2959
f 1663/1/2960 1647/1/2960 1553/1/2960
f 1553/1/2961 1647/1/2961 1554/1/2961
f 1675/1/2962 1676/1/2962 1520/1/2962
f 1520/1/2963 1676/1/2963 1677/1/2963
f 1520/1/2964 1677/1/2964 1535/1/2964
f 1535/1/2965 1677/1/2965 1564/1/2965
f 1535/1/2966 1564/1/2966 1563/1/2966
f 1563/1/2967 1562/1/2967 1535/1/2967
f 1535/1/2968 1562/1/2968 1559/1/2968
f 1535/1/2969 1559/1/2969 1558/1/2969
f 1558/1/2970 1561/1/2970 1535/1/2970
f 1535/1/2971 1561/1/2971 1560/1/2971
f 1535/1/2972 1560/1/2972 1536/1/2972
f 1520/1/2973 1522/1/2973 1675/1/2973
f 1675/1/2974 1522/1/2974 1524/1/2974
f 1675/1/2975 1524/1/2975 1678/1/2975
f 1678/1/2976 1524/1/2976 1526/1/2976
f 1678/1/2977 1526/1/2977 1679/1/2977
f 1679/1/2978 1526/1/2978 1552/1/2978
f 1679/1/2979 1552/1/2979 1680/1/2979
f 1680/1/2980 1552/1/2980 1554/1/2980
f 1680/1/2981 1554/1/2981 1681/1/2981
f 1681/1/2982 1554/1/2982 1646/1/2982
f 1681/1/2983 1646/1/2983 1682/1/2983
f 1682/1/2984 1646/1/2984 1645/1/2984
f 1683/1/2985 1674/1/2985 1684/1/2985
f 1684/1/2986 1674/1/2986 1658/1/2986
f 1684/1/2987 1658/1/2987 1685/1/2987
f 1683/1/2988 1686/1/2988 1674/1/2988
f 1674/1/2989 1686/1/2989 1687/1/2989
f 1674/1/2990 1687/1/2990 1654/1/2990
f 1654/1/2991 1687/1/2991 1688/1/2991
f 1654/1/2992 1688/1/2992 1652/1/2992
f 1652/1/2993 1688/1/2993 1689/1/2993
f 1652/1/2994 1689/1/2994 1650/1/2994
f 1650/1/2995 1689/1/2995 1690/1/2995
f 1650/1/2996 1690/1/2996 1645/1/2996
f 1645/1/2997 1690/1/2997 1691/1/2997
f 1645/1/2998 1691/1/2998 1682/1/2998
f 1685/1/2999 1658/1/2999 1692/1/2999
f 1692/1/3000 1658/1/3000 1656/1/3000
f 1692/1/3001 1656/1/3001 1693/1/3001
f 1648/1/3002 1694/1/3002 1655/1/3002
f 1655/1/3003 1694/1/3003 1695/1/3003
f 1655/1/3004 1695/1/3004 1656/1/3004
f 1656/1/3005 1695/1/3005 1696/1/3005
f 1656/1/3006 1696/1/3006 1693/1/3006
f 1567/1/3007 1697/1/3007 1698/1/3007
f 1567/524/3008 1698/525/3008 1568/526/3008
f 1568/1/3009 1698/1/3009 1699/1/3009
f 1568/1/3010 1699/1/3010 1700/1/3010
f 1700/527/3011 1701/528/3011 1568/526/3011
f 1568/526/3012 1701/528/3012 1702/529/3012
f 1568/526/3013 1702/529/3013 1569/530/3013
f 1697/531/3014 1567/524/3014 1703/532/3014
f 1703/532/3015 1567/524/3015 1571/533/3015
f 1703/1/3016 1571/1/3016 1704/1/3016
f 1572/462/3017 1705/534/3017 1571/460/3017
f 1571/460/3018 1705/534/3018 1706/535/3018
f 1571/460/3019 1706/535/3019 1704/536/3019
f 1573/1/3020 1574/1/3020 1707/1/3020
f 1707/537/3021 1708/538/3021 1573/464/3021
f 1573/464/3022 1708/538/3022 1709/539/3022
f 1573/464/3023 1709/539/3023 1572/462/3023
f 1572/462/3024 1709/539/3024 1710/540/3024
f 1572/1/3025 1710/1/3025 1705/1/3025
f 1566/1/3026 1565/1/3026 1711/1/3026
f 1711/1/3027 1712/1/3027 1566/1/3027
f 1566/1/3028 1712/1/3028 1713/1/3028
f 1566/1/3029 1713/1/3029 1574/1/3029
f 1574/1/3030 1713/1/3030 1714/1/3030
f 1574/1/3031 1714/1/3031 1707/1/3031
f 1715/1/3032 1716/1/3032 1565/1/3032
f 1565/1/3033 1716/1/3033 1717/1/3033
f 1565/1/3034 1717/1/3034 1711/1/3034
f 1565/1/3035 1575/1/3035 1715/1/3035
f 1715/1/3036 1575/1/3036 1576/1/3036
f 1715/1/3037 1576/1/3037 1718/1/3037
f 1718/1/3038 1576/1/3038 1719/1/3038
f 1720/1/3039 1721/1/3039 1719/1/3039
f 1721/1/3040 1722/1/3040 1719/1/3040
f 1719/1/3041 1722/1/3041 1723/1/3041
f 1719/1/3042 1723/1/3042 1718/1/3042
f 1724/1/3043 1725/1/3043 1726/1/3043
f 1726/1/3044 1725/1/3044 1727/1/3044
f 1726/1/3045 1727/1/3045 1719/1/3045
f 1719/1/3046 1727/1/3046 1728/1/3046
f 1719/1/3047 1728/1/3047 1720/1/3047
f 1729/1/3048 1579/1/3048 1694/1/3048
f 1694/1/3049 1579/1/3049 1580/1/3049
f 1694/1/3050 1580/1/3050 1695/1/3050
f 1730/1/3051 1692/1/3051 1693/1/3051
f 1730/1/3052 1693/1/3052 1580/1/3052
f 1580/1/3053 1693/1/3053 1696/1/3053
f 1580/1/3054 1696/1/3054 1695/1/3054
f 1731/1/3055 1684/1/3055 1730/1/3055
f 1730/1/3056 1684/1/3056 1685/1/3056
f 1730/1/3057 1685/1/3057 1692/1/3057
f 1687/1/3058 1686/1/3058 1731/1/3058
f 1731/1/3059 1686/1/3059 1683/1/3059
f 1731/1/3060 1683/1/3060 1684/1/3060
f 1688/1/3061 1583/1/3061 1689/1/3061
f 1689/1/3062 1583/1/3062 1584/1/3062
f 1585/1/3063 1691/1/3063 1584/1/3063
f 1584/1/3064 1691/1/3064 1690/1/3064
f 1584/1/3065 1690/1/3065 1689/1/3065
f 1587/500/3066 1679/541/3066 1588/502/3066
f 1588/1/3067 1679/1/3067 1680/1/3067
f 1588/1/3068 1680/1/3068 1586/1/3068
f 1586/1/3069 1680/1/3069 1681/1/3069
f 1586/1/3070 1681/1/3070 1585/1/3070
f 1585/1/3071 1681/1/3071 1682/1/3071
f 1585/1/3072 1682/1/3072 1691/1/3072
f 1589/504/3073 1675/542/3073 1587/500/3073
f 1587/1/3074 1675/1/3074 1678/1/3074
f 1587/500/3075 1678/543/3075 1679/541/3075
f 1388/292/3076 1557/544/3076 1590/511/3076
f 1590/1/3077 1557/1/3077 1564/1/3077
f 1590/508/3078 1564/545/3078 1591/509/3078
f 1591/509/3079 1564/545/3079 1677/546/3079
f 1591/509/3080 1677/546/3080 1589/504/3080
f 1589/504/3081 1677/546/3081 1676/547/3081
f 1589/504/3082 1676/547/3082 1675/542/3082
f 1702/529/3083 1732/548/3083 1569/530/3083
f 1569/530/3084 1732/548/3084 1594/549/3084
f 1569/530/3085 1594/549/3085 1570/550/3085
f 1729/1/3086 1724/1/3086 1579/1/3086
f 1579/1/3087 1724/1/3087 1726/1/3087
f 1579/1/3088 1726/1/3088 1578/1/3088
f 1578/1/3089 1726/1/3089 1719/1/3089
f 1578/1/3090 1719/1/3090 1577/1/3090
f 1577/1/3091 1719/1/3091 1576/1/3091
f 1688/1/3092 1687/1/3092 1583/1/3092
f 1583/1/3093 1687/1/3093 1731/1/3093
f 1583/1/3094 1731/1/3094 1582/1/3094
f 1582/1/3095 1731/1/3095 1730/1/3095
f 1582/1/3096 1730/1/3096 1581/1/3096
f 1581/1/3097 1730/1/3097 1580/1/3097
f 1700/1/3098 1699/1/3098 1602/1/3098
f 1602/1/3099 1699/1/3099 1600/1/3099
f 1600/1/3100 1699/1/3100 1698/1/3100
f 1600/1/3101 1698/1/3101 1697/1/3101
f 1593/1/3102 1594/1/3102 1599/1/3102
f 1599/1/3103 1594/1/3103 1732/1/3103
f 1599/1/3104 1732/1/3104 1601/1/3104
f 1601/1/3105 1732/1/3105 1702/1/3105
f 1601/1/3106 1702/1/3106 1602/1/3106
f 1602/1/3107 1702/1/3107 1701/1/3107
f 1602/1/3108 1701/1/3108 1700/1/3108
f 1707/1/3109 1714/1/3109 1609/1/3109
f 1609/1/3110 1714/1/3110 1610/1/3110
f 1610/1/3111 1714/1/3111 1713/1/3111
f 1610/1/3112 1713/1/3112 1628/1/3112
f 1625/1/3113 1627/1/3113 1716/1/3113
f 1713/1/3114 1712/1/3114 1628/1/3114
f 1628/1/3115 1712/1/3115 1711/1/3115
f 1628/1/3116 1711/1/3116 1627/1/3116
f 1627/1/3117 1711/1/3117 1717/1/3117
f 1627/1/3118 1717/1/3118 1716/1/3118
f 1716/1/3119 1715/1/3119 1625/1/3119
f 1625/1/3120 1715/1/3120 1718/1/3120
f 1625/1/3121 1718/1/3121 1623/1/3121
f 1623/1/3122 1718/1/3122 1723/1/3122
f 1623/1/3123 1723/1/3123 1620/1/3123
f 1620/1/3124 1723/1/3124 1722/1/3124
f 1728/1/3125 1618/1/3125 1720/1/3125
f 1720/1/3126 1618/1/3126 1620/1/3126
f 1720/1/3127 1620/1/3127 1721/1/3127
f 1721/1/3128 1620/1/3128 1722/1/3128
f 1694/1/3129 1648/1/3129 1729/1/3129
f 1729/1/3130 1648/1/3130 1615/1/3130
f 1729/1/3131 1615/1/3131 1724/1/3131
f 1728/1/3132 1727/1/3132 1618/1/3132
f 1618/1/3133 1727/1/3133 1725/1/3133
f 1618/1/3134 1725/1/3134 1617/1/3134
f 1617/1/3135 1725/1/3135 1724/1/3135
f 1617/1/3136 1724/1/3136 1614/1/3136
f 1614/1/3131 1724/1/3131 1615/1/3131
f 1609/1/3137 1607/1/3137 1707/1/3137
f 1707/1/3138 1607/1/3138 1606/1/3138
f 1707/1/3139 1606/1/3139 1708/1/3139
f 1708/1/3140 1606/1/3140 1605/1/3140
f 1708/1/3141 1605/1/3141 1709/1/3141
f 1709/1/3142 1605/1/3142 1597/1/3142
f 1598/1/3143 1705/1/3143 1597/1/3143
f 1597/1/3144 1705/1/3144 1710/1/3144
f 1597/1/3145 1710/1/3145 1709/1/3145
f 1697/1/3146 1703/1/3146 1600/1/3146
f 1600/1/3147 1703/1/3147 1704/1/3147
f 1600/1/3148 1704/1/3148 1598/1/3148
f 1598/1/3149 1704/1/3149 1706/1/3149
f 1598/1/3150 1706/1/3150 1705/1/3150
f 1733/1/3151 1734/1/3151 1735/1/3151
f 1735/1/3152 1734/1/3152 1736/1/3152
f 1735/1/3153 1736/1/3153 1737/1/3153
f 1738/1/3154 1739/1/3154 1733/1/3154
f 1733/1/3155 1739/1/3155 1740/1/3155
f 1733/1/3156 1740/1/3156 1734/1/3156
f 1741/1/3157 1742/1/3157 1743/1/3157
f 1743/1/3158 1742/1/3158 1738/1/3158
f 1743/1/3159 1738/1/3159 1744/1/3159
f 1744/1/3160 1738/1/3160 1733/1/3160
f 1745/1/3161 1746/1/3161 1743/1/3161
f 1743/1/3162 1746/1/3162 1747/1/3162
f 1743/1/3163 1747/1/3163 1741/1/3163
f 1748/1/588 1745/1/588 1749/1/588
f 1749/1/588 1745/1/588 1750/1/588
f 1751/1/588 1752/1/588 1750/1/588
f 1750/1/588 1752/1/588 1753/1/588
f 1750/1/588 1753/1/588 1749/1/588
f 1748/1/588 1754/1/588 1745/1/588
f 1745/1/588 1754/1/588 1755/1/588
f 1745/1/588 1755/1/588 1746/1/588
f 1755/1/588 1756/1/588 1746/1/588
f 1746/1/588 1756/1/588 1757/1/588
f 1746/1/588 1757/1/588 1758/1/588
f 1758/1/588 1757/1/588 1759/1/588
f 1759/1/588 1760/1/588 1758/1/588
f 1758/1/588 1760/1/588 1761/1/588
f 1758/1/588 1761/1/588 1751/1/588
f 1751/1/3164 1750/1/3164 1762/1/3164
f 1763/1/3165 1764/1/3165 1765/1/3165
f 1765/1/3166 1764/1/3166 1766/1/3166
f 1765/1/3167 1766/1/3167 1767/1/3167
f 1767/1/3168 1766/1/3168 1768/1/3168
f 1767/1/3169 1768/1/3169 1769/1/3169
f 1758/1/3170 1751/1/3170 1763/1/3170
f 1763/1/3171 1751/1/3171 1762/1/3171
f 1763/1/3172 1762/1/3172 1764/1/3172
f 1770/1/3173 1771/1/3173 1772/1/3173
f 1773/1/3174 1774/1/3174 1775/1/3174
f 1774/1/3175 1773/1/3175 1776/1/3175
f 1776/1/3176 1773/1/3176 1777/1/3176
f 1776/1/3177 1777/1/3177 1778/1/3177
f 1778/1/3178 1777/1/3178 1779/1/3178
f 1778/1/3179 1779/1/3179 1780/1/3179
f 1781/1/3180 1770/1/3180 1775/1/3180
f 1775/1/3181 1770/1/3181 1772/1/3181
f 1775/1/3182 1772/1/3182 1773/1/3182
f 1782/1/3183 1781/1/3183 1783/1/3183
f 1783/1/3184 1781/1/3184 1784/1/3184
f 1783/1/3185 1784/1/3185 1785/1/3185
f 1785/1/3186 1784/1/3186 1786/1/3186
f 1785/1/3187 1786/1/3187 1787/1/3187
f 1787/1/3188 1786/1/3188 1788/1/3188
f 1787/1/3189 1788/1/3189 1789/1/3189
f 1789/1/3190 1788/1/3190 1790/1/3190
f 1789/1/3191 1790/1/3191 1791/1/3191
f 1792/1/3192 1793/1/3192 1794/1/3192
f 1794/1/3193 1793/1/3193 1795/1/3193
f 1794/1/3194 1795/1/3194 1796/1/3194
f 1796/1/3195 1795/1/3195 1797/1/3195
f 1798/1/3196 1799/1/3196 1800/1/3196
f 1800/1/3197 1801/1/3197 1798/1/3197
f 1798/1/3198 1801/1/3198 1802/1/3198
f 1798/1/3199 1802/1/3199 1797/1/3199
f 1797/1/3200 1802/1/3200 1803/1/3200
f 1797/1/3201 1803/1/3201 1796/1/3201
f 1804/1/3202 1805/1/3202 1799/1/3202
f 1799/1/3203 1805/1/3203 1806/1/3203
f 1799/1/3204 1806/1/3204 1800/1/3204
f 1804/1/3205 1807/1/3205 1805/1/3205
f 1805/1/3206 1807/1/3206 1808/1/3206
f 1805/1/3207 1808/1/3207 1809/1/3207
f 1808/1/3208 1810/1/3208 1809/1/3208
f 1809/1/3209 1810/1/3209 1811/1/3209
f 1809/1/3210 1811/1/3210 1812/1/3210
f 1812/1/3211 1811/1/3211 1813/1/3211
f 1812/1/3212 1813/1/3212 1814/1/3212
f 1814/1/3213 1813/1/3213 1815/1/3213
f 1814/1/3214 1815/1/3214 1816/1/3214
f 1816/1/3215 1815/1/3215 1817/1/3215
f 1816/1/3216 1817/1/3216 1818/1/3216
f 1818/1/3217 1817/1/3217 1819/1/3217
f 1818/1/3218 1819/1/3218 1820/1/3218
f 1820/1/3219 1819/1/3219 1821/1/3219
f 1820/1/3220 1821/1/3220 1822/1/3220
f 1822/1/3221 1821/1/3221 1823/1/3221
f 1822/1/3222 1823/1/3222 1824/1/3222
f 1824/1/3223 1823/1/3223 1825/1/3223
f 1826/1/3224 1827/1/3224 1828/1/3224
f 1828/1/3225 1827/1/3225 1825/1/3225
f 1828/1/3226 1825/1/3226 1829/1/3226
f 1829/1/3227 1825/1/3227 1823/1/3227
f 1830/1/3228 1831/1/3228 1832/1/3228
f 1833/1/3229 1834/1/3229 1835/1/3229
f 1836/1/3230 1837/1/3230 1838/1/3230
f 1839/1/3231 1840/1/3231 1841/1/3231
f 1841/1/3232 1840/1/3232 1842/1/3232
f 1841/1/3233 1842/1/3233 1838/1/3233
f 1838/1/3234 1842/1/3234 1843/1/3234
f 1838/1/3235 1843/1/3235 1836/1/3235
f 1839/1/3236 1841/1/3236 1844/1/3236
f 1844/1/3237 1841/1/3237 1845/1/3237
f 1844/1/3238 1845/1/3238 1846/1/3238
f 1847/1/3239 1848/1/3239 1849/1/3239
f 1849/1/3240 1848/1/3240 1850/1/3240
f 1849/1/3241 1850/1/3241 1851/1/3241
f 1851/1/3242 1850/1/3242 1852/1/3242
f 1847/1/3243 1853/1/3243 1854/1/3243
f 1854/1/3244 1853/1/3244 1855/1/3244
f 1855/1/3245 1853/1/3245 1856/1/3245
f 1856/1/3246 1853/1/3246 1857/1/3246
f 1856/1/3247 1857/1/3247 1858/1/3247
f 1859/1/3248 1860/1/3248 1861/1/3248
f 1861/1/3249 1860/1/3249 1862/1/3249
f 1861/1/3250 1862/1/3250 1863/1/3250
f 1863/1/3251 1862/1/3251 1864/1/3251
f 1865/1/3252 1866/1/3252 1867/1/3252
f 1865/1/3253 1867/1/3253 1861/1/3253
f 1861/1/3254 1867/1/3254 1868/1/3254
f 1861/1/3255 1868/1/3255 1859/1/3255
f 1869/1/3256 1870/1/3256 1871/1/3256
f 1871/1/3257 1870/1/3257 1872/1/3257
f 1871/1/3258 1872/1/3258 1873/1/3258
f 1869/1/3259 1874/1/3259 1870/1/3259
f 1870/1/3260 1874/1/3260 1875/1/3260
f 1870/1/3261 1875/1/3261 1863/1/3261
f 1863/1/3262 1875/1/3262 1876/1/3262
f 1863/1/3263 1876/1/3263 1861/1/3263
f 1861/1/3264 1876/1/3264 1877/1/3264
f 1861/1/3265 1877/1/3265 1865/1/3265
f 1878/1/3266 1834/1/3266 1879/1/3266
f 1879/1/3267 1834/1/3267 1833/1/3267
f 1879/1/3268 1833/1/3268 1880/1/3268
f 1880/1/3269 1833/1/3269 1881/1/3269
f 1882/1/3270 1883/1/3270 1884/1/3270
f 1884/1/3271 1885/1/3271 1882/1/3271
f 1882/1/3272 1885/1/3272 1886/1/3272
f 1882/1/3273 1886/1/3273 1835/1/3273
f 1835/1/3274 1886/1/3274 1887/1/3274
f 1835/1/3275 1887/1/3275 1833/1/3275
f 1888/1/3276 1889/1/3276 1890/1/3276
f 1890/1/3277 1889/1/3277 1891/1/3277
f 1890/1/3278 1891/1/3278 1892/1/3278
f 1893/1/3279 1894/1/3279 1889/1/3279
f 1889/1/3280 1894/1/3280 1895/1/3280
f 1889/1/3280 1895/1/3280 1896/1/3280
f 1896/1/3281 1897/1/3281 1889/1/3281
f 1889/1/3282 1897/1/3282 1898/1/3282
f 1889/1/3283 1898/1/3283 1891/1/3283
f 1891/1/3284 1898/1/3284 1899/1/3284
f 1891/1/3285 1899/1/3285 1900/1/3285
f 1893/1/3286 1889/1/3286 1901/1/3286
f 1901/1/3287 1889/1/3287 1902/1/3287
f 1901/1/3288 1902/1/3288 1903/1/3288
f 1904/1/3289 1905/1/3289 1906/1/3289
f 1906/1/3290 1905/1/3290 1903/1/3290
f 1906/1/3291 1903/1/3291 1907/1/3291
f 1907/1/3292 1903/1/3292 1902/1/3292
f 1908/1/3293 1909/1/3293 1904/1/3293
f 1904/1/3294 1909/1/3294 1910/1/3294
f 1904/1/3295 1910/1/3295 1905/1/3295
f 1911/1/3296 1912/1/3296 1913/1/3296
f 1913/1/3297 1912/1/3297 1914/1/3297
f 1913/1/3298 1914/1/3298 1915/1/3298
f 1914/1/3299 1916/1/3299 1915/1/3299
f 1915/1/3300 1916/1/3300 1917/1/3300
f 1915/1/3301 1917/1/3301 1918/1/3301
f 1918/1/3302 1919/1/3302 1915/1/3302
f 1915/1/3303 1919/1/3303 1908/1/3303
f 1915/1/3304 1908/1/3304 1920/1/3304
f 1921/1/3305 1922/1/3305 1915/1/3305
f 1915/1/3306 1922/1/3306 1913/1/3306
f 1913/1/3307 1922/1/3307 1923/1/3307
f 1913/1/3308 1923/1/3308 1924/1/3308
f 1925/1/3309 1926/1/3309 1927/1/3309
f 1928/1/3310 1929/1/3310 1930/1/3310
f 1930/1/3311 1929/1/3311 1931/1/3311
f 1932/1/3312 1933/1/3312 1934/1/3312
f 1822/1/3313 1824/1/3313 1935/1/3313
f 1935/1/3314 1824/1/3314 1825/1/3314
f 1936/1/3315 1937/1/3315 1816/1/3315
f 1938/1/3316 1939/1/3316 1812/1/3316
f 1812/1/3317 1939/1/3317 1940/1/3317
f 1812/1/3318 1940/1/3318 1809/1/3318
f 1941/1/3319 1942/1/3319 1937/1/3319
f 1937/1/3320 1942/1/3320 1943/1/3320
f 1937/1/3321 1943/1/3321 1944/1/3321
f 1816/1/3322 1937/1/3322 1814/1/3322
f 1814/1/3323 1937/1/3323 1944/1/3323
f 1814/1/3324 1944/1/3324 1812/1/3324
f 1812/1/3325 1944/1/3325 1945/1/3325
f 1812/1/3326 1945/1/3326 1938/1/3326
f 1940/1/3327 1946/1/3327 1809/1/3327
f 1809/1/3328 1946/1/3328 1947/1/3328
f 1809/1/3329 1947/1/3329 1805/1/3329
f 1802/1/3330 1801/1/3330 1948/1/3330
f 1947/1/3331 1949/1/3331 1805/1/3331
f 1805/1/3332 1949/1/3332 1950/1/3332
f 1805/1/3333 1950/1/3333 1806/1/3333
f 1806/1/3334 1950/1/3334 1951/1/3334
f 1806/1/3335 1951/1/3335 1800/1/3335
f 1800/1/3336 1951/1/3336 1952/1/3336
f 1800/1/3337 1952/1/3337 1801/1/3337
f 1801/1/3338 1952/1/3338 1953/1/3338
f 1801/1/3339 1953/1/3339 1948/1/3339
f 1802/1/3340 1954/1/3340 1803/1/3340
f 1803/1/3341 1954/1/3341 1796/1/3341
f 1955/1/3342 1956/1/3342 1957/1/3342
f 1802/1/3343 1948/1/3343 1954/1/3343
f 1954/1/3344 1948/1/3344 1958/1/3344
f 1954/1/3345 1958/1/3345 1796/1/3345
f 1796/1/3346 1958/1/3346 1955/1/3346
f 1796/1/3347 1955/1/3347 1794/1/3347
f 1794/1/3348 1955/1/3348 1957/1/3348
f 1794/1/3349 1957/1/3349 1792/1/3349
f 1959/1/3350 1960/1/3350 1961/1/3350
f 1961/1/3351 1960/1/3351 1962/1/3351
f 1961/1/3352 1962/1/3352 1963/1/3352
f 1963/1/3353 1964/1/3353 1965/1/3353
f 1963/1/3354 1965/1/3354 1961/1/3354
f 1961/1/3355 1965/1/3355 1966/1/3355
f 1961/1/3356 1966/1/3356 1967/1/3356
f 1968/1/3357 1969/1/3357 1966/1/3357
f 1966/1/3358 1969/1/3358 1970/1/3358
f 1966/1/3359 1970/1/3359 1967/1/3359
f 1971/1/3360 1972/1/3360 1973/1/3360
f 1973/1/3361 1972/1/3361 1974/1/3361
f 1974/1/3362 1975/1/3362 1973/1/3362
f 1973/1/3363 1975/1/3363 1976/1/3363
f 1973/1/3364 1976/1/3364 1968/1/3364
f 1968/1/3365 1976/1/3365 1977/1/3365
f 1968/1/3366 1977/1/3366 1969/1/3366
f 1837/1/3367 1978/1/3367 1838/1/3367
f 1838/1/3368 1978/1/3368 1979/1/3368
f 1838/1/3369 1979/1/3369 1980/1/3369
f 1980/1/3370 1979/1/3370 1981/1/3370
f 1980/1/3371 1981/1/3371 1982/1/3371
f 1818/1/3372 1820/1/3372 1983/1/3372
f 1983/1/3373 1820/1/3373 1822/1/3373
f 1983/1/3374 1822/1/3374 1984/1/3374
f 1984/1/3375 1822/1/3375 1935/1/3375
f 1984/1/3376 1935/1/3376 1985/1/3376
f 1816/1/3377 1818/1/3377 1936/1/3377
f 1936/1/3378 1818/1/3378 1983/1/3378
f 1936/1/3379 1983/1/3379 1986/1/3379
f 1986/1/3380 1983/1/3380 1984/1/3380
f 1986/1/3381 1984/1/3381 1987/1/3381
f 1987/1/3382 1984/1/3382 1985/1/3382
f 1847/1/3383 1849/1/3383 1853/1/3383
f 1853/1/3384 1849/1/3384 1846/1/3384
f 1853/1/3385 1846/1/3385 1857/1/3385
f 1857/1/3386 1846/1/3386 1845/1/3386
f 1857/1/3387 1845/1/3387 1988/1/3387
f 1988/1/3388 1845/1/3388 1841/1/3388
f 1988/1/3389 1841/1/3389 1989/1/3389
f 1989/1/3390 1841/1/3390 1838/1/3390
f 1989/1/3391 1838/1/3391 1990/1/3391
f 1878/1/3392 1873/1/3392 1834/1/3392
f 1834/1/3393 1873/1/3393 1872/1/3393
f 1834/1/3394 1872/1/3394 1835/1/3394
f 1835/1/3395 1872/1/3395 1991/1/3395
f 1835/1/3396 1991/1/3396 1882/1/3396
f 1882/1/3397 1991/1/3397 1992/1/3397
f 1882/1/3398 1992/1/3398 1883/1/3398
f 1864/1/3399 1858/1/3399 1863/1/3399
f 1863/1/3400 1858/1/3400 1857/1/3400
f 1863/1/3401 1857/1/3401 1870/1/3401
f 1870/1/3402 1857/1/3402 1988/1/3402
f 1870/1/3403 1988/1/3403 1872/1/3403
f 1872/1/3404 1988/1/3404 1989/1/3404
f 1872/1/3405 1989/1/3405 1991/1/3405
f 1991/1/3406 1989/1/3406 1990/1/3406
f 1991/1/3407 1990/1/3407 1992/1/3407
f 1908/1/3408 1904/1/3408 1920/1/3408
f 1920/1/3409 1904/1/3409 1906/1/3409
f 1920/1/3410 1906/1/3410 1993/1/3410
f 1993/1/3411 1906/1/3411 1907/1/3411
f 1993/1/3412 1907/1/3412 1994/1/3412
f 1994/1/3413 1907/1/3413 1902/1/3413
f 1994/1/3414 1902/1/3414 1995/1/3414
f 1995/1/3415 1902/1/3415 1889/1/3415
f 1995/1/3416 1889/1/3416 1996/1/3416
f 1996/1/3417 1889/1/3417 1888/1/3417
f 1996/1/3418 1888/1/3418 1997/1/3418
f 1926/1/3419 1921/1/3419 1927/1/3419
f 1927/1/3420 1921/1/3420 1915/1/3420
f 1927/1/3421 1915/1/3421 1998/1/3421
f 1998/1/3422 1915/1/3422 1920/1/3422
f 1998/1/3423 1920/1/3423 1999/1/3423
f 1999/1/3424 1920/1/3424 1993/1/3424
f 1999/1/3425 1993/1/3425 2000/1/3425
f 2000/1/3426 1993/1/3426 1994/1/3426
f 2000/1/3427 1994/1/3427 2001/1/3427
f 2001/1/3428 1994/1/3428 1995/1/3428
f 2001/1/3429 1995/1/3429 2002/1/3429
f 2002/1/3430 1995/1/3430 1996/1/3430
f 2002/1/3431 1996/1/3431 2003/1/3431
f 2003/1/3432 1996/1/3432 1997/1/3432
f 2003/1/3433 1997/1/3433 2004/1/3433
f 2005/1/3434 1932/1/3434 2006/1/3434
f 2006/1/3435 1932/1/3435 1934/1/3435
f 2006/1/3436 1934/1/3436 2007/1/3436
f 2008/1/3437 2009/1/3437 2010/1/3437
f 2010/1/3438 2009/1/3438 2011/1/3438
f 2010/1/3439 2011/1/3439 2012/1/3439
f 2012/1/3440 2011/1/3440 2005/1/3440
f 2012/1/3441 2005/1/3441 2013/1/3441
f 2013/1/3442 2005/1/3442 2006/1/3442
f 2013/1/3443 2006/1/3443 1930/1/3443
f 1930/1/3444 2006/1/3444 2007/1/3444
f 1930/1/3445 2007/1/3445 1928/1/3445
f 2014/1/3446 2015/1/3446 1973/1/3446
f 1831/1/3447 1830/1/3447 2016/1/3447
f 2016/1/3448 1830/1/3448 2017/1/3448
f 2016/1/3449 2017/1/3449 2018/1/3449
f 2018/1/3450 2017/1/3450 2019/1/3450
f 2018/1/3451 2019/1/3451 2020/1/3451
f 1971/1/3452 1973/1/3452 2021/1/3452
f 2021/1/3453 1973/1/3453 2015/1/3453
f 2021/1/3454 2015/1/3454 2020/1/3454
f 2009/1/3455 2022/1/3455 2011/1/3455
f 2011/1/3456 2022/1/3456 2023/1/3456
f 2011/1/3457 2023/1/3457 2005/1/3457
f 2005/1/3458 2023/1/3458 2024/1/3458
f 2005/1/3459 2024/1/3459 1932/1/3459
f 1932/1/3460 2024/1/3460 2025/1/3460
f 1932/1/3461 2025/1/3461 1933/1/3461
f 1933/1/3462 2025/1/3462 2026/1/3462
f 1933/1/3463 2026/1/3463 2027/1/3463
f 2027/1/3464 2026/1/3464 1827/1/3464
f 2027/1/3465 1827/1/3465 1826/1/3465
f 1964/1/3466 1941/1/3466 1965/1/3466
f 1965/1/3467 1941/1/3467 1937/1/3467
f 1965/1/3468 1937/1/3468 1966/1/3468
f 1966/1/3469 1937/1/3469 1936/1/3469
f 1966/1/3470 1936/1/3470 1968/1/3470
f 1968/1/3471 1936/1/3471 1986/1/3471
f 1968/1/3472 1986/1/3472 1973/1/3472
f 1973/1/3473 1986/1/3473 1987/1/3473
f 1973/1/3474 1987/1/3474 2014/1/3474
f 2014/1/3475 1987/1/3475 1985/1/3475
f 1825/1/3476 1827/1/3476 1935/1/3476
f 1935/1/3477 1827/1/3477 2026/1/3477
f 1935/1/3478 2026/1/3478 1985/1/3478
f 1985/1/3479 2026/1/3479 2025/1/3479
f 1985/1/3480 2025/1/3480 2014/1/3480
f 2014/1/3481 2025/1/3481 2024/1/3481
f 2014/1/3482 2024/1/3482 2015/1/3482
f 2015/1/3483 2024/1/3483 2023/1/3483
f 2015/1/3484 2023/1/3484 2020/1/3484
f 2020/1/3485 2023/1/3485 2022/1/3485
f 2020/1/3486 2022/1/3486 2018/1/3486
f 2018/1/3487 2022/1/3487 2009/1/3487
f 2018/1/3488 2009/1/3488 2016/1/3488
f 2016/1/3489 2009/1/3489 2008/1/3489
f 2016/1/3490 2008/1/3490 1831/1/3490
f 2004/1/3491 1832/1/3491 2003/1/3491
f 2003/1/3492 1832/1/3492 1831/1/3492
f 2003/1/3493 1831/1/3493 2002/1/3493
f 2002/1/3494 1831/1/3494 2008/1/3494
f 2002/1/3495 2008/1/3495 2001/1/3495
f 2001/1/3496 2008/1/3496 2010/1/3496
f 2001/1/3497 2010/1/3497 2000/1/3497
f 2000/1/3498 2010/1/3498 2012/1/3498
f 2000/1/3499 2012/1/3499 1999/1/3499
f 1999/1/3500 2012/1/3500 2013/1/3500
f 1999/1/3501 2013/1/3501 1998/1/3501
f 1998/1/3502 2013/1/3502 1930/1/3502
f 1998/1/3503 1930/1/3503 1927/1/3503
f 1927/1/3504 1930/1/3504 1931/1/3504
f 1927/1/3505 1931/1/3505 1925/1/3505
f 2004/1/3506 1884/1/3506 1832/1/3506
f 1832/1/3507 1884/1/3507 1883/1/3507
f 1832/1/3508 1883/1/3508 1830/1/3508
f 1830/1/3509 1883/1/3509 1992/1/3509
f 1830/1/3510 1992/1/3510 2017/1/3510
f 2017/1/3511 1992/1/3511 1990/1/3511
f 2017/1/3512 1990/1/3512 2019/1/3512
f 2019/1/3513 1990/1/3513 1838/1/3513
f 2019/1/3514 1838/1/3514 2020/1/3514
f 2020/1/3515 1838/1/3515 1980/1/3515
f 2020/1/3516 1980/1/3516 2021/1/3516
f 2021/1/3517 1980/1/3517 1982/1/3517
f 2021/1/3518 1982/1/3518 1971/1/3518
f 2028/1/3519 1948/1/3519 2029/1/3519
f 2029/1/3520 1948/1/3520 1953/1/3520
f 2030/1/3521 2031/1/3521 2032/1/3521
f 2032/1/3522 2031/1/3522 2029/1/3522
f 2032/1/3523 2029/1/3523 1952/1/3523
f 1952/1/3524 2029/1/3524 1953/1/3524
f 2033/1/3525 1956/1/3525 2034/1/3525
f 2034/1/3526 1956/1/3526 1955/1/3526
f 2034/1/3527 1955/1/3527 2028/1/3527
f 2028/1/3528 1955/1/3528 1958/1/3528
f 2028/1/3529 1958/1/3529 1948/1/3529
f 2035/1/3530 2036/1/3530 2037/1/3530
f 2029/1/3531 2038/1/3531 2039/1/3531
f 2032/1/3532 2040/1/3532 2030/1/3532
f 2030/1/3533 2040/1/3533 2041/1/3533
f 2030/1/3534 2041/1/3534 2031/1/3534
f 2029/1/3535 2039/1/3535 2028/1/3535
f 2042/1/3536 2043/1/3536 2034/1/3536
f 2034/1/3537 2043/1/3537 2033/1/3537
f 2033/1/3538 2043/1/3538 2044/1/3538
f 2044/1/3539 2043/1/3539 2045/1/3539
f 2044/1/3540 2045/1/3540 2046/1/3540
f 2046/1/3541 2045/1/3541 2047/1/3541
f 2046/1/3542 2047/1/3542 2048/1/3542
f 2048/1/3543 2047/1/3543 2049/1/3543
f 2049/1/3544 2047/1/3544 2050/1/3544
f 2049/1/3545 2050/1/3545 2051/1/3545
f 2051/1/3546 2050/1/3546 2052/1/3546
f 2051/1/3547 2052/1/3547 2053/1/3547
f 2052/1/3548 2054/1/3548 2053/1/3548
f 2053/1/3549 2054/1/3549 2055/1/3549
f 2053/1/3550 2055/1/3550 2056/1/3550
f 1943/1/3551 1942/1/3551 2057/1/3551
f 2057/1/3552 1942/1/3552 1941/1/3552
f 2057/1/3553 1941/1/3553 2058/1/3553
f 2058/1/3554 1941/1/3554 1964/1/3554
f 2058/1/3555 1964/1/3555 2059/1/3555
f 2059/1/3556 1964/1/3556 1963/1/3556
f 2059/1/3557 1963/1/3557 2060/1/3557
f 2060/1/3558 1963/1/3558 1962/1/3558
f 2060/1/3559 1962/1/3559 2061/1/3559
f 2062/1/3560 2063/1/3560 1944/1/3560
f 1944/1/3561 2063/1/3561 2064/1/3561
f 1944/1/3562 2064/1/3562 1945/1/3562
f 1945/1/3563 2064/1/3563 2065/1/3563
f 1945/1/3564 2065/1/3564 1938/1/3564
f 2036/1/3565 1946/1/3565 2037/1/3565
f 2037/1/3566 1946/1/3566 1940/1/3566
f 2037/1/3567 1940/1/3567 2065/1/3567
f 2065/1/3568 1940/1/3568 1939/1/3568
f 2065/1/3569 1939/1/3569 1938/1/3569
f 2061/1/3570 2066/1/3570 2060/1/3570
f 2060/1/3571 2066/1/3571 2067/1/3571
f 2060/1/3572 2067/1/3572 2059/1/3572
f 2059/1/3573 2067/1/3573 2068/1/3573
f 2059/1/3574 2068/1/3574 2058/1/3574
f 2058/1/3575 2068/1/3575 2069/1/3575
f 2058/1/3576 2069/1/3576 2057/1/3576
f 2057/1/3577 2069/1/3577 2062/1/3577
f 2057/1/3578 2062/1/3578 1943/1/3578
f 1943/1/3579 2062/1/3579 1944/1/3579
f 2040/1/3580 2035/1/3580 2041/1/3580
f 2041/1/3581 2035/1/3581 2037/1/3581
f 2041/1/3582 2037/1/3582 2070/1/3582
f 2070/1/3583 2037/1/3583 2065/1/3583
f 2070/1/3584 2065/1/3584 2071/1/3584
f 2071/1/3585 2065/1/3585 2064/1/3585
f 2071/1/3586 2064/1/3586 2072/1/3586
f 2072/1/3587 2064/1/3587 2063/1/3587
f 2072/1/3588 2063/1/3588 2073/1/3588
f 2073/1/3589 2063/1/3589 2062/1/3589
f 2073/1/3590 2062/1/3590 2074/1/3590
f 2074/1/3591 2062/1/3591 2069/1/3591
f 2074/1/3592 2069/1/3592 2075/1/3592
f 2075/1/3593 2069/1/3593 2068/1/3593
f 2075/1/3594 2068/1/3594 2076/1/3594
f 2076/1/3595 2068/1/3595 2067/1/3595
f 2076/1/3596 2067/1/3596 2077/1/3596
f 2077/1/3597 2067/1/3597 2066/1/3597
f 2077/1/3598 2078/1/3598 2076/1/3598
f 2076/1/3599 2078/1/3599 2079/1/3599
f 2076/1/3600 2079/1/3600 2075/1/3600
f 2075/1/3601 2079/1/3601 2080/1/3601
f 2075/1/3602 2080/1/3602 2074/1/3602
f 2074/1/3603 2080/1/3603 2081/1/3603
f 2074/1/3604 2081/1/3604 2073/1/3604
f 2073/1/3605 2081/1/3605 2082/1/3605
f 2073/1/3606 2082/1/3606 2072/1/3606
f 2072/1/3607 2082/1/3607 2083/1/3607
f 2072/1/3608 2083/1/3608 2071/1/3608
f 2071/1/3609 2083/1/3609 2084/1/3609
f 2071/1/3610 2084/1/3610 2070/1/3610
f 2070/1/3611 2084/1/3611 2039/1/3611
f 2070/1/3612 2039/1/3612 2041/1/3612
f 2041/1/3613 2039/1/3613 2038/1/3613
f 2041/1/3614 2038/1/3614 2031/1/3614
f 2031/1/3615 2038/1/3615 2029/1/3615
f 2078/1/3616 2055/1/3616 2079/1/3616
f 2079/1/3617 2055/1/3617 2054/1/3617
f 2079/1/3618 2054/1/3618 2080/1/3618
f 2080/1/3619 2054/1/3619 2052/1/3619
f 2080/1/3620 2052/1/3620 2081/1/3620
f 2081/1/3621 2052/1/3621 2050/1/3621
f 2081/1/3622 2050/1/3622 2082/1/3622
f 2082/1/3623 2050/1/3623 2047/1/3623
f 2082/1/3624 2047/1/3624 2083/1/3624
f 2083/1/3625 2047/1/3625 2045/1/3625
f 2083/1/3626 2045/1/3626 2084/1/3626
f 2084/1/3627 2045/1/3627 2043/1/3627
f 2084/1/3628 2043/1/3628 2039/1/3628
f 2039/1/3629 2043/1/3629 2042/1/3629
f 2039/1/3630 2042/1/3630 2028/1/3630
f 2028/1/3631 2042/1/3631 2034/1/3631
f 1959/1/3632 2085/1/3632 1960/1/3632
f 1960/1/3633 2085/1/3633 2086/1/3633
f 1960/1/3634 2086/1/3634 1962/1/3634
f 2056/1/3635 2055/1/3635 2087/1/3635
f 2087/1/3636 2055/1/3636 2078/1/3636
f 2078/1/3637 2077/1/3637 2087/1/3637
f 2087/1/3638 2077/1/3638 2066/1/3638
f 2087/1/3639 2066/1/3639 2086/1/3639
f 2086/1/3640 2066/1/3640 2061/1/3640
f 2086/1/3641 2061/1/3641 1962/1/3641
f 2088/1/3642 2089/1/3642 2090/1/3642
f 2088/1/3642 2090/1/3642 2091/1/3642
f 2091/1/3643 2090/1/3643 2092/1/3643
f 2091/1/3643 2092/1/3643 2093/1/3643
f 2093/1/3161 2092/1/3161 2094/1/3161
f 2093/1/3161 2094/1/3161 2095/1/3161
f 2094/1/588 2096/1/588 2095/1/588
f 2095/1/588 2096/1/588 2097/1/588
f 2097/1/3644 2096/1/3644 2098/1/3644
f 2097/1/3644 2098/1/3644 2099/1/3644
f 2099/1/3645 2098/1/3645 2100/1/3645
f 2099/1/3645 2100/1/3645 2101/1/3645
f 2101/1/3646 2100/1/3646 2102/1/3646
f 2101/1/3646 2102/1/3646 2103/1/3646
f 2104/1/3647 2105/1/3647 2106/1/3647
f 1846/1/627 1849/1/627 2107/1/627
f 2107/1/627 1849/1/627 1851/1/627
f 2107/1/627 1851/1/627 1852/1/627
f 2102/1/627 2108/1/627 2103/1/627
f 2103/1/627 2108/1/627 1839/1/627
f 2103/1/627 1839/1/627 2107/1/627
f 2107/1/627 1839/1/627 1844/1/627
f 2107/1/627 1844/1/627 1846/1/627
f 2107/1/627 2109/1/627 2103/1/627
f 2103/1/3648 2109/1/3648 2110/1/3648
f 2103/1/3649 2110/1/3649 2106/1/3649
f 2106/1/3649 2110/1/3649 2111/1/3649
f 2106/1/3650 2111/1/3650 2104/1/3650
f 1737/1/139 2112/1/139 1867/1/139
f 2113/1/139 1737/1/139 2114/1/139
f 2114/1/139 1737/1/139 1867/1/139
f 2114/1/139 1867/1/139 1866/1/139
f 2113/1/139 2115/1/139 1737/1/139
f 1737/1/139 2115/1/139 2116/1/139
f 1737/1/139 2116/1/139 2117/1/139
f 2118/1/139 1735/1/139 2119/1/139
f 2119/1/139 1735/1/139 1737/1/139
f 2119/1/139 1737/1/139 2120/1/139
f 2120/1/139 1737/1/139 2117/1/139
f 1735/1/3651 2121/1/3651 2122/1/3651
f 2123/1/3652 2121/1/3652 1735/1/3652
f 1745/1/3653 1743/1/3653 2124/1/3653
f 2124/1/3654 1743/1/3654 1744/1/3654
f 1744/1/3655 2122/1/3655 2124/1/3655
f 2124/1/3656 2122/1/3656 2121/1/3656
f 2124/1/3656 2121/1/3656 2125/1/3656
f 2125/1/3657 2121/1/3657 2123/1/3657
f 2125/1/3658 2123/1/3658 2126/1/3658
f 1744/1/3659 1733/1/3659 2122/1/3659
f 2122/1/3660 1733/1/3660 1735/1/3660
f 1735/1/3661 2127/1/3661 2123/1/3661
f 2123/1/3662 2127/1/3662 2128/1/3662
f 2123/1/3663 2128/1/3663 2126/1/3663
f 2126/1/3664 2128/1/3664 2129/1/3664
f 2126/1/3665 2129/1/3665 2130/1/3665
f 1745/1/3653 2124/1/3653 2131/1/3653
f 2131/1/3666 2124/1/3666 2125/1/3666
f 2131/1/3667 2125/1/3667 2132/1/3667
f 2132/1/3668 2125/1/3668 2126/1/3668
f 2132/1/3668 2126/1/3668 2133/1/3668
f 2133/1/3669 2126/1/3669 2130/1/3669
f 2133/1/3670 2130/1/3670 2134/1/3670
f 1736/1/3671 2135/1/3671 1737/1/3671
f 1737/1/310 2135/1/310 2112/1/310
f 1736/1/3672 1734/1/3672 2135/1/3672
f 2135/1/3673 1734/1/3673 1740/1/3673
f 2135/1/3674 1740/1/3674 1739/1/3674
f 2134/1/3675 2136/1/3675 2137/1/3675
f 2134/1/3675 2137/1/3675 2133/1/3675
f 2133/1/3676 2137/1/3676 2138/1/3676
f 2133/1/3676 2138/1/3676 2132/1/3676
f 2132/1/3677 2138/1/3677 2139/1/3677
f 2132/1/3677 2139/1/3677 2131/1/3677
f 2131/1/3678 2139/1/3678 1750/1/3678
f 2131/1/3678 1750/1/3678 1745/1/3678
f 1749/1/3679 2140/1/3679 1748/1/3679
f 1748/1/3679 2140/1/3679 2141/1/3679
f 1748/1/3680 2141/1/3680 1754/1/3680
f 1754/1/3680 2141/1/3680 2142/1/3680
f 1754/1/3681 2142/1/3681 1755/1/3681
f 1755/1/3681 2142/1/3681 2143/1/3681
f 1755/1/3190 2143/1/3190 1756/1/3190
f 1756/1/3190 2143/1/3190 2144/1/3190
f 1756/1/3682 2144/1/3682 1757/1/3682
f 1757/1/3682 2144/1/3682 2145/1/3682
f 1757/1/3683 2145/1/3683 1759/1/3683
f 1759/1/3683 2145/1/3683 2146/1/3683
f 1759/1/3684 2146/1/3684 1760/1/3684
f 1760/1/3684 2146/1/3684 2147/1/3684
f 1760/1/3685 2147/1/3685 1761/1/3685
f 1761/1/3685 2147/1/3685 2148/1/3685
f 1761/1/3686 2148/1/3686 1751/1/3686
f 1751/1/3686 2148/1/3686 2149/1/3686
f 1751/1/3687 2149/1/3687 1752/1/3687
f 1752/1/3687 2149/1/3687 2150/1/3687
f 1752/1/3688 2150/1/3688 1753/1/3688
f 1753/1/3688 2150/1/3688 2151/1/3688
f 1753/1/3689 2151/1/3689 1749/1/3689
f 1749/1/3689 2151/1/3689 2140/1/3689
f 2152/1/504 2153/1/504 1779/1/504
f 2152/1/504 1779/1/504 2154/1/504
f 1779/1/504 2155/1/504 2156/1/504
f 2156/1/504 2155/1/504 2157/1/504
f 2158/1/504 1780/1/504 2159/1/504
f 2159/1/504 1780/1/504 1779/1/504
f 2159/1/3690 1779/1/3690 2160/1/3690
f 2160/1/504 1779/1/504 2153/1/504
f 2161/1/504 2162/1/504 2163/1/504
f 1779/1/504 2163/1/504 2154/1/504
f 2154/1/504 2163/1/504 2164/1/504
f 2154/1/504 2164/1/504 2165/1/504
f 2165/1/504 2164/1/504 2166/1/504
f 2163/1/504 2162/1/504 2167/1/504
f 2167/1/504 2162/1/504 2168/1/504
f 2167/1/504 2168/1/504 2169/1/504
f 2169/1/504 2170/1/504 2167/1/504
f 2167/1/504 2170/1/504 2171/1/504
f 2167/1/504 2171/1/504 2155/1/504
f 2155/1/504 2171/1/504 2172/1/504
f 2155/1/504 2172/1/504 2157/1/504
f 2173/1/504 2174/1/504 2164/1/504
f 2164/1/504 2174/1/504 2175/1/504
f 2164/1/504 2175/1/504 2166/1/504
f 2156/1/504 2176/1/504 1779/1/504
f 1779/1/504 2176/1/504 2177/1/504
f 1779/1/504 2177/1/504 2163/1/504
f 2163/1/504 2177/1/504 2178/1/504
f 2163/1/504 2178/1/504 2161/1/504
f 1790/1/3691 1788/1/3691 2179/1/3691
f 1786/1/3692 1784/1/3692 2180/1/3692
f 1781/1/3693 2181/1/3693 2182/1/3693
f 1775/1/3694 2181/1/3694 1781/1/3694
f 2180/1/3695 1784/1/3695 1781/1/3695
f 2179/1/3696 2182/1/3696 2183/1/3696
f 2183/1/3697 2182/1/3697 2181/1/3697
f 2183/1/3698 2181/1/3698 2184/1/3698
f 2184/1/3699 2181/1/3699 1775/1/3699
f 1788/1/3700 1786/1/3700 2179/1/3700
f 2179/1/3701 1786/1/3701 2180/1/3701
f 2179/1/3702 2180/1/3702 2182/1/3702
f 2182/1/3703 2180/1/3703 1781/1/3703
f 1775/1/3704 1774/1/3704 2184/1/3704
f 2184/1/3705 1774/1/3705 1776/1/3705
f 2184/1/3706 1776/1/3706 1778/1/3706
f 1790/1/3691 2179/1/3691 2185/1/3691
f 2185/1/3707 2179/1/3707 2183/1/3707
f 2185/1/3707 2183/1/3707 2186/1/3707
f 2186/1/3708 2183/1/3708 2184/1/3708
f 2186/1/3708 2184/1/3708 2187/1/3708
f 2187/1/3709 2184/1/3709 1778/1/3709
f 2187/1/3710 1778/1/3710 1780/1/3710
f 2188/1/627 2189/1/627 2190/1/627
f 2191/1/627 1791/1/627 1790/1/627
f 2192/1/627 2193/1/627 2194/1/627
f 2194/1/627 2193/1/627 2195/1/627
f 2194/1/627 2195/1/627 2190/1/627
f 2190/1/627 2195/1/627 2196/1/627
f 2190/1/627 2196/1/627 2188/1/627
f 2191/1/627 1790/1/627 2197/1/627
f 1790/1/627 2198/1/627 2197/1/627
f 2197/1/627 2198/1/627 2199/1/627
f 2197/1/627 2199/1/627 2200/1/627
f 2200/1/627 2199/1/627 2201/1/627
f 2200/1/627 2201/1/627 2202/1/627
f 2202/1/627 2201/1/627 2203/1/627
f 2202/1/627 2203/1/627 2204/1/627
f 2203/1/627 2205/1/627 2204/1/627
f 2204/1/627 2205/1/627 2206/1/627
f 2204/1/627 2206/1/627 2207/1/627
f 2207/1/627 2206/1/627 2208/1/627
f 2207/1/627 2208/1/627 2209/1/627
f 2209/1/627 2208/1/627 2210/1/627
f 2210/1/627 2211/1/627 2209/1/627
f 2209/1/627 2211/1/627 2212/1/627
f 2209/1/627 2212/1/627 2213/1/627
f 2213/1/627 2212/1/627 2214/1/627
f 2213/1/627 2214/1/627 2215/1/627
f 2214/1/627 2216/1/627 2215/1/627
f 2215/1/627 2216/1/627 2217/1/627
f 2215/1/627 2217/1/627 2218/1/627
f 2218/1/627 2217/1/627 2219/1/627
f 2218/1/627 2219/1/627 2220/1/627
f 2220/1/627 2219/1/627 2221/1/627
f 2220/1/627 2221/1/627 2196/1/627
f 2196/1/627 2221/1/627 2222/1/627
f 2196/1/627 2222/1/627 2188/1/627
f 1826/1/3711 1828/1/3711 2223/1/3711
f 1826/1/3712 2223/1/3712 2224/1/3712
f 2224/1/3713 2223/1/3713 2225/1/3713
f 2224/1/3714 2225/1/3714 2226/1/3714
f 2227/1/3715 2228/1/3715 2229/1/3715
f 2229/1/3716 2228/1/3716 2226/1/3716
f 2229/1/3717 2226/1/3717 2230/1/3717
f 2230/1/3718 2226/1/3718 2225/1/3718
f 2227/1/3719 2231/1/3719 2228/1/3719
f 2228/1/3720 2231/1/3720 2232/1/3720
f 2228/1/3721 2232/1/3721 2233/1/3721
f 2233/1/3722 2232/1/3722 2234/1/3722
f 2233/1/3723 2234/1/3723 2235/1/3723
f 2235/1/3724 2234/1/3724 2236/1/3724
f 2236/1/3725 2234/1/3725 2237/1/3725
f 2236/1/3726 2237/1/3726 2238/1/3726
f 2238/1/3727 2237/1/3727 2239/1/3727
f 2238/1/3728 2239/1/3728 2240/1/3728
f 2240/1/3729 2239/1/3729 2241/1/3729
f 2240/1/3730 2241/1/3730 2242/1/3730
f 2242/1/3731 2241/1/3731 2243/1/3731
f 2242/1/3732 2243/1/3732 2244/1/3732
f 2243/1/3733 2245/1/3733 2244/1/3733
f 2244/1/3734 2245/1/3734 2246/1/3734
f 2244/1/3735 2246/1/3735 2247/1/3735
f 2246/1/3736 2248/1/3736 2247/1/3736
f 2247/1/3737 2248/1/3737 2249/1/3737
f 2247/1/3738 2249/1/3738 2250/1/3738
f 2250/1/3739 2249/1/3739 2251/1/3739
f 2250/1/3740 2251/1/3740 2252/1/3740
f 2252/1/3741 2251/1/3741 2253/1/3741
f 2252/1/3742 2253/1/3742 2254/1/3742
f 1982/1/3743 2255/1/3743 1971/1/3743
f 1971/1/3744 2255/1/3744 2256/1/3744
f 1971/1/3745 2256/1/3745 1972/1/3745
f 1972/1/3746 2256/1/3746 2257/1/3746
f 1972/1/3747 2257/1/3747 1974/1/3747
f 1974/1/3748 2257/1/3748 2258/1/3748
f 1974/1/3749 2258/1/3749 1975/1/3749
f 1975/1/3750 2258/1/3750 2259/1/3750
f 1975/1/3751 2259/1/3751 1976/1/3751
f 2260/1/3752 2261/1/3752 2262/1/3752
f 2263/1/3753 2264/1/3753 2265/1/3753
f 2265/1/3754 2264/1/3754 2266/1/3754
f 2265/1/3755 2266/1/3755 2267/1/3755
f 2268/1/3756 2269/1/3756 2270/1/3756
f 2270/1/3757 2269/1/3757 2271/1/3757
f 2270/1/3758 2271/1/3758 2272/1/3758
f 2272/1/3759 2271/1/3759 2250/1/3759
f 2250/1/3760 2271/1/3760 2273/1/3760
f 2250/1/3761 2273/1/3761 2247/1/3761
f 2247/1/3762 2273/1/3762 2274/1/3762
f 2247/1/3763 2274/1/3763 2244/1/3763
f 2244/1/3764 2274/1/3764 2275/1/3764
f 2244/1/3765 2275/1/3765 2242/1/3765
f 2242/1/3766 2275/1/3766 2240/1/3766
f 2240/1/3767 2275/1/3767 2276/1/3767
f 2240/1/3768 2276/1/3768 2238/1/3768
f 2238/1/3769 2276/1/3769 2277/1/3769
f 2238/1/3770 2277/1/3770 2236/1/3770
f 2278/1/3771 2228/1/3771 2233/1/3771
f 2278/1/3772 2233/1/3772 2277/1/3772
f 2277/1/3773 2233/1/3773 2235/1/3773
f 2277/1/3774 2235/1/3774 2236/1/3774
f 2279/1/3775 1933/1/3775 2027/1/3775
f 1934/1/3776 1933/1/3776 2280/1/3776
f 2280/1/3777 1933/1/3777 2279/1/3777
f 2280/1/3778 2279/1/3778 2281/1/3778
f 2282/1/3779 2283/1/3779 2007/1/3779
f 2283/1/3780 2284/1/3780 2007/1/3780
f 2007/1/3781 2284/1/3781 2285/1/3781
f 2007/1/3782 2285/1/3782 1928/1/3782
f 2260/1/3783 2262/1/3783 2286/1/3783
f 2287/1/3784 2288/1/3784 2289/1/3784
f 2289/1/3785 2288/1/3785 2290/1/3785
f 2289/1/3786 2290/1/3786 2291/1/3786
f 2269/1/3787 2292/1/3787 2271/1/3787
f 2271/1/3788 2292/1/3788 2293/1/3788
f 2271/1/3789 2293/1/3789 2273/1/3789
f 2273/1/3790 2293/1/3790 2294/1/3790
f 2273/1/3791 2294/1/3791 2274/1/3791
f 2274/1/3792 2294/1/3792 2295/1/3792
f 2274/1/3793 2295/1/3793 2275/1/3793
f 2275/1/3794 2295/1/3794 2296/1/3794
f 2275/1/3795 2296/1/3795 2276/1/3795
f 2226/1/3796 2228/1/3796 2297/1/3796
f 2297/1/3797 2228/1/3797 2278/1/3797
f 2297/1/3798 2278/1/3798 2298/1/3798
f 2298/1/3799 2278/1/3799 2277/1/3799
f 2298/1/3800 2277/1/3800 2299/1/3800
f 2299/1/3801 2277/1/3801 2276/1/3801
f 2286/1/3802 2282/1/3802 2260/1/3802
f 2260/1/3803 2282/1/3803 2007/1/3803
f 2260/1/3804 2007/1/3804 2261/1/3804
f 2261/1/3805 2007/1/3805 1934/1/3805
f 2261/1/3806 1934/1/3806 2262/1/3806
f 2262/1/3807 1934/1/3807 2280/1/3807
f 2262/1/3808 2280/1/3808 2300/1/3808
f 2300/1/3809 2280/1/3809 2281/1/3809
f 2300/1/3810 2281/1/3810 2301/1/3810
f 2302/1/3811 2303/1/3811 2304/1/3811
f 2304/1/3812 2303/1/3812 2301/1/3812
f 2304/1/3813 2301/1/3813 2305/1/3813
f 2305/1/3814 2301/1/3814 2281/1/3814
f 2305/1/3815 2281/1/3815 2306/1/3815
f 2306/1/3816 2281/1/3816 2279/1/3816
f 2306/1/3817 2279/1/3817 2307/1/3817
f 2307/1/3818 2279/1/3818 2027/1/3818
f 2307/1/3819 2027/1/3819 2224/1/3819
f 2224/1/3820 2027/1/3820 1826/1/3820
f 2296/1/3821 2302/1/3821 2276/1/3821
f 2276/1/3822 2302/1/3822 2304/1/3822
f 2276/1/3823 2304/1/3823 2299/1/3823
f 2299/1/3824 2304/1/3824 2305/1/3824
f 2299/1/3825 2305/1/3825 2298/1/3825
f 2298/1/3826 2305/1/3826 2306/1/3826
f 2298/1/3827 2306/1/3827 2297/1/3827
f 2297/1/3828 2306/1/3828 2307/1/3828
f 2297/1/3829 2307/1/3829 2226/1/3829
f 2226/1/3830 2307/1/3830 2224/1/3830
f 2308/1/3831 2309/1/3831 2310/1/3831
f 2311/1/3832 2287/1/3832 2312/1/3832
f 2312/1/3833 2287/1/3833 2289/1/3833
f 2312/1/3834 2289/1/3834 2313/1/3834
f 2313/1/3835 2289/1/3835 2308/1/3835
f 2313/1/3836 2308/1/3836 2314/1/3836
f 2314/1/3837 2308/1/3837 2310/1/3837
f 2315/1/3838 2316/1/3838 2317/1/3838
f 2317/1/3839 2316/1/3839 2318/1/3839
f 2263/1/3840 2319/1/3840 2264/1/3840
f 2264/1/3841 2319/1/3841 2320/1/3841
f 2264/1/3842 2320/1/3842 2321/1/3842
f 2321/1/3843 2320/1/3843 2322/1/3843
f 2321/1/3844 2322/1/3844 2323/1/3844
f 2323/1/3845 2322/1/3845 2324/1/3845
f 2323/1/3846 2324/1/3846 2325/1/3846
f 2325/1/3847 2324/1/3847 2326/1/3847
f 2325/1/3848 2326/1/3848 2318/1/3848
f 2318/1/3849 2326/1/3849 2327/1/3849
f 2318/1/3850 2327/1/3850 2317/1/3850
f 2315/1/3851 2328/1/3851 2316/1/3851
f 2316/1/3852 2328/1/3852 2329/1/3852
f 2316/1/3853 2329/1/3853 2309/1/3853
f 2309/1/3854 2329/1/3854 2330/1/3854
f 2309/1/3855 2330/1/3855 2310/1/3855
f 2291/1/3856 2286/1/3856 2289/1/3856
f 2289/1/3857 2286/1/3857 2262/1/3857
f 2289/1/3858 2262/1/3858 2308/1/3858
f 2308/1/3859 2262/1/3859 2300/1/3859
f 2308/1/3860 2300/1/3860 2309/1/3860
f 2309/1/3861 2300/1/3861 2301/1/3861
f 2309/1/3862 2301/1/3862 2316/1/3862
f 2316/1/3863 2301/1/3863 2303/1/3863
f 2316/1/3864 2303/1/3864 2318/1/3864
f 2318/1/3865 2303/1/3865 2302/1/3865
f 2318/1/3866 2302/1/3866 2325/1/3866
f 2325/1/3867 2302/1/3867 2296/1/3867
f 2325/1/3868 2296/1/3868 2323/1/3868
f 2323/1/3869 2296/1/3869 2295/1/3869
f 2323/1/3870 2295/1/3870 2321/1/3870
f 2321/1/3871 2295/1/3871 2294/1/3871
f 2321/1/3872 2294/1/3872 2264/1/3872
f 2264/1/3873 2294/1/3873 2293/1/3873
f 2264/1/3874 2293/1/3874 2266/1/3874
f 2266/1/3875 2293/1/3875 2292/1/3875
f 2331/1/3876 2332/1/3876 2333/1/3876
f 2334/1/3877 2335/1/3877 2336/1/3877
f 2337/1/3878 2338/1/3878 2339/1/3878
f 2340/1/3879 2341/1/3879 2342/1/3879
f 2343/1/3880 1892/1/3880 1891/1/3880
f 2344/1/3881 2345/1/3881 2346/1/3881
f 2347/1/3882 2348/1/3882 2349/1/3882
f 2350/1/3883 2351/1/3883 2352/1/3883
f 2353/1/3884 2354/1/3884 2351/1/3884
f 2355/1/3885 2356/1/3885 2351/1/3885
f 2357/1/3886 2358/1/3886 2351/1/3886
f 2351/1/3887 2358/1/3887 2359/1/3887
f 2351/1/3888 2359/1/3888 2355/1/3888
f 2350/1/3889 2360/1/3889 2351/1/3889
f 2351/1/3890 2360/1/3890 2361/1/3890
f 2351/1/3891 2361/1/3891 2357/1/3891
f 2356/1/3892 2362/1/3892 2351/1/3892
f 2351/1/3893 2362/1/3893 2363/1/3893
f 2351/1/3894 2363/1/3894 2353/1/3894
f 2352/1/3895 2364/1/3895 2365/1/3895
f 2365/1/3896 2366/1/3896 2352/1/3896
f 2352/1/3897 2366/1/3897 2367/1/3897
f 2352/1/3898 2367/1/3898 2350/1/3898
f 2350/1/3899 2367/1/3899 2368/1/3899
f 2350/1/3900 2368/1/3900 2369/1/3900
f 2370/1/3901 2371/1/3901 2372/1/3901
f 2373/1/3902 2374/1/3902 2375/1/3902
f 2375/1/3903 2374/1/3903 2376/1/3903
f 2377/1/3904 2378/1/3904 2379/1/3904
f 2379/1/3905 2378/1/3905 2380/1/3905
f 2379/1/3906 2380/1/3906 2381/1/3906
f 2381/1/3907 2380/1/3907 2382/1/3907
f 2381/1/3908 2382/1/3908 2383/1/3908
f 2383/1/3909 2384/1/3909 2381/1/3909
f 2381/1/3910 2384/1/3910 2385/1/3910
f 2381/1/3911 2385/1/3911 2373/1/3911
f 2373/1/3912 2385/1/3912 2386/1/3912
f 2373/1/3913 2386/1/3913 2374/1/3913
f 2349/1/3914 2348/1/3914 2381/1/3914
f 2381/1/3915 2348/1/3915 2387/1/3915
f 2381/1/3916 2387/1/3916 2379/1/3916
f 2347/1/3917 2349/1/3917 2388/1/3917
f 2388/1/3918 2349/1/3918 2389/1/3918
f 2388/1/3919 2389/1/3919 2390/1/3919
f 2390/1/3920 2389/1/3920 2391/1/3920
f 2390/1/3921 2391/1/3921 2392/1/3921
f 2392/1/3922 2391/1/3922 2393/1/3922
f 2392/1/3923 2393/1/3923 2394/1/3923
f 2395/1/3924 2396/1/3924 2397/1/3924
f 2396/1/3925 2395/1/3925 2398/1/3925
f 2399/1/3926 2400/1/3926 2395/1/3926
f 2395/1/3927 2400/1/3927 2401/1/3927
f 2395/1/3928 2401/1/3928 2398/1/3928
f 2402/1/3929 2403/1/3929 2404/1/3929
f 2404/1/3930 2403/1/3930 2405/1/3930
f 2404/1/3931 2405/1/3931 2406/1/3931
f 1924/1/3932 2407/1/3932 2408/1/3932
f 2408/1/3933 2407/1/3933 2409/1/3933
f 2408/1/3934 2409/1/3934 2410/1/3934
f 2410/1/3935 2411/1/3935 2408/1/3935
f 2408/1/3936 2411/1/3936 2412/1/3936
f 2408/1/3937 2412/1/3937 2413/1/3937
f 2414/1/3938 2415/1/3938 2408/1/3938
f 2408/1/3939 2415/1/3939 2416/1/3939
f 2416/1/3940 2417/1/3940 2408/1/3940
f 2408/1/3941 2417/1/3941 2418/1/3941
f 2408/1/3942 2418/1/3942 1924/1/3942
f 2418/1/3943 2419/1/3943 1924/1/3943
f 1924/1/3944 2419/1/3944 2420/1/3944
f 1924/1/3945 2420/1/3945 1913/1/3945
f 1913/1/3946 2420/1/3946 2421/1/3946
f 1913/1/3947 2421/1/3947 1911/1/3947
f 2422/1/3948 2423/1/3948 2424/1/3948
f 2424/1/3949 2423/1/3949 2425/1/3949
f 2424/1/3950 2425/1/3950 2408/1/3950
f 2408/1/3951 2425/1/3951 2426/1/3951
f 2408/1/3952 2426/1/3952 2414/1/3952
f 2427/1/3953 2428/1/3953 2429/1/3953
f 2429/1/3954 2428/1/3954 2430/1/3954
f 2429/1/3955 2430/1/3955 2431/1/3955
f 2431/1/3956 2432/1/3956 2429/1/3956
f 2429/1/3957 2432/1/3957 2433/1/3957
f 2429/1/3958 2433/1/3958 2434/1/3958
f 2435/1/3959 2436/1/3959 2429/1/3959
f 2429/1/3960 2436/1/3960 2437/1/3960
f 2437/1/3961 2343/1/3961 2429/1/3961
f 2429/1/3962 2343/1/3962 1891/1/3962
f 2429/1/3963 1891/1/3963 2427/1/3963
f 2427/1/3964 1891/1/3964 1900/1/3964
f 2334/1/3965 2336/1/3965 2438/1/3965
f 2354/1/3966 2439/1/3966 2351/1/3966
f 2351/1/3967 2439/1/3967 2440/1/3967
f 2351/1/3968 2440/1/3968 2333/1/3968
f 2333/1/3969 2440/1/3969 2441/1/3969
f 2333/1/3970 2441/1/3970 2331/1/3970
f 2442/1/3971 2438/1/3971 2443/1/3971
f 2443/1/3972 2438/1/3972 2336/1/3972
f 2443/1/3973 2336/1/3973 2444/1/3973
f 2444/1/3974 2336/1/3974 2445/1/3974
f 2444/1/3975 2445/1/3975 2446/1/3975
f 2446/1/3976 2445/1/3976 2447/1/3976
f 2446/1/3977 2352/1/3977 2444/1/3977
f 2444/1/3978 2352/1/3978 2351/1/3978
f 2444/1/3979 2351/1/3979 2443/1/3979
f 2443/1/3980 2351/1/3980 2333/1/3980
f 2443/1/3981 2333/1/3981 2442/1/3981
f 2442/1/3982 2333/1/3982 2332/1/3982
f 2448/1/3983 2449/1/3983 2450/1/3983
f 2448/1/3984 2450/1/3984 2451/1/3984
f 2451/1/3985 2450/1/3985 2452/1/3985
f 2451/1/3986 2452/1/3986 2453/1/3986
f 2453/1/3987 2452/1/3987 2454/1/3987
f 2453/1/3988 2454/1/3988 2370/1/3988
f 2370/1/3989 2454/1/3989 2455/1/3989
f 2370/1/3990 2455/1/3990 2371/1/3990
f 2456/1/3991 2457/1/3991 2458/1/3991
f 2458/1/3992 2457/1/3992 2459/1/3992
f 2458/1/3993 2459/1/3993 2460/1/3993
f 2460/1/3994 2459/1/3994 2461/1/3994
f 2460/1/3995 2461/1/3995 2462/1/3995
f 2462/1/3996 2461/1/3996 2463/1/3996
f 2462/1/3997 2463/1/3997 2464/1/3997
f 2465/1/3998 2456/1/3998 2466/1/3998
f 2466/1/3999 2456/1/3999 2458/1/3999
f 2466/1/4000 2458/1/4000 2467/1/4000
f 2467/1/4001 2458/1/4001 2460/1/4001
f 2467/1/4002 2460/1/4002 2468/1/4002
f 2468/1/4003 2460/1/4003 2462/1/4003
f 2468/1/4004 2462/1/4004 2469/1/4004
f 2469/1/4005 2462/1/4005 2464/1/4005
f 2469/1/4006 2464/1/4006 2470/1/4006
f 2471/1/4007 2472/1/4007 2473/1/4007
f 2473/1/4008 2472/1/4008 2474/1/4008
f 2473/1/4009 2474/1/4009 2475/1/4009
f 2475/1/4010 2474/1/4010 2476/1/4010
f 2475/1/4011 2476/1/4011 2477/1/4011
f 2477/1/4012 2476/1/4012 2346/1/4012
f 2477/1/4013 2346/1/4013 2478/1/4013
f 2478/1/4014 2346/1/4014 2345/1/4014
f 2375/1/4015 2465/1/4015 2373/1/4015
f 2373/1/4016 2465/1/4016 2466/1/4016
f 2373/1/4017 2466/1/4017 2381/1/4017
f 2381/1/4018 2466/1/4018 2467/1/4018
f 2381/1/4019 2467/1/4019 2349/1/4019
f 2349/1/4020 2467/1/4020 2468/1/4020
f 2349/1/4021 2468/1/4021 2389/1/4021
f 2389/1/4022 2468/1/4022 2469/1/4022
f 2389/1/4023 2469/1/4023 2391/1/4023
f 2391/1/4024 2469/1/4024 2470/1/4024
f 2391/1/4025 2470/1/4025 2393/1/4025
f 2434/1/4026 2479/1/4026 2429/1/4026
f 2429/1/4027 2479/1/4027 2480/1/4027
f 2429/1/4028 2480/1/4028 2481/1/4028
f 2481/1/4029 2480/1/4029 2482/1/4029
f 2481/1/4030 2482/1/4030 2483/1/4030
f 2483/1/4031 2482/1/4031 2422/1/4031
f 2483/1/4032 2422/1/4032 2484/1/4032
f 2484/1/4033 2422/1/4033 2424/1/4033
f 2484/1/4034 2424/1/4034 2485/1/4034
f 2485/1/4035 2424/1/4035 2408/1/4035
f 2485/1/4036 2408/1/4036 2486/1/4036
f 2486/1/4037 2408/1/4037 2413/1/4037
f 2486/1/4038 2413/1/4038 2402/1/4038
f 2402/1/4039 2413/1/4039 2487/1/4039
f 2402/1/4040 2487/1/4040 2403/1/4040
f 2488/1/4041 2489/1/4041 2399/1/4041
f 2471/1/4042 2490/1/4042 2472/1/4042
f 2472/1/4043 2490/1/4043 2488/1/4043
f 2472/1/4044 2488/1/4044 2474/1/4044
f 2474/1/4045 2488/1/4045 2399/1/4045
f 2474/1/4046 2399/1/4046 2476/1/4046
f 2476/1/4047 2399/1/4047 2395/1/4047
f 2476/1/4048 2395/1/4048 2346/1/4048
f 2346/1/4049 2395/1/4049 2397/1/4049
f 2346/1/4050 2397/1/4050 2344/1/4050
f 2338/1/4051 2491/1/4051 2339/1/4051
f 2339/1/4052 2491/1/4052 2340/1/4052
f 2339/1/4053 2340/1/4053 2492/1/4053
f 2492/1/4054 2340/1/4054 2342/1/4054
f 2492/1/4055 2342/1/4055 2493/1/4055
f 2494/1/4056 2495/1/4056 2496/1/4056
f 2496/1/4057 2495/1/4057 2497/1/4057
f 2496/1/4058 2497/1/4058 2498/1/4058
f 2498/1/4059 2497/1/4059 2499/1/4059
f 2342/1/4060 2499/1/4060 2493/1/4060
f 2493/1/4061 2499/1/4061 2497/1/4061
f 2493/1/4062 2497/1/4062 2500/1/4062
f 2500/1/4063 2497/1/4063 2495/1/4063
f 2500/1/4064 2495/1/4064 2501/1/4064
f 2501/1/4065 2495/1/4065 2494/1/4065
f 2501/1/4066 2494/1/4066 2502/1/4066
f 2502/1/4067 2494/1/4067 2490/1/4067
f 2502/1/4068 2490/1/4068 2503/1/4068
f 2503/1/4069 2490/1/4069 2471/1/4069
f 2503/1/4070 2471/1/4070 2504/1/4070
f 2504/1/4071 2471/1/4071 2473/1/4071
f 2504/1/4072 2473/1/4072 2505/1/4072
f 2505/1/4073 2473/1/4073 2475/1/4073
f 2505/1/4074 2475/1/4074 2506/1/4074
f 2506/1/4075 2475/1/4075 2477/1/4075
f 2506/1/4076 2477/1/4076 2507/1/4076
f 2507/1/4077 2477/1/4077 2478/1/4077
f 2508/1/4078 2449/1/4078 2509/1/4078
f 2509/1/4079 2449/1/4079 2448/1/4079
f 2509/1/4080 2448/1/4080 2447/1/4080
f 2447/1/4081 2448/1/4081 2451/1/4081
f 2447/1/4082 2451/1/4082 2446/1/4082
f 2446/1/4083 2451/1/4083 2453/1/4083
f 2446/1/4084 2453/1/4084 2352/1/4084
f 2352/1/4085 2453/1/4085 2370/1/4085
f 2352/1/4086 2370/1/4086 2364/1/4086
f 2364/1/4087 2370/1/4087 2372/1/4087
f 2364/1/4088 2372/1/4088 2365/1/4088
f 2335/1/4089 2337/1/4089 2336/1/4089
f 2336/1/4090 2337/1/4090 2339/1/4090
f 2336/1/4091 2339/1/4091 2445/1/4091
f 2445/1/4092 2339/1/4092 2492/1/4092
f 2445/1/4093 2492/1/4093 2447/1/4093
f 2447/1/4094 2492/1/4094 2493/1/4094
f 2447/1/4095 2493/1/4095 2509/1/4095
f 2509/1/4096 2493/1/4096 2500/1/4096
f 2509/1/4097 2500/1/4097 2508/1/4097
f 2508/1/4098 2500/1/4098 2501/1/4098
f 2508/1/4099 2501/1/4099 2510/1/4099
f 2510/1/4100 2501/1/4100 2502/1/4100
f 2341/1/4101 2435/1/4101 2342/1/4101
f 2342/1/4102 2435/1/4102 2429/1/4102
f 2342/1/4103 2429/1/4103 2499/1/4103
f 2499/1/4104 2429/1/4104 2481/1/4104
f 2499/1/4105 2481/1/4105 2498/1/4105
f 2498/1/4106 2481/1/4106 2483/1/4106
f 2498/1/4107 2483/1/4107 2496/1/4107
f 2496/1/4108 2483/1/4108 2484/1/4108
f 2496/1/4109 2484/1/4109 2494/1/4109
f 2494/1/4110 2484/1/4110 2485/1/4110
f 2494/1/4111 2485/1/4111 2490/1/4111
f 2490/1/4112 2485/1/4112 2486/1/4112
f 2490/1/4113 2486/1/4113 2488/1/4113
f 2488/1/4114 2486/1/4114 2402/1/4114
f 2488/1/4115 2402/1/4115 2489/1/4115
f 2489/1/4116 2402/1/4116 2404/1/4116
f 2489/1/4117 2404/1/4117 2399/1/4117
f 2399/1/4118 2404/1/4118 2511/1/4118
f 2399/1/4119 2511/1/4119 2400/1/4119
f 2507/1/4120 2394/1/4120 2506/1/4120
f 2506/1/4121 2394/1/4121 2393/1/4121
f 2506/1/4122 2393/1/4122 2505/1/4122
f 2505/1/4123 2393/1/4123 2470/1/4123
f 2505/1/4124 2470/1/4124 2504/1/4124
f 2504/1/4125 2470/1/4125 2464/1/4125
f 2504/1/4126 2464/1/4126 2503/1/4126
f 2503/1/4127 2464/1/4127 2463/1/4127
f 2503/1/4128 2463/1/4128 2502/1/4128
f 2502/1/4129 2463/1/4129 2461/1/4129
f 2502/1/4130 2461/1/4130 2510/1/4130
f 2510/1/4131 2461/1/4131 2459/1/4131
f 2510/1/4132 2459/1/4132 2508/1/4132
f 2508/1/4133 2459/1/4133 2457/1/4133
f 2508/1/4134 2457/1/4134 2449/1/4134
f 2449/1/4135 2457/1/4135 2456/1/4135
f 2449/1/4136 2456/1/4136 2450/1/4136
f 2450/1/4137 2456/1/4137 2465/1/4137
f 2450/1/4138 2465/1/4138 2452/1/4138
f 2452/1/4139 2465/1/4139 2375/1/4139
f 2452/1/4140 2375/1/4140 2454/1/4140
f 2454/1/4141 2375/1/4141 2376/1/4141
f 2454/1/4142 2376/1/4142 2455/1/4142
f 2512/1/4143 1916/1/4143 2513/1/4143
f 2513/1/4144 1916/1/4144 1914/1/4144
f 1908/1/4145 1919/1/4145 2514/1/4145
f 2514/1/4146 1919/1/4146 1918/1/4146
f 2514/1/4147 1918/1/4147 2512/1/4147
f 2512/1/4148 1918/1/4148 1917/1/4148
f 2512/1/4149 1917/1/4149 1916/1/4149
f 2514/1/4150 2515/1/4150 1908/1/4150
f 1908/1/4151 2515/1/4151 2516/1/4151
f 1908/1/4152 2516/1/4152 1909/1/4152
f 1910/1/588 1909/1/588 2516/1/588
f 1910/1/588 2516/1/588 1905/1/588
f 2517/1/588 2518/1/588 2519/1/588
f 2519/1/588 2518/1/588 1901/1/588
f 2519/1/588 1901/1/588 2520/1/588
f 2520/1/588 1901/1/588 2521/1/588
f 1905/1/588 2516/1/588 1903/1/588
f 1903/1/588 2516/1/588 2522/1/588
f 1903/1/588 2522/1/588 1901/1/588
f 1901/1/588 2522/1/588 2523/1/588
f 1901/1/588 2523/1/588 2521/1/588
f 1896/1/4153 1895/1/4153 2524/1/4153
f 2524/1/4154 1895/1/4154 1894/1/4154
f 2524/1/4155 1894/1/4155 2518/1/4155
f 2518/1/4156 1894/1/4156 1893/1/4156
f 2518/1/4157 1893/1/4157 1901/1/4157
f 2524/1/4158 2525/1/4158 1896/1/4158
f 1896/1/4159 2525/1/4159 2526/1/4159
f 1896/1/4160 2526/1/4160 1897/1/4160
f 1897/1/4161 2526/1/4161 2527/1/4161
f 1897/1/4162 2527/1/4162 1898/1/4162
f 1892/1/4163 2343/1/4163 2528/1/4163
f 2529/1/4164 1881/1/4164 2173/1/4164
f 2173/1/4165 1881/1/4165 2530/1/4165
f 2166/1/4166 2175/1/4166 2531/1/4166
f 2531/1/4167 2175/1/4167 2174/1/4167
f 2531/1/4168 2174/1/4168 2532/1/4168
f 2165/1/4169 2166/1/4169 2533/1/4169
f 2533/1/4170 2166/1/4170 2531/1/4170
f 2533/1/4171 2531/1/4171 2534/1/4171
f 2534/1/4172 2531/1/4172 2532/1/4172
f 2534/1/4173 2532/1/4173 2535/1/4173
f 2535/1/4174 2532/1/4174 2536/1/4174
f 2537/1/4175 2538/1/4175 2539/1/4175
f 2538/1/4176 2540/1/4176 2539/1/4176
f 2539/1/4177 2540/1/4177 2528/1/4177
f 2539/1/4178 2528/1/4178 2541/1/4178
f 1892/1/4179 2528/1/4179 1890/1/4179
f 2542/1/4180 2004/1/4180 2543/1/4180
f 2543/1/4181 2004/1/4181 1997/1/4181
f 2543/1/4182 1997/1/4182 2544/1/4182
f 2544/1/4183 1997/1/4183 1888/1/4183
f 2544/1/4184 1888/1/4184 2545/1/4184
f 2545/1/4185 1888/1/4185 1890/1/4185
f 2545/1/4186 1890/1/4186 2546/1/4186
f 1884/1/4187 2547/1/4187 1885/1/4187
f 1885/1/4188 2547/1/4188 2548/1/4188
f 1885/1/4189 2548/1/4189 1886/1/4189
f 1886/1/4190 2548/1/4190 2549/1/4190
f 1886/1/4191 2549/1/4191 1887/1/4191
f 1887/1/4192 2549/1/4192 2550/1/4192
f 1887/1/4193 2550/1/4193 1833/1/4193
f 1890/1/4194 2528/1/4194 2546/1/4194
f 2546/1/4195 2528/1/4195 2540/1/4195
f 2546/1/4196 2540/1/4196 2545/1/4196
f 2545/1/4197 2540/1/4197 2538/1/4197
f 2545/1/4198 2538/1/4198 2544/1/4198
f 2544/1/4199 2538/1/4199 2537/1/4199
f 2544/1/4200 2537/1/4200 2543/1/4200
f 2543/1/4201 2537/1/4201 2551/1/4201
f 2543/1/4202 2551/1/4202 2542/1/4202
f 2542/1/4203 2551/1/4203 2552/1/4203
f 2542/1/4204 2552/1/4204 2553/1/4204
f 2539/1/4205 2554/1/4205 2537/1/4205
f 2537/1/4206 2554/1/4206 2555/1/4206
f 2537/1/4207 2555/1/4207 2551/1/4207
f 2551/1/4208 2555/1/4208 2556/1/4208
f 2551/1/4209 2556/1/4209 2552/1/4209
f 2552/1/4210 2556/1/4210 2557/1/4210
f 2552/1/4211 2557/1/4211 2553/1/4211
f 2553/1/4212 2557/1/4212 2558/1/4212
f 2553/1/4213 2558/1/4213 2559/1/4213
f 2559/1/4214 2558/1/4214 2536/1/4214
f 2559/1/4215 2536/1/4215 2560/1/4215
f 2560/1/4216 2536/1/4216 2532/1/4216
f 2560/1/4217 2532/1/4217 2530/1/4217
f 2530/1/4218 2532/1/4218 2174/1/4218
f 2530/1/4219 2174/1/4219 2173/1/4219
f 1881/1/4220 1833/1/4220 2530/1/4220
f 2530/1/4221 1833/1/4221 2550/1/4221
f 2530/1/4222 2550/1/4222 2560/1/4222
f 2560/1/4223 2550/1/4223 2549/1/4223
f 2560/1/4224 2549/1/4224 2559/1/4224
f 2559/1/4225 2549/1/4225 2548/1/4225
f 2559/1/4226 2548/1/4226 2553/1/4226
f 2553/1/4227 2548/1/4227 2547/1/4227
f 2553/1/4228 2547/1/4228 2542/1/4228
f 2542/1/4229 2547/1/4229 1884/1/4229
f 2542/1/4230 1884/1/4230 2004/1/4230
f 1876/1/4231 1875/1/4231 1877/1/4231
f 1877/1/4232 1875/1/4232 2561/1/4232
f 1877/1/4233 2561/1/4233 2562/1/4233
f 2562/1/4234 2561/1/4234 2563/1/4234
f 2562/1/4235 2563/1/4235 2564/1/4235
f 2564/1/4236 2563/1/4236 2565/1/4236
f 2564/1/4237 2565/1/4237 2566/1/4237
f 2566/1/4238 2565/1/4238 2113/1/4238
f 2566/1/4239 2113/1/4239 2114/1/4239
f 1875/1/4240 1874/1/4240 2561/1/4240
f 2561/1/4241 1874/1/4241 2567/1/4241
f 2561/1/4242 2567/1/4242 2563/1/4242
f 2563/1/4243 2567/1/4243 2568/1/4243
f 2563/1/4244 2568/1/4244 2565/1/4244
f 2565/1/4245 2568/1/4245 2569/1/4245
f 2565/1/4246 2569/1/4246 2113/1/4246
f 2113/1/4247 2569/1/4247 2115/1/4247
f 2566/1/1 2114/1/1 1866/1/1
f 1865/1/1 1877/1/1 2562/1/1
f 1865/1/1 2562/1/1 1866/1/1
f 1866/1/1 2562/1/1 2564/1/1
f 1866/1/1 2564/1/1 2566/1/1
f 2109/1/4248 2107/1/4248 2570/1/4248
f 2570/1/4249 2107/1/4249 1854/1/4249
f 2570/1/4250 1854/1/4250 2571/1/4250
f 2571/1/4251 1854/1/4251 2572/1/4251
f 2571/1/4252 2572/1/4252 2573/1/4252
f 2573/1/4253 2572/1/4253 1858/1/4253
f 2573/1/4254 1858/1/4254 2574/1/4254
f 2574/1/4255 1858/1/4255 1864/1/4255
f 2574/1/4256 1864/1/4256 1862/1/4256
f 1839/1/4257 2108/1/4257 1840/1/4257
f 1840/1/4258 2108/1/4258 2575/1/4258
f 1840/1/4259 2575/1/4259 1842/1/4259
f 2576/1/4260 1836/1/4260 2575/1/4260
f 2575/1/4261 1836/1/4261 1843/1/4261
f 2575/1/4262 1843/1/4262 1842/1/4262
f 2577/1/4263 1978/1/4263 2576/1/4263
f 2576/1/4264 1978/1/4264 1837/1/4264
f 2576/1/4265 1837/1/4265 1836/1/4265
f 2577/1/4266 2578/1/4266 1978/1/4266
f 1978/1/4267 2578/1/4267 2579/1/4267
f 1978/1/4268 2579/1/4268 1979/1/4268
f 2094/1/4269 2580/1/4269 2096/1/4269
f 2096/1/4269 2580/1/4269 2581/1/4269
f 2581/1/4270 2580/1/4270 2582/1/4270
f 2582/1/4270 2580/1/4270 2583/1/4270
f 2582/1/4271 2583/1/4271 2584/1/4271
f 2584/1/4271 2583/1/4271 2585/1/4271
f 2584/1/4272 2585/1/4272 2586/1/4272
f 2586/1/4272 2585/1/4272 2587/1/4272
f 2586/1/4273 2587/1/4273 2588/1/4273
f 2587/1/4273 2589/1/4273 2588/1/4273
f 2588/1/4274 2589/1/4274 2590/1/4274
f 2588/1/4274 2590/1/4274 2591/1/4274
f 2102/1/4275 2100/1/4275 2592/1/4275
f 2096/1/4276 2593/1/4276 2098/1/4276
f 2594/1/4277 2593/1/4277 2096/1/4277
f 2582/1/4278 2595/1/4278 2581/1/4278
f 2581/1/4279 2595/1/4279 2096/1/4279
f 2594/1/4280 2096/1/4280 2595/1/4280
f 2582/1/4281 2596/1/4281 2595/1/4281
f 2595/1/4282 2596/1/4282 2597/1/4282
f 2595/1/4282 2597/1/4282 2594/1/4282
f 2594/1/4283 2597/1/4283 2592/1/4283
f 2594/1/4284 2592/1/4284 2593/1/4284
f 2593/1/4285 2592/1/4285 2100/1/4285
f 2593/1/4285 2100/1/4285 2098/1/4285
f 2582/1/4286 2584/1/4286 2596/1/4286
f 2596/1/4287 2584/1/4287 2586/1/4287
f 2596/1/4288 2586/1/4288 2588/1/4288
f 2102/1/4275 2592/1/4275 2598/1/4275
f 2598/1/4289 2592/1/4289 2597/1/4289
f 2598/1/4289 2597/1/4289 2599/1/4289
f 2599/1/4290 2597/1/4290 2596/1/4290
f 2599/1/4291 2596/1/4291 2600/1/4291
f 2600/1/4292 2596/1/4292 2588/1/4292
f 2600/1/4293 2588/1/4293 2591/1/4293
f 2108/1/4294 2102/1/4294 2598/1/4294
f 2108/1/4294 2598/1/4294 2601/1/4294
f 2601/1/4295 2598/1/4295 2599/1/4295
f 2601/1/4295 2599/1/4295 2602/1/4295
f 2602/1/4296 2599/1/4296 2600/1/4296
f 2602/1/4296 2600/1/4296 2603/1/4296
f 2603/1/4297 2600/1/4297 2591/1/4297
f 2603/1/4297 2591/1/4297 2604/1/4297
f 2163/1/4298 2167/1/4298 2605/1/4298
f 2605/1/4299 2167/1/4299 2606/1/4299
f 2607/1/4300 2608/1/4300 2606/1/4300
f 2606/1/4301 2608/1/4301 2609/1/4301
f 2609/1/4302 2610/1/4302 2606/1/4302
f 2606/1/4303 2610/1/4303 2611/1/4303
f 2606/1/4304 2611/1/4304 2605/1/4304
f 2612/1/4305 2116/1/4305 2115/1/4305
f 2115/1/4306 2613/1/4306 2612/1/4306
f 2612/1/4307 2613/1/4307 2614/1/4307
f 2612/1/4308 2614/1/4308 2607/1/4308
f 2607/1/4309 2614/1/4309 2615/1/4309
f 2607/1/4310 2615/1/4310 2608/1/4310
f 2117/1/4311 2116/1/4311 2612/1/4311
f 2120/1/4312 2117/1/4312 2616/1/4312
f 2616/1/4312 2117/1/4312 2617/1/4312
f 2616/1/4313 2617/1/4313 2618/1/4313
f 2618/1/4313 2617/1/4313 2619/1/4313
f 2618/1/4314 2619/1/4314 2620/1/4314
f 2620/1/4315 2619/1/4315 2621/1/4315
f 2620/1/4316 2621/1/4316 2622/1/4316
f 2622/1/4316 2621/1/4316 2623/1/4316
f 2117/1/4317 2612/1/4317 2617/1/4317
f 2617/1/4318 2612/1/4318 2607/1/4318
f 2617/1/4319 2607/1/4319 2619/1/4319
f 2619/1/4320 2607/1/4320 2606/1/4320
f 2619/1/4321 2606/1/4321 2621/1/4321
f 2621/1/4322 2606/1/4322 2167/1/4322
f 2621/1/4323 2167/1/4323 2623/1/4323
f 2622/1/4324 2624/1/4324 2625/1/4324
f 2622/1/4324 2625/1/4324 2620/1/4324
f 2620/1/4325 2625/1/4325 2626/1/4325
f 2620/1/4325 2626/1/4325 2618/1/4325
f 2618/1/4326 2626/1/4326 2627/1/4326
f 2618/1/4327 2627/1/4327 2616/1/4327
f 2616/1/4328 2627/1/4328 2119/1/4328
f 2616/1/4328 2119/1/4328 2120/1/4328
f 1735/1/4329 2118/1/4329 2628/1/4329
f 1735/1/4330 2628/1/4330 2127/1/4330
f 2127/1/4331 2628/1/4331 2629/1/4331
f 2127/1/4332 2629/1/4332 2128/1/4332
f 2128/1/4333 2629/1/4333 2129/1/4333
f 2129/1/4334 2629/1/4334 2630/1/4334
f 2129/1/4335 2630/1/4335 2130/1/4335
f 2130/1/4336 2630/1/4336 2631/1/4336
f 2130/1/4336 2631/1/4336 2134/1/4336
f 2118/1/4337 2119/1/4337 2628/1/4337
f 2628/1/4337 2119/1/4337 2627/1/4337
f 2628/1/4338 2627/1/4338 2629/1/4338
f 2629/1/4338 2627/1/4338 2626/1/4338
f 2629/1/4339 2626/1/4339 2630/1/4339
f 2630/1/4340 2626/1/4340 2625/1/4340
f 2630/1/4341 2625/1/4341 2631/1/4341
f 2631/1/4341 2625/1/4341 2624/1/4341
f 2136/1/4342 2134/1/4342 2631/1/4342
f 2136/1/4342 2631/1/4342 2632/1/4342
f 2632/1/4343 2631/1/4343 2624/1/4343
f 2632/1/4343 2624/1/4343 2633/1/4343
f 2634/1/1 2635/1/1 2636/1/1
f 2637/1/4344 2638/1/4344 2639/1/4344
f 2639/1/4345 2638/1/4345 2640/1/4345
f 2634/1/4346 2636/1/4346 2641/1/4346
f 2641/1/4347 2636/1/4347 2642/1/4347
f 2641/1/4348 2642/1/4348 2643/1/4348
f 2643/1/4349 2642/1/4349 2644/1/4349
f 2643/1/4350 2644/1/4350 2640/1/4350
f 2640/1/4351 2644/1/4351 2645/1/4351
f 2640/1/4352 2645/1/4352 2639/1/4352
f 2646/1/4353 2647/1/4353 2648/1/4353
f 2648/1/4354 2647/1/4354 2649/1/4354
f 2648/1/4355 2649/1/4355 2650/1/4355
f 2650/1/4356 2649/1/4356 2651/1/4356
f 2650/1/4357 2651/1/4357 2652/1/4357
f 2652/1/4357 2651/1/4357 2653/1/4357
f 2652/1/4358 2653/1/4358 2637/1/4358
f 2637/1/4358 2653/1/4358 2654/1/4358
f 2637/1/4359 2654/1/4359 2638/1/4359
f 2158/1/4360 2159/1/4360 2655/1/4360
f 2655/1/4361 2159/1/4361 2656/1/4361
f 2655/1/4362 2656/1/4362 2646/1/4362
f 2646/1/4363 2656/1/4363 2657/1/4363
f 2646/1/4364 2657/1/4364 2647/1/4364
f 2658/1/627 2192/1/627 2194/1/627
f 2658/1/627 2194/1/627 2659/1/627
f 2659/1/627 2194/1/627 2190/1/627
f 2659/1/627 2190/1/627 2189/1/627
f 2660/1/4365 2661/1/4365 2662/1/4365
f 2662/1/4366 2661/1/4366 2663/1/4366
f 2662/1/4367 2663/1/4367 2664/1/4367
f 2664/1/4368 2663/1/4368 2665/1/4368
f 2665/1/4369 2663/1/4369 2666/1/4369
f 2665/1/4370 2666/1/4370 2667/1/4370
f 2667/1/4371 2666/1/4371 2668/1/4371
f 2667/1/4372 2668/1/4372 2669/1/4372
f 2669/1/4373 2668/1/4373 2189/1/4373
f 2669/1/4374 2189/1/4374 2188/1/4374
f 2665/1/4375 2667/1/4375 2670/1/4375
f 2670/1/4376 2667/1/4376 2669/1/4376
f 2671/1/4377 2660/1/4377 2672/1/4377
f 2672/1/4378 2660/1/4378 2662/1/4378
f 2672/1/4379 2662/1/4379 2664/1/4379
f 2671/1/4380 2672/1/4380 2673/1/4380
f 2673/1/4381 2672/1/4381 2674/1/4381
f 2673/1/4382 2674/1/4382 2675/1/4382
f 2675/1/4383 2674/1/4383 2676/1/4383
f 2675/1/4383 2676/1/4383 2677/1/4383
f 2677/1/4384 2676/1/4384 2678/1/4384
f 2678/1/4385 2676/1/4385 2679/1/4385
f 2678/1/4386 2679/1/4386 2680/1/4386
f 2680/1/4387 2679/1/4387 2681/1/4387
f 2681/1/4388 2679/1/4388 2682/1/4388
f 2681/1/4389 2682/1/4389 2683/1/4389
f 2683/1/4390 2682/1/4390 2684/1/4390
f 2683/1/4390 2684/1/4390 2685/1/4390
f 2685/1/4391 2684/1/4391 2686/1/4391
f 2686/1/4392 2684/1/4392 2687/1/4392
f 2686/1/4393 2687/1/4393 2688/1/4393
f 2636/1/4394 2688/1/4394 2689/1/4394
f 2689/1/4395 2688/1/4395 2687/1/4395
f 2689/1/4396 2687/1/4396 2690/1/4396
f 2691/1/4397 2690/1/4397 2692/1/4397
f 2212/1/4398 2211/1/4398 2691/1/4398
f 2691/1/4398 2693/1/4398 2212/1/4398
f 2212/1/4399 2693/1/4399 2694/1/4399
f 2212/1/4400 2694/1/4400 2214/1/4400
f 2214/1/4401 2694/1/4401 2695/1/4401
f 2214/1/4401 2695/1/4401 2216/1/4401
f 2216/1/4402 2695/1/4402 2696/1/4402
f 2216/1/4402 2696/1/4402 2217/1/4402
f 2217/1/4403 2696/1/4403 2697/1/4403
f 2217/1/4403 2697/1/4403 2219/1/4403
f 2219/1/4404 2697/1/4404 2698/1/4404
f 2219/1/4405 2698/1/4405 2221/1/4405
f 2221/1/4406 2698/1/4406 2699/1/4406
f 2221/1/4406 2699/1/4406 2222/1/4406
f 2222/1/4407 2699/1/4407 2188/1/4407
f 2691/1/4397 2692/1/4397 2693/1/4397
f 2693/1/4408 2692/1/4408 2700/1/4408
f 2693/1/4408 2700/1/4408 2694/1/4408
f 2694/1/4409 2700/1/4409 2701/1/4409
f 2694/1/4409 2701/1/4409 2695/1/4409
f 2695/1/4410 2701/1/4410 2702/1/4410
f 2695/1/4410 2702/1/4410 2696/1/4410
f 2696/1/4411 2702/1/4411 2703/1/4411
f 2696/1/4411 2703/1/4411 2697/1/4411
f 2697/1/4412 2703/1/4412 2704/1/4412
f 2697/1/4412 2704/1/4412 2698/1/4412
f 2698/1/4413 2704/1/4413 2670/1/4413
f 2698/1/4413 2670/1/4413 2699/1/4413
f 2699/1/4414 2670/1/4414 2669/1/4414
f 2699/1/4415 2669/1/4415 2188/1/4415
f 2690/1/4416 2687/1/4416 2692/1/4416
f 2692/1/4417 2687/1/4417 2684/1/4417
f 2692/1/4418 2684/1/4418 2700/1/4418
f 2700/1/4419 2684/1/4419 2682/1/4419
f 2700/1/4419 2682/1/4419 2701/1/4419
f 2701/1/4420 2682/1/4420 2679/1/4420
f 2701/1/4421 2679/1/4421 2702/1/4421
f 2702/1/4422 2679/1/4422 2676/1/4422
f 2702/1/4423 2676/1/4423 2703/1/4423
f 2703/1/4424 2676/1/4424 2674/1/4424
f 2703/1/4425 2674/1/4425 2704/1/4425
f 2704/1/4426 2674/1/4426 2672/1/4426
f 2704/1/4427 2672/1/4427 2670/1/4427
f 2670/1/4428 2672/1/4428 2664/1/4428
f 2670/1/4429 2664/1/4429 2665/1/4429
f 2705/551/4430 2706/552/4430 2707/553/4430
f 2708/554/4431 2709/555/4431 2710/556/4431
f 2711/1/4432 2712/1/4432 2713/1/4432
f 2227/557/4433 2229/558/4433 2714/559/4433
f 1828/560/4434 2715/561/4434 2223/562/4434
f 2223/562/4435 2715/561/4435 2716/563/4435
f 2223/562/4436 2716/563/4436 2225/564/4436
f 2717/565/4437 2718/566/4437 2243/567/4437
f 2241/568/4438 2239/569/4438 2719/570/4438
f 2719/570/4439 2239/569/4439 2237/571/4439
f 2719/570/4440 2237/571/4440 2720/572/4440
f 2720/1/4441 2237/1/4441 2234/1/4441
f 2720/573/4442 2234/574/4442 2721/575/4442
f 2721/575/4443 2234/574/4443 2232/576/4443
f 2721/1/4444 2232/1/4444 2231/1/4444
f 2722/577/4445 2723/578/4445 2249/579/4445
f 2249/579/4446 2248/580/4446 2722/577/4446
f 2722/577/4447 2248/580/4447 2246/581/4447
f 2722/577/4448 2246/581/4448 2718/566/4448
f 2718/566/4449 2246/581/4449 2245/582/4449
f 2718/566/4450 2245/582/4450 2243/567/4450
f 2712/583/4451 2711/584/4451 2724/585/4451
f 2711/586/4452 2254/587/4452 2724/588/4452
f 2724/589/4453 2254/590/4453 2253/591/4453
f 2724/589/4454 2253/591/4454 2723/592/4454
f 2723/1/4455 2253/1/4455 2251/1/4455
f 2723/578/4456 2251/593/4456 2249/579/4456
f 2725/1/4457 2726/1/4457 2727/1/4457
f 2727/594/4458 2726/595/4458 2728/596/4458
f 2727/1/4459 2728/1/4459 2729/1/4459
f 2721/597/4460 2730/598/4460 2720/572/4460
f 2720/572/4461 2730/598/4461 2731/599/4461
f 2720/572/4462 2731/599/4462 2719/570/4462
f 2719/570/4463 2731/599/4463 2717/565/4463
f 2719/570/4464 2717/565/4464 2241/568/4464
f 2241/568/4465 2717/565/4465 2243/567/4465
f 2730/598/4466 2708/554/4466 2731/599/4466
f 2731/599/4467 2708/554/4467 2710/556/4467
f 2731/599/4468 2710/556/4468 2717/565/4468
f 2717/565/4469 2710/556/4469 2732/600/4469
f 2717/565/4470 2732/600/4470 2718/566/4470
f 2718/566/4471 2732/600/4471 2733/601/4471
f 2718/566/4472 2733/601/4472 2722/577/4472
f 2722/602/4473 2733/603/4473 2734/604/4473
f 2722/602/4474 2734/604/4474 2723/592/4474
f 2723/592/4475 2734/604/4475 2735/605/4475
f 2723/592/4476 2735/605/4476 2724/589/4476
f 2724/589/4477 2735/605/4477 2736/606/4477
f 2724/588/4478 2736/607/4478 2712/608/4478
f 2712/583/4479 2736/609/4479 2737/610/4479
f 2712/583/4480 2737/610/4480 2713/611/4480
f 2713/611/4481 2737/610/4481 2738/612/4481
f 2739/613/4482 2740/614/4482 2741/615/4482
f 2741/616/4483 2740/617/4483 2742/618/4483
f 2743/619/4484 2742/618/4484 2714/559/4484
f 2744/620/4485 2745/621/4485 2716/622/4485
f 2716/623/4486 2745/624/4486 2230/625/4486
f 2716/623/4487 2230/625/4487 2225/626/4487
f 2746/627/4488 2744/620/4488 2747/628/4488
f 2747/628/4489 2744/620/4489 2716/622/4489
f 2747/629/4490 2716/563/4490 2748/630/4490
f 2748/630/4491 2716/563/4491 2715/561/4491
f 2229/631/4492 2230/625/4492 2714/632/4492
f 2714/632/4493 2230/625/4493 2745/624/4493
f 2714/559/4494 2745/633/4494 2743/619/4494
f 2743/634/4495 2745/635/4495 2744/636/4495
f 2743/619/4496 2744/637/4496 2749/638/4496
f 2749/639/4497 2744/640/4497 2746/641/4497
f 2749/642/4498 2746/643/4498 2750/644/4498
f 2751/645/4499 2706/552/4499 2752/646/4499
f 2752/646/4500 2706/552/4500 2705/551/4500
f 2752/647/4501 2705/648/4501 2753/649/4501
f 2754/650/4502 2755/651/4502 2756/652/4502
f 2756/652/4503 2755/651/4503 2739/613/4503
f 2756/652/4504 2739/613/4504 2757/653/4504
f 2757/653/4505 2739/613/4505 2741/615/4505
f 2758/654/4506 2759/655/4506 2754/656/4506
f 2754/657/4507 2759/658/4507 2760/659/4507
f 2754/657/4508 2760/659/4508 2755/660/4508
f 2755/1/4509 2760/1/4509 2761/1/4509
f 2755/660/4510 2761/661/4510 2762/662/4510
f 2762/662/4511 2751/645/4511 2755/660/4511
f 2755/660/4512 2751/645/4512 2752/646/4512
f 2755/651/4513 2752/647/4513 2739/613/4513
f 2739/613/4514 2752/647/4514 2753/649/4514
f 2739/613/4515 2753/649/4515 2740/614/4515
f 2729/663/4516 2728/596/4516 2763/664/4516
f 2763/665/4517 2728/666/4517 2764/667/4517
f 2763/668/4518 2764/669/4518 2765/670/4518
f 2765/670/4519 2764/669/4519 2766/671/4519
f 2765/670/4520 2766/671/4520 2767/672/4520
f 2762/662/4521 2768/673/4521 2751/645/4521
f 2751/645/4522 2768/673/4522 2769/674/4522
f 2751/645/4523 2769/674/4523 2706/552/4523
f 2706/552/4524 2769/674/4524 2770/675/4524
f 2706/552/4525 2770/675/4525 2707/553/4525
f 2707/553/4526 2770/675/4526 2771/676/4526
f 2707/553/4527 2771/676/4527 2772/677/4527
f 2772/677/4528 2771/676/4528 2773/678/4528
f 2772/677/4529 2773/678/4529 2774/679/4529
f 2774/679/4530 2773/678/4530 2767/672/4530
f 2774/679/4531 2767/672/4531 2775/680/4531
f 2775/680/4532 2767/672/4532 2766/671/4532
f 2742/618/4533 2743/619/4533 2741/616/4533
f 2741/616/4534 2743/619/4534 2749/638/4534
f 2741/616/4535 2749/638/4535 2757/681/4535
f 2757/682/4536 2749/642/4536 2750/644/4536
f 2757/682/4537 2750/644/4537 2756/683/4537
f 2756/684/4538 2750/685/4538 2776/686/4538
f 2756/684/4539 2776/686/4539 2754/687/4539
f 2754/687/4540 2776/686/4540 2777/688/4540
f 2754/656/4541 2777/689/4541 2758/654/4541
f 2726/595/4542 2738/612/4542 2728/596/4542
f 2728/596/4543 2738/612/4543 2737/610/4543
f 2728/596/4544 2737/610/4544 2764/690/4544
f 2764/667/4545 2737/691/4545 2736/607/4545
f 2764/669/4546 2736/606/4546 2766/671/4546
f 2766/671/4547 2736/606/4547 2735/605/4547
f 2766/671/4548 2735/605/4548 2775/680/4548
f 2775/680/4549 2735/605/4549 2734/604/4549
f 2775/680/4550 2734/604/4550 2774/679/4550
f 2774/679/4551 2734/604/4551 2733/603/4551
f 2774/679/4552 2733/603/4552 2772/677/4552
f 2772/677/4553 2733/603/4553 2732/692/4553
f 2772/677/4554 2732/692/4554 2707/553/4554
f 2707/553/4555 2732/692/4555 2710/693/4555
f 2707/553/4556 2710/693/4556 2705/551/4556
f 2705/648/4557 2710/556/4557 2709/555/4557
f 2705/648/4558 2709/555/4558 2753/649/4558
f 2753/649/4559 2709/555/4559 2708/554/4559
f 2753/649/4560 2708/554/4560 2740/614/4560
f 2740/614/4561 2708/554/4561 2730/598/4561
f 2740/614/4562 2730/598/4562 2742/694/4562
f 2742/618/4563 2730/695/4563 2721/575/4563
f 2742/618/4564 2721/575/4564 2714/559/4564
f 2714/559/4565 2721/575/4565 2231/696/4565
f 2714/559/4566 2231/696/4566 2227/557/4566
f 2257/1/1 2256/1/1 2258/1/1
f 2258/1/1 2256/1/1 2255/1/1
f 2258/1/1 2255/1/1 2259/1/1
f 2259/1/1 2255/1/1 2778/1/1
f 2259/1/1 2778/1/1 2779/1/1
f 2780/1/4567 2781/1/4567 2291/1/4567
f 2287/1/4568 2782/1/4568 2288/1/4568
f 2288/1/4569 2782/1/4569 2780/1/4569
f 2288/1/4570 2780/1/4570 2290/1/4570
f 2290/1/4571 2780/1/4571 2291/1/4571
f 2783/1/4572 2283/1/4572 2784/1/4572
f 2784/1/4573 2283/1/4573 2282/1/4573
f 2784/1/4574 2282/1/4574 2781/1/4574
f 2781/1/4575 2282/1/4575 2286/1/4575
f 2781/1/4576 2286/1/4576 2291/1/4576
f 2785/1/4577 1929/1/4577 2783/1/4577
f 2783/1/4578 1929/1/4578 1928/1/4578
f 1928/1/4579 2285/1/4579 2783/1/4579
f 2783/1/4580 2285/1/4580 2284/1/4580
f 2783/1/4581 2284/1/4581 2283/1/4581
f 2786/1/4582 1925/1/4582 2785/1/4582
f 2785/1/4583 1925/1/4583 1931/1/4583
f 2785/1/4584 1931/1/4584 1929/1/4584
f 2787/1/4585 1921/1/4585 2786/1/4585
f 2786/1/4586 1921/1/4586 1926/1/4586
f 2786/1/4587 1926/1/4587 1925/1/4587
f 2788/1/4588 2409/1/4588 2407/1/4588
f 2407/1/4589 1924/1/4589 2788/1/4589
f 2788/1/4590 1924/1/4590 1923/1/4590
f 2788/1/4591 1923/1/4591 2787/1/4591
f 2787/1/4592 1923/1/4592 1922/1/4592
f 2787/1/4593 1922/1/4593 1921/1/4593
f 2409/1/4594 2788/1/4594 2410/1/4594
f 2410/1/4595 2788/1/4595 2789/1/4595
f 2410/1/4596 2789/1/4596 2411/1/4596
f 2790/1/4597 2413/1/4597 2789/1/4597
f 2789/1/4598 2413/1/4598 2412/1/4598
f 2789/1/4599 2412/1/4599 2411/1/4599
f 2791/1/4600 2403/1/4600 2790/1/4600
f 2790/1/4601 2403/1/4601 2487/1/4601
f 2790/1/4602 2487/1/4602 2413/1/4602
f 2792/1/4603 2793/1/4603 2794/1/4603
f 2794/1/4604 2793/1/4604 2795/1/4604
f 2794/1/4605 2795/1/4605 2791/1/4605
f 2791/1/4606 2795/1/4606 2796/1/4606
f 2791/1/4607 2796/1/4607 2797/1/4607
f 2797/1/4608 2406/1/4608 2791/1/4608
f 2791/1/4609 2406/1/4609 2405/1/4609
f 2791/1/4610 2405/1/4610 2403/1/4610
f 2792/1/4611 2794/1/4611 2798/1/4611
f 2798/1/4612 2794/1/4612 2799/1/4612
f 2798/1/4613 2799/1/4613 2800/1/4613
f 2801/1/4614 2802/1/4614 2803/1/4614
f 2803/1/4615 2802/1/4615 2804/1/4615
f 2803/1/4616 2804/1/4616 2799/1/4616
f 2799/1/4617 2804/1/4617 2805/1/4617
f 2799/1/4618 2805/1/4618 2800/1/4618
f 2287/1/4619 2311/1/4619 2782/1/4619
f 2782/1/4620 2311/1/4620 2806/1/4620
f 2782/1/4621 2806/1/4621 2803/1/4621
f 2803/1/4622 2806/1/4622 2807/1/4622
f 2803/1/4623 2807/1/4623 2801/1/4623
f 2808/1/4624 2809/1/4624 2810/1/4624
f 2811/1/4625 2812/1/4625 2813/1/4625
f 2814/1/4626 2815/1/4626 2816/1/4626
f 2816/1/4627 2815/1/4627 2817/1/4627
f 2816/1/4628 2817/1/4628 2818/1/4628
f 2818/1/4629 2817/1/4629 2819/1/4629
f 2818/1/4630 2819/1/4630 2820/1/4630
f 2820/1/4631 2819/1/4631 2332/1/4631
f 2820/1/4632 2332/1/4632 2331/1/4632
f 2810/1/4633 2809/1/4633 2813/1/4633
f 2813/1/4634 2809/1/4634 2821/1/4634
f 2813/1/4635 2821/1/4635 2811/1/4635
f 2808/1/4636 2810/1/4636 2822/1/4636
f 2822/1/4637 2810/1/4637 2823/1/4637
f 2822/1/4638 2823/1/4638 2824/1/4638
f 2824/1/4639 2823/1/4639 2825/1/4639
f 2824/1/4640 2825/1/4640 2826/1/4640
f 2826/1/4641 2825/1/4641 2827/1/4641
f 2826/1/4642 2827/1/4642 2828/1/4642
f 2829/1/4643 2813/1/4643 2830/1/4643
f 2830/1/4644 2813/1/4644 2812/1/4644
f 2830/1/4645 2812/1/4645 2831/1/4645
f 2832/1/4646 2815/1/4646 2829/1/4646
f 2829/1/4647 2815/1/4647 2814/1/4647
f 2829/1/4643 2814/1/4643 2813/1/4643
f 2813/1/4648 2814/1/4648 2816/1/4648
f 2813/1/4648 2816/1/4648 2810/1/4648
f 2810/1/4649 2816/1/4649 2818/1/4649
f 2810/1/4649 2818/1/4649 2823/1/4649
f 2823/1/4650 2818/1/4650 2820/1/4650
f 2823/1/4650 2820/1/4650 2825/1/4650
f 2825/1/4651 2820/1/4651 2331/1/4651
f 2825/1/4652 2331/1/4652 2827/1/4652
f 2833/1/4653 2834/1/4653 2835/1/4653
f 2528/1/4654 2343/1/4654 2437/1/4654
f 2541/1/4655 2528/1/4655 2836/1/4655
f 2836/1/4656 2528/1/4656 2837/1/4656
f 2838/1/4657 2839/1/4657 2840/1/4657
f 2840/1/4658 2839/1/4658 2841/1/4658
f 2840/1/4659 2841/1/4659 2837/1/4659
f 2837/1/4660 2841/1/4660 2842/1/4660
f 2837/1/4661 2842/1/4661 2836/1/4661
f 2833/1/4662 2835/1/4662 2843/1/4662
f 2817/1/4663 2442/1/4663 2819/1/4663
f 2819/1/4664 2442/1/4664 2332/1/4664
f 2817/1/4665 2815/1/4665 2844/1/4665
f 2844/1/4666 2815/1/4666 2832/1/4666
f 2844/1/4667 2832/1/4667 2843/1/4667
f 2817/1/4668 2844/1/4668 2442/1/4668
f 2442/1/4669 2844/1/4669 2845/1/4669
f 2442/1/4670 2845/1/4670 2438/1/4670
f 2438/1/4671 2845/1/4671 2846/1/4671
f 2438/1/4672 2846/1/4672 2334/1/4672
f 2340/1/4673 2491/1/4673 2847/1/4673
f 2847/1/4674 2491/1/4674 2338/1/4674
f 2847/1/4675 2338/1/4675 2848/1/4675
f 2848/1/4676 2338/1/4676 2337/1/4676
f 2848/1/4677 2337/1/4677 2846/1/4677
f 2846/1/4678 2337/1/4678 2335/1/4678
f 2846/1/4679 2335/1/4679 2334/1/4679
f 2838/1/4680 2840/1/4680 2847/1/4680
f 2847/1/4681 2840/1/4681 2341/1/4681
f 2847/1/4682 2341/1/4682 2340/1/4682
f 2528/1/4683 2437/1/4683 2837/1/4683
f 2837/1/4684 2437/1/4684 2436/1/4684
f 2837/1/4685 2436/1/4685 2840/1/4685
f 2840/1/4686 2436/1/4686 2435/1/4686
f 2840/1/4687 2435/1/4687 2341/1/4687
f 2843/1/4688 2835/1/4688 2844/1/4688
f 2844/1/4689 2835/1/4689 2849/1/4689
f 2844/1/4690 2849/1/4690 2845/1/4690
f 2845/1/4691 2849/1/4691 2850/1/4691
f 2845/1/4692 2850/1/4692 2846/1/4692
f 2846/1/4693 2850/1/4693 2851/1/4693
f 2846/1/4694 2851/1/4694 2848/1/4694
f 2848/1/4695 2851/1/4695 2852/1/4695
f 2848/1/4696 2852/1/4696 2847/1/4696
f 2847/1/4697 2852/1/4697 2853/1/4697
f 2847/1/4698 2853/1/4698 2838/1/4698
f 2428/1/4699 2854/1/4699 2430/1/4699
f 2430/1/4700 2854/1/4700 2855/1/4700
f 2430/1/4701 2855/1/4701 2431/1/4701
f 2431/1/4702 2855/1/4702 2432/1/4702
f 2432/1/4703 2855/1/4703 2856/1/4703
f 2432/1/4704 2856/1/4704 2433/1/4704
f 2433/1/4705 2856/1/4705 2434/1/4705
f 2434/1/4706 2856/1/4706 2857/1/4706
f 2434/1/4707 2857/1/4707 2479/1/4707
f 2479/1/4708 2857/1/4708 2858/1/4708
f 2479/1/4709 2858/1/4709 2480/1/4709
f 2859/1/504 2426/1/504 2425/1/504
f 2858/1/504 2860/1/504 2480/1/504
f 2480/1/504 2860/1/504 2861/1/504
f 2480/1/504 2861/1/504 2862/1/504
f 2862/1/504 2863/1/504 2480/1/504
f 2480/1/504 2863/1/504 2864/1/504
f 2480/1/504 2864/1/504 2482/1/504
f 2482/1/504 2864/1/504 2865/1/504
f 2482/1/504 2865/1/504 2422/1/504
f 2422/1/504 2865/1/504 2859/1/504
f 2422/1/504 2859/1/504 2423/1/504
f 2423/1/504 2859/1/504 2425/1/504
f 2426/1/4710 2859/1/4710 2414/1/4710
f 2414/1/4711 2859/1/4711 2866/1/4711
f 2414/1/4712 2866/1/4712 2415/1/4712
f 2415/1/4713 2866/1/4713 2416/1/4713
f 2416/1/4714 2866/1/4714 2867/1/4714
f 2416/1/4715 2867/1/4715 2417/1/4715
f 2417/1/4716 2867/1/4716 2418/1/4716
f 2418/1/4717 2867/1/4717 2868/1/4717
f 2418/1/4718 2868/1/4718 2419/1/4718
f 2419/1/4719 2868/1/4719 2869/1/4719
f 2419/1/4720 2869/1/4720 2420/1/4720
f 2870/1/4721 2377/1/4721 150/1/4721
f 2344/1/4722 2871/1/4722 164/1/4722
f 2344/1/4723 164/1/4723 2345/1/4723
f 2345/1/4724 164/1/4724 162/1/4724
f 2345/1/4725 162/1/4725 2478/1/4725
f 2478/1/4726 162/1/4726 2872/1/4726
f 2478/1/4727 2872/1/4727 2507/1/4727
f 2872/1/4728 160/1/4728 2507/1/4728
f 2507/1/4729 160/1/4729 2873/1/4729
f 2507/1/4730 2873/1/4730 2394/1/4730
f 2394/1/4731 2873/1/4731 158/1/4731
f 2394/1/4732 158/1/4732 156/1/4732
f 154/1/4733 2390/1/4733 156/1/4733
f 156/1/4734 2390/1/4734 2392/1/4734
f 156/1/4735 2392/1/4735 2394/1/4735
f 150/1/4736 2377/1/4736 2874/1/4736
f 2377/1/4737 2379/1/4737 2874/1/4737
f 2874/1/4738 2379/1/4738 2387/1/4738
f 2874/1/4739 2387/1/4739 152/1/4739
f 152/1/4740 2387/1/4740 2348/1/4740
f 152/1/4741 2348/1/4741 2875/1/4741
f 2875/1/4742 2348/1/4742 2347/1/4742
f 2875/1/4743 2347/1/4743 154/1/4743
f 154/1/4744 2347/1/4744 2388/1/4744
f 154/1/4745 2388/1/4745 2390/1/4745
f 2876/1/4746 150/1/4746 2877/1/4746
f 2877/1/4747 150/1/4747 148/1/4747
f 2877/1/4748 148/1/4748 2878/1/4748
f 2878/1/4749 148/1/4749 2879/1/4749
f 2880/1/4750 2881/1/4750 2876/1/4750
f 2876/1/4751 2881/1/4751 2882/1/4751
f 2876/1/4752 2882/1/4752 150/1/4752
f 150/1/4753 2882/1/4753 2883/1/4753
f 150/1/4754 2883/1/4754 2870/1/4754
f 2884/1/4755 2885/1/4755 2886/1/4755
f 2886/1/4756 2885/1/4756 2887/1/4756
f 2887/1/4757 2888/1/4757 2886/1/4757
f 2886/1/4758 2888/1/4758 2889/1/4758
f 2886/1/4759 2889/1/4759 2890/1/4759
f 2890/1/4760 2889/1/4760 2891/1/4760
f 2879/1/4761 148/1/4761 149/1/4761
f 149/1/4762 148/1/4762 146/1/4762
f 149/1/4763 146/1/4763 147/1/4763
f 147/1/4764 146/1/4764 144/1/4764
f 147/1/4765 144/1/4765 145/1/4765
f 145/1/4766 144/1/4766 142/1/4766
f 145/1/4767 142/1/4767 143/1/4767
f 143/1/4768 142/1/4768 140/1/4768
f 143/1/4769 140/1/4769 141/1/4769
f 141/1/4770 140/1/4770 138/1/4770
f 141/1/4771 138/1/4771 139/1/4771
f 139/1/4772 138/1/4772 2892/1/4772
f 139/1/4773 2892/1/4773 137/1/4773
f 137/1/4774 2892/1/4774 136/1/4774
f 137/1/4775 136/1/4775 2891/1/4775
f 2891/1/4776 136/1/4776 2893/1/4776
f 2891/1/4776 2893/1/4776 2890/1/4776
f 2883/1/4777 2882/1/4777 2894/1/4777
f 2894/1/4778 2895/1/4778 2883/1/4778
f 2883/1/4779 2895/1/4779 2896/1/4779
f 2883/1/4780 2896/1/4780 2870/1/4780
f 2897/1/4781 2378/1/4781 2898/1/4781
f 2898/1/4782 2378/1/4782 2377/1/4782
f 2898/1/4783 2377/1/4783 2870/1/4783
f 2384/1/4784 2383/1/4784 2899/1/4784
f 2899/1/4785 2383/1/4785 2382/1/4785
f 2899/1/4786 2382/1/4786 2897/1/4786
f 2897/1/4787 2382/1/4787 2380/1/4787
f 2897/1/4788 2380/1/4788 2378/1/4788
f 2900/1/4789 2385/1/4789 2384/1/4789
f 2901/1/4790 2902/1/4790 2903/1/4790
f 2903/1/4791 2902/1/4791 2904/1/4791
f 2384/1/4792 2899/1/4792 2900/1/4792
f 2900/1/4793 2899/1/4793 2905/1/4793
f 2900/1/4794 2905/1/4794 2906/1/4794
f 2907/1/4795 2906/1/4795 2904/1/4795
f 2904/1/4796 2906/1/4796 2905/1/4796
f 2904/1/4797 2905/1/4797 2903/1/4797
f 2903/1/4798 2905/1/4798 2899/1/4798
f 2903/1/4799 2899/1/4799 2901/1/4799
f 2901/1/4800 2899/1/4800 2897/1/4800
f 2901/1/4801 2897/1/4801 2908/1/4801
f 2909/1/4802 2910/1/4802 2911/1/4802
f 2911/1/4803 2910/1/4803 2912/1/4803
f 2896/1/4804 2909/1/4804 2870/1/4804
f 2870/1/4805 2909/1/4805 2911/1/4805
f 2870/1/4806 2911/1/4806 2898/1/4806
f 2898/1/4807 2911/1/4807 2912/1/4807
f 2898/1/4808 2912/1/4808 2897/1/4808
f 2897/1/4809 2912/1/4809 2913/1/4809
f 2897/1/4810 2913/1/4810 2908/1/4810
f 2914/1/4811 2900/1/4811 2906/1/4811
f 2914/1/4812 2374/1/4812 2900/1/4812
f 2900/1/4813 2374/1/4813 2386/1/4813
f 2900/1/4814 2386/1/4814 2385/1/4814
f 2915/1/4815 2366/1/4815 2365/1/4815
f 2916/1/4816 2915/1/4816 2917/1/4816
f 2915/1/4817 2365/1/4817 2917/1/4817
f 2917/1/4818 2365/1/4818 2372/1/4818
f 2917/1/4819 2372/1/4819 2918/1/4819
f 2918/1/4820 2372/1/4820 2371/1/4820
f 2918/1/4821 2371/1/4821 2919/1/4821
f 2919/1/4822 2371/1/4822 2455/1/4822
f 2919/1/4823 2455/1/4823 2914/1/4823
f 2914/1/4824 2455/1/4824 2376/1/4824
f 2914/1/4825 2376/1/4825 2374/1/4825
f 2916/1/4826 2917/1/4826 2920/1/4826
f 2920/1/4827 2917/1/4827 2918/1/4827
f 2920/1/4828 2918/1/4828 2921/1/4828
f 2921/1/4829 2918/1/4829 2919/1/4829
f 2921/1/4830 2919/1/4830 2922/1/4830
f 2922/1/4831 2919/1/4831 2914/1/4831
f 2922/1/4832 2914/1/4832 2923/1/4832
f 2923/1/4833 2914/1/4833 2906/1/4833
f 2923/1/4834 2906/1/4834 2907/1/4834
f 2350/1/4835 2369/1/4835 2924/1/4835
f 2925/1/4836 2368/1/4836 2915/1/4836
f 2915/1/4837 2368/1/4837 2367/1/4837
f 2915/1/4838 2367/1/4838 2366/1/4838
f 2350/1/4839 2924/1/4839 2926/1/4839
f 2926/1/4840 2924/1/4840 2927/1/4840
f 2926/1/4841 2927/1/4841 2928/1/4841
f 2915/1/4842 2916/1/4842 2925/1/4842
f 2925/1/4843 2916/1/4843 2929/1/4843
f 2925/1/4844 2929/1/4844 2930/1/4844
f 2930/1/4845 2929/1/4845 2931/1/4845
f 2930/1/4846 2931/1/4846 2932/1/4846
f 2932/1/4847 2931/1/4847 2933/1/4847
f 2932/1/4848 2933/1/4848 2934/1/4848
f 2934/1/4849 2933/1/4849 2935/1/4849
f 2369/1/4850 2368/1/4850 2924/1/4850
f 2924/1/4851 2368/1/4851 2925/1/4851
f 2924/1/4852 2925/1/4852 2927/1/4852
f 2927/1/4853 2925/1/4853 2930/1/4853
f 2927/1/4854 2930/1/4854 2928/1/4854
f 2928/1/4855 2930/1/4855 2932/1/4855
f 2928/1/4856 2932/1/4856 2936/1/4856
f 2936/1/4857 2932/1/4857 2934/1/4857
f 2926/1/4858 2360/1/4858 2350/1/4858
f 2926/1/4859 2928/1/4859 2360/1/4859
f 2360/1/4860 2928/1/4860 2937/1/4860
f 2360/1/4861 2937/1/4861 2361/1/4861
f 2938/1/4862 2939/1/4862 2940/1/4862
f 2361/1/4863 2937/1/4863 2357/1/4863
f 2357/1/4864 2937/1/4864 2941/1/4864
f 2357/1/4865 2941/1/4865 2358/1/4865
f 2358/1/4866 2941/1/4866 2942/1/4866
f 2358/1/4867 2942/1/4867 2359/1/4867
f 2359/1/4868 2942/1/4868 2355/1/4868
f 2943/1/4869 2939/1/4869 2944/1/4869
f 2944/1/4870 2939/1/4870 2938/1/4870
f 2944/1/4871 2938/1/4871 2945/1/4871
f 2362/1/4872 2356/1/4872 2940/1/4872
f 2940/1/4873 2356/1/4873 2355/1/4873
f 2940/1/4874 2355/1/4874 2938/1/4874
f 2938/1/4875 2355/1/4875 2942/1/4875
f 2938/1/4876 2942/1/4876 2945/1/4876
f 2945/1/4877 2942/1/4877 2941/1/4877
f 2945/1/4878 2941/1/4878 2946/1/4878
f 2946/1/4879 2941/1/4879 2937/1/4879
f 2946/1/4880 2937/1/4880 2928/1/4880
f 2353/1/4881 2363/1/4881 2947/1/4881
f 2947/1/4882 2363/1/4882 2948/1/4882
f 2363/1/4883 2362/1/4883 2948/1/4883
f 2948/1/4884 2362/1/4884 2940/1/4884
f 2948/1/4885 2940/1/4885 2949/1/4885
f 2949/1/4886 2940/1/4886 2939/1/4886
f 2949/1/4887 2939/1/4887 2950/1/4887
f 2950/1/4888 2939/1/4888 2943/1/4888
f 2950/1/4889 2943/1/4889 2951/1/4889
f 2828/1/4890 2440/1/4890 2952/1/4890
f 2952/1/4891 2440/1/4891 2439/1/4891
f 2952/1/4892 2439/1/4892 2953/1/4892
f 2953/1/4893 2439/1/4893 2354/1/4893
f 2953/1/4894 2354/1/4894 2954/1/4894
f 2954/1/4895 2354/1/4895 2353/1/4895
f 2954/1/4896 2353/1/4896 2955/1/4896
f 2955/1/4897 2353/1/4897 2947/1/4897
f 2956/1/4898 2957/1/4898 2958/1/4898
f 2958/1/4898 2957/1/4898 2959/1/4898
f 2958/1/4899 2959/1/4899 2960/1/4899
f 2960/1/4899 2959/1/4899 2961/1/4899
f 2960/1/4900 2961/1/4900 2962/1/4900
f 2962/1/4900 2961/1/4900 2963/1/4900
f 2962/1/4901 2963/1/4901 2513/1/4901
f 2513/1/4901 2963/1/4901 2512/1/4901
f 2957/1/4902 2964/1/4902 2959/1/4902
f 2959/1/4903 2964/1/4903 2965/1/4903
f 2959/1/4904 2965/1/4904 2961/1/4904
f 2961/1/4904 2965/1/4904 2966/1/4904
f 2961/1/4905 2966/1/4905 2963/1/4905
f 2963/1/4905 2966/1/4905 2967/1/4905
f 2963/1/4906 2967/1/4906 2512/1/4906
f 2512/1/4906 2967/1/4906 2514/1/4906
f 2964/1/4907 2968/1/4907 2965/1/4907
f 2965/1/4908 2968/1/4908 2969/1/4908
f 2965/1/4909 2969/1/4909 2966/1/4909
f 2966/1/4909 2969/1/4909 2970/1/4909
f 2966/1/4910 2970/1/4910 2967/1/4910
f 2967/1/4910 2970/1/4910 2971/1/4910
f 2967/1/4911 2971/1/4911 2514/1/4911
f 2514/1/4911 2971/1/4911 2515/1/4911
f 2968/1/4912 2972/1/4912 2969/1/4912
f 2969/1/4913 2972/1/4913 2973/1/4913
f 2969/1/4914 2973/1/4914 2970/1/4914
f 2970/1/4914 2973/1/4914 2974/1/4914
f 2970/1/4915 2974/1/4915 2971/1/4915
f 2971/1/4915 2974/1/4915 2975/1/4915
f 2971/1/4916 2975/1/4916 2515/1/4916
f 2515/1/4916 2975/1/4916 2516/1/4916
f 2522/1/4269 2516/1/4269 2975/1/4269
f 2522/1/4269 2975/1/4269 2976/1/4269
f 2976/1/4917 2975/1/4917 2974/1/4917
f 2976/1/4917 2974/1/4917 2977/1/4917
f 2977/1/4918 2974/1/4918 2973/1/4918
f 2977/1/4918 2973/1/4918 2978/1/4918
f 2978/1/4274 2973/1/4274 2972/1/4274
f 2978/1/4274 2972/1/4274 2979/1/4274
f 2978/1/4919 2979/1/4919 2980/1/4919
f 2980/1/4920 2981/1/4920 2978/1/4920
f 2978/1/4921 2981/1/4921 2982/1/4921
f 2978/1/4922 2982/1/4922 2977/1/4922
f 2977/1/4923 2982/1/4923 2983/1/4923
f 2977/1/4924 2983/1/4924 2976/1/4924
f 2976/1/4925 2983/1/4925 2523/1/4925
f 2976/1/4926 2523/1/4926 2522/1/4926
f 2984/1/4927 2985/1/4927 2986/1/4927
f 2986/1/4927 2985/1/4927 2987/1/4927
f 2986/1/4928 2987/1/4928 2988/1/4928
f 2988/1/4929 2987/1/4929 2989/1/4929
f 2988/1/4930 2989/1/4930 2990/1/4930
f 2990/1/4930 2989/1/4930 2991/1/4930
f 2990/1/4931 2991/1/4931 2520/1/4931
f 2520/1/4931 2991/1/4931 2519/1/4931
f 2980/1/4932 2992/1/4932 2981/1/4932
f 2981/1/4932 2992/1/4932 2993/1/4932
f 2981/1/4933 2993/1/4933 2982/1/4933
f 2982/1/4933 2993/1/4933 2994/1/4933
f 2982/1/4934 2994/1/4934 2983/1/4934
f 2983/1/4934 2994/1/4934 2995/1/4934
f 2983/1/4935 2995/1/4935 2523/1/4935
f 2523/1/4936 2995/1/4936 2521/1/4936
f 2992/1/4937 2984/1/4937 2993/1/4937
f 2993/1/4937 2984/1/4937 2986/1/4937
f 2993/1/4938 2986/1/4938 2994/1/4938
f 2994/1/4938 2986/1/4938 2988/1/4938
f 2994/1/4939 2988/1/4939 2995/1/4939
f 2995/1/4939 2988/1/4939 2990/1/4939
f 2995/1/4940 2990/1/4940 2521/1/4940
f 2521/1/4940 2990/1/4940 2520/1/4940
f 2987/1/4941 2985/1/4941 2996/1/4941
f 2997/1/4942 2517/1/4942 2519/1/4942
f 2519/1/4943 2991/1/4943 2997/1/4943
f 2997/1/4944 2991/1/4944 2989/1/4944
f 2997/1/4945 2989/1/4945 2998/1/4945
f 2998/1/4946 2989/1/4946 2987/1/4946
f 2998/1/4947 2987/1/4947 2999/1/4947
f 2999/1/4948 2987/1/4948 2996/1/4948
f 2604/1/1 2591/1/1 3000/1/1
f 3000/1/1 2591/1/1 2590/1/1
f 2622/1/4949 3001/1/4949 2624/1/4949
f 2624/1/4949 3001/1/4949 2633/1/4949
f 2659/1/4950 2189/1/4950 3002/1/4950
f 3002/1/4951 2189/1/4951 2668/1/4951
f 3002/1/4952 2668/1/4952 3003/1/4952
f 3003/1/4953 2668/1/4953 2666/1/4953
f 3003/1/4954 2666/1/4954 3004/1/4954
f 3004/1/4955 2666/1/4955 2663/1/4955
f 3004/1/4956 2663/1/4956 3005/1/4956
f 2658/1/4957 2659/1/4957 3006/1/4957
f 3006/1/4958 2659/1/4958 3002/1/4958
f 3006/1/4959 3002/1/4959 3007/1/4959
f 3007/1/4960 3002/1/4960 3003/1/4960
f 3007/1/4961 3003/1/4961 3008/1/4961
f 3008/1/4962 3003/1/4962 3004/1/4962
f 3008/1/4963 3004/1/4963 3009/1/4963
f 3009/1/4964 3004/1/4964 3005/1/4964
f 3009/1/4965 3005/1/4965 3010/1/4965
f 3010/1/4966 3005/1/4966 2663/1/4966
f 3010/1/4967 2663/1/4967 2661/1/4967
f 2661/1/588 2660/1/588 3011/1/588
f 3012/1/588 2831/1/588 3013/1/588
f 3013/1/588 2831/1/588 3014/1/588
f 3013/1/588 3014/1/588 3015/1/588
f 3011/1/588 3016/1/588 3017/1/588
f 3017/1/588 3016/1/588 3018/1/588
f 3017/1/588 3018/1/588 2831/1/588
f 2831/1/588 3018/1/588 3019/1/588
f 3020/1/588 3021/1/588 3022/1/588
f 3022/1/588 3021/1/588 3023/1/588
f 3022/1/588 3023/1/588 3014/1/588
f 3014/1/588 3023/1/588 3024/1/588
f 3014/1/588 3024/1/588 3015/1/588
f 2661/1/588 3011/1/588 3010/1/588
f 3010/1/588 3011/1/588 3017/1/588
f 3010/1/588 3017/1/588 3009/1/588
f 3020/1/588 3022/1/588 3025/1/588
f 3025/1/588 3022/1/588 3017/1/588
f 3025/1/588 3017/1/588 3026/1/588
f 2834/1/588 2833/1/588 3027/1/588
f 3027/1/588 2833/1/588 2843/1/588
f 3027/1/588 2843/1/588 3028/1/588
f 3012/1/588 3029/1/588 2831/1/588
f 2831/1/588 3029/1/588 3030/1/588
f 2831/1/588 3030/1/588 3017/1/588
f 3017/1/588 3030/1/588 3031/1/588
f 3017/1/588 3031/1/588 3026/1/588
f 2843/1/588 2832/1/588 3028/1/588
f 3028/1/588 2832/1/588 2829/1/588
f 3028/1/588 2829/1/588 3019/1/588
f 3019/1/588 2829/1/588 2830/1/588
f 3019/1/588 2830/1/588 2831/1/588
f 3032/697/4968 3033/698/4968 3034/699/4968
f 3035/700/4969 3036/701/4969 3037/702/4969
f 3036/701/4970 3038/703/4970 3037/702/4970
f 3037/702/4971 3038/703/4971 3039/704/4971
f 3037/1/4972 3039/1/4972 3040/1/4972
f 3040/705/4973 3041/706/4973 3037/707/4973
f 3037/1/4974 3041/1/4974 3042/1/4974
f 3037/1/4974 3042/1/4974 3043/1/4974
f 3043/708/4975 3044/709/4975 3037/710/4975
f 3037/710/4976 3044/709/4976 3045/711/4976
f 3037/1/4977 3045/1/4977 3046/1/4977
f 3046/712/4978 3047/713/4978 3037/702/4978
f 3037/702/4979 3047/713/4979 3048/714/4979
f 3037/702/4980 3048/714/4980 3049/715/4980
f 3050/716/4981 3051/717/4981 3052/718/4981
f 3052/718/4982 3051/717/4982 3053/719/4982
f 3052/718/4983 3053/719/4983 3054/720/4983
f 3054/720/4984 3055/721/4984 3052/718/4984
f 3052/722/4985 3055/723/4985 3056/724/4985
f 3052/722/4986 3056/724/4986 3037/702/4986
f 3037/702/4987 3056/724/4987 3057/725/4987
f 3037/702/4988 3057/725/4988 3035/700/4988
f 3058/726/4989 3059/727/4989 3060/728/4989
f 3060/729/4990 3059/730/4990 3061/731/4990
f 3060/728/4991 3061/732/4991 3062/733/4991
f 3062/734/4992 3061/731/4992 3063/735/4992
f 3062/734/4993 3063/735/4993 3064/736/4993
f 3065/1/4994 3066/1/4994 3058/1/4994
f 3058/1/4995 3066/1/4995 3067/1/4995
f 3058/737/4996 3067/738/4996 3059/730/4996
f 3068/739/4997 3069/740/4997 3070/741/4997
f 3070/742/4998 3069/743/4998 3071/744/4998
f 3070/741/4999 3071/745/4999 3058/726/4999
f 3058/737/5000 3071/744/5000 3072/746/5000
f 3058/737/5001 3072/746/5001 3065/747/5001
f 3073/1/5002 2871/1/5002 3074/1/5002
f 3075/748/5003 3076/749/5003 3077/750/5003
f 3077/750/5004 3076/749/5004 3078/751/5004
f 3075/752/5005 3077/753/5005 3079/754/5005
f 3079/754/5006 3077/753/5006 3080/755/5006
f 3079/754/5007 3080/755/5007 3081/756/5007
f 3081/756/5008 3080/755/5008 3082/757/5008
f 3081/756/5009 3082/757/5009 3083/758/5009
f 3084/759/5010 2765/760/5010 3085/761/5010
f 3085/762/5011 2765/670/5011 2767/672/5011
f 3085/761/5012 2767/763/5012 3086/764/5012
f 3086/765/5013 2767/672/5013 2773/678/5013
f 3086/764/5014 2773/766/5014 3087/767/5014
f 3087/768/5015 2773/678/5015 2771/676/5015
f 3087/767/5016 2771/769/5016 3088/770/5016
f 3088/771/5017 2771/676/5017 2770/675/5017
f 3088/770/5018 2770/772/5018 3089/773/5018
f 3089/774/5019 2770/675/5019 2769/674/5019
f 3089/773/5020 2769/775/5020 3090/776/5020
f 3090/777/5021 2769/674/5021 2768/673/5021
f 3090/776/5022 2768/778/5022 3091/779/5022
f 3091/780/5023 2768/673/5023 2762/662/5023
f 3091/779/5024 2762/781/5024 3092/782/5024
f 3092/783/5025 2762/662/5025 2761/661/5025
f 3092/784/5026 2761/785/5026 3093/786/5026
f 3093/1/5027 2761/1/5027 2760/1/5027
f 3093/787/5028 2760/659/5028 2759/658/5028
f 2763/788/5029 2765/760/5029 3052/789/5029
f 3052/790/5030 2765/791/5030 3084/792/5030
f 3052/793/5031 3084/794/5031 3050/795/5031
f 3049/715/5032 3094/796/5032 3037/702/5032
f 3037/702/5033 3094/796/5033 3095/797/5033
f 3037/702/5034 3095/797/5034 3096/798/5034
f 2763/665/5035 3052/718/5035 2729/799/5035
f 2729/663/5036 3052/722/5036 3037/702/5036
f 2729/663/5037 3037/702/5037 2727/594/5037
f 2727/594/5038 3037/702/5038 3096/798/5038
f 2727/594/5039 3096/798/5039 3097/800/5039
f 3097/800/5040 3098/801/5040 2727/594/5040
f 2727/594/5041 3098/801/5041 3099/802/5041
f 2727/594/5042 3099/802/5042 2725/803/5042
f 3092/782/5043 3100/804/5043 3091/779/5043
f 3091/805/5044 3100/806/5044 3101/807/5044
f 3091/779/5045 3101/808/5045 3090/776/5045
f 3090/809/5046 3101/807/5046 3102/810/5046
f 3090/776/5047 3102/811/5047 3089/773/5047
f 3089/812/5048 3102/810/5048 3068/813/5048
f 3089/773/5049 3068/814/5049 3088/770/5049
f 3088/815/5050 3068/813/5050 3070/816/5050
f 3088/770/5051 3070/817/5051 3087/767/5051
f 3087/818/5052 3070/816/5052 3058/819/5052
f 3087/767/5053 3058/820/5053 3086/764/5053
f 3086/821/5054 3058/819/5054 3060/822/5054
f 3086/764/5055 3060/823/5055 3085/761/5055
f 3085/824/5056 3060/822/5056 3062/825/5056
f 3085/824/5057 3062/825/5057 3084/826/5057
f 3084/827/5058 3062/733/5058 3064/828/5058
f 3084/829/5059 3064/830/5059 3050/831/5059
f 2758/654/5060 3083/832/5060 2759/655/5060
f 2759/655/5061 3083/832/5061 3082/833/5061
f 2759/658/5062 3082/834/5062 3093/787/5062
f 3093/835/5063 3082/836/5063 3080/837/5063
f 3093/835/5064 3080/837/5064 3092/782/5064
f 3092/782/5065 3080/837/5065 3077/838/5065
f 3092/839/5066 3077/840/5066 3100/806/5066
f 282/841/5067 3103/842/5067 280/843/5067
f 280/843/5068 3103/842/5068 3104/844/5068
f 280/843/5069 3104/844/5069 278/845/5069
f 278/845/5070 3104/844/5070 3105/846/5070
f 278/845/5071 3105/846/5071 276/847/5071
f 276/847/5072 3105/846/5072 3106/848/5072
f 276/847/5073 3106/848/5073 274/849/5073
f 274/849/5074 3106/848/5074 3034/850/5074
f 274/851/5075 3034/852/5075 3107/853/5075
f 3107/853/5076 3034/852/5076 3033/854/5076
f 3107/853/5077 3033/854/5077 3074/855/5077
f 3074/855/5078 3033/854/5078 3108/856/5078
f 3074/1/5079 3108/1/5079 3073/1/5079
f 3078/751/5080 3032/857/5080 3077/750/5080
f 3077/858/5081 3032/697/5081 3034/699/5081
f 3077/859/5082 3034/860/5082 3100/861/5082
f 3100/861/5083 3034/860/5083 3106/862/5083
f 3100/861/5084 3106/862/5084 3101/863/5084
f 3101/863/5085 3106/862/5085 3105/864/5085
f 3101/863/5086 3105/864/5086 3102/865/5086
f 3102/865/5087 3105/864/5087 3104/866/5087
f 3102/865/5088 3104/866/5088 3068/739/5088
f 3068/739/5089 3104/866/5089 3103/867/5089
f 3068/868/5090 3103/842/5090 3069/743/5090
f 3069/743/5091 3103/842/5091 282/841/5091
f 3109/1/5092 3110/1/5092 2794/1/5092
f 2794/1/5093 3110/1/5093 3111/1/5093
f 2794/1/5093 3111/1/5093 2799/1/5093
f 2799/1/5094 3111/1/5094 3112/1/5094
f 2799/1/5095 3112/1/5095 2803/1/5095
f 2803/1/5096 3112/1/5096 3113/1/5096
f 2803/1/5096 3113/1/5096 2782/1/5096
f 2782/1/5097 3113/1/5097 3114/1/5097
f 2782/1/5097 3114/1/5097 2780/1/5097
f 2780/1/5098 3114/1/5098 3115/1/5098
f 2780/1/5098 3115/1/5098 2781/1/5098
f 2781/1/5099 3115/1/5099 3116/1/5099
f 2781/1/5099 3116/1/5099 2784/1/5099
f 2784/1/5100 3116/1/5100 3117/1/5100
f 2784/1/5101 3117/1/5101 2783/1/5101
f 2783/1/5102 3117/1/5102 3118/1/5102
f 2783/1/5102 3118/1/5102 2785/1/5102
f 2785/1/5103 3118/1/5103 3119/1/5103
f 2785/1/5103 3119/1/5103 2786/1/5103
f 2786/1/5104 3119/1/5104 3120/1/5104
f 2786/1/5105 3120/1/5105 2787/1/5105
f 2787/1/5106 3120/1/5106 3121/1/5106
f 2787/1/5106 3121/1/5106 2788/1/5106
f 2788/1/5107 3121/1/5107 3122/1/5107
f 2788/1/5108 3122/1/5108 2789/1/5108
f 2789/1/5109 3122/1/5109 3123/1/5109
f 2789/1/5110 3123/1/5110 2790/1/5110
f 2790/1/5111 3123/1/5111 3124/1/5111
f 2790/1/5111 3124/1/5111 2791/1/5111
f 2791/1/5112 3124/1/5112 3109/1/5112
f 2791/1/5113 3109/1/5113 2794/1/5113
f 2852/1/5114 2851/1/5114 3125/1/5114
f 3125/1/5115 2851/1/5115 2850/1/5115
f 3125/1/139 2850/1/139 3126/1/139
f 3126/1/139 2850/1/139 2849/1/139
f 3126/1/139 2849/1/139 3127/1/139
f 3127/1/139 2849/1/139 2835/1/139
f 3127/1/139 2835/1/139 3128/1/139
f 3128/1/139 2835/1/139 2834/1/139
f 3128/1/139 2834/1/139 3027/1/139
f 3129/1/5116 3130/1/5116 3131/1/5116
f 3132/1/5117 3133/1/5117 3134/1/5117
f 3135/1/5118 2841/1/5118 2839/1/5118
f 2852/1/5119 3136/1/5119 2853/1/5119
f 2853/1/5120 3136/1/5120 3137/1/5120
f 2853/1/5121 3137/1/5121 2838/1/5121
f 3138/1/5122 2836/1/5122 2842/1/5122
f 2836/1/5123 3138/1/5123 2541/1/5123
f 2541/1/5124 3138/1/5124 3139/1/5124
f 2541/1/5125 3139/1/5125 3140/1/5125
f 3140/1/5126 3139/1/5126 3141/1/5126
f 3140/1/5127 3141/1/5127 3142/1/5127
f 3133/1/5128 3143/1/5128 3144/1/5128
f 3144/1/5129 3143/1/5129 3145/1/5129
f 3144/1/5130 3145/1/5130 3146/1/5130
f 3147/1/5131 3148/1/5131 3149/1/5131
f 3149/1/5132 3148/1/5132 3150/1/5132
f 3149/1/5133 3150/1/5133 3132/1/5133
f 3151/1/5134 3152/1/5134 3153/1/5134
f 3133/1/5135 3144/1/5135 3134/1/5135
f 3134/1/5136 3144/1/5136 3154/1/5136
f 3134/1/5137 3154/1/5137 3141/1/5137
f 3141/1/5138 3154/1/5138 3155/1/5138
f 3141/1/5139 3155/1/5139 3142/1/5139
f 3153/1/5140 3129/1/5140 3151/1/5140
f 3151/1/5141 3129/1/5141 3131/1/5141
f 3151/1/5142 3131/1/5142 3156/1/5142
f 3156/1/5143 3131/1/5143 3157/1/5143
f 3156/1/5144 3157/1/5144 3136/1/5144
f 3136/1/5145 3157/1/5145 3158/1/5145
f 3136/1/5146 3158/1/5146 3137/1/5146
f 3137/1/5147 3158/1/5147 3135/1/5147
f 3137/1/5148 3135/1/5148 2838/1/5148
f 2838/1/5149 3135/1/5149 2839/1/5149
f 3130/1/5150 3147/1/5150 3131/1/5150
f 3131/1/5151 3147/1/5151 3149/1/5151
f 3131/1/5152 3149/1/5152 3157/1/5152
f 3157/1/5153 3149/1/5153 3159/1/5153
f 3157/1/5154 3159/1/5154 3158/1/5154
f 3158/1/5155 3159/1/5155 3160/1/5155
f 3158/1/5156 3160/1/5156 3135/1/5156
f 3135/1/5157 3160/1/5157 3161/1/5157
f 3135/1/5158 3161/1/5158 2841/1/5158
f 3132/1/5159 3134/1/5159 3149/1/5159
f 3149/1/5160 3134/1/5160 3141/1/5160
f 3149/1/5161 3141/1/5161 3159/1/5161
f 3159/1/5162 3141/1/5162 3139/1/5162
f 3159/1/5163 3139/1/5163 3160/1/5163
f 3160/1/5164 3139/1/5164 3138/1/5164
f 3160/1/5165 3138/1/5165 3161/1/5165
f 3161/1/5166 3138/1/5166 2842/1/5166
f 3161/1/5167 2842/1/5167 2841/1/5167
f 2859/1/5168 2865/1/5168 3162/1/5168
f 2859/1/5168 3162/1/5168 3163/1/5168
f 3163/1/5169 3162/1/5169 3164/1/5169
f 3163/1/5169 3164/1/5169 3165/1/5169
f 3165/1/5170 3164/1/5170 3166/1/5170
f 3165/1/5170 3166/1/5170 3167/1/5170
f 3167/1/5171 3166/1/5171 3168/1/5171
f 3167/1/5171 3168/1/5171 3169/1/5171
f 3170/1/5172 3171/1/5172 3172/1/5172
f 3170/1/5173 3172/1/5173 3173/1/5173
f 3173/1/5174 3172/1/5174 3174/1/5174
f 3173/1/5175 3174/1/5175 3175/1/5175
f 3175/1/5176 3174/1/5176 3176/1/5176
f 3175/1/5177 3176/1/5177 3177/1/5177
f 3177/1/5178 3176/1/5178 2861/1/5178
f 3177/1/5179 2861/1/5179 2860/1/5179
f 3178/1/5180 3168/1/5180 3166/1/5180
f 2862/1/5181 2861/1/5181 3176/1/5181
f 2862/1/5182 3176/1/5182 2863/1/5182
f 3179/1/5183 3180/1/5183 2863/1/5183
f 2863/1/5184 3180/1/5184 2864/1/5184
f 3181/1/5185 3172/1/5185 3171/1/5185
f 3171/1/5186 3182/1/5186 3181/1/5186
f 3181/1/5187 3182/1/5187 3183/1/5187
f 3181/1/5187 3183/1/5187 3184/1/5187
f 3184/1/5188 3183/1/5188 3178/1/5188
f 3184/1/5188 3178/1/5188 3185/1/5188
f 3185/1/5189 3178/1/5189 3166/1/5189
f 3185/1/5190 3166/1/5190 3164/1/5190
f 3172/1/5191 3181/1/5191 3186/1/5191
f 3186/1/5192 3181/1/5192 3184/1/5192
f 3186/1/5192 3184/1/5192 3187/1/5192
f 3187/1/5193 3184/1/5193 3185/1/5193
f 3187/1/5193 3185/1/5193 3188/1/5193
f 3188/1/5194 3185/1/5194 3164/1/5194
f 3188/1/5195 3164/1/5195 3162/1/5195
f 3179/1/5196 2863/1/5196 3189/1/5196
f 3189/1/5197 2863/1/5197 3176/1/5197
f 3189/1/5198 3176/1/5198 3174/1/5198
f 2865/1/5199 2864/1/5199 3162/1/5199
f 3162/1/5200 2864/1/5200 3180/1/5200
f 3162/1/5201 3180/1/5201 3188/1/5201
f 3188/1/5202 3180/1/5202 3179/1/5202
f 3188/1/5202 3179/1/5202 3187/1/5202
f 3187/1/5203 3179/1/5203 3189/1/5203
f 3187/1/5203 3189/1/5203 3186/1/5203
f 3186/1/5204 3189/1/5204 3174/1/5204
f 3186/1/5205 3174/1/5205 3172/1/5205
f 3169/1/5206 3190/1/5206 3167/1/5206
f 3167/1/5206 3190/1/5206 3191/1/5206
f 3167/1/5207 3191/1/5207 3165/1/5207
f 3165/1/5207 3191/1/5207 3192/1/5207
f 3165/1/5208 3192/1/5208 3163/1/5208
f 3163/1/5208 3192/1/5208 3193/1/5208
f 3163/1/4323 3193/1/4323 2859/1/4323
f 2859/1/4323 3193/1/4323 2866/1/4323
f 3190/1/5209 3194/1/5209 3191/1/5209
f 3191/1/5209 3194/1/5209 3195/1/5209
f 3191/1/5210 3195/1/5210 3192/1/5210
f 3192/1/5210 3195/1/5210 3196/1/5210
f 3192/1/5211 3196/1/5211 3193/1/5211
f 3193/1/5211 3196/1/5211 3197/1/5211
f 3193/1/5212 3197/1/5212 2866/1/5212
f 2866/1/5212 3197/1/5212 2867/1/5212
f 3194/1/5213 3198/1/5213 3195/1/5213
f 3195/1/5213 3198/1/5213 3199/1/5213
f 3195/1/5214 3199/1/5214 3196/1/5214
f 3196/1/5214 3199/1/5214 3200/1/5214
f 3196/1/5215 3200/1/5215 3197/1/5215
f 3197/1/5215 3200/1/5215 3201/1/5215
f 3197/1/5216 3201/1/5216 2867/1/5216
f 2867/1/5216 3201/1/5216 2868/1/5216
f 3198/1/5217 3202/1/5217 3199/1/5217
f 3199/1/5217 3202/1/5217 3203/1/5217
f 3199/1/5218 3203/1/5218 3200/1/5218
f 3200/1/5218 3203/1/5218 3204/1/5218
f 3200/1/5219 3204/1/5219 3201/1/5219
f 3201/1/5219 3204/1/5219 3205/1/5219
f 3201/1/5220 3205/1/5220 2868/1/5220
f 2868/1/5220 3205/1/5220 2869/1/5220
f 2879/1/5221 3206/1/5221 2878/1/5221
f 2878/1/5222 3206/1/5222 3207/1/5222
f 3208/1/5223 2876/1/5223 3207/1/5223
f 3207/1/5224 2876/1/5224 2877/1/5224
f 3207/1/5225 2877/1/5225 2878/1/5225
f 3209/1/5226 3210/1/5226 3208/1/5226
f 3208/1/5227 3210/1/5227 2880/1/5227
f 3208/1/5228 2880/1/5228 2876/1/5228
f 3209/1/5229 3208/1/5229 3211/1/5229
f 3211/1/5230 3208/1/5230 3212/1/5230
f 3211/1/5231 3212/1/5231 3213/1/5231
f 3213/1/5232 3212/1/5232 3214/1/5232
f 3213/1/5233 3214/1/5233 3215/1/5233
f 3215/1/5234 3214/1/5234 3216/1/5234
f 3215/1/5235 3216/1/5235 3217/1/5235
f 3217/1/5236 3216/1/5236 3218/1/5236
f 3217/1/5237 3218/1/5237 3219/1/5237
f 3219/1/5238 3218/1/5238 3220/1/5238
f 3219/1/5239 3220/1/5239 3221/1/5239
f 3221/1/5240 3220/1/5240 3222/1/5240
f 3221/1/5241 3222/1/5241 3223/1/5241
f 137/1/504 2891/1/504 3206/1/504
f 3206/1/504 2879/1/504 149/1/504
f 143/1/504 141/1/504 3206/1/504
f 3206/1/504 141/1/504 139/1/504
f 3206/1/504 139/1/504 137/1/504
f 149/1/504 147/1/504 3206/1/504
f 3206/1/504 147/1/504 145/1/504
f 3206/1/504 145/1/504 143/1/504
f 2884/1/5242 3224/1/5242 2885/1/5242
f 2885/1/5243 3224/1/5243 3225/1/5243
f 2885/1/5244 3225/1/5244 2887/1/5244
f 2887/1/5245 3225/1/5245 3226/1/5245
f 2887/1/5246 3226/1/5246 2888/1/5246
f 2888/1/5247 3226/1/5247 3227/1/5247
f 2888/1/5248 3227/1/5248 2889/1/5248
f 3227/1/5249 3228/1/5249 2889/1/5249
f 2889/1/5250 3228/1/5250 3206/1/5250
f 2889/1/5251 3206/1/5251 2891/1/5251
f 3229/1/5252 2916/1/5252 2920/1/5252
f 3229/1/5252 2920/1/5252 3222/1/5252
f 2920/1/5252 2921/1/5252 3222/1/5252
f 3222/1/5252 2921/1/5252 2922/1/5252
f 3222/1/5252 2922/1/5252 3223/1/5252
f 3223/1/5252 2922/1/5252 2923/1/5252
f 3223/1/5252 2923/1/5252 3230/1/5252
f 3230/1/5252 2923/1/5252 2907/1/5252
f 3231/1/5253 2935/1/5253 2933/1/5253
f 3231/1/5254 2933/1/5254 3232/1/5254
f 3233/1/5255 3234/1/5255 3231/1/5255
f 3231/1/5256 3234/1/5256 3235/1/5256
f 3231/1/5257 3235/1/5257 2935/1/5257
f 2933/1/5258 2931/1/5258 3232/1/5258
f 3232/1/5259 2931/1/5259 2929/1/5259
f 3232/1/5260 2929/1/5260 3236/1/5260
f 3236/1/5261 2929/1/5261 2916/1/5261
f 3236/1/5262 2916/1/5262 3229/1/5262
f 2935/1/139 3235/1/139 3237/1/139
f 3237/1/139 3238/1/139 2935/1/139
f 2935/1/139 3238/1/139 2951/1/139
f 2935/1/139 2951/1/139 3239/1/139
f 3239/1/139 2951/1/139 2943/1/139
f 2513/1/5263 2869/1/5263 3205/1/5263
f 2513/1/5263 3205/1/5263 2962/1/5263
f 2962/1/5264 3205/1/5264 3204/1/5264
f 2962/1/5264 3204/1/5264 2960/1/5264
f 2960/1/5265 3204/1/5265 3203/1/5265
f 2960/1/5265 3203/1/5265 2958/1/5265
f 2958/1/5266 3203/1/5266 3202/1/5266
f 2958/1/5266 3202/1/5266 2956/1/5266
f 2956/1/1 3202/1/1 2972/1/1
f 2972/1/1 3202/1/1 2979/1/1
f 3202/1/1 3198/1/1 3194/1/1
f 3168/1/1 2979/1/1 3169/1/1
f 3169/1/1 2979/1/1 3202/1/1
f 3169/1/1 3202/1/1 3190/1/1
f 3190/1/1 3202/1/1 3194/1/1
f 2968/1/1 2964/1/1 2972/1/1
f 2972/1/1 2964/1/1 2957/1/1
f 2972/1/1 2957/1/1 2956/1/1
f 2979/1/5266 3168/1/5266 3178/1/5266
f 2979/1/5267 3178/1/5267 2980/1/5267
f 2980/1/5268 3178/1/5268 3183/1/5268
f 2980/1/5269 3183/1/5269 2992/1/5269
f 2992/1/5264 3183/1/5264 3182/1/5264
f 2992/1/5270 3182/1/5270 2984/1/5270
f 2984/1/5271 3182/1/5271 3171/1/5271
f 2984/1/310 3171/1/310 2985/1/310
f 3171/1/139 3170/1/139 2985/1/139
f 2985/1/139 3170/1/139 2996/1/139
f 3240/1/5272 3000/1/5272 2590/1/5272
f 3240/1/5273 2590/1/5273 3241/1/5273
f 2590/1/5274 3242/1/5274 3241/1/5274
f 3241/1/5275 3242/1/5275 3243/1/5275
f 3241/1/5276 3243/1/5276 3244/1/5276
f 3244/1/5277 3243/1/5277 3245/1/5277
f 3244/1/5278 3245/1/5278 3246/1/5278
f 3246/1/5279 3245/1/5279 2089/1/5279
f 3246/1/5280 2089/1/5280 3247/1/5280
f 3248/1/5281 2579/1/5281 3249/1/5281
f 3250/1/5282 3251/1/5282 3249/1/5282
f 3249/1/5283 3251/1/5283 3252/1/5283
f 3249/1/5284 3252/1/5284 3248/1/5284
f 3253/1/5285 3254/1/5285 3250/1/5285
f 3250/1/5286 3254/1/5286 3255/1/5286
f 3250/1/5287 3255/1/5287 3251/1/5287
f 3000/1/5288 3256/1/5288 2604/1/5288
f 2604/1/5289 3256/1/5289 3254/1/5289
f 2604/1/5290 3254/1/5290 3257/1/5290
f 3257/1/5291 3254/1/5291 3253/1/5291
f 3258/1/627 3017/1/627 3022/1/627
f 3258/1/627 3022/1/627 3259/1/627
f 3260/1/627 3261/1/627 3022/1/627
f 3022/1/627 3261/1/627 3262/1/627
f 3022/1/627 3262/1/627 3259/1/627
f 3263/1/627 3264/1/627 3265/1/627
f 3265/1/627 3264/1/627 3260/1/627
f 3265/1/627 3260/1/627 3266/1/627
f 3266/1/627 3260/1/627 3022/1/627
f 3266/1/627 3022/1/627 3267/1/627
f 3268/1/627 3269/1/627 3270/1/627
f 3270/1/627 3269/1/627 3264/1/627
f 3270/1/627 3264/1/627 3271/1/627
f 3271/1/627 3264/1/627 3263/1/627
f 3054/1/5292 3053/1/5292 3272/1/5292
f 3054/1/5293 3272/1/5293 3055/1/5293
f 3055/1/5294 3272/1/5294 856/1/5294
f 3055/1/5295 856/1/5295 3056/1/5295
f 3056/1/5296 856/1/5296 3273/1/5296
f 3056/1/5297 3273/1/5297 3057/1/5297
f 3057/1/5298 3273/1/5298 3274/1/5298
f 3057/1/5299 3274/1/5299 3035/1/5299
f 3035/1/5300 3274/1/5300 3275/1/5300
f 3035/1/5301 3275/1/5301 3036/1/5301
f 3275/1/5302 3276/1/5302 3036/1/5302
f 3036/1/5303 3276/1/5303 3277/1/5303
f 3036/1/5304 3277/1/5304 3038/1/5304
f 3038/1/5305 3277/1/5305 3278/1/5305
f 3038/1/5306 3278/1/5306 3039/1/5306
f 3039/1/5307 3278/1/5307 3279/1/5307
f 3039/1/5308 3279/1/5308 3040/1/5308
f 3040/1/5309 3279/1/5309 3041/1/5309
f 3280/1/5310 3281/1/5310 3282/1/5310
f 3282/1/5311 3281/1/5311 3283/1/5311
f 3282/1/5312 3283/1/5312 3284/1/5312
f 3274/1/5313 3273/1/5313 3285/1/5313
f 3042/1/5314 3286/1/5314 3043/1/5314
f 3043/1/5315 3286/1/5315 3044/1/5315
f 3042/1/5316 3041/1/5316 3286/1/5316
f 3286/1/5317 3041/1/5317 3279/1/5317
f 3286/1/5318 3279/1/5318 3278/1/5318
f 3278/1/5319 3277/1/5319 3286/1/5319
f 3286/1/5320 3277/1/5320 3276/1/5320
f 3286/1/5321 3276/1/5321 3285/1/5321
f 3285/1/5322 3276/1/5322 3275/1/5322
f 3285/1/5323 3275/1/5323 3274/1/5323
f 3287/1/5324 3280/1/5324 3286/1/5324
f 3286/1/5325 3280/1/5325 3282/1/5325
f 3286/1/5326 3282/1/5326 3044/1/5326
f 3044/1/5327 3282/1/5327 3284/1/5327
f 3044/1/5328 3284/1/5328 3045/1/5328
f 3287/1/5329 3286/1/5329 3288/1/5329
f 3288/1/5330 3286/1/5330 3285/1/5330
f 3288/1/5331 3285/1/5331 819/1/5331
f 819/1/5332 3285/1/5332 3273/1/5332
f 819/1/5333 3273/1/5333 856/1/5333
f 856/1/5334 3272/1/5334 819/1/5334
f 819/1/5335 3272/1/5335 3053/1/5335
f 819/1/5336 3053/1/5336 3051/1/5336
f 3050/1/5337 3064/1/5337 684/1/5337
f 819/1/5338 3051/1/5338 3289/1/5338
f 3289/1/5339 3051/1/5339 3050/1/5339
f 3289/1/5340 3050/1/5340 3290/1/5340
f 3290/1/5341 3050/1/5341 684/1/5341
f 3059/1/5342 3067/1/5342 3291/1/5342
f 3291/1/5343 694/1/5343 3059/1/5343
f 3059/1/5344 694/1/5344 689/1/5344
f 3059/1/5345 689/1/5345 3061/1/5345
f 3061/1/5346 689/1/5346 688/1/5346
f 3061/1/5347 688/1/5347 3063/1/5347
f 3063/1/5348 688/1/5348 684/1/5348
f 3063/1/5349 684/1/5349 3064/1/5349
f 3291/1/5350 3067/1/5350 679/1/5350
f 679/1/5351 3067/1/5351 3066/1/5351
f 3065/1/5352 3292/1/5352 3066/1/5352
f 3066/1/5353 3292/1/5353 679/1/5353
f 3072/1/5354 3293/1/5354 3065/1/5354
f 3065/1/5355 3293/1/5355 3292/1/5355
f 3293/1/5356 3072/1/5356 3294/1/5356
f 3294/1/5357 3072/1/5357 3071/1/5357
f 3069/1/5358 3295/1/5358 3071/1/5358
f 3071/1/5359 3295/1/5359 3294/1/5359
f 3296/1/1 3109/1/1 3297/1/1
f 3297/1/1 3109/1/1 3124/1/1
f 3297/1/1 3124/1/1 3298/1/1
f 3298/1/1 3124/1/1 3123/1/1
f 3298/1/1 3123/1/1 3299/1/1
f 3299/1/1 3123/1/1 3122/1/1
f 3299/1/1 3122/1/1 3300/1/1
f 3301/1/1 3113/1/1 3302/1/1
f 3302/1/1 3113/1/1 3112/1/1
f 3302/1/1 3112/1/1 3303/1/1
f 3303/1/1 3112/1/1 3111/1/1
f 3303/1/1 3111/1/1 3296/1/1
f 3296/1/1 3111/1/1 3110/1/1
f 3296/1/1 3110/1/1 3109/1/1
f 3122/1/1 3121/1/1 3300/1/1
f 3300/1/1 3121/1/1 3120/1/1
f 3300/1/1 3120/1/1 3304/1/1
f 3304/1/1 3120/1/1 3119/1/1
f 3304/1/1 3119/1/1 3305/1/1
f 3305/1/1 3119/1/1 3118/1/1
f 3305/1/1 3118/1/1 3306/1/1
f 3306/1/1 3118/1/1 3117/1/1
f 3306/1/1 3117/1/1 3307/1/1
f 3307/1/1 3117/1/1 3116/1/1
f 3307/1/1 3116/1/1 3308/1/1
f 3308/1/1 3116/1/1 3115/1/1
f 3308/1/1 3115/1/1 3301/1/1
f 3301/1/1 3115/1/1 3114/1/1
f 3301/1/1 3114/1/1 3113/1/1
f 3309/1/5360 3310/1/5360 3311/1/5360
f 3312/1/5361 3313/1/5361 3314/1/5361
f 3315/1/5362 3316/1/5362 3317/1/5362
f 3315/1/5363 3317/1/5363 3318/1/5363
f 3318/1/5364 3317/1/5364 3319/1/5364
f 3318/1/5365 3319/1/5365 3320/1/5365
f 3321/1/5366 3322/1/5366 3314/1/5366
f 3313/1/5367 3323/1/5367 3314/1/5367
f 3314/1/5368 3323/1/5368 3324/1/5368
f 3314/1/5369 3324/1/5369 3321/1/5369
f 3322/1/5370 3320/1/5370 3314/1/5370
f 3314/1/5371 3320/1/5371 3319/1/5371
f 3314/1/5372 3319/1/5372 3312/1/5372
f 3312/1/5373 3319/1/5373 3311/1/5373
f 3312/1/5374 3311/1/5374 3325/1/5374
f 3325/1/5375 3311/1/5375 3310/1/5375
f 3326/1/5376 3170/1/5376 3327/1/5376
f 3327/1/5377 3170/1/5377 3173/1/5377
f 3327/1/5378 3173/1/5378 3328/1/5378
f 3328/1/5379 3173/1/5379 3175/1/5379
f 3328/1/5380 3175/1/5380 3329/1/5380
f 3329/1/5380 3175/1/5380 3177/1/5380
f 3329/1/5381 3177/1/5381 3330/1/5381
f 3330/1/5382 3177/1/5382 2860/1/5382
f 3316/1/5383 3326/1/5383 3317/1/5383
f 3317/1/5384 3326/1/5384 3327/1/5384
f 3317/1/5385 3327/1/5385 3319/1/5385
f 3319/1/5385 3327/1/5385 3328/1/5385
f 3319/1/5386 3328/1/5386 3311/1/5386
f 3311/1/5386 3328/1/5386 3329/1/5386
f 3311/1/5387 3329/1/5387 3309/1/5387
f 3309/1/5388 3329/1/5388 3330/1/5388
f 3229/1/5389 3222/1/5389 3331/1/5389
f 3331/1/5390 3222/1/5390 3332/1/5390
f 3331/1/5391 3332/1/5391 3333/1/5391
f 3333/1/5392 3332/1/5392 3334/1/5392
f 3334/1/5393 3332/1/5393 3335/1/5393
f 3334/1/5394 3335/1/5394 3336/1/5394
f 3336/1/5395 3335/1/5395 3224/1/5395
f 3336/1/5395 3224/1/5395 3337/1/5395
f 3338/1/5396 3339/1/5396 3340/1/5396
f 3340/1/5397 3339/1/5397 3341/1/5397
f 3340/1/5398 3341/1/5398 3342/1/5398
f 3343/1/5399 3344/1/5399 3345/1/5399
f 3346/1/5400 3347/1/5400 3348/1/5400
f 3348/1/5401 3347/1/5401 3349/1/5401
f 3348/1/5402 3349/1/5402 3338/1/5402
f 3338/1/5403 3349/1/5403 3350/1/5403
f 3338/1/5404 3350/1/5404 3339/1/5404
f 3346/1/5405 3348/1/5405 3345/1/5405
f 3345/1/5406 3348/1/5406 3351/1/5406
f 3345/1/5407 3351/1/5407 3343/1/5407
f 3344/1/5408 3343/1/5408 3352/1/5408
f 3352/1/5409 3343/1/5409 3233/1/5409
f 3352/1/5410 3233/1/5410 3231/1/5410
f 3350/1/5411 3349/1/5411 3353/1/5411
f 3346/1/5412 3345/1/5412 3354/1/5412
f 3344/1/5413 3352/1/5413 3355/1/5413
f 3344/1/5414 3355/1/5414 3345/1/5414
f 3353/1/5415 3349/1/5415 3354/1/5415
f 3354/1/5416 3349/1/5416 3347/1/5416
f 3354/1/5417 3347/1/5417 3346/1/5417
f 3336/1/5418 3337/1/5418 3356/1/5418
f 3333/1/5419 3334/1/5419 3354/1/5419
f 3354/1/5420 3334/1/5420 3336/1/5420
f 3354/1/5421 3336/1/5421 3353/1/5421
f 3353/1/5422 3336/1/5422 3356/1/5422
f 3353/1/5423 3356/1/5423 3350/1/5423
f 3350/1/5424 3356/1/5424 3357/1/5424
f 3350/1/5425 3357/1/5425 3339/1/5425
f 3345/1/5426 3355/1/5426 3354/1/5426
f 3354/1/5427 3355/1/5427 3331/1/5427
f 3354/1/5428 3331/1/5428 3333/1/5428
f 3229/1/5429 3331/1/5429 3236/1/5429
f 3236/1/5429 3331/1/5429 3355/1/5429
f 3236/1/5430 3355/1/5430 3232/1/5430
f 3232/1/5431 3355/1/5431 3352/1/5431
f 3232/1/5432 3352/1/5432 3231/1/5432
f 3256/1/5433 3000/1/5433 3358/1/5433
f 3358/1/5434 3000/1/5434 3240/1/5434
f 3359/1/504 3341/1/504 3360/1/504
f 3360/1/504 3341/1/504 3260/1/504
f 3360/1/504 3260/1/504 3361/1/504
f 3359/1/504 3362/1/504 3341/1/504
f 3341/1/504 3362/1/504 3363/1/504
f 3341/1/504 3363/1/504 3342/1/504
f 3363/1/504 3364/1/504 3342/1/504
f 3342/1/504 3364/1/504 3365/1/504
f 3342/1/504 3365/1/504 3264/1/504
f 3264/1/504 3365/1/504 3366/1/504
f 3264/1/504 3366/1/504 3367/1/504
f 3367/1/504 3368/1/504 3264/1/504
f 3264/1/504 3368/1/504 3369/1/504
f 3264/1/504 3369/1/504 3260/1/504
f 3260/1/504 3369/1/504 3370/1/504
f 3260/1/504 3370/1/504 3361/1/504
f 3342/1/5435 3264/1/5435 3269/1/5435
f 3342/1/5436 3269/1/5436 3371/1/5436
f 3371/1/5437 3269/1/5437 3268/1/5437
f 3371/1/5438 3268/1/5438 3372/1/5438
f 3372/1/5439 3268/1/5439 3270/1/5439
f 3372/1/5440 3270/1/5440 3373/1/5440
f 3373/1/5441 3270/1/5441 3271/1/5441
f 3373/1/5442 3271/1/5442 3374/1/5442
f 3375/1/5443 3374/1/5443 3271/1/5443
f 3375/1/5444 3271/1/5444 3376/1/5444
f 3271/1/5445 3263/1/5445 3376/1/5445
f 3376/1/5446 3263/1/5446 3265/1/5446
f 3376/1/5447 3265/1/5447 3377/1/5447
f 3266/1/5448 3378/1/5448 3265/1/5448
f 3265/1/5448 3378/1/5448 3377/1/5448
f 3379/1/5449 3380/1/5449 3381/1/5449
f 3287/1/5450 3382/1/5450 3280/1/5450
f 3280/1/5451 3382/1/5451 3379/1/5451
f 3280/1/5452 3379/1/5452 3281/1/5452
f 3281/1/5453 3379/1/5453 3381/1/5453
f 3383/1/5454 3307/1/5454 3384/1/5454
f 3384/1/5455 3307/1/5455 3308/1/5455
f 3384/1/5455 3308/1/5455 3385/1/5455
f 3385/1/5456 3308/1/5456 3301/1/5456
f 3385/1/5456 3301/1/5456 3386/1/5456
f 3386/1/5457 3301/1/5457 3302/1/5457
f 3386/1/5457 3302/1/5457 3387/1/5457
f 3387/1/5458 3302/1/5458 3303/1/5458
f 3387/1/5458 3303/1/5458 3388/1/5458
f 3388/1/5459 3303/1/5459 3296/1/5459
f 3388/1/5459 3296/1/5459 3389/1/5459
f 3389/1/504 3296/1/504 3297/1/504
f 3389/1/504 3297/1/504 3390/1/504
f 3390/1/5460 3297/1/5460 3298/1/5460
f 3390/1/5460 3298/1/5460 3391/1/5460
f 3391/1/5461 3298/1/5461 3299/1/5461
f 3391/1/5461 3299/1/5461 3392/1/5461
f 3392/1/5462 3299/1/5462 3300/1/5462
f 3392/1/5462 3300/1/5462 3393/1/5462
f 3393/1/5463 3300/1/5463 3304/1/5463
f 3393/1/5463 3304/1/5463 3394/1/5463
f 3394/1/5464 3304/1/5464 3305/1/5464
f 3394/1/5464 3305/1/5464 3395/1/5464
f 3395/1/5465 3305/1/5465 3306/1/5465
f 3395/1/5465 3306/1/5465 3383/1/5465
f 3383/1/5454 3306/1/5454 3307/1/5454
f 3366/1/3689 3396/1/3689 3367/1/3689
f 3367/1/3689 3396/1/3689 3397/1/3689
f 3367/1/3688 3397/1/3688 3368/1/3688
f 3368/1/3688 3397/1/3688 3398/1/3688
f 3368/1/3687 3398/1/3687 3369/1/3687
f 3369/1/3687 3398/1/3687 3399/1/3687
f 3369/1/3686 3399/1/3686 3370/1/3686
f 3370/1/3686 3399/1/3686 3400/1/3686
f 3370/1/3685 3400/1/3685 3361/1/3685
f 3361/1/3685 3400/1/3685 3401/1/3685
f 3361/1/3684 3401/1/3684 3360/1/3684
f 3360/1/3684 3401/1/3684 3402/1/3684
f 3360/1/3683 3402/1/3683 3359/1/3683
f 3359/1/3683 3402/1/3683 3403/1/3683
f 3359/1/3682 3403/1/3682 3362/1/3682
f 3362/1/3682 3403/1/3682 3404/1/3682
f 3362/1/3190 3404/1/3190 3363/1/3190
f 3363/1/3190 3404/1/3190 3405/1/3190
f 3363/1/3681 3405/1/3681 3364/1/3681
f 3364/1/3681 3405/1/3681 3406/1/3681
f 3364/1/3680 3406/1/3680 3365/1/3680
f 3365/1/3680 3406/1/3680 3407/1/3680
f 3365/1/3679 3407/1/3679 3366/1/3679
f 3366/1/3679 3407/1/3679 3396/1/3679
f 3001/1/5466 3408/1/5466 3409/1/5466
f 3409/1/5466 3408/1/5466 3410/1/5466
f 3409/1/5467 3410/1/5467 3411/1/5467
f 3411/1/5467 3410/1/5467 3412/1/5467
f 3411/1/5468 3412/1/5468 3413/1/5468
f 3413/1/5469 3412/1/5469 3414/1/5469
f 3413/1/5470 3414/1/5470 3415/1/5470
f 3415/1/5470 3414/1/5470 3416/1/5470
f 3417/1/5471 3416/1/5471 3418/1/5471
f 3418/1/5471 3416/1/5471 3414/1/5471
f 3418/1/5472 3414/1/5472 3419/1/5472
f 3419/1/5472 3414/1/5472 3412/1/5472
f 3419/1/5473 3412/1/5473 3420/1/5473
f 3420/1/5473 3412/1/5473 3410/1/5473
f 3420/1/5474 3410/1/5474 3421/1/5474
f 3421/1/5475 3410/1/5475 3408/1/5475
f 3421/1/5476 3408/1/5476 2155/1/5476
f 751/1/5477 3422/1/5477 3423/1/5477
f 3423/1/5478 3422/1/5478 3424/1/5478
f 3423/1/5479 3424/1/5479 3425/1/5479
f 3425/1/5480 3424/1/5480 3426/1/5480
f 3422/1/5481 3427/1/5481 3428/1/5481
f 3428/1/5482 3427/1/5482 3429/1/5482
f 3428/1/5483 3429/1/5483 3430/1/5483
f 3431/1/5484 3426/1/5484 3428/1/5484
f 3428/1/5485 3426/1/5485 3424/1/5485
f 3428/1/5486 3424/1/5486 3422/1/5486
f 3378/1/5487 3432/1/5487 3433/1/5487
f 3434/1/5488 3435/1/5488 3436/1/5488
f 3437/1/5489 3438/1/5489 3439/1/5489
f 3440/1/5490 3238/1/5490 3434/1/5490
f 3378/1/5491 3441/1/5491 3442/1/5491
f 3442/1/5492 3441/1/5492 3014/1/5492
f 3432/1/5493 3378/1/5493 3442/1/5493
f 3443/1/5494 3444/1/5494 3445/1/5494
f 3445/1/5495 3444/1/5495 3439/1/5495
f 3445/1/5496 3439/1/5496 3436/1/5496
f 3436/1/5497 3439/1/5497 3438/1/5497
f 3436/1/5498 3438/1/5498 3434/1/5498
f 3434/1/5499 3438/1/5499 3437/1/5499
f 3434/1/5500 3437/1/5500 3440/1/5500
f 3435/1/5501 3433/1/5501 3436/1/5501
f 3436/1/5502 3433/1/5502 3432/1/5502
f 3436/1/5502 3432/1/5502 3445/1/5502
f 3445/1/5503 3432/1/5503 3442/1/5503
f 3445/1/5503 3442/1/5503 3443/1/5503
f 3443/1/5504 3442/1/5504 3014/1/5504
f 3443/1/5505 3014/1/5505 3444/1/5505
f 3435/1/5501 3446/1/5501 3433/1/5501
f 3433/1/5506 3446/1/5506 3378/1/5506
f 3447/1/5507 3448/1/5507 3449/1/5507
f 3449/1/5507 3448/1/5507 3450/1/5507
f 3449/1/5508 3450/1/5508 3451/1/5508
f 3451/1/5508 3450/1/5508 3452/1/5508
f 3451/1/5509 3452/1/5509 3453/1/5509
f 3453/1/5509 3452/1/5509 3454/1/5509
f 3453/1/5510 3454/1/5510 3455/1/5510
f 3455/1/5510 3454/1/5510 3456/1/5510
f 3455/1/5511 3456/1/5511 3457/1/5511
f 3457/1/5511 3456/1/5511 3458/1/5511
f 3457/1/5512 3458/1/5512 3459/1/5512
f 3459/1/5512 3458/1/5512 3460/1/5512
f 3459/1/5513 3460/1/5513 3461/1/5513
f 3461/1/5514 3460/1/5514 3462/1/5514
f 3461/1/5515 3462/1/5515 3463/1/5515
f 3463/1/5515 3462/1/5515 3464/1/5515
f 3463/1/5516 3464/1/5516 3465/1/5516
f 3465/1/5516 3464/1/5516 3466/1/5516
f 3465/1/5517 3466/1/5517 3467/1/5517
f 3467/1/5517 3466/1/5517 3468/1/5517
f 3467/1/5518 3468/1/5518 3469/1/5518
f 3469/1/5518 3468/1/5518 3470/1/5518
f 3469/1/5519 3470/1/5519 3447/1/5519
f 3447/1/5519 3470/1/5519 3448/1/5519
f 3471/1/5520 3472/1/5520 3461/1/5520
f 3473/1/5521 3474/1/5521 3459/1/5521
f 3459/1/5522 3474/1/5522 3475/1/5522
f 3459/1/5523 3475/1/5523 3457/1/5523
f 3457/1/5524 3475/1/5524 3476/1/5524
f 3457/1/5525 3476/1/5525 3477/1/5525
f 3461/1/3643 3472/1/3643 3459/1/3643
f 3459/1/5526 3472/1/5526 3478/1/5526
f 3459/1/5527 3478/1/5527 3473/1/5527
f 3479/1/5528 3480/1/5528 3465/1/5528
f 3465/1/5529 3480/1/5529 3481/1/5529
f 3465/1/5530 3481/1/5530 3463/1/5530
f 3463/1/5531 3481/1/5531 3482/1/5531
f 3463/1/3642 3482/1/3642 3461/1/3642
f 3461/1/5532 3482/1/5532 3483/1/5532
f 3461/1/5533 3483/1/5533 3471/1/5533
f 3484/1/5534 3485/1/5534 3467/1/5534
f 3467/1/5535 3485/1/5535 3486/1/5535
f 3467/1/5536 3486/1/5536 3465/1/5536
f 3465/1/5537 3486/1/5537 3487/1/5537
f 3465/1/5538 3487/1/5538 3479/1/5538
f 3484/1/5539 3467/1/5539 3488/1/5539
f 3488/1/5540 3467/1/5540 3469/1/5540
f 3488/1/5541 3469/1/5541 3489/1/5541
f 3489/1/5542 3469/1/5542 3490/1/5542
f 3490/1/5543 3469/1/5543 3447/1/5543
f 3490/1/5544 3447/1/5544 3491/1/5544
f 3491/1/5545 3447/1/5545 3492/1/5545
f 3492/1/5546 3447/1/5546 3449/1/5546
f 3492/1/5547 3449/1/5547 3493/1/5547
f 3451/1/5548 3494/1/5548 3449/1/5548
f 3449/1/5549 3494/1/5549 3495/1/5549
f 3449/1/5550 3495/1/5550 3493/1/5550
f 3496/1/5551 3497/1/5551 3453/1/5551
f 3453/1/5552 3497/1/5552 3498/1/5552
f 3453/1/5553 3498/1/5553 3451/1/5553
f 3451/1/5554 3498/1/5554 3499/1/5554
f 3451/1/5555 3499/1/5555 3494/1/5555
f 3496/1/5556 3453/1/5556 3500/1/5556
f 3500/1/5557 3453/1/5557 3455/1/5557
f 3500/1/5558 3455/1/5558 3501/1/5558
f 3477/1/5559 3502/1/5559 3457/1/5559
f 3457/1/5560 3502/1/5560 3503/1/5560
f 3457/1/5561 3503/1/5561 3455/1/5561
f 3455/1/5562 3503/1/5562 3504/1/5562
f 3455/1/5563 3504/1/5563 3501/1/5563
f 3505/1/5564 3476/1/5564 3475/1/5564
f 3475/1/5565 3474/1/5565 3505/1/5565
f 3505/1/5566 3474/1/5566 3473/1/5566
f 3505/1/5567 3473/1/5567 3478/1/5567
f 3478/1/5568 3472/1/5568 3505/1/5568
f 3505/1/5569 3472/1/5569 3471/1/5569
f 3505/1/5570 3471/1/5570 3483/1/5570
f 3505/1/5571 3484/1/5571 3488/1/5571
f 3488/1/5572 3489/1/5572 3505/1/5572
f 3505/1/5573 3489/1/5573 3490/1/5573
f 3505/1/5573 3490/1/5573 3491/1/5573
f 3491/1/5574 3492/1/5574 3505/1/5574
f 3505/1/5575 3492/1/5575 3493/1/5575
f 3505/1/5576 3493/1/5576 3495/1/5576
f 3495/1/5577 3494/1/5577 3505/1/5577
f 3505/1/5578 3494/1/5578 3499/1/5578
f 3505/1/5579 3499/1/5579 3498/1/5579
f 3483/1/5580 3482/1/5580 3505/1/5580
f 3505/1/5581 3482/1/5581 3481/1/5581
f 3481/1/5582 3480/1/5582 3505/1/5582
f 3505/1/5583 3480/1/5583 3479/1/5583
f 3505/1/5584 3479/1/5584 3487/1/5584
f 3487/1/5585 3486/1/5585 3505/1/5585
f 3505/1/5586 3486/1/5586 3485/1/5586
f 3505/1/5587 3485/1/5587 3484/1/5587
f 3477/1/5588 3476/1/5588 3505/1/5588
f 3496/1/5589 3505/1/5589 3497/1/5589
f 3497/1/5590 3505/1/5590 3498/1/5590
f 3496/1/5591 3500/1/5591 3505/1/5591
f 3505/1/5592 3500/1/5592 3501/1/5592
f 3505/1/5593 3501/1/5593 3504/1/5593
f 3504/1/5594 3503/1/5594 3505/1/5594
f 3505/1/5595 3503/1/5595 3502/1/5595
f 3505/1/5596 3502/1/5596 3477/1/5596
f 3506/1/1 3507/1/1 3458/1/1
f 3458/1/1 3507/1/1 3508/1/1
f 3458/1/1 3508/1/1 3460/1/1
f 3460/1/1 3508/1/1 3509/1/1
f 3460/1/1 3509/1/1 3462/1/1
f 3462/1/1 3509/1/1 3510/1/1
f 3462/1/1 3510/1/1 3464/1/1
f 3464/1/1 3510/1/1 3511/1/1
f 3464/1/1 3511/1/1 3466/1/1
f 3466/1/1 3511/1/1 3512/1/1
f 3466/1/1 3512/1/1 3468/1/1
f 3468/1/1 3512/1/1 3513/1/1
f 3468/1/1 3513/1/1 3470/1/1
f 3470/1/1 3513/1/1 3514/1/1
f 3470/1/1 3514/1/1 3448/1/1
f 3448/1/1 3514/1/1 3515/1/1
f 3448/1/1 3515/1/1 3450/1/1
f 3450/1/1 3515/1/1 3516/1/1
f 3450/1/1 3516/1/1 3452/1/1
f 3452/1/1 3516/1/1 3517/1/1
f 3452/1/1 3517/1/1 3454/1/1
f 3454/1/1 3517/1/1 3518/1/1
f 3454/1/1 3518/1/1 3456/1/1
f 3456/1/1 3518/1/1 3519/1/1
f 3456/1/1 3519/1/1 3458/1/1
f 3458/1/1 3519/1/1 3506/1/1
f 3520/1/1 3521/1/1 3522/1/1
f 3523/1/1 3524/1/1 3525/1/1
f 3525/1/1 3524/1/1 3526/1/1
f 3525/1/1 3526/1/1 3527/1/1
f 3522/1/1 3528/1/1 3520/1/1
f 3520/1/1 3528/1/1 3529/1/1
f 3520/1/1 3529/1/1 3526/1/1
f 3526/1/1 3529/1/1 3324/1/1
f 3526/1/1 3324/1/1 3527/1/1
f 2854/1/4294 2527/1/4294 3530/1/4294
f 3530/1/4294 2527/1/4294 3531/1/4294
f 3530/1/5597 3531/1/5597 3532/1/5597
f 3532/1/5597 3531/1/5597 3533/1/5597
f 3532/1/5598 3533/1/5598 3534/1/5598
f 3534/1/5599 3533/1/5599 3535/1/5599
f 3534/1/5600 3535/1/5600 3536/1/5600
f 3535/1/5601 3537/1/5601 3536/1/5601
f 3536/1/3683 3537/1/3683 3520/1/3683
f 3536/1/3683 3520/1/3683 3526/1/3683
f 3538/1/5602 2890/1/5602 3539/1/5602
f 3540/1/504 3407/1/504 3541/1/504
f 3541/1/504 3407/1/504 3406/1/504
f 3541/1/504 3406/1/504 3542/1/504
f 3542/1/504 3406/1/504 3405/1/504
f 3542/1/504 3405/1/504 3543/1/504
f 3543/1/504 3405/1/504 3404/1/504
f 3543/1/504 3404/1/504 3544/1/504
f 3544/1/504 3404/1/504 3403/1/504
f 3544/1/504 3403/1/504 3545/1/504
f 3545/1/504 3403/1/504 3402/1/504
f 3545/1/504 3402/1/504 3546/1/504
f 3546/1/504 3402/1/504 3401/1/504
f 3546/1/504 3401/1/504 3547/1/504
f 3547/1/504 3401/1/504 3400/1/504
f 3547/1/504 3400/1/504 3548/1/504
f 3548/1/504 3400/1/504 3399/1/504
f 3548/1/504 3399/1/504 3549/1/504
f 3549/1/504 3399/1/504 3398/1/504
f 3549/1/504 3398/1/504 3550/1/504
f 3550/1/504 3398/1/504 3397/1/504
f 3550/1/504 3397/1/504 3551/1/504
f 3551/1/504 3397/1/504 3396/1/504
f 3551/1/504 3396/1/504 3540/1/504
f 3540/1/504 3396/1/504 3407/1/504
f 3507/1/5603 3506/1/5603 3389/1/5603
f 3389/1/5604 3506/1/5604 3519/1/5604
f 3389/1/5604 3519/1/5604 3388/1/5604
f 3388/1/5605 3519/1/5605 3518/1/5605
f 3388/1/5605 3518/1/5605 3387/1/5605
f 3387/1/5606 3518/1/5606 3517/1/5606
f 3387/1/5606 3517/1/5606 3386/1/5606
f 3386/1/5607 3517/1/5607 3516/1/5607
f 3386/1/5607 3516/1/5607 3385/1/5607
f 3385/1/5608 3516/1/5608 3515/1/5608
f 3385/1/5608 3515/1/5608 3384/1/5608
f 3384/1/5609 3515/1/5609 3514/1/5609
f 3384/1/5609 3514/1/5609 3383/1/5609
f 3383/1/5610 3514/1/5610 3513/1/5610
f 3383/1/5610 3513/1/5610 3395/1/5610
f 3395/1/5611 3513/1/5611 3512/1/5611
f 3395/1/5611 3512/1/5611 3394/1/5611
f 3394/1/5612 3512/1/5612 3511/1/5612
f 3394/1/5612 3511/1/5612 3393/1/5612
f 3393/1/5613 3511/1/5613 3510/1/5613
f 3393/1/5613 3510/1/5613 3392/1/5613
f 3392/1/5614 3510/1/5614 3509/1/5614
f 3392/1/5614 3509/1/5614 3391/1/5614
f 3391/1/5615 3509/1/5615 3508/1/5615
f 3391/1/5615 3508/1/5615 3390/1/5615
f 3390/1/5616 3508/1/5616 3507/1/5616
f 3390/1/5617 3507/1/5617 3389/1/5617
f 3552/1/5618 3381/1/5618 3553/1/5618
f 3553/1/5619 3381/1/5619 3380/1/5619
f 3553/1/5620 3380/1/5620 3554/1/5620
f 3554/1/5619 3380/1/5619 3555/1/5619
f 3554/1/5618 3555/1/5618 3556/1/5618
f 3556/1/5618 3555/1/5618 3557/1/5618
f 3558/1/5621 3559/1/5621 3560/1/5621
f 3371/1/5622 3561/1/5622 3342/1/5622
f 3342/1/5623 3561/1/5623 3340/1/5623
f 3340/1/5624 3561/1/5624 3338/1/5624
f 3338/1/5625 3561/1/5625 3562/1/5625
f 3338/1/5626 3562/1/5626 3348/1/5626
f 3348/1/5627 3562/1/5627 3560/1/5627
f 3348/1/5628 3560/1/5628 3351/1/5628
f 3351/1/5629 3560/1/5629 3343/1/5629
f 3343/1/5630 3560/1/5630 3559/1/5630
f 3343/1/5631 3559/1/5631 3233/1/5631
f 3563/1/5632 3564/1/5632 3558/1/5632
f 3374/1/5633 3565/1/5633 3566/1/5633
f 3566/1/5634 3565/1/5634 3567/1/5634
f 3568/1/5635 3374/1/5635 3566/1/5635
f 3372/1/5636 3569/1/5636 3570/1/5636
f 3570/1/5637 3569/1/5637 3568/1/5637
f 3570/1/5637 3568/1/5637 3571/1/5637
f 3571/1/5638 3568/1/5638 3566/1/5638
f 3571/1/5638 3566/1/5638 3563/1/5638
f 3563/1/5639 3566/1/5639 3567/1/5639
f 3563/1/5640 3567/1/5640 3564/1/5640
f 3558/1/5641 3560/1/5641 3563/1/5641
f 3563/1/5642 3560/1/5642 3562/1/5642
f 3563/1/5642 3562/1/5642 3571/1/5642
f 3571/1/5643 3562/1/5643 3561/1/5643
f 3571/1/5643 3561/1/5643 3570/1/5643
f 3570/1/5644 3561/1/5644 3371/1/5644
f 3570/1/5644 3371/1/5644 3372/1/5644
f 3569/1/5645 3374/1/5645 3568/1/5645
f 3372/1/5636 3373/1/5636 3569/1/5636
f 3569/1/5646 3373/1/5646 3374/1/5646
f 3321/1/5647 3324/1/5647 3529/1/5647
f 3321/1/5648 3529/1/5648 3322/1/5648
f 3322/1/5649 3529/1/5649 3572/1/5649
f 3322/1/5650 3572/1/5650 3320/1/5650
f 3320/1/5651 3572/1/5651 3573/1/5651
f 3320/1/5652 3573/1/5652 3318/1/5652
f 3318/1/5653 3573/1/5653 3574/1/5653
f 3318/1/5654 3574/1/5654 3315/1/5654
f 2996/1/5655 3170/1/5655 3575/1/5655
f 3575/1/5656 3170/1/5656 3326/1/5656
f 3575/1/5657 3326/1/5657 3576/1/5657
f 3576/1/5658 3326/1/5658 3316/1/5658
f 3576/1/5659 3316/1/5659 3577/1/5659
f 3577/1/5660 3316/1/5660 3315/1/5660
f 3577/1/5661 3315/1/5661 3578/1/5661
f 3578/1/5662 3315/1/5662 3574/1/5662
f 3237/1/5663 3235/1/5663 3579/1/5663
f 3579/1/5663 3235/1/5663 3580/1/5663
f 3579/1/5664 3580/1/5664 3581/1/5664
f 3581/1/5664 3580/1/5664 3582/1/5664
f 3581/1/5665 3582/1/5665 3583/1/5665
f 3582/1/5665 3584/1/5665 3583/1/5665
f 3583/1/5666 3584/1/5666 3376/1/5666
f 3583/1/5666 3376/1/5666 3377/1/5666
f 3434/1/5667 3238/1/5667 3237/1/5667
f 3237/1/5668 3579/1/5668 3434/1/5668
f 3434/1/5669 3579/1/5669 3581/1/5669
f 3434/1/5670 3581/1/5670 3435/1/5670
f 3435/1/5671 3581/1/5671 3583/1/5671
f 3435/1/5672 3583/1/5672 3446/1/5672
f 3446/1/5673 3583/1/5673 3377/1/5673
f 3446/1/5674 3377/1/5674 3378/1/5674
f 3375/1/5675 3376/1/5675 3585/1/5675
f 3585/1/5676 3376/1/5676 3584/1/5676
f 3585/1/5677 3584/1/5677 3586/1/5677
f 3586/1/5678 3584/1/5678 3582/1/5678
f 3586/1/5679 3582/1/5679 3587/1/5679
f 3587/1/5680 3582/1/5680 3580/1/5680
f 3559/1/5681 3588/1/5681 3233/1/5681
f 3233/1/5682 3588/1/5682 3234/1/5682
f 3235/1/5683 3234/1/5683 3580/1/5683
f 3580/1/5684 3234/1/5684 3588/1/5684
f 3580/1/5685 3588/1/5685 3587/1/5685
f 3587/1/5686 3588/1/5686 3559/1/5686
f 3374/1/5687 3375/1/5687 3565/1/5687
f 3565/1/5688 3375/1/5688 3585/1/5688
f 3565/1/5689 3585/1/5689 3567/1/5689
f 3567/1/5690 3585/1/5690 3586/1/5690
f 3567/1/5691 3586/1/5691 3564/1/5691
f 3564/1/5692 3586/1/5692 3587/1/5692
f 3564/1/5693 3587/1/5693 3558/1/5693
f 3558/1/5694 3587/1/5694 3559/1/5694
f 3218/1/5695 3216/1/5695 3589/1/5695
f 3226/1/5696 3225/1/5696 3590/1/5696
f 3224/1/5697 3591/1/5697 3590/1/5697
f 3228/1/5698 3227/1/5698 3592/1/5698
f 3592/1/5699 3227/1/5699 3226/1/5699
f 3226/1/5700 3590/1/5700 3592/1/5700
f 3592/1/5517 3590/1/5517 3591/1/5517
f 3592/1/5701 3591/1/5701 3593/1/5701
f 3225/1/5702 3224/1/5702 3590/1/5702
f 3206/1/5703 3228/1/5703 3207/1/5703
f 3207/1/5704 3228/1/5704 3592/1/5704
f 3207/1/5705 3592/1/5705 3208/1/5705
f 3208/1/5706 3592/1/5706 3593/1/5706
f 3208/1/5707 3593/1/5707 3212/1/5707
f 3212/1/5708 3593/1/5708 3214/1/5708
f 3216/1/5709 3214/1/5709 3589/1/5709
f 3589/1/5710 3214/1/5710 3593/1/5710
f 3589/1/5711 3593/1/5711 3594/1/5711
f 3594/1/5516 3593/1/5516 3591/1/5516
f 3594/1/5712 3591/1/5712 3224/1/5712
f 3220/1/5713 3218/1/5713 3595/1/5713
f 3595/1/5714 3218/1/5714 3589/1/5714
f 3595/1/5715 3589/1/5715 3596/1/5715
f 3596/1/5716 3589/1/5716 3594/1/5716
f 3596/1/5717 3594/1/5717 3224/1/5717
f 3222/1/5718 3220/1/5718 3332/1/5718
f 3332/1/5718 3220/1/5718 3595/1/5718
f 3332/1/5719 3595/1/5719 3335/1/5719
f 3335/1/5719 3595/1/5719 3596/1/5719
f 3335/1/5720 3596/1/5720 3224/1/5720
f 3295/1/5721 3069/1/5721 3597/1/5721
f 3597/1/5722 3069/1/5722 282/1/5722
f 3597/1/5723 282/1/5723 3598/1/5723
f 3598/1/5724 282/1/5724 280/1/5724
f 3598/1/5725 280/1/5725 3599/1/5725
f 3599/1/5726 280/1/5726 278/1/5726
f 3599/1/5727 278/1/5727 3600/1/5727
f 278/1/5728 276/1/5728 3600/1/5728
f 3600/1/5729 276/1/5729 274/1/5729
f 3600/1/5730 274/1/5730 3601/1/5730
f 3601/1/5731 274/1/5731 3602/1/5731
f 3602/1/5732 274/1/5732 3107/1/5732
f 3602/1/5733 3107/1/5733 3603/1/5733
f 3023/1/3679 3551/1/3679 3024/1/3679
f 3024/1/3679 3551/1/3679 3540/1/3679
f 3024/1/3680 3540/1/3680 3015/1/3680
f 3015/1/3680 3540/1/3680 3541/1/3680
f 3015/1/3681 3541/1/3681 3013/1/3681
f 3013/1/3681 3541/1/3681 3542/1/3681
f 3013/1/3190 3542/1/3190 3012/1/3190
f 3012/1/3190 3542/1/3190 3543/1/3190
f 3012/1/3682 3543/1/3682 3029/1/3682
f 3029/1/3682 3543/1/3682 3544/1/3682
f 3029/1/3683 3544/1/3683 3030/1/3683
f 3030/1/3683 3544/1/3683 3545/1/3683
f 3030/1/3684 3545/1/3684 3031/1/3684
f 3031/1/3684 3545/1/3684 3546/1/3684
f 3031/1/3685 3546/1/3685 3026/1/3685
f 3026/1/3685 3546/1/3685 3547/1/3685
f 3026/1/3686 3547/1/3686 3025/1/3686
f 3025/1/3686 3547/1/3686 3548/1/3686
f 3025/1/3687 3548/1/3687 3020/1/3687
f 3020/1/3687 3548/1/3687 3549/1/3687
f 3020/1/3688 3549/1/3688 3021/1/3688
f 3021/1/3688 3549/1/3688 3550/1/3688
f 3021/1/3689 3550/1/3689 3023/1/3689
f 3023/1/3689 3550/1/3689 3551/1/3689
f 3604/1/4274 3605/1/4274 3606/1/4274
f 3262/1/4274 3261/1/4274 3604/1/4274
f 3604/1/4274 3606/1/4274 3262/1/4274
f 3262/1/4918 3606/1/4918 3607/1/4918
f 3262/1/4918 3607/1/4918 3259/1/4918
f 3259/1/4917 3607/1/4917 3608/1/4917
f 3259/1/4917 3608/1/4917 3258/1/4917
f 3258/1/4269 3608/1/4269 3009/1/4269
f 3258/1/4269 3009/1/4269 3017/1/4269
f 3027/1/5734 3028/1/5734 3609/1/5734
f 3609/1/5735 3028/1/5735 3019/1/5735
f 3609/1/5736 3019/1/5736 3018/1/5736
f 3027/1/5737 3609/1/5737 3128/1/5737
f 3128/1/5738 3609/1/5738 3610/1/5738
f 3128/1/5739 3610/1/5739 3127/1/5739
f 3127/1/5740 3610/1/5740 3611/1/5740
f 3127/1/5740 3611/1/5740 3126/1/5740
f 3126/1/5741 3611/1/5741 3612/1/5741
f 3126/1/5741 3612/1/5741 3125/1/5741
f 2852/1/5742 3125/1/5742 3136/1/5742
f 3136/1/5742 3125/1/5742 3612/1/5742
f 3136/1/5743 3612/1/5743 3156/1/5743
f 3151/1/5744 3156/1/5744 3613/1/5744
f 3152/1/5745 3151/1/5745 3614/1/5745
f 3614/1/5746 3151/1/5746 3615/1/5746
f 3614/1/5747 3615/1/5747 3616/1/5747
f 3616/1/5748 3615/1/5748 3617/1/5748
f 3616/1/5749 3617/1/5749 3618/1/5749
f 3618/1/5750 3617/1/5750 3619/1/5750
f 3619/1/5751 3617/1/5751 3620/1/5751
f 3619/1/5752 3620/1/5752 3621/1/5752
f 3621/1/5753 3620/1/5753 3622/1/5753
f 3621/1/5754 3622/1/5754 3011/1/5754
f 3151/1/5744 3613/1/5744 3615/1/5744
f 3615/1/5755 3613/1/5755 3623/1/5755
f 3615/1/5755 3623/1/5755 3617/1/5755
f 3617/1/5756 3623/1/5756 3624/1/5756
f 3617/1/5756 3624/1/5756 3620/1/5756
f 3620/1/5757 3624/1/5757 3625/1/5757
f 3620/1/5757 3625/1/5757 3622/1/5757
f 3622/1/5758 3625/1/5758 3016/1/5758
f 3622/1/5759 3016/1/5759 3011/1/5759
f 3156/1/5760 3612/1/5760 3613/1/5760
f 3613/1/5761 3612/1/5761 3611/1/5761
f 3613/1/5761 3611/1/5761 3623/1/5761
f 3623/1/5762 3611/1/5762 3610/1/5762
f 3623/1/5762 3610/1/5762 3624/1/5762
f 3624/1/5763 3610/1/5763 3609/1/5763
f 3624/1/5763 3609/1/5763 3625/1/5763
f 3625/1/5764 3609/1/5764 3018/1/5764
f 3625/1/5765 3018/1/5765 3016/1/5765
f 3444/1/5766 3014/1/5766 2831/1/5766
f 2951/1/4941 3238/1/4941 3626/1/4941
f 3626/1/4941 3238/1/4941 3440/1/4941
f 3626/1/5767 3440/1/5767 3627/1/5767
f 3627/1/5768 3440/1/5768 3437/1/5768
f 3627/1/5769 3437/1/5769 3628/1/5769
f 2831/1/5766 3629/1/5766 3444/1/5766
f 3444/1/5770 3629/1/5770 3628/1/5770
f 3444/1/5770 3628/1/5770 3439/1/5770
f 3439/1/5771 3628/1/5771 3437/1/5771
f 3378/1/5772 3266/1/5772 3441/1/5772
f 3441/1/4917 3266/1/4917 3267/1/4917
f 3441/1/5773 3267/1/5773 3014/1/5773
f 3014/1/4269 3267/1/4269 3022/1/4269
f 3630/1/5774 3008/1/5774 3009/1/5774
f 2658/1/5775 3006/1/5775 3631/1/5775
f 3631/1/5775 3006/1/5775 3632/1/5775
f 3631/1/5776 3632/1/5776 3633/1/5776
f 3633/1/5776 3632/1/5776 3634/1/5776
f 3633/1/5777 3634/1/5777 3635/1/5777
f 3635/1/5778 3634/1/5778 3636/1/5778
f 3635/1/5779 3636/1/5779 3605/1/5779
f 3637/1/5780 3638/1/5780 3639/1/5780
f 3639/1/5781 3638/1/5781 3640/1/5781
f 3639/1/5782 3640/1/5782 3630/1/5782
f 3630/1/5782 3640/1/5782 3641/1/5782
f 3630/1/5783 3641/1/5783 3008/1/5783
f 3008/1/5783 3641/1/5783 3007/1/5783
f 3006/1/5784 3007/1/5784 3632/1/5784
f 3632/1/5784 3007/1/5784 3641/1/5784
f 3632/1/5785 3641/1/5785 3634/1/5785
f 3634/1/5786 3641/1/5786 3640/1/5786
f 3634/1/5787 3640/1/5787 3636/1/5787
f 3636/1/5788 3640/1/5788 3638/1/5788
f 3636/1/5789 3638/1/5789 3605/1/5789
f 3637/1/5790 3605/1/5790 3638/1/5790
f 3009/1/5791 3608/1/5791 3630/1/5791
f 3630/1/5792 3608/1/5792 3607/1/5792
f 3630/1/5793 3607/1/5793 3639/1/5793
f 3639/1/5794 3607/1/5794 3606/1/5794
f 3639/1/5795 3606/1/5795 3637/1/5795
f 3637/1/5796 3606/1/5796 3605/1/5796
f 3415/1/5797 3642/1/5797 3643/1/5797
f 3415/1/5797 3643/1/5797 3413/1/5797
f 3413/1/5798 3643/1/5798 3644/1/5798
f 3413/1/5799 3644/1/5799 3411/1/5799
f 3411/1/5800 3644/1/5800 3645/1/5800
f 3411/1/5800 3645/1/5800 3409/1/5800
f 3409/1/5801 3645/1/5801 2633/1/5801
f 3409/1/5801 2633/1/5801 3001/1/5801
f 3576/1/5802 3577/1/5802 3646/1/5802
f 3574/1/5803 3573/1/5803 3647/1/5803
f 3647/1/5804 3573/1/5804 3572/1/5804
f 3647/1/5805 3572/1/5805 3529/1/5805
f 3647/1/5806 3648/1/5806 3574/1/5806
f 3574/1/5807 3648/1/5807 3646/1/5807
f 3574/1/5808 3646/1/5808 3578/1/5808
f 3578/1/5809 3646/1/5809 3577/1/5809
f 3649/1/5810 2997/1/5810 3650/1/5810
f 3650/1/5811 2997/1/5811 2998/1/5811
f 3650/1/5812 2998/1/5812 3651/1/5812
f 3651/1/5813 2998/1/5813 2999/1/5813
f 3651/1/5814 2999/1/5814 3575/1/5814
f 3575/1/5815 2999/1/5815 2996/1/5815
f 2517/1/5816 2997/1/5816 3652/1/5816
f 3652/1/5817 2997/1/5817 3649/1/5817
f 3652/1/5818 3649/1/5818 3653/1/5818
f 3529/1/5819 3654/1/5819 3647/1/5819
f 3647/1/5820 3654/1/5820 3655/1/5820
f 3647/1/5821 3655/1/5821 3648/1/5821
f 3648/1/5822 3655/1/5822 3656/1/5822
f 3648/1/5823 3656/1/5823 3657/1/5823
f 3657/1/5824 3656/1/5824 3658/1/5824
f 3657/1/5825 3658/1/5825 3659/1/5825
f 3659/1/5826 3653/1/5826 3657/1/5826
f 3657/1/5827 3653/1/5827 3649/1/5827
f 3657/1/5828 3649/1/5828 3648/1/5828
f 3648/1/5828 3649/1/5828 3650/1/5828
f 3648/1/5829 3650/1/5829 3646/1/5829
f 3646/1/5829 3650/1/5829 3651/1/5829
f 3646/1/5830 3651/1/5830 3576/1/5830
f 3576/1/5831 3651/1/5831 3575/1/5831
f 2928/1/5832 2936/1/5832 2946/1/5832
f 2943/1/5833 2944/1/5833 3660/1/5833
f 2943/1/5834 3660/1/5834 3239/1/5834
f 3239/1/5835 3660/1/5835 2934/1/5835
f 3239/1/5836 2934/1/5836 2935/1/5836
f 2936/1/5837 2934/1/5837 2946/1/5837
f 2946/1/5838 2934/1/5838 3660/1/5838
f 2946/1/5839 3660/1/5839 2945/1/5839
f 2945/1/5840 3660/1/5840 2944/1/5840
f 3661/869/5841 3662/870/5841 3663/871/5841
f 3664/872/5842 3665/873/5842 3666/874/5842
f 3667/875/5843 3668/876/5843 3669/877/5843
f 3670/1/5844 3671/1/5844 3672/1/5844
f 3673/1/5845 3674/1/5845 3675/1/5845
f 2890/1/5846 3673/1/5846 3676/1/5846
f 3673/1/5847 2890/1/5847 3674/1/5847
f 3674/1/5848 2890/1/5848 3677/1/5848
f 3674/1/5849 3677/1/5849 3675/1/5849
f 2892/1/5850 2893/1/5850 136/1/5850
f 154/878/5851 156/879/5851 3678/880/5851
f 162/881/5852 164/882/5852 3679/883/5852
f 3680/884/5853 3681/885/5853 3682/886/5853
f 3683/887/5854 3684/888/5854 3685/889/5854
f 3685/889/5855 3684/888/5855 3686/890/5855
f 3687/891/5856 3688/892/5856 3689/893/5856
f 3689/893/5857 3688/892/5857 3690/894/5857
f 3689/893/5858 3690/894/5858 3664/872/5858
f 3691/895/5859 3692/896/5859 3693/897/5859
f 3693/897/5860 3692/896/5860 3694/898/5860
f 3693/897/5861 3694/898/5861 3687/899/5861
f 3687/899/5862 3694/898/5862 3695/900/5862
f 3687/899/5863 3695/900/5863 3688/901/5863
f 3696/902/5864 3081/756/5864 3083/758/5864
f 3697/903/5865 3075/752/5865 3079/754/5865
f 3076/749/5866 3698/904/5866 3078/751/5866
f 3078/905/5867 3698/906/5867 3032/697/5867
f 3679/883/5868 3108/856/5868 3033/854/5868
f 3108/856/5869 3679/883/5869 3073/907/5869
f 3073/907/5870 3679/883/5870 164/882/5870
f 3073/907/5871 164/882/5871 2871/908/5871
f 156/879/5872 158/909/5872 3699/910/5872
f 3699/910/5873 158/909/5873 2873/911/5873
f 3699/910/5874 2873/911/5874 3700/912/5874
f 3700/912/5875 2873/911/5875 160/913/5875
f 3700/912/5876 160/913/5876 2872/914/5876
f 3701/915/5877 152/916/5877 3678/880/5877
f 3678/1/5878 152/1/5878 2875/1/5878
f 3678/1/5879 2875/1/5879 154/1/5879
f 148/917/5880 150/918/5880 3701/919/5880
f 3701/1/5881 150/1/5881 2874/1/5881
f 3701/915/5882 2874/920/5882 152/916/5882
f 3702/1/5883 3539/1/5883 2890/1/5883
f 3703/1/5884 3704/1/5884 3705/1/5884
f 3706/1/5885 3707/1/5885 3708/1/5885
f 3709/1/5886 3710/1/5886 3711/1/5886
f 3711/921/5887 3710/922/5887 3712/923/5887
f 3711/921/5888 3712/923/5888 3713/924/5888
f 3713/925/5889 3712/926/5889 3714/927/5889
f 3713/925/5890 3714/927/5890 3715/928/5890
f 3715/928/5891 3714/927/5891 3716/929/5891
f 3715/928/5892 3716/929/5892 3717/930/5892
f 3717/930/5893 3716/929/5893 3718/931/5893
f 3717/932/5894 3718/933/5894 3719/934/5894
f 3720/935/5895 3721/936/5895 3722/937/5895
f 3722/937/5896 3721/936/5896 3723/938/5896
f 3722/939/5897 3723/940/5897 3724/941/5897
f 3725/942/5898 3726/943/5898 3727/944/5898
f 3727/944/5899 3726/943/5899 3728/945/5899
f 3727/944/5900 3728/945/5900 3720/935/5900
f 3720/935/5901 3728/945/5901 3729/946/5901
f 3720/935/5902 3729/946/5902 3721/936/5902
f 3730/1/5903 3710/1/5903 3706/1/5903
f 3706/1/5904 3710/1/5904 3709/1/5904
f 3706/1/5905 3709/1/5905 3707/1/5905
f 3704/1/5906 3703/1/5906 3708/1/5906
f 3708/1/5907 3703/1/5907 3731/1/5907
f 3708/1/5908 3731/1/5908 3706/1/5908
f 3706/1/5909 3731/1/5909 3732/1/5909
f 3706/1/5910 3732/1/5910 3730/1/5910
f 3733/1/5911 3734/1/5911 3735/1/5911
f 3735/1/5912 3734/1/5912 3736/1/5912
f 3735/1/5913 3736/1/5913 3737/1/5913
f 3737/1/5914 3736/1/5914 3738/1/5914
f 3737/1/5915 3738/1/5915 3739/1/5915
f 3740/1/5916 3736/1/5916 3741/1/5916
f 3741/1/5917 3736/1/5917 3734/1/5917
f 3741/1/5918 3734/1/5918 3742/1/5918
f 3742/1/5919 3734/1/5919 3733/1/5919
f 3742/1/5920 3733/1/5920 3702/1/5920
f 3741/1/5921 3743/1/5921 3740/1/5921
f 3740/1/5922 3743/1/5922 3744/1/5922
f 3740/1/5923 3744/1/5923 3736/1/5923
f 3736/1/5924 3744/1/5924 3745/1/5924
f 3736/1/5925 3745/1/5925 3738/1/5925
f 3738/1/5926 3745/1/5926 3746/1/5926
f 3738/1/5927 3746/1/5927 3739/1/5927
f 3670/1/5928 3672/1/5928 3747/1/5928
f 2890/1/5929 2893/1/5929 3677/1/5929
f 3677/1/5930 2893/1/5930 3748/1/5930
f 3677/1/5931 3748/1/5931 3749/1/5931
f 3676/1/5932 3673/1/5932 3750/1/5932
f 3750/1/5933 3673/1/5933 3675/1/5933
f 3750/1/5934 3675/1/5934 3747/1/5934
f 3747/1/5935 3675/1/5935 3677/1/5935
f 3747/1/5936 3677/1/5936 3670/1/5936
f 3670/1/5937 3677/1/5937 3749/1/5937
f 3670/1/5938 3749/1/5938 3671/1/5938
f 3751/947/5939 3668/876/5939 3752/948/5939
f 3752/948/5940 3668/876/5940 3667/875/5940
f 3752/948/5941 3667/875/5941 3753/949/5941
f 146/1/5942 148/1/5942 3754/1/5942
f 3754/950/5943 148/951/5943 3701/952/5943
f 3754/950/5944 3701/952/5944 3755/953/5944
f 3755/954/5945 3701/915/5945 3678/880/5945
f 3755/954/5946 3678/880/5946 3756/955/5946
f 3756/955/5947 3678/880/5947 156/879/5947
f 3756/955/5948 156/879/5948 3757/956/5948
f 3757/956/5949 156/879/5949 3699/910/5949
f 3700/912/5950 3758/957/5950 3699/910/5950
f 3699/910/5951 3758/957/5951 3759/958/5951
f 3699/910/5952 3759/958/5952 3757/956/5952
f 3757/956/5953 3759/958/5953 3760/959/5953
f 3757/956/5954 3760/959/5954 3756/955/5954
f 3756/955/5955 3760/959/5955 3761/960/5955
f 3756/955/5956 3761/960/5956 3755/954/5956
f 3755/961/5957 3761/962/5957 3762/963/5957
f 3755/961/5958 3762/963/5958 3754/964/5958
f 3754/965/5959 3762/966/5959 3763/967/5959
f 3754/1/5960 3763/1/5960 146/1/5960
f 146/1/5961 3763/1/5961 3764/1/5961
f 146/1/5962 3764/1/5962 144/1/5962
f 2872/914/5963 162/881/5963 3700/912/5963
f 3700/912/5964 162/881/5964 3679/883/5964
f 3700/912/5965 3679/883/5965 3765/968/5965
f 3765/968/5966 3679/883/5966 3033/854/5966
f 3765/969/5967 3033/698/5967 3032/697/5967
f 3665/873/5968 3766/970/5968 3767/971/5968
f 3665/873/5969 3767/971/5969 3666/874/5969
f 3666/874/5970 3767/971/5970 3768/972/5970
f 3666/874/5971 3768/972/5971 3769/973/5971
f 3769/974/5972 3768/975/5972 3770/976/5972
f 3769/974/5973 3770/976/5973 3771/977/5973
f 3664/872/5974 3666/874/5974 3689/893/5974
f 3689/893/5975 3666/874/5975 3769/973/5975
f 3689/893/5976 3769/973/5976 3687/891/5976
f 3687/899/5977 3769/978/5977 3771/979/5977
f 3687/899/5978 3771/979/5978 3693/897/5978
f 3772/980/5979 3691/895/5979 3661/981/5979
f 3661/981/5980 3691/895/5980 3693/897/5980
f 3661/869/5981 3693/982/5981 3662/870/5981
f 3662/983/5982 3693/897/5982 3771/979/5982
f 3662/870/5983 3771/977/5983 3663/871/5983
f 3663/871/5984 3771/977/5984 3770/976/5984
f 3663/871/5985 3770/976/5985 3773/984/5985
f 3773/984/5986 3770/976/5986 3768/975/5986
f 3773/984/5987 3768/975/5987 3774/985/5987
f 3774/986/5988 3768/987/5988 3767/988/5988
f 3774/986/5989 3767/988/5989 3775/989/5989
f 3775/990/5990 3767/971/5990 3766/970/5990
f 3775/989/5991 3766/991/5991 3776/992/5991
f 3777/993/5992 3778/994/5992 3779/995/5992
f 3779/995/5993 3778/994/5993 3780/996/5993
f 3779/997/5994 3780/998/5994 3781/999/5994
f 3781/999/5995 3780/998/5995 3696/902/5995
f 3782/1000/5996 3783/1001/5996 3784/1002/5996
f 3784/1002/5997 3783/1001/5997 3698/906/5997
f 3784/1003/5998 3698/904/5998 3697/1004/5998
f 3697/1004/5999 3698/904/5999 3076/749/5999
f 3697/903/6000 3076/1005/6000 3075/752/6000
f 3032/697/6001 3698/906/6001 3765/969/6001
f 3765/969/6002 3698/906/6002 3783/1001/6002
f 3765/968/6003 3783/1006/6003 3700/912/6003
f 3700/912/6004 3783/1006/6004 3782/1007/6004
f 3700/912/6005 3782/1007/6005 3758/957/6005
f 3758/957/6006 3782/1007/6006 3785/1008/6006
f 3758/957/6007 3785/1008/6007 3759/958/6007
f 3759/958/6008 3785/1008/6008 3786/1009/6008
f 3759/958/6009 3786/1009/6009 3760/959/6009
f 3760/959/6010 3786/1009/6010 3753/1010/6010
f 3760/959/6011 3753/1010/6011 3761/960/6011
f 3761/962/6012 3753/949/6012 3667/875/6012
f 3761/962/6013 3667/875/6013 3762/963/6013
f 3762/1011/6014 3667/1012/6014 3669/1013/6014
f 3762/1011/6015 3669/1013/6015 3763/1014/6015
f 3782/1000/6016 3787/1015/6016 3785/1016/6016
f 3785/1016/6017 3787/1015/6017 3788/1017/6017
f 3785/1016/6018 3788/1017/6018 3786/1018/6018
f 3786/1018/6019 3788/1017/6019 3789/1019/6019
f 3786/1018/6020 3789/1019/6020 3753/1020/6020
f 3753/949/6021 3789/1021/6021 3790/1022/6021
f 3753/949/6022 3790/1022/6022 3752/948/6022
f 3752/948/6023 3790/1022/6023 3791/1023/6023
f 3752/948/6024 3791/1023/6024 3751/947/6024
f 3751/947/6025 3791/1023/6025 3792/1024/6025
f 3751/947/6026 3792/1024/6026 3668/876/6026
f 3668/1025/6027 3792/1026/6027 3793/1027/6027
f 3668/876/6028 3793/1028/6028 3669/877/6028
f 3669/1013/6029 3793/1029/6029 3794/1030/6029
f 3669/1013/6030 3794/1030/6030 3763/1014/6030
f 3763/1/6031 3794/1/6031 3795/1/6031
f 3763/1/6032 3795/1/6032 3764/1/6032
f 3764/1/6033 3795/1/6033 3796/1/6033
f 3764/1/6034 3796/1/6034 144/1/6034
f 144/1/6035 3796/1/6035 142/1/6035
f 3730/1/6036 3797/1/6036 3710/1/6036
f 3710/922/6037 3797/1031/6037 3798/1032/6037
f 3710/922/6038 3798/1032/6038 3712/923/6038
f 3712/926/6039 3798/1033/6039 3799/1034/6039
f 3712/926/6040 3799/1034/6040 3714/927/6040
f 3714/927/6041 3799/1034/6041 3800/1035/6041
f 3714/927/6042 3800/1035/6042 3716/929/6042
f 3716/1036/6043 3800/1037/6043 3724/941/6043
f 3716/1036/6044 3724/941/6044 3718/933/6044
f 3718/933/6045 3724/941/6045 3723/940/6045
f 3718/933/6046 3723/940/6046 3719/934/6046
f 3801/1038/6047 3802/1039/6047 3803/1040/6047
f 3803/1040/6048 3802/1039/6048 3804/1041/6048
f 3803/1040/6049 3804/1041/6049 3805/1042/6049
f 3805/1043/6050 3804/1044/6050 3806/1045/6050
f 3805/1043/6051 3806/1045/6051 3807/1046/6051
f 3807/1047/6052 3806/1048/6052 3808/1049/6052
f 3807/1047/6053 3808/1049/6053 3809/1050/6053
f 3809/1050/6054 3808/1049/6054 3810/1051/6054
f 3809/1050/6055 3810/1051/6055 3811/1052/6055
f 3811/1052/6056 3810/1051/6056 3685/889/6056
f 3811/1052/6057 3685/889/6057 3812/1053/6057
f 3812/1053/6058 3685/889/6058 3686/890/6058
f 3812/1053/6059 3686/890/6059 3813/1054/6059
f 3802/1039/6060 3814/1055/6060 3804/1041/6060
f 3804/1044/6061 3814/1056/6061 3815/1057/6061
f 3804/1044/6062 3815/1057/6062 3806/1045/6062
f 3806/1048/6063 3815/1058/6063 3816/1059/6063
f 3806/1048/6064 3816/1059/6064 3808/1049/6064
f 3808/1049/6065 3816/1059/6065 3817/1060/6065
f 3808/1049/6066 3817/1060/6066 3810/1051/6066
f 3810/1051/6067 3817/1060/6067 3682/886/6067
f 3810/1051/6068 3682/886/6068 3685/889/6068
f 3685/889/6069 3682/886/6069 3681/885/6069
f 3685/889/6070 3681/885/6070 3683/887/6070
f 3748/1/6071 3818/1/6071 3749/1/6071
f 3749/1/6072 3818/1/6072 3819/1/6072
f 3749/1/6073 3819/1/6073 3671/1/6073
f 3671/1/6074 3819/1/6074 3820/1/6074
f 3671/1/6075 3820/1/6075 3672/1/6075
f 3672/1/6076 3820/1/6076 3821/1/6076
f 3672/1/6077 3821/1/6077 3822/1/6077
f 3822/1/6078 3821/1/6078 3823/1/6078
f 3822/1/6079 3823/1/6079 3824/1/6079
f 3824/1/6080 3823/1/6080 3825/1/6080
f 3824/1/6081 3825/1/6081 3826/1/6081
f 3826/1061/6082 3825/1062/6082 3827/1063/6082
f 3826/1061/6083 3827/1063/6083 3828/1064/6083
f 3828/1064/6084 3827/1063/6084 3829/1065/6084
f 3828/1066/6085 3829/1067/6085 3830/1068/6085
f 3830/1068/6086 3829/1067/6086 3831/1069/6086
f 3830/1068/6087 3831/1069/6087 3832/1070/6087
f 3832/1070/6088 3831/1069/6088 3833/1071/6088
f 3832/1070/6089 3833/1071/6089 3834/1072/6089
f 3834/1072/6090 3833/1071/6090 3835/1073/6090
f 3834/1072/6091 3835/1073/6091 3836/1074/6091
f 3836/1075/6092 3835/1076/6092 3837/1077/6092
f 3836/1075/6093 3837/1077/6093 3838/1078/6093
f 3838/1078/6094 3837/1077/6094 3777/993/6094
f 3702/1/6095 2890/1/6095 3742/1/6095
f 3742/1/6096 2890/1/6096 3839/1/6096
f 3742/1/6097 3839/1/6097 3741/1/6097
f 3741/1/6098 3839/1/6098 2890/1/6098
f 3741/1/6099 2890/1/6099 3743/1/6099
f 3743/1/6100 2890/1/6100 3676/1/6100
f 3743/1/6101 3676/1/6101 3744/1/6101
f 3744/1/6102 3676/1/6102 3750/1/6102
f 3744/1/6103 3750/1/6103 3745/1/6103
f 3745/1/6104 3750/1/6104 3747/1/6104
f 3745/1/6105 3747/1/6105 3746/1/6105
f 3746/1/6106 3747/1/6106 3672/1/6106
f 3746/1/6107 3672/1/6107 3739/1/6107
f 3739/1/6108 3672/1/6108 3822/1/6108
f 3739/1/6109 3822/1/6109 3840/1/6109
f 3840/1/6110 3822/1/6110 3824/1/6110
f 3840/1/6111 3824/1/6111 3841/1/6111
f 3841/1079/6112 3824/1080/6112 3826/1061/6112
f 3841/1079/6113 3826/1061/6113 3842/1081/6113
f 3842/1082/6114 3826/1083/6114 3828/1084/6114
f 3842/1082/6115 3828/1084/6115 3843/1085/6115
f 3843/1085/6116 3828/1084/6116 3830/1086/6116
f 3843/1087/6117 3830/1068/6117 3844/1088/6117
f 3844/1088/6118 3830/1068/6118 3832/1070/6118
f 3844/1089/6119 3832/1090/6119 3776/992/6119
f 3776/1091/6120 3832/1070/6120 3834/1072/6120
f 3776/992/6121 3834/1092/6121 3775/989/6121
f 3775/1093/6122 3834/1072/6122 3836/1074/6122
f 3775/989/6123 3836/1094/6123 3774/986/6123
f 3774/985/6124 3836/1095/6124 3838/1096/6124
f 3774/985/6125 3838/1096/6125 3773/984/6125
f 3773/1097/6126 3838/1078/6126 3777/993/6126
f 3773/984/6127 3777/1098/6127 3663/871/6127
f 3663/871/6128 3777/1098/6128 3779/997/6128
f 3663/871/6129 3779/997/6129 3661/869/6129
f 3661/869/6130 3779/997/6130 3781/999/6130
f 3661/981/6131 3781/1099/6131 3772/980/6131
f 3772/980/6132 3781/1099/6132 3696/1100/6132
f 3772/980/6133 3696/1100/6133 3845/1101/6133
f 3845/1101/6134 3696/1100/6134 3083/832/6134
f 3845/1101/6135 3083/832/6135 2758/654/6135
f 3846/1102/6136 3725/942/6136 3813/1054/6136
f 3813/1054/6137 3725/942/6137 3727/944/6137
f 3813/1054/6138 3727/944/6138 3812/1053/6138
f 3812/1053/6139 3727/944/6139 3720/935/6139
f 3812/1053/6140 3720/935/6140 3811/1052/6140
f 3811/1052/6141 3720/935/6141 3722/937/6141
f 3811/1052/6142 3722/937/6142 3809/1050/6142
f 3809/1050/6143 3722/937/6143 3724/1103/6143
f 3809/1104/6144 3724/941/6144 3807/1046/6144
f 3807/1046/6145 3724/941/6145 3800/1037/6145
f 3807/1046/6146 3800/1037/6146 3805/1043/6146
f 3805/1042/6147 3800/1035/6147 3799/1034/6147
f 3805/1042/6148 3799/1034/6148 3803/1040/6148
f 3803/1040/6149 3799/1034/6149 3798/1033/6149
f 3803/1040/6150 3798/1033/6150 3801/1038/6150
f 3801/1/6151 3798/1/6151 3797/1/6151
f 3690/894/6152 3680/1105/6152 3664/872/6152
f 3664/872/6153 3680/1105/6153 3682/1106/6153
f 3664/872/6154 3682/1106/6154 3665/873/6154
f 3665/873/6155 3682/1106/6155 3817/1107/6155
f 3665/873/6156 3817/1107/6156 3766/970/6156
f 3766/970/6157 3817/1107/6157 3816/1108/6157
f 3766/970/6158 3816/1108/6158 3776/1109/6158
f 3776/992/6159 3816/1110/6159 3815/1111/6159
f 3776/992/6160 3815/1111/6160 3844/1089/6160
f 3844/1112/6161 3815/1057/6161 3814/1056/6161
f 3844/1113/6162 3814/1055/6162 3843/1085/6162
f 3843/1085/6163 3814/1055/6163 3802/1039/6163
f 3843/1085/6164 3802/1039/6164 3842/1082/6164
f 3842/1082/6165 3802/1039/6165 3801/1038/6165
f 3842/1082/6166 3801/1038/6166 3841/1114/6166
f 3841/1079/6167 3801/1115/6167 3797/1031/6167
f 3841/1079/6168 3797/1031/6168 3840/1116/6168
f 3840/1/6169 3797/1/6169 3730/1/6169
f 3840/1/6170 3730/1/6170 3739/1/6170
f 3739/1/6171 3730/1/6171 3732/1/6171
f 3739/1/6172 3732/1/6172 3737/1/6172
f 3737/1/6173 3732/1/6173 3731/1/6173
f 3737/1/6174 3731/1/6174 3735/1/6174
f 3735/1/6175 3731/1/6175 3703/1/6175
f 3735/1/6176 3703/1/6176 3733/1/6176
f 3733/1/6177 3703/1/6177 3705/1/6177
f 3733/1/6178 3705/1/6178 3702/1/6178
f 2893/1/6179 2892/1/6179 3748/1/6179
f 3748/1/6180 2892/1/6180 138/1/6180
f 3748/1/6181 138/1/6181 3818/1/6181
f 3818/1/6182 138/1/6182 140/1/6182
f 3818/1/6183 140/1/6183 3819/1/6183
f 3819/1/6184 140/1/6184 142/1/6184
f 3819/1/6185 142/1/6185 3820/1/6185
f 3820/1/6186 142/1/6186 3796/1/6186
f 3820/1/6187 3796/1/6187 3821/1/6187
f 3821/1/6188 3796/1/6188 3795/1/6188
f 3821/1/6189 3795/1/6189 3823/1/6189
f 3823/1/6190 3795/1/6190 3794/1/6190
f 3823/1/6191 3794/1/6191 3825/1/6191
f 3825/1117/6192 3794/1118/6192 3793/1028/6192
f 3825/1117/6193 3793/1028/6193 3827/1119/6193
f 3827/1119/6194 3793/1028/6194 3792/1024/6194
f 3827/1119/6195 3792/1024/6195 3829/1120/6195
f 3829/1120/6196 3792/1024/6196 3791/1023/6196
f 3829/1067/6197 3791/1121/6197 3831/1069/6197
f 3831/1122/6198 3791/1023/6198 3790/1022/6198
f 3831/1069/6199 3790/1123/6199 3833/1071/6199
f 3833/1124/6200 3790/1022/6200 3789/1021/6200
f 3833/1071/6201 3789/1125/6201 3835/1073/6201
f 3835/1126/6202 3789/1019/6202 3788/1017/6202
f 3835/1126/6203 3788/1017/6203 3837/1127/6203
f 3837/1127/6204 3788/1017/6204 3787/1015/6204
f 3837/1127/6205 3787/1015/6205 3777/1128/6205
f 3777/1128/6206 3787/1015/6206 3782/1000/6206
f 3777/1128/6207 3782/1000/6207 3778/1129/6207
f 3778/1129/6208 3782/1000/6208 3784/1002/6208
f 3778/994/6209 3784/1003/6209 3780/996/6209
f 3780/996/6210 3784/1003/6210 3697/1004/6210
f 3780/998/6211 3697/903/6211 3696/902/6211
f 3696/902/6212 3697/903/6212 3079/754/6212
f 3696/902/6213 3079/754/6213 3081/756/6213
f 3604/1/1 3261/1/1 3847/1/1
f 3847/1/1 3261/1/1 3260/1/1
f 3847/1/1 3260/1/1 3357/1/1
f 3357/1/1 3260/1/1 3341/1/1
f 3357/1/1 3341/1/1 3339/1/1
f 3223/1/6214 3230/1/6214 3848/1/6214
f 3223/1/6215 3848/1/6215 3221/1/6215
f 3221/1/6216 3848/1/6216 3849/1/6216
f 3221/1/6217 3849/1/6217 3219/1/6217
f 3211/1/6218 3213/1/6218 3850/1/6218
f 3850/1/6219 3213/1/6219 3215/1/6219
f 3850/1/6220 3215/1/6220 3849/1/6220
f 3849/1/6221 3215/1/6221 3217/1/6221
f 3849/1/6222 3217/1/6222 3219/1/6222
f 2894/1/6223 2882/1/6223 3210/1/6223
f 3210/1/6224 2882/1/6224 2881/1/6224
f 3210/1/6225 2881/1/6225 2880/1/6225
f 3210/1/6226 3209/1/6226 2894/1/6226
f 2894/1/6227 3209/1/6227 3211/1/6227
f 2894/1/6228 3211/1/6228 2895/1/6228
f 2895/1/6229 3211/1/6229 3851/1/6229
f 2895/1/6230 3851/1/6230 2896/1/6230
f 2896/1/6231 3851/1/6231 2909/1/6231
f 3211/1/6232 3850/1/6232 3851/1/6232
f 3851/1/6233 3850/1/6233 2910/1/6233
f 3851/1/6234 2910/1/6234 2909/1/6234
f 2901/1/6235 2908/1/6235 3849/1/6235
f 3849/1/6236 2908/1/6236 2913/1/6236
f 3849/1/6237 2913/1/6237 3850/1/6237
f 3850/1/6238 2913/1/6238 2912/1/6238
f 3850/1/6239 2912/1/6239 2910/1/6239
f 3230/1/6240 2907/1/6240 3848/1/6240
f 3848/1/6241 2907/1/6241 2904/1/6241
f 3848/1/6242 2904/1/6242 3849/1/6242
f 3849/1/6243 2904/1/6243 2902/1/6243
f 3849/1/6244 2902/1/6244 2901/1/6244
f 3323/1/6245 3852/1/6245 3324/1/6245
f 3324/1/6245 3852/1/6245 3527/1/6245
f 2860/1/6246 2858/1/6246 3330/1/6246
f 3330/1/6247 2858/1/6247 3853/1/6247
f 3323/1/6248 3313/1/6248 3852/1/6248
f 3852/1/6249 3313/1/6249 3312/1/6249
f 3852/1/6250 3312/1/6250 3854/1/6250
f 3312/1/6251 3325/1/6251 3854/1/6251
f 3854/1/6252 3325/1/6252 3310/1/6252
f 3854/1/6253 3310/1/6253 3853/1/6253
f 3853/1/6254 3310/1/6254 3309/1/6254
f 3853/1/6255 3309/1/6255 3330/1/6255
f 3855/1/6256 3534/1/6256 3536/1/6256
f 2855/1/6257 2854/1/6257 3530/1/6257
f 3856/1/6258 3853/1/6258 2858/1/6258
f 3857/1/6259 3854/1/6259 3853/1/6259
f 2858/1/6260 2857/1/6260 3856/1/6260
f 3856/1/6261 2857/1/6261 2856/1/6261
f 3856/1/6261 2856/1/6261 3858/1/6261
f 3858/1/6262 2856/1/6262 2855/1/6262
f 3858/1/6262 2855/1/6262 3859/1/6262
f 3859/1/6257 2855/1/6257 3530/1/6257
f 3859/1/6263 3530/1/6263 3532/1/6263
f 3853/1/6264 3856/1/6264 3857/1/6264
f 3857/1/6265 3856/1/6265 3858/1/6265
f 3857/1/6265 3858/1/6265 3860/1/6265
f 3860/1/6266 3858/1/6266 3859/1/6266
f 3860/1/6266 3859/1/6266 3855/1/6266
f 3855/1/6267 3859/1/6267 3532/1/6267
f 3855/1/3700 3532/1/3700 3534/1/3700
f 3854/1/6268 3857/1/6268 3861/1/6268
f 3861/1/6269 3857/1/6269 3860/1/6269
f 3861/1/6269 3860/1/6269 3862/1/6269
f 3862/1/6270 3860/1/6270 3855/1/6270
f 3862/1/6271 3855/1/6271 3863/1/6271
f 3863/1/6272 3855/1/6272 3536/1/6272
f 3863/1/6273 3536/1/6273 3526/1/6273
f 3525/1/6274 3527/1/6274 3852/1/6274
f 3526/1/6275 3524/1/6275 3863/1/6275
f 3863/1/6276 3524/1/6276 3523/1/6276
f 3863/1/6276 3523/1/6276 3862/1/6276
f 3862/1/6277 3523/1/6277 3525/1/6277
f 3862/1/6277 3525/1/6277 3861/1/6277
f 3861/1/6278 3525/1/6278 3852/1/6278
f 3861/1/6279 3852/1/6279 3854/1/6279
f 2809/1/6280 2808/1/6280 3864/1/6280
f 2826/1/6281 2828/1/6281 2952/1/6281
f 2947/1/6282 2948/1/6282 3865/1/6282
f 2949/1/6283 2950/1/6283 3866/1/6283
f 2811/1/6284 2821/1/6284 3867/1/6284
f 2811/1/6285 3867/1/6285 2812/1/6285
f 3629/1/6286 2831/1/6286 2812/1/6286
f 2812/1/6287 3867/1/6287 3629/1/6287
f 3629/1/6288 3867/1/6288 3868/1/6288
f 3629/1/6289 3868/1/6289 3628/1/6289
f 3628/1/6290 3868/1/6290 3866/1/6290
f 3628/1/6291 3866/1/6291 3627/1/6291
f 3627/1/6292 3866/1/6292 3626/1/6292
f 3626/1/6293 3866/1/6293 2950/1/6293
f 3626/1/6294 2950/1/6294 2951/1/6294
f 2947/1/6295 3865/1/6295 2955/1/6295
f 2955/1/6296 3865/1/6296 3869/1/6296
f 2955/1/6297 3869/1/6297 2954/1/6297
f 2822/1/6298 2824/1/6298 3870/1/6298
f 3870/1/6299 2824/1/6299 2826/1/6299
f 3870/1/6300 2826/1/6300 3871/1/6300
f 3871/1/6301 2826/1/6301 2952/1/6301
f 3871/1/6302 2952/1/6302 2953/1/6302
f 2808/1/6303 2822/1/6303 3864/1/6303
f 3864/1/6304 2822/1/6304 3870/1/6304
f 3864/1/6305 3870/1/6305 3869/1/6305
f 3869/1/6305 3870/1/6305 3871/1/6305
f 3869/1/6306 3871/1/6306 2954/1/6306
f 2954/1/6307 3871/1/6307 2953/1/6307
f 2821/1/6308 2809/1/6308 3867/1/6308
f 3867/1/6309 2809/1/6309 3864/1/6309
f 3867/1/6310 3864/1/6310 3868/1/6310
f 3868/1/6310 3864/1/6310 3869/1/6310
f 3868/1/6311 3869/1/6311 3866/1/6311
f 3866/1/6312 3869/1/6312 3865/1/6312
f 3866/1/6313 3865/1/6313 2949/1/6313
f 2949/1/6314 3865/1/6314 2948/1/6314
f 2778/1/6315 3248/1/6315 3872/1/6315
f 3358/1/6316 2778/1/6316 3256/1/6316
f 3256/1/6317 2778/1/6317 3872/1/6317
f 3256/1/6318 3872/1/6318 3254/1/6318
f 3254/1/6319 3872/1/6319 3255/1/6319
f 3248/1/6320 3252/1/6320 3872/1/6320
f 3872/1/6321 3252/1/6321 3251/1/6321
f 3872/1/6322 3251/1/6322 3255/1/6322
f 3240/1/6323 3241/1/6323 3873/1/6323
f 3873/1/6324 3241/1/6324 3244/1/6324
f 3873/1/6325 3244/1/6325 3247/1/6325
f 3247/1/6326 3244/1/6326 3246/1/6326
f 3247/1/6327 2779/1/6327 3873/1/6327
f 3873/1/6328 2779/1/6328 2778/1/6328
f 3873/1/6329 2778/1/6329 3240/1/6329
f 3240/1/6330 2778/1/6330 3358/1/6330
f 2192/1/6331 2658/1/6331 3631/1/6331
f 3874/1/6332 2193/1/6332 2192/1/6332
f 2192/1/6333 3631/1/6333 3874/1/6333
f 3874/1/6334 3631/1/6334 3633/1/6334
f 3874/1/6335 3633/1/6335 3875/1/6335
f 3875/1/6336 3633/1/6336 3876/1/6336
f 3876/1/6337 3633/1/6337 3635/1/6337
f 3876/1/6338 3635/1/6338 3877/1/6338
f 3877/1/6339 3635/1/6339 3878/1/6339
f 3878/1/6340 3635/1/6340 3605/1/6340
f 3878/1/6341 3605/1/6341 3879/1/6341
f 3011/1/6342 2660/1/6342 2671/1/6342
f 3011/1/6343 2671/1/6343 3621/1/6343
f 2671/1/6344 2673/1/6344 3621/1/6344
f 3621/1/6345 2673/1/6345 2675/1/6345
f 3621/1/6346 2675/1/6346 3619/1/6346
f 3619/1/6347 2675/1/6347 2677/1/6347
f 3619/1/6348 2677/1/6348 3618/1/6348
f 3618/1/6349 2677/1/6349 2678/1/6349
f 2681/1/6350 3153/1/6350 3152/1/6350
f 2681/1/6351 3152/1/6351 2680/1/6351
f 2680/1/6352 3152/1/6352 3614/1/6352
f 2680/1/6353 3614/1/6353 2678/1/6353
f 2678/1/6354 3614/1/6354 3616/1/6354
f 2678/1/6355 3616/1/6355 3618/1/6355
f 3153/1/6356 2681/1/6356 3129/1/6356
f 3129/1/6357 2681/1/6357 2683/1/6357
f 3129/1/6358 2683/1/6358 3130/1/6358
f 3130/1/6359 2683/1/6359 2685/1/6359
f 3130/1/6360 2685/1/6360 3147/1/6360
f 3147/1/6361 2685/1/6361 3148/1/6361
f 3148/1/6362 2685/1/6362 2686/1/6362
f 3148/1/6363 2686/1/6363 3150/1/6363
f 3150/1/6364 2686/1/6364 3132/1/6364
f 3132/1/6365 2686/1/6365 2688/1/6365
f 3132/1/6366 2688/1/6366 3133/1/6366
f 2688/1/6367 2636/1/6367 2635/1/6367
f 3133/1/6368 2688/1/6368 3143/1/6368
f 3143/1/6369 2688/1/6369 2635/1/6369
f 3143/1/1 2635/1/1 3145/1/1
f 3145/1/1 2635/1/1 2634/1/1
f 3145/1/6370 2634/1/6370 3146/1/6370
f 2136/1/6371 2632/1/6371 3880/1/6371
f 2136/1/6372 3880/1/6372 3881/1/6372
f 3881/1/6373 3880/1/6373 3882/1/6373
f 3881/1/6374 3882/1/6374 3883/1/6374
f 3883/1/6375 3882/1/6375 3884/1/6375
f 3883/1/6376 3884/1/6376 3885/1/6376
f 3885/1/6377 3884/1/6377 3886/1/6377
f 3885/1/6378 3886/1/6378 1768/1/6378
f 2632/1/6379 2633/1/6379 3880/1/6379
f 3880/1/6380 2633/1/6380 3645/1/6380
f 3880/1/6381 3645/1/6381 3882/1/6381
f 3882/1/6382 3645/1/6382 3644/1/6382
f 3882/1/6383 3644/1/6383 3884/1/6383
f 3884/1/6384 3644/1/6384 3643/1/6384
f 3884/1/6385 3643/1/6385 3886/1/6385
f 3886/1/6385 3643/1/6385 3642/1/6385
f 2579/1/6386 3887/1/6386 3888/1/6386
f 3889/1/6387 3887/1/6387 2579/1/6387
f 3250/1/6388 3249/1/6388 3888/1/6388
f 3888/1/6389 3249/1/6389 2579/1/6389
f 3257/1/6390 3253/1/6390 3890/1/6390
f 3890/1/6391 3253/1/6391 3250/1/6391
f 2579/1/6392 2578/1/6392 3889/1/6392
f 3889/1/6393 2578/1/6393 2577/1/6393
f 3889/1/6394 2577/1/6394 2576/1/6394
f 3250/1/6395 3888/1/6395 3890/1/6395
f 3890/1/6396 3888/1/6396 3887/1/6396
f 3890/1/6396 3887/1/6396 3891/1/6396
f 3891/1/6397 3887/1/6397 3889/1/6397
f 3891/1/6397 3889/1/6397 3892/1/6397
f 3892/1/6398 3889/1/6398 2576/1/6398
f 3892/1/6399 2576/1/6399 2575/1/6399
f 2603/1/6400 2604/1/6400 3257/1/6400
f 3257/1/6401 3890/1/6401 2603/1/6401
f 2603/1/6402 3890/1/6402 3891/1/6402
f 2603/1/6402 3891/1/6402 2602/1/6402
f 2602/1/6403 3891/1/6403 3892/1/6403
f 2602/1/6403 3892/1/6403 2601/1/6403
f 2601/1/6404 3892/1/6404 2575/1/6404
f 2601/1/6404 2575/1/6404 2108/1/6404
f 2525/1/6405 2524/1/6405 3893/1/6405
f 3894/1/4275 3531/1/4275 2527/1/4275
f 2525/1/6406 3893/1/6406 2526/1/6406
f 3531/1/6407 3894/1/6407 3533/1/6407
f 3533/1/6408 3894/1/6408 3895/1/6408
f 3533/1/6409 3895/1/6409 3535/1/6409
f 3535/1/6410 3895/1/6410 3896/1/6410
f 3535/1/6411 3896/1/6411 3537/1/6411
f 3537/1/6412 3896/1/6412 3521/1/6412
f 3537/1/6413 3521/1/6413 3520/1/6413
f 2527/1/4275 2526/1/4275 3894/1/4275
f 3894/1/6414 2526/1/6414 3893/1/6414
f 3894/1/6415 3893/1/6415 3895/1/6415
f 3895/1/6415 3893/1/6415 3897/1/6415
f 3895/1/6416 3897/1/6416 3896/1/6416
f 3896/1/6417 3897/1/6417 3898/1/6417
f 3896/1/6418 3898/1/6418 3521/1/6418
f 3521/1/6418 3898/1/6418 3522/1/6418
f 2524/1/6419 2518/1/6419 3893/1/6419
f 3893/1/6419 2518/1/6419 3899/1/6419
f 3893/1/6420 3899/1/6420 3897/1/6420
f 3897/1/6420 3899/1/6420 3900/1/6420
f 3897/1/6421 3900/1/6421 3898/1/6421
f 3898/1/6422 3900/1/6422 3901/1/6422
f 3898/1/6423 3901/1/6423 3522/1/6423
f 3522/1/6423 3901/1/6423 3528/1/6423
f 2518/1/4269 2517/1/4269 3899/1/4269
f 3899/1/6424 2517/1/6424 3652/1/6424
f 3529/1/6425 3528/1/6425 3654/1/6425
f 3654/1/6426 3528/1/6426 3901/1/6426
f 3654/1/6427 3901/1/6427 3655/1/6427
f 3655/1/6428 3901/1/6428 3900/1/6428
f 3655/1/6429 3900/1/6429 3656/1/6429
f 3652/1/6430 3653/1/6430 3899/1/6430
f 3899/1/6431 3653/1/6431 3659/1/6431
f 3899/1/6432 3659/1/6432 3900/1/6432
f 3900/1/6433 3659/1/6433 3658/1/6433
f 3900/1/6434 3658/1/6434 3656/1/6434
f 2871/1/6435 2344/1/6435 2397/1/6435
f 2871/1/6436 2397/1/6436 3074/1/6436
f 3074/1/6437 2397/1/6437 3603/1/6437
f 3074/1/6438 3603/1/6438 3107/1/6438
f 2331/1/6439 2441/1/6439 2827/1/6439
f 2827/1/6440 2441/1/6440 2440/1/6440
f 2827/1/6441 2440/1/6441 2828/1/6441
f 3428/1/1 3430/1/1 2267/1/1
f 2267/1/6442 2266/1/6442 3428/1/6442
f 3428/1/6443 2266/1/6443 2292/1/6443
f 3428/1/309 2292/1/309 3431/1/309
f 3431/1/1 2292/1/1 2269/1/1
f 3431/1/1 2269/1/1 3902/1/1
f 3902/1/1 2269/1/1 2268/1/1
f 3600/1/6444 3903/1/6444 3904/1/6444
f 2267/1/6445 3430/1/6445 2265/1/6445
f 2265/1/6446 3430/1/6446 3905/1/6446
f 2265/1/6447 3905/1/6447 2263/1/6447
f 2263/1/6448 3905/1/6448 3906/1/6448
f 2263/1/6449 3906/1/6449 2319/1/6449
f 3907/1/6450 2320/1/6450 2319/1/6450
f 3908/1/6451 2327/1/6451 3909/1/6451
f 3909/1/6452 2327/1/6452 2326/1/6452
f 3909/1/6453 2326/1/6453 3910/1/6453
f 3910/1/6454 2326/1/6454 2324/1/6454
f 3910/1/6455 2324/1/6455 2322/1/6455
f 2329/1/6456 2328/1/6456 3911/1/6456
f 3911/1/6457 2328/1/6457 2315/1/6457
f 3911/1/6458 2315/1/6458 3908/1/6458
f 3908/1/6459 2315/1/6459 2317/1/6459
f 3908/1/6460 2317/1/6460 2327/1/6460
f 2330/1/6461 3912/1/6461 2310/1/6461
f 2310/1/6462 3912/1/6462 3913/1/6462
f 2310/1/6463 3913/1/6463 2314/1/6463
f 2801/1/6464 2807/1/6464 2312/1/6464
f 2312/1/6465 2807/1/6465 2806/1/6465
f 2312/1/6466 2806/1/6466 2311/1/6466
f 2406/1/6467 2797/1/6467 2404/1/6467
f 2404/1/6468 2797/1/6468 2796/1/6468
f 2404/1/6469 2796/1/6469 2795/1/6469
f 2798/1/6470 3914/1/6470 2792/1/6470
f 2792/1/6471 3914/1/6471 2404/1/6471
f 2792/1/6472 2404/1/6472 2793/1/6472
f 2793/1/6473 2404/1/6473 2795/1/6473
f 2798/1/6474 2800/1/6474 3914/1/6474
f 3914/1/6475 2800/1/6475 2805/1/6475
f 3914/1/6476 2805/1/6476 3915/1/6476
f 3915/1/6477 2805/1/6477 2804/1/6477
f 3915/1/6478 2804/1/6478 2802/1/6478
f 2398/1/6479 2401/1/6479 3916/1/6479
f 3916/1/6480 2401/1/6480 2400/1/6480
f 3916/1/6481 2400/1/6481 2511/1/6481
f 3601/1/6482 3602/1/6482 2398/1/6482
f 2398/1/6483 3602/1/6483 2396/1/6483
f 2396/1/6484 3602/1/6484 3603/1/6484
f 2396/1/6485 3603/1/6485 2397/1/6485
f 3903/1/6486 3600/1/6486 3917/1/6486
f 3917/1/6487 3600/1/6487 3601/1/6487
f 3917/1/6488 3601/1/6488 3918/1/6488
f 3919/1/6489 3598/1/6489 3904/1/6489
f 3904/1/6490 3598/1/6490 3599/1/6490
f 3904/1/6491 3599/1/6491 3600/1/6491
f 3293/1/6492 3920/1/6492 3292/1/6492
f 3292/1/6493 3920/1/6493 3921/1/6493
f 3292/1/6494 3921/1/6494 679/1/6494
f 679/1/6495 3921/1/6495 3291/1/6495
f 3293/1/6496 3294/1/6496 3920/1/6496
f 3920/1/6497 3294/1/6497 3295/1/6497
f 3920/1/6498 3295/1/6498 3919/1/6498
f 3919/1/6499 3295/1/6499 3597/1/6499
f 3919/1/6500 3597/1/6500 3598/1/6500
f 3291/1/6501 3921/1/6501 694/1/6501
f 694/1/6502 3921/1/6502 3922/1/6502
f 694/1/6503 3922/1/6503 689/1/6503
f 689/1/6504 3922/1/6504 3923/1/6504
f 689/1/6505 3923/1/6505 688/1/6505
f 688/1/6506 3923/1/6506 3907/1/6506
f 688/1/6507 3907/1/6507 684/1/6507
f 2319/1/6508 3906/1/6508 3907/1/6508
f 3907/1/6509 3906/1/6509 3290/1/6509
f 3907/1/6510 3290/1/6510 684/1/6510
f 3422/1/6511 751/1/6511 3427/1/6511
f 3427/1/6512 751/1/6512 3924/1/6512
f 3427/1/6513 3924/1/6513 3429/1/6513
f 3429/1/6514 3924/1/6514 3925/1/6514
f 3429/1/6515 3925/1/6515 3430/1/6515
f 3430/1/6516 3925/1/6516 3926/1/6516
f 3430/1/6517 3926/1/6517 3905/1/6517
f 3905/1/6518 3926/1/6518 3927/1/6518
f 3905/1/6519 3927/1/6519 3906/1/6519
f 3906/1/6520 3927/1/6520 3928/1/6520
f 3906/1/6521 3928/1/6521 3929/1/6521
f 3929/1/6522 3930/1/6522 3906/1/6522
f 3906/1/6523 3930/1/6523 3931/1/6523
f 3906/1/6524 3931/1/6524 3557/1/6524
f 3557/1/6525 3555/1/6525 3906/1/6525
f 3906/1/6526 3555/1/6526 3380/1/6526
f 3906/1/6527 3380/1/6527 3379/1/6527
f 3379/1/6528 3382/1/6528 3906/1/6528
f 3906/1/6529 3382/1/6529 3287/1/6529
f 3906/1/6530 3287/1/6530 3288/1/6530
f 3288/1/6531 819/1/6531 3906/1/6531
f 3906/1/6532 819/1/6532 3289/1/6532
f 3906/1/6533 3289/1/6533 3290/1/6533
f 3920/1/6534 3911/1/6534 3921/1/6534
f 3921/1/6535 3911/1/6535 3908/1/6535
f 3921/1/6536 3908/1/6536 3922/1/6536
f 3922/1/6537 3908/1/6537 3909/1/6537
f 3922/1/6538 3909/1/6538 3923/1/6538
f 3923/1/6539 3909/1/6539 3910/1/6539
f 3923/1/6540 3910/1/6540 3907/1/6540
f 3907/1/6541 3910/1/6541 2322/1/6541
f 3907/1/6542 2322/1/6542 2320/1/6542
f 2511/1/6543 2404/1/6543 3916/1/6543
f 3916/1/6544 2404/1/6544 3914/1/6544
f 3916/1/6545 3914/1/6545 3932/1/6545
f 3932/1/6546 3914/1/6546 3915/1/6546
f 3932/1/6547 3915/1/6547 3933/1/6547
f 3933/1/6548 3915/1/6548 3913/1/6548
f 3933/1/6549 3913/1/6549 3934/1/6549
f 3934/1/6550 3913/1/6550 3912/1/6550
f 3934/1/6551 3912/1/6551 3935/1/6551
f 2802/1/6552 2801/1/6552 3915/1/6552
f 3915/1/6553 2801/1/6553 2312/1/6553
f 3915/1/6554 2312/1/6554 3913/1/6554
f 3913/1/6555 2312/1/6555 2313/1/6555
f 3913/1/6556 2313/1/6556 2314/1/6556
f 3601/1/6557 2398/1/6557 3918/1/6557
f 3918/1/6558 2398/1/6558 3916/1/6558
f 3918/1/6559 3916/1/6559 3917/1/6559
f 3917/1/6560 3916/1/6560 3932/1/6560
f 3917/1/6561 3932/1/6561 3903/1/6561
f 3903/1/6562 3932/1/6562 3933/1/6562
f 3903/1/6563 3933/1/6563 3904/1/6563
f 3904/1/6564 3933/1/6564 3934/1/6564
f 3904/1/6565 3934/1/6565 3919/1/6565
f 3919/1/6566 3934/1/6566 3935/1/6566
f 3919/1/6567 3935/1/6567 3920/1/6567
f 3920/1/6568 3935/1/6568 3912/1/6568
f 3920/1/6569 3912/1/6569 3911/1/6569
f 3911/1/6570 3912/1/6570 2330/1/6570
f 3911/1/6571 2330/1/6571 2329/1/6571
f 2711/1/6572 3936/1/6572 2254/1/6572
f 3926/1/6573 3096/1/6573 3095/1/6573
f 3937/1/6574 3423/1/6574 3938/1/6574
f 3938/1/6575 3423/1/6575 3425/1/6575
f 3938/1/6576 3425/1/6576 3939/1/6576
f 3939/1/6577 3425/1/6577 3426/1/6577
f 3924/1/6578 751/1/6578 3099/1/6578
f 3099/1/6579 751/1/6579 2725/1/6579
f 3924/1/6580 3099/1/6580 3925/1/6580
f 3925/1/6581 3099/1/6581 3098/1/6581
f 3925/1/6582 3098/1/6582 3926/1/6582
f 3926/1/6573 3098/1/6573 3097/1/6573
f 3926/1/6573 3097/1/6573 3096/1/6573
f 3047/1/6583 3931/1/6583 3048/1/6583
f 3048/1/6584 3931/1/6584 3930/1/6584
f 3048/1/6585 3930/1/6585 3049/1/6585
f 3049/1/6586 3930/1/6586 3929/1/6586
f 3049/1/6587 3929/1/6587 3094/1/6587
f 3094/1/6588 3929/1/6588 3928/1/6588
f 3094/1/6589 3928/1/6589 3095/1/6589
f 3095/1/6590 3928/1/6590 3927/1/6590
f 3095/1/6591 3927/1/6591 3926/1/6591
f 3045/1/6592 3284/1/6592 3381/1/6592
f 3381/1/6593 3284/1/6593 3283/1/6593
f 3381/1/6594 3283/1/6594 3281/1/6594
f 3045/1/5618 3381/1/5618 3046/1/5618
f 3046/1/5619 3381/1/5619 3552/1/5619
f 3046/1/6595 3552/1/6595 3047/1/6595
f 3552/1/6596 3553/1/6596 3047/1/6596
f 3047/1/6597 3553/1/6597 3554/1/6597
f 3047/1/6598 3554/1/6598 3931/1/6598
f 3931/1/6599 3554/1/6599 3556/1/6599
f 3931/1/6600 3556/1/6600 3557/1/6600
f 3939/1/6601 2726/1/6601 3938/1/6601
f 3938/1/6602 2726/1/6602 2725/1/6602
f 3938/1/6603 2725/1/6603 3937/1/6603
f 3937/1/6604 2725/1/6604 751/1/6604
f 3937/1/6605 751/1/6605 3423/1/6605
f 3902/1/6606 3936/1/6606 3431/1/6606
f 3431/1/6607 3936/1/6607 2711/1/6607
f 3431/1/6608 2711/1/6608 3426/1/6608
f 3426/1/6609 2711/1/6609 2713/1/6609
f 3426/1/6610 2713/1/6610 3939/1/6610
f 3939/1/6611 2713/1/6611 2738/1/6611
f 3939/1/6612 2738/1/6612 2726/1/6612
f 3902/1/6613 2268/1/6613 3936/1/6613
f 3936/1/6614 2268/1/6614 2270/1/6614
f 3936/1/6615 2270/1/6615 2254/1/6615
f 2254/1/6616 2270/1/6616 2272/1/6616
f 2254/1/6617 2272/1/6617 2252/1/6617
f 2252/1/6618 2272/1/6618 2250/1/6618
f 2642/1/6619 3940/1/6619 2644/1/6619
f 2644/1/6620 3940/1/6620 3941/1/6620
f 2644/1/6621 3941/1/6621 2645/1/6621
f 2645/1/6622 3941/1/6622 3942/1/6622
f 2645/1/6623 3942/1/6623 2639/1/6623
f 2639/1/6624 3942/1/6624 2637/1/6624
f 2637/1/6625 3942/1/6625 3943/1/6625
f 2637/1/6626 3943/1/6626 2652/1/6626
f 3944/1/6627 3945/1/6627 3946/1/6627
f 3946/1/6628 3945/1/6628 3947/1/6628
f 2652/1/6629 3943/1/6629 2650/1/6629
f 2650/1/6630 3943/1/6630 3948/1/6630
f 2650/1/6631 3948/1/6631 2648/1/6631
f 2648/1/6632 3948/1/6632 3949/1/6632
f 2648/1/6632 3949/1/6632 2646/1/6632
f 2646/1/6633 3949/1/6633 3946/1/6633
f 2646/1/6633 3946/1/6633 2655/1/6633
f 2655/1/6634 3946/1/6634 3947/1/6634
f 2655/1/6635 3947/1/6635 2158/1/6635
f 3950/1/6636 3951/1/6636 3944/1/6636
f 3952/1/6637 3953/1/6637 3954/1/6637
f 2199/1/6638 2198/1/6638 3953/1/6638
f 3953/1/6639 3952/1/6639 2199/1/6639
f 2199/1/6640 3952/1/6640 3955/1/6640
f 2199/1/6641 3955/1/6641 2201/1/6641
f 2201/1/6642 3955/1/6642 3956/1/6642
f 2201/1/6642 3956/1/6642 2203/1/6642
f 2203/1/6643 3956/1/6643 3957/1/6643
f 2203/1/6644 3957/1/6644 2205/1/6644
f 2205/1/6645 3957/1/6645 3958/1/6645
f 2205/1/6645 3958/1/6645 2206/1/6645
f 2206/1/6646 3958/1/6646 3959/1/6646
f 2206/1/6646 3959/1/6646 2208/1/6646
f 2208/1/6647 3959/1/6647 3960/1/6647
f 2208/1/6647 3960/1/6647 2210/1/6647
f 2642/1/6648 2636/1/6648 3940/1/6648
f 3940/1/6649 2636/1/6649 2689/1/6649
f 3940/1/6650 2689/1/6650 2690/1/6650
f 2211/1/6651 2210/1/6651 2691/1/6651
f 2691/1/6651 2210/1/6651 3960/1/6651
f 2691/1/6652 3960/1/6652 3961/1/6652
f 3961/1/6653 3960/1/6653 3959/1/6653
f 3961/1/6653 3959/1/6653 3962/1/6653
f 3962/1/6654 3959/1/6654 3958/1/6654
f 3962/1/6654 3958/1/6654 3963/1/6654
f 3963/1/6655 3958/1/6655 3957/1/6655
f 3963/1/6656 3957/1/6656 3964/1/6656
f 3964/1/6657 3957/1/6657 3956/1/6657
f 3964/1/6657 3956/1/6657 3965/1/6657
f 3965/1/6658 3956/1/6658 3955/1/6658
f 3965/1/6659 3955/1/6659 3966/1/6659
f 3966/1/6660 3955/1/6660 3952/1/6660
f 3966/1/6660 3952/1/6660 3950/1/6660
f 3950/1/6661 3952/1/6661 3954/1/6661
f 3950/1/6662 3954/1/6662 3951/1/6662
f 3944/1/6663 3946/1/6663 3950/1/6663
f 3950/1/6664 3946/1/6664 3949/1/6664
f 3950/1/6665 3949/1/6665 3966/1/6665
f 3966/1/6666 3949/1/6666 3948/1/6666
f 3966/1/6666 3948/1/6666 3965/1/6666
f 3965/1/6667 3948/1/6667 3943/1/6667
f 3965/1/6668 3943/1/6668 3964/1/6668
f 3964/1/6669 3943/1/6669 3942/1/6669
f 3964/1/6669 3942/1/6669 3963/1/6669
f 3963/1/6670 3942/1/6670 3941/1/6670
f 3963/1/6671 3941/1/6671 3962/1/6671
f 3962/1/6672 3941/1/6672 3940/1/6672
f 3962/1/6673 3940/1/6673 3961/1/6673
f 3961/1/6650 3940/1/6650 2690/1/6650
f 3961/1/6652 2690/1/6652 2691/1/6652
f 3967/1/3679 2171/1/3679 3968/1/3679
f 3968/1/3679 2171/1/3679 2170/1/3679
f 3968/1/3680 2170/1/3680 3969/1/3680
f 3969/1/3680 2170/1/3680 2169/1/3680
f 3969/1/3681 2169/1/3681 3970/1/3681
f 3970/1/3681 2169/1/3681 2168/1/3681
f 3970/1/3190 2168/1/3190 3971/1/3190
f 3971/1/3190 2168/1/3190 2162/1/3190
f 3971/1/3682 2162/1/3682 3972/1/3682
f 3972/1/3682 2162/1/3682 2161/1/3682
f 3972/1/3683 2161/1/3683 3973/1/3683
f 3973/1/3683 2161/1/3683 2178/1/3683
f 3973/1/3684 2178/1/3684 3974/1/3684
f 3974/1/3684 2178/1/3684 2177/1/3684
f 3974/1/3685 2177/1/3685 3975/1/3685
f 3975/1/3685 2177/1/3685 2176/1/3685
f 3975/1/3686 2176/1/3686 3976/1/3686
f 3976/1/3686 2176/1/3686 2156/1/3686
f 3976/1/3687 2156/1/3687 3977/1/3687
f 3977/1/3687 2156/1/3687 2157/1/3687
f 3977/1/3688 2157/1/3688 3978/1/3688
f 3978/1/3688 2157/1/3688 2172/1/3688
f 3978/1/3689 2172/1/3689 3967/1/3689
f 3967/1/3689 2172/1/3689 2171/1/3689
f 3001/1/5169 2622/1/5169 2623/1/5169
f 3001/1/5169 2623/1/5169 3408/1/5169
f 3408/1/5168 2623/1/5168 2167/1/5168
f 3408/1/5168 2167/1/5168 2155/1/5168
f 2160/1/6674 2153/1/6674 3979/1/6674
f 3146/1/6675 2634/1/6675 2641/1/6675
f 3980/1/6676 3155/1/6676 3154/1/6676
f 2539/1/6677 2541/1/6677 3140/1/6677
f 3981/1/6678 2152/1/6678 2154/1/6678
f 3982/1/6679 2153/1/6679 2152/1/6679
f 3983/1/6680 2641/1/6680 2643/1/6680
f 3983/1/6681 2643/1/6681 3984/1/6681
f 3140/1/6682 3985/1/6682 2539/1/6682
f 2539/1/6683 3985/1/6683 3986/1/6683
f 2539/1/6684 3986/1/6684 2554/1/6684
f 2643/1/6685 2640/1/6685 3984/1/6685
f 3984/1/6686 2640/1/6686 2638/1/6686
f 3984/1/6687 2638/1/6687 3987/1/6687
f 3987/1/6688 2638/1/6688 2654/1/6688
f 3987/1/6689 2654/1/6689 3988/1/6689
f 3988/1/6690 2654/1/6690 2653/1/6690
f 3988/1/6691 2653/1/6691 3989/1/6691
f 3989/1/6692 2653/1/6692 2651/1/6692
f 2554/1/6693 3986/1/6693 2555/1/6693
f 2555/1/6694 3986/1/6694 3990/1/6694
f 2555/1/6695 3990/1/6695 2556/1/6695
f 2556/1/6696 3990/1/6696 3991/1/6696
f 2556/1/6697 3991/1/6697 2557/1/6697
f 2557/1/6698 3991/1/6698 3992/1/6698
f 2557/1/6699 3992/1/6699 2558/1/6699
f 3993/1/6700 2535/1/6700 3992/1/6700
f 3992/1/6701 2535/1/6701 2536/1/6701
f 3992/1/6702 2536/1/6702 2558/1/6702
f 2651/1/6703 2649/1/6703 3989/1/6703
f 3989/1/6704 2649/1/6704 2647/1/6704
f 3989/1/6705 2647/1/6705 3994/1/6705
f 3994/1/6706 2647/1/6706 2657/1/6706
f 3994/1/6707 2657/1/6707 3979/1/6707
f 3979/1/6708 2657/1/6708 2656/1/6708
f 3979/1/6709 2656/1/6709 2160/1/6709
f 2160/1/6710 2656/1/6710 2159/1/6710
f 2153/1/6711 3982/1/6711 3979/1/6711
f 3979/1/6712 3982/1/6712 3995/1/6712
f 3979/1/6713 3995/1/6713 3994/1/6713
f 3994/1/6714 3995/1/6714 3996/1/6714
f 3994/1/6715 3996/1/6715 3989/1/6715
f 3989/1/6716 3996/1/6716 3997/1/6716
f 3989/1/6717 3997/1/6717 3988/1/6717
f 3988/1/6718 3997/1/6718 3998/1/6718
f 3988/1/6719 3998/1/6719 3987/1/6719
f 3987/1/6720 3998/1/6720 3999/1/6720
f 3987/1/6721 3999/1/6721 3984/1/6721
f 3984/1/6722 3999/1/6722 3980/1/6722
f 3984/1/6723 3980/1/6723 3983/1/6723
f 3983/1/6724 3980/1/6724 3154/1/6724
f 3983/1/6725 3154/1/6725 2641/1/6725
f 2641/1/6726 3154/1/6726 3144/1/6726
f 2641/1/6727 3144/1/6727 3146/1/6727
f 2152/1/6728 3981/1/6728 3982/1/6728
f 3982/1/6729 3981/1/6729 4000/1/6729
f 3982/1/6730 4000/1/6730 3995/1/6730
f 3995/1/6731 4000/1/6731 4001/1/6731
f 3995/1/6732 4001/1/6732 3996/1/6732
f 3996/1/6733 4001/1/6733 4002/1/6733
f 3996/1/6734 4002/1/6734 3997/1/6734
f 3997/1/6735 4002/1/6735 4003/1/6735
f 3997/1/6736 4003/1/6736 3998/1/6736
f 3998/1/6737 4003/1/6737 4004/1/6737
f 3998/1/6738 4004/1/6738 3999/1/6738
f 3999/1/6739 4004/1/6739 4005/1/6739
f 3999/1/6740 4005/1/6740 3980/1/6740
f 3980/1/6741 4005/1/6741 3142/1/6741
f 3980/1/6742 3142/1/6742 3155/1/6742
f 2154/1/6743 4006/1/6743 3981/1/6743
f 3981/1/6744 4006/1/6744 3993/1/6744
f 3981/1/6745 3993/1/6745 4000/1/6745
f 4000/1/6746 3993/1/6746 3992/1/6746
f 4000/1/6747 3992/1/6747 4001/1/6747
f 4001/1/6748 3992/1/6748 3991/1/6748
f 4001/1/6749 3991/1/6749 4002/1/6749
f 4002/1/6750 3991/1/6750 3990/1/6750
f 4002/1/6751 3990/1/6751 4003/1/6751
f 4003/1/6752 3990/1/6752 3986/1/6752
f 4003/1/6753 3986/1/6753 4004/1/6753
f 4004/1/6754 3986/1/6754 3985/1/6754
f 4004/1/6755 3985/1/6755 4005/1/6755
f 4005/1/6756 3985/1/6756 3140/1/6756
f 4005/1/6757 3140/1/6757 3142/1/6757
f 2154/1/6758 2165/1/6758 4006/1/6758
f 4006/1/6759 2165/1/6759 2533/1/6759
f 4006/1/6760 2533/1/6760 3993/1/6760
f 3993/1/6761 2533/1/6761 2534/1/6761
f 3993/1/6762 2534/1/6762 2535/1/6762
f 2185/1/6763 2186/1/6763 3951/1/6763
f 2198/1/6764 1790/1/6764 3953/1/6764
f 3953/1/6765 1790/1/6765 2185/1/6765
f 3953/1/6766 2185/1/6766 3954/1/6766
f 3954/1/6767 2185/1/6767 3951/1/6767
f 2187/1/6768 1780/1/6768 2158/1/6768
f 2158/1/6769 3947/1/6769 2187/1/6769
f 2187/1/6770 3947/1/6770 3945/1/6770
f 2187/1/6771 3945/1/6771 2186/1/6771
f 2186/1/6772 3945/1/6772 3944/1/6772
f 2186/1/6773 3944/1/6773 3951/1/6773
f 3972/1/588 2145/1/588 3971/1/588
f 3971/1/588 2145/1/588 2144/1/588
f 3971/1/588 2144/1/588 3970/1/588
f 3970/1/588 2144/1/588 2143/1/588
f 3970/1/588 2143/1/588 3969/1/588
f 3969/1/588 2143/1/588 2142/1/588
f 3969/1/588 2142/1/588 3968/1/588
f 3968/1/588 2142/1/588 2141/1/588
f 3968/1/588 2141/1/588 3967/1/588
f 3967/1/588 2141/1/588 2140/1/588
f 3967/1/588 2140/1/588 3978/1/588
f 3978/1/588 2140/1/588 2151/1/588
f 3978/1/588 2151/1/588 3977/1/588
f 3977/1/588 2151/1/588 2150/1/588
f 3977/1/588 2150/1/588 3976/1/588
f 3976/1/588 2150/1/588 2149/1/588
f 3976/1/588 2149/1/588 3975/1/588
f 3975/1/588 2149/1/588 2148/1/588
f 3975/1/588 2148/1/588 3974/1/588
f 3974/1/588 2148/1/588 2147/1/588
f 3974/1/588 2147/1/588 3973/1/588
f 3973/1/588 2147/1/588 2146/1/588
f 3973/1/588 2146/1/588 3972/1/588
f 3972/1/588 2146/1/588 2145/1/588
f 2585/1/6774 2583/1/6774 4007/1/6774
f 2094/1/6775 4008/1/6775 4007/1/6775
f 2092/1/6776 4008/1/6776 2094/1/6776
f 2589/1/6777 2587/1/6777 4009/1/6777
f 4009/1/6778 2587/1/6778 2585/1/6778
f 2585/1/6779 4007/1/6779 4009/1/6779
f 4009/1/6780 4007/1/6780 4008/1/6780
f 4009/1/6781 4008/1/6781 4010/1/6781
f 4010/1/6782 4008/1/6782 2092/1/6782
f 4010/1/6783 2092/1/6783 2090/1/6783
f 2590/1/6784 2589/1/6784 3242/1/6784
f 3242/1/6785 2589/1/6785 4009/1/6785
f 3242/1/6786 4009/1/6786 3243/1/6786
f 3243/1/6787 4009/1/6787 4010/1/6787
f 3243/1/6788 4010/1/6788 3245/1/6788
f 3245/1/6789 4010/1/6789 2090/1/6789
f 3245/1/6789 2090/1/6789 2089/1/6789
f 2583/1/6790 2580/1/6790 4007/1/6790
f 4007/1/6791 2580/1/6791 2094/1/6791
f 2107/1/1580 1852/1/1580 1850/1/1580
f 1850/1/1580 1848/1/1580 2107/1/1580
f 2107/1/1580 1848/1/1580 1847/1/1580
f 2107/1/1580 1847/1/1580 1854/1/1580
f 1854/1/6792 1855/1/6792 2572/1/6792
f 2572/1/6793 1855/1/6793 1856/1/6793
f 2572/1/6794 1856/1/6794 1858/1/6794
f 1868/1/6795 1867/1/6795 2112/1/6795
f 2112/1/6796 4011/1/6796 1868/1/6796
f 1868/1/6797 4011/1/6797 4012/1/6797
f 1868/1/6798 4012/1/6798 1859/1/6798
f 2574/1/6799 1862/1/6799 4012/1/6799
f 4012/1/6800 1862/1/6800 1860/1/6800
f 4012/1/6801 1860/1/6801 1859/1/6801
f 2614/1/6802 2613/1/6802 4013/1/6802
f 1869/1/6803 1871/1/6803 4014/1/6803
f 4014/1/6804 1871/1/6804 1873/1/6804
f 2613/1/6805 2115/1/6805 4013/1/6805
f 4013/1/6806 2115/1/6806 2569/1/6806
f 4013/1/6807 2569/1/6807 4015/1/6807
f 4015/1/6808 2569/1/6808 2568/1/6808
f 4015/1/6809 2568/1/6809 2567/1/6809
f 4016/1/6810 4017/1/6810 4018/1/6810
f 4018/1/6811 4017/1/6811 4019/1/6811
f 4019/1/6812 2609/1/6812 4018/1/6812
f 4018/1/6813 2609/1/6813 2608/1/6813
f 4018/1/6814 2608/1/6814 2615/1/6814
f 4020/1/6815 2163/1/6815 2605/1/6815
f 4020/1/6816 2605/1/6816 4017/1/6816
f 4017/1/6817 2605/1/6817 2611/1/6817
f 4017/1/6818 2611/1/6818 4019/1/6818
f 4019/1/6819 2611/1/6819 2610/1/6819
f 4019/1/6820 2610/1/6820 2609/1/6820
f 1879/1/6821 4020/1/6821 1878/1/6821
f 1878/1/6822 4020/1/6822 4017/1/6822
f 1878/1/6823 4017/1/6823 1873/1/6823
f 1873/1/6824 4017/1/6824 4016/1/6824
f 1873/1/6825 4016/1/6825 4014/1/6825
f 1874/1/6826 1869/1/6826 2567/1/6826
f 2567/1/6827 1869/1/6827 4014/1/6827
f 2567/1/6828 4014/1/6828 4015/1/6828
f 4015/1/6829 4014/1/6829 4016/1/6829
f 4015/1/6830 4016/1/6830 4013/1/6830
f 4013/1/6831 4016/1/6831 4018/1/6831
f 4013/1/6832 4018/1/6832 2614/1/6832
f 2614/1/6833 4018/1/6833 2615/1/6833
f 1880/1/6834 4021/1/6834 1879/1/6834
f 1879/1/6835 4021/1/6835 4020/1/6835
f 2529/1/6836 2173/1/6836 2164/1/6836
f 2163/1/6837 4020/1/6837 2164/1/6837
f 2164/1/6838 4020/1/6838 4021/1/6838
f 2164/1/6839 4021/1/6839 2529/1/6839
f 2529/1/6840 4021/1/6840 1880/1/6840
f 2529/1/6841 1880/1/6841 1881/1/6841
f 2428/1/627 2427/1/627 2854/1/627
f 2854/1/627 2427/1/627 1900/1/627
f 2854/1/627 1900/1/627 2527/1/627
f 2527/1/627 1900/1/627 1899/1/627
f 2527/1/627 1899/1/627 1898/1/627
f 2421/1/139 2420/1/139 2869/1/139
f 2421/1/139 2869/1/139 1911/1/139
f 1911/1/139 2869/1/139 1912/1/139
f 1912/1/139 2869/1/139 2513/1/139
f 1912/1/139 2513/1/139 1914/1/139
f 2032/1/6842 1952/1/6842 2040/1/6842
f 2040/1/6843 1952/1/6843 1951/1/6843
f 2040/1/6844 1951/1/6844 2035/1/6844
f 1951/1/6845 1950/1/6845 2035/1/6845
f 2035/1/6846 1950/1/6846 1949/1/6846
f 2035/1/6847 1949/1/6847 2036/1/6847
f 2036/1/6848 1949/1/6848 1947/1/6848
f 2036/1/6849 1947/1/6849 1946/1/6849
f 2579/1/504 3248/1/504 1979/1/504
f 1979/1/504 3248/1/504 2778/1/504
f 1979/1/504 2778/1/504 1981/1/504
f 1981/1/504 2778/1/504 2255/1/504
f 1981/1/504 2255/1/504 1982/1/504
f 3419/1/6850 1772/1/6850 3418/1/6850
f 3418/1/6851 1772/1/6851 1771/1/6851
f 3418/1/6852 1771/1/6852 3417/1/6852
f 3420/1/6853 1777/1/6853 3419/1/6853
f 3419/1/6854 1777/1/6854 1773/1/6854
f 3419/1/6855 1773/1/6855 1772/1/6855
f 3420/1/6856 3421/1/6856 1777/1/6856
f 1777/1/6857 3421/1/6857 2155/1/6857
f 1777/1/6858 2155/1/6858 1779/1/6858
f 3883/1/6859 3885/1/6859 4022/1/6859
f 4022/1/6860 3885/1/6860 1768/1/6860
f 2137/1/6861 2136/1/6861 4023/1/6861
f 4023/1/6861 2136/1/6861 3881/1/6861
f 4023/1/6862 3881/1/6862 4024/1/6862
f 2138/1/6863 2137/1/6863 4025/1/6863
f 4025/1/6863 2137/1/6863 4023/1/6863
f 4025/1/6864 4023/1/6864 4026/1/6864
f 4026/1/6864 4023/1/6864 4024/1/6864
f 4026/1/6865 4024/1/6865 4027/1/6865
f 4027/1/6866 4028/1/6866 4026/1/6866
f 4026/1/6867 4028/1/6867 4029/1/6867
f 4026/1/6868 4029/1/6868 4025/1/6868
f 4025/1/6868 4029/1/6868 4030/1/6868
f 4025/1/6869 4030/1/6869 2138/1/6869
f 2138/1/6869 4030/1/6869 2139/1/6869
f 1750/1/6870 2139/1/6870 1762/1/6870
f 1762/1/6871 2139/1/6871 4030/1/6871
f 1762/1/6872 4030/1/6872 1764/1/6872
f 1764/1/6872 4030/1/6872 4029/1/6872
f 1764/1/6873 4029/1/6873 1766/1/6873
f 1766/1/6874 4029/1/6874 4028/1/6874
f 1766/1/6875 4028/1/6875 1768/1/6875
f 4027/1/6876 1768/1/6876 4028/1/6876
f 3881/1/6862 3883/1/6862 4024/1/6862
f 4024/1/6877 3883/1/6877 4022/1/6877
f 4024/1/6878 4022/1/6878 4027/1/6878
f 4027/1/6879 4022/1/6879 1768/1/6879
f 1741/1/6880 1747/1/6880 4031/1/6880
f 1741/1/6881 4031/1/6881 1742/1/6881
f 4031/1/6882 4032/1/6882 1742/1/6882
f 1742/1/6883 4032/1/6883 4033/1/6883
f 1742/1/6884 4033/1/6884 1738/1/6884
f 1738/1/6885 4033/1/6885 1739/1/6885
f 1739/1/6886 4033/1/6886 4034/1/6886
f 1739/1/6887 4034/1/6887 2135/1/6887
f 2135/1/6888 4034/1/6888 4011/1/6888
f 2135/1/6888 4011/1/6888 2112/1/6888
f 2574/1/6889 4012/1/6889 4035/1/6889
f 4035/1/6889 4012/1/6889 4036/1/6889
f 4035/1/6890 4036/1/6890 4037/1/6890
f 4037/1/6891 4036/1/6891 4038/1/6891
f 4037/1/6892 4038/1/6892 4039/1/6892
f 4039/1/6893 4038/1/6893 4040/1/6893
f 4041/1/6894 4039/1/6894 4042/1/6894
f 4042/1/6895 4039/1/6895 4040/1/6895
f 4042/1/6896 4040/1/6896 4043/1/6896
f 4012/1/6897 4011/1/6897 4036/1/6897
f 4036/1/6897 4011/1/6897 4034/1/6897
f 4036/1/6898 4034/1/6898 4038/1/6898
f 4038/1/6898 4034/1/6898 4033/1/6898
f 4038/1/6899 4033/1/6899 4040/1/6899
f 4040/1/6899 4033/1/6899 4032/1/6899
f 4040/1/6900 4032/1/6900 4043/1/6900
f 4043/1/6901 4032/1/6901 4031/1/6901
f 4044/1/6902 2570/1/6902 2571/1/6902
f 4045/1/6903 2104/1/6903 4046/1/6903
f 4046/1/6904 2104/1/6904 2111/1/6904
f 4046/1/6905 2111/1/6905 4047/1/6905
f 4047/1/6906 2111/1/6906 2110/1/6906
f 4047/1/6907 2110/1/6907 4044/1/6907
f 4044/1/6908 2110/1/6908 2109/1/6908
f 4044/1/6909 2109/1/6909 2570/1/6909
f 4039/1/6910 4041/1/6910 4048/1/6910
f 2573/1/6911 2574/1/6911 4049/1/6911
f 4049/1/6912 2574/1/6912 4035/1/6912
f 4049/1/6913 4035/1/6913 4050/1/6913
f 4050/1/6914 4035/1/6914 4037/1/6914
f 4050/1/6915 4037/1/6915 4051/1/6915
f 4051/1/6916 4037/1/6916 4039/1/6916
f 4051/1/6917 4039/1/6917 4052/1/6917
f 4052/1/6918 4039/1/6918 4048/1/6918
f 4052/1/6919 4048/1/6919 4053/1/6919
f 2573/1/6920 4049/1/6920 4054/1/6920
f 4054/1/6921 4049/1/6921 4050/1/6921
f 4054/1/6921 4050/1/6921 4055/1/6921
f 4055/1/6922 4050/1/6922 4051/1/6922
f 4055/1/6922 4051/1/6922 4056/1/6922
f 4056/1/6923 4051/1/6923 4052/1/6923
f 4056/1/6923 4052/1/6923 4057/1/6923
f 4057/1/6919 4052/1/6919 4053/1/6919
f 4057/1/6924 4053/1/6924 4058/1/6924
f 2105/1/6925 2104/1/6925 4058/1/6925
f 4058/1/6926 2104/1/6926 4045/1/6926
f 4058/1/6924 4045/1/6924 4057/1/6924
f 4057/1/6927 4045/1/6927 4046/1/6927
f 4057/1/6927 4046/1/6927 4056/1/6927
f 4056/1/6928 4046/1/6928 4047/1/6928
f 4056/1/6928 4047/1/6928 4055/1/6928
f 4055/1/6929 4047/1/6929 4044/1/6929
f 4055/1/6930 4044/1/6930 4054/1/6930
f 4054/1/6931 4044/1/6931 2571/1/6931
f 4054/1/6932 2571/1/6932 2573/1/6932
f 1977/1/139 1976/1/139 2259/1/139
f 2779/1/139 3247/1/139 2088/1/139
f 2088/1/139 3247/1/139 2089/1/139
f 2779/1/139 1970/1/139 2259/1/139
f 2259/1/139 1970/1/139 1969/1/139
f 2259/1/139 1969/1/139 1977/1/139
f 2779/1/139 2088/1/139 1970/1/139
f 1970/1/139 2088/1/139 4059/1/139
f 1970/1/139 4059/1/139 1967/1/139
f 2085/1/139 1959/1/139 4059/1/139
f 4059/1/139 1959/1/139 1961/1/139
f 4059/1/139 1961/1/139 1967/1/139
f 4060/1130/6933 4061/1131/6933 4062/1132/6933
f 4063/1133/6934 4064/1134/6934 4065/1135/6934
f 4066/1136/6935 4067/1137/6935 4068/1138/6935
f 1804/1139/6936 1799/1140/6936 4069/1141/6936
f 4070/1142/6937 4071/1143/6937 4072/1144/6937
f 3683/1145/6938 3681/1146/6938 4073/1147/6938
f 4074/1148/6939 2715/561/6939 1828/560/6939
f 4075/1149/6940 3772/980/6940 3845/1101/6940
f 2746/643/6941 4076/1150/6941 2750/644/6941
f 2750/644/6942 4076/1150/6942 4077/1151/6942
f 2750/644/6943 4077/1151/6943 2776/1152/6943
f 2776/686/6944 4077/1153/6944 4075/1154/6944
f 2776/686/6945 4075/1154/6945 2777/688/6945
f 2777/689/6946 4075/1149/6946 3845/1101/6946
f 2777/689/6947 3845/1101/6947 2758/654/6947
f 3694/898/6948 3692/896/6948 4078/1155/6948
f 4078/1155/6949 3692/896/6949 3691/895/6949
f 3680/1156/6950 3690/1157/6950 4079/1158/6950
f 4079/1158/6951 3690/1157/6951 3688/1159/6951
f 4080/1160/6952 4081/1161/6952 4082/1162/6952
f 4082/1162/6953 4081/1161/6953 4083/1163/6953
f 4082/1162/6954 4083/1163/6954 4084/1164/6954
f 4084/1165/6955 4083/1166/6955 4085/1167/6955
f 4084/1165/6956 4085/1167/6956 4086/1168/6956
f 4086/1169/6957 4085/1170/6957 4087/1171/6957
f 4086/1169/6958 4087/1171/6958 4088/1172/6958
f 4088/1172/6959 4087/1171/6959 4089/1173/6959
f 4088/1/6960 4089/1/6960 4090/1/6960
f 4090/1/6961 4089/1/6961 4091/1/6961
f 4090/1174/6962 4091/1175/6962 4092/1176/6962
f 4092/1176/6963 4091/1175/6963 4093/1177/6963
f 4092/1176/6964 4093/1177/6964 4094/1178/6964
f 4094/1178/6965 4093/1177/6965 3846/1179/6965
f 4095/1180/6966 4096/1181/6966 4097/1182/6966
f 4097/1182/6967 4096/1181/6967 4098/1183/6967
f 4097/1182/6968 4098/1183/6968 4099/1184/6968
f 4099/1184/6969 4098/1183/6969 4100/1185/6969
f 4100/1185/6970 4098/1183/6970 4101/1186/6970
f 4100/1187/6971 4101/1188/6971 4102/1189/6971
f 4070/1142/6972 4072/1144/6972 4103/1190/6972
f 4103/1190/6973 4072/1144/6973 4104/1191/6973
f 4103/1190/6974 4104/1191/6974 4105/1192/6974
f 4106/1193/6975 4107/1194/6975 4108/1195/6975
f 4109/1196/6976 4110/1197/6976 4111/1198/6976
f 4111/1198/6977 4110/1197/6977 4112/1199/6977
f 4111/1198/6978 4112/1199/6978 4113/1200/6978
f 4114/1201/6979 1793/1202/6979 4115/1203/6979
f 1798/1204/6980 1797/1205/6980 4114/1201/6980
f 4114/1201/6981 1797/1205/6981 1795/1206/6981
f 4114/1201/6982 1795/1206/6982 1793/1202/6982
f 1799/1140/6983 1798/1204/6983 4069/1141/6983
f 4069/1141/6984 1798/1204/6984 4114/1201/6984
f 4069/1141/6985 4114/1201/6985 4116/1207/6985
f 4116/1207/6986 4114/1201/6986 4115/1203/6986
f 4116/1208/6987 4115/1209/6987 4117/1210/6987
f 1808/1211/6988 4064/1212/6988 1810/1213/6988
f 1810/1213/6989 4064/1212/6989 4063/1214/6989
f 1810/1213/6990 4063/1214/6990 1811/1215/6990
f 1811/1215/6991 4063/1214/6991 1813/1216/6991
f 4118/1217/6992 1817/1218/6992 1815/1219/6992
f 4067/1137/6993 4066/1136/6993 1821/1220/6993
f 1821/1221/6994 4066/1222/6994 4119/1223/6994
f 1821/1221/6995 4119/1223/6995 1823/1224/6995
f 1823/1224/6996 4119/1223/6996 1829/1225/6996
f 1829/1225/6997 4119/1223/6997 4120/1226/6997
f 1829/1225/6998 4120/1226/6998 1828/1227/6998
f 1828/1227/6999 4120/1226/6999 4074/1228/6999
f 4074/1228/7000 4120/1226/7000 4119/1223/7000
f 4074/1228/7001 4119/1223/7001 4121/1229/7001
f 4121/1229/7002 4119/1223/7002 4066/1222/7002
f 4121/1229/7003 4066/1222/7003 4122/1230/7003
f 4122/1230/7004 4066/1222/7004 4123/1231/7004
f 4123/1231/7005 4066/1222/7005 4068/1232/7005
f 4123/1233/7006 4068/1138/7006 4124/1234/7006
f 4124/1234/7007 4068/1138/7007 4125/1235/7007
f 4124/1234/7008 4125/1235/7008 4126/1236/7008
f 4127/1237/7009 4128/1238/7009 4129/1239/7009
f 4129/1239/7010 4128/1238/7010 4130/1240/7010
f 4129/1241/7011 4130/1242/7011 4131/1243/7011
f 4132/1244/7012 4127/1237/7012 4133/1245/7012
f 4133/1245/7013 4127/1237/7013 4129/1239/7013
f 4133/1246/7014 4129/1241/7014 4134/1247/7014
f 4134/1247/7015 4129/1241/7015 4131/1243/7015
f 4134/1247/7016 4131/1243/7016 4135/1248/7016
f 4136/1249/7017 4132/1244/7017 4126/1250/7017
f 4126/1250/7018 4132/1244/7018 4133/1245/7018
f 4126/1236/7019 4133/1251/7019 4124/1234/7019
f 4124/1252/7020 4133/1246/7020 4134/1247/7020
f 4124/1252/7021 4134/1247/7021 4123/1231/7021
f 4123/1231/7022 4134/1247/7022 4135/1248/7022
f 4123/1231/7023 4135/1248/7023 4122/1230/7023
f 1821/1220/7024 1819/1253/7024 4067/1137/7024
f 4067/1137/7025 1819/1253/7025 1817/1218/7025
f 4067/1137/7026 1817/1218/7026 4068/1138/7026
f 4068/1138/7027 1817/1218/7027 4118/1217/7027
f 4068/1138/7028 4118/1217/7028 4125/1235/7028
f 4125/1254/7029 4118/1255/7029 4137/1256/7029
f 4125/1235/7030 4137/1257/7030 4126/1236/7030
f 4126/1258/7031 4137/1259/7031 4138/1260/7031
f 4126/1261/7032 4138/1262/7032 4136/1263/7032
f 1808/1/7033 1807/1/7033 4064/1/7033
f 4064/1/7034 1807/1/7034 1804/1/7034
f 4064/1264/7035 1804/1139/7035 4065/1265/7035
f 4065/1265/7036 1804/1139/7036 4069/1141/7036
f 4065/1265/7037 4069/1141/7037 4139/1266/7037
f 4139/1266/7038 4069/1141/7038 4116/1207/7038
f 4139/1266/7039 4116/1207/7039 4140/1267/7039
f 4140/1268/7040 4116/1208/7040 4117/1210/7040
f 1815/1219/7041 1813/1269/7041 4118/1217/7041
f 4118/1270/7042 1813/1216/7042 4063/1214/7042
f 4118/1271/7043 4063/1272/7043 4137/1273/7043
f 4137/1259/7044 4063/1133/7044 4065/1135/7044
f 4137/1274/7045 4065/1265/7045 4138/1262/7045
f 4138/1262/7046 4065/1265/7046 4139/1266/7046
f 4138/1262/7047 4139/1266/7047 4141/1275/7047
f 4141/1276/7048 4139/1277/7048 4140/1268/7048
f 4141/1276/7049 4140/1268/7049 4109/1278/7049
f 4109/1278/7050 4140/1268/7050 4117/1210/7050
f 4109/1196/7051 4117/1279/7051 4110/1197/7051
f 4062/1280/7052 4061/1281/7052 4142/1282/7052
f 4142/1283/7053 4061/1131/7053 4143/1284/7053
f 4142/1282/7054 4143/1285/7054 4144/1286/7054
f 4144/1286/7055 4143/1285/7055 4145/1287/7055
f 4144/1288/7056 4145/1289/7056 4146/1290/7056
f 4146/1290/7057 4145/1289/7057 4147/1291/7057
f 4146/1290/7058 4147/1291/7058 4148/1292/7058
f 4148/1293/7059 4147/1294/7059 4149/1295/7059
f 4148/1293/7060 4149/1295/7060 4150/1296/7060
f 3681/1146/7061 3680/1297/7061 4073/1147/7061
f 4073/1298/7062 3680/1156/7062 4079/1158/7062
f 4073/1298/7063 4079/1158/7063 4151/1299/7063
f 3684/1300/7064 3683/1145/7064 4152/1301/7064
f 4152/1301/7065 3683/1145/7065 4073/1147/7065
f 4152/1301/7066 4073/1147/7066 4153/1302/7066
f 4153/1302/7067 4073/1147/7067 4151/1303/7067
f 4153/1302/7068 4151/1303/7068 4154/1304/7068
f 4155/1305/7069 4150/1296/7069 4156/1306/7069
f 4156/1306/7070 4150/1296/7070 4149/1295/7070
f 4156/1307/7071 4149/1308/7071 4157/1309/7071
f 4157/1309/7072 4149/1308/7072 4147/1310/7072
f 4157/1311/7073 4147/1312/7073 4158/1313/7073
f 4158/1313/7074 4147/1312/7074 4145/1314/7074
f 4158/1313/7075 4145/1314/7075 4159/1315/7075
f 4159/1316/7076 4145/1317/7076 4143/1284/7076
f 4159/1316/7077 4143/1284/7077 4160/1318/7077
f 4160/1318/7078 4143/1284/7078 4061/1131/7078
f 4160/1318/7079 4061/1131/7079 4161/1319/7079
f 4161/1319/7080 4061/1131/7080 4060/1130/7080
f 4161/1319/7081 4060/1130/7081 4162/1320/7081
f 3686/1321/7082 3684/1300/7082 4163/1322/7082
f 4163/1322/7083 3684/1300/7083 4152/1301/7083
f 4163/1322/7084 4152/1301/7084 4164/1323/7084
f 4164/1323/7085 4152/1301/7085 4153/1302/7085
f 4164/1323/7086 4153/1302/7086 4165/1324/7086
f 4165/1324/7087 4153/1302/7087 4154/1304/7087
f 4165/1325/7088 4154/1326/7088 4166/1327/7088
f 4166/1327/7089 4154/1326/7089 4167/1328/7089
f 4166/1327/7090 4167/1328/7090 4168/1329/7090
f 3813/1330/7091 3686/1321/7091 4169/1331/7091
f 4169/1331/7092 3686/1321/7092 4163/1322/7092
f 4169/1331/7093 4163/1322/7093 4170/1332/7093
f 4170/1332/7094 4163/1322/7094 4164/1323/7094
f 4170/1332/7095 4164/1323/7095 4171/1333/7095
f 4171/1333/7096 4164/1323/7096 4165/1324/7096
f 4171/1334/7097 4165/1325/7097 4172/1335/7097
f 4172/1335/7098 4165/1325/7098 4166/1327/7098
f 4172/1335/7099 4166/1327/7099 4173/1336/7099
f 4173/1336/7100 4166/1327/7100 4168/1329/7100
f 4173/1337/7101 4168/1338/7101 4174/1339/7101
f 3846/1179/7102 3813/1330/7102 4094/1178/7102
f 4094/1178/7103 3813/1330/7103 4169/1331/7103
f 4094/1178/7104 4169/1331/7104 4092/1176/7104
f 4092/1176/7105 4169/1331/7105 4170/1332/7105
f 4092/1176/7106 4170/1332/7106 4090/1174/7106
f 4090/1174/7107 4170/1332/7107 4171/1333/7107
f 4090/1340/7108 4171/1334/7108 4088/1172/7108
f 4088/1172/7109 4171/1334/7109 4172/1335/7109
f 4088/1172/7110 4172/1335/7110 4086/1169/7110
f 4086/1169/7111 4172/1335/7111 4173/1336/7111
f 4086/1168/7112 4173/1337/7112 4084/1165/7112
f 4084/1165/7113 4173/1337/7113 4174/1339/7113
f 4084/1164/7114 4174/1341/7114 4082/1162/7114
f 4070/1142/7115 4102/1342/7115 4071/1143/7115
f 4071/1143/7116 4102/1342/7116 4101/1186/7116
f 4071/1143/7117 4101/1186/7117 4175/1343/7117
f 4175/1343/7118 4101/1186/7118 4098/1183/7118
f 4175/1343/7119 4098/1183/7119 4176/1344/7119
f 4176/1344/7120 4098/1183/7120 4096/1181/7120
f 4176/1344/7121 4096/1181/7121 4177/1345/7121
f 4177/1346/7122 4096/1347/7122 4178/1348/7122
f 4177/1346/7123 4178/1348/7123 4179/1349/7123
f 4179/1349/7124 4178/1348/7124 4180/1350/7124
f 4179/1349/7125 4180/1350/7125 4181/1351/7125
f 4181/1352/7126 4180/1353/7126 4182/1354/7126
f 4181/1352/7127 4182/1354/7127 4183/1355/7127
f 4183/1356/7128 4182/1357/7128 4184/1358/7128
f 4183/1356/7129 4184/1358/7129 4185/1359/7129
f 4185/1359/7130 4184/1358/7130 4186/1360/7130
f 4185/1361/7131 4186/1362/7131 4187/1363/7131
f 4187/1364/7132 4186/1365/7132 4188/1366/7132
f 4187/1364/7133 4188/1366/7133 4189/1367/7133
f 4189/1367/7134 4188/1366/7134 4190/1368/7134
f 4189/1369/7135 4190/1370/7135 4078/1155/7135
f 4078/1155/7136 4190/1370/7136 3695/900/7136
f 4078/1155/7137 3695/900/7137 3694/898/7137
f 4191/1371/7138 4192/1372/7138 4193/1373/7138
f 4193/1374/7139 4192/1375/7139 4194/1376/7139
f 4194/1376/7140 4195/1377/7140 4193/1374/7140
f 4193/1374/7141 4195/1377/7141 4196/1378/7141
f 4193/1379/7142 4196/1380/7142 4197/1381/7142
f 4197/1381/7143 4196/1380/7143 4198/1382/7143
f 4197/1381/7144 4198/1382/7144 4199/1383/7144
f 4199/1384/7145 4198/1385/7145 4200/1386/7145
f 4199/1387/7146 4200/1388/7146 4201/1389/7146
f 4201/1390/7147 4200/1391/7147 4202/1392/7147
f 4201/1390/7148 4202/1392/7148 4203/1393/7148
f 4203/1393/7149 4202/1392/7149 4204/1394/7149
f 4203/1393/7150 4204/1394/7150 4205/1395/7150
f 4205/1395/7151 4204/1394/7151 4206/1396/7151
f 4205/1395/7152 4206/1396/7152 4207/1397/7152
f 4207/1398/7153 4206/1399/7153 4208/1400/7153
f 4207/1398/7154 4208/1400/7154 4209/1401/7154
f 4209/1401/7155 4208/1400/7155 4210/1402/7155
f 4209/1401/7156 4210/1402/7156 4211/1403/7156
f 4211/1403/7157 4210/1402/7157 4212/1404/7157
f 4211/1403/7158 4212/1404/7158 4213/1405/7158
f 4213/1405/7159 4212/1404/7159 4214/1406/7159
f 4213/1405/7160 4214/1406/7160 4106/1407/7160
f 4106/1407/7161 4214/1406/7161 4215/1408/7161
f 4106/1193/7162 4215/1409/7162 4107/1194/7162
f 4095/1410/7163 4080/1160/7163 4096/1347/7163
f 4096/1347/7164 4080/1160/7164 4082/1162/7164
f 4096/1347/7165 4082/1162/7165 4178/1348/7165
f 4178/1348/7166 4082/1162/7166 4174/1341/7166
f 4178/1348/7167 4174/1341/7167 4180/1350/7167
f 4180/1353/7168 4174/1339/7168 4168/1338/7168
f 4180/1353/7169 4168/1338/7169 4182/1354/7169
f 4182/1357/7170 4168/1329/7170 4167/1328/7170
f 4182/1357/7171 4167/1328/7171 4184/1358/7171
f 4184/1358/7172 4167/1328/7172 4154/1326/7172
f 4184/1358/7173 4154/1326/7173 4186/1360/7173
f 4186/1411/7174 4154/1304/7174 4151/1303/7174
f 4186/1365/7175 4151/1299/7175 4188/1366/7175
f 4188/1366/7176 4151/1299/7176 4079/1158/7176
f 4188/1366/7177 4079/1158/7177 4190/1368/7177
f 4190/1368/7178 4079/1158/7178 3688/1159/7178
f 4190/1370/7179 3688/901/7179 3695/900/7179
f 2746/643/7180 4216/1412/7180 4076/1150/7180
f 4076/1150/7181 4216/1412/7181 4194/1376/7181
f 4076/1150/7182 4194/1376/7182 4077/1151/7182
f 4077/1151/7183 4194/1376/7183 4192/1375/7183
f 4077/1153/7184 4192/1372/7184 4075/1154/7184
f 4075/1154/7185 4192/1372/7185 4191/1371/7185
f 2747/629/7186 2748/630/7186 4217/1413/7186
f 4217/1413/7187 2748/630/7187 4218/1414/7187
f 4217/1413/7188 4218/1414/7188 4219/1415/7188
f 4219/1415/7189 4218/1414/7189 4220/1416/7189
f 4219/1415/7190 4220/1416/7190 4221/1417/7190
f 4221/1417/7191 4220/1416/7191 4222/1418/7191
f 4221/1417/7192 4222/1418/7192 4223/1419/7192
f 4223/1419/7193 4222/1418/7193 4224/1420/7193
f 4223/1419/7194 4224/1420/7194 4225/1421/7194
f 4225/1421/7195 4224/1420/7195 4226/1422/7195
f 4225/1423/7196 4226/1424/7196 4227/1425/7196
f 4216/1426/7197 4228/1427/7197 4194/1428/7197
f 4194/1428/7198 4228/1427/7198 4229/1429/7198
f 4194/1376/7199 4229/1430/7199 4195/1377/7199
f 4195/1431/7200 4229/1429/7200 4230/1432/7200
f 4195/1377/7201 4230/1433/7201 4196/1378/7201
f 4196/1434/7202 4230/1432/7202 4231/1435/7202
f 4196/1380/7203 4231/1436/7203 4198/1382/7203
f 4198/1385/7204 4231/1437/7204 4155/1438/7204
f 4198/1439/7205 4155/1305/7205 4200/1440/7205
f 4200/1440/7206 4155/1305/7206 4156/1306/7206
f 4200/1391/7207 4156/1307/7207 4202/1392/7207
f 4202/1392/7208 4156/1307/7208 4157/1309/7208
f 4202/1392/7209 4157/1309/7209 4204/1394/7209
f 4204/1394/7210 4157/1309/7210 4158/1441/7210
f 4204/1394/7211 4158/1441/7211 4206/1396/7211
f 4206/1442/7212 4158/1313/7212 4159/1315/7212
f 4206/1442/7213 4159/1315/7213 4208/1443/7213
f 4208/1444/7214 4159/1316/7214 4160/1318/7214
f 4208/1444/7215 4160/1318/7215 4210/1445/7215
f 4210/1445/7216 4160/1318/7216 4161/1319/7216
f 4210/1445/7217 4161/1319/7217 4212/1446/7217
f 4212/1446/7218 4161/1319/7218 4162/1320/7218
f 4212/1446/7219 4162/1320/7219 4214/1447/7219
f 4128/1448/7220 4227/1425/7220 4130/1449/7220
f 4130/1449/7221 4227/1425/7221 4226/1424/7221
f 4130/1450/7222 4226/1422/7222 4131/1451/7222
f 4131/1451/7223 4226/1422/7223 4224/1420/7223
f 4131/1451/7224 4224/1420/7224 4135/1452/7224
f 4135/1452/7225 4224/1420/7225 4222/1418/7225
f 4135/1452/7226 4222/1418/7226 4122/1453/7226
f 4122/1453/7227 4222/1418/7227 4220/1416/7227
f 4122/1453/7228 4220/1416/7228 4121/1454/7228
f 4121/1454/7229 4220/1416/7229 4218/1414/7229
f 4121/1454/7230 4218/1414/7230 4074/1148/7230
f 4074/1148/7231 4218/1414/7231 2748/630/7231
f 4074/1148/7232 2748/630/7232 2715/561/7232
f 4232/1455/7233 4105/1456/7233 4108/1195/7233
f 4108/1195/7234 4105/1456/7234 4104/1457/7234
f 4108/1195/7235 4104/1457/7235 4106/1193/7235
f 4106/1407/7236 4104/1191/7236 4072/1144/7236
f 4106/1407/7237 4072/1144/7237 4213/1405/7237
f 4213/1405/7238 4072/1144/7238 4071/1143/7238
f 4213/1405/7239 4071/1143/7239 4211/1403/7239
f 4211/1403/7240 4071/1143/7240 4175/1343/7240
f 4211/1403/7241 4175/1343/7241 4209/1401/7241
f 4209/1401/7242 4175/1343/7242 4176/1344/7242
f 4209/1401/7243 4176/1344/7243 4207/1398/7243
f 4207/1397/7244 4176/1458/7244 4177/1346/7244
f 4207/1397/7245 4177/1346/7245 4205/1395/7245
f 4205/1395/7246 4177/1346/7246 4179/1349/7246
f 4205/1395/7247 4179/1349/7247 4203/1393/7247
f 4203/1393/7248 4179/1349/7248 4181/1351/7248
f 4203/1393/7249 4181/1351/7249 4201/1390/7249
f 4201/1389/7250 4181/1352/7250 4183/1355/7250
f 4201/1389/7251 4183/1355/7251 4199/1387/7251
f 4199/1459/7252 4183/1356/7252 4185/1359/7252
f 4199/1383/7253 4185/1361/7253 4197/1381/7253
f 4197/1381/7254 4185/1361/7254 4187/1363/7254
f 4197/1381/7255 4187/1363/7255 4193/1379/7255
f 4193/1460/7256 4187/1364/7256 4189/1367/7256
f 4193/1373/7257 4189/1461/7257 4191/1371/7257
f 4191/1371/7258 4189/1461/7258 4078/1462/7258
f 4191/1371/7259 4078/1462/7259 4075/1154/7259
f 4075/1149/7260 4078/1155/7260 3691/895/7260
f 4075/1149/7261 3691/895/7261 3772/980/7261
f 2746/627/7262 2747/628/7262 4216/1463/7262
f 4216/1463/7263 2747/628/7263 4217/1464/7263
f 4216/1463/7264 4217/1464/7264 4228/1465/7264
f 4228/1465/7265 4217/1464/7265 4219/1466/7265
f 4228/1465/7266 4219/1466/7266 4229/1467/7266
f 4229/1467/7266 4219/1466/7266 4221/1468/7266
f 4229/1467/7267 4221/1468/7267 4230/1469/7267
f 4230/1469/7268 4221/1468/7268 4223/1470/7268
f 4230/1469/7269 4223/1470/7269 4231/1471/7269
f 4231/1471/7270 4223/1470/7270 4225/1472/7270
f 4231/1473/7271 4225/1423/7271 4155/1305/7271
f 4155/1305/7272 4225/1423/7272 4227/1425/7272
f 4155/1305/7273 4227/1425/7273 4150/1296/7273
f 4150/1296/7274 4227/1425/7274 4128/1448/7274
f 4150/1296/7275 4128/1448/7275 4148/1293/7275
f 4148/1292/7276 4128/1238/7276 4127/1237/7276
f 4148/1292/7277 4127/1237/7277 4146/1290/7277
f 4146/1290/7278 4127/1237/7278 4132/1244/7278
f 4146/1290/7279 4132/1244/7279 4144/1288/7279
f 4144/1288/7280 4132/1244/7280 4136/1249/7280
f 4144/1286/7281 4136/1474/7281 4142/1282/7281
f 4142/1282/7282 4136/1474/7282 4138/1475/7282
f 4142/1282/7283 4138/1475/7283 4062/1280/7283
f 4062/1132/7284 4138/1476/7284 4141/1276/7284
f 4062/1132/7285 4141/1276/7285 4060/1130/7285
f 4060/1130/7286 4141/1276/7286 4109/1278/7286
f 4060/1130/7287 4109/1278/7287 4162/1320/7287
f 4162/1320/7288 4109/1278/7288 4111/1477/7288
f 4162/1320/7289 4111/1477/7289 4214/1447/7289
f 4214/1478/7290 4111/1198/7290 4113/1200/7290
f 4214/1479/7291 4113/1480/7291 4215/1409/7291
f 4215/1409/7292 4113/1480/7292 4112/1481/7292
f 4233/1/7293 4234/1/7293 4235/1/7293
f 4236/1/627 4237/1/627 4238/1/627
f 4238/1/3649 4237/1/3649 4239/1/3649
f 4240/1/627 3726/1/627 3725/1/627
f 4233/1/3649 4235/1/3649 4241/1/3649
f 4242/1/627 4243/1/627 4244/1/627
f 4245/1/627 4246/1/627 4247/1/627
f 4247/1/627 4246/1/627 4248/1/627
f 4247/1/627 4248/1/627 4249/1/627
f 3725/1/627 3846/1/627 4240/1/627
f 4240/1/627 3846/1/627 4093/1/627
f 4240/1/627 4093/1/627 4250/1/627
f 3726/1/627 4240/1/627 3728/1/627
f 3728/1/627 4240/1/627 4251/1/627
f 3728/1/627 4251/1/627 3729/1/627
f 4252/1/627 3723/1/627 4251/1/627
f 4251/1/627 3723/1/627 3721/1/627
f 4251/1/627 3721/1/627 3729/1/627
f 4253/1/7294 4254/1/7294 4255/1/7294
f 4239/1/627 4256/1/627 4238/1/627
f 4238/1/627 4256/1/627 4257/1/627
f 4238/1/3649 4257/1/3649 4233/1/3649
f 4233/1/627 4257/1/627 4258/1/627
f 4233/1/7293 4258/1/7293 4234/1/7293
f 4242/1/627 4244/1/627 4259/1/627
f 4099/1/627 4100/1/627 4260/1/627
f 4260/1/627 4100/1/627 4102/1/627
f 4260/1/627 4102/1/627 4261/1/627
f 4262/1/627 4263/1/627 4085/1/627
f 4093/1/627 4091/1/627 4250/1/627
f 4250/1/627 4091/1/627 4089/1/627
f 4250/1/627 4089/1/627 4263/1/627
f 4263/1/627 4089/1/627 4087/1/627
f 4263/1/627 4087/1/627 4085/1/627
f 4264/1/627 3717/1/627 4252/1/627
f 4252/1/627 3717/1/627 3719/1/627
f 4252/1/627 3719/1/627 3723/1/627
f 4265/1/627 3713/1/627 4264/1/627
f 4264/1/627 3713/1/627 3715/1/627
f 4264/1/627 3715/1/627 3717/1/627
f 4266/1/627 3538/1/627 4267/1/627
f 4268/1/7295 4269/1/7295 4270/1/7295
f 4270/1/7293 4269/1/7293 4253/1/7293
f 4270/1/7293 4253/1/7293 4271/1/7293
f 4271/1/627 4253/1/627 4255/1/627
f 4235/1/7296 4272/1/7296 4241/1/7296
f 4241/1/627 4272/1/627 4273/1/627
f 4241/1/627 4273/1/627 4254/1/627
f 4254/1/430 4273/1/430 4274/1/430
f 4254/1/7293 4274/1/7293 4255/1/7293
f 4244/1/627 4275/1/627 4259/1/627
f 4259/1/627 4275/1/627 4276/1/627
f 4259/1/627 4276/1/627 4236/1/627
f 4236/1/3649 4276/1/3649 4277/1/3649
f 4236/1/627 4277/1/627 4237/1/627
f 4245/1/627 4278/1/627 4246/1/627
f 4246/1/430 4278/1/430 4279/1/430
f 4246/1/627 4279/1/627 4242/1/627
f 4242/1/627 4279/1/627 4280/1/627
f 4242/1/627 4280/1/627 4243/1/627
f 4249/1/627 4248/1/627 4281/1/627
f 4281/1/627 4248/1/627 4282/1/627
f 4281/1/627 4282/1/627 4283/1/627
f 4283/1/7297 4282/1/7297 4284/1/7297
f 4284/1/430 4282/1/430 4285/1/430
f 4284/1/3649 4285/1/3649 4232/1/3649
f 4102/1/627 4070/1/627 4261/1/627
f 4261/1/627 4070/1/627 4103/1/627
f 4261/1/627 4103/1/627 4285/1/627
f 4285/1/627 4103/1/627 4105/1/627
f 4285/1/627 4105/1/627 4232/1/627
f 3708/1/627 4286/1/627 3704/1/627
f 3704/1/627 4286/1/627 4287/1/627
f 4268/1/7298 4288/1/7298 4269/1/7298
f 4269/1/7299 4288/1/7299 4289/1/7299
f 4269/1/7293 4289/1/7293 4290/1/7293
f 4099/1/627 4260/1/627 4097/1/627
f 4097/1/627 4260/1/627 4291/1/627
f 4097/1/627 4291/1/627 4095/1/627
f 4085/1/627 4083/1/627 4262/1/627
f 4262/1/627 4083/1/627 4081/1/627
f 4262/1/627 4081/1/627 4291/1/627
f 4291/1/627 4081/1/627 4080/1/627
f 4291/1/627 4080/1/627 4095/1/627
f 3708/1/627 3707/1/627 4286/1/627
f 4286/1/627 3707/1/627 3709/1/627
f 4286/1/627 3709/1/627 4265/1/627
f 4265/1/627 3709/1/627 3711/1/627
f 4265/1/627 3711/1/627 3713/1/627
f 3538/1/627 3539/1/627 4267/1/627
f 4267/1/627 3539/1/627 3702/1/627
f 4267/1/627 3702/1/627 4287/1/627
f 4287/1/627 3702/1/627 3705/1/627
f 4287/1/627 3705/1/627 3704/1/627
f 4289/1/627 4292/1/627 4290/1/627
f 4290/1/627 4292/1/627 4293/1/627
f 4290/1/627 4293/1/627 4267/1/627
f 4267/1/7293 4293/1/7293 4294/1/7293
f 4267/1/627 4294/1/627 4266/1/627
f 4295/1/7300 1782/1/7300 4285/1/7300
f 1782/1/7301 1783/1/7301 4285/1/7301
f 4285/1/7302 1783/1/7302 1785/1/7302
f 4285/1/7303 1785/1/7303 1787/1/7303
f 4296/1/7304 4297/1/7304 4285/1/7304
f 4297/1/7305 4298/1/7305 4285/1/7305
f 4285/1/7306 4298/1/7306 4299/1/7306
f 4285/1/7307 4299/1/7307 4295/1/7307
f 4267/1/7308 4300/1/7308 4290/1/7308
f 4290/1/7308 4300/1/7308 4301/1/7308
f 4290/1/7309 4301/1/7309 4269/1/7309
f 4269/1/7309 4301/1/7309 4302/1/7309
f 4269/1/7310 4302/1/7310 4253/1/7310
f 4253/1/7310 4302/1/7310 4303/1/7310
f 4253/1/7311 4303/1/7311 4254/1/7311
f 4254/1/7311 4303/1/7311 4304/1/7311
f 4254/1/7312 4304/1/7312 4241/1/7312
f 4241/1/7312 4304/1/7312 4305/1/7312
f 4241/1/7313 4305/1/7313 4233/1/7313
f 4233/1/7313 4305/1/7313 4306/1/7313
f 4233/1/7314 4306/1/7314 4238/1/7314
f 4238/1/7314 4306/1/7314 4307/1/7314
f 4238/1/7315 4307/1/7315 4236/1/7315
f 4236/1/7315 4307/1/7315 4308/1/7315
f 4236/1/7316 4308/1/7316 4259/1/7316
f 4259/1/7316 4308/1/7316 4309/1/7316
f 4259/1/7317 4309/1/7317 4242/1/7317
f 4242/1/7317 4309/1/7317 4310/1/7317
f 4242/1/7318 4310/1/7318 4246/1/7318
f 4246/1/7318 4310/1/7318 4311/1/7318
f 4246/1/7319 4311/1/7319 4248/1/7319
f 4248/1/7319 4311/1/7319 4312/1/7319
f 4248/1/7320 4312/1/7320 4282/1/7320
f 4282/1/7320 4312/1/7320 4313/1/7320
f 4282/1/7321 4313/1/7321 4285/1/7321
f 4285/1/7322 4313/1/7322 4314/1/7322
f 4285/1/7323 4314/1/7323 4296/1/7323
f 4267/1/7324 3874/1/7324 4300/1/7324
f 4300/1/7325 3874/1/7325 3875/1/7325
f 4300/1/7326 3875/1/7326 3876/1/7326
f 3876/1/7327 3877/1/7327 4300/1/7327
f 4300/1/7328 3877/1/7328 3878/1/7328
f 4300/1/588 3878/1/588 3879/1/588
f 1787/1/7329 1789/1/7329 4285/1/7329
f 4285/1/7330 1789/1/7330 1791/1/7330
f 4285/1/7331 1791/1/7331 4261/1/7331
f 4261/1/7332 1791/1/7332 2191/1/7332
f 4261/1/7333 2191/1/7333 4260/1/7333
f 4260/1/7333 2191/1/7333 2197/1/7333
f 4260/1/7334 2197/1/7334 4291/1/7334
f 4291/1/7334 2197/1/7334 2200/1/7334
f 4291/1/4949 2200/1/4949 4262/1/4949
f 4262/1/4949 2200/1/4949 2202/1/4949
f 4262/1/7335 2202/1/7335 4263/1/7335
f 4263/1/7335 2202/1/7335 2204/1/7335
f 4263/1/7336 2204/1/7336 4250/1/7336
f 4250/1/7336 2204/1/7336 2207/1/7336
f 4250/1/7337 2207/1/7337 4240/1/7337
f 4240/1/7337 2207/1/7337 2209/1/7337
f 4240/1/7338 2209/1/7338 4251/1/7338
f 4251/1/7338 2209/1/7338 2213/1/7338
f 4251/1/7339 2213/1/7339 4252/1/7339
f 4252/1/7339 2213/1/7339 2215/1/7339
f 4252/1/7340 2215/1/7340 4264/1/7340
f 4264/1/7340 2215/1/7340 2218/1/7340
f 4264/1/5448 2218/1/5448 4265/1/5448
f 4265/1/5448 2218/1/5448 2220/1/5448
f 4265/1/7341 2220/1/7341 4286/1/7341
f 4286/1/7341 2220/1/7341 2196/1/7341
f 4286/1/7342 2196/1/7342 4287/1/7342
f 4287/1/7342 2196/1/7342 2195/1/7342
f 4287/1/7343 2195/1/7343 4267/1/7343
f 4267/1/7344 2195/1/7344 2193/1/7344
f 4267/1/7345 2193/1/7345 3874/1/7345
f 3417/1/627 1771/1/627 1769/1/627
f 1768/1/627 3886/1/627 1769/1/627
f 1769/1/627 3886/1/627 3642/1/627
f 1769/1/627 3642/1/627 3417/1/627
f 3417/1/627 3642/1/627 3415/1/627
f 3417/1/627 3415/1/627 3416/1/627
f 2103/1/1 2106/1/1 2101/1/1
f 2101/1/1 2106/1/1 2099/1/1
f 4059/1/1 2088/1/1 2091/1/1
f 2091/1/1 2093/1/1 4059/1/1
f 4059/1/1 2093/1/1 2095/1/1
f 4059/1/1 2095/1/1 2106/1/1
f 2106/1/1 2095/1/1 2097/1/1
f 2106/1/1 2097/1/1 2099/1/1
f 1771/1/1 1770/1/1 1769/1/1
f 1769/1/1 1770/1/1 4315/1/1
f 1769/1/1 4315/1/1 1767/1/1
f 1767/1/1 4315/1/1 1765/1/1
f 4315/1/1 4043/1/1 4031/1/1
f 1747/1/1 1746/1/1 4031/1/1
f 4031/1/1 1746/1/1 1758/1/1
f 4031/1/1 1758/1/1 4315/1/1
f 4315/1/1 1758/1/1 1763/1/1
f 4315/1/1 1763/1/1 1765/1/1
f 4316/1/7346 4317/1/7346 4318/1/7346
f 4316/1/7347 4318/1/7347 4319/1/7347
f 4320/1/7348 4316/1/7348 4321/1/7348
f 4321/1/7349 4316/1/7349 4319/1/7349
f 4321/1/7350 4319/1/7350 4322/1/7350
f 4322/1/7351 4319/1/7351 4323/1/7351
f 4322/1/7352 4323/1/7352 4324/1/7352
f 4325/1/7353 4326/1/7353 4327/1/7353
f 4327/1/7354 4326/1/7354 4328/1/7354
f 4327/1/7355 4328/1/7355 4323/1/7355
f 4323/1/7356 4328/1/7356 4329/1/7356
f 4323/1/7357 4329/1/7357 4324/1/7357
f 4318/1/7358 4330/1/7358 4319/1/7358
f 4319/1/7359 4330/1/7359 4331/1/7359
f 4319/1/7360 4331/1/7360 4323/1/7360
f 4323/1/7361 4331/1/7361 4332/1/7361
f 4323/1/7362 4332/1/7362 4327/1/7362
f 4327/1/7363 4332/1/7363 4333/1/7363
f 4327/1/7364 4333/1/7364 4325/1/7364
f 4334/1/7365 4335/1/7365 4336/1/7365
f 4337/1/7366 4338/1/7366 4339/1/7366
f 4339/1/7367 4338/1/7367 4340/1/7367
f 4339/1/7368 4340/1/7368 4341/1/7368
f 4336/1/7369 4342/1/7369 4343/1/7369
f 4326/1/7370 4344/1/7370 4328/1/7370
f 4328/1/7371 4344/1/7371 4345/1/7371
f 4328/1/7372 4345/1/7372 4329/1/7372
f 4326/1/7373 4325/1/7373 4346/1/7373
f 4347/1/7374 4320/1/7374 4348/1/7374
f 4348/1/7375 4320/1/7375 4321/1/7375
f 4348/1/7376 4321/1/7376 4349/1/7376
f 4349/1/7377 4321/1/7377 4322/1/7377
f 4349/1/7378 4322/1/7378 4324/1/7378
f 4350/1/7379 4334/1/7379 4351/1/7379
f 4351/1/7380 4334/1/7380 4336/1/7380
f 4351/1/7381 4336/1/7381 4352/1/7381
f 4352/1/7382 4336/1/7382 4343/1/7382
f 4353/1/7383 4337/1/7383 4354/1/7383
f 4354/1/7384 4337/1/7384 4339/1/7384
f 4354/1/7385 4339/1/7385 4355/1/7385
f 4355/1/7386 4339/1/7386 4341/1/7386
f 4356/1/7387 4357/1/7387 4344/1/7387
f 4344/1/7388 4357/1/7388 4343/1/7388
f 4344/1/7389 4343/1/7389 4345/1/7389
f 4345/1/7390 4343/1/7390 4342/1/7390
f 4345/1/7391 4342/1/7391 4355/1/7391
f 4355/1/7392 4342/1/7392 4336/1/7392
f 4355/1/7393 4336/1/7393 4354/1/7393
f 4354/1/7394 4336/1/7394 4335/1/7394
f 4354/1/7395 4335/1/7395 4353/1/7395
f 4326/1/7396 4346/1/7396 4344/1/7396
f 4344/1/7397 4346/1/7397 4358/1/7397
f 4344/1/7398 4358/1/7398 4356/1/7398
f 4340/1/7399 4347/1/7399 4341/1/7399
f 4341/1/7400 4347/1/7400 4348/1/7400
f 4341/1/7401 4348/1/7401 4355/1/7401
f 4355/1/7402 4348/1/7402 4349/1/7402
f 4355/1/7403 4349/1/7403 4345/1/7403
f 4345/1/7404 4349/1/7404 4324/1/7404
f 4345/1/7405 4324/1/7405 4329/1/7405
f 4359/1/7406 4333/1/7406 4332/1/7406
f 4360/1/7407 4361/1/7407 4362/1/7407
f 4363/1/7408 4364/1/7408 4365/1/7408
f 4365/1/7409 4364/1/7409 4366/1/7409
f 4365/1/7410 4366/1/7410 4367/1/7410
f 4367/1/7411 4366/1/7411 4368/1/7411
f 4367/1/7412 4368/1/7412 4369/1/7412
f 4370/1/7413 4371/1/7413 4361/1/7413
f 4361/1/7414 4371/1/7414 4372/1/7414
f 4361/1/7415 4372/1/7415 4362/1/7415
f 4362/1/7416 4372/1/7416 4373/1/7416
f 4374/1/7417 4375/1/7417 4373/1/7417
f 4373/1/7418 4375/1/7418 4376/1/7418
f 4373/1/7419 4376/1/7419 4362/1/7419
f 4362/1/7420 4376/1/7420 4377/1/7420
f 4362/1/7421 4377/1/7421 4360/1/7421
f 4360/1/7422 4377/1/7422 4378/1/7422
f 4317/1/7423 4374/1/7423 4318/1/7423
f 4318/1/7424 4374/1/7424 4373/1/7424
f 4318/1/7425 4373/1/7425 4330/1/7425
f 4330/1/7426 4373/1/7426 4372/1/7426
f 4330/1/7427 4372/1/7427 4331/1/7427
f 4331/1/7428 4372/1/7428 4371/1/7428
f 4331/1/7429 4371/1/7429 4332/1/7429
f 4332/1/7430 4371/1/7430 4370/1/7430
f 4332/1/7431 4370/1/7431 4359/1/7431
f 4325/1/7432 4333/1/7432 4379/1/7432
f 4379/1/7433 4333/1/7433 4359/1/7433
f 4379/1/7434 4359/1/7434 4369/1/7434
f 4369/1/7435 4359/1/7435 4370/1/7435
f 4369/1/7436 4370/1/7436 4367/1/7436
f 4367/1/7437 4370/1/7437 4361/1/7437
f 4367/1/7438 4361/1/7438 4365/1/7438
f 4365/1/7439 4361/1/7439 4360/1/7439
f 4365/1/7440 4360/1/7440 4363/1/7440
f 4363/1/7441 4360/1/7441 4378/1/7441
f 4325/1/7442 4380/1/7442 4381/1/7442
f 4382/1/7443 4350/1/7443 4351/1/7443
f 4383/1/7444 4384/1/7444 4382/1/7444
f 4384/1/7445 4383/1/7445 4385/1/7445
f 4385/1/7446 4383/1/7446 4386/1/7446
f 4385/1/7447 4386/1/7447 4387/1/7447
f 4387/1/7448 4386/1/7448 4388/1/7448
f 4388/1/7449 4386/1/7449 4389/1/7449
f 4388/1/7450 4389/1/7450 4390/1/7450
f 4364/1/7451 4390/1/7451 4366/1/7451
f 4366/1/7452 4390/1/7452 4389/1/7452
f 4366/1/7453 4389/1/7453 4368/1/7453
f 4368/1/7454 4389/1/7454 4369/1/7454
f 4369/1/7455 4391/1/7455 4379/1/7455
f 4379/1/7456 4391/1/7456 4325/1/7456
f 4380/1/7457 4325/1/7457 4391/1/7457
f 4357/1/7458 4356/1/7458 4381/1/7458
f 4381/1/7459 4356/1/7459 4358/1/7459
f 4382/1/7460 4351/1/7460 4383/1/7460
f 4383/1/7461 4351/1/7461 4352/1/7461
f 4383/1/7462 4352/1/7462 4343/1/7462
f 4369/1/7463 4389/1/7463 4391/1/7463
f 4391/1/7464 4389/1/7464 4386/1/7464
f 4391/1/7464 4386/1/7464 4380/1/7464
f 4380/1/7465 4386/1/7465 4383/1/7465
f 4380/1/7465 4383/1/7465 4381/1/7465
f 4381/1/7466 4383/1/7466 4343/1/7466
f 4381/1/7467 4343/1/7467 4357/1/7467
f 4358/1/7468 4346/1/7468 4381/1/7468
f 4381/1/7469 4346/1/7469 4325/1/7469
f 4334/1/139 4350/1/139 4392/1/139
f 4337/1/139 4353/1/139 4393/1/139
f 4337/1/139 4394/1/139 4338/1/139
f 4338/1/7470 4394/1/7470 4395/1/7470
f 4393/1/139 4353/1/139 4392/1/139
f 4392/1/139 4353/1/139 4335/1/139
f 4392/1/139 4335/1/139 4334/1/139
f 4396/1/7471 4397/1/7471 4398/1/7471
f 4398/1/7472 4399/1/7472 4396/1/7472
f 4396/1/7473 4399/1/7473 4400/1/7473
f 4396/1/7474 4400/1/7474 4401/1/7474
f 4401/1/7475 4394/1/7475 4396/1/7475
f 4396/1/7475 4394/1/7475 4337/1/7475
f 4396/1/139 4337/1/139 4402/1/139
f 4402/1/139 4337/1/139 4393/1/139
f 4403/1/139 4404/1/139 4405/1/139
f 4405/1/139 4404/1/139 4338/1/139
f 4405/1/7476 4338/1/7476 4406/1/7476
f 4406/1/139 4338/1/139 4395/1/139
f 4407/1/7477 4375/1/7477 4408/1/7477
f 4408/1/7478 4375/1/7478 4374/1/7478
f 4408/1/7479 4374/1/7479 4409/1/7479
f 4409/1/7480 4374/1/7480 4317/1/7480
f 4377/1/504 4410/1/504 4378/1/504
f 4378/1/504 4410/1/504 4411/1/504
f 4378/1/504 4411/1/504 4363/1/504
f 4363/1/504 4411/1/504 4412/1/504
f 4363/1/504 4412/1/504 4364/1/504
f 4407/1/504 4413/1/504 4375/1/504
f 4375/1/504 4413/1/504 4410/1/504
f 4375/1/504 4410/1/504 4376/1/504
f 4376/1/504 4410/1/504 4377/1/504
f 4388/1/7481 4414/1/7481 4415/1/7481
f 4392/1/7482 4350/1/7482 4416/1/7482
f 4416/1/7483 4350/1/7483 4382/1/7483
f 4416/1/7484 4382/1/7484 4417/1/7484
f 4414/1/7485 4388/1/7485 4412/1/7485
f 4412/1/7486 4388/1/7486 4390/1/7486
f 4412/1/7487 4390/1/7487 4364/1/7487
f 4417/1/7488 4382/1/7488 4418/1/7488
f 4418/1/7489 4382/1/7489 4384/1/7489
f 4418/1/7490 4384/1/7490 4419/1/7490
f 4419/1/7491 4384/1/7491 4385/1/7491
f 4419/1/7492 4385/1/7492 4415/1/7492
f 4415/1/7493 4385/1/7493 4387/1/7493
f 4415/1/7481 4387/1/7481 4388/1/7481
f 4420/1/7494 4421/1/7494 4422/1/7494
f 4423/1/7495 4424/1/7495 4425/1/7495
f 4426/1/7496 4427/1/7496 4428/1/7496
f 4429/1/7497 4430/1/7497 4431/1/7497
f 4432/1/7498 4433/1/7498 4434/1/7498
f 4435/1/7499 4436/1/7499 4427/1/7499
f 4427/1/7500 4436/1/7500 4437/1/7500
f 4427/1/7501 4437/1/7501 4438/1/7501
f 4438/1/7502 4439/1/7502 4427/1/7502
f 4427/1/7503 4439/1/7503 4440/1/7503
f 4427/1/7504 4440/1/7504 4428/1/7504
f 4428/1/7505 4440/1/7505 4441/1/7505
f 4428/1/7506 4441/1/7506 4442/1/7506
f 4442/1/7507 4441/1/7507 4443/1/7507
f 4444/1/7508 4445/1/7508 4435/1/7508
f 4435/1/7509 4445/1/7509 4446/1/7509
f 4435/1/7510 4446/1/7510 4436/1/7510
f 4447/1/7511 4448/1/7511 4444/1/7511
f 4444/1/7512 4448/1/7512 4449/1/7512
f 4444/1/7513 4449/1/7513 4445/1/7513
f 4447/1/7514 4450/1/7514 4451/1/7514
f 4451/1/7515 4452/1/7515 4447/1/7515
f 4447/1/7516 4452/1/7516 4453/1/7516
f 4447/1/7517 4453/1/7517 4448/1/7517
f 4454/1/7518 4455/1/7518 4456/1/7518
f 4457/1/7519 4458/1/7519 4456/1/7519
f 4456/1/7520 4458/1/7520 4459/1/7520
f 4456/1/7521 4459/1/7521 4454/1/7521
f 4460/1/7522 4461/1/7522 4462/1/7522
f 4462/1/7523 4461/1/7523 4463/1/7523
f 4462/1/7524 4463/1/7524 4464/1/7524
f 4464/1/7525 4463/1/7525 4465/1/7525
f 4464/1/7526 4465/1/7526 4466/1/7526
f 4466/1/7527 4465/1/7527 4467/1/7527
f 4466/1/7528 4467/1/7528 4468/1/7528
f 4468/1/7529 4467/1/7529 4456/1/7529
f 4468/1/7530 4456/1/7530 4469/1/7530
f 4469/1/7531 4456/1/7531 4455/1/7531
f 4470/1/7532 4471/1/7532 4472/1/7532
f 4472/1/7533 4471/1/7533 4473/1/7533
f 4472/1/7534 4473/1/7534 4456/1/7534
f 4456/1/7535 4473/1/7535 4474/1/7535
f 4456/1/7536 4474/1/7536 4457/1/7536
f 4475/1/7537 4476/1/7537 4477/1/7537
f 4478/1/7538 4392/1/7538 4416/1/7538
f 4417/1/7539 4479/1/7539 4480/1/7539
f 4480/1/7540 4479/1/7540 4481/1/7540
f 4480/1/7541 4481/1/7541 4482/1/7541
f 4482/1/7542 4483/1/7542 4480/1/7542
f 4480/1/7543 4483/1/7543 4484/1/7543
f 4480/1/7544 4484/1/7544 4485/1/7544
f 4486/1/7545 4396/1/7545 4487/1/7545
f 4487/1/7546 4396/1/7546 4402/1/7546
f 4487/1/7547 4402/1/7547 4488/1/7547
f 4489/1/7548 4490/1/7548 4491/1/7548
f 4491/1/7549 4492/1/7549 4489/1/7549
f 4489/1/7550 4492/1/7550 4493/1/7550
f 4489/1/7551 4493/1/7551 4486/1/7551
f 4486/1/7552 4493/1/7552 4397/1/7552
f 4486/1/7553 4397/1/7553 4396/1/7553
f 4494/1/7554 4495/1/7554 4496/1/7554
f 4496/1/7555 4495/1/7555 4497/1/7555
f 4433/1/7556 4432/1/7556 4498/1/7556
f 4499/1482/7557 4500/1483/7557 4501/1484/7557
f 4501/1485/7558 4500/1486/7558 4502/1487/7558
f 4501/1485/7559 4502/1487/7559 4503/1488/7559
f 4504/1489/7560 4505/1490/7560 4502/1487/7560
f 4502/1487/7561 4505/1490/7561 4506/1491/7561
f 4502/1487/7562 4506/1491/7562 4503/1488/7562
f 4507/1492/7563 4508/1493/7563 4509/1494/7563
f 4510/1/7564 4511/1/7564 4512/1/7564
f 4512/1/7565 4511/1/7565 4513/1/7565
f 4512/1/7566 4513/1/7566 4514/1/7566
f 4514/1/7567 4513/1/7567 4507/1/7567
f 4514/1/7568 4507/1/7568 4515/1/7568
f 4515/1495/7569 4507/1492/7569 4509/1494/7569
f 4516/1/7570 4517/1/7570 4518/1/7570
f 4519/1/7571 4520/1/7571 4516/1/7571
f 4516/1/7572 4520/1/7572 4521/1/7572
f 4516/1/7573 4521/1/7573 4517/1/7573
f 4522/1/7574 4523/1/7574 4521/1/7574
f 4521/1/7575 4523/1/7575 4524/1/7575
f 4521/1/7576 4524/1/7576 4517/1/7576
f 4525/1/7577 4526/1/7577 4431/1/7577
f 4431/1/7578 4526/1/7578 4527/1/7578
f 4431/1/7579 4527/1/7579 4429/1/7579
f 4431/1/7580 4528/1/7580 4525/1/7580
f 4525/1/7581 4528/1/7581 4421/1/7581
f 4525/1/7582 4421/1/7582 4529/1/7582
f 4529/1/7583 4421/1/7583 4530/1/7583
f 4530/1/7584 4421/1/7584 4420/1/7584
f 4530/1/7585 4420/1/7585 4531/1/7585
f 4532/1/7586 4533/1/7586 4534/1/7586
f 4535/1/7587 4536/1/7587 4534/1/7587
f 4534/1/7588 4536/1/7588 4537/1/7588
f 4534/1/7589 4537/1/7589 4532/1/7589
f 4402/1/7590 4393/1/7590 4488/1/7590
f 4488/1/7591 4393/1/7591 4538/1/7591
f 4488/1/7592 4538/1/7592 4498/1/7592
f 4498/1/7593 4538/1/7593 4539/1/7593
f 4498/1/7594 4539/1/7594 4433/1/7594
f 4433/1/7595 4539/1/7595 4540/1/7595
f 4433/1/7596 4540/1/7596 4434/1/7596
f 4434/1496/7597 4540/1497/7597 4541/1498/7597
f 4434/1499/7598 4541/1500/7598 4542/1501/7598
f 4542/1502/7599 4541/1498/7599 4543/1503/7599
f 4542/1/7600 4543/1/7600 4544/1/7600
f 4432/1/7601 4497/1/7601 4498/1/7601
f 4498/1/7602 4497/1/7602 4495/1/7602
f 4498/1/7603 4495/1/7603 4488/1/7603
f 4488/1/7604 4495/1/7604 4494/1/7604
f 4488/1/7605 4494/1/7605 4487/1/7605
f 4487/1/7606 4494/1/7606 4545/1/7606
f 4487/1/7607 4545/1/7607 4486/1/7607
f 4393/1/7608 4392/1/7608 4538/1/7608
f 4538/1/7609 4392/1/7609 4478/1/7609
f 4538/1/7610 4478/1/7610 4539/1/7610
f 4539/1/7611 4478/1/7611 4546/1/7611
f 4539/1/7612 4546/1/7612 4540/1/7612
f 4540/1497/7613 4546/1504/7613 4500/1483/7613
f 4540/1497/7614 4500/1483/7614 4541/1498/7614
f 4541/1498/7615 4500/1483/7615 4499/1482/7615
f 4541/1/7616 4499/1/7616 4543/1/7616
f 4547/1/7617 4548/1/7617 4549/1/7617
f 4549/1/7618 4548/1/7618 4550/1/7618
f 4549/1/7619 4550/1/7619 4475/1/7619
f 4475/1/7620 4477/1/7620 4549/1/7620
f 4549/1/7621 4477/1/7621 4470/1/7621
f 4549/1/7622 4470/1/7622 4547/1/7622
f 4547/1/7623 4470/1/7623 4472/1/7623
f 4547/1/7624 4472/1/7624 4548/1/7624
f 4548/1/7625 4472/1/7625 4551/1/7625
f 4548/1/7626 4551/1/7626 4552/1/7626
f 4553/1/7627 4554/1/7627 4555/1/7627
f 4555/1/7628 4554/1/7628 4450/1/7628
f 4555/1/7629 4450/1/7629 4556/1/7629
f 4556/1/7630 4450/1/7630 4447/1/7630
f 4556/1/7631 4447/1/7631 4557/1/7631
f 4557/1/7632 4447/1/7632 4444/1/7632
f 4557/1/7633 4444/1/7633 4558/1/7633
f 4558/1/7634 4444/1/7634 4435/1/7634
f 4558/1/7635 4435/1/7635 4559/1/7635
f 4559/1/7636 4435/1/7636 4427/1/7636
f 4559/1/7637 4427/1/7637 4560/1/7637
f 4560/1/7638 4427/1/7638 4426/1/7638
f 4560/1/7639 4426/1/7639 4561/1/7639
f 4461/1/7640 4553/1/7640 4463/1/7640
f 4463/1/7641 4553/1/7641 4555/1/7641
f 4463/1/7642 4555/1/7642 4465/1/7642
f 4465/1/7643 4555/1/7643 4556/1/7643
f 4465/1/7644 4556/1/7644 4467/1/7644
f 4467/1/7645 4556/1/7645 4557/1/7645
f 4467/1/7646 4557/1/7646 4456/1/7646
f 4456/1/7647 4557/1/7647 4558/1/7647
f 4456/1/7648 4558/1/7648 4472/1/7648
f 4472/1/7649 4558/1/7649 4559/1/7649
f 4472/1/7650 4559/1/7650 4551/1/7650
f 4551/1/7651 4559/1/7651 4560/1/7651
f 4551/1/7652 4560/1/7652 4552/1/7652
f 4552/1/7653 4560/1/7653 4561/1/7653
f 4562/1/7654 4563/1/7654 4564/1/7654
f 4564/1/7655 4563/1/7655 4565/1/7655
f 4564/1/7656 4565/1/7656 4566/1/7656
f 4566/1/7657 4565/1/7657 4567/1/7657
f 4566/1/7658 4567/1/7658 4568/1/7658
f 4568/1/7659 4567/1/7659 4569/1/7659
f 4568/1/7660 4569/1/7660 4570/1/7660
f 4422/1/7661 4519/1/7661 4571/1/7661
f 4571/1/7662 4519/1/7662 4516/1/7662
f 4571/1/7663 4516/1/7663 4510/1/7663
f 4510/1/7664 4516/1/7664 4518/1/7664
f 4510/1/7665 4518/1/7665 4511/1/7665
f 4422/1/7666 4421/1/7666 4519/1/7666
f 4519/1/7667 4421/1/7667 4528/1/7667
f 4519/1/7668 4528/1/7668 4520/1/7668
f 4520/1/7669 4528/1/7669 4431/1/7669
f 4520/1/7670 4431/1/7670 4521/1/7670
f 4521/1/7671 4431/1/7671 4430/1/7671
f 4521/1/7672 4430/1/7672 4522/1/7672
f 4522/1/7673 4430/1/7673 4429/1/7673
f 4522/1/7674 4429/1/7674 4572/1/7674
f 4424/1/7675 4423/1/7675 4573/1/7675
f 4573/1/7676 4423/1/7676 4574/1/7676
f 4573/1/7677 4574/1/7677 4533/1/7677
f 4533/1/7678 4574/1/7678 4575/1/7678
f 4533/1/7679 4575/1/7679 4534/1/7679
f 4576/1/7680 4577/1/7680 4578/1/7680
f 4578/1/7681 4577/1/7681 4579/1/7681
f 4578/1/7682 4579/1/7682 4480/1/7682
f 4532/1/7683 4562/1/7683 4533/1/7683
f 4533/1/7684 4562/1/7684 4564/1/7684
f 4533/1/7685 4564/1/7685 4573/1/7685
f 4573/1/7686 4564/1/7686 4566/1/7686
f 4573/1/7687 4566/1/7687 4424/1/7687
f 4424/1/7688 4566/1/7688 4568/1/7688
f 4424/1/7689 4568/1/7689 4425/1/7689
f 4425/1/7690 4568/1/7690 4570/1/7690
f 4425/1/7691 4570/1/7691 4576/1/7691
f 4576/1/7692 4570/1/7692 4580/1/7692
f 4576/1/7693 4580/1/7693 4577/1/7693
f 4577/1/7694 4580/1/7694 4581/1/7694
f 4416/1/7695 4417/1/7695 4478/1/7695
f 4478/1/7696 4417/1/7696 4480/1/7696
f 4478/1/7697 4480/1/7697 4546/1/7697
f 4546/1/7698 4480/1/7698 4579/1/7698
f 4546/1/7699 4579/1/7699 4500/1/7699
f 4500/1486/7700 4579/1505/7700 4577/1506/7700
f 4500/1486/7701 4577/1506/7701 4502/1487/7701
f 4502/1487/7702 4577/1506/7702 4581/1507/7702
f 4502/1487/7703 4581/1507/7703 4504/1489/7703
f 4563/1/7704 4531/1/7704 4565/1/7704
f 4565/1/7705 4531/1/7705 4420/1/7705
f 4565/1/7706 4420/1/7706 4567/1/7706
f 4567/1/7707 4420/1/7707 4422/1/7707
f 4567/1/7708 4422/1/7708 4569/1/7708
f 4569/1/7709 4422/1/7709 4571/1/7709
f 4569/1/7710 4571/1/7710 4570/1/7710
f 4570/1/7711 4571/1/7711 4510/1/7711
f 4570/1/7712 4510/1/7712 4580/1/7712
f 4580/1/7713 4510/1/7713 4512/1/7713
f 4580/1/7714 4512/1/7714 4581/1/7714
f 4581/1/7715 4512/1/7715 4514/1/7715
f 4581/1508/7716 4514/1509/7716 4504/1510/7716
f 4504/1510/7717 4514/1509/7717 4515/1495/7717
f 4504/1489/7718 4515/1511/7718 4505/1490/7718
f 4505/1490/7719 4515/1511/7719 4509/1512/7719
f 4443/1/7720 4535/1/7720 4442/1/7720
f 4442/1/7721 4535/1/7721 4534/1/7721
f 4442/1/7722 4534/1/7722 4428/1/7722
f 4428/1/7723 4534/1/7723 4575/1/7723
f 4428/1/7724 4575/1/7724 4426/1/7724
f 4426/1/7725 4575/1/7725 4574/1/7725
f 4426/1/7726 4574/1/7726 4561/1/7726
f 4561/1/7727 4574/1/7727 4423/1/7727
f 4561/1/7728 4423/1/7728 4552/1/7728
f 4552/1/7729 4423/1/7729 4425/1/7729
f 4552/1/7730 4425/1/7730 4548/1/7730
f 4548/1/7731 4425/1/7731 4576/1/7731
f 4548/1/7732 4576/1/7732 4550/1/7732
f 4550/1/7733 4576/1/7733 4578/1/7733
f 4550/1/7734 4578/1/7734 4475/1/7734
f 4475/1/7735 4578/1/7735 4480/1/7735
f 4475/1/7736 4480/1/7736 4476/1/7736
f 4476/1/7737 4480/1/7737 4485/1/7737
f 4582/1/7738 4583/1/7738 4405/1/7738
f 4584/1/7739 4585/1/7739 2056/1/7739
f 2056/1/7740 4585/1/7740 2053/1/7740
f 4586/1/7741 2051/1/7741 4587/1/7741
f 4587/1/7742 2051/1/7742 2053/1/7742
f 4587/1/7743 2053/1/7743 4588/1/7743
f 4588/1/7744 2053/1/7744 4585/1/7744
f 4589/1/7745 2048/1/7745 4586/1/7745
f 4586/1/7746 2048/1/7746 2049/1/7746
f 4586/1/7747 2049/1/7747 2051/1/7747
f 4590/1/7748 2033/1/7748 4591/1/7748
f 4591/1/7749 2033/1/7749 2044/1/7749
f 4591/1/7750 2044/1/7750 4589/1/7750
f 4589/1/7751 2044/1/7751 2046/1/7751
f 4589/1/7752 2046/1/7752 2048/1/7752
f 4590/1/7753 4591/1/7753 4592/1/7753
f 4592/1/7754 4591/1/7754 4593/1/7754
f 4592/1/7755 4593/1/7755 4594/1/7755
f 4595/1/7756 4596/1/7756 4597/1/7756
f 4597/1/7757 4596/1/7757 4598/1/7757
f 4597/1/7758 4598/1/7758 4599/1/7758
f 4493/1/7759 4492/1/7759 4600/1/7759
f 4600/1/7760 4601/1/7760 4493/1/7760
f 4493/1/7761 4601/1/7761 4602/1/7761
f 4493/1/7762 4602/1/7762 4397/1/7762
f 4397/1/7763 4602/1/7763 4603/1/7763
f 4397/1/7764 4603/1/7764 4398/1/7764
f 4398/1/7765 4603/1/7765 4399/1/7765
f 4399/1/7766 4603/1/7766 4604/1/7766
f 4399/1/7767 4604/1/7767 4400/1/7767
f 4400/1/7768 4604/1/7768 4401/1/7768
f 4401/1/7769 4604/1/7769 4605/1/7769
f 4401/1/7770 4605/1/7770 4394/1/7770
f 4405/1/7771 4406/1/7771 4582/1/7771
f 4582/1/7772 4406/1/7772 4395/1/7772
f 4582/1/7773 4395/1/7773 4606/1/7773
f 4606/1/7774 4395/1/7774 4394/1/7774
f 4606/1/7775 4394/1/7775 4607/1/7775
f 4607/1/7776 4394/1/7776 4605/1/7776
f 4608/1/7777 4583/1/7777 4609/1/7777
f 4609/1/7778 4583/1/7778 4582/1/7778
f 4609/1/7779 4582/1/7779 4610/1/7779
f 4610/1/7780 4582/1/7780 4606/1/7780
f 4610/1/7781 4606/1/7781 4611/1/7781
f 4611/1/7782 4606/1/7782 4607/1/7782
f 4611/1/7783 4607/1/7783 4612/1/7783
f 4612/1/7784 4607/1/7784 4605/1/7784
f 4612/1/7785 4605/1/7785 4613/1/7785
f 4613/1/7786 4605/1/7786 4604/1/7786
f 4613/1/7787 4604/1/7787 4614/1/7787
f 4614/1/7788 4604/1/7788 4603/1/7788
f 4614/1/7789 4603/1/7789 4615/1/7789
f 4615/1/7790 4603/1/7790 4602/1/7790
f 4615/1/7791 4602/1/7791 4597/1/7791
f 4597/1/7792 4602/1/7792 4601/1/7792
f 4597/1/7793 4601/1/7793 4595/1/7793
f 4595/1/7794 4601/1/7794 4600/1/7794
f 4584/1/7795 4608/1/7795 4585/1/7795
f 4585/1/7796 4608/1/7796 4609/1/7796
f 4585/1/7797 4609/1/7797 4588/1/7797
f 4588/1/7798 4609/1/7798 4610/1/7798
f 4588/1/7799 4610/1/7799 4587/1/7799
f 4587/1/7800 4610/1/7800 4611/1/7800
f 4587/1/7801 4611/1/7801 4586/1/7801
f 4586/1/7802 4611/1/7802 4612/1/7802
f 4586/1/7803 4612/1/7803 4589/1/7803
f 4589/1/7804 4612/1/7804 4613/1/7804
f 4589/1/7805 4613/1/7805 4591/1/7805
f 4591/1/7806 4613/1/7806 4614/1/7806
f 4591/1/7807 4614/1/7807 4593/1/7807
f 4593/1/7808 4614/1/7808 4615/1/7808
f 4593/1/7809 4615/1/7809 4594/1/7809
f 4594/1/7810 4615/1/7810 4597/1/7810
f 4594/1/7811 4597/1/7811 4616/1/7811
f 4616/1/7812 4597/1/7812 4599/1/7812
f 4584/1/7813 2056/1/7813 2087/1/7813
f 2086/1/7814 4617/1/7814 2087/1/7814
f 2087/1/7815 4617/1/7815 4618/1/7815
f 2087/1/7816 4618/1/7816 4619/1/7816
f 4619/1/7817 4620/1/7817 2087/1/7817
f 2087/1/7818 4620/1/7818 4621/1/7818
f 2087/1/7819 4621/1/7819 4403/1/7819
f 4403/1/7820 4405/1/7820 4583/1/7820
f 4403/1/7821 4583/1/7821 2087/1/7821
f 2087/1/7822 4583/1/7822 4608/1/7822
f 2087/1/7823 4608/1/7823 4584/1/7823
f 2086/1/7824 4622/1/7824 4617/1/7824
f 4617/1/7825 4622/1/7825 4623/1/7825
f 4617/1/7826 4623/1/7826 4618/1/7826
f 4618/1/7827 4623/1/7827 4619/1/7827
f 4619/1/7828 4623/1/7828 4624/1/7828
f 4619/1/7829 4624/1/7829 4620/1/7829
f 4620/1/7830 4624/1/7830 4625/1/7830
f 4620/1/7831 4625/1/7831 4621/1/7831
f 4621/1/7832 4625/1/7832 4626/1/7832
f 4621/1/7833 4626/1/7833 4627/1/7833
f 4621/1/7834 4627/1/7834 4404/1/7834
f 4621/1/7835 4404/1/7835 4403/1/7835
f 4409/1/7836 4628/1/7836 4629/1/7836
f 4630/1/7837 4628/1/7837 4409/1/7837
f 4631/1/7838 4632/1/7838 4633/1/7838
f 4634/1/7839 4407/1/7839 4629/1/7839
f 4629/1/7840 4407/1/7840 4408/1/7840
f 4629/1/7841 4408/1/7841 4409/1/7841
f 4634/1/7842 4629/1/7842 4635/1/7842
f 4635/1/7843 4629/1/7843 4628/1/7843
f 4635/1/7844 4628/1/7844 4636/1/7844
f 4637/1/7845 4630/1/7845 4409/1/7845
f 4631/1/7846 4633/1/7846 4638/1/7846
f 4638/1/7847 4633/1/7847 4639/1/7847
f 4638/1/7848 4639/1/7848 4640/1/7848
f 4641/1/7849 4642/1/7849 4640/1/7849
f 4640/1/7850 4642/1/7850 4643/1/7850
f 4640/1/7851 4643/1/7851 4638/1/7851
f 4637/1/7852 4639/1/7852 4630/1/7852
f 4630/1/7853 4639/1/7853 4633/1/7853
f 4630/1/7854 4633/1/7854 4628/1/7854
f 4628/1/7854 4633/1/7854 4632/1/7854
f 4628/1/7855 4632/1/7855 4636/1/7855
f 4635/1/7856 4644/1/7856 4634/1/7856
f 4634/1/7857 4644/1/7857 4413/1/7857
f 4634/1/7858 4413/1/7858 4407/1/7858
f 4641/1/7859 4645/1/7859 4642/1/7859
f 4642/1/7860 4645/1/7860 4646/1/7860
f 4642/1/7861 4646/1/7861 4643/1/7861
f 4635/1/7862 4636/1/7862 4644/1/7862
f 4644/1/7863 4636/1/7863 4632/1/7863
f 4644/1/7864 4632/1/7864 4647/1/7864
f 4647/1/7865 4632/1/7865 4631/1/7865
f 4647/1/7866 4631/1/7866 4646/1/7866
f 4646/1/7867 4631/1/7867 4638/1/7867
f 4646/1/7868 4638/1/7868 4643/1/7868
f 4648/1/4258 4649/1/4258 4468/1/4258
f 4454/1/7869 4650/1/7869 4455/1/7869
f 4455/1/7870 4650/1/7870 4648/1/7870
f 4455/1/7871 4648/1/7871 4469/1/7871
f 4469/1/7872 4648/1/7872 4468/1/7872
f 4410/1/7873 4413/1/7873 4651/1/7873
f 4651/1/7874 4413/1/7874 4652/1/7874
f 4454/1/7875 4653/1/7875 4650/1/7875
f 4650/1/7876 4653/1/7876 4654/1/7876
f 4650/1/7877 4654/1/7877 4652/1/7877
f 4652/1/7878 4654/1/7878 4655/1/7878
f 4652/1/7879 4655/1/7879 4651/1/7879
f 4656/1/7880 4657/1/7880 4658/1/7880
f 4485/1/7881 4659/1/7881 4476/1/7881
f 4483/1/7882 4660/1/7882 4484/1/7882
f 4417/1/7883 4418/1/7883 4479/1/7883
f 4479/1/7884 4418/1/7884 4419/1/7884
f 4479/1/7885 4419/1/7885 4481/1/7885
f 4481/1/7886 4419/1/7886 4415/1/7886
f 4659/1/7887 4485/1/7887 4658/1/7887
f 4482/1/7888 4661/1/7888 4483/1/7888
f 4483/1/7889 4661/1/7889 4656/1/7889
f 4483/1/7890 4656/1/7890 4660/1/7890
f 4660/1/7891 4656/1/7891 4658/1/7891
f 4660/1/7892 4658/1/7892 4484/1/7892
f 4484/1/7893 4658/1/7893 4485/1/7893
f 4412/1/7894 4657/1/7894 4414/1/7894
f 4414/1/7895 4657/1/7895 4656/1/7895
f 4414/1/7896 4656/1/7896 4415/1/7896
f 4415/1/7897 4656/1/7897 4661/1/7897
f 4415/1/7898 4661/1/7898 4481/1/7898
f 4481/1/7899 4661/1/7899 4482/1/7899
f 4662/1/7900 4663/1/7900 4664/1/7900
f 4662/1/7901 4664/1/7901 4665/1/7901
f 4665/1/7902 4664/1/7902 4441/1/7902
f 4665/1/7903 4441/1/7903 4440/1/7903
f 4663/1/7904 4666/1/7904 4664/1/7904
f 4664/1/7905 4666/1/7905 4667/1/7905
f 4664/1/7906 4667/1/7906 4441/1/7906
f 4441/1/7907 4667/1/7907 4443/1/7907
f 4668/1/7908 4669/1/7908 4410/1/7908
f 4668/1/7909 4473/1/7909 4669/1/7909
f 4669/1/7910 4473/1/7910 4471/1/7910
f 4669/1/7911 4471/1/7911 4470/1/7911
f 4459/1/7912 4458/1/7912 4670/1/7912
f 4670/1/7913 4458/1/7913 4457/1/7913
f 4670/1/7914 4457/1/7914 4668/1/7914
f 4668/1/7915 4457/1/7915 4474/1/7915
f 4668/1/7916 4474/1/7916 4473/1/7916
f 4410/1/7917 4651/1/7917 4668/1/7917
f 4668/1/7918 4651/1/7918 4655/1/7918
f 4668/1/7919 4655/1/7919 4670/1/7919
f 4670/1/7920 4655/1/7920 4654/1/7920
f 4670/1/7921 4654/1/7921 4459/1/7921
f 4459/1/7922 4654/1/7922 4653/1/7922
f 4459/1/7923 4653/1/7923 4454/1/7923
f 1480/1/7924 4598/1/7924 4671/1/7924
f 4671/1/7925 4598/1/7925 4596/1/7925
f 4671/1/7926 4596/1/7926 4672/1/7926
f 4596/1/7927 4595/1/7927 4672/1/7927
f 4672/1/7928 4595/1/7928 4600/1/7928
f 4672/1/7929 4600/1/7929 4491/1/7929
f 4491/1/7930 4600/1/7930 4492/1/7930
f 1957/1/7931 1956/1/7931 4673/1/7931
f 4490/1/7932 4674/1/7932 4491/1/7932
f 4491/1/7933 4674/1/7933 4675/1/7933
f 4491/1/7934 4675/1/7934 4672/1/7934
f 4672/1/7935 4675/1/7935 4676/1/7935
f 4672/1/7936 4676/1/7936 4671/1/7936
f 4671/1/7937 4676/1/7937 1480/1/7937
f 4676/1/7938 4677/1/7938 1480/1/7938
f 1480/1/7939 4677/1/7939 4678/1/7939
f 1480/1/7940 4678/1/7940 4679/1/7940
f 4679/1/7941 4678/1/7941 4680/1/7941
f 4679/1/7942 4680/1/7942 4673/1/7942
f 4673/1/7943 4680/1/7943 4681/1/7943
f 1792/1/7944 1957/1/7944 4682/1/7944
f 4682/1/7945 1957/1/7945 4673/1/7945
f 4682/1/7946 4673/1/7946 4683/1/7946
f 4683/1/7947 4673/1/7947 4681/1/7947
f 1793/1/7948 1792/1/7948 4682/1/7948
f 1793/1/7949 4682/1/7949 4684/1/7949
f 4684/1/7950 4682/1/7950 4683/1/7950
f 4684/1/7951 4683/1/7951 4685/1/7951
f 4685/1/7952 4683/1/7952 4681/1/7952
f 4685/1/7953 4681/1/7953 4686/1/7953
f 4681/1/7954 4680/1/7954 4686/1/7954
f 4686/1/7955 4680/1/7955 4678/1/7955
f 4686/1/7956 4678/1/7956 4687/1/7956
f 4687/1/7957 4678/1/7957 4677/1/7957
f 4687/1/7958 4677/1/7958 4688/1/7958
f 4688/1/7959 4677/1/7959 4676/1/7959
f 4688/1/7960 4676/1/7960 4689/1/7960
f 4689/1/7961 4676/1/7961 4675/1/7961
f 4675/1/7962 4674/1/7962 4689/1/7962
f 4689/1/7963 4674/1/7963 4490/1/7963
f 4689/1/7964 4490/1/7964 4690/1/7964
f 4490/1/7965 4489/1/7965 4690/1/7965
f 4690/1/7966 4489/1/7966 4486/1/7966
f 4690/1/7967 4486/1/7967 4691/1/7967
f 4691/1/7968 4486/1/7968 4545/1/7968
f 4691/1/7969 4545/1/7969 4692/1/7969
f 4692/1/7970 4545/1/7970 4693/1/7970
f 4693/1/7971 4545/1/7971 4494/1/7971
f 4693/1/7972 4494/1/7972 4694/1/7972
f 4694/1/7973 4494/1/7973 4496/1/7973
f 4694/1/7974 4496/1/7974 4695/1/7974
f 4695/1/7975 4496/1/7975 4497/1/7975
f 4695/1/7976 4497/1/7976 4696/1/7976
f 4696/1/7977 4497/1/7977 4432/1/7977
f 4696/1/7978 4432/1/7978 4697/1/7978
f 4432/1/7979 4434/1/7979 4697/1/7979
f 4697/1513/7980 4434/1514/7980 4542/1515/7980
f 4697/1/7981 4542/1/7981 4698/1/7981
f 4698/1/7982 4542/1/7982 4544/1/7982
f 4698/1/7983 4544/1/7983 4699/1/7983
f 4700/1/1580 4622/1/1580 4701/1/1580
f 4701/1/1580 4622/1/1580 2086/1/1580
f 4701/1/1580 2086/1/1580 4059/1/1580
f 4059/1/1580 2086/1/1580 2085/1/1580
f 2106/1/1580 2105/1/1580 4058/1/1580
f 4043/1/1580 4702/1/1580 4042/1/1580
f 4042/1/1580 4702/1/1580 4703/1/1580
f 4042/1/1580 4703/1/1580 4041/1/1580
f 4041/1/1580 4703/1/1580 4704/1/1580
f 4041/1/1580 4704/1/1580 4048/1/1580
f 4048/1/1580 4704/1/1580 4705/1/1580
f 4048/1/1580 4705/1/1580 4053/1/1580
f 4053/1/1580 4705/1/1580 4706/1/1580
f 4053/1/1580 4706/1/1580 4058/1/1580
f 4058/1/1580 4706/1/1580 4707/1/1580
f 4058/1/1580 4707/1/1580 2106/1/1580
f 4708/1/7984 4641/1/7984 4640/1/7984
f 4708/1/7985 4640/1/7985 4709/1/7985
f 4709/1/7986 4640/1/7986 4639/1/7986
f 4709/1/7987 4639/1/7987 4710/1/7987
f 4710/1/7988 4639/1/7988 4637/1/7988
f 4710/1/7989 4637/1/7989 4711/1/7989
f 4711/1/7990 4637/1/7990 4409/1/7990
f 4711/1/7991 4409/1/7991 4712/1/7991
f 4645/1/1580 4641/1/1580 4708/1/1580
f 4713/1/1580 4714/1/1580 4715/1/1580
f 4715/1/1580 4714/1/1580 4645/1/1580
f 4715/1/1580 4645/1/1580 4716/1/1580
f 4716/1/1580 4645/1/1580 4708/1/1580
f 4717/1/504 4718/1/504 4719/1/504
f 4719/1/504 4718/1/504 4720/1/504
f 4719/1/504 4720/1/504 4721/1/504
f 4662/1/504 4722/1/504 4663/1/504
f 4663/1/504 4722/1/504 4723/1/504
f 4663/1/504 4723/1/504 4666/1/504
f 4723/1/504 4724/1/504 4666/1/504
f 4666/1/504 4724/1/504 4725/1/504
f 4666/1/504 4725/1/504 4720/1/504
f 4720/1/504 4725/1/504 4726/1/504
f 4720/1/504 4726/1/504 4721/1/504
f 4727/1/7992 4728/1/7992 4729/1/7992
f 4729/1/7993 4728/1/7993 4730/1/7993
f 4731/1516/7994 4732/1517/7994 4733/1518/7994
f 4734/1519/7995 4735/1520/7995 4736/1521/7995
f 4737/1/7996 4738/1/7996 4739/1/7996
f 4280/1/7997 4279/1/7997 4740/1/7997
f 4741/1/7998 4696/1/7998 4697/1/7998
f 4742/1/7999 4693/1/7999 4694/1/7999
f 4735/1522/8000 4734/1523/8000 4689/1524/8000
f 4685/1525/8001 4686/1526/8001 4734/1523/8001
f 4686/1526/8002 4687/1527/8002 4734/1523/8002
f 4734/1/8003 4687/1/8003 4688/1/8003
f 4734/1523/8004 4688/1528/8004 4689/1524/8004
f 4743/1529/8005 4107/1194/8005 4215/1409/8005
f 4284/1530/8006 4232/1455/8006 4108/1195/8006
f 4278/1/8007 4245/1/8007 4744/1/8007
f 4744/1/8008 4245/1/8008 4247/1/8008
f 4744/1/8009 4247/1/8009 4745/1/8009
f 4745/1/8010 4247/1/8010 4249/1/8010
f 4745/1/8011 4249/1/8011 4746/1/8011
f 4746/1/8012 4249/1/8012 4281/1/8012
f 4280/1/8013 4740/1/8013 4243/1/8013
f 4275/1/8014 4244/1/8014 4747/1/8014
f 4748/1/8015 4276/1/8015 4275/1/8015
f 4749/1/8016 4750/1/8016 4256/1/8016
f 4751/1/8017 4752/1/8017 4750/1/8017
f 4753/1/8018 4754/1/8018 4752/1/8018
f 4755/1/8019 4756/1/8019 4757/1/8019
f 4757/1/8020 4756/1/8020 4754/1/8020
f 4758/1/8021 4759/1/8021 4755/1/8021
f 4760/1/8022 4761/1/8022 4762/1/8022
f 4763/1/8023 4764/1/8023 4765/1/8023
f 4764/1/8024 4763/1/8024 4766/1/8024
f 4767/1/8025 4768/1/8025 4769/1/8025
f 4769/1/8026 4768/1/8026 4770/1/8026
f 4769/1/8027 4770/1/8027 4771/1/8027
f 4772/1/8028 4773/1/8028 4774/1/8028
f 4774/1/8029 4773/1/8029 4767/1/8029
f 4774/1/8030 4767/1/8030 4775/1/8030
f 4775/1/8031 4767/1/8031 4769/1/8031
f 4775/1/8032 4769/1/8032 4776/1/8032
f 4776/1/8033 4769/1/8033 4771/1/8033
f 4698/1/8034 4699/1/8034 4777/1/8034
f 4777/1/8035 4699/1/8035 4778/1/8035
f 4777/1/8036 4778/1/8036 4779/1/8036
f 4779/1/8037 4778/1/8037 4780/1/8037
f 4739/1/8038 4781/1/8038 4782/1/8038
f 4739/1/8039 4738/1/8039 4781/1/8039
f 4781/1/8040 4738/1/8040 4783/1/8040
f 4781/1/8041 4783/1/8041 4784/1/8041
f 4782/1/8042 4781/1/8042 4785/1/8042
f 4785/1/8043 4781/1/8043 4784/1/8043
f 4785/1/8044 4784/1/8044 4786/1/8044
f 4787/1/8045 4737/1/8045 4788/1/8045
f 4788/1/8046 4737/1/8046 4739/1/8046
f 4788/1/8047 4739/1/8047 4789/1/8047
f 4789/1/8048 4739/1/8048 4782/1/8048
f 4789/1/8049 4782/1/8049 4692/1/8049
f 4692/1/8050 4782/1/8050 4785/1/8050
f 4692/1/8051 4785/1/8051 4691/1/8051
f 4691/1/8052 4785/1/8052 4786/1/8052
f 4691/1/8053 4786/1/8053 4690/1/8053
f 4790/1531/8054 4732/1517/8054 4791/1532/8054
f 4791/1532/8055 4732/1517/8055 4731/1516/8055
f 4791/1532/8056 4731/1516/8056 4792/1533/8056
f 4279/1/8057 4278/1/8057 4740/1/8057
f 4740/1/8058 4278/1/8058 4744/1/8058
f 4740/1/8059 4744/1/8059 4793/1/8059
f 4793/1/8060 4744/1/8060 4745/1/8060
f 4793/1/8061 4745/1/8061 4794/1/8061
f 4794/1/8062 4745/1/8062 4746/1/8062
f 4794/1/8063 4746/1/8063 4795/1/8063
f 4795/1/8064 4746/1/8064 4281/1/8064
f 4795/1534/8065 4281/1535/8065 4796/1536/8065
f 4796/1536/8066 4281/1535/8066 4283/1537/8066
f 4796/1536/8067 4283/1537/8067 4797/1538/8067
f 4797/1538/8068 4283/1537/8068 4284/1530/8068
f 4797/1538/8069 4284/1530/8069 4798/1539/8069
f 4798/1539/8070 4284/1530/8070 4108/1195/8070
f 4799/1540/8071 4790/1541/8071 4800/1542/8071
f 4800/1542/8072 4790/1541/8072 4791/1543/8072
f 4800/1542/8073 4791/1543/8073 4801/1544/8073
f 4801/1544/8074 4791/1543/8074 4792/1545/8074
f 4801/1544/8075 4792/1545/8075 4802/1546/8075
f 4802/1546/8076 4792/1545/8076 4803/1547/8076
f 4802/1/8077 4803/1/8077 4804/1/8077
f 4804/1/8078 4803/1/8078 4805/1/8078
f 4804/1/8079 4805/1/8079 4806/1/8079
f 4806/1/8080 4805/1/8080 4807/1/8080
f 4806/1/8081 4807/1/8081 4808/1/8081
f 4809/1/8082 4810/1/8082 4811/1/8082
f 4811/1/8083 4810/1/8083 4812/1/8083
f 4811/1/8084 4812/1/8084 4813/1/8084
f 4813/1/8085 4812/1/8085 4814/1/8085
f 4813/1/8086 4814/1/8086 4815/1/8086
f 4752/1/8087 4751/1/8087 4753/1/8087
f 4753/1/8088 4751/1/8088 4816/1/8088
f 4753/1/8089 4816/1/8089 4817/1/8089
f 4817/1/8090 4816/1/8090 4730/1/8090
f 4817/1/8091 4730/1/8091 4818/1/8091
f 4818/1/8092 4730/1/8092 4728/1/8092
f 4818/1/8093 4728/1/8093 4819/1/8093
f 4750/1/8094 4749/1/8094 4751/1/8094
f 4751/1/8095 4749/1/8095 4820/1/8095
f 4751/1/8096 4820/1/8096 4816/1/8096
f 4816/1/8097 4820/1/8097 4821/1/8097
f 4816/1/8098 4821/1/8098 4730/1/8098
f 4239/1/8099 4237/1/8099 4822/1/8099
f 4822/1/8100 4237/1/8100 4823/1/8100
f 4822/1/8101 4823/1/8101 4824/1/8101
f 4824/1/8102 4823/1/8102 4825/1/8102
f 4824/1/8103 4825/1/8103 4826/1/8103
f 4826/1/8104 4825/1/8104 4827/1/8104
f 4826/1/8105 4827/1/8105 4815/1/8105
f 4815/1/8106 4827/1/8106 4828/1/8106
f 4815/1/8107 4828/1/8107 4813/1/8107
f 4813/1/8108 4828/1/8108 4829/1/8108
f 4813/1/8109 4829/1/8109 4811/1/8109
f 4811/1/8110 4829/1/8110 4830/1/8110
f 4811/1/8111 4830/1/8111 4809/1/8111
f 4809/1/8112 4830/1/8112 4831/1/8112
f 4237/1/8113 4277/1/8113 4823/1/8113
f 4823/1/8114 4277/1/8114 4832/1/8114
f 4823/1/8115 4832/1/8115 4825/1/8115
f 4825/1/8116 4832/1/8116 4833/1/8116
f 4825/1/8117 4833/1/8117 4827/1/8117
f 4827/1/8118 4833/1/8118 4834/1/8118
f 4827/1/8119 4834/1/8119 4828/1/8119
f 4828/1/8120 4834/1/8120 4835/1/8120
f 4828/1/8121 4835/1/8121 4829/1/8121
f 4829/1/8122 4835/1/8122 4836/1/8122
f 4829/1/8123 4836/1/8123 4830/1/8123
f 4830/1/8124 4836/1/8124 4808/1/8124
f 4830/1/8125 4808/1/8125 4831/1/8125
f 4831/1/8126 4808/1/8126 4807/1/8126
f 4748/1/8127 4837/1/8127 4838/1/8127
f 4838/1/8128 4837/1/8128 4839/1/8128
f 4838/1/8129 4839/1/8129 4840/1/8129
f 4840/1/8130 4839/1/8130 4841/1/8130
f 4840/1/8131 4841/1/8131 4842/1/8131
f 4842/1/8132 4841/1/8132 4843/1/8132
f 4842/1/8133 4843/1/8133 4844/1/8133
f 4844/1/8134 4843/1/8134 4845/1/8134
f 4844/1/8135 4845/1/8135 4846/1/8135
f 4846/1/8136 4845/1/8136 4847/1/8136
f 4846/1/8137 4847/1/8137 4848/1/8137
f 4848/1/8138 4847/1/8138 4849/1/8138
f 4848/1/8139 4849/1/8139 4850/1/8139
f 4850/1548/8140 4849/1549/8140 4851/1550/8140
f 4850/1548/8141 4851/1550/8141 4852/1551/8141
f 4852/1551/8142 4851/1550/8142 4853/1552/8142
f 4852/1551/8143 4853/1552/8143 4854/1553/8143
f 4854/1553/8144 4853/1552/8144 4855/1554/8144
f 4854/1553/8145 4855/1554/8145 4856/1555/8145
f 4856/1555/8146 4855/1554/8146 4110/1197/8146
f 4856/1555/8147 4110/1197/8147 4117/1279/8147
f 4244/1/8148 4243/1/8148 4747/1/8148
f 4747/1/8149 4243/1/8149 4740/1/8149
f 4747/1/8150 4740/1/8150 4857/1/8150
f 4857/1/8151 4740/1/8151 4793/1/8151
f 4857/1/8152 4793/1/8152 4858/1/8152
f 4858/1/8153 4793/1/8153 4794/1/8153
f 4858/1/8154 4794/1/8154 4859/1/8154
f 4859/1/8155 4794/1/8155 4795/1/8155
f 4859/1/8156 4795/1/8156 4860/1/8156
f 4860/1556/8157 4795/1534/8157 4796/1536/8157
f 4860/1/8158 4796/1/8158 4861/1/8158
f 4861/1557/8159 4796/1536/8159 4797/1538/8159
f 4861/1557/8160 4797/1538/8160 4862/1558/8160
f 4862/1558/8161 4797/1538/8161 4798/1539/8161
f 4862/1558/8162 4798/1539/8162 4743/1529/8162
f 4743/1529/8163 4798/1539/8163 4108/1195/8163
f 4743/1529/8164 4108/1195/8164 4107/1194/8164
f 4748/1/8165 4275/1/8165 4837/1/8165
f 4837/1/8166 4275/1/8166 4747/1/8166
f 4837/1/8167 4747/1/8167 4839/1/8167
f 4839/1/8168 4747/1/8168 4857/1/8168
f 4839/1/8169 4857/1/8169 4841/1/8169
f 4841/1/8170 4857/1/8170 4858/1/8170
f 4841/1/8171 4858/1/8171 4843/1/8171
f 4843/1/8172 4858/1/8172 4859/1/8172
f 4843/1/8173 4859/1/8173 4845/1/8173
f 4845/1/8174 4859/1/8174 4860/1/8174
f 4845/1/8175 4860/1/8175 4847/1/8175
f 4847/1/8176 4860/1/8176 4861/1/8176
f 4847/1/8177 4861/1/8177 4849/1/8177
f 4849/1559/8178 4861/1557/8178 4862/1558/8178
f 4849/1559/8179 4862/1558/8179 4851/1560/8179
f 4851/1560/8180 4862/1558/8180 4743/1529/8180
f 4851/1560/8181 4743/1529/8181 4853/1561/8181
f 4853/1561/8182 4743/1529/8182 4215/1409/8182
f 4853/1561/8183 4215/1409/8183 4855/1562/8183
f 4855/1562/8184 4215/1409/8184 4112/1481/8184
f 4855/1554/8185 4112/1199/8185 4110/1197/8185
f 4277/1/8186 4276/1/8186 4832/1/8186
f 4832/1/8187 4276/1/8187 4748/1/8187
f 4832/1/8188 4748/1/8188 4833/1/8188
f 4833/1/8189 4748/1/8189 4838/1/8189
f 4833/1/8190 4838/1/8190 4834/1/8190
f 4834/1/8191 4838/1/8191 4840/1/8191
f 4834/1/8192 4840/1/8192 4835/1/8192
f 4835/1/8193 4840/1/8193 4842/1/8193
f 4835/1/8194 4842/1/8194 4836/1/8194
f 4836/1/8195 4842/1/8195 4844/1/8195
f 4836/1/8196 4844/1/8196 4808/1/8196
f 4808/1/8197 4844/1/8197 4846/1/8197
f 4808/1/8198 4846/1/8198 4806/1/8198
f 4806/1/8199 4846/1/8199 4848/1/8199
f 4806/1/8200 4848/1/8200 4804/1/8200
f 4804/1/8201 4848/1/8201 4850/1/8201
f 4804/1/8202 4850/1/8202 4802/1/8202
f 4802/1546/8203 4850/1548/8203 4852/1551/8203
f 4802/1546/8204 4852/1551/8204 4801/1544/8204
f 4801/1544/8205 4852/1551/8205 4854/1553/8205
f 4801/1544/8206 4854/1553/8206 4800/1542/8206
f 4800/1542/8207 4854/1553/8207 4856/1555/8207
f 4800/1542/8208 4856/1555/8208 4799/1540/8208
f 4799/1540/8209 4856/1555/8209 4117/1279/8209
f 4799/1540/8210 4117/1279/8210 4790/1541/8210
f 4790/1541/8211 4117/1279/8211 4115/1563/8211
f 4790/1531/8212 4115/1564/8212 4732/1517/8212
f 4732/1517/8213 4115/1564/8213 1793/1565/8213
f 4732/1517/8214 1793/1565/8214 4733/1518/8214
f 4733/1518/8215 1793/1565/8215 4684/1566/8215
f 4767/1/8216 4766/1/8216 4768/1/8216
f 4768/1/8217 4766/1/8217 4763/1/8217
f 4768/1/8218 4763/1/8218 4760/1/8218
f 4760/1/8219 4763/1/8219 4765/1/8219
f 4760/1/8220 4765/1/8220 4761/1/8220
f 4755/1/8221 4757/1/8221 4758/1/8221
f 4758/1/8222 4757/1/8222 4863/1/8222
f 4758/1/8223 4863/1/8223 4864/1/8223
f 4864/1/8224 4863/1/8224 4865/1/8224
f 4864/1/8225 4865/1/8225 4866/1/8225
f 4699/1/8226 4867/1/8226 4778/1/8226
f 4778/1/8227 4867/1/8227 4868/1/8227
f 4778/1/8228 4868/1/8228 4780/1/8228
f 4780/1/8229 4868/1/8229 4869/1/8229
f 4780/1/8230 4869/1/8230 4870/1/8230
f 4870/1/8231 4869/1/8231 4871/1/8231
f 4870/1/8232 4871/1/8232 4872/1/8232
f 4872/1/8233 4871/1/8233 4771/1/8233
f 4872/1/8234 4771/1/8234 4873/1/8234
f 4873/1/8235 4771/1/8235 4770/1/8235
f 4873/1/8236 4770/1/8236 4866/1/8236
f 4866/1/8237 4770/1/8237 4768/1/8237
f 4866/1/8238 4768/1/8238 4864/1/8238
f 4864/1/8239 4768/1/8239 4760/1/8239
f 4864/1/8240 4760/1/8240 4758/1/8240
f 4758/1/8241 4760/1/8241 4762/1/8241
f 4758/1/8242 4762/1/8242 4759/1/8242
f 4865/1/8243 4874/1/8243 4866/1/8243
f 4866/1/8244 4874/1/8244 4875/1/8244
f 4866/1/8245 4875/1/8245 4873/1/8245
f 4873/1/8246 4875/1/8246 4876/1/8246
f 4873/1/8247 4876/1/8247 4872/1/8247
f 4872/1/8248 4876/1/8248 4877/1/8248
f 4872/1/8249 4877/1/8249 4870/1/8249
f 4870/1/8250 4877/1/8250 4878/1/8250
f 4870/1/8251 4878/1/8251 4780/1/8251
f 4780/1/8252 4878/1/8252 4879/1/8252
f 4780/1/8253 4879/1/8253 4779/1/8253
f 4779/1/8254 4879/1/8254 4741/1/8254
f 4779/1/8255 4741/1/8255 4777/1/8255
f 4777/1/8256 4741/1/8256 4697/1/8256
f 4777/1/8257 4697/1/8257 4698/1/8257
f 4694/1/8258 4695/1/8258 4742/1/8258
f 4742/1/8259 4695/1/8259 4880/1/8259
f 4742/1/8260 4880/1/8260 4881/1/8260
f 4881/1/8261 4880/1/8261 4882/1/8261
f 4881/1/8262 4882/1/8262 4883/1/8262
f 4883/1/8263 4882/1/8263 4884/1/8263
f 4883/1/8264 4884/1/8264 4885/1/8264
f 4885/1/8265 4884/1/8265 4886/1/8265
f 4885/1/8266 4886/1/8266 4887/1/8266
f 4887/1/8267 4886/1/8267 4888/1/8267
f 4887/1/8268 4888/1/8268 4889/1/8268
f 4890/1/8269 4891/1/8269 4892/1/8269
f 4892/1/8270 4891/1/8270 4893/1/8270
f 4892/1/8271 4893/1/8271 4787/1/8271
f 4787/1/8272 4893/1/8272 4894/1/8272
f 4787/1/8273 4894/1/8273 4737/1/8273
f 4737/1/8274 4894/1/8274 4895/1/8274
f 4737/1/8275 4895/1/8275 4738/1/8275
f 4738/1/8276 4895/1/8276 4896/1/8276
f 4738/1/8277 4896/1/8277 4783/1/8277
f 4783/1/8278 4896/1/8278 4736/1/8278
f 4783/1/8279 4736/1/8279 4784/1/8279
f 4784/1/8280 4736/1/8280 4735/1/8280
f 4784/1/8281 4735/1/8281 4786/1/8281
f 4786/1567/8282 4735/1522/8282 4689/1524/8282
f 4786/1/8283 4689/1/8283 4690/1/8283
f 4819/1/8284 4728/1/8284 4897/1/8284
f 4897/1/8285 4728/1/8285 4727/1/8285
f 4897/1/8286 4727/1/8286 4890/1/8286
f 4874/1/8287 4889/1/8287 4875/1/8287
f 4875/1/8288 4889/1/8288 4888/1/8288
f 4875/1/8289 4888/1/8289 4876/1/8289
f 4876/1/8290 4888/1/8290 4886/1/8290
f 4876/1/8291 4886/1/8291 4877/1/8291
f 4877/1/8292 4886/1/8292 4884/1/8292
f 4877/1/8293 4884/1/8293 4878/1/8293
f 4878/1/8294 4884/1/8294 4882/1/8294
f 4878/1/8295 4882/1/8295 4879/1/8295
f 4879/1/8296 4882/1/8296 4880/1/8296
f 4879/1/8297 4880/1/8297 4741/1/8297
f 4741/1/8298 4880/1/8298 4695/1/8298
f 4741/1/8299 4695/1/8299 4696/1/8299
f 4754/1/8300 4753/1/8300 4757/1/8300
f 4757/1/8301 4753/1/8301 4817/1/8301
f 4757/1/8302 4817/1/8302 4863/1/8302
f 4863/1/8303 4817/1/8303 4818/1/8303
f 4863/1/8304 4818/1/8304 4865/1/8304
f 4865/1/8305 4818/1/8305 4819/1/8305
f 4865/1/8306 4819/1/8306 4874/1/8306
f 4874/1/8307 4819/1/8307 4897/1/8307
f 4874/1/8308 4897/1/8308 4889/1/8308
f 4889/1/8309 4897/1/8309 4890/1/8309
f 4889/1/8310 4890/1/8310 4887/1/8310
f 4887/1/8311 4890/1/8311 4892/1/8311
f 4887/1/8312 4892/1/8312 4885/1/8312
f 4885/1/8313 4892/1/8313 4787/1/8313
f 4885/1/8314 4787/1/8314 4883/1/8314
f 4883/1/8315 4787/1/8315 4788/1/8315
f 4883/1/8316 4788/1/8316 4881/1/8316
f 4881/1/8317 4788/1/8317 4789/1/8317
f 4881/1/8318 4789/1/8318 4742/1/8318
f 4742/1/8319 4789/1/8319 4692/1/8319
f 4742/1/8320 4692/1/8320 4693/1/8320
f 4684/1566/8321 4685/1568/8321 4733/1518/8321
f 4733/1518/8322 4685/1568/8322 4734/1519/8322
f 4733/1518/8323 4734/1519/8323 4731/1516/8323
f 4731/1516/8324 4734/1519/8324 4736/1521/8324
f 4731/1516/8325 4736/1521/8325 4792/1533/8325
f 4792/1533/8326 4736/1521/8326 4896/1569/8326
f 4792/1533/8327 4896/1569/8327 4803/1570/8327
f 4803/1/8328 4896/1/8328 4895/1/8328
f 4803/1/8329 4895/1/8329 4805/1/8329
f 4805/1/8330 4895/1/8330 4894/1/8330
f 4805/1/8331 4894/1/8331 4807/1/8331
f 4807/1/8332 4894/1/8332 4893/1/8332
f 4807/1/8333 4893/1/8333 4831/1/8333
f 4831/1/8334 4893/1/8334 4891/1/8334
f 4831/1/8335 4891/1/8335 4809/1/8335
f 4809/1/8336 4891/1/8336 4890/1/8336
f 4809/1/8337 4890/1/8337 4810/1/8337
f 4810/1/8338 4890/1/8338 4727/1/8338
f 4810/1/8339 4727/1/8339 4812/1/8339
f 4812/1/8340 4727/1/8340 4729/1/8340
f 4812/1/8341 4729/1/8341 4814/1/8341
f 4814/1/8342 4729/1/8342 4730/1/8342
f 4814/1/8343 4730/1/8343 4815/1/8343
f 4815/1/8344 4730/1/8344 4821/1/8344
f 4815/1/8345 4821/1/8345 4826/1/8345
f 4826/1/8346 4821/1/8346 4820/1/8346
f 4826/1/8347 4820/1/8347 4824/1/8347
f 4824/1/8348 4820/1/8348 4749/1/8348
f 4824/1/8349 4749/1/8349 4822/1/8349
f 4822/1/8350 4749/1/8350 4256/1/8350
f 4822/1/8351 4256/1/8351 4239/1/8351
f 4700/1/8352 4701/1/8352 4898/1/8352
f 4700/1/8352 4898/1/8352 4899/1/8352
f 4899/1/8353 4898/1/8353 4900/1/8353
f 4899/1/8353 4900/1/8353 4901/1/8353
f 4902/1/8354 4903/1/8354 4904/1/8354
f 4904/1/8355 4905/1/8355 4902/1/8355
f 4902/1/8356 4905/1/8356 4906/1/8356
f 4902/1/8357 4906/1/8357 4900/1/8357
f 4900/1/8358 4906/1/8358 4907/1/8358
f 4900/1/8359 4907/1/8359 4901/1/8359
f 4908/1/504 4909/1/504 4910/1/504
f 4902/1/504 4900/1/504 4059/1/504
f 4059/1/504 4900/1/504 4898/1/504
f 4059/1/504 4898/1/504 4701/1/504
f 4707/1/504 4911/1/504 2106/1/504
f 2106/1/504 4911/1/504 4908/1/504
f 2106/1/504 4908/1/504 4059/1/504
f 4059/1/504 4908/1/504 4903/1/504
f 4059/1/504 4903/1/504 4902/1/504
f 4910/1/504 4912/1/504 4908/1/504
f 4908/1/504 4912/1/504 4913/1/504
f 4908/1/504 4913/1/504 4903/1/504
f 4903/1/504 4913/1/504 4714/1/504
f 4903/1/504 4714/1/504 4713/1/504
f 4914/1/504 4043/1/504 4915/1/504
f 4915/1/504 4043/1/504 4315/1/504
f 4916/1/504 4917/1/504 4918/1/504
f 4914/1/504 4919/1/504 4043/1/504
f 4043/1/504 4919/1/504 4917/1/504
f 4043/1/504 4917/1/504 4702/1/504
f 4702/1/504 4917/1/504 4916/1/504
f 4702/1/504 4916/1/504 4920/1/504
f 4918/1/504 4921/1/504 4916/1/504
f 4916/1/504 4921/1/504 4922/1/504
f 4916/1/504 4922/1/504 4923/1/504
f 4710/1/8360 4711/1/8360 4924/1/8360
f 4924/1/8361 4711/1/8361 4712/1/8361
f 4924/1/8362 4712/1/8362 4925/1/8362
f 4924/1/8363 4926/1/8363 4710/1/8363
f 4710/1/8364 4926/1/8364 4927/1/8364
f 4710/1/8365 4927/1/8365 4709/1/8365
f 4927/1/8366 4928/1/8366 4709/1/8366
f 4709/1/8367 4928/1/8367 4929/1/8367
f 4709/1/8368 4929/1/8368 4708/1/8368
f 4708/1/8369 4929/1/8369 4716/1/8369
f 4929/1/8370 4930/1/8370 4716/1/8370
f 4716/1/8371 4930/1/8371 4904/1/8371
f 4716/1/8372 4904/1/8372 4715/1/8372
f 4910/1/8373 4909/1/8373 4649/1/8373
f 4931/1/3679 4645/1/3679 4714/1/3679
f 4714/1/8374 4913/1/8374 4931/1/8374
f 4931/1/8375 4913/1/8375 4912/1/8375
f 4931/1/8376 4912/1/8376 4932/1/8376
f 4932/1/8377 4912/1/8377 4910/1/8377
f 4932/1/8378 4910/1/8378 4933/1/8378
f 4933/1/8379 4910/1/8379 4649/1/8379
f 4934/1/8380 4935/1/8380 4936/1/8380
f 4936/1/8381 4935/1/8381 4937/1/8381
f 4936/1/8382 4937/1/8382 4938/1/8382
f 4938/1/8383 4937/1/8383 4939/1/8383
f 4940/1/8384 4941/1/8384 4939/1/8384
f 4939/1/8385 4941/1/8385 4942/1/8385
f 4939/1/8386 4942/1/8386 4938/1/8386
f 4722/1/5179 4662/1/5179 4940/1/5179
f 4940/1/8387 4662/1/8387 4943/1/8387
f 4940/1/8388 4943/1/8388 4941/1/8388
f 4944/1/8389 4945/1/8389 4946/1/8389
f 4947/1/8390 4948/1/8390 4949/1/8390
f 4949/1/8391 4948/1/8391 4944/1/8391
f 4944/1/8392 4946/1/8392 4949/1/8392
f 4949/1/8393 4946/1/8393 4950/1/8393
f 4949/1/8393 4950/1/8393 4951/1/8393
f 4951/1/8394 4950/1/8394 4952/1/8394
f 4951/1/8394 4952/1/8394 4953/1/8394
f 4953/1/8395 4952/1/8395 4954/1/8395
f 4953/1/8396 4954/1/8396 4955/1/8396
f 4723/1/8397 4956/1/8397 4957/1/8397
f 4957/1/8398 4956/1/8398 4947/1/8398
f 4947/1/8399 4949/1/8399 4957/1/8399
f 4957/1/8400 4949/1/8400 4951/1/8400
f 4957/1/8401 4951/1/8401 4958/1/8401
f 4958/1/8402 4951/1/8402 4953/1/8402
f 4958/1/8403 4953/1/8403 4959/1/8403
f 4959/1/8404 4953/1/8404 4955/1/8404
f 4959/1/8404 4955/1/8404 4960/1/8404
f 4723/1/8397 4957/1/8397 4724/1/8397
f 4724/1/8405 4957/1/8405 4958/1/8405
f 4724/1/8405 4958/1/8405 4725/1/8405
f 4725/1/8406 4958/1/8406 4959/1/8406
f 4725/1/8407 4959/1/8407 4726/1/8407
f 4726/1/8408 4959/1/8408 4960/1/8408
f 4726/1/8408 4960/1/8408 4721/1/8408
f 4719/1/8409 4721/1/8409 4960/1/8409
f 4719/1/8409 4960/1/8409 4961/1/8409
f 4961/1/5536 4960/1/5536 4955/1/5536
f 4961/1/5536 4955/1/5536 4962/1/5536
f 4962/1/8410 4955/1/8410 4954/1/8410
f 4962/1/8410 4954/1/8410 4963/1/8410
f 4964/1/8411 4965/1/8411 4966/1/8411
f 4967/1/8412 4968/1/8412 4969/1/8412
f 4970/1/8413 4971/1/8413 4972/1/8413
f 4973/1/8414 4974/1/8414 4975/1/8414
f 4976/1/8415 4977/1/8415 4978/1/8415
f 4979/1/8416 4980/1/8416 4981/1/8416
f 4982/1/8417 4983/1/8417 4970/1/8417
f 4984/1/8418 4985/1/8418 4986/1/8418
f 4987/1/8419 4988/1/8419 4989/1/8419
f 4990/1/8420 4991/1/8420 4992/1/8420
f 4990/1/8421 4266/1/8421 4294/1/8421
f 4235/1/8422 4234/1/8422 4993/1/8422
f 4258/1/8423 4257/1/8423 4994/1/8423
f 4762/1/8424 4761/1/8424 4995/1/8424
f 4765/1/8425 4764/1/8425 4996/1/8425
f 4997/1/8426 4772/1/8426 4998/1/8426
f 4999/1/8427 4766/1/8427 5000/1/8427
f 5000/1/8428 4766/1/8428 4767/1/8428
f 5000/1/8429 4767/1/8429 4997/1/8429
f 4997/1/8430 4767/1/8430 4773/1/8430
f 4997/1/8431 4773/1/8431 4772/1/8431
f 4755/1/8432 5001/1/8432 4756/1/8432
f 4756/1/8433 5001/1/8433 5002/1/8433
f 4756/1/8434 5002/1/8434 4754/1/8434
f 4754/1/8435 5002/1/8435 5003/1/8435
f 4754/1/8436 5003/1/8436 4752/1/8436
f 4752/1/8437 5003/1/8437 4994/1/8437
f 4752/1/8438 4994/1/8438 4750/1/8438
f 4750/1/8439 4994/1/8439 4257/1/8439
f 4750/1/8440 4257/1/8440 4256/1/8440
f 4289/1/8441 4288/1/8441 5004/1/8441
f 4991/1/8442 4990/1/8442 5005/1/8442
f 5006/1/8443 5007/1/8443 5008/1/8443
f 5008/1/8444 5007/1/8444 5009/1/8444
f 4987/1/8445 4989/1/8445 5010/1/8445
f 5010/1/8446 4989/1/8446 5011/1/8446
f 5010/1/8447 5011/1/8447 5009/1/8447
f 5009/1/8448 5011/1/8448 5012/1/8448
f 5009/1/8449 5012/1/8449 5008/1/8449
f 5008/1/8450 5012/1/8450 5013/1/8450
f 5008/1/8451 5013/1/8451 5006/1/8451
f 5006/1/8452 5013/1/8452 5014/1/8452
f 5006/1/8453 5014/1/8453 5007/1/8453
f 5007/1/8454 5015/1/8454 5016/1/8454
f 5016/1/8455 5015/1/8455 5017/1/8455
f 5018/1/8456 5019/1/8456 5017/1/8456
f 5017/1/8457 5019/1/8457 2890/1/8457
f 5017/1/8458 2890/1/8458 5016/1/8458
f 5016/1/139 2890/1/139 5020/1/139
f 5016/1/8459 5020/1/8459 5021/1/8459
f 5021/1/8460 5020/1/8460 5022/1/8460
f 5023/1/627 5024/1/627 2890/1/627
f 2890/1/8461 5024/1/8461 5025/1/8461
f 2890/1/8462 5025/1/8462 5020/1/8462
f 5020/1/8463 5025/1/8463 5026/1/8463
f 5020/1/8464 5026/1/8464 5027/1/8464
f 5028/1/8465 5029/1/8465 5013/1/8465
f 5013/1/8466 5029/1/8466 5019/1/8466
f 5013/1/8467 5019/1/8467 5014/1/8467
f 5014/1/8468 5019/1/8468 5018/1/8468
f 5014/1/8469 5018/1/8469 5007/1/8469
f 5007/1/8470 5018/1/8470 5017/1/8470
f 5007/1/8471 5017/1/8471 5030/1/8471
f 5030/1/8472 5017/1/8472 5015/1/8472
f 5030/1/8473 5015/1/8473 5031/1/8473
f 5031/1/8454 5015/1/8454 5007/1/8454
f 5031/1/8474 5007/1/8474 5030/1/8474
f 5032/1/8475 5033/1/8475 5034/1/8475
f 5034/1/8476 5033/1/8476 4986/1/8476
f 5034/1/8477 4986/1/8477 5035/1/8477
f 5035/1/8478 4986/1/8478 4985/1/8478
f 5035/1/8479 4985/1/8479 5036/1/8479
f 5036/1/8480 4985/1/8480 4984/1/8480
f 5036/1/8481 4984/1/8481 5037/1/8481
f 4970/1/8482 4983/1/8482 5034/1/8482
f 5034/1/8483 4983/1/8483 5038/1/8483
f 5034/1/8484 5038/1/8484 5032/1/8484
f 5039/1/8485 5040/1/8485 5041/1/8485
f 5041/1/8486 5040/1/8486 5042/1/8486
f 5043/1/8487 5044/1/8487 5045/1/8487
f 5045/1/8488 5044/1/8488 5046/1/8488
f 5047/1/8489 5048/1/8489 5046/1/8489
f 5046/1/8490 5048/1/8490 5049/1/8490
f 5046/1/8491 5049/1/8491 5045/1/8491
f 4981/1/8492 5050/1/8492 5051/1/8492
f 5052/1/8493 5053/1/8493 5054/1/8493
f 5054/1/8494 5053/1/8494 5055/1/8494
f 5054/1/8495 5055/1/8495 5056/1/8495
f 5057/1/8496 5058/1/8496 5059/1/8496
f 5060/1/8497 4975/1/8497 5061/1/8497
f 5061/1/8498 4975/1/8498 5062/1/8498
f 5061/1/8499 5062/1/8499 5005/1/8499
f 5005/1/8500 5062/1/8500 4991/1/8500
f 4991/1/8501 5062/1/8501 5063/1/8501
f 4991/1/8502 5063/1/8502 4992/1/8502
f 4975/1/8503 4974/1/8503 5062/1/8503
f 5062/1/8504 4974/1/8504 5064/1/8504
f 5062/1/8505 5064/1/8505 5063/1/8505
f 5063/1/8506 5064/1/8506 5065/1/8506
f 5063/1/8507 5065/1/8507 4992/1/8507
f 5066/1/8508 5067/1/8508 5068/1/8508
f 5068/1/8509 5067/1/8509 5069/1/8509
f 5068/1/8510 5069/1/8510 5070/1/8510
f 4971/1/8511 4970/1/8511 5071/1/8511
f 5071/1/8512 4970/1/8512 5034/1/8512
f 5071/1/8513 5034/1/8513 5072/1/8513
f 5072/1/8514 5034/1/8514 5035/1/8514
f 5072/1/8515 5035/1/8515 5073/1/8515
f 5073/1/8516 5035/1/8516 5036/1/8516
f 5073/1/8517 5036/1/8517 5070/1/8517
f 5070/1/8518 5036/1/8518 5037/1/8518
f 5070/1/8519 5037/1/8519 5068/1/8519
f 5068/1/8520 5037/1/8520 5074/1/8520
f 5068/1/8521 5074/1/8521 5066/1/8521
f 5066/1/8522 5074/1/8522 5075/1/8522
f 5066/1/8523 5075/1/8523 5067/1/8523
f 5043/1/8524 5076/1/8524 5044/1/8524
f 5044/1/8525 5076/1/8525 5042/1/8525
f 5044/1/8526 5042/1/8526 4972/1/8526
f 4972/1/8527 5042/1/8527 5040/1/8527
f 4972/1/8528 5040/1/8528 4970/1/8528
f 4970/1/8529 5040/1/8529 5039/1/8529
f 4970/1/8530 5039/1/8530 4982/1/8530
f 5077/1/8531 5078/1/8531 5079/1/8531
f 5079/1/8532 5078/1/8532 5080/1/8532
f 5079/1/8533 5080/1/8533 5081/1/8533
f 4971/1/8534 5082/1/8534 4972/1/8534
f 4972/1/8535 5082/1/8535 5083/1/8535
f 4972/1/8536 5083/1/8536 5044/1/8536
f 5044/1/8537 5083/1/8537 5084/1/8537
f 5044/1/8538 5084/1/8538 5046/1/8538
f 5046/1/8539 5084/1/8539 5051/1/8539
f 5046/1/8540 5051/1/8540 5047/1/8540
f 5047/1/8541 5051/1/8541 5050/1/8541
f 5082/1/8542 5085/1/8542 5083/1/8542
f 5083/1/8543 5085/1/8543 5086/1/8543
f 5083/1/8544 5086/1/8544 5084/1/8544
f 5084/1/8545 5086/1/8545 5081/1/8545
f 5084/1/8546 5081/1/8546 5051/1/8546
f 5051/1/8547 5081/1/8547 5080/1/8547
f 5051/1/8548 5080/1/8548 4981/1/8548
f 4981/1/8549 5080/1/8549 5078/1/8549
f 4981/1/8550 5078/1/8550 4979/1/8550
f 5087/1/8551 5088/1/8551 5089/1/8551
f 5087/1/8552 5090/1/8552 5088/1/8552
f 5088/1/8553 5090/1/8553 5091/1/8553
f 5088/1/8554 5091/1/8554 5092/1/8554
f 5092/1/8555 5091/1/8555 5093/1/8555
f 5092/1/8556 5093/1/8556 5094/1/8556
f 5095/1/8557 4995/1/8557 4996/1/8557
f 4996/1/8558 4995/1/8558 4761/1/8558
f 4996/1/8559 4761/1/8559 4765/1/8559
f 4969/1/8560 4968/1/8560 5096/1/8560
f 5096/1/8561 4968/1/8561 5097/1/8561
f 5096/1/8562 5097/1/8562 5098/1/8562
f 5098/1/8563 5097/1/8563 5099/1/8563
f 5098/1/8564 5099/1/8564 5089/1/8564
f 5089/1/8565 5088/1/8565 5098/1/8565
f 5098/1/8566 5088/1/8566 5092/1/8566
f 5098/1/8567 5092/1/8567 5096/1/8567
f 5096/1/8568 5092/1/8568 5094/1/8568
f 5096/1/8569 5094/1/8569 4969/1/8569
f 4965/1/8570 4964/1/8570 5100/1/8570
f 5100/1/8571 4964/1/8571 5101/1/8571
f 5100/1/8572 5101/1/8572 5102/1/8572
f 5103/1/8573 4966/1/8573 5104/1/8573
f 5104/1/8574 4966/1/8574 4965/1/8574
f 5104/1/8575 4965/1/8575 5105/1/8575
f 5105/1/8576 4965/1/8576 5100/1/8576
f 5105/1/8577 5100/1/8577 5106/1/8577
f 5106/1/8578 5100/1/8578 5102/1/8578
f 5106/1/8579 5102/1/8579 5107/1/8579
f 4998/1/8580 5057/1/8580 4997/1/8580
f 4997/1/8581 5057/1/8581 5059/1/8581
f 4997/1/8582 5059/1/8582 5000/1/8582
f 5000/1/8583 5059/1/8583 5108/1/8583
f 5000/1/8584 5108/1/8584 4999/1/8584
f 4999/1/8585 5108/1/8585 5109/1/8585
f 5110/1/8586 5109/1/8586 5111/1/8586
f 5111/1/8587 5109/1/8587 5108/1/8587
f 5111/1/8588 5108/1/8588 5054/1/8588
f 5054/1/8589 5108/1/8589 5059/1/8589
f 5054/1/8590 5059/1/8590 5052/1/8590
f 5052/1/8591 5059/1/8591 5058/1/8591
f 5056/1/8592 5077/1/8592 5054/1/8592
f 5054/1/8593 5077/1/8593 5079/1/8593
f 5054/1/8594 5079/1/8594 5111/1/8594
f 5111/1/8595 5079/1/8595 5081/1/8595
f 5111/1/8596 5081/1/8596 5110/1/8596
f 5110/1/8597 5081/1/8597 5086/1/8597
f 5110/1/8598 5086/1/8598 5112/1/8598
f 5112/1/8599 5086/1/8599 5085/1/8599
f 5112/1/8600 5085/1/8600 5113/1/8600
f 5113/1/8601 5085/1/8601 5082/1/8601
f 5113/1/8602 5082/1/8602 5114/1/8602
f 5114/1/8603 5082/1/8603 4971/1/8603
f 5114/1/8604 4971/1/8604 5115/1/8604
f 5115/1/8605 4971/1/8605 5071/1/8605
f 5115/1/8606 5071/1/8606 5116/1/8606
f 5116/1/8607 5071/1/8607 5072/1/8607
f 5116/1/8608 5072/1/8608 5117/1/8608
f 5117/1/8609 5072/1/8609 5073/1/8609
f 5117/1/8610 5073/1/8610 5118/1/8610
f 5118/1/8611 5073/1/8611 5070/1/8611
f 5118/1/8612 5070/1/8612 5119/1/8612
f 5119/1/8613 5070/1/8613 5069/1/8613
f 5119/1/8614 5069/1/8614 5012/1/8614
f 5012/1/8615 5069/1/8615 5067/1/8615
f 5012/1/8616 5067/1/8616 5013/1/8616
f 5013/1/8617 5067/1/8617 5075/1/8617
f 5013/1/8618 5075/1/8618 5028/1/8618
f 4764/1/8619 4766/1/8619 4996/1/8619
f 4996/1/8620 4766/1/8620 4999/1/8620
f 4996/1/8621 4999/1/8621 5095/1/8621
f 5095/1/8622 4999/1/8622 5109/1/8622
f 5095/1/8623 5109/1/8623 5103/1/8623
f 5103/1/8624 5109/1/8624 5110/1/8624
f 5103/1/8625 5110/1/8625 4966/1/8625
f 4966/1/8626 5110/1/8626 5112/1/8626
f 4966/1/8627 5112/1/8627 4964/1/8627
f 4964/1/8628 5112/1/8628 5113/1/8628
f 4964/1/8629 5113/1/8629 5101/1/8629
f 5101/1/8630 5113/1/8630 5114/1/8630
f 5101/1/8631 5114/1/8631 5102/1/8631
f 5102/1/8632 5114/1/8632 5115/1/8632
f 5102/1/8633 5115/1/8633 5107/1/8633
f 5107/1/8634 5115/1/8634 5116/1/8634
f 5107/1/8635 5116/1/8635 5120/1/8635
f 5120/1/8636 5116/1/8636 5117/1/8636
f 5120/1/8637 5117/1/8637 5121/1/8637
f 5121/1/8638 5117/1/8638 5118/1/8638
f 5121/1/8639 5118/1/8639 5122/1/8639
f 5122/1/8640 5118/1/8640 5119/1/8640
f 5122/1/8641 5119/1/8641 5123/1/8641
f 5123/1/8642 5119/1/8642 5012/1/8642
f 5123/1/8643 5012/1/8643 5124/1/8643
f 5124/1/8644 5012/1/8644 5011/1/8644
f 5124/1/8645 5011/1/8645 5125/1/8645
f 5125/1/8646 5011/1/8646 4989/1/8646
f 5125/1/8647 4989/1/8647 5126/1/8647
f 5126/1/8648 4989/1/8648 4988/1/8648
f 5126/1/8649 4988/1/8649 5127/1/8649
f 5127/1/8650 4988/1/8650 4987/1/8650
f 4759/1/8651 5128/1/8651 5129/1/8651
f 5129/1/8652 5128/1/8652 5130/1/8652
f 5129/1/8653 5130/1/8653 5131/1/8653
f 5131/1/8654 5130/1/8654 5132/1/8654
f 5131/1/8655 5132/1/8655 5133/1/8655
f 5133/1/8656 5132/1/8656 5134/1/8656
f 5133/1/8657 5134/1/8657 5135/1/8657
f 5135/1/8658 5134/1/8658 5136/1/8658
f 5135/1/8659 5136/1/8659 4993/1/8659
f 4993/1/8660 5136/1/8660 5137/1/8660
f 4993/1/8661 5137/1/8661 4235/1/8661
f 4235/1/8662 5137/1/8662 4272/1/8662
f 4234/1/8663 4258/1/8663 4993/1/8663
f 4993/1/8664 4258/1/8664 4994/1/8664
f 4993/1/8665 4994/1/8665 5135/1/8665
f 5135/1/8666 4994/1/8666 5003/1/8666
f 5135/1/8667 5003/1/8667 5133/1/8667
f 5133/1/8668 5003/1/8668 5002/1/8668
f 5133/1/8669 5002/1/8669 5131/1/8669
f 5131/1/8670 5002/1/8670 5001/1/8670
f 5131/1/8671 5001/1/8671 5129/1/8671
f 5129/1/8672 5001/1/8672 4755/1/8672
f 5129/1/8673 4755/1/8673 4759/1/8673
f 4288/1/8674 4268/1/8674 5004/1/8674
f 5004/1/8675 4268/1/8675 5138/1/8675
f 5004/1/8676 5138/1/8676 5139/1/8676
f 5139/1/8677 5138/1/8677 5140/1/8677
f 5139/1/8678 5140/1/8678 5141/1/8678
f 5141/1/8679 5140/1/8679 5142/1/8679
f 5141/1/8680 5142/1/8680 5143/1/8680
f 5143/1/8681 5142/1/8681 5144/1/8681
f 5143/1/8682 5144/1/8682 5145/1/8682
f 5145/1/8683 5144/1/8683 5146/1/8683
f 5145/1/8684 5146/1/8684 5147/1/8684
f 5005/1/8685 4976/1/8685 5061/1/8685
f 5061/1/8686 4976/1/8686 4978/1/8686
f 5061/1/8687 4978/1/8687 5060/1/8687
f 5060/1/8688 4978/1/8688 5148/1/8688
f 5060/1/8689 5148/1/8689 5149/1/8689
f 5149/1/8690 5148/1/8690 5150/1/8690
f 5149/1/8691 5150/1/8691 5151/1/8691
f 5151/1/8692 5150/1/8692 5152/1/8692
f 5151/1/8693 5152/1/8693 5153/1/8693
f 5153/1/8694 5152/1/8694 5154/1/8694
f 5153/1/8695 5154/1/8695 5155/1/8695
f 5155/1/8696 5154/1/8696 5156/1/8696
f 5155/1/8697 5156/1/8697 5157/1/8697
f 5157/1/8698 5156/1/8698 5158/1/8698
f 5157/1/8699 5158/1/8699 5159/1/8699
f 5160/1/8700 5161/1/8700 5162/1/8700
f 5162/1/8701 5161/1/8701 5163/1/8701
f 5162/1/8702 5163/1/8702 5164/1/8702
f 5164/1/8703 5163/1/8703 5165/1/8703
f 5164/1/8704 5165/1/8704 5166/1/8704
f 5166/1/8705 5165/1/8705 5167/1/8705
f 5166/1/8706 5167/1/8706 5168/1/8706
f 5168/1/8707 5167/1/8707 5169/1/8707
f 5168/1/8708 5169/1/8708 5170/1/8708
f 5170/1/8709 5169/1/8709 5171/1/8709
f 5170/1/8710 5171/1/8710 5172/1/8710
f 5172/1/8711 5171/1/8711 5173/1/8711
f 5172/1/8712 5173/1/8712 5174/1/8712
f 5174/1/8713 5173/1/8713 5175/1/8713
f 5174/1/8714 5175/1/8714 4973/1/8714
f 4973/1/8715 4975/1/8715 5174/1/8715
f 5174/1/8716 4975/1/8716 5060/1/8716
f 5174/1/8717 5060/1/8717 5172/1/8717
f 5172/1/8718 5060/1/8718 5149/1/8718
f 5172/1/8719 5149/1/8719 5170/1/8719
f 5170/1/8720 5149/1/8720 5151/1/8720
f 5170/1/8721 5151/1/8721 5168/1/8721
f 5168/1/8722 5151/1/8722 5153/1/8722
f 5168/1/8723 5153/1/8723 5166/1/8723
f 5166/1/8724 5153/1/8724 5155/1/8724
f 5166/1/8725 5155/1/8725 5164/1/8725
f 5164/1/8726 5155/1/8726 5157/1/8726
f 5164/1/8727 5157/1/8727 5162/1/8727
f 5162/1/8728 5157/1/8728 5159/1/8728
f 5162/1/8729 5159/1/8729 5160/1/8729
f 4990/1/8730 4294/1/8730 5005/1/8730
f 5005/1/8731 4294/1/8731 4293/1/8731
f 5005/1/8732 4293/1/8732 4976/1/8732
f 4976/1/8733 4293/1/8733 4292/1/8733
f 4976/1/8734 4292/1/8734 4977/1/8734
f 4977/1/8735 4292/1/8735 4289/1/8735
f 4977/1/8736 4289/1/8736 4978/1/8736
f 4978/1/8737 4289/1/8737 5004/1/8737
f 4978/1/8738 5004/1/8738 5148/1/8738
f 5148/1/8739 5004/1/8739 5139/1/8739
f 5148/1/8740 5139/1/8740 5150/1/8740
f 5150/1/8741 5139/1/8741 5141/1/8741
f 5150/1/8742 5141/1/8742 5152/1/8742
f 5152/1/8743 5141/1/8743 5143/1/8743
f 5152/1/8744 5143/1/8744 5154/1/8744
f 5154/1/8745 5143/1/8745 5145/1/8745
f 5154/1/8746 5145/1/8746 5156/1/8746
f 5156/1/8747 5145/1/8747 5147/1/8747
f 5156/1/8748 5147/1/8748 5158/1/8748
f 4268/1/8749 4270/1/8749 5138/1/8749
f 5138/1/8750 4270/1/8750 4271/1/8750
f 5138/1/8751 4271/1/8751 5140/1/8751
f 5140/1/8752 4271/1/8752 4255/1/8752
f 5140/1/8753 4255/1/8753 5142/1/8753
f 5142/1/8754 4255/1/8754 4274/1/8754
f 5142/1/8755 4274/1/8755 5144/1/8755
f 5144/1/8756 4274/1/8756 4273/1/8756
f 5144/1/8757 4273/1/8757 5146/1/8757
f 5146/1/8758 4273/1/8758 4272/1/8758
f 5146/1/8759 4272/1/8759 5147/1/8759
f 5147/1/8760 4272/1/8760 5137/1/8760
f 5147/1/8761 5137/1/8761 5158/1/8761
f 5158/1/8762 5137/1/8762 5136/1/8762
f 5158/1/8763 5136/1/8763 5159/1/8763
f 5159/1/8764 5136/1/8764 5134/1/8764
f 5159/1/8765 5134/1/8765 5160/1/8765
f 5160/1/8766 5134/1/8766 5132/1/8766
f 5160/1/8767 5132/1/8767 5176/1/8767
f 5176/1/8768 5132/1/8768 5130/1/8768
f 5176/1/8769 5130/1/8769 5177/1/8769
f 5177/1/8770 5130/1/8770 5128/1/8770
f 5177/1/8771 5128/1/8771 4995/1/8771
f 4995/1/8772 5128/1/8772 4759/1/8772
f 4995/1/8773 4759/1/8773 4762/1/8773
f 5107/1/8774 4967/1/8774 5106/1/8774
f 5106/1/8775 4967/1/8775 4969/1/8775
f 5106/1/8776 4969/1/8776 5105/1/8776
f 5105/1/8777 4969/1/8777 5094/1/8777
f 5105/1/8778 5094/1/8778 5104/1/8778
f 5104/1/8779 5094/1/8779 5093/1/8779
f 5104/1/8780 5093/1/8780 5103/1/8780
f 5103/1/8781 5093/1/8781 5091/1/8781
f 5103/1/8782 5091/1/8782 5095/1/8782
f 5095/1/8783 5091/1/8783 5090/1/8783
f 5095/1/8784 5090/1/8784 4995/1/8784
f 4995/1/8785 5090/1/8785 5087/1/8785
f 4995/1/8786 5087/1/8786 5177/1/8786
f 5177/1/8787 5087/1/8787 5089/1/8787
f 5177/1/8788 5089/1/8788 5176/1/8788
f 5176/1/8789 5089/1/8789 5099/1/8789
f 5176/1/8790 5099/1/8790 5160/1/8790
f 5160/1/8791 5099/1/8791 5097/1/8791
f 5160/1/8792 5097/1/8792 5161/1/8792
f 5161/1/8793 5097/1/8793 4968/1/8793
f 5161/1/8794 4968/1/8794 5163/1/8794
f 5163/1/8795 4968/1/8795 4967/1/8795
f 5163/1/8796 4967/1/8796 5165/1/8796
f 5165/1/8797 4967/1/8797 5107/1/8797
f 5165/1/8798 5107/1/8798 5167/1/8798
f 5167/1/8799 5107/1/8799 5120/1/8799
f 5167/1/8800 5120/1/8800 5169/1/8800
f 5169/1/8801 5120/1/8801 5121/1/8801
f 5169/1/8802 5121/1/8802 5171/1/8802
f 5171/1/8803 5121/1/8803 5122/1/8803
f 5171/1/8804 5122/1/8804 5173/1/8804
f 5173/1/8805 5122/1/8805 5123/1/8805
f 5173/1/8806 5123/1/8806 5175/1/8806
f 5175/1/8807 5123/1/8807 5124/1/8807
f 5175/1/8808 5124/1/8808 4973/1/8808
f 4973/1/8809 5124/1/8809 5125/1/8809
f 4973/1/8810 5125/1/8810 4974/1/8810
f 4974/1/8811 5125/1/8811 5126/1/8811
f 4974/1/8812 5126/1/8812 5064/1/8812
f 5064/1/8813 5126/1/8813 5127/1/8813
f 5064/1/8814 5127/1/8814 5065/1/8814
f 4916/1/1580 4945/1/1580 5178/1/1580
f 5179/1/1580 4920/1/1580 5180/1/1580
f 5180/1/1580 4920/1/1580 4916/1/1580
f 5180/1/1580 4916/1/1580 5181/1/1580
f 5181/1/1580 4916/1/1580 5178/1/1580
f 4918/1/139 4917/1/139 4954/1/139
f 4954/1/139 4917/1/139 4963/1/139
f 4300/1/627 5182/1/627 4301/1/627
f 4301/1/627 5182/1/627 5183/1/627
f 4305/1/627 4304/1/627 5184/1/627
f 4306/1/627 5185/1/627 5186/1/627
f 5184/1/627 4304/1/627 5187/1/627
f 5187/1/627 4304/1/627 4303/1/627
f 5187/1/627 4303/1/627 5183/1/627
f 5183/1/627 4303/1/627 4302/1/627
f 5183/1/627 4302/1/627 4301/1/627
f 5184/1/627 5188/1/627 4305/1/627
f 4305/1/627 5188/1/627 5189/1/627
f 4305/1/627 5189/1/627 5190/1/627
f 4306/1/627 5186/1/627 4307/1/627
f 4307/1/627 5186/1/627 5191/1/627
f 4307/1/627 5191/1/627 4308/1/627
f 4308/1/627 5191/1/627 5192/1/627
f 4308/1/627 5192/1/627 4309/1/627
f 5185/1/627 4306/1/627 5193/1/627
f 5193/1/627 4306/1/627 4305/1/627
f 5193/1/627 4305/1/627 5194/1/627
f 5194/1/627 4305/1/627 5190/1/627
f 5194/1/627 5190/1/627 5195/1/627
f 5192/1/627 5196/1/627 4309/1/627
f 4309/1/627 5196/1/627 5197/1/627
f 4309/1/627 5197/1/627 5198/1/627
f 5199/1/627 4314/1/627 5200/1/627
f 5200/1/627 4314/1/627 4313/1/627
f 5200/1/627 4313/1/627 5201/1/627
f 5201/1/627 4313/1/627 4312/1/627
f 5201/1/627 4312/1/627 5202/1/627
f 5202/1/627 4312/1/627 4311/1/627
f 5202/1/627 4311/1/627 5203/1/627
f 5203/1/627 4311/1/627 4310/1/627
f 5203/1/627 4310/1/627 5204/1/627
f 5204/1/627 4310/1/627 4309/1/627
f 5204/1/627 4309/1/627 5205/1/627
f 5205/1/627 4309/1/627 5198/1/627
f 5205/1/627 5198/1/627 5206/1/627
f 3604/1/1580 5207/1/1580 5208/1/1580
f 4300/1/1580 3879/1/1580 5182/1/1580
f 5182/1/1580 3879/1/1580 3605/1/1580
f 5182/1/1580 3605/1/1580 5209/1/1580
f 5209/1/1580 3605/1/1580 3604/1/1580
f 5209/1/1580 3604/1/1580 5210/1/1580
f 5210/1/1580 3604/1/1580 5208/1/1580
f 3224/1/1580 2884/1/1580 2886/1/1580
f 3224/1/1580 5211/1/1580 5212/1/1580
f 3357/1/1580 3356/1/1580 5213/1/1580
f 5213/1/1580 3356/1/1580 3337/1/1580
f 5213/1/1580 3337/1/1580 5214/1/1580
f 5215/1/1580 5211/1/1580 5216/1/1580
f 5216/1/1580 5211/1/1580 3224/1/1580
f 5216/1/1580 3224/1/1580 5217/1/1580
f 5217/1/1580 3224/1/1580 2886/1/1580
f 5212/1/1580 5218/1/1580 3224/1/1580
f 3224/1/1580 5218/1/1580 5219/1/1580
f 3224/1/1580 5219/1/1580 3337/1/1580
f 3337/1/1580 5219/1/1580 5220/1/1580
f 3337/1/1580 5220/1/1580 5214/1/1580
f 3538/1/8815 4266/1/8815 4990/1/8815
f 3538/1/8816 4990/1/8816 2890/1/8816
f 4990/1/8817 5221/1/8817 5222/1/8817
f 5221/1/8818 5223/1/8818 5224/1/8818
f 2890/1/8819 4990/1/8819 5023/1/8819
f 5023/1/8820 4990/1/8820 5222/1/8820
f 5023/1/8821 5222/1/8821 5024/1/8821
f 5024/1/8822 5222/1/8822 5225/1/8822
f 5024/1/8823 5226/1/8823 5227/1/8823
f 5027/1/8824 5026/1/8824 5228/1/8824
f 5228/1/8824 5026/1/8824 5025/1/8824
f 5229/1/8825 5022/1/8825 5230/1/8825
f 5230/1/8826 5022/1/8826 5020/1/8826
f 5230/1/8827 5020/1/8827 5231/1/8827
f 5231/1/8828 5020/1/8828 5027/1/8828
f 5231/1/8829 5027/1/8829 5232/1/8829
f 5232/1/8830 5027/1/8830 5228/1/8830
f 5233/1/8831 5234/1/8831 5235/1/8831
f 5010/1/8832 5009/1/8832 5235/1/8832
f 5235/1/8833 5009/1/8833 5007/1/8833
f 5235/1/8834 5007/1/8834 5233/1/8834
f 5233/1/8835 5007/1/8835 5016/1/8835
f 5233/1/8836 5016/1/8836 5229/1/8836
f 5229/1/8837 5016/1/8837 5021/1/8837
f 5229/1/8837 5021/1/8837 5022/1/8837
f 5127/1/8838 4987/1/8838 5236/1/8838
f 5236/1/8839 4987/1/8839 5010/1/8839
f 5236/1/8840 5010/1/8840 5237/1/8840
f 5237/1/8841 5010/1/8841 5235/1/8841
f 4992/1/8842 5065/1/8842 5238/1/8842
f 5238/1/8843 5065/1/8843 5127/1/8843
f 5238/1/8844 5127/1/8844 5239/1/8844
f 5239/1/8845 5127/1/8845 5236/1/8845
f 5240/1/8846 5241/1/8846 5242/1/8846
f 5242/1/8847 5241/1/8847 5243/1/8847
f 5242/1/8848 5243/1/8848 5244/1/8848
f 5244/1/8849 5243/1/8849 5245/1/8849
f 5246/1/8850 5240/1/8850 5247/1/8850
f 5247/1/8851 5240/1/8851 5242/1/8851
f 5247/1/8852 5242/1/8852 5248/1/8852
f 5248/1/8853 5242/1/8853 5244/1/8853
f 5248/1/8854 5244/1/8854 5221/1/8854
f 5221/1/8855 5244/1/8855 5245/1/8855
f 5221/1/8856 5245/1/8856 5249/1/8856
f 5234/1/8857 5250/1/8857 5235/1/8857
f 5235/1/8858 5250/1/8858 5251/1/8858
f 5235/1/8859 5251/1/8859 5237/1/8859
f 5237/1/8860 5251/1/8860 5252/1/8860
f 5237/1/8861 5252/1/8861 5236/1/8861
f 5236/1/8862 5252/1/8862 5253/1/8862
f 5236/1/8863 5253/1/8863 5239/1/8863
f 5239/1/8864 5253/1/8864 5254/1/8864
f 5239/1/8865 5254/1/8865 5238/1/8865
f 5238/1/8866 5254/1/8866 5255/1/8866
f 5238/1/8867 5255/1/8867 4992/1/8867
f 4992/1/8868 5255/1/8868 5256/1/8868
f 4992/1/8869 5256/1/8869 4990/1/8869
f 4990/1/8870 5256/1/8870 5257/1/8870
f 4990/1/8871 5257/1/8871 5221/1/8871
f 5222/1/8872 5221/1/8872 5225/1/8872
f 5225/1/8873 5221/1/8873 5224/1/8873
f 5225/1/8874 5224/1/8874 5024/1/8874
f 5024/1/8875 5224/1/8875 5223/1/8875
f 5024/1/8876 5223/1/8876 5226/1/8876
f 5226/1/8877 5223/1/8877 5221/1/8877
f 5226/1/8878 5221/1/8878 5227/1/8878
f 5227/1/8879 5221/1/8879 5249/1/8879
f 5227/1/8880 5249/1/8880 5024/1/8880
f 5024/1/8881 5249/1/8881 5245/1/8881
f 5024/1/8882 5245/1/8882 5025/1/8882
f 5025/1/8883 5245/1/8883 5243/1/8883
f 5025/1/8884 5243/1/8884 5228/1/8884
f 5228/1/8885 5243/1/8885 5241/1/8885
f 5228/1/8886 5241/1/8886 5232/1/8886
f 5258/1/139 5259/1/139 5260/1/139
f 5260/1/139 5259/1/139 4935/1/139
f 5260/1/139 4935/1/139 4934/1/139
f 4662/1/8887 5261/1/8887 4943/1/8887
f 4943/1/8888 5261/1/8888 5262/1/8888
f 4943/1/8889 5262/1/8889 4941/1/8889
f 4962/1/8396 4963/1/8396 5263/1/8396
f 5263/1/8396 4963/1/8396 5264/1/8396
f 5263/1/8890 5264/1/8890 5265/1/8890
f 5265/1/8891 5264/1/8891 5266/1/8891
f 5265/1/8892 5266/1/8892 5267/1/8892
f 5267/1/8893 5268/1/8893 5265/1/8893
f 5265/1/8893 5268/1/8893 5269/1/8893
f 5265/1/8894 5269/1/8894 5263/1/8894
f 5263/1/8894 5269/1/8894 5270/1/8894
f 5263/1/8895 5270/1/8895 4962/1/8895
f 4962/1/8895 5270/1/8895 4961/1/8895
f 4719/1/8896 4961/1/8896 5271/1/8896
f 5271/1/8896 4961/1/8896 5270/1/8896
f 5271/1/8897 5270/1/8897 5272/1/8897
f 5272/1/8897 5270/1/8897 5269/1/8897
f 5272/1/8898 5269/1/8898 5273/1/8898
f 5273/1/8899 5269/1/8899 5268/1/8899
f 5273/1/8900 5268/1/8900 1770/1/8900
f 5267/1/8901 1770/1/8901 5268/1/8901
f 5266/1/8902 5274/1/8902 5267/1/8902
f 5267/1/8903 5274/1/8903 1770/1/8903
f 4935/1/8904 5259/1/8904 5275/1/8904
f 5275/1/8905 5259/1/8905 5276/1/8905
f 5275/1/8906 5276/1/8906 5277/1/8906
f 5276/1/8907 5278/1/8907 5277/1/8907
f 5277/1/8908 5278/1/8908 5279/1/8908
f 5277/1/8909 5279/1/8909 5280/1/8909
f 5181/1/8910 5178/1/8910 5281/1/8910
f 5281/1/8911 5178/1/8911 5280/1/8911
f 5281/1/8912 5280/1/8912 5282/1/8912
f 5282/1/8913 5280/1/8913 5279/1/8913
f 5278/1/8914 5276/1/8914 5283/1/8914
f 5179/1/8915 5180/1/8915 5284/1/8915
f 5179/1/8916 5284/1/8916 5285/1/8916
f 5285/1/8917 5284/1/8917 5286/1/8917
f 5285/1/8918 5286/1/8918 5287/1/8918
f 5288/1/8919 5289/1/8919 5283/1/8919
f 5288/1/8920 5283/1/8920 5290/1/8920
f 5290/1/8921 5283/1/8921 5276/1/8921
f 5290/1/8922 5276/1/8922 5259/1/8922
f 5279/1/8923 5278/1/8923 5286/1/8923
f 5286/1/8924 5278/1/8924 5283/1/8924
f 5286/1/8925 5283/1/8925 5287/1/8925
f 5287/1/8926 5283/1/8926 5289/1/8926
f 5287/1/8927 5289/1/8927 5291/1/8927
f 5291/1/8928 5289/1/8928 5288/1/8928
f 5291/1/8929 5288/1/8929 5292/1/8929
f 5279/1/8930 5286/1/8930 5282/1/8930
f 5282/1/8931 5286/1/8931 5284/1/8931
f 5282/1/8932 5284/1/8932 5281/1/8932
f 5281/1/8933 5284/1/8933 5180/1/8933
f 5281/1/8934 5180/1/8934 5181/1/8934
f 5183/1/588 5182/1/588 5293/1/588
f 5293/1/588 5182/1/588 5209/1/588
f 5209/1/588 5294/1/588 5293/1/588
f 5293/1/588 5294/1/588 5295/1/588
f 5293/1/588 5295/1/588 5296/1/588
f 5295/1/588 5297/1/588 5296/1/588
f 5296/1/588 5297/1/588 5298/1/588
f 5296/1/588 5298/1/588 5299/1/588
f 5299/1/588 5298/1/588 5300/1/588
f 5299/1/588 5300/1/588 5301/1/588
f 5301/1/588 5300/1/588 5302/1/588
f 5303/1/588 5304/1/588 5302/1/588
f 5302/1/588 5304/1/588 5305/1/588
f 5302/1/588 5305/1/588 5301/1/588
f 5183/1/8935 5293/1/8935 5306/1/8935
f 5306/1/8936 5307/1/8936 5183/1/8936
f 5183/1/8937 5307/1/8937 5308/1/8937
f 5183/1/8938 5308/1/8938 5187/1/8938
f 5308/1/8939 5309/1/8939 5187/1/8939
f 5187/1/8940 5309/1/8940 5310/1/8940
f 5187/1/8941 5310/1/8941 5311/1/8941
f 5312/1/8942 5189/1/8942 5313/1/8942
f 5313/1/8942 5189/1/8942 5188/1/8942
f 5313/1/8943 5188/1/8943 5314/1/8943
f 5314/1/8943 5188/1/8943 5184/1/8943
f 5314/1/8944 5184/1/8944 5315/1/8944
f 5315/1/8944 5184/1/8944 5187/1/8944
f 5315/1/8945 5187/1/8945 5316/1/8945
f 5316/1/8946 5187/1/8946 5311/1/8946
f 5190/1/8947 5189/1/8947 5312/1/8947
f 5312/1/8947 5317/1/8947 5190/1/8947
f 5190/1/8948 5317/1/8948 5318/1/8948
f 5190/1/8948 5318/1/8948 5195/1/8948
f 5195/1/8949 5318/1/8949 5319/1/8949
f 5195/1/8949 5319/1/8949 5194/1/8949
f 5320/1/1580 5191/1/1580 5321/1/1580
f 5321/1/1580 5191/1/1580 5186/1/1580
f 5322/1/5252 5323/1/5252 5324/1/5252
f 5324/1/5252 5220/1/5252 5219/1/5252
f 5325/1/5252 5326/1/5252 5324/1/5252
f 5219/1/5252 5327/1/5252 5324/1/5252
f 5324/1/5252 5327/1/5252 5328/1/5252
f 5324/1/5252 5328/1/5252 5329/1/5252
f 5326/1/5252 5330/1/5252 5324/1/5252
f 5324/1/5252 5330/1/5252 5331/1/5252
f 5324/1/5252 5331/1/5252 5322/1/5252
f 5329/1/5252 5332/1/5252 5324/1/5252
f 5324/1/5252 5332/1/5252 5333/1/5252
f 5324/1/5252 5333/1/5252 5325/1/5252
f 5334/1/8950 5216/1/8950 5335/1/8950
f 5335/1/8951 5216/1/8951 5217/1/8951
f 5336/1/8952 5327/1/8952 5219/1/8952
f 5219/1/8953 5218/1/8953 5336/1/8953
f 5336/1/8954 5218/1/8954 5212/1/8954
f 5336/1/8955 5212/1/8955 5337/1/8955
f 5211/1/8956 5338/1/8956 5212/1/8956
f 5212/1/8957 5338/1/8957 5339/1/8957
f 5212/1/8958 5339/1/8958 5337/1/8958
f 5334/1/8959 5340/1/8959 5216/1/8959
f 5216/1/8960 5340/1/8960 5341/1/8960
f 5216/1/8961 5341/1/8961 5215/1/8961
f 5215/1/8962 5341/1/8962 5342/1/8962
f 5215/1/8963 5342/1/8963 5211/1/8963
f 5211/1/8964 5342/1/8964 5343/1/8964
f 5211/1/8965 5343/1/8965 5338/1/8965
f 5344/1/8966 5345/1/8966 5210/1/8966
f 5210/1/8967 5345/1/8967 5294/1/8967
f 5210/1/8967 5294/1/8967 5209/1/8967
f 5344/1/8968 5210/1/8968 5346/1/8968
f 5346/1/8969 5210/1/8969 5208/1/8969
f 5346/1/8970 5208/1/8970 5347/1/8970
f 5347/1/8971 5208/1/8971 5207/1/8971
f 5347/1/8972 5207/1/8972 5348/1/8972
f 5348/1/8973 5207/1/8973 3604/1/8973
f 5348/1/8973 3604/1/8973 5349/1/8973
f 5350/1/139 5349/1/139 3847/1/139
f 3847/1/139 5349/1/139 3604/1/139
f 5351/1/8974 5213/1/8974 5214/1/8974
f 5351/1/8974 5214/1/8974 5352/1/8974
f 5352/1/8975 5214/1/8975 5220/1/8975
f 5352/1/8975 5220/1/8975 5324/1/8975
f 5348/1/8976 5349/1/8976 5353/1/8976
f 5346/1/8977 5347/1/8977 5354/1/8977
f 5354/1/8978 5347/1/8978 5348/1/8978
f 5348/1/8979 5353/1/8979 5354/1/8979
f 5354/1/8980 5353/1/8980 5355/1/8980
f 5354/1/8980 5355/1/8980 5356/1/8980
f 5356/1/8981 5355/1/8981 5357/1/8981
f 5356/1/8982 5357/1/8982 5358/1/8982
f 5358/1/8983 5357/1/8983 5359/1/8983
f 5358/1/8983 5359/1/8983 5360/1/8983
f 5345/1/8984 5344/1/8984 5361/1/8984
f 5361/1/8985 5344/1/8985 5346/1/8985
f 5346/1/8986 5354/1/8986 5361/1/8986
f 5361/1/8987 5354/1/8987 5356/1/8987
f 5361/1/8988 5356/1/8988 5362/1/8988
f 5362/1/8989 5356/1/8989 5358/1/8989
f 5362/1/8990 5358/1/8990 5363/1/8990
f 5363/1/8991 5358/1/8991 5360/1/8991
f 5363/1/8991 5360/1/8991 5364/1/8991
f 5295/1/8992 5294/1/8992 5345/1/8992
f 5345/1/8993 5361/1/8993 5295/1/8993
f 5295/1/8994 5361/1/8994 5362/1/8994
f 5295/1/8994 5362/1/8994 5297/1/8994
f 5297/1/8995 5362/1/8995 5363/1/8995
f 5297/1/8995 5363/1/8995 5298/1/8995
f 5298/1/8996 5363/1/8996 5364/1/8996
f 5298/1/8996 5364/1/8996 5300/1/8996
f 5302/1/8997 5300/1/8997 5364/1/8997
f 5302/1/8997 5364/1/8997 5365/1/8997
f 5365/1/7311 5364/1/7311 5360/1/7311
f 5365/1/7311 5360/1/7311 5366/1/7311
f 5366/1/8998 5360/1/8998 5359/1/8998
f 5366/1/8998 5359/1/8998 5367/1/8998
f 5302/1/3161 5368/1/3161 5303/1/3161
f 5303/1/8999 5368/1/8999 5369/1/8999
f 5369/1/9000 5368/1/9000 5370/1/9000
f 5370/1/9001 5368/1/9001 5371/1/9001
f 5370/1/9002 5371/1/9002 5372/1/9002
f 5373/1/9003 5374/1/9003 5371/1/9003
f 5371/1/9004 5374/1/9004 5375/1/9004
f 5371/1/9005 5375/1/9005 5372/1/9005
f 5371/1/9006 5376/1/9006 5373/1/9006
f 5373/1/9007 5376/1/9007 5377/1/9007
f 5373/1/9008 5377/1/9008 5378/1/9008
f 5301/1/9009 5379/1/9009 5380/1/9009
f 5304/1/9010 5303/1/9010 5381/1/9010
f 5304/1/9011 5381/1/9011 5305/1/9011
f 5301/1/9012 5380/1/9012 5299/1/9012
f 5299/1/9013 5380/1/9013 5382/1/9013
f 5299/1/9014 5382/1/9014 5296/1/9014
f 5383/1/9015 5384/1/9015 5379/1/9015
f 5379/1/9016 5384/1/9016 5385/1/9016
f 5379/1/9017 5385/1/9017 5380/1/9017
f 5380/1/9018 5385/1/9018 5386/1/9018
f 5380/1/9019 5386/1/9019 5382/1/9019
f 5387/1/9020 5383/1/9020 5388/1/9020
f 5388/1/9021 5383/1/9021 5379/1/9021
f 5388/1/9022 5379/1/9022 5381/1/9022
f 5381/1/9023 5379/1/9023 5301/1/9023
f 5381/1/9024 5301/1/9024 5305/1/9024
f 5315/1/139 5316/1/139 5389/1/139
f 5315/1/139 5389/1/139 5314/1/139
f 5390/1/139 5319/1/139 5318/1/139
f 5391/1/139 5392/1/139 5393/1/139
f 5393/1/139 5392/1/139 5394/1/139
f 5393/1/139 5394/1/139 5395/1/139
f 5395/1/139 5394/1/139 5396/1/139
f 5395/1/139 5396/1/139 5397/1/139
f 5397/1/139 5396/1/139 5398/1/139
f 5398/1/139 5396/1/139 5399/1/139
f 5398/1/139 5399/1/139 5400/1/139
f 5320/1/139 5401/1/139 5402/1/139
f 5402/1/139 5401/1/139 5403/1/139
f 5402/1/139 5403/1/139 5404/1/139
f 5318/1/139 5317/1/139 5390/1/139
f 5390/1/139 5317/1/139 5312/1/139
f 5390/1/139 5312/1/139 5405/1/139
f 5405/1/139 5312/1/139 5313/1/139
f 5405/1/139 5313/1/139 5406/1/139
f 5389/1/139 5407/1/139 5314/1/139
f 5314/1/139 5407/1/139 5408/1/139
f 5314/1/139 5408/1/139 5313/1/139
f 5313/1/139 5408/1/139 5409/1/139
f 5313/1/139 5409/1/139 5406/1/139
f 5404/1/139 5403/1/139 5410/1/139
f 5410/1/139 5403/1/139 5411/1/139
f 5410/1/139 5411/1/139 5412/1/139
f 5319/1/139 5390/1/139 5413/1/139
f 5413/1/139 5390/1/139 5414/1/139
f 5413/1/139 5414/1/139 5415/1/139
f 5415/1/139 5414/1/139 5416/1/139
f 5415/1/139 5416/1/139 5321/1/139
f 5321/1/139 5416/1/139 5417/1/139
f 5321/1/139 5417/1/139 5320/1/139
f 5320/1/139 5417/1/139 5418/1/139
f 5320/1/139 5418/1/139 5401/1/139
f 5400/1/139 5399/1/139 5419/1/139
f 5419/1/139 5399/1/139 5420/1/139
f 5419/1/139 5420/1/139 5411/1/139
f 5411/1/139 5420/1/139 5421/1/139
f 5411/1/139 5421/1/139 5412/1/139
f 5422/1/139 5423/1/139 5377/1/139
f 5377/1/139 5423/1/139 5424/1/139
f 5377/1/139 5424/1/139 5378/1/139
f 5425/1/9025 5426/1/9025 5427/1/9025
f 5381/1/9026 5303/1/9026 5428/1/9026
f 5428/1/9027 5303/1/9027 5369/1/9027
f 5429/1/9028 5388/1/9028 5381/1/9028
f 5430/1/9029 5431/1/9029 5432/1/9029
f 5432/1/9030 5431/1/9030 5433/1/9030
f 5432/1/9031 5433/1/9031 5434/1/9031
f 5369/1/9032 5370/1/9032 5428/1/9032
f 5428/1/9033 5370/1/9033 5372/1/9033
f 5428/1/9034 5372/1/9034 5434/1/9034
f 5378/1/9035 5430/1/9035 5373/1/9035
f 5373/1/9036 5430/1/9036 5432/1/9036
f 5373/1/9037 5432/1/9037 5374/1/9037
f 5374/1/9038 5432/1/9038 5434/1/9038
f 5374/1/9039 5434/1/9039 5375/1/9039
f 5375/1/9040 5434/1/9040 5372/1/9040
f 5381/1/9041 5428/1/9041 5429/1/9041
f 5429/1/9042 5428/1/9042 5434/1/9042
f 5429/1/9043 5434/1/9043 5435/1/9043
f 5435/1/9044 5434/1/9044 5433/1/9044
f 5435/1/9045 5433/1/9045 5425/1/9045
f 5425/1/9046 5433/1/9046 5431/1/9046
f 5425/1/9047 5431/1/9047 5426/1/9047
f 5427/1/9048 5436/1/9048 5425/1/9048
f 5425/1/9049 5436/1/9049 5437/1/9049
f 5425/1/9050 5437/1/9050 5435/1/9050
f 5435/1/9051 5437/1/9051 5438/1/9051
f 5435/1/9052 5438/1/9052 5429/1/9052
f 5429/1/9053 5438/1/9053 5439/1/9053
f 5429/1/9054 5439/1/9054 5388/1/9054
f 5388/1/9055 5439/1/9055 5387/1/9055
f 5418/1/9056 5417/1/9056 5440/1/9056
f 5418/1/9057 5440/1/9057 5441/1/9057
f 5441/1/9058 5440/1/9058 5442/1/9058
f 5441/1/9059 5442/1/9059 5443/1/9059
f 5443/1/9060 5442/1/9060 5444/1/9060
f 5443/1/9061 5444/1/9061 5445/1/9061
f 5445/1/9062 5444/1/9062 5446/1/9062
f 5445/1/9063 5446/1/9063 5447/1/9063
f 5447/1/9064 5446/1/9064 5448/1/9064
f 5447/1/9065 5448/1/9065 4572/1/9065
f 5449/1/9066 5448/1/9066 5450/1/9066
f 5450/1/9067 5448/1/9067 5446/1/9067
f 5450/1/9068 5446/1/9068 5451/1/9068
f 5451/1/9069 5446/1/9069 5444/1/9069
f 5451/1/9070 5444/1/9070 5452/1/9070
f 5452/1/9071 5444/1/9071 5442/1/9071
f 5452/1/9072 5442/1/9072 5453/1/9072
f 5453/1/9073 5442/1/9073 5440/1/9073
f 5453/1/9074 5440/1/9074 5416/1/9074
f 5416/1/9075 5440/1/9075 5417/1/9075
f 5454/1/9076 5449/1/9076 5455/1/9076
f 5455/1/9077 5449/1/9077 5450/1/9077
f 5455/1/9078 5450/1/9078 5456/1/9078
f 5456/1/9079 5450/1/9079 5451/1/9079
f 5456/1/9080 5451/1/9080 5457/1/9080
f 5457/1/9081 5451/1/9081 5452/1/9081
f 5457/1/9082 5452/1/9082 5458/1/9082
f 5458/1/9083 5452/1/9083 5453/1/9083
f 5458/1/9084 5453/1/9084 5414/1/9084
f 5414/1/9085 5453/1/9085 5416/1/9085
f 5414/1/9086 5390/1/9086 5458/1/9086
f 5458/1/9087 5390/1/9087 5459/1/9087
f 5458/1/9088 5459/1/9088 5457/1/9088
f 5457/1/9089 5459/1/9089 5460/1/9089
f 5457/1/9090 5460/1/9090 5456/1/9090
f 5456/1/9091 5460/1/9091 5461/1/9091
f 5456/1/9092 5461/1/9092 5455/1/9092
f 5455/1/9093 5461/1/9093 5462/1/9093
f 5455/1/9094 5462/1/9094 5454/1/9094
f 5463/1/9095 5464/1/9095 5462/1/9095
f 5462/1/9096 5464/1/9096 5465/1/9096
f 5462/1/9097 5465/1/9097 5454/1/9097
f 5405/1/9098 5406/1/9098 5466/1/9098
f 5466/1/9099 5406/1/9099 5467/1/9099
f 5466/1/9100 5467/1/9100 5468/1/9100
f 5468/1/9101 5467/1/9101 5469/1/9101
f 5468/1/9102 5469/1/9102 5470/1/9102
f 5470/1/9103 5469/1/9103 5471/1/9103
f 5470/1/9104 5471/1/9104 5472/1/9104
f 5472/1/9105 5471/1/9105 5473/1/9105
f 5390/1/9106 5405/1/9106 5459/1/9106
f 5459/1/9107 5405/1/9107 5466/1/9107
f 5459/1/9108 5466/1/9108 5460/1/9108
f 5460/1/9109 5466/1/9109 5468/1/9109
f 5460/1/9110 5468/1/9110 5461/1/9110
f 5461/1/9111 5468/1/9111 5470/1/9111
f 5461/1/9112 5470/1/9112 5462/1/9112
f 5462/1/9113 5470/1/9113 5472/1/9113
f 5462/1/9114 5472/1/9114 5463/1/9114
f 5463/1/9115 5472/1/9115 5473/1/9115
f 5474/1/9116 5475/1/9116 5473/1/9116
f 5473/1/9117 5475/1/9117 5476/1/9117
f 5473/1/9118 5476/1/9118 5463/1/9118
f 5477/1/9119 5478/1/9119 5479/1/9119
f 5479/1/9120 5478/1/9120 5480/1/9120
f 5479/1/9121 5480/1/9121 5481/1/9121
f 5481/1/9122 5480/1/9122 5482/1/9122
f 5481/1/9123 5482/1/9123 5483/1/9123
f 5483/1/9124 5482/1/9124 5484/1/9124
f 5467/1/9125 5477/1/9125 5469/1/9125
f 5469/1/9126 5477/1/9126 5479/1/9126
f 5469/1/9127 5479/1/9127 5471/1/9127
f 5471/1/9128 5479/1/9128 5481/1/9128
f 5471/1/9129 5481/1/9129 5473/1/9129
f 5473/1/9130 5481/1/9130 5483/1/9130
f 5473/1/9131 5483/1/9131 5474/1/9131
f 5474/1/9132 5483/1/9132 5484/1/9132
f 5474/1/9133 5484/1/9133 5485/1/9133
f 5386/1/9134 5485/1/9134 5486/1/9134
f 5486/1/9135 5485/1/9135 5484/1/9135
f 5486/1/9136 5484/1/9136 5487/1/9136
f 5487/1/9137 5484/1/9137 5482/1/9137
f 5487/1/9138 5482/1/9138 5488/1/9138
f 5488/1/9139 5482/1/9139 5480/1/9139
f 5488/1/9140 5480/1/9140 5389/1/9140
f 5389/1/9141 5480/1/9141 5478/1/9141
f 5389/1/9142 5478/1/9142 5407/1/9142
f 5407/1/9143 5478/1/9143 5477/1/9143
f 5407/1/9144 5477/1/9144 5408/1/9144
f 5408/1/9145 5477/1/9145 5467/1/9145
f 5408/1/9146 5467/1/9146 5409/1/9146
f 5409/1/9147 5467/1/9147 5406/1/9147
f 5489/1/9148 5490/1/9148 5491/1/9148
f 5492/1/9149 5493/1/9149 5430/1/9149
f 5430/1/9150 5493/1/9150 5431/1/9150
f 5431/1/9151 5493/1/9151 5494/1/9151
f 5431/1/9152 5494/1/9152 5426/1/9152
f 5427/1/9153 5426/1/9153 5491/1/9153
f 5491/1/9154 5426/1/9154 5494/1/9154
f 5491/1/9155 5494/1/9155 5489/1/9155
f 5489/1/9156 5494/1/9156 5493/1/9156
f 5489/1/9157 5493/1/9157 5495/1/9157
f 5495/1/9158 5493/1/9158 5492/1/9158
f 5495/1/9159 5492/1/9159 5496/1/9159
f 5497/1/9160 5490/1/9160 5498/1/9160
f 5498/1/9161 5490/1/9161 5489/1/9161
f 5498/1/9162 5489/1/9162 5499/1/9162
f 5499/1/9163 5489/1/9163 5495/1/9163
f 5499/1/9164 5495/1/9164 5423/1/9164
f 5423/1/9165 5495/1/9165 5496/1/9165
f 5423/1/9166 5496/1/9166 5424/1/9166
f 5424/1/9167 5496/1/9167 5492/1/9167
f 5424/1/9168 5492/1/9168 5378/1/9168
f 5378/1/9169 5492/1/9169 5430/1/9169
f 5500/1/9170 5501/1/9170 5502/1/9170
f 5503/1/9171 5504/1/9171 5505/1/9171
f 5505/1/9172 5504/1/9172 5506/1/9172
f 5507/1/9173 5508/1/9173 5509/1/9173
f 5509/1/9174 5508/1/9174 5510/1/9174
f 5509/1/9175 5510/1/9175 5511/1/9175
f 5511/1/9176 5510/1/9176 5512/1/9176
f 5512/1/9177 5510/1/9177 5513/1/9177
f 5512/1/9178 5513/1/9178 5514/1/9178
f 5515/1/9179 5516/1/9179 5517/1/9179
f 5517/1/9180 5516/1/9180 5518/1/9180
f 5517/1/9181 5518/1/9181 5513/1/9181
f 5513/1/9182 5518/1/9182 5519/1/9182
f 5513/1/9183 5519/1/9183 5514/1/9183
f 5520/1/9184 5521/1/9184 5522/1/9184
f 5522/1/9185 5521/1/9185 5523/1/9185
f 5522/1/9186 5523/1/9186 5524/1/9186
f 5522/1/9187 5525/1/9187 5520/1/9187
f 5520/1/9188 5525/1/9188 5526/1/9188
f 5520/1/9189 5526/1/9189 5527/1/9189
f 5526/1/9190 5528/1/9190 5527/1/9190
f 5527/1/9191 5528/1/9191 5529/1/9191
f 5527/1/9192 5529/1/9192 5530/1/9192
f 5530/1/9193 5529/1/9193 5531/1/9193
f 5532/1/9194 5533/1/9194 5534/1/9194
f 5534/1/9195 5533/1/9195 5531/1/9195
f 5534/1/9196 5531/1/9196 5535/1/9196
f 5535/1/9197 5531/1/9197 5529/1/9197
f 5535/1/9198 5529/1/9198 5536/1/9198
f 5537/1/9199 5538/1/9199 5539/1/9199
f 5539/1/9200 5538/1/9200 5540/1/9200
f 5541/1/9201 5542/1/9201 5543/1/9201
f 5543/1/9202 5542/1/9202 5544/1/9202
f 5544/1/9203 5545/1/9203 5543/1/9203
f 5543/1/9201 5545/1/9201 5546/1/9201
f 5543/1/9204 5546/1/9204 5547/1/9204
f 5503/1/9205 5548/1/9205 5504/1/9205
f 5504/1/9206 5548/1/9206 5549/1/9206
f 5504/1/9207 5549/1/9207 5550/1/9207
f 5550/1/9208 5551/1/9208 5504/1/9208
f 5504/1/9209 5551/1/9209 5552/1/9209
f 5504/1/9210 5552/1/9210 5553/1/9210
f 5553/1/9211 5554/1/9211 5504/1/9211
f 5504/1/9212 5554/1/9212 5555/1/9212
f 5504/1/9213 5555/1/9213 5556/1/9213
f 5556/1/9214 5557/1/9214 5504/1/9214
f 5504/1/9215 5557/1/9215 5558/1/9215
f 5504/1/9216 5558/1/9216 5559/1/9216
f 5559/1/9217 5558/1/9217 5560/1/9217
f 5559/1/9217 5560/1/9217 5561/1/9217
f 5501/1/9218 5537/1/9218 5502/1/9218
f 5502/1/9219 5537/1/9219 5539/1/9219
f 5502/1/9220 5539/1/9220 5562/1/9220
f 5562/1/9221 5539/1/9221 5563/1/9221
f 5562/1571/9222 5563/1572/9222 5564/1573/9222
f 5563/1572/9223 5565/1574/9223 5564/1573/9223
f 5564/1573/9224 5565/1574/9224 5566/1575/9224
f 5564/1576/9225 5566/1577/9225 5567/1578/9225
f 5567/1578/9226 5566/1577/9226 5568/1579/9226
f 5567/1578/9227 5568/1579/9227 5569/1580/9227
f 5569/1580/9228 5568/1579/9228 5517/1581/9228
f 5569/1580/9229 5517/1581/9229 5570/1582/9229
f 5570/1/9230 5517/1/9230 5513/1/9230
f 5570/1/9231 5513/1/9231 5571/1/9231
f 5571/1/9232 5513/1/9232 5510/1/9232
f 5571/1/9233 5510/1/9233 5572/1/9233
f 5572/1/9234 5510/1/9234 5508/1/9234
f 5572/1/9235 5508/1/9235 5506/1/9235
f 5506/1/9236 5508/1/9236 5507/1/9236
f 5506/1/9237 5507/1/9237 5505/1/9237
f 4508/1583/9238 5500/1584/9238 5573/1585/9238
f 5573/1585/9239 5500/1584/9239 5502/1586/9239
f 5573/1587/9240 5502/1588/9240 5574/1589/9240
f 5574/1590/9241 5502/1586/9241 5562/1571/9241
f 5574/1589/9242 5562/1591/9242 5575/1592/9242
f 5575/1592/9243 5562/1591/9243 5564/1576/9243
f 5575/1592/9244 5564/1576/9244 5576/1593/9244
f 5576/1593/9245 5564/1576/9245 5567/1578/9245
f 5576/1593/9246 5567/1578/9246 5577/1594/9246
f 5540/1/9247 5536/1/9247 5539/1/9247
f 5539/1/9248 5536/1/9248 5529/1/9248
f 5539/1/9249 5529/1/9249 5563/1/9249
f 5563/1/9250 5529/1/9250 5528/1/9250
f 5563/1/9251 5528/1/9251 5565/1/9251
f 5565/1/9252 5528/1/9252 5526/1/9252
f 5565/1/9253 5526/1/9253 5566/1/9253
f 5566/1/9254 5526/1/9254 5525/1/9254
f 5566/1/9255 5525/1/9255 5568/1/9255
f 5568/1/9256 5525/1/9256 5522/1/9256
f 5568/1/9257 5522/1/9257 5517/1/9257
f 5517/1/9258 5522/1/9258 5524/1/9258
f 5517/1/9259 5524/1/9259 5515/1/9259
f 5577/1595/9260 5567/1596/9260 5578/1597/9260
f 5578/1598/9261 5567/1578/9261 5569/1580/9261
f 5578/1597/9262 5569/1599/9262 5579/1600/9262
f 5579/1600/9263 5569/1599/9263 5570/1601/9263
f 5579/1/9264 5570/1/9264 5580/1/9264
f 5580/1/9265 5570/1/9265 5571/1/9265
f 5580/1/9266 5571/1/9266 5581/1/9266
f 5581/1/9267 5571/1/9267 5572/1/9267
f 5581/1/9268 5572/1/9268 5582/1/9268
f 5582/1/9269 5572/1/9269 5506/1/9269
f 5582/1/9270 5506/1/9270 5583/1/9270
f 5583/1/9271 5506/1/9271 5504/1/9271
f 5583/1/9272 5504/1/9272 5584/1/9272
f 5584/1/9273 5504/1/9273 5559/1/9273
f 5584/1/9274 5559/1/9274 5543/1/9274
f 5543/1/9275 5559/1/9275 5561/1/9275
f 5543/1/9276 5561/1/9276 5541/1/9276
f 5585/1/9277 5586/1/9277 5587/1/9277
f 5587/1/9278 5586/1/9278 5588/1/9278
f 5589/1/9279 5546/1/9279 5590/1/9279
f 5590/1/9280 5546/1/9280 5545/1/9280
f 5545/1/9281 5544/1/9281 5590/1/9281
f 5590/1/9282 5544/1/9282 5542/1/9282
f 5590/1/9283 5542/1/9283 5591/1/9283
f 5560/1/9284 5592/1/9284 5561/1/9284
f 5561/1/9285 5592/1/9285 5591/1/9285
f 5561/1/9286 5591/1/9286 5541/1/9286
f 5541/1/9286 5591/1/9286 5542/1/9286
f 5558/1/9287 5593/1/9287 5560/1/9287
f 5560/1/9288 5593/1/9288 5594/1/9288
f 5560/1/9289 5594/1/9289 5592/1/9289
f 5555/1/9290 5554/1/9290 5595/1/9290
f 5558/1/9291 5557/1/9291 5593/1/9291
f 5593/1/9292 5557/1/9292 5556/1/9292
f 5593/1/9293 5556/1/9293 5596/1/9293
f 5596/1/9294 5556/1/9294 5555/1/9294
f 5596/1/9295 5555/1/9295 5597/1/9295
f 5597/1/9296 5555/1/9296 5595/1/9296
f 5595/1/9297 5598/1/9297 5597/1/9297
f 5597/1/9298 5598/1/9298 5599/1/9298
f 5597/1/9299 5599/1/9299 5600/1/9299
f 5600/1/9300 5599/1/9300 5601/1/9300
f 5602/1/9301 5603/1/9301 5601/1/9301
f 5601/1/9302 5603/1/9302 1338/1/9302
f 5601/1/9303 1338/1/9303 5600/1/9303
f 5589/1/9304 5604/1/9304 5546/1/9304
f 5546/1/9305 5604/1/9305 5605/1/9305
f 5546/1/9306 5605/1/9306 5547/1/9306
f 5547/1/9307 5605/1/9307 5606/1/9307
f 5607/1/9308 5608/1/9308 5609/1/9308
f 5609/1/9309 5608/1/9309 5610/1/9309
f 5609/1/9310 5610/1/9310 5611/1/9310
f 5604/1/9311 5611/1/9311 5605/1/9311
f 5605/1/9312 5611/1/9312 5610/1/9312
f 5605/1/9313 5610/1/9313 5606/1/9313
f 5606/1/9314 5610/1/9314 5608/1/9314
f 5606/1/9315 5608/1/9315 5612/1/9315
f 5612/1/9316 5608/1/9316 5607/1/9316
f 5612/1/9317 5607/1/9317 5588/1/9317
f 5588/1/9318 5607/1/9318 5613/1/9318
f 5588/1/9319 5613/1/9319 5587/1/9319
f 5587/1/9320 5613/1/9320 5614/1/9320
f 5587/1/9321 5614/1/9321 5585/1/9321
f 5585/1/9322 5614/1/9322 5615/1/9322
f 5585/1/9323 5615/1/9323 5616/1/9323
f 5512/1/9324 5514/1/9324 939/1/9324
f 939/1/9325 5617/1/9325 5512/1/9325
f 5512/1/9326 5617/1/9326 5618/1/9326
f 5512/1/9327 5618/1/9327 5511/1/9327
f 5511/1/9328 5618/1/9328 5619/1/9328
f 5511/1/9329 5619/1/9329 5509/1/9329
f 5509/1/9330 5619/1/9330 950/1/9330
f 5509/1/9331 950/1/9331 5507/1/9331
f 939/1/9332 5514/1/9332 937/1/9332
f 937/1/9333 5514/1/9333 5519/1/9333
f 937/1/9334 5519/1/9334 934/1/9334
f 934/1/9335 5519/1/9335 5518/1/9335
f 931/1/9336 934/1/9336 5516/1/9336
f 5516/1/9337 934/1/9337 5518/1/9337
f 929/1/9338 931/1/9338 5515/1/9338
f 5515/1/9339 931/1/9339 5516/1/9339
f 5620/1/9340 929/1/9340 5524/1/9340
f 5524/1/9341 929/1/9341 5515/1/9341
f 5531/1/9342 5533/1/9342 912/1/9342
f 5620/1/9343 5524/1/9343 916/1/9343
f 916/1/9344 5524/1/9344 5523/1/9344
f 5531/1/9345 912/1/9345 5530/1/9345
f 912/1/9346 924/1/9346 5530/1/9346
f 5530/1/9347 924/1/9347 922/1/9347
f 5530/1/9348 922/1/9348 5527/1/9348
f 5523/1/9349 5521/1/9349 916/1/9349
f 916/1/9350 5521/1/9350 5520/1/9350
f 916/1/9351 5520/1/9351 918/1/9351
f 918/1/9352 5520/1/9352 5527/1/9352
f 918/1/9353 5527/1/9353 920/1/9353
f 920/1/9354 5527/1/9354 922/1/9354
f 5551/1/9355 5550/1/9355 5621/1/9355
f 5551/1/9356 5621/1/9356 5552/1/9356
f 5621/1/9357 5602/1/9357 5552/1/9357
f 5552/1/9358 5602/1/9358 5601/1/9358
f 5552/1/9359 5601/1/9359 5553/1/9359
f 5622/1/9360 5623/1/9360 5624/1/9360
f 5625/1/9361 5626/1/9361 5627/1/9361
f 5628/1/9362 5629/1/9362 5630/1/9362
f 5631/1/9363 5632/1/9363 5633/1/9363
f 5633/1/9364 5632/1/9364 5634/1/9364
f 5631/1/9365 5635/1/9365 5632/1/9365
f 5632/1/9366 5635/1/9366 5636/1/9366
f 5632/1/9367 5636/1/9367 5634/1/9367
f 5634/1/9368 5636/1/9368 5637/1/9368
f 5628/1/9369 5630/1/9369 5638/1/9369
f 5625/1/9370 5627/1/9370 5639/1/9370
f 5639/1/9371 5627/1/9371 5635/1/9371
f 5639/1/9372 5635/1/9372 5640/1/9372
f 5640/1/9373 5635/1/9373 5631/1/9373
f 5640/1/9374 5631/1/9374 5641/1/9374
f 5622/1/9375 5624/1/9375 5626/1/9375
f 5624/1/9376 5329/1/9376 5642/1/9376
f 5642/1/9377 5329/1/9377 5643/1/9377
f 5642/1/9378 5643/1/9378 5644/1/9378
f 5645/1/9379 5635/1/9379 5646/1/9379
f 5646/1/9380 5635/1/9380 5627/1/9380
f 5646/1/9381 5627/1/9381 5647/1/9381
f 5647/1/9382 5627/1/9382 5648/1/9382
f 5626/1/9383 5624/1/9383 5627/1/9383
f 5627/1/9384 5624/1/9384 5642/1/9384
f 5627/1/9385 5642/1/9385 5648/1/9385
f 5648/1/9386 5642/1/9386 5644/1/9386
f 5648/1/9387 5644/1/9387 5647/1/9387
f 5645/1/9388 5649/1/9388 5635/1/9388
f 5635/1/9389 5649/1/9389 5650/1/9389
f 5635/1/9390 5650/1/9390 5636/1/9390
f 5636/1/9391 5650/1/9391 5651/1/9391
f 5636/1/9392 5651/1/9392 5637/1/9392
f 5637/1/9393 5651/1/9393 5652/1/9393
f 5637/1/9394 5652/1/9394 5630/1/9394
f 5630/1/9395 5652/1/9395 5653/1/9395
f 5630/1/9396 5653/1/9396 5638/1/9396
f 5654/1/9397 5655/1/9397 5656/1/9397
f 5654/1/9398 5656/1/9398 5657/1/9398
f 5657/1/9399 5656/1/9399 5658/1/9399
f 5657/1/9400 5658/1/9400 5659/1/9400
f 5658/1/9401 5660/1/9401 5659/1/9401
f 5659/1/9402 5660/1/9402 5661/1/9402
f 5659/1/9403 5661/1/9403 5662/1/9403
f 5662/1/9404 5661/1/9404 5663/1/9404
f 5662/1/9405 5663/1/9405 5664/1/9405
f 5664/1/9406 5663/1/9406 5665/1/9406
f 5664/1/9407 5665/1/9407 5666/1/9407
f 5666/1/9408 5665/1/9408 5667/1/9408
f 5666/1/9409 5667/1/9409 5668/1/9409
f 5668/1/9410 5667/1/9410 5669/1/9410
f 5668/1/9411 5669/1/9411 5670/1/9411
f 5670/1/9412 5669/1/9412 5671/1/9412
f 5670/1/9413 5671/1/9413 5672/1/9413
f 5672/1/9414 5671/1/9414 5673/1/9414
f 5672/1/9415 5673/1/9415 5674/1/9415
f 5674/1/9416 5673/1/9416 5675/1/9416
f 5674/1/9417 5675/1/9417 5676/1/9417
f 5677/1/9418 5678/1/9418 5679/1/9418
f 5678/1/9419 1781/1/9419 5679/1/9419
f 5679/1/9419 1781/1/9419 5680/1/9419
f 5679/1/9420 5680/1/9420 5681/1/9420
f 5681/1/9420 5680/1/9420 5682/1/9420
f 5681/1/9421 5682/1/9421 5683/1/9421
f 5684/1/9422 5677/1/9422 5685/1/9422
f 5685/1/9423 5677/1/9423 5679/1/9423
f 5685/1/9424 5679/1/9424 5686/1/9424
f 5686/1/9424 5679/1/9424 5681/1/9424
f 5686/1/9425 5681/1/9425 5687/1/9425
f 5687/1/9425 5681/1/9425 5683/1/9425
f 4717/1/9426 5684/1/9426 5688/1/9426
f 5688/1/9426 5684/1/9426 5685/1/9426
f 5688/1/9427 5685/1/9427 5689/1/9427
f 5689/1/9427 5685/1/9427 5686/1/9427
f 5689/1/9428 5686/1/9428 5690/1/9428
f 5690/1/9428 5686/1/9428 5687/1/9428
f 5690/1/9429 5687/1/9429 5199/1/9429
f 5683/1/9430 5199/1/9430 5687/1/9430
f 5682/1/9431 5691/1/9431 5683/1/9431
f 5683/1/9432 5691/1/9432 5199/1/9432
f 950/1/9433 958/1/9433 5507/1/9433
f 5507/1/9434 958/1/9434 5505/1/9434
f 5692/1/9435 5548/1/9435 958/1/9435
f 958/1/9436 5548/1/9436 5503/1/9436
f 958/1/9437 5503/1/9437 5505/1/9437
f 5603/1/9438 5693/1/9438 1338/1/9438
f 5667/1/9439 5665/1/9439 5549/1/9439
f 5549/1/9440 5665/1/9440 5663/1/9440
f 5549/1/9441 5663/1/9441 5661/1/9441
f 5661/1/9442 5660/1/9442 5549/1/9442
f 5549/1/9443 5660/1/9443 5658/1/9443
f 5549/1/9444 5658/1/9444 5656/1/9444
f 5656/1/9445 5655/1/9445 5549/1/9445
f 5549/1/9446 5655/1/9446 5694/1/9446
f 5549/1/9447 5694/1/9447 5550/1/9447
f 5550/1/9448 5694/1/9448 5695/1/9448
f 5550/1/9449 5695/1/9449 5621/1/9449
f 5675/1/9450 5548/1/9450 5676/1/9450
f 5676/1/9451 5548/1/9451 5692/1/9451
f 5675/1/9452 5673/1/9452 5548/1/9452
f 5548/1/9453 5673/1/9453 5671/1/9453
f 5548/1/9454 5671/1/9454 5549/1/9454
f 5549/1/9455 5671/1/9455 5669/1/9455
f 5549/1/9456 5669/1/9456 5667/1/9456
f 5693/1/9457 5603/1/9457 5695/1/9457
f 5695/1/9458 5603/1/9458 5602/1/9458
f 5695/1/9459 5602/1/9459 5621/1/9459
f 5553/1/9460 5601/1/9460 5599/1/9460
f 5599/1/9460 5598/1/9460 5553/1/9460
f 5553/1/9460 5598/1/9460 5595/1/9460
f 5553/1/9461 5595/1/9461 5554/1/9461
f 912/1/9462 5533/1/9462 4980/1/9462
f 4980/1/9463 5533/1/9463 5532/1/9463
f 4980/1/9464 5532/1/9464 5696/1/9464
f 5423/1/9465 5697/1/9465 5499/1/9465
f 5499/1/9466 5697/1/9466 5698/1/9466
f 5499/1/9466 5698/1/9466 5498/1/9466
f 5699/1/9467 5330/1/9467 5700/1/9467
f 5423/1/9468 5701/1/9468 5697/1/9468
f 5697/1/9469 5701/1/9469 5699/1/9469
f 5697/1/9469 5699/1/9469 5698/1/9469
f 5698/1/9470 5699/1/9470 5700/1/9470
f 5698/1/9471 5700/1/9471 5498/1/9471
f 5498/1/9472 5700/1/9472 5497/1/9472
f 5377/1/9473 5702/1/9473 5422/1/9473
f 5422/1/9474 5702/1/9474 5703/1/9474
f 5703/1/9475 5702/1/9475 5704/1/9475
f 5704/1/9476 5702/1/9476 5705/1/9476
f 5704/1/9477 5705/1/9477 5706/1/9477
f 5706/1/9478 5705/1/9478 5707/1/9478
f 5706/1/9479 5707/1/9479 5708/1/9479
f 5708/1/9480 5707/1/9480 5709/1/9480
f 5708/1/9481 5709/1/9481 5710/1/9481
f 5709/1/9482 5711/1/9482 5710/1/9482
f 5710/1/9483 5711/1/9483 5367/1/9483
f 5710/1/9484 5367/1/9484 5712/1/9484
f 5389/1/9485 5713/1/9485 5488/1/9485
f 5488/1/9486 5713/1/9486 5714/1/9486
f 5488/1/9486 5714/1/9486 5487/1/9486
f 5487/1/9487 5714/1/9487 5715/1/9487
f 5487/1/9488 5715/1/9488 5486/1/9488
f 5716/1/9489 5296/1/9489 5382/1/9489
f 5389/1/9490 5717/1/9490 5713/1/9490
f 5713/1/9491 5717/1/9491 5718/1/9491
f 5713/1/9491 5718/1/9491 5714/1/9491
f 5714/1/9492 5718/1/9492 5716/1/9492
f 5714/1/9492 5716/1/9492 5715/1/9492
f 5715/1/9493 5716/1/9493 5382/1/9493
f 5715/1/9494 5382/1/9494 5486/1/9494
f 5486/1/9495 5382/1/9495 5386/1/9495
f 5711/1/9496 5709/1/9496 5719/1/9496
f 5302/1/9497 5720/1/9497 5368/1/9497
f 5707/1/9498 5705/1/9498 5721/1/9498
f 5721/1/9499 5705/1/9499 5702/1/9499
f 5368/1/9500 5720/1/9500 5371/1/9500
f 5371/1/9501 5720/1/9501 5721/1/9501
f 5371/1/9502 5721/1/9502 5376/1/9502
f 5376/1/9503 5721/1/9503 5702/1/9503
f 5376/1/9504 5702/1/9504 5377/1/9504
f 5709/1/9505 5707/1/9505 5719/1/9505
f 5719/1/9506 5707/1/9506 5721/1/9506
f 5719/1/9507 5721/1/9507 5722/1/9507
f 5722/1/9508 5721/1/9508 5720/1/9508
f 5722/1/9509 5720/1/9509 5302/1/9509
f 5367/1/9510 5711/1/9510 5366/1/9510
f 5366/1/9511 5711/1/9511 5719/1/9511
f 5366/1/9512 5719/1/9512 5365/1/9512
f 5365/1/9513 5719/1/9513 5722/1/9513
f 5365/1/9514 5722/1/9514 5302/1/9514
f 5349/1/1579 5350/1/1579 5353/1/1579
f 5353/1/1579 5350/1/1579 5723/1/1579
f 5353/1/1578 5723/1/1578 5355/1/1578
f 5355/1/1578 5723/1/1578 5724/1/1578
f 5355/1/1577 5724/1/1577 5357/1/1577
f 5357/1/1577 5724/1/1577 5725/1/1577
f 5357/1/1576 5725/1/1576 5359/1/1576
f 5359/1/1576 5725/1/1576 5726/1/1576
f 5322/1/9515 5331/1/9515 5727/1/9515
f 5728/1/9516 5729/1/9516 5730/1/9516
f 5730/1/9517 5729/1/9517 5323/1/9517
f 5731/1/9518 5732/1/9518 5728/1/9518
f 5728/1/9519 5732/1/9519 5733/1/9519
f 5728/1/9520 5733/1/9520 5729/1/9520
f 5731/1/9521 5734/1/9521 5732/1/9521
f 5732/1/9522 5734/1/9522 5735/1/9522
f 5732/1/9523 5735/1/9523 5736/1/9523
f 5712/1/9524 5737/1/9524 5710/1/9524
f 5710/1/9525 5737/1/9525 5738/1/9525
f 5710/1/9526 5738/1/9526 5708/1/9526
f 5323/1/9527 5322/1/9527 5730/1/9527
f 5730/1/9528 5322/1/9528 5727/1/9528
f 5730/1/9529 5727/1/9529 5728/1/9529
f 5728/1/9530 5727/1/9530 5739/1/9530
f 5728/1/9531 5739/1/9531 5731/1/9531
f 5731/1/9532 5739/1/9532 5422/1/9532
f 5422/1/9533 5703/1/9533 5731/1/9533
f 5731/1/9534 5703/1/9534 5704/1/9534
f 5731/1/9535 5704/1/9535 5734/1/9535
f 5734/1/9536 5704/1/9536 5706/1/9536
f 5734/1/9537 5706/1/9537 5735/1/9537
f 5735/1/9538 5706/1/9538 5708/1/9538
f 5735/1/9539 5708/1/9539 5736/1/9539
f 5736/1/9540 5708/1/9540 5738/1/9540
f 5727/1/9541 5331/1/9541 5330/1/9541
f 5701/1/9542 5423/1/9542 5422/1/9542
f 5422/1/9543 5739/1/9543 5701/1/9543
f 5701/1/9544 5739/1/9544 5727/1/9544
f 5701/1/9545 5727/1/9545 5699/1/9545
f 5699/1/9546 5727/1/9546 5330/1/9546
f 5332/1/9547 5740/1/9547 5741/1/9547
f 5332/1/9548 5741/1/9548 5333/1/9548
f 5333/1/9549 5741/1/9549 5742/1/9549
f 5333/1/9550 5742/1/9550 5325/1/9550
f 5325/1/9551 5742/1/9551 5743/1/9551
f 5325/1/9552 5743/1/9552 5326/1/9552
f 5326/1/9553 5743/1/9553 5700/1/9553
f 5326/1/9554 5700/1/9554 5330/1/9554
f 5623/1/9555 5744/1/9555 5624/1/9555
f 5624/1/9556 5744/1/9556 5740/1/9556
f 5624/1/9557 5740/1/9557 5329/1/9557
f 5329/1/9558 5740/1/9558 5332/1/9558
f 5744/1/9559 5745/1/9559 5740/1/9559
f 5740/1/9560 5745/1/9560 5746/1/9560
f 5740/1/9561 5746/1/9561 5741/1/9561
f 5741/1/9562 5746/1/9562 5747/1/9562
f 5741/1/9563 5747/1/9563 5742/1/9563
f 5742/1/9564 5747/1/9564 5748/1/9564
f 5742/1/9565 5748/1/9565 5743/1/9565
f 5743/1/9566 5748/1/9566 5497/1/9566
f 5743/1/9567 5497/1/9567 5700/1/9567
f 5628/1/9568 5638/1/9568 5749/1/9568
f 5341/1/9569 5629/1/9569 5342/1/9569
f 5342/1/9570 5629/1/9570 5628/1/9570
f 5342/1/9571 5628/1/9571 5343/1/9571
f 5343/1/9572 5628/1/9572 5749/1/9572
f 5343/1/9573 5749/1/9573 5338/1/9573
f 5338/1/9574 5749/1/9574 5750/1/9574
f 5338/1/9575 5750/1/9575 5339/1/9575
f 5751/1/9576 5337/1/9576 5339/1/9576
f 5337/1/9577 5752/1/9577 5336/1/9577
f 5336/1/9578 5752/1/9578 5328/1/9578
f 5336/1/9579 5328/1/9579 5327/1/9579
f 5644/1/9580 5643/1/9580 5752/1/9580
f 5752/1/9581 5643/1/9581 5329/1/9581
f 5752/1/9582 5329/1/9582 5328/1/9582
f 5337/1/9583 5751/1/9583 5752/1/9583
f 5752/1/9584 5751/1/9584 5647/1/9584
f 5752/1/9585 5647/1/9585 5644/1/9585
f 5649/1/9586 5645/1/9586 5751/1/9586
f 5751/1/9587 5645/1/9587 5646/1/9587
f 5751/1/9588 5646/1/9588 5647/1/9588
f 5339/1/9589 5750/1/9589 5751/1/9589
f 5751/1/9590 5750/1/9590 5650/1/9590
f 5751/1/9591 5650/1/9591 5649/1/9591
f 5638/1/9592 5653/1/9592 5749/1/9592
f 5749/1/9593 5653/1/9593 5652/1/9593
f 5749/1/9594 5652/1/9594 5750/1/9594
f 5750/1/9595 5652/1/9595 5651/1/9595
f 5750/1/9596 5651/1/9596 5650/1/9596
f 5352/1/1580 5324/1/1580 5323/1/1580
f 5352/1/1580 5323/1/1580 5351/1/1580
f 5351/1/1580 5323/1/1580 5726/1/1580
f 5726/1/1580 5323/1/1580 5729/1/1580
f 5726/1/1580 5729/1/1580 5733/1/1580
f 5733/1/9597 5732/1/9597 5726/1/9597
f 5726/1/1580 5732/1/1580 5736/1/1580
f 5726/1/1580 5736/1/1580 5738/1/1580
f 5367/1/1580 5359/1/1580 5712/1/1580
f 5712/1/1580 5359/1/1580 5726/1/1580
f 5712/1/1580 5726/1/1580 5737/1/1580
f 5737/1/1580 5726/1/1580 5738/1/1580
f 5389/1/9598 5316/1/9598 5717/1/9598
f 5717/1/9599 5316/1/9599 5311/1/9599
f 5309/1/9600 5308/1/9600 5716/1/9600
f 5716/1/9601 5308/1/9601 5307/1/9601
f 5716/1/9602 5307/1/9602 5296/1/9602
f 5296/1/9603 5307/1/9603 5306/1/9603
f 5296/1/9604 5306/1/9604 5293/1/9604
f 5311/1/9605 5310/1/9605 5717/1/9605
f 5717/1/9606 5310/1/9606 5309/1/9606
f 5717/1/9607 5309/1/9607 5718/1/9607
f 5718/1/9608 5309/1/9608 5716/1/9608
f 5753/1/9609 5292/1/9609 5754/1/9609
f 5754/1/9610 5292/1/9610 5288/1/9610
f 5754/1/9611 5288/1/9611 5755/1/9611
f 5755/1/9612 5288/1/9612 5756/1/9612
f 5756/1/9613 5288/1/9613 5290/1/9613
f 5756/1/9614 5290/1/9614 5757/1/9614
f 5757/1/9615 5290/1/9615 5259/1/9615
f 5757/1/9616 5259/1/9616 5258/1/9616
f 5213/1/588 5351/1/588 3357/1/588
f 3357/1/588 5351/1/588 5350/1/588
f 3357/1/588 5350/1/588 3847/1/588
f 5724/1/588 5723/1/588 5725/1/588
f 5725/1/588 5723/1/588 5350/1/588
f 5725/1/588 5350/1/588 5726/1/588
f 5726/1/588 5350/1/588 5351/1/588
f 2886/1/504 5758/1/504 5217/1/504
f 5217/1/504 5758/1/504 5759/1/504
f 5759/1/504 5760/1/504 5217/1/504
f 5217/1/504 5760/1/504 5761/1/504
f 5217/1/504 5761/1/504 5762/1/504
f 5762/1/504 5763/1/504 5217/1/504
f 5217/1/504 5763/1/504 5764/1/504
f 5217/1/504 5764/1/504 5335/1/504
f 5197/1/9617 5410/1/9617 5412/1/9617
f 5197/1/9617 5412/1/9617 5198/1/9617
f 5198/1/9618 5412/1/9618 5421/1/9618
f 5198/1/9618 5421/1/9618 5206/1/9618
f 5206/1/9619 5421/1/9619 5420/1/9619
f 5206/1/9619 5420/1/9619 5205/1/9619
f 5191/1/9620 5320/1/9620 5192/1/9620
f 5192/1/9620 5320/1/9620 5402/1/9620
f 5192/1/9621 5402/1/9621 5196/1/9621
f 5196/1/9621 5402/1/9621 5404/1/9621
f 5196/1/9622 5404/1/9622 5197/1/9622
f 5197/1/9622 5404/1/9622 5410/1/9622
f 5194/1/9623 5319/1/9623 5193/1/9623
f 5193/1/9623 5319/1/9623 5413/1/9623
f 5193/1/9624 5413/1/9624 5185/1/9624
f 5185/1/9624 5413/1/9624 5415/1/9624
f 5185/1/9625 5415/1/9625 5186/1/9625
f 5186/1/9625 5415/1/9625 5321/1/9625
f 5765/1/9626 5766/1/9626 4982/1/9626
f 5032/1/9627 5633/1/9627 5634/1/9627
f 5634/1/9628 5637/1/9628 5032/1/9628
f 5032/1/9629 5637/1/9629 5630/1/9629
f 5032/1/9630 5630/1/9630 5629/1/9630
f 5335/1/9631 5033/1/9631 5334/1/9631
f 5334/1/9632 5033/1/9632 5032/1/9632
f 5334/1/9633 5032/1/9633 5340/1/9633
f 5340/1/9634 5032/1/9634 5629/1/9634
f 5340/1/9635 5629/1/9635 5341/1/9635
f 4982/1/9636 5766/1/9636 4983/1/9636
f 4983/1/9637 5766/1/9637 5767/1/9637
f 4983/1/9638 5767/1/9638 5038/1/9638
f 5038/1/9639 5767/1/9639 5641/1/9639
f 5038/1/9640 5641/1/9640 5032/1/9640
f 5032/1/9641 5641/1/9641 5631/1/9641
f 5032/1/9642 5631/1/9642 5633/1/9642
f 5041/1/9643 5768/1/9643 5769/1/9643
f 5765/1/9644 4982/1/9644 5769/1/9644
f 5769/1/9645 4982/1/9645 5039/1/9645
f 5769/1/9646 5039/1/9646 5041/1/9646
f 5768/1/9647 5041/1/9647 5770/1/9647
f 5770/1/9648 5041/1/9648 5042/1/9648
f 5770/1/9649 5042/1/9649 5076/1/9649
f 5076/1/9650 5043/1/9650 5770/1/9650
f 5770/1/9651 5043/1/9651 5045/1/9651
f 5770/1/9652 5045/1/9652 5771/1/9652
f 5771/1/9653 5045/1/9653 5772/1/9653
f 5045/1/9654 5049/1/9654 5772/1/9654
f 5772/1/9655 5049/1/9655 5048/1/9655
f 5772/1/9656 5048/1/9656 5773/1/9656
f 5773/1/9657 5048/1/9657 5047/1/9657
f 5047/1/9658 5050/1/9658 5773/1/9658
f 5773/1/9659 5050/1/9659 4981/1/9659
f 5773/1/9660 4981/1/9660 5774/1/9660
f 5774/1/9661 4981/1/9661 5775/1/9661
f 5775/1/9662 4981/1/9662 4980/1/9662
f 5775/1/9663 4980/1/9663 5696/1/9663
f 5335/1/9664 5764/1/9664 5033/1/9664
f 5033/1/9665 5764/1/9665 5763/1/9665
f 5033/1/9666 5763/1/9666 4986/1/9666
f 4986/1/9667 5763/1/9667 5762/1/9667
f 4986/1/9668 5762/1/9668 4984/1/9668
f 4984/1/9669 5762/1/9669 5761/1/9669
f 4984/1/9670 5761/1/9670 5037/1/9670
f 5037/1/9671 5761/1/9671 5760/1/9671
f 5037/1/9672 5760/1/9672 5074/1/9672
f 5074/1/9673 5760/1/9673 5759/1/9673
f 5074/1/9674 5759/1/9674 5075/1/9674
f 5075/1/9675 5759/1/9675 5028/1/9675
f 5028/1/9676 5759/1/9676 5758/1/9676
f 5028/1/9677 5758/1/9677 5029/1/9677
f 5029/1/9678 5758/1/9678 5019/1/9678
f 5019/1/9679 5758/1/9679 2886/1/9679
f 5019/1/9680 2886/1/9680 2890/1/9680
f 5597/1/9681 5600/1/9681 5776/1/9681
f 5594/1/9682 5593/1/9682 5776/1/9682
f 5776/1/9683 5593/1/9683 5596/1/9683
f 5776/1/9684 5596/1/9684 5597/1/9684
f 5600/1/9685 1338/1/9685 5776/1/9685
f 5776/1/9686 1338/1/9686 5693/1/9686
f 5776/1/9687 5693/1/9687 5695/1/9687
f 5695/1/9688 5694/1/9688 5776/1/9688
f 5776/1/9689 5694/1/9689 5655/1/9689
f 5776/1/9690 5655/1/9690 5654/1/9690
f 5654/1/9691 5657/1/9691 5776/1/9691
f 5776/1/9692 5657/1/9692 5659/1/9692
f 5776/1/9693 5659/1/9693 5662/1/9693
f 5777/1/9694 5604/1/9694 5589/1/9694
f 5589/1/9695 5590/1/9695 5777/1/9695
f 5777/1/9696 5590/1/9696 5591/1/9696
f 5777/1/9697 5591/1/9697 5776/1/9697
f 5776/1/9698 5591/1/9698 5592/1/9698
f 5776/1/9698 5592/1/9698 5594/1/9698
f 5778/1/9699 4998/1/9699 4772/1/9699
f 5053/1/9700 5052/1/9700 5779/1/9700
f 5779/1/9701 5052/1/9701 5058/1/9701
f 5779/1/9702 5058/1/9702 5057/1/9702
f 5056/1/9703 5055/1/9703 5780/1/9703
f 912/1/9704 4980/1/9704 4979/1/9704
f 4979/1/9705 5078/1/9705 912/1/9705
f 912/1/9706 5078/1/9706 5077/1/9706
f 912/1/9707 5077/1/9707 924/1/9707
f 5781/1/9708 918/1/9708 5782/1/9708
f 5782/1/9709 918/1/9709 920/1/9709
f 5782/1/9710 920/1/9710 5783/1/9710
f 5783/1/9711 920/1/9711 922/1/9711
f 5783/1/9712 922/1/9712 5784/1/9712
f 5784/1/9713 922/1/9713 924/1/9713
f 5784/1/9714 924/1/9714 5785/1/9714
f 5785/1/9715 924/1/9715 5077/1/9715
f 5786/1/9716 939/1/9716 5787/1/9716
f 5787/1/9717 939/1/9717 937/1/9717
f 5787/1/9718 937/1/9718 934/1/9718
f 934/1/9719 931/1/9719 5787/1/9719
f 5787/1/9720 931/1/9720 929/1/9720
f 5787/1/9721 929/1/9721 5788/1/9721
f 5788/1/9722 929/1/9722 5620/1/9722
f 5788/1/9723 5620/1/9723 5781/1/9723
f 5781/1/9724 5620/1/9724 916/1/9724
f 5781/1/9725 916/1/9725 918/1/9725
f 5789/1/9726 950/1/9726 5790/1/9726
f 5790/1/9727 950/1/9727 5619/1/9727
f 5790/1/9728 5619/1/9728 5791/1/9728
f 5791/1/9729 5619/1/9729 5618/1/9729
f 5791/1/9730 5618/1/9730 5786/1/9730
f 5786/1/9731 5618/1/9731 5617/1/9731
f 5786/1/9732 5617/1/9732 939/1/9732
f 5662/1/9733 5664/1/9733 5776/1/9733
f 5776/1/9734 5664/1/9734 5666/1/9734
f 5776/1/9735 5666/1/9735 5789/1/9735
f 5789/1/9736 5666/1/9736 5668/1/9736
f 5789/1/9737 5668/1/9737 5670/1/9737
f 5670/1/9738 5672/1/9738 5789/1/9738
f 5789/1/9739 5672/1/9739 5674/1/9739
f 5789/1/9740 5674/1/9740 5676/1/9740
f 5676/1/9741 5692/1/9741 5789/1/9741
f 5789/1/9742 5692/1/9742 958/1/9742
f 5789/1/9743 958/1/9743 950/1/9743
f 5792/1/9744 5793/1/9744 5794/1/9744
f 5794/1/9745 5795/1/9745 5792/1/9745
f 5792/1/9746 5795/1/9746 5796/1/9746
f 5792/1/9747 5796/1/9747 5797/1/9747
f 5797/1/9748 5796/1/9748 5798/1/9748
f 5797/1/9749 5798/1/9749 5799/1/9749
f 5799/1/9750 5798/1/9750 5800/1/9750
f 5788/1/9751 5793/1/9751 5787/1/9751
f 5787/1/9752 5793/1/9752 5792/1/9752
f 5787/1/9753 5792/1/9753 5786/1/9753
f 5786/1/9754 5792/1/9754 5797/1/9754
f 5786/1/9755 5797/1/9755 5791/1/9755
f 5791/1/9756 5797/1/9756 5799/1/9756
f 5791/1/9757 5799/1/9757 5790/1/9757
f 5790/1/9758 5799/1/9758 5800/1/9758
f 5790/1/9759 5800/1/9759 5789/1/9759
f 5789/1/9760 5800/1/9760 5801/1/9760
f 5789/1/9761 5801/1/9761 5776/1/9761
f 5776/1/9762 5801/1/9762 5802/1/9762
f 5776/1/9763 5802/1/9763 5777/1/9763
f 5803/1/9764 5804/1/9764 5805/1/9764
f 5805/1/9765 5804/1/9765 5806/1/9765
f 5805/1/9766 5806/1/9766 5807/1/9766
f 5055/1/9767 5053/1/9767 5780/1/9767
f 5780/1/9768 5053/1/9768 5779/1/9768
f 5780/1/9769 5779/1/9769 5808/1/9769
f 5809/1/9770 5808/1/9770 5810/1/9770
f 5810/1/9771 5808/1/9771 5779/1/9771
f 5810/1/9772 5779/1/9772 5778/1/9772
f 5778/1/9773 5779/1/9773 5057/1/9773
f 5778/1/9774 5057/1/9774 4998/1/9774
f 4772/1/9775 5811/1/9775 5778/1/9775
f 5778/1/9776 5811/1/9776 5812/1/9776
f 5778/1/9777 5812/1/9777 5810/1/9777
f 5810/1/9778 5812/1/9778 5807/1/9778
f 5810/1/9779 5807/1/9779 5809/1/9779
f 5809/1/9780 5807/1/9780 5806/1/9780
f 5811/1/9781 5813/1/9781 5812/1/9781
f 5812/1/9782 5813/1/9782 5814/1/9782
f 5812/1/9783 5814/1/9783 5807/1/9783
f 5807/1/9784 5814/1/9784 5815/1/9784
f 5807/1/9785 5815/1/9785 5805/1/9785
f 5805/1/9786 5815/1/9786 5816/1/9786
f 5805/1/9787 5816/1/9787 5803/1/9787
f 5803/1/9788 5816/1/9788 5817/1/9788
f 5803/1/9789 5817/1/9789 5818/1/9789
f 5077/1/9790 5056/1/9790 5785/1/9790
f 5785/1/9791 5056/1/9791 5780/1/9791
f 5785/1/9792 5780/1/9792 5784/1/9792
f 5784/1/9793 5780/1/9793 5808/1/9793
f 5784/1/9794 5808/1/9794 5783/1/9794
f 5783/1/9795 5808/1/9795 5809/1/9795
f 5783/1/9796 5809/1/9796 5782/1/9796
f 5782/1/9797 5809/1/9797 5806/1/9797
f 5782/1/9798 5806/1/9798 5781/1/9798
f 5781/1/9799 5806/1/9799 5804/1/9799
f 5781/1/9800 5804/1/9800 5788/1/9800
f 5788/1/9801 5804/1/9801 5803/1/9801
f 5788/1/9802 5803/1/9802 5793/1/9802
f 5793/1/9803 5803/1/9803 5818/1/9803
f 5793/1/9804 5818/1/9804 5794/1/9804
f 5819/1/9805 5820/1/9805 5821/1/9805
f 5822/1/9806 4722/1/9806 4940/1/9806
f 5178/1/9807 5823/1/9807 5280/1/9807
f 5823/1/9808 5824/1/9808 5280/1/9808
f 5280/1/9809 5824/1/9809 5825/1/9809
f 5280/1/9810 5825/1/9810 5277/1/9810
f 5820/1/9811 5822/1/9811 5821/1/9811
f 5821/1/9812 5822/1/9812 4940/1/9812
f 5821/1/9813 4940/1/9813 5826/1/9813
f 5826/1/9814 4940/1/9814 4939/1/9814
f 5826/1/9815 4939/1/9815 5827/1/9815
f 5827/1/9816 4939/1/9816 4937/1/9816
f 5827/1/9817 4937/1/9817 5275/1/9817
f 5275/1/9818 4937/1/9818 4935/1/9818
f 5828/1/9819 5829/1/9819 5830/1/9819
f 5830/1/9820 5829/1/9820 5824/1/9820
f 5830/1/9821 5824/1/9821 5831/1/9821
f 5831/1/9822 5824/1/9822 5823/1/9822
f 5831/1/9823 5823/1/9823 5832/1/9823
f 5832/1/9824 5823/1/9824 5178/1/9824
f 5828/1/9825 5819/1/9825 5829/1/9825
f 5829/1/9826 5819/1/9826 5821/1/9826
f 5829/1/9827 5821/1/9827 5824/1/9827
f 5824/1/9828 5821/1/9828 5826/1/9828
f 5824/1/9829 5826/1/9829 5825/1/9829
f 5825/1/9829 5826/1/9829 5827/1/9829
f 5825/1/9830 5827/1/9830 5277/1/9830
f 5277/1/9831 5827/1/9831 5275/1/9831
f 4918/1/1579 4954/1/1579 4921/1/1579
f 4921/1/1579 4954/1/1579 4952/1/1579
f 4921/1/1578 4952/1/1578 4922/1/1578
f 4922/1/1578 4952/1/1578 4950/1/1578
f 4922/1/1577 4950/1/1577 4923/1/1577
f 4923/1/1577 4950/1/1577 4946/1/1577
f 4923/1/1576 4946/1/1576 4916/1/1576
f 4916/1/1576 4946/1/1576 4945/1/1576
f 5833/1/1 5834/1/1 4911/1/1
f 4911/1/1 5834/1/1 4908/1/1
f 5835/1/9832 5836/1/9832 4925/1/9832
f 4901/1/9833 4907/1/9833 5837/1/9833
f 4906/1/9834 4905/1/9834 5838/1/9834
f 4899/1/9835 5839/1/9835 4700/1/9835
f 4700/1/9836 5839/1/9836 5840/1/9836
f 4700/1/9837 5840/1/9837 5841/1/9837
f 5841/1/9838 5840/1/9838 5842/1/9838
f 5841/1/9839 5842/1/9839 5843/1/9839
f 5836/1/9840 5835/1/9840 5842/1/9840
f 5842/1/9841 5835/1/9841 5844/1/9841
f 5842/1/9842 5844/1/9842 5843/1/9842
f 4926/1/9843 5845/1/9843 4927/1/9843
f 4927/1/9844 5845/1/9844 5846/1/9844
f 4905/1/9845 4904/1/9845 5838/1/9845
f 5838/1/9846 4904/1/9846 4930/1/9846
f 5838/1/9847 4930/1/9847 5847/1/9847
f 5847/1/9847 4930/1/9847 4929/1/9847
f 5847/1/9848 4929/1/9848 5846/1/9848
f 5846/1/9848 4929/1/9848 4928/1/9848
f 5846/1/9849 4928/1/9849 4927/1/9849
f 5845/1/9850 5848/1/9850 5846/1/9850
f 5846/1/9851 5848/1/9851 5849/1/9851
f 5846/1/9852 5849/1/9852 5847/1/9852
f 5847/1/9852 5849/1/9852 5850/1/9852
f 5847/1/9853 5850/1/9853 5838/1/9853
f 5838/1/9853 5850/1/9853 5837/1/9853
f 5838/1/9854 5837/1/9854 4906/1/9854
f 4906/1/9855 5837/1/9855 4907/1/9855
f 4899/1/9856 4901/1/9856 5839/1/9856
f 5839/1/9857 4901/1/9857 5837/1/9857
f 5839/1/9858 5837/1/9858 5840/1/9858
f 5840/1/9858 5837/1/9858 5850/1/9858
f 5840/1/9859 5850/1/9859 5842/1/9859
f 5842/1/9859 5850/1/9859 5849/1/9859
f 5842/1/9860 5849/1/9860 5836/1/9860
f 5836/1/9860 5849/1/9860 5848/1/9860
f 5836/1/9861 5848/1/9861 4925/1/9861
f 5845/1/9862 4925/1/9862 5848/1/9862
f 4926/1/9863 4924/1/9863 5845/1/9863
f 5845/1/9864 4924/1/9864 4925/1/9864
f 5851/1/9865 5852/1/9865 5853/1/9865
f 5854/1/9866 5855/1/9866 5856/1/9866
f 5857/1/9867 5858/1/9867 5859/1/9867
f 4867/1/9868 4699/1/9868 5860/1/9868
f 4867/1/9869 5861/1/9869 4868/1/9869
f 4868/1/9870 5861/1/9870 5862/1/9870
f 4868/1/9871 5862/1/9871 4869/1/9871
f 4869/1/9872 5862/1/9872 5863/1/9872
f 4869/1/9873 5863/1/9873 4871/1/9873
f 4871/1/9874 5863/1/9874 5864/1/9874
f 4871/1/9875 5864/1/9875 4771/1/9875
f 5811/1/9876 4772/1/9876 4774/1/9876
f 5814/1/9877 5813/1/9877 5865/1/9877
f 5865/1/9878 5813/1/9878 5811/1/9878
f 5865/1/9879 5811/1/9879 5866/1/9879
f 5866/1/9880 5811/1/9880 4774/1/9880
f 5866/1/9881 4774/1/9881 4775/1/9881
f 5867/1/9882 5815/1/9882 5814/1/9882
f 5794/1/9883 5818/1/9883 5868/1/9883
f 5868/1/9884 5818/1/9884 5817/1/9884
f 5868/1/9885 5817/1/9885 5816/1/9885
f 5868/1/9886 5869/1/9886 5794/1/9886
f 5794/1/9887 5869/1/9887 5870/1/9887
f 5794/1/9888 5870/1/9888 5795/1/9888
f 5871/1/9889 5798/1/9889 5870/1/9889
f 5870/1/9890 5798/1/9890 5796/1/9890
f 5870/1/9891 5796/1/9891 5795/1/9891
f 5871/1/9892 5872/1/9892 5798/1/9892
f 5798/1/9893 5872/1/9893 5873/1/9893
f 5798/1/9894 5873/1/9894 5800/1/9894
f 5800/1/9895 5873/1/9895 5874/1/9895
f 5800/1/9896 5874/1/9896 5801/1/9896
f 5801/1/9897 5874/1/9897 5875/1/9897
f 5801/1/9898 5875/1/9898 5802/1/9898
f 5802/1/9899 5875/1/9899 5777/1/9899
f 5777/1/9900 5875/1/9900 5611/1/9900
f 5777/1/9901 5611/1/9901 5604/1/9901
f 5876/1/9902 5614/1/9902 5877/1/9902
f 5877/1/9903 5614/1/9903 5613/1/9903
f 5877/1/9904 5613/1/9904 5607/1/9904
f 5878/1/9905 5879/1/9905 5876/1/9905
f 5876/1/9905 5879/1/9905 5880/1/9905
f 5876/1/9906 5880/1/9906 5614/1/9906
f 5607/1/9907 5609/1/9907 5877/1/9907
f 5877/1/9908 5609/1/9908 5881/1/9908
f 5877/1/9909 5881/1/9909 5876/1/9909
f 5876/1/9910 5881/1/9910 5882/1/9910
f 5876/1/9911 5882/1/9911 5878/1/9911
f 5878/1/9912 5882/1/9912 5883/1/9912
f 5878/1/9913 5883/1/9913 5884/1/9913
f 5884/1/9914 5883/1/9914 5885/1/9914
f 5884/1/9915 5885/1/9915 5859/1/9915
f 5859/1/9916 5885/1/9916 5886/1/9916
f 5852/1/9917 5887/1/9917 5853/1/9917
f 5853/1/9918 5887/1/9918 5888/1/9918
f 5853/1/9919 5888/1/9919 5889/1/9919
f 5889/1/9920 5888/1/9920 5890/1/9920
f 5889/1/9921 5890/1/9921 5891/1/9921
f 5891/1/9922 5890/1/9922 5892/1/9922
f 5891/1/9923 5892/1/9923 5893/1/9923
f 5852/1/9924 5894/1/9924 5887/1/9924
f 5887/1/9925 5894/1/9925 5857/1/9925
f 5887/1/9926 5857/1/9926 5888/1/9926
f 5888/1/9927 5857/1/9927 5859/1/9927
f 5888/1/9928 5859/1/9928 5890/1/9928
f 5890/1/9929 5859/1/9929 5886/1/9929
f 5890/1/9930 5886/1/9930 5892/1/9930
f 5858/1/9931 5895/1/9931 5859/1/9931
f 5859/1/9932 5895/1/9932 5896/1/9932
f 5859/1/9933 5896/1/9933 5884/1/9933
f 5884/1/9934 5896/1/9934 5897/1/9934
f 5884/1/9935 5897/1/9935 5878/1/9935
f 5878/1/9936 5897/1/9936 5898/1/9936
f 5878/1/9937 5898/1/9937 5879/1/9937
f 4776/1/9938 4771/1/9938 5899/1/9938
f 5899/1/9939 4771/1/9939 5864/1/9939
f 5899/1/9940 5864/1/9940 5900/1/9940
f 5900/1/9941 5864/1/9941 5863/1/9941
f 5900/1/9942 5863/1/9942 5901/1/9942
f 5901/1/9943 5863/1/9943 5862/1/9943
f 5901/1/9944 5862/1/9944 5902/1/9944
f 5902/1/9945 5862/1/9945 5861/1/9945
f 5902/1/9946 5861/1/9946 5903/1/9946
f 4775/1/9947 4776/1/9947 5866/1/9947
f 5866/1/9948 4776/1/9948 5899/1/9948
f 5866/1/9949 5899/1/9949 5865/1/9949
f 5865/1/9950 5899/1/9950 5900/1/9950
f 5865/1/9951 5900/1/9951 5904/1/9951
f 5904/1/9952 5900/1/9952 5901/1/9952
f 5904/1/9953 5901/1/9953 5905/1/9953
f 5905/1/9954 5901/1/9954 5902/1/9954
f 5905/1/9955 5902/1/9955 5906/1/9955
f 5906/1/9956 5902/1/9956 5903/1/9956
f 5906/1/9957 5903/1/9957 5854/1/9957
f 5854/1/9958 5856/1/9958 5906/1/9958
f 5906/1/9959 5856/1/9959 5907/1/9959
f 5906/1/9960 5907/1/9960 5905/1/9960
f 5905/1/9961 5907/1/9961 5908/1/9961
f 5905/1/9962 5908/1/9962 5904/1/9962
f 5904/1/9963 5908/1/9963 5909/1/9963
f 5904/1/9964 5909/1/9964 5865/1/9964
f 4867/1/9965 5860/1/9965 5861/1/9965
f 5861/1/9966 5860/1/9966 5910/1/9966
f 5861/1/9967 5910/1/9967 5903/1/9967
f 5903/1/9968 5910/1/9968 5911/1/9968
f 5903/1/9969 5911/1/9969 5854/1/9969
f 5854/1/9970 5911/1/9970 5912/1/9970
f 5854/1/9971 5912/1/9971 5855/1/9971
f 5855/1/9972 5912/1/9972 5913/1/9972
f 5855/1/9973 5913/1/9973 5914/1/9973
f 5814/1/9974 5865/1/9974 5867/1/9974
f 5867/1/9975 5865/1/9975 5909/1/9975
f 5867/1/9976 5909/1/9976 5915/1/9976
f 5915/1/9977 5909/1/9977 5908/1/9977
f 5915/1/9978 5908/1/9978 5893/1/9978
f 5893/1/9979 5908/1/9979 5907/1/9979
f 5893/1/9980 5907/1/9980 5891/1/9980
f 5891/1/9981 5907/1/9981 5856/1/9981
f 5891/1/9982 5856/1/9982 5889/1/9982
f 5889/1/9983 5856/1/9983 5855/1/9983
f 5889/1/9984 5855/1/9984 5853/1/9984
f 5853/1/9985 5855/1/9985 5914/1/9985
f 5853/1/9986 5914/1/9986 5851/1/9986
f 5609/1/9987 5611/1/9987 5881/1/9987
f 5881/1/9988 5611/1/9988 5875/1/9988
f 5881/1/9989 5875/1/9989 5882/1/9989
f 5882/1/9990 5875/1/9990 5874/1/9990
f 5882/1/9991 5874/1/9991 5883/1/9991
f 5883/1/9992 5874/1/9992 5873/1/9992
f 5883/1/9993 5873/1/9993 5885/1/9993
f 5885/1/9994 5873/1/9994 5872/1/9994
f 5885/1/9995 5872/1/9995 5886/1/9995
f 5886/1/9996 5872/1/9996 5871/1/9996
f 5886/1/9997 5871/1/9997 5892/1/9997
f 5892/1/9998 5871/1/9998 5870/1/9998
f 5892/1/9999 5870/1/9999 5893/1/9999
f 5893/1/10000 5870/1/10000 5869/1/10000
f 5893/1/10001 5869/1/10001 5915/1/10001
f 5915/1/10002 5869/1/10002 5868/1/10002
f 5915/1/10003 5868/1/10003 5867/1/10003
f 5867/1/10004 5868/1/10004 5816/1/10004
f 5867/1/10005 5816/1/10005 5815/1/10005
f 4666/1/10006 4720/1/10006 5916/1/10006
f 4666/1/10007 5916/1/10007 5917/1/10007
f 5916/1/10008 5918/1/10008 5917/1/10008
f 5917/1/10009 5918/1/10009 5919/1/10009
f 5917/1/10010 5919/1/10010 5920/1/10010
f 5920/1/10011 5919/1/10011 5921/1/10011
f 5920/1/10012 5921/1/10012 5922/1/10012
f 5922/1/10013 5921/1/10013 5923/1/10013
f 5922/1/10014 5923/1/10014 5393/1/10014
f 5393/1/10015 5923/1/10015 5391/1/10015
f 5391/1/10016 5923/1/10016 5201/1/10016
f 5201/1/10017 5923/1/10017 5921/1/10017
f 5201/1/10018 5921/1/10018 5919/1/10018
f 4718/1/10019 5924/1/10019 5201/1/10019
f 4720/1/10020 4718/1/10020 5916/1/10020
f 5916/1/10021 4718/1/10021 5201/1/10021
f 5916/1/10022 5201/1/10022 5918/1/10022
f 5918/1/10023 5201/1/10023 5919/1/10023
f 5924/1/10024 5925/1/10024 5201/1/10024
f 5201/1/10025 5925/1/10025 5926/1/10025
f 5201/1/10026 5926/1/10026 5927/1/10026
f 5927/1/10027 5928/1/10027 5201/1/10027
f 5201/1/10028 5928/1/10028 5929/1/10028
f 5201/1/10029 5929/1/10029 5200/1/10029
f 5205/1/10030 5420/1/10030 5204/1/10030
f 5204/1/10030 5420/1/10030 5399/1/10030
f 5204/1/10031 5399/1/10031 5203/1/10031
f 5203/1/10031 5399/1/10031 5396/1/10031
f 5203/1/10032 5396/1/10032 5202/1/10032
f 5202/1/10032 5396/1/10032 5394/1/10032
f 5202/1/10033 5394/1/10033 5201/1/10033
f 5201/1/10033 5394/1/10033 5392/1/10033
f 5201/1/10034 5392/1/10034 5391/1/10034
f 5926/1/10035 5925/1/10035 4717/1/10035
f 4717/1/10036 5925/1/10036 5924/1/10036
f 4717/1/10037 5924/1/10037 4718/1/10037
f 4717/1/10038 5688/1/10038 5926/1/10038
f 5926/1/10039 5688/1/10039 5689/1/10039
f 5926/1/10040 5689/1/10040 5927/1/10040
f 5199/1/6852 5200/1/6852 5690/1/6852
f 5690/1/10041 5200/1/10041 5929/1/10041
f 5690/1/10042 5929/1/10042 5689/1/10042
f 5689/1/10043 5929/1/10043 5928/1/10043
f 5689/1/10044 5928/1/10044 5927/1/10044
f 5178/1/7859 4945/1/7859 4944/1/7859
f 4956/1/10045 5828/1/10045 4947/1/10045
f 4947/1/10046 5828/1/10046 5830/1/10046
f 4947/1/10047 5830/1/10047 4948/1/10047
f 4948/1/10048 5830/1/10048 5831/1/10048
f 4948/1/10049 5831/1/10049 4944/1/10049
f 4944/1/10050 5831/1/10050 5832/1/10050
f 4944/1/10051 5832/1/10051 5178/1/10051
f 4722/1/10052 5822/1/10052 4723/1/10052
f 4723/1/10053 5822/1/10053 5820/1/10053
f 4723/1/10054 5820/1/10054 4956/1/10054
f 4956/1/10055 5820/1/10055 5819/1/10055
f 4956/1/10056 5819/1/10056 5828/1/10056
f 4903/1/627 4713/1/627 4904/1/627
f 4904/1/627 4713/1/627 4715/1/627
f 4622/1/10057 4700/1/10057 5930/1/10057
f 5930/1/10057 4700/1/10057 5841/1/10057
f 5930/1/10058 5841/1/10058 5931/1/10058
f 5841/1/10059 5843/1/10059 5931/1/10059
f 5931/1/10060 5843/1/10060 5844/1/10060
f 5931/1/10061 5844/1/10061 5932/1/10061
f 5932/1/10061 5844/1/10061 5835/1/10061
f 5932/1/10062 5835/1/10062 5933/1/10062
f 5933/1/10062 5835/1/10062 4925/1/10062
f 4314/1/10063 5199/1/10063 4296/1/10063
f 4296/1/10064 5199/1/10064 5691/1/10064
f 4296/1/10065 5691/1/10065 4297/1/10065
f 4297/1/10066 5691/1/10066 4298/1/10066
f 4298/1/10067 5691/1/10067 5682/1/10067
f 4298/1/10068 5682/1/10068 4299/1/10068
f 4299/1/8353 5682/1/8353 5680/1/8353
f 4299/1/10069 5680/1/10069 4295/1/10069
f 4295/1/10070 5680/1/10070 1781/1/10070
f 4295/1/10071 1781/1/10071 1782/1/10071
f 4717/1/10072 4719/1/10072 5271/1/10072
f 4717/1/10073 5271/1/10073 5684/1/10073
f 5684/1/10074 5271/1/10074 5272/1/10074
f 5684/1/10075 5272/1/10075 5677/1/10075
f 5677/1/10076 5272/1/10076 5273/1/10076
f 5677/1/10077 5273/1/10077 5678/1/10077
f 5678/1/10078 5273/1/10078 1770/1/10078
f 5678/1/10079 1770/1/10079 1781/1/10079
f 4315/1/1576 1770/1/1576 5274/1/1576
f 4315/1/1576 5274/1/1576 4915/1/1576
f 4915/1/1577 5274/1/1577 5266/1/1577
f 4915/1/1577 5266/1/1577 4914/1/1577
f 4914/1/1578 5266/1/1578 5264/1/1578
f 4914/1/1578 5264/1/1578 4919/1/1578
f 4919/1/1579 5264/1/1579 4963/1/1579
f 4919/1/10080 4963/1/10080 4917/1/10080
f 4702/1/10081 4920/1/10081 4703/1/10081
f 4703/1/10082 4920/1/10082 5179/1/10082
f 4703/1/10083 5179/1/10083 4704/1/10083
f 4704/1/10084 5179/1/10084 5285/1/10084
f 4704/1/10085 5285/1/10085 5287/1/10085
f 5833/1/10086 4706/1/10086 4705/1/10086
f 4705/1/10087 4704/1/10087 5287/1/10087
f 5934/1/10088 5935/1/10088 4705/1/10088
f 5753/1/10089 5934/1/10089 5292/1/10089
f 5292/1/10090 5934/1/10090 4705/1/10090
f 5292/1/10091 4705/1/10091 5291/1/10091
f 5291/1/10092 4705/1/10092 5287/1/10092
f 5935/1/10093 5936/1/10093 4705/1/10093
f 4705/1/10094 5936/1/10094 5937/1/10094
f 4705/1/10086 5937/1/10086 5833/1/10086
f 5833/1/10095 5937/1/10095 5938/1/10095
f 5833/1/10096 5938/1/10096 5834/1/10096
f 5834/1/10097 5938/1/10097 5939/1/10097
f 5834/1/10098 5939/1/10098 5940/1/10098
f 4706/1/10099 5833/1/10099 4707/1/10099
f 4707/1/10099 5833/1/10099 4911/1/10099
f 5615/1/10100 5898/1/10100 5616/1/10100
f 5616/1/10101 5898/1/10101 5941/1/10101
f 4544/1/10102 5942/1/10102 4699/1/10102
f 4699/1/10103 5942/1/10103 5860/1/10103
f 5943/1602/10104 5911/1603/10104 5942/1604/10104
f 5942/1/10105 5911/1/10105 5910/1/10105
f 5942/1/10106 5910/1/10106 5860/1/10106
f 5851/1/10107 5914/1/10107 5944/1/10107
f 5944/1/10108 5914/1/10108 5913/1/10108
f 5944/1605/10109 5913/1606/10109 5943/1607/10109
f 5943/1/10110 5913/1/10110 5912/1/10110
f 5943/1608/10111 5912/1609/10111 5911/1610/10111
f 5944/1/10112 5945/1/10112 5851/1/10112
f 5851/1/10113 5945/1/10113 5946/1/10113
f 5851/1/10114 5946/1/10114 5852/1/10114
f 5852/1/10115 5946/1/10115 5947/1/10115
f 5852/1/10116 5947/1/10116 5894/1/10116
f 5894/1/10117 5947/1/10117 5857/1/10117
f 5857/1/10118 5947/1/10118 5948/1/10118
f 5857/1/10119 5948/1/10119 5858/1/10119
f 5858/1/10120 5948/1/10120 5949/1/10120
f 5858/1/10121 5949/1/10121 5895/1/10121
f 5895/1/10122 5949/1/10122 5950/1/10122
f 5895/1/10123 5950/1/10123 5896/1/10123
f 5941/1/10124 5898/1/10124 5950/1/10124
f 5950/1/10125 5898/1/10125 5897/1/10125
f 5950/1/10126 5897/1/10126 5896/1/10126
f 5614/1611/10127 5880/1612/10127 5615/1613/10127
f 5615/1/10128 5880/1/10128 5879/1/10128
f 5615/1/10129 5879/1/10129 5898/1/10129
f 5393/1/10130 5951/1/10130 5922/1/10130
f 5922/1/10131 5951/1/10131 5952/1/10131
f 5922/1/10132 5952/1/10132 5920/1/10132
f 5920/1/10133 5952/1/10133 5953/1/10133
f 5920/1/10134 5953/1/10134 5917/1/10134
f 5954/1/10135 4443/1/10135 4667/1/10135
f 5393/1/10136 5955/1/10136 5951/1/10136
f 5951/1/10137 5955/1/10137 5956/1/10137
f 5951/1/10138 5956/1/10138 5952/1/10138
f 5952/1/10139 5956/1/10139 5954/1/10139
f 5952/1/10139 5954/1/10139 5953/1/10139
f 5953/1/10140 5954/1/10140 4667/1/10140
f 5953/1/10141 4667/1/10141 5917/1/10141
f 5917/1/10142 4667/1/10142 4666/1/10142
f 4932/1/10143 4933/1/10143 5957/1/10143
f 5957/1/10144 4650/1/10144 5958/1/10144
f 5958/1/10145 4650/1/10145 4652/1/10145
f 5958/1/10146 4652/1/10146 4413/1/10146
f 4933/1/10147 4649/1/10147 5957/1/10147
f 5957/1/10147 4649/1/10147 4648/1/10147
f 5957/1/10148 4648/1/10148 4650/1/10148
f 4931/1/10149 4932/1/10149 5959/1/10149
f 5959/1/10150 4932/1/10150 5957/1/10150
f 5959/1/10151 5957/1/10151 5960/1/10151
f 5960/1/10152 5957/1/10152 5958/1/10152
f 5960/1/10153 5958/1/10153 4413/1/10153
f 4413/1/10154 4644/1/10154 5960/1/10154
f 5960/1/10155 4644/1/10155 4647/1/10155
f 5960/1/10156 4647/1/10156 5959/1/10156
f 5959/1/10157 4647/1/10157 4646/1/10157
f 5959/1/10158 4646/1/10158 4931/1/10158
f 4931/1/10158 4646/1/10158 4645/1/10158
f 4626/1/10159 5961/1/10159 5962/1/10159
f 4625/1/10160 4624/1/10160 5963/1/10160
f 5963/1/10161 4624/1/10161 4623/1/10161
f 5963/1/10162 4623/1/10162 4622/1/10162
f 5964/1/10163 5965/1/10163 5962/1/10163
f 5962/1/10164 5965/1/10164 5966/1/10164
f 5962/1/10165 5966/1/10165 4626/1/10165
f 4626/1/10166 5966/1/10166 4627/1/10166
f 4404/1/10167 4627/1/10167 5967/1/10167
f 5967/1/10168 4627/1/10168 5966/1/10168
f 5967/1/10169 5966/1/10169 5968/1/10169
f 5968/1/10169 5966/1/10169 5965/1/10169
f 5968/1/10170 5965/1/10170 5933/1/10170
f 5964/1/10171 5933/1/10171 5965/1/10171
f 4622/1/10172 5930/1/10172 5963/1/10172
f 5963/1/10173 5930/1/10173 5931/1/10173
f 5963/1/10174 5931/1/10174 5969/1/10174
f 5969/1/10175 5931/1/10175 5932/1/10175
f 5969/1/10176 5932/1/10176 5970/1/10176
f 4626/1/10177 4625/1/10177 5961/1/10177
f 5961/1/10178 4625/1/10178 5963/1/10178
f 5961/1/10179 5963/1/10179 5962/1/10179
f 5962/1/10179 5963/1/10179 5969/1/10179
f 5962/1/10180 5969/1/10180 5964/1/10180
f 5964/1/10180 5969/1/10180 5970/1/10180
f 5964/1/10181 5970/1/10181 5933/1/10181
f 5932/1/10182 5933/1/10182 5970/1/10182
f 4598/1/10183 1480/1/10183 4679/1/10183
f 4616/1/10184 4599/1/10184 4598/1/10184
f 4616/1/10185 4598/1/10185 4594/1/10185
f 4594/1/10186 4598/1/10186 4679/1/10186
f 4594/1/10187 4679/1/10187 4592/1/10187
f 4592/1/10188 4679/1/10188 4673/1/10188
f 4592/1/10189 4673/1/10189 4590/1/10189
f 4590/1/10190 4673/1/10190 1956/1/10190
f 4590/1/10191 1956/1/10191 2033/1/10191
f 4527/1/10192 4526/1/10192 5971/1/10192
f 4525/1/10193 4529/1/10193 5972/1/10193
f 4535/1/10194 4443/1/10194 5954/1/10194
f 5973/1/10195 5974/1/10195 5975/1/10195
f 5976/1/10196 5400/1/10196 5419/1/10196
f 5977/1/10197 5401/1/10197 5418/1/10197
f 5418/1/10198 5441/1/10198 5977/1/10198
f 5977/1/10199 5441/1/10199 5443/1/10199
f 5977/1/10200 5443/1/10200 5978/1/10200
f 5978/1/10201 5443/1/10201 5445/1/10201
f 5978/1/10202 5445/1/10202 5979/1/10202
f 5979/1/10203 5445/1/10203 5447/1/10203
f 5979/1/10204 5447/1/10204 5980/1/10204
f 5980/1/10205 5447/1/10205 4572/1/10205
f 5980/1/10206 4572/1/10206 4429/1/10206
f 5403/1/10207 5401/1/10207 5981/1/10207
f 5982/1/10208 5419/1/10208 5411/1/10208
f 5955/1/10209 5393/1/10209 5395/1/10209
f 5411/1/10210 5983/1/10210 5982/1/10210
f 5982/1/10211 5983/1/10211 5984/1/10211
f 5982/1/10212 5984/1/10212 5985/1/10212
f 5985/1/10213 5984/1/10213 5986/1/10213
f 5985/1/10214 5986/1/10214 5987/1/10214
f 5987/1/10215 5986/1/10215 5972/1/10215
f 5987/1/10216 5972/1/10216 5988/1/10216
f 5989/1/10217 4562/1/10217 4532/1/10217
f 5973/1/10218 5975/1/10218 5990/1/10218
f 5990/1/10219 5975/1/10219 5991/1/10219
f 5990/1/10220 5991/1/10220 5992/1/10220
f 5992/1/10221 5991/1/10221 5989/1/10221
f 5992/1/10222 5989/1/10222 5993/1/10222
f 5993/1/10223 5989/1/10223 4532/1/10223
f 5993/1/10224 4532/1/10224 4537/1/10224
f 4536/1/10225 4535/1/10225 5994/1/10225
f 5994/1/10226 4535/1/10226 5954/1/10226
f 5994/1/10227 5954/1/10227 5995/1/10227
f 5995/1/10228 5954/1/10228 5956/1/10228
f 5995/1/10229 5956/1/10229 5996/1/10229
f 5996/1/10230 5956/1/10230 5955/1/10230
f 5996/1/10231 5955/1/10231 5997/1/10231
f 5997/1/10232 5955/1/10232 5395/1/10232
f 5997/1/10233 5395/1/10233 5397/1/10233
f 5398/1/10234 5974/1/10234 5397/1/10234
f 5397/1/10235 5974/1/10235 5973/1/10235
f 5397/1/10236 5973/1/10236 5997/1/10236
f 5997/1/10237 5973/1/10237 5990/1/10237
f 5997/1/10238 5990/1/10238 5996/1/10238
f 5996/1/10239 5990/1/10239 5992/1/10239
f 5996/1/10240 5992/1/10240 5995/1/10240
f 5995/1/10241 5992/1/10241 5993/1/10241
f 5995/1/10242 5993/1/10242 5994/1/10242
f 5994/1/10243 5993/1/10243 4537/1/10243
f 5994/1/10244 4537/1/10244 4536/1/10244
f 5398/1/10245 5400/1/10245 5974/1/10245
f 5974/1/10246 5400/1/10246 5976/1/10246
f 5974/1/10247 5976/1/10247 5975/1/10247
f 5975/1/10248 5976/1/10248 5998/1/10248
f 5975/1/10249 5998/1/10249 5991/1/10249
f 5991/1/10250 5998/1/10250 5999/1/10250
f 5991/1/10251 5999/1/10251 5989/1/10251
f 5989/1/10252 5999/1/10252 6000/1/10252
f 5989/1/10253 6000/1/10253 4562/1/10253
f 4562/1/10254 6000/1/10254 4563/1/10254
f 5972/1/10255 4529/1/10255 5988/1/10255
f 5988/1/10256 4529/1/10256 4530/1/10256
f 5988/1/10257 4530/1/10257 4531/1/10257
f 5419/1/10258 5982/1/10258 5976/1/10258
f 5976/1/10259 5982/1/10259 5985/1/10259
f 5976/1/10260 5985/1/10260 5998/1/10260
f 5998/1/10261 5985/1/10261 5987/1/10261
f 5998/1/10262 5987/1/10262 5999/1/10262
f 5999/1/10263 5987/1/10263 5988/1/10263
f 5999/1/10264 5988/1/10264 6000/1/10264
f 6000/1/10265 5988/1/10265 4531/1/10265
f 6000/1/10266 4531/1/10266 4563/1/10266
f 5411/1/10267 5403/1/10267 5983/1/10267
f 5983/1/10268 5403/1/10268 5981/1/10268
f 5983/1/10269 5981/1/10269 5984/1/10269
f 5984/1/10270 5981/1/10270 6001/1/10270
f 5984/1/10271 6001/1/10271 5986/1/10271
f 5986/1/10272 6001/1/10272 6002/1/10272
f 5986/1/10273 6002/1/10273 5972/1/10273
f 5972/1/10274 6002/1/10274 5971/1/10274
f 5972/1/10275 5971/1/10275 4525/1/10275
f 4525/1/10276 5971/1/10276 4526/1/10276
f 5401/1/10277 5977/1/10277 5981/1/10277
f 5981/1/10278 5977/1/10278 5978/1/10278
f 5981/1/10279 5978/1/10279 6001/1/10279
f 6001/1/10280 5978/1/10280 5979/1/10280
f 6001/1/10281 5979/1/10281 6002/1/10281
f 6002/1/10282 5979/1/10282 5980/1/10282
f 6002/1/10283 5980/1/10283 5971/1/10283
f 5971/1/10284 5980/1/10284 4429/1/10284
f 5971/1/10285 4429/1/10285 4527/1/10285
f 5436/1/10286 5427/1/10286 6003/1/10286
f 5490/1/10287 5497/1/10287 5748/1/10287
f 5747/1/10288 6004/1/10288 5748/1/10288
f 5535/1/10289 5536/1/10289 6005/1/10289
f 4572/1/10290 6006/1/10290 4522/1/10290
f 4522/1/10291 6006/1/10291 6007/1/10291
f 4522/1/10292 6007/1/10292 6008/1/10292
f 4517/1/10293 4524/1/10293 6008/1/10293
f 6008/1/10294 4524/1/10294 4523/1/10294
f 6008/1/10295 4523/1/10295 4522/1/10295
f 6009/1/10296 6010/1/10296 4517/1/10296
f 4517/1/10297 6010/1/10297 4518/1/10297
f 4508/1/10298 4507/1/10298 5500/1/10298
f 5500/1/10299 4507/1/10299 6011/1/10299
f 5500/1/10300 6011/1/10300 5501/1/10300
f 5501/1/10301 6011/1/10301 6012/1/10301
f 5540/1/10302 5538/1/10302 6013/1/10302
f 6013/1/10303 5538/1/10303 6014/1/10303
f 6015/1/10304 6014/1/10304 6016/1/10304
f 6016/1/10305 6014/1/10305 5538/1/10305
f 6016/1/10306 5538/1/10306 6012/1/10306
f 6012/1/10307 5538/1/10307 5537/1/10307
f 6012/1/10308 5537/1/10308 5501/1/10308
f 5535/1/10309 6005/1/10309 5534/1/10309
f 5532/1/10310 5534/1/10310 5696/1/10310
f 5696/1/10311 5534/1/10311 5775/1/10311
f 6017/1/10312 5772/1/10312 6018/1/10312
f 6018/1/10313 5772/1/10313 5773/1/10313
f 6018/1/10314 5773/1/10314 6019/1/10314
f 6019/1/10315 5773/1/10315 5774/1/10315
f 6019/1/10316 5774/1/10316 6020/1/10316
f 6021/1/10317 5770/1/10317 5771/1/10317
f 6022/1/10318 5769/1/10318 5768/1/10318
f 6023/1/10319 5766/1/10319 5765/1/10319
f 5623/1/10320 5622/1/10320 6024/1/10320
f 6024/1/10321 5622/1/10321 5626/1/10321
f 6024/1/10322 5626/1/10322 5625/1/10322
f 6004/1/10323 5747/1/10323 6025/1/10323
f 5747/1/10324 5746/1/10324 6025/1/10324
f 6025/1/10325 5746/1/10325 5745/1/10325
f 6025/1/10326 5745/1/10326 6026/1/10326
f 6026/1/10327 5745/1/10327 5744/1/10327
f 6026/1/10328 5744/1/10328 6027/1/10328
f 5490/1/10329 5748/1/10329 5491/1/10329
f 5383/1/10330 5387/1/10330 6028/1/10330
f 6028/1/10331 5387/1/10331 5439/1/10331
f 6028/1/10332 5439/1/10332 5438/1/10332
f 5436/1/10333 6003/1/10333 5437/1/10333
f 6028/1/10334 6029/1/10334 5383/1/10334
f 5383/1/10335 6029/1/10335 6030/1/10335
f 5383/1/10336 6030/1/10336 5384/1/10336
f 6030/1/10337 5474/1/10337 5384/1/10337
f 5384/1/10338 5474/1/10338 5485/1/10338
f 5384/1/10339 5485/1/10339 5385/1/10339
f 5385/1/10340 5485/1/10340 5386/1/10340
f 5464/1/10341 5463/1/10341 6031/1/10341
f 6031/1/10342 5463/1/10342 5476/1/10342
f 6031/1/10343 5476/1/10343 5475/1/10343
f 5454/1/10344 5465/1/10344 6032/1/10344
f 6033/1/10345 5448/1/10345 6034/1/10345
f 6034/1/10346 5448/1/10346 5449/1/10346
f 5475/1/10347 5474/1/10347 6031/1/10347
f 6031/1/10348 5474/1/10348 6030/1/10348
f 6031/1/10349 6030/1/10349 6035/1/10349
f 6035/1/10350 6030/1/10350 6029/1/10350
f 6035/1/10351 6029/1/10351 6036/1/10351
f 6036/1/10352 6029/1/10352 6028/1/10352
f 6036/1/10353 6028/1/10353 6037/1/10353
f 6037/1/10354 6028/1/10354 6038/1/10354
f 6037/1/10355 6038/1/10355 6039/1/10355
f 6039/1/10356 6038/1/10356 6040/1/10356
f 6039/1/10357 6040/1/10357 6041/1/10357
f 6041/1/10358 6040/1/10358 6042/1/10358
f 6041/1/10359 6042/1/10359 6043/1/10359
f 6043/1/10360 6042/1/10360 6044/1/10360
f 6045/1/10361 6044/1/10361 6046/1/10361
f 6046/1/10362 6044/1/10362 6042/1/10362
f 6046/1/10363 6042/1/10363 6047/1/10363
f 6047/1/10364 6042/1/10364 6040/1/10364
f 6047/1/10365 6040/1/10365 6048/1/10365
f 6048/1/10366 6040/1/10366 6038/1/10366
f 6048/1/10367 6038/1/10367 6003/1/10367
f 6003/1/10368 6038/1/10368 6028/1/10368
f 6003/1/10369 6028/1/10369 5437/1/10369
f 5437/1/10370 6028/1/10370 5438/1/10370
f 5427/1/10371 5491/1/10371 6003/1/10371
f 6003/1/10372 5491/1/10372 5748/1/10372
f 6003/1/10373 5748/1/10373 6048/1/10373
f 6048/1/10374 5748/1/10374 6004/1/10374
f 6048/1/10375 6004/1/10375 6047/1/10375
f 6047/1/10376 6004/1/10376 6025/1/10376
f 6047/1/10377 6025/1/10377 6046/1/10377
f 6046/1/10378 6025/1/10378 6026/1/10378
f 6046/1/10379 6026/1/10379 6045/1/10379
f 6045/1/10380 6026/1/10380 6027/1/10380
f 5536/1/10381 5540/1/10381 6005/1/10381
f 6005/1/10382 5540/1/10382 6013/1/10382
f 6005/1/10383 6013/1/10383 6049/1/10383
f 6049/1/10384 6013/1/10384 6014/1/10384
f 6049/1/10385 6014/1/10385 6050/1/10385
f 6050/1/10386 6014/1/10386 6015/1/10386
f 6051/1/10387 6052/1/10387 6053/1/10387
f 6053/1/10388 6052/1/10388 6054/1/10388
f 6053/1/10389 6054/1/10389 6055/1/10389
f 6055/1/10390 6054/1/10390 6024/1/10390
f 6055/1/10391 6024/1/10391 6023/1/10391
f 6023/1/10392 6024/1/10392 5625/1/10392
f 6023/1/10393 5625/1/10393 5766/1/10393
f 5766/1/10394 5625/1/10394 5639/1/10394
f 5766/1/10395 5639/1/10395 5767/1/10395
f 5767/1/10396 5639/1/10396 5640/1/10396
f 5767/1/10397 5640/1/10397 5641/1/10397
f 6056/1/10398 6017/1/10398 6050/1/10398
f 6050/1/10399 6017/1/10399 6018/1/10399
f 6050/1/10400 6018/1/10400 6049/1/10400
f 6049/1/10401 6018/1/10401 6019/1/10401
f 6049/1/10402 6019/1/10402 6005/1/10402
f 6005/1/10403 6019/1/10403 6020/1/10403
f 6005/1/10404 6020/1/10404 5534/1/10404
f 5534/1/10405 6020/1/10405 5774/1/10405
f 5534/1/10406 5774/1/10406 5775/1/10406
f 6009/1/10407 6057/1/10407 6010/1/10407
f 6010/1/10408 6057/1/10408 6058/1/10408
f 6010/1/10409 6058/1/10409 4518/1/10409
f 4518/1/10410 6058/1/10410 4511/1/10410
f 6059/1/10411 6060/1/10411 6061/1/10411
f 6061/1/10412 6060/1/10412 6062/1/10412
f 6061/1/10413 6062/1/10413 6063/1/10413
f 6063/1/10414 6062/1/10414 6064/1/10414
f 6065/1/10415 6066/1/10415 6067/1/10415
f 6067/1/10416 6066/1/10416 6068/1/10416
f 6067/1/10417 6068/1/10417 6069/1/10417
f 6069/1/10418 6068/1/10418 6070/1/10418
f 6069/1/10419 6070/1/10419 6071/1/10419
f 6071/1/10420 6070/1/10420 6072/1/10420
f 6071/1/10421 6072/1/10421 6073/1/10421
f 6073/1/10422 6072/1/10422 6022/1/10422
f 6073/1/10423 6022/1/10423 6021/1/10423
f 6021/1/10424 6022/1/10424 5768/1/10424
f 6021/1/10425 5768/1/10425 5770/1/10425
f 4513/1/10426 4511/1/10426 6074/1/10426
f 6074/1/10427 4511/1/10427 6058/1/10427
f 6074/1/10428 6058/1/10428 6075/1/10428
f 4507/1/10429 4513/1/10429 6011/1/10429
f 6011/1/10430 4513/1/10430 6074/1/10430
f 6011/1/10431 6074/1/10431 6012/1/10431
f 6012/1/10432 6074/1/10432 6075/1/10432
f 6012/1/10433 6075/1/10433 6016/1/10433
f 6016/1/10434 6075/1/10434 6076/1/10434
f 6016/1/10435 6076/1/10435 6015/1/10435
f 6015/1/10436 6076/1/10436 6077/1/10436
f 6015/1/10437 6077/1/10437 6050/1/10437
f 6050/1/10438 6077/1/10438 6078/1/10438
f 6050/1/10439 6078/1/10439 6056/1/10439
f 6058/1/10440 6065/1/10440 6075/1/10440
f 6075/1/10441 6065/1/10441 6067/1/10441
f 6075/1/10442 6067/1/10442 6076/1/10442
f 6076/1/10443 6067/1/10443 6069/1/10443
f 6076/1/10444 6069/1/10444 6077/1/10444
f 6077/1/10445 6069/1/10445 6071/1/10445
f 6077/1/10446 6071/1/10446 6078/1/10446
f 6078/1/10447 6071/1/10447 6073/1/10447
f 6078/1/10448 6073/1/10448 6056/1/10448
f 6056/1/10449 6073/1/10449 6021/1/10449
f 6056/1/10450 6021/1/10450 6017/1/10450
f 6017/1/10451 6021/1/10451 5771/1/10451
f 6017/1/10452 5771/1/10452 5772/1/10452
f 4572/1/10453 5448/1/10453 6006/1/10453
f 6006/1/10454 5448/1/10454 6033/1/10454
f 6006/1/10455 6033/1/10455 6007/1/10455
f 6007/1/10456 6033/1/10456 6079/1/10456
f 6007/1/10457 6079/1/10457 6008/1/10457
f 6008/1/10458 6079/1/10458 6080/1/10458
f 6008/1/10459 6080/1/10459 6059/1/10459
f 6081/1/10460 6082/1/10460 6083/1/10460
f 6083/1/10461 6082/1/10461 6080/1/10461
f 6083/1/10462 6080/1/10462 6084/1/10462
f 6084/1/10463 6080/1/10463 6079/1/10463
f 6084/1/10464 6079/1/10464 6085/1/10464
f 6085/1/10465 6079/1/10465 6033/1/10465
f 6085/1/10466 6033/1/10466 6032/1/10466
f 6032/1/10467 6033/1/10467 6034/1/10467
f 6032/1/10468 6034/1/10468 5454/1/10468
f 5454/1/10469 6034/1/10469 5449/1/10469
f 6086/1/10470 6087/1/10470 6081/1/10470
f 6081/1/10471 6087/1/10471 6088/1/10471
f 6081/1/10472 6088/1/10472 6082/1/10472
f 6059/1/10473 6080/1/10473 6060/1/10473
f 6060/1/10474 6080/1/10474 6082/1/10474
f 6060/1/10475 6082/1/10475 6062/1/10475
f 6062/1/10476 6082/1/10476 6088/1/10476
f 6062/1/10477 6088/1/10477 6064/1/10477
f 6064/1/10478 6088/1/10478 6087/1/10478
f 6064/1/10479 6087/1/10479 6051/1/10479
f 6051/1/10480 6087/1/10480 6089/1/10480
f 6051/1/10481 6089/1/10481 6052/1/10481
f 4517/1/10482 6008/1/10482 6009/1/10482
f 6009/1/10483 6008/1/10483 6059/1/10483
f 6009/1/10484 6059/1/10484 6057/1/10484
f 6057/1/10485 6059/1/10485 6061/1/10485
f 6057/1/10486 6061/1/10486 6058/1/10486
f 6058/1/10487 6061/1/10487 6063/1/10487
f 6058/1/10488 6063/1/10488 6065/1/10488
f 6065/1/10489 6063/1/10489 6064/1/10489
f 6065/1/10490 6064/1/10490 6066/1/10490
f 6066/1/10491 6064/1/10491 6051/1/10491
f 6066/1/10492 6051/1/10492 6068/1/10492
f 6068/1/10493 6051/1/10493 6053/1/10493
f 6068/1/10494 6053/1/10494 6070/1/10494
f 6070/1/10495 6053/1/10495 6055/1/10495
f 6070/1/10496 6055/1/10496 6072/1/10496
f 6072/1/10497 6055/1/10497 6023/1/10497
f 6072/1/10498 6023/1/10498 6022/1/10498
f 6022/1/10499 6023/1/10499 5765/1/10499
f 6022/1/10500 5765/1/10500 5769/1/10500
f 5465/1/10501 5464/1/10501 6032/1/10501
f 6032/1/10502 5464/1/10502 6031/1/10502
f 6032/1/10503 6031/1/10503 6085/1/10503
f 6085/1/10504 6031/1/10504 6035/1/10504
f 6085/1/10505 6035/1/10505 6084/1/10505
f 6084/1/10506 6035/1/10506 6036/1/10506
f 6084/1/10507 6036/1/10507 6083/1/10507
f 6083/1/10508 6036/1/10508 6037/1/10508
f 6083/1/10509 6037/1/10509 6081/1/10509
f 6081/1/10510 6037/1/10510 6039/1/10510
f 6081/1/10511 6039/1/10511 6086/1/10511
f 6086/1/10512 6039/1/10512 6041/1/10512
f 6086/1/10513 6041/1/10513 6087/1/10513
f 6087/1/10514 6041/1/10514 6043/1/10514
f 6087/1/10515 6043/1/10515 6089/1/10515
f 6089/1/10516 6043/1/10516 6044/1/10516
f 6089/1/10517 6044/1/10517 6052/1/10517
f 6052/1/10518 6044/1/10518 6045/1/10518
f 6052/1/10519 6045/1/10519 6054/1/10519
f 6054/1/10520 6045/1/10520 6027/1/10520
f 6054/1/10521 6027/1/10521 6024/1/10521
f 6024/1/10522 6027/1/10522 5744/1/10522
f 6024/1/10523 5744/1/10523 5623/1/10523
f 4503/1614/10524 4506/1615/10524 6090/1616/10524
f 5547/1/10525 5606/1/10525 5543/1/10525
f 5543/1/10526 5606/1/10526 6091/1/10526
f 5543/1/10527 6091/1/10527 5584/1/10527
f 5584/1/10528 6091/1/10528 6092/1/10528
f 5584/1/10529 6092/1/10529 5583/1/10529
f 5583/1/10530 6092/1/10530 6093/1/10530
f 5583/1/10531 6093/1/10531 5582/1/10531
f 5582/1/10532 6093/1/10532 5581/1/10532
f 5581/1/10533 6093/1/10533 6094/1/10533
f 5581/1/10534 6094/1/10534 5580/1/10534
f 6095/1617/10535 5578/1597/10535 6096/1618/10535
f 6096/1618/10536 5578/1597/10536 5579/1600/10536
f 6096/1618/10537 5579/1600/10537 6097/1619/10537
f 6097/1/10538 5579/1/10538 5580/1/10538
f 6097/1/10539 5580/1/10539 6098/1/10539
f 6098/1/10540 5580/1/10540 6094/1/10540
f 6099/1620/10541 5575/1592/10541 6100/1621/10541
f 6100/1622/10542 5575/1623/10542 5576/1624/10542
f 6100/1622/10543 5576/1624/10543 6095/1617/10543
f 6095/1617/10544 5576/1624/10544 5577/1595/10544
f 6095/1617/10545 5577/1595/10545 5578/1597/10545
f 5574/1589/10546 6101/1625/10546 5573/1587/10546
f 5573/1626/10547 6101/1627/10547 4509/1512/10547
f 5573/1626/10548 4509/1512/10548 4508/1628/10548
f 4505/1490/10549 4509/1512/10549 6102/1629/10549
f 6102/1629/10550 4509/1512/10550 6101/1627/10550
f 6102/1629/10551 6101/1627/10551 6099/1630/10551
f 6099/1620/10552 6101/1625/10552 5574/1589/10552
f 6099/1620/10553 5574/1589/10553 5575/1592/10553
f 5942/1/10554 4544/1/10554 4543/1/10554
f 4543/1631/10555 6103/1632/10555 5942/1633/10555
f 5942/1633/10556 6103/1632/10556 6104/1634/10556
f 5942/1633/10557 6104/1634/10557 5943/1635/10557
f 5946/1/10558 5945/1/10558 6105/1/10558
f 6105/1/10559 5945/1/10559 5944/1/10559
f 6105/1636/10560 5944/1637/10560 6106/1638/10560
f 6106/1639/10561 5944/1605/10561 5943/1607/10561
f 6106/1640/10562 5943/1635/10562 6107/1641/10562
f 6107/1641/10563 5943/1635/10563 6104/1634/10563
f 5946/1/10564 6105/1/10564 5947/1/10564
f 5947/1/10565 6105/1/10565 6108/1/10565
f 5947/1/10566 6108/1/10566 5948/1/10566
f 6109/1/10567 5950/1/10567 6110/1/10567
f 6110/1/10568 5950/1/10568 5949/1/10568
f 6110/1/10569 5949/1/10569 6111/1/10569
f 6111/1/10570 5949/1/10570 6112/1/10570
f 5588/1/10571 5586/1/10571 6113/1/10571
f 6113/1/10572 5586/1/10572 5585/1/10572
f 6113/1/10573 5585/1/10573 6114/1/10573
f 6114/1/10574 5585/1/10574 5616/1/10574
f 6114/1/10575 5616/1/10575 6109/1/10575
f 6109/1/10576 5616/1/10576 5941/1/10576
f 6109/1/10577 5941/1/10577 5950/1/10577
f 4501/1484/10578 4503/1614/10578 6115/1642/10578
f 6115/1642/10579 4503/1614/10579 6090/1616/10579
f 6115/1642/10580 6090/1616/10580 6116/1643/10580
f 6116/1643/10581 6090/1616/10581 6117/1644/10581
f 6116/1643/10582 6117/1644/10582 6118/1645/10582
f 6118/1645/10583 6117/1644/10583 6119/1646/10583
f 6118/1647/10584 6119/1648/10584 6120/1649/10584
f 6120/1650/10585 6119/1651/10585 6121/1652/10585
f 6120/1650/10586 6121/1652/10586 6122/1653/10586
f 4499/1482/10587 4501/1484/10587 6123/1654/10587
f 6123/1654/10588 4501/1484/10588 6115/1642/10588
f 6123/1654/10589 6115/1642/10589 6124/1655/10589
f 6124/1655/10590 6115/1642/10590 6116/1643/10590
f 6124/1656/10591 6116/1657/10591 6125/1658/10591
f 6125/1658/10592 6116/1657/10592 6118/1659/10592
f 6125/1660/10593 6118/1661/10593 6126/1662/10593
f 6126/1662/10594 6118/1661/10594 6120/1650/10594
f 6126/1662/10595 6120/1650/10595 6127/1663/10595
f 6127/1663/10596 6120/1650/10596 6122/1653/10596
f 6127/1/10597 6122/1/10597 6112/1/10597
f 6112/1/10598 6122/1/10598 6128/1/10598
f 6112/1/10599 6128/1/10599 6111/1/10599
f 6111/1/10600 6128/1/10600 6129/1/10600
f 6111/1/10601 6129/1/10601 6110/1/10601
f 6110/1/10602 6129/1/10602 6130/1/10602
f 6110/1/10603 6130/1/10603 6109/1/10603
f 6109/1/10604 6130/1/10604 6131/1/10604
f 6109/1/10605 6131/1/10605 6114/1/10605
f 6114/1/10606 6131/1/10606 6132/1/10606
f 6114/1/10607 6132/1/10607 6113/1/10607
f 6113/1/10608 6132/1/10608 6133/1/10608
f 6113/1/10609 6133/1/10609 5588/1/10609
f 5588/1/10610 6133/1/10610 5612/1/10610
f 4543/1503/10611 4499/1482/10611 6103/1664/10611
f 6103/1664/10612 4499/1482/10612 6123/1654/10612
f 6103/1632/10613 6123/1665/10613 6104/1634/10613
f 6104/1634/10614 6123/1665/10614 6124/1656/10614
f 6104/1634/10615 6124/1656/10615 6107/1641/10615
f 6107/1641/10616 6124/1656/10616 6125/1658/10616
f 6107/1641/10617 6125/1658/10617 6106/1640/10617
f 6106/1666/10618 6125/1660/10618 6126/1662/10618
f 6106/1666/10619 6126/1662/10619 6105/1667/10619
f 6105/1667/10620 6126/1662/10620 6127/1663/10620
f 6105/1/10621 6127/1/10621 6108/1/10621
f 6108/1/10622 6127/1/10622 6112/1/10622
f 6108/1/10623 6112/1/10623 5948/1/10623
f 5948/1/10624 6112/1/10624 5949/1/10624
f 4506/1491/10625 4505/1490/10625 6090/1668/10625
f 6090/1668/10626 4505/1490/10626 6102/1629/10626
f 6090/1616/10627 6102/1669/10627 6117/1644/10627
f 6117/1644/10628 6102/1669/10628 6099/1670/10628
f 6117/1644/10629 6099/1670/10629 6119/1646/10629
f 6119/1648/10630 6099/1671/10630 6100/1622/10630
f 6119/1648/10631 6100/1622/10631 6121/1672/10631
f 6121/1672/10632 6100/1622/10632 6095/1617/10632
f 6121/1652/10633 6095/1673/10633 6122/1653/10633
f 6122/1674/10634 6095/1617/10634 6096/1618/10634
f 6122/1653/10635 6096/1675/10635 6128/1676/10635
f 6128/1676/10636 6096/1675/10636 6097/1677/10636
f 6128/1/10637 6097/1/10637 6129/1/10637
f 6129/1/10638 6097/1/10638 6098/1/10638
f 6129/1/10639 6098/1/10639 6130/1/10639
f 6130/1/10640 6098/1/10640 6094/1/10640
f 6130/1/10641 6094/1/10641 6131/1/10641
f 6131/1/10642 6094/1/10642 6093/1/10642
f 6131/1/10643 6093/1/10643 6132/1/10643
f 6132/1/10644 6093/1/10644 6092/1/10644
f 6132/1/10645 6092/1/10645 6133/1/10645
f 6133/1/10646 6092/1/10646 6091/1/10646
f 6133/1/10647 6091/1/10647 5612/1/10647
f 5612/1/10648 6091/1/10648 5606/1/10648
f 4908/1/627 5834/1/627 4909/1/627
f 4909/1/627 5834/1/627 5940/1/627
f 4909/1/627 5940/1/627 4649/1/627
f 4649/1/627 5940/1/627 4460/1/627
f 4649/1/627 4460/1/627 4462/1/627
f 4462/1/627 4464/1/627 4649/1/627
f 4649/1/627 4464/1/627 4466/1/627
f 4649/1/627 4466/1/627 4468/1/627
f 4461/1/10649 4460/1/10649 5940/1/10649
f 5940/1/10650 5939/1/10650 6134/1/10650
f 6134/1/10651 5939/1/10651 5938/1/10651
f 6134/1/10652 5938/1/10652 6135/1/10652
f 6135/1/10653 5938/1/10653 5937/1/10653
f 6135/1/10654 5937/1/10654 6136/1/10654
f 5937/1/10655 5936/1/10655 6136/1/10655
f 6136/1/10656 5936/1/10656 5935/1/10656
f 6136/1/10657 5935/1/10657 6137/1/10657
f 6137/1/10658 5935/1/10658 5934/1/10658
f 6137/1/10659 5934/1/10659 6138/1/10659
f 6138/1/10660 5934/1/10660 5753/1/10660
f 6138/1/10661 5753/1/10661 6139/1/10661
f 5940/1/10662 6134/1/10662 4461/1/10662
f 4461/1/10663 6134/1/10663 6135/1/10663
f 4461/1/10664 6135/1/10664 4553/1/10664
f 4553/1/10665 6135/1/10665 6136/1/10665
f 4553/1/10666 6136/1/10666 4554/1/10666
f 4554/1/10667 6136/1/10667 6137/1/10667
f 4554/1/10668 6137/1/10668 4450/1/10668
f 4450/1/10669 6137/1/10669 6138/1/10669
f 4450/1/10670 6138/1/10670 4451/1/10670
f 4451/1/10671 6138/1/10671 6139/1/10671
f 4451/1/10672 6139/1/10672 4452/1/10672
f 6140/1/10673 6141/1/10673 6142/1/10673
f 4453/1/10674 4452/1/10674 6139/1/10674
f 6142/1/10675 4449/1/10675 4448/1/10675
f 6141/1/10676 6140/1/10676 6143/1/10676
f 6143/1/10677 6140/1/10677 6144/1/10677
f 6143/1/10678 6144/1/10678 6145/1/10678
f 6146/1/10679 6147/1/10679 6148/1/10679
f 6148/1/10680 6147/1/10680 6149/1/10680
f 6146/1/10681 6150/1/10681 4453/1/10681
f 5754/1/10682 5755/1/10682 6149/1/10682
f 6149/1/10683 5755/1/10683 5756/1/10683
f 6149/1/10684 5756/1/10684 6148/1/10684
f 5258/1/10685 6145/1/10685 5757/1/10685
f 5757/1/10686 6145/1/10686 6144/1/10686
f 5757/1/10687 6144/1/10687 5756/1/10687
f 6146/1/10688 4453/1/10688 6147/1/10688
f 6147/1/10689 4453/1/10689 6139/1/10689
f 6147/1/10690 6139/1/10690 6149/1/10690
f 6149/1/10691 6139/1/10691 5753/1/10691
f 6149/1/10692 5753/1/10692 5754/1/10692
f 5756/1/10693 6144/1/10693 6148/1/10693
f 6148/1/10694 6144/1/10694 6140/1/10694
f 6148/1/10695 6140/1/10695 6146/1/10695
f 6146/1/10696 6140/1/10696 6142/1/10696
f 6146/1/10697 6142/1/10697 6150/1/10697
f 6150/1/10698 6142/1/10698 4448/1/10698
f 6150/1/10699 4448/1/10699 4453/1/10699
f 6151/1/10700 5260/1/10700 4934/1/10700
f 5258/1/10701 5260/1/10701 6145/1/10701
f 6145/1/10702 5260/1/10702 6151/1/10702
f 6145/1/10703 6151/1/10703 6143/1/10703
f 6143/1/10704 6151/1/10704 6152/1/10704
f 4445/1/10705 4449/1/10705 6153/1/10705
f 6153/1/10706 4449/1/10706 6142/1/10706
f 6153/1/10707 6142/1/10707 6152/1/10707
f 6152/1/10708 6142/1/10708 6141/1/10708
f 6152/1/10709 6141/1/10709 6143/1/10709
f 4446/1/10710 4445/1/10710 6154/1/10710
f 6154/1/10711 4445/1/10711 6153/1/10711
f 6154/1/10712 6153/1/10712 6155/1/10712
f 6155/1/10713 6153/1/10713 6152/1/10713
f 6155/1/10714 6152/1/10714 6156/1/10714
f 6156/1/10715 6152/1/10715 6151/1/10715
f 6156/1/10716 6151/1/10716 6157/1/10716
f 6157/1/10717 6151/1/10717 4934/1/10717
f 4936/1/10718 4938/1/10718 6158/1/10718
f 6157/1/10719 4934/1/10719 4936/1/10719
f 4942/1/10720 4941/1/10720 6159/1/10720
f 6159/1/10721 4941/1/10721 6160/1/10721
f 6159/1/10722 6160/1/10722 6161/1/10722
f 6161/1/10723 6160/1/10723 6162/1/10723
f 6157/1/10724 4936/1/10724 6163/1/10724
f 6163/1/10725 4936/1/10725 6158/1/10725
f 6163/1/10726 6158/1/10726 6164/1/10726
f 4938/1/10727 4942/1/10727 6158/1/10727
f 6158/1/10728 4942/1/10728 6159/1/10728
f 6158/1/10729 6159/1/10729 6164/1/10729
f 6164/1/10730 6159/1/10730 6161/1/10730
f 6164/1/10731 6161/1/10731 6165/1/10731
f 6162/1/10732 4438/1/10732 6161/1/10732
f 6161/1/10733 4438/1/10733 4437/1/10733
f 6161/1/10734 4437/1/10734 6165/1/10734
f 6165/1/10735 4437/1/10735 4436/1/10735
f 4436/1/10736 4446/1/10736 6165/1/10736
f 6165/1/10737 4446/1/10737 6154/1/10737
f 6165/1/10738 6154/1/10738 6164/1/10738
f 6164/1/10739 6154/1/10739 6155/1/10739
f 6164/1/10740 6155/1/10740 6163/1/10740
f 6163/1/10741 6155/1/10741 6156/1/10741
f 6163/1/10742 6156/1/10742 6157/1/10742
f 4439/1/10743 4438/1/10743 6162/1/10743
f 5261/1/10744 4662/1/10744 4665/1/10744
f 5261/1/10745 4665/1/10745 5262/1/10745
f 4440/1/10746 4439/1/10746 4665/1/10746
f 4665/1/10747 4439/1/10747 6162/1/10747
f 4665/1/10748 6162/1/10748 5262/1/10748
f 5262/1/10749 6162/1/10749 6160/1/10749
f 5262/1/10750 6160/1/10750 4941/1/10750
f 4411/1/10751 6166/1/10751 4412/1/10751
f 4477/1/10752 6167/1/10752 4470/1/10752
f 4470/1/10753 6167/1/10753 4669/1/10753
f 4411/1/10754 4410/1/10754 6166/1/10754
f 6166/1/10755 4410/1/10755 4669/1/10755
f 6166/1/10756 4669/1/10756 6168/1/10756
f 6168/1/10757 4669/1/10757 6167/1/10757
f 4412/1/10758 6166/1/10758 4657/1/10758
f 4657/1/10759 6166/1/10759 6168/1/10759
f 4657/1/10760 6168/1/10760 4658/1/10760
f 4658/1/10761 6168/1/10761 6167/1/10761
f 4658/1/10762 6167/1/10762 4659/1/10762
f 4659/1/10763 6167/1/10763 4477/1/10763
f 4659/1/10764 4477/1/10764 4476/1/10764
f 4340/1/10765 4338/1/10765 4404/1/10765
f 5968/1/10766 5933/1/10766 4320/1/10766
f 4320/1/10767 4347/1/10767 5968/1/10767
f 5968/1/10768 4347/1/10768 4340/1/10768
f 5968/1/10769 4340/1/10769 5967/1/10769
f 5967/1/10770 4340/1/10770 4404/1/10770
f 4320/1/10771 5933/1/10771 4712/1/10771
f 4712/1/10771 5933/1/10771 4925/1/10771
f 4320/1/10772 4712/1/10772 4316/1/10772
f 4316/1/10773 4712/1/10773 4409/1/10773
f 4316/1/10774 4409/1/10774 4317/1/10774
f 6169/1/1 6170/1/1 6171/1/1
f 6171/1/1 6170/1/1 6172/1/1
f 6171/1/1 6172/1/1 6173/1/1
f 6174/1/1 6175/1/1 6171/1/1
f 6171/1/1 6175/1/1 6176/1/1
f 6171/1/1 6176/1/1 6169/1/1
f 6177/1/1 6178/1/1 6171/1/1
f 6171/1/1 6178/1/1 6179/1/1
f 6171/1/1 6179/1/1 6174/1/1
f 6173/1/1 6180/1/1 6171/1/1
f 6171/1/1 6180/1/1 6181/1/1
f 6171/1/1 6181/1/1 6177/1/1
f 6182/1/8409 6172/1/8409 6183/1/8409
f 6183/1/8409 6172/1/8409 6170/1/8409
f 6183/1/5536 6170/1/5536 6184/1/5536
f 6184/1/5536 6170/1/5536 6169/1/5536
f 6184/1/8410 6169/1/8410 6185/1/8410
f 6185/1/8410 6169/1/8410 6176/1/8410
f 6185/1/3642 6176/1/3642 6186/1/3642
f 6186/1/3642 6176/1/3642 6175/1/3642
f 6186/1/3643 6175/1/3643 6187/1/3643
f 6187/1/3643 6175/1/3643 6174/1/3643
f 6187/1/3161 6174/1/3161 6188/1/3161
f 6188/1/3161 6174/1/3161 6179/1/3161
f 6188/1/3644 6179/1/3644 6189/1/3644
f 6189/1/3644 6179/1/3644 6178/1/3644
f 6189/1/3645 6178/1/3645 6190/1/3645
f 6190/1/3645 6178/1/3645 6177/1/3645
f 6190/1/3646 6177/1/3646 6191/1/3646
f 6191/1/3646 6177/1/3646 6181/1/3646
f 6191/1/4258 6181/1/4258 6192/1/4258
f 6192/1/4258 6181/1/4258 6180/1/4258
f 6192/1/10775 6180/1/10775 6193/1/10775
f 6193/1/10775 6180/1/10775 6173/1/10775
f 6193/1/10776 6173/1/10776 6182/1/10776
f 6182/1/10776 6173/1/10776 6172/1/10776
f 6193/1/5507 6194/1/5507 6192/1/5507
f 6192/1/10777 6194/1/10777 6195/1/10777
f 6192/1/10778 6195/1/10778 6191/1/10778
f 6191/1/5508 6195/1/5508 6196/1/5508
f 6191/1/10779 6196/1/10779 6190/1/10779
f 6190/1/10779 6196/1/10779 6197/1/10779
f 6190/1/10780 6197/1/10780 6189/1/10780
f 6189/1/10780 6197/1/10780 6198/1/10780
f 6189/1/10781 6198/1/10781 6188/1/10781
f 6188/1/5511 6198/1/5511 6199/1/5511
f 6188/1/5512 6199/1/5512 6187/1/5512
f 6187/1/10782 6199/1/10782 6200/1/10782
f 6187/1/5514 6200/1/5514 6186/1/5514
f 6186/1/5513 6200/1/5513 6201/1/5513
f 6186/1/10783 6201/1/10783 6185/1/10783
f 6185/1/10783 6201/1/10783 6202/1/10783
f 6185/1/10784 6202/1/10784 6184/1/10784
f 6184/1/5516 6202/1/5516 6203/1/5516
f 6184/1/5517 6203/1/5517 6183/1/5517
f 6183/1/5517 6203/1/5517 6204/1/5517
f 6183/1/5518 6204/1/5518 6182/1/5518
f 6182/1/10785 6204/1/10785 6205/1/10785
f 6182/1/10786 6205/1/10786 6193/1/10786
f 6193/1/5519 6205/1/5519 6194/1/5519
f 6206/1/1580 6207/1/1580 6208/1/1580
f 6208/1/1580 6207/1/1580 6209/1/1580
f 6208/1/1580 6209/1/1580 6210/1/1580
f 6211/1/1580 6212/1/1580 6208/1/1580
f 6208/1/1580 6212/1/1580 6213/1/1580
f 6208/1/1580 6213/1/1580 6206/1/1580
f 6214/1/1580 6215/1/1580 6208/1/1580
f 6208/1/1580 6215/1/1580 6216/1/1580
f 6208/1/1580 6216/1/1580 6211/1/1580
f 6210/1/1580 6217/1/1580 6208/1/1580
f 6208/1/1580 6217/1/1580 6218/1/1580
f 6208/1/1580 6218/1/1580 6214/1/1580
f 6219/1/10776 6209/1/10776 6220/1/10776
f 6220/1/10776 6209/1/10776 6207/1/10776
f 6220/1/10775 6207/1/10775 6221/1/10775
f 6221/1/10775 6207/1/10775 6206/1/10775
f 6221/1/4258 6206/1/4258 6222/1/4258
f 6222/1/4258 6206/1/4258 6213/1/4258
f 6222/1/3646 6213/1/3646 6223/1/3646
f 6223/1/3646 6213/1/3646 6212/1/3646
f 6223/1/3645 6212/1/3645 6224/1/3645
f 6224/1/3645 6212/1/3645 6211/1/3645
f 6224/1/3644 6211/1/3644 6225/1/3644
f 6225/1/3644 6211/1/3644 6216/1/3644
f 6225/1/3161 6216/1/3161 6226/1/3161
f 6226/1/3161 6216/1/3161 6215/1/3161
f 6226/1/3643 6215/1/3643 6227/1/3643
f 6227/1/3643 6215/1/3643 6214/1/3643
f 6227/1/3642 6214/1/3642 6228/1/3642
f 6228/1/3642 6214/1/3642 6218/1/3642
f 6228/1/8410 6218/1/8410 6229/1/8410
f 6229/1/8410 6218/1/8410 6217/1/8410
f 6229/1/5536 6217/1/5536 6230/1/5536
f 6230/1/5536 6217/1/5536 6210/1/5536
f 6230/1/8409 6210/1/8409 6219/1/8409
f 6219/1/8409 6210/1/8409 6209/1/8409
f 6230/1/10787 6204/1/10787 6229/1/10787
f 6229/1/10788 6204/1/10788 6203/1/10788
f 6229/1/10789 6203/1/10789 6228/1/10789
f 6228/1/10790 6203/1/10790 6202/1/10790
f 6228/1/10791 6202/1/10791 6227/1/10791
f 6227/1/10792 6202/1/10792 6201/1/10792
f 6227/1/10793 6201/1/10793 6226/1/10793
f 6226/1/10793 6201/1/10793 6200/1/10793
f 6226/1/9512 6200/1/9512 6225/1/9512
f 6225/1/9512 6200/1/9512 6199/1/9512
f 6225/1/10794 6199/1/10794 6224/1/10794
f 6224/1/10794 6199/1/10794 6198/1/10794
f 6224/1/10795 6198/1/10795 6223/1/10795
f 6223/1/10796 6198/1/10796 6197/1/10796
f 6223/1/10797 6197/1/10797 6222/1/10797
f 6222/1/10798 6197/1/10798 6196/1/10798
f 6222/1/10799 6196/1/10799 6221/1/10799
f 6221/1/10800 6196/1/10800 6195/1/10800
f 6221/1/10801 6195/1/10801 6220/1/10801
f 6220/1/10802 6195/1/10802 6194/1/10802
f 6220/1/10803 6194/1/10803 6219/1/10803
f 6219/1/10804 6194/1/10804 6205/1/10804
f 6219/1/10805 6205/1/10805 6230/1/10805
f 6230/1/10805 6205/1/10805 6204/1/10805
f 6231/1/10777 6232/1/10777 6233/1/10777
f 6233/1/5507 6232/1/5507 6234/1/5507
f 6233/1/5508 6234/1/5508 6235/1/5508
f 6235/1/10778 6234/1/10778 6236/1/10778
f 6235/1/10779 6236/1/10779 6237/1/10779
f 6237/1/10806 6236/1/10806 6238/1/10806
f 6237/1/10780 6238/1/10780 6239/1/10780
f 6239/1/5510 6238/1/5510 6240/1/5510
f 6239/1/10781 6240/1/10781 6241/1/10781
f 6241/1/10807 6240/1/10807 6242/1/10807
f 6241/1/10808 6242/1/10808 6243/1/10808
f 6243/1/5512 6242/1/5512 6244/1/5512
f 6243/1/5514 6244/1/5514 6245/1/5514
f 6245/1/5514 6244/1/5514 6246/1/5514
f 6245/1/10809 6246/1/10809 6247/1/10809
f 6247/1/5515 6246/1/5515 6248/1/5515
f 6247/1/5516 6248/1/5516 6249/1/5516
f 6249/1/5516 6248/1/5516 6250/1/5516
f 6249/1/5517 6250/1/5517 6251/1/5517
f 6251/1/5517 6250/1/5517 6252/1/5517
f 6251/1/10810 6252/1/10810 6253/1/10810
f 6253/1/10785 6252/1/10785 6254/1/10785
f 6253/1/5519 6254/1/5519 6231/1/5519
f 6231/1/10786 6254/1/10786 6232/1/10786
f 6253/1/8409 6255/1/8409 6251/1/8409
f 6251/1/8409 6255/1/8409 6256/1/8409
f 6251/1/5536 6256/1/5536 6249/1/5536
f 6249/1/5536 6256/1/5536 6257/1/5536
f 6249/1/8410 6257/1/8410 6247/1/8410
f 6247/1/8410 6257/1/8410 6258/1/8410
f 6247/1/3642 6258/1/3642 6245/1/3642
f 6245/1/3642 6258/1/3642 6259/1/3642
f 6245/1/3643 6259/1/3643 6243/1/3643
f 6243/1/3643 6259/1/3643 6260/1/3643
f 6243/1/3161 6260/1/3161 6241/1/3161
f 6241/1/3161 6260/1/3161 6261/1/3161
f 6241/1/3644 6261/1/3644 6239/1/3644
f 6239/1/3644 6261/1/3644 6262/1/3644
f 6239/1/3645 6262/1/3645 6237/1/3645
f 6237/1/3645 6262/1/3645 6263/1/3645
f 6237/1/3646 6263/1/3646 6235/1/3646
f 6235/1/3646 6263/1/3646 6264/1/3646
f 6235/1/4258 6264/1/4258 6233/1/4258
f 6233/1/4258 6264/1/4258 6265/1/4258
f 6233/1/10775 6265/1/10775 6231/1/10775
f 6231/1/10775 6265/1/10775 6266/1/10775
f 6231/1/10776 6266/1/10776 6253/1/10776
f 6253/1/10776 6266/1/10776 6255/1/10776
f 6263/1/1 6262/1/1 6267/1/1
f 6267/1/1 6262/1/1 6261/1/1
f 6267/1/1 6261/1/1 6260/1/1
f 6266/1/1 6265/1/1 6267/1/1
f 6267/1/1 6265/1/1 6264/1/1
f 6267/1/1 6264/1/1 6263/1/1
f 6257/1/1 6256/1/1 6267/1/1
f 6267/1/1 6256/1/1 6255/1/1
f 6267/1/1 6255/1/1 6266/1/1
f 6260/1/1 6259/1/1 6267/1/1
f 6267/1/1 6259/1/1 6258/1/1
f 6267/1/1 6258/1/1 6257/1/1
f 6268/1/1580 6269/1/1580 6270/1/1580
f 6270/1/1580 6269/1/1580 6271/1/1580
f 6270/1/1580 6271/1/1580 6272/1/1580
f 6273/1/1580 6274/1/1580 6270/1/1580
f 6270/1/1580 6274/1/1580 6275/1/1580
f 6270/1/1580 6275/1/1580 6268/1/1580
f 6276/1/1580 6277/1/1580 6270/1/1580
f 6270/1/1580 6277/1/1580 6278/1/1580
f 6270/1/1580 6278/1/1580 6273/1/1580
f 6272/1/1580 6279/1/1580 6270/1/1580
f 6270/1/1580 6279/1/1580 6280/1/1580
f 6270/1/1580 6280/1/1580 6276/1/1580
f 6281/1/10776 6271/1/10776 6282/1/10776
f 6282/1/10776 6271/1/10776 6269/1/10776
f 6282/1/10775 6269/1/10775 6283/1/10775
f 6283/1/10775 6269/1/10775 6268/1/10775
f 6283/1/4258 6268/1/4258 6284/1/4258
f 6284/1/4258 6268/1/4258 6275/1/4258
f 6284/1/3646 6275/1/3646 6285/1/3646
f 6285/1/3646 6275/1/3646 6274/1/3646
f 6285/1/3645 6274/1/3645 6286/1/3645
f 6286/1/3645 6274/1/3645 6273/1/3645
f 6286/1/3644 6273/1/3644 6287/1/3644
f 6287/1/3644 6273/1/3644 6278/1/3644
f 6287/1/3161 6278/1/3161 6288/1/3161
f 6288/1/3161 6278/1/3161 6277/1/3161
f 6288/1/3643 6277/1/3643 6289/1/3643
f 6289/1/3643 6277/1/3643 6276/1/3643
f 6289/1/3642 6276/1/3642 6290/1/3642
f 6290/1/3642 6276/1/3642 6280/1/3642
f 6290/1/8410 6280/1/8410 6291/1/8410
f 6291/1/8410 6280/1/8410 6279/1/8410
f 6291/1/5536 6279/1/5536 6292/1/5536
f 6292/1/5536 6279/1/5536 6272/1/5536
f 6292/1/8409 6272/1/8409 6281/1/8409
f 6281/1/8409 6272/1/8409 6271/1/8409
f 6292/1/10787 6252/1/10787 6291/1/10787
f 6291/1/10788 6252/1/10788 6250/1/10788
f 6291/1/10790 6250/1/10790 6290/1/10790
f 6290/1/10811 6250/1/10811 6248/1/10811
f 6290/1/10792 6248/1/10792 6289/1/10792
f 6289/1/10812 6248/1/10812 6246/1/10812
f 6289/1/10813 6246/1/10813 6288/1/10813
f 6288/1/10813 6246/1/10813 6244/1/10813
f 6288/1/9512 6244/1/9512 6287/1/9512
f 6287/1/10814 6244/1/10814 6242/1/10814
f 6287/1/10815 6242/1/10815 6286/1/10815
f 6286/1/10794 6242/1/10794 6240/1/10794
f 6286/1/10795 6240/1/10795 6285/1/10795
f 6285/1/10796 6240/1/10796 6238/1/10796
f 6285/1/10816 6238/1/10816 6284/1/10816
f 6284/1/10817 6238/1/10817 6236/1/10817
f 6284/1/10800 6236/1/10800 6283/1/10800
f 6283/1/10799 6236/1/10799 6234/1/10799
f 6283/1/10801 6234/1/10801 6282/1/10801
f 6282/1/10801 6234/1/10801 6232/1/10801
f 6282/1/10818 6232/1/10818 6281/1/10818
f 6281/1/10803 6232/1/10803 6254/1/10803
f 6281/1/10819 6254/1/10819 6292/1/10819
f 6292/1/10805 6254/1/10805 6252/1/10805
f 6293/1/10777 6294/1/10777 6295/1/10777
f 6295/1/10777 6294/1/10777 6296/1/10777
f 6295/1/5508 6296/1/5508 6297/1/5508
f 6297/1/10778 6296/1/10778 6298/1/10778
f 6297/1/10779 6298/1/10779 6299/1/10779
f 6299/1/10806 6298/1/10806 6300/1/10806
f 6299/1/10780 6300/1/10780 6301/1/10780
f 6301/1/5510 6300/1/5510 6302/1/5510
f 6301/1/5511 6302/1/5511 6303/1/5511
f 6303/1/5511 6302/1/5511 6304/1/5511
f 6303/1/5512 6304/1/5512 6305/1/5512
f 6305/1/10820 6304/1/10820 6306/1/10820
f 6305/1/5514 6306/1/5514 6307/1/5514
f 6307/1/5514 6306/1/5514 6308/1/5514
f 6307/1/10809 6308/1/10809 6309/1/10809
f 6309/1/5716 6308/1/5716 6310/1/5716
f 6309/1/5711 6310/1/5711 6311/1/5711
f 6311/1/10821 6310/1/10821 6312/1/10821
f 6311/1/5517 6312/1/5517 6313/1/5517
f 6313/1/5517 6312/1/5517 6314/1/5517
f 6313/1/10785 6314/1/10785 6315/1/10785
f 6315/1/10810 6314/1/10810 6316/1/10810
f 6315/1/5519 6316/1/5519 6293/1/5519
f 6293/1/10822 6316/1/10822 6294/1/10822
f 6315/1/8409 6317/1/8409 6313/1/8409
f 6313/1/8409 6317/1/8409 6318/1/8409
f 6313/1/5536 6318/1/5536 6311/1/5536
f 6311/1/5536 6318/1/5536 6319/1/5536
f 6311/1/8410 6319/1/8410 6309/1/8410
f 6309/1/8410 6319/1/8410 6320/1/8410
f 6309/1/3642 6320/1/3642 6307/1/3642
f 6307/1/3642 6320/1/3642 6321/1/3642
f 6307/1/3643 6321/1/3643 6305/1/3643
f 6305/1/3643 6321/1/3643 6322/1/3643
f 6305/1/3161 6322/1/3161 6303/1/3161
f 6303/1/3161 6322/1/3161 6323/1/3161
f 6303/1/3644 6323/1/3644 6301/1/3644
f 6301/1/3644 6323/1/3644 6324/1/3644
f 6301/1/3645 6324/1/3645 6299/1/3645
f 6299/1/3645 6324/1/3645 6325/1/3645
f 6299/1/3646 6325/1/3646 6297/1/3646
f 6297/1/3646 6325/1/3646 6326/1/3646
f 6297/1/4258 6326/1/4258 6295/1/4258
f 6295/1/4258 6326/1/4258 6327/1/4258
f 6295/1/10775 6327/1/10775 6293/1/10775
f 6293/1/10775 6327/1/10775 6328/1/10775
f 6293/1/10776 6328/1/10776 6315/1/10776
f 6315/1/10776 6328/1/10776 6317/1/10776
f 6325/1/1 6324/1/1 6329/1/1
f 6329/1/1 6324/1/1 6323/1/1
f 6329/1/1 6323/1/1 6322/1/1
f 6328/1/1 6327/1/1 6329/1/1
f 6329/1/1 6327/1/1 6326/1/1
f 6329/1/1 6326/1/1 6325/1/1
f 6319/1/1 6318/1/1 6329/1/1
f 6329/1/1 6318/1/1 6317/1/1
f 6329/1/1 6317/1/1 6328/1/1
f 6322/1/1 6321/1/1 6329/1/1
f 6329/1/1 6321/1/1 6320/1/1
f 6329/1/1 6320/1/1 6319/1/1
f 6330/1/1580 6331/1/1580 6332/1/1580
f 6332/1/1580 6331/1/1580 6333/1/1580
f 6332/1/1580 6333/1/1580 6334/1/1580
f 6335/1/1580 6336/1/1580 6332/1/1580
f 6332/1/1580 6336/1/1580 6337/1/1580
f 6332/1/1580 6337/1/1580 6330/1/1580
f 6338/1/1580 6339/1/1580 6332/1/1580
f 6332/1/1580 6339/1/1580 6340/1/1580
f 6332/1/1580 6340/1/1580 6335/1/1580
f 6334/1/1580 6341/1/1580 6332/1/1580
f 6332/1/1580 6341/1/1580 6342/1/1580
f 6332/1/1580 6342/1/1580 6338/1/1580
f 6343/1/10776 6333/1/10776 6344/1/10776
f 6344/1/10776 6333/1/10776 6331/1/10776
f 6344/1/10775 6331/1/10775 6345/1/10775
f 6345/1/10775 6331/1/10775 6330/1/10775
f 6345/1/4258 6330/1/4258 6346/1/4258
f 6346/1/4258 6330/1/4258 6337/1/4258
f 6346/1/3646 6337/1/3646 6347/1/3646
f 6347/1/3646 6337/1/3646 6336/1/3646
f 6347/1/3645 6336/1/3645 6348/1/3645
f 6348/1/3645 6336/1/3645 6335/1/3645
f 6348/1/3644 6335/1/3644 6349/1/3644
f 6349/1/3644 6335/1/3644 6340/1/3644
f 6349/1/3161 6340/1/3161 6350/1/3161
f 6350/1/3161 6340/1/3161 6339/1/3161
f 6350/1/3643 6339/1/3643 6351/1/3643
f 6351/1/3643 6339/1/3643 6338/1/3643
f 6351/1/3642 6338/1/3642 6352/1/3642
f 6352/1/3642 6338/1/3642 6342/1/3642
f 6352/1/8410 6342/1/8410 6353/1/8410
f 6353/1/8410 6342/1/8410 6341/1/8410
f 6353/1/5536 6341/1/5536 6354/1/5536
f 6354/1/5536 6341/1/5536 6334/1/5536
f 6354/1/8409 6334/1/8409 6343/1/8409
f 6343/1/8409 6334/1/8409 6333/1/8409
f 6354/1/10787 6314/1/10787 6353/1/10787
f 6353/1/10788 6314/1/10788 6312/1/10788
f 6353/1/10823 6312/1/10823 6352/1/10823
f 6352/1/10824 6312/1/10824 6310/1/10824
f 6352/1/10792 6310/1/10792 6351/1/10792
f 6351/1/10812 6310/1/10812 6308/1/10812
f 6351/1/10793 6308/1/10793 6350/1/10793
f 6350/1/10813 6308/1/10813 6306/1/10813
f 6350/1/9513 6306/1/9513 6349/1/9513
f 6349/1/9513 6306/1/9513 6304/1/9513
f 6349/1/10794 6304/1/10794 6348/1/10794
f 6348/1/10794 6304/1/10794 6302/1/10794
f 6348/1/10795 6302/1/10795 6347/1/10795
f 6347/1/10796 6302/1/10796 6300/1/10796
f 6347/1/10797 6300/1/10797 6346/1/10797
f 6346/1/10817 6300/1/10817 6298/1/10817
f 6346/1/10799 6298/1/10799 6345/1/10799
f 6345/1/10799 6298/1/10799 6296/1/10799
f 6345/1/10801 6296/1/10801 6344/1/10801
f 6344/1/10801 6296/1/10801 6294/1/10801
f 6344/1/10818 6294/1/10818 6343/1/10818
f 6343/1/10803 6294/1/10803 6316/1/10803
f 6343/1/10819 6316/1/10819 6354/1/10819
f 6354/1/10805 6316/1/10805 6314/1/10805
f 6355/1/5513 6356/1/5513 6357/1/5513
f 6357/1/5513 6356/1/5513 6358/1/5513
f 6357/1/5515 6358/1/5515 6359/1/5515
f 6359/1/10783 6358/1/10783 6360/1/10783
f 6359/1/5711 6360/1/5711 6361/1/5711
f 6361/1/5711 6360/1/5711 6362/1/5711
f 6361/1/5517 6362/1/5517 6363/1/5517
f 6363/1/10825 6362/1/10825 6364/1/10825
f 6363/1/5518 6364/1/5518 6365/1/5518
f 6365/1/5518 6364/1/5518 6366/1/5518
f 6365/1/10822 6366/1/10822 6367/1/10822
f 6367/1/10822 6366/1/10822 6368/1/10822
f 6367/1/5507 6368/1/5507 6369/1/5507
f 6369/1/5507 6368/1/5507 6370/1/5507
f 6369/1/10826 6370/1/10826 6371/1/10826
f 6371/1/10778 6370/1/10778 6372/1/10778
f 6371/1/5509 6372/1/5509 6373/1/5509
f 6373/1/10779 6372/1/10779 6374/1/10779
f 6373/1/5510 6374/1/5510 6375/1/5510
f 6375/1/5510 6374/1/5510 6376/1/5510
f 6375/1/5511 6376/1/5511 6377/1/5511
f 6377/1/10807 6376/1/10807 6378/1/10807
f 6377/1/10827 6378/1/10827 6355/1/10827
f 6355/1/10808 6378/1/10808 6356/1/10808
f 6377/1/3644 6379/1/3644 6375/1/3644
f 6375/1/3644 6379/1/3644 6380/1/3644
f 6375/1/3645 6380/1/3645 6373/1/3645
f 6373/1/3645 6380/1/3645 6381/1/3645
f 6373/1/3646 6381/1/3646 6371/1/3646
f 6371/1/3646 6381/1/3646 6382/1/3646
f 6371/1/4258 6382/1/4258 6369/1/4258
f 6369/1/4258 6382/1/4258 6383/1/4258
f 6369/1/10775 6383/1/10775 6367/1/10775
f 6367/1/10775 6383/1/10775 6384/1/10775
f 6367/1/10776 6384/1/10776 6365/1/10776
f 6365/1/10776 6384/1/10776 6385/1/10776
f 6365/1/8409 6385/1/8409 6363/1/8409
f 6363/1/8409 6385/1/8409 6386/1/8409
f 6363/1/5536 6386/1/5536 6361/1/5536
f 6361/1/5536 6386/1/5536 6387/1/5536
f 6361/1/8410 6387/1/8410 6359/1/8410
f 6359/1/8410 6387/1/8410 6388/1/8410
f 6359/1/3642 6388/1/3642 6357/1/3642
f 6357/1/3642 6388/1/3642 6389/1/3642
f 6357/1/3643 6389/1/3643 6355/1/3643
f 6355/1/3643 6389/1/3643 6390/1/3643
f 6355/1/3161 6390/1/3161 6377/1/3161
f 6377/1/3161 6390/1/3161 6379/1/3161
f 6389/1/1 6388/1/1 6387/1/1
f 6389/1/1 6383/1/1 6382/1/1
f 6384/1/1 6383/1/1 6385/1/1
f 6385/1/1 6383/1/1 6389/1/1
f 6385/1/1 6389/1/1 6386/1/1
f 6386/1/1 6389/1/1 6387/1/1
f 6379/1/1 6390/1/1 6380/1/1
f 6380/1/1 6390/1/1 6389/1/1
f 6380/1/1 6389/1/1 6381/1/1
f 6381/1/1 6389/1/1 6382/1/1
f 6391/1/10795 6376/1/10795 6392/1/10795
f 6392/1/10795 6376/1/10795 6374/1/10795
f 6392/1/10798 6374/1/10798 6393/1/10798
f 6393/1/10797 6374/1/10797 6372/1/10797
f 6393/1/10800 6372/1/10800 6394/1/10800
f 6394/1/10828 6372/1/10828 6370/1/10828
f 6394/1/10802 6370/1/10802 6395/1/10802
f 6395/1/10802 6370/1/10802 6368/1/10802
f 6395/1/10803 6368/1/10803 6396/1/10803
f 6396/1/10804 6368/1/10804 6366/1/10804
f 6396/1/10805 6366/1/10805 6397/1/10805
f 6397/1/10805 6366/1/10805 6364/1/10805
f 6397/1/10787 6364/1/10787 6398/1/10787
f 6398/1/10787 6364/1/10787 6362/1/10787
f 6398/1/10790 6362/1/10790 6399/1/10790
f 6399/1/10811 6362/1/10811 6360/1/10811
f 6399/1/10812 6360/1/10812 6400/1/10812
f 6400/1/10792 6360/1/10792 6358/1/10792
f 6400/1/10793 6358/1/10793 6401/1/10793
f 6401/1/10793 6358/1/10793 6356/1/10793
f 6401/1/9513 6356/1/9513 6402/1/9513
f 6402/1/9512 6356/1/9512 6378/1/9512
f 6402/1/10829 6378/1/10829 6391/1/10829
f 6391/1/10794 6378/1/10794 6376/1/10794
f 6403/1/3644 6402/1/3644 6404/1/3644
f 6404/1/3644 6402/1/3644 6391/1/3644
f 6404/1/3645 6391/1/3645 6405/1/3645
f 6405/1/3645 6391/1/3645 6392/1/3645
f 6405/1/3646 6392/1/3646 6406/1/3646
f 6406/1/3646 6392/1/3646 6393/1/3646
f 6406/1/4258 6393/1/4258 6407/1/4258
f 6407/1/4258 6393/1/4258 6394/1/4258
f 6407/1/10775 6394/1/10775 6408/1/10775
f 6408/1/10775 6394/1/10775 6395/1/10775
f 6408/1/10776 6395/1/10776 6409/1/10776
f 6409/1/10776 6395/1/10776 6396/1/10776
f 6409/1/8409 6396/1/8409 6410/1/8409
f 6410/1/8409 6396/1/8409 6397/1/8409
f 6410/1/5536 6397/1/5536 6411/1/5536
f 6411/1/5536 6397/1/5536 6398/1/5536
f 6411/1/8410 6398/1/8410 6412/1/8410
f 6412/1/8410 6398/1/8410 6399/1/8410
f 6412/1/3642 6399/1/3642 6413/1/3642
f 6413/1/3642 6399/1/3642 6400/1/3642
f 6413/1/3643 6400/1/3643 6414/1/3643
f 6414/1/3643 6400/1/3643 6401/1/3643
f 6414/1/3161 6401/1/3161 6403/1/3161
f 6403/1/3161 6401/1/3161 6402/1/3161
f 6405/1/1580 6406/1/1580 6407/1/1580
f 6411/1/1580 6412/1/1580 6410/1/1580
f 6410/1/1580 6412/1/1580 6413/1/1580
f 6410/1/1580 6413/1/1580 6409/1/1580
f 6414/1/1580 6403/1/1580 6413/1/1580
f 6413/1/1580 6403/1/1580 6404/1/1580
f 6413/1/1580 6404/1/1580 6405/1/1580
f 6405/1/1580 6407/1/1580 6413/1/1580
f 6413/1/1580 6407/1/1580 6408/1/1580
f 6413/1/1580 6408/1/1580 6409/1/1580
